ID Záznamu;Timestamp;Den;Čas příjezdu;Linka;Oběh;Vozidlo;Zpoždění (min);Zastávka;Směr;Zeměpisná šířka (Lat);Zeměpisná délka (Lon)
20260701_080323_L370;20260701_080323;01.07.2026;07:52:00;370;3;8110;11;U864Z9;Praha,Kobylisy;50.1321;14.45274
20260701_080323_L540;20260701_080323;01.07.2026;07:13:00;540;16;7594;50;U4623Z2;Dymokury;50.25432;15.21632
20260701_080323_L136;20260701_080323;01.07.2026;07:49:00;136;12;5558;14;U518Z3P;Jižní Město;50.07544;14.45905
20260701_080323_L345;20260701_080323;01.07.2026;07:47:00;345;16;1864;15;U31057Z1;Liberec,aut.nádr.;50.58085;15.07886
20260701_080323_L383;20260701_080323;01.07.2026;07:46:00;383;41;9107;10;U2064Z1;Chocerady;49.91474;14.7664
20260701_080323_L406;20260701_080323;01.07.2026;07:43:00;406;2;7944;20;U7609Z2;Praha,Roztyly;49.7379;14.81487
20260701_080323_L413;20260701_080323;01.07.2026;07:50:00;413;63;7092;12;U31433Z2;Litoměřice,aut.nádr.;50.51246;14.15094
20260701_080323_L136;20260701_080323;01.07.2026;07:51:00;136;16;5025;12;U743Z2P;Jižní Město;50.08658;14.45535
20260701_080323_L322;20260701_080323;01.07.2026;07:49:00;322;6;8995;13;U628Z10;Kladno,autobusové nádraží;50.11047;14.27944
20260701_080323_L585;20260701_080323;01.07.2026;07:32:00;585;18;7035;28;U4201Z1;Poděbrady,žel.st.;50.14943;15.12274
20260701_080323_L324;20260701_080323;01.07.2026;07:35:00;324;34;8894;28;U1141Z5;Kladno,u kostela;50.05479;14.29079
20260701_080323_L324;20260701_080323;01.07.2026;07:41:00;324;20;8999;15;U218Z2;Praha,Zličín;50.05529;14.27673
20260701_080323_L330;20260701_080323;01.07.2026;07:39:00;330;17;1259;22;U80Z3;Kladno,Havlíčkovo náměstí;50.10854;14.29213
20260701_080323_L300;20260701_080323;01.07.2026;07:51:00;300;5;8966;12;U4313Z3;Smečno;50.14458;14.09261
20260701_080323_L300;20260701_080323;01.07.2026;07:49:00;300;1;8992;14;U80Z4;Praha,Nádraží Veleslavín;50.09329;14.30508
20260701_080323_L349;20260701_080323;01.07.2026;07:37:00;349;22;8208;12;U2334Z1;Praha,Ládví;50.15525;14.48734
20260701_080323_L369;20260701_080323;01.07.2026;07:49:00;369;35;8272;14;U651Z6;Praha,Ládví;50.13235;14.47884
20260701_080323_L389;20260701_080323;01.07.2026;07:37:00;389;32;7757;24;U32406Z12;Chomutov,žel.st.;50.45686;13.40088
20260701_080323_L389;20260701_080323;01.07.2026;07:29:00;389;33;7760;32;U9225Z2;Hořešovice;50.25868;14.03181
20260701_080323_L399;20260701_080323;01.07.2026;07:41:00;399;11;1264;18;U85Z1;Praha,Nádraží Veleslavín;50.09569;14.34695
20260701_080323_L399;20260701_080323;01.07.2026;07:38:00;399;12;1262;12;U4315Z2;Praha,Nádraží Veleslavín;50.1139;14.28645
20260701_080323_L400;20260701_080323;01.07.2026;07:04:00;400;52;1086;20;U1793Z1;Praha,Střížkov;50.162;14.47591
20260701_080323_L330;20260701_080323;01.07.2026;07:24:00;330;6;1283;25;U80Z3;Kladno,autobusové nádraží;50.14513;14.15049
20260701_080323_L330;20260701_080323;01.07.2026;07:48:00;330;5;1289;14;U80Z4;Praha,Nádraží Veleslavín;50.093;14.3124
20260701_080323_L399;20260701_080323;01.07.2026;07:32:00;399;1;1295;28;U80Z3;Kladno,Energie;50.11407;14.28646
20260701_080323_L419;20260701_080323;01.07.2026;07:51:00;419;61;9571;11;U1852Z3;Dobřichovice,nádraží;49.92506;14.27737
20260701_080323_L770;20260701_080323;01.07.2026;07:46:00;770;50;7815;15;U7915Z1;Uhlířské Janovice,nám.;49.83664;14.91291
20260701_080323_L785;20260701_080323;01.07.2026;07:33:00;785;7;7633;28;U5896Z2;Kolín,nádraží;50.02386;15.21302
20260701_080323_L110;20260701_080323;01.07.2026;07:53:00;110;7;8094;10;U207Z3P;Dolní Počernice;50.09329;14.54687
20260701_080323_L761;20260701_080323;01.07.2026;07:48:00;761;42;1570;14;U1687Z2;Kamenice,Všedobrovice;49.91219;14.64068
20260701_080323_L228;20260701_080323;01.07.2026;07:52:00;228;13;9118;11;U1387Z1P;Poliklinika Malešice;50.08024;14.50664
20260701_080323_L324;20260701_080323;01.07.2026;07:44:00;324;21;8949;19;U4304Z1;Praha,Zličín;50.15012;14.17863
20260701_080323_L405;20260701_080323;01.07.2026;07:42:00;405;66;1419;14;U2987Z20;Špindlerův Mlýn,aut.st.;50.40856;14.95707
20260701_080323_L534;20260701_080323;01.07.2026;07:27:00;534;20;7616;34;U6018Z1;Kolín,nádraží;50.02416;15.21338
20260701_080323_L641;20260701_080323;01.07.2026;07:47:00;641;15;9540;14;U4337Z1;Beroun,autobusové nádraží;49.95772;14.0738
20260701_080323_L300;20260701_080323;01.07.2026;07:45:00;300;8;8958;18;U462Z12;Kladno,u kostela;50.09531;14.34619
20260701_080323_L300;20260701_080323;01.07.2026;07:46:00;300;11;8957;17;U4791Z1;Libušín,náměstí;50.15628;14.04912
20260701_080323_L389;20260701_080323;01.07.2026;07:44:00;389;13;7751;19;U85Z1;Praha,Nádraží Veleslavín;50.09256;14.32504
20260701_080323_L399;20260701_080323;01.07.2026;07:47:00;399;3;1296;14;U80Z3;Kladno,Energie;50.09572;14.29628
20260701_080323_L822;20260701_080323;01.07.2026;07:33:00;822;1;8614;26;U5896Z2;Kolín,nádraží;50.02404;15.21342
20260701_080323_L542;20260701_080323;01.07.2026;07:27:00;542;12;7652;33;U4201Z1;Poděbrady,žel.st.;50.1491;15.12326
20260701_080323_L410;20260701_080323;01.07.2026;07:27:00;410;9;11646;13;U1792Z1;Praha,Střížkov;50.19905;14.49569
20260701_080323_L802;20260701_080323;01.07.2026;07:40:00;802;7;1820;22;U2477Z1;Kutná Hora,Žižkov,Kremnická;49.94689;15.25153
20260701_080323_L307;20260701_080323;01.07.2026;07:36:00;307;13;8976;25;U4594Z3;Kladno,autobusové nádraží;50.1275;14.12656
20260701_080323_L334;20260701_080323;01.07.2026;07:52:00;334;42;7819;10;U317Z2;Praha,Smíchovské nádraží;50.00937;14.39483
20260701_080724_L405;20260701_080724;01.07.2026;07:42:00;405;66;1419;15;U2987Z20;Špindlerův Mlýn,aut.st.;50.41713;15.00525
20260701_080724_L330;20260701_080724;01.07.2026;07:39:00;330;17;1259;24;U80Z3;Kladno,Havlíčkovo náměstí;50.11138;14.28964
20260701_080724_L110;20260701_080724;01.07.2026;07:56:00;110;7;8094;11;U193Z1P;Dolní Počernice;50.0875;14.55822
20260701_080724_L540;20260701_080724;01.07.2026;07:13:00;540;16;7594;54;U4623Z2;Dymokury;50.25432;15.21632
20260701_080724_L339;20260701_080724;01.07.2026;07:53:00;339;25;9361;10;U1564Z1;Týnec n.Sáz.,žel.st.;49.89813;14.60375
20260701_080724_L585;20260701_080724;01.07.2026;07:32:00;585;18;7035;32;U4201Z1;Poděbrady,žel.st.;50.14943;15.12274
20260701_080724_L324;20260701_080724;01.07.2026;07:41:00;324;20;8999;17;U218Z2;Praha,Zličín;50.055;14.28907
20260701_080724_L408;20260701_080724;01.07.2026;07:57:00;408;59;7893;10;U6531Z1;Praha,Roztyly;49.68656;14.64614
20260701_080724_L785;20260701_080724;01.07.2026;07:33:00;785;7;7633;32;U5896Z2;Kolín,nádraží;50.02386;15.21302
20260701_080724_L542;20260701_080724;01.07.2026;07:27:00;542;12;7652;37;U4201Z1;Poděbrady,žel.st.;50.1491;15.12326
20260701_080724_L365;20260701_080724;01.07.2026;07:55:00;365;16;8899;10;U1065Z2;Praha,Motol;50.07682;14.29965
20260701_080724_L370;20260701_080724;01.07.2026;07:56:00;370;5;8196;11;U864Z9;Praha,Kobylisy;50.13332;14.45297
20260701_080724_L300;20260701_080724;01.07.2026;07:57:00;300;5;8966;10;U3095Z1;Smečno;50.14083;14.07067
20260701_080724_L300;20260701_080724;01.07.2026;07:45:00;300;8;8958;19;U462Z12;Kladno,u kostela;50.09299;14.32927
20260701_080724_L389;20260701_080724;01.07.2026;07:37:00;389;32;7757;28;U32406Z12;Chomutov,žel.st.;50.45691;13.40093
20260701_080724_L399;20260701_080724;01.07.2026;07:38:00;399;12;1262;13;U4315Z2;Praha,Nádraží Veleslavín;50.09349;14.30289
20260701_080724_L400;20260701_080724;01.07.2026;07:04:00;400;52;1086;21;U1793Z1;Praha,Střížkov;50.14813;14.49339
20260701_080724_L413;20260701_080724;01.07.2026;07:52:00;413;63;7092;11;U31417Z4;Litoměřice,aut.nádr.;50.52419;14.13725
20260701_080724_L419;20260701_080724;01.07.2026;07:56:00;419;61;9571;11;U1853Z2;Karlík;49.92721;14.28835
20260701_080724_L429;20260701_080724;01.07.2026;07:57:00;429;18;8802;10;U1363Z1;Unhošť,nám.;50.1226;14.27152
20260701_080724_L399;20260701_080724;01.07.2026;07:47:00;399;3;1296;18;U80Z3;Kladno,Energie;50.10314;14.29472
20260701_080724_L383;20260701_080724;01.07.2026;07:56:00;383;41;9107;10;U2046Z1;Chocerady;49.90431;14.78484
20260701_080724_L136;20260701_080724;01.07.2026;07:56:00;136;20;6992;11;U69Z2P;Jižní Město;50.089;14.46163
20260701_080724_L641;20260701_080724;01.07.2026;07:47:00;641;15;9540;18;U4337Z1;Beroun,autobusové nádraží;49.95772;14.0738
20260701_080724_L822;20260701_080724;01.07.2026;07:33:00;822;1;8614;30;U5896Z2;Kolín,nádraží;50.02402;15.21342
20260701_080724_L534;20260701_080724;01.07.2026;07:27:00;534;20;7616;37;U6018Z1;Kolín,nádraží;50.02416;15.21338
20260701_080724_L322;20260701_080724;01.07.2026;07:54:00;322;6;8995;13;U4259Z1;Kladno,autobusové nádraží;50.12498;14.27947
20260701_080724_L136;20260701_080724;01.07.2026;07:54:00;136;12;5558;12;U29Z1P;Jižní Město;50.07267;14.47067
20260701_080724_L548;20260701_080724;01.07.2026;07:53:00;548;12;9511;10;U9858Z1;Praskolesy;49.86704;13.92986
20260701_080724_L399;20260701_080724;01.07.2026;07:55:00;399;11;1264;12;U462Z12;Kladno,Energie;50.09544;14.34688
20260701_080724_L136;20260701_080724;01.07.2026;07:55:00;136;16;5025;12;U118Z4P;Jižní Město;50.07877;14.46054
20260701_080724_L399;20260701_080724;01.07.2026;07:32:00;399;1;1295;30;U80Z3;Kladno,Energie;50.12632;14.26644
20260701_080724_L802;20260701_080724;01.07.2026;07:40:00;802;7;1820;27;U2477Z1;Kutná Hora,Žižkov,Kremnická;49.94689;15.25153
20260701_081124_L330;20260701_081124;01.07.2026;07:39:00;330;17;1259;26;U80Z3;Kladno,Havlíčkovo náměstí;50.13799;14.24275
20260701_081124_L785;20260701_081124;01.07.2026;07:33:00;785;7;7633;36;U5896Z2;Kolín,nádraží;50.02386;15.21302
20260701_081124_L110;20260701_081124;01.07.2026;08:00:00;110;7;8094;11;U801Z1P;Dolní Počernice;50.08706;14.57217
20260701_081124_L136;20260701_081124;01.07.2026;07:58:00;136;12;5558;13;U37Z1P;Jižní Město;50.06043;14.46957
20260701_081124_L306;20260701_081124;01.07.2026;08:00:00;306;3;8812;11;U913Z2;Praha,Zličín;50.06254;14.28715
20260701_081124_L399;20260701_081124;01.07.2026;07:56:00;399;12;1262;15;U85Z1;Praha,Nádraží Veleslavín;50.09259;14.32413
20260701_081124_L419;20260701_081124;01.07.2026;07:59:00;419;61;9571;12;U1852Z2;Karlík;49.92826;14.27403
20260701_081124_L322;20260701_081124;01.07.2026;07:58:00;322;6;8995;13;U2135Z1;Kladno,autobusové nádraží;50.12121;14.25812
20260701_081124_L730;20260701_081124;01.07.2026;07:57:00;730;3;10270;10;U3392Z2;Praha,Černý Most;50.41876;14.91671
20260701_081124_L332;20260701_081124;01.07.2026;07:59:00;332;19;9956;11;U1522Z2;Praha,Budějovická;49.9911;14.49066
20260701_081124_L641;20260701_081124;01.07.2026;07:47:00;641;15;9540;22;U4337Z1;Beroun,autobusové nádraží;49.95772;14.0738
20260701_081124_L136;20260701_081124;01.07.2026;07:57:00;136;16;5025;14;U518Z3P;Jižní Město;50.07591;14.45911
20260701_081124_L136;20260701_081124;01.07.2026;08:00:00;136;20;6992;11;U516Z3P;Jižní Město;50.08212;14.45941
20260701_081124_L534;20260701_081124;01.07.2026;07:27:00;534;20;7616;42;U6018Z1;Kolín,nádraží;50.02416;15.21338
20260701_081124_L405;20260701_081124;01.07.2026;07:42:00;405;66;1419;16;U2987Z20;Špindlerův Mlýn,aut.st.;50.43604;15.05033
20260701_081124_L316;20260701_081124;01.07.2026;07:58:00;316;6;8968;10;U199Z3;Praha,Bořislavka;50.09948;14.364
20260701_081124_L300;20260701_081124;01.07.2026;08:00:00;300;1;8992;11;U462Z12;Kladno,u kostela;50.09575;14.34712
20260701_081124_L339;20260701_081124;01.07.2026;07:58:00;339;25;9361;13;U1541Z1;Týnec n.Sáz.,žel.st.;49.89462;14.61349
20260701_081124_L365;20260701_081124;01.07.2026;08:00:00;365;16;8899;11;U558Z2;Praha,Motol;50.07584;14.31346
20260701_081124_L372;20260701_081124;01.07.2026;08:01:00;372;2;8067;10;U555Z2;Praha,Kobylisy;50.13916;14.45166
20260701_081124_L399;20260701_081124;01.07.2026;08:00:00;399;11;1264;10;U85Z9;Kladno,Energie;50.09287;14.31899
20260701_081124_L345;20260701_081124;01.07.2026;07:59:00;345;39;10643;11;U31062Z1;Praha,Černý Most;50.66767;15.09612
20260701_081124_L399;20260701_081124;01.07.2026;07:47:00;399;3;1296;21;U80Z3;Kladno,Energie;50.11444;14.28589
20260701_081124_L383;20260701_081124;01.07.2026;07:58:00;383;41;9107;10;U2089Z1;Chocerady;49.87687;14.7982
20260701_081124_L585;20260701_081124;01.07.2026;07:32:00;585;18;7035;36;U4201Z1;Poděbrady,žel.st.;50.14943;15.12274
20260701_081124_L822;20260701_081124;01.07.2026;07:33:00;822;1;8614;34;U5896Z2;Kolín,nádraží;50.02401;15.21341
20260701_081124_L450;20260701_081124;01.07.2026;07:59:00;450;11;7222;10;U4764Z1;Dobříš,nám.;49.66191;14.42511
20260701_081124_L429;20260701_081124;01.07.2026;08:01:00;429;18;8802;10;U2134Z1;Unhošť,nám.;50.12274;14.25332
20260701_081124_L540;20260701_081124;01.07.2026;07:13:00;540;16;7594;58;U4623Z2;Dymokury;50.25432;15.21632
20260701_081124_L548;20260701_081124;01.07.2026;07:53:00;548;12;9511;14;U9858Z1;Praskolesy;49.86704;13.92986
20260701_081124_L542;20260701_081124;01.07.2026;07:27:00;542;12;7652;41;U4201Z1;Poděbrady,žel.st.;50.1491;15.12326
20260701_081124_L499;20260701_081124;01.07.2026;08:00:00;499;21;8590;10;U3063Z1;Mladá Boleslav,aut.st.;50.41112;14.92549
20260701_081124_L433;20260701_081124;01.07.2026;08:00:00;433;27;8569;11;U2973Z8;Pečky,žel.st.;50.19197;15.04329
20260701_081124_L676;20260701_081124;01.07.2026;08:00:00;676;28;8572;11;U2973Z5;Seletice;50.19315;15.04464
20260701_081124_L334;20260701_081124;01.07.2026;07:58:00;334;42;7819;12;U337Z4;Praha,Smíchovské nádraží;50.05542;14.40914
20260701_081524_L136;20260701_081524;01.07.2026;08:02:00;136;16;5025;13;U29Z1P;Jižní Město;50.07256;14.47046
20260701_081524_L730;20260701_081524;01.07.2026;08:02:00;730;3;10270;10;U2987Z11;Praha,Černý Most;50.42001;14.91648
20260701_081524_L534;20260701_081524;01.07.2026;07:27:00;534;20;7616;45;U6018Z1;Kolín,nádraží;50.02416;15.21338
20260701_081524_L785;20260701_081524;01.07.2026;07:33:00;785;7;7633;40;U5896Z2;Kolín,nádraží;50.02386;15.21302
20260701_081524_L328;20260701_081524;01.07.2026;08:05:00;328;18;1623;10;U1382Z2;Praha,Opatov;50.00328;14.57871
20260701_081524_L136;20260701_081524;01.07.2026;08:03:00;136;12;5558;12;U697Z3P;Jižní Město;50.0481;14.48124
20260701_081524_L322;20260701_081524;01.07.2026;08:03:00;322;6;8995;12;U4394Z1;Kladno,autobusové nádraží;50.13147;14.22978
20260701_081524_L450;20260701_081524;01.07.2026;08:04:00;450;11;7222;11;U4762Z2;Dobříš,nám.;49.68183;14.40483
20260701_081524_L493;20260701_081524;01.07.2026;08:05:00;493;15;8592;10;U3146Z2;Poděbrady,žel.st.;50.19311;15.03836
20260701_081524_L540;20260701_081524;01.07.2026;07:13:00;540;16;7594;62;U4623Z2;Dymokury;50.25432;15.21632
20260701_081524_L676;20260701_081524;01.07.2026;08:02:00;676;28;8572;12;U3078Z1;Seletice;50.19233;15.03688
20260701_081524_L332;20260701_081524;01.07.2026;08:04:00;332;19;9956;11;U423Z2;Praha,Budějovická;50.00695;14.47992
20260701_081524_L330;20260701_081524;01.07.2026;08:03:00;330;8;1284;10;U80Z4;Praha,Nádraží Veleslavín;50.09263;14.32195
20260701_081524_L372;20260701_081524;01.07.2026;08:02:00;372;2;8067;12;U864Z9;Praha,Kobylisy;50.12937;14.45192
20260701_081524_L339;20260701_081524;01.07.2026;08:02:00;339;25;9361;12;U1543Z1;Týnec n.Sáz.,žel.st.;49.88002;14.62349
20260701_081524_L365;20260701_081524;01.07.2026;08:02:00;365;16;8899;13;U364Z4;Praha,Motol;50.07629;14.33388
20260701_081524_L315;20260701_081524;01.07.2026;08:05:00;315;7;8676;10;U3256Z2;Mnichovo Hradiště,dopravní terminál;50.41133;14.91413
20260701_081524_L641;20260701_081524;01.07.2026;07:47:00;641;15;9540;26;U4337Z1;Beroun,autobusové nádraží;49.95772;14.0738
20260701_081524_L136;20260701_081524;01.07.2026;08:04:00;136;20;6992;11;U518Z3P;Jižní Město;50.07592;14.45915
20260701_081524_L419;20260701_081524;01.07.2026;08:02:00;419;61;9571;13;U1852Z52;Karlík;49.92768;14.27439
20260701_081524_L316;20260701_081524;01.07.2026;08:04:00;316;5;8964;11;U1136Z2;Praha,Bořislavka;50.1302;14.34184
20260701_081524_L433;20260701_081524;01.07.2026;08:03:00;433;27;8569;11;U3079Z2;Pečky,žel.st.;50.18987;15.03147
20260701_081524_L822;20260701_081524;01.07.2026;07:33:00;822;1;8614;38;U5896Z2;Kolín,nádraží;50.02401;15.21342
20260701_081524_L585;20260701_081524;01.07.2026;07:32:00;585;18;7035;40;U4201Z1;Poděbrady,žel.st.;50.14943;15.12274
20260701_081524_L548;20260701_081524;01.07.2026;07:53:00;548;12;9511;18;U9858Z1;Praskolesy;49.86704;13.92986
20260701_081524_L300;20260701_081524;01.07.2026;08:00:00;300;1;8992;12;U462Z12;Kladno,u kostela;50.09294;14.32911
20260701_081524_L542;20260701_081524;01.07.2026;07:27:00;542;12;7652;45;U4201Z1;Poděbrady,žel.st.;50.1491;15.12326
20260701_081524_L136;20260701_081524;01.07.2026;08:00:00;136;13;6966;12;U1074Z4P;Jižní Město;50.09119;14.46833
20260701_081524_L499;20260701_081524;01.07.2026;08:03:00;499;21;8590;11;U3389Z1;Mladá Boleslav,aut.st.;50.41469;14.90993
20260701_081925_L333;20260701_081925;01.07.2026;08:06:00;333;14;7455;10;U1522Z2;Praha,Kačerov;49.99866;14.4851
20260701_081925_L433;20260701_081925;01.07.2026;08:06:00;433;27;8569;13;U3083Z2;Pečky,žel.st.;50.18329;15.02811
20260701_081925_L300;20260701_081925;01.07.2026;08:06:00;300;1;8992;13;U80Z3;Kladno,u kostela;50.0951;14.2943
20260701_081925_L548;20260701_081925;01.07.2026;07:53:00;548;12;9511;24;U9858Z1;Praskolesy;49.86704;13.92986
20260701_081925_L345;20260701_081925;01.07.2026;08:05:00;345;39;10643;11;U31058Z2;Praha,Černý Most;50.58894;15.101
20260701_081925_L365;20260701_081925;01.07.2026;08:02:00;365;16;8899;16;U364Z4;Praha,Motol;50.07779;14.33983
20260701_081925_L585;20260701_081925;01.07.2026;07:32:00;585;18;7035;44;U4201Z1;Poděbrady,žel.st.;50.14912;15.12323
20260701_081925_L408;20260701_081925;01.07.2026;08:09:00;408;59;7893;10;U4525Z2;Praha,Roztyly;49.74299;14.67439
20260701_081925_L493;20260701_081925;01.07.2026;08:08:00;493;15;8592;11;U2970Z51;Poděbrady,žel.st.;50.18815;15.03668
20260701_081925_L315;20260701_081925;01.07.2026;08:06:00;315;7;8676;11;U3389Z1;Mnichovo Hradiště,dopravní terminál;50.41802;14.91266
20260701_081925_L676;20260701_081925;01.07.2026;08:05:00;676;28;8572;14;U3087Z1;Seletice;50.19997;15.03989
20260701_081925_L136;20260701_081925;01.07.2026;08:06:00;136;16;5025;13;U37Z1P;Jižní Město;50.06041;14.46958
20260701_081925_L342;20260701_081925;01.07.2026;08:06:00;342;3;7686;12;U1363Z2;Praha,Nádraží Veleslavín;50.12405;14.26993
20260701_081925_L136;20260701_081925;01.07.2026;08:07:00;136;12;5558;12;U181Z1P;Jižní Město;50.04011;14.49013
20260701_081925_L136;20260701_081925;01.07.2026;08:07:00;136;21;6814;10;U1074Z4P;Jižní Město;50.09203;14.46934
20260701_081925_L330;20260701_081925;01.07.2026;08:05:00;330;8;1284;10;U85Z1;Praha,Nádraží Veleslavín;50.09572;14.34716
20260701_081925_L332;20260701_081925;01.07.2026;08:05:00;332;19;9956;11;U799Z3;Praha,Budějovická;50.02101;14.46322
20260701_081925_L540;20260701_081925;01.07.2026;07:13:00;540;16;7594;65;U4623Z2;Dymokury;50.25247;15.21219
20260701_081925_L307;20260701_081925;01.07.2026;08:08:00;307;10;8991;11;U1678Z1;Unhošť,nám.;50.05191;14.17502
20260701_081925_L330;20260701_081925;01.07.2026;08:06:00;330;6;1283;13;U4314Z1;Praha,Nádraží Veleslavín;50.14624;14.10564
20260701_081925_L339;20260701_081925;01.07.2026;08:06:00;339;25;9361;13;U1588Z1;Týnec n.Sáz.,žel.st.;49.86955;14.59168
20260701_081925_L730;20260701_081925;01.07.2026;08:02:00;730;3;10270;13;U2987Z11;Praha,Černý Most;50.4138;14.93319
20260701_081925_L136;20260701_081925;01.07.2026;08:06:00;136;13;6966;13;U743Z2P;Jižní Město;50.08656;14.45541
20260701_081925_L641;20260701_081925;01.07.2026;07:47:00;641;15;9540;30;U4337Z1;Beroun,autobusové nádraží;49.95772;14.0738
20260701_081925_L322;20260701_081925;01.07.2026;08:05:00;322;6;8995;13;U4204Z1;Kladno,autobusové nádraží;50.13628;14.21739
20260701_082325_L548;20260701_082325;01.07.2026;07:53:00;548;12;9511;27;U9858Z1;Praskolesy;49.86664;13.93144
20260701_082325_L493;20260701_082325;01.07.2026;08:10:00;493;15;8592;12;U2969Z1;Poděbrady,žel.st.;50.183;15.0426
20260701_082325_L332;20260701_082325;01.07.2026;08:10:00;332;19;9956;13;U488Z7;Praha,Budějovická;50.03049;14.45518
20260701_082325_L333;20260701_082325;01.07.2026;08:11:00;333;14;7455;10;U799Z3;Praha,Kačerov;50.01562;14.47021
20260701_082325_L575;20260701_082325;01.07.2026;08:09:00;575;62;8360;10;U6905Z2;Rakovník,aut.st.;49.96865;13.7019
20260701_082325_L408;20260701_082325;01.07.2026;08:11:00;408;59;7893;10;U4554Z2;Praha,Roztyly;49.76654;14.67977
20260701_082325_L585;20260701_082325;01.07.2026;07:32:00;585;18;7035;48;U4201Z1;Poděbrady,žel.st.;50.14912;15.12323
20260701_082325_L330;20260701_082325;01.07.2026;08:09:00;330;6;1283;14;U1264Z2;Praha,Nádraží Veleslavín;50.14249;14.11769
20260701_082325_L433;20260701_082325;01.07.2026;08:10:00;433;27;8569;12;U3145Z1;Pečky,žel.st.;50.186;15.03521
20260701_082325_L676;20260701_082325;01.07.2026;08:11:00;676;28;8572;11;U9553Z2;Seletice;50.21278;15.05633
20260701_082325_L316;20260701_082325;01.07.2026;08:10:00;316;5;8964;10;U199Z3;Praha,Bořislavka;50.10219;14.36144
20260701_082325_L399;20260701_082325;01.07.2026;08:09:00;399;13;1261;12;U80Z4;Praha,Nádraží Veleslavín;50.09282;14.32014
20260701_082325_L402;20260701_082325;01.07.2026;08:08:00;402;3;7673;12;U7317Z1;Praha,Roztyly;49.73996;15.0386
20260701_082325_L136;20260701_082325;01.07.2026;08:11:00;136;16;5025;12;U697Z3P;Jižní Město;50.04817;14.48139
20260701_082325_L369;20260701_082325;01.07.2026;08:13:00;369;34;8233;10;U3242Z2;Praha,Ládví;50.16107;14.48346
20260701_082325_L136;20260701_082325;01.07.2026;08:12:00;136;21;6814;11;U2787Z2P;Jižní Město;50.08789;14.45661
20260701_082325_L136;20260701_082325;01.07.2026;08:11:00;136;12;5558;12;U106Z2P;Jižní Město;50.02795;14.50781
20260701_082325_L345;20260701_082325;01.07.2026;08:11:00;345;39;10643;11;U31057Z2;Praha,Černý Most;50.57152;15.06367
20260701_082325_L307;20260701_082325;01.07.2026;08:12:00;307;10;8991;10;U1681Z1;Unhošť,nám.;50.06697;14.16593
20260701_082325_L342;20260701_082325;01.07.2026;08:06:00;342;3;7686;16;U1363Z2;Praha,Nádraží Veleslavín;50.11967;14.27733
20260701_082325_L400;20260701_082325;01.07.2026;08:11:00;400;25;11695;10;U32490Z1;Praha,Střížkov;50.67933;14.53676
20260701_082325_L339;20260701_082325;01.07.2026;08:10:00;339;25;9361;12;U1590Z1;Týnec n.Sáz.,žel.st.;49.851;14.58877
20260701_082325_L136;20260701_082325;01.07.2026;08:10:00;136;13;6966;13;U118Z4P;Jižní Město;50.07876;14.46054
20260701_082325_L641;20260701_082325;01.07.2026;07:47:00;641;15;9540;34;U4337Z1;Beroun,autobusové nádraží;49.95772;14.0738
20260701_082325_L322;20260701_082325;01.07.2026;08:09:00;322;6;8995;14;U4301Z1;Kladno,autobusové nádraží;50.14718;14.21251
20260701_082725_L136;20260701_082725;01.07.2026;08:15:00;136;16;5025;13;U181Z1P;Jižní Město;50.04011;14.49012
20260701_082725_L575;20260701_082725;01.07.2026;08:15:00;575;62;8360;10;U6904Z2;Rakovník,aut.st.;49.98364;13.69317
20260701_082725_L136;20260701_082725;01.07.2026;08:15:00;136;1;6780;10;U1074Z4P;Jižní Město;50.09236;14.47022
20260701_082725_L136;20260701_082725;01.07.2026;08:15:00;136;12;5558;11;U353Z1P;Jižní Město;50.02938;14.5255
20260701_082725_L333;20260701_082725;01.07.2026;08:16:00;333;14;7455;11;U488Z7;Praha,Kačerov;50.02994;14.45515
20260701_082725_L330;20260701_082725;01.07.2026;08:12:00;330;6;1283;15;U4312Z1;Praha,Nádraží Veleslavín;50.13299;14.12515
20260701_082725_L315;20260701_082725;01.07.2026;08:14:00;315;10;8669;12;U3389Z2;Praha,Černý Most;50.41135;14.91386
20260701_082725_L433;20260701_082725;01.07.2026;08:14:00;433;27;8569;11;U2969Z1;Pečky,žel.st.;50.18288;15.04271
20260701_082725_L369;20260701_082725;01.07.2026;08:15:00;369;34;8233;11;U287Z6;Praha,Ládví;50.14513;14.48527
20260701_082725_L389;20260701_082725;01.07.2026;08:14:00;389;17;7756;13;U85Z1;Praha,Nádraží Veleslavín;50.09264;14.32359
20260701_082725_L408;20260701_082725;01.07.2026;08:16:00;408;59;7893;11;U4442Z2;Praha,Roztyly;49.78137;14.68072
20260701_082725_L585;20260701_082725;01.07.2026;07:32:00;585;18;7035;52;U4201Z1;Poděbrady,žel.st.;50.14912;15.12323
20260701_082725_L136;20260701_082725;01.07.2026;08:12:00;136;13;6966;15;U518Z3P;Jižní Město;50.07591;14.45912
20260701_082725_L345;20260701_082725;01.07.2026;08:14:00;345;39;10643;11;U9441Z2;Praha,Černý Most;50.54667;15.04264
20260701_082725_L136;20260701_082725;01.07.2026;08:15:00;136;21;6814;12;U516Z3P;Jižní Město;50.08207;14.45933
20260701_082725_L318;20260701_082725;01.07.2026;08:17:00;318;11;7960;10;U102Z2;Praha,Smíchovské nádraží;50.01275;14.39438
20260701_082725_L493;20260701_082725;01.07.2026;08:15:00;493;15;8592;12;U3028Z2;Poděbrady,žel.st.;50.16907;15.07189
20260701_082725_L332;20260701_082725;01.07.2026;08:10:00;332;19;9956;15;U488Z7;Praha,Budějovická;50.03908;14.45779
20260701_082725_L339;20260701_082725;01.07.2026;08:10:00;339;25;9361;15;U1590Z1;Týnec n.Sáz.,žel.st.;49.83462;14.59168
20260701_082725_L641;20260701_082725;01.07.2026;07:47:00;641;15;9540;38;U4337Z1;Beroun,autobusové nádraží;49.95772;14.0738
20260701_082725_L322;20260701_082725;01.07.2026;08:12:00;322;6;8995;13;U4738Z2;Kladno,autobusové nádraží;50.14575;14.19827
20260701_083126_L369;20260701_083126;01.07.2026;08:19:00;369;34;8233;11;U651Z6;Praha,Ládví;50.12912;14.48059
20260701_083126_L136;20260701_083126;01.07.2026;08:19:00;136;21;6814;13;U518Z3P;Jižní Město;50.07659;14.45879
20260701_083126_L330;20260701_083126;01.07.2026;08:16:00;330;6;1283;15;U4316Z5;Praha,Nádraží Veleslavín;50.13094;14.13821
20260701_083126_L300;20260701_083126;01.07.2026;08:16:00;300;1;8992;15;U4302Z52;Kladno,u kostela;50.1457;14.19773
20260701_083126_L575;20260701_083126;01.07.2026;08:15:00;575;62;8360;14;U6904Z2;Rakovník,aut.st.;49.98444;13.69243
20260701_083126_L408;20260701_083126;01.07.2026;08:18:00;408;59;7893;11;U1384Z1;Praha,Roztyly;49.77959;14.68351
20260701_083126_L747;20260701_083126;01.07.2026;08:18:00;747;44;8087;13;U2815Z1;Byšice;50.28365;14.58627
20260701_083126_L300;20260701_083126;01.07.2026;08:16:00;300;12;8797;10;U4301Z2;Praha,Nádraží Veleslavín;50.12088;14.27543
20260701_083126_L136;20260701_083126;01.07.2026;08:15:00;136;1;6780;13;U1074Z4P;Jižní Město;50.09094;14.46818
20260701_083126_L136;20260701_083126;01.07.2026;08:18:00;136;16;5025;13;U344Z1P;Jižní Město;50.03149;14.50547
20260701_083126_L136;20260701_083126;01.07.2026;08:17:00;136;13;6966;13;U29Z1P;Jižní Město;50.06986;14.46879
20260701_083126_L724;20260701_083126;01.07.2026;08:20:00;724;65;9800;11;U3256Z2;Mladá Boleslav,aut.st.;50.41134;14.91456
20260701_083126_L389;20260701_083126;01.07.2026;08:14:00;389;17;7756;14;U85Z1;Praha,Nádraží Veleslavín;50.09544;14.34557
20260701_083126_L585;20260701_083126;01.07.2026;07:32:00;585;18;7035;56;U4201Z1;Poděbrady,žel.st.;50.14912;15.12323
20260701_083126_L764;20260701_083126;01.07.2026;08:20:00;764;38;9605;10;U3389Z1;Mladá Boleslav,aut.st.;50.4152;14.91042
20260701_083126_L493;20260701_083126;01.07.2026;08:17:00;493;15;8592;11;U3029Z2;Poděbrady,žel.st.;50.13993;15.09401
20260701_083126_L598;20260701_083126;01.07.2026;08:20:00;598;3;7647;10;U2580Z1;Městec Králové,nám.;50.14313;15.14684
20260701_083126_L508;20260701_083126;01.07.2026;08:21:00;508;15;9532;10;U9732Z1;Příbram,Svatá Hora;49.68612;14.00016
20260701_083126_L300;20260701_083126;01.07.2026;08:19:00;300;7;8965;11;U80Z4;Praha,Nádraží Veleslavín;50.09274;14.3184
20260701_083126_L345;20260701_083126;01.07.2026;08:20:00;345;39;10643;10;U6398Z2;Praha,Černý Most;50.52796;14.99397
20260701_083126_L641;20260701_083126;01.07.2026;07:47:00;641;15;9540;42;U4337Z1;Beroun,autobusové nádraží;49.95772;14.0738
20260701_083526_L136;20260701_083526;01.07.2026;08:24:00;136;21;6814;12;U29Z1P;Jižní Město;50.07325;14.4702
20260701_083526_L508;20260701_083526;01.07.2026;08:25:00;508;15;9532;10;U9739Z1;Příbram,Svatá Hora;49.68269;13.98887
20260701_083526_L322;20260701_083526;01.07.2026;08:20:00;322;6;8995;15;U4304Z1;Kladno,autobusové nádraží;50.151;14.17986
20260701_083526_L575;20260701_083526;01.07.2026;08:15:00;575;62;8360;18;U6904Z2;Rakovník,aut.st.;49.98441;13.69246
20260701_083526_L330;20260701_083526;01.07.2026;08:20:00;330;17;1259;12;U2881Z4;Praha,Nádraží Veleslavín;50.15302;14.106
20260701_083526_L136;20260701_083526;01.07.2026;08:21:00;136;1;6780;14;U743Z2P;Jižní Město;50.0861;14.45562
20260701_083526_L136;20260701_083526;01.07.2026;08:25:00;136;22;6703;10;U512Z5P;Jižní Město;50.09008;14.46649
20260701_083526_L136;20260701_083526;01.07.2026;08:23:00;136;16;5025;12;U353Z1P;Jižní Město;50.0262;14.52149
20260701_083526_L399;20260701_083526;01.07.2026;08:20:00;399;11;1264;15;U4317Z1;Kladno,Energie;50.12799;14.12795
20260701_083526_L408;20260701_083526;01.07.2026;08:23:00;408;59;7893;12;U2139Z1;Praha,Roztyly;49.78884;14.68347
20260701_083526_L345;20260701_083526;01.07.2026;08:23:00;345;39;10643;12;U3253Z1;Praha,Černý Most;50.52244;14.97444
20260701_083526_L400;20260701_083526;01.07.2026;08:25:00;400;6;11628;10;U6072Z2;Praha,Střížkov;50.46338;14.47435
20260701_083526_L399;20260701_083526;01.07.2026;08:24:00;399;2;1297;11;U80Z4;Praha,Nádraží Veleslavín;50.09329;14.30508
20260701_083526_L531;20260701_083526;01.07.2026;08:23:00;531;1;9548;10;U9802Z2;Příbram,aut.nádr. (ul. Čs.armády);49.80965;13.96226
20260701_083526_L332;20260701_083526;01.07.2026;08:25:00;332;4;9162;10;U488Z7;Praha,Budějovická;50.03141;14.45506
20260701_083526_L369;20260701_083526;01.07.2026;08:24:00;369;31;8232;11;U1797Z2;Praha,Ládví;50.37002;14.46543
20260701_083526_L370;20260701_083526;01.07.2026;08:24:00;370;12;8055;10;U864Z9;Praha,Kobylisy;50.12934;14.45194
20260701_083526_L365;20260701_083526;01.07.2026;08:25:00;365;16;8899;10;U394Z4;Unhošť,nám.;50.06873;14.33537
20260701_083526_L136;20260701_083526;01.07.2026;08:21:00;136;13;6966;14;U37Z1P;Jižní Město;50.06041;14.46958
20260701_083526_L459;20260701_083526;01.07.2026;08:25:00;459;63;7861;10;U32534Z2;Tábor,aut.nádr.;49.47912;14.68066
20260701_083526_L300;20260701_083526;01.07.2026;08:21:00;300;7;8965;11;U85Z1;Praha,Nádraží Veleslavín;50.09532;14.34472
20260701_083526_L300;20260701_083526;01.07.2026;08:16:00;300;12;8797;12;U4301Z2;Praha,Nádraží Veleslavín;50.10254;14.29475
20260701_083526_L304;20260701_083526;01.07.2026;08:20:00;304;16;8349;11;U1141Z6;Rakovník,aut.st.;50.08129;14.28414
20260701_083526_L318;20260701_083526;01.07.2026;08:23:00;318;11;7960;12;U337Z4;Praha,Smíchovské nádraží;50.05063;14.41013
20260701_083526_L585;20260701_083526;01.07.2026;07:32:00;585;18;7035;60;U4201Z1;Poděbrady,žel.st.;50.14912;15.12323
20260701_083526_L493;20260701_083526;01.07.2026;08:22:00;493;15;8592;11;U3159Z1;Poděbrady,žel.st.;50.14006;15.11161
20260701_083526_L598;20260701_083526;01.07.2026;08:25:00;598;3;7647;10;U2948Z1;Městec Králové,nám.;50.14574;15.18874
20260701_083526_L747;20260701_083526;01.07.2026;08:20:00;747;44;8087;12;U4188Z2;Byšice;50.29188;14.61175
20260701_083526_L641;20260701_083526;01.07.2026;07:47:00;641;15;9540;46;U4337Z1;Beroun,autobusové nádraží;49.95772;14.0738
20260701_083926_L110;20260701_083926;01.07.2026;08:24:00;110;5;8136;12;U499Z5P;Dolní Počernice;50.10525;14.53129
20260701_083926_L598;20260701_083926;01.07.2026;08:29:00;598;3;7647;10;U2949Z1;Městec Králové,nám.;50.15797;15.23395
20260701_083926_L125;20260701_083926;01.07.2026;08:27:00;125;1;5504;12;U337Z4P;Smíchovské nádraží;50.05113;14.40968
20260701_083926_L136;20260701_083926;01.07.2026;08:26:00;136;13;6966;13;U697Z3P;Jižní Město;50.04769;14.4819
20260701_083926_L400;20260701_083926;01.07.2026;08:28:00;400;6;11628;11;U6070Z2;Praha,Střížkov;50.4422;14.47452
20260701_083926_L136;20260701_083926;01.07.2026;08:28:00;136;22;6703;10;U743Z2P;Jižní Město;50.08605;14.45547
20260701_083926_L136;20260701_083926;01.07.2026;08:26:00;136;21;6814;11;U680Z3P;Jižní Město;50.062;14.46951
20260701_083926_L575;20260701_083926;01.07.2026;08:15:00;575;62;8360;22;U6904Z2;Rakovník,aut.st.;49.98441;13.69247
20260701_083926_L711;20260701_083926;01.07.2026;08:29:00;711;4;12940;10;U3369Z2;Louny,aut.nádr.;50.25282;13.77351
20260701_083926_L585;20260701_083926;01.07.2026;07:32:00;585;18;7035;64;U4201Z1;Poděbrady,žel.st.;50.14912;15.12323
20260701_083926_L747;20260701_083926;01.07.2026;08:29:00;747;44;8087;10;U9168Z2;Byšice;50.3094;14.61086
20260701_083926_L342;20260701_083926;01.07.2026;08:25:00;342;3;7686;13;U462Z14;Slaný,žel.st.;50.09443;14.33982
20260701_083926_L300;20260701_083926;01.07.2026;08:25:00;300;12;8797;12;U80Z4;Praha,Nádraží Veleslavín;50.09278;14.3194
20260701_083926_L315;20260701_083926;01.07.2026;08:24:00;315;10;8669;14;U3258Z1;Praha,Černý Most;50.36956;14.88078
20260701_083926_L322;20260701_083926;01.07.2026;08:24:00;322;6;8995;15;U4391Z1;Kladno,autobusové nádraží;50.13761;14.16002
20260701_083926_L369;20260701_083926;01.07.2026;08:27:00;369;31;8232;12;U1795Z2;Praha,Ládví;50.35822;14.47335
20260701_083926_L365;20260701_083926;01.07.2026;08:28:00;365;16;8899;10;U306Z1;Unhošť,nám.;50.07527;14.34187
20260701_083926_L459;20260701_083926;01.07.2026;08:26:00;459;63;7861;11;U32536Z1;Tábor,aut.nádr.;49.47341;14.66301
20260701_083926_L399;20260701_083926;01.07.2026;08:26:00;399;2;1297;13;U85Z1;Praha,Nádraží Veleslavín;50.09261;14.32392
20260701_083926_L639;20260701_083926;01.07.2026;08:28:00;639;26;9601;11;U9812Z2;Dobříš,nám.;49.82565;14.04299
20260701_083926_L345;20260701_083926;01.07.2026;08:23:00;345;39;10643;15;U3253Z1;Praha,Černý Most;50.51093;14.97041
20260701_083926_L356;20260701_083926;01.07.2026;08:27:00;356;31;8824;10;U5971Z2;Praha,Obchodní centrum Ruzyně;50.11537;14.28512
20260701_083926_L641;20260701_083926;01.07.2026;07:47:00;641;15;9540;48;U4337Z1;Beroun,autobusové nádraží;49.95772;14.0738
20260701_084327_L493;20260701_084327;01.07.2026;08:33:00;493;15;8592;10;U2578Z2;Nymburk,hl.nádr.;50.14353;15.12223
20260701_084327_L598;20260701_084327;01.07.2026;08:32:00;598;3;7647;11;U2484Z1;Městec Králové,nám.;50.17211;15.25774
20260701_084327_L416;20260701_084327;01.07.2026;08:33:00;416;41;7210;10;U337Z4;Praha,Smíchovské nádraží;50.05109;14.4096
20260701_084327_L315;20260701_084327;01.07.2026;08:30:00;315;10;8669;13;U3264Z1;Praha,Černý Most;50.33355;14.86812
20260701_084327_L322;20260701_084327;01.07.2026;08:24:00;322;6;8995;16;U4391Z1;Kladno,autobusové nádraží;50.13811;14.13639
20260701_084327_L365;20260701_084327;01.07.2026;08:30:00;365;16;8899;11;U444Z1;Unhošť,nám.;50.07854;14.34462
20260701_084327_L365;20260701_084327;01.07.2026;08:33:00;365;18;8763;10;U610Z4;Praha,Motol;50.07837;14.34223
20260701_084327_L399;20260701_084327;01.07.2026;08:28:00;399;11;1264;14;U3094Z1;Kladno,Energie;50.14484;14.09577
20260701_084327_L400;20260701_084327;01.07.2026;08:32:00;400;56;1088;10;U6077Z1;Nový Bor,aut.nádr.;50.49141;14.48404
20260701_084327_L770;20260701_084327;01.07.2026;08:31:00;770;41;7810;11;U7795Z52;Benešov,Terminál;49.82963;14.8334
20260701_084327_L136;20260701_084327;01.07.2026;08:32:00;136;22;6703;11;U118Z4P;Jižní Město;50.07812;14.46078
20260701_084327_L136;20260701_084327;01.07.2026;08:30:00;136;13;6966;13;U181Z1P;Jižní Město;50.04011;14.49012
20260701_084327_L770;20260701_084327;01.07.2026;08:28:00;770;50;7815;15;U2176Z1;Uhlířské Janovice,nám.;49.87792;15.03169
20260701_084327_L342;20260701_084327;01.07.2026;08:25:00;342;3;7686;17;U462Z14;Slaný,žel.st.;50.09545;14.34682
20260701_084327_L136;20260701_084327;01.07.2026;08:31:00;136;21;6814;12;U751Z2P;Jižní Město;50.05305;14.47425
20260701_084327_L458;20260701_084327;01.07.2026;08:30:00;458;24;7890;12;U9391Z6;Mladá Vožice,aut.st.;49.70298;14.8943
20260701_084327_L711;20260701_084327;01.07.2026;08:33:00;711;4;12940;10;U32181Z1;Louny,aut.nádr.;50.26764;13.79224
20260701_084327_L585;20260701_084327;01.07.2026;07:32:00;585;18;7035;68;U4201Z1;Poděbrady,žel.st.;50.14912;15.12323
20260701_084327_L400;20260701_084327;01.07.2026;08:28:00;400;6;11628;13;U6070Z2;Praha,Střížkov;50.42828;14.4656
20260701_084327_L110;20260701_084327;01.07.2026;08:30:00;110;5;8136;13;U135Z4P;Dolní Počernice;50.10623;14.53972
20260701_084327_L483;20260701_084327;01.07.2026;08:30:00;483;22;7864;10;U7318Z2;Chocerady;49.84149;14.83182
20260701_084327_L316;20260701_084327;01.07.2026;08:28:00;316;2;8981;12;U199Z3;Praha,Bořislavka;50.10041;14.36281
20260701_084327_L531;20260701_084327;01.07.2026;08:31:00;531;1;9548;10;U9798Z2;Příbram,aut.nádr. (ul. Čs.armády);49.78829;13.97763
20260701_084327_L575;20260701_084327;01.07.2026;08:15:00;575;62;8360;26;U6904Z2;Rakovník,aut.st.;49.98441;13.69247
20260701_084327_L402;20260701_084327;01.07.2026;08:30:00;402;3;7673;12;U7318Z2;Praha,Roztyly;49.83845;14.8246
20260701_084327_L356;20260701_084327;01.07.2026;08:30:00;356;31;8824;13;U776Z2;Praha,Obchodní centrum Ruzyně;50.10831;14.27818
20260701_084327_L641;20260701_084327;01.07.2026;07:47:00;641;15;9540;54;U4337Z1;Beroun,autobusové nádraží;49.95772;14.0738
20260701_084727_L585;20260701_084727;01.07.2026;07:32:00;585;18;7035;72;U4201Z1;Poděbrady,žel.st.;50.14912;15.12323
20260701_084727_L493;20260701_084727;01.07.2026;08:33:00;493;15;8592;12;U2578Z2;Nymburk,hl.nádr.;50.13702;15.10992
20260701_084727_L598;20260701_084727;01.07.2026;08:34:00;598;3;7647;11;U2486Z1;Městec Králové,nám.;50.17382;15.28249
20260701_084727_L399;20260701_084727;01.07.2026;08:34:00;399;1;1295;13;U4327Z2;Praha,Nádraží Veleslavín;50.14443;14.06946
20260701_084727_L136;20260701_084727;01.07.2026;08:33:00;136;13;6966;13;U344Z1P;Jižní Město;50.03148;14.50546
20260701_084727_L300;20260701_084727;01.07.2026;08:32:00;300;1;8992;13;U4310Z1;Kladno,u kostela;50.14053;14.09943
20260701_084727_L365;20260701_084727;01.07.2026;08:36:00;365;18;8763;11;U306Z2;Praha,Motol;50.07436;14.33947
20260701_084727_L561;20260701_084727;01.07.2026;08:36:00;561;35;8330;11;U4765Z1;Rakovník,hasičský záchr.sbor;50.10206;13.71471
20260701_084727_L110;20260701_084727;01.07.2026;08:32:00;110;5;8136;12;U72Z8P;Dolní Počernice;50.10626;14.5571
20260701_084727_L399;20260701_084727;01.07.2026;08:34:00;399;11;1264;12;U2889Z1;Kladno,Energie;50.14062;14.07688
20260701_084727_L136;20260701_084727;01.07.2026;08:35:00;136;21;6814;12;U417Z1P;Jižní Město;50.04292;14.48777
20260701_084727_L458;20260701_084727;01.07.2026;08:30:00;458;24;7890;15;U9391Z6;Mladá Vožice,aut.st.;49.70012;14.89846
20260701_084727_L136;20260701_084727;01.07.2026;08:36:00;136;22;6703;11;U855Z1P;Jižní Město;50.07447;14.46387
20260701_084727_L136;20260701_084727;01.07.2026;08:32:00;136;1;6780;15;U29Z1P;Jižní Město;50.07253;14.47052
20260701_084727_L770;20260701_084727;01.07.2026;08:31:00;770;41;7810;12;U7795Z52;Benešov,Terminál;49.81721;14.83228
20260701_084727_L365;20260701_084727;01.07.2026;08:33:00;365;16;8899;13;U364Z3;Unhošť,nám.;50.07563;14.32847
20260701_084727_L483;20260701_084727;01.07.2026;08:35:00;483;22;7864;10;U5808Z2;Chocerady;49.85723;14.82848
20260701_084727_L300;20260701_084727;01.07.2026;08:34:00;300;29;8994;13;U80Z4;Praha,Nádraží Veleslavín;50.09331;14.30506
20260701_084727_L315;20260701_084727;01.07.2026;08:35:00;315;10;8669;12;U3381Z2;Praha,Černý Most;50.3069;14.85384
20260701_084727_L356;20260701_084727;01.07.2026;08:34:00;356;31;8824;12;U218Z2;Praha,Obchodní centrum Ruzyně;50.09442;14.29301
20260701_084727_L328;20260701_084727;01.07.2026;08:36:00;328;5;1727;11;U106Z1;Modletice,Doubravice;50.02492;14.50852
20260701_084727_L641;20260701_084727;01.07.2026;07:47:00;641;15;9540;58;U4337Z1;Beroun,autobusové nádraží;49.95772;14.0738
20260701_085127_L300;20260701_085127;01.07.2026;08:38:00;300;1;8992;12;U4325Z1;Kladno,u kostela;50.14226;14.08689
20260701_085127_L300;20260701_085127;01.07.2026;08:36:00;300;29;8994;14;U85Z1;Praha,Nádraží Veleslavín;50.09295;14.33047
20260701_085127_L340;20260701_085127;01.07.2026;08:39:00;340;41;8823;11;U162Z6;Praha,Dejvická;50.10565;14.39473
20260701_085127_L110;20260701_085127;01.07.2026;08:37:00;110;5;8136;14;U313Z1P;Dolní Počernice;50.09711;14.5479
20260701_085127_L598;20260701_085127;01.07.2026;08:38:00;598;3;7647;12;U6721Z1;Městec Králové,nám.;50.18021;15.29834
20260701_085127_L389;20260701_085127;01.07.2026;08:40:00;389;8;7762;10;U4776Z1;Hořešovice;50.22846;14.0901
20260701_085127_L345;20260701_085127;01.07.2026;08:35:00;345;39;10643;15;U3395Z2;Praha,Černý Most;50.43842;14.92967
20260701_085127_L399;20260701_085127;01.07.2026;08:38:00;399;1;1295;13;U4325Z2;Praha,Nádraží Veleslavín;50.14255;14.08822
20260701_085127_L531;20260701_085127;01.07.2026;08:39:00;531;1;9548;12;U9795Z2;Příbram,aut.nádr. (ul. Čs.armády);49.77249;14.00524
20260701_085127_L110;20260701_085127;01.07.2026;08:39:00;110;1;1490;10;U499Z5P;Dolní Počernice;50.10727;14.53146
20260701_085127_L617;20260701_085127;01.07.2026;08:40:00;617;15;7328;10;U4313Z9;Kladno,autobusové nádraží;50.14541;14.09523
20260701_085127_L136;20260701_085127;01.07.2026;08:41:00;136;58;6948;10;U69Z2P;Jižní Město;50.0888;14.46046
20260701_085127_L322;20260701_085127;01.07.2026;08:35:00;322;6;8995;16;U3094Z1;Kladno,autobusové nádraží;50.142;14.09813
20260701_085127_L365;20260701_085127;01.07.2026;08:37:00;365;16;8899;13;U558Z1;Unhošť,nám.;50.0771;14.3048
20260701_085127_L136;20260701_085127;01.07.2026;08:39:00;136;21;6814;12;U424Z1P;Jižní Město;50.03302;14.50024
20260701_085127_L136;20260701_085127;01.07.2026;08:41:00;136;22;6703;11;U680Z3P;Jižní Město;50.06889;14.46902
20260701_085127_L136;20260701_085127;01.07.2026;08:38:00;136;13;6966;13;U353Z1P;Jižní Město;50.02603;14.52106
20260701_085127_L136;20260701_085127;01.07.2026;08:36:00;136;1;6780;15;U37Z1P;Jižní Město;50.0604;14.46967
20260701_085127_L483;20260701_085127;01.07.2026;08:38:00;483;22;7864;11;U7602Z2;Chocerady;49.86954;14.80812
20260701_085127_L561;20260701_085127;01.07.2026;08:40:00;561;35;8330;11;U4340Z2;Rakovník,hasičský záchr.sbor;50.10513;13.72504
20260701_085127_L458;20260701_085127;01.07.2026;08:30:00;458;24;7890;20;U9391Z6;Mladá Vožice,aut.st.;49.70422;14.8951
20260701_085127_L650;20260701_085127;01.07.2026;08:36:00;650;25;12555;13;U4803Z1;Litoměřice,žel.st.hor.;50.21572;14.07498
20260701_085127_L585;20260701_085127;01.07.2026;07:32:00;585;18;7035;76;U4201Z1;Poděbrady,žel.st.;50.14912;15.12323
20260701_085127_L493;20260701_085127;01.07.2026;08:38:00;493;15;8592;11;U3160Z1;Nymburk,hl.nádr.;50.14684;15.09037
20260701_085127_L339;20260701_085127;01.07.2026;08:38:00;339;16;9936;12;U1331Z2;Praha,Budějovická;49.98263;14.49621
20260701_085127_L400;20260701_085127;01.07.2026;08:40:00;400;58;1084;11;U332Z2;Rumburk,žel.st.;50.12668;14.48858
20260701_085127_L136;20260701_085127;01.07.2026;08:40:00;136;2;6971;10;U118Z4P;Jižní Město;50.07776;14.45893
20260701_085127_L641;20260701_085127;01.07.2026;07:47:00;641;15;9540;62;U4337Z1;Beroun,autobusové nádraží;49.95772;14.0738
20260701_085528_L389;20260701_085528;01.07.2026;08:42:00;389;8;7762;10;U4777Z2;Hořešovice;50.22839;14.08995
20260701_085528_L136;20260701_085528;01.07.2026;08:44:00;136;2;6971;10;U855Z1P;Jižní Město;50.07445;14.46397
20260701_085528_L110;20260701_085528;01.07.2026;08:43:00;110;5;8136;12;U158Z1P;Dolní Počernice;50.09022;14.56368
20260701_085528_L365;20260701_085528;01.07.2026;08:43:00;365;16;8899;11;U2113Z1;Unhošť,nám.;50.07889;14.27294
20260701_085528_L369;20260701_085528;01.07.2026;08:45:00;369;31;8232;10;U1790Z2;Praha,Ládví;50.33176;14.49803
20260701_085528_L617;20260701_085528;01.07.2026;08:42:00;617;15;7328;10;U3094Z2;Kladno,autobusové nádraží;50.14612;14.10687
20260701_085528_L136;20260701_085528;01.07.2026;08:41:00;136;1;6780;14;U697Z3P;Jižní Město;50.04772;14.48194
20260701_085528_L136;20260701_085528;01.07.2026;08:41:00;136;21;6814;11;U106Z2P;Jižní Město;50.02463;14.51248
20260701_085528_L399;20260701_085528;01.07.2026;08:43:00;399;1;1295;12;U3094Z2;Praha,Nádraží Veleslavín;50.14183;14.09805
20260701_085528_L531;20260701_085528;01.07.2026;08:42:00;531;1;9548;12;U9673Z1;Příbram,aut.nádr. (ul. Čs.armády);49.75432;14.01518
20260701_085528_L770;20260701_085528;01.07.2026;08:42:00;770;41;7810;12;U7666Z51;Benešov,Terminál;49.82335;14.79826
20260701_085528_L300;20260701_085528;01.07.2026;08:40:00;300;22;8998;10;U4301Z2;Praha,Nádraží Veleslavín;50.12131;14.27471
20260701_085528_L304;20260701_085528;01.07.2026;08:45:00;304;16;8349;10;U9291Z5;Rakovník,aut.st.;50.13871;13.96139
20260701_085528_L585;20260701_085528;01.07.2026;07:32:00;585;18;7035;80;U4201Z1;Poděbrady,žel.st.;50.14912;15.12323
20260701_085528_L300;20260701_085528;01.07.2026;08:45:00;300;29;8994;10;U462Z12;Kladno,u kostela;50.09534;14.34617
20260701_085528_L328;20260701_085528;01.07.2026;08:43:00;328;5;1727;10;U2558Z1;Modletice,Doubravice;50.00547;14.57422
20260701_085528_L110;20260701_085528;01.07.2026;08:39:00;110;1;1490;13;U499Z5P;Dolní Počernice;50.105;14.53137
20260701_085528_L315;20260701_085528;01.07.2026;08:40:00;315;10;8669;13;U3379Z2;Praha,Černý Most;50.28573;14.82762
20260701_085528_L650;20260701_085528;01.07.2026;08:36:00;650;25;12555;17;U4803Z1;Litoměřice,žel.st.hor.;50.21572;14.07498
20260701_085528_L399;20260701_085528;01.07.2026;08:41:00;399;4;1298;13;U80Z4;Praha,Nádraží Veleslavín;50.09286;14.31626
20260701_085528_L231;20260701_085528;01.07.2026;08:44:00;231;12;3641;10;U965Z1P;Na Knížecí;50.06495;14.40392
20260701_085528_L136;20260701_085528;01.07.2026;08:43:00;136;22;6703;12;U37Z1P;Jižní Město;50.06046;14.46959
20260701_085528_L136;20260701_085528;01.07.2026;08:45:00;136;58;6948;10;U516Z3P;Jižní Město;50.08212;14.45944
20260701_085528_L493;20260701_085528;01.07.2026;08:44:00;493;15;8592;11;U3028Z1;Nymburk,hl.nádr.;50.16988;15.07031
20260701_085528_L199;20260701_085528;01.07.2026;08:43:00;199;3;3964;10;U418Z2P;Želivského;50.07775;14.48134
20260701_085528_L641;20260701_085528;01.07.2026;07:47:00;641;15;9540;66;U4337Z1;Beroun,autobusové nádraží;49.95772;14.0738
20260701_085928_L133;20260701_085928;01.07.2026;08:47:00;133;51;3970;11;U745Z2P;Florenc;50.08738;14.45241
20260701_085928_L585;20260701_085928;01.07.2026;07:32:00;585;18;7035;84;U4201Z1;Poděbrady,žel.st.;50.14912;15.12323
20260701_085928_L650;20260701_085928;01.07.2026;08:36:00;650;25;12555;21;U4803Z1;Litoměřice,žel.st.hor.;50.21572;14.07498
20260701_085928_L797;20260701_085928;01.07.2026;08:49:00;797;22;7864;10;U7528Z2;Vranov,Vranovská Lhota;49.86551;14.79731
20260701_085928_L493;20260701_085928;01.07.2026;08:49:00;493;15;8592;10;U2969Z1;Nymburk,hl.nádr.;50.18553;15.04171
20260701_085928_L389;20260701_085928;01.07.2026;08:46:00;389;8;7762;13;U4787Z1;Hořešovice;50.23345;14.07972
20260701_085928_L399;20260701_085928;01.07.2026;08:46:00;399;1;1295;12;U4310Z2;Praha,Nádraží Veleslavín;50.13419;14.10741
20260701_085928_L365;20260701_085928;01.07.2026;08:48:00;365;16;8899;10;U1386Z1;Unhošť,nám.;50.0793;14.26696
20260701_085928_L400;20260701_085928;01.07.2026;08:44:00;400;25;11695;12;U6078Z2;Praha,Střížkov;50.47608;14.47897
20260701_085928_L110;20260701_085928;01.07.2026;08:47:00;110;1;1490;11;U72Z8P;Dolní Počernice;50.10692;14.55328
20260701_085928_L315;20260701_085928;01.07.2026;08:45:00;315;10;8669;14;U3263Z2;Praha,Černý Most;50.26704;14.8002
20260701_085928_L315;20260701_085928;01.07.2026;08:48:00;315;1;8674;10;U3063Z2;Praha,Černý Most;50.40461;14.93009
20260701_085928_L136;20260701_085928;01.07.2026;08:45:00;136;1;6780;13;U181Z1P;Jižní Město;50.03948;14.49058
20260701_085928_L369;20260701_085928;01.07.2026;08:48:00;369;31;8232;11;U1787Z1;Praha,Ládví;50.30852;14.51517
20260701_085928_L197;20260701_085928;01.07.2026;08:47:00;197;2;6819;11;U369Z1P;Roztyly;50.00049;14.46674
20260701_085928_L136;20260701_085928;01.07.2026;08:49:00;136;58;6948;10;U518Z3P;Jižní Město;50.07661;14.45879
20260701_085928_L300;20260701_085928;01.07.2026;08:45:00;300;29;8994;13;U462Z12;Kladno,u kostela;50.09477;14.34052
20260701_085928_L300;20260701_085928;01.07.2026;08:40:00;300;22;8998;12;U4301Z2;Praha,Nádraží Veleslavín;50.10497;14.29393
20260701_085928_L164;20260701_085928;01.07.2026;08:48:00;164;5;1951;10;U3022Z1P;Malovanka;50.0711;14.31611
20260701_085928_L136;20260701_085928;01.07.2026;08:49:00;136;2;6971;10;U680Z3P;Jižní Město;50.06838;14.46917
20260701_085928_L300;20260701_085928;01.07.2026;08:49:00;300;9;8877;10;U4303Z52;Kladno,u kostela;50.15422;14.18688
20260701_085928_L328;20260701_085928;01.07.2026;08:47:00;328;5;1727;10;U1376Z1;Modletice,Doubravice;49.99205;14.58563
20260701_085928_L323;20260701_085928;01.07.2026;08:48:00;323;16;8859;10;U1363Z2;Praha,Nádraží Veleslavín;50.12094;14.27531
20260701_085928_L136;20260701_085928;01.07.2026;08:48:00;136;22;6703;11;U697Z3P;Jižní Město;50.04771;14.48194
20260701_085928_L531;20260701_085928;01.07.2026;08:45:00;531;1;9548;13;U9672Z1;Příbram,aut.nádr. (ul. Čs.armády);49.7381;14.02191
20260701_085928_L770;20260701_085928;01.07.2026;08:42:00;770;41;7810;13;U7666Z51;Benešov,Terminál;49.81022;14.80219
20260701_085928_L136;20260701_085928;01.07.2026;08:48:00;136;21;6814;12;U151Z1P;Jižní Město;50.03149;14.53371
20260701_085928_L136;20260701_085928;01.07.2026;08:49:00;136;3;5090;10;U69Z2P;Jižní Město;50.08902;14.46164
20260701_085928_L641;20260701_085928;01.07.2026;07:47:00;641;15;9540;68;U4337Z1;Beroun,autobusové nádraží;49.95772;14.0738
20260701_090328_L133;20260701_090328;01.07.2026;08:47:00;133;51;3970;15;U745Z2P;Florenc;50.08678;14.44743
20260701_090328_L365;20260701_090328;01.07.2026;08:53:00;365;16;8899;10;U1145Z3;Unhošť,nám.;50.08281;14.24043
20260701_090328_L369;20260701_090328;01.07.2026;08:52:00;369;31;8232;10;U1785Z4;Praha,Ládví;50.28423;14.4957
20260701_090328_L164;20260701_090328;01.07.2026;08:52:00;164;5;1951;11;U31Z8P;Malovanka;50.07538;14.32513
20260701_090328_L328;20260701_090328;01.07.2026;08:52:00;328;5;1727;10;U1263Z4;Modletice,Doubravice;49.98126;14.58102
20260701_090328_L300;20260701_090328;01.07.2026;08:49:00;300;29;8994;13;U85Z9;Kladno,u kostela;50.09318;14.31218
20260701_090328_L333;20260701_090328;01.07.2026;08:51:00;333;13;7453;11;U1522Z2;Praha,Kačerov;49.9877;14.49268
20260701_090328_L300;20260701_090328;01.07.2026;08:49:00;300;22;8998;14;U80Z4;Praha,Nádraží Veleslavín;50.09317;14.30923
20260701_090328_L770;20260701_090328;01.07.2026;08:50:00;770;41;7810;13;U7667Z2;Benešov,Terminál;49.81089;14.78816
20260701_090328_L400;20260701_090328;01.07.2026;08:44:00;400;25;11695;15;U6078Z2;Praha,Střížkov;50.46294;14.47453
20260701_090328_L389;20260701_090328;01.07.2026;08:48:00;389;8;7762;12;U4836Z1;Hořešovice;50.24516;14.0609
20260701_090328_L650;20260701_090328;01.07.2026;08:36:00;650;25;12555;25;U4803Z1;Litoměřice,žel.st.hor.;50.21572;14.07498
20260701_090328_L399;20260701_090328;01.07.2026;08:51:00;399;1;1295;12;U4318Z2;Praha,Nádraží Veleslavín;50.12762;14.12686
20260701_090328_L323;20260701_090328;01.07.2026;08:48:00;323;16;8859;12;U1363Z2;Praha,Nádraží Veleslavín;50.11029;14.2788
20260701_090328_L315;20260701_090328;01.07.2026;08:48:00;315;10;8669;14;U3262Z2;Praha,Černý Most;50.24542;14.78564
20260701_090328_L110;20260701_090328;01.07.2026;08:50:00;110;1;1490;13;U1197Z1P;Dolní Počernice;50.10214;14.55464
20260701_090328_L113;20260701_090328;01.07.2026;08:49:00;113;7;4059;13;U335Z1P;Sídliště Písnice;50.00618;14.46361
20260701_090328_L207;20260701_090328;01.07.2026;08:54:00;207;16;3839;10;U3018Z2P;Staroměstská;50.08833;14.44319
20260701_090328_L585;20260701_090328;01.07.2026;07:32:00;585;18;7035;88;U4201Z1;Poděbrady,žel.st.;50.14912;15.12323
20260701_090328_L136;20260701_090328;01.07.2026;08:49:00;136;1;6780;13;U106Z2P;Jižní Město;50.02749;14.50781
20260701_090328_L136;20260701_090328;01.07.2026;08:52:00;136;22;6703;10;U181Z1P;Jižní Město;50.03948;14.49054
20260701_090328_L136;20260701_090328;01.07.2026;08:53:00;136;2;6971;11;U183Z3P;Jižní Město;50.05671;14.47125
20260701_090328_L300;20260701_090328;01.07.2026;08:51:00;300;9;8877;10;U4304Z1;Kladno,u kostela;50.14701;14.15692
20260701_090328_L493;20260701_090328;01.07.2026;08:53:00;493;15;8592;10;U3146Z1;Nymburk,hl.nádr.;50.19273;15.03953
20260701_090328_L197;20260701_090328;01.07.2026;08:52:00;197;2;6819;11;U307Z1P;Roztyly;50.01335;14.50269
20260701_090328_L531;20260701_090328;01.07.2026;08:49:00;531;1;9548;12;U9670Z1;Příbram,aut.nádr. (ul. Čs.armády);49.7234;14.01455
20260701_090328_L136;20260701_090328;01.07.2026;08:51:00;136;3;5090;12;U743Z2P;Jižní Město;50.08653;14.45542
20260701_090729_L369;20260701_090729;01.07.2026;08:56:00;369;31;8232;11;U2334Z1;Praha,Ládví;50.25401;14.49466
20260701_090729_L365;20260701_090729;01.07.2026;08:56:00;365;16;8899;11;U1215Z2;Unhošť,nám.;50.08713;14.213
20260701_090729_L315;20260701_090729;01.07.2026;08:53:00;315;10;8669;13;U2473Z2;Praha,Černý Most;50.21218;14.802
20260701_090729_L323;20260701_090729;01.07.2026;08:54:00;323;16;8859;13;U416Z2;Praha,Nádraží Veleslavín;50.10184;14.28957
20260701_090729_L328;20260701_090729;01.07.2026;08:54:00;328;5;1727;10;U7812Z2;Modletice,Doubravice;49.9713;14.57185
20260701_090729_L333;20260701_090729;01.07.2026;08:51:00;333;13;7453;13;U1522Z2;Praha,Kačerov;49.998;14.48541
20260701_090729_L110;20260701_090729;01.07.2026;08:53:00;110;1;1490;13;U207Z3P;Dolní Počernice;50.08979;14.5471
20260701_090729_L133;20260701_090729;01.07.2026;08:57:00;133;7;4112;10;U789Z2P;Florenc;50.08691;14.44608
20260701_090729_L136;20260701_090729;01.07.2026;08:57:00;136;18;6910;10;U512Z5P;Jižní Město;50.09035;14.46748
20260701_090729_L399;20260701_090729;01.07.2026;08:55:00;399;1;1295;12;U4315Z2;Praha,Nádraží Veleslavín;50.13482;14.13756
20260701_090729_L531;20260701_090729;01.07.2026;08:55:00;531;1;9548;11;U9666Z1;Příbram,aut.nádr. (ul. Čs.armády);49.69807;14.01687
20260701_090729_L300;20260701_090729;01.07.2026;08:57:00;300;9;8877;10;U4306Z1;Kladno,u kostela;50.13586;14.12518
20260701_090729_L153;20260701_090729;01.07.2026;08:53:00;153;2;1908;14;U3231Z2P;U Zvonu;50.06244;14.38955
20260701_090729_L197;20260701_090729;01.07.2026;08:58:00;197;2;6819;10;U52Z5P;Roztyly;50.03047;14.49202
20260701_090729_L402;20260701_090729;01.07.2026;08:55:00;402;3;7673;11;U1372Z2;Praha,Roztyly;50.00647;14.56365
20260701_090729_L770;20260701_090729;01.07.2026;08:53:00;770;41;7810;14;U7809Z2;Benešov,Terminál;49.8114;14.75911
20260701_090729_L315;20260701_090729;01.07.2026;08:55:00;315;1;8674;10;U3384Z1;Praha,Černý Most;50.35288;14.87096
20260701_090729_L207;20260701_090729;01.07.2026;08:57:00;207;16;3839;10;U689Z3P;Staroměstská;50.09144;14.43977
20260701_090729_L164;20260701_090729;01.07.2026;08:53:00;164;5;1951;13;U364Z4P;Malovanka;50.07805;14.34103
20260701_090729_L136;20260701_090729;01.07.2026;08:56:00;136;2;6971;11;U697Z3P;Jižní Město;50.0477;14.48189
20260701_090729_L650;20260701_090729;01.07.2026;08:36:00;650;25;12555;29;U4803Z1;Litoměřice,žel.st.hor.;50.21572;14.07498
20260701_090729_L585;20260701_090729;01.07.2026;07:32:00;585;18;7035;92;U4201Z1;Poděbrady,žel.st.;50.14912;15.12323
20260701_090729_L136;20260701_090729;01.07.2026;08:55:00;136;1;6780;12;U286Z5P;Jižní Město;50.03065;14.52985
20260701_090729_L593;20260701_090729;01.07.2026;08:54:00;593;6;7337;11;U4776Z1;Slaný,aut.nádr.;50.22847;14.08993
20260701_090729_L136;20260701_090729;01.07.2026;08:55:00;136;3;5090;12;U118Z4P;Jižní Město;50.07849;14.46074
20260701_091129_L388;20260701_091129;01.07.2026;08:59:00;388;27;7684;10;U2867Z1;Slaný,Arbesova;50.22684;14.10132
20260701_091129_L347;20260701_091129;01.07.2026;09:01:00;347;21;8890;10;U1180Z1;Praha,Motol;50.05891;14.21501
20260701_091129_L650;20260701_091129;01.07.2026;08:36:00;650;25;12555;33;U4803Z1;Litoměřice,žel.st.hor.;50.21572;14.07498
20260701_091129_L585;20260701_091129;01.07.2026;07:32:00;585;18;7035;96;U4201Z1;Poděbrady,žel.st.;50.14912;15.12323
20260701_091129_L164;20260701_091129;01.07.2026;08:58:00;164;5;1951;13;U3245Z2P;Malovanka;50.08172;14.34395
20260701_091129_L304;20260701_091129;01.07.2026;09:01:00;304;16;8349;10;U9900Z1;Rakovník,aut.st.;50.13899;13.834
20260701_091129_L300;20260701_091129;01.07.2026;09:00:00;300;22;8998;11;U462Z12;Smečno;50.0954;14.34579
20260701_091129_L300;20260701_091129;01.07.2026;08:59:00;300;9;8877;10;U4308Z3;Kladno,u kostela;50.13517;14.10592
20260701_091129_L328;20260701_091129;01.07.2026;08:59:00;328;5;1727;12;U1864Z1;Modletice,Doubravice;49.97174;14.59151
20260701_091129_L531;20260701_091129;01.07.2026;08:59:00;531;1;9548;12;U9712Z1;Příbram,aut.nádr. (ul. Čs.armády);49.68969;14.01274
20260701_091129_L110;20260701_091129;01.07.2026;08:58:00;110;1;1490;13;U158Z1P;Dolní Počernice;50.08935;14.56306
20260701_091129_L136;20260701_091129;01.07.2026;08:59:00;136;18;6910;11;U2787Z2P;Jižní Město;50.08782;14.45668
20260701_091129_L207;20260701_091129;01.07.2026;09:01:00;207;16;3839;10;U480Z2P;Staroměstská;50.08845;14.42906
20260701_091129_L408;20260701_091129;01.07.2026;08:58:00;408;62;47819;11;U1384Z1;Praha,Roztyly;49.78129;14.6825
20260701_091129_L207;20260701_091129;01.07.2026;08:59:00;207;17;3875;10;U745Z2P;Staroměstská;50.08684;14.44763
20260701_091129_L153;20260701_091129;01.07.2026;08:57:00;153;2;1908;14;U3232Z2P;U Zvonu;50.06849;14.39138
20260701_091129_L369;20260701_091129;01.07.2026;09:00:00;369;31;8232;11;U1959Z2;Praha,Ládví;50.22437;14.49511
20260701_091129_L365;20260701_091129;01.07.2026;08:58:00;365;16;8899;11;U2117Z1;Unhošť,nám.;50.08528;14.17253
20260701_091129_L113;20260701_091129;01.07.2026;08:59:00;113;51;4077;12;U783Z1P;Písnice;50.00501;14.46417
20260701_091129_L136;20260701_091129;01.07.2026;09:00:00;136;2;6971;11;U181Z1P;Jižní Město;50.04013;14.4901
20260701_091129_L534;20260701_091129;01.07.2026;08:58:00;534;28;7617;11;U6665Z1;Labské Chrčice;50.05124;15.40651
20260701_091129_L136;20260701_091129;01.07.2026;09:02:00;136;3;5090;10;U29Z1P;Jižní Město;50.07322;14.47017
20260701_091529_L585;20260701_091529;01.07.2026;07:32:00;585;18;7035;100;U4201Z1;Poděbrady,žel.st.;50.14912;15.12323
20260701_091529_L300;20260701_091529;01.07.2026;09:00:00;300;22;8998;14;U462Z12;Smečno;50.09527;14.34327
20260701_091529_L300;20260701_091529;01.07.2026;09:04:00;300;9;8877;11;U3094Z1;Kladno,u kostela;50.14302;14.09722
20260701_091529_L347;20260701_091529;01.07.2026;09:05:00;347;21;8890;10;U1178Z2;Praha,Motol;50.0609;14.22869
20260701_091529_L315;20260701_091529;01.07.2026;09:03:00;315;5;8679;11;U3063Z1;Mladá Boleslav,aut.st.;50.4107;14.92392
20260701_091529_L228;20260701_091529;01.07.2026;09:03:00;228;11;9048;11;U358Z4P;Poliklinika Malešice;50.07757;14.51962
20260701_091529_L136;20260701_091529;01.07.2026;09:03:00;136;4;5019;10;U1074Z4P;Jižní Město;50.09073;14.46807
20260701_091529_L534;20260701_091529;01.07.2026;08:58:00;534;28;7617;15;U6665Z1;Labské Chrčice;50.05124;15.40651
20260701_091529_L531;20260701_091529;01.07.2026;08:59:00;531;1;9548;14;U9712Z1;Příbram,aut.nádr. (ul. Čs.armády);49.6923;14.00319
20260701_091529_L164;20260701_091529;01.07.2026;09:01:00;164;5;1951;14;U507Z1P;Malovanka;50.08818;14.34465
20260701_091529_L207;20260701_091529;01.07.2026;09:05:00;207;17;3875;10;U689Z3P;Staroměstská;50.09166;14.44067
20260701_091529_L342;20260701_091529;01.07.2026;09:03:00;342;4;7692;11;U1363Z2;Praha,Nádraží Veleslavín;50.12063;14.27557
20260701_091529_L408;20260701_091529;01.07.2026;09:03:00;408;62;47819;10;U2139Z1;Praha,Roztyly;49.7884;14.68381
20260701_091529_L316;20260701_091529;01.07.2026;09:05:00;316;3;8982;10;U7011Z2;Praha,Bořislavka;50.13878;14.33589
20260701_091529_L125;20260701_091529;01.07.2026;09:04:00;125;4;5117;11;U337Z4P;Smíchovské nádraží;50.05047;14.4102
20260701_091529_L433;20260701_091529;01.07.2026;09:04:00;433;26;8578;10;U3089Z2;Nymburk,Zálabí PVT;50.18797;15.03006
20260701_091529_L133;20260701_091529;01.07.2026;09:04:00;133;3;4114;11;U789Z2P;Florenc;50.08702;14.44488
20260701_091529_L136;20260701_091529;01.07.2026;09:02:00;136;18;6910;13;U516Z3P;Jižní Město;50.08212;14.45941
20260701_091529_L384;20260701_091529;01.07.2026;09:03:00;384;23;9889;10;U1229Z2;Hořovice,nám.B.Němcové;49.89271;13.94237
20260701_091529_L207;20260701_091529;01.07.2026;09:05:00;207;16;3839;10;U620Z2P;Staroměstská;50.09308;14.42267
20260701_091529_L388;20260701_091529;01.07.2026;08:59:00;388;27;7684;16;U2867Z1;Slaný,Arbesova;50.22706;14.09962
20260701_091529_L188;20260701_091529;01.07.2026;09:05:00;188;7;5113;10;U663Z1P;Kavčí hory;50.04888;14.43366
20260701_091529_L136;20260701_091529;01.07.2026;09:03:00;136;2;6971;12;U344Z1P;Jižní Město;50.03149;14.50544
20260701_091529_L113;20260701_091529;01.07.2026;08:59:00;113;51;4077;16;U783Z1P;Písnice;50.00374;14.46487
20260701_091529_L199;20260701_091529;01.07.2026;09:03:00;199;1;3951;11;U418Z2P;Želivského;50.0772;14.4869
20260701_091529_L113;20260701_091529;01.07.2026;09:01:00;113;7;4059;15;U335Z2P;Kačerov;50.00778;14.46315
20260701_091529_L650;20260701_091529;01.07.2026;08:36:00;650;25;12555;37;U4803Z1;Litoměřice,žel.st.hor.;50.21572;14.07498
20260701_091529_L369;20260701_091529;01.07.2026;09:01:00;369;31;8232;11;U1958Z2;Praha,Ládví;50.19914;14.49595
20260701_092824_L650;20260701_092824;01.07.2026;09:14:00;650;19;1252;12;U4786Z2;Kladno,autobusové nádraží;50.2292;14.08668
20260701_092824_L136;20260701_092824;01.07.2026;09:13:00;136;18;6910;15;U680Z3P;Jižní Město;50.06837;14.46927
20260701_092824_L199;20260701_092824;01.07.2026;09:14:00;199;3;3964;12;U418Z2P;Želivského;50.07724;14.48461
20260701_092824_L136;20260701_092824;01.07.2026;09:16:00;136;23;5073;12;U512Z5P;Jižní Město;50.09031;14.46644
20260701_092824_L170;20260701_092824;01.07.2026;09:18:00;170;53;4031;10;U99Z1P;Jižní Město;50.0373;14.50885
20260701_092824_L113;20260701_092824;01.07.2026;09:09:00;113;7;4059;17;U488Z3P;Kačerov;50.03704;14.45688
20260701_092824_L113;20260701_092824;01.07.2026;09:15:00;113;11;4078;13;U369Z1P;Písnice;50.00048;14.4667
20260701_092824_L156;20260701_092824;01.07.2026;09:12:00;156;2;2037;16;U48Z2P;Malý Berlín;50.10303;14.44383
20260701_092824_L188;20260701_092824;01.07.2026;09:16:00;188;8;6730;10;U671Z3P;Kavčí hory;50.05439;14.48994
20260701_092824_L369;20260701_092824;01.07.2026;09:16:00;369;31;8232;12;U1393Z2;Praha,Ládví;50.14285;14.48319
20260701_092824_L534;20260701_092824;01.07.2026;08:58:00;534;28;7617;27;U6665Z1;Labské Chrčice;50.05124;15.40651
20260701_092824_L136;20260701_092824;01.07.2026;09:17:00;136;4;5019;12;U855Z1P;Jižní Město;50.07452;14.4628
20260701_092824_L136;20260701_092824;01.07.2026;09:18:00;136;58;6948;10;U151Z1P;Jižní Město;50.03205;14.53451
20260701_092824_L585;20260701_092824;01.07.2026;07:32:00;585;18;7035;113;U4201Z1;Poděbrady,žel.st.;50.14912;15.12323
20260701_092824_L458;20260701_092824;01.07.2026;09:11:00;458;24;7890;17;U32134Z2;Mladá Vožice,aut.st.;49.55516;14.845
20260701_092824_L650;20260701_092824;01.07.2026;08:36:00;650;25;12555;50;U4803Z1;Litoměřice,žel.st.hor.;50.21572;14.07498
20260701_092824_L408;20260701_092824;01.07.2026;09:03:00;408;62;47819;11;U2139Z1;Praha,Roztyly;49.90681;14.71093
20260701_092824_L770;20260701_092824;01.07.2026;09:07:00;770;41;7810;20;U4483Z3;Benešov,Terminál;49.78164;14.68207
20260701_092824_L433;20260701_092824;01.07.2026;09:14:00;433;26;8578;14;U2969Z1;Nymburk,Zálabí PVT;50.18583;15.04187
20260701_092824_L499;20260701_092824;01.07.2026;09:17:00;499;13;8698;11;U3030Z1;Mladá Boleslav,aut.st.;50.23946;15.02199
20260701_092824_L639;20260701_092824;01.07.2026;09:17:00;639;19;9440;11;U2916Z2;Hostomice,nám.;49.85046;14.01163
20260701_092824_L400;20260701_092824;01.07.2026;09:04:00;400;25;11695;19;U1793Z1;Praha,Střížkov;50.34784;14.48652
20260701_092824_L415;20260701_092824;01.07.2026;09:17:00;415;4;12436;11;U3143Z6;Kadaň,aut.nádr.;50.17317;13.74017
20260701_092824_L429;20260701_092824;01.07.2026;09:11:00;429;19;8883;17;U218Z2;Praha,Nádraží Veleslavín;50.09449;14.29489
20260701_092824_L399;20260701_092824;01.07.2026;09:18:00;399;2;1297;10;U4316Z1;Kladno,Energie;50.13037;14.13544
20260701_092824_L588;20260701_092824;01.07.2026;09:13:00;588;29;7703;12;U4786Z2;Slaný,aut.nádr.;50.22917;14.08801
20260701_092824_L315;20260701_092824;01.07.2026;09:10:00;315;1;8674;10;U3379Z2;Praha,Černý Most;50.25542;14.76919
20260701_092824_L316;20260701_092824;01.07.2026;09:13:00;316;3;8982;12;U199Z3;Praha,Bořislavka;50.10052;14.36274
20260701_092824_L324;20260701_092824;01.07.2026;09:13:00;324;20;8999;15;U4803Z1;Slaný,Rabasova;50.21293;14.07262
20260701_092824_L332;20260701_092824;01.07.2026;09:17:00;332;18;9940;10;U488Z7;Praha,Budějovická;50.03533;14.45596
20260701_092824_L339;20260701_092824;01.07.2026;09:15:00;339;16;9936;12;U50Z9;Týnec n.Sáz.,žel.st.;50.04294;14.45368
20260701_092824_L342;20260701_092824;01.07.2026;09:13:00;342;4;7692;14;U80Z4;Praha,Nádraží Veleslavín;50.09284;14.31926
20260701_092824_L300;20260701_092824;01.07.2026;09:06:00;300;29;8994;22;U4304Z1;Kladno,u kostela;50.15149;14.1812
20260701_092824_L300;20260701_092824;01.07.2026;09:06:00;300;22;8998;20;U80Z3;Smečno;50.11528;14.28492
20260701_092824_L300;20260701_092824;01.07.2026;09:06:00;300;10;8956;19;U85Z1;Praha,Nádraží Veleslavín;50.09572;14.34701
20260701_092824_L388;20260701_092824;01.07.2026;09:11:00;388;26;7705;17;U776Z2;Praha,Nádraží Veleslavín;50.10812;14.27797
20260701_092824_L389;20260701_092824;01.07.2026;09:15:00;389;10;7759;12;U4786Z2;Praha,Nádraží Veleslavín;50.22869;14.09067
20260701_092824_L400;20260701_092824;01.07.2026;09:12:00;400;58;1084;13;U1793Z3;Rumburk,žel.st.;50.3497;14.48888
20260701_092824_L406;20260701_092824;01.07.2026;09:06:00;406;33;7865;10;U2139Z1;Praha,Roztyly;49.90624;14.71212
20260701_092824_L384;20260701_092824;01.07.2026;09:17:00;384;23;9889;10;U9615Z2;Hořovice,nám.B.Němcové;49.84198;13.89553
20260701_092824_L154;20260701_092824;01.07.2026;09:18:00;154;5;4028;10;U729Z1P;Strašnická;50.01222;14.49004
20260701_093224_L389;20260701_093224;01.07.2026;09:17:00;389;10;7759;11;U4777Z8;Praha,Nádraží Veleslavín;50.22802;14.08813
20260701_093224_L384;20260701_093224;01.07.2026;09:22:00;384;23;9889;10;U9617Z2;Hořovice,nám.B.Němcové;49.83626;13.90316
20260701_093224_L585;20260701_093224;01.07.2026;07:32:00;585;18;7035;117;U4201Z1;Poděbrady,žel.st.;50.14912;15.12323
20260701_093224_L166;20260701_093224;01.07.2026;09:22:00;166;4;7985;10;U881Z1P;Domov seniorů Ďáblice;50.12089;14.47127
20260701_093224_L534;20260701_093224;01.07.2026;08:58:00;534;28;7617;32;U6665Z1;Labské Chrčice;50.05124;15.40651
20260701_093224_L332;20260701_093224;01.07.2026;09:17:00;332;18;9940;12;U488Z7;Praha,Budějovická;50.04255;14.45915
20260701_093224_L337;20260701_093224;01.07.2026;09:20:00;337;12;9127;12;U4176Z1;Praha,Budějovická;49.98405;14.49522
20260701_093224_L315;20260701_093224;01.07.2026;09:21:00;315;1;8674;11;U3261Z51;Praha,Černý Most;50.24973;14.76338
20260701_093224_L300;20260701_093224;01.07.2026;09:06:00;300;22;8998;21;U80Z3;Smečno;50.13455;14.25069
20260701_093224_L324;20260701_093224;01.07.2026;09:13:00;324;20;8999;19;U4803Z1;Slaný,Rabasova;50.21302;14.07268
20260701_093224_L415;20260701_093224;01.07.2026;09:19:00;415;4;12436;12;U3362Z2;Kadaň,aut.nádr.;50.19298;13.73357
20260701_093224_L589;20260701_093224;01.07.2026;09:18:00;589;8;7762;11;U9234Z1;Louny,ČSAD;50.28174;13.92171
20260701_093224_L752;20260701_093224;01.07.2026;09:18:00;752;99;7826;11;U1593Z2;Benešov,Terminál;49.83018;14.59065
20260701_093224_L154;20260701_093224;01.07.2026;09:18:00;154;5;4028;14;U729Z1P;Strašnická;50.01219;14.49009
20260701_093224_L136;20260701_093224;01.07.2026;09:22:00;136;4;5019;11;U680Z3P;Jižní Město;50.06885;14.46902
20260701_093224_L149;20260701_093224;01.07.2026;09:22:00;149;8;4178;10;U206Z1P;Stodůlky-Bavorská;50.06908;14.37738
20260701_093224_L136;20260701_093224;01.07.2026;09:17:00;136;18;6910;15;U183Z3P;Jižní Město;50.0561;14.47154
20260701_093224_L388;20260701_093224;01.07.2026;09:19:00;388;15;7755;12;U2867Z1;Slaný,Arbesova;50.22702;14.09995
20260701_093224_L203;20260701_093224;01.07.2026;09:19:00;203;8;1940;12;U729Z1P;Háje;50.01218;14.49023
20260701_093224_L101;20260701_093224;01.07.2026;09:20:00;101;3;2314;11;U825Z2P;Zentiva;50.0534;14.49314
20260701_093224_L188;20260701_093224;01.07.2026;09:21:00;188;8;6730;11;U1092Z2P;Kavčí hory;50.05683;14.47343
20260701_093224_L588;20260701_093224;01.07.2026;09:13:00;588;29;7703;18;U4786Z2;Slaný,aut.nádr.;50.22914;14.09012
20260701_093224_L136;20260701_093224;01.07.2026;09:19:00;136;23;5073;11;U743Z2P;Jižní Město;50.08369;14.45794
20260701_093224_L339;20260701_093224;01.07.2026;09:21:00;339;16;9936;11;U488Z6;Týnec n.Sáz.,žel.st.;50.03071;14.45486
20260701_093224_L369;20260701_093224;01.07.2026;09:19:00;369;31;8232;10;U651Z6;Praha,Ládví;50.12696;14.47283
20260701_093224_L639;20260701_093224;01.07.2026;09:20:00;639;19;9440;12;U9849Z1;Hostomice,nám.;49.85206;14.0344
20260701_093224_L400;20260701_093224;01.07.2026;09:04:00;400;25;11695;21;U1793Z1;Praha,Střížkov;50.33053;14.49951
20260701_093625_L101;20260701_093625;01.07.2026;09:26:00;101;1;2311;10;U2788Z1P;Skalka;50.08098;14.4459
20260701_093625_L101;20260701_093625;01.07.2026;09:25:00;101;3;2314;11;U760Z2P;Zentiva;50.05461;14.50736
20260701_093625_L114;20260701_093625;01.07.2026;09:26:00;114;3;5532;10;U611Z1P;Šeberák;50.01339;14.483
20260701_093625_L136;20260701_093625;01.07.2026;09:26:00;136;4;5019;11;U183Z3P;Jižní Město;50.0567;14.47129
20260701_093625_L136;20260701_093625;01.07.2026;09:21:00;136;23;5073;15;U516Z3P;Jižní Město;50.08246;14.45934
20260701_093625_L149;20260701_093625;01.07.2026;09:27:00;149;8;4178;10;U174Z1P;Stodůlky-Bavorská;50.0567;14.3698
20260701_093625_L154;20260701_093625;01.07.2026;09:18:00;154;5;4028;18;U729Z1P;Strašnická;50.01219;14.49009
20260701_093625_L166;20260701_093625;01.07.2026;09:25:00;166;4;7985;10;U78Z3P;Domov seniorů Ďáblice;50.12642;14.46759
20260701_093625_L170;20260701_093625;01.07.2026;09:26:00;170;3;3928;10;U417Z1P;Jižní Město;50.04288;14.48782
20260701_093625_L188;20260701_093625;01.07.2026;09:26:00;188;8;6730;10;U376Z1P;Kavčí hory;50.05522;14.45472
20260701_093625_L203;20260701_093625;01.07.2026;09:19:00;203;8;1940;16;U729Z1P;Háje;50.01218;14.49023
20260701_093625_L821;20260701_093625;01.07.2026;09:24:00;821;51;1607;11;U2387Z1;Sázava,aut.st.;49.90313;14.95052
20260701_093625_L322;20260701_093625;01.07.2026;09:22:00;322;17;8744;12;U5971Z2;Praha,Nádraží Veleslavín;50.11598;14.28576
20260701_093625_L335;20260701_093625;01.07.2026;09:22:00;335;1;9171;13;U488Z7;Praha,Budějovická;50.03494;14.45581
20260701_093625_L337;20260701_093625;01.07.2026;09:23:00;337;13;9364;10;U1564Z1;Benešov,Terminál;49.89837;14.60294
20260701_093625_L337;20260701_093625;01.07.2026;09:21:00;337;12;9127;14;U1522Z2;Praha,Budějovická;49.99089;14.49045
20260701_093625_L339;20260701_093625;01.07.2026;09:24:00;339;16;9936;11;U908Z1;Týnec n.Sáz.,žel.st.;50.01686;14.46837
20260701_093625_L388;20260701_093625;01.07.2026;09:19:00;388;15;7755;15;U2867Z1;Slaný,Arbesova;50.22709;14.09971
20260701_093625_L389;20260701_093625;01.07.2026;09:17:00;389;10;7759;15;U4777Z8;Praha,Nádraží Veleslavín;50.22849;14.09038
20260701_093625_L415;20260701_093625;01.07.2026;09:24:00;415;4;12436;11;U3372Z2;Kadaň,aut.nádr.;50.19582;13.70602
20260701_093625_L534;20260701_093625;01.07.2026;08:58:00;534;28;7617;35;U6665Z1;Labské Chrčice;50.05124;15.40651
20260701_093625_L585;20260701_093625;01.07.2026;07:32:00;585;18;7035;120;U4201Z1;Poděbrady,žel.st.;50.14912;15.12323
20260701_093625_L589;20260701_093625;01.07.2026;09:24:00;589;8;7762;12;U4850Z1;Louny,ČSAD;50.29509;13.91596
20260701_093625_L664;20260701_093625;01.07.2026;09:23:00;664;83;9823;13;U1616Z1;Vonoklasy,samoobsluha;49.95817;14.31829
20260701_094025_L101;20260701_094025;01.07.2026;09:29:00;101;3;2314;11;U2781Z1P;Zentiva;50.06218;14.50421
20260701_094025_L114;20260701_094025;01.07.2026;09:27:00;114;3;5532;13;U309Z1P;Šeberák;50.01287;14.48835
20260701_094025_L499;20260701_094025;01.07.2026;09:28:00;499;13;8698;10;U3039Z1;Mladá Boleslav,aut.st.;50.29739;15.01227
20260701_094025_L664;20260701_094025;01.07.2026;09:26:00;664;83;9823;12;U1618Z2;Vonoklasy,samoobsluha;49.95529;14.2899
20260701_094025_L388;20260701_094025;01.07.2026;09:19:00;388;15;7755;20;U2867Z1;Slaný,Arbesova;50.22809;14.09684
20260701_094025_L335;20260701_094025;01.07.2026;09:22:00;335;1;9171;15;U488Z7;Praha,Budějovická;50.04173;14.45929
20260701_094025_L337;20260701_094025;01.07.2026;09:28:00;337;13;9364;10;U1541Z1;Benešov,Terminál;49.89264;14.62296
20260701_094025_L356;20260701_094025;01.07.2026;09:28:00;356;33;8814;11;U5971Z2;Praha,Obchodní centrum Ruzyně;50.11583;14.28571
20260701_094025_L300;20260701_094025;01.07.2026;09:26:00;300;7;8965;10;U80Z3;Libušín,náměstí;50.13033;14.25961
20260701_094025_L330;20260701_094025;01.07.2026;09:30:00;330;17;1259;10;U462Z12;Kladno,autobusové nádraží;50.09549;14.34718
20260701_094025_L639;20260701_094025;01.07.2026;09:26:00;639;19;9440;12;U9813Z2;Hostomice,nám.;49.82599;14.04136
20260701_094025_L149;20260701_094025;01.07.2026;09:30:00;149;8;4178;10;U685Z3P;Stodůlky-Bavorská;50.05454;14.37143
20260701_094025_L155;20260701_094025;01.07.2026;09:29:00;155;46;9188;10;U128Z1P;Poliklinika Malešice;50.08679;14.49434
20260701_094025_L166;20260701_094025;01.07.2026;09:29:00;166;4;7985;11;U39Z2P;Domov seniorů Ďáblice;50.1325;14.4626
20260701_094025_L114;20260701_094025;01.07.2026;09:30:00;114;4;6726;11;U228Z4P;Zelený pruh;50.0415;14.46078
20260701_094025_L136;20260701_094025;01.07.2026;09:29:00;136;4;5019;11;U697Z3P;Jižní Město;50.04772;14.48194
20260701_094025_L154;20260701_094025;01.07.2026;09:18:00;154;5;4028;22;U729Z1P;Strašnická;50.01219;14.49009
20260701_094025_L328;20260701_094025;01.07.2026;09:29:00;328;5;1727;10;U1372Z2;Praha,Opatov;50.00669;14.56005
20260701_094025_L339;20260701_094025;01.07.2026;09:28:00;339;16;9936;11;U423Z1;Týnec n.Sáz.,žel.st.;50.00416;14.48103
20260701_094025_L410;20260701_094025;01.07.2026;09:29:00;410;9;11646;11;U6072Z1;Mimoň,aut.st.;50.47094;14.4724
20260701_094025_L322;20260701_094025;01.07.2026;09:26:00;322;17;8744;14;U628Z10;Praha,Nádraží Veleslavín;50.10751;14.26944
20260701_094025_L113;20260701_094025;01.07.2026;09:28:00;113;51;4077;10;U488Z3P;Kačerov;50.03499;14.4559
20260701_094025_L534;20260701_094025;01.07.2026;08:58:00;534;28;7617;39;U6665Z1;Labské Chrčice;50.05124;15.40651
20260701_094025_L203;20260701_094025;01.07.2026;09:19:00;203;8;1940;20;U729Z1P;Háje;50.01218;14.49023
20260701_094025_L188;20260701_094025;01.07.2026;09:28:00;188;8;6730;11;U263Z4P;Kavčí hory;50.06041;14.44936
20260701_094025_L188;20260701_094025;01.07.2026;09:30:00;188;9;5128;10;U920Z1P;Kavčí hory;50.05881;14.49348
20260701_094025_L101;20260701_094025;01.07.2026;09:28:00;101;1;2311;10;U209Z4P;Skalka;50.07765;14.45839
20260701_094025_L136;20260701_094025;01.07.2026;09:21:00;136;23;5073;19;U516Z3P;Jižní Město;50.08244;14.45934
20260701_094425_L101;20260701_094425;01.07.2026;09:33:00;101;1;2311;10;U855Z1P;Skalka;50.0746;14.46277
20260701_094425_L101;20260701_094425;01.07.2026;09:33:00;101;3;2314;11;U1076Z1P;Zentiva;50.07017;14.50968
20260701_094425_L114;20260701_094425;01.07.2026;09:33:00;114;4;6726;11;U1402Z1P;Zelený pruh;50.04842;14.45792
20260701_094425_L133;20260701_094425;01.07.2026;09:32:00;133;9;3967;10;U3018Z2P;Florenc;50.09231;14.44464
20260701_094425_L136;20260701_094425;01.07.2026;09:33:00;136;4;5019;11;U181Z1P;Jižní Město;50.03945;14.49056
20260701_094425_L136;20260701_094425;01.07.2026;09:21:00;136;23;5073;23;U516Z3P;Jižní Město;50.08244;14.45934
20260701_094425_L149;20260701_094425;01.07.2026;09:33:00;149;8;4178;10;U238Z1P;Stodůlky-Bavorská;50.0525;14.35963
20260701_094425_L150;20260701_094425;01.07.2026;09:35:00;150;3;5528;10;U129Z2P;Želivského;50.05099;14.4582
20260701_094425_L155;20260701_094425;01.07.2026;09:34:00;155;46;9188;10;U1018Z2P;Poliklinika Malešice;50.0873;14.50791
20260701_094425_L170;20260701_094425;01.07.2026;09:31:00;170;3;3928;12;U960Z2P;Jižní Město;50.04024;14.50826
20260701_094425_L188;20260701_094425;01.07.2026;09:33:00;188;8;6730;11;U385Z1P;Kavčí hory;50.05207;14.43903
20260701_094425_L203;20260701_094425;01.07.2026;09:19:00;203;8;1940;25;U2794Z1P;Háje;50.00939;14.49314
20260701_094425_L322;20260701_094425;01.07.2026;09:29:00;322;17;8744;14;U776Z2;Praha,Nádraží Veleslavín;50.10709;14.28663
20260701_094425_L324;20260701_094425;01.07.2026;09:33:00;324;29;8994;11;U2889Z3;Praha,Zličín;50.14126;14.08333
20260701_094425_L328;20260701_094425;01.07.2026;09:29:00;328;5;1727;11;U1372Z2;Praha,Opatov;50.01763;14.52131
20260701_094425_L330;20260701_094425;01.07.2026;09:30:00;330;17;1259;11;U462Z12;Kladno,autobusové nádraží;50.09389;14.33553
20260701_094425_L336;20260701_094425;01.07.2026;09:32:00;336;16;8795;11;U1643Z2;Praha,Zličín;50.05276;14.27558
20260701_094425_L337;20260701_094425;01.07.2026;09:32:00;337;13;9364;10;U1543Z1;Benešov,Terminál;49.86894;14.64061
20260701_094425_L339;20260701_094425;01.07.2026;09:32:00;339;16;9936;12;U1522Z1;Týnec n.Sáz.,žel.st.;49.98542;14.49408
20260701_094425_L347;20260701_094425;01.07.2026;09:31:00;347;21;8890;13;U610Z4;Praha,Motol;50.0784;14.34246
20260701_094425_L356;20260701_094425;01.07.2026;09:28:00;356;33;8814;13;U5971Z2;Praha,Obchodní centrum Ruzyně;50.10998;14.27349
20260701_094425_L399;20260701_094425;01.07.2026;09:31:00;399;3;1296;12;U80Z4;Praha,Nádraží Veleslavín;50.0928;14.31926
20260701_094425_L399;20260701_094425;01.07.2026;09:33:00;399;4;1298;10;U4316Z1;Kladno,Energie;50.12938;14.13198
20260701_094425_L410;20260701_094425;01.07.2026;09:34:00;410;9;11646;10;U6078Z1;Mimoň,aut.st.;50.49537;14.48709
20260701_094425_L499;20260701_094425;01.07.2026;09:34:00;499;13;8698;10;U6243Z2;Mladá Boleslav,aut.st.;50.31629;15.016
20260701_094425_L534;20260701_094425;01.07.2026;08:58:00;534;28;7617;43;U6665Z1;Labské Chrčice;50.05124;15.40651
20260701_094425_L580;20260701_094425;01.07.2026;09:34:00;580;18;7695;10;U9252Z1;Slaný,aut.nádr.;50.23116;14.03186
20260701_094425_L589;20260701_094425;01.07.2026;09:32:00;589;8;7762;10;U32420Z1;Louny,ČSAD;50.29272;13.86543
20260701_094825_L101;20260701_094825;01.07.2026;09:35:00;101;3;2314;13;U1066Z1P;Zentiva;50.06298;14.52695
20260701_094825_L114;20260701_094825;01.07.2026;09:37:00;114;4;6726;11;U50Z6P;Zelený pruh;50.04344;14.44961
20260701_094825_L136;20260701_094825;01.07.2026;09:37:00;136;4;5019;11;U106Z2P;Jižní Město;50.02797;14.50761
20260701_094825_L136;20260701_094825;01.07.2026;09:21:00;136;23;5073;27;U516Z3P;Jižní Město;50.08244;14.45934
20260701_094825_L136;20260701_094825;01.07.2026;09:37:00;136;5;5538;10;U518Z3P;Jižní Město;50.07592;14.45913
20260701_094825_L149;20260701_094825;01.07.2026;09:37:00;149;8;4178;11;U602Z4P;Stodůlky-Bavorská;50.05166;14.35113
20260701_094825_L150;20260701_094825;01.07.2026;09:37:00;150;3;5528;10;U376Z4P;Želivského;50.05653;14.46238
20260701_094825_L155;20260701_094825;01.07.2026;09:37:00;155;46;9188;10;U660Z4P;Poliklinika Malešice;50.08055;14.50828
20260701_094825_L170;20260701_094825;01.07.2026;09:36:00;170;3;3928;12;U43Z2P;Jižní Město;50.03524;14.51622
20260701_094825_L188;20260701_094825;01.07.2026;09:38:00;188;9;5128;11;U183Z1P;Kavčí hory;50.05693;14.46935
20260701_094825_L207;20260701_094825;01.07.2026;09:37:00;207;12;4132;10;U3018Z2P;Staroměstská;50.08913;14.44341
20260701_094825_L228;20260701_094825;01.07.2026;09:37:00;228;13;9118;10;U7040Z2P;Poliklinika Malešice;50.05544;14.58017
20260701_094825_L310;20260701_094825;01.07.2026;09:36:00;310;41;9614;11;U1142Z2;Praha,Zličín;50.0533;14.27771
20260701_094825_L318;20260701_094825;01.07.2026;09:38:00;318;45;7924;10;U337Z4;Praha,Smíchovské nádraží;50.05062;14.41007
20260701_094825_L328;20260701_094825;01.07.2026;09:29:00;328;5;1727;13;U1372Z2;Praha,Opatov;50.02385;14.5086
20260701_094825_L330;20260701_094825;01.07.2026;09:35:00;330;17;1259;12;U85Z9;Kladno,autobusové nádraží;50.09292;14.32019
20260701_094825_L337;20260701_094825;01.07.2026;09:36:00;337;13;9364;11;U1545Z1;Benešov,Terminál;49.8607;14.65748
20260701_094825_L339;20260701_094825;01.07.2026;09:38:00;339;16;9936;10;U1330Z1;Týnec n.Sáz.,žel.st.;49.96759;14.51456
20260701_094825_L347;20260701_094825;01.07.2026;09:34:00;347;21;8890;14;U306Z2;Praha,Motol;50.07436;14.3394
20260701_094825_L356;20260701_094825;01.07.2026;09:35:00;356;33;8814;13;U218Z2;Praha,Obchodní centrum Ruzyně;50.09656;14.29209
20260701_094825_L395;20260701_094825;01.07.2026;09:36:00;395;40;9878;10;U337Z4;Praha,Smíchovské nádraží;50.06059;14.40948
20260701_094825_L410;20260701_094825;01.07.2026;09:36:00;410;9;11646;10;U31056Z1;Mimoň,aut.st.;50.51789;14.49424
20260701_094825_L415;20260701_094825;01.07.2026;09:35:00;415;4;12436;10;U6408Z3;Kadaň,aut.nádr.;50.19245;13.63446
20260701_094825_L429;20260701_094825;01.07.2026;09:36:00;429;19;8883;11;U462Z14;Unhošť,nám.;50.09463;14.33983
20260701_094825_L461;20260701_094825;01.07.2026;09:36:00;461;21;1627;11;U1696Z1;Velké Popovice,Lojovice;49.94686;14.67329
20260701_094825_L499;20260701_094825;01.07.2026;09:36:00;499;13;8698;10;U6239Z2;Mladá Boleslav,aut.st.;50.34014;15.00719
20260701_094825_L534;20260701_094825;01.07.2026;08:58:00;534;28;7617;47;U6665Z1;Labské Chrčice;50.05124;15.40651
20260701_094825_L580;20260701_094825;01.07.2026;09:38:00;580;18;7695;10;U4836Z2;Slaný,aut.nádr.;50.23568;14.07438
20260701_094825_L600;20260701_094825;01.07.2026;09:37:00;600;22;8772;10;U1895Z1;Louny,aut.nádr.;50.13446;14.05532
20260701_094825_L760;20260701_094825;01.07.2026;09:35:00;760;60;8386;10;U31987Z1;Podbořany,aut.nádr.;50.22247;13.40723
20260701_094825_L773;20260701_094825;01.07.2026;09:36:00;773;3;7548;11;U5917Z1;Sázava,aut.st.;49.8735;14.90569
20260701_095226_L188;20260701_095226;01.07.2026;09:42:00;188;9;5128;10;U559Z1P;Kavčí hory;50.05792;14.4502
20260701_095226_L330;20260701_095226;01.07.2026;09:37:00;330;17;1259;14;U80Z3;Kladno,autobusové nádraží;50.09665;14.29603
20260701_095226_L337;20260701_095226;01.07.2026;09:40:00;337;13;9364;12;U1911Z2;Benešov,Terminál;49.8513;14.67527
20260701_095226_L150;20260701_095226;01.07.2026;09:40:00;150;3;5528;10;U183Z2P;Želivského;50.05846;14.47068
20260701_095226_L322;20260701_095226;01.07.2026;09:37:00;322;17;8744;15;U85Z1;Praha,Nádraží Veleslavín;50.09264;14.32399
20260701_095226_L332;20260701_095226;01.07.2026;09:42:00;332;30;9136;10;U799Z3;Praha,Budějovická;50.01183;14.47648
20260701_095226_L339;20260701_095226;01.07.2026;09:41:00;339;16;9936;11;U1531Z1;Týnec n.Sáz.,žel.st.;49.95194;14.53782
20260701_095226_L395;20260701_095226;01.07.2026;09:40:00;395;33;9913;10;U1851Z4;Praha,Smíchovské nádraží;49.78705;14.17419
20260701_095226_L207;20260701_095226;01.07.2026;09:42:00;207;12;4132;10;U32Z1P;Staroměstská;50.09007;14.43529
20260701_095226_L429;20260701_095226;01.07.2026;09:39:00;429;19;8883;13;U85Z9;Unhošť,nám.;50.09284;14.32072
20260701_095226_L580;20260701_095226;01.07.2026;09:41:00;580;18;7695;10;U4786Z2;Slaný,aut.nádr.;50.22942;14.08476
20260701_095226_L136;20260701_095226;01.07.2026;09:41:00;136;4;5019;11;U353Z1P;Jižní Město;50.02622;14.52146
20260701_095226_L760;20260701_095226;01.07.2026;09:35:00;760;60;8386;16;U31987Z1;Podbořany,aut.nádr.;50.22248;13.40723
20260701_095226_L149;20260701_095226;01.07.2026;09:42:00;149;8;4178;10;U786Z1P;Stodůlky-Bavorská;50.05591;14.32918
20260701_095226_L170;20260701_095226;01.07.2026;09:38:00;170;3;3928;14;U386Z1P;Jižní Město;50.03034;14.52457
20260701_095226_L228;20260701_095226;01.07.2026;09:41:00;228;13;9118;11;U107Z1P;Poliklinika Malešice;50.06367;14.59137
20260701_095226_L589;20260701_095226;01.07.2026;09:40:00;589;8;7762;10;U32417Z1;Louny,ČSAD;50.32158;13.86138
20260701_095226_L389;20260701_095226;01.07.2026;09:39:00;389;17;7756;12;U2867Z1;Chomutov,žel.st.;50.22696;14.10023
20260701_095226_L388;20260701_095226;01.07.2026;09:40:00;388;26;7705;10;U462Z4;Slaný,Arbesova;50.09621;14.34703
20260701_095226_L133;20260701_095226;01.07.2026;09:40:00;133;4;4161;11;U745Z2P;Florenc;50.08702;14.45032
20260701_095226_L400;20260701_095226;01.07.2026;09:41:00;400;51;1091;11;U1795Z2;Praha,Střížkov;50.3582;14.47334
20260701_095226_L114;20260701_095226;01.07.2026;09:41:00;114;4;6726;12;U796Z1P;Zelený pruh;50.03963;14.43037
20260701_095226_L136;20260701_095226;01.07.2026;09:39:00;136;6;5544;11;U1074Z4P;Jižní Město;50.09075;14.46809
20260701_095226_L534;20260701_095226;01.07.2026;08:58:00;534;28;7617;52;U6665Z1;Labské Chrčice;50.05124;15.40651
20260701_095226_L387;20260701_095226;01.07.2026;09:42:00;387;2;9374;10;U2157Z2;Praha,Háje;49.88045;15.06444
20260701_095226_L136;20260701_095226;01.07.2026;09:21:00;136;23;5073;31;U516Z3P;Jižní Město;50.08244;14.45934
20260701_095626_L133;20260701_095626;01.07.2026;09:43:00;133;4;4161;12;U3018Z2P;Florenc;50.08916;14.44342
20260701_095626_L136;20260701_095626;01.07.2026;09:44:00;136;4;5019;12;U151Z1P;Jižní Město;50.03204;14.53453
20260701_095626_L136;20260701_095626;01.07.2026;09:21:00;136;23;5073;35;U516Z3P;Jižní Město;50.08244;14.45934
20260701_095626_L136;20260701_095626;01.07.2026;09:45:00;136;6;5544;11;U743Z2P;Jižní Město;50.08653;14.4554
20260701_095626_L150;20260701_095626;01.07.2026;09:45:00;150;3;5528;10;U680Z4P;Želivského;50.06803;14.46977
20260701_095626_L188;20260701_095626;01.07.2026;09:46:00;188;9;5128;10;U640Z1P;Kavčí hory;50.0548;14.44272
20260701_095626_L188;20260701_095626;01.07.2026;09:44:00;188;6;6979;10;U418Z2P;Želivského;50.07716;14.48682
20260701_095626_L207;20260701_095626;01.07.2026;09:45:00;207;12;4132;11;U87Z2P;Staroměstská;50.09067;14.42783
20260701_095626_L228;20260701_095626;01.07.2026;09:41:00;228;13;9118;12;U107Z1P;Poliklinika Malešice;50.07161;14.57021
20260701_095626_L330;20260701_095626;01.07.2026;09:37:00;330;17;1259;16;U80Z3;Kladno,autobusové nádraží;50.10183;14.29512
20260701_095626_L332;20260701_095626;01.07.2026;09:42:00;332;30;9136;11;U799Z3;Praha,Budějovická;50.02134;14.46271
20260701_095626_L337;20260701_095626;01.07.2026;09:43:00;337;13;9364;13;U2158Z2;Benešov,Terminál;49.83643;14.67488
20260701_095626_L385;20260701_095626;01.07.2026;09:44:00;385;19;1620;10;U1371Z3;Praha,Opatov;50.00741;14.55658
20260701_095626_L387;20260701_095626;01.07.2026;09:42:00;387;2;9374;13;U2157Z2;Praha,Háje;49.87895;15.05471
20260701_095626_L388;20260701_095626;01.07.2026;09:40:00;388;26;7705;14;U462Z4;Slaný,Arbesova;50.09331;14.33233
20260701_095626_L389;20260701_095626;01.07.2026;09:39:00;389;17;7756;16;U2867Z1;Chomutov,žel.st.;50.22755;14.09814
20260701_095626_L395;20260701_095626;01.07.2026;09:43:00;395;33;9913;12;U2860Z2;Praha,Smíchovské nádraží;49.79296;14.18544
20260701_095626_L400;20260701_095626;01.07.2026;09:43:00;400;51;1091;10;U1794Z2;Praha,Střížkov;50.35073;14.48952
20260701_095626_L415;20260701_095626;01.07.2026;09:45:00;415;4;12436;10;U32230Z1;Kadaň,aut.nádr.;50.2113;13.58883
20260701_095626_L429;20260701_095626;01.07.2026;09:41:00;429;19;8883;13;U80Z3;Unhošť,nám.;50.09519;14.29421
20260701_095626_L534;20260701_095626;01.07.2026;08:58:00;534;28;7617;55;U6665Z1;Labské Chrčice;50.05124;15.40651
20260701_095626_L580;20260701_095626;01.07.2026;09:41:00;580;18;7695;14;U4786Z2;Slaný,aut.nádr.;50.22924;14.08779
20260701_095626_L589;20260701_095626;01.07.2026;09:46:00;589;8;7762;10;U32496Z1;Louny,ČSAD;50.34642;13.81837
20260701_095626_L686;20260701_095626;01.07.2026;09:43:00;686;34;8034;11;U2315Z1;Úvaly,žel.st.;50.07425;14.72299
20260701_095626_L760;20260701_095626;01.07.2026;09:35:00;760;60;8386;18;U31987Z1;Podbořany,aut.nádr.;50.22248;13.40722
20260701_100026_L207;20260701_100026;01.07.2026;09:49:00;207;12;4132;11;U593Z1P;Staroměstská;50.09207;14.4177
20260701_100026_L399;20260701_100026;01.07.2026;09:47:00;399;1;1295;11;U80Z3;Kladno,Energie;50.10176;14.29517
20260701_100026_L324;20260701_100026;01.07.2026;09:49:00;324;20;8999;11;U4783Z1;Praha,Zličín;50.22866;14.06896
20260701_100026_L387;20260701_100026;01.07.2026;09:47:00;387;2;9374;12;U2159Z2;Praha,Háje;49.87495;15.01334
20260701_100026_L620;20260701_100026;01.07.2026;09:45:00;620;12;8431;14;U2918Z2;Kladno,autobusové nádraží;50.2298;14.24269
20260701_100026_L588;20260701_100026;01.07.2026;09:48:00;588;18;7695;12;U4777Z2;Milý,Bor;50.22843;14.08845
20260701_100026_L395;20260701_100026;01.07.2026;09:46:00;395;33;9913;12;U1977Z2;Praha,Smíchovské nádraží;49.81069;14.21046
20260701_100026_L395;20260701_100026;01.07.2026;09:50:00;395;39;9871;10;U9734Z2;Praha,Smíchovské nádraží;49.68054;14.00186
20260701_100026_L429;20260701_100026;01.07.2026;09:45:00;429;19;8883;13;U416Z1;Unhošť,nám.;50.10814;14.27676
20260701_100026_L150;20260701_100026;01.07.2026;09:46:00;150;3;5528;11;U29Z2P;Želivského;50.07789;14.47334
20260701_100026_L328;20260701_100026;01.07.2026;09:49:00;328;5;1727;10;U106Z1;Modletice,Doubravice;50.02271;14.50874
20260701_100026_L337;20260701_100026;01.07.2026;09:47:00;337;13;9364;13;U1391Z1;Benešov,Terminál;49.8301;14.69016
20260701_100026_L365;20260701_100026;01.07.2026;09:48:00;365;12;8832;12;U610Z4;Praha,Motol;50.07882;14.34381
20260701_100026_L385;20260701_100026;01.07.2026;09:44:00;385;19;1620;12;U1371Z3;Praha,Opatov;50.01431;14.52988
20260701_100026_L388;20260701_100026;01.07.2026;09:45:00;388;26;7705;14;U80Z3;Slaný,Arbesova;50.09376;14.29662
20260701_100026_L300;20260701_100026;01.07.2026;09:46:00;300;1;8992;12;U85Z1;Praha,Nádraží Veleslavín;50.09389;14.33638
20260701_100026_L332;20260701_100026;01.07.2026;09:47:00;332;30;9136;13;U488Z7;Praha,Budějovická;50.03141;14.45503
20260701_100026_L228;20260701_100026;01.07.2026;09:48:00;228;13;9118;11;U794Z2P;Poliklinika Malešice;50.07065;14.54631
20260701_100026_L489;20260701_100026;01.07.2026;09:49:00;489;38;1632;10;U2055Z1;Louňovice;49.93735;14.71328
20260701_100026_L760;20260701_100026;01.07.2026;09:35:00;760;60;8386;22;U31987Z1;Podbořany,aut.nádr.;50.22248;13.40722
20260701_100026_L114;20260701_100026;01.07.2026;09:50:00;114;1;5069;10;U228Z4P;Zelený pruh;50.04157;14.46086
20260701_100026_L330;20260701_100026;01.07.2026;09:37:00;330;17;1259;20;U80Z3;Kladno,autobusové nádraží;50.11555;14.28433
20260701_100026_L686;20260701_100026;01.07.2026;09:43:00;686;34;8034;14;U2315Z1;Úvaly,žel.st.;50.07425;14.72299
20260701_100026_L110;20260701_100026;01.07.2026;09:45:00;110;7;8094;11;U499Z5P;Dolní Počernice;50.10494;14.53127
20260701_100026_L315;20260701_100026;01.07.2026;09:50:00;315;9;8678;10;U2199Z1;Benátky n.Jiz.,aut.st.;50.22026;14.76469
20260701_100026_L188;20260701_100026;01.07.2026;09:50:00;188;9;5128;10;U663Z1P;Kavčí hory;50.04883;14.4345
20260701_100026_L136;20260701_100026;01.07.2026;09:49:00;136;6;5544;11;U118Z4P;Jižní Město;50.07873;14.46068
20260701_100026_L534;20260701_100026;01.07.2026;08:58:00;534;28;7617;59;U6665Z1;Labské Chrčice;50.05124;15.40651
20260701_100026_L136;20260701_100026;01.07.2026;09:21:00;136;23;5073;39;U516Z3P;Jižní Město;50.08244;14.45934
20260701_100026_L670;20260701_100026;01.07.2026;09:50:00;670;27;8072;10;U1829Z2;Mečeříž;50.19757;14.67902
20260701_100427_L110;20260701_100427;01.07.2026;09:53:00;110;7;8094;10;U72Z8P;Dolní Počernice;50.10695;14.55314
20260701_100427_L136;20260701_100427;01.07.2026;09:21:00;136;23;5073;43;U516Z3P;Jižní Město;50.08244;14.45934
20260701_100427_L136;20260701_100427;01.07.2026;09:53:00;136;6;5544;10;U855Z1P;Jižní Město;50.07446;14.4639
20260701_100427_L199;20260701_100427;01.07.2026;09:51:00;199;3;3964;11;U418Z2P;Želivského;50.07721;14.48646
20260701_100427_L203;20260701_100427;01.07.2026;09:54:00;203;3;1945;10;U271Z2P;Háje;50.01731;14.50108
20260701_100427_L228;20260701_100427;01.07.2026;09:50:00;228;13;9118;11;U1014Z2P;Poliklinika Malešice;50.06984;14.54316
20260701_100427_L300;20260701_100427;01.07.2026;09:51:00;300;12;8797;11;U80Z3;Hřebeč;50.10653;14.29334
20260701_100427_L332;20260701_100427;01.07.2026;09:47:00;332;30;9136;14;U488Z7;Praha,Budějovická;50.03819;14.45785
20260701_100427_L365;20260701_100427;01.07.2026;09:51:00;365;12;8832;12;U306Z2;Praha,Motol;50.0701;14.33496
20260701_100427_L383;20260701_100427;01.07.2026;09:54:00;383;31;9174;10;U1885Z1;Chocerady;50.00398;14.65863
20260701_100427_L387;20260701_100427;01.07.2026;09:51:00;387;2;9374;12;U2162Z2;Praha,Háje;49.88573;14.97281
20260701_100427_L388;20260701_100427;01.07.2026;09:53:00;388;9;7754;11;U2867Z2;Praha,Nádraží Veleslavín;50.22597;14.10632
20260701_100427_L388;20260701_100427;01.07.2026;09:51:00;388;26;7705;13;U776Z3;Slaný,Arbesova;50.10884;14.27531
20260701_100427_L395;20260701_100427;01.07.2026;09:54:00;395;39;9871;10;U3287Z13;Praha,Smíchovské nádraží;49.69085;14.0034
20260701_100427_L399;20260701_100427;01.07.2026;09:47:00;399;1;1295;15;U80Z3;Kladno,Energie;50.10675;14.29328
20260701_100427_L429;20260701_100427;01.07.2026;09:50:00;429;19;8883;13;U628Z10;Unhošť,nám.;50.10938;14.27405
20260701_100427_L430;20260701_100427;01.07.2026;09:52:00;430;8;8566;11;U5914Z1;Lysá n.L.,žel.st.;50.23154;14.84982
20260701_100427_L534;20260701_100427;01.07.2026;08:58:00;534;28;7617;63;U6665Z1;Labské Chrčice;50.05124;15.40651
20260701_100427_L588;20260701_100427;01.07.2026;09:48:00;588;18;7695;15;U4777Z2;Milý,Bor;50.22809;14.08828
20260701_100427_L589;20260701_100427;01.07.2026;09:54:00;589;8;7762;10;U4857Z1;Louny,ČSAD;50.35654;13.79254
20260701_100427_L594;20260701_100427;01.07.2026;09:52:00;594;4;7306;11;U2867Z1;Slaný,aut.nádr.;50.22737;14.09871
20260701_100427_L670;20260701_100427;01.07.2026;09:52:00;670;27;8072;10;U3001Z2;Mečeříž;50.208;14.69698
20260701_100427_L686;20260701_100427;01.07.2026;09:43:00;686;34;8034;18;U2315Z1;Úvaly,žel.st.;50.07425;14.72299
20260701_100427_L760;20260701_100427;01.07.2026;09:35:00;760;60;8386;26;U31987Z1;Podbořany,aut.nádr.;50.22249;13.40722
20260701_100827_L110;20260701_100827;01.07.2026;09:58:00;110;7;8094;10;U313Z1P;Dolní Počernice;50.09754;14.5484
20260701_100827_L114;20260701_100827;01.07.2026;09:58:00;114;1;5069;10;U950Z1P;Zelený pruh;50.04152;14.44347
20260701_100827_L136;20260701_100827;01.07.2026;09:21:00;136;23;5073;44;U516Z3P;Jižní Město;50.08244;14.45934
20260701_100827_L228;20260701_100827;01.07.2026;09:56:00;228;13;9118;11;U358Z4P;Poliklinika Malešice;50.07746;14.51861
20260701_100827_L300;20260701_100827;01.07.2026;09:51:00;300;12;8797;15;U80Z3;Hřebeč;50.1091;14.29165
20260701_100827_L315;20260701_100827;01.07.2026;09:58:00;315;2;8670;10;U3265Z1;Praha,Černý Most;50.34553;14.87068
20260701_100827_L315;20260701_100827;01.07.2026;09:57:00;315;9;8678;10;U2473Z1;Benátky n.Jiz.,aut.st.;50.22558;14.80018
20260701_100827_L328;20260701_100827;01.07.2026;09:56:00;328;5;1727;10;U2558Z1;Modletice,Doubravice;50.00547;14.57427
20260701_100827_L337;20260701_100827;01.07.2026;09:54:00;337;13;9364;13;U2139Z2;Benešov,Terminál;49.7879;14.68386
20260701_100827_L387;20260701_100827;01.07.2026;09:56:00;387;2;9374;12;U2161Z2;Praha,Háje;49.9021;14.932
20260701_100827_L388;20260701_100827;01.07.2026;09:56:00;388;9;7754;10;U4774Z2;Praha,Nádraží Veleslavín;50.20529;14.13816
20260701_100827_L388;20260701_100827;01.07.2026;09:51:00;388;26;7705;16;U776Z3;Slaný,Arbesova;50.11794;14.28048
20260701_100827_L395;20260701_100827;01.07.2026;09:54:00;395;39;9871;12;U3287Z13;Praha,Smíchovské nádraží;49.68923;14.00844
20260701_100827_L399;20260701_100827;01.07.2026;09:47:00;399;1;1295;18;U80Z3;Kladno,Energie;50.10913;14.29167
20260701_100827_L408;20260701_100827;01.07.2026;09:54:00;408;68;7809;14;U6482Z2;Tábor,aut.nádr.;49.61307;14.5712
20260701_100827_L429;20260701_100827;01.07.2026;09:54:00;429;19;8883;14;U5971Z1;Unhošť,nám.;50.12342;14.28304
20260701_100827_L430;20260701_100827;01.07.2026;09:58:00;430;8;8566;10;U2445Z2;Lysá n.L.,žel.st.;50.20818;14.8448
20260701_100827_L588;20260701_100827;01.07.2026;09:48:00;588;18;7695;19;U4777Z2;Milý,Bor;50.2284;14.09003
20260701_100827_L594;20260701_100827;01.07.2026;09:53:00;594;4;7306;15;U4776Z1;Slaný,aut.nádr.;50.22802;14.09628
20260701_100827_L640;20260701_100827;01.07.2026;09:57:00;640;15;9540;10;U9812Z2;Hostomice,nám.;49.82579;14.0424
20260701_100827_L686;20260701_100827;01.07.2026;09:43:00;686;34;8034;22;U2315Z1;Úvaly,žel.st.;50.07425;14.72299
20260701_100827_L760;20260701_100827;01.07.2026;09:35:00;760;60;8386;32;U31987Z1;Podbořany,aut.nádr.;50.22249;13.40722
20260701_101227_L110;20260701_101227;01.07.2026;10:01:00;110;7;8094;11;U318Z1P;Dolní Počernice;50.08869;14.55115
20260701_101227_L113;20260701_101227;01.07.2026;10:02:00;113;5;3723;10;U546Z1P;Písnice;49.99314;14.46795
20260701_101227_L188;20260701_101227;01.07.2026;09:59:00;188;7;5113;10;U418Z2P;Želivského;50.07739;14.48293
20260701_101227_L228;20260701_101227;01.07.2026;10:00:00;228;13;9118;11;U1071Z7P;Poliklinika Malešice;50.07794;14.51
20260701_101227_L300;20260701_101227;01.07.2026;09:51:00;300;12;8797;17;U80Z3;Hřebeč;50.12752;14.26443
20260701_101227_L315;20260701_101227;01.07.2026;10:00:00;315;9;8678;10;U2475Z1;Benátky n.Jiz.,aut.st.;50.25021;14.78657
20260701_101227_L328;20260701_101227;01.07.2026;10:00:00;328;5;1727;11;U1376Z1;Modletice,Doubravice;49.99592;14.58601
20260701_101227_L339;20260701_101227;01.07.2026;10:02:00;339;25;9361;10;U488Z7;Praha,Budějovická;50.03055;14.45512
20260701_101227_L387;20260701_101227;01.07.2026;09:57:00;387;2;9374;12;U2160Z2;Praha,Háje;49.92058;14.90103
20260701_101227_L395;20260701_101227;01.07.2026;09:58:00;395;39;9871;14;U9712Z2;Praha,Smíchovské nádraží;49.68985;14.0144
20260701_101227_L399;20260701_101227;01.07.2026;09:47:00;399;1;1295;20;U80Z3;Kladno,Energie;50.12881;14.26228
20260701_101227_L408;20260701_101227;01.07.2026;09:57:00;408;68;7809;14;U9374Z1;Tábor,aut.nádr.;49.60141;14.58198
20260701_101227_L427;20260701_101227;01.07.2026;09:59:00;427;3;11611;13;U31050Z13;Mimoň,Žitavská;50.66059;14.72292
20260701_101227_L430;20260701_101227;01.07.2026;10:01:00;430;8;8566;11;U2431Z2;Lysá n.L.,žel.st.;50.19929;14.84122
20260701_101227_L433;20260701_101227;01.07.2026;10:02:00;433;26;8578;10;U3076Z1;Pečky,žel.st.;50.19346;15.03457
20260701_101227_L588;20260701_101227;01.07.2026;09:48:00;588;18;7695;23;U4777Z2;Milý,Bor;50.22929;14.08916
20260701_101227_L594;20260701_101227;01.07.2026;09:53:00;594;4;7306;16;U4776Z1;Slaný,aut.nádr.;50.22889;14.09248
20260701_101227_L640;20260701_101227;01.07.2026;09:57:00;640;15;9540;14;U9812Z2;Hostomice,nám.;49.82579;14.0424
20260701_101227_L670;20260701_101227;01.07.2026;09:59:00;670;27;8072;11;U1468Z1;Mečeříž;50.25186;14.69617
20260701_101227_L676;20260701_101227;01.07.2026;10:00:00;676;32;8593;10;U2973Z5;Loučeň;50.18944;15.04085
20260701_101227_L686;20260701_101227;01.07.2026;09:43:00;686;34;8034;26;U2315Z1;Úvaly,žel.st.;50.07425;14.72299
20260701_101227_L760;20260701_101227;01.07.2026;09:35:00;760;60;8386;36;U31987Z1;Podbořany,aut.nádr.;50.22249;13.40721
20260701_101628_L110;20260701_101628;01.07.2026;10:05:00;110;7;8094;11;U349Z1P;Dolní Počernice;50.08754;14.56408
20260701_101628_L136;20260701_101628;01.07.2026;10:06:00;136;19;5526;11;U518Z3P;Jižní Město;50.07661;14.4588
20260701_101628_L191;20260701_101628;01.07.2026;10:06:00;191;16;3719;10;U629Z3P;Letiště / Airport ✈;50.10488;14.26926
20260701_101628_L195;20260701_101628;01.07.2026;10:05:00;195;5;6790;11;U326Z2P;Jesenická;50.13777;14.51692
20260701_101628_L199;20260701_101628;01.07.2026;10:06:00;199;2;3960;10;U161Z1P;Sídliště Malešice;50.08141;14.49707
20260701_101628_L203;20260701_101628;01.07.2026;10:03:00;203;3;1945;11;U601Z3P;Háje;50.0404;14.48277
20260701_101628_L203;20260701_101628;01.07.2026;10:04:00;203;8;1940;12;U4133Z1P;Poliklinika Budějovická;50.02695;14.53052
20260701_101628_L801;20260701_101628;01.07.2026;10:05:00;801;4;1824;11;U9424Z1;Starý Kolín,žel.zast.;49.96148;15.29191
20260701_101628_L300;20260701_101628;01.07.2026;10:06:00;300;5;8966;10;U85Z1;Praha,Nádraží Veleslavín;50.09268;14.32355
20260701_101628_L315;20260701_101628;01.07.2026;10:04:00;315;9;8678;10;U3262Z1;Benátky n.Jiz.,aut.st.;50.26483;14.79669
20260701_101628_L328;20260701_101628;01.07.2026;10:05:00;328;5;1727;11;U1263Z4;Modletice,Doubravice;49.98179;14.57889
20260701_101628_L332;20260701_101628;01.07.2026;10:03:00;332;27;9948;12;U1332Z2;Praha,Budějovická;49.97072;14.50718
20260701_101628_L387;20260701_101628;01.07.2026;10:04:00;387;2;9374;12;U1987Z2;Praha,Háje;49.94645;14.88323
20260701_101628_L395;20260701_101628;01.07.2026;10:01:00;395;39;9871;14;U9661Z2;Praha,Smíchovské nádraží;49.69193;14.03869
20260701_101628_L406;20260701_101628;01.07.2026;10:01:00;406;4;7936;10;U1384Z1;Praha,Roztyly;49.78715;14.68403
20260701_101628_L408;20260701_101628;01.07.2026;10:01:00;408;68;7809;13;U6770Z1;Tábor,aut.nádr.;49.58187;14.54441
20260701_101628_L433;20260701_101628;01.07.2026;10:04:00;433;26;8578;12;U3089Z2;Pečky,žel.st.;50.18799;15.02975
20260701_101628_L640;20260701_101628;01.07.2026;09:57:00;640;15;9540;18;U9812Z2;Hostomice,nám.;49.82579;14.0424
20260701_101628_L670;20260701_101628;01.07.2026;10:02:00;670;27;8072;11;U1471Z1;Mečeříž;50.27269;14.7198
20260701_101628_L676;20260701_101628;01.07.2026;10:02:00;676;32;8593;13;U3078Z1;Loučeň;50.19106;15.03667
20260701_101628_L686;20260701_101628;01.07.2026;09:43:00;686;34;8034;30;U2315Z1;Úvaly,žel.st.;50.07425;14.72299
20260701_101628_L760;20260701_101628;01.07.2026;09:35:00;760;60;8386;38;U31987Z1;Podbořany,aut.nádr.;50.22249;13.40722
20260701_102028_L125;20260701_102028;01.07.2026;10:08:00;125;7;6768;12;U337Z4P;Smíchovské nádraží;50.05108;14.40967
20260701_102028_L146;20260701_102028;01.07.2026;10:09:00;146;4;9122;11;U575Z1P;Vinice Hrdlořezy;50.08015;14.48764
20260701_102028_L155;20260701_102028;01.07.2026;10:09:00;155;46;9188;10;U921Z7P;Nemocnice Vinohrady;50.07807;14.47583
20260701_102028_L172;20260701_102028;01.07.2026;10:06:00;172;1;3652;10;U355Z2P;Smíchovské nádraží;50.04871;14.41047
20260701_102028_L191;20260701_102028;01.07.2026;10:09:00;191;4;4193;11;U628Z5P;Klamovka;50.1071;14.26805
20260701_102028_L195;20260701_102028;01.07.2026;10:10:00;195;5;6790;10;U1000Z3P;Jesenická;50.12553;14.51656
20260701_102028_L203;20260701_102028;01.07.2026;10:08:00;203;3;1945;12;U424Z1P;Háje;50.03259;14.50167
20260701_102028_L203;20260701_102028;01.07.2026;10:08:00;203;8;1940;12;U386Z12P;Poliklinika Budějovická;50.03185;14.52326
20260701_102028_L801;20260701_102028;01.07.2026;10:08:00;801;4;1824;10;U9367Z1;Starý Kolín,žel.zast.;49.96474;15.30016
20260701_102028_L300;20260701_102028;01.07.2026;10:06:00;300;10;8956;10;U80Z3;Kladno,u kostela;50.12866;14.26256
20260701_102028_L307;20260701_102028;01.07.2026;10:10:00;307;10;8991;10;U1141Z2;Unhošť,nám.;50.05495;14.29037
20260701_102028_L315;20260701_102028;01.07.2026;10:08:00;315;9;8678;12;U5985Z2;Benátky n.Jiz.,aut.st.;50.28155;14.8243
20260701_102028_L318;20260701_102028;01.07.2026;10:08:00;318;9;7955;12;U337Z4;Praha,Smíchovské nádraží;50.05232;14.40919
20260701_102028_L328;20260701_102028;01.07.2026;10:07:00;328;5;1727;11;U7812Z2;Modletice,Doubravice;49.97597;14.57039
20260701_102028_L387;20260701_102028;01.07.2026;10:08:00;387;2;9374;11;U2165Z2;Praha,Háje;49.97618;14.88153
20260701_102028_L388;20260701_102028;01.07.2026;10:06:00;388;26;7705;14;U4774Z1;Slaný,Arbesova;50.21824;14.12362
20260701_102028_L394;20260701_102028;01.07.2026;10:10:00;394;21;9890;10;U1747Z1;Zdice,nám.;49.95343;14.04987
20260701_102028_L406;20260701_102028;01.07.2026;10:06:00;406;4;7936;12;U2139Z1;Praha,Roztyly;49.81118;14.68173
20260701_102028_L433;20260701_102028;01.07.2026;10:07:00;433;26;8578;13;U3141Z1;Pečky,žel.st.;50.18064;15.02606
20260701_102028_L640;20260701_102028;01.07.2026;09:57:00;640;15;9540;21;U9812Z2;Hostomice,nám.;49.82579;14.0424
20260701_102028_L678;20260701_102028;01.07.2026;10:05:00;678;32;8577;15;U2579Z7;Pečky,žel.st.;50.14826;15.12459
20260701_102028_L686;20260701_102028;01.07.2026;09:43:00;686;34;8034;34;U2315Z1;Úvaly,žel.st.;50.07425;14.72299
20260701_102028_L760;20260701_102028;01.07.2026;09:35:00;760;60;8386;44;U31987Z1;Podbořany,aut.nádr.;50.22249;13.40724
20260701_102428_L146;20260701_102428;01.07.2026;10:13:00;146;4;9122;10;U834Z1P;Vinice Hrdlořezy;50.08688;14.48687
20260701_102428_L388;20260701_102428;01.07.2026;10:09:00;388;26;7705;13;U2867Z1;Slaný,Arbesova;50.22701;14.09937
20260701_102428_L328;20260701_102428;01.07.2026;10:12:00;328;5;1727;12;U1864Z1;Modletice,Doubravice;49.97105;14.59228
20260701_102428_L387;20260701_102428;01.07.2026;10:12:00;387;2;9374;12;U1978Z2;Praha,Háje;49.99038;14.86334
20260701_102428_L307;20260701_102428;01.07.2026;10:13:00;307;10;8991;11;U1643Z1;Unhošť,nám.;50.05062;14.27198
20260701_102428_L558;20260701_102428;01.07.2026;10:11:00;558;73;7920;12;U5354Z1;Votice,aut.st.;49.67066;14.62715
20260701_102428_L203;20260701_102428;01.07.2026;10:12:00;203;3;1945;12;U43Z2P;Háje;50.03534;14.51658
20260701_102428_L191;20260701_102428;01.07.2026;10:12:00;191;4;4193;12;U776Z2P;Klamovka;50.1085;14.27842
20260701_102428_L433;20260701_102428;01.07.2026;10:10:00;433;26;8578;14;U3145Z1;Pečky,žel.st.;50.18385;15.03524
20260701_102428_L676;20260701_102428;01.07.2026;10:11:00;676;32;8593;12;U9553Z2;Loučeň;50.21155;15.05621
20260701_102428_L686;20260701_102428;01.07.2026;09:43:00;686;34;8034;38;U2315Z1;Úvaly,žel.st.;50.07425;14.72299
20260701_102428_L760;20260701_102428;01.07.2026;09:35:00;760;60;8386;46;U31987Z1;Podbořany,aut.nádr.;50.22244;13.40718
20260701_102428_L429;20260701_102428;01.07.2026;10:09:00;429;19;8883;14;U2132Z2;Unhošť,nám.;50.11394;14.20155
20260701_102428_L170;20260701_102428;01.07.2026;10:13:00;170;51;3859;10;U386Z1P;Jižní Město;50.03039;14.5278
20260701_102428_L195;20260701_102428;01.07.2026;10:14:00;195;5;6790;10;U603Z2P;Jesenická;50.11869;14.49962
20260701_102428_L408;20260701_102428;01.07.2026;10:13:00;408;68;7809;11;U7953Z1;Tábor,aut.nádr.;49.56052;14.50723
20260701_102428_L858;20260701_102428;01.07.2026;10:13:00;858;67;8713;10;U4906Z1;Slaný,gymnázium;50.1967;14.368
20260701_102428_L394;20260701_102428;01.07.2026;10:14:00;394;21;9890;10;U4972Z2;Zdice,nám.;49.94559;14.03301
20260701_102828_L300;20260701_102828;01.07.2026;10:16:00;300;10;8956;10;U4302Z52;Kladno,u kostela;50.14938;14.18172
20260701_102828_L146;20260701_102828;01.07.2026;10:16:00;146;4;9122;11;U266Z3P;Vinice Hrdlořezy;50.09175;14.49823
20260701_102828_L558;20260701_102828;01.07.2026;10:18:00;558;73;7920;10;U6516Z1;Votice,aut.st.;49.65003;14.63262
20260701_102828_L190;20260701_102828;01.07.2026;10:16:00;190;4;5136;12;U337Z4P;Smíchovské nádraží;50.05106;14.40965
20260701_102828_L676;20260701_102828;01.07.2026;10:15:00;676;32;8593;11;U9555Z2;Loučeň;50.22632;15.05183
20260701_102828_L400;20260701_102828;01.07.2026;10:14:00;400;5;11656;12;U6078Z2;Praha,Střížkov;50.486;14.48462
20260701_102828_L307;20260701_102828;01.07.2026;10:16:00;307;10;8991;11;U1644Z1;Unhošť,nám.;50.03956;14.24694
20260701_102828_L191;20260701_102828;01.07.2026;10:18:00;191;4;4193;10;U1295Z2P;Klamovka;50.09327;14.29242
20260701_102828_L129;20260701_102828;01.07.2026;10:18:00;129;16;3728;10;U337Z4P;Smíchovské nádraží;50.05109;14.40967
20260701_102828_L388;20260701_102828;01.07.2026;10:09:00;388;26;7705;17;U2867Z1;Slaný,Arbesova;50.22812;14.0965
20260701_102828_L387;20260701_102828;01.07.2026;10:15:00;387;2;9374;12;U2016Z2;Praha,Háje;49.99421;14.86021
20260701_102828_L858;20260701_102828;01.07.2026;10:16:00;858;67;8713;10;U1914Z2;Slaný,gymnázium;50.18628;14.35159
20260701_102828_L328;20260701_102828;01.07.2026;10:16:00;328;5;1727;11;U1172Z1;Modletice,Doubravice;49.97404;14.60369
20260701_102828_L136;20260701_102828;01.07.2026;10:18:00;136;19;5526;10;U751Z2P;Jižní Město;50.05261;14.47513
20260701_102828_L203;20260701_102828;01.07.2026;10:17:00;203;3;1945;11;U386Z1P;Háje;50.03087;14.52411
20260701_102828_L617;20260701_102828;01.07.2026;10:17:00;617;26;8971;10;U3094Z2;Kladno,autobusové nádraží;50.14328;14.10283
20260701_102828_L408;20260701_102828;01.07.2026;10:16:00;408;64;7931;10;U31870Z2;Praha,Roztyly;49.44423;14.60342
20260701_102828_L686;20260701_102828;01.07.2026;09:43:00;686;34;8034;42;U2315Z1;Úvaly,žel.st.;50.07425;14.72299
20260701_103229_L840;20260701_103229;01.07.2026;10:21:00;840;12;7853;10;U5788Z1;Vlašim,žel.st.;49.70342;14.88441
20260701_103229_L858;20260701_103229;01.07.2026;10:21:00;858;67;8713;10;U1691Z1;Slaný,gymnázium;50.19088;14.31359
20260701_103229_L498;20260701_103229;01.07.2026;10:20:00;498;35;8690;11;U4192Z1;Poděbrady,žel.st.;50.0954;15.06096
20260701_103229_L146;20260701_103229;01.07.2026;10:20:00;146;4;9122;12;U4261Z1P;Vinice Hrdlořezy;50.09732;14.5111
20260701_103229_L307;20260701_103229;01.07.2026;10:20:00;307;10;8991;11;U1647Z1;Unhošť,nám.;50.03261;14.22803
20260701_103229_L388;20260701_103229;01.07.2026;10:17:00;388;9;7754;14;U80Z4;Praha,Nádraží Veleslavín;50.09297;14.31223
20260701_103229_L400;20260701_103229;01.07.2026;10:14:00;400;5;11656;14;U6078Z2;Praha,Střížkov;50.47593;14.47881
20260701_103229_L203;20260701_103229;01.07.2026;10:19:00;203;3;1945;12;U4133Z1P;Háje;50.02696;14.53048
20260701_103229_L558;20260701_103229;01.07.2026;10:20:00;558;73;7920;11;U6492Z1;Votice,aut.st.;49.63756;14.6408
20260701_103229_L395;20260701_103229;01.07.2026;10:20:00;395;39;9871;11;U1851Z4;Praha,Smíchovské nádraží;49.78164;14.17098
20260701_103229_L408;20260701_103229;01.07.2026;10:19:00;408;68;7809;13;U7954Z1;Tábor,aut.nádr.;49.55376;14.48892
20260701_103229_L191;20260701_103229;01.07.2026;10:22:00;191;4;4193;10;U61Z1P;Klamovka;50.0877;14.30664
20260701_103229_L105;20260701_103229;01.07.2026;10:19:00;105;1;2310;11;U337Z4P;Smíchovské nádraží;50.05696;14.4094
20260701_103229_L387;20260701_103229;01.07.2026;10:18:00;387;2;9374;14;U2015Z2;Praha,Háje;49.99218;14.85128
20260701_103229_L410;20260701_103229;01.07.2026;10:20:00;410;9;11646;12;U31369Z52;Mimoň,aut.st.;50.63;14.71836
20260701_103229_L676;20260701_103229;01.07.2026;10:18:00;676;32;8593;12;U4161Z2;Loučeň;50.25228;15.05399
20260701_103229_L328;20260701_103229;01.07.2026;10:16:00;328;5;1727;15;U1172Z1;Modletice,Doubravice;49.97359;14.60587
20260701_103229_L315;20260701_103229;01.07.2026;10:21:00;315;2;8670;10;U3261Z51;Praha,Černý Most;50.24931;14.76196
20260701_103229_L300;20260701_103229;01.07.2026;10:21:00;300;10;8956;11;U4304Z1;Kladno,u kostela;50.15152;14.18123
20260701_103229_L686;20260701_103229;01.07.2026;09:43:00;686;34;8034;46;U2315Z1;Úvaly,žel.st.;50.07425;14.72299
20260701_103629_L498;20260701_103629;01.07.2026;10:20:00;498;35;8690;15;U4192Z1;Poděbrady,žel.st.;50.09807;15.06203
20260701_103629_L676;20260701_103629;01.07.2026;10:23:00;676;32;8593;12;U9563Z2;Loučeň;50.26702;15.06006
20260701_103629_L381;20260701_103629;01.07.2026;10:25:00;381;6;9376;11;U2478Z2;Praha,Háje;49.9474;15.25376
20260701_103629_L191;20260701_103629;01.07.2026;10:25:00;191;4;4193;11;U85Z1P;Klamovka;50.09262;14.32385
20260701_103629_L840;20260701_103629;01.07.2026;10:23:00;840;12;7853;11;U6760Z1;Vlašim,žel.st.;49.70098;14.89698
20260701_103629_L188;20260701_103629;01.07.2026;10:24:00;188;5;6930;11;U459Z3P;Kavčí hory;50.06582;14.49969
20260701_103629_L410;20260701_103629;01.07.2026;10:25:00;410;9;11646;11;U31491Z11;Mimoň,aut.st.;50.63098;14.75247
20260701_103629_L400;20260701_103629;01.07.2026;10:14:00;400;5;11656;17;U6078Z2;Praha,Střížkov;50.45915;14.47453
20260701_103629_L395;20260701_103629;01.07.2026;10:23:00;395;39;9871;13;U2860Z2;Praha,Smíchovské nádraží;49.79007;14.17792
20260701_103629_L307;20260701_103629;01.07.2026;10:24:00;307;10;8991;11;U1649Z1;Unhošť,nám.;50.02971;14.20697
20260701_103629_L686;20260701_103629;01.07.2026;09:43:00;686;34;8034;50;U2315Z1;Úvaly,žel.st.;50.07425;14.72299
20260701_103629_L345;20260701_103629;01.07.2026;10:23:00;345;16;1864;10;U3253Z1;Praha,Černý Most;50.49676;14.96717
20260701_103629_L387;20260701_103629;01.07.2026;10:23:00;387;2;9374;13;U2012Z2;Praha,Háje;49.99186;14.81195
20260701_104029_L188;20260701_104029;01.07.2026;10:27:00;188;5;6930;13;U2781Z52P;Kavčí hory;50.06268;14.50423
20260701_104029_L300;20260701_104029;01.07.2026;10:29:00;300;10;8956;11;U4308Z3;Kladno,u kostela;50.13322;14.11503
20260701_104029_L307;20260701_104029;01.07.2026;10:28:00;307;10;8991;12;U1649Z2;Unhošť,nám.;50.02763;14.21404
20260701_104029_L317;20260701_104029;01.07.2026;10:24:00;317;4;1179;10;U317Z2;Praha,Smíchovské nádraží;50.0482;14.41035
20260701_104029_L345;20260701_104029;01.07.2026;10:30:00;345;16;1864;10;U6213Z2;Praha,Černý Most;50.47233;14.94336
20260701_104029_L381;20260701_104029;01.07.2026;10:27:00;381;6;9376;10;U1476Z2;Praha,Háje;49.94685;15.20929
20260701_104029_L387;20260701_104029;01.07.2026;10:25:00;387;2;9374;14;U2011Z2;Praha,Háje;49.98752;14.78089
20260701_104029_L395;20260701_104029;01.07.2026;10:25:00;395;39;9871;15;U1843Z2;Praha,Smíchovské nádraží;49.79668;14.19268
20260701_104029_L400;20260701_104029;01.07.2026;10:29:00;400;57;1089;10;U6072Z1;Nový Bor,aut.nádr.;50.47058;14.47223
20260701_104029_L410;20260701_104029;01.07.2026;10:28:00;410;9;11646;12;U31493Z11;Mimoň,aut.st.;50.65357;14.73232
20260701_104029_L414;20260701_104029;01.07.2026;10:24:00;414;20;1289;15;U85Z9;Praha,Terminál 1;50.09291;14.3176
20260701_104029_L498;20260701_104029;01.07.2026;10:24:00;498;35;8690;15;U3176Z1;Poděbrady,žel.st.;50.12026;15.07004
20260701_104029_L676;20260701_104029;01.07.2026;10:27:00;676;32;8593;13;U3048Z2;Loučeň;50.29247;15.04627
20260701_104029_L686;20260701_104029;01.07.2026;09:43:00;686;34;8034;56;U2315Z1;Úvaly,žel.st.;50.07425;14.72299
20260701_104029_L731;20260701_104029;01.07.2026;10:30:00;731;5;9510;10;U6251Z1;Bělá p.Bezd.,Bezdědice;50.48247;14.7018
20260701_104430_L188;20260701_104430;01.07.2026;10:30:00;188;5;6930;14;U920Z1P;Kavčí hory;50.0596;14.49351
20260701_104430_L300;20260701_104430;01.07.2026;10:32:00;300;10;8956;11;U4310Z1;Kladno,u kostela;50.14017;14.0998
20260701_104430_L307;20260701_104430;01.07.2026;10:28:00;307;10;8991;14;U1649Z2;Unhošť,nám.;50.04006;14.22426
20260701_104430_L342;20260701_104430;01.07.2026;10:34:00;342;2;7685;10;U4777Z15;Slaný,žel.st.;50.22819;14.08841
20260701_104430_L400;20260701_104430;01.07.2026;10:32:00;400;57;1089;11;U6077Z1;Nový Bor,aut.nádr.;50.49263;14.48528
20260701_104430_L410;20260701_104430;01.07.2026;10:29:00;410;9;11646;11;U31371Z1;Mimoň,aut.st.;50.66099;14.72256
20260701_104430_L433;20260701_104430;01.07.2026;10:29:00;433;26;8578;14;U2589Z2;Pečky,žel.st.;50.14893;15.0014
20260701_104430_L498;20260701_104430;01.07.2026;10:31:00;498;35;8690;13;U3160Z3;Poděbrady,žel.st.;50.13655;15.09664
20260701_104430_L598;20260701_104430;01.07.2026;10:34:00;598;18;7657;10;U2581Z1;Kněžice,Dubečno;50.15985;15.26521
20260701_104430_L662;20260701_104430;01.07.2026;10:31:00;662;18;8618;12;U2349Z1;Čelákovice,Toušeňská;50.15593;14.75235
20260701_104430_L678;20260701_104430;01.07.2026;10:30:00;678;32;8577;14;U9582Z1;Pečky,žel.st.;50.07159;15.07239
20260701_104430_L686;20260701_104430;01.07.2026;09:43:00;686;34;8034;58;U2315Z1;Úvaly,žel.st.;50.07425;14.72299
20260701_104430_L731;20260701_104430;01.07.2026;10:30:00;731;5;9510;13;U6251Z1;Bělá p.Bezd.,Bezdědice;50.48247;14.7018
20260701_104830_L400;20260701_104830;01.07.2026;10:36:00;400;57;1089;10;U31056Z1;Nový Bor,aut.nádr.;50.51459;14.49267
20260701_104830_L345;20260701_104830;01.07.2026;10:35:00;345;16;1864;10;U3395Z2;Praha,Černý Most;50.43231;14.92367
20260701_104830_L190;20260701_104830;01.07.2026;10:36:00;190;1;6918;12;U337Z4P;Smíchovské nádraží;50.05114;14.40962
20260701_104830_L199;20260701_104830;01.07.2026;10:38:00;199;2;3960;10;U660Z1P;Sídliště Malešice;50.08277;14.50618
20260701_104830_L188;20260701_104830;01.07.2026;10:34:00;188;5;6930;14;U576Z1P;Kavčí hory;50.05562;14.48389
20260701_104830_L433;20260701_104830;01.07.2026;10:34:00;433;26;8578;13;U1435Z1;Pečky,žel.st.;50.13361;14.98564
20260701_104830_L498;20260701_104830;01.07.2026;10:33:00;498;35;8690;12;U3159Z1;Poděbrady,žel.st.;50.14125;15.11614
20260701_104830_L511;20260701_104830;01.07.2026;10:35:00;511;3;9587;10;U7724Z1;Tochovice,ObÚ;49.62369;14.00487
20260701_104830_L408;20260701_104830;01.07.2026;10:34:00;408;68;7809;14;U32646Z1;Tábor,aut.nádr.;49.51865;14.45039
20260701_104830_L588;20260701_104830;01.07.2026;10:34:00;588;18;7695;10;U9038Z1;Slaný,aut.nádr.;50.2264;13.88237
20260701_104830_L731;20260701_104830;01.07.2026;10:30:00;731;5;9510;18;U6251Z1;Bělá p.Bezd.,Bezdědice;50.48247;14.7018
20260701_104830_L768;20260701_104830;01.07.2026;10:37:00;768;26;8559;10;U6087Z2;Byšice;50.3034;14.72823
20260701_104830_L300;20260701_104830;01.07.2026;10:34:00;300;10;8956;13;U3094Z1;Kladno,u kostela;50.14495;14.09339
20260701_104830_L342;20260701_104830;01.07.2026;10:36:00;342;2;7685;11;U4786Z1;Slaný,žel.st.;50.23213;14.08089
20260701_104830_L662;20260701_104830;01.07.2026;10:31:00;662;18;8618;16;U2349Z1;Čelákovice,Toušeňská;50.15594;14.75235
20260701_104830_L318;20260701_104830;01.07.2026;10:34:00;318;11;7960;10;U355Z2;Praha,Smíchovské nádraží;50.04365;14.40827
20260701_104830_L678;20260701_104830;01.07.2026;10:34:00;678;32;8577;13;U9581Z1;Pečky,žel.st.;50.0709;15.04957
20260701_104830_L686;20260701_104830;01.07.2026;09:43:00;686;34;8034;64;U2315Z1;Úvaly,žel.st.;50.07425;14.72299
20260701_105230_L408;20260701_105230;01.07.2026;10:39:00;408;68;7809;13;U31750Z1;Tábor,aut.nádr.;49.50335;14.47888
20260701_105230_L400;20260701_105230;01.07.2026;10:41:00;400;57;1089;10;U31047Z1;Nový Bor,aut.nádr.;50.52505;14.52096
20260701_105230_L413;20260701_105230;01.07.2026;10:37:00;413;63;7092;10;U1000Z15;Litoměřice,aut.nádr.;50.16888;14.46233
20260701_105230_L188;20260701_105230;01.07.2026;10:40:00;188;7;5113;11;U921Z6P;Kavčí hory;50.07683;14.4887
20260701_105230_L188;20260701_105230;01.07.2026;10:39:00;188;6;6979;10;U459Z3P;Kavčí hory;50.06428;14.50433
20260701_105230_L188;20260701_105230;01.07.2026;10:38:00;188;5;6930;15;U183Z1P;Kavčí hory;50.05695;14.46934
20260701_105230_L402;20260701_105230;01.07.2026;10:38:00;402;2;7675;10;U7317Z1;Praha,Roztyly;49.74332;15.03422
20260701_105230_L125;20260701_105230;01.07.2026;10:38:00;125;9;5512;13;U337Z4P;Smíchovské nádraží;50.05114;14.40964
20260701_105230_L511;20260701_105230;01.07.2026;10:39:00;511;3;9587;10;U7697Z1;Tochovice,ObÚ;49.61335;14.00957
20260701_105230_L678;20260701_105230;01.07.2026;10:40:00;678;32;8577;12;U9594Z1;Pečky,žel.st.;50.08531;15.02693
20260701_105230_L731;20260701_105230;01.07.2026;10:30:00;731;5;9510;22;U6251Z1;Bělá p.Bezd.,Bezdědice;50.48247;14.7018
20260701_105230_L768;20260701_105230;01.07.2026;10:41:00;768;26;8559;11;U1473Z1;Byšice;50.29165;14.73503
20260701_105230_L433;20260701_105230;01.07.2026;10:37:00;433;26;8578;13;U1486Z2;Pečky,žel.st.;50.11507;14.98821
20260701_105230_L388;20260701_105230;01.07.2026;10:40:00;388;9;7754;10;U462Z4;Slaný,Arbesova;50.09398;14.3363
20260701_105230_L300;20260701_105230;01.07.2026;10:40:00;300;10;8956;10;U2889Z1;Kladno,u kostela;50.14078;14.07421
20260701_105230_L345;20260701_105230;01.07.2026;10:38:00;345;16;1864;11;U3392Z2;Praha,Černý Most;50.41934;14.91443
20260701_105230_L136;20260701_105230;01.07.2026;10:42:00;136;9;6968;10;U512Z5P;Jižní Město;50.09009;14.46642
20260701_105230_L318;20260701_105230;01.07.2026;10:34:00;318;11;7960;14;U355Z2;Praha,Smíchovské nádraží;50.04681;14.40995
20260701_105230_L389;20260701_105230;01.07.2026;10:40:00;389;13;7751;11;U4776Z1;Hořešovice;50.22854;14.09419
20260701_105631_L188;20260701_105631;01.07.2026;10:42:00;188;6;6979;13;U2781Z52P;Kavčí hory;50.06168;14.50318
20260701_105631_L388;20260701_105631;01.07.2026;10:45:00;388;9;7754;11;U80Z3;Slaný,Arbesova;50.09378;14.30054
20260701_105631_L511;20260701_105631;01.07.2026;10:42:00;511;3;9587;11;U9162Z1;Tochovice,ObÚ;49.59845;13.99322
20260701_105631_L389;20260701_105631;01.07.2026;10:42:00;389;13;7751;13;U4777Z2;Hořešovice;50.22853;14.08797
20260701_105631_L188;20260701_105631;01.07.2026;10:42:00;188;5;6930;14;U559Z1P;Kavčí hory;50.05793;14.45024
20260701_105631_L345;20260701_105631;01.07.2026;10:42:00;345;16;1864;11;U2987Z7;Praha,Černý Most;50.41971;14.91603
20260701_105631_L627;20260701_105631;01.07.2026;10:46:00;627;13;8794;10;U4777Z5;Smečno;50.22869;14.08831
20260701_105631_L188;20260701_105631;01.07.2026;10:43:00;188;7;5113;13;U161Z1P;Kavčí hory;50.0813;14.49598
20260701_105631_L408;20260701_105631;01.07.2026;10:42:00;408;68;7809;14;U31641Z1;Tábor,aut.nádr.;49.49222;14.4943
20260701_105631_L708;20260701_105631;01.07.2026;10:44:00;708;2;12932;11;U4813Z1;Slaný,Arbesova;50.2297;14.09068
20260701_105631_L433;20260701_105631;01.07.2026;10:44:00;433;26;8578;12;U1444Z1;Pečky,žel.st.;50.09805;15.01357
20260701_105631_L232;20260701_105631;01.07.2026;10:43:00;232;12;3641;12;U817Z2P;Na Knížecí;50.06317;14.40544
20260701_110031_L129;20260701_110031;01.07.2026;10:48:00;129;14;3677;12;U337Z4P;Smíchovské nádraží;50.05109;14.40968
20260701_110031_L136;20260701_110031;01.07.2026;10:49:00;136;9;6968;11;U118Z4P;Jižní Město;50.07878;14.46065
20260701_110031_L188;20260701_110031;01.07.2026;10:46:00;188;5;6930;14;U640Z1P;Kavčí hory;50.05482;14.44271
20260701_110031_L188;20260701_110031;01.07.2026;10:42:00;188;6;6979;16;U2781Z52P;Kavčí hory;50.06183;14.49573
20260701_110031_L188;20260701_110031;01.07.2026;10:47:00;188;7;5113;13;U827Z1P;Kavčí hory;50.0788;14.50834
20260701_110031_L244;20260701_110031;01.07.2026;10:49:00;244;2;4185;11;U337Z4P;Smíchovské nádraží;50.05111;14.4096
20260701_110031_L307;20260701_110031;01.07.2026;10:46:00;307;10;8991;14;U1684Z1;Unhošť,nám.;50.06266;14.15127
20260701_110031_L388;20260701_110031;01.07.2026;10:48:00;388;9;7754;10;U698Z3;Slaný,Arbesova;50.10995;14.28203
20260701_110031_L389;20260701_110031;01.07.2026;10:42:00;389;13;7751;15;U4777Z2;Hořešovice;50.22954;14.08479
20260701_110031_L406;20260701_110031;01.07.2026;10:50:00;406;1;7934;10;U7428Z1;Pelhřimov,aut.nádr.;49.63708;15.02571
20260701_110031_L408;20260701_110031;01.07.2026;10:49:00;408;68;7809;11;U31639Z1;Tábor,aut.nádr.;49.48562;14.52769
20260701_110031_L467;20260701_110031;01.07.2026;10:48:00;467;4;8011;10;U9174Z1;Mladá Boleslav,aut.st.;50.34786;14.67348
20260701_110031_L627;20260701_110031;01.07.2026;10:48:00;627;13;8794;12;U4786Z1;Smečno;50.23026;14.08358
20260701_110031_L650;20260701_110031;01.07.2026;10:50:00;650;25;12555;10;U31414Z1;Budyně n.Ohří,Pražská;50.53631;14.13175
20260701_110031_L702;20260701_110031;01.07.2026;10:49:00;702;53;1614;10;U6670Z2;Kolín,nádraží;49.99376;15.22416
20260701_110031_L708;20260701_110031;01.07.2026;10:50:00;708;2;12932;10;U4779Z1;Slaný,Arbesova;50.22545;14.07189
20260701_110031_L768;20260701_110031;01.07.2026;10:47:00;768;26;8559;10;U4431Z1;Byšice;50.32212;14.70745
20260701_110431_L101;20260701_110431;01.07.2026;10:54:00;101;3;2314;10;U821Z3P;Skalka;50.08395;14.44243
20260701_110431_L467;20260701_110431;01.07.2026;10:52:00;467;4;8011;11;U9176Z1;Mladá Boleslav,aut.st.;50.34933;14.70309
20260701_110431_L136;20260701_110431;01.07.2026;10:53:00;136;9;6968;12;U855Z1P;Jižní Město;50.07457;14.4627
20260701_110431_L768;20260701_110431;01.07.2026;10:51:00;768;26;8559;11;U2978Z5;Byšice;50.32981;14.71303
20260701_110431_L408;20260701_110431;01.07.2026;10:52:00;408;68;7809;12;U31643Z1;Tábor,aut.nádr.;49.48011;14.54904
20260701_110431_L400;20260701_110431;01.07.2026;10:49:00;400;58;1084;12;U32674Z2;Rumburk,žel.st.;50.79603;14.4482
20260701_110431_L406;20260701_110431;01.07.2026;10:53:00;406;1;7934;11;U7419Z2;Pelhřimov,aut.nádr.;49.6206;15.05197
20260701_110431_L388;20260701_110431;01.07.2026;10:51:00;388;9;7754;12;U776Z3;Slaný,Arbesova;50.11207;14.28162
20260701_110431_L471;20260701_110431;01.07.2026;10:54:00;471;30;7504;10;U7719Z1;Solenice;49.62967;14.04728
20260701_110431_L531;20260701_110431;01.07.2026;10:53:00;531;1;9548;10;U9616Z1;Hořovice,žel.st.;49.83727;13.8947
20260701_110431_L627;20260701_110431;01.07.2026;10:51:00;627;13;8794;12;U4836Z1;Smečno;50.23455;14.06201
20260701_110431_L858;20260701_110431;01.07.2026;10:51:00;858;67;8713;12;U2867Z1;Slaný,gymnázium;50.22743;14.09859
20260701_110431_L858;20260701_110431;01.07.2026;10:50:00;858;66;8712;11;U4777Z7;Libčice n.Vlt.,žel.zast.Letky;50.22882;14.09084
20260701_110431_L345;20260701_110431;01.07.2026;10:54:00;345;16;1864;10;U3063Z2;Praha,Černý Most;50.41049;14.92733
20260701_110431_L188;20260701_110431;01.07.2026;10:50:00;188;7;5113;14;U90Z1P;Kavčí hory;50.07338;14.50463
20260701_110431_L199;20260701_110431;01.07.2026;10:54:00;199;2;3960;10;U921Z9P;Želivského;50.07842;14.47523
20260701_110831_L101;20260701_110831;01.07.2026;10:58:00;101;3;2314;10;U209Z4P;Skalka;50.07752;14.44884
20260701_110831_L105;20260701_110831;01.07.2026;10:56:00;105;1;2310;10;U753Z2P;Smíchovské nádraží;50.0465;14.4098
20260701_110831_L125;20260701_110831;01.07.2026;10:53:00;125;1;5504;15;U337Z4P;Smíchovské nádraží;50.05047;14.41026
20260701_110831_L136;20260701_110831;01.07.2026;10:58:00;136;9;6968;10;U680Z3P;Jižní Město;50.06837;14.4693
20260701_110831_L188;20260701_110831;01.07.2026;10:53:00;188;6;6979;16;U183Z1P;Kavčí hory;50.05694;14.46925
20260701_110831_L188;20260701_110831;01.07.2026;10:54:00;188;7;5113;14;U459Z3P;Kavčí hory;50.06898;14.49132
20260701_110831_L190;20260701_110831;01.07.2026;10:56:00;190;2;5026;11;U337Z4P;Smíchovské nádraží;50.05108;14.40968
20260701_110831_L201;20260701_110831;01.07.2026;10:58:00;201;10;3895;10;U196Z2P;Nádraží Holešovice;50.10877;14.44379
20260701_110831_L203;20260701_110831;01.07.2026;10:56:00;203;3;1945;12;U972Z1P;Poliklinika Budějovická;50.02061;14.49067
20260701_110831_L232;20260701_110831;01.07.2026;10:56:00;232;12;3641;10;U1040Z21P;Smíchovské nádraží;50.06499;14.40369
20260701_110831_L241;20260701_110831;01.07.2026;10:54:00;241;1;3925;10;U355Z2P;Smíchovské nádraží;50.04732;14.41018
20260701_110831_L858;20260701_110831;01.07.2026;10:55:00;858;66;8712;12;U4809Z1;Libčice n.Vlt.,žel.zast.Letky;50.22295;14.09579
20260701_110831_L345;20260701_110831;01.07.2026;10:54:00;345;16;1864;11;U3063Z2;Praha,Černý Most;50.38754;14.90316
20260701_110831_L406;20260701_110831;01.07.2026;10:58:00;406;1;7934;10;U31917Z1;Pelhřimov,aut.nádr.;49.58782;15.07917
20260701_110831_L538;20260701_110831;01.07.2026;10:55:00;538;3;7647;10;U6743Z2;Městec Králové,nám.;50.20422;15.27803
20260701_110831_L768;20260701_110831;01.07.2026;10:57:00;768;26;8559;10;U6124Z2;Byšice;50.32875;14.6961
20260701_111232_L188;20260701_111232;01.07.2026;10:57:00;188;6;6979;15;U559Z1P;Kavčí hory;50.05854;14.44998
20260701_111232_L188;20260701_111232;01.07.2026;10:57:00;188;7;5113;15;U2781Z52P;Kavčí hory;50.06263;14.50422
20260701_111232_L232;20260701_111232;01.07.2026;11:01:00;232;12;3641;11;U562Z2P;Smíchovské nádraží;50.05483;14.40483
20260701_111232_L858;20260701_111232;01.07.2026;10:59:00;858;66;8712;12;U4808Z1;Libčice n.Vlt.,žel.zast.Letky;50.21581;14.09491
20260701_111232_L342;20260701_111232;01.07.2026;11:00:00;342;20;7701;10;U1363Z2;Praha,Nádraží Veleslavín;50.11159;14.28099
20260701_111232_L402;20260701_111232;01.07.2026;11:00:00;402;2;7675;10;U7318Z2;Praha,Roztyly;49.84122;14.81213
20260701_111232_L627;20260701_111232;01.07.2026;11:00:00;627;13;8794;10;U9301Z51;Smečno;50.21011;14.05402
20260701_111232_L650;20260701_111232;01.07.2026;11:02:00;650;25;12555;10;U32720Z1;Budyně n.Ohří,Pražská;50.51367;14.14128
20260701_111232_L768;20260701_111232;01.07.2026;11:00:00;768;26;8559;10;U6085Z1;Byšice;50.3178;14.67091
20260701_111632_L188;20260701_111632;01.07.2026;10:57:00;188;7;5113;17;U2781Z52P;Kavčí hory;50.06192;14.50063
20260701_111632_L471;20260701_111632;01.07.2026;11:04:00;471;30;7504;10;U7802Z1;Solenice;49.6047;14.11609
20260701_111632_L235;20260701_111632;01.07.2026;11:01:00;235;3;2040;15;U371Z1P;Podhoří;50.12787;14.41721
20260701_111632_L650;20260701_111632;01.07.2026;11:04:00;650;25;12555;12;U31417Z1;Budyně n.Ohří,Pražská;50.50962;14.1495
20260701_111632_L407;20260701_111632;01.07.2026;11:02:00;407;40;7519;10;U337Z3;Písek,aut.nádr.;49.99612;14.39688
20260701_111632_L342;20260701_111632;01.07.2026;11:06:00;342;20;7701;10;U416Z2;Praha,Nádraží Veleslavín;50.10077;14.28888
20260701_111632_L526;20260701_111632;01.07.2026;11:05:00;526;30;9585;10;U5007Z1;Bzová;49.8678;13.90058
20260701_111632_L639;20260701_111632;01.07.2026;11:06:00;639;8;9586;10;U7179Z1;Dobříš,nám.;49.84157;13.9347
20260701_111632_L858;20260701_111632;01.07.2026;11:03:00;858;66;8712;12;U2867Z2;Libčice n.Vlt.,žel.zast.Letky;50.22592;14.10892
20260701_111632_L125;20260701_111632;01.07.2026;11:03:00;125;1;5504;12;U458Z9P;Skalka;50.057;14.40932
20260701_111632_L188;20260701_111632;01.07.2026;11:01:00;188;6;6979;15;U640Z1P;Kavčí hory;50.05484;14.44271
20260701_111632_L101;20260701_111632;01.07.2026;11:03:00;101;3;2314;11;U855Z1P;Skalka;50.07243;14.4572
20260701_111632_L232;20260701_111632;01.07.2026;11:04:00;232;12;3641;12;U337Z10P;Smíchovské nádraží;50.05147;14.40937
20260701_112032_L101;20260701_112032;01.07.2026;11:08:00;101;3;2314;12;U67Z8P;Skalka;50.0692;14.46052
20260701_112032_L125;20260701_112032;01.07.2026;11:05:00;125;1;5504;12;U337Z3P;Skalka;50.03448;14.40821
20260701_112032_L232;20260701_112032;01.07.2026;11:08:00;232;12;3641;12;U458Z11P;Na Knížecí;50.05994;14.4094
20260701_112032_L858;20260701_112032;01.07.2026;11:08:00;858;66;8712;12;U4773Z2;Libčice n.Vlt.,žel.zast.Letky;50.21169;14.14038
20260701_112032_L342;20260701_112032;01.07.2026;11:08:00;342;20;7701;10;U218Z2;Praha,Nádraží Veleslavín;50.09341;14.30384
20260701_112032_L388;20260701_112032;01.07.2026;11:09:00;388;9;7754;10;U2867Z1;Slaný,Arbesova;50.2269;14.10085
20260701_112032_L400;20260701_112032;01.07.2026;11:06:00;400;58;1084;12;U32675Z1;Rumburk,žel.st.;50.86693;14.49303
20260701_112032_L471;20260701_112032;01.07.2026;11:04:00;471;30;7504;11;U7802Z1;Solenice;49.60046;14.12341
20260701_112032_L585;20260701_112032;01.07.2026;11:08:00;585;18;7035;10;U32504Z1;Jičín,aut.st.;50.35409;15.33099
20260701_112032_L639;20260701_112032;01.07.2026;11:09:00;639;8;9586;10;U9841Z2;Dobříš,nám.;49.85096;13.97745
20260701_112032_L650;20260701_112032;01.07.2026;11:09:00;650;25;12555;11;U31419Z1;Budyně n.Ohří,Pražská;50.49608;14.14645
20260701_112433_L400;20260701_112433;01.07.2026;11:12:00;400;58;1084;11;U32676Z1;Rumburk,žel.st.;50.88098;14.52521
20260701_112433_L399;20260701_112433;01.07.2026;11:14:00;399;1;1295;10;U85Z1;Praha,Nádraží Veleslavín;50.09262;14.32368
20260701_112433_L188;20260701_112433;01.07.2026;11:08:00;188;7;5113;17;U183Z1P;Kavčí hory;50.05694;14.46937
20260701_112433_L209;20260701_112433;01.07.2026;11:14:00;209;47;9117;10;U36Z1P;Nádraží Uhříněves;50.07809;14.65024
20260701_112433_L232;20260701_112433;01.07.2026;11:12:00;232;12;3641;12;U468Z2P;Na Knížecí;50.05304;14.40612
20260701_112433_L384;20260701_112433;01.07.2026;11:13:00;384;23;9889;10;U4965Z2;Praha,Zličín;49.95416;14.05162
20260701_112433_L388;20260701_112433;01.07.2026;11:11:00;388;14;7763;11;U776Z2;Praha,Nádraží Veleslavín;50.10433;14.28816
20260701_112433_L342;20260701_112433;01.07.2026;11:12:00;342;20;7701;11;U85Z1;Praha,Nádraží Veleslavín;50.09436;14.3392
20260701_112433_L686;20260701_112433;01.07.2026;11:13:00;686;33;8142;10;U2315Z1;Úvaly,žel.st.;50.07421;14.72302
20260701_112433_L585;20260701_112433;01.07.2026;11:13:00;585;18;7035;10;U32356Z1;Jičín,aut.st.;50.38032;15.33716
20260701_112433_L471;20260701_112433;01.07.2026;11:12:00;471;30;7504;12;U7026Z1;Solenice;49.60171;14.1407
20260701_112433_L433;20260701_112433;01.07.2026;11:14:00;433;15;8592;10;U2969Z1;Nymburk,Zálabí PVT;50.18592;15.04101
20260701_112433_L627;20260701_112433;01.07.2026;11:14:00;627;13;8794;10;U9286Z1;Smečno;50.18805;13.99914
20260701_112433_L858;20260701_112433;01.07.2026;11:11:00;858;66;8712;11;U4838Z2;Libčice n.Vlt.,žel.zast.Letky;50.20289;14.18147
20260701_112433_L388;20260701_112433;01.07.2026;11:09:00;388;9;7754;14;U2867Z1;Slaný,Arbesova;50.2277;14.09793
20260701_112433_L562;20260701_112433;01.07.2026;11:11:00;562;64;8382;12;U4338Z2;Rakovník,hasičský záchr.sbor;50.10349;13.72609
20260701_112433_L101;20260701_112433;01.07.2026;11:10:00;101;3;2314;12;U269Z6P;Skalka;50.06881;14.46746
20260701_112433_L650;20260701_112433;01.07.2026;11:14:00;650;25;12555;10;U31421Z1;Budyně n.Ohří,Pražská;50.48702;14.14554
20260701_112433_L639;20260701_112433;01.07.2026;11:12:00;639;8;9586;10;U9844Z1;Dobříš,nám.;49.86916;13.99636
20260701_112833_L101;20260701_112833;01.07.2026;11:14:00;101;3;2314;14;U37Z1P;Skalka;50.06111;14.46946
20260701_112833_L125;20260701_112833;01.07.2026;11:15:00;125;1;5504;13;U181Z1P;Skalka;50.03948;14.49058
20260701_112833_L209;20260701_112833;01.07.2026;11:17:00;209;47;9117;11;U811Z14P;Nádraží Uhříněves;50.07557;14.6579
20260701_112833_L232;20260701_112833;01.07.2026;11:13:00;232;12;3641;15;U817Z2P;Na Knížecí;50.05954;14.40593
20260701_112833_L858;20260701_112833;01.07.2026;11:17:00;858;66;8712;11;U4409Z2;Libčice n.Vlt.,žel.zast.Letky;50.19763;14.22642
20260701_112833_L311;20260701_112833;01.07.2026;11:14:00;311;75;9579;13;U1142Z2;Praha,Zličín;50.05627;14.28722
20260701_112833_L384;20260701_112833;01.07.2026;11:17:00;384;23;9889;11;U1746Z2;Praha,Zličín;49.96045;14.0651
20260701_112833_L388;20260701_112833;01.07.2026;11:15:00;388;14;7763;11;U218Z2;Praha,Nádraží Veleslavín;50.0934;14.3038
20260701_112833_L388;20260701_112833;01.07.2026;11:09:00;388;9;7754;17;U2867Z1;Slaný,Arbesova;50.22813;14.09683
20260701_112833_L396;20260701_112833;01.07.2026;11:15:00;396;14;7991;12;U1672Z2;Přezletice,Vinořská;50.15384;14.58405
20260701_112833_L471;20260701_112833;01.07.2026;11:14:00;471;30;7504;12;U7027Z1;Solenice;49.61693;14.16969
20260701_112833_L526;20260701_112833;01.07.2026;11:17:00;526;30;9585;11;U9611Z2;Bzová;49.89723;13.86713
20260701_112833_L639;20260701_112833;01.07.2026;11:14:00;639;8;9586;13;U9850Z1;Dobříš,nám.;49.85404;13.98414
20260701_112833_L686;20260701_112833;01.07.2026;11:13:00;686;33;8142;14;U2315Z1;Úvaly,žel.st.;50.07421;14.72302
20260701_112833_L706;20260701_112833;01.07.2026;11:17:00;706;46;8573;10;U2816Z5;Zásmuky,nám.;50.02311;15.21175
20260701_112833_L770;20260701_112833;01.07.2026;11:17:00;770;50;7815;10;U5725Z2;Benešov,Terminál;49.80816;14.79668
20260701_113233_L101;20260701_113233;01.07.2026;11:17:00;101;3;2314;16;U1092Z1P;Skalka;50.05681;14.47279
20260701_113233_L125;20260701_113233;01.07.2026;11:19:00;125;1;5504;13;U1345Z1P;Skalka;50.03128;14.50956
20260701_113233_L136;20260701_113233;01.07.2026;11:21:00;136;11;5508;11;U518Z3P;Jižní Město;50.07596;14.45911
20260701_113233_L177;20260701_113233;01.07.2026;11:22:00;177;10;5540;10;U409Z1P;Chodov;50.04702;14.51477
20260701_113233_L188;20260701_113233;01.07.2026;11:16:00;188;7;5113;16;U640Z1P;Kavčí hory;50.05482;14.44276
20260701_113233_L209;20260701_113233;01.07.2026;11:21:00;209;47;9117;11;U311Z3P;Nádraží Uhříněves;50.06354;14.64267
20260701_113233_L821;20260701_113233;01.07.2026;11:21:00;821;69;1606;11;U2385Z1;Sázava,aut.st.;49.91833;14.9576
20260701_113233_L858;20260701_113233;01.07.2026;11:21:00;858;66;8712;10;U2842Z2;Libčice n.Vlt.,žel.zast.Letky;50.19956;14.25249
20260701_113233_L384;20260701_113233;01.07.2026;11:19:00;384;23;9889;13;U1745Z2;Praha,Zličín;49.96531;14.07195
20260701_113233_L388;20260701_113233;01.07.2026;11:19:00;388;14;7763;12;U85Z1;Praha,Nádraží Veleslavín;50.09365;14.3353
20260701_113233_L396;20260701_113233;01.07.2026;11:15:00;396;14;7991;17;U1672Z2;Přezletice,Vinořská;50.15384;14.58405
20260701_113233_L400;20260701_113233;01.07.2026;11:20:00;400;58;1084;12;U31383Z2;Rumburk,žel.st.;50.87624;14.58799
20260701_113233_L410;20260701_113233;01.07.2026;11:20:00;410;9;11646;11;U31050Z3;Praha,Střížkov;50.65873;14.72468
20260701_113233_L428;20260701_113233;01.07.2026;11:17:00;428;10;7232;14;U5724Z4;Strakonice,aut.nádr.;49.59269;14.0693
20260701_113233_L526;20260701_113233;01.07.2026;11:17:00;526;30;9585;15;U9611Z2;Bzová;49.89723;13.86713
20260701_113233_L639;20260701_113233;01.07.2026;11:17:00;639;8;9586;14;U2916Z2;Dobříš,nám.;49.85007;14.02212
20260701_113233_L686;20260701_113233;01.07.2026;11:13:00;686;33;8142;18;U2315Z1;Úvaly,žel.st.;50.07421;14.72302
20260701_113233_L706;20260701_113233;01.07.2026;11:22:00;706;46;8573;10;U4998Z2;Zásmuky,nám.;50.02506;15.20004
20260701_113233_L795;20260701_113233;01.07.2026;11:20:00;795;17;7837;12;U7057Z71;Zruč n.Sáz.,Sázavan;49.74293;15.10301
20260701_113634_L101;20260701_113634;01.07.2026;11:22:00;101;3;2314;15;U784Z1P;Skalka;50.05341;14.4932
20260701_113634_L125;20260701_113634;01.07.2026;11:22:00;125;1;5504;14;U386Z1P;Skalka;50.03033;14.5246
20260701_113634_L136;20260701_113634;01.07.2026;11:23:00;136;11;5508;11;U855Z1P;Jižní Město;50.07418;14.46713
20260701_113634_L177;20260701_113634;01.07.2026;11:26:00;177;10;5540;10;U99Z1P;Chodov;50.03725;14.50886
20260701_113634_L209;20260701_113634;01.07.2026;11:23:00;209;47;9117;10;U568Z2P;Nádraží Uhříněves;50.05455;14.62546
20260701_113634_L821;20260701_113634;01.07.2026;11:26:00;821;69;1606;10;U2049Z3;Sázava,aut.st.;49.89935;14.94688
20260701_113634_L337;20260701_113634;01.07.2026;11:23:00;337;12;9127;11;U1564Z1;Benešov,Terminál;49.89865;14.60194
20260701_113634_L384;20260701_113634;01.07.2026;11:21:00;384;23;9889;15;U4273Z1;Praha,Zličín;49.96936;14.08155
20260701_113634_L385;20260701_113634;01.07.2026;11:26:00;385;29;1622;10;U1861Z1;Mukařov;49.98763;14.62274
20260701_113634_L396;20260701_113634;01.07.2026;11:15:00;396;14;7991;21;U1672Z2;Přezletice,Vinořská;50.15384;14.58405
20260701_113634_L400;20260701_113634;01.07.2026;11:24:00;400;58;1084;11;U32489Z2;Rumburk,žel.st.;50.88753;14.61993
20260701_113634_L406;20260701_113634;01.07.2026;11:26:00;406;1;7934;10;U31559Z1;Pelhřimov,aut.nádr.;49.51161;15.17998
20260701_113634_L410;20260701_113634;01.07.2026;11:23:00;410;9;11646;13;U31493Z12;Praha,Střížkov;50.64724;14.73801
20260701_113634_L428;20260701_113634;01.07.2026;11:21:00;428;10;7232;13;U7616Z1;Strakonice,aut.nádr.;49.54995;14.08232
20260701_113634_L526;20260701_113634;01.07.2026;11:17:00;526;30;9585;19;U9611Z2;Bzová;49.89723;13.86713
20260701_113634_L580;20260701_113634;01.07.2026;11:26:00;580;30;7738;10;U4338Z1;Rakovník,aut.st.;50.1011;13.73094
20260701_113634_L634;20260701_113634;01.07.2026;11:25:00;634;19;9440;10;U9849Z2;Všeradice,žel.zast.;49.85917;14.05454
20260701_113634_L706;20260701_113634;01.07.2026;11:25:00;706;46;8573;11;U9983Z2;Zásmuky,nám.;50.01882;15.19652
20260701_113634_L795;20260701_113634;01.07.2026;11:23:00;795;17;7837;13;U7159Z2;Zruč n.Sáz.,Sázavan;49.74647;15.09703
20260701_114034_L101;20260701_114034;01.07.2026;11:25:00;101;3;2314;15;U760Z2P;Skalka;50.05458;14.50733
20260701_114034_L125;20260701_114034;01.07.2026;11:25:00;125;1;5504;14;U151Z1P;Skalka;50.0333;14.54176
20260701_114034_L136;20260701_114034;01.07.2026;11:30:00;136;11;5508;10;U37Z1P;Jižní Město;50.06041;14.46959
20260701_114034_L136;20260701_114034;01.07.2026;11:29:00;136;12;5558;11;U2787Z2P;Jižní Město;50.08776;14.45661
20260701_114034_L177;20260701_114034;01.07.2026;11:29:00;177;10;5540;10;U106Z2P;Chodov;50.0275;14.50776
20260701_114034_L201;20260701_114034;01.07.2026;11:30:00;201;8;3891;10;U243Z5P;Černý Most;50.12982;14.55084
20260701_114034_L209;20260701_114034;01.07.2026;11:29:00;209;47;9117;11;U490Z2P;Nádraží Uhříněves;50.03797;14.61155
20260701_114034_L337;20260701_114034;01.07.2026;11:23:00;337;12;9127;13;U1564Z1;Benešov,Terminál;49.89813;14.60381
20260701_114034_L356;20260701_114034;01.07.2026;11:28:00;356;35;8880;10;U5971Z2;Praha,Obchodní centrum Ruzyně;50.10991;14.27352
20260701_114034_L385;20260701_114034;01.07.2026;11:30:00;385;29;1622;10;U1956Z1;Mukařov;49.98934;14.64654
20260701_114034_L396;20260701_114034;01.07.2026;11:15:00;396;14;7991;25;U1672Z2;Přezletice,Vinořská;50.15384;14.58405
20260701_114034_L400;20260701_114034;01.07.2026;11:28:00;400;58;1084;11;U31386Z2;Rumburk,žel.st.;50.90508;14.62839
20260701_114034_L406;20260701_114034;01.07.2026;11:28:00;406;1;7934;11;U31560Z1;Pelhřimov,aut.nádr.;49.49066;15.17921
20260701_114034_L410;20260701_114034;01.07.2026;11:26:00;410;9;11646;12;U31491Z14;Praha,Střížkov;50.62675;14.7349
20260701_114034_L428;20260701_114034;01.07.2026;11:26:00;428;10;7232;13;U5856Z1;Strakonice,aut.nádr.;49.52758;14.07545
20260701_114034_L526;20260701_114034;01.07.2026;11:17:00;526;30;9585;23;U9611Z2;Bzová;49.89723;13.86713
20260701_114034_L593;20260701_114034;01.07.2026;11:29:00;593;9;7303;11;U4776Z1;Slaný,aut.nádr.;50.22835;14.09609
20260701_114034_L639;20260701_114034;01.07.2026;11:25:00;639;8;9586;15;U5953Z2;Dobříš,nám.;49.83549;14.02446
20260701_114434_L101;20260701_114434;01.07.2026;11:30:00;101;3;2314;13;U673Z4P;Skalka;50.06544;14.506
20260701_114434_L125;20260701_114434;01.07.2026;11:31:00;125;1;5504;13;U978Z2P;Skalka;50.0401;14.55891
20260701_114434_L136;20260701_114434;01.07.2026;11:33:00;136;11;5508;11;U751Z2P;Jižní Město;50.05258;14.47512
20260701_114434_L136;20260701_114434;01.07.2026;11:32:00;136;12;5558;12;U516Z3P;Jižní Město;50.08213;14.45945
20260701_114434_L177;20260701_114434;01.07.2026;11:34:00;177;10;5540;10;U972Z2P;Chodov;50.02285;14.48888
20260701_114434_L188;20260701_114434;01.07.2026;11:35:00;188;8;6730;10;U886Z1P;Kavčí hory;50.0559;14.48052
20260701_114434_L209;20260701_114434;01.07.2026;11:33:00;209;47;9117;11;U336Z2P;Nádraží Uhříněves;50.03219;14.59804
20260701_114434_L243;20260701_114434;01.07.2026;11:29:00;243;1;1109;15;U4286Z1P;Radotínská lávka;49.95121;14.34089
20260701_114434_L300;20260701_114434;01.07.2026;11:31:00;300;10;8956;12;U85Z1;Praha,Nádraží Veleslavín;50.09296;14.33061
20260701_114434_L337;20260701_114434;01.07.2026;11:30:00;337;12;9127;13;U1542Z1;Benešov,Terminál;49.8862;14.62196
20260701_114434_L356;20260701_114434;01.07.2026;11:34:00;356;35;8880;10;U698Z2;Praha,Obchodní centrum Ruzyně;50.09685;14.29163
20260701_114434_L384;20260701_114434;01.07.2026;11:30:00;384;23;9889;14;U2371Z2;Praha,Zličín;49.99165;14.15262
20260701_114434_L385;20260701_114434;01.07.2026;11:33:00;385;29;1622;10;U1881Z1;Mukařov;49.99291;14.65744
20260701_114434_L396;20260701_114434;01.07.2026;11:15:00;396;14;7991;29;U1672Z2;Přezletice,Vinořská;50.15384;14.58405
20260701_114434_L400;20260701_114434;01.07.2026;11:33:00;400;58;1084;11;U31388Z3;Rumburk,žel.st.;50.91245;14.61919
20260701_114434_L406;20260701_114434;01.07.2026;11:32:00;406;1;7934;11;U31789Z1;Pelhřimov,aut.nádr.;49.44889;15.19379
20260701_114434_L428;20260701_114434;01.07.2026;11:30:00;428;10;7232;14;U32513Z1;Strakonice,aut.nádr.;49.49291;14.07248
20260701_114434_L526;20260701_114434;01.07.2026;11:17:00;526;30;9585;27;U9611Z2;Bzová;49.89723;13.86713
20260701_114434_L593;20260701_114434;01.07.2026;11:33:00;593;9;7303;11;U4777Z1;Velvary,žel.st.;50.22813;14.08822
20260701_114434_L706;20260701_114434;01.07.2026;11:31:00;706;46;8573;11;U9982Z2;Zásmuky,nám.;49.98876;15.15601
20260701_114835_L473;20260701_114835;01.07.2026;11:37:00;473;7;8059;10;U1305Z1;Zálezlice,Kozárovice;50.26308;14.51299
20260701_114835_L136;20260701_114835;01.07.2026;11:36:00;136;12;5558;13;U518Z3P;Jižní Město;50.07654;14.45896
20260701_114835_L136;20260701_114835;01.07.2026;11:37:00;136;11;5508;11;U417Z1P;Jižní Město;50.04289;14.48777
20260701_114835_L337;20260701_114835;01.07.2026;11:35:00;337;12;9127;13;U1544Z1;Benešov,Terminál;49.86693;14.64396
20260701_114835_L639;20260701_114835;01.07.2026;11:37:00;639;8;9586;11;U2895Z1;Dobříš,nám.;49.83163;14.04604
20260701_114835_L511;20260701_114835;01.07.2026;11:37:00;511;3;9587;11;U7886Z2;Příbram,aut.nádr.;49.65863;14.01789
20260701_114835_L725;20260701_114835;01.07.2026;11:34:00;725;67;9760;13;U31718Z1;Markvartice,pošta;50.43303;15.18546
20260701_114835_L209;20260701_114835;01.07.2026;11:34:00;209;47;9117;12;U542Z2P;Nádraží Uhříněves;50.03416;14.59169
20260701_114835_L706;20260701_114835;01.07.2026;11:38:00;706;46;8573;10;U9416Z2;Zásmuky,nám.;49.96525;15.11676
20260701_114835_L125;20260701_114835;01.07.2026;11:35:00;125;1;5504;13;U973Z2P;Skalka;50.0451;14.55801
20260701_114835_L526;20260701_114835;01.07.2026;11:17:00;526;30;9585;31;U9611Z2;Bzová;49.89723;13.86713
20260701_114835_L428;20260701_114835;01.07.2026;11:34:00;428;10;7232;14;U31569Z1;Strakonice,aut.nádr.;49.46017;14.06793
20260701_114835_L408;20260701_114835;01.07.2026;11:37:00;408;64;7931;10;U6531Z1;Praha,Roztyly;49.69816;14.65284
20260701_114835_L410;20260701_114835;01.07.2026;11:36:00;410;9;11646;12;U32510Z2;Praha,Střížkov;50.60191;14.71854
20260701_114835_L406;20260701_114835;01.07.2026;11:36:00;406;1;7934;12;U31787Z1;Pelhřimov,aut.nádr.;49.43444;15.22006
20260701_114835_L593;20260701_114835;01.07.2026;11:36:00;593;9;7303;11;U2867Z2;Velvary,žel.st.;50.22544;14.11356
20260701_114835_L243;20260701_114835;01.07.2026;11:34:00;243;1;1109;14;U1225Z2P;Radotínská lávka;49.95955;14.35291
20260701_114835_L396;20260701_114835;01.07.2026;11:15:00;396;14;7991;33;U1672Z2;Přezletice,Vinořská;50.15384;14.58405
20260701_115235_L101;20260701_115235;01.07.2026;11:40:00;101;1;2311;11;U269Z6P;Skalka;50.06899;14.46826
20260701_115235_L125;20260701_115235;01.07.2026;11:38:00;125;1;5504;14;U633Z1P;Skalka;50.04772;14.54569
20260701_115235_L136;20260701_115235;01.07.2026;11:41:00;136;11;5508;11;U424Z1P;Jižní Město;50.03305;14.50029
20260701_115235_L136;20260701_115235;01.07.2026;11:41:00;136;12;5558;12;U29Z1P;Jižní Město;50.07326;14.47022
20260701_115235_L243;20260701_115235;01.07.2026;11:39:00;243;1;1109;12;U537Z2P;Radotínská lávka;49.97137;14.37298
20260701_115235_L337;20260701_115235;01.07.2026;11:38:00;337;12;9127;14;U1546Z1;Benešov,Terminál;49.85703;14.66392
20260701_115235_L391;20260701_115235;01.07.2026;11:38:00;391;35;9169;13;U2315Z1;Úvaly,žel.st.;50.07406;14.72324
20260701_115235_L396;20260701_115235;01.07.2026;11:15:00;396;14;7991;37;U1672Z2;Přezletice,Vinořská;50.15384;14.58405
20260701_115235_L400;20260701_115235;01.07.2026;11:38:00;400;58;1084;11;U31389Z2;Rumburk,žel.st.;50.93591;14.55847
20260701_115235_L406;20260701_115235;01.07.2026;11:38:00;406;1;7934;13;U31784Z1;Pelhřimov,aut.nádr.;49.42853;15.22699
20260701_115235_L407;20260701_115235;01.07.2026;11:42:00;407;40;7519;10;U7719Z1;Písek,aut.nádr.;49.63038;14.04562
20260701_115235_L410;20260701_115235;01.07.2026;11:39:00;410;9;11646;13;U31347Z2;Praha,Střížkov;50.5789;14.69365
20260701_115235_L473;20260701_115235;01.07.2026;11:40:00;473;7;8059;12;U3311Z1;Zálezlice,Kozárovice;50.27224;14.50437
20260701_115235_L511;20260701_115235;01.07.2026;11:41:00;511;3;9587;11;U9753Z4;Příbram,aut.nádr.;49.67055;13.99251
20260701_115235_L526;20260701_115235;01.07.2026;11:17:00;526;30;9585;35;U9611Z2;Bzová;49.89723;13.86713
20260701_115235_L593;20260701_115235;01.07.2026;11:41:00;593;9;7303;11;U4834Z2;Velvary,žel.st.;50.23637;14.14953
20260701_115235_L639;20260701_115235;01.07.2026;11:42:00;639;8;9586;10;U9042Z2;Dobříš,nám.;49.84576;14.08026
20260701_115235_L725;20260701_115235;01.07.2026;11:34:00;725;67;9760;17;U31718Z1;Markvartice,pošta;50.43303;15.18546
20260701_115635_L400;20260701_115635;01.07.2026;11:43:00;400;58;1084;12;U31390Z2;Rumburk,žel.st.;50.94614;14.54989
20260701_115635_L725;20260701_115635;01.07.2026;11:34:00;725;67;9760;21;U31718Z1;Markvartice,pošta;50.43303;15.18546
20260701_115635_L389;20260701_115635;01.07.2026;11:42:00;389;12;7761;11;U4777Z2;Chomutov,žel.st.;50.2299;14.08405
20260701_115635_L408;20260701_115635;01.07.2026;11:45:00;408;64;7931;10;U4557Z2;Praha,Roztyly;49.73221;14.66739
20260701_115635_L136;20260701_115635;01.07.2026;11:43:00;136;11;5508;12;U106Z2P;Jižní Město;50.02754;14.50776
20260701_115635_L307;20260701_115635;01.07.2026;11:46:00;307;10;8991;10;U1644Z2;Praha,Zličín;50.04288;14.25549
20260701_115635_L337;20260701_115635;01.07.2026;11:41:00;337;12;9127;14;U2181Z2;Benešov,Terminál;49.84225;14.67484
20260701_115635_L101;20260701_115635;01.07.2026;11:42:00;101;1;2311;14;U680Z3P;Skalka;50.06838;14.46922
20260701_115635_L391;20260701_115635;01.07.2026;11:38:00;391;35;9169;17;U2315Z1;Úvaly,žel.st.;50.07421;14.72305
20260701_115635_L410;20260701_115635;01.07.2026;11:43:00;410;9;11646;13;U31345Z2;Praha,Střížkov;50.56698;14.66141
20260701_115635_L858;20260701_115635;01.07.2026;11:42:00;858;66;8712;12;U2825Z1;Libčice n.Vlt.,žel.zast.Letky;50.19605;14.36879
20260701_115635_L473;20260701_115635;01.07.2026;11:45:00;473;7;8059;11;U1785Z2;Zálezlice,Kozárovice;50.29031;14.49319
20260701_115635_L431;20260701_115635;01.07.2026;11:44:00;431;1;1821;11;U4042Z1;Boreč,Žebice;50.41636;14.71883
20260701_115635_L395;20260701_115635;01.07.2026;11:46:00;395;37;9906;10;U9646Z2;Praha,Smíchovské nádraží;49.70575;14.08877
20260701_115635_L125;20260701_115635;01.07.2026;11:42:00;125;1;5504;15;U677Z2P;Skalka;50.05664;14.53686
20260701_115635_L136;20260701_115635;01.07.2026;11:45:00;136;12;5558;11;U37Z1P;Jižní Město;50.06044;14.46957
20260701_115635_L526;20260701_115635;01.07.2026;11:17:00;526;30;9585;39;U9611Z2;Bzová;49.89723;13.86713
20260701_120036_L101;20260701_120036;01.07.2026;11:47:00;101;1;2311;14;U1092Z1P;Skalka;50.05681;14.4728
20260701_120036_L125;20260701_120036;01.07.2026;11:46:00;125;1;5504;14;U1066Z2P;Skalka;50.06391;14.52638
20260701_120036_L136;20260701_120036;01.07.2026;11:49:00;136;11;5508;12;U286Z5P;Jižní Město;50.03058;14.52878
20260701_120036_L136;20260701_120036;01.07.2026;11:50:00;136;12;5558;10;U697Z3P;Jižní Město;50.04821;14.48141
20260701_120036_L199;20260701_120036;01.07.2026;11:50:00;199;2;3960;10;U161Z2P;Želivského;50.08123;14.49521
20260701_120036_L858;20260701_120036;01.07.2026;11:42:00;858;66;8712;15;U2825Z1;Libčice n.Vlt.,žel.zast.Letky;50.19218;14.3694
20260701_120036_L307;20260701_120036;01.07.2026;11:49:00;307;10;8991;11;U1643Z2;Praha,Zličín;50.05173;14.2743
20260701_120036_L389;20260701_120036;01.07.2026;11:48:00;389;12;7761;12;U4836Z1;Chomutov,žel.st.;50.23576;14.07435
20260701_120036_L391;20260701_120036;01.07.2026;11:38:00;391;35;9169;21;U2315Z1;Úvaly,žel.st.;50.07421;14.72305
20260701_120036_L400;20260701_120036;01.07.2026;11:46:00;400;58;1084;14;U31391Z2;Rumburk,žel.st.;50.95116;14.55518
20260701_120036_L408;20260701_120036;01.07.2026;11:49:00;408;64;7931;11;U4525Z2;Praha,Roztyly;49.74233;14.67469
20260701_120036_L410;20260701_120036;01.07.2026;11:49:00;410;9;11646;10;U31041Z2;Praha,Střížkov;50.56354;14.65296
20260701_120036_L431;20260701_120036;01.07.2026;11:44:00;431;1;1821;15;U4042Z1;Boreč,Žebice;50.41636;14.71882
20260701_120036_L473;20260701_120036;01.07.2026;11:49:00;473;7;8059;10;U1783Z2;Zálezlice,Kozárovice;50.29192;14.46311
20260701_120036_L526;20260701_120036;01.07.2026;11:17:00;526;30;9585;43;U9611Z2;Bzová;49.89723;13.86713
20260701_120036_L593;20260701_120036;01.07.2026;11:48:00;593;9;7303;10;U9158Z2;Velvary,žel.st.;50.26898;14.16197
20260701_120036_L725;20260701_120036;01.07.2026;11:34:00;725;67;9760;25;U31718Z1;Markvartice,pošta;50.43303;15.18546
20260701_120436_L101;20260701_120436;01.07.2026;11:52:00;101;1;2311;12;U784Z1P;Skalka;50.05304;14.49435
20260701_120436_L136;20260701_120436;01.07.2026;11:52:00;136;12;5558;11;U417Z1P;Jižní Město;50.04132;14.48844
20260701_120436_L199;20260701_120436;01.07.2026;11:51:00;199;2;3960;12;U418Z2P;Želivského;50.07714;14.48791
20260701_120436_L307;20260701_120436;01.07.2026;11:50:00;307;10;8991;13;U1142Z2;Praha,Zličín;50.055;14.28291
20260701_120436_L389;20260701_120436;01.07.2026;11:51:00;389;12;7761;12;U4860Z1;Chomutov,žel.st.;50.25522;14.06555
20260701_120436_L391;20260701_120436;01.07.2026;11:38:00;391;35;9169;25;U2315Z1;Úvaly,žel.st.;50.07421;14.72305
20260701_120436_L395;20260701_120436;01.07.2026;11:54:00;395;33;9913;10;U3287Z12;Příbram,Drkolnov;49.6873;14.00626
20260701_120436_L400;20260701_120436;01.07.2026;11:46:00;400;58;1084;16;U31391Z2;Rumburk,žel.st.;50.95628;14.5543
20260701_120436_L408;20260701_120436;01.07.2026;11:51:00;408;64;7931;11;U4554Z2;Praha,Roztyly;49.7686;14.67941
20260701_120436_L410;20260701_120436;01.07.2026;11:49:00;410;9;11646;12;U31041Z2;Praha,Střížkov;50.56353;14.63558
20260701_120436_L431;20260701_120436;01.07.2026;11:44:00;431;1;1821;18;U4042Z1;Boreč,Žebice;50.41636;14.71882
20260701_120436_L466;20260701_120436;01.07.2026;11:51:00;466;7;8090;12;U4247Z1;Mělník,aut.nádr.;50.29203;14.3101
20260701_120436_L473;20260701_120436;01.07.2026;11:52:00;473;7;8059;10;U2342Z2;Zálezlice,Kozárovice;50.29784;14.4406
20260701_120436_L526;20260701_120436;01.07.2026;11:17:00;526;30;9585;47;U9611Z2;Bzová;49.89723;13.86713
20260701_120436_L593;20260701_120436;01.07.2026;11:53:00;593;9;7303;10;U9157Z1;Velvary,žel.st.;50.28261;14.16877
20260701_120436_L725;20260701_120436;01.07.2026;11:34:00;725;67;9760;29;U31718Z1;Markvartice,pošta;50.43303;15.18546
20260701_120836_L431;20260701_120836;01.07.2026;11:44:00;431;1;1821;22;U4042Z1;Boreč,Žebice;50.41636;14.71882
20260701_120836_L391;20260701_120836;01.07.2026;11:38:00;391;35;9169;29;U2315Z1;Úvaly,žel.st.;50.07421;14.72305
20260701_120836_L624;20260701_120836;01.07.2026;11:57:00;624;15;8806;10;U4816Z1;Dřetovice;50.16218;14.1754
20260701_120836_L410;20260701_120836;01.07.2026;11:56:00;410;9;11646;12;U31343Z1;Praha,Střížkov;50.55621;14.61548
20260701_120836_L389;20260701_120836;01.07.2026;11:54:00;389;12;7761;13;U9225Z2;Chomutov,žel.st.;50.25823;14.03578
20260701_120836_L593;20260701_120836;01.07.2026;11:56:00;593;9;7303;10;U9134Z2;Velvary,žel.st.;50.28094;14.20023
20260701_120836_L466;20260701_120836;01.07.2026;11:57:00;466;7;8090;11;U4364Z3;Mělník,aut.nádr.;50.31299;14.30971
20260701_120836_L199;20260701_120836;01.07.2026;11:54:00;199;2;3960;14;U921Z9P;Želivského;50.0784;14.47524
20260701_120836_L136;20260701_120836;01.07.2026;11:58:00;136;12;5558;10;U106Z2P;Jižní Město;50.02761;14.50795
20260701_120836_L526;20260701_120836;01.07.2026;11:17:00;526;30;9585;51;U9611Z2;Bzová;49.89723;13.86713
20260701_120836_L725;20260701_120836;01.07.2026;11:34:00;725;67;9760;33;U31718Z1;Markvartice,pošta;50.43303;15.18546
20260701_120836_L101;20260701_120836;01.07.2026;11:56:00;101;1;2311;12;U890Z3P;Skalka;50.05706;14.50709
20260701_121237_L136;20260701_121237;01.07.2026;11:58:00;136;12;5558;13;U106Z2P;Jižní Město;50.02416;14.5088
20260701_121237_L389;20260701_121237;01.07.2026;11:58:00;389;12;7761;13;U9227Z2;Chomutov,žel.st.;50.26033;14.01187
20260701_121237_L391;20260701_121237;01.07.2026;11:38:00;391;35;9169;33;U2315Z1;Úvaly,žel.st.;50.07421;14.72305
20260701_121237_L408;20260701_121237;01.07.2026;11:58:00;408;64;7931;10;U1384Z1;Praha,Roztyly;49.78671;14.68376
20260701_121237_L410;20260701_121237;01.07.2026;12:01:00;410;9;11646;11;U31311Z2;Praha,Střížkov;50.55173;14.57041
20260701_121237_L431;20260701_121237;01.07.2026;11:44:00;431;1;1821;27;U4042Z1;Boreč,Žebice;50.41636;14.71882
20260701_121237_L466;20260701_121237;01.07.2026;11:59:00;466;7;8090;10;U4363Z2;Mělník,aut.nádr.;50.32009;14.3347
20260701_121237_L526;20260701_121237;01.07.2026;11:17:00;526;30;9585;55;U9611Z2;Bzová;49.89723;13.86713
20260701_121237_L593;20260701_121237;01.07.2026;12:00:00;593;9;7303;11;U9135Z2;Velvary,žel.st.;50.30111;14.20254
20260701_121237_L634;20260701_121237;01.07.2026;11:57:00;634;19;9440;13;U2895Z2;Hostomice,nám.;49.82576;14.04515
20260701_121237_L698;20260701_121237;01.07.2026;12:00:00;698;4;8624;12;U1450Z1;Semice,střed;50.11025;14.92207
20260701_121237_L725;20260701_121237;01.07.2026;11:34:00;725;67;9760;37;U31718Z1;Markvartice,pošta;50.43303;15.18546
20260701_121237_L794;20260701_121237;01.07.2026;12:02:00;794;54;7919;10;U9395Z1;Kácov,nám.;49.70876;15.00857
20260701_121638_L408;20260701_121638;01.07.2026;12:03:00;408;64;7931;11;U2139Z1;Praha,Roztyly;49.80635;14.68058
20260701_121638_L395;20260701_121638;01.07.2026;12:06:00;395;37;9906;10;U1977Z2;Praha,Smíchovské nádraží;49.80356;14.20185
20260701_121638_L389;20260701_121638;01.07.2026;12:03:00;389;12;7761;12;U9231Z2;Chomutov,žel.st.;50.27145;13.98446
20260701_121638_L725;20260701_121638;01.07.2026;11:34:00;725;67;9760;41;U31718Z1;Markvartice,pošta;50.43303;15.18546
20260701_121638_L466;20260701_121638;01.07.2026;12:04:00;466;7;8090;11;U4376Z1;Mělník,aut.nádr.;50.32317;14.33933
20260701_121638_L433;20260701_121638;01.07.2026;12:05:00;433;15;8592;11;U3088Z2;Pečky,žel.st.;50.18609;15.02532
20260701_121638_L593;20260701_121638;01.07.2026;12:05:00;593;9;7303;11;U4830Z1;Velvary,žel.st.;50.28141;14.23556
20260701_121638_L624;20260701_121638;01.07.2026;12:03:00;624;15;8806;12;U5961Z1;Dřetovice;50.169;14.19513
20260701_121638_L617;20260701_121638;01.07.2026;12:06:00;617;21;7331;10;U4153Z2;Kladno,autobusové nádraží;50.1652;14.08503
20260701_121638_L698;20260701_121638;01.07.2026;12:00:00;698;4;8624;13;U1450Z1;Semice,střed;50.12089;14.94802
20260701_121638_L431;20260701_121638;01.07.2026;11:44:00;431;1;1821;31;U4042Z1;Boreč,Žebice;50.41636;14.71882
20260701_121638_L676;20260701_121638;01.07.2026;12:02:00;676;33;8623;12;U3078Z1;Seletice;50.19739;15.03792
20260701_121638_L526;20260701_121638;01.07.2026;11:17:00;526;30;9585;59;U9611Z2;Bzová;49.89723;13.86713
20260701_121638_L136;20260701_121638;01.07.2026;12:04:00;136;12;5558;12;U286Z5P;Jižní Město;50.03039;14.52906
20260701_121638_L199;20260701_121638;01.07.2026;12:05:00;199;2;3960;12;U418Z1P;Sídliště Malešice;50.08051;14.489
20260701_121638_L391;20260701_121638;01.07.2026;11:38:00;391;35;9169;37;U2315Z1;Úvaly,žel.st.;50.07421;14.72305
20260701_121638_L634;20260701_121638;01.07.2026;11:57:00;634;19;9440;17;U2895Z2;Hostomice,nám.;49.8258;14.04514
20260701_122038_L199;20260701_122038;01.07.2026;12:08:00;199;2;3960;12;U660Z1P;Sídliště Malešice;50.08278;14.5062
20260701_122038_L348;20260701_122038;01.07.2026;12:10:00;348;4;8274;10;U2334Z2;Obříství;50.2557;14.49573
20260701_122038_L389;20260701_122038;01.07.2026;12:09:00;389;12;7761;11;U9233Z2;Chomutov,žel.st.;50.27466;13.95614
20260701_122038_L391;20260701_122038;01.07.2026;11:38:00;391;35;9169;41;U2315Z1;Úvaly,žel.st.;50.07421;14.72305
20260701_122038_L431;20260701_122038;01.07.2026;11:44:00;431;1;1821;34;U4042Z1;Boreč,Žebice;50.41634;14.71883
20260701_122038_L433;20260701_122038;01.07.2026;12:09:00;433;15;8592;11;U4859Z1;Pečky,žel.st.;50.18301;15.03238
20260701_122038_L466;20260701_122038;01.07.2026;12:08:00;466;7;8090;12;U4371Z1;Mělník,aut.nádr.;50.33445;14.36174
20260701_122038_L526;20260701_122038;01.07.2026;11:17:00;526;30;9585;63;U9611Z2;Bzová;49.89723;13.86713
20260701_122038_L617;20260701_122038;01.07.2026;12:10:00;617;21;7331;10;U4602Z2;Kladno,autobusové nádraží;50.1637;14.10748
20260701_122038_L624;20260701_122038;01.07.2026;12:06:00;624;15;8806;11;U4399Z1;Dřetovice;50.18191;14.2027
20260701_122038_L630;20260701_122038;01.07.2026;12:09:00;630;34;8827;10;U4310Z1;Kladno,autobusové nádraží;50.14049;14.09945
20260701_122038_L725;20260701_122038;01.07.2026;11:34:00;725;67;9760;45;U31718Z1;Markvartice,pošta;50.43303;15.18546
20260701_122438_L136;20260701_122438;01.07.2026;12:14:00;136;2;6971;11;U2787Z2P;Jižní Město;50.0879;14.45762
20260701_122438_L204;20260701_122438;01.07.2026;12:11:00;204;70;9018;11;U1014Z2P;Sídliště Petrovice;50.06992;14.54375
20260701_122438_L391;20260701_122438;01.07.2026;11:38:00;391;35;9169;45;U2315Z1;Úvaly,žel.st.;50.07421;14.72305
20260701_122438_L431;20260701_122438;01.07.2026;11:44:00;431;1;1821;38;U4042Z1;Boreč,Žebice;50.41634;14.71883
20260701_122438_L433;20260701_122438;01.07.2026;12:12:00;433;15;8592;10;U2970Z51;Pečky,žel.st.;50.18583;15.04101
20260701_122438_L466;20260701_122438;01.07.2026;12:09:00;466;7;8090;13;U4372Z1;Mělník,aut.nádr.;50.33773;14.37365
20260701_122438_L526;20260701_122438;01.07.2026;11:17:00;526;30;9585;67;U9611Z2;Bzová;49.89723;13.86713
20260701_122438_L617;20260701_122438;01.07.2026;12:11:00;617;21;7331;10;U2881Z4;Kladno,autobusové nádraží;50.14939;14.10302
20260701_122438_L676;20260701_122438;01.07.2026;12:11:00;676;33;8623;12;U9553Z2;Seletice;50.21493;15.05646
20260701_122438_L698;20260701_122438;01.07.2026;12:10:00;698;4;8624;13;U1432Z3;Semice,střed;50.1471;14.90779
20260701_122438_L794;20260701_122438;01.07.2026;12:14:00;794;54;7919;10;U5752Z2;Kácov,nám.;49.75455;15.01326
20260701_122839_L136;20260701_122839;01.07.2026;12:17:00;136;2;6971;11;U516Z3P;Jižní Město;50.08213;14.45943
20260701_122839_L204;20260701_122839;01.07.2026;12:14:00;204;70;9018;12;U741Z1P;Sídliště Petrovice;50.06699;14.55117
20260701_122839_L821;20260701_122839;01.07.2026;12:17:00;821;70;1611;10;U2383Z1;Horní Kruty;49.93432;14.96854
20260701_122839_L381;20260701_122839;01.07.2026;12:18:00;381;2;9374;10;U1885Z1;Čáslav,obchodní centrum;50.00473;14.65714
20260701_122839_L388;20260701_122839;01.07.2026;12:18:00;388;10;7759;10;U4780Z1;Slaný,Arbesova;50.22535;14.06557
20260701_122839_L389;20260701_122839;01.07.2026;12:15:00;389;12;7761;11;U4850Z1;Chomutov,žel.st.;50.30768;13.88783
20260701_122839_L391;20260701_122839;01.07.2026;11:38:00;391;35;9169;49;U2315Z1;Úvaly,žel.st.;50.07421;14.72305
20260701_122839_L433;20260701_122839;01.07.2026;12:17:00;433;15;8592;11;U2968Z2;Pečky,žel.st.;50.17939;15.04505
20260701_122839_L466;20260701_122839;01.07.2026;12:13:00;466;7;8090;15;U4385Z2;Mělník,aut.nádr.;50.34713;14.40099
20260701_122839_L526;20260701_122839;01.07.2026;11:17:00;526;30;9585;71;U9611Z2;Bzová;49.89723;13.86713
20260701_122839_L584;20260701_122839;01.07.2026;12:18:00;584;65;8408;10;U2009Z2;Mutějovice,Lhota p.Džbánem;50.10664;13.72925
20260701_122839_L617;20260701_122839;01.07.2026;12:17:00;617;21;7331;11;U3094Z2;Kladno,autobusové nádraží;50.14153;14.09845
20260701_122839_L676;20260701_122839;01.07.2026;12:15:00;676;33;8623;11;U9555Z2;Seletice;50.23876;15.05197
20260701_122839_L686;20260701_122839;01.07.2026;12:13:00;686;33;8142;12;U2315Z1;Úvaly,žel.st.;50.07407;14.7232
20260701_122839_L698;20260701_122839;01.07.2026;12:16:00;698;4;8624;11;U1458Z2;Semice,střed;50.16024;14.88674
20260701_122839_L794;20260701_122839;01.07.2026;12:18:00;794;54;7919;10;U5733Z2;Kácov,nám.;49.76445;15.00261
20260701_123239_L136;20260701_123239;01.07.2026;12:21:00;136;2;6971;12;U518Z3P;Jižní Město;50.07658;14.45876
20260701_123239_L204;20260701_123239;01.07.2026;12:19:00;204;70;9018;13;U310Z1P;Sídliště Petrovice;50.0629;14.55355
20260701_123239_L307;20260701_123239;01.07.2026;12:20:00;307;10;8991;12;U1647Z1;Unhošť,nám.;50.03337;14.23018
20260701_123239_L348;20260701_123239;01.07.2026;12:22:00;348;4;8274;10;U1974Z1;Obříství;50.26521;14.5107
20260701_123239_L388;20260701_123239;01.07.2026;12:21:00;388;10;7759;11;U4783Z1;Slaný,Arbesova;50.2295;14.0719
20260701_123239_L389;20260701_123239;01.07.2026;12:22:00;389;12;7761;10;U4853Z1;Chomutov,žel.st.;50.33201;13.84052
20260701_123239_L389;20260701_123239;01.07.2026;12:17:00;389;16;7765;12;U4777Z8;Praha,Nádraží Veleslavín;50.22861;14.09059
20260701_123239_L391;20260701_123239;01.07.2026;11:38:00;391;35;9169;53;U2315Z1;Úvaly,žel.st.;50.07421;14.72305
20260701_123239_L434;20260701_123239;01.07.2026;12:19:00;434;16;8560;13;U1951Z1;Benátky n.Jiz.,aut.st.;50.21164;15.02068
20260701_123239_L526;20260701_123239;01.07.2026;11:17:00;526;30;9585;75;U9611Z2;Bzová;49.89723;13.86713
20260701_123239_L584;20260701_123239;01.07.2026;12:22:00;584;65;8408;10;U6839Z1;Mutějovice,Lhota p.Džbánem;50.10323;13.74665
20260701_123239_L676;20260701_123239;01.07.2026;12:22:00;676;33;8623;10;U9564Z2;Seletice;50.26293;15.05743
20260701_123239_L686;20260701_123239;01.07.2026;12:13:00;686;33;8142;16;U2315Z1;Úvaly,žel.st.;50.07407;14.7232
20260701_123639_L136;20260701_123639;01.07.2026;12:23:00;136;2;6971;11;U855Z1P;Jižní Město;50.07356;14.46924
20260701_123639_L136;20260701_123639;01.07.2026;12:24:00;136;3;5090;10;U1074Z4P;Jižní Město;50.09085;14.46809
20260701_123639_L204;20260701_123639;01.07.2026;12:22:00;204;70;9018;13;U1099Z1P;Sídliště Petrovice;50.05057;14.56594
20260701_123639_L228;20260701_123639;01.07.2026;12:22:00;228;11;9048;12;U389Z1P;Benice;50.07024;14.54134
20260701_123639_L348;20260701_123639;01.07.2026;12:25:00;348;4;8274;10;U1955Z1;Obříství;50.28082;14.49883
20260701_123639_L381;20260701_123639;01.07.2026;12:24:00;381;2;9374;10;U1886Z1;Čáslav,obchodní centrum;49.98988;14.69803
20260701_123639_L381;20260701_123639;01.07.2026;12:24:00;381;7;9362;12;U2479Z2;Praha,Háje;49.94904;15.261
20260701_123639_L389;20260701_123639;01.07.2026;12:22:00;389;16;7765;14;U4776Z2;Praha,Nádraží Veleslavín;50.22822;14.096
20260701_123639_L391;20260701_123639;01.07.2026;11:38:00;391;35;9169;57;U2315Z1;Úvaly,žel.st.;50.07421;14.72305
20260701_123639_L407;20260701_123639;01.07.2026;12:26:00;407;40;7519;10;U31796Z1;Písek,aut.nádr.;49.31193;14.14094
20260701_123639_L410;20260701_123639;01.07.2026;12:22:00;410;9;11646;11;U6077Z2;Praha,Střížkov;50.47613;14.47879
20260701_123639_L434;20260701_123639;01.07.2026;12:23:00;434;16;8560;11;U2292Z1;Benátky n.Jiz.,aut.st.;50.2166;14.98668
20260701_123639_L526;20260701_123639;01.07.2026;11:17:00;526;30;9585;79;U9611Z2;Bzová;49.89723;13.86713
20260701_123639_L544;20260701_123639;01.07.2026;12:22:00;544;22;9067;12;U9830Z1;Komárov,Buzuluk;49.80543;13.85706
20260701_123639_L580;20260701_123639;01.07.2026;12:26:00;580;18;7695;10;U9254Z2;Rakovník,aut.st.;50.23261;14.03917
20260701_123639_L584;20260701_123639;01.07.2026;12:25:00;584;65;8408;10;U9897Z2;Mutějovice,Lhota p.Džbánem;50.11745;13.76623
20260701_123639_L676;20260701_123639;01.07.2026;12:25:00;676;33;8623;10;U9573Z2;Seletice;50.28963;15.05054
20260701_123639_L686;20260701_123639;01.07.2026;12:13:00;686;33;8142;20;U2315Z1;Úvaly,žel.st.;50.07407;14.7232
20260701_124040_L136;20260701_124040;01.07.2026;12:30:00;136;2;6971;10;U37Z1P;Jižní Město;50.06113;14.46945
20260701_124040_L136;20260701_124040;01.07.2026;12:30:00;136;3;5090;10;U743Z2P;Jižní Město;50.08605;14.45548
20260701_124040_L204;20260701_124040;01.07.2026;12:28:00;204;70;9018;12;U732Z1P;Sídliště Petrovice;50.04295;14.55545
20260701_124040_L228;20260701_124040;01.07.2026;12:26:00;228;11;9048;14;U1014Z1P;Benice;50.07226;14.54302
20260701_124040_L300;20260701_124040;01.07.2026;12:29:00;300;2;8993;10;U80Z4;Praha,Nádraží Veleslavín;50.09297;14.31512
20260701_124040_L337;20260701_124040;01.07.2026;12:30:00;337;13;9364;10;U908Z2;Praha,Budějovická;50.02515;14.4596
20260701_124040_L381;20260701_124040;01.07.2026;12:30:00;381;2;9374;10;U2008Z1;Čáslav,obchodní centrum;49.98951;14.74
20260701_124040_L381;20260701_124040;01.07.2026;12:27:00;381;7;9362;12;U1476Z2;Praha,Háje;49.94901;15.2248
20260701_124040_L389;20260701_124040;01.07.2026;12:26:00;389;16;7765;14;U4774Z2;Praha,Nádraží Veleslavín;50.21284;14.12491
20260701_124040_L391;20260701_124040;01.07.2026;11:38:00;391;35;9169;61;U2315Z1;Úvaly,žel.st.;50.07421;14.72305
20260701_124040_L400;20260701_124040;01.07.2026;12:29:00;400;56;1088;10;U31359Z2;Praha,Střížkov;50.74874;14.5498
20260701_124040_L407;20260701_124040;01.07.2026;12:26:00;407;40;7519;11;U31796Z1;Písek,aut.nádr.;49.29951;14.1469
20260701_124040_L410;20260701_124040;01.07.2026;12:22:00;410;9;11646;15;U6077Z2;Praha,Střížkov;50.47613;14.4788
20260701_124040_L434;20260701_124040;01.07.2026;12:29:00;434;16;8560;11;U3171Z1;Benátky n.Jiz.,aut.st.;50.23151;14.95918
20260701_124040_L443;20260701_124040;01.07.2026;12:26:00;443;22;8594;14;U4179Z1;Nymburk,hl.nádr.;50.15595;14.74418
20260701_124040_L526;20260701_124040;01.07.2026;11:17:00;526;30;9585;83;U9611Z2;Bzová;49.89723;13.86713
20260701_124040_L544;20260701_124040;01.07.2026;12:22:00;544;22;9067;16;U9830Z1;Komárov,Buzuluk;49.80543;13.85706
20260701_124040_L555;20260701_124040;01.07.2026;12:30:00;555;2;8757;10;U3278Z3;Zbečno,žel.st.;50.03704;13.87158
20260701_124040_L580;20260701_124040;01.07.2026;12:29:00;580;18;7695;10;U9257Z2;Rakovník,aut.st.;50.2352;14.00997
20260701_124040_L676;20260701_124040;01.07.2026;12:29:00;676;33;8623;10;U3040Z2;Seletice;50.29185;15.02959
20260701_124040_L686;20260701_124040;01.07.2026;12:13:00;686;33;8142;25;U2315Z1;Úvaly,žel.st.;50.07407;14.7232
20260701_124040_L712;20260701_124040;01.07.2026;12:28:00;712;3;9919;12;U6139Z1;Březovice;50.44594;14.77752
20260701_124440_L136;20260701_124440;01.07.2026;12:33:00;136;2;6971;11;U751Z2P;Jižní Město;50.05259;14.47512
20260701_124440_L136;20260701_124440;01.07.2026;12:34:00;136;3;5090;10;U118Z4P;Jižní Město;50.07878;14.46063
20260701_124440_L208;20260701_124440;01.07.2026;12:33:00;208;56;9190;10;U741Z2P;Depo Hostivař;50.0714;14.53794
20260701_124440_L228;20260701_124440;01.07.2026;12:31:00;228;11;9048;13;U820Z1P;Benice;50.07282;14.55635
20260701_124440_L300;20260701_124440;01.07.2026;12:31:00;300;2;8993;12;U85Z1;Praha,Nádraží Veleslavín;50.09384;14.33624
20260701_124440_L337;20260701_124440;01.07.2026;12:32:00;337;13;9364;10;U488Z7;Praha,Budějovická;50.03652;14.45644
20260701_124440_L381;20260701_124440;01.07.2026;12:32:00;381;2;9374;12;U1909Z1;Čáslav,obchodní centrum;49.98885;14.75879
20260701_124440_L381;20260701_124440;01.07.2026;12:33:00;381;7;9362;11;U1474Z2;Praha,Háje;49.95229;15.17761
20260701_124440_L391;20260701_124440;01.07.2026;11:38:00;391;35;9169;65;U2315Z1;Úvaly,žel.st.;50.07421;14.72305
20260701_124440_L434;20260701_124440;01.07.2026;12:30:00;434;16;8560;12;U2469Z1;Benátky n.Jiz.,aut.st.;50.2257;14.93905
20260701_124440_L526;20260701_124440;01.07.2026;11:17:00;526;30;9585;87;U9611Z2;Bzová;49.89723;13.86713
20260701_124440_L544;20260701_124440;01.07.2026;12:22:00;544;22;9067;22;U9830Z1;Komárov,Buzuluk;49.80554;13.85718
20260701_124440_L580;20260701_124440;01.07.2026;12:34:00;580;18;7695;10;U9244Z2;Rakovník,aut.st.;50.23227;13.97184
20260701_124440_L584;20260701_124440;01.07.2026;12:34:00;584;65;8408;10;U3390Z2;Mutějovice,Lhota p.Džbánem;50.14798;13.74192
20260701_124440_L686;20260701_124440;01.07.2026;12:13:00;686;33;8142;29;U2315Z1;Úvaly,žel.st.;50.07407;14.7232
20260701_124440_L712;20260701_124440;01.07.2026;12:31:00;712;3;9919;13;U4058Z1;Březovice;50.44685;14.74461
20260701_124840_L342;20260701_124840;01.07.2026;12:34:00;342;20;7701;12;U4777Z15;Slaný,žel.st.;50.22926;14.08436
20260701_124840_L584;20260701_124840;01.07.2026;12:38:00;584;65;8408;10;U3143Z2;Mutějovice,Lhota p.Džbánem;50.17195;13.73935
20260701_124840_L681;20260701_124840;01.07.2026;12:35:00;681;59;1635;11;U2156Z2;Uhlířské Janovice,nám.;49.94815;15.16079
20260701_124840_L381;20260701_124840;01.07.2026;12:35:00;381;2;9374;13;U2011Z1;Čáslav,obchodní centrum;49.98769;14.79038
20260701_124840_L341;20260701_124840;01.07.2026;12:38:00;341;26;7422;10;U388Z3;Jílové u Prahy,náměstí;50.00413;14.40383
20260701_124840_L467;20260701_124840;01.07.2026;12:37:00;467;53;9824;10;U1795Z1;Roudnice n.L.,ČSAD;50.3609;14.46742
20260701_124840_L526;20260701_124840;01.07.2026;11:17:00;526;30;9585;91;U9611Z2;Bzová;49.89723;13.86713
20260701_124840_L208;20260701_124840;01.07.2026;12:33:00;208;56;9190;14;U741Z2P;Depo Hostivař;50.07206;14.53586
20260701_124840_L712;20260701_124840;01.07.2026;12:34:00;712;3;9919;12;U6473Z1;Březovice;50.46873;14.73738
20260701_124840_L443;20260701_124840;01.07.2026;12:34:00;443;22;8594;14;U2442Z1;Nymburk,hl.nádr.;50.16247;14.78755
20260701_124840_L686;20260701_124840;01.07.2026;12:13:00;686;33;8142;33;U2315Z1;Úvaly,žel.st.;50.07407;14.7232
20260701_124840_L136;20260701_124840;01.07.2026;12:36:00;136;3;5090;12;U518Z3P;Jižní Město;50.07593;14.45916
20260701_124840_L136;20260701_124840;01.07.2026;12:37:00;136;2;6971;11;U417Z1P;Jižní Město;50.04293;14.48776
20260701_124840_L676;20260701_124840;01.07.2026;12:38:00;676;33;8623;10;U3061Z1;Seletice;50.29396;15.07547
20260701_124840_L434;20260701_124840;01.07.2026;12:36:00;434;16;8560;12;U4138Z2;Benátky n.Jiz.,aut.st.;50.22645;14.89162
20260701_124840_L400;20260701_124840;01.07.2026;12:34:00;400;53;1085;10;U1793Z1;Praha,Střížkov;50.34965;14.48881
20260701_125240_L584;20260701_125240;01.07.2026;12:40:00;584;65;8408;10;U3361Z2;Mutějovice,Lhota p.Džbánem;50.17651;13.74094
20260701_125240_L381;20260701_125240;01.07.2026;12:37:00;381;2;9374;13;U2012Z1;Čáslav,obchodní centrum;49.99243;14.8311
20260701_125240_L434;20260701_125240;01.07.2026;12:40:00;434;16;8560;12;U1496Z1;Benátky n.Jiz.,aut.st.;50.2283;14.88369
20260701_125240_L681;20260701_125240;01.07.2026;12:42:00;681;59;1635;10;U9942Z2;Uhlířské Janovice,nám.;49.93767;15.12543
20260701_125240_L400;20260701_125240;01.07.2026;12:34:00;400;53;1085;12;U1793Z1;Praha,Střížkov;50.33528;14.49415
20260701_125240_L750;20260701_125240;01.07.2026;12:41:00;750;24;7890;11;U7746Z1;Načeradec,Zdiměřice;49.60526;14.90818
20260701_125240_L228;20260701_125240;01.07.2026;12:39:00;228;11;9048;13;U1059Z2P;Benice;50.05751;14.58355
20260701_125240_L328;20260701_125240;01.07.2026;12:42:00;328;3;1722;10;U1864Z1;Modletice,Doubravice;49.97089;14.59125
20260701_125240_L676;20260701_125240;01.07.2026;12:40:00;676;33;8623;10;U3062Z1;Seletice;50.30267;15.075
20260701_125240_L686;20260701_125240;01.07.2026;12:13:00;686;33;8142;37;U2315Z1;Úvaly,žel.st.;50.07407;14.7232
20260701_125240_L408;20260701_125240;01.07.2026;12:37:00;408;60;7811;10;U6767Z2;Tábor,aut.nádr.;49.5728;14.53289
20260701_125240_L136;20260701_125240;01.07.2026;12:43:00;136;3;5090;10;U680Z3P;Jižní Město;50.06887;14.46902
20260701_125240_L136;20260701_125240;01.07.2026;12:42:00;136;4;5019;10;U512Z5P;Jižní Město;50.09042;14.46745
20260701_125240_L136;20260701_125240;01.07.2026;12:41:00;136;2;6971;11;U424Z1P;Jižní Město;50.03305;14.50025
20260701_125240_L341;20260701_125240;01.07.2026;12:40:00;341;26;7422;12;U224Z1;Jílové u Prahy,náměstí;49.9996;14.41039
20260701_125240_L443;20260701_125240;01.07.2026;12:38:00;443;22;8594;14;U2428Z2;Nymburk,hl.nádr.;50.16046;14.82502
20260701_125240_L474;20260701_125240;01.07.2026;12:42:00;474;45;8114;10;U3350Z1;Dobřeň,Střezivojice;50.3723;14.51207
20260701_125641_L136;20260701_125641;01.07.2026;12:43:00;136;2;6971;12;U106Z2P;Jižní Město;50.0275;14.50777
20260701_125641_L136;20260701_125641;01.07.2026;12:45:00;136;3;5090;11;U37Z1P;Jižní Město;50.06046;14.4696
20260701_125641_L136;20260701_125641;01.07.2026;12:47:00;136;4;5019;10;U516Z3P;Jižní Město;50.0825;14.45912
20260701_125641_L341;20260701_125641;01.07.2026;12:45:00;341;26;7422;11;U24Z1;Jílové u Prahy,náměstí;49.99763;14.43214
20260701_125641_L381;20260701_125641;01.07.2026;12:45:00;381;2;9374;11;U2016Z1;Čáslav,obchodní centrum;49.99404;14.8596
20260701_125641_L434;20260701_125641;01.07.2026;12:44:00;434;16;8560;12;U1488Z1;Benátky n.Jiz.,aut.st.;50.22921;14.86814
20260701_125641_L443;20260701_125641;01.07.2026;12:38:00;443;22;8594;16;U2428Z2;Nymburk,hl.nádr.;50.16567;14.83599
20260701_125641_L467;20260701_125641;01.07.2026;12:46:00;467;53;9824;10;U4441Z1;Roudnice n.L.,ČSAD;50.37195;14.39814
20260701_125641_L474;20260701_125641;01.07.2026;12:43:00;474;45;8114;10;U3349Z2;Dobřeň,Střezivojice;50.39062;14.52284
20260701_125641_L491;20260701_125641;01.07.2026;12:44:00;491;9;8653;11;U4570Z1;Český Brod,žel.st.;50.03755;14.80703
20260701_125641_L584;20260701_125641;01.07.2026;12:44:00;584;65;8408;11;U3362Z2;Mutějovice,Lhota p.Džbánem;50.19351;13.73063
20260701_125641_L628;20260701_125641;01.07.2026;12:44:00;628;24;8759;11;U9322Z1;Kladno,autobusové nádraží;50.20494;13.89862
20260701_125641_L686;20260701_125641;01.07.2026;12:13:00;686;33;8142;41;U2315Z1;Úvaly,žel.st.;50.07407;14.7232
20260701_125641_L750;20260701_125641;01.07.2026;12:43:00;750;24;7890;11;U7747Z1;Načeradec,Zdiměřice;49.58736;14.92117
20260701_130041_L474;20260701_130041;01.07.2026;12:48:00;474;45;8114;11;U9196Z1;Dobřeň,Střezivojice;50.40866;14.52367
20260701_130041_L750;20260701_130041;01.07.2026;12:48:00;750;24;7890;10;U7750Z1;Načeradec,Zdiměřice;49.56819;14.90801
20260701_130041_L394;20260701_130041;01.07.2026;12:49:00;394;26;9918;11;U1745Z2;Praha,Nové Butovice;49.96599;14.07346
20260701_130041_L136;20260701_130041;01.07.2026;12:50:00;136;3;5090;11;U697Z3P;Jižní Město;50.0477;14.48195
20260701_130041_L584;20260701_130041;01.07.2026;12:50:00;584;65;8408;10;U3373Z1;Mutějovice,Lhota p.Džbánem;50.19435;13.70829
20260701_130041_L434;20260701_130041;01.07.2026;12:48:00;434;16;8560;12;U2463Z1;Benátky n.Jiz.,aut.st.;50.23666;14.86098
20260701_130041_L443;20260701_130041;01.07.2026;12:46:00;443;22;8594;14;U2282Z1;Nymburk,hl.nádr.;50.16314;14.87835
20260701_130041_L381;20260701_130041;01.07.2026;12:50:00;381;16;9951;10;U336Z2;Praha,Háje;50.03521;14.59369
20260701_130041_L381;20260701_130041;01.07.2026;12:48:00;381;2;9374;11;U1978Z1;Čáslav,obchodní centrum;49.98601;14.86752
20260701_130041_L341;20260701_130041;01.07.2026;12:50:00;341;26;7422;10;U1591Z1;Jílové u Prahy,náměstí;49.97735;14.43919
20260701_130041_L628;20260701_130041;01.07.2026;12:48:00;628;24;8759;12;U9325Z2;Kladno,autobusové nádraží;50.195;13.90948
20260701_130041_L467;20260701_130041;01.07.2026;12:47:00;467;53;9824;10;U4728Z1;Roudnice n.L.,ČSAD;50.38644;14.34016
20260701_130041_L686;20260701_130041;01.07.2026;12:13:00;686;33;8142;46;U2315Z1;Úvaly,žel.st.;50.07421;14.72303
20260701_130041_L228;20260701_130041;01.07.2026;12:46:00;228;11;9048;14;U461Z2P;Benice;50.03306;14.59345
20260701_130041_L668;20260701_130041;01.07.2026;12:49:00;668;16;8057;10;U9182Z1;Mšeno,žel.st.;50.43825;14.63264
20260701_130041_L491;20260701_130041;01.07.2026;12:49:00;491;9;8653;11;U1421Z2;Český Brod,žel.st.;50.05611;14.81676
20260701_130041_L372;20260701_130041;01.07.2026;12:50:00;372;2;8067;10;U2340Z2;Kralupy n.Vlt.,žel.st.;50.27381;14.39732
20260701_130041_L136;20260701_130041;01.07.2026;12:49:00;136;2;6971;11;U286Z5P;Jižní Město;50.0306;14.52875
20260701_130041_L307;20260701_130041;01.07.2026;12:49:00;307;11;8952;11;U1643Z2;Praha,Zličín;50.0511;14.27333
20260701_130041_L136;20260701_130041;01.07.2026;12:47:00;136;4;5019;11;U516Z3P;Jižní Město;50.07943;14.46035
20260701_130442_L136;20260701_130442;01.07.2026;12:54:00;136;3;5090;10;U181Z1P;Jižní Město;50.0395;14.49054
20260701_130442_L668;20260701_130442;01.07.2026;12:49:00;668;16;8057;15;U9182Z1;Mšeno,žel.st.;50.43825;14.63264
20260701_130442_L443;20260701_130442;01.07.2026;12:49:00;443;22;8594;14;U1437Z1;Nymburk,hl.nádr.;50.16088;14.91199
20260701_130442_L491;20260701_130442;01.07.2026;12:51:00;491;9;8653;13;U4134Z2;Český Brod,žel.st.;50.06206;14.83318
20260701_130442_L467;20260701_130442;01.07.2026;12:52:00;467;15;8116;10;U9295Z1;Mladá Boleslav,aut.st.;50.36859;14.82639
20260701_130442_L584;20260701_130442;01.07.2026;12:50:00;584;65;8408;11;U3373Z1;Mutějovice,Lhota p.Džbánem;50.20921;13.71482
20260701_130442_L136;20260701_130442;01.07.2026;12:49:00;136;4;5019;15;U118Z4P;Jižní Město;50.0784;14.46031
20260701_130442_L616;20260701_130442;01.07.2026;12:54:00;616;34;8894;10;U2803Z2;Kladno,Sítná;50.17534;14.09288
20260701_130442_L750;20260701_130442;01.07.2026;12:52:00;750;24;7890;12;U7752Z1;Načeradec;49.55332;14.91951
20260701_130442_L628;20260701_130442;01.07.2026;12:54:00;628;24;8759;10;U9337Z1;Kladno,autobusové nádraží;50.18684;13.93841
20260701_130442_L228;20260701_130442;01.07.2026;12:50:00;228;11;9048;14;U136Z1P;Benice;50.02847;14.59865
20260701_130442_L434;20260701_130442;01.07.2026;12:51:00;434;16;8560;12;U2464Z2;Benátky n.Jiz.,aut.st.;50.23365;14.83868
20260701_130442_L467;20260701_130442;01.07.2026;12:51:00;467;53;9824;11;U4712Z1;Roudnice n.L.,ČSAD;50.40329;14.30511
20260701_130442_L712;20260701_130442;01.07.2026;12:52:00;712;3;9919;10;U9357Z52;Mladá Boleslav,aut.st.;50.43544;14.79641
20260701_130442_L394;20260701_130442;01.07.2026;12:51:00;394;26;9918;12;U4273Z1;Praha,Nové Butovice;49.97368;14.09375
20260701_130442_L381;20260701_130442;01.07.2026;12:53:00;381;2;9374;11;U1980Z1;Čáslav,obchodní centrum;49.97229;14.91549
20260701_130442_L307;20260701_130442;01.07.2026;12:50:00;307;11;8952;14;U1142Z2;Praha,Zličín;50.05468;14.28215
20260701_130442_L341;20260701_130442;01.07.2026;12:54:00;341;26;7422;10;U1575Z1;Jílové u Prahy,náměstí;49.96561;14.44758
20260701_130842_L381;20260701_130842;01.07.2026;12:58:00;381;2;9374;10;U1983Z1;Čáslav,obchodní centrum;49.96708;14.95743
20260701_130842_L136;20260701_130842;01.07.2026;12:58:00;136;3;5090;10;U106Z2P;Jižní Město;50.02791;14.50761
20260701_130842_L467;20260701_130842;01.07.2026;12:57:00;467;15;8116;10;U9296Z1;Mladá Boleslav,aut.st.;50.3722;14.85549
20260701_130842_L474;20260701_130842;01.07.2026;12:57:00;474;45;8114;10;U9192Z1;Dobřeň,Střezivojice;50.43629;14.56789
20260701_130842_L668;20260701_130842;01.07.2026;12:49:00;668;16;8057;19;U9182Z1;Mšeno,žel.st.;50.43825;14.63264
20260701_130842_L467;20260701_130842;01.07.2026;12:56:00;467;53;9824;11;U4714Z1;Roudnice n.L.,ČSAD;50.41615;14.27609
20260701_130842_L712;20260701_130842;01.07.2026;12:52:00;712;3;9919;11;U9357Z52;Mladá Boleslav,aut.st.;50.41042;14.81235
20260701_130842_L616;20260701_130842;01.07.2026;12:56:00;616;34;8894;12;U4153Z2;Kladno,Sítná;50.16428;14.08588
20260701_130842_L491;20260701_130842;01.07.2026;12:54:00;491;9;8653;14;U1416Z3;Český Brod,žel.st.;50.07221;14.85698
20260701_130842_L361;20260701_130842;01.07.2026;12:56:00;361;55;1125;10;U2525Z2;Praha,Smíchovské nádraží;49.79217;14.39089
20260701_130842_L153;20260701_130842;01.07.2026;12:55:00;153;2;1908;13;U363Z4P;U Zvonu;50.06425;14.38932
20260701_130842_L434;20260701_130842;01.07.2026;12:55:00;434;16;8560;11;U2476Z1;Benátky n.Jiz.,aut.st.;50.26784;14.83393
20260701_130842_L136;20260701_130842;01.07.2026;12:53:00;136;4;5019;13;U855Z1P;Jižní Město;50.07358;14.46907
20260701_130842_L750;20260701_130842;01.07.2026;12:56:00;750;24;7890;12;U7750Z2;Načeradec;49.57261;14.92293
20260701_131242_L712;20260701_131242;01.07.2026;12:52:00;712;3;9919;12;U9357Z52;Mladá Boleslav,aut.st.;50.40203;14.85216
20260701_131242_L692;20260701_131242;01.07.2026;13:00:00;692;2;1359;12;U9192Z2;Kokořín,Šemanovice;50.43;14.5671
20260701_131242_L467;20260701_131242;01.07.2026;12:58:00;467;53;9824;12;U4715Z1;Roudnice n.L.,ČSAD;50.42389;14.26259
20260701_131242_L793;20260701_131242;01.07.2026;13:02:00;793;47;7876;10;U7956Z1;Divišov,nám.;49.75736;14.88496
20260701_131242_L153;20260701_131242;01.07.2026;12:57:00;153;2;1908;15;U3232Z2P;U Zvonu;50.06848;14.39267
20260701_131242_L136;20260701_131242;01.07.2026;13:02:00;136;3;5090;10;U353Z1P;Jižní Město;50.02623;14.52147
20260701_131242_L616;20260701_131242;01.07.2026;13:01:00;616;34;8894;12;U2881Z2;Kladno,Sítná;50.16218;14.11385
20260701_131242_L453;20260701_131242;01.07.2026;13:02:00;453;6;7509;10;U31266Z2;Vlašim,žel.st.;49.53961;14.81333
20260701_131242_L716;20260701_131242;01.07.2026;13:01:00;716;38;8608;11;U6354Z2;Boseň,Mužský;50.55584;14.99791
20260701_131242_L381;20260701_131242;01.07.2026;13:02:00;381;2;9374;10;U2145Z1;Čáslav,obchodní centrum;49.96608;14.98093
20260701_131242_L821;20260701_131242;01.07.2026;13:00:00;821;69;1606;10;U1984Z4;Kolín,nádraží;49.96698;14.9816
20260701_131242_L402;20260701_131242;01.07.2026;13:00:00;402;23;7928;10;U7318Z2;Praha,Roztyly;49.84139;14.81015
20260701_131242_L750;20260701_131242;01.07.2026;13:01:00;750;24;7890;11;U7747Z2;Načeradec;49.59797;14.9122
20260701_131242_L300;20260701_131242;01.07.2026;13:01:00;300;8;8958;11;U85Z1;Praha,Nádraží Veleslavín;50.09259;14.32463
20260701_131242_L361;20260701_131242;01.07.2026;13:01:00;361;55;1125;11;U2524Z1;Praha,Smíchovské nádraží;49.8033;14.38398
20260701_131242_L136;20260701_131242;01.07.2026;13:02:00;136;23;6844;10;U516Z3P;Jižní Město;50.0821;14.45942
20260701_131242_L342;20260701_131242;01.07.2026;13:00:00;342;1;7702;11;U1363Z2;Praha,Nádraží Veleslavín;50.116;14.28336
20260701_131242_L136;20260701_131242;01.07.2026;13:00:00;136;4;5019;12;U37Z1P;Jižní Město;50.06042;14.46959
20260701_131242_L188;20260701_131242;01.07.2026;12:59:00;188;2;6920;10;U418Z2P;Želivského;50.07787;14.48122
20260701_131242_L770;20260701_131242;01.07.2026;13:01:00;770;42;7918;10;U7795Z52;Benešov,Terminál;49.82675;14.83585
20260701_131643_L714;20260701_131643;01.07.2026;13:05:00;714;11;1814;11;U2987Z21;Dobšín;50.41954;14.91674
20260701_131643_L381;20260701_131643;01.07.2026;13:06:00;381;2;9374;10;U2150Z1;Čáslav,obchodní centrum;49.95962;15.02241
20260701_131643_L561;20260701_131643;01.07.2026;13:03:00;561;62;8360;11;U2926Z17;Rakovník,hasičský záchr.sbor;50.10204;13.73129
20260701_131643_L616;20260701_131643;01.07.2026;13:04:00;616;34;8894;11;U4411Z2;Kladno,Sítná;50.15012;14.11148
20260701_131643_L628;20260701_131643;01.07.2026;13:06:00;628;24;8759;10;U2898Z1;Kladno,autobusové nádraží;50.16251;13.98812
20260701_131643_L324;20260701_131643;01.07.2026;13:02:00;324;27;8996;14;U776Z2;Praha,Zličín;50.10914;14.27907
20260701_131643_L342;20260701_131643;01.07.2026;13:04:00;342;1;7702;12;U776Z2;Praha,Nádraží Veleslavín;50.10822;14.27814
20260701_131643_L692;20260701_131643;01.07.2026;13:00:00;692;2;1359;13;U9192Z2;Kokořín,Šemanovice;50.43437;14.55174
20260701_131643_L712;20260701_131643;01.07.2026;12:52:00;712;3;9919;13;U9357Z52;Mladá Boleslav,aut.st.;50.39672;14.8737
20260701_131643_L372;20260701_131643;01.07.2026;13:06:00;372;2;8067;10;U2346Z1;Kralupy n.Vlt.,žel.st.;50.27181;14.32381
20260701_131643_L361;20260701_131643;01.07.2026;13:04:00;361;55;1125;11;U2523Z2;Praha,Smíchovské nádraží;49.81428;14.39659
20260701_131643_L467;20260701_131643;01.07.2026;13:05:00;467;15;8116;11;U9299Z1;Mladá Boleslav,aut.st.;50.4056;14.89323
20260701_131643_L136;20260701_131643;01.07.2026;13:06:00;136;23;6844;10;U518Z3P;Jižní Město;50.07657;14.4591
20260701_131643_L467;20260701_131643;01.07.2026;13:02:00;467;53;9824;13;U4716Z2;Roudnice n.L.,ČSAD;50.42281;14.25315
20260701_131643_L136;20260701_131643;01.07.2026;13:05:00;136;4;5019;11;U697Z3P;Jižní Město;50.04821;14.48142
20260701_131643_L716;20260701_131643;01.07.2026;13:05:00;716;38;8608;10;U6358Z2;Boseň,Mužský;50.55376;14.98002
20260701_131643_L453;20260701_131643;01.07.2026;13:05:00;453;6;7509;11;U32133Z1;Vlašim,žel.st.;49.5463;14.84357
20260701_131643_L793;20260701_131643;01.07.2026;13:04:00;793;47;7876;12;U7957Z1;Divišov,nám.;49.77215;14.88474
20260701_131643_L750;20260701_131643;01.07.2026;13:04:00;750;24;7890;12;U7738Z6;Louňovice p.Blaníkem;49.61008;14.90575
20260701_132043_L136;20260701_132043;01.07.2026;13:09:00;136;4;5019;12;U181Z1P;Jižní Město;50.03948;14.49054
20260701_132043_L199;20260701_132043;01.07.2026;13:06:00;199;1;3951;12;U418Z2P;Želivského;50.0778;14.48114
20260701_132043_L821;20260701_132043;01.07.2026;13:07:00;821;69;1606;10;U2934Z1;Kolín,nádraží;49.99386;14.98271
20260701_132043_L324;20260701_132043;01.07.2026;13:06:00;324;27;8996;14;U218Z2;Praha,Zličín;50.09539;14.29367
20260701_132043_L342;20260701_132043;01.07.2026;13:08:00;342;1;7702;12;U218Z2;Praha,Nádraží Veleslavín;50.09528;14.29385
20260701_132043_L354;20260701_132043;01.07.2026;13:07:00;354;8;8020;11;U188Z2;Praha,Černý Most;50.10971;14.58171
20260701_132043_L361;20260701_132043;01.07.2026;13:07:00;361;55;1125;13;U2515Z2;Praha,Smíchovské nádraží;49.82344;14.38784
20260701_132043_L372;20260701_132043;01.07.2026;13:10:00;372;2;8067;10;U2231Z1;Kralupy n.Vlt.,žel.st.;50.25144;14.32067
20260701_132043_L381;20260701_132043;01.07.2026;13:09:00;381;2;9374;11;U2151Z1;Čáslav,obchodní centrum;49.95323;15.03103
20260701_132043_L383;20260701_132043;01.07.2026;13:09:00;383;33;9139;10;U1885Z1;Chocerady;50.00103;14.66374
20260701_132043_L410;20260701_132043;01.07.2026;13:05:00;410;4;11698;10;U1793Z3;Mimoň,aut.st.;50.35048;14.48895
20260701_132043_L412;20260701_132043;01.07.2026;13:10:00;412;43;9917;10;U9359Z2;Praha,Černý Most;50.40909;14.94975
20260701_132043_L443;20260701_132043;01.07.2026;13:07:00;443;22;8594;13;U2589Z1;Nymburk,hl.nádr.;50.15537;15.00775
20260701_132043_L453;20260701_132043;01.07.2026;13:09:00;453;6;7509;10;U32136Z1;Vlašim,žel.st.;49.56961;14.87327
20260701_132043_L467;20260701_132043;01.07.2026;13:07:00;467;15;8116;12;U9300Z1;Mladá Boleslav,aut.st.;50.41174;14.91094
20260701_132043_L511;20260701_132043;01.07.2026;13:10:00;511;10;9567;10;U5737Z1;Příbram,aut.nádr.;49.5985;13.99348
20260701_132043_L541;20260701_132043;01.07.2026;13:07:00;541;3;7647;11;U6631Z2;Nymburk,hl.nádr.;50.19836;15.25232
20260701_132043_L561;20260701_132043;01.07.2026;13:09:00;561;62;8360;10;U6151Z2;Rakovník,hasičský záchr.sbor;50.10205;13.71711
20260701_132043_L616;20260701_132043;01.07.2026;13:07:00;616;34;8894;12;U4314Z1;Kladno,Sítná;50.14913;14.10505
20260701_132043_L692;20260701_132043;01.07.2026;13:08:00;692;2;1359;11;U9191Z1;Kokořín,Šemanovice;50.43828;14.54096
20260701_132043_L706;20260701_132043;01.07.2026;13:09:00;706;46;8573;11;U2151Z1;Jestřabí Lhota;49.95321;15.03113
20260701_132043_L712;20260701_132043;01.07.2026;13:07:00;712;3;9919;13;U9300Z1;Mladá Boleslav,aut.st.;50.40709;14.89853
20260701_132043_L714;20260701_132043;01.07.2026;13:07:00;714;11;1814;13;U6172Z1;Dobšín;50.42643;14.91943
20260701_132043_L716;20260701_132043;01.07.2026;13:09:00;716;38;8608;10;U6356Z2;Boseň,Mužský;50.54945;14.9956
20260701_132043_L750;20260701_132043;01.07.2026;13:05:00;750;24;7890;13;U7739Z2;Louňovice p.Blaníkem;49.62141;14.88274
20260701_132043_L754;20260701_132043;01.07.2026;13:06:00;754;13;7225;13;U7925Z2;Benešov,Terminál;49.65791;14.42518
20260701_132443_L136;20260701_132443;01.07.2026;13:13:00;136;4;5019;11;U106Z2P;Jižní Město;50.02753;14.50777
20260701_132443_L188;20260701_132443;01.07.2026;13:10:00;188;2;6920;13;U921Z6P;Kavčí hory;50.07691;14.4892
20260701_132443_L858;20260701_132443;01.07.2026;13:12:00;858;67;8713;12;U4409Z2;Libčice n.Vlt.,žel.zast.Letky;50.1978;14.22416
20260701_132443_L342;20260701_132443;01.07.2026;13:12:00;342;1;7702;12;U85Z1;Praha,Nádraží Veleslavín;50.09263;14.32414
20260701_132443_L354;20260701_132443;01.07.2026;13:07:00;354;8;8020;15;U188Z2;Praha,Černý Most;50.10971;14.58171
20260701_132443_L372;20260701_132443;01.07.2026;13:14:00;372;2;8067;10;U2286Z1;Kralupy n.Vlt.,žel.st.;50.24075;14.3128
20260701_132443_L381;20260701_132443;01.07.2026;13:14:00;381;2;9374;10;U2154Z1;Čáslav,obchodní centrum;49.95687;15.07211
20260701_132443_L383;20260701_132443;01.07.2026;13:14:00;383;33;9139;10;U1882Z1;Chocerady;49.99577;14.67899
20260701_132443_L410;20260701_132443;01.07.2026;13:11:00;410;4;11698;13;U1794Z1;Mimoň,aut.st.;50.35454;14.48068
20260701_132443_L453;20260701_132443;01.07.2026;13:09:00;453;6;7509;11;U32136Z1;Vlašim,žel.st.;49.58708;14.89369
20260701_132443_L467;20260701_132443;01.07.2026;13:12:00;467;15;8116;12;U3389Z1;Mladá Boleslav,aut.st.;50.41292;14.9099
20260701_132443_L541;20260701_132443;01.07.2026;13:14:00;541;3;7647;10;U6626Z2;Nymburk,hl.nádr.;50.17671;15.22366
20260701_132443_L561;20260701_132443;01.07.2026;13:11:00;561;62;8360;10;U4765Z1;Rakovník,hasičský záchr.sbor;50.10225;13.72573
20260701_132443_L616;20260701_132443;01.07.2026;13:12:00;616;34;8894;12;U3094Z2;Kladno,Sítná;50.14099;14.09882
20260701_132443_L692;20260701_132443;01.07.2026;13:12:00;692;2;1359;10;U9190Z1;Kokořín,Šemanovice;50.4545;14.55341
20260701_132443_L712;20260701_132443;01.07.2026;13:11:00;712;3;9919;13;U3391Z2;Mladá Boleslav,aut.st.;50.41406;14.90852
20260701_132443_L714;20260701_132443;01.07.2026;13:10:00;714;11;1814;13;U3393Z1;Dobšín;50.43937;14.92865
20260701_132443_L716;20260701_132443;01.07.2026;13:14:00;716;38;8608;10;U6352Z1;Boseň,Mužský;50.53087;14.97619
20260701_132443_L750;20260701_132443;01.07.2026;13:12:00;750;24;7890;12;U4082Z2;Načeradec;49.63758;14.84757
20260701_132443_L770;20260701_132443;01.07.2026;13:12:00;770;42;7918;12;U7666Z51;Benešov,Terminál;49.8241;14.79946
20260701_132844_L136;20260701_132844;01.07.2026;13:17:00;136;4;5019;10;U353Z1P;Jižní Město;50.02987;14.52668
20260701_132844_L188;20260701_132844;01.07.2026;13:14:00;188;2;6920;15;U548Z1P;Kavčí hory;50.08208;14.50198
20260701_132844_L821;20260701_132844;01.07.2026;13:18:00;821;69;1606;10;U4148Z1;Kolín,nádraží;50.00566;14.98954
20260701_132844_L858;20260701_132844;01.07.2026;13:13:00;858;67;8713;14;U4408Z2;Libčice n.Vlt.,žel.zast.Letky;50.19869;14.23916
20260701_132844_L354;20260701_132844;01.07.2026;13:07:00;354;8;8020;20;U188Z2;Praha,Černý Most;50.10971;14.58171
20260701_132844_L361;20260701_132844;01.07.2026;13:13:00;361;55;1125;11;U2490Z2;Praha,Smíchovské nádraží;49.87365;14.39184
20260701_132844_L396;20260701_132844;01.07.2026;13:15:00;396;14;7991;12;U1672Z2;Přezletice,Vinořská;50.15375;14.58396
20260701_132844_L443;20260701_132844;01.07.2026;13:14:00;443;22;8594;14;U2967Z1;Nymburk,hl.nádr.;50.17828;15.04079
20260701_132844_L445;20260701_132844;01.07.2026;13:18:00;445;16;7404;10;U1586Z1;Jílové u Prahy,náměstí;49.8986;14.46876
20260701_132844_L453;20260701_132844;01.07.2026;13:17:00;453;6;7509;11;U7738Z5;Vlašim,žel.st.;49.60992;14.90589
20260701_132844_L467;20260701_132844;01.07.2026;13:12:00;467;15;8116;13;U3389Z1;Mladá Boleslav,aut.st.;50.41878;14.91667
20260701_132844_L484;20260701_132844;01.07.2026;13:16:00;484;31;8183;11;U2315Z1;Úvaly,žel.st.;50.07407;14.7232
20260701_132844_L511;20260701_132844;01.07.2026;13:16:00;511;14;9618;10;U5916Z1;Březnice,aut.st.;49.5587;14.05461
20260701_132844_L516;20260701_132844;01.07.2026;13:17:00;516;1;7207;11;U7924Z1;Dublovice,Zvírotice;49.65458;14.42623
20260701_132844_L714;20260701_132844;01.07.2026;13:16:00;714;11;1814;12;U6218Z1;Dobšín;50.44812;14.96388
20260701_132844_L716;20260701_132844;01.07.2026;13:17:00;716;38;8608;10;U3253Z2;Boseň,Mužský;50.52132;14.97819
20260701_132844_L750;20260701_132844;01.07.2026;13:15:00;750;24;7890;13;U7872Z1;Načeradec;49.62601;14.87702
20260701_132844_L770;20260701_132844;01.07.2026;13:17:00;770;42;7918;11;U5725Z2;Benešov,Terminál;49.80575;14.80189
20260701_133244_L188;20260701_133244;01.07.2026;13:20:00;188;2;6920;12;U90Z1P;Kavčí hory;50.0734;14.50451
20260701_133244_L199;20260701_133244;01.07.2026;13:20:00;199;7;5113;12;U418Z1P;Sídliště Malešice;50.08042;14.48793
20260701_133244_L351;20260701_133244;01.07.2026;13:22:00;351;2;4559;10;U771Z2;Praha,Letňany;50.13501;14.5057
20260701_133244_L354;20260701_133244;01.07.2026;13:07:00;354;8;8020;23;U188Z2;Praha,Černý Most;50.10969;14.58175
20260701_133244_L361;20260701_133244;01.07.2026;13:20:00;361;55;1125;12;U1764Z2;Praha,Smíchovské nádraží;49.89112;14.3998
20260701_133244_L369;20260701_133244;01.07.2026;13:22:00;369;34;8233;11;U1797Z1;Mělník,Mlazice;50.37112;14.46597
20260701_133244_L384;20260701_133244;01.07.2026;13:21:00;384;16;9869;10;U4273Z1;Praha,Zličín;49.97271;14.08947
20260701_133244_L396;20260701_133244;01.07.2026;13:15:00;396;14;7991;16;U1672Z2;Přezletice,Vinořská;50.15367;14.58387
20260701_133244_L443;20260701_133244;01.07.2026;13:18:00;443;22;8594;14;U2969Z1;Nymburk,hl.nádr.;50.18612;15.04102
20260701_133244_L445;20260701_133244;01.07.2026;13:21:00;445;16;7404;11;U2606Z2;Jílové u Prahy,náměstí;49.90522;14.48898
20260701_133244_L458;20260701_133244;01.07.2026;13:20:00;458;24;7890;12;U7738Z6;Mladá Vožice,aut.st.;49.60737;14.90627
20260701_133244_L484;20260701_133244;01.07.2026;13:16:00;484;31;8183;15;U2315Z1;Úvaly,žel.st.;50.07407;14.7232
20260701_133244_L511;20260701_133244;01.07.2026;13:19:00;511;14;9618;12;U7781Z1;Březnice,aut.st.;49.5568;14.01767
20260701_133244_L716;20260701_133244;01.07.2026;13:19:00;716;38;8608;13;U9478Z4;Boseň,Mužský;50.51928;14.97891
20260701_133244_L750;20260701_133244;01.07.2026;13:19:00;750;24;7890;13;U7739Z1;Načeradec;49.60737;14.90627
20260701_133244_L770;20260701_133244;01.07.2026;13:20:00;770;42;7918;11;U7667Z2;Benešov,Terminál;49.81156;14.77592
20260701_133244_L797;20260701_133244;01.07.2026;13:19:00;797;22;7864;10;U7528Z2;Vranov,Vranovská Lhota;49.86341;14.78498
20260701_133645_L188;20260701_133645;01.07.2026;13:24:00;188;2;6920;12;U459Z3P;Kavčí hory;50.06897;14.49136
20260701_133645_L821;20260701_133645;01.07.2026;13:26:00;821;69;1606;10;U4982Z2;Kolín,nádraží;50.01045;15.0468
20260701_133645_L337;20260701_133645;01.07.2026;13:23:00;337;11;9952;10;U1564Z1;Benešov,Terminál;49.89799;14.60405
20260701_133645_L354;20260701_133645;01.07.2026;13:07:00;354;8;8020;29;U188Z2;Praha,Černý Most;50.11104;14.58983
20260701_133645_L361;20260701_133645;01.07.2026;13:24:00;361;55;1125;12;U1754Z2;Praha,Smíchovské nádraží;49.91068;14.38618
20260701_133645_L384;20260701_133645;01.07.2026;13:26:00;384;16;9869;10;U2373Z2;Praha,Zličín;49.98306;14.12578
20260701_133645_L396;20260701_133645;01.07.2026;13:15:00;396;14;7991;20;U1672Z2;Přezletice,Vinořská;50.1537;14.58401
20260701_133645_L400;20260701_133645;01.07.2026;13:25:00;400;56;1088;10;U6072Z2;Praha,Střížkov;50.4577;14.47388
20260701_133645_L402;20260701_133645;01.07.2026;13:22:00;402;3;7673;11;U7317Z1;Čáslav,aut.st.;49.73343;15.07322
20260701_133645_L458;20260701_133645;01.07.2026;13:21:00;458;24;7890;15;U7739Z2;Mladá Vožice,aut.st.;49.60889;14.8949
20260701_133645_L484;20260701_133645;01.07.2026;13:16:00;484;31;8183;19;U2315Z1;Úvaly,žel.st.;50.07407;14.7232
20260701_133645_L511;20260701_133645;01.07.2026;13:23:00;511;10;9567;11;U7719Z4;Příbram,aut.nádr.;49.65289;14.03889
20260701_133645_L511;20260701_133645;01.07.2026;13:24:00;511;14;9618;13;U7054Z1;Březnice,aut.st.;49.55624;13.98626
20260701_133645_L580;20260701_133645;01.07.2026;13:26:00;580;18;7695;10;U4338Z1;Rakovník,aut.st.;50.10067;13.73149
20260701_133645_L620;20260701_133645;01.07.2026;13:25:00;620;14;7324;10;U4313Z9;Kladno,autobusové nádraží;50.14552;14.09513
20260701_133645_L714;20260701_133645;01.07.2026;13:24:00;714;11;1814;12;U9452Z1;Dobšín;50.4738;15.02093
20260701_133645_L716;20260701_133645;01.07.2026;13:23:00;716;38;8608;14;U3251Z2;Boseň,Mužský;50.50952;14.96975
20260701_133645_L770;20260701_133645;01.07.2026;13:24:00;770;42;7918;11;U7807Z2;Benešov,Terminál;49.80987;14.74978
20260701_134045_L396;20260701_134045;01.07.2026;13:15:00;396;14;7991;24;U1672Z2;Přezletice,Vinořská;50.1537;14.58401
20260701_134045_L620;20260701_134045;01.07.2026;13:27:00;620;14;7324;12;U3094Z2;Kladno,autobusové nádraží;50.14323;14.10291
20260701_134045_L332;20260701_134045;01.07.2026;13:30:00;332;19;9956;10;U50Z4;Jílové u Prahy,náměstí;50.0439;14.45045
20260701_134045_L188;20260701_134045;01.07.2026;13:27:00;188;2;6920;14;U2781Z52P;Kavčí hory;50.0633;14.5044
20260701_134045_L484;20260701_134045;01.07.2026;13:16:00;484;31;8183;23;U2315Z1;Úvaly,žel.st.;50.07407;14.7232
20260701_134045_L120;20260701_134045;01.07.2026;13:29:00;120;1;3678;10;U1040Z21P;Nádraží Radotín;50.06621;14.403
20260701_134045_L153;20260701_134045;01.07.2026;13:28:00;153;1;1909;10;U3233Z2P;U Zvonu;50.07032;14.38479
20260701_134045_L337;20260701_134045;01.07.2026;13:28:00;337;11;9952;12;U1541Z1;Benešov,Terminál;49.89454;14.61357
20260701_134045_L384;20260701_134045;01.07.2026;13:30:00;384;16;9869;10;U2371Z2;Praha,Zličín;49.99166;14.15274
20260701_134045_L400;20260701_134045;01.07.2026;13:28:00;400;56;1088;11;U6070Z2;Praha,Střížkov;50.43683;14.47207
20260701_134045_L402;20260701_134045;01.07.2026;13:27:00;402;3;7673;11;U7053Z1;Čáslav,aut.st.;49.74122;15.10327
20260701_134045_L624;20260701_134045;01.07.2026;13:28:00;624;32;8895;11;U5100Z1;Družec,náves;50.14595;14.15351
20260701_134045_L821;20260701_134045;01.07.2026;13:28:00;821;69;1606;12;U4981Z4;Kolín,nádraží;50.00376;15.04856
20260701_134045_L826;20260701_134045;01.07.2026;13:30:00;826;36;8583;10;U2436Z1;Pečky,žel.st.;50.10008;14.98424
20260701_134045_L770;20260701_134045;01.07.2026;13:24:00;770;42;7918;12;U7807Z2;Benešov,Terminál;49.80873;14.72036
20260701_134045_L761;20260701_134045;01.07.2026;13:27:00;761;42;1570;10;U1687Z2;Velké Popovice,Todice;49.91184;14.63799
20260701_134045_L511;20260701_134045;01.07.2026;13:29:00;511;14;9618;11;U7046Z1;Březnice,aut.st.;49.55703;13.95232
20260701_134045_L511;20260701_134045;01.07.2026;13:27:00;511;10;9567;12;U7886Z2;Příbram,aut.nádr.;49.66094;14.01515
20260701_134045_L453;20260701_134045;01.07.2026;13:30:00;453;6;7509;10;U6784Z1;Vlašim,žel.st.;49.66794;14.88291
20260701_134045_L136;20260701_134045;01.07.2026;13:28:00;136;23;6844;10;U106Z2P;Jižní Město;50.02429;14.50879
20260701_134045_L232;20260701_134045;01.07.2026;13:29:00;232;12;3641;11;U302Z3P;Smíchovské nádraží;50.06224;14.40569
20260701_134045_L125;20260701_134045;01.07.2026;13:30:00;125;1;5504;10;U181Z1P;Skalka;50.03945;14.49055
20260701_134045_L716;20260701_134045;01.07.2026;13:26:00;716;38;8608;12;U6361Z1;Boseň,Mužský;50.49923;14.98578
20260701_134446_L120;20260701_134446;01.07.2026;13:29:00;120;1;3678;13;U1040Z21P;Nádraží Radotín;50.06504;14.40364
20260701_134446_L125;20260701_134446;01.07.2026;13:35:00;125;1;5504;10;U379Z1P;Skalka;50.03194;14.51509
20260701_134446_L136;20260701_134446;01.07.2026;13:32:00;136;23;6844;11;U353Z1P;Jižní Město;50.03031;14.52753
20260701_134446_L188;20260701_134446;01.07.2026;13:31:00;188;2;6920;14;U671Z3P;Kavčí hory;50.05703;14.4938
20260701_134446_L199;20260701_134446;01.07.2026;13:32:00;199;7;6867;12;U660Z4P;Želivského;50.08318;14.50832
20260701_134446_L199;20260701_134446;01.07.2026;13:34:00;199;2;3960;10;U418Z1P;Sídliště Malešice;50.08051;14.48897
20260701_134446_L231;20260701_134446;01.07.2026;13:32:00;231;3;3722;11;U1040Z21P;Dívčí hrady;50.06576;14.40324
20260701_134446_L232;20260701_134446;01.07.2026;13:32:00;232;12;3641;12;U468Z1P;Smíchovské nádraží;50.0527;14.40635
20260701_134446_L821;20260701_134446;01.07.2026;13:33:00;821;69;1606;11;U5000Z1;Kolín,nádraží;50.00449;15.08687
20260701_134446_L332;20260701_134446;01.07.2026;13:30:00;332;19;9956;11;U50Z4;Jílové u Prahy,náměstí;50.03762;14.45711
20260701_134446_L337;20260701_134446;01.07.2026;13:32:00;337;11;9952;11;U1543Z1;Benešov,Terminál;49.87313;14.63388
20260701_134446_L361;20260701_134446;01.07.2026;13:33:00;361;55;1125;11;U421Z2;Praha,Smíchovské nádraží;49.96757;14.3944
20260701_134446_L396;20260701_134446;01.07.2026;13:15:00;396;14;7991;28;U1672Z2;Přezletice,Vinořská;50.1537;14.58401
20260701_134446_L400;20260701_134446;01.07.2026;13:31:00;400;56;1088;12;U6060Z2;Praha,Střížkov;50.42229;14.46366
20260701_134446_L402;20260701_134446;01.07.2026;13:33:00;402;3;7673;11;U7159Z71;Čáslav,aut.st.;49.74646;15.09704
20260701_134446_L406;20260701_134446;01.07.2026;13:29:00;406;2;7944;15;U5937Z1;Pelhřimov,aut.nádr.;49.7797;14.70951
20260701_134446_L431;20260701_134446;01.07.2026;13:29:00;431;1;1821;10;U3262Z1;Benátky n.Jiz.,Husovo nám.;50.27709;14.81902
20260701_134446_L448;20260701_134446;01.07.2026;13:32:00;448;60;1135;10;U1852Z2;Lety,K Libří;49.92817;14.27187
20260701_134446_L453;20260701_134446;01.07.2026;13:33:00;453;6;7509;10;U6787Z1;Vlašim,žel.st.;49.68245;14.86902
20260701_134446_L484;20260701_134446;01.07.2026;13:16:00;484;31;8183;28;U2315Z1;Úvaly,žel.st.;50.07407;14.7232
20260701_134446_L511;20260701_134446;01.07.2026;13:31:00;511;10;9567;13;U9753Z4;Příbram,aut.nádr.;49.67124;13.99362
20260701_134446_L620;20260701_134446;01.07.2026;13:27:00;620;14;7324;14;U3094Z2;Kladno,autobusové nádraží;50.14647;14.10624
20260701_134446_L624;20260701_134446;01.07.2026;13:33:00;624;32;8895;11;U4306Z1;Družec,náves;50.13539;14.12243
20260701_134446_L716;20260701_134446;01.07.2026;13:29:00;716;38;8608;12;U6362Z1;Boseň,Mužský;50.50355;15.01947
20260701_134446_L770;20260701_134446;01.07.2026;13:32:00;770;42;7918;11;U7004Z2;Benešov,Terminál;49.7895;14.69994
20260701_134446_L799;20260701_134446;01.07.2026;13:32:00;799;72;7858;10;U7023Z2;Chotýšany;49.75536;14.83585
20260701_134846_L580;20260701_134846;01.07.2026;13:37:00;580;18;7695;11;U6840Z1;Slaný,aut.nádr.;50.10758;13.73961
20260701_134846_L125;20260701_134846;01.07.2026;13:39:00;125;1;5504;10;U286Z5P;Skalka;50.03075;14.5298
20260701_134846_L396;20260701_134846;01.07.2026;13:15:00;396;14;7991;32;U1672Z2;Přezletice,Vinořská;50.1537;14.58401
20260701_134846_L188;20260701_134846;01.07.2026;13:36:00;188;2;6920;13;U1092Z2P;Kavčí hory;50.05689;14.47251
20260701_134846_L120;20260701_134846;01.07.2026;13:34:00;120;1;3678;15;U562Z2P;Nádraží Radotín;50.056;14.40534
20260701_134846_L337;20260701_134846;01.07.2026;13:38:00;337;11;9952;10;U1546Z1;Benešov,Terminál;49.85874;14.65985
20260701_134846_L406;20260701_134846;01.07.2026;13:34:00;406;2;7944;14;U9384Z1;Pelhřimov,aut.nádr.;49.76218;14.75088
20260701_134846_L799;20260701_134846;01.07.2026;13:32:00;799;72;7858;14;U7023Z2;Chotýšany;49.75536;14.83585
20260701_134846_L153;20260701_134846;01.07.2026;13:37:00;153;2;1908;11;U184Z14P;Nad Konvářkou;50.05917;14.391
20260701_134846_L381;20260701_134846;01.07.2026;13:36:00;381;2;9374;11;U2479Z1;Čáslav,obchodní centrum;49.95257;15.26526
20260701_134846_L332;20260701_134846;01.07.2026;13:36:00;332;19;9956;12;U488Z6;Jílové u Prahy,náměstí;50.02943;14.45509
20260701_134846_L342;20260701_134846;01.07.2026;13:36:00;342;1;7702;10;U776Z3;Slaný,žel.st.;50.11879;14.27903
20260701_134846_L770;20260701_134846;01.07.2026;13:35:00;770;42;7918;12;U4073Z2;Benešov,Terminál;49.78734;14.6842
20260701_134846_L821;20260701_134846;01.07.2026;13:36:00;821;69;1606;10;U4991Z1;Kolín,nádraží;49.99757;15.11104
20260701_134846_L361;20260701_134846;01.07.2026;13:36:00;361;55;1125;12;U902Z4;Praha,Smíchovské nádraží;49.98151;14.39386
20260701_134846_L770;20260701_134846;01.07.2026;13:35:00;770;4;7859;10;U6052Z1;Uhlířské Janovice,nám.;49.86733;14.95442
20260701_134846_L484;20260701_134846;01.07.2026;13:16:00;484;31;8183;32;U2315Z1;Úvaly,žel.st.;50.07407;14.7232
20260701_134846_L511;20260701_134846;01.07.2026;13:38:00;511;10;9567;10;U9731Z2;Příbram,aut.nádr.;49.68303;14.00669
20260701_134846_L400;20260701_134846;01.07.2026;13:35:00;400;52;1086;11;U6078Z1;Varnsdorf,aut.nádr.;50.508;14.489
20260701_134846_L400;20260701_134846;01.07.2026;13:34:00;400;56;1088;13;U3316Z4;Praha,Střížkov;50.39616;14.45934
20260701_134846_L453;20260701_134846;01.07.2026;13:35:00;453;6;7509;11;U6788Z1;Vlašim,žel.st.;49.70392;14.88869
20260701_134846_L231;20260701_134846;01.07.2026;13:32:00;231;3;3722;14;U1040Z21P;Dívčí hrady;50.0631;14.40517
20260701_134846_L199;20260701_134846;01.07.2026;13:36:00;199;7;6867;12;U418Z2P;Želivského;50.08051;14.48838
20260701_134846_L716;20260701_134846;01.07.2026;13:34:00;716;38;8608;14;U6366Z1;Boseň,Mužský;50.51414;15.02461
20260701_135246_L188;20260701_135246;01.07.2026;13:41:00;188;2;6920;11;U376Z1P;Kavčí hory;50.05503;14.45366
20260701_135246_L342;20260701_135246;01.07.2026;13:43:00;342;1;7702;10;U2134Z1;Slaný,žel.st.;50.12213;14.25474
20260701_135246_L448;20260701_135246;01.07.2026;13:39:00;448;60;1135;13;U2570Z2;Lety,K Libří;49.92447;14.2467
20260701_135246_L841;20260701_135246;01.07.2026;13:42:00;841;27;7845;10;U6043Z2;Vlašim,záv.;49.69893;14.90237
20260701_135246_L484;20260701_135246;01.07.2026;13:16:00;484;31;8183;36;U2315Z1;Úvaly,žel.st.;50.07407;14.7232
20260701_135246_L770;20260701_135246;01.07.2026;13:42:00;770;4;7859;10;U9968Z1;Uhlířské Janovice,nám.;49.87406;14.97421
20260701_135246_L764;20260701_135246;01.07.2026;13:38:00;764;32;9542;15;U6241Z1;Mcely;50.32218;15.01352
20260701_135246_L716;20260701_135246;01.07.2026;13:42:00;716;38;8608;11;U6369Z1;Mnichovo Hradiště,dopravní terminál;50.52169;15.04196
20260701_135246_L332;20260701_135246;01.07.2026;13:39:00;332;19;9956;11;U908Z1;Jílové u Prahy,náměstí;50.01238;14.47542
20260701_135246_L337;20260701_135246;01.07.2026;13:41:00;337;11;9952;11;U2181Z2;Benešov,Terminál;49.8444;14.67494
20260701_135246_L402;20260701_135246;01.07.2026;13:42:00;402;3;7673;10;U7159Z1;Čáslav,aut.st.;49.74637;15.09802
20260701_135246_L381;20260701_135246;01.07.2026;13:40:00;381;2;9374;11;U2480Z7;Čáslav,obchodní centrum;49.95538;15.27365
20260701_135246_L396;20260701_135246;01.07.2026;13:15:00;396;14;7991;36;U1672Z2;Přezletice,Vinořská;50.1537;14.58401
20260701_135246_L799;20260701_135246;01.07.2026;13:32:00;799;72;7858;18;U7023Z2;Chotýšany;49.75536;14.83585
20260701_135246_L232;20260701_135246;01.07.2026;13:39:00;232;12;3641;14;U337Z9P;Na Knížecí;50.05131;14.40938
20260701_135246_L231;20260701_135246;01.07.2026;13:38:00;231;3;3722;14;U282Z1P;Dívčí hrady;50.05549;14.39998
20260701_135246_L188;20260701_135246;01.07.2026;13:41:00;188;4;6705;11;U418Z1P;Kavčí hory;50.08052;14.48898
20260701_135246_L199;20260701_135246;01.07.2026;13:36:00;199;7;6867;15;U418Z2P;Želivského;50.0772;14.48722
20260701_135647_L125;20260701_135647;01.07.2026;13:47:00;125;1;5504;10;U770Z2P;Skalka;50.04019;14.55439
20260701_135647_L389;20260701_135647;01.07.2026;13:44:00;389;8;7762;12;U85Z1;Praha,Nádraží Veleslavín;50.09257;14.32703
20260701_135647_L436;20260701_135647;01.07.2026;13:44:00;436;20;8601;10;U3087Z2;Nymburk,hl.nádr.;50.19445;15.03764
20260701_135647_L706;20260701_135647;01.07.2026;13:43:00;706;46;8573;11;U2816Z6;Jestřabí Lhota;50.02619;15.20807
20260701_135647_L188;20260701_135647;01.07.2026;13:45:00;188;2;6920;11;U201Z1P;Kavčí hory;50.05798;14.44343
20260701_135647_L332;20260701_135647;01.07.2026;13:43:00;332;19;9956;12;U423Z1;Jílové u Prahy,náměstí;49.99883;14.48475
20260701_135647_L484;20260701_135647;01.07.2026;13:16:00;484;31;8183;38;U2315Z1;Úvaly,žel.st.;50.07407;14.7232
20260701_135647_L381;20260701_135647;01.07.2026;13:43:00;381;2;9374;13;U2481Z1;Čáslav,obchodní centrum;49.95286;15.27592
20260701_135647_L232;20260701_135647;01.07.2026;13:43:00;232;12;3641;14;U817Z2P;Na Knížecí;50.05919;14.40598
20260701_135647_L337;20260701_135647;01.07.2026;13:43:00;337;11;9952;12;U2158Z2;Benešov,Terminál;49.83312;14.67964
20260701_135647_L402;20260701_135647;01.07.2026;13:45:00;402;3;7673;10;U7057Z1;Čáslav,aut.st.;49.74012;15.10877
20260701_135647_L406;20260701_135647;01.07.2026;13:46:00;406;4;7936;10;U31559Z1;Pelhřimov,aut.nádr.;49.51142;15.17852
20260701_135647_L799;20260701_135647;01.07.2026;13:32:00;799;72;7858;22;U7023Z2;Chotýšany;49.75536;14.83585
20260701_135647_L821;20260701_135647;01.07.2026;13:44:00;821;69;1606;10;U4993Z1;Kolín,nádraží;50.01652;15.16718
20260701_135647_L120;20260701_135647;01.07.2026;13:44:00;120;8;3998;10;U1040Z21P;Pod Lochkovem;50.06307;14.40521
20260701_135647_L188;20260701_135647;01.07.2026;13:44:00;188;4;6705;12;U660Z1P;Kavčí hory;50.08278;14.50618
20260701_135647_L794;20260701_135647;01.07.2026;13:44:00;794;54;7919;11;U5865Z2;Vlašim,žel.st.;49.69198;14.9555
20260701_135647_L231;20260701_135647;01.07.2026;13:43:00;231;3;3722;13;U121Z1P;Na Knížecí;50.06003;14.40153
20260701_140047_L342;20260701_140047;01.07.2026;13:48:00;342;1;7702;10;U4400Z1;Slaný,žel.st.;50.15633;14.21243
20260701_140047_L332;20260701_140047;01.07.2026;13:48:00;332;19;9956;12;U4176Z2;Jílové u Prahy,náměstí;49.98357;14.49539
20260701_140047_L307;20260701_140047;01.07.2026;13:50:00;307;10;8991;10;U1142Z2;Praha,Zličín;50.05316;14.27723
20260701_140047_L337;20260701_140047;01.07.2026;13:47:00;337;11;9952;12;U1391Z1;Benešov,Terminál;49.82899;14.68631
20260701_140047_L473;20260701_140047;01.07.2026;13:46:00;473;6;8123;13;U2336Z2;Neratovice,Kojetická;50.26218;14.51392
20260701_140047_L799;20260701_140047;01.07.2026;13:32:00;799;72;7858;26;U7023Z2;Chotýšany;49.75536;14.83585
20260701_140047_L639;20260701_140047;01.07.2026;13:50:00;639;8;9586;10;U9781Z2;Hořovice,nám.B.Němcové;49.84092;13.91441
20260701_140047_L706;20260701_140047;01.07.2026;13:48:00;706;46;8573;11;U6609Z1;Jestřabí Lhota;50.03878;15.21189
20260701_140047_L381;20260701_140047;01.07.2026;13:47:00;381;2;9374;13;U9424Z1;Čáslav,obchodní centrum;49.96098;15.291
20260701_140047_L402;20260701_140047;01.07.2026;13:50:00;402;3;7673;10;U9439Z1;Čáslav,aut.st.;49.75316;15.13918
20260701_140047_L347;20260701_140047;01.07.2026;13:49:00;347;19;1444;11;U1190Z1;Hostivice,nádraží;50.04844;14.25641
20260701_140047_L136;20260701_140047;01.07.2026;13:51:00;136;51;6886;10;U518Z3P;Jižní Město;50.07659;14.4588
20260701_140047_L125;20260701_140047;01.07.2026;13:51:00;125;1;5504;10;U154Z4P;Skalka;50.04772;14.55547
20260701_140047_L188;20260701_140047;01.07.2026;13:48:00;188;2;6920;12;U385Z1P;Kavčí hory;50.05172;14.43779
20260701_140047_L716;20260701_140047;01.07.2026;13:48:00;716;38;8608;10;U6365Z1;Mnichovo Hradiště,dopravní terminál;50.49921;15.00649
20260701_140047_L484;20260701_140047;01.07.2026;13:16:00;484;31;8183;43;U2315Z1;Úvaly,žel.st.;50.07407;14.7232
20260701_140047_L445;20260701_140047;01.07.2026;13:50:00;445;17;7401;10;U2598Z2;Jílové u Prahy,náměstí;49.90041;14.47927
20260701_140047_L188;20260701_140047;01.07.2026;13:49:00;188;4;6705;10;U90Z1P;Kavčí hory;50.07338;14.50461
20260701_140047_L794;20260701_140047;01.07.2026;13:47:00;794;54;7919;12;U7913Z2;Vlašim,žel.st.;49.70065;14.92263
20260701_140047_L120;20260701_140047;01.07.2026;13:50:00;120;8;3998;10;U468Z1P;Pod Lochkovem;50.05269;14.40631
20260701_140047_L406;20260701_140047;01.07.2026;13:48:00;406;4;7936;10;U31560Z1;Pelhřimov,aut.nádr.;49.48492;15.179
20260701_140447_L120;20260701_140447;01.07.2026;13:54:00;120;8;3998;11;U904Z1P;Pod Lochkovem;50.03904;14.39694
20260701_140447_L125;20260701_140447;01.07.2026;13:54:00;125;1;5504;10;U654Z2P;Skalka;50.05052;14.54338
20260701_140447_L188;20260701_140447;01.07.2026;13:54:00;188;7;6867;11;U418Z1P;Kavčí hory;50.08051;14.48902
20260701_140447_L188;20260701_140447;01.07.2026;13:53:00;188;4;6705;11;U459Z3P;Kavčí hory;50.06857;14.49221
20260701_140447_L199;20260701_140447;01.07.2026;13:51:00;199;2;3960;12;U418Z2P;Želivského;50.07716;14.48689
20260701_140447_L821;20260701_140447;01.07.2026;13:53:00;821;69;1606;10;U4998Z1;Kolín,nádraží;50.02407;15.2
20260701_140447_L311;20260701_140447;01.07.2026;13:52:00;311;41;9614;10;U9217Z1;Řevnice,nádraží;49.92597;14.26741
20260701_140447_L332;20260701_140447;01.07.2026;13:53:00;332;19;9956;12;U1330Z1;Jílové u Prahy,náměstí;49.96746;14.51488
20260701_140447_L337;20260701_140447;01.07.2026;13:47:00;337;11;9952;14;U1391Z1;Benešov,Terminál;49.81148;14.68172
20260701_140447_L342;20260701_140447;01.07.2026;13:54:00;342;1;7702;10;U4398Z1;Slaný,žel.st.;50.17412;14.18902
20260701_140447_L347;20260701_140447;01.07.2026;13:52:00;347;19;1444;12;U11000Z2;Hostivice,nádraží;50.05985;14.23471
20260701_140447_L381;20260701_140447;01.07.2026;13:50:00;381;2;9374;13;U9367Z1;Čáslav,obchodní centrum;49.96289;15.29525
20260701_140447_L381;20260701_140447;01.07.2026;13:50:00;381;18;9363;10;U1979Z1;Čáslav,obchodní centrum;49.97638;14.89617
20260701_140447_L400;20260701_140447;01.07.2026;13:52:00;400;56;1088;12;U1792Z1;Praha,Střížkov;50.34463;14.4862
20260701_140447_L402;20260701_140447;01.07.2026;13:54:00;402;3;7673;10;U7093Z1;Čáslav,aut.st.;49.77862;15.17453
20260701_140447_L406;20260701_140447;01.07.2026;13:52:00;406;4;7936;11;U31789Z1;Pelhřimov,aut.nádr.;49.44742;15.19543
20260701_140447_L430;20260701_140447;01.07.2026;13:50:00;430;8;8566;12;U2467Z1;Lipník;50.25257;14.90777
20260701_140447_L448;20260701_140447;01.07.2026;13:50:00;448;60;1135;12;U9217Z1;Mníšek p.Brdy,náměstí;49.92614;14.26804
20260701_140447_L624;20260701_140447;01.07.2026;13:54:00;624;15;8806;10;U2885Z1;Kladno,gymnasium;50.18419;14.20907
20260701_140447_L639;20260701_140447;01.07.2026;13:52:00;639;8;9586;12;U4275Z1;Hořovice,nám.B.Němcové;49.83571;13.91059
20260701_140447_L706;20260701_140447;01.07.2026;13:55:00;706;46;8573;10;U6612Z1;Jestřabí Lhota;50.06041;15.23241
20260701_140447_L714;20260701_140447;01.07.2026;13:53:00;714;11;1814;10;U6301Z1;Dobšín;50.49004;15.11167
20260701_140447_L773;20260701_140447;01.07.2026;13:53:00;773;1;7546;10;U7917Z1;Sázava,aut.st.;49.84166;14.90568
20260701_140447_L794;20260701_140447;01.07.2026;13:52:00;794;54;7919;12;U6042Z2;Vlašim,žel.st.;49.70934;14.90061
20260701_140848_L188;20260701_140848;01.07.2026;13:59:00;188;7;6867;10;U827Z1P;Kavčí hory;50.07951;14.50878
20260701_140848_L232;20260701_140848;01.07.2026;13:56:00;232;12;3641;11;U1040Z21P;Smíchovské nádraží;50.06661;14.40279
20260701_140848_L408;20260701_140848;01.07.2026;13:57:00;408;59;7893;10;U9374Z1;Tábor,aut.nádr.;49.59964;14.57636
20260701_140848_L153;20260701_140848;01.07.2026;13:58:00;153;2;1908;10;U3233Z2P;U Zvonu;50.0683;14.38793
20260701_140848_L337;20260701_140848;01.07.2026;13:47:00;337;11;9952;17;U1391Z1;Benešov,Terminál;49.80835;14.68095
20260701_140848_L430;20260701_140848;01.07.2026;13:50:00;430;8;8566;14;U2467Z1;Lipník;50.25257;14.90777
20260701_140848_L714;20260701_140848;01.07.2026;13:53:00;714;11;1814;16;U6301Z1;Dobšín;50.49004;15.11167
20260701_140848_L448;20260701_140848;01.07.2026;13:56:00;448;60;1135;12;U1852Z3;Mníšek p.Brdy,náměstí;49.92512;14.27662
20260701_140848_L773;20260701_140848;01.07.2026;13:59:00;773;1;7546;10;U5852Z2;Sázava,aut.st.;49.84619;14.8838
20260701_140848_L718;20260701_140848;01.07.2026;13:55:00;718;43;8606;13;U6285Z55;Sobotka,nám.;50.43985;15.1273
20260701_140848_L794;20260701_140848;01.07.2026;13:55:00;794;54;7919;12;U6043Z2;Vlašim,žel.st.;49.69996;14.89872
20260701_140848_L395;20260701_140848;01.07.2026;13:56:00;395;23;9875;10;U9646Z2;Praha,Smíchovské nádraží;49.72118;14.11336
20260701_140848_L400;20260701_140848;01.07.2026;13:52:00;400;56;1088;13;U1792Z1;Praha,Střížkov;50.32272;14.50508
20260701_140848_L120;20260701_140848;01.07.2026;13:59:00;120;8;3998;10;U1191Z1P;Pod Lochkovem;50.03617;14.38221
20260701_140848_L136;20260701_140848;01.07.2026;13:58:00;136;7;5503;10;U743Z2P;Jižní Město;50.08607;14.45553
20260701_140848_L311;20260701_140848;01.07.2026;13:52:00;311;41;9614;17;U9217Z1;Řevnice,nádraží;49.92393;14.26023
20260701_140848_L347;20260701_140848;01.07.2026;13:55:00;347;19;1444;13;U1180Z1;Hostivice,nádraží;50.05869;14.21853
20260701_140848_L402;20260701_140848;01.07.2026;13:57:00;402;3;7673;10;U7062Z1;Čáslav,aut.st.;49.8085;15.18306
20260701_140848_L406;20260701_140848;01.07.2026;13:56:00;406;4;7936;11;U31787Z1;Pelhřimov,aut.nádr.;49.43225;15.22686
20260701_140848_L188;20260701_140848;01.07.2026;13:53:00;188;4;6705;13;U459Z3P;Kavčí hory;50.06491;14.50354
20260701_141248_L232;20260701_141248;01.07.2026;13:56:00;232;12;3641;15;U1040Z21P;Smíchovské nádraží;50.06505;14.40367
20260701_141248_L188;20260701_141248;01.07.2026;14:02:00;188;7;6867;10;U90Z1P;Kavčí hory;50.07346;14.50457
20260701_141248_L714;20260701_141248;01.07.2026;13:53:00;714;11;1814;18;U6301Z1;Dobšín;50.49004;15.11167
20260701_141248_L714;20260701_141248;01.07.2026;14:00:00;714;21;9087;11;U2987Z21;Kněžmost,nám.;50.42113;14.91526
20260701_141248_L821;20260701_141248;01.07.2026;14:00:00;821;70;1611;12;U1984Z4;Kolín,nádraží;49.96621;14.9642
20260701_141248_L821;20260701_141248;01.07.2026;14:00:00;821;73;1610;12;U1984Z3;Horní Kruty;49.96635;14.96419
20260701_141248_L136;20260701_141248;01.07.2026;14:00:00;136;7;5503;12;U516Z3P;Jižní Město;50.08211;14.45944
20260701_141248_L687;20260701_141248;01.07.2026;14:02:00;687;3;7548;10;U9436Z1;Ledeč n.Sáz.,Podolí;49.81557;15.1934
20260701_141248_L120;20260701_141248;01.07.2026;13:59:00;120;6;4002;12;U1040Z21P;Nádraží Radotín;50.06646;14.40291
20260701_141248_L300;20260701_141248;01.07.2026;14:01:00;300;1;8992;11;U85Z1;Praha,Nádraží Veleslavín;50.09253;14.32596
20260701_141248_L337;20260701_141248;01.07.2026;13:47:00;337;11;9952;18;U1391Z1;Benešov,Terminál;49.79067;14.68248
20260701_141248_L347;20260701_141248;01.07.2026;13:59:00;347;19;1444;13;U1178Z2;Hostivice,nádraží;50.06091;14.22862
20260701_141248_L199;20260701_141248;01.07.2026;13:58:00;199;2;3960;14;U921Z6P;Sídliště Malešice;50.07732;14.48367
20260701_141248_L706;20260701_141248;01.07.2026;14:02:00;706;46;8573;10;U6647Z2;Jestřabí Lhota;50.09232;15.24223
20260701_141248_L408;20260701_141248;01.07.2026;14:01:00;408;59;7893;10;U6770Z1;Tábor,aut.nádr.;49.58234;14.54479
20260701_141248_L430;20260701_141248;01.07.2026;13:50:00;430;8;8566;20;U2467Z1;Lipník;50.25258;14.90776
20260701_141248_L228;20260701_141248;01.07.2026;14:00:00;228;11;9048;12;U1071Z7P;Poliklinika Malešice;50.07781;14.5149
20260701_141248_L332;20260701_141248;01.07.2026;13:59:00;332;19;9956;12;U2129Z1;Jílové u Prahy,náměstí;49.9372;14.51512
20260701_141248_L624;20260701_141248;01.07.2026;14:01:00;624;15;8806;10;U5961Z1;Kladno,gymnasium;50.17068;14.19106
20260701_141649_L370;20260701_141649;01.07.2026;14:07:00;370;2;8030;10;U2216Z2;Praha,Kobylisy;50.16746;14.45253
20260701_141649_L188;20260701_141649;01.07.2026;14:03:00;188;4;6705;13;U576Z1P;Kavčí hory;50.05559;14.48389
20260701_141649_L136;20260701_141649;01.07.2026;14:04:00;136;14;6766;10;U1074Z4P;Jižní Město;50.09213;14.46969
20260701_141649_L332;20260701_141649;01.07.2026;14:03:00;332;19;9956;12;U2127Z1;Jílové u Prahy,náměstí;49.92677;14.50441
20260701_141649_L120;20260701_141649;01.07.2026;14:02:00;120;6;4002;14;U302Z3P;Nádraží Radotín;50.06281;14.40545
20260701_141649_L431;20260701_141649;01.07.2026;14:03:00;431;3;1800;11;U9650Z1;Lysá n.L.,žel.st.;50.2859;14.82758
20260701_141649_L406;20260701_141649;01.07.2026;14:04:00;406;80;7822;11;U6759Z2;Benešov,Terminál;49.69837;14.9045
20260701_141649_L232;20260701_141649;01.07.2026;14:01:00;232;12;3641;16;U562Z2P;Smíchovské nádraží;50.05669;14.40577
20260701_141649_L188;20260701_141649;01.07.2026;14:06:00;188;7;6867;10;U459Z3P;Kavčí hory;50.06899;14.49133
20260701_141649_L381;20260701_141649;01.07.2026;14:05:00;381;2;9374;11;U7327Z1;Čáslav,obchodní centrum;49.91723;15.38908
20260701_141649_L136;20260701_141649;01.07.2026;14:02:00;136;7;5503;14;U118Z4P;Jižní Město;50.07812;14.46087
20260701_141649_L714;20260701_141649;01.07.2026;13:53:00;714;11;1814;24;U6301Z1;Dobšín;50.49003;15.11166
20260701_141649_L430;20260701_141649;01.07.2026;13:50:00;430;8;8566;24;U2467Z1;Lipník;50.25271;14.90754
20260701_141649_L714;20260701_141649;01.07.2026;14:02:00;714;21;9087;14;U6172Z1;Kněžmost,nám.;50.42793;14.92065
20260701_141649_L228;20260701_141649;01.07.2026;14:03:00;228;11;9048;13;U1387Z1P;Poliklinika Malešice;50.07968;14.50341
20260701_141649_L324;20260701_141649;01.07.2026;14:06:00;324;21;8949;10;U218Z2;Praha,Zličín;50.09545;14.29355
20260701_141649_L821;20260701_141649;01.07.2026;14:00:00;821;73;1610;13;U1984Z3;Horní Kruty;49.95853;14.95736
20260701_141649_L821;20260701_141649;01.07.2026;14:00:00;821;70;1611;15;U1984Z4;Kolín,nádraží;49.96655;14.97733
20260701_141649_L687;20260701_141649;01.07.2026;14:05:00;687;3;7548;10;U7064Z2;Ledeč n.Sáz.,Podolí;49.81616;15.21517
20260701_142050_L231;20260701_142050;01.07.2026;14:07:00;231;3;3722;11;U1040Z21P;Dívčí hrady;50.06512;14.40359
20260701_142050_L370;20260701_142050;01.07.2026;14:10:00;370;2;8030;10;U92Z2;Praha,Kobylisy;50.14287;14.45102
20260701_142050_L332;20260701_142050;01.07.2026;14:07:00;332;19;9956;12;U2106Z1;Jílové u Prahy,náměstí;49.90838;14.49278
20260701_142050_L714;20260701_142050;01.07.2026;13:53:00;714;11;1814;26;U6301Z1;Dobšín;50.49003;15.11166
20260701_142050_L687;20260701_142050;01.07.2026;14:08:00;687;3;7548;11;U6964Z1;Ledeč n.Sáz.,Podolí;49.79998;15.20911
20260701_142050_L381;20260701_142050;01.07.2026;14:08:00;381;2;9374;11;U7320Z9;Čáslav,obchodní centrum;49.90877;15.3954
20260701_142050_L718;20260701_142050;01.07.2026;14:08:00;718;43;8606;11;U31000Z2;Mnichovo Hradiště,dopravní terminál;50.46004;15.16417
20260701_142050_L658;20260701_142050;01.07.2026;14:06:00;658;8;8009;13;U1304Z1;Neratovice,žel.st.;50.25983;14.5169
20260701_142050_L431;20260701_142050;01.07.2026;14:03:00;431;3;1800;14;U9650Z1;Lysá n.L.,žel.st.;50.2859;14.82758
20260701_142050_L209;20260701_142050;01.07.2026;14:09:00;209;46;9188;11;U1120Z1P;Letňany;50.12689;14.55776
20260701_142050_L136;20260701_142050;01.07.2026;14:07:00;136;14;6766;13;U512Z5P;Jižní Město;50.09032;14.46742
20260701_142050_L188;20260701_142050;01.07.2026;14:06:00;188;7;6867;13;U459Z3P;Kavčí hory;50.06588;14.49935
20260701_142050_L735;20260701_142050;01.07.2026;14:07:00;735;22;7013;13;U4621Z1;Dolní Bousov,nám.;50.33442;15.2633
20260701_142050_L347;20260701_142050;01.07.2026;14:08:00;347;19;1444;12;U1144Z4;Hostivice,nádraží;50.08132;14.25444
20260701_142050_L153;20260701_142050;01.07.2026;14:10:00;153;1;1909;10;U3228Z1P;Nad Konvářkou;50.05677;14.3941
20260701_142050_L821;20260701_142050;01.07.2026;14:09:00;821;73;1610;11;U2394Z1;Horní Kruty;49.93692;14.94578
20260701_142050_L136;20260701_142050;01.07.2026;14:06:00;136;7;5503;14;U855Z1P;Jižní Město;50.07446;14.4639
20260701_142050_L773;20260701_142050;01.07.2026;14:08:00;773;1;7546;10;U7918Z1;Sázava,aut.st.;49.86879;14.8948
20260701_142050_L463;20260701_142050;01.07.2026;14:07:00;463;6;9577;13;U9884Z1;Městec Králové,nám.;50.30305;15.17168
20260701_142050_L406;20260701_142050;01.07.2026;14:07:00;406;80;7822;12;U9391Z2;Benešov,Terminál;49.6986;14.9036
20260701_142050_L188;20260701_142050;01.07.2026;14:07:00;188;4;6705;14;U183Z1P;Kavčí hory;50.05688;14.46806
20260701_142050_L389;20260701_142050;01.07.2026;14:09:00;389;33;7760;10;U9233Z2;Chomutov,žel.st.;50.28046;13.95615
20260701_142050_L459;20260701_142050;01.07.2026;14:10:00;459;68;7809;10;U4886Z19;Olbramovice,žel.st.;49.41399;14.67431
20260701_142050_L516;20260701_142050;01.07.2026;14:08:00;516;1;7207;12;U7929Z2;Sedlčany,aut.st.;49.66073;14.3918
20260701_142450_L231;20260701_142450;01.07.2026;14:11:00;231;3;3722;14;U817Z1P;Dívčí hrady;50.05859;14.40595
20260701_142450_L136;20260701_142450;01.07.2026;14:10:00;136;14;6766;14;U743Z2P;Jižní Město;50.08608;14.45555
20260701_142450_L516;20260701_142450;01.07.2026;14:12:00;516;1;7207;11;U7924Z2;Sedlčany,aut.st.;49.65744;14.42681
20260701_142450_L315;20260701_142450;01.07.2026;14:12:00;315;6;8673;10;U3397Z2;Praha,Černý Most;50.46183;14.93225
20260701_142450_L463;20260701_142450;01.07.2026;14:10:00;463;6;9577;13;U4164Z1;Městec Králové,nám.;50.29667;15.20669
20260701_142450_L153;20260701_142450;01.07.2026;14:13:00;153;1;1909;11;U3227Z1P;U Zvonu;50.05392;14.399
20260701_142450_L459;20260701_142450;01.07.2026;14:10:00;459;68;7809;14;U4886Z19;Olbramovice,žel.st.;49.41096;14.67736
20260701_142450_L370;20260701_142450;01.07.2026;14:12:00;370;2;8030;11;U864Z9;Praha,Kobylisy;50.1282;14.45202
20260701_142450_L389;20260701_142450;01.07.2026;14:15:00;389;33;7760;10;U4850Z1;Chomutov,žel.st.;50.29515;13.91585
20260701_142450_L650;20260701_142450;01.07.2026;14:11:00;650;25;12555;13;U31420Z1;Kladno,autobusové nádraží;50.49166;14.14931
20260701_142450_L735;20260701_142450;01.07.2026;14:07:00;735;22;7013;17;U4621Z1;Dolní Bousov,nám.;50.33442;15.2633
20260701_142450_L342;20260701_142450;01.07.2026;14:12:00;342;26;7705;11;U85Z1;Praha,Nádraží Veleslavín;50.09573;14.34692
20260701_142450_L821;20260701_142450;01.07.2026;14:14:00;821;73;1610;10;U2382Z1;Horní Kruty;49.94059;14.97416
20260701_142450_L188;20260701_142450;01.07.2026;14:12:00;188;4;6705;13;U263Z4P;Kavčí hory;50.06042;14.44942
20260701_142450_L773;20260701_142450;01.07.2026;14:13:00;773;1;7546;11;U2033Z2;Sázava,Čeřenice;49.87471;14.90752
20260701_142450_L199;20260701_142450;01.07.2026;14:15:00;199;1;3951;10;U660Z1P;Sídliště Malešice;50.08277;14.50617
20260701_142450_L718;20260701_142450;01.07.2026;14:13:00;718;43;8606;11;U6298Z1;Mnichovo Hradiště,dopravní terminál;50.44345;15.12692
20260701_142450_L110;20260701_142450;01.07.2026;14:14:00;110;5;8136;10;U137Z1P;Dolní Počernice;50.10444;14.55688
20260701_142450_L395;20260701_142450;01.07.2026;14:15:00;395;23;9875;10;U1843Z2;Praha,Smíchovské nádraží;49.79586;14.19183
20260701_142450_L188;20260701_142450;01.07.2026;14:06:00;188;7;6867;16;U459Z3P;Kavčí hory;50.06424;14.50435
20260701_142450_L209;20260701_142450;01.07.2026;14:14:00;209;46;9188;11;U109Z2P;Letňany;50.12467;14.53249
20260701_142450_L658;20260701_142450;01.07.2026;14:06:00;658;8;8009;17;U1304Z1;Neratovice,žel.st.;50.25983;14.5169
20260701_142450_L336;20260701_142450;01.07.2026;14:12:00;336;22;1443;11;U1142Z2;Praha,Zličín;50.05526;14.28873
20260701_142450_L136;20260701_142450;01.07.2026;14:11:00;136;7;5503;14;U680Z3P;Jižní Město;50.06887;14.469
20260701_142450_L406;20260701_142450;01.07.2026;14:09:00;406;80;7822;15;U6043Z1;Benešov,Terminál;49.70355;14.90188
20260701_142450_L382;20260701_142450;01.07.2026;14:15:00;382;19;9944;10;U2008Z2;Praha,Háje;49.98957;14.74032
20260701_142850_L167;20260701_142850;01.07.2026;14:18:00;167;4;6986;10;U254Z6P;Na Knížecí;50.07032;14.38472
20260701_142850_L650;20260701_142850;01.07.2026;14:15:00;650;25;12555;13;U31422Z1;Kladno,autobusové nádraží;50.4788;14.14323
20260701_142850_L650;20260701_142850;01.07.2026;14:18:00;650;22;12536;10;U9004Z2;Litoměřice,žel.st.hor.;50.36531;14.12492
20260701_142850_L735;20260701_142850;01.07.2026;14:07:00;735;22;7013;21;U4621Z1;Dolní Bousov,nám.;50.33483;15.26279
20260701_142850_L345;20260701_142850;01.07.2026;14:19:00;345;16;1864;10;U31069Z12;Liberec,aut.nádr.;50.76504;15.05633
20260701_142850_L188;20260701_142850;01.07.2026;14:17:00;188;4;6705;12;U385Z1P;Kavčí hory;50.05172;14.43783
20260701_142850_L136;20260701_142850;01.07.2026;14:14:00;136;14;6766;15;U118Z4P;Jižní Město;50.07871;14.46051
20260701_142850_L228;20260701_142850;01.07.2026;14:18:00;228;11;9048;10;U1071Z3P;Benice;50.07715;14.51877
20260701_142850_L307;20260701_142850;01.07.2026;14:17:00;307;13;8975;10;U4313Z9;Praha,Zličín;50.14351;14.09662
20260701_142850_L315;20260701_142850;01.07.2026;14:17:00;315;6;8673;11;U3395Z2;Praha,Černý Most;50.44208;14.92914
20260701_142850_L322;20260701_142850;01.07.2026;14:18:00;322;12;8797;10;U2135Z1;Kladno,autobusové nádraží;50.12122;14.25816
20260701_142850_L110;20260701_142850;01.07.2026;14:18:00;110;5;8136;10;U207Z3P;Dolní Počernice;50.09184;14.54695
20260701_142850_L153;20260701_142850;01.07.2026;14:17:00;153;1;1909;12;U957Z2P;U Zvonu;50.05849;14.38956
20260701_142850_L639;20260701_142850;01.07.2026;14:17:00;639;26;9601;11;U2916Z2;Hostomice,nám.;49.8498;14.01355
20260701_142850_L687;20260701_142850;01.07.2026;14:17:00;687;3;7548;10;U6970Z2;Ledeč n.Sáz.,Podolí;49.77344;15.25413
20260701_142850_L821;20260701_142850;01.07.2026;14:15:00;821;70;1611;14;U2300Z1;Kolín,nádraží;50.00542;14.97312
20260701_142850_L773;20260701_142850;01.07.2026;14:13:00;773;1;7546;13;U2033Z2;Sázava,Čeřenice;49.86414;14.8997
20260701_142850_L459;20260701_142850;01.07.2026;14:17:00;459;68;7809;11;U31276Z2;Olbramovice,žel.st.;49.42257;14.65914
20260701_142850_L718;20260701_142850;01.07.2026;14:15:00;718;43;8606;14;U6285Z54;Mnichovo Hradiště,dopravní terminál;50.43774;15.12886
20260701_142850_L463;20260701_142850;01.07.2026;14:17:00;463;6;9577;12;U6704Z1;Městec Králové,nám.;50.28099;15.25424
20260701_142850_L389;20260701_142850;01.07.2026;14:18:00;389;33;7760;10;U4851Z1;Chomutov,žel.st.;50.31487;13.87492
20260701_142850_L136;20260701_142850;01.07.2026;14:19:00;136;8;5506;10;U512Z5P;Jižní Město;50.09014;14.46646
20260701_142850_L414;20260701_142850;01.07.2026;14:14:00;414;20;1290;12;U85Z1;Praha,Nádraží Veleslavín;50.09486;14.34179
20260701_142850_L120;20260701_142850;01.07.2026;14:15:00;120;1;3678;13;U456Z2P;Na Knížecí;49.98403;14.36209
20260701_142850_L120;20260701_142850;01.07.2026;14:18:00;120;4;3911;10;U817Z1P;Pod Lochkovem;50.05897;14.40588
20260701_142850_L678;20260701_142850;01.07.2026;14:17:00;678;32;8577;11;U9590Z2;Pečky,žel.st.;50.09348;15.14666
20260701_142850_L658;20260701_142850;01.07.2026;14:06:00;658;8;8009;21;U1304Z1;Neratovice,žel.st.;50.25983;14.5169
20260701_142850_L136;20260701_142850;01.07.2026;14:15:00;136;7;5503;14;U183Z3P;Jižní Město;50.05667;14.47129
20260701_142850_L231;20260701_142850;01.07.2026;14:15:00;231;3;3722;14;U252Z1P;Na Knížecí;50.05779;14.4017
20260701_143251_L639;20260701_143251;01.07.2026;14:20:00;639;26;9601;11;U9849Z1;Hostomice,nám.;49.84996;14.02041
20260701_143251_L365;20260701_143251;01.07.2026;14:18:00;365;11;8815;12;U4110Z1;Stochov,nám.;50.11159;14.04043
20260701_143251_L459;20260701_143251;01.07.2026;14:18:00;459;68;7809;11;U31275Z2;Olbramovice,žel.st.;49.45467;14.65571
20260701_143251_L463;20260701_143251;01.07.2026;14:21:00;463;6;9577;11;U6707Z1;Městec Králové,nám.;50.27715;15.28143
20260701_143251_L678;20260701_143251;01.07.2026;14:18:00;678;32;8577;11;U9597Z2;Pečky,žel.st.;50.09463;15.11092
20260701_143251_L188;20260701_143251;01.07.2026;14:18:00;188;5;6930;12;U459Z3P;Kavčí hory;50.06527;14.50267
20260701_143251_L821;20260701_143251;01.07.2026;14:18:00;821;70;1611;13;U4148Z1;Kolín,nádraží;50.00914;14.99526
20260701_143251_L687;20260701_143251;01.07.2026;14:20:00;687;3;7548;10;U6971Z2;Ledeč n.Sáz.,Podolí;49.76196;15.25717
20260701_143251_L772;20260701_143251;01.07.2026;14:21:00;772;73;1610;10;U2385Z1;Vavřinec;49.91556;14.95902
20260701_143251_L773;20260701_143251;01.07.2026;14:18:00;773;1;7546;13;U7915Z2;Sázava,Čeřenice;49.84658;14.90223
20260701_143251_L180;20260701_143251;01.07.2026;14:21:00;180;7;5050;10;U867Z1P;Dejvická;50.09485;14.39624
20260701_143251_L120;20260701_143251;01.07.2026;14:19:00;120;1;3678;14;U830Z2P;Na Knížecí;49.99253;14.34553
20260701_143251_L650;20260701_143251;01.07.2026;14:20:00;650;25;12555;12;U31424Z1;Kladno,autobusové nádraží;50.45431;14.14623
20260701_143251_L650;20260701_143251;01.07.2026;14:18:00;650;22;12536;14;U9004Z2;Litoměřice,žel.st.hor.;50.3653;14.12498
20260701_143251_L110;20260701_143251;01.07.2026;14:21:00;110;5;8136;10;U193Z1P;Dolní Počernice;50.08761;14.56249
20260701_143251_L228;20260701_143251;01.07.2026;14:22:00;228;11;9048;10;U389Z1P;Benice;50.07174;14.53585
20260701_143251_L300;20260701_143251;01.07.2026;14:19:00;300;7;8965;11;U80Z4;Praha,Nádraží Veleslavín;50.09269;14.3218
20260701_143251_L737;20260701_143251;01.07.2026;14:20:00;737;7;9810;11;U3392Z1;Bělá p.Bezd.,Atmos;50.43712;14.90956
20260701_143251_L315;20260701_143251;01.07.2026;14:20:00;315;6;8673;11;U3393Z2;Praha,Černý Most;50.43202;14.92573
20260701_143251_L370;20260701_143251;01.07.2026;14:20:00;370;5;8196;10;U2235Z1;Kralupy n.Vlt.,žel.st.;50.24587;14.31486
20260701_143251_L120;20260701_143251;01.07.2026;14:20:00;120;4;3911;12;U468Z1P;Pod Lochkovem;50.05266;14.40627
20260701_143251_L307;20260701_143251;01.07.2026;14:20:00;307;14;8974;12;U1643Z2;Praha,Zličín;50.05224;14.27497
20260701_143251_L167;20260701_143251;01.07.2026;14:18:00;167;4;6986;12;U254Z6P;Na Knížecí;50.0709;14.38805
20260701_143251_L658;20260701_143251;01.07.2026;14:06:00;658;8;8009;25;U1304Z1;Neratovice,žel.st.;50.25983;14.5169
20260701_143251_L231;20260701_143251;01.07.2026;14:19:00;231;3;3722;13;U965Z1P;Na Knížecí;50.06103;14.40476
20260701_143251_L414;20260701_143251;01.07.2026;14:20:00;414;20;1290;12;U462Z14;Praha,Terminál 1;50.09541;14.34695
20260701_143251_L679;20260701_143251;01.07.2026;14:21:00;679;55;1648;11;U9596Z1;Poděbrady,žel.st.;50.08582;15.14787
20260701_143251_L136;20260701_143251;01.07.2026;14:18:00;136;7;5503;14;U697Z3P;Jižní Město;50.04769;14.48196
20260701_143251_L199;20260701_143251;01.07.2026;14:22:00;199;1;3951;10;U161Z2P;Želivského;50.08139;14.49655
20260701_143651_L188;20260701_143651;01.07.2026;14:26:00;188;4;6705;10;U1055Z1P;Želivského;50.04865;14.43065
20260701_143651_L678;20260701_143651;01.07.2026;14:22:00;678;32;8577;12;U9601Z3;Pečky,žel.st.;50.08248;15.09282
20260701_143651_L650;20260701_143651;01.07.2026;14:24:00;650;25;12555;12;U31426Z1;Kladno,autobusové nádraží;50.44781;14.16943
20260701_143651_L380;20260701_143651;01.07.2026;14:24:00;380;1;9972;11;U1142Z2;Praha,Vypich;50.05313;14.27719
20260701_143651_L718;20260701_143651;01.07.2026;14:21:00;718;43;8606;13;U9458Z2;Mnichovo Hradiště,dopravní terminál;50.44553;15.06679
20260701_143651_L188;20260701_143651;01.07.2026;14:21:00;188;5;6930;15;U2781Z52P;Kavčí hory;50.0633;14.50438
20260701_143651_L110;20260701_143651;01.07.2026;14:25:00;110;5;8136;11;U801Z1P;Dolní Počernice;50.08706;14.57215
20260701_143651_L307;20260701_143651;01.07.2026;14:26:00;307;10;8991;10;U1677Z2;Kladno,autobusové nádraží;50.04584;14.18488
20260701_143651_L463;20260701_143651;01.07.2026;14:24:00;463;6;9577;12;U6622Z1;Městec Králové,nám.;50.24742;15.28797
20260701_143651_L406;20260701_143651;01.07.2026;14:21:00;406;80;7822;15;U7607Z2;Benešov,Terminál;49.74259;14.80355
20260701_143651_L307;20260701_143651;01.07.2026;14:21:00;307;14;8974;14;U1142Z2;Praha,Zličín;50.05581;14.28823
20260701_143651_L120;20260701_143651;01.07.2026;14:23:00;120;1;3678;13;U347Z2P;Na Knížecí;50.0026;14.35316
20260701_143651_L484;20260701_143651;01.07.2026;14:24:00;484;31;8183;11;U2315Z1;Úvaly,žel.st.;50.0742;14.72305
20260701_143651_L136;20260701_143651;01.07.2026;14:26:00;136;8;5506;10;U118Z4P;Jižní Město;50.07878;14.4606
20260701_143651_L737;20260701_143651;01.07.2026;14:20:00;737;7;9810;14;U3392Z1;Bělá p.Bezd.,Atmos;50.43959;14.89027
20260701_143651_L639;20260701_143651;01.07.2026;14:25:00;639;26;9601;11;U5953Z2;Hostomice,nám.;49.83397;14.02639
20260701_143651_L414;20260701_143651;01.07.2026;14:24:00;414;20;1290;12;U85Z9;Praha,Terminál 1;50.09278;14.32696
20260701_143651_L459;20260701_143651;01.07.2026;14:25:00;459;68;7809;10;U31273Z2;Olbramovice,žel.st.;49.47335;14.66549
20260701_143651_L408;20260701_143651;01.07.2026;14:24:00;408;84;7903;10;U4557Z1;Tábor,aut.nádr.;49.71922;14.65594
20260701_143651_L381;20260701_143651;01.07.2026;14:24:00;381;3;1676;12;U2479Z2;Praha,Háje;49.94762;15.25609
20260701_143651_L167;20260701_143651;01.07.2026;14:23:00;167;4;6986;14;U1040Z14P;Na Knížecí;50.0719;14.40267
20260701_143651_L199;20260701_143651;01.07.2026;14:23:00;199;1;3951;13;U418Z2P;Želivského;50.07721;14.48915
20260701_143651_L300;20260701_143651;01.07.2026;14:21:00;300;7;8965;13;U85Z1;Praha,Nádraží Veleslavín;50.09571;14.34692
20260701_143651_L658;20260701_143651;01.07.2026;14:06:00;658;8;8009;29;U1304Z1;Neratovice,žel.st.;50.25983;14.5169
20260701_143651_L315;20260701_143651;01.07.2026;14:24:00;315;6;8673;10;U3064Z4;Praha,Černý Most;50.4309;14.93057
20260701_143651_L228;20260701_143651;01.07.2026;14:24:00;228;11;9048;12;U741Z3P;Benice;50.07076;14.54514
20260701_143651_L679;20260701_143651;01.07.2026;14:23:00;679;55;1648;13;U9597Z1;Poděbrady,žel.st.;50.09341;15.14673
20260701_143651_L773;20260701_143651;01.07.2026;14:21:00;773;1;7546;15;U7917Z1;Sázava,aut.st.;49.83605;14.91439
20260701_143651_L232;20260701_143651;01.07.2026;14:26:00;232;12;3641;10;U1040Z21P;Smíchovské nádraží;50.06789;14.40235
20260701_143651_L120;20260701_143651;01.07.2026;14:23:00;120;4;3911;14;U428Z1P;Pod Lochkovem;50.03786;14.39946
20260701_143651_L136;20260701_143651;01.07.2026;14:22:00;136;7;5503;15;U181Z1P;Jižní Město;50.03944;14.49053
20260701_144051_L120;20260701_144051;01.07.2026;14:26:00;120;4;3911;13;U146Z1P;Pod Lochkovem;50.04097;14.39386
20260701_144051_L120;20260701_144051;01.07.2026;14:26:00;120;1;3678;14;U780Z2P;Na Knížecí;50.01618;14.35667
20260701_144051_L136;20260701_144051;01.07.2026;14:25:00;136;14;6766;16;U37Z1P;Jižní Město;50.06115;14.46944
20260701_144051_L136;20260701_144051;01.07.2026;14:28:00;136;8;5506;12;U518Z3P;Jižní Město;50.07594;14.45919
20260701_144051_L136;20260701_144051;01.07.2026;14:26:00;136;7;5503;14;U106Z2P;Jižní Město;50.02797;14.50758
20260701_144051_L188;20260701_144051;01.07.2026;14:25:00;188;5;6930;16;U671Z3P;Kavčí hory;50.05775;14.49377
20260701_144051_L199;20260701_144051;01.07.2026;14:23:00;199;1;3951;16;U418Z2P;Želivského;50.07718;14.48654
20260701_144051_L228;20260701_144051;01.07.2026;14:29:00;228;11;9048;11;U794Z1P;Benice;50.07163;14.54993
20260701_144051_L232;20260701_144051;01.07.2026;14:26:00;232;12;3641;12;U1040Z21P;Smíchovské nádraží;50.06318;14.40516
20260701_144051_L821;20260701_144051;01.07.2026;14:28:00;821;70;1611;12;U4981Z4;Kolín,nádraží;50.00324;15.04323
20260701_144051_L307;20260701_144051;01.07.2026;14:30:00;307;10;8991;10;U1680Z1;Kladno,autobusové nádraží;50.05976;14.16599
20260701_144051_L311;20260701_144051;01.07.2026;14:29:00;311;77;9583;11;U1142Z2;Praha,Zličín;50.05309;14.27702
20260701_144051_L315;20260701_144051;01.07.2026;14:28:00;315;6;8673;11;U3392Z2;Praha,Černý Most;50.42539;14.91842
20260701_144051_L328;20260701_144051;01.07.2026;14:25:00;328;19;1620;11;U106Z1;Modletice,Doubravice;50.0075;14.55428
20260701_144051_L365;20260701_144051;01.07.2026;14:30:00;365;11;8815;10;U9922Z2;Stochov,nám.;50.13409;14.00133
20260701_144051_L372;20260701_144051;01.07.2026;14:25:00;372;12;8031;15;U2260Z2;Praha,Kobylisy;50.22603;14.41021
20260701_144051_L380;20260701_144051;01.07.2026;14:24:00;380;1;9972;14;U1142Z2;Praha,Vypich;50.05627;14.28689
20260701_144051_L381;20260701_144051;01.07.2026;14:27:00;381;3;1676;11;U1476Z2;Praha,Háje;49.94724;15.21254
20260701_144051_L459;20260701_144051;01.07.2026;14:29:00;459;68;7809;11;U32534Z1;Olbramovice,žel.st.;49.48014;14.68109
20260701_144051_L463;20260701_144051;01.07.2026;14:25:00;463;6;9577;12;U6952Z1;Městec Králové,nám.;50.22586;15.28731
20260701_144051_L484;20260701_144051;01.07.2026;14:24:00;484;31;8183;15;U2315Z1;Úvaly,žel.st.;50.0742;14.72305
20260701_144051_L515;20260701_144051;01.07.2026;14:26:00;515;11;9589;12;U9646Z5;Příbram,aut.nádr.;49.70208;14.06196
20260701_144051_L589;20260701_144051;01.07.2026;14:26:00;589;13;7751;13;U32420Z2;Hořešovice;50.3006;13.87972
20260701_144051_L650;20260701_144051;01.07.2026;14:28:00;650;22;12536;12;U31428Z2;Litoměřice,žel.st.hor.;50.40593;14.13348
20260701_144051_L650;20260701_144051;01.07.2026;14:28:00;650;25;12555;11;U31427Z1;Kladno,autobusové nádraží;50.41402;14.15106
20260701_144051_L658;20260701_144051;01.07.2026;14:06:00;658;8;8009;33;U1304Z1;Neratovice,žel.st.;50.25983;14.5169
20260701_144051_L676;20260701_144051;01.07.2026;14:29:00;676;33;8623;10;U3040Z2;Loučeň;50.29265;15.03444
20260701_144051_L678;20260701_144051;01.07.2026;14:29:00;678;32;8577;11;U2870Z3;Pečky,žel.st.;50.07499;15.07672
20260701_144051_L679;20260701_144051;01.07.2026;14:25:00;679;55;1648;15;U9590Z1;Poděbrady,žel.st.;50.0989;15.14629
20260701_144051_L773;20260701_144051;01.07.2026;14:21:00;773;1;7546;18;U7917Z1;Sázava,aut.st.;49.84115;14.90632
20260701_144452_L365;20260701_144452;01.07.2026;14:34:00;365;19;1463;10;U872Z7;Praha,Motol;50.07806;14.34532
20260701_144452_L136;20260701_144452;01.07.2026;14:33:00;136;8;5506;11;U29Z1P;Jižní Město;50.07257;14.47046
20260701_144452_L188;20260701_144452;01.07.2026;14:30:00;188;6;6979;12;U459Z3P;Kavčí hory;50.06505;14.50334
20260701_144452_L484;20260701_144452;01.07.2026;14:24:00;484;31;8183;19;U2315Z1;Úvaly,žel.st.;50.0742;14.72305
20260701_144452_L154;20260701_144452;01.07.2026;14:35:00;154;5;4028;10;U472Z3P;Sídliště Libuš;50.05268;14.52882
20260701_144452_L232;20260701_144452;01.07.2026;14:32:00;232;12;3641;12;U468Z1P;Smíchovské nádraží;50.05266;14.40631
20260701_144452_L180;20260701_144452;01.07.2026;14:32:00;180;9;5003;10;U867Z2P;Obchodní centrum Zličín;50.08968;14.3836
20260701_144452_L328;20260701_144452;01.07.2026;14:32:00;328;19;1620;11;U2558Z1;Modletice,Doubravice;50.00624;14.57516
20260701_144452_L515;20260701_144452;01.07.2026;14:33:00;515;11;9589;11;U9699Z1;Příbram,aut.nádr.;49.68995;14.02444
20260701_144452_L821;20260701_144452;01.07.2026;14:30:00;821;70;1611;14;U9000Z1;Kolín,nádraží;50.00794;15.0646
20260701_144452_L228;20260701_144452;01.07.2026;14:31:00;228;11;9048;11;U820Z1P;Benice;50.07158;14.57031
20260701_144452_L658;20260701_144452;01.07.2026;14:06:00;658;8;8009;37;U1304Z1;Neratovice,žel.st.;50.25983;14.5169
20260701_144452_L120;20260701_144452;01.07.2026;14:30:00;120;1;3678;14;U517Z1P;Na Knížecí;50.02174;14.3641
20260701_144452_L120;20260701_144452;01.07.2026;14:32:00;120;4;3911;13;U1030Z3P;Pod Lochkovem;50.03315;14.37328
20260701_144452_L650;20260701_144452;01.07.2026;14:33:00;650;25;12555;11;U31429Z1;Kladno,autobusové nádraží;50.40531;14.12879
20260701_144452_L650;20260701_144452;01.07.2026;14:31:00;650;22;12536;12;U31427Z2;Litoměřice,žel.st.hor.;50.43082;14.1688
20260701_144452_L188;20260701_144452;01.07.2026;14:29:00;188;5;6930;16;U886Z1P;Kavčí hory;50.05592;14.4805
20260701_144452_L679;20260701_144452;01.07.2026;14:25:00;679;55;1648;19;U9590Z1;Poděbrady,žel.st.;50.09848;15.14631
20260701_144452_L136;20260701_144452;01.07.2026;14:29:00;136;7;5503;15;U916Z1P;Jižní Město;50.02527;14.51588
20260701_144452_L188;20260701_144452;01.07.2026;14:35:00;188;4;6705;10;U559Z2P;Želivského;50.05768;14.45028
20260701_144452_L310;20260701_144452;01.07.2026;14:33:00;310;76;9596;10;U1142Z2;Praha,Zličín;50.05629;14.28685
20260701_144452_L311;20260701_144452;01.07.2026;14:29:00;311;77;9583;14;U1142Z2;Praha,Zličín;50.05513;14.28908
20260701_144452_L381;20260701_144452;01.07.2026;14:33:00;381;3;1676;10;U1474Z2;Praha,Háje;49.95275;15.17482
20260701_144452_L402;20260701_144452;01.07.2026;14:33:00;402;3;7673;11;U9370Z2;Praha,Roztyly;49.91614;15.39269
20260701_144452_L414;20260701_144452;01.07.2026;14:33:00;414;20;1290;11;U4259Z12;Praha,Terminál 1;50.12488;14.27855
20260701_144452_L400;20260701_144452;01.07.2026;14:34:00;400;6;11628;10;U31385Z1;Praha,Střížkov;50.88864;14.62022
20260701_144452_L589;20260701_144452;01.07.2026;14:30:00;589;13;7751;11;U4851Z2;Hořešovice;50.29617;13.91226
20260701_144452_L617;20260701_144452;01.07.2026;14:29:00;617;36;1897;13;U4716Z1;Roudnice n.L.,žel.st.;50.42423;14.2607
20260701_144452_L737;20260701_144452;01.07.2026;14:30:00;737;7;9810;13;U6199Z1;Bělá p.Bezd.,Atmos;50.49149;14.83721
20260701_144452_L463;20260701_144452;01.07.2026;14:32:00;463;6;9577;12;U6712Z1;Městec Králové,nám.;50.20591;15.29349
20260701_144452_L678;20260701_144452;01.07.2026;14:34:00;678;32;8577;10;U9581Z1;Pečky,žel.st.;50.0681;15.05275
20260701_144852_L136;20260701_144852;01.07.2026;14:37:00;136;8;5506;11;U37Z1P;Jižní Město;50.0611;14.46947
20260701_144852_L459;20260701_144852;01.07.2026;14:35:00;459;68;7809;13;U9504Z1;Olbramovice,žel.st.;49.50806;14.66029
20260701_144852_L188;20260701_144852;01.07.2026;14:39:00;188;4;6705;10;U183Z2P;Želivského;50.0569;14.46954
20260701_144852_L199;20260701_144852;01.07.2026;14:34:00;199;1;3951;14;U921Z6P;Sídliště Malešice;50.07899;14.47543
20260701_144852_L617;20260701_144852;01.07.2026;14:29:00;617;36;1897;17;U4716Z1;Roudnice n.L.,žel.st.;50.42414;14.26072
20260701_144852_L381;20260701_144852;01.07.2026;14:35:00;381;3;1676;10;U2156Z2;Praha,Háje;49.95328;15.15087
20260701_144852_L120;20260701_144852;01.07.2026;14:35:00;120;4;3911;13;U1127Z1P;Pod Lochkovem;50.0259;14.36936
20260701_144852_L130;20260701_144852;01.07.2026;14:34:00;130;4;3834;10;U944Z1P;Zličín;50.0239;14.31966
20260701_144852_L136;20260701_144852;01.07.2026;14:39:00;136;15;5095;10;U2787Z2P;Jižní Město;50.08809;14.45762
20260701_144852_L650;20260701_144852;01.07.2026;14:36:00;650;22;12536;12;U31425Z2;Litoměřice,žel.st.hor.;50.45591;14.16152
20260701_144852_L678;20260701_144852;01.07.2026;14:38:00;678;32;8577;10;U9586Z1;Pečky,žel.st.;50.07839;15.03208
20260701_144852_L180;20260701_144852;01.07.2026;14:37:00;180;9;5003;12;U44Z1P;Obchodní centrum Zličín;50.08553;14.36466
20260701_144852_L433;20260701_144852;01.07.2026;14:37:00;433;25;8616;10;U3141Z1;Pečky,žel.st.;50.18108;15.02791
20260701_144852_L328;20260701_144852;01.07.2026;14:36:00;328;19;1620;12;U1374Z1;Modletice,Doubravice;50.0015;14.58366
20260701_144852_L650;20260701_144852;01.07.2026;14:36:00;650;25;12555;10;U31430Z1;Kladno,autobusové nádraží;50.38065;14.12227
20260701_144852_L228;20260701_144852;01.07.2026;14:38:00;228;11;9048;10;U1115Z2P;Benice;50.06123;14.5888
20260701_144852_L681;20260701_144852;01.07.2026;14:35:00;681;61;1605;10;U2156Z2;Uhlířské Janovice,nám.;49.94493;15.1555
20260701_144852_L515;20260701_144852;01.07.2026;14:36:00;515;11;9589;11;U9712Z3;Příbram,aut.nádr.;49.69021;14.00732
20260701_144852_L336;20260701_144852;01.07.2026;14:37:00;336;18;8886;11;U1643Z2;Praha,Zličín;50.05113;14.27354
20260701_144852_L345;20260701_144852;01.07.2026;14:35:00;345;15;8671;11;U3395Z2;Praha,Černý Most;50.43358;14.92594
20260701_144852_L164;20260701_144852;01.07.2026;14:38:00;164;3;1952;10;U229Z2P;Malovanka;50.08669;14.37348
20260701_144852_L402;20260701_144852;01.07.2026;14:36:00;402;3;7673;10;U7319Z2;Praha,Roztyly;49.90164;15.36795
20260701_144852_L699;20260701_144852;01.07.2026;14:37:00;699;25;8564;10;U3385Z2;Hrušov;50.38229;14.8942
20260701_144852_L737;20260701_144852;01.07.2026;14:34:00;737;7;9810;14;U6162Z1;Bělá p.Bezd.,Atmos;50.50089;14.80966
20260701_144852_L120;20260701_144852;01.07.2026;14:34:00;120;1;3678;14;U1125Z2P;Na Knížecí;50.03209;14.37371
20260701_144852_L589;20260701_144852;01.07.2026;14:37:00;589;13;7751;11;U4177Z2;Hořešovice;50.28467;13.91529
20260701_144852_L231;20260701_144852;01.07.2026;14:37:00;231;3;3722;11;U1040Z21P;Dívčí hrady;50.06666;14.40284
20260701_145252_L136;20260701_145252;01.07.2026;14:40:00;136;8;5506;12;U751Z2P;Jižní Město;50.05307;14.47423
20260701_145252_L188;20260701_145252;01.07.2026;14:41:00;188;6;6979;12;U886Z1P;Kavčí hory;50.05591;14.48054
20260701_145252_L232;20260701_145252;01.07.2026;14:39:00;232;12;3641;13;U337Z9P;Na Knížecí;50.05196;14.40925
20260701_145252_L408;20260701_145252;01.07.2026;14:42:00;408;84;7903;10;U6489Z4;Tábor,aut.nádr.;49.63756;14.64122
20260701_145252_L146;20260701_145252;01.07.2026;14:41:00;146;3;9121;10;U266Z3P;Vinice Hrdlořezy;50.09177;14.49772
20260701_145252_L345;20260701_145252;01.07.2026;14:38:00;345;15;8671;12;U3392Z2;Praha,Černý Most;50.4214;14.91529
20260701_145252_L729;20260701_145252;01.07.2026;14:40:00;729;51;9826;10;U6439Z1;Doubravička;50.38451;14.87697
20260701_145252_L199;20260701_145252;01.07.2026;14:34:00;199;1;3951;16;U921Z6P;Sídliště Malešice;50.07707;14.48677
20260701_145252_L120;20260701_145252;01.07.2026;14:40:00;120;4;3911;13;U470Z1P;Pod Lochkovem;50.02005;14.3546
20260701_145252_L307;20260701_145252;01.07.2026;14:42:00;307;10;8991;10;U4926Z1;Kladno,autobusové nádraží;50.09093;14.13713
20260701_145252_L180;20260701_145252;01.07.2026;14:40:00;180;9;5003;12;U872Z2P;Obchodní centrum Zličín;50.0797;14.34664
20260701_145252_L154;20260701_145252;01.07.2026;14:42:00;154;5;4028;11;U154Z2P;Sídliště Libuš;50.04827;14.55706
20260701_145252_L385;20260701_145252;01.07.2026;14:42:00;385;18;1623;10;U2558Z1;Říčany,Olivovna;50.00741;14.57375
20260701_145252_L136;20260701_145252;01.07.2026;14:42:00;136;15;5095;10;U516Z3P;Jižní Město;50.08211;14.45945
20260701_145252_L402;20260701_145252;01.07.2026;14:43:00;402;3;7673;10;U7290Z2;Praha,Roztyly;49.87516;15.33108
20260701_145252_L120;20260701_145252;01.07.2026;14:38:00;120;1;3678;15;U1191Z2P;Na Knížecí;50.03634;14.3824
20260701_145252_L130;20260701_145252;01.07.2026;14:42:00;130;4;3834;11;U1089Z2P;Zličín;50.03005;14.30444
20260701_145252_L188;20260701_145252;01.07.2026;14:39:00;188;2;6920;10;U418Z2P;Želivského;50.07807;14.47772
20260701_145252_L737;20260701_145252;01.07.2026;14:38:00;737;7;9810;14;U6164Z1;Bělá p.Bezd.,Atmos;50.50549;14.79484
20260701_145252_L650;20260701_145252;01.07.2026;14:41:00;650;25;12555;10;U9004Z1;Kladno,autobusové nádraží;50.36333;14.12353
20260701_145252_L650;20260701_145252;01.07.2026;14:40:00;650;22;12536;12;U31423Z2;Litoměřice,žel.st.hor.;50.45838;14.13721
20260701_145252_L336;20260701_145252;01.07.2026;14:38:00;336;18;8886;14;U1142Z2;Praha,Zličín;50.05316;14.27732
20260701_145252_L328;20260701_145252;01.07.2026;14:40:00;328;19;1620;12;U1262Z1;Modletice,Doubravice;49.98383;14.5855
20260701_145252_L678;20260701_145252;01.07.2026;14:41:00;678;32;8577;10;U1442Z4;Pečky,žel.st.;50.09057;15.01824
20260701_145252_L228;20260701_145252;01.07.2026;14:41:00;228;11;9048;11;U7040Z1P;Benice;50.04659;14.58427
20260701_145252_L764;20260701_145252;01.07.2026;14:42:00;764;31;9767;10;U3256Z1;Mcely;50.411;14.9205
20260701_145252_L617;20260701_145252;01.07.2026;14:29:00;617;36;1897;21;U4716Z1;Roudnice n.L.,žel.st.;50.42414;14.26085
20260701_145252_L589;20260701_145252;01.07.2026;14:37:00;589;13;7751;13;U4177Z2;Hořešovice;50.27049;13.92657
20260701_145252_L681;20260701_145252;01.07.2026;14:41:00;681;59;1635;12;U9985Z1;Kolín,nádraží;49.96412;15.15251
20260701_145252_L821;20260701_145252;01.07.2026;14:40:00;821;70;1611;12;U4992Z1;Kolín,nádraží;49.999;15.12673
20260701_145252_L459;20260701_145252;01.07.2026;14:40:00;459;68;7809;13;U6443Z2;Olbramovice,žel.st.;49.54519;14.66372
20260701_145252_L402;20260701_145252;01.07.2026;14:38:00;402;1;7671;13;U7317Z1;Praha,Roztyly;49.72435;15.0498
20260701_145252_L382;20260701_145252;01.07.2026;14:41:00;382;19;9944;10;U402Z2;Praha,Háje;50.0361;14.56745
20260701_145252_L182;20260701_145252;01.07.2026;14:43:00;182;4;3958;10;U219Z1P;Opatov;50.04315;14.51588
20260701_145252_L231;20260701_145252;01.07.2026;14:37:00;231;3;3722;14;U1040Z21P;Dívčí hrady;50.06511;14.40363
20260701_145653_L188;20260701_145653;01.07.2026;14:44:00;188;6;6979;12;U183Z1P;Kavčí hory;50.05687;14.46808
20260701_145653_L336;20260701_145653;01.07.2026;14:38:00;336;18;8886;17;U1142Z2;Praha,Zličín;50.05514;14.28963
20260701_145653_L136;20260701_145653;01.07.2026;14:43:00;136;8;5506;14;U322Z3P;Jižní Město;50.04554;14.48473
20260701_145653_L459;20260701_145653;01.07.2026;14:40:00;459;68;7809;14;U6443Z2;Olbramovice,žel.st.;49.56934;14.65944
20260701_145653_L231;20260701_145653;01.07.2026;14:42:00;231;3;3722;15;U562Z1P;Dívčí hrady;50.05604;14.40538
20260701_145653_L821;20260701_145653;01.07.2026;14:44:00;821;70;1611;12;U4993Z1;Kolín,nádraží;50.01012;15.15218
20260701_145653_L180;20260701_145653;01.07.2026;14:45:00;180;9;5003;11;U306Z2P;Obchodní centrum Zličín;50.07404;14.33905
20260701_145653_L136;20260701_145653;01.07.2026;14:44:00;136;15;5095;12;U118Z4P;Jižní Město;50.07818;14.461
20260701_145653_L154;20260701_145653;01.07.2026;14:46:00;154;5;4028;10;U1013Z1P;Sídliště Libuš;50.04033;14.5669
20260701_145653_L182;20260701_145653;01.07.2026;14:46:00;182;4;3958;10;U344Z4P;Opatov;50.03193;14.50731
20260701_145653_L149;20260701_145653;01.07.2026;14:47:00;149;8;4178;10;U362Z12P;Dejvická;50.08543;14.38068
20260701_145653_L120;20260701_145653;01.07.2026;14:44:00;120;4;3911;12;U885Z1P;Pod Lochkovem;50.00518;14.35605
20260701_145653_L650;20260701_145653;01.07.2026;14:44:00;650;25;12555;11;U31431Z1;Kladno,autobusové nádraží;50.36239;14.142
20260701_145653_L718;20260701_145653;01.07.2026;14:45:00;718;43;8606;10;U6363Z2;Mnichovo Hradiště,dopravní terminál;50.51326;14.99606
20260701_145653_L764;20260701_145653;01.07.2026;14:44:00;764;31;9767;12;U3063Z2;Mcely;50.41001;14.93452
20260701_145653_L228;20260701_145653;01.07.2026;14:44:00;228;11;9048;11;U9690Z1P;Benice;50.03575;14.59286
20260701_145653_L345;20260701_145653;01.07.2026;14:42:00;345;15;8671;10;U2987Z7;Praha,Černý Most;50.41981;14.91599
20260701_145653_L617;20260701_145653;01.07.2026;14:29:00;617;36;1897;22;U4716Z1;Roudnice n.L.,žel.st.;50.42413;14.26083
20260701_145653_L461;20260701_145653;01.07.2026;14:44:00;461;25;1612;11;U1696Z1;Velké Popovice,pivovar;49.94633;14.67095
20260701_145653_L686;20260701_145653;01.07.2026;14:43:00;686;33;8142;11;U2315Z1;Úvaly,žel.st.;50.0742;14.72304
20260701_145653_L739;20260701_145653;01.07.2026;14:44:00;739;21;9087;12;U6223Z2;Bělá p.Bezd.,Atmos;50.48589;15.03214
20260701_145653_L188;20260701_145653;01.07.2026;14:42:00;188;5;6930;14;U385Z1P;Kavčí hory;50.05176;14.43789
20260701_145653_L232;20260701_145653;01.07.2026;14:43:00;232;12;3641;13;U817Z2P;Na Knížecí;50.05918;14.40603
20260701_145653_L328;20260701_145653;01.07.2026;14:43:00;328;19;1620;12;U7812Z2;Modletice,Doubravice;49.97664;14.57971
20260701_145653_L332;20260701_145653;01.07.2026;14:46:00;332;27;9949;11;U908Z1;Jílové u Prahy,náměstí;50.02069;14.46343
20260701_145653_L463;20260701_145653;01.07.2026;14:47:00;463;7;9822;10;U4368Z1;Městec Králové,nám.;50.36675;14.93633
20260701_145653_L650;20260701_145653;01.07.2026;14:45:00;650;22;12536;11;U31421Z2;Litoměřice,žel.st.hor.;50.48771;14.14608
20260701_145653_L385;20260701_145653;01.07.2026;14:46:00;385;18;1623;10;U1374Z1;Říčany,Olivovna;50.00201;14.58362
20260701_145653_L406;20260701_145653;01.07.2026;14:45:00;406;25;7929;11;U2139Z2;Vlašim,žel.st.;49.7873;14.68393
20260701_145653_L307;20260701_145653;01.07.2026;14:45:00;307;13;8975;11;U1685Z2;Praha,Zličín;50.06584;14.14652
20260701_145653_L589;20260701_145653;01.07.2026;14:44:00;589;13;7751;12;U9236Z2;Hořešovice;50.26123;13.91878
20260701_145653_L681;20260701_145653;01.07.2026;14:45:00;681;59;1635;11;U9986Z1;Kolín,nádraží;49.97832;15.15912
20260701_145653_L380;20260701_145653;01.07.2026;14:46:00;380;2;9982;10;U4965Z1;Králův Dvůr,Počaply,Obchodní centrum;49.95153;14.04552
20260701_145653_L380;20260701_145653;01.07.2026;14:42:00;380;1;9972;14;U444Z1;Praha,Vypich;50.07657;14.34878
20260701_145653_L382;20260701_145653;01.07.2026;14:43:00;382;19;9944;10;U967Z2;Praha,Háje;50.034;14.53732
20260701_145653_L146;20260701_145653;01.07.2026;14:44:00;146;3;9121;12;U4260Z1P;Vinice Hrdlořezy;50.09447;14.5087
20260701_145653_L307;20260701_145653;01.07.2026;14:46:00;307;10;8991;11;U4790Z2;Kladno,autobusové nádraží;50.11091;14.13498
20260701_145653_L136;20260701_145653;01.07.2026;14:47:00;136;9;6968;10;U2787Z2P;Jižní Město;50.08769;14.45687
20260701_145653_L130;20260701_145653;01.07.2026;14:46:00;130;4;3834;10;U4258Z2P;Zličín;50.03613;14.31402
20260701_145653_L433;20260701_145653;01.07.2026;14:46:00;433;25;8616;11;U2968Z2;Pečky,žel.st.;50.18034;15.04464
20260701_145653_L315;20260701_145653;01.07.2026;14:46:00;315;6;8673;10;U3256Z1;Praha,Černý Most;50.41111;14.91726
20260701_150053_L506;20260701_150053;01.07.2026;14:46:00;506;3;9537;13;U9708Z2;Příbram,Svatá Hora areál;49.68679;14.02213
20260701_150053_L718;20260701_150053;01.07.2026;14:48:00;718;43;8606;10;U6364Z2;Mnichovo Hradiště,dopravní terminál;50.52253;14.97604
20260701_150053_L136;20260701_150053;01.07.2026;14:46:00;136;15;5095;14;U518Z3P;Jižní Město;50.07593;14.45917
20260701_150053_L130;20260701_150053;01.07.2026;14:48:00;130;4;3834;10;U2797Z2P;Zličín;50.04489;14.30813
20260701_150053_L686;20260701_150053;01.07.2026;14:43:00;686;33;8142;15;U2315Z1;Úvaly,žel.st.;50.0742;14.72304
20260701_150053_L203;20260701_150053;01.07.2026;14:49:00;203;3;1945;10;U4133Z1P;Háje;50.02999;14.52681
20260701_150053_L136;20260701_150053;01.07.2026;14:50:00;136;9;6968;10;U516Z3P;Jižní Město;50.08211;14.45943
20260701_150053_L188;20260701_150053;01.07.2026;14:49:00;188;6;6979;12;U263Z4P;Kavčí hory;50.05981;14.4499
20260701_150053_L345;20260701_150053;01.07.2026;14:42:00;345;15;8671;15;U2987Z7;Praha,Černý Most;50.41688;14.92337
20260701_150053_L133;20260701_150053;01.07.2026;14:50:00;133;8;4062;10;U745Z2P;Florenc;50.08705;14.45099
20260701_150053_L650;20260701_150053;01.07.2026;14:49:00;650;25;12555;10;U4438Z1;Kladno,autobusové nádraží;50.33161;14.14417
20260701_150053_L136;20260701_150053;01.07.2026;14:48:00;136;8;5506;13;U424Z1P;Jižní Město;50.03348;14.49931
20260701_150053_L188;20260701_150053;01.07.2026;14:50:00;188;5;6930;11;U1055Z1P;Želivského;50.04863;14.42987
20260701_150053_L650;20260701_150053;01.07.2026;14:47:00;650;22;12536;12;U31420Z1;Litoměřice,žel.st.hor.;50.49453;14.14768
20260701_150053_L328;20260701_150053;01.07.2026;14:46:00;328;19;1620;13;U1896Z1;Modletice,Doubravice;49.97078;14.58824
20260701_150053_L332;20260701_150053;01.07.2026;14:50:00;332;27;9949;10;U423Z1;Jílové u Prahy,náměstí;50.00444;14.4809
20260701_150053_L335;20260701_150053;01.07.2026;14:48:00;335;8;9175;11;U1565Z2;Kamenice,kult.dům;49.90442;14.58799
20260701_150053_L322;20260701_150053;01.07.2026;14:50:00;322;12;8797;11;U4308Z3;Kladno,autobusové nádraží;50.13312;14.11481
20260701_150053_L433;20260701_150053;01.07.2026;14:48:00;433;25;8616;11;U2967Z2;Pečky,žel.st.;50.17675;15.03166
20260701_150053_L228;20260701_150053;01.07.2026;14:48:00;228;11;9048;13;U336Z3P;Benice;50.03218;14.59788
20260701_150053_L307;20260701_150053;01.07.2026;14:49:00;307;11;8952;11;U1643Z2;Praha,Zličín;50.05291;14.27616
20260701_150053_L307;20260701_150053;01.07.2026;14:51:00;307;13;8975;10;U1681Z2;Praha,Zličín;50.06606;14.1655
20260701_150053_L315;20260701_150053;01.07.2026;14:48:00;315;6;8673;12;U3063Z2;Praha,Černý Most;50.40994;14.93465
20260701_150053_L380;20260701_150053;01.07.2026;14:50:00;380;2;9982;10;U4976Z1;Králův Dvůr,Počaply,Obchodní centrum;49.94195;14.02659
20260701_150053_L380;20260701_150053;01.07.2026;14:48:00;380;6;9974;12;U1142Z2;Praha,Vypich;50.05312;14.277
20260701_150053_L385;20260701_150053;01.07.2026;14:47:00;385;18;1623;11;U1744Z1;Říčany,Olivovna;49.99281;14.59486
20260701_150053_L349;20260701_150053;01.07.2026;14:51:00;349;25;8213;10;U1794Z1;Mělník,Mlazice;50.35361;14.48216
20260701_150053_L764;20260701_150053;01.07.2026;14:47:00;764;31;9767;13;U9359Z1;Mcely;50.40863;14.95645
20260701_150053_L389;20260701_150053;01.07.2026;14:51:00;389;13;7751;10;U9232Z1;Praha,Nádraží Veleslavín;50.2707;13.96584
20260701_150053_L459;20260701_150053;01.07.2026;14:48:00;459;68;7809;12;U6487Z2;Olbramovice,žel.st.;49.60876;14.65991
20260701_150053_L681;20260701_150053;01.07.2026;14:50:00;681;59;1635;10;U9987Z1;Kolín,nádraží;49.99775;15.18433
20260701_150053_L821;20260701_150053;01.07.2026;14:48:00;821;70;1611;11;U4995Z1;Kolín,nádraží;50.01983;15.18984
20260701_150053_L180;20260701_150053;01.07.2026;14:48:00;180;9;5003;12;U395Z4P;Obchodní centrum Zličín;50.06574;14.32508
20260701_150053_L120;20260701_150053;01.07.2026;14:50:00;120;5;4187;11;U468Z1P;Pod Lochkovem;50.05331;14.40611
20260701_150053_L181;20260701_150053;01.07.2026;14:49:00;181;2;5018;11;U160Z1P;Opatov;50.05066;14.52534
20260701_150454_L372;20260701_150454;01.07.2026;14:51:00;372;37;8060;12;U2339Z2;Praha,Kobylisy;50.26381;14.39632
20260701_150454_L380;20260701_150454;01.07.2026;14:48:00;380;6;9974;16;U1142Z2;Praha,Vypich;50.05352;14.2785
20260701_150454_L506;20260701_150454;01.07.2026;14:46:00;506;3;9537;18;U9708Z2;Příbram,Svatá Hora areál;49.68679;14.02213
20260701_150454_L188;20260701_150454;01.07.2026;14:53:00;188;5;6930;11;U385Z2P;Želivského;50.05169;14.43814
20260701_150454_L177;20260701_150454;01.07.2026;14:55:00;177;11;5022;10;U195Z1P;Chodov;50.04451;14.51234
20260701_150454_L136;20260701_150454;01.07.2026;14:51:00;136;15;5095;13;U29Z1P;Jižní Město;50.07255;14.47049
20260701_150454_L149;20260701_150454;01.07.2026;14:55:00;149;8;4178;10;U321Z4P;Dejvická;50.10001;14.39552
20260701_150454_L180;20260701_150454;01.07.2026;14:53:00;180;9;5003;12;U47Z3P;Obchodní centrum Zličín;50.06587;14.30335
20260701_150454_L120;20260701_150454;01.07.2026;14:52:00;120;5;4187;12;U147Z3P;Pod Lochkovem;50.04146;14.40435
20260701_150454_L396;20260701_150454;01.07.2026;14:54:00;396;12;7988;10;U1672Z2;Přezletice,Vinořská;50.15459;14.58224
20260701_150454_L449;20260701_150454;01.07.2026;14:51:00;449;90;1110;10;U1729Z1;Mníšek p.Brdy,náměstí;49.86696;14.27252
20260701_150454_L686;20260701_150454;01.07.2026;14:43:00;686;33;8142;19;U2315Z1;Úvaly,žel.st.;50.0742;14.72304
20260701_150454_L463;20260701_150454;01.07.2026;14:52:00;463;7;9822;11;U1171Z2;Městec Králové,nám.;50.36906;14.98522
20260701_150454_L188;20260701_150454;01.07.2026;14:54:00;188;11;5556;10;U459Z3P;Kavčí hory;50.06861;14.49221
20260701_150454_L459;20260701_150454;01.07.2026;14:53:00;459;68;7809;11;U6491Z2;Olbramovice,žel.st.;49.6381;14.64817
20260701_150454_L349;20260701_150454;01.07.2026;14:53:00;349;25;8213;10;U1795Z1;Mělník,Mlazice;50.3609;14.4693
20260701_150454_L345;20260701_150454;01.07.2026;14:42:00;345;15;8671;16;U2987Z7;Praha,Černý Most;50.39731;14.91333
20260701_150454_L383;20260701_150454;01.07.2026;14:54:00;383;32;9128;10;U808Z5;Chocerady;50.02971;14.60788
20260701_150454_L380;20260701_150454;01.07.2026;14:52:00;380;2;9982;10;U4979Z2;Králův Dvůr,Počaply,Obchodní centrum;49.93628;14.02258
20260701_150454_L133;20260701_150454;01.07.2026;14:53:00;133;8;4062;11;U3018Z2P;Florenc;50.08914;14.44342
20260701_150454_L136;20260701_150454;01.07.2026;14:50:00;136;8;5506;14;U106Z2P;Jižní Město;50.02754;14.50777
20260701_150454_L188;20260701_150454;01.07.2026;14:55:00;188;4;6705;10;U90Z2P;Želivského;50.07326;14.50457
20260701_150454_L724;20260701_150454;01.07.2026;14:52:00;724;64;9425;12;U6277Z1;Mladá Boleslav,aut.st.;50.40794;15.109
20260701_150454_L322;20260701_150454;01.07.2026;14:53:00;322;12;8797;10;U4310Z1;Kladno,autobusové nádraží;50.14052;14.09948
20260701_150454_L328;20260701_150454;01.07.2026;14:52:00;328;19;1620;11;U1172Z1;Modletice,Doubravice;49.97399;14.60418
20260701_150454_L332;20260701_150454;01.07.2026;14:54:00;332;27;9949;10;U1522Z1;Jílové u Prahy,náměstí;49.98538;14.49416
20260701_150454_L821;20260701_150454;01.07.2026;14:53:00;821;70;1611;10;U4998Z1;Kolín,nádraží;50.02292;15.20284
20260701_150454_L433;20260701_150454;01.07.2026;14:54:00;433;25;8616;10;U2594Z2;Pečky,žel.st.;50.1585;15.00974
20260701_150454_L307;20260701_150454;01.07.2026;14:54:00;307;10;8991;10;U4362Z1;Kladno,autobusové nádraží;50.13264;14.12532
20260701_150454_L307;20260701_150454;01.07.2026;14:50:00;307;11;8952;14;U1142Z2;Praha,Zličín;50.05329;14.27772
20260701_150454_L841;20260701_150454;01.07.2026;14:52:00;841;78;7894;12;U6043Z2;Vlašim,záv.;49.69864;14.90366
20260701_150454_L650;20260701_150454;01.07.2026;14:54:00;650;25;12555;10;U9127Z1;Kladno,autobusové nádraží;50.3099;14.13669
20260701_150454_L650;20260701_150454;01.07.2026;14:53:00;650;22;12536;11;U32106Z2;Litoměřice,žel.st.hor.;50.50685;14.14223
20260701_150454_L681;20260701_150454;01.07.2026;14:55:00;681;59;1635;10;U9983Z1;Kolín,nádraží;50.01917;15.1969
20260701_150454_L188;20260701_150454;01.07.2026;14:52:00;188;6;6979;12;U640Z1P;Kavčí hory;50.05409;14.44229
20260701_150454_L384;20260701_150454;01.07.2026;14:52:00;384;19;9915;10;U2370Z2;Praha,Zličín;50.00568;14.17387
20260701_150454_L385;20260701_150454;01.07.2026;14:52:00;385;18;1623;12;U3355Z1;Říčany,Olivovna;49.99111;14.6088
20260701_150454_L346;20260701_150454;01.07.2026;14:54:00;346;6;8299;10;U1825Z2;Praha,Černý Most;50.17795;14.67118
20260701_150454_L101;20260701_150454;01.07.2026;14:54:00;101;3;2314;10;U172Z6P;Zentiva;50.08528;14.44205
20260701_150454_L130;20260701_150454;01.07.2026;14:53:00;130;4;3834;11;U281Z7P;Zličín;50.05509;14.30932
20260701_150454_L515;20260701_150454;01.07.2026;14:51:00;515;12;9560;11;U9647Z2;Borotice,Čelina;49.70375;14.07519
20260701_150454_L228;20260701_150454;01.07.2026;14:51:00;228;11;9048;13;U1385Z1P;Benice;50.02427;14.60273
20260701_150454_L231;20260701_150454;01.07.2026;14:52:00;231;2;3670;10;U1040Z21P;Dívčí hrady;50.06364;14.40474
20260701_150454_L181;20260701_150454;01.07.2026;14:54:00;181;2;5018;11;U99Z1P;Opatov;50.03786;14.50925
20260701_150854_L385;20260701_150854;01.07.2026;14:56:00;385;18;1623;11;U1925Z1;Říčany,Olivovna;49.98833;14.64269
20260701_150854_L506;20260701_150854;01.07.2026;14:46:00;506;3;9537;22;U9708Z2;Příbram,Svatá Hora areál;49.68679;14.02213
20260701_150854_L307;20260701_150854;01.07.2026;14:57:00;307;10;8991;12;U4308Z1;Kladno,autobusové nádraží;50.13242;14.11253
20260701_150854_L713;20260701_150854;01.07.2026;14:58:00;713;44;9916;10;U6293Z1;Sobotka,nám.;50.45971;15.13315
20260701_150854_L188;20260701_150854;01.07.2026;14:58:00;188;5;6930;10;U263Z5P;Želivského;50.06084;14.44792
20260701_150854_L180;20260701_150854;01.07.2026;14:56:00;180;9;5003;12;U706Z2P;Obchodní centrum Zličín;50.06586;14.28814
20260701_150854_L154;20260701_150854;01.07.2026;14:59:00;154;5;4028;10;U604Z2P;Sídliště Libuš;50.03248;14.51902
20260701_150854_L408;20260701_150854;01.07.2026;14:57:00;408;84;7903;10;U9374Z1;Tábor,aut.nádr.;49.60047;14.57912
20260701_150854_L339;20260701_150854;01.07.2026;14:58:00;339;25;9361;10;U1564Z1;Týnec n.Sáz.,žel.st.;49.90373;14.58769
20260701_150854_L380;20260701_150854;01.07.2026;14:48:00;380;6;9974;17;U1142Z2;Praha,Vypich;50.05526;14.28867
20260701_150854_L686;20260701_150854;01.07.2026;14:43:00;686;33;8142;23;U2315Z1;Úvaly,žel.st.;50.0742;14.72304
20260701_150854_L232;20260701_150854;01.07.2026;14:59:00;232;7;4091;10;U302Z3P;Smíchovské nádraží;50.06226;14.40576
20260701_150854_L136;20260701_150854;01.07.2026;14:55:00;136;15;5095;13;U37Z1P;Jižní Město;50.06109;14.46943
20260701_150854_L188;20260701_150854;01.07.2026;14:57:00;188;11;5556;11;U2781Z52P;Kavčí hory;50.0633;14.50442
20260701_150854_L136;20260701_150854;01.07.2026;14:54:00;136;8;5506;14;U353Z1P;Jižní Město;50.02624;14.52149
20260701_150854_L337;20260701_150854;01.07.2026;14:54:00;337;15;9938;14;U2139Z2;Benešov,Terminál;49.78758;14.68389
20260701_150854_L515;20260701_150854;01.07.2026;14:55:00;515;12;9560;13;U7480Z2;Borotice,Čelina;49.70426;14.10204
20260701_150854_L177;20260701_150854;01.07.2026;14:59:00;177;11;5022;10;U344Z4P;Chodov;50.03192;14.50732
20260701_150854_L307;20260701_150854;01.07.2026;14:50:00;307;11;8952;17;U1142Z2;Praha,Zličín;50.05549;14.28844
20260701_150854_L307;20260701_150854;01.07.2026;14:57:00;307;13;8975;11;U1677Z2;Praha,Zličín;50.04717;14.1909
20260701_150854_L311;20260701_150854;01.07.2026;14:54:00;311;74;9597;14;U1626Z2;Řevnice,nádraží;49.92727;14.27024
20260701_150854_L315;20260701_150854;01.07.2026;14:54:00;315;6;8673;14;U3258Z1;Praha,Černý Most;50.36699;14.87822
20260701_150854_L433;20260701_150854;01.07.2026;14:58:00;433;25;8616;10;U2591Z2;Pečky,žel.st.;50.14033;14.98698
20260701_150854_L395;20260701_150854;01.07.2026;14:56:00;395;42;9905;12;U9646Z2;Praha,Smíchovské nádraží;49.71035;14.09502
20260701_150854_L396;20260701_150854;01.07.2026;14:54:00;396;12;7988;14;U1672Z2;Přezletice,Vinořská;50.15459;14.58224
20260701_150854_L383;20260701_150854;01.07.2026;14:57:00;383;32;9128;11;U838Z1;Chocerady;50.01343;14.6228
20260701_150854_L384;20260701_150854;01.07.2026;14:52:00;384;19;9915;13;U2370Z2;Praha,Zličín;50.01057;14.1834
20260701_150854_L449;20260701_150854;01.07.2026;14:56:00;449;90;1110;11;U1848Z1;Mníšek p.Brdy,náměstí;49.86611;14.2654
20260701_150854_L372;20260701_150854;01.07.2026;14:55:00;372;37;8060;11;U2337Z2;Praha,Kobylisy;50.24228;14.39941
20260701_150854_L650;20260701_150854;01.07.2026;14:55:00;650;22;12536;13;U31417Z2;Litoměřice,žel.st.hor.;50.51334;14.14631
20260701_150854_L735;20260701_150854;01.07.2026;14:56:00;735;22;7013;12;U6292Z1;Dolní Bousov,nám.;50.42777;15.11489
20260701_150854_L201;20260701_150854;01.07.2026;14:59:00;201;11;4129;10;U622Z2P;Nádraží Holešovice;50.11761;14.45672
20260701_150854_L641;20260701_150854;01.07.2026;14:57:00;641;14;9573;11;U9780Z2;Hořovice,nemocnice;49.83908;13.9092
20260701_150854_L639;20260701_150854;01.07.2026;14:58:00;639;26;9601;10;U7179Z2;Hořovice,nám.B.Němcové;49.84699;13.93201
20260701_150854_L681;20260701_150854;01.07.2026;14:58:00;681;59;1635;10;U4998Z1;Kolín,nádraží;50.0259;15.20028
20260701_150854_L130;20260701_150854;01.07.2026;14:56:00;130;4;3834;10;U1265Z2P;Zličín;50.05395;14.29014
20260701_150854_L706;20260701_150854;01.07.2026;14:55:00;706;64;1687;10;U9983Z2;Uhlířské Janovice,nám.;50.00797;15.17667
20260701_150854_L120;20260701_150854;01.07.2026;14:58:00;120;5;4187;11;U682Z2P;Pod Lochkovem;50.03803;14.39006
20260701_150854_L101;20260701_150854;01.07.2026;14:54:00;101;3;2314;12;U172Z6P;Zentiva;50.08531;14.44106
20260701_150854_L201;20260701_150854;01.07.2026;14:58:00;201;4;3981;10;U54Z3P;Černý Most;50.11622;14.46916
20260701_150854_L307;20260701_150854;01.07.2026;14:59:00;307;14;8974;10;U1678Z1;Unhošť,nám.;50.05205;14.17444
20260701_150854_L650;20260701_150854;01.07.2026;14:57:00;650;25;12555;10;U9123Z1;Kladno,autobusové nádraží;50.30483;14.10304
20260701_150854_L459;20260701_150854;01.07.2026;14:54:00;459;68;7809;12;U6489Z2;Olbramovice,žel.st.;49.64229;14.63963
20260701_150854_L231;20260701_150854;01.07.2026;14:57:00;231;2;3670;12;U562Z1P;Dívčí hrady;50.05543;14.40487
20260701_151255_L182;20260701_151255;01.07.2026;15:02:00;182;1;4166;10;U823Z1P;Opatov;50.045;14.51918
20260701_151255_L506;20260701_151255;01.07.2026;14:46:00;506;3;9537;26;U9708Z2;Příbram,Svatá Hora areál;49.68679;14.02213
20260701_151255_L188;20260701_151255;01.07.2026;15:00:00;188;11;5556;12;U920Z1P;Kavčí hory;50.05781;14.49377
20260701_151255_L199;20260701_151255;01.07.2026;15:02:00;199;2;3960;10;U921Z9P;Želivského;50.07843;14.4752
20260701_151255_L324;20260701_151255;01.07.2026;15:02:00;324;20;8999;10;U776Z2;Praha,Zličín;50.10964;14.27979
20260701_151255_L136;20260701_151255;01.07.2026;15:03:00;136;9;6968;10;U37Z1P;Jižní Město;50.06045;14.46959
20260701_151255_L384;20260701_151255;01.07.2026;14:52:00;384;19;9915;14;U2370Z2;Praha,Zličín;50.02625;14.20595
20260701_151255_L444;20260701_151255;01.07.2026;15:03:00;444;8;9175;10;U1566Z1;Davle,obec;49.896;14.56686
20260701_151255_L316;20260701_151255;01.07.2026;15:03:00;316;1;8980;10;U1692Z1;Kralupy n.Vlt.,žel.st.;50.19687;14.29501
20260701_151255_L433;20260701_151255;01.07.2026;15:01:00;433;25;8616;10;U1434Z2;Pečky,žel.st.;50.13131;14.98403
20260701_151255_L400;20260701_151255;01.07.2026;15:01:00;400;25;11695;11;U6060Z2;Praha,Střížkov;50.42268;14.46402
20260701_151255_L713;20260701_151255;01.07.2026;15:00:00;713;44;9916;13;U31773Z1;Sobotka,nám.;50.46462;15.15494
20260701_151255_L634;20260701_151255;01.07.2026;15:00:00;634;27;9406;11;U2895Z2;Hostomice,nám.;49.82581;14.04519
20260701_151255_L385;20260701_151255;01.07.2026;15:01:00;385;18;1623;11;U1881Z1;Říčany,Olivovna;49.99157;14.65624
20260701_151255_L232;20260701_151255;01.07.2026;15:02:00;232;7;4091;10;U468Z1P;Smíchovské nádraží;50.05269;14.4063
20260701_151255_L120;20260701_151255;01.07.2026;14:59:00;120;3;3722;14;U1040Z21P;Nádraží Radotín;50.06826;14.40358
20260701_151255_L770;20260701_151255;01.07.2026;15:01:00;770;4;7859;10;U7795Z52;Benešov,Terminál;49.82993;14.83321
20260701_151255_L724;20260701_151255;01.07.2026;15:00:00;724;64;9425;13;U6281Z2;Mladá Boleslav,aut.st.;50.4198;15.05227
20260701_151255_L433;20260701_151255;01.07.2026;15:01:00;433;15;8592;11;U3146Z2;Pečky,žel.st.;50.19316;15.03782
20260701_151255_L676;20260701_151255;01.07.2026;15:02:00;676;32;8593;11;U3078Z1;Seletice;50.18983;15.04051
20260701_151255_L408;20260701_151255;01.07.2026;15:01:00;408;84;7903;10;U6770Z1;Tábor,aut.nádr.;49.58542;14.54959
20260701_151255_L650;20260701_151255;01.07.2026;14:59:00;650;22;12536;14;U31416Z1;Litoměřice,žel.st.hor.;50.52558;14.13761
20260701_151255_L720;20260701_151255;01.07.2026;14:59:00;720;10;10271;13;U3392Z1;Semily,Terminál;50.4319;14.92381
20260701_151255_L300;20260701_151255;01.07.2026;14:59:00;300;11;8957;12;U80Z4;Praha,Nádraží Veleslavín;50.09269;14.32123
20260701_151255_L307;20260701_151255;01.07.2026;15:00:00;307;10;8991;11;U4310Z1;Kladno,autobusové nádraží;50.14008;14.09989
20260701_151255_L307;20260701_151255;01.07.2026;14:57:00;307;13;8975;12;U1677Z2;Praha,Zličín;50.05139;14.22646
20260701_151255_L309;20260701_151255;01.07.2026;15:01:00;309;82;9809;11;U1643Z2;Praha,Zličín;50.05066;14.27221
20260701_151255_L315;20260701_151255;01.07.2026;15:00:00;315;6;8673;12;U3264Z1;Praha,Černý Most;50.33322;14.86752
20260701_151255_L515;20260701_151255;01.07.2026;14:58:00;515;12;9560;14;U5775Z2;Borotice,Čelina;49.7022;14.14302
20260701_151255_L396;20260701_151255;01.07.2026;14:54:00;396;12;7988;18;U1672Z2;Přezletice,Vinořská;50.15459;14.58224
20260701_151255_L402;20260701_151255;01.07.2026;15:00:00;402;1;7671;12;U7318Z2;Praha,Roztyly;49.8343;14.82491
20260701_151255_L459;20260701_151255;01.07.2026;15:03:00;459;68;7809;10;U6527Z2;Olbramovice,žel.st.;49.6628;14.62505
20260701_151255_L483;20260701_151255;01.07.2026;15:00:00;483;47;7876;11;U7318Z2;Chocerady;49.8364;14.82159
20260701_151255_L641;20260701_151255;01.07.2026;14:57:00;641;14;9573;15;U9780Z2;Hořovice,nemocnice;49.83907;13.90919
20260701_151255_L639;20260701_151255;01.07.2026;14:58:00;639;26;9601;13;U7179Z2;Hořovice,nám.B.Němcové;49.84397;13.91765
20260701_151255_L706;20260701_151255;01.07.2026;15:01:00;706;64;1687;10;U9982Z2;Uhlířské Janovice,nám.;49.99209;15.15991
20260701_151255_L372;20260701_151255;01.07.2026;15:03:00;372;12;8031;10;U864Z11;Kralupy n.Vlt.,žel.st.;50.13346;14.45313
20260701_151255_L120;20260701_151255;01.07.2026;15:02:00;120;5;4187;11;U1030Z3P;Pod Lochkovem;50.03363;14.37421
20260701_151255_L101;20260701_151255;01.07.2026;15:00:00;101;3;2314;13;U209Z4P;Zentiva;50.07826;14.44848
20260701_151255_L307;20260701_151255;01.07.2026;15:00:00;307;11;8952;12;U1141Z2;Kladno,autobusové nádraží;50.05494;14.29042
20260701_151255_L136;20260701_151255;01.07.2026;15:00:00;136;15;5095;13;U697Z3P;Jižní Město;50.04821;14.4814
20260701_151255_L188;20260701_151255;01.07.2026;15:02:00;188;5;6930;11;U550Z2P;Želivského;50.05664;14.46556
20260701_151255_L201;20260701_151255;01.07.2026;15:02:00;201;4;3981;10;U990Z1P;Černý Most;50.12331;14.48387
20260701_151255_L467;20260701_151255;01.07.2026;15:00:00;467;58;8069;12;U4717Z4;Roudnice n.L.,ČSAD;50.42413;14.26056
20260701_151255_L449;20260701_151255;01.07.2026;14:56:00;449;90;1110;16;U1848Z1;Mníšek p.Brdy,náměstí;49.86615;14.26552
20260701_151255_L180;20260701_151255;01.07.2026;14:59:00;180;9;5003;13;U178Z2P;Obchodní centrum Zličín;50.05988;14.29392
20260701_151255_L231;20260701_151255;01.07.2026;15:00:00;231;2;3670;12;U252Z1P;Na Knížecí;50.05779;14.40169
20260701_151255_L380;20260701_151255;01.07.2026;14:58:00;380;7;9978;14;U1643Z2;Praha,Vypich;50.05123;14.27375
20260701_151255_L383;20260701_151255;01.07.2026;15:01:00;383;32;9128;11;U445Z1;Chocerady;50.0137;14.63187
20260701_151255_L308;20260701_151255;01.07.2026;15:00:00;308;9;9973;13;U1643Z2;Praha,Zličín;50.05079;14.27268
20260701_151655_L188;20260701_151655;01.07.2026;15:06:00;188;11;5556;11;U1092Z2P;Kavčí hory;50.05675;14.4733
20260701_151655_L101;20260701_151655;01.07.2026;15:03:00;101;3;2314;13;U518Z3P;Zentiva;50.07592;14.45919
20260701_151655_L136;20260701_151655;01.07.2026;15:06:00;136;11;5508;10;U516Z3P;Jižní Město;50.08215;14.45947
20260701_151655_L180;20260701_151655;01.07.2026;15:03:00;180;9;5003;12;U1141Z14P;Obchodní centrum Zličín;50.05398;14.28984
20260701_151655_L345;20260701_151655;01.07.2026;15:03:00;345;36;10654;12;U3063Z1;Liberec,aut.nádr.;50.411;14.92118
20260701_151655_L483;20260701_151655;01.07.2026;15:05:00;483;47;7876;10;U5808Z2;Chocerady;49.85503;14.83336
20260701_151655_L120;20260701_151655;01.07.2026;15:05:00;120;5;4187;12;U1127Z1P;Pod Lochkovem;50.026;14.36827
20260701_151655_L188;20260701_151655;01.07.2026;15:07:00;188;5;6930;10;U576Z2P;Želivského;50.0557;14.48262
20260701_151655_L324;20260701_151655;01.07.2026;15:06:00;324;20;8999;10;U218Z2;Praha,Zličín;50.09622;14.29254
20260701_151655_L673;20260701_151655;01.07.2026;15:05:00;673;28;8572;11;U2973Z7;Křinec,škola;50.19178;15.0441
20260701_151655_L436;20260701_151655;01.07.2026;15:03:00;436;18;8561;12;U3174Z51;Nymburk,hl.nádr.;50.26864;14.96618
20260701_151655_L641;20260701_151655;01.07.2026;14:57:00;641;14;9573;19;U9780Z2;Hořovice,nemocnice;49.83907;13.90919
20260701_151655_L861;20260701_151655;01.07.2026;15:06:00;861;87;9063;10;U7031Z2;Beroun,autobusové nádraží;49.95911;14.05031
20260701_151655_L328;20260701_151655;01.07.2026;15:03:00;328;19;1620;13;U4175Z1;Praha,Opatov;49.97186;14.60696
20260701_151655_L400;20260701_151655;01.07.2026;15:04:00;400;25;11695;12;U3316Z4;Praha,Střížkov;50.40809;14.44768
20260701_151655_L316;20260701_151655;01.07.2026;15:06:00;316;1;8980;10;U1693Z2;Kralupy n.Vlt.,žel.st.;50.20077;14.29997
20260701_151655_L182;20260701_151655;01.07.2026;15:06:00;182;1;4166;11;U344Z4P;Opatov;50.03194;14.50736
20260701_151655_L188;20260701_151655;01.07.2026;15:03:00;188;4;6705;13;U418Z2P;Želivského;50.07716;14.48913
20260701_151655_L136;20260701_151655;01.07.2026;15:04:00;136;15;5095;13;U181Z1P;Jižní Město;50.03945;14.49056
20260701_151655_L307;20260701_151655;01.07.2026;15:05:00;307;10;8991;11;U4313Z8;Kladno,autobusové nádraží;50.14583;14.09591
20260701_151655_L444;20260701_151655;01.07.2026;15:06:00;444;8;9175;10;U1568Z1;Davle,obec;49.89207;14.55058
20260701_151655_L307;20260701_151655;01.07.2026;15:00:00;307;11;8952;15;U1141Z2;Kladno,autobusové nádraží;50.05516;14.28323
20260701_151655_L308;20260701_151655;01.07.2026;15:00:00;308;9;9973;16;U1643Z2;Praha,Zličín;50.05291;14.27622
20260701_151655_L309;20260701_151655;01.07.2026;15:01:00;309;82;9809;15;U1643Z2;Praha,Zličín;50.05281;14.27577
20260701_151655_L315;20260701_151655;01.07.2026;15:03:00;315;3;8668;13;U3063Z1;Mnichovo Hradiště,dopravní terminál;50.41059;14.92602
20260701_151655_L120;20260701_151655;01.07.2026;14:59:00;120;3;3722;15;U1040Z21P;Nádraží Radotín;50.06819;14.40355
20260701_151655_L339;20260701_151655;01.07.2026;15:03:00;339;25;9361;12;U1541Z1;Týnec n.Sáz.,žel.st.;49.8926;14.62303
20260701_151655_L347;20260701_151655;01.07.2026;15:03:00;347;21;8890;13;U1968Z2;Praha,Zličín;50.04955;14.26801
20260701_151655_L383;20260701_151655;01.07.2026;15:04:00;383;32;9128;12;U1885Z1;Chocerady;50.00436;14.6579
20260701_151655_L396;20260701_151655;01.07.2026;14:54:00;396;12;7988;22;U1672Z2;Přezletice,Vinořská;50.15459;14.58224
20260701_151655_L415;20260701_151655;01.07.2026;15:05:00;415;15;8342;10;U6408Z3;Kadaň,aut.nádr.;50.1948;13.64572
20260701_151655_L676;20260701_151655;01.07.2026;15:02:00;676;32;8593;12;U3078Z1;Seletice;50.19736;15.03792
20260701_151655_L515;20260701_151655;01.07.2026;15:02:00;515;12;9560;14;U7798Z2;Borotice,Čelina;49.72022;14.14862
20260701_151655_L506;20260701_151655;01.07.2026;14:46:00;506;3;9537;30;U9708Z2;Příbram,Svatá Hora areál;49.68679;14.02213
20260701_151655_L650;20260701_151655;01.07.2026;14:59:00;650;22;12536;15;U31416Z1;Litoměřice,žel.st.hor.;50.53219;14.13485
20260701_151655_L735;20260701_151655;01.07.2026;15:05:00;735;22;7013;11;U6284Z2;Kopidlno,nám.;50.43526;15.11746
20260701_151655_L720;20260701_151655;01.07.2026;14:59:00;720;10;10271;14;U3392Z1;Semily,Terminál;50.44459;14.94118
20260701_151655_L770;20260701_151655;01.07.2026;15:01:00;770;4;7859;11;U7795Z52;Benešov,Terminál;49.81376;14.83189
20260701_151655_L467;20260701_151655;01.07.2026;15:05:00;467;58;8069;11;U9877Z1;Roudnice n.L.,ČSAD;50.42449;14.24218
20260701_151655_L724;20260701_151655;01.07.2026;15:04:00;724;64;9425;12;U6282Z2;Mladá Boleslav,aut.st.;50.42657;15.03041
20260701_151655_L315;20260701_151655;01.07.2026;15:05:00;315;6;8673;11;U3381Z2;Praha,Černý Most;50.30743;14.85382
20260701_151655_L385;20260701_151655;01.07.2026;15:06:00;385;18;1623;10;U7038Z2;Říčany,Olivovna;49.99392;14.66795
20260701_151655_L231;20260701_151655;01.07.2026;15:04:00;231;2;3670;12;U965Z1P;Na Knížecí;50.06164;14.4044
20260701_151655_L639;20260701_151655;01.07.2026;15:02:00;639;26;9601;14;U4275Z1;Hořovice,nám.B.Němcové;49.83553;13.91216
20260701_151655_L639;20260701_151655;01.07.2026;15:03:00;639;15;9540;10;U2895Z2;Hořovice,nám.B.Němcové;49.8258;14.04501
20260701_151655_L380;20260701_151655;01.07.2026;14:58:00;380;7;9978;17;U1643Z2;Praha,Vypich;50.05308;14.27694
20260701_151655_L346;20260701_151655;01.07.2026;15:05:00;346;6;8299;10;U897Z31;Praha,Černý Most;50.10993;14.57548
20260701_151655_L433;20260701_151655;01.07.2026;15:04:00;433;15;8592;12;U3089Z2;Pečky,žel.st.;50.18792;15.0292
20260701_151655_L201;20260701_151655;01.07.2026;15:07:00;201;4;3981;10;U2704Z1P;Černý Most;50.12879;14.49659
20260701_152057_L232;20260701_152057;01.07.2026;15:09:00;232;7;4091;11;U337Z9P;Na Knížecí;50.05131;14.40937
20260701_152057_L328;20260701_152057;01.07.2026;15:03:00;328;19;1620;17;U4175Z1;Praha,Opatov;49.97186;14.60696
20260701_152057_L120;20260701_152057;01.07.2026;15:09:00;120;5;4187;11;U216Z1P;Pod Lochkovem;50.0208;14.35912
20260701_152057_L101;20260701_152057;01.07.2026;15:09:00;101;3;2314;12;U1067Z1P;Zentiva;50.07076;14.45912
20260701_152057_L188;20260701_152057;01.07.2026;15:09:00;188;8;6730;10;U2781Z52P;Kavčí hory;50.06201;14.49772
20260701_152057_L433;20260701_152057;01.07.2026;15:10:00;433;25;8616;10;U1444Z1;Pečky,žel.st.;50.09618;15.01861
20260701_152057_L382;20260701_152057;01.07.2026;15:10:00;382;38;9180;10;U1885Z1;Sázava,aut.st.;50.00473;14.65722
20260701_152057_L383;20260701_152057;01.07.2026;15:09:00;383;32;9128;11;U1882Z1;Chocerady;49.99635;14.67708
20260701_152057_L544;20260701_152057;01.07.2026;15:10:00;544;22;9067;10;U9837Z1;Zaječov;49.78547;13.87925
20260701_152057_L136;20260701_152057;01.07.2026;15:08:00;136;15;5095;12;U106Z2P;Jižní Město;50.02791;14.50762
20260701_152057_L136;20260701_152057;01.07.2026;15:10:00;136;11;5508;11;U518Z3P;Jižní Město;50.07656;14.45882
20260701_152057_L667;20260701_152057;01.07.2026;15:07:00;667;21;8008;13;U3263Z2;Předměřice n.Jiz.;50.26722;14.80044
20260701_152057_L316;20260701_152057;01.07.2026;15:07:00;316;1;8980;10;U5002Z1;Kralupy n.Vlt.,žel.st.;50.21545;14.31692
20260701_152057_L199;20260701_152057;01.07.2026;15:07:00;199;2;3960;12;U921Z6P;Sídliště Malešice;50.07722;14.48449
20260701_152057_L861;20260701_152057;01.07.2026;15:09:00;861;87;9063;11;U4766Z4;Beroun,autobusové nádraží;49.95547;14.04811
20260701_152057_L324;20260701_152057;01.07.2026;15:10:00;324;34;8894;10;U3094Z1;Smečno;50.14469;14.09589
20260701_152057_L415;20260701_152057;01.07.2026;15:08:00;415;15;8342;10;U6322Z1;Kadaň,aut.nádr.;50.21144;13.61494
20260701_152057_L231;20260701_152057;01.07.2026;15:07:00;231;1;3678;11;U1040Z21P;Dívčí hrady;50.06815;14.40272
20260701_152057_L120;20260701_152057;01.07.2026;14:59:00;120;3;3722;19;U1040Z21P;Nádraží Radotín;50.06446;14.40401
20260701_152057_L155;20260701_152057;01.07.2026;15:09:00;155;2;9466;11;U921Z7P;Nemocnice Vinohrady;50.07876;14.47383
20260701_152057_L400;20260701_152057;01.07.2026;15:04:00;400;25;11695;13;U3316Z4;Praha,Střížkov;50.38071;14.46955
20260701_152057_L345;20260701_152057;01.07.2026;15:07:00;345;36;10654;10;U3389Z1;Liberec,aut.nádr.;50.41924;14.91382
20260701_152057_L483;20260701_152057;01.07.2026;15:08:00;483;47;7876;12;U7602Z2;Chocerady;49.86608;14.81252
20260701_152057_L370;20260701_152057;01.07.2026;15:10:00;370;23;8068;10;U2264Z2;Praha,Kobylisy;50.16052;14.45234
20260701_152057_L630;20260701_152057;01.07.2026;15:10:00;630;39;8805;10;U4320Z1;Kladno,autobusové nádraží;50.13064;14.11338
20260701_152057_L506;20260701_152057;01.07.2026;14:46:00;506;3;9537;34;U9708Z2;Příbram,Svatá Hora areál;49.68679;14.02213
20260701_152057_L324;20260701_152057;01.07.2026;15:06:00;324;20;8999;11;U218Z2;Praha,Zličín;50.07383;14.28859
20260701_152057_L724;20260701_152057;01.07.2026;15:06:00;724;64;9425;12;U9456Z2;Mladá Boleslav,aut.st.;50.4076;15.00686
20260701_152057_L339;20260701_152057;01.07.2026;15:09:00;339;25;9361;11;U1597Z1;Týnec n.Sáz.,žel.st.;49.87196;14.60952
20260701_152057_L336;20260701_152057;01.07.2026;15:07:00;336;16;8795;13;U1643Z2;Praha,Zličín;50.05305;14.27664
20260701_152057_L372;20260701_152057;01.07.2026;15:09:00;372;12;8031;10;U2229Z1;Kralupy n.Vlt.,žel.st.;50.18101;14.44073
20260701_152057_L433;20260701_152057;01.07.2026;15:07:00;433;15;8592;13;U3141Z1;Pečky,žel.st.;50.18084;15.02599
20260701_152057_L201;20260701_152057;01.07.2026;15:09:00;201;4;3981;11;U606Z5P;Černý Most;50.12301;14.50693
20260701_152057_L307;20260701_152057;01.07.2026;15:09:00;307;13;8975;11;U1649Z2;Praha,Zličín;50.02693;14.21229
20260701_152057_L315;20260701_152057;01.07.2026;15:07:00;315;6;8673;11;U3380Z2;Praha,Černý Most;50.28654;14.82647
20260701_152057_L395;20260701_152057;01.07.2026;15:11:00;395;54;9921;10;U9646Z2;Praha,Smíchovské nádraží;49.70576;14.0888
20260701_152057_L396;20260701_152057;01.07.2026;14:54:00;396;12;7988;26;U1672Z2;Přezletice,Vinořská;50.15459;14.58224
20260701_152057_L412;20260701_152057;01.07.2026;15:07:00;412;42;9902;13;U31002Z1;Jičín,aut.st.;50.46351;15.19869
20260701_152057_L188;20260701_152057;01.07.2026;15:11:00;188;5;6930;10;U920Z2P;Želivského;50.06051;14.49432
20260701_152057_L673;20260701_152057;01.07.2026;15:09:00;673;28;8572;11;U3085Z1;Křinec,škola;50.19015;15.05318
20260701_152057_L188;20260701_152057;01.07.2026;15:11:00;188;11;5556;10;U376Z1P;Kavčí hory;50.0552;14.45465
20260701_152057_L188;20260701_152057;01.07.2026;15:03:00;188;4;6705;16;U418Z2P;Želivského;50.07711;14.487
20260701_152057_L639;20260701_152057;01.07.2026;15:03:00;639;15;9540;14;U2895Z2;Hořovice,nám.B.Němcové;49.8258;14.04501
20260701_152057_L315;20260701_152057;01.07.2026;15:06:00;315;3;8668;14;U3389Z1;Mnichovo Hradiště,dopravní terminál;50.41316;14.90937
20260701_152457_L120;20260701_152457;01.07.2026;15:12:00;120;5;4187;12;U780Z1P;Pod Lochkovem;50.01577;14.35663
20260701_152457_L712;20260701_152457;01.07.2026;15:11:00;712;4;9606;10;U3391Z2;Mladá Boleslav,aut.st.;50.41883;14.91667
20260701_152457_L199;20260701_152457;01.07.2026;15:07:00;199;2;3960;15;U921Z6P;Sídliště Malešice;50.08018;14.48767
20260701_152457_L676;20260701_152457;01.07.2026;15:15:00;676;32;8593;10;U9555Z2;Seletice;50.21875;15.05616
20260701_152457_L120;20260701_152457;01.07.2026;15:14:00;120;2;3670;11;U1040Z21P;Pod Lochkovem;50.06821;14.40359
20260701_152457_L101;20260701_152457;01.07.2026;15:12:00;101;3;2314;13;U269Z6P;Zentiva;50.06791;14.46304
20260701_152457_L797;20260701_152457;01.07.2026;15:11:00;797;47;7876;13;U2047Z1;Vranov,Vranovská Lhota;49.87266;14.80258
20260701_152457_L315;20260701_152457;01.07.2026;15:10:00;315;6;8673;11;U3379Z2;Praha,Černý Most;50.27557;14.82159
20260701_152457_L389;20260701_152457;01.07.2026;15:12:00;389;9;7754;11;U80Z4;Praha,Nádraží Veleslavín;50.0927;14.32093
20260701_152457_L328;20260701_152457;01.07.2026;15:03:00;328;19;1620;21;U4175Z1;Praha,Opatov;49.97349;14.60674
20260701_152457_L188;20260701_152457;01.07.2026;15:15:00;188;11;5556;10;U201Z1P;Kavčí hory;50.05798;14.44342
20260701_152457_L400;20260701_152457;01.07.2026;15:11:00;400;25;11695;13;U1795Z2;Praha,Střížkov;50.35768;14.47438
20260701_152457_L667;20260701_152457;01.07.2026;15:07:00;667;21;8008;17;U3263Z2;Předměřice n.Jiz.;50.26722;14.80044
20260701_152457_L232;20260701_152457;01.07.2026;15:13:00;232;7;4091;11;U817Z2P;Na Knížecí;50.05919;14.40599
20260701_152457_L470;20260701_152457;01.07.2026;15:13:00;470;36;8051;11;U2340Z2;Kralupy n.Vlt.,žel.st.;50.27387;14.39851
20260701_152457_L228;20260701_152457;01.07.2026;15:13:00;228;13;9118;10;U1014Z2P;Poliklinika Malešice;50.07103;14.54303
20260701_152457_L153;20260701_152457;01.07.2026;15:14:00;153;1;1909;10;U84Z2P;U Zvonu;50.05625;14.3972
20260701_152457_L383;20260701_152457;01.07.2026;15:13:00;383;32;9128;11;U2006Z1;Chocerady;49.98888;14.71401
20260701_152457_L136;20260701_152457;01.07.2026;15:12:00;136;15;5095;12;U353Z1P;Jižní Město;50.02622;14.52151
20260701_152457_L201;20260701_152457;01.07.2026;15:14:00;201;4;3981;11;U405Z1P;Černý Most;50.1287;14.51159
20260701_152457_L188;20260701_152457;01.07.2026;15:14:00;188;5;6930;10;U459Z5P;Želivského;50.06878;14.49214
20260701_152457_L188;20260701_152457;01.07.2026;15:15:00;188;2;6920;10;U161Z1P;Kavčí hory;50.08144;14.4971
20260701_152457_L231;20260701_152457;01.07.2026;15:07:00;231;1;3678;16;U1040Z21P;Dívčí hrady;50.06656;14.40286
20260701_152457_L324;20260701_152457;01.07.2026;15:14:00;324;34;8894;10;U4325Z1;Smečno;50.14268;14.08778
20260701_152457_L316;20260701_152457;01.07.2026;15:14:00;316;1;8980;11;U4220Z1;Kralupy n.Vlt.,žel.st.;50.2274;14.29708
20260701_152457_L372;20260701_152457;01.07.2026;15:13:00;372;12;8031;10;U2218Z1;Kralupy n.Vlt.,žel.st.;50.20991;14.42438
20260701_152457_L668;20260701_152457;01.07.2026;15:15:00;668;38;8015;10;U1793Z8;Mělnické Vtelno;50.35063;14.48891
20260701_152457_L415;20260701_152457;01.07.2026;15:14:00;415;15;8342;10;U31988Z1;Kadaň,aut.nádr.;50.23481;13.58742
20260701_152457_L861;20260701_152457;01.07.2026;15:13:00;861;87;9063;11;U7527Z1;Beroun,autobusové nádraží;49.95736;14.06068
20260701_152457_L770;20260701_152457;01.07.2026;15:12:00;770;4;7859;12;U7666Z51;Benešov,Terminál;49.82371;14.79832
20260701_152457_L209;20260701_152457;01.07.2026;15:12:00;209;46;9188;10;U432Z1P;Nádraží Uhříněves;50.07896;14.64419
20260701_152457_L710;20260701_152457;01.07.2026;15:12:00;710;22;7620;10;U31467Z1;Chrudim,aut.st.;49.95313;15.78197
20260701_152457_L188;20260701_152457;01.07.2026;15:15:00;188;8;6730;10;U825Z1P;Kavčí hory;50.05433;14.48927
20260701_152457_L724;20260701_152457;01.07.2026;15:11:00;724;64;9425;12;U6261Z4;Mladá Boleslav,aut.st.;50.41019;14.98052
20260701_152457_L370;20260701_152457;01.07.2026;15:13:00;370;23;8068;10;U555Z2;Praha,Kobylisy;50.1356;14.45235
20260701_152457_L339;20260701_152457;01.07.2026;15:13:00;339;25;9361;11;U1589Z1;Týnec n.Sáz.,žel.st.;49.85718;14.58352
20260701_152457_L395;20260701_152457;01.07.2026;15:14:00;395;47;9859;10;U3287Z12;Příbram,Březové Hory;49.68838;14.00583
20260701_152457_L395;20260701_152457;01.07.2026;15:13:00;395;42;9905;10;U2860Z2;Praha,Smíchovské nádraží;49.79489;14.19056
20260701_152457_L396;20260701_152457;01.07.2026;14:54:00;396;12;7988;30;U1672Z2;Přezletice,Vinořská;50.15459;14.58224
20260701_152457_L412;20260701_152457;01.07.2026;15:11:00;412;42;9902;13;U31004Z1;Jičín,aut.st.;50.45453;15.24876
20260701_152457_L382;20260701_152457;01.07.2026;15:13:00;382;38;9180;10;U1878Z1;Sázava,aut.st.;49.99724;14.67432
20260701_152457_L515;20260701_152457;01.07.2026;15:11:00;515;12;9560;13;U7757Z1;Borotice,Čelina;49.70791;14.1995
20260701_152457_L673;20260701_152457;01.07.2026;15:12:00;673;28;8572;10;U3084Z1;Křinec,škola;50.18996;15.08066
20260701_152457_L433;20260701_152457;01.07.2026;15:10:00;433;15;8592;13;U3145Z1;Pečky,žel.st.;50.18818;15.03536
20260701_152457_L146;20260701_152457;01.07.2026;15:14:00;146;4;9122;10;U4260Z1P;Vinice Hrdlořezy;50.09423;14.50899
20260701_152457_L639;20260701_152457;01.07.2026;15:14:00;639;7;9539;10;U9850Z1;Dobříš,nám.;49.86144;13.99072
20260701_152457_L630;20260701_152457;01.07.2026;15:14:00;630;39;8805;10;U4310Z1;Kladno,autobusové nádraží;50.13697;14.10295
20260701_152858_L188;20260701_152858;01.07.2026;15:19:00;188;2;6920;10;U827Z1P;Kavčí hory;50.07905;14.50848
20260701_152858_L548;20260701_152858;01.07.2026;15:18:00;548;30;9585;10;U3270Z3;Hořovice,nemocnice;49.84406;13.90312
20260701_152858_L676;20260701_152858;01.07.2026;15:18:00;676;32;8593;10;U4161Z2;Seletice;50.24386;15.05352
20260701_152858_L232;20260701_152858;01.07.2026;15:13:00;232;7;4091;13;U817Z2P;Na Knížecí;50.06486;14.40398
20260701_152858_L188;20260701_152858;01.07.2026;15:16:00;188;12;5552;10;U459Z3P;Kavčí hory;50.06585;14.49961
20260701_152858_L120;20260701_152858;01.07.2026;15:14:00;120;2;3670;13;U1040Z21P;Pod Lochkovem;50.06651;14.40291
20260701_152858_L515;20260701_152858;01.07.2026;15:15:00;515;12;9560;14;U7755Z1;Borotice,Čelina;49.69896;14.2343
20260701_152858_L136;20260701_152858;01.07.2026;15:17:00;136;5;5538;10;U69Z1P;Sídliště Čakovice;50.08997;14.46628
20260701_152858_L136;20260701_152858;01.07.2026;15:19:00;136;13;6966;10;U743Z2P;Jižní Město;50.08657;14.45547
20260701_152858_L188;20260701_152858;01.07.2026;15:18:00;188;8;6730;10;U1092Z2P;Kavčí hory;50.05693;14.47251
20260701_152858_L188;20260701_152858;01.07.2026;15:18:00;188;11;5556;10;U385Z1P;Kavčí hory;50.05172;14.4378
20260701_152858_L315;20260701_152858;01.07.2026;15:14:00;315;5;8679;10;U2199Z2;Praha,Černý Most;50.22514;14.7193
20260701_152858_L667;20260701_152858;01.07.2026;15:07:00;667;21;8008;21;U3263Z2;Předměřice n.Jiz.;50.26722;14.80044
20260701_152858_L724;20260701_152858;01.07.2026;15:15:00;724;64;9425;12;U9359Z2;Mladá Boleslav,aut.st.;50.40954;14.94296
20260701_152858_L372;20260701_152858;01.07.2026;15:13:00;372;12;8031;12;U2218Z1;Kralupy n.Vlt.,žel.st.;50.22061;14.40888
20260701_152858_L372;20260701_152858;01.07.2026;15:16:00;372;37;8060;13;U2219Z1;Praha,Kobylisy;50.17612;14.44745
20260701_152858_L383;20260701_152858;01.07.2026;15:17:00;383;32;9128;10;U2034Z1;Chocerady;49.98433;14.73194
20260701_152858_L153;20260701_152858;01.07.2026;15:18:00;153;1;1909;11;U184Z13P;U Zvonu;50.06013;14.39446
20260701_152858_L101;20260701_152858;01.07.2026;15:14:00;101;3;2314;14;U680Z3P;Zentiva;50.06838;14.46934
20260701_152858_L136;20260701_152858;01.07.2026;15:17:00;136;11;5508;11;U680Z3P;Jižní Město;50.06691;14.46955
20260701_152858_L188;20260701_152858;01.07.2026;15:17:00;188;5;6930;11;U713Z5P;Želivského;50.07251;14.49287
20260701_152858_L228;20260701_152858;01.07.2026;15:16:00;228;13;9118;11;U741Z2P;Poliklinika Malešice;50.07132;14.53926
20260701_152858_L324;20260701_152858;01.07.2026;15:18:00;324;34;8894;10;U1782Z1;Smečno;50.141;14.06367
20260701_152858_L396;20260701_152858;01.07.2026;14:54:00;396;12;7988;34;U1672Z2;Přezletice,Vinořská;50.15459;14.58224
20260701_152858_L316;20260701_152858;01.07.2026;15:17:00;316;1;8980;11;U4222Z1;Kralupy n.Vlt.,žel.st.;50.2398;14.29513
20260701_152858_L204;20260701_152858;01.07.2026;15:19:00;204;74;9045;10;U30Z2P;Sídliště Petrovice;50.11185;14.61391
20260701_152858_L209;20260701_152858;01.07.2026;15:19:00;209;46;9188;10;U1283Z1P;Nádraží Uhříněves;50.06988;14.64989
20260701_152858_L307;20260701_152858;01.07.2026;15:17:00;307;10;8991;10;U4313Z9;Praha,Zličín;50.14366;14.09658
20260701_152858_L528;20260701_152858;01.07.2026;15:18:00;528;13;9546;10;U9616Z2;Broumy,radnice;49.839;13.8941
20260701_152858_L639;20260701_152858;01.07.2026;15:14:00;639;7;9539;12;U9850Z1;Dobříš,nám.;49.85222;14.00544
20260701_152858_L630;20260701_152858;01.07.2026;15:14:00;630;39;8805;13;U4310Z1;Kladno,autobusové nádraží;50.14171;14.09836
20260701_152858_L770;20260701_152858;01.07.2026;15:17:00;770;4;7859;12;U5725Z2;Benešov,Terminál;49.8062;14.80174
20260701_152858_L470;20260701_152858;01.07.2026;15:14:00;470;36;8051;12;U1780Z2;Kralupy n.Vlt.,žel.st.;50.29402;14.39521
20260701_152858_L668;20260701_152858;01.07.2026;15:17:00;668;38;8015;11;U3341Z1;Mělnické Vtelno;50.3499;14.49572
20260701_152858_L146;20260701_152858;01.07.2026;15:17:00;146;5;9189;12;U357Z2P;Habrová;50.08719;14.48183
20260701_152858_L369;20260701_152858;01.07.2026;15:17:00;369;42;8276;11;U1794Z1;Mělník,Mlazice;50.35438;14.48102
20260701_152858_L370;20260701_152858;01.07.2026;15:14:00;370;23;8068;12;U864Z9;Praha,Kobylisy;50.12427;14.45217
20260701_152858_L381;20260701_152858;01.07.2026;15:17:00;381;2;9374;11;U2481Z2;Praha,Háje;49.95133;15.2737
20260701_152858_L382;20260701_152858;01.07.2026;15:16:00;382;38;9180;12;U1886Z1;Sázava,aut.st.;49.99328;14.68735
20260701_152858_L339;20260701_152858;01.07.2026;15:15:00;339;25;9361;12;U1590Z1;Týnec n.Sáz.,žel.st.;49.83694;14.59314
20260701_152858_L412;20260701_152858;01.07.2026;15:17:00;412;42;9902;12;U31010Z1;Jičín,aut.st.;50.45017;15.31123
20260701_152858_L395;20260701_152858;01.07.2026;15:17:00;395;47;9859;10;U9734Z1;Příbram,Březové Hory;49.67677;14.00142
20260701_152858_L395;20260701_152858;01.07.2026;15:16:00;395;42;9905;11;U1977Z2;Praha,Smíchovské nádraží;49.81204;14.21309
20260701_152858_L389;20260701_152858;01.07.2026;15:14:00;389;9;7754;12;U85Z1;Praha,Nádraží Veleslavín;50.09575;14.34713
20260701_152858_L201;20260701_152858;01.07.2026;15:19:00;201;4;3981;10;U21Z2P;Černý Most;50.14258;14.50615
20260701_153258_L228;20260701_153258;01.07.2026;15:19:00;228;13;9118;12;U358Z4P;Poliklinika Malešice;50.07759;14.51916
20260701_153258_L380;20260701_153258;01.07.2026;15:22:00;380;3;9971;10;U4979Z2;Králův Dvůr,Počaply,Obchodní centrum;49.93813;14.01952
20260701_153258_L383;20260701_153258;01.07.2026;15:22:00;383;32;9128;10;U2036Z1;Chocerady;49.9697;14.73981
20260701_153258_L400;20260701_153258;01.07.2026;15:22:00;400;25;11695;10;U1792Z1;Praha,Střížkov;50.34443;14.4865
20260701_153258_L136;20260701_153258;01.07.2026;15:21:00;136;11;5508;12;U183Z3P;Jižní Město;50.05604;14.47159
20260701_153258_L201;20260701_153258;01.07.2026;15:22:00;201;4;3981;10;U326Z2P;Černý Most;50.13767;14.51682
20260701_153258_L372;20260701_153258;01.07.2026;15:19:00;372;52;8039;13;U2340Z2;Praha,Kobylisy;50.27378;14.39743
20260701_153258_L381;20260701_153258;01.07.2026;15:20:00;381;2;9374;11;U2480Z8;Praha,Háje;49.95381;15.27021
20260701_153258_L120;20260701_153258;01.07.2026;15:14:00;120;2;3670;16;U1040Z21P;Pod Lochkovem;50.06314;14.40515
20260701_153258_L412;20260701_153258;01.07.2026;15:21:00;412;42;9902;12;U31012Z1;Jičín,aut.st.;50.43891;15.35084
20260701_153258_L337;20260701_153258;01.07.2026;15:23:00;337;13;9364;10;U1564Z1;Benešov,Terminál;49.90402;14.58679
20260701_153258_L136;20260701_153258;01.07.2026;15:21:00;136;13;6966;11;U516Z3P;Jižní Město;50.08214;14.45945
20260701_153258_L382;20260701_153258;01.07.2026;15:21:00;382;38;9180;12;U2007Z1;Sázava,aut.st.;49.99002;14.72673
20260701_153258_L188;20260701_153258;01.07.2026;15:19:00;188;12;5552;13;U2781Z52P;Kavčí hory;50.06264;14.50423
20260701_153258_L136;20260701_153258;01.07.2026;15:17:00;136;5;5538;13;U69Z1P;Sídliště Čakovice;50.09034;14.46749
20260701_153258_L548;20260701_153258;01.07.2026;15:22:00;548;30;9585;11;U9617Z2;Hořovice,nemocnice;49.83663;13.90323
20260701_153258_L639;20260701_153258;01.07.2026;15:20:00;639;7;9539;12;U9849Z1;Dobříš,nám.;49.85141;14.03168
20260701_153258_L146;20260701_153258;01.07.2026;15:20:00;146;5;9189;12;U128Z2P;Želivského;50.08785;14.4907
20260701_153258_L770;20260701_153258;01.07.2026;15:20:00;770;4;7859;12;U7667Z2;Benešov,Terminál;49.81112;14.78541
20260701_153258_L667;20260701_153258;01.07.2026;15:07:00;667;21;8008;25;U3263Z2;Předměřice n.Jiz.;50.26722;14.80044
20260701_153258_L400;20260701_153258;01.07.2026;15:20:00;400;5;11656;11;U31355Z1;Nový Bor,aut.nádr.;50.70718;14.54414
20260701_153258_L133;20260701_153258;01.07.2026;15:22:00;133;8;4062;10;U767Z1P;Sídliště Malešice;50.08373;14.48196
20260701_153258_L300;20260701_153258;01.07.2026;15:21:00;300;10;8956;10;U85Z1;Praha,Nádraží Veleslavín;50.09388;14.3367
20260701_153258_L324;20260701_153258;01.07.2026;15:19:00;324;34;8894;10;U1918Z1;Smečno;50.14563;14.0521
20260701_153258_L188;20260701_153258;01.07.2026;15:22:00;188;5;6930;10;U827Z2P;Želivského;50.07867;14.50837
20260701_153258_L798;20260701_153258;01.07.2026;15:21:00;798;46;7821;10;U7416Z1;Ostředek;49.82572;14.83638
20260701_153258_L724;20260701_153258;01.07.2026;15:18:00;724;64;9425;13;U3063Z1;Mladá Boleslav,aut.st.;50.41102;14.91956
20260701_153258_L768;20260701_153258;01.07.2026;15:20:00;768;26;8559;12;U4347Z2;Byšice;50.29704;14.82676
20260701_153258_L204;20260701_153258;01.07.2026;15:22:00;204;74;9045;10;U253Z1P;Sídliště Petrovice;50.11051;14.60036
20260701_153258_L394;20260701_153258;01.07.2026;15:21:00;394;17;9866;10;U1745Z1;Zdice,nám.;49.96555;14.07214
20260701_153258_L311;20260701_153258;01.07.2026;15:21:00;311;74;9597;10;U9217Z2;Praha,Zličín;49.92292;14.25494
20260701_153258_L315;20260701_153258;01.07.2026;15:21:00;315;6;8673;10;U3261Z51;Praha,Černý Most;50.24873;14.75269
20260701_153258_L316;20260701_153258;01.07.2026;15:22:00;316;1;8980;10;U4224Z1;Kralupy n.Vlt.,žel.st.;50.23919;14.30819
20260701_153258_L668;20260701_153258;01.07.2026;15:21:00;668;38;8015;11;U3325Z1;Mělnické Vtelno;50.34459;14.51697
20260701_153258_L395;20260701_153258;01.07.2026;15:22:00;395;47;9859;11;U9754Z2;Příbram,Březové Hory;49.67406;13.99054
20260701_153258_L396;20260701_153258;01.07.2026;14:54:00;396;12;7988;38;U1672Z2;Přezletice,Vinořská;50.15459;14.58224
20260701_153258_L345;20260701_153258;01.07.2026;15:18:00;345;36;10654;14;U3392Z1;Liberec,aut.nádr.;50.43089;14.92292
20260701_153258_L398;20260701_153258;01.07.2026;15:21:00;398;23;8267;10;U2921Z2;Praha,Černý Most;50.12677;14.70104
20260701_153258_L630;20260701_153258;01.07.2026;15:19:00;630;39;8805;13;U4313Z8;Kladno,autobusové nádraží;50.14931;14.10334
20260701_153258_L528;20260701_153258;01.07.2026;15:22:00;528;13;9546;10;U9614Z1;Broumy,radnice;49.85084;13.88729
20260701_153258_L470;20260701_153258;01.07.2026;15:19:00;470;36;8051;12;U1778Z2;Kralupy n.Vlt.,žel.st.;50.29121;14.36714
20260701_153258_L369;20260701_153258;01.07.2026;15:21:00;369;42;8276;11;U1796Z1;Mělník,Mlazice;50.36639;14.46593
20260701_153258_L372;20260701_153258;01.07.2026;15:21:00;372;12;8031;11;U2220Z1;Kralupy n.Vlt.,žel.st.;50.22662;14.41935
20260701_153258_L372;20260701_153258;01.07.2026;15:19:00;372;37;8060;13;U2216Z2;Praha,Kobylisy;50.16573;14.45287
20260701_153258_L380;20260701_153258;01.07.2026;15:22:00;380;8;9970;10;U1643Z2;Praha,Zličín;50.05246;14.27511
20260701_153258_L676;20260701_153258;01.07.2026;15:23:00;676;32;8593;10;U9563Z2;Seletice;50.2654;15.06033
20260701_153258_L511;20260701_153258;01.07.2026;15:21:00;511;11;9759;10;U7781Z1;Březnice,aut.st.;49.55607;14.01355
20260701_153258_L188;20260701_153258;01.07.2026;15:23:00;188;8;6730;10;U376Z1P;Kavčí hory;50.05505;14.45366
20260701_153659_L188;20260701_153659;01.07.2026;15:26:00;188;2;6920;10;U459Z3P;Kavčí hory;50.06876;14.49227
20260701_153659_L381;20260701_153659;01.07.2026;15:20:00;381;2;9374;13;U2480Z8;Praha,Háje;49.95087;15.26144
20260701_153659_L668;20260701_153659;01.07.2026;15:25:00;668;38;8015;11;U9170Z1;Mělnické Vtelno;50.34728;14.55632
20260701_153659_L770;20260701_153659;01.07.2026;15:24:00;770;4;7859;12;U7807Z2;Benešov,Terminál;49.80974;14.75376
20260701_153659_L345;20260701_153659;01.07.2026;15:18:00;345;36;10654;17;U3392Z1;Liberec,aut.nádr.;50.43429;14.92752
20260701_153659_L337;20260701_153659;01.07.2026;15:23:00;337;13;9364;11;U1564Z1;Benešov,Terminál;49.89867;14.60192
20260701_153659_L201;20260701_153659;01.07.2026;15:26:00;201;4;3981;10;U323Z3P;Černý Most;50.13493;14.54451
20260701_153659_L372;20260701_153659;01.07.2026;15:24:00;372;12;8031;12;U2222Z1;Kralupy n.Vlt.,žel.st.;50.23586;14.4069
20260701_153659_L639;20260701_153659;01.07.2026;15:24:00;639;7;9539;13;U2946Z2;Dobříš,nám.;49.8388;14.01895
20260701_153659_L432;20260701_153659;01.07.2026;15:25:00;432;3;8553;10;U1496Z1;Lysá n.L.,žel.st.;50.23185;14.88618
20260701_153659_L136;20260701_153659;01.07.2026;15:23:00;136;5;5538;14;U763Z1P;Sídliště Čakovice;50.09779;14.48052
20260701_153659_L146;20260701_153659;01.07.2026;15:24:00;146;5;9189;13;U767Z1P;Želivského;50.08394;14.48193
20260701_153659_L228;20260701_153659;01.07.2026;15:23:00;228;13;9118;13;U1071Z7P;Poliklinika Malešice;50.07795;14.50994
20260701_153659_L231;20260701_153659;01.07.2026;15:22:00;231;8;3998;12;U1040Z21P;Dívčí hrady;50.0632;14.40515
20260701_153659_L133;20260701_153659;01.07.2026;15:26:00;133;8;4062;11;U548Z1P;Sídliště Malešice;50.08217;14.50194
20260701_153659_L725;20260701_153659;01.07.2026;15:26:00;725;67;9760;11;U6285Z55;Markvartice,pošta;50.43878;15.12892
20260701_153659_L335;20260701_153659;01.07.2026;15:24:00;335;31;9141;10;U1565Z2;Kamenice,kult.dům;49.90475;14.58736
20260701_153659_L798;20260701_153659;01.07.2026;15:21:00;798;46;7821;14;U7416Z1;Ostředek;49.82571;14.83638
20260701_153659_L667;20260701_153659;01.07.2026;15:07:00;667;21;8008;29;U3263Z2;Předměřice n.Jiz.;50.26722;14.80044
20260701_153659_L823;20260701_153659;01.07.2026;15:23:00;823;39;8053;12;U2315Z1;Úvaly,žel.st.;50.07424;14.72298
20260701_153659_L188;20260701_153659;01.07.2026;15:26:00;188;5;6930;10;U161Z2P;Želivského;50.08122;14.49531
20260701_153659_L101;20260701_153659;01.07.2026;15:22:00;101;3;2314;15;U825Z2P;Zentiva;50.05476;14.48769
20260701_153659_L136;20260701_153659;01.07.2026;15:25:00;136;11;5508;12;U322Z3P;Jižní Město;50.04606;14.48395
20260701_153659_L136;20260701_153659;01.07.2026;15:23:00;136;13;6966;12;U118Z4P;Jižní Město;50.07697;14.45879
20260701_153659_L768;20260701_153659;01.07.2026;15:24:00;768;26;8559;11;U2979Z1;Byšice;50.30487;14.80286
20260701_153659_L797;20260701_153659;01.07.2026;15:22:00;797;47;7876;14;U5822Z1;Vranov,Vranovská Lhota;49.85398;14.76873
20260701_153659_L400;20260701_153659;01.07.2026;15:22:00;400;25;11695;12;U1792Z1;Praha,Střížkov;50.3312;14.49867
20260701_153659_L358;20260701_153659;01.07.2026;15:25:00;358;20;1445;10;U1142Z2;Praha,Zličín;50.05564;14.28834
20260701_153659_L369;20260701_153659;01.07.2026;15:26:00;369;43;8269;10;U2334Z1;Praha,Ládví;50.25056;14.49451
20260701_153659_L371;20260701_153659;01.07.2026;15:25:00;371;24;8270;11;U2237Z2;Praha,Kobylisy;50.16472;14.45283
20260701_153659_L372;20260701_153659;01.07.2026;15:23:00;372;52;8039;12;U2338Z2;Praha,Kobylisy;50.2579;14.38404
20260701_153659_L372;20260701_153659;01.07.2026;15:23:00;372;37;8060;14;U555Z2;Praha,Kobylisy;50.13924;14.45162
20260701_153659_L433;20260701_153659;01.07.2026;15:22:00;433;15;8592;14;U2965Z2;Pečky,žel.st.;50.16173;15.01968
20260701_153659_L402;20260701_153659;01.07.2026;15:22:00;402;2;7675;10;U7317Z1;Čáslav,aut.st.;49.73394;15.08788
20260701_153659_L382;20260701_153659;01.07.2026;15:23:00;382;38;9180;13;U2008Z1;Sázava,aut.st.;49.9896;14.74807
20260701_153659_L384;20260701_153659;01.07.2026;15:22:00;384;20;9888;12;U2370Z2;Praha,Zličín;50.00517;14.17317
20260701_153659_L380;20260701_153659;01.07.2026;15:23:00;380;8;9970;12;U1142Z2;Praha,Zličín;50.05607;14.28569
20260701_153659_L394;20260701_153659;01.07.2026;15:23:00;394;17;9866;13;U1746Z1;Zdice,nám.;49.95818;14.05921
20260701_153659_L188;20260701_153659;01.07.2026;15:25:00;188;12;5552;12;U825Z1P;Kavčí hory;50.05433;14.48923
20260701_153659_L395;20260701_153659;01.07.2026;15:24:00;395;47;9859;11;U9747Z1;Příbram,Březové Hory;49.67747;13.98359
20260701_153659_L318;20260701_153659;01.07.2026;15:26:00;318;49;7916;10;U578Z1;Jíloviště;49.95361;14.38112
20260701_153659_L324;20260701_153659;01.07.2026;15:26:00;324;27;8996;10;U4785Z2;Slaný,Rabasova;50.23199;14.06893
20260701_153659_L444;20260701_153659;01.07.2026;15:26:00;444;8;9175;10;U1360Z1;Davle,obec;49.88891;14.44821
20260701_153659_L525;20260701_153659;01.07.2026;15:27:00;525;56;1122;10;U4732Z1;Nový Knín;49.77685;14.2688
20260701_153659_L528;20260701_153659;01.07.2026;15:26:00;528;13;9546;10;U1231Z2;Broumy,radnice;49.87243;13.89354
20260701_153659_L204;20260701_153659;01.07.2026;15:26:00;204;74;9045;10;U6004Z2P;Sídliště Petrovice;50.10061;14.61154
20260701_153659_L821;20260701_153659;01.07.2026;15:26:00;821;57;1618;10;U2390Z1;Sázava,aut.st.;49.91322;14.96837
20260701_153659_L163;20260701_153659;01.07.2026;15:24:00;163;53;9483;12;U448Z1P;Sídliště Rohožník;50.08093;14.6009
20260701_153659_L470;20260701_153659;01.07.2026;15:23:00;470;36;8051;12;U1776Z1;Kralupy n.Vlt.,žel.st.;50.27632;14.34845
20260701_154059_L101;20260701_154059;01.07.2026;15:27:00;101;3;2314;14;U760Z2P;Zentiva;50.05387;14.5077
20260701_154059_L724;20260701_154059;01.07.2026;15:30:00;724;64;9425;10;U2987Z23;Libáň,aut.st.;50.42025;14.91703
20260701_154059_L823;20260701_154059;01.07.2026;15:23:00;823;39;8053;15;U2315Z1;Úvaly,žel.st.;50.07424;14.72298
20260701_154059_L797;20260701_154059;01.07.2026;15:26:00;797;47;7876;14;U5825Z4;Chocerady;49.84665;14.76136
20260701_154059_L667;20260701_154059;01.07.2026;15:07:00;667;21;8008;33;U3263Z2;Předměřice n.Jiz.;50.26722;14.80044
20260701_154059_L382;20260701_154059;01.07.2026;15:28:00;382;38;9180;13;U2011Z3;Sázava,aut.st.;49.98692;14.78795
20260701_154059_L380;20260701_154059;01.07.2026;15:29:00;380;5;9983;10;U1142Z2;Praha,Vypich;50.05562;14.28445
20260701_154059_L133;20260701_154059;01.07.2026;15:30:00;133;9;3967;11;U3018Z2P;Florenc;50.08916;14.44344
20260701_154059_L136;20260701_154059;01.07.2026;15:26:00;136;5;5538;14;U498Z1P;Sídliště Čakovice;50.1002;14.49172
20260701_154059_L199;20260701_154059;01.07.2026;15:27:00;199;1;3951;12;U921Z6P;Sídliště Malešice;50.07685;14.48927
20260701_154059_L188;20260701_154059;01.07.2026;15:26:00;188;2;6920;12;U459Z3P;Kavčí hory;50.06636;14.49795
20260701_154059_L324;20260701_154059;01.07.2026;15:30:00;324;29;8994;11;U4777Z15;Praha,Zličín;50.22824;14.08851
20260701_154059_L136;20260701_154059;01.07.2026;15:27:00;136;13;6966;12;U855Z1P;Jižní Město;50.07417;14.46709
20260701_154059_L207;20260701_154059;01.07.2026;15:30:00;207;16;3839;10;U689Z3P;Staroměstská;50.09102;14.43805
20260701_154059_L188;20260701_154059;01.07.2026;15:30:00;188;12;5552;11;U183Z1P;Kavčí hory;50.05688;14.46807
20260701_154059_L641;20260701_154059;01.07.2026;15:30:00;641;14;9573;10;U9779Z2;Beroun,autobusové nádraží;49.8464;13.90992
20260701_154059_L770;20260701_154059;01.07.2026;15:24:00;770;4;7859;13;U7807Z2;Benešov,Terminál;49.80799;14.72563
20260701_154059_L188;20260701_154059;01.07.2026;15:27:00;188;5;6930;12;U418Z2P;Želivského;50.07742;14.48913
20260701_154059_L444;20260701_154059;01.07.2026;15:30:00;444;8;9175;11;U1357Z1;Davle,obec;49.8882;14.41254
20260701_154059_L768;20260701_154059;01.07.2026;15:24:00;768;26;8559;17;U2979Z1;Byšice;50.31127;14.81088
20260701_154059_L209;20260701_154059;01.07.2026;15:30:00;209;46;9188;10;U1233Z2P;Nádraží Uhříněves;50.03099;14.60735
20260701_154059_L204;20260701_154059;01.07.2026;15:31:00;204;74;9045;10;U1163Z2P;Sídliště Petrovice;50.08863;14.58142
20260701_154059_L311;20260701_154059;01.07.2026;15:28:00;311;74;9597;10;U2377Z1;Praha,Zličín;49.93408;14.23417
20260701_154059_L220;20260701_154059;01.07.2026;15:30:00;220;27;9291;10;U1288Z2P;Černý Most;50.1213;14.60244
20260701_154059_L315;20260701_154059;01.07.2026;15:27:00;315;3;8668;14;U3394Z1;Mnichovo Hradiště,dopravní terminál;50.43976;14.92839
20260701_154059_L228;20260701_154059;01.07.2026;15:26:00;228;13;9118;14;U1387Z1P;Poliklinika Malešice;50.07961;14.50259
20260701_154059_L470;20260701_154059;01.07.2026;15:29:00;470;36;8051;12;U2346Z1;Kralupy n.Vlt.,žel.st.;50.27188;14.32426
20260701_154059_L487;20260701_154059;01.07.2026;15:29:00;487;60;1641;11;U6032Z1;Kolín,nádraží;49.71908;14.97149
20260701_154059_L163;20260701_154059;01.07.2026;15:28:00;163;53;9483;12;U432Z1P;Sídliště Rohožník;50.08018;14.62836
20260701_154059_L548;20260701_154059;01.07.2026;15:29:00;548;30;9585;11;U9780Z2;Hořovice,nemocnice;49.83914;13.90925
20260701_154059_L369;20260701_154059;01.07.2026;15:30:00;369;43;8269;10;U1959Z2;Praha,Ládví;50.21747;14.49661
20260701_154059_L371;20260701_154059;01.07.2026;15:29:00;371;24;8270;12;U555Z2;Praha,Kobylisy;50.13958;14.45158
20260701_154059_L372;20260701_154059;01.07.2026;15:29:00;372;12;8031;12;U2337Z1;Kralupy n.Vlt.,žel.st.;50.25611;14.38049
20260701_154059_L337;20260701_154059;01.07.2026;15:30:00;337;13;9364;10;U1542Z1;Benešov,Terminál;49.88783;14.62176
20260701_154059_L384;20260701_154059;01.07.2026;15:22:00;384;20;9888;15;U2370Z2;Praha,Zličín;50.00941;14.1809
20260701_154059_L394;20260701_154059;01.07.2026;15:26:00;394;17;9866;14;U4965Z1;Zdice,nám.;49.95057;14.04313
20260701_154059_L402;20260701_154059;01.07.2026;15:30:00;402;2;7675;11;U7057Z71;Čáslav,aut.st.;49.74291;15.10312
20260701_154059_L639;20260701_154059;01.07.2026;15:26:00;639;7;9539;13;U9813Z2;Dobříš,nám.;49.82736;14.03918
20260701_154059_L231;20260701_154059;01.07.2026;15:27:00;231;8;3998;13;U562Z1P;Dívčí hrady;50.05546;14.40482
20260701_154059_L315;20260701_154059;01.07.2026;15:26:00;315;1;8674;11;U3258Z2;Mnichovo Hradiště,dopravní terminál;50.39924;14.91713
20260701_154059_L400;20260701_154059;01.07.2026;15:30:00;400;56;1088;11;U332Z2;Nový Bor,aut.nádr.;50.12548;14.49007
20260701_154059_L798;20260701_154059;01.07.2026;15:21:00;798;46;7821;18;U7416Z1;Ostředek;49.82569;14.83639
20260701_154059_L525;20260701_154059;01.07.2026;15:30:00;525;56;1122;11;U4730Z1;Nový Knín;49.7846;14.28543
20260701_154059_L311;20260701_154059;01.07.2026;15:28:00;311;41;9614;12;U1643Z2;Praha,Zličín;50.05122;14.27366
20260701_154059_L400;20260701_154059;01.07.2026;15:30:00;400;55;1081;10;U6073Z1;Nový Bor,aut.nádr.;50.4751;14.47715
20260701_154059_L188;20260701_154059;01.07.2026;15:30:00;188;8;6730;10;U385Z1P;Kavčí hory;50.0518;14.43781
20260701_154059_L432;20260701_154059;01.07.2026;15:29:00;432;3;8553;12;U1488Z1;Lysá n.L.,žel.st.;50.22918;14.86866
20260701_154059_L335;20260701_154059;01.07.2026;15:28:00;335;6;9131;11;U1330Z1;Kamenice,kult.dům;49.96078;14.52515
20260701_154059_L136;20260701_154059;01.07.2026;15:28:00;136;11;5508;13;U181Z1P;Jižní Město;50.04015;14.49007
20260701_154459_L369;20260701_154459;01.07.2026;15:34:00;369;43;8269;10;U1308Z2;Praha,Ládví;50.19458;14.49579
20260701_154459_L231;20260701_154459;01.07.2026;15:31:00;231;8;3998;14;U561Z1P;Na Knížecí;50.05933;14.40297
20260701_154459_L724;20260701_154459;01.07.2026;15:30:00;724;64;9425;13;U2987Z23;Libáň,aut.st.;50.41925;14.91512
20260701_154459_L433;20260701_154459;01.07.2026;15:31:00;433;15;8592;13;U1434Z2;Pečky,žel.st.;50.1319;14.98435
20260701_154459_L676;20260701_154459;01.07.2026;15:33:00;676;32;8593;10;U3040Z1;Seletice;50.29261;15.04919
20260701_154459_L432;20260701_154459;01.07.2026;15:33:00;432;3;8553;11;U2463Z1;Lysá n.L.,žel.st.;50.23666;14.86104
20260701_154459_L315;20260701_154459;01.07.2026;15:33:00;315;1;8674;12;U3063Z1;Mnichovo Hradiště,dopravní terminál;50.41054;14.92682
20260701_154459_L324;20260701_154459;01.07.2026;15:32:00;324;29;8994;12;U4805Z2;Praha,Zličín;50.2239;14.08228
20260701_154459_L336;20260701_154459;01.07.2026;15:34:00;336;22;1443;10;U1643Z2;Praha,Zličín;50.0513;14.27379
20260701_154459_L679;20260701_154459;01.07.2026;15:34:00;679;55;1648;10;U9590Z1;Kolín,nádraží;50.101;15.14622
20260701_154459_L823;20260701_154459;01.07.2026;15:33:00;823;39;8053;10;U1610Z2;Škvorec,nám.;50.07424;14.72298
20260701_154459_L770;20260701_154459;01.07.2026;15:31:00;770;42;7918;10;U2032Z2;Uhlířské Janovice,nám.;49.883;14.91535
20260701_154459_L470;20260701_154459;01.07.2026;15:33:00;470;36;8051;11;U2231Z1;Kralupy n.Vlt.,žel.st.;50.25567;14.32054
20260701_154459_L487;20260701_154459;01.07.2026;15:34:00;487;60;1641;10;U6028Z1;Kolín,nádraží;49.75146;14.97406
20260701_154459_L798;20260701_154459;01.07.2026;15:21:00;798;46;7821;22;U7416Z1;Ostředek;49.82569;14.83638
20260701_154459_L204;20260701_154459;01.07.2026;15:34:00;204;74;9045;10;U1390Z2P;Sídliště Petrovice;50.08308;14.57415
20260701_154459_L209;20260701_154459;01.07.2026;15:34:00;209;46;9188;10;U542Z2P;Nádraží Uhříněves;50.03512;14.59245
20260701_154459_L220;20260701_154459;01.07.2026;15:33:00;220;27;9291;12;U1351Z1P;Černý Most;50.12297;14.61152
20260701_154459_L136;20260701_154459;01.07.2026;15:32:00;136;11;5508;13;U106Z2P;Jižní Město;50.0279;14.50763
20260701_154459_L305;20260701_154459;01.07.2026;15:30:00;305;17;8389;10;U32108Z2;Praha,Zličín;50.13602;13.43038
20260701_154459_L136;20260701_154459;01.07.2026;15:32:00;136;13;6966;11;U680Z3P;Jižní Město;50.06251;14.46946
20260701_154459_L823;20260701_154459;01.07.2026;15:23:00;823;39;8053;19;U2315Z1;Úvaly,žel.st.;50.07424;14.72298
20260701_154459_L199;20260701_154459;01.07.2026;15:32:00;199;3;4101;11;U418Z2P;Želivského;50.07705;14.48752
20260701_154459_L163;20260701_154459;01.07.2026;15:31:00;163;53;9483;13;U3008Z1P;Sídliště Rohožník;50.0771;14.65551
20260701_154459_L371;20260701_154459;01.07.2026;15:30:00;371;24;8270;12;U864Z9;Praha,Kobylisy;50.12421;14.45213
20260701_154459_L372;20260701_154459;01.07.2026;15:32:00;372;12;8031;12;U2339Z1;Kralupy n.Vlt.,žel.st.;50.27078;14.39598
20260701_154459_L400;20260701_154459;01.07.2026;15:30:00;400;56;1088;13;U332Z2;Nový Bor,aut.nádr.;50.13099;14.48898
20260701_154459_L414;20260701_154459;01.07.2026;15:33:00;414;20;1290;11;U4259Z12;Praha,Terminál 1;50.12502;14.28049
20260701_154459_L394;20260701_154459;01.07.2026;15:30:00;394;17;9866;14;U4976Z1;Zdice,nám.;49.94271;14.02786
20260701_154459_L382;20260701_154459;01.07.2026;15:32:00;382;38;9180;12;U2018Z1;Sázava,aut.st.;49.97214;14.79741
20260701_154459_L380;20260701_154459;01.07.2026;15:33:00;380;5;9983;11;U1141Z5;Praha,Vypich;50.05526;14.28892
20260701_154459_L402;20260701_154459;01.07.2026;15:31:00;402;4;7672;13;U7320Z1;Praha,Roztyly;49.91251;15.39745
20260701_154459_L548;20260701_154459;01.07.2026;15:29:00;548;30;9585;15;U9780Z2;Hořovice,nemocnice;49.83914;13.90925
20260701_154459_L372;20260701_154459;01.07.2026;15:30:00;372;52;8039;14;U2222Z2;Praha,Kobylisy;50.23237;14.41167
20260701_154459_L342;20260701_154459;01.07.2026;15:31:00;342;3;7686;13;U698Z2;Praha,Nádraží Veleslavín;50.09895;14.28867
20260701_154459_L120;20260701_154459;01.07.2026;15:34:00;120;10;3699;11;U562Z2P;Nádraží Radotín;50.05666;14.40587
20260701_154459_L101;20260701_154459;01.07.2026;15:31:00;101;3;2314;13;U2781Z1P;Zentiva;50.06221;14.50425
20260701_154459_L188;20260701_154459;01.07.2026;15:26:00;188;2;6920;16;U459Z3P;Kavčí hory;50.06544;14.50191
20260701_154459_L136;20260701_154459;01.07.2026;15:32:00;136;5;5538;13;U474Z5P;Sídliště Čakovice;50.1103;14.50223
20260701_154459_L188;20260701_154459;01.07.2026;15:27:00;188;5;6930;14;U418Z2P;Želivského;50.07779;14.4815
20260701_154459_L384;20260701_154459;01.07.2026;15:22:00;384;20;9888;17;U2370Z2;Praha,Zličín;50.02277;14.2025
20260701_154459_L207;20260701_154459;01.07.2026;15:34:00;207;16;3839;11;U480Z2P;Staroměstská;50.08844;14.4291
20260701_154459_L668;20260701_154459;01.07.2026;15:33:00;668;38;8015;11;U4351Z1;Mělnické Vtelno;50.37257;14.5482
20260701_154459_L402;20260701_154459;01.07.2026;15:33:00;402;2;7675;10;U7159Z71;Čáslav,aut.st.;49.7451;15.092
20260701_154459_L188;20260701_154459;01.07.2026;15:35:00;188;12;5552;10;U263Z4P;Kavčí hory;50.05982;14.44979
20260701_154459_L199;20260701_154459;01.07.2026;15:31:00;199;1;3951;13;U548Z1P;Sídliště Malešice;50.08198;14.50091
20260701_154459_L335;20260701_154459;01.07.2026;15:34:00;335;6;9131;11;U1533Z3;Kamenice,kult.dům;49.9383;14.55331
20260701_154900_L125;20260701_154900;01.07.2026;15:39:00;125;11;5135;10;U978Z2P;Skalka;50.04025;14.5589
20260701_154900_L136;20260701_154900;01.07.2026;15:36:00;136;1;6780;11;U516Z3P;Jižní Město;50.07904;14.46036
20260701_154900_L136;20260701_154900;01.07.2026;15:37:00;136;13;6966;12;U751Z2P;Jižní Město;50.05257;14.47513
20260701_154900_L304;20260701_154900;01.07.2026;15:36:00;304;22;8388;10;U466Z1;Rakovník,aut.st.;50.05407;14.28976
20260701_154900_L204;20260701_154900;01.07.2026;15:37:00;204;74;9045;11;U820Z2P;Sídliště Petrovice;50.07256;14.55507
20260701_154900_L716;20260701_154900;01.07.2026;15:37:00;716;38;8608;10;U3253Z2;Boseň,Mužský;50.52;14.98089
20260701_154900_L724;20260701_154900;01.07.2026;15:35:00;724;64;9425;14;U3389Z2;Libáň,aut.st.;50.41257;14.91096
20260701_154900_L725;20260701_154900;01.07.2026;15:34:00;725;67;9760;13;U31718Z1;Markvartice,pošta;50.43301;15.18548
20260701_154900_L433;20260701_154900;01.07.2026;15:37:00;433;15;8592;12;U1485Z2;Pečky,žel.st.;50.10618;14.99298
20260701_154900_L400;20260701_154900;01.07.2026;15:30:00;400;56;1088;16;U332Z2;Nový Bor,aut.nádr.;50.14414;14.49458
20260701_154900_L414;20260701_154900;01.07.2026;15:33:00;414;20;1290;13;U4259Z12;Praha,Terminál 1;50.11544;14.28528
20260701_154900_L382;20260701_154900;01.07.2026;15:35:00;382;38;9180;11;U2019Z1;Sázava,aut.st.;49.96106;14.81172
20260701_154900_L384;20260701_154900;01.07.2026;15:37:00;384;15;9903;10;U1746Z2;Praha,Zličín;49.9629;14.07008
20260701_154900_L668;20260701_154900;01.07.2026;15:35:00;668;38;8015;12;U4352Z1;Mělnické Vtelno;50.38476;14.54774
20260701_154900_L470;20260701_154900;01.07.2026;15:35:00;470;36;8051;13;U2235Z1;Kralupy n.Vlt.,žel.st.;50.24584;14.3148
20260701_154900_L681;20260701_154900;01.07.2026;15:35:00;681;59;1635;12;U2156Z2;Uhlířské Janovice,nám.;49.94889;15.16309
20260701_154900_L101;20260701_154900;01.07.2026;15:36:00;101;3;2314;13;U1068Z1P;Zentiva;50.06824;14.5184
20260701_154900_L798;20260701_154900;01.07.2026;15:21:00;798;46;7821;26;U7416Z1;Ostředek;49.82569;14.83637
20260701_154900_L207;20260701_154900;01.07.2026;15:38:00;207;16;3839;11;U620Z2P;Staroměstská;50.09317;14.42364
20260701_154900_L188;20260701_154900;01.07.2026;15:38:00;188;12;5552;10;U640Z1P;Kavčí hory;50.05411;14.44234
20260701_154900_L315;20260701_154900;01.07.2026;15:36:00;315;3;8668;12;U9475Z1;Mnichovo Hradiště,dopravní terminál;50.4795;14.93964
20260701_154900_L548;20260701_154900;01.07.2026;15:29:00;548;30;9585;19;U9780Z2;Hořovice,nemocnice;49.83914;13.90925
20260701_154900_L770;20260701_154900;01.07.2026;15:37:00;770;42;7918;10;U4080Z2;Uhlířské Janovice,nám.;49.88812;14.94412
20260701_154900_L770;20260701_154900;01.07.2026;15:35:00;770;4;7859;13;U4073Z2;Benešov,Terminál;49.78602;14.68877
20260701_154900_L380;20260701_154900;01.07.2026;15:37:00;380;5;9983;11;U466Z2;Praha,Vypich;50.06097;14.30421
20260701_154900_L339;20260701_154900;01.07.2026;15:38:00;339;17;9932;10;U4861Z2;Praha,Budějovická;49.99749;14.48581
20260701_154900_L372;20260701_154900;01.07.2026;15:34:00;372;52;8039;14;U2220Z2;Praha,Kobylisy;50.22802;14.41078
20260701_154900_L432;20260701_154900;01.07.2026;15:37:00;432;3;8553;12;U5914Z1;Lysá n.L.,žel.st.;50.2294;14.85689
20260701_154900_L315;20260701_154900;01.07.2026;15:36:00;315;1;8674;12;U3389Z1;Mnichovo Hradiště,dopravní terminál;50.41354;14.90852
20260701_154900_L120;20260701_154900;01.07.2026;15:36:00;120;10;3699;12;U914Z2P;Nádraží Radotín;50.04563;14.40756
20260701_154900_L188;20260701_154900;01.07.2026;15:36:00;188;3;6922;12;U459Z3P;Kavčí hory;50.0664;14.4977
20260701_154900_L380;20260701_154900;01.07.2026;15:36:00;380;4;9981;12;U4272Z1;Králův Dvůr,Počaply,Obchodní centrum;49.96899;14.07967
20260701_154900_L826;20260701_154900;01.07.2026;15:36:00;826;37;8584;10;U1447Z1;Tuklaty,Tlustovousy;50.10496;14.9178
20260701_154900_L336;20260701_154900;01.07.2026;15:35:00;336;22;1443;13;U1142Z2;Praha,Zličín;50.05379;14.27937
20260701_154900_L199;20260701_154900;01.07.2026;15:39:00;199;1;3951;10;U660Z4P;Želivského;50.08328;14.50874
20260701_154900_L679;20260701_154900;01.07.2026;15:34:00;679;55;1648;14;U9590Z1;Kolín,nádraží;50.10004;15.14627
20260701_154900_L342;20260701_154900;01.07.2026;15:34:00;342;3;7686;14;U80Z4;Praha,Nádraží Veleslavín;50.09329;14.30474
20260701_154900_L136;20260701_154900;01.07.2026;15:38:00;136;2;6971;10;U512Z5P;Jižní Město;50.09021;14.46646
20260701_154900_L702;20260701_154900;01.07.2026;15:35:00;702;53;1614;11;U2156Z2;Kolín,nádraží;49.96738;15.16461
20260701_154900_L335;20260701_154900;01.07.2026;15:38:00;335;6;9131;11;U2288Z1;Kamenice,kult.dům;49.92291;14.57547
20260701_154900_L136;20260701_154900;01.07.2026;15:35:00;136;11;5508;13;U916Z1P;Jižní Město;50.02505;14.5148
20260701_154900_L136;20260701_154900;01.07.2026;15:37:00;136;5;5538;12;U603Z1P;Sídliště Čakovice;50.11865;14.49967
20260701_154900_L380;20260701_154900;01.07.2026;15:38:00;380;1;9972;10;U1646Z1;Králův Dvůr,Počaply,Obchodní centrum;50.03568;14.23623
20260701_154900_L199;20260701_154900;01.07.2026;15:35:00;199;3;4101;13;U921Z9P;Želivského;50.0782;14.47616
20260701_154900_L231;20260701_154900;01.07.2026;15:34:00;231;8;3998;12;U965Z1P;Na Knížecí;50.06607;14.40326
20260701_154900_L305;20260701_154900;01.07.2026;15:35:00;305;17;8389;11;U32107Z2;Praha,Zličín;50.13806;13.46713
20260701_154900_L402;20260701_154900;01.07.2026;15:36:00;402;4;7672;12;U7319Z2;Praha,Roztyly;49.91227;15.38746
20260701_154900_L345;20260701_154900;01.07.2026;15:38:00;345;39;10643;10;U3392Z2;Praha,Černý Most;50.43126;14.92294
20260701_154900_L823;20260701_154900;01.07.2026;15:33:00;823;39;8053;15;U1610Z2;Škvorec,nám.;50.07471;14.72245
20260701_154900_L220;20260701_154900;01.07.2026;15:35:00;220;27;9291;10;U1352Z1P;Černý Most;50.12496;14.61284
20260701_154900_L324;20260701_154900;01.07.2026;15:35:00;324;29;8994;11;U4803Z2;Praha,Zličín;50.20032;14.05809
20260701_154900_L797;20260701_154900;01.07.2026;15:36:00;797;47;7876;13;U7528Z1;Chocerady;49.8667;14.79831
20260701_155300_L136;20260701_155300;01.07.2026;15:39:00;136;18;6910;11;U69Z1P;Sídliště Čakovice;50.09027;14.46731
20260701_155300_L136;20260701_155300;01.07.2026;15:40:00;136;1;6780;13;U518Z3P;Jižní Město;50.07659;14.45874
20260701_155300_L345;20260701_155300;01.07.2026;15:38:00;345;39;10643;11;U3392Z2;Praha,Černý Most;50.4192;14.91502
20260701_155300_L798;20260701_155300;01.07.2026;15:21:00;798;46;7821;30;U7416Z1;Ostředek;49.82568;14.83636
20260701_155300_L101;20260701_155300;01.07.2026;15:42:00;101;1;2311;10;U269Z6P;Zentiva;50.06793;14.46308
20260701_155300_L120;20260701_155300;01.07.2026;15:41:00;120;10;3699;11;U146Z1P;Nádraží Radotín;50.04147;14.39423
20260701_155300_L384;20260701_155300;01.07.2026;15:39:00;384;15;9903;12;U1745Z2;Praha,Zličín;49.96853;14.07886
20260701_155300_L136;20260701_155300;01.07.2026;15:41:00;136;13;6966;12;U417Z1P;Jižní Město;50.04355;14.48732
20260701_155300_L125;20260701_155300;01.07.2026;15:43:00;125;11;5135;10;U973Z2P;Skalka;50.04568;14.55801
20260701_155300_L101;20260701_155300;01.07.2026;15:41:00;101;3;2314;12;U292Z1P;Zentiva;50.06205;14.54144
20260701_155300_L136;20260701_155300;01.07.2026;15:39:00;136;11;5508;14;U151Z1P;Jižní Město;50.03153;14.53364
20260701_155300_L204;20260701_155300;01.07.2026;15:39:00;204;74;9045;13;U794Z2P;Sídliště Petrovice;50.07191;14.55072
20260701_155300_L303;20260701_155300;01.07.2026;15:38:00;303;3;8184;12;U274Z72;Křenice;50.05624;14.64667
20260701_155300_L307;20260701_155300;01.07.2026;15:40:00;307;13;8975;11;U1141Z2;Unhošť,nám.;50.05421;14.28112
20260701_155300_L335;20260701_155300;01.07.2026;15:39:00;335;6;9131;12;U1536Z1;Kamenice,kult.dům;49.90993;14.56645
20260701_155300_L339;20260701_155300;01.07.2026;15:42:00;339;17;9932;10;U799Z3;Praha,Budějovická;50.01313;14.47436
20260701_155300_L362;20260701_155300;01.07.2026;15:39:00;362;2;9192;13;U2105Z1;Jílové u Prahy,náměstí;49.92257;14.48002
20260701_155300_L380;20260701_155300;01.07.2026;15:39:00;380;4;9981;13;U4964Z1;Králův Dvůr,Počaply,Obchodní centrum;49.96577;14.06778
20260701_155300_L380;20260701_155300;01.07.2026;15:41:00;380;5;9983;10;U395Z3;Praha,Vypich;50.06759;14.33282
20260701_155300_L380;20260701_155300;01.07.2026;15:42:00;380;1;9972;10;U1648Z1;Králův Dvůr,Počaply,Obchodní centrum;50.0295;14.21969
20260701_155300_L382;20260701_155300;01.07.2026;15:41:00;382;38;9180;11;U2022Z1;Sázava,aut.st.;49.94416;14.83072
20260701_155300_L389;20260701_155300;01.07.2026;15:42:00;389;13;7751;10;U80Z4;Praha,Nádraží Veleslavín;50.09326;14.3056
20260701_155300_L394;20260701_155300;01.07.2026;15:41:00;394;27;9924;11;U1745Z1;Zdice,nám.;49.96296;14.07021
20260701_155300_L402;20260701_155300;01.07.2026;15:36:00;402;4;7672;14;U7319Z2;Praha,Roztyly;49.89957;15.36527
20260701_155300_L433;20260701_155300;01.07.2026;15:40:00;433;15;8592;11;U1444Z1;Pečky,žel.st.;50.09522;15.02196
20260701_155300_L543;20260701_155300;01.07.2026;15:38:00;543;13;7585;12;U6621Z1;Hradčany,ObÚ;50.153;15.27785
20260701_155300_L449;20260701_155300;01.07.2026;15:41:00;449;46;7926;10;U1729Z1;Mníšek p.Brdy,náměstí;49.86307;14.2938
20260701_155300_L797;20260701_155300;01.07.2026;15:38:00;797;47;7876;14;U4146Z1;Chocerady;49.87167;14.80365
20260701_155300_L528;20260701_155300;01.07.2026;15:42:00;528;13;9546;10;U9819Z2;Broumy,radnice;49.91737;13.8751
20260701_155300_L624;20260701_155300;01.07.2026;15:40:00;624;32;8895;11;U3094Z1;Družec,náves;50.1454;14.09449
20260701_155300_L681;20260701_155300;01.07.2026;15:42:00;681;59;1635;10;U9942Z2;Uhlířské Janovice,nám.;49.93814;15.1272
20260701_155300_L702;20260701_155300;01.07.2026;15:41:00;702;53;1614;10;U6949Z2;Kolín,nádraží;49.97139;15.18607
20260701_155300_L668;20260701_155300;01.07.2026;15:42:00;668;38;8015;10;U6115Z1;Mělnické Vtelno;50.37683;14.58661
20260701_155300_L725;20260701_155300;01.07.2026;15:34:00;725;67;9760;17;U31718Z1;Markvartice,pošta;50.43301;15.18548
20260701_155300_L736;20260701_155300;01.07.2026;15:38:00;736;73;9762;12;U6298Z1;Dolní Bousov,nám.;50.43843;15.12784
20260701_155300_L332;20260701_155300;01.07.2026;15:40:00;332;26;9950;11;U1330Z1;Jílové u Prahy,náměstí;49.96095;14.52487
20260701_155300_L199;20260701_155300;01.07.2026;15:42:00;199;1;3951;11;U161Z2P;Želivského;50.08141;14.49652
20260701_155300_L679;20260701_155300;01.07.2026;15:34:00;679;55;1648;18;U9590Z1;Kolín,nádraží;50.10004;15.14627
20260701_155300_L146;20260701_155300;01.07.2026;15:41:00;146;3;9121;10;U266Z3P;Vinice Hrdlořezy;50.09181;14.4974
20260701_155300_L154;20260701_155300;01.07.2026;15:39:00;154;1;3858;11;U459Z3P;Sídliště Libuš;50.06457;14.50396
20260701_155300_L188;20260701_155300;01.07.2026;15:36:00;188;3;6922;15;U459Z3P;Kavčí hory;50.06564;14.50058
20260701_155300_L136;20260701_155300;01.07.2026;15:43:00;136;2;6971;10;U516Z3P;Jižní Město;50.0825;14.45909
20260701_155300_L715;20260701_155300;01.07.2026;15:41:00;715;37;8621;11;U6210Z2;Žďár,Žehrov;50.48135;14.93571
20260701_155300_L136;20260701_155300;01.07.2026;15:39:00;136;5;5538;11;U606Z1P;Sídliště Čakovice;50.12468;14.51268
20260701_155300_L483;20260701_155300;01.07.2026;15:39:00;483;47;7876;13;U2047Z1;Ostředek;49.87167;14.80365
20260701_155300_L686;20260701_155300;01.07.2026;15:42:00;686;33;8142;10;U1891Z1;Říčany,podhradí;49.99736;14.65849
20260701_155300_L770;20260701_155300;01.07.2026;15:40:00;770;42;7918;11;U6052Z1;Uhlířské Janovice,nám.;49.87618;14.94554
20260701_155300_L432;20260701_155300;01.07.2026;15:39:00;432;3;8553;13;U1490Z1;Lysá n.L.,žel.st.;50.22654;14.83936
20260701_155300_L324;20260701_155300;01.07.2026;15:40:00;324;29;8994;12;U1915Z1;Praha,Zličín;50.18511;14.0329
20260701_155300_L712;20260701_155300;01.07.2026;15:39:00;712;9;9591;10;U9357Z51;Katusice;50.4494;14.78323
20260701_155300_L681;20260701_155300;01.07.2026;15:41:00;681;58;1643;11;U9985Z1;Kolín,nádraží;49.96439;15.15271
20260701_155300_L548;20260701_155300;01.07.2026;15:29:00;548;30;9585;23;U9780Z2;Hořovice,nemocnice;49.83914;13.90925
20260701_155300_L228;20260701_155300;01.07.2026;15:41:00;228;11;9048;11;U794Z2P;Poliklinika Malešice;50.0717;14.54981
20260701_155700_L136;20260701_155700;01.07.2026;15:45:00;136;18;6910;12;U763Z1P;Sídliště Čakovice;50.09822;14.4815
20260701_155700_L199;20260701_155700;01.07.2026;15:43:00;199;1;3951;12;U418Z2P;Želivského;50.07697;14.48838
20260701_155700_L232;20260701_155700;01.07.2026;15:43:00;232;12;3641;11;U817Z2P;Na Knížecí;50.06624;14.4032
20260701_155700_L146;20260701_155700;01.07.2026;15:42:00;146;3;9121;13;U694Z3P;Vinice Hrdlořezy;50.09239;14.51004
20260701_155700_L678;20260701_155700;01.07.2026;15:44:00;678;33;8557;10;U9591Z1;Poděbrady,žel.st.;50.12656;15.10775
20260701_155700_L580;20260701_155700;01.07.2026;15:44:00;580;19;7693;10;U9322Z1;Slaný,aut.nádr.;50.21139;13.92172
20260701_155700_L798;20260701_155700;01.07.2026;15:21:00;798;46;7821;34;U7416Z1;Ostředek;49.82568;14.83636
20260701_155700_L136;20260701_155700;01.07.2026;15:43:00;136;13;6966;13;U181Z1P;Jižní Město;50.03944;14.49052
20260701_155700_L136;20260701_155700;01.07.2026;15:45:00;136;1;6780;10;U29Z1P;Jižní Město;50.07024;14.46918
20260701_155700_L120;20260701_155700;01.07.2026;15:43:00;120;2;3670;14;U780Z1P;Pod Lochkovem;50.01652;14.35678
20260701_155700_L149;20260701_155700;01.07.2026;15:43:00;149;8;4178;12;U254Z5P;Stodůlky-Bavorská;50.06996;14.3788
20260701_155700_L543;20260701_155700;01.07.2026;15:38:00;543;13;7585;16;U6621Z1;Hradčany,ObÚ;50.153;15.27785
20260701_155700_L686;20260701_155700;01.07.2026;15:43:00;686;34;8034;10;U2315Z1;Úvaly,žel.st.;50.07402;14.72328
20260701_155700_L760;20260701_155700;01.07.2026;15:47:00;760;58;8365;10;U6823Z3;Rakovník,aut.st.;50.16096;13.57264
20260701_155700_L798;20260701_155700;01.07.2026;15:43:00;798;4;7859;13;U1384Z8;Benešov,Dlouhé Pole;49.77932;14.68407
20260701_155700_L624;20260701_155700;01.07.2026;15:46:00;624;32;8895;10;U2889Z1;Družec,náves;50.14071;14.07985
20260701_155700_L626;20260701_155700;01.07.2026;15:42:00;626;14;7324;10;U4830Z1;Kladno,autobusové nádraží;50.26302;14.22258
20260701_155700_L770;20260701_155700;01.07.2026;15:44:00;770;42;7918;10;U9945Z1;Uhlířské Janovice,nám.;49.87135;14.96958
20260701_155700_L335;20260701_155700;01.07.2026;15:44:00;335;6;9131;12;U1574Z1;Kamenice,kult.dům;49.90154;14.57078
20260701_155700_L362;20260701_155700;01.07.2026;15:43:00;362;2;9192;14;U2106Z1;Jílové u Prahy,náměstí;49.91183;14.49778
20260701_155700_L369;20260701_155700;01.07.2026;15:46:00;369;43;8269;10;U1393Z2;Praha,Ládví;50.14072;14.48063
20260701_155700_L380;20260701_155700;01.07.2026;15:42:00;380;4;9981;13;U4963Z1;Králův Dvůr,Počaply,Obchodní centrum;49.95919;14.05568
20260701_155700_L380;20260701_155700;01.07.2026;15:46:00;380;5;9983;10;U306Z1;Praha,Vypich;50.07493;14.34088
20260701_155700_L389;20260701_155700;01.07.2026;15:44:00;389;13;7751;12;U85Z1;Praha,Nádraží Veleslavín;50.09266;14.32818
20260701_155700_L303;20260701_155700;01.07.2026;15:43:00;303;3;8184;13;U4115Z1;Křenice;50.05582;14.67045
20260701_155700_L307;20260701_155700;01.07.2026;15:40:00;307;13;8975;17;U1141Z2;Unhošť,nám.;50.05435;14.29095
20260701_155700_L324;20260701_155700;01.07.2026;15:45:00;324;29;8994;11;U4932Z2;Praha,Zličín;50.15936;14.03032
20260701_155700_L332;20260701_155700;01.07.2026;15:46:00;332;26;9950;11;U2129Z1;Jílové u Prahy,náměstí;49.94204;14.51566
20260701_155700_L718;20260701_155700;01.07.2026;15:45:00;718;32;8588;12;U3253Z1;Mnichovo Hradiště,dopravní terminál;50.52251;14.97456
20260701_155700_L725;20260701_155700;01.07.2026;15:34:00;725;67;9760;21;U31718Z1;Markvartice,pošta;50.43301;15.18548
20260701_155700_L736;20260701_155700;01.07.2026;15:38:00;736;73;9762;16;U6298Z1;Dolní Bousov,nám.;50.43843;15.12784
20260701_155700_L432;20260701_155700;01.07.2026;15:46:00;432;3;8553;10;U2431Z2;Lysá n.L.,žel.st.;50.20072;14.84129
20260701_155700_L681;20260701_155700;01.07.2026;15:47:00;681;59;1635;10;U9938Z2;Uhlířské Janovice,nám.;49.91578;15.13605
20260701_155700_L681;20260701_155700;01.07.2026;15:45:00;681;58;1643;11;U9986Z1;Kolín,nádraží;49.98127;15.16125
20260701_155700_L702;20260701_155700;01.07.2026;15:47:00;702;53;1614;10;U6673Z2;Kolín,nádraží;49.9789;15.21141
20260701_155700_L136;20260701_155700;01.07.2026;15:45:00;136;5;5538;12;U771Z1P;Sídliště Čakovice;50.13478;14.50589
20260701_155700_L120;20260701_155700;01.07.2026;15:44:00;120;6;4002;10;U1040Z21P;Pod Lochkovem;50.06544;14.40346
20260701_155700_L315;20260701_155700;01.07.2026;15:44:00;315;3;8668;12;U3252Z1;Mnichovo Hradiště,dopravní terminál;50.51568;14.97268
20260701_155700_L120;20260701_155700;01.07.2026;15:46:00;120;10;3699;11;U1050Z1P;Nádraží Radotín;50.03504;14.37845
20260701_155700_L394;20260701_155700;01.07.2026;15:43:00;394;27;9924;12;U1746Z1;Zdice,nám.;49.9566;14.05633
20260701_155700_L101;20260701_155700;01.07.2026;15:46:00;101;1;2311;11;U37Z1P;Zentiva;50.06116;14.46947
20260701_155700_L345;20260701_155700;01.07.2026;15:42:00;345;39;10643;12;U2987Z7;Praha,Černý Most;50.41976;14.91611
20260701_155700_L668;20260701_155700;01.07.2026;15:46:00;668;38;8015;11;U6117Z1;Mělnické Vtelno;50.39198;14.60093
20260701_155700_L449;20260701_155700;01.07.2026;15:41:00;449;46;7926;12;U1729Z1;Mníšek p.Brdy,náměstí;49.86721;14.27004
20260701_155700_L188;20260701_155700;01.07.2026;15:36:00;188;3;6922;18;U459Z3P;Kavčí hory;50.06506;14.50338
20260701_155700_L339;20260701_155700;01.07.2026;15:45:00;339;17;9932;10;U908Z2;Praha,Budějovická;50.02829;14.45678
20260701_155700_L347;20260701_155700;01.07.2026;15:43:00;347;22;1443;12;U1141Z3;Hostivice,nádraží;50.05402;14.28049
20260701_155700_L333;20260701_155700;01.07.2026;15:42:00;333;14;7455;10;U799Z4;Zvole,Nová Zvole;49.99179;14.48974
20260701_155700_L154;20260701_155700;01.07.2026;15:46:00;154;1;3858;11;U671Z3P;Sídliště Libuš;50.05704;14.49383
20260701_155700_L679;20260701_155700;01.07.2026;15:34:00;679;55;1648;22;U9590Z1;Kolín,nádraží;50.10004;15.14627
20260701_155700_L136;20260701_155700;01.07.2026;15:43:00;136;2;6971;12;U516Z3P;Jižní Město;50.07923;14.46052
20260701_155700_L163;20260701_155700;01.07.2026;15:44:00;163;54;9123;11;U358Z4P;Depo Hostivař;50.07701;14.51779
20260701_155700_L188;20260701_155700;01.07.2026;15:46:00;188;4;6705;10;U459Z3P;Kavčí hory;50.06713;14.49518
20260701_155700_L715;20260701_155700;01.07.2026;15:45:00;715;37;8621;10;U6323Z1;Žďár,Žehrov;50.50025;14.93126
20260701_155700_L125;20260701_155700;01.07.2026;15:46:00;125;11;5135;10;U633Z1P;Skalka;50.04832;14.54495
20260701_155700_L174;20260701_155700;01.07.2026;15:46:00;174;7;4169;10;U1130Z2P;Vypich;50.05411;14.3392
20260701_155700_L300;20260701_155700;01.07.2026;15:46:00;300;9;8877;11;U4302Z52;Hřebeč;50.14589;14.19911
20260701_155700_L136;20260701_155700;01.07.2026;15:43:00;136;3;5090;11;U1074Z4P;Jižní Město;50.09105;14.46825
20260701_155700_L188;20260701_155700;01.07.2026;15:42:00;188;7;6867;13;U921Z6P;Kavčí hory;50.07705;14.48547
20260701_155700_L347;20260701_155700;01.07.2026;15:44:00;347;18;8886;12;U1643Z2;Praha,Zličín;50.05276;14.27573
20260701_155700_L548;20260701_155700;01.07.2026;15:29:00;548;30;9585;27;U9780Z2;Hořovice,nemocnice;49.83914;13.90925
20260701_155700_L382;20260701_155700;01.07.2026;15:44:00;382;38;9180;12;U2023Z1;Sázava,aut.st.;49.92489;14.82982
20260701_155700_L387;20260701_155700;01.07.2026;15:45:00;387;9;1686;10;U2011Z1;Uhlířské Janovice,nám.;49.99067;14.80122
20260701_155700_L228;20260701_155700;01.07.2026;15:43:00;228;11;9048;13;U1014Z2P;Poliklinika Malešice;50.07099;14.5429
20260701_160101_L336;20260701_160101;01.07.2026;15:47:00;336;21;8890;13;U1216Z1;Praha,Zličín;50.08895;14.21486
20260701_160101_L324;20260701_160101;01.07.2026;15:50:00;324;29;8994;10;U1782Z2;Praha,Zličín;50.14061;14.06707
20260701_160101_L332;20260701_160101;01.07.2026;15:50:00;332;26;9950;10;U2127Z1;Jílové u Prahy,náměstí;49.92913;14.50886
20260701_160101_L345;20260701_160101;01.07.2026;15:50:00;345;39;10643;11;U3389Z2;Praha,Černý Most;50.41302;14.90947
20260701_160101_L470;20260701_160101;01.07.2026;15:51:00;470;51;8017;10;U2342Z1;Mělník,aut.nádr.;50.28867;14.44978
20260701_160101_L712;20260701_160101;01.07.2026;15:48:00;712;6;9590;12;U6251Z1;Bělá p.Bezd.,Bezdědice;50.48296;14.70493
20260701_160101_L303;20260701_160101;01.07.2026;15:46:00;303;3;8184;12;U4115Z2;Křenice;50.04241;14.66749
20260701_160101_L307;20260701_160101;01.07.2026;15:49:00;307;14;8974;11;U1968Z2;Praha,Zličín;50.05012;14.27055
20260701_160101_L736;20260701_160101;01.07.2026;15:38:00;736;73;9762;20;U6298Z1;Dolní Bousov,nám.;50.43843;15.12784
20260701_160101_L543;20260701_160101;01.07.2026;15:38:00;543;13;7585;20;U6621Z1;Hradčany,ObÚ;50.15308;15.27782
20260701_160101_L705;20260701_160101;01.07.2026;15:49:00;705;43;8687;11;U6752Z1;Poděbrady,žel.st.;50.13319;15.18326
20260701_160101_L335;20260701_160101;01.07.2026;15:46:00;335;6;9131;13;U1565Z2;Kamenice,kult.dům;49.90401;14.5881
20260701_160101_L760;20260701_160101;01.07.2026;15:49:00;760;58;8365;10;U7806Z2;Rakovník,aut.st.;50.16515;13.62803
20260701_160101_L394;20260701_160101;01.07.2026;15:48:00;394;27;9924;13;U1748Z1;Zdice,nám.;49.94867;14.03842
20260701_160101_L402;20260701_160101;01.07.2026;15:47:00;402;4;7672;14;U7099Z2;Praha,Roztyly;49.84762;15.28513
20260701_160101_L384;20260701_160101;01.07.2026;15:46:00;384;15;9903;14;U2373Z2;Praha,Zličín;49.98368;14.1269
20260701_160101_L337;20260701_160101;01.07.2026;15:47:00;337;13;9364;10;U1391Z1;Benešov,Terminál;49.81409;14.68239
20260701_160101_L167;20260701_160101;01.07.2026;15:46:00;167;51;6913;11;U254Z6P;Na Knížecí;50.07152;14.39423
20260701_160101_L798;20260701_160101;01.07.2026;15:21:00;798;46;7821;38;U7416Z1;Ostředek;49.82568;14.83636
20260701_160101_L154;20260701_160101;01.07.2026;15:50:00;154;1;3858;11;U887Z1P;Sídliště Libuš;50.05303;14.50417
20260701_160101_L136;20260701_160101;01.07.2026;15:47:00;136;13;6966;13;U106Z2P;Jižní Město;50.02751;14.50778
20260701_160101_L333;20260701_160101;01.07.2026;15:48:00;333;14;7455;10;U1522Z1;Zvole,Nová Zvole;49.97972;14.48627
20260701_160101_L624;20260701_160101;01.07.2026;15:48:00;624;32;8895;11;U3095Z1;Družec,náves;50.13231;14.06718
20260701_160101_L347;20260701_160101;01.07.2026;15:46:00;347;22;1443;14;U1643Z1;Hostivice,nádraží;50.04942;14.26686
20260701_160101_L380;20260701_160101;01.07.2026;15:46:00;380;4;9981;15;U4965Z1;Králův Dvůr,Počaply,Obchodní centrum;49.95231;14.04738
20260701_160101_L678;20260701_160101;01.07.2026;15:48:00;678;33;8557;12;U4125Z1;Poděbrady,žel.st.;50.1333;15.09855
20260701_160101_L136;20260701_160101;01.07.2026;15:50:00;136;5;5538;11;U368Z1P;Sídliště Čakovice;50.14958;14.5067
20260701_160101_L136;20260701_160101;01.07.2026;15:50:00;136;7;5503;12;U512Z4P;Sídliště Čakovice;50.09083;14.46819
20260701_160101_L120;20260701_160101;01.07.2026;15:48:00;120;6;4002;12;U817Z1P;Pod Lochkovem;50.05862;14.40595
20260701_160101_L307;20260701_160101;01.07.2026;15:40:00;307;13;8975;21;U1141Z2;Unhošť,nám.;50.0548;14.29051
20260701_160101_L136;20260701_160101;01.07.2026;15:50:00;136;18;6910;11;U225Z2P;Sídliště Čakovice;50.09951;14.497
20260701_160101_L228;20260701_160101;01.07.2026;15:48:00;228;11;9048;13;U389Z2P;Poliklinika Malešice;50.0734;14.53536
20260701_160101_L339;20260701_160101;01.07.2026;15:47:00;339;17;9932;12;U488Z7;Praha,Budějovická;50.03656;14.45648
20260701_160101_L101;20260701_160101;01.07.2026;15:51:00;101;1;2311;10;U576Z2P;Zentiva;50.05558;14.48382
20260701_160101_L199;20260701_160101;01.07.2026;15:43:00;199;1;3951;15;U418Z2P;Želivského;50.07754;14.48206
20260701_160101_L681;20260701_160101;01.07.2026;15:50:00;681;58;1643;10;U9987Z1;Kolín,nádraží;50.00024;15.18569
20260701_160101_L798;20260701_160101;01.07.2026;15:43:00;798;4;7859;14;U1384Z8;Benešov,Dlouhé Pole;49.78714;14.68398
20260701_160101_L768;20260701_160101;01.07.2026;15:47:00;768;26;8559;13;U4431Z1;Byšice;50.30539;14.70427
20260701_160101_L362;20260701_160101;01.07.2026;15:47:00;362;2;9192;13;U2108Z1;Jílové u Prahy,náměstí;49.89746;14.49368
20260701_160101_L380;20260701_160101;01.07.2026;15:50:00;380;1;9972;10;U2322Z1;Králův Dvůr,Počaply,Obchodní centrum;50.01532;14.19523
20260701_160101_L725;20260701_160101;01.07.2026;15:34:00;725;67;9760;25;U31718Z1;Markvartice,pošta;50.43301;15.18548
20260701_160101_L679;20260701_160101;01.07.2026;15:34:00;679;55;1648;26;U9590Z1;Kolín,nádraží;50.09835;15.14631
20260701_160101_L823;20260701_160101;01.07.2026;15:48:00;823;39;8053;11;U1611Z2;Úvaly,žel.st.;50.06056;14.73543
20260701_160101_L686;20260701_160101;01.07.2026;15:43:00;686;34;8034;14;U2315Z1;Úvaly,žel.st.;50.07402;14.72328
20260701_160101_L155;20260701_160101;01.07.2026;15:50:00;155;2;9466;10;U660Z5P;Nemocnice Vinohrady;50.0833;14.51042
20260701_160101_L125;20260701_160101;01.07.2026;15:50:00;125;11;5135;11;U677Z2P;Skalka;50.05717;14.53686
20260701_160101_L199;20260701_160101;01.07.2026;15:47:00;199;3;4101;12;U921Z6P;Sídliště Malešice;50.07701;14.48902
20260701_160101_L188;20260701_160101;01.07.2026;15:46:00;188;4;6705;12;U459Z3P;Kavčí hory;50.06614;14.49853
20260701_160101_L136;20260701_160101;01.07.2026;15:47:00;136;2;6971;14;U518Z3P;Jižní Město;50.07659;14.45882
20260701_160101_L136;20260701_160101;01.07.2026;15:49:00;136;3;5090;12;U743Z2P;Jižní Město;50.08609;14.45555
20260701_160101_L120;20260701_160101;01.07.2026;15:47:00;120;2;3670;14;U347Z1P;Pod Lochkovem;50.00272;14.35307
20260701_160101_L300;20260701_160101;01.07.2026;15:49:00;300;9;8877;11;U4303Z52;Hřebeč;50.15369;14.18767
20260701_160101_L120;20260701_160101;01.07.2026;15:51:00;120;10;3699;10;U1127Z1P;Nádraží Radotín;50.02602;14.3683
20260701_160101_L372;20260701_160101;01.07.2026;15:47:00;372;12;8031;13;U2228Z1;Kralupy n.Vlt.,žel.st.;50.26751;14.33268
20260701_160101_L459;20260701_160101;01.07.2026;15:50:00;459;72;7856;10;U4885Z2;Tábor,aut.nádr.;49.66695;14.62458
20260701_160101_L149;20260701_160101;01.07.2026;15:47:00;149;8;4178;14;U573Z1P;Stodůlky-Bavorská;50.06146;14.37538
20260701_160101_L174;20260701_160101;01.07.2026;15:51:00;174;7;4169;10;U394Z4P;Vypich;50.068;14.33549
20260701_160101_L668;20260701_160101;01.07.2026;15:51:00;668;38;8015;10;U6118Z1;Mělnické Vtelno;50.37963;14.63404
20260701_160101_L653;20260701_160101;01.07.2026;15:50:00;653;22;1625;11;U2046Z2;Kaliště,Poddubí;49.90454;14.78379
20260701_160101_L548;20260701_160101;01.07.2026;15:29:00;548;30;9585;31;U9780Z2;Hořovice,nemocnice;49.83914;13.90925
20260701_160101_L136;20260701_160101;01.07.2026;15:51:00;136;1;6780;10;U183Z3P;Jižní Město;50.05666;14.47135
20260701_160101_L506;20260701_160101;01.07.2026;15:50:00;506;18;9530;10;U9756Z1;Příbram,Zdaboř,Červená;49.6705;13.992
20260701_160501_L136;20260701_160501;01.07.2026;15:51:00;136;3;5090;12;U516Z3P;Jižní Město;50.07917;14.46034
20260701_160501_L199;20260701_160501;01.07.2026;15:50:00;199;3;4101;15;U161Z1P;Sídliště Malešice;50.08128;14.49595
20260701_160501_L155;20260701_160501;01.07.2026;15:54:00;155;2;9466;10;U1018Z1P;Nemocnice Vinohrady;50.08762;14.50681
20260701_160501_L228;20260701_160501;01.07.2026;15:51:00;228;11;9048;14;U1071Z2P;Poliklinika Malešice;50.07651;14.51671
20260701_160501_L300;20260701_160501;01.07.2026;15:51:00;300;9;8877;12;U4304Z1;Hřebeč;50.14675;14.17735
20260701_160501_L307;20260701_160501;01.07.2026;15:40:00;307;13;8975;24;U1141Z2;Unhošť,nám.;50.05605;14.28552
20260701_160501_L402;20260701_160501;01.07.2026;15:51:00;402;4;7672;13;U7096Z1;Praha,Roztyly;49.8339;15.25105
20260701_160501_L404;20260701_160501;01.07.2026;15:53:00;404;14;8344;11;U4300Z1;Rakovník,Plzeňská;50.10062;13.7318
20260701_160501_L681;20260701_160501;01.07.2026;15:55:00;681;58;1643;10;U9983Z1;Kolín,nádraží;50.01917;15.19693
20260701_160501_L788;20260701_160501;01.07.2026;15:54:00;788;16;7640;10;U7096Z1;Třebětín;49.83424;15.25249
20260701_160501_L725;20260701_160501;01.07.2026;15:34:00;725;67;9760;29;U31718Z1;Markvartice,pošta;50.43301;15.18548
20260701_160501_L678;20260701_160501;01.07.2026;15:52:00;678;33;8557;12;U3159Z1;Poděbrady,žel.st.;50.14413;15.10634
20260701_160501_L653;20260701_160501;01.07.2026;15:51:00;653;22;1625;13;U7142Z2;Kaliště,Poddubí;49.90549;14.77997
20260701_160501_L823;20260701_160501;01.07.2026;15:53:00;823;39;8053;12;U2380Z2;Úvaly,žel.st.;50.0736;14.72946
20260701_160501_L324;20260701_160501;01.07.2026;15:54:00;324;29;8994;11;U4325Z2;Praha,Zličín;50.14262;14.08821
20260701_160501_L332;20260701_160501;01.07.2026;15:54:00;332;26;9950;10;U2106Z1;Jílové u Prahy,náměstí;49.91001;14.49434
20260701_160501_L304;20260701_160501;01.07.2026;15:51:00;304;10;8387;12;U1141Z5;Praha,Vypich;50.05684;14.28769
20260701_160501_L736;20260701_160501;01.07.2026;15:38:00;736;73;9762;24;U6298Z1;Dolní Bousov,nám.;50.43843;15.12784
20260701_160501_L345;20260701_160501;01.07.2026;15:50:00;345;39;10643;12;U3389Z2;Praha,Černý Most;50.41096;14.91963
20260701_160501_L332;20260701_160501;01.07.2026;15:50:00;332;2;9192;12;U2109Z1;Neveklov;49.88069;14.49699
20260701_160501_L149;20260701_160501;01.07.2026;15:51:00;149;8;4178;13;U846Z1P;Stodůlky-Bavorská;50.05551;14.36509
20260701_160501_L120;20260701_160501;01.07.2026;15:51:00;120;6;4002;13;U914Z2P;Pod Lochkovem;50.0463;14.40783
20260701_160501_L188;20260701_160501;01.07.2026;15:46:00;188;4;6705;16;U459Z3P;Kavčí hory;50.06501;14.5034
20260701_160501_L136;20260701_160501;01.07.2026;15:54:00;136;18;6910;11;U474Z5P;Sídliště Čakovice;50.1103;14.50221
20260701_160501_L380;20260701_160501;01.07.2026;15:52:00;380;1;9972;11;U2368Z1;Králův Dvůr,Počaply,Obchodní centrum;50.00228;14.17085
20260701_160501_L705;20260701_160501;01.07.2026;15:52:00;705;43;8687;11;U2948Z3;Poděbrady,žel.st.;50.14482;15.17264
20260701_160501_L136;20260701_160501;01.07.2026;15:51:00;136;13;6966;13;U353Z1P;Jižní Město;50.02622;14.52151
20260701_160501_L136;20260701_160501;01.07.2026;15:53:00;136;7;5503;11;U763Z1P;Sídliště Čakovice;50.09824;14.48154
20260701_160501_L125;20260701_160501;01.07.2026;15:54:00;125;11;5135;10;U1066Z2P;Skalka;50.06394;14.52656
20260701_160501_L668;20260701_160501;01.07.2026;15:54:00;668;38;8015;10;U6120Z1;Mělnické Vtelno;50.36537;14.63412
20260701_160501_L337;20260701_160501;01.07.2026;15:47:00;337;13;9364;13;U1391Z1;Benešov,Terminál;49.80969;14.68129
20260701_160501_L336;20260701_160501;01.07.2026;15:47:00;336;21;8890;17;U1216Z1;Praha,Zličín;50.08772;14.21508
20260701_160501_L339;20260701_160501;01.07.2026;15:47:00;339;17;9932;13;U488Z7;Praha,Budějovická;50.04376;14.45132
20260701_160501_L768;20260701_160501;01.07.2026;15:51:00;768;26;8559;12;U2978Z5;Byšice;50.32755;14.70954
20260701_160501_L686;20260701_160501;01.07.2026;15:43:00;686;34;8034;18;U2315Z1;Úvaly,žel.st.;50.07402;14.72328
20260701_160501_L307;20260701_160501;01.07.2026;15:50:00;307;14;8974;14;U1643Z2;Praha,Zličín;50.0527;14.27564
20260701_160501_L146;20260701_160501;01.07.2026;15:54:00;146;5;9189;11;U767Z1P;Želivského;50.08404;14.482
20260701_160501_L120;20260701_160501;01.07.2026;15:52:00;120;10;3699;12;U720Z1P;Nádraží Radotín;50.02455;14.3554
20260701_160501_L136;20260701_160501;01.07.2026;15:52:00;136;2;6971;13;U29Z1P;Jižní Město;50.07258;14.47049
20260701_160501_L154;20260701_160501;01.07.2026;15:53:00;154;1;3858;12;U596Z4P;Sídliště Libuš;50.0534;14.51979
20260701_160501_L188;20260701_160501;01.07.2026;15:52:00;188;9;5128;11;U921Z6P;Kavčí hory;50.07709;14.48674
20260701_160501_L336;20260701_160501;01.07.2026;15:53:00;336;18;8886;11;U1141Z3;Jeneč,Lidická;50.0562;14.28588
20260701_160501_L174;20260701_160501;01.07.2026;15:54:00;174;7;4169;10;U444Z1P;Vypich;50.07584;14.34539
20260701_160501_L101;20260701_160501;01.07.2026;15:54:00;101;2;2305;10;U172Z6P;Zentiva;50.08525;14.44113
20260701_160501_L712;20260701_160501;01.07.2026;15:48:00;712;6;9590;17;U6251Z1;Bělá p.Bezd.,Bezdědice;50.48296;14.70493
20260701_160501_L136;20260701_160501;01.07.2026;15:53:00;136;5;5538;12;U114Z1P;Sídliště Čakovice;50.1563;14.52255
20260701_160501_L394;20260701_160501;01.07.2026;15:52:00;394;27;9924;12;U4979Z2;Zdice,nám.;49.93869;14.02059
20260701_160501_L170;20260701_160501;01.07.2026;15:55:00;170;51;3859;10;U1030Z3P;Pražská čtvrť;50.03257;14.37318
20260701_160501_L384;20260701_160501;01.07.2026;15:52:00;384;15;9903;13;U2370Z2;Praha,Zličín;49.994;14.15701
20260701_160501_L177;20260701_160501;01.07.2026;15:55:00;177;56;6912;10;U166Z1P;Chodov;50.04781;14.51883
20260701_160501_L231;20260701_160501;01.07.2026;15:52:00;231;4;3911;11;U1040Z21P;Dívčí hrady;50.06493;14.40369
20260701_160501_L548;20260701_160501;01.07.2026;15:29:00;548;30;9585;35;U9780Z2;Hořovice,nemocnice;49.83914;13.90925
20260701_160501_L136;20260701_160501;01.07.2026;15:55:00;136;1;6780;10;U322Z3P;Jižní Město;50.04554;14.48471
20260701_160902_L136;20260701_160902;01.07.2026;15:59:00;136;18;6910;10;U603Z1P;Sídliště Čakovice;50.11868;14.49967
20260701_160902_L668;20260701_160902;01.07.2026;15:56:00;668;38;8015;11;U6407Z1;Mělnické Vtelno;50.35746;14.6358
20260701_160902_L120;20260701_160902;01.07.2026;15:58:00;120;10;3699;11;U780Z1P;Nádraží Radotín;50.01648;14.35677
20260701_160902_L231;20260701_160902;01.07.2026;15:56:00;231;4;3911;13;U817Z1P;Dívčí hrady;50.0586;14.40594
20260701_160902_L768;20260701_160902;01.07.2026;15:56:00;768;26;8559;12;U2978Z1;Byšice;50.32453;14.69763
20260701_160902_L155;20260701_160902;01.07.2026;15:57:00;155;2;9466;12;U1160Z1P;Nemocnice Vinohrady;50.08546;14.50133
20260701_160902_L345;20260701_160902;01.07.2026;15:50:00;345;39;10643;14;U3389Z2;Praha,Černý Most;50.41074;14.92315
20260701_160902_L304;20260701_160902;01.07.2026;15:56:00;304;10;8387;12;U33Z4;Praha,Vypich;50.06182;14.30973
20260701_160902_L686;20260701_160902;01.07.2026;15:43:00;686;34;8034;22;U2315Z1;Úvaly,žel.st.;50.07402;14.72328
20260701_160902_L337;20260701_160902;01.07.2026;15:47:00;337;13;9364;15;U1391Z1;Benešov,Terminál;49.79312;14.68092
20260701_160902_L324;20260701_160902;01.07.2026;15:59:00;324;29;8994;10;U3094Z2;Praha,Zličín;50.14219;14.09782
20260701_160902_L336;20260701_160902;01.07.2026;15:55:00;336;18;8886;13;U1142Z1;Jeneč,Lidická;50.05251;14.27505
20260701_160902_L335;20260701_160902;01.07.2026;15:54:00;335;30;9136;12;U1330Z1;Kamenice,kult.dům;49.95455;14.53397
20260701_160902_L199;20260701_160902;01.07.2026;15:57:00;199;1;3951;11;U921Z6P;Sídliště Malešice;50.0779;14.47785
20260701_160902_L188;20260701_160902;01.07.2026;15:55:00;188;9;5128;14;U161Z1P;Kavčí hory;50.0814;14.497
20260701_160902_L136;20260701_160902;01.07.2026;15:56:00;136;2;6971;13;U37Z1P;Jižní Město;50.06116;14.46948
20260701_160902_L232;20260701_160902;01.07.2026;15:56:00;232;12;3641;10;U1040Z21P;Smíchovské nádraží;50.06309;14.40511
20260701_160902_L624;20260701_160902;01.07.2026;15:58:00;624;32;8895;10;U6147Z2;Družec,náves;50.11657;14.04468
20260701_160902_L120;20260701_160902;01.07.2026;15:56:00;120;6;4002;13;U146Z1P;Pod Lochkovem;50.04149;14.39422
20260701_160902_L136;20260701_160902;01.07.2026;15:55:00;136;3;5090;14;U518Z3P;Jižní Město;50.07659;14.45878
20260701_160902_L136;20260701_160902;01.07.2026;15:58:00;136;7;5503;11;U225Z2P;Sídliště Čakovice;50.09939;14.49594
20260701_160902_L155;20260701_160902;01.07.2026;15:57:00;155;1;9120;12;U357Z2P;Poliklinika Malešice;50.08648;14.48203
20260701_160902_L332;20260701_160902;01.07.2026;15:59:00;332;2;9192;10;U1938Z1;Neveklov;49.86262;14.50356
20260701_160902_L725;20260701_160902;01.07.2026;15:34:00;725;67;9760;33;U31718Z1;Markvartice,pošta;50.43301;15.18548
20260701_160902_L760;20260701_160902;01.07.2026;15:56:00;760;58;8365;10;U6813Z1;Rakovník,aut.st.;50.14559;13.6604
20260701_160902_L459;20260701_160902;01.07.2026;15:57:00;459;72;7856;10;U6492Z1;Tábor,aut.nádr.;49.63829;14.64312
20260701_160902_L550;20260701_160902;01.07.2026;15:59:00;550;75;7889;10;U6489Z5;Vlašim,žel.st.;49.63817;14.64312
20260701_160902_L712;20260701_160902;01.07.2026;15:48:00;712;6;9590;21;U6251Z1;Bělá p.Bezd.,Bezdědice;50.48296;14.70493
20260701_160902_L304;20260701_160902;01.07.2026;15:57:00;304;34;8403;10;U1141Z5;Praha,Vypich;50.05693;14.28782
20260701_160902_L305;20260701_160902;01.07.2026;15:59:00;305;17;8389;10;U3143Z2;Praha,Zličín;50.17209;13.74079
20260701_160902_L228;20260701_160902;01.07.2026;15:54:00;228;11;9048;15;U70Z6P;Poliklinika Malešice;50.07783;14.50801
20260701_160902_L402;20260701_160902;01.07.2026;15:55:00;402;4;7672;13;U7064Z2;Praha,Roztyly;49.82389;15.21213
20260701_160902_L380;20260701_160902;01.07.2026;15:56:00;380;1;9972;12;U2370Z1;Králův Dvůr,Počaply,Obchodní centrum;49.99199;14.15347
20260701_160902_L681;20260701_160902;01.07.2026;15:58:00;681;58;1643;11;U4998Z1;Kolín,nádraží;50.02564;15.20019
20260701_160902_L678;20260701_160902;01.07.2026;15:56:00;678;33;8557;12;U2578Z1;Poděbrady,žel.st.;50.1431;15.12216
20260701_160902_L470;20260701_160902;01.07.2026;15:58:00;470;51;8017;10;U1785Z1;Mělník,aut.nádr.;50.28969;14.49572
20260701_160902_L705;20260701_160902;01.07.2026;15:57:00;705;43;8687;11;U2580Z2;Poděbrady,žel.st.;50.1411;15.13083
20260701_160902_L653;20260701_160902;01.07.2026;15:54:00;653;22;1625;13;U2059Z2;Kaliště,Poddubí;49.89893;14.75377
20260701_160902_L548;20260701_160902;01.07.2026;15:29:00;548;30;9585;39;U9780Z2;Hořovice,nemocnice;49.83914;13.90925
20260701_160902_L626;20260701_160902;01.07.2026;15:55:00;626;14;7324;12;U4822Z2;Kladno,autobusové nádraží;50.225;14.16483
20260701_160902_L336;20260701_160902;01.07.2026;15:56:00;336;19;1444;11;U1142Z2;Praha,Zličín;50.05525;14.28873
20260701_160902_L380;20260701_160902;01.07.2026;15:58:00;380;2;9982;10;U1643Z2;Praha,Vypich;50.05198;14.2746
20260701_160902_L149;20260701_160902;01.07.2026;15:56:00;149;8;4178;12;U238Z1P;Stodůlky-Bavorská;50.05258;14.3596
20260701_160902_L154;20260701_160902;01.07.2026;15:57:00;154;1;3858;12;U453Z10P;Sídliště Libuš;50.05294;14.53616
20260701_161302_L300;20260701_161302;01.07.2026;16:00:00;300;2;8993;12;U462Z12;Smečno;50.09563;14.3475
20260701_161302_L188;20260701_161302;01.07.2026;15:59:00;188;9;5128;14;U827Z1P;Kavčí hory;50.07879;14.50826
20260701_161302_L687;20260701_161302;01.07.2026;16:00:00;687;3;7548;12;U6962Z3;Uhlířské Janovice,nám.;49.81262;15.18333
20260701_161302_L155;20260701_161302;01.07.2026;15:58:00;155;2;9466;13;U4572Z1P;Nemocnice Vinohrady;50.08835;14.49308
20260701_161302_L550;20260701_161302;01.07.2026;16:00:00;550;75;7889;12;U6491Z1;Vlašim,žel.st.;49.6378;14.64905
20260701_161302_L155;20260701_161302;01.07.2026;15:59:00;155;1;9120;13;U128Z1P;Poliklinika Malešice;50.08785;14.4908
20260701_161302_L384;20260701_161302;01.07.2026;16:01:00;384;27;9924;11;U9105Z2;Hořovice,nám.B.Němcové;49.91087;13.97619
20260701_161302_L136;20260701_161302;01.07.2026;16:00:00;136;3;5090;14;U29Z1P;Jižní Město;50.07328;14.47022
20260701_161302_L136;20260701_161302;01.07.2026;16:02:00;136;1;6780;10;U106Z2P;Jižní Město;50.02749;14.50779
20260701_161302_L120;20260701_161302;01.07.2026;16:02:00;120;10;3699;11;U347Z1P;Nádraží Radotín;50.0033;14.35252
20260701_161302_L136;20260701_161302;01.07.2026;15:59:00;136;7;5503;11;U134Z5P;Sídliště Čakovice;50.10781;14.50213
20260701_161302_L232;20260701_161302;01.07.2026;16:01:00;232;12;3641;11;U562Z2P;Smíchovské nádraží;50.05602;14.40533
20260701_161302_L725;20260701_161302;01.07.2026;15:34:00;725;67;9760;37;U31718Z1;Markvartice,pošta;50.43301;15.18548
20260701_161302_L752;20260701_161302;01.07.2026;16:00:00;752;44;7905;12;U1384Z6;Jílové u Prahy,náměstí;49.7792;14.68394
20260701_161302_L686;20260701_161302;01.07.2026;15:43:00;686;34;8034;27;U2315Z1;Úvaly,žel.st.;50.07402;14.72328
20260701_161302_L304;20260701_161302;01.07.2026;16:02:00;304;34;8403;10;U33Z4;Praha,Vypich;50.06177;14.3093
20260701_161302_L681;20260701_161302;01.07.2026;16:00:00;681;58;1643;11;U5896Z2;Kolín,nádraží;50.02233;15.21002
20260701_161302_L304;20260701_161302;01.07.2026;15:59:00;304;10;8387;13;U395Z3;Praha,Vypich;50.06678;14.3289
20260701_161302_L313;20260701_161302;01.07.2026;16:01:00;313;81;9827;10;U1635Z1;Černošice,žel.zast.;49.98485;14.27851
20260701_161302_L188;20260701_161302;01.07.2026;16:01:00;188;2;6920;11;U1055Z1P;Želivského;50.04858;14.43072
20260701_161302_L149;20260701_161302;01.07.2026;16:03:00;149;3;3936;10;U254Z5P;Stodůlky-Bavorská;50.07137;14.37966
20260701_161302_L199;20260701_161302;01.07.2026;16:00:00;199;3;4101;13;U660Z4P;Želivského;50.08331;14.50953
20260701_161302_L136;20260701_161302;01.07.2026;16:01:00;136;17;6795;12;U118Z4P;Jižní Město;50.0783;14.46065
20260701_161302_L120;20260701_161302;01.07.2026;15:59:00;120;1;3678;12;U1040Z21P;Nádraží Radotín;50.06552;14.40339
20260701_161302_L394;20260701_161302;01.07.2026;15:59:00;394;25;9870;13;U4272Z1;Zdice,nám.;49.96912;14.08
20260701_161302_L402;20260701_161302;01.07.2026;15:59:00;402;4;7672;11;U6962Z2;Praha,Roztyly;49.81195;15.18391
20260701_161302_L324;20260701_161302;01.07.2026;16:02:00;324;29;8994;10;U4310Z2;Praha,Zličín;50.13551;14.10523
20260701_161302_L332;20260701_161302;01.07.2026;15:58:00;332;21;9365;10;U488Z7;Praha,Budějovická;50.04501;14.44919
20260701_161302_L335;20260701_161302;01.07.2026;15:59:00;335;30;9136;13;U1532Z1;Kamenice,kult.dům;49.94223;14.54783
20260701_161302_L676;20260701_161302;01.07.2026;16:00:00;676;33;8623;11;U2973Z5;Loučeň;50.18951;15.04144
20260701_161302_L821;20260701_161302;01.07.2026;16:00:00;821;70;1611;12;U1984Z3;Horní Kruty;49.96634;14.96421
20260701_161302_L692;20260701_161302;01.07.2026;16:00:00;692;2;1359;12;U9192Z2;Kokořín,Šemanovice;50.42926;14.56582
20260701_161302_L715;20260701_161302;01.07.2026;16:02:00;715;37;8621;10;U6399Z1;Žďár,Žehrov;50.52918;15.00072
20260701_161302_L768;20260701_161302;01.07.2026;16:00:00;768;26;8559;12;U2977Z1;Byšice;50.31546;14.66689
20260701_161302_L467;20260701_161302;01.07.2026;16:00:00;467;15;8116;11;U4717Z4;Roudnice n.L.,ČSAD;50.42402;14.25882
20260701_161302_L712;20260701_161302;01.07.2026;15:48:00;712;6;9590;24;U6251Z1;Bělá p.Bezd.,Bezdědice;50.48296;14.70493
20260701_161302_L433;20260701_161302;01.07.2026;16:00:00;433;14;8602;12;U2973Z8;Pečky,žel.st.;50.19186;15.04405
20260701_161302_L687;20260701_161302;01.07.2026;16:00:00;687;12;7634;12;U6962Z4;Ledeč n.Sáz.,Husovo nám.;49.81205;15.18497
20260701_161302_L307;20260701_161302;01.07.2026;16:00:00;307;14;8974;12;U1141Z2;Kladno,autobusové nádraží;50.05491;14.29044
20260701_161302_L383;20260701_161302;01.07.2026;16:01:00;383;44;9177;11;U445Z1;Chocerady;50.01546;14.63228
20260701_161302_L459;20260701_161302;01.07.2026;16:01:00;459;72;7856;11;U6491Z1;Tábor,aut.nádr.;49.63753;14.65103
20260701_161302_L380;20260701_161302;01.07.2026;16:01:00;380;1;9972;11;U2373Z1;Králův Dvůr,Počaply,Obchodní centrum;49.98267;14.12499
20260701_161302_L394;20260701_161302;01.07.2026;16:00:00;394;22;9891;12;U602Z12;Zdice,nám.;50.05391;14.34951
20260701_161302_L395;20260701_161302;01.07.2026;16:01:00;395;54;9921;12;U337Z4;Praha,Smíchovské nádraží;50.05064;14.41009
20260701_161302_L120;20260701_161302;01.07.2026;16:01:00;120;6;4002;11;U1050Z1P;Pod Lochkovem;50.03507;14.37833
20260701_161302_L199;20260701_161302;01.07.2026;15:57:00;199;1;3951;15;U921Z6P;Sídliště Malešice;50.07779;14.48026
20260701_161302_L136;20260701_161302;01.07.2026;16:02:00;136;20;6992;11;U512Z5P;Jižní Město;50.09016;14.46639
20260701_161302_L231;20260701_161302;01.07.2026;16:00:00;231;4;3911;13;U252Z1P;Na Knížecí;50.05764;14.40192
20260701_161302_L136;20260701_161302;01.07.2026;15:59:00;136;2;6971;13;U751Z2P;Jižní Město;50.05255;14.47512
20260701_161302_L380;20260701_161302;01.07.2026;16:02:00;380;4;9981;10;U11012Z1;Praha,Vypich;49.93647;14.02459
20260701_161302_L548;20260701_161302;01.07.2026;15:29:00;548;30;9585;43;U9780Z2;Hořovice,nemocnice;49.83914;13.90925
20260701_161302_L626;20260701_161302;01.07.2026;15:58:00;626;14;7324;11;U2866Z2;Kladno,autobusové nádraží;50.21491;14.13477
20260701_161302_L356;20260701_161302;01.07.2026;16:03:00;356;32;8829;10;U1321Z1;Praha,Bořislavka;50.13306;14.29172
20260701_161302_L101;20260701_161302;01.07.2026;16:00:00;101;2;2305;10;U209Z4P;Zentiva;50.07775;14.45794
20260701_161302_L380;20260701_161302;01.07.2026;15:59:00;380;2;9982;12;U1142Z2;Praha,Vypich;50.05325;14.27759
20260701_161302_L149;20260701_161302;01.07.2026;16:00:00;149;8;4178;13;U602Z4P;Stodůlky-Bavorská;50.05123;14.35126
20260701_161302_L154;20260701_161302;01.07.2026;16:01:00;154;1;3858;12;U2707Z1P;Sídliště Libuš;50.04654;14.54981
20260701_161302_L375;20260701_161302;01.07.2026;16:00:00;375;10;8248;12;U3001Z2;Brandýs n.L.-St.Bol.,žel.st.;50.20421;14.68987
20260701_161702_L232;20260701_161702;01.07.2026;16:04:00;232;12;3641;12;U337Z10P;Smíchovské nádraží;50.0516;14.40909
20260701_161702_L136;20260701_161702;01.07.2026;16:02:00;136;3;5090;14;U680Z3P;Jižní Město;50.06838;14.46916
20260701_161702_L653;20260701_161702;01.07.2026;16:05:00;653;22;1625;12;U2090Z1;Kaliště,Poddubí;49.87751;14.76131
20260701_161702_L136;20260701_161702;01.07.2026;16:05:00;136;8;5506;11;U512Z4P;Sídliště Čakovice;50.09151;14.46868
20260701_161702_L231;20260701_161702;01.07.2026;16:04:00;231;4;3911;13;U965Z1P;Na Knížecí;50.06101;14.40475
20260701_161702_L195;20260701_161702;01.07.2026;16:04:00;195;5;6790;10;U574Z2P;Sídliště Letňany;50.09077;14.50169
20260701_161702_L136;20260701_161702;01.07.2026;16:02:00;136;7;5503;10;U474Z5P;Sídliště Čakovice;50.11726;14.50063
20260701_161702_L347;20260701_161702;01.07.2026;16:03:00;347;19;1444;13;U1141Z3;Chýně,nádraží;50.05637;14.28708
20260701_161702_L199;20260701_161702;01.07.2026;16:03:00;199;3;4101;14;U161Z2P;Želivského;50.08143;14.49647
20260701_161702_L725;20260701_161702;01.07.2026;15:34:00;725;67;9760;41;U31718Z1;Markvartice,pošta;50.43301;15.18548
20260701_161702_L687;20260701_161702;01.07.2026;16:04:00;687;3;7548;12;U6961Z1;Uhlířské Janovice,nám.;49.83022;15.17714
20260701_161702_L687;20260701_161702;01.07.2026;16:05:00;687;12;7634;11;U7064Z2;Ledeč n.Sáz.,Husovo nám.;49.8211;15.21176
20260701_161702_L136;20260701_161702;01.07.2026;16:05:00;136;17;6795;11;U855Z1P;Jižní Město;50.07456;14.46394
20260701_161702_L752;20260701_161702;01.07.2026;16:00:00;752;44;7905;16;U1384Z6;Jílové u Prahy,náměstí;49.77901;14.68384
20260701_161702_L188;20260701_161702;01.07.2026;16:04:00;188;2;6920;13;U385Z2P;Želivského;50.05185;14.4389
20260701_161702_L188;20260701_161702;01.07.2026;16:04:00;188;5;6930;13;U418Z1P;Kavčí hory;50.08035;14.48799
20260701_161702_L467;20260701_161702;01.07.2026;16:05:00;467;15;8116;11;U9877Z1;Roudnice n.L.,ČSAD;50.42451;14.24209
20260701_161702_L548;20260701_161702;01.07.2026;15:29:00;548;30;9585;47;U9780Z2;Hořovice,nemocnice;49.83914;13.90925
20260701_161702_L626;20260701_161702;01.07.2026;16:02:00;626;14;7324;11;U4773Z3;Kladno,autobusové nádraží;50.20936;14.12196
20260701_161702_L466;20260701_161702;01.07.2026;16:07:00;466;42;8019;10;U1794Z2;Mělník,aut.nádr.;50.35342;14.48222
20260701_161702_L470;20260701_161702;01.07.2026;16:07:00;470;51;8017;10;U1791Z1;Mělník,aut.nádr.;50.34058;14.49131
20260701_161702_L712;20260701_161702;01.07.2026;15:48:00;712;6;9590;28;U6251Z1;Bělá p.Bezd.,Bezdědice;50.48296;14.70493
20260701_161702_L433;20260701_161702;01.07.2026;16:03:00;433;14;8602;13;U3079Z2;Pečky,žel.st.;50.19092;15.03241
20260701_161702_L676;20260701_161702;01.07.2026;16:02:00;676;33;8623;12;U3078Z1;Loučeň;50.19641;15.03769
20260701_161702_L795;20260701_161702;01.07.2026;16:05:00;795;19;7848;11;U7317Z2;Zruč n.Sáz.,Sázavan;49.72655;15.05126
20260701_161702_L796;20260701_161702;01.07.2026;16:07:00;796;6;7825;10;U7962Z1;Benešov,Terminál;49.83545;14.73341
20260701_161702_L199;20260701_161702;01.07.2026;15:57:00;199;1;3951;18;U921Z6P;Sídliště Malešice;50.07728;14.48371
20260701_161702_L821;20260701_161702;01.07.2026;16:00:00;821;70;1611;13;U1984Z3;Horní Kruty;49.95844;14.95728
20260701_161702_L120;20260701_161702;01.07.2026;16:06:00;120;6;4002;11;U1127Z1P;Pod Lochkovem;50.02604;14.36838
20260701_161702_L120;20260701_161702;01.07.2026;16:02:00;120;1;3678;15;U302Z3P;Nádraží Radotín;50.06223;14.40577
20260701_161702_L383;20260701_161702;01.07.2026;16:01:00;383;44;9177;13;U445Z1;Chocerady;50.00619;14.65468
20260701_161702_L394;20260701_161702;01.07.2026;16:00:00;394;22;9891;13;U602Z12;Zdice,nám.;50.05154;14.29153
20260701_161702_L136;20260701_161702;01.07.2026;16:02:00;136;2;6971;15;U322Z3P;Jižní Město;50.04552;14.48469
20260701_161702_L560;20260701_161702;01.07.2026;16:07:00;560;62;8360;10;U6811Z2;Kolešovice;50.12;13.71389
20260701_161702_L188;20260701_161702;01.07.2026;16:04:00;188;9;5128;13;U713Z4P;Kavčí hory;50.07248;14.49129
20260701_161702_L110;20260701_161702;01.07.2026;16:07:00;110;3;1477;10;U769Z1P;Dolní Počernice;50.16446;14.52413
20260701_161702_L155;20260701_161702;01.07.2026;16:02:00;155;1;9120;14;U1160Z2P;Poliklinika Malešice;50.08496;14.50469
20260701_161702_L155;20260701_161702;01.07.2026;16:03:00;155;2;9466;13;U357Z1P;Nemocnice Vinohrady;50.08564;14.48224
20260701_161702_L300;20260701_161702;01.07.2026;16:00:00;300;2;8993;13;U462Z12;Smečno;50.09314;14.33054
20260701_161702_L304;20260701_161702;01.07.2026;16:07:00;304;34;8403;10;U394Z4;Praha,Vypich;50.06818;14.33542
20260701_161702_L307;20260701_161702;01.07.2026;16:00:00;307;14;8974;15;U1141Z2;Kladno,autobusové nádraží;50.05451;14.28183
20260701_161702_L307;20260701_161702;01.07.2026;16:05:00;307;10;8991;11;U1649Z1;Praha,Zličín;50.02838;14.20904
20260701_161702_L313;20260701_161702;01.07.2026;16:01:00;313;81;9827;11;U1635Z1;Černošice,žel.zast.;49.9784;14.26265
20260701_161702_L315;20260701_161702;01.07.2026;16:03:00;315;8;1863;14;U3063Z1;Mnichovo Hradiště,dopravní terminál;50.4105;14.92742
20260701_161702_L324;20260701_161702;01.07.2026;16:07:00;324;29;8994;10;U4318Z2;Praha,Zličín;50.12724;14.12385
20260701_161702_L335;20260701_161702;01.07.2026;16:03:00;335;30;9136;13;U1581Z1;Kamenice,kult.dům;49.94944;14.57109
20260701_161702_L154;20260701_161702;01.07.2026;16:07:00;154;8;3835;10;U784Z1P;Sídliště Libuš;50.053;14.4944
20260701_161702_L345;20260701_161702;01.07.2026;16:03:00;345;18;8672;10;U3063Z1;Liberec,aut.nádr.;50.4117;14.9125
20260701_161702_L347;20260701_161702;01.07.2026;16:05:00;347;17;8836;10;U1142Z2;Praha,Zličín;50.05535;14.28858
20260701_161702_L380;20260701_161702;01.07.2026;16:01:00;380;1;9972;12;U2373Z1;Králův Dvůr,Počaply,Obchodní centrum;49.97275;14.08938
20260701_161702_L380;20260701_161702;01.07.2026;16:03:00;380;2;9982;13;U1141Z5;Praha,Vypich;50.05478;14.29073
20260701_161702_L395;20260701_161702;01.07.2026;16:01:00;395;54;9921;14;U337Z4;Praha,Smíchovské nádraží;50.06016;14.40946
20260701_161702_L402;20260701_161702;01.07.2026;16:05:00;402;4;7672;11;U7094Z2;Praha,Roztyly;49.7841;15.17689
20260701_161702_L420;20260701_161702;01.07.2026;16:03:00;420;22;7513;11;U337Z4;Praha,Smíchovské nádraží;50.05932;14.40966
20260701_161702_L550;20260701_161702;01.07.2026;16:04:00;550;75;7889;11;U6515Z1;Vlašim,žel.st.;49.64374;14.69244
20260701_161702_L406;20260701_161702;01.07.2026;16:02:00;406;3;7933;14;U7983Z1;Vlašim,žel.st.;49.76863;14.73928
20260701_161702_L384;20260701_161702;01.07.2026;16:04:00;384;27;9924;13;U1229Z2;Hořovice,nám.B.Němcové;49.9004;13.96086
20260701_161702_L110;20260701_161702;01.07.2026;16:05:00;110;4;8103;10;U499Z6P;Obchodní centrum Čakovice;50.11371;14.52789
20260701_161702_L149;20260701_161702;01.07.2026;16:03:00;149;8;4178;12;U1130Z1P;Stodůlky-Bavorská;50.05445;14.33076
20260701_161702_L154;20260701_161702;01.07.2026;16:05:00;154;1;3858;12;U1001Z1P;Sídliště Libuš;50.04381;14.56705
20260701_161702_L149;20260701_161702;01.07.2026;16:03:00;149;3;3936;13;U254Z5P;Stodůlky-Bavorská;50.0702;14.38026
20260701_161702_L136;20260701_161702;01.07.2026;16:05:00;136;20;6992;11;U743Z2P;Jižní Město;50.08608;14.45554
20260701_161702_L136;20260701_161702;01.07.2026;16:07:00;136;18;6910;10;U771Z1P;Sídliště Čakovice;50.13484;14.50585
20260701_161702_L120;20260701_161702;01.07.2026;16:07:00;120;10;3699;10;U637Z1P;Nádraží Radotín;49.99007;14.34999
20260701_162103_L724;20260701_162103;01.07.2026;16:07:00;724;64;9425;14;U6274Z1;Libáň,aut.st.;50.39691;15.12705
20260701_162103_L231;20260701_162103;01.07.2026;16:07:00;231;9;4194;12;U1040Z21P;Dívčí hrady;50.06752;14.40237
20260701_162103_L752;20260701_162103;01.07.2026;16:00:00;752;44;7905;21;U1384Z6;Jílové u Prahy,náměstí;49.77925;14.68398
20260701_162103_L687;20260701_162103;01.07.2026;16:09:00;687;3;7548;11;U6959Z1;Uhlířské Janovice,nám.;49.84789;15.15257
20260701_162103_L195;20260701_162103;01.07.2026;16:08:00;195;5;6790;12;U13Z1P;Sídliště Letňany;50.09536;14.49609
20260701_162103_L548;20260701_162103;01.07.2026;15:29:00;548;30;9585;51;U9780Z2;Hořovice,nemocnice;49.83914;13.90925
20260701_162103_L442;20260701_162103;01.07.2026;16:10:00;442;5;1844;10;U3388Z1;Mladá Boleslav,aut.st.;50.40989;14.9205
20260701_162103_L304;20260701_162103;01.07.2026;16:10:00;304;34;8403;11;U444Z1;Praha,Vypich;50.07586;14.34434
20260701_162103_L232;20260701_162103;01.07.2026;16:04:00;232;12;3641;15;U337Z10P;Smíchovské nádraží;50.05854;14.40973
20260701_162103_L136;20260701_162103;01.07.2026;16:07:00;136;2;6971;14;U424Z1P;Jižní Město;50.03345;14.4993
20260701_162103_L154;20260701_162103;01.07.2026;16:10:00;154;1;3858;11;U1012Z1P;Sídliště Libuš;50.03519;14.55957
20260701_162103_L188;20260701_162103;01.07.2026;16:09:00;188;2;6920;12;U263Z5P;Želivského;50.06072;14.44872
20260701_162103_L136;20260701_162103;01.07.2026;16:07:00;136;3;5090;14;U183Z3P;Jižní Město;50.05609;14.47156
20260701_162103_L626;20260701_162103;01.07.2026;16:08:00;626;14;7324;11;U4771Z2;Kladno,autobusové nádraží;50.19281;14.11602
20260701_162103_L164;20260701_162103;01.07.2026;16:10:00;164;4;1958;11;U563Z2P;Malovanka;50.0858;14.37872
20260701_162103_L725;20260701_162103;01.07.2026;15:34:00;725;67;9760;45;U31718Z1;Markvartice,pošta;50.43301;15.18548
20260701_162103_L318;20260701_162103;01.07.2026;16:11:00;318;50;7911;10;U814Z1;Praha,Smíchovské nádraží;49.97557;14.39302
20260701_162103_L324;20260701_162103;01.07.2026;16:11:00;324;29;8994;10;U4315Z2;Praha,Zličín;50.13451;14.13764
20260701_162103_L335;20260701_162103;01.07.2026;16:07:00;335;30;9136;13;U1579Z1;Kamenice,kult.dům;49.92992;14.58952
20260701_162103_L313;20260701_162103;01.07.2026;16:09:00;313;81;9827;11;U1637Z1;Černošice,žel.zast.;49.98419;14.23387
20260701_162103_L459;20260701_162103;01.07.2026;16:10:00;459;72;7856;10;U6438Z5;Tábor,aut.nádr.;49.56935;14.65937
20260701_162103_L550;20260701_162103;01.07.2026;16:10:00;550;75;7889;11;U6562Z1;Vlašim,žel.st.;49.65301;14.73105
20260701_162103_L712;20260701_162103;01.07.2026;16:08:00;712;9;9591;12;U4068Z2;Mladá Boleslav,aut.st.;50.41577;14.90156
20260701_162103_L691;20260701_162103;01.07.2026;16:07:00;691;40;7984;12;U1794Z2;Mělník,aut.nádr.;50.35033;14.48956
20260701_162103_L307;20260701_162103;01.07.2026;16:09:00;307;10;8991;12;U1649Z2;Praha,Zličín;50.02703;14.21269
20260701_162103_L342;20260701_162103;01.07.2026;16:10:00;342;1;7702;10;U85Z1;Praha,Nádraží Veleslavín;50.09257;14.3272
20260701_162103_L347;20260701_162103;01.07.2026;16:03:00;347;19;1444;16;U1141Z3;Chýně,nádraží;50.05386;14.27983
20260701_162103_L356;20260701_162103;01.07.2026;16:11:00;356;32;8829;10;U1201Z2;Praha,Bořislavka;50.1466;14.3322
20260701_162103_L402;20260701_162103;01.07.2026;16:08:00;402;4;7672;12;U7092Z2;Praha,Roztyly;49.75877;15.15057
20260701_162103_L404;20260701_162103;01.07.2026;16:10:00;404;11;8373;10;U9902Z1;Kralovice;50.13985;13.86702
20260701_162103_L406;20260701_162103;01.07.2026;16:07:00;406;3;7933;13;U7856Z1;Vlašim,žel.st.;49.74785;14.78906
20260701_162103_L380;20260701_162103;01.07.2026;16:07:00;380;2;9982;13;U466Z2;Praha,Vypich;50.06092;14.30415
20260701_162103_L380;20260701_162103;01.07.2026;16:11:00;380;4;9981;10;U4965Z2;Praha,Vypich;49.95241;14.04809
20260701_162103_L383;20260701_162103;01.07.2026;16:07:00;383;44;9177;14;U1878Z1;Chocerady;49.99908;14.66808
20260701_162103_L318;20260701_162103;01.07.2026;16:08:00;318;9;7955;11;U337Z4;Praha,Smíchovské nádraží;50.05569;14.40912
20260701_162103_L796;20260701_162103;01.07.2026;16:09:00;796;6;7825;10;U7963Z2;Benešov,Terminál;49.82762;14.74741
20260701_162103_L499;20260701_162103;01.07.2026;16:07:00;499;13;8698;11;U3078Z1;Loučeň;50.19825;15.03801
20260701_162103_L445;20260701_162103;01.07.2026;16:10:00;445;18;7403;10;U1904Z1;Jílové u Prahy,náměstí;49.92816;14.42812
20260701_162103_L136;20260701_162103;01.07.2026;16:11:00;136;8;5506;10;U498Z1P;Sídliště Čakovice;50.10054;14.491
20260701_162103_L687;20260701_162103;01.07.2026;16:08:00;687;12;7634;11;U6964Z1;Ledeč n.Sáz.,Husovo nám.;49.79637;15.21344
20260701_162103_L110;20260701_162103;01.07.2026;16:10:00;110;3;1477;10;U752Z1P;Dolní Počernice;50.16165;14.51481
20260701_162103_L188;20260701_162103;01.07.2026;16:07:00;188;5;6930;14;U660Z1P;Kavčí hory;50.08273;14.50615
20260701_162103_L345;20260701_162103;01.07.2026;16:07:00;345;18;8672;10;U3389Z1;Liberec,aut.nádr.;50.41904;14.91551
20260701_162103_L712;20260701_162103;01.07.2026;15:48:00;712;6;9590;33;U6251Z1;Bělá p.Bezd.,Bezdědice;50.48296;14.70493
20260701_162103_L380;20260701_162103;01.07.2026;16:01:00;380;1;9972;15;U2373Z1;Králův Dvůr,Počaply,Obchodní centrum;49.96971;14.08117
20260701_162103_L795;20260701_162103;01.07.2026;16:05:00;795;19;7848;14;U7317Z2;Zruč n.Sáz.,Sázavan;49.72339;15.05637
20260701_162103_L199;20260701_162103;01.07.2026;15:57:00;199;1;3951;22;U921Z6P;Sídliště Malešice;50.07697;14.48795
20260701_162103_L120;20260701_162103;01.07.2026;16:07:00;120;6;4002;13;U720Z1P;Pod Lochkovem;50.02552;14.35722
20260701_162103_L188;20260701_162103;01.07.2026;16:06:00;188;9;5128;15;U459Z3P;Kavčí hory;50.06901;14.49129
20260701_162103_L337;20260701_162103;01.07.2026;16:08:00;337;12;9127;11;U1330Z1;Benešov,Terminál;49.95789;14.52916
20260701_162103_L155;20260701_162103;01.07.2026;16:07:00;155;1;9120;14;U660Z4P;Poliklinika Malešice;50.0832;14.50853
20260701_162103_L136;20260701_162103;01.07.2026;16:10:00;136;17;6795;10;U680Z3P;Jižní Město;50.06833;14.46929
20260701_162103_L110;20260701_162103;01.07.2026;16:09:00;110;4;8103;12;U1000Z12P;Obchodní centrum Čakovice;50.12592;14.51675
20260701_162103_L231;20260701_162103;01.07.2026;16:04:00;231;4;3911;15;U965Z1P;Na Knížecí;50.0643;14.40436
20260701_162103_L125;20260701_162103;01.07.2026;16:07:00;125;13;5077;13;U337Z4P;Smíchovské nádraží;50.05111;14.40967
20260701_162103_L136;20260701_162103;01.07.2026;16:07:00;136;20;6992;13;U516Z3P;Jižní Město;50.08208;14.45934
20260701_162103_L136;20260701_162103;01.07.2026;16:09:00;136;7;5503;11;U606Z1P;Sídliště Čakovice;50.12259;14.50711
20260701_162103_L149;20260701_162103;01.07.2026;16:03:00;149;3;3936;17;U254Z5P;Stodůlky-Bavorská;50.06989;14.38034
20260701_162503_L231;20260701_162503;01.07.2026;16:07:00;231;9;4194;15;U1040Z21P;Dívčí hrady;50.06592;14.4032
20260701_162503_L125;20260701_162503;01.07.2026;16:12:00;125;5;5109;10;U181Z2P;Smíchovské nádraží;50.03791;14.46427
20260701_162503_L120;20260701_162503;01.07.2026;16:10:00;120;1;3678;15;U831Z1P;Nádraží Radotín;50.04134;14.39612
20260701_162503_L188;20260701_162503;01.07.2026;16:13:00;188;2;6920;12;U550Z2P;Želivského;50.05658;14.46554
20260701_162503_L402;20260701_162503;01.07.2026;16:11:00;402;4;7672;13;U7091Z2;Praha,Roztyly;49.74557;15.12378
20260701_162503_L318;20260701_162503;01.07.2026;16:08:00;318;9;7955;14;U337Z4;Praha,Smíchovské nádraží;50.05728;14.40946
20260701_162503_L154;20260701_162503;01.07.2026;16:12:00;154;1;3858;10;U491Z1P;Sídliště Libuš;50.0334;14.54022
20260701_162503_L136;20260701_162503;01.07.2026;16:14:00;136;8;5506;10;U134Z5P;Sídliště Čakovice;50.10172;14.50325
20260701_162503_L188;20260701_162503;01.07.2026;16:06:00;188;9;5128;17;U459Z3P;Kavčí hory;50.06597;14.49908
20260701_162503_L676;20260701_162503;01.07.2026;16:11:00;676;33;8623;13;U9553Z2;Loučeň;50.20764;15.05581
20260701_162503_L332;20260701_162503;01.07.2026;16:14:00;332;2;9192;11;U4506Z2;Neveklov;49.84298;14.52744
20260701_162503_L459;20260701_162503;01.07.2026;16:14:00;459;72;7856;10;U6442Z1;Tábor,aut.nádr.;49.53515;14.65881
20260701_162503_L550;20260701_162503;01.07.2026;16:13:00;550;75;7889;10;U6573Z1;Vlašim,žel.st.;49.64319;14.76504
20260701_162503_L752;20260701_162503;01.07.2026;16:00:00;752;44;7905;24;U1384Z6;Jílové u Prahy,náměstí;49.78123;14.68025
20260701_162503_L712;20260701_162503;01.07.2026;16:11:00;712;9;9591;13;U3391Z2;Mladá Boleslav,aut.st.;50.41433;14.9094
20260701_162503_L712;20260701_162503;01.07.2026;15:48:00;712;6;9590;36;U6251Z1;Bělá p.Bezd.,Bezdědice;50.48296;14.70493
20260701_162503_L725;20260701_162503;01.07.2026;15:34:00;725;67;9760;49;U31718Z1;Markvartice,pošta;50.43301;15.18548
20260701_162503_L687;20260701_162503;01.07.2026;16:13:00;687;3;7548;11;U6957Z1;Uhlířské Janovice,nám.;49.85956;15.12323
20260701_162503_L675;20260701_162503;01.07.2026;16:11:00;675;55;1648;13;U4980Z2;Cerhenice,Náměstí Míru;50.03202;15.18105
20260701_162503_L204;20260701_162503;01.07.2026;16:14:00;204;71;9011;10;U741Z1P;Sídliště Petrovice;50.06837;14.54477
20260701_162503_L304;20260701_162503;01.07.2026;16:10:00;304;22;8388;11;U9291Z5;Rakovník,aut.st.;50.14084;13.9226
20260701_162503_L307;20260701_162503;01.07.2026;16:15:00;307;10;8991;10;U1646Z2;Praha,Zličín;50.03687;14.23941
20260701_162503_L307;20260701_162503;01.07.2026;16:15:00;307;11;8952;10;U4314Z2;Praha,Zličín;50.14537;14.10599
20260701_162503_L313;20260701_162503;01.07.2026;16:14:00;313;81;9827;11;U1658Z21;Černošice,žel.zast.;49.99256;14.20688
20260701_162503_L314;20260701_162503;01.07.2026;16:10:00;314;47;7850;12;U337Z4;Praha,Smíchovské nádraží;50.05954;14.40965
20260701_162503_L384;20260701_162503;01.07.2026;16:12:00;384;27;9924;12;U1231Z1;Hořovice,nám.B.Němcové;49.8671;13.89642
20260701_162503_L392;20260701_162503;01.07.2026;16:11:00;392;44;9912;12;U337Z4;Praha,Smíchovské nádraží;50.05932;14.40958
20260701_162503_L398;20260701_162503;01.07.2026;16:13:00;398;27;1683;10;U1278Z2;Praha,Černý Most;50.14305;14.78713
20260701_162503_L400;20260701_162503;01.07.2026;16:11:00;400;56;1088;13;U1794Z1;Nový Bor,aut.nádr.;50.35345;14.48229
20260701_162503_L414;20260701_162503;01.07.2026;16:14:00;414;20;1290;10;U85Z1;Praha,Nádraží Veleslavín;50.09304;14.33133
20260701_162503_L380;20260701_162503;01.07.2026;16:11:00;380;2;9982;14;U395Z3;Praha,Vypich;50.06603;14.32625
20260701_162503_L380;20260701_162503;01.07.2026;16:14:00;380;4;9981;10;U1749Z2;Praha,Vypich;49.95821;14.05397
20260701_162503_L795;20260701_162503;01.07.2026;16:10:00;795;19;7848;15;U7512Z1;Zruč n.Sáz.,Sázavan;49.7109;15.08517
20260701_162503_L342;20260701_162503;01.07.2026;16:10:00;342;1;7702;13;U85Z1;Praha,Nádraží Veleslavín;50.09574;14.34697
20260701_162503_L336;20260701_162503;01.07.2026;16:13:00;336;17;8836;10;U1141Z3;Jeneč,Lidická;50.05445;14.28165
20260701_162503_L110;20260701_162503;01.07.2026;16:14:00;110;3;1477;11;U368Z2P;Dolní Počernice;50.14996;14.50893
20260701_162503_L163;20260701_162503;01.07.2026;16:14:00;163;52;9400;10;U903Z1P;Sídliště Rohožník;50.07382;14.67335
20260701_162503_L408;20260701_162503;01.07.2026;16:10:00;408;69;7900;13;U1384Z16;Tábor,aut.nádr.;49.78244;14.68156
20260701_162503_L136;20260701_162503;01.07.2026;16:15:00;136;18;6910;10;U791Z1P;Sídliště Čakovice;50.15163;14.52186
20260701_162503_L678;20260701_162503;01.07.2026;16:14:00;678;33;8557;10;U9599Z1;Pečky,žel.st.;50.1142;15.12855
20260701_162503_L641;20260701_162503;01.07.2026;16:13:00;641;14;9573;11;U4964Z2;Beroun,autobusové nádraží;49.96554;14.06903
20260701_162503_L332;20260701_162503;01.07.2026;16:14:00;332;20;9939;10;U1522Z1;Jílové u Prahy,náměstí;49.98542;14.49405
20260701_162503_L101;20260701_162503;01.07.2026;16:12:00;101;2;2305;11;U269Z6P;Zentiva;50.06877;14.46777
20260701_162503_L188;20260701_162503;01.07.2026;16:12:00;188;6;6979;11;U921Z6P;Kavčí hory;50.07695;14.48746
20260701_162503_L442;20260701_162503;01.07.2026;16:13:00;442;5;1844;10;U3389Z1;Mladá Boleslav,aut.st.;50.41665;14.91175
20260701_162503_L499;20260701_162503;01.07.2026;16:12:00;499;13;8698;12;U3142Z1;Loučeň;50.2091;15.03372
20260701_162503_L548;20260701_162503;01.07.2026;15:29:00;548;30;9585;55;U9780Z2;Hořovice,nemocnice;49.83914;13.90925
20260701_162503_L626;20260701_162503;01.07.2026;16:14:00;626;14;7324;10;U4601Z2;Kladno,autobusové nádraží;50.17265;14.10781
20260701_162503_L120;20260701_162503;01.07.2026;16:10:00;120;6;4002;15;U216Z1P;Pod Lochkovem;50.02077;14.35908
20260701_162503_L406;20260701_162503;01.07.2026;16:10:00;406;3;7933;14;U7609Z1;Vlašim,žel.st.;49.73215;14.8275
20260701_162503_L691;20260701_162503;01.07.2026;16:07:00;691;40;7984;16;U1794Z2;Mělník,aut.nádr.;50.35033;14.48956
20260701_162503_L188;20260701_162503;01.07.2026;16:12:00;188;3;6922;12;U663Z2P;Želivského;50.04946;14.43485
20260701_162503_L337;20260701_162503;01.07.2026;16:14:00;337;12;9127;11;U1533Z3;Benešov,Terminál;49.93812;14.55357
20260701_162503_L195;20260701_162503;01.07.2026;16:11:00;195;5;6790;13;U134Z5P;Sídliště Letňany;50.10095;14.50288
20260701_162503_L356;20260701_162503;01.07.2026;16:14:00;356;32;8829;10;U1137Z2;Praha,Bořislavka;50.13259;14.33715
20260701_162503_L110;20260701_162503;01.07.2026;16:12:00;110;4;8103;12;U771Z1P;Obchodní centrum Čakovice;50.13885;14.50486
20260701_162503_L196;20260701_162503;01.07.2026;16:12:00;196;8;5006;10;U337Z13P;Smíchovské nádraží;50.05897;14.40968
20260701_162503_L821;20260701_162503;01.07.2026;16:12:00;821;70;1611;12;U2381Z1;Horní Kruty;49.94833;14.95552
20260701_162503_L154;20260701_162503;01.07.2026;16:15:00;154;8;3835;10;U453Z7P;Sídliště Libuš;50.05299;14.53557
20260701_162503_L334;20260701_162503;01.07.2026;16:12:00;334;42;7819;11;U337Z4;Praha,Smíchovské nádraží;50.05535;14.40911
20260701_162503_L125;20260701_162503;01.07.2026;16:07:00;125;13;5077;16;U337Z4P;Smíchovské nádraží;50.05648;14.4093
20260701_162503_L136;20260701_162503;01.07.2026;16:15:00;136;7;5503;10;U771Z1P;Sídliště Čakovice;50.13409;14.50621
20260701_162905_L154;20260701_162905;01.07.2026;16:18:00;154;1;3858;10;U386Z2P;Sídliště Libuš;50.03208;14.52308
20260701_162905_L320;20260701_162905;01.07.2026;16:15:00;320;1;1177;12;U337Z4;Praha,Smíchovské nádraží;50.05682;14.40929
20260701_162905_L125;20260701_162905;01.07.2026;16:12:00;125;5;5109;12;U181Z2P;Smíchovské nádraží;50.03712;14.44871
20260701_162905_L188;20260701_162905;01.07.2026;16:06:00;188;9;5128;20;U459Z3P;Kavčí hory;50.06465;14.50385
20260701_162905_L395;20260701_162905;01.07.2026;16:16:00;395;21;9880;11;U337Z4;Praha,Smíchovské nádraží;50.05855;14.40965
20260701_162905_L209;20260701_162905;01.07.2026;16:19:00;209;42;9124;10;U1283Z1P;Nádraží Uhříněves;50.06972;14.6498
20260701_162905_L304;20260701_162905;01.07.2026;16:18:00;304;22;8388;10;U4298Z1;Rakovník,aut.st.;50.15244;13.89947
20260701_162905_L136;20260701_162905;01.07.2026;16:17:00;136;8;5506;12;U474Z5P;Sídliště Čakovice;50.11095;14.50254
20260701_162905_L188;20260701_162905;01.07.2026;16:14:00;188;2;6920;14;U183Z2P;Želivského;50.05689;14.47058
20260701_162905_L406;20260701_162905;01.07.2026;16:15:00;406;13;7943;14;U2139Z2;Čechtice;49.78992;14.68287
20260701_162905_L136;20260701_162905;01.07.2026;16:18:00;136;17;6795;10;U697Z3P;Jižní Město;50.0477;14.48191
20260701_162905_L445;20260701_162905;01.07.2026;16:18:00;445;18;7403;10;U1586Z1;Jílové u Prahy,náměstí;49.89745;14.46944
20260701_162905_L136;20260701_162905;01.07.2026;16:18:00;136;16;5025;11;U69Z2P;Jižní Město;50.08885;14.46096
20260701_162905_L730;20260701_162905;01.07.2026;16:15:00;730;3;10270;13;U897Z63;Vítkovice,Horní Mísečky;50.10857;14.57668
20260701_162905_L408;20260701_162905;01.07.2026;16:16:00;408;69;7900;13;U5882Z1;Tábor,aut.nádr.;49.76875;14.67904
20260701_162905_L207;20260701_162905;01.07.2026;16:18:00;207;15;3976;11;U789Z2P;Staroměstská;50.08674;14.44586
20260701_162905_L188;20260701_162905;01.07.2026;16:16:00;188;6;6979;13;U548Z1P;Kavčí hory;50.08197;14.50098
20260701_162905_L406;20260701_162905;01.07.2026;16:15:00;406;3;7933;14;U5799Z1;Vlašim,žel.st.;49.71288;14.87221
20260701_162905_L188;20260701_162905;01.07.2026;16:15:00;188;5;6930;14;U599Z2P;Kavčí hory;50.07046;14.48866
20260701_162905_L332;20260701_162905;01.07.2026;16:18:00;332;2;9192;11;U4519Z2;Neveklov;49.82295;14.52494
20260701_162905_L318;20260701_162905;01.07.2026;16:08:00;318;9;7955;19;U337Z4;Praha,Smíchovské nádraží;50.05964;14.40964
20260701_162905_L338;20260701_162905;01.07.2026;16:16:00;338;43;1144;11;U337Z4;Praha,Smíchovské nádraží;50.05905;14.40971
20260701_162905_L380;20260701_162905;01.07.2026;16:15:00;380;1;9972;14;U4766Z1;Králův Dvůr,Počaply,Obchodní centrum;49.95606;14.04969
20260701_162905_L641;20260701_162905;01.07.2026;16:16:00;641;14;9573;11;U1746Z1;Beroun,autobusové nádraží;49.956;14.06539
20260701_162905_L678;20260701_162905;01.07.2026;16:18:00;678;33;8557;10;U9597Z2;Pečky,žel.st.;50.09226;15.13392
20260701_162905_L356;20260701_162905;01.07.2026;16:19:00;356;32;8829;10;U1214Z2;Praha,Bořislavka;50.1117;14.35696
20260701_162905_L101;20260701_162905;01.07.2026;16:16:00;101;2;2305;12;U37Z1P;Zentiva;50.06043;14.46955
20260701_162905_L795;20260701_162905;01.07.2026;16:14:00;795;19;7848;15;U5868Z1;Zruč n.Sáz.,Sázavan;49.72879;15.07846
20260701_162905_L550;20260701_162905;01.07.2026;16:18:00;550;75;7889;10;U6588Z1;Vlašim,žel.st.;49.63248;14.81316
20260701_162905_L120;20260701_162905;01.07.2026;16:14:00;120;1;3678;15;U1191Z1P;Nádraží Radotín;50.03659;14.38327
20260701_162905_L110;20260701_162905;01.07.2026;16:16:00;110;3;1477;12;U125Z2P;Dolní Počernice;50.1384;14.50475
20260701_162905_L136;20260701_162905;01.07.2026;16:17:00;136;7;5503;10;U125Z1P;Sídliště Čakovice;50.13955;14.5049
20260701_162905_L318;20260701_162905;01.07.2026;16:19:00;318;50;7911;10;U355Z2;Praha,Smíchovské nádraží;50.02501;14.3949
20260701_162905_L324;20260701_162905;01.07.2026;16:17:00;324;29;8994;10;U4303Z51;Praha,Zličín;50.15211;14.1835
20260701_162905_L335;20260701_162905;01.07.2026;16:17:00;335;30;9136;11;U1536Z3;Kamenice,kult.dům;49.91482;14.58137
20260701_162905_L336;20260701_162905;01.07.2026;16:16:00;336;17;8836;10;U1643Z1;Jeneč,Lidická;50.05876;14.24633
20260701_162905_L384;20260701_162905;01.07.2026;16:18:00;384;27;9924;11;U9615Z2;Hořovice,nám.B.Němcové;49.84292;13.89088
20260701_162905_L380;20260701_162905;01.07.2026;16:16:00;380;2;9982;13;U306Z1;Praha,Vypich;50.07471;14.34048
20260701_162905_L402;20260701_162905;01.07.2026;16:15:00;402;4;7672;14;U7057Z71;Praha,Roztyly;49.74276;15.10361
20260701_162905_L188;20260701_162905;01.07.2026;16:16:00;188;3;6922;13;U640Z2P;Želivského;50.05407;14.44243
20260701_162905_L231;20260701_162905;01.07.2026;16:07:00;231;9;4194;19;U1040Z21P;Dívčí hrady;50.06327;14.40519
20260701_162905_L190;20260701_162905;01.07.2026;16:14:00;190;2;5026;12;U337Z4P;Smíchovské nádraží;50.05899;14.40969
20260701_162905_L560;20260701_162905;01.07.2026;16:19:00;560;62;8360;10;U6816Z2;Kolešovice;50.14597;13.63595
20260701_162905_L195;20260701_162905;01.07.2026;16:14:00;195;5;6790;15;U474Z5P;Sídliště Letňany;50.11096;14.50243
20260701_162905_L332;20260701_162905;01.07.2026;16:18:00;332;20;9939;11;U1332Z1;Jílové u Prahy,náměstí;49.96987;14.5089
20260701_162905_L382;20260701_162905;01.07.2026;16:16:00;382;7;9362;10;U1886Z1;Sázava,aut.st.;49.98821;14.70953
20260701_162905_L313;20260701_162905;01.07.2026;16:14:00;313;81;9827;12;U1658Z21;Černošice,žel.zast.;49.97795;14.19184
20260701_162905_L548;20260701_162905;01.07.2026;15:29:00;548;30;9585;59;U9780Z2;Hořovice,nemocnice;49.83914;13.90925
20260701_162905_L337;20260701_162905;01.07.2026;16:18:00;337;12;9127;11;U2288Z1;Benešov,Terminál;49.92287;14.57553
20260701_162905_L499;20260701_162905;01.07.2026;16:16:00;499;13;8698;13;U3037Z1;Loučeň;50.23607;15.02226
20260701_162905_L676;20260701_162905;01.07.2026;16:15:00;676;33;8623;12;U9555Z2;Loučeň;50.23078;15.05087
20260701_162905_L120;20260701_162905;01.07.2026;16:14:00;120;6;4002;15;U120Z1P;Pod Lochkovem;50.01064;14.35684
20260701_162905_L821;20260701_162905;01.07.2026;16:14:00;821;70;1611;12;U2382Z1;Horní Kruty;49.93841;14.98099
20260701_162905_L687;20260701_162905;01.07.2026;16:16:00;687;3;7548;12;U6956Z1;Uhlířské Janovice,nám.;49.857;15.10384
20260701_162905_L646;20260701_162905;01.07.2026;16:16:00;646;11;8082;12;U1794Z2;Mělník,aut.nádr.;50.35007;14.48732
20260701_162905_L691;20260701_162905;01.07.2026;16:07:00;691;40;7984;20;U1794Z2;Mělník,aut.nádr.;50.35033;14.48956
20260701_162905_L712;20260701_162905;01.07.2026;15:48:00;712;6;9590;41;U6251Z1;Bělá p.Bezd.,Bezdědice;50.48296;14.70493
20260701_162905_L307;20260701_162905;01.07.2026;16:19:00;307;10;8991;10;U1968Z2;Praha,Zličín;50.04718;14.26369
20260701_162905_L204;20260701_162905;01.07.2026;16:17:00;204;71;9011;10;U3240Z3P;Sídliště Petrovice;50.06566;14.54998
20260701_162905_L349;20260701_162905;01.07.2026;16:19:00;349;24;8207;10;U1793Z3;Mělník,Mlazice;50.34988;14.48892
20260701_162905_L136;20260701_162905;01.07.2026;16:14:00;136;3;5090;15;U181Z1P;Jižní Město;50.04015;14.49012
20260701_162905_L125;20260701_162905;01.07.2026;16:14:00;125;52;6866;13;U337Z4P;Smíchovské nádraží;50.05594;14.40918
20260701_162905_L196;20260701_162905;01.07.2026;16:12:00;196;8;5006;13;U337Z13P;Smíchovské nádraží;50.06051;14.40949
20260701_162905_L120;20260701_162905;01.07.2026;16:14:00;120;8;3998;12;U1040Z21P;Pod Lochkovem;50.06397;14.40442
20260701_162905_L334;20260701_162905;01.07.2026;16:12:00;334;42;7819;14;U337Z4;Praha,Smíchovské nádraží;50.05639;14.40926
20260701_162905_L125;20260701_162905;01.07.2026;16:07:00;125;13;5077;19;U337Z4P;Smíchovské nádraží;50.05817;14.40965
20260701_162905_L167;20260701_162905;01.07.2026;16:16:00;167;54;5037;10;U254Z6P;Na Knížecí;50.07109;14.3915
20260701_162905_L136;20260701_162905;01.07.2026;16:16:00;136;21;6814;12;U118Z4P;Jižní Město;50.07814;14.46094
20260701_162905_L207;20260701_162905;01.07.2026;16:16:00;207;17;3875;12;U593Z1P;Staroměstská;50.08961;14.41617
20260701_163305_L730;20260701_163305;01.07.2026;16:15:00;730;3;10270;17;U897Z63;Vítkovice,Horní Mísečky;50.10847;14.57571
20260701_163305_L110;20260701_163305;01.07.2026;16:21:00;110;3;1477;12;U1000Z3P;Dolní Počernice;50.12566;14.51652
20260701_163305_L406;20260701_163305;01.07.2026;16:18:00;406;13;7943;11;U1384Z16;Čechtice;49.77986;14.68398
20260701_163305_L380;20260701_163305;01.07.2026;16:18:00;380;1;9972;15;U1748Z1;Králův Dvůr,Počaply,Obchodní centrum;49.94867;14.0384
20260701_163305_L307;20260701_163305;01.07.2026;16:19:00;307;10;8991;13;U1968Z2;Praha,Zličín;50.04878;14.26652
20260701_163305_L125;20260701_163305;01.07.2026;16:12:00;125;5;5109;14;U181Z2P;Smíchovské nádraží;50.03334;14.43869
20260701_163305_L241;20260701_163305;01.07.2026;16:18:00;241;9;3932;12;U337Z4P;Smíchovské nádraží;50.05965;14.40963
20260701_163305_L136;20260701_163305;01.07.2026;16:18:00;136;20;6992;14;U680Z3P;Jižní Město;50.06838;14.46918
20260701_163305_L228;20260701_163305;01.07.2026;16:21:00;228;13;9118;11;U1385Z1P;Benice;50.01892;14.60601
20260701_163305_L332;20260701_163305;01.07.2026;16:20:00;332;20;9939;12;U1330Z1;Jílové u Prahy,náměstí;49.96418;14.51958
20260701_163305_L335;20260701_163305;01.07.2026;16:22:00;335;5;9181;11;U4861Z1;Kamenice,kult.dům;49.99493;14.48749
20260701_163305_L105;20260701_163305;01.07.2026;16:22:00;105;2;3749;10;U458Z9P;Filmové ateliéry Barrandov;50.05797;14.40949
20260701_163305_L550;20260701_163305;01.07.2026;16:21:00;550;75;7889;10;U4087Z2;Vlašim,žel.st.;49.65363;14.82114
20260701_163305_L408;20260701_163305;01.07.2026;16:18:00;408;69;7900;13;U4554Z1;Tábor,aut.nádr.;49.74493;14.67311
20260701_163305_L324;20260701_163305;01.07.2026;16:19:00;324;29;8994;11;U4304Z1;Praha,Zličín;50.14566;14.19769
20260701_163305_L332;20260701_163305;01.07.2026;16:20:00;332;2;9192;13;U2510Z4;Neveklov;49.81617;14.51833
20260701_163305_L335;20260701_163305;01.07.2026;16:20:00;335;30;9136;12;U1573Z1;Kamenice,kult.dům;49.90525;14.5615
20260701_163305_L304;20260701_163305;01.07.2026;16:19:00;304;22;8388;11;U9312Z2;Rakovník,aut.st.;50.15159;13.87796
20260701_163305_L204;20260701_163305;01.07.2026;16:22:00;204;71;9011;10;U1099Z1P;Sídliště Petrovice;50.05305;14.56562
20260701_163305_L307;20260701_163305;01.07.2026;16:20:00;307;12;8959;11;U1141Z2;Červený Újezd;50.05401;14.28041
20260701_163305_L337;20260701_163305;01.07.2026;16:20:00;337;12;9127;12;U1538Z1;Benešov,Terminál;49.90964;14.58559
20260701_163305_L345;20260701_163305;01.07.2026;16:18:00;345;18;8672;13;U3392Z1;Liberec,aut.nádr.;50.43371;14.92661
20260701_163305_L356;20260701_163305;01.07.2026;16:21:00;356;32;8829;10;U199Z3;Praha,Bořislavka;50.10267;14.35535
20260701_163305_L365;20260701_163305;01.07.2026;16:18:00;365;8;8820;11;U4110Z1;Stochov,nám.;50.11658;14.04518
20260701_163305_L370;20260701_163305;01.07.2026;16:21:00;370;23;8068;10;U2219Z1;Praha,Kobylisy;50.17485;14.45005
20260701_163305_L395;20260701_163305;01.07.2026;16:16:00;395;21;9880;15;U337Z4;Praha,Smíchovské nádraží;50.06065;14.40945
20260701_163305_L384;20260701_163305;01.07.2026;16:21:00;384;27;9924;10;U9616Z5;Hořovice,nám.B.Němcové;49.83802;13.90337
20260701_163305_L398;20260701_163305;01.07.2026;16:21:00;398;27;1683;11;U2921Z2;Praha,Černý Most;50.12859;14.71368
20260701_163305_L402;20260701_163305;01.07.2026;16:18:00;402;4;7672;12;U7159Z71;Praha,Roztyly;49.74388;15.08732
20260701_163305_L406;20260701_163305;01.07.2026;16:19:00;406;3;7933;13;U5786Z2;Vlašim,žel.st.;49.71;14.89722
20260701_163305_L385;20260701_163305;01.07.2026;16:22:00;385;19;1620;10;U3355Z1;Zvánovice;49.99168;14.60737
20260701_163305_L380;20260701_163305;01.07.2026;16:21:00;380;4;9981;10;U1745Z2;Praha,Vypich;49.96816;14.07819
20260701_163305_L676;20260701_163305;01.07.2026;16:21:00;676;33;8623;11;U9565Z2;Loučeň;50.25935;15.05591
20260701_163305_L560;20260701_163305;01.07.2026;16:20:00;560;70;8386;10;U6818Z1;Rakovník,aut.st.;50.11991;13.60276
20260701_163305_L691;20260701_163305;01.07.2026;16:07:00;691;40;7984;24;U1794Z2;Mělník,aut.nádr.;50.35033;14.48956
20260701_163305_L712;20260701_163305;01.07.2026;15:48:00;712;6;9590;44;U6251Z1;Bělá p.Bezd.,Bezdědice;50.48296;14.70493
20260701_163305_L315;20260701_163305;01.07.2026;16:20:00;315;8;1863;13;U3393Z1;Mnichovo Hradiště,dopravní terminál;50.43411;14.92742
20260701_163305_L101;20260701_163305;01.07.2026;16:21:00;101;2;2305;12;U576Z2P;Zentiva;50.05557;14.48374
20260701_163305_L154;20260701_163305;01.07.2026;16:23:00;154;8;3835;10;U1069Z1P;Sídliště Libuš;50.04767;14.56526
20260701_163305_L195;20260701_163305;01.07.2026;16:21:00;195;16;6787;10;U134Z5P;Sídliště Letňany;50.10843;14.50181
20260701_163305_L136;20260701_163305;01.07.2026;16:22:00;136;17;6795;11;U181Z1P;Jižní Město;50.03948;14.49052
20260701_163305_L188;20260701_163305;01.07.2026;16:19:00;188;6;6979;14;U827Z1P;Kavčí hory;50.07921;14.50864
20260701_163305_L631;20260701_163305;01.07.2026;16:23:00;631;46;9594;10;U9047Z2;Všeradice;49.89595;14.05555
20260701_163305_L136;20260701_163305;01.07.2026;16:20:00;136;21;6814;12;U855Z1P;Jižní Město;50.07445;14.46393
20260701_163305_L207;20260701_163305;01.07.2026;16:19:00;207;15;3976;12;U3018Z2P;Staroměstská;50.09185;14.44497
20260701_163305_L136;20260701_163305;01.07.2026;16:22:00;136;8;5506;11;U603Z1P;Sídliště Čakovice;50.11915;14.50052
20260701_163305_L136;20260701_163305;01.07.2026;16:22:00;136;16;5025;11;U516Z3P;Jižní Město;50.08247;14.45908
20260701_163305_L120;20260701_163305;01.07.2026;16:18:00;120;1;3678;15;U1125Z1P;Nádraží Radotín;50.03192;14.37366
20260701_163305_L136;20260701_163305;01.07.2026;16:21:00;136;7;5503;12;U368Z1P;Sídliště Čakovice;50.14971;14.50785
20260701_163305_L320;20260701_163305;01.07.2026;16:15:00;320;1;1177;16;U337Z4;Praha,Smíchovské nádraží;50.05762;14.40947
20260701_163305_L382;20260701_163305;01.07.2026;16:23:00;382;7;9362;10;U2008Z1;Sázava,aut.st.;49.98947;14.74056
20260701_163305_L188;20260701_163305;01.07.2026;16:19:00;188;2;6920;14;U825Z2P;Želivského;50.05473;14.48759
20260701_163305_L136;20260701_163305;01.07.2026;16:23:00;136;22;6703;10;U763Z1P;Sídliště Čakovice;50.09826;14.48118
20260701_163305_L125;20260701_163305;01.07.2026;16:14:00;125;52;6866;16;U337Z4P;Smíchovské nádraží;50.05667;14.40934
20260701_163305_L414;20260701_163305;01.07.2026;16:20:00;414;20;1290;10;U462Z14;Praha,Terminál 1;50.09407;14.33646
20260701_163305_L336;20260701_163305;01.07.2026;16:21:00;336;17;8836;11;U11006Z2;Jeneč,Lidická;50.05488;14.22784
20260701_163305_L105;20260701_163305;01.07.2026;16:19:00;105;1;2310;11;U337Z4P;Smíchovské nádraží;50.05722;14.40945
20260701_163305_L483;20260701_163305;01.07.2026;16:21:00;483;22;7864;10;U6759Z2;Vlašim,žel.st.;49.69758;14.90464
20260701_163305_L133;20260701_163305;01.07.2026;16:22:00;133;8;4062;11;U789Z2P;Florenc;50.08669;14.44598
20260701_163305_L687;20260701_163305;01.07.2026;16:16:00;687;3;7548;13;U6956Z1;Uhlířské Janovice,nám.;49.86002;15.08026
20260701_163305_L493;20260701_163305;01.07.2026;16:22:00;493;20;8601;10;U3159Z1;Poděbrady,žel.st.;50.14412;15.10647
20260701_163305_L188;20260701_163305;01.07.2026;16:20:00;188;3;6922;13;U559Z2P;Želivského;50.05767;14.45027
20260701_163305_L137;20260701_163305;01.07.2026;16:22:00;137;2;3946;10;U922Z3P;Na Knížecí;50.06875;14.40133
20260701_163305_L626;20260701_163305;01.07.2026;16:22:00;626;14;7324;10;U4313Z9;Kladno,autobusové nádraží;50.14545;14.09519
20260701_163305_L195;20260701_163305;01.07.2026;16:19:00;195;5;6790;14;U603Z1P;Sídliště Letňany;50.11869;14.49965
20260701_163305_L394;20260701_163305;01.07.2026;16:19:00;394;22;9891;13;U4272Z1;Zdice,nám.;49.96884;14.07941
20260701_163305_L362;20260701_163305;01.07.2026;16:23:00;362;1;9171;10;U2106Z1;Jílové u Prahy,náměstí;49.91203;14.4981
20260701_163305_L380;20260701_163305;01.07.2026;16:22:00;380;8;9970;10;U1643Z2;Praha,Zličín;50.05073;14.27258
20260701_163305_L334;20260701_163305;01.07.2026;16:12:00;334;42;7819;19;U337Z4;Praha,Smíchovské nádraží;50.05929;14.4097
20260701_163305_L118;20260701_163305;01.07.2026;16:19:00;118;3;5514;10;U337Z13P;Smíchovské nádraží;50.06012;14.40962
20260701_163305_L167;20260701_163305;01.07.2026;16:16:00;167;54;5037;13;U254Z6P;Na Knížecí;50.07172;14.39449
20260701_163305_L188;20260701_163305;01.07.2026;16:19:00;188;8;6730;12;U418Z2P;Želivského;50.07696;14.48844
20260701_163305_L180;20260701_163305;01.07.2026;16:22:00;180;52;6855;10;U229Z2P;Dejvická;50.08718;14.3774
20260701_163305_L207;20260701_163305;01.07.2026;16:16:00;207;17;3875;16;U593Z1P;Staroměstská;50.08961;14.41617
20260701_163705_L324;20260701_163705;01.07.2026;16:24:00;324;29;8994;10;U4301Z2;Praha,Zličín;50.13789;14.24266
20260701_163705_L406;20260701_163705;01.07.2026;16:22:00;406;3;7933;13;U6043Z2;Vlašim,žel.st.;49.69946;14.90158
20260701_163705_L550;20260701_163705;01.07.2026;16:25:00;550;75;7889;11;U6591Z1;Vlašim,žel.st.;49.67167;14.82927
20260701_163705_L795;20260701_163705;01.07.2026;16:23:00;795;19;7848;12;U7159Z2;Zruč n.Sáz.,Sázavan;49.74427;15.08993
20260701_163705_L678;20260701_163705;01.07.2026;16:22:00;678;33;8557;11;U9601Z3;Pečky,žel.st.;50.08213;15.09192
20260701_163705_L195;20260701_163705;01.07.2026;16:26:00;195;16;6787;10;U442Z1P;Sídliště Letňany;50.11532;14.49684
20260701_163705_L136;20260701_163705;01.07.2026;16:24:00;136;20;6992;13;U751Z2P;Jižní Město;50.05297;14.47417
20260701_163705_L101;20260701_163705;01.07.2026;16:26:00;101;2;2305;11;U887Z1P;Zentiva;50.05303;14.50423
20260701_163705_L180;20260701_163705;01.07.2026;16:22:00;180;52;6855;13;U229Z2P;Dejvická;50.08721;14.37819
20260701_163705_L105;20260701_163705;01.07.2026;16:24:00;105;2;3749;11;U337Z3P;Filmové ateliéry Barrandov;50.04453;14.40834
20260701_163705_L136;20260701_163705;01.07.2026;16:26:00;136;17;6795;11;U106Z2P;Jižní Město;50.02751;14.50774
20260701_163705_L190;20260701_163705;01.07.2026;16:24:00;190;4;5136;10;U337Z4P;Smíchovské nádraží;50.05944;14.40963
20260701_163705_L315;20260701_163705;01.07.2026;16:24:00;315;8;1863;11;U3395Z1;Mnichovo Hradiště,dopravní terminál;50.45205;14.93142
20260701_163705_L136;20260701_163705;01.07.2026;16:25:00;136;21;6814;11;U680Z3P;Jižní Město;50.06838;14.46921
20260701_163705_L712;20260701_163705;01.07.2026;15:48:00;712;6;9590;48;U6251Z1;Bělá p.Bezd.,Bezdědice;50.48296;14.70493
20260701_163705_L318;20260701_163705;01.07.2026;16:23:00;318;50;7911;13;U337Z4;Praha,Smíchovské nádraží;50.05463;14.40905
20260701_163705_L207;20260701_163705;01.07.2026;16:22:00;207;15;3976;14;U689Z3P;Staroměstská;50.0915;14.43972
20260701_163705_L385;20260701_163705;01.07.2026;16:26:00;385;19;1620;11;U1925Z1;Zvánovice;49.988;14.63846
20260701_163705_L382;20260701_163705;01.07.2026;16:26:00;382;7;9362;11;U2010Z1;Sázava,aut.st.;49.98832;14.76718
20260701_163705_L400;20260701_163705;01.07.2026;16:22:00;400;6;11628;13;U6077Z2;Praha,Střížkov;50.47588;14.47876
20260701_163705_L730;20260701_163705;01.07.2026;16:15:00;730;3;10270;19;U897Z63;Vítkovice,Horní Mísečky;50.12269;14.60348
20260701_163705_L560;20260701_163705;01.07.2026;16:23:00;560;62;8360;11;U6817Z1;Kolešovice;50.09812;13.62841
20260701_163705_L560;20260701_163705;01.07.2026;16:20:00;560;70;8386;11;U6818Z1;Rakovník,aut.st.;50.09966;13.61677
20260701_163705_L204;20260701_163705;01.07.2026;16:27:00;204;71;9011;10;U973Z1P;Sídliště Petrovice;50.04562;14.55752
20260701_163705_L304;20260701_163705;01.07.2026;16:23:00;304;22;8388;12;U9901Z1;Rakovník,aut.st.;50.1412;13.84664
20260701_163705_L307;20260701_163705;01.07.2026;16:25:00;307;12;8959;12;U1190Z1;Červený Újezd;50.0448;14.25897
20260701_163705_L392;20260701_163705;01.07.2026;16:27:00;392;54;9921;10;U337Z3;Příbram,aut.nádr.;50.05071;14.40982
20260701_163705_L394;20260701_163705;01.07.2026;16:23:00;394;22;9891;13;U1746Z1;Zdice,nám.;49.95934;14.06292
20260701_163705_L433;20260701_163705;01.07.2026;16:22:00;433;14;8602;14;U2965Z2;Pečky,žel.st.;50.16171;15.01978
20260701_163705_L493;20260701_163705;01.07.2026;16:26:00;493;20;8601;11;U2578Z1;Poděbrady,žel.st.;50.14288;15.12201
20260701_163705_L136;20260701_163705;01.07.2026;16:24:00;136;16;5025;12;U118Z4P;Jižní Město;50.07812;14.4608
20260701_163705_L406;20260701_163705;01.07.2026;16:18:00;406;13;7943;12;U1384Z16;Čechtice;49.78713;14.68434
20260701_163705_L414;20260701_163705;01.07.2026;16:20:00;414;20;1290;13;U462Z14;Praha,Terminál 1;50.09319;14.33112
20260701_163705_L380;20260701_163705;01.07.2026;16:23:00;380;4;9981;11;U4273Z1;Praha,Vypich;49.9759;14.103
20260701_163705_L380;20260701_163705;01.07.2026;16:23:00;380;8;9970;13;U1142Z2;Praha,Zličín;50.05378;14.27946
20260701_163705_L676;20260701_163705;01.07.2026;16:25:00;676;33;8623;12;U9573Z2;Loučeň;50.28525;15.05003
20260701_163705_L149;20260701_163705;01.07.2026;16:23:00;149;7;3820;12;U254Z5P;Stodůlky-Bavorská;50.06992;14.38048
20260701_163705_L110;20260701_163705;01.07.2026;16:23:00;110;3;1477;12;U65Z2P;Dolní Počernice;50.1137;14.52782
20260701_163705_L631;20260701_163705;01.07.2026;16:27:00;631;46;9594;10;U9045Z2;Všeradice;49.88292;14.06395
20260701_163705_L120;20260701_163705;01.07.2026;16:22:00;120;1;3678;14;U720Z1P;Nádraží Radotín;50.02638;14.36045
20260701_163705_L772;20260701_163705;01.07.2026;16:23:00;772;70;1611;14;U2386Z1;Vavřinec;49.91496;14.95847
20260701_163705_L136;20260701_163705;01.07.2026;16:27:00;136;4;5019;10;U743Z2P;Jižní Město;50.08651;14.45541
20260701_163705_L125;20260701_163705;01.07.2026;16:12:00;125;5;5109;16;U181Z2P;Smíchovské nádraží;50.03353;14.40918
20260701_163705_L136;20260701_163705;01.07.2026;16:24:00;136;7;5503;13;U114Z1P;Sídliště Čakovice;50.15623;14.52255
20260701_163705_L213;20260701_163705;01.07.2026;16:22:00;213;10;3028;13;U697Z5P;Želivského;50.05138;14.47794
20260701_163705_L349;20260701_163705;01.07.2026;16:26:00;349;24;8207;11;U1797Z1;Mělník,Mlazice;50.3711;14.46596
20260701_163705_L337;20260701_163705;01.07.2026;16:23:00;337;12;9127;13;U1564Z1;Benešov,Terminál;49.90396;14.59125
20260701_163705_L335;20260701_163705;01.07.2026;16:24:00;335;30;9136;11;U1565Z2;Kamenice,kult.dům;49.90368;14.58718
20260701_163705_L335;20260701_163705;01.07.2026;16:25:00;335;5;9181;12;U4176Z2;Kamenice,kult.dům;49.9834;14.49558
20260701_163705_L358;20260701_163705;01.07.2026;16:26:00;358;21;8890;10;U1643Z1;Rudná,Hořelice;50.05051;14.27196
20260701_163705_L358;20260701_163705;01.07.2026;16:26:00;358;16;8795;10;U1142Z2;Praha,Zličín;50.05446;14.28172
20260701_163705_L345;20260701_163705;01.07.2026;16:22:00;345;18;8672;12;U3395Z1;Liberec,aut.nádr.;50.45958;14.93142
20260701_163705_L365;20260701_163705;01.07.2026;16:25:00;365;8;8820;10;U9923Z2;Stochov,nám.;50.12901;14.02103
20260701_163705_L336;20260701_163705;01.07.2026;16:23:00;336;17;8836;12;U1178Z4;Jeneč,Lidická;50.06926;14.23284
20260701_163705_L348;20260701_163705;01.07.2026;16:26:00;348;7;8279;10;U651Z6;Praha,Ládví;50.13123;14.47954
20260701_163705_L370;20260701_163705;01.07.2026;16:25:00;370;23;8068;10;U2264Z2;Praha,Kobylisy;50.14963;14.45004
20260701_163705_L244;20260701_163705;01.07.2026;16:24:00;244;1;3721;10;U337Z4P;Smíchovské nádraží;50.05839;14.40967
20260701_163705_L188;20260701_163705;01.07.2026;16:22:00;188;6;6979;13;U90Z1P;Kavčí hory;50.07262;14.49258
20260701_163705_L118;20260701_163705;01.07.2026;16:27:00;118;57;6924;10;U110Z13P;Sídliště Spořilov;50.04787;14.41429
20260701_163705_L332;20260701_163705;01.07.2026;16:23:00;332;2;9192;12;U4504Z2;Neveklov;49.80003;14.4889
20260701_163705_L332;20260701_163705;01.07.2026;16:20:00;332;20;9939;14;U1330Z1;Jílové u Prahy,náměstí;49.95402;14.51787
20260701_163705_L133;20260701_163705;01.07.2026;16:23:00;133;8;4062;12;U3018Z2P;Florenc;50.09205;14.44225
20260701_163705_L188;20260701_163705;01.07.2026;16:24:00;188;3;6922;12;U183Z2P;Želivského;50.05684;14.46841
20260701_163705_L626;20260701_163705;01.07.2026;16:24:00;626;14;7324;10;U3094Z2;Kladno,autobusové nádraží;50.1439;14.10408
20260701_163705_L195;20260701_163705;01.07.2026;16:24:00;195;5;6790;13;U1000Z1P;Sídliště Letňany;50.12543;14.51673
20260701_163705_L228;20260701_163705;01.07.2026;16:26:00;228;11;9048;10;U1014Z1P;Benice;50.07136;14.54063
20260701_163705_L408;20260701_163705;01.07.2026;16:24:00;408;69;7900;12;U4557Z1;Tábor,aut.nádr.;49.73215;14.66626
20260701_163705_L691;20260701_163705;01.07.2026;16:07:00;691;40;7984;26;U1794Z2;Mělník,aut.nádr.;50.35033;14.48956
20260701_163705_L207;20260701_163705;01.07.2026;16:16:00;207;17;3875;19;U593Z1P;Staroměstská;50.08961;14.41617
20260701_163705_L188;20260701_163705;01.07.2026;16:24:00;188;10;6978;13;U418Z1P;Kavčí hory;50.08037;14.48799
20260701_163705_L188;20260701_163705;01.07.2026;16:22:00;188;2;6920;14;U920Z2P;Želivského;50.06057;14.49432
20260701_163705_L398;20260701_163705;01.07.2026;16:25:00;398;27;1683;11;U2451Z2;Praha,Černý Most;50.12456;14.68608
20260701_163705_L188;20260701_163705;01.07.2026;16:19:00;188;8;6730;16;U418Z2P;Želivského;50.07718;14.48658
20260701_163705_L167;20260701_163705;01.07.2026;16:16:00;167;54;5037;17;U254Z6P;Na Knížecí;50.07172;14.39529
20260701_163705_L136;20260701_163705;01.07.2026;16:23:00;136;22;6703;13;U763Z1P;Sídliště Čakovice;50.09835;14.48121
20260701_164106_L153;20260701_164106;01.07.2026;16:31:00;153;2;1908;10;U363Z3P;Nad Konvářkou;50.06445;14.38928
20260701_164106_L383;20260701_164106;01.07.2026;16:26:00;383;44;9177;15;U2038Z1;Chocerady;49.95649;14.75059
20260701_164106_L149;20260701_164106;01.07.2026;16:28:00;149;6;4009;11;U563Z1P;Dejvická;50.08722;14.37858
20260701_164106_L392;20260701_164106;01.07.2026;16:27:00;392;54;9921;12;U337Z3;Příbram,aut.nádr.;50.03576;14.40307
20260701_164106_L398;20260701_164106;01.07.2026;16:28:00;398;27;1683;11;U1743Z2;Praha,Černý Most;50.11838;14.63961
20260701_164106_L400;20260701_164106;01.07.2026;16:26:00;400;56;1088;15;U6070Z1;Nový Bor,aut.nádr.;50.44237;14.47451
20260701_164106_L188;20260701_164106;01.07.2026;16:26:00;188;4;6705;15;U640Z2P;Želivského;50.054;14.44238
20260701_164106_L213;20260701_164106;01.07.2026;16:31:00;213;5;3005;10;U751Z1P;Želivského;50.05267;14.47507
20260701_164106_L136;20260701_164106;01.07.2026;16:29:00;136;4;5019;11;U516Z3P;Jižní Město;50.08209;14.45929
20260701_164106_L136;20260701_164106;01.07.2026;16:30:00;136;8;5506;10;U771Z1P;Sídliště Čakovice;50.1341;14.50617
20260701_164106_L307;20260701_164106;01.07.2026;16:28:00;307;12;8959;12;U1646Z1;Červený Újezd;50.03618;14.23754
20260701_164106_L231;20260701_164106;01.07.2026;16:31:00;231;7;4091;10;U561Z1P;Na Knížecí;50.05868;14.40375
20260701_164106_L125;20260701_164106;01.07.2026;16:26:00;125;52;6866;13;U458Z9P;Skalka;50.05282;14.40904
20260701_164106_L136;20260701_164106;01.07.2026;16:28:00;136;19;5526;13;U751Z1P;Sídliště Čakovice;50.05308;14.4742
20260701_164106_L311;20260701_164106;01.07.2026;16:28:00;311;74;9597;12;U1643Z2;Praha,Zličín;50.05078;14.27262
20260701_164106_L560;20260701_164106;01.07.2026;16:20:00;560;70;8386;12;U6818Z1;Rakovník,aut.st.;50.1091;13.62457
20260701_164106_L136;20260701_164106;01.07.2026;16:28:00;136;20;6992;13;U417Z1P;Jižní Město;50.04355;14.48721
20260701_164106_L136;20260701_164106;01.07.2026;16:31:00;136;21;6814;10;U751Z2P;Jižní Město;50.05304;14.47421
20260701_164106_L336;20260701_164106;01.07.2026;16:29:00;336;17;8836;11;U687Z23;Jeneč,Lidická;50.07149;14.25801
20260701_164106_L393;20260701_164106;01.07.2026;16:27:00;393;22;9877;11;U337Z3;Příbram,Jiráskovy sady;50.01902;14.39402
20260701_164106_L394;20260701_164106;01.07.2026;16:26:00;394;22;9891;13;U4965Z1;Zdice,nám.;49.9499;14.04136
20260701_164106_L195;20260701_164106;01.07.2026;16:27:00;195;5;6790;14;U325Z1P;Sídliště Letňany;50.13489;14.51394
20260701_164106_L180;20260701_164106;01.07.2026;16:26:00;180;52;6855;14;U867Z1P;Dejvická;50.09399;14.39012
20260701_164106_L101;20260701_164106;01.07.2026;16:30:00;101;2;2305;11;U889Z1P;Zentiva;50.0608;14.5049
20260701_164106_L105;20260701_164106;01.07.2026;16:30:00;105;2;3749;11;U153Z1P;Filmové ateliéry Barrandov;50.03318;14.3963
20260701_164106_L135;20260701_164106;01.07.2026;16:29:00;135;6;5101;12;U751Z1P;Florenc;50.05296;14.47436
20260701_164106_L154;20260701_164106;01.07.2026;16:30:00;154;5;4028;11;U459Z5P;Strašnická;50.06831;14.4929
20260701_164106_L678;20260701_164106;01.07.2026;16:29:00;678;33;8557;12;U2870Z3;Pečky,žel.st.;50.07502;15.07673
20260701_164106_L324;20260701_164106;01.07.2026;16:24:00;324;29;8994;11;U4301Z2;Praha,Zličín;50.12348;14.27105
20260701_164106_L335;20260701_164106;01.07.2026;16:28:00;335;5;9181;12;U1332Z1;Kamenice,kult.dům;49.96842;14.51261
20260701_164106_L712;20260701_164106;01.07.2026;15:48:00;712;6;9590;53;U6251Z1;Bělá p.Bezd.,Bezdědice;50.48296;14.70493
20260701_164106_L408;20260701_164106;01.07.2026;16:29:00;408;69;7900;11;U6559Z2;Tábor,aut.nádr.;49.70177;14.65458
20260701_164106_L315;20260701_164106;01.07.2026;16:29:00;315;8;1863;10;U3397Z1;Mnichovo Hradiště,dopravní terminál;50.4787;14.93873
20260701_164106_L332;20260701_164106;01.07.2026;16:28:00;332;20;9939;13;U2128Z1;Jílové u Prahy,náměstí;49.93664;14.51419
20260701_164106_L444;20260701_164106;01.07.2026;16:31:00;444;30;9136;10;U1565Z1;Davle,obec;49.90039;14.58164
20260701_164106_L149;20260701_164106;01.07.2026;16:23:00;149;7;3820;16;U254Z5P;Stodůlky-Bavorská;50.06972;14.37963
20260701_164106_L560;20260701_164106;01.07.2026;16:23:00;560;62;8360;12;U6817Z1;Kolešovice;50.10812;13.59645
20260701_164106_L768;20260701_164106;01.07.2026;16:30:00;768;26;8559;10;U2978Z2;Benátky n.Jiz.,aut.st.;50.32501;14.70511
20260701_164106_L737;20260701_164106;01.07.2026;16:30:00;737;1;9910;10;U2987Z15;Bělá p.Bezd.,Atmos;50.41959;14.91707
20260701_164106_L676;20260701_164106;01.07.2026;16:29:00;676;33;8623;12;U3040Z2;Loučeň;50.29266;15.03448
20260701_164106_L304;20260701_164106;01.07.2026;16:26:00;304;22;8388;10;U9900Z1;Rakovník,aut.st.;50.1228;13.78429
20260701_164106_L550;20260701_164106;01.07.2026;16:30:00;550;75;7889;10;U6786Z1;Vlašim,žel.st.;49.68497;14.86138
20260701_164106_L136;20260701_164106;01.07.2026;16:30:00;136;17;6795;11;U353Z1P;Jižní Město;50.02602;14.52105
20260701_164106_L136;20260701_164106;01.07.2026;16:28:00;136;16;5025;12;U855Z1P;Jižní Město;50.07446;14.46387
20260701_164106_L146;20260701_164106;01.07.2026;16:31:00;146;4;9122;10;U4261Z2P;Želivského;50.09792;14.51237
20260701_164106_L336;20260701_164106;01.07.2026;16:28:00;336;18;8886;13;U1215Z1;Praha,Zličín;50.08738;14.21666
20260701_164106_L342;20260701_164106;01.07.2026;16:28:00;342;1;7702;12;U85Z9;Slaný,žel.st.;50.09303;14.31645
20260701_164106_L337;20260701_164106;01.07.2026;16:28:00;337;12;9127;13;U1541Z1;Benešov,Terminál;49.89459;14.61343
20260701_164106_L345;20260701_164106;01.07.2026;16:27:00;345;18;8672;12;U6213Z1;Liberec,aut.nádr.;50.48138;14.9556
20260701_164106_L195;20260701_164106;01.07.2026;16:30:00;195;16;6787;11;U500Z1P;Sídliště Letňany;50.12106;14.50416
20260701_164106_L370;20260701_164106;01.07.2026;16:28:00;370;23;8068;12;U555Z2;Praha,Kobylisy;50.13574;14.45233
20260701_164106_L207;20260701_164106;01.07.2026;16:27:00;207;15;3976;13;U87Z2P;Staroměstská;50.08995;14.42805
20260701_164106_L385;20260701_164106;01.07.2026;16:31:00;385;19;1620;10;U1881Z1;Zvánovice;49.99157;14.65572
20260701_164106_L406;20260701_164106;01.07.2026;16:27:00;406;13;7943;12;U5898Z1;Čechtice;49.78124;14.70227
20260701_164106_L118;20260701_164106;01.07.2026;16:31:00;118;57;6924;10;U495Z2P;Sídliště Spořilov;50.04356;14.43079
20260701_164106_L375;20260701_164106;01.07.2026;16:30:00;375;7;8255;10;U3001Z2;Brandýs n.L.-St.Bol.,žel.st.;50.2042;14.68986
20260701_164106_L382;20260701_164106;01.07.2026;16:30:00;382;7;9362;10;U2017Z1;Sázava,aut.st.;49.9825;14.78994
20260701_164106_L188;20260701_164106;01.07.2026;16:26:00;188;6;6979;14;U459Z3P;Kavčí hory;50.06784;14.49346
20260701_164106_L120;20260701_164106;01.07.2026;16:27:00;120;1;3678;14;U2728Z1P;Nádraží Radotín;50.01896;14.3548
20260701_164106_L406;20260701_164106;01.07.2026;16:30:00;406;34;7939;11;U2139Z2;Vlašim,žel.st.;49.78995;14.68289
20260701_164106_L332;20260701_164106;01.07.2026;16:28:00;332;2;9192;12;U4466Z2;Neveklov;49.79077;14.50739
20260701_164106_L188;20260701_164106;01.07.2026;16:29:00;188;3;6922;12;U825Z2P;Želivského;50.05473;14.4876
20260701_164106_L188;20260701_164106;01.07.2026;16:27:00;188;10;6978;14;U660Z1P;Kavčí hory;50.08276;14.50614
20260701_164106_L188;20260701_164106;01.07.2026;16:22:00;188;2;6920;17;U920Z2P;Želivského;50.06292;14.49435
20260701_164106_L201;20260701_164106;01.07.2026;16:30:00;201;17;4128;10;U327Z2P;Černý Most;50.13621;14.52329
20260701_164106_L228;20260701_164106;01.07.2026;16:30:00;228;11;9048;11;U793Z1P;Benice;50.07236;14.55372
20260701_164106_L120;20260701_164106;01.07.2026;16:29:00;120;11;4089;10;U1040Z21P;Nádraží Radotín;50.06514;14.40362
20260701_164106_L167;20260701_164106;01.07.2026;16:26:00;167;2;6823;12;U254Z6P;Na Knížecí;50.07098;14.39043
20260701_164106_L315;20260701_164106;01.07.2026;16:26:00;315;7;8676;11;U3258Z2;Mnichovo Hradiště,dopravní terminál;50.39456;14.90999
20260701_164106_L691;20260701_164106;01.07.2026;16:07:00;691;40;7984;30;U1794Z2;Mělník,aut.nádr.;50.35033;14.48956
20260701_164106_L380;20260701_164106;01.07.2026;16:29:00;380;3;9971;12;U1142Z2;Praha,Vypich;50.05323;14.2776
20260701_164106_L154;20260701_164106;01.07.2026;16:30:00;154;1;3858;10;U165Z3P;Sídliště Libuš;50.00285;14.5149
20260701_164507_L560;20260701_164507;01.07.2026;16:30:00;560;70;8386;12;U6817Z1;Rakovník,aut.st.;50.13429;13.63554
20260701_164507_L207;20260701_164507;01.07.2026;16:30:00;207;15;3976;14;U620Z2P;Staroměstská;50.09308;14.42266
20260701_164507_L136;20260701_164507;01.07.2026;16:33:00;136;16;5025;12;U680Z3P;Jižní Město;50.06887;14.46903
20260701_164507_L188;20260701_164507;01.07.2026;16:32:00;188;3;6922;12;U920Z2P;Želivského;50.06054;14.49433
20260701_164507_L712;20260701_164507;01.07.2026;15:48:00;712;6;9590;56;U6251Z1;Bělá p.Bezd.,Bezdědice;50.48296;14.70493
20260701_164507_L213;20260701_164507;01.07.2026;16:33:00;213;5;3005;10;U183Z4P;Želivského;50.05807;14.47084
20260701_164507_L188;20260701_164507;01.07.2026;16:32:00;188;10;6978;12;U90Z1P;Kavčí hory;50.0734;14.50455
20260701_164507_L352;20260701_164507;01.07.2026;16:34:00;352;2;4119;10;U1085Z1;Jinočany,náměstí;50.03126;14.30693
20260701_164507_L382;20260701_164507;01.07.2026;16:32:00;382;7;9362;10;U2018Z1;Sázava,aut.st.;49.96935;14.80816
20260701_164507_L188;20260701_164507;01.07.2026;16:34:00;188;1;6987;11;U418Z1P;Kavčí hory;50.08049;14.48902
20260701_164507_L136;20260701_164507;01.07.2026;16:32:00;136;20;6992;13;U424Z1P;Jižní Město;50.03304;14.50021
20260701_164507_L213;20260701_164507;01.07.2026;16:30:00;213;10;3028;15;U680Z4P;Želivského;50.0672;14.46975
20260701_164507_L335;20260701_164507;01.07.2026;16:30:00;335;5;9181;14;U1330Z1;Kamenice,kult.dům;49.96211;14.52348
20260701_164507_L381;20260701_164507;01.07.2026;16:35:00;381;20;9937;10;U2011Z1;Čáslav,obchodní centrum;49.98728;14.7889
20260701_164507_L188;20260701_164507;01.07.2026;16:26:00;188;6;6979;17;U459Z3P;Kavčí hory;50.06601;14.49887
20260701_164507_L231;20260701_164507;01.07.2026;16:34:00;231;7;4091;10;U965Z1P;Na Knížecí;50.06169;14.40434
20260701_164507_L408;20260701_164507;01.07.2026;16:34:00;408;69;7900;10;U6525Z2;Tábor,aut.nádr.;49.67145;14.63947
20260701_164507_L228;20260701_164507;01.07.2026;16:31:00;228;11;9048;10;U820Z1P;Benice;50.06978;14.57668
20260701_164507_L190;20260701_164507;01.07.2026;16:35:00;190;2;5026;10;U449Z9P;Na Beránku;50.02921;14.40552
20260701_164507_L342;20260701_164507;01.07.2026;16:32:00;342;1;7702;12;U218Z3;Slaný,žel.st.;50.09764;14.29087
20260701_164507_L135;20260701_164507;01.07.2026;16:31:00;135;6;5101;13;U183Z4P;Florenc;50.05826;14.47068
20260701_164507_L155;20260701_164507;01.07.2026;16:33:00;155;1;9120;11;U357Z1P;Nemocnice Vinohrady;50.08541;14.48231
20260701_164507_L195;20260701_164507;01.07.2026;16:34:00;195;16;6787;10;U1000Z1P;Sídliště Letňany;50.12811;14.51374
20260701_164507_L120;20260701_164507;01.07.2026;16:30:00;120;1;3678;14;U885Z1P;Nádraží Radotín;50.00517;14.35607
20260701_164507_L101;20260701_164507;01.07.2026;16:35:00;101;2;2305;10;U1076Z1P;Zentiva;50.07013;14.50964
20260701_164507_L105;20260701_164507;01.07.2026;16:34:00;105;2;3749;11;U49Z3P;Smíchovské nádraží;50.03593;14.38743
20260701_164507_L136;20260701_164507;01.07.2026;16:32:00;136;17;6795;13;U286Z5P;Jižní Město;50.03071;14.52989
20260701_164507_L136;20260701_164507;01.07.2026;16:35:00;136;21;6814;10;U417Z1P;Jižní Město;50.04355;14.48725
20260701_164507_L136;20260701_164507;01.07.2026;16:34:00;136;19;5526;11;U680Z4P;Sídliště Čakovice;50.0672;14.4697
20260701_164507_L136;20260701_164507;01.07.2026;16:35:00;136;4;5019;10;U855Z1P;Jižní Město;50.07455;14.4627
20260701_164507_L484;20260701_164507;01.07.2026;16:34:00;484;21;8043;10;U2315Z1;Úvaly,žel.st.;50.07419;14.72303
20260701_164507_L444;20260701_164507;01.07.2026;16:34:00;444;30;9136;10;U1567Z1;Davle,obec;49.89244;14.55999
20260701_164507_L146;20260701_164507;01.07.2026;16:32:00;146;4;9122;11;U4260Z2P;Želivského;50.09049;14.50348
20260701_164507_L300;20260701_164507;01.07.2026;16:30:00;300;9;8877;11;U462Z12;Hřebeč;50.09292;14.32915
20260701_164507_L304;20260701_164507;01.07.2026;16:33:00;304;22;8388;10;U9898Z1;Rakovník,aut.st.;50.10941;13.76251
20260701_164507_L307;20260701_164507;01.07.2026;16:32:00;307;13;8975;12;U1680Z2;Praha,Zličín;50.05688;14.16755
20260701_164507_L307;20260701_164507;01.07.2026;16:31:00;307;12;8959;13;U2323Z1;Červený Újezd;50.03144;14.22494
20260701_164507_L311;20260701_164507;01.07.2026;16:28:00;311;74;9597;16;U1643Z2;Praha,Zličín;50.05205;14.27465
20260701_164507_L313;20260701_164507;01.07.2026;16:30:00;313;81;9827;13;U1618Z1;Černošice,žel.zast.;49.95684;14.30425
20260701_164507_L315;20260701_164507;01.07.2026;16:32:00;315;8;1863;12;U3399Z1;Mnichovo Hradiště,dopravní terminál;50.48653;14.94719
20260701_164507_L385;20260701_164507;01.07.2026;16:33:00;385;19;1620;10;U1883Z1;Zvánovice;49.99703;14.6608
20260701_164507_L392;20260701_164507;01.07.2026;16:27:00;392;54;9921;14;U337Z3;Příbram,aut.nádr.;50.00949;14.39461
20260701_164507_L393;20260701_164507;01.07.2026;16:27:00;393;22;9877;12;U337Z3;Příbram,Jiráskovy sady;49.9862;14.39646
20260701_164507_L394;20260701_164507;01.07.2026;16:32:00;394;22;9891;13;U4979Z2;Zdice,nám.;49.93867;14.02056
20260701_164507_L398;20260701_164507;01.07.2026;16:34:00;398;27;1683;10;U452Z2;Praha,Černý Most;50.11519;14.61155
20260701_164507_L406;20260701_164507;01.07.2026;16:31:00;406;13;7943;13;U7982Z1;Čechtice;49.7697;14.73586
20260701_164507_L737;20260701_164507;01.07.2026;16:30:00;737;1;9910;13;U2987Z15;Bělá p.Bezd.,Atmos;50.41944;14.91438
20260701_164507_L433;20260701_164507;01.07.2026;16:31:00;433;14;8602;13;U1434Z2;Pečky,žel.st.;50.13103;14.98412
20260701_164507_L676;20260701_164507;01.07.2026;16:29:00;676;33;8623;16;U3040Z2;Loučeň;50.29266;15.03448
20260701_164507_L678;20260701_164507;01.07.2026;16:31:00;678;33;8557;11;U9583Z1;Pečky,žel.st.;50.06904;15.05203
20260701_164507_L324;20260701_164507;01.07.2026;16:24:00;324;29;8994;15;U4301Z2;Praha,Zličín;50.11884;14.27874
20260701_164507_L332;20260701_164507;01.07.2026;16:35:00;332;2;9192;10;U4463Z2;Neveklov;49.7643;14.52581
20260701_164507_L332;20260701_164507;01.07.2026;16:30:00;332;20;9939;13;U2127Z1;Jílové u Prahy,náměstí;49.92243;14.50327
20260701_164507_L336;20260701_164507;01.07.2026;16:33:00;336;16;8795;11;U1141Z3;Jeneč,Lidická;50.05519;14.2834
20260701_164507_L337;20260701_164507;01.07.2026;16:32:00;337;12;9127;11;U1543Z1;Benešov,Terminál;49.87433;14.63242
20260701_164507_L550;20260701_164507;01.07.2026;16:32:00;550;75;7889;10;U6788Z1;Vlašim,žel.st.;49.70454;14.89036
20260701_164507_L109;20260701_164507;01.07.2026;16:35:00;109;3;3973;10;U448Z1P;VÚ Běchovice;50.08093;14.60059
20260701_164507_L149;20260701_164507;01.07.2026;16:32:00;149;6;4009;12;U867Z1P;Dejvická;50.09464;14.39396
20260701_164507_L180;20260701_164507;01.07.2026;16:33:00;180;8;5053;10;U229Z2P;Dejvická;50.08722;14.37784
20260701_164507_L120;20260701_164507;01.07.2026;16:29:00;120;11;4089;13;U1040Z21P;Nádraží Radotín;50.06303;14.40517
20260701_164507_L315;20260701_164507;01.07.2026;16:26:00;315;7;8676;12;U3258Z2;Mnichovo Hradiště,dopravní terminál;50.41011;14.93606
20260701_164507_L691;20260701_164507;01.07.2026;16:07:00;691;40;7984;36;U1794Z2;Mělník,aut.nádr.;50.35034;14.48958
20260701_164507_L149;20260701_164507;01.07.2026;16:33:00;149;8;4178;10;U788Z2P;Dejvická;50.06886;14.37729
20260701_164507_L380;20260701_164507;01.07.2026;16:29:00;380;3;9971;13;U1142Z2;Praha,Vypich;50.05614;14.28595
20260701_164507_L380;20260701_164507;01.07.2026;16:32:00;380;1;9972;13;U11012Z1;Praha,Vypich;49.93647;14.02461
20260701_164907_L399;20260701_164907;01.07.2026;16:36:00;399;11;1264;13;U4318Z1;Kladno,Energie;50.12732;14.12402
20260701_164907_L136;20260701_164907;01.07.2026;16:37:00;136;8;5506;10;U451Z1P;Sídliště Čakovice;50.1506;14.51313
20260701_164907_L188;20260701_164907;01.07.2026;16:34:00;188;3;6922;14;U198Z2P;Želivského;50.06537;14.49277
20260701_164907_L135;20260701_164907;01.07.2026;16:35:00;135;6;5101;14;U680Z4P;Florenc;50.06809;14.46957
20260701_164907_L339;20260701_164907;01.07.2026;16:39:00;339;17;9932;10;U1331Z1;Týnec n.Sáz.,žel.st.;49.9783;14.49906
20260701_164907_L136;20260701_164907;01.07.2026;16:38:00;136;16;5025;11;U183Z3P;Jižní Město;50.05669;14.47127
20260701_164907_L385;20260701_164907;01.07.2026;16:38:00;385;19;1620;10;U6794Z1;Zvánovice;49.99656;14.67579
20260701_164907_L195;20260701_164907;01.07.2026;16:38:00;195;16;6787;11;U326Z1P;Sídliště Letňany;50.13819;14.51709
20260701_164907_L213;20260701_164907;01.07.2026;16:38:00;213;5;3005;11;U29Z2P;Želivského;50.07077;14.47014
20260701_164907_L307;20260701_164907;01.07.2026;16:36:00;307;12;8959;13;U1675Z5;Červený Újezd;50.03049;14.20481
20260701_164907_L334;20260701_164907;01.07.2026;16:39:00;334;42;7819;10;U317Z1;Psáry;50.00028;14.39568
20260701_164907_L678;20260701_164907;01.07.2026;16:34:00;678;33;8557;11;U9581Z1;Pečky,žel.st.;50.07688;15.032
20260701_164907_L408;20260701_164907;01.07.2026;16:38:00;408;69;7900;11;U6516Z1;Tábor,aut.nádr.;49.6501;14.63274
20260701_164907_L380;20260701_164907;01.07.2026;16:38:00;380;7;9978;10;U1646Z1;Králův Dvůr,Počaply,Obchodní centrum;50.03584;14.23667
20260701_164907_L188;20260701_164907;01.07.2026;16:34:00;188;4;6705;15;U183Z2P;Želivského;50.05687;14.4684
20260701_164907_L637;20260701_164907;01.07.2026;16:37:00;637;52;9570;11;U9065Z1;Beroun,autobusové nádraží;49.96089;13.97672
20260701_164907_L712;20260701_164907;01.07.2026;15:48:00;712;6;9590;60;U6251Z1;Bělá p.Bezd.,Bezdědice;50.48296;14.70493
20260701_164907_L177;20260701_164907;01.07.2026;16:38:00;177;5;5545;10;U195Z1P;Chodov;50.04452;14.51233
20260701_164907_L332;20260701_164907;01.07.2026;16:36:00;332;20;9939;12;U2107Z1;Jílové u Prahy,náměstí;49.90529;14.49315
20260701_164907_L336;20260701_164907;01.07.2026;16:36:00;336;20;1445;11;U1142Z2;Praha,Zličín;50.05539;14.28859
20260701_164907_L336;20260701_164907;01.07.2026;16:36:00;336;16;8795;12;U1643Z1;Jeneč,Lidická;50.04857;14.25852
20260701_164907_L352;20260701_164907;01.07.2026;16:36:00;352;2;4119;11;U3051Z1;Jinočany,náměstí;50.02495;14.29793
20260701_164907_L544;20260701_164907;01.07.2026;16:37:00;544;22;9067;10;U9836Z4;Zaječov;49.78205;13.8694
20260701_164907_L676;20260701_164907;01.07.2026;16:29:00;676;33;8623;20;U3040Z2;Loučeň;50.29265;15.03447
20260701_164907_L560;20260701_164907;01.07.2026;16:36:00;560;70;8386;12;U6813Z1;Rakovník,aut.st.;50.1446;13.64731
20260701_164907_L342;20260701_164907;01.07.2026;16:36:00;342;1;7702;12;U776Z3;Slaný,žel.st.;50.10973;14.27642
20260701_164907_L342;20260701_164907;01.07.2026;16:36:00;342;5;7690;11;U85Z1;Praha,Nádraží Veleslavín;50.09503;14.34301
20260701_164907_L337;20260701_164907;01.07.2026;16:38:00;337;12;9127;11;U1546Z1;Benešov,Terminál;49.85792;14.66144
20260701_164907_L146;20260701_164907;01.07.2026;16:34:00;146;4;9122;13;U694Z4P;Želivského;50.09259;14.4977
20260701_164907_L398;20260701_164907;01.07.2026;16:37:00;398;27;1683;10;U188Z2;Praha,Černý Most;50.10991;14.58063
20260701_164907_L402;20260701_164907;01.07.2026;16:38:00;402;4;7672;10;U7317Z1;Praha,Roztyly;49.7261;15.05246
20260701_164907_L406;20260701_164907;01.07.2026;16:37:00;406;13;7943;11;U7856Z1;Čechtice;49.7495;14.78325
20260701_164907_L380;20260701_164907;01.07.2026;16:38:00;380;4;9981;10;U2368Z2;Praha,Vypich;50.01031;14.19825
20260701_164907_L383;20260701_164907;01.07.2026;16:34:00;383;44;9177;14;U2042Z1;Chocerady;49.93172;14.77649
20260701_164907_L433;20260701_164907;01.07.2026;16:37:00;433;14;8602;12;U1485Z2;Pečky,žel.st.;50.10633;14.99285
20260701_164907_L493;20260701_164907;01.07.2026;16:38:00;493;20;8601;10;U3160Z1;Nymburk,hl.nádr.;50.13767;15.09533
20260701_164907_L300;20260701_164907;01.07.2026;16:34:00;300;9;8877;14;U85Z9;Hřebeč;50.09278;14.32067
20260701_164907_L304;20260701_164907;01.07.2026;16:38:00;304;22;8388;10;U9895Z1;Rakovník,aut.st.;50.10319;13.73418
20260701_164907_L136;20260701_164907;01.07.2026;16:36:00;136;23;6844;10;U1074Z4P;Jižní Město;50.09181;14.46886
20260701_164907_L395;20260701_164907;01.07.2026;16:37:00;395;32;9920;10;U337Z3;Příbram,Drkolnov;50.0388;14.40506
20260701_164907_L180;20260701_164907;01.07.2026;16:35:00;180;8;5053;13;U182Z2P;Dejvická;50.09216;14.38687
20260701_164907_L101;20260701_164907;01.07.2026;16:39:00;101;2;2305;10;U226Z1P;Zentiva;50.06222;14.53357
20260701_164907_L136;20260701_164907;01.07.2026;16:35:00;136;19;5526;12;U29Z2P;Sídliště Čakovice;50.07345;14.46979
20260701_164907_L188;20260701_164907;01.07.2026;16:39:00;188;1;6987;10;U827Z1P;Kavčí hory;50.07952;14.50881
20260701_164907_L118;20260701_164907;01.07.2026;16:38:00;118;57;6924;11;U1402Z2P;Sídliště Spořilov;50.04838;14.45877
20260701_164907_L231;20260701_164907;01.07.2026;16:34:00;231;7;4091;13;U965Z1P;Na Knížecí;50.06562;14.40352
20260701_164907_L136;20260701_164907;01.07.2026;16:37:00;136;22;5096;12;U603Z1P;Sídliště Čakovice;50.11919;14.50053
20260701_164907_L315;20260701_164907;01.07.2026;16:37:00;315;8;1863;11;U6359Z1;Mnichovo Hradiště,dopravní terminál;50.51076;14.97038
20260701_164907_L149;20260701_164907;01.07.2026;16:32:00;149;6;4009;16;U867Z1P;Dejvická;50.09484;14.39617
20260701_164907_L188;20260701_164907;01.07.2026;16:26:00;188;6;6979;21;U459Z3P;Kavčí hory;50.06516;14.50299
20260701_164907_L484;20260701_164907;01.07.2026;16:34:00;484;21;8043;13;U2315Z1;Úvaly,žel.st.;50.07419;14.72304
20260701_164907_L167;20260701_164907;01.07.2026;16:36:00;167;1;6943;10;U254Z6P;Na Knížecí;50.0707;14.38675
20260701_164907_L190;20260701_164907;01.07.2026;16:39:00;190;2;5026;10;U987Z1P;Na Beránku;50.01672;14.40401
20260701_164907_L737;20260701_164907;01.07.2026;16:35:00;737;1;9910;13;U3391Z1;Bělá p.Bezd.,Atmos;50.41547;14.9046
20260701_164907_L345;20260701_164907;01.07.2026;16:34:00;345;18;8672;13;U3253Z2;Liberec,aut.nádr.;50.52178;14.97724
20260701_164907_L158;20260701_164907;01.07.2026;16:38:00;158;5;6790;10;U899Z4P;Letňany;50.14172;14.51556
20260701_164907_L125;20260701_164907;01.07.2026;16:39:00;125;4;5117;10;U978Z2P;Skalka;50.04011;14.55881
20260701_164907_L136;20260701_164907;01.07.2026;16:37:00;136;20;6992;12;U916Z1P;Jižní Město;50.02515;14.51483
20260701_164907_L201;20260701_164907;01.07.2026;16:39:00;201;17;4128;10;U1276Z2P;Černý Most;50.12616;14.56569
20260701_164907_L120;20260701_164907;01.07.2026;16:36:00;120;1;3678;13;U830Z1P;Nádraží Radotín;49.99244;14.34558
20260701_164907_L105;20260701_164907;01.07.2026;16:36:00;105;2;3749;11;U753Z2P;Smíchovské nádraží;50.04494;14.40904
20260701_164907_L125;20260701_164907;01.07.2026;16:36:00;125;5;5109;13;U337Z3P;Skalka;50.05113;14.40959
20260701_164907_L120;20260701_164907;01.07.2026;16:34:00;120;11;4089;14;U562Z2P;Nádraží Radotín;50.05599;14.40535
20260701_164907_L109;20260701_164907;01.07.2026;16:38:00;109;3;3973;10;U2276Z2P;VÚ Běchovice;50.08451;14.6167
20260701_164907_L228;20260701_164907;01.07.2026;16:38:00;228;11;9048;10;U1115Z2P;Benice;50.06012;14.58714
20260701_164907_L188;20260701_164907;01.07.2026;16:36:00;188;10;6978;13;U459Z3P;Kavčí hory;50.06897;14.49131
20260701_164907_L149;20260701_164907;01.07.2026;16:36:00;149;3;3936;12;U786Z2P;Dejvická;50.05547;14.32976
20260701_164907_L722;20260701_164907;01.07.2026;16:38:00;722;36;8609;10;U3253Z1;Český Dub,nám.;50.52407;14.97336
20260701_164907_L315;20260701_164907;01.07.2026;16:35:00;315;7;8676;14;U3256Z2;Mnichovo Hradiště,dopravní terminál;50.41126;14.91592
20260701_164907_L149;20260701_164907;01.07.2026;16:35:00;149;8;4178;14;U254Z6P;Dejvická;50.06969;14.37925
20260701_164907_L231;20260701_164907;01.07.2026;16:37:00;231;3;3722;11;U1040Z21P;Dívčí hrady;50.06846;14.4038
20260701_164907_L380;20260701_164907;01.07.2026;16:37:00;380;1;9972;12;U4976Z2;Praha,Vypich;49.9425;14.02771
20260701_164907_L154;20260701_164907;01.07.2026;16:39:00;154;1;3858;10;U2901Z1P;Sídliště Libuš;50.00999;14.46642
20260701_165308_L136;20260701_165308;01.07.2026;16:39:00;136;8;5506;14;U114Z1P;Sídliště Čakovice;50.15624;14.52258
20260701_165308_L339;20260701_165308;01.07.2026;16:43:00;339;17;9932;10;U1330Z1;Týnec n.Sáz.,žel.st.;49.9675;14.51473
20260701_165308_L402;20260701_165308;01.07.2026;16:38:00;402;4;7672;13;U7317Z1;Praha,Roztyly;49.72358;15.04561
20260701_165308_L395;20260701_165308;01.07.2026;16:37:00;395;32;9920;12;U337Z3;Příbram,Drkolnov;50.01269;14.39407
20260701_165308_L136;20260701_165308;01.07.2026;16:40:00;136;19;5526;12;U518Z4P;Sídliště Čakovice;50.07559;14.46026
20260701_165308_L136;20260701_165308;01.07.2026;16:40:00;136;21;6814;12;U344Z1P;Jižní Město;50.0315;14.50549
20260701_165308_L380;20260701_165308;01.07.2026;16:38:00;380;3;9971;14;U33Z4;Praha,Vypich;50.0621;14.3106
20260701_165308_L167;20260701_165308;01.07.2026;16:36:00;167;1;6943;14;U254Z6P;Na Knížecí;50.07097;14.38873
20260701_165308_L342;20260701_165308;01.07.2026;16:36:00;342;5;7690;13;U85Z1;Praha,Nádraží Veleslavín;50.09552;14.34703
20260701_165308_L352;20260701_165308;01.07.2026;16:42:00;352;2;4119;11;U1187Z2;Jinočany,náměstí;50.0259;14.28194
20260701_165308_L135;20260701_165308;01.07.2026;16:39:00;135;6;5101;14;U268Z1P;Florenc;50.0708;14.4617
20260701_165308_L149;20260701_165308;01.07.2026;16:39:00;149;3;3936;13;U968Z2P;Dejvická;50.0546;14.34719
20260701_165308_L712;20260701_165308;01.07.2026;15:48:00;712;6;9590;64;U6251Z1;Bělá p.Bezd.,Bezdědice;50.48296;14.70493
20260701_165308_L676;20260701_165308;01.07.2026;16:29:00;676;33;8623;24;U3040Z2;Loučeň;50.29265;15.03447
20260701_165308_L136;20260701_165308;01.07.2026;16:42:00;136;16;5025;11;U322Z3P;Jižní Město;50.04607;14.48394
20260701_165308_L188;20260701_165308;01.07.2026;16:39:00;188;3;6922;14;U713Z5P;Želivského;50.07233;14.49187
20260701_165308_L385;20260701_165308;01.07.2026;16:41:00;385;19;1620;11;U2085Z3;Zvánovice;49.99174;14.691
20260701_165308_L158;20260701_165308;01.07.2026;16:41:00;158;5;6790;12;U1Z2P;Letňany;50.13355;14.51371
20260701_165308_L190;20260701_165308;01.07.2026;16:43:00;190;2;5026;10;U928Z1P;Na Beránku;50.00859;14.41526
20260701_165308_L154;20260701_165308;01.07.2026;16:43:00;154;2;3861;10;U1069Z1P;Sídliště Libuš;50.04769;14.56525
20260701_165308_L105;20260701_165308;01.07.2026;16:39:00;105;2;3749;14;U337Z4P;Smíchovské nádraží;50.05046;14.41025
20260701_165308_L136;20260701_165308;01.07.2026;16:40:00;136;23;6844;13;U69Z2P;Jižní Město;50.08888;14.46161
20260701_165308_L336;20260701_165308;01.07.2026;16:40:00;336;16;8795;13;U11000Z2;Jeneč,Lidická;50.05877;14.23377
20260701_165308_L310;20260701_165308;01.07.2026;16:40:00;310;9;9973;13;U1643Z2;Praha,Zličín;50.05072;14.27264
20260701_165308_L382;20260701_165308;01.07.2026;16:41:00;382;7;9362;10;U2022Z1;Sázava,aut.st.;49.93451;14.83844
20260701_165308_L484;20260701_165308;01.07.2026;16:34:00;484;21;8043;17;U2315Z1;Úvaly,žel.st.;50.07419;14.72304
20260701_165308_L315;20260701_165308;01.07.2026;16:42:00;315;8;1863;10;U3253Z2;Mnichovo Hradiště,dopravní terminál;50.52125;14.97851
20260701_165308_L342;20260701_165308;01.07.2026;16:36:00;342;1;7702;14;U776Z3;Slaný,žel.st.;50.11829;14.27996
20260701_165308_L345;20260701_165308;01.07.2026;16:38:00;345;18;8672;15;U6398Z1;Liberec,aut.nádr.;50.53254;15.00304
20260701_165308_L337;20260701_165308;01.07.2026;16:43:00;337;12;9127;10;U2158Z2;Benešov,Terminál;49.83643;14.67489
20260701_165308_L228;20260701_165308;01.07.2026;16:41:00;228;11;9048;11;U7040Z1P;Benice;50.04664;14.58423
20260701_165308_L300;20260701_165308;01.07.2026;16:41:00;300;10;8956;10;U4304Z1;Kladno,u kostela;50.148;14.16179
20260701_165308_L307;20260701_165308;01.07.2026;16:43:00;307;10;8991;10;U1643Z1;Unhošť,nám.;50.05072;14.27238
20260701_165308_L387;20260701_165308;01.07.2026;16:42:00;387;16;9951;10;U1909Z1;Uhlířské Janovice,nám.;49.9887;14.76145
20260701_165308_L388;20260701_165308;01.07.2026;16:41:00;388;8;7762;10;U776Z3;Slaný,Arbesova;50.12137;14.27479
20260701_165308_L394;20260701_165308;01.07.2026;16:40:00;394;29;9904;11;U602Z12;Králův Dvůr,Počaply,Plzeňská;50.05447;14.32351
20260701_165308_L406;20260701_165308;01.07.2026;16:40:00;406;13;7943;12;U7609Z1;Čechtice;49.73121;14.82889
20260701_165308_L188;20260701_165308;01.07.2026;16:36:00;188;10;6978;15;U459Z3P;Kavčí hory;50.06617;14.49832
20260701_165308_L380;20260701_165308;01.07.2026;16:42:00;380;7;9978;11;U1648Z1;Králův Dvůr,Počaply,Obchodní centrum;50.02977;14.22056
20260701_165308_L380;20260701_165308;01.07.2026;16:42:00;380;4;9981;11;U2321Z2;Praha,Vypich;50.01869;14.20223
20260701_165308_L384;20260701_165308;01.07.2026;16:41:00;384;16;9869;11;U4273Z1;Praha,Zličín;49.97096;14.08426
20260701_165308_L560;20260701_165308;01.07.2026;16:40:00;560;70;8386;11;U6810Z1;Rakovník,aut.st.;50.13762;13.67631
20260701_165308_L433;20260701_165308;01.07.2026;16:40:00;433;14;8602;13;U1444Z1;Pečky,žel.st.;50.0977;15.01514
20260701_165308_L493;20260701_165308;01.07.2026;16:42:00;493;20;8601;10;U3029Z1;Nymburk,hl.nádr.;50.1643;15.07947
20260701_165308_L678;20260701_165308;01.07.2026;16:41:00;678;33;8557;11;U1442Z4;Pečky,žel.st.;50.08999;15.02487
20260701_165308_L737;20260701_165308;01.07.2026;16:39:00;737;1;9910;13;U6176Z1;Bělá p.Bezd.,Atmos;50.43697;14.89454
20260701_165308_L408;20260701_165308;01.07.2026;16:42:00;408;69;7900;11;U6489Z4;Tábor,aut.nádr.;49.63879;14.64302
20260701_165308_L474;20260701_165308;01.07.2026;16:41:00;474;46;8143;11;U3349Z1;Mělník,MŠ Chloumek;50.37266;14.51233
20260701_165308_L136;20260701_165308;01.07.2026;16:43:00;136;22;5096;10;U405Z1P;Sídliště Čakovice;50.12868;14.51152
20260701_165308_L125;20260701_165308;01.07.2026;16:43:00;125;6;5059;10;U337Z3P;Skalka;50.05036;14.41016
20260701_165308_L399;20260701_165308;01.07.2026;16:38:00;399;11;1264;13;U4320Z1;Kladno,Energie;50.1323;14.1108
20260701_165308_L125;20260701_165308;01.07.2026;16:38:00;125;52;6866;15;U181Z1P;Skalka;50.04015;14.49009
20260701_165308_L637;20260701_165308;01.07.2026;16:37:00;637;52;9570;12;U9065Z1;Beroun,autobusové nádraží;49.95897;14.00278
20260701_165308_L118;20260701_165308;01.07.2026;16:43:00;118;57;6924;10;U79Z1P;Sídliště Spořilov;50.0457;14.47029
20260701_165308_L188;20260701_165308;01.07.2026;16:38:00;188;4;6705;15;U576Z2P;Želivského;50.05558;14.48373
20260701_165308_L125;20260701_165308;01.07.2026;16:43:00;125;4;5117;10;U973Z2P;Skalka;50.04513;14.55795
20260701_165308_L136;20260701_165308;01.07.2026;16:38:00;136;20;6992;14;U353Z1P;Jižní Město;50.02902;14.52562
20260701_165308_L120;20260701_165308;01.07.2026;16:38:00;120;1;3678;14;U608Z1P;Nádraží Radotín;49.98352;14.35783
20260701_165308_L125;20260701_165308;01.07.2026;16:36:00;125;5;5109;14;U337Z3P;Skalka;50.03297;14.40948
20260701_165308_L154;20260701_165308;01.07.2026;16:41:00;154;3;3023;11;U2781Z52P;Sídliště Libuš;50.06267;14.50417
20260701_165308_L722;20260701_165308;01.07.2026;16:43:00;722;36;8609;10;U6348Z1;Český Dub,nám.;50.5265;14.9472
20260701_165308_L149;20260701_165308;01.07.2026;16:38:00;149;8;4178;15;U443Z1P;Dejvická;50.07288;14.37804
20260701_165308_L231;20260701_165308;01.07.2026;16:37:00;231;3;3722;15;U1040Z21P;Dívčí hrady;50.06822;14.40337
20260701_165308_L380;20260701_165308;01.07.2026;16:40:00;380;1;9972;12;U1748Z2;Praha,Vypich;49.95113;14.04468
20260701_165708_L125;20260701_165708;01.07.2026;16:42:00;125;52;6866;15;U1345Z1P;Skalka;50.03118;14.50847
20260701_165708_L191;20260701_165708;01.07.2026;16:45:00;191;5;4015;10;U737Z1P;Letiště / Airport ✈;50.08018;14.34994
20260701_165708_L310;20260701_165708;01.07.2026;16:40:00;310;9;9973;16;U1643Z2;Praha,Zličín;50.05275;14.27573
20260701_165708_L149;20260701_165708;01.07.2026;16:43:00;149;5;4086;13;U254Z5P;Stodůlky-Bavorská;50.07034;14.38023
20260701_165708_L484;20260701_165708;01.07.2026;16:34:00;484;21;8043;21;U2315Z1;Úvaly,žel.st.;50.07419;14.72304
20260701_165708_L188;20260701_165708;01.07.2026;16:42:00;188;11;5556;13;U921Z6P;Kavčí hory;50.07989;14.48769
20260701_165708_L300;20260701_165708;01.07.2026;16:47:00;300;10;8956;10;U4306Z1;Kladno,u kostela;50.13611;14.12628
20260701_165708_L188;20260701_165708;01.07.2026;16:46:00;188;1;6987;10;U459Z3P;Kavčí hory;50.06854;14.49219
20260701_165708_L135;20260701_165708;01.07.2026;16:42:00;135;6;5101;15;U301Z1P;Florenc;50.07201;14.44703
20260701_165708_L201;20260701_165708;01.07.2026;16:47:00;201;17;4128;10;U342Z2P;Černý Most;50.112;14.5588
20260701_165708_L149;20260701_165708;01.07.2026;16:45:00;149;3;3936;12;U1296Z1P;Dejvická;50.05174;14.36211
20260701_165708_L384;20260701_165708;01.07.2026;16:46:00;384;16;9869;10;U2373Z2;Praha,Zličín;49.98306;14.12578
20260701_165708_L120;20260701_165708;01.07.2026;16:47:00;120;4;3911;10;U302Z3P;Pod Lochkovem;50.06225;14.40566
20260701_165708_L136;20260701_165708;01.07.2026;16:44:00;136;23;6844;13;U516Z3P;Jižní Město;50.08248;14.45906
20260701_165708_L136;20260701_165708;01.07.2026;16:44:00;136;19;5526;13;U516Z4P;Sídliště Čakovice;50.08277;14.45886
20260701_165708_L659;20260701_165708;01.07.2026;16:45:00;659;36;9179;10;U2048Z2;Český Brod,žel.st.;49.89201;14.88686
20260701_165708_L342;20260701_165708;01.07.2026;16:42:00;342;1;7702;14;U2135Z1;Slaný,žel.st.;50.1213;14.25634
20260701_165708_L347;20260701_165708;01.07.2026;16:46:00;347;20;1445;10;U1643Z1;Hostivice,nádraží;50.04889;14.26665
20260701_165708_L545;20260701_165708;01.07.2026;16:45:00;545;17;9449;11;U9787Z2;Zaječov;49.82631;13.87448
20260701_165708_L695;20260701_165708;01.07.2026;16:46:00;695;39;8117;10;U6095Z1;Mšeno;50.44597;14.57673
20260701_165708_L188;20260701_165708;01.07.2026;16:36:00;188;10;6978;19;U459Z3P;Kavčí hory;50.06555;14.50108
20260701_165708_L560;20260701_165708;01.07.2026;16:46:00;560;70;8386;11;U6811Z1;Rakovník,aut.st.;50.11999;13.7141
20260701_165708_L474;20260701_165708;01.07.2026;16:41:00;474;46;8143;15;U3349Z1;Mělník,MŠ Chloumek;50.37266;14.51233
20260701_165708_L712;20260701_165708;01.07.2026;15:48:00;712;6;9590;69;U6251Z1;Bělá p.Bezd.,Bezdědice;50.48296;14.70493
20260701_165708_L737;20260701_165708;01.07.2026;16:43:00;737;1;9910;13;U6194Z1;Bělá p.Bezd.,Atmos;50.4527;14.87323
20260701_165708_L336;20260701_165708;01.07.2026;16:43:00;336;16;8795;13;U1178Z4;Jeneč,Lidická;50.06236;14.22543
20260701_165708_L339;20260701_165708;01.07.2026;16:43:00;339;17;9932;12;U1330Z1;Týnec n.Sáz.,žel.st.;49.96144;14.52459
20260701_165708_L347;20260701_165708;01.07.2026;16:44:00;347;19;1444;12;U1643Z2;Praha,Zličín;50.05242;14.275
20260701_165708_L380;20260701_165708;01.07.2026;16:47:00;380;7;9978;10;U2169Z1;Králův Dvůr,Počaply,Obchodní centrum;50.02025;14.20503
20260701_165708_L395;20260701_165708;01.07.2026;16:37:00;395;32;9920;13;U337Z3;Příbram,Drkolnov;49.97998;14.38684
20260701_165708_L380;20260701_165708;01.07.2026;16:45:00;380;4;9981;11;U1674Z2;Praha,Vypich;50.02484;14.2084
20260701_165708_L385;20260701_165708;01.07.2026;16:41:00;385;19;1620;14;U2085Z3;Zvánovice;49.9879;14.70455
20260701_165708_L406;20260701_165708;01.07.2026;16:45:00;406;13;7943;11;U5799Z1;Čechtice;49.71278;14.87462
20260701_165708_L387;20260701_165708;01.07.2026;16:45:00;387;16;9951;11;U2011Z1;Uhlířské Janovice,nám.;49.98857;14.79358
20260701_165708_L389;20260701_165708;01.07.2026;16:42:00;389;15;7755;13;U80Z4;Praha,Nádraží Veleslavín;50.09278;14.3194
20260701_165708_L394;20260701_165708;01.07.2026;16:40:00;394;29;9904;17;U602Z12;Králův Dvůr,Počaply,Plzeňská;50.05114;14.3525
20260701_165708_L307;20260701_165708;01.07.2026;16:45:00;307;10;8991;11;U1190Z1;Unhošť,nám.;50.0435;14.25659
20260701_165708_L180;20260701_165708;01.07.2026;16:45:00;180;1;5049;11;U182Z2P;Dejvická;50.08784;14.38192
20260701_165708_L686;20260701_165708;01.07.2026;16:43:00;686;33;8142;11;U2315Z1;Úvaly,žel.st.;50.07411;14.72315
20260701_165708_L177;20260701_165708;01.07.2026;16:47:00;177;15;5129;10;U409Z1P;Chodov;50.04717;14.51586
20260701_165708_L493;20260701_165708;01.07.2026;16:45:00;493;20;8601;11;U3100Z1;Nymburk,hl.nádr.;50.17668;15.05043
20260701_165708_L136;20260701_165708;01.07.2026;16:44:00;136;21;6814;13;U916Z1P;Jižní Město;50.02527;14.51588
20260701_165708_L228;20260701_165708;01.07.2026;16:44:00;228;11;9048;11;U9690Z1P;Benice;50.03541;14.59306
20260701_165708_L167;20260701_165708;01.07.2026;16:36:00;167;1;6943;17;U254Z6P;Na Knížecí;50.07097;14.39078
20260701_165708_L136;20260701_165708;01.07.2026;16:45:00;136;16;5025;10;U181Z1P;Jižní Město;50.0335;14.49922
20260701_165708_L154;20260701_165708;01.07.2026;16:45:00;154;3;3023;11;U671Z3P;Sídliště Libuš;50.05699;14.49373
20260701_165708_L190;20260701_165708;01.07.2026;16:46:00;190;2;5026;11;U1035Z1P;Na Beránku;49.99923;14.41673
20260701_165708_L188;20260701_165708;01.07.2026;16:42:00;188;4;6705;14;U920Z2P;Želivského;50.06055;14.49428
20260701_165708_L125;20260701_165708;01.07.2026;16:47:00;125;4;5117;10;U654Z2P;Skalka;50.04983;14.54374
20260701_165708_L120;20260701_165708;01.07.2026;16:45:00;120;1;3678;12;U456Z2P;Na Knížecí;49.98415;14.36229
20260701_165708_L136;20260701_165708;01.07.2026;16:44:00;136;5;5538;11;U1074Z4P;Jižní Město;50.09232;14.47027
20260701_165708_L722;20260701_165708;01.07.2026;16:47:00;722;36;8609;10;U6370Z1;Český Dub,nám.;50.55465;14.94663
20260701_165708_L231;20260701_165708;01.07.2026;16:37:00;231;3;3722;19;U1040Z21P;Dívčí hrady;50.06808;14.4025
20260701_165708_L380;20260701_165708;01.07.2026;16:45:00;380;1;9972;12;U4963Z2;Praha,Vypich;49.96065;14.05966
20260701_165708_L125;20260701_165708;01.07.2026;16:44:00;125;7;6768;12;U337Z4P;Smíchovské nádraží;50.05113;14.40964
20260701_170108_L136;20260701_170108;01.07.2026;16:48:00;136;21;6814;13;U151Z1P;Jižní Město;50.03153;14.53373
20260701_170108_L345;20260701_170108;01.07.2026;16:47:00;345;18;8672;14;U31057Z1;Liberec,aut.nádr.;50.57504;15.06904
20260701_170108_L136;20260701_170108;01.07.2026;16:48:00;136;23;6844;13;U518Z3P;Jižní Město;50.0759;14.45906
20260701_170108_L136;20260701_170108;01.07.2026;16:49:00;136;16;5025;10;U106Z2P;Jižní Město;50.02412;14.50879
20260701_170108_L191;20260701_170108;01.07.2026;16:50:00;191;1;3999;11;U85Z2P;Obchodní centrum Ruzyně;50.09268;14.32368
20260701_170108_L136;20260701_170108;01.07.2026;16:47:00;136;19;5526;14;U69Z1P;Sídliště Čakovice;50.08895;14.46176
20260701_170108_L394;20260701_170108;01.07.2026;16:40:00;394;29;9904;19;U602Z12;Králův Dvůr,Počaply,Plzeňská;50.05174;14.35154
20260701_170108_L167;20260701_170108;01.07.2026;16:46:00;167;4;6986;12;U254Z6P;Na Knížecí;50.0709;14.38799
20260701_170108_L493;20260701_170108;01.07.2026;16:49:00;493;20;8601;11;U2969Z1;Nymburk,hl.nádr.;50.18667;15.03951
20260701_170108_L540;20260701_170108;01.07.2026;16:50:00;540;14;7651;11;U6713Z2;Poděbrady,žel.st.;50.14617;15.12938
20260701_170108_L307;20260701_170108;01.07.2026;16:50:00;307;10;8991;11;U1647Z1;Unhošť,nám.;50.03434;14.23262
20260701_170108_L307;20260701_170108;01.07.2026;16:46:00;307;12;8959;15;U1677Z2;Červený Újezd;50.04479;14.18486
20260701_170108_L228;20260701_170108;01.07.2026;16:48:00;228;11;9048;13;U336Z3P;Benice;50.03184;14.59832
20260701_170108_L560;20260701_170108;01.07.2026;16:50:00;560;70;8386;10;U2009Z1;Rakovník,aut.st.;50.10672;13.72873
20260701_170108_L408;20260701_170108;01.07.2026;16:49:00;408;69;7900;11;U6466Z1;Tábor,aut.nádr.;49.61113;14.59831
20260701_170108_L347;20260701_170108;01.07.2026;16:50:00;347;20;1445;11;U3206Z1;Hostivice,nádraží;50.06023;14.24202
20260701_170108_L336;20260701_170108;01.07.2026;16:47:00;336;16;8795;13;U1179Z1;Jeneč,Lidická;50.06815;14.25462
20260701_170108_L300;20260701_170108;01.07.2026;16:46:00;300;9;8877;15;U4302Z52;Hřebeč;50.14596;14.19941
20260701_170108_L695;20260701_170108;01.07.2026;16:50:00;695;39;8117;10;U6097Z1;Mšeno;50.46293;14.60724
20260701_170108_L712;20260701_170108;01.07.2026;15:48:00;712;6;9590;73;U6251Z1;Bělá p.Bezd.,Bezdědice;50.48296;14.70493
20260701_170108_L381;20260701_170108;01.07.2026;16:50:00;381;18;9363;11;U5897Z2;Praha,Háje;49.90698;15.39627
20260701_170108_L399;20260701_170108;01.07.2026;16:49:00;399;11;1264;12;U2889Z1;Kladno,Energie;50.14111;14.08308
20260701_170108_L400;20260701_170108;01.07.2026;16:47:00;400;53;1085;11;U32149Z1;Varnsdorf,aut.nádr.;50.69299;14.54154
20260701_170108_L400;20260701_170108;01.07.2026;16:48:00;400;56;1088;12;U31046Z4;Nový Bor,aut.nádr.;50.54175;14.54338
20260701_170108_L383;20260701_170108;01.07.2026;16:46:00;383;44;9177;14;U2064Z1;Chocerady;49.92933;14.71731
20260701_170108_L387;20260701_170108;01.07.2026;16:47:00;387;16;9951;12;U2012Z1;Uhlířské Janovice,nám.;49.99274;14.83456
20260701_170108_L380;20260701_170108;01.07.2026;16:50:00;380;7;9978;10;U2322Z1;Králův Dvůr,Počaply,Obchodní centrum;50.01532;14.19534
20260701_170108_L155;20260701_170108;01.07.2026;16:50:00;155;1;9120;11;U2954Z2P;Poliklinika Malešice;50.07668;14.47552
20260701_170108_L637;20260701_170108;01.07.2026;16:48:00;637;52;9570;13;U4965Z2;Beroun,autobusové nádraží;49.95217;14.04731
20260701_170108_L659;20260701_170108;01.07.2026;16:50:00;659;36;9179;10;U2550Z2;Český Brod,žel.st.;49.91209;14.90278
20260701_170108_L120;20260701_170108;01.07.2026;16:48:00;120;10;3699;11;U817Z2P;Na Knížecí;50.06491;14.4039
20260701_170108_L180;20260701_170108;01.07.2026;16:50:00;180;1;5049;11;U321Z4P;Dejvická;50.09947;14.39562
20260701_170108_L188;20260701_170108;01.07.2026;16:46:00;188;1;6987;13;U459Z3P;Kavčí hory;50.06587;14.49947
20260701_170108_L380;20260701_170108;01.07.2026;16:46:00;380;3;9971;14;U306Z1;Praha,Vypich;50.07532;14.34206
20260701_170108_L149;20260701_170108;01.07.2026;16:43:00;149;5;4086;17;U254Z5P;Stodůlky-Bavorská;50.07022;14.3803
20260701_170108_L188;20260701_170108;01.07.2026;16:46:00;188;3;6922;15;U660Z2P;Želivského;50.08265;14.50495
20260701_170108_L120;20260701_170108;01.07.2026;16:50:00;120;4;3911;11;U468Z1P;Pod Lochkovem;50.05265;14.4063
20260701_170108_L149;20260701_170108;01.07.2026;16:49:00;149;3;3936;12;U846Z2P;Dejvická;50.05552;14.36504
20260701_170108_L484;20260701_170108;01.07.2026;16:34:00;484;21;8043;25;U2315Z1;Úvaly,žel.st.;50.07419;14.72304
20260701_170108_L474;20260701_170108;01.07.2026;16:41:00;474;46;8143;19;U3349Z1;Mělník,MŠ Chloumek;50.37266;14.51233
20260701_170108_L737;20260701_170108;01.07.2026;16:47:00;737;1;9910;13;U6196Z1;Bělá p.Bezd.,Atmos;50.47635;14.84698
20260701_170108_L406;20260701_170108;01.07.2026;16:50:00;406;13;7943;11;U6042Z4;Čechtice;49.70769;14.90115
20260701_170108_L686;20260701_170108;01.07.2026;16:43:00;686;33;8142;15;U2315Z1;Úvaly,žel.st.;50.07411;14.72315
20260701_170108_L191;20260701_170108;01.07.2026;16:51:00;191;5;4015;10;U273Z1P;Letiště / Airport ✈;50.08853;14.35072
20260701_170108_L183;20260701_170108;01.07.2026;16:50:00;183;5;6969;11;U474Z4P;Vozovna Kobylisy;50.11062;14.50231
20260701_170108_L188;20260701_170108;01.07.2026;16:47:00;188;11;5556;14;U660Z1P;Kavčí hory;50.0826;14.50495
20260701_170108_L300;20260701_170108;01.07.2026;16:49:00;300;10;8956;11;U4308Z3;Kladno,u kostela;50.13234;14.11071
20260701_170108_L339;20260701_170108;01.07.2026;16:48:00;339;17;9932;12;U1532Z1;Týnec n.Sáz.,žel.st.;49.94226;14.54765
20260701_170108_L380;20260701_170108;01.07.2026;16:50:00;380;4;9981;11;U2323Z2;Praha,Vypich;50.03181;14.22615
20260701_170108_L154;20260701_170108;01.07.2026;16:49:00;154;3;3023;12;U887Z1P;Sídliště Libuš;50.05303;14.50417
20260701_170108_L133;20260701_170108;01.07.2026;16:51:00;133;8;4062;10;U357Z1P;Sídliště Malešice;50.08619;14.48201
20260701_170108_L120;20260701_170108;01.07.2026;16:48:00;120;1;3678;13;U637Z2P;Na Knížecí;49.98939;14.35099
20260701_170108_L136;20260701_170108;01.07.2026;16:44:00;136;5;5538;14;U1074Z4P;Jižní Město;50.09096;14.46819
20260701_170108_L315;20260701_170108;01.07.2026;16:48:00;315;7;8676;13;U3392Z1;Mnichovo Hradiště,dopravní terminál;50.43132;14.92312
20260701_170108_L231;20260701_170108;01.07.2026;16:37:00;231;3;3722;21;U1040Z21P;Dívčí hrady;50.06445;14.404
