ID Záznamu;Timestamp;Den;Čas příjezdu;Linka;Oběh;Vozidlo;Zpoždění (min);Zastávka;Směr;Zeměpisná šířka (Lat);Zeměpisná délka (Lon)
20260624_091237_L108;20260624_091237;24.06.2026;09:02:00;108;1;2056;10;U645Z3P;Divoká Šárka;50.09282;14.38473
20260624_091237_L108;20260624_091237;24.06.2026;08:59:00;108;4;2076;13;U3043Z2P;Dejvická;50.08874;14.36724
20260624_091237_L117;20260624_091237;24.06.2026;09:02:00;117;7;1952;10;U60Z2P;Nové Komořany;50.01657;14.4432
20260624_091237_L125;20260624_091237;24.06.2026;08:57:00;125;7;5102;16;U286Z5P;Skalka;50.0306;14.52871
20260624_091237_L125;20260624_091237;24.06.2026;09:03:00;125;8;5116;10;U386Z1P;Skalka;50.03098;14.524
20260624_091237_L126;20260624_091237;24.06.2026;08:51:00;126;6;3959;20;U3053Z2P;Nádraží Uhříněves;50.03123;14.59813
20260624_091237_L126;20260624_091237;24.06.2026;08:56:00;126;12;4039;16;U590Z1P;Háje;50.03548;14.52071
20260624_091237_L133;20260624_091237;24.06.2026;08:58:00;133;1;3008;14;U3018Z1P;Sídliště Malešice;50.08867;14.44315
20260624_091237_L133;20260624_091237;24.06.2026;08:59:00;133;5;4066;12;U512Z8P;Sídliště Malešice;50.09023;14.46713
20260624_091237_L133;20260624_091237;24.06.2026;08:55:00;133;4;3960;17;U418Z1P;Sídliště Malešice;50.08045;14.48799
20260624_091237_L133;20260624_091237;24.06.2026;08:59:00;133;10;4064;11;U767Z1P;Sídliště Malešice;50.08061;14.48749
20260624_091237_L133;20260624_091237;24.06.2026;08:57:00;133;9;4104;15;U512Z5P;Florenc;50.09015;14.46677
20260624_091237_L133;20260624_091237;24.06.2026;08:48:00;133;51;3888;24;U16Z2P;Florenc;50.08721;14.47103
20260624_091237_L136;20260624_091237;24.06.2026;08:57:00;136;10;6773;15;U697Z3P;Jižní Město;50.0487;14.48087
20260624_091237_L136;20260624_091237;24.06.2026;08:57:00;136;11;5089;14;U855Z1P;Jižní Město;50.07415;14.4671
20260624_091237_L136;20260624_091237;24.06.2026;08:54:00;136;12;6957;15;U1074Z4P;Jižní Město;50.09133;14.46845
20260624_091237_L136;20260624_091237;24.06.2026;09:02:00;136;22;6879;10;U916Z1P;Jižní Město;50.02515;14.51475
20260624_091237_L136;20260624_091237;24.06.2026;08:57:00;136;28;6702;13;U516Z3P;Jižní Město;50.0792;14.46047
20260624_091237_L139;20260624_091237;24.06.2026;09:01:00;139;8;5507;11;U376Z4P;Želivského;50.05382;14.45256
20260624_091237_L139;20260624_091237;24.06.2026;08:57:00;139;9;6981;14;U29Z3P;Želivského;50.07267;14.47061
20260624_091237_L139;20260624_091237;24.06.2026;09:00:00;139;12;5136;12;U882Z2P;Želivského;49.98984;14.40945
20260624_091237_L139;20260624_091237;24.06.2026;08:58:00;139;16;5526;14;U508Z2P;Želivského;50.06637;14.45564
20260624_091237_L146;20260624_091237;24.06.2026;08:46:00;146;5;9189;26;U834Z2P;Želivského;50.08689;14.48686
20260624_091237_L149;20260624_091237;24.06.2026;09:00:00;149;8;4200;11;U254Z5P;Stodůlky-Bavorská;50.0703;14.38029
20260624_091237_L149;20260624_091237;24.06.2026;09:00:00;149;9;4197;12;U1130Z1P;Stodůlky-Bavorská;50.05411;14.33915
20260624_091237_L149;20260624_091237;24.06.2026;08:53:00;149;5;4088;19;U563Z1P;Dejvická;50.08521;14.37914
20260624_091237_L150;20260624_091237;24.06.2026;08:59:00;150;8;5114;13;U29Z2P;Želivského;50.07073;14.47009
20260624_091237_L151;20260624_091237;24.06.2026;08:58:00;151;5;3706;14;U1170Z1P;Novoborská;50.12645;14.50168
20260624_091237_L155;20260624_091237;24.06.2026;08:50:00;155;1;9466;21;U2954Z2P;Poliklinika Malešice;50.07618;14.47133
20260624_091237_L155;20260624_091237;24.06.2026;08:57:00;155;2;9120;15;U1160Z1P;Nemocnice Vinohrady;50.08593;14.49928
20260624_091237_L163;20260624_091237;24.06.2026;08:59:00;163;57;9151;11;U358Z4P;Depo Hostivař;50.07764;14.51906
20260624_091237_L163;20260624_091237;24.06.2026;08:59:00;163;56;9483;13;U1390Z2P;Depo Hostivař;50.08442;14.57437
20260624_091237_L164;20260624_091237;24.06.2026;09:02:00;164;5;1969;10;U844Z4P;Malovanka;50.08969;14.35108
20260624_091237_L170;20260624_091237;24.06.2026;09:02:00;170;13;3823;10;U415Z1P;Jižní Město;50.04585;14.46087
20260624_091237_L175;20260624_091237;24.06.2026;08:57:00;175;2;3658;15;U789Z2P;Florenc;50.08684;14.44606
20260624_091237_L177;20260624_091237;24.06.2026;08:51:00;177;4;6875;21;U195Z1P;Chodov;50.04449;14.51237
20260624_091237_L177;20260624_091237;24.06.2026;08:57:00;177;25;6867;15;U195Z1P;Chodov;50.04454;14.51235
20260624_091237_L177;20260624_091237;24.06.2026;09:01:00;177;56;6927;11;U166Z1P;Chodov;50.04785;14.52001
20260624_091237_L180;20260624_091237;24.06.2026;08:59:00;180;6;5057;13;U395Z4P;Obchodní centrum Zličín;50.0662;14.32599
20260624_091237_L180;20260624_091237;24.06.2026;09:01:00;180;1;6994;10;U229Z2P;Dejvická;50.08677;14.37432
20260624_091237_L181;20260624_091237;24.06.2026;08:56:00;181;5;5544;16;U160Z1P;Opatov;50.05068;14.52536
20260624_091237_L183;20260624_091237;24.06.2026;08:57:00;183;4;6952;15;U154Z2P;Háje;50.04795;14.55582
20260624_091237_L183;20260624_091237;24.06.2026;09:00:00;183;6;6785;12;U975Z1P;Háje;50.06606;14.5365
20260624_091237_L188;20260624_091237;24.06.2026;09:00:00;188;10;5117;12;U263Z4P;Kavčí hory;50.06042;14.44943
20260624_091237_L188;20260624_091237;24.06.2026;08:56:00;188;4;5062;15;U418Z2P;Želivského;50.07711;14.48917
20260624_091237_L188;20260624_091237;24.06.2026;08:50:00;188;15;5135;19;U418Z2P;Želivského;50.07794;14.47988
20260624_091237_L188;20260624_091237;24.06.2026;09:02:00;188;8;5103;10;U825Z1P;Kavčí hory;50.05461;14.48826
20260624_091237_L195;20260624_091237;24.06.2026;09:00:00;195;24;6971;12;U2703Z2P;Sídliště Letňany;50.08886;14.51391
20260624_091237_L195;20260624_091237;24.06.2026;09:00:00;195;4;5088;11;U953Z1P;Jesenická;50.06816;14.50773
20260624_091237_L199;20260624_091237;24.06.2026;08:47:00;199;1;4157;24;U418Z2P;Želivského;50.07782;14.4889
20260624_091237_L199;20260624_091237;24.06.2026;08:53:00;199;2;3971;18;U418Z2P;Želivského;50.07873;14.48824
20260624_091237_L199;20260624_091237;24.06.2026;08:59:00;199;3;4102;12;U418Z2P;Želivského;50.08046;14.48833
20260624_091237_L199;20260624_091237;24.06.2026;09:00:00;199;6;3866;12;U921Z6P;Sídliště Malešice;50.07909;14.47529
20260624_091237_L201;20260624_091237;24.06.2026;08:55:00;201;1;4093;17;U683Z2P;Nádraží Holešovice;50.12533;14.48599
20260624_091237_L201;20260624_091237;24.06.2026;08:56:00;201;18;3908;16;U51Z2P;Černý Most;50.12302;14.56643
20260624_091237_L201;20260624_091237;24.06.2026;08:53:00;201;20;4132;19;U606Z5P;Černý Most;50.12341;14.5063
20260624_091237_L209;20260624_091237;24.06.2026;08:56:00;209;41;9191;13;U1347Z2P;Nádraží Uhříněves;50.11783;14.62547
20260624_091237_L209;20260624_091237;24.06.2026;08:45:00;209;44;9117;25;U803Z2P;Letňany;50.12116;14.51869
20260624_091237_L209;20260624_091237;24.06.2026;09:01:00;209;45;9461;11;U1291Z1P;Letňany;50.11787;14.60271
20260624_091237_L228;20260624_091237;24.06.2026;08:35:00;228;13;9471;35;U3053Z2P;Poliklinika Malešice;50.03143;14.59846
20260624_091237_L821;20260624_091237;24.06.2026;09:00:00;821;73;1610;10;U1984Z4;Kolín,nádraží;49.96848;14.98392
20260624_091237_L300;20260624_091237;24.06.2026;08:59:00;300;3;8972;11;U4308Z3;Kladno,u kostela;50.13505;14.10621
20260624_091237_L300;20260624_091237;24.06.2026;08:51:00;300;93;8864;17;U80Z3;Kladno,u kostela;50.12758;14.26446
20260624_091237_L307;20260624_091237;24.06.2026;08:49:00;307;11;8952;23;U1643Z2;Praha,Zličín;50.05189;14.27454
20260624_091237_L311;20260624_091237;24.06.2026;08:47:00;311;78;9771;23;U1968Z2;Praha,Zličín;50.04803;14.26551
20260624_091237_L311;20260624_091237;24.06.2026;09:01:00;311;74;9597;11;U1660Z2;Praha,Zličín;49.97745;14.1921
20260624_091237_L311;20260624_091237;24.06.2026;08:56:00;311;77;9583;15;U1852Z51;Řevnice,nádraží;49.92869;14.2729
20260624_091237_L324;20260624_091237;24.06.2026;08:47:00;324;27;8996;24;U4303Z51;Praha,Zličín;50.15343;14.18533
20260624_091237_L328;20260624_091237;24.06.2026;08:29:00;328;6;1730;40;U1372Z2;Praha,Opatov;50.0124;14.53477
20260624_091237_L330;20260624_091237;24.06.2026;08:59:00;330;5;1282;13;U4314Z1;Libušín,náměstí;50.14673;14.10656
20260624_091237_L330;20260624_091237;24.06.2026;08:52:00;330;7;1284;10;U80Z3;Kladno,autobusové nádraží;50.14584;14.19894
20260624_091237_L332;20260624_091237;24.06.2026;08:52:00;332;8;9175;19;U4462Z2;Neveklov;49.75307;14.53053
20260624_091237_L333;20260624_091237;24.06.2026;09:01:00;333;6;7426;11;U488Z7;Praha,Kačerov;50.0301;14.45516
20260624_091237_L337;20260624_091237;24.06.2026;08:47:00;337;14;9364;21;U1391Z1;Benešov,Terminál;49.80994;14.68136
20260624_091237_L345;20260624_091237;24.06.2026;08:54:00;345;39;10643;11;U3063Z2;Praha,Černý Most;50.34524;14.87166
20260624_091237_L347;20260624_091237;24.06.2026;08:52:00;347;21;8882;20;U1142Z1;Praha,Motol;50.05302;14.27654
20260624_091237_L356;20260624_091237;24.06.2026;08:59:00;356;34;8859;10;U776Z3;Praha,Bořislavka;50.12089;14.2889
20260624_091237_L365;20260624_091237;24.06.2026;08:58:00;365;16;8758;13;U2117Z1;Unhošť,nám.;50.08655;14.18341
20260624_091237_L369;20260624_091237;24.06.2026;09:01:00;369;31;8232;11;U1958Z2;Praha,Ládví;50.20953;14.49892
20260624_091237_L370;20260624_091237;24.06.2026;09:02:00;370;12;8196;10;U2221Z1;Kralupy n.Vlt.,žel.st.;50.22784;14.42112
20260624_091237_L372;20260624_091237;24.06.2026;09:02:00;372;36;8051;10;U2286Z1;Kralupy n.Vlt.,žel.st.;50.24138;14.31167
20260624_091237_L380;20260624_091237;24.06.2026;08:32:00;380;5;9983;40;U1141Z5;Praha,Vypich;50.05421;14.29107
20260624_091237_L384;20260624_091237;24.06.2026;08:43:00;384;16;9869;19;U2370Z2;Praha,Zličín;50.04294;14.23876
20260624_091237_L384;20260624_091237;24.06.2026;08:52:00;384;23;9890;19;U4979Z2;Hořovice,nám.B.Němcové;49.92774;14.01298
20260624_091237_L389;20260624_091237;24.06.2026;08:58:00;389;8;7761;14;U9227Z2;Hořešovice;50.26126;14.01592
20260624_091237_L394;20260624_091237;24.06.2026;08:41:00;394;29;9889;30;U4965Z1;Zdice,nám.;49.95053;14.04299
20260624_091237_L398;20260624_091237;24.06.2026;08:59:00;398;26;1680;11;U1433Z2;Praha,Černý Most;50.13497;14.92732
20260624_091237_L400;20260624_091237;24.06.2026;09:01:00;400;56;1091;11;U31352Z1;Nový Bor,aut.nádr.;50.63447;14.53602
20260624_091237_L400;20260624_091237;24.06.2026;08:49:00;400;53;1089;10;U32674Z2;Varnsdorf,aut.nádr.;50.83269;14.49153
20260624_091237_L401;20260624_091237;24.06.2026;08:53:00;401;60;7771;17;U2139Z1;Praha,Roztyly;49.81448;14.68257
20260624_091237_L401;20260624_091237;24.06.2026;08:59:00;401;79;7803;11;U6487Z1;Miličín;49.5756;14.66151
20260624_091237_L402;20260624_091237;24.06.2026;08:55:00;402;3;7672;10;U1372Z2;Praha,Roztyly;50.02976;14.49463
20260624_091237_L405;20260624_091237;24.06.2026;09:02:00;405;66;1432;10;U31016Z1;Špindlerův Mlýn,aut.st.;50.54763;15.55709
20260624_091237_L410;20260624_091237;24.06.2026;08:22:00;410;14;11697;12;U1792Z1;Praha,Střížkov;50.12672;14.48852
20260624_091237_L420;20260624_091237;24.06.2026;08:55:00;420;11;7222;13;U2191Z2;Praha,Smíchovské nádraží;49.85425;14.25489
20260624_091237_L427;20260624_091237;24.06.2026;07:33:00;427;4;11698;99;U31050Z13;Mimoň,Žitavská;50.6619;14.72224
20260624_091237_L429;20260624_091237;24.06.2026;09:00:00;429;19;8877;10;U5971Z2;Praha,Nádraží Veleslavín;50.11623;14.28677
20260624_091237_L458;20260624_091237;24.06.2026;09:01:00;458;24;7902;10;U7740Z2;Mladá Vožice,aut.st.;49.57125;14.86384
20260624_091237_L467;20260624_091237;24.06.2026;08:51:00;467;57;8054;21;U4712Z1;Roudnice n.L.,ČSAD;50.38725;14.33749
20260624_091237_L471;20260624_091237;24.06.2026;08:57:00;471;2;8077;15;U3335Z1;Mělník,aut.nádr.;50.34644;14.48449
20260624_091237_L478;20260624_091237;24.06.2026;08:57:00;478;16;8072;14;U1824Z2;Brandýs n.L.-St.Bol.,žel.st.;50.17631;14.65757
20260624_091237_L580;20260624_091237;24.06.2026;09:00:00;580;19;7693;12;U9331Z2;Rakovník,aut.st.;50.18346;13.80338
20260624_091237_L626;20260624_091237;24.06.2026;08:52:00;626;13;7304;19;U4313Z9;Kladno,autobusové nádraží;50.1455;14.09518
20260624_091237_L655;20260624_091237;24.06.2026;08:59:00;655;46;8128;13;U2349Z1;Úvaly,žel.st.;50.15808;14.75361
20260624_091237_L686;20260624_091237;24.06.2026;08:43:00;686;34;8142;28;U2315Z1;Úvaly,žel.st.;50.07389;14.72342
20260624_091237_L770;20260624_091237;24.06.2026;08:58:00;770;41;7810;11;U7005Z2;Benešov,Terminál;49.79695;14.712
20260624_091638_L108;20260624_091638;24.06.2026;09:03:00;108;4;2076;13;U645Z4P;Dejvická;50.09268;14.38479
20260624_091638_L180;20260624_091638;24.06.2026;09:01:00;180;1;6994;14;U229Z2P;Dejvická;50.08702;14.37654
20260624_091638_L199;20260624_091638;24.06.2026;08:59:00;199;3;4102;16;U418Z2P;Želivského;50.07864;14.48831
20260624_091638_L405;20260624_091638;24.06.2026;09:05:00;405;66;1432;10;U31017Z1;Špindlerův Mlýn,aut.st.;50.57636;15.53064
20260624_091638_L188;20260624_091638;24.06.2026;09:03:00;188;10;5117;13;U640Z1P;Kavčí hory;50.05412;14.44236
20260624_091638_L151;20260624_091638;24.06.2026;09:05:00;151;1;2336;11;U474Z7P;Českomoravská;50.11002;14.50185
20260624_091638_L139;20260624_091638;24.06.2026;09:03:00;139;8;5507;12;U263Z1P;Želivského;50.06236;14.45412
20260624_091638_L195;20260624_091638;24.06.2026;09:03:00;195;4;5088;13;U889Z3P;Jesenická;50.06025;14.50678
20260624_091638_L569;20260624_091638;24.06.2026;09:02:00;569;79;7803;11;U6438Z5;Střezimíř,nám.;49.57394;14.63885
20260624_091638_L133;20260624_091638;24.06.2026;09:04:00;133;5;4066;12;U357Z1P;Sídliště Malešice;50.08616;14.48206
20260624_091638_L151;20260624_091638;24.06.2026;09:04:00;151;5;3706;13;U332Z4P;Českomoravská;50.12721;14.48949
20260624_091638_L136;20260624_091638;24.06.2026;09:04:00;136;58;6945;12;U322Z3P;Jižní Město;50.04552;14.48478
20260624_091638_L136;20260624_091638;24.06.2026;09:03:00;136;28;6702;13;U855Z1P;Jižní Město;50.0745;14.46393
20260624_091638_L177;20260624_091638;24.06.2026;09:06:00;177;5;6779;11;U160Z1P;Chodov;50.05093;14.52435
20260624_091638_L209;20260624_091638;24.06.2026;09:05:00;209;44;9117;11;U1000Z10P;Nádraží Uhříněves;50.12649;14.51496
20260624_091638_L139;20260624_091638;24.06.2026;09:04:00;139;12;5136;12;U62Z2P;Želivského;49.99968;14.40628
20260624_091638_L369;20260624_091638;24.06.2026;09:04:00;369;31;8232;10;U1308Z2;Praha,Ládví;50.19368;14.49318
20260624_091638_L195;20260624_091638;24.06.2026;09:05:00;195;5;6977;10;U827Z1P;Jesenická;50.07625;14.50745
20260624_091638_L188;20260624_091638;24.06.2026;08:56:00;188;4;5062;18;U418Z2P;Želivského;50.0772;14.48664
20260624_091638_L181;20260624_091638;24.06.2026;09:05:00;181;7;6834;12;U747Z1P;Opatov;50.0794;14.53786
20260624_091638_L180;20260624_091638;24.06.2026;09:03:00;180;6;5057;13;U236Z3P;Obchodní centrum Zličín;50.06467;14.30877
20260624_091638_L370;20260624_091638;24.06.2026;09:04:00;370;12;8196;11;U2222Z1;Kralupy n.Vlt.,žel.st.;50.23799;14.40377
20260624_091638_L139;20260624_091638;24.06.2026;09:04:00;139;16;5526;13;U413Z2P;Želivského;50.07082;14.46222
20260624_091638_L398;20260624_091638;24.06.2026;09:04:00;398;26;1680;11;U1431Z2;Praha,Černý Most;50.13926;14.88737
20260624_091638_L330;20260624_091638;24.06.2026;09:05:00;330;5;1282;11;U4329Z1;Libušín,náměstí;50.16713;14.10698
20260624_091638_L655;20260624_091638;24.06.2026;09:02:00;655;46;8128;14;U2351Z1;Úvaly,žel.st.;50.14441;14.74558
20260624_091638_L560;20260624_091638;24.06.2026;09:06:00;560;51;8376;10;U6813Z1;Rakovník,aut.st.;50.14468;13.64675
20260624_091638_L650;20260624_091638;24.06.2026;09:06:00;650;24;12557;10;U32106Z1;Brozany n.Ohří;50.50702;14.14254
20260624_091638_L342;20260624_091638;24.06.2026;09:03:00;342;4;7692;10;U1363Z2;Praha,Nádraží Veleslavín;50.10998;14.27514
20260624_091638_L725;20260624_091638;24.06.2026;09:05:00;725;64;9425;10;U9359Z2;Mladá Boleslav,aut.st.;50.40929;14.94605
20260624_091638_L770;20260624_091638;24.06.2026;09:02:00;770;41;7810;14;U7004Z2;Benešov,Terminál;49.79373;14.70986
20260624_091638_L311;20260624_091638;24.06.2026;09:03:00;311;74;9597;11;U1659Z2;Praha,Zličín;49.99014;14.20294
20260624_091638_L209;20260624_091638;24.06.2026;09:03:00;209;41;9191;13;U883Z1P;Nádraží Uhříněves;50.10051;14.62541
20260624_091638_L209;20260624_091638;24.06.2026;09:05:00;209;45;9461;11;U4435Z1P;Letňany;50.12357;14.5789
20260624_091638_L125;20260624_091638;24.06.2026;09:06:00;125;8;5116;10;U151Z1P;Skalka;50.03155;14.53369
20260624_091638_L136;20260624_091638;24.06.2026;09:02:00;136;11;5089;13;U680Z3P;Jižní Město;50.06836;14.46923
20260624_091638_L210;20260624_091638;24.06.2026;09:04:00;210;6;1747;11;U4105Z2P;Blatov sever;50.08309;14.64186
20260624_091638_L300;20260624_091638;24.06.2026;09:02:00;300;3;8972;13;U4310Z1;Kladno,u kostela;50.14138;14.09868
20260624_091638_L580;20260624_091638;24.06.2026;09:03:00;580;19;7693;12;U2123Z1;Rakovník,aut.st.;50.17463;13.76047
20260624_091638_L330;20260624_091638;24.06.2026;08:52:00;330;7;1284;11;U80Z3;Kladno,autobusové nádraží;50.14621;14.15436
20260624_091638_L117;20260624_091638;24.06.2026;09:05:00;117;7;1952;11;U658Z1P;Nové Komořany;50.01674;14.43136
20260624_091638_L163;20260624_091638;24.06.2026;09:02:00;163;56;9483;14;U742Z4P;Depo Hostivař;50.07413;14.56014
20260624_091638_L164;20260624_091638;24.06.2026;09:06:00;164;5;1969;10;U2608Z2P;Malovanka;50.08754;14.366
20260624_091638_L380;20260624_091638;24.06.2026;08:32:00;380;5;9983;42;U1141Z5;Praha,Vypich;50.06043;14.29763
20260624_091638_L383;20260624_091638;24.06.2026;09:05:00;383;32;9174;10;U808Z2;Praha,Háje;50.03138;14.59918
20260624_091638_L384;20260624_091638;24.06.2026;09:05:00;384;24;9979;11;U2371Z1;Zdice,nám.;49.99102;14.14892
20260624_091638_L402;20260624_091638;24.06.2026;08:55:00;402;3;7672;11;U1372Z2;Praha,Roztyly;50.03971;14.4815
20260624_091638_L429;20260624_091638;24.06.2026;09:00:00;429;19;8877;14;U5971Z2;Praha,Nádraží Veleslavín;50.11607;14.28577
20260624_091638_L311;20260624_091638;24.06.2026;08:47:00;311;78;9771;27;U1968Z2;Praha,Zličín;50.04898;14.26689
20260624_091638_L188;20260624_091638;24.06.2026;09:05:00;188;8;5103;11;U1092Z2P;Kavčí hory;50.05689;14.47276
20260624_091638_L108;20260624_091638;24.06.2026;09:04:00;108;1;2056;11;U3042Z1P;Divoká Šárka;50.09062;14.373
20260624_091638_L120;20260624_091638;24.06.2026;09:06:00;120;3;4185;10;U120Z1P;Nádraží Radotín;50.01055;14.35689
20260624_091638_L188;20260624_091638;24.06.2026;09:03:00;188;11;6703;12;U418Z2P;Želivského;50.07823;14.48858
20260624_091638_L126;20260624_091638;24.06.2026;09:05:00;126;11;3735;10;U3053Z2P;Nádraží Uhříněves;50.03139;14.59848
20260624_091638_L177;20260624_091638;24.06.2026;09:06:00;177;56;6927;10;U99Z1P;Chodov;50.03729;14.50886
20260624_091638_L133;20260624_091638;24.06.2026;09:02:00;133;1;3008;14;U2787Z1P;Sídliště Malešice;50.08836;14.4587
20260624_091638_L215;20260624_091638;24.06.2026;09:05:00;215;14;5531;10;U488Z3P;Kačerov;50.03617;14.4563
20260624_091638_L427;20260624_091638;24.06.2026;07:33:00;427;4;11698;103;U31050Z13;Mimoň,Žitavská;50.6619;14.72224
20260624_091638_L149;20260624_091638;24.06.2026;09:00:00;149;8;4200;15;U254Z5P;Stodůlky-Bavorská;50.06975;14.38044
20260624_091638_L332;20260624_091638;24.06.2026;09:03:00;332;21;9954;10;U2127Z1;Jílové u Prahy,náměstí;49.91332;14.50056
20260624_091638_L337;20260624_091638;24.06.2026;08:47:00;337;14;9364;24;U1391Z1;Benešov,Terminál;49.80015;14.67983
20260624_091638_L136;20260624_091638;24.06.2026;09:05:00;136;22;6879;11;U286Z5P;Jižní Město;50.03072;14.52994
20260624_091638_L177;20260624_091638;24.06.2026;09:06:00;177;19;5105;10;U2781Z2P;Chodov;50.06202;14.50411
20260624_091638_L199;20260624_091638;24.06.2026;08:47:00;199;1;4157;28;U418Z2P;Želivského;50.07743;14.48905
20260624_091638_L339;20260624_091638;24.06.2026;09:02:00;339;22;9365;10;U488Z7;Praha,Budějovická;50.04524;14.44863
20260624_091638_L335;20260624_091638;24.06.2026;09:05:00;335;1;9162;11;U1330Z2;Praha,Budějovická;49.96876;14.51187
20260624_091638_L166;20260624_091638;24.06.2026;09:05:00;166;1;1941;11;U990Z1P;Sídliště Čakovice;50.1206;14.48501
20260624_091638_L183;20260624_091638;24.06.2026;09:04:00;183;6;6785;12;U453Z10P;Háje;50.05306;14.53723
20260624_091638_L170;20260624_091638;24.06.2026;09:06:00;170;13;3823;10;U643Z1P;Jižní Město;50.04702;14.47664
20260624_091638_L195;20260624_091638;24.06.2026;09:02:00;195;24;6971;13;U574Z2P;Sídliště Letňany;50.09077;14.50177
20260624_091638_L199;20260624_091638;24.06.2026;09:04:00;199;5;3964;12;U660Z2P;Želivského;50.08279;14.50587
20260624_091638_L478;20260624_091638;24.06.2026;09:02:00;478;16;8072;14;U1825Z1;Brandýs n.L.-St.Bol.,žel.st.;50.17887;14.67005
20260624_091638_L199;20260624_091638;24.06.2026;08:53:00;199;2;3971;22;U418Z2P;Želivského;50.07787;14.48883
20260624_091638_L199;20260624_091638;24.06.2026;09:00:00;199;6;3866;15;U921Z6P;Sídliště Malešice;50.07713;14.48521
20260624_092038_L177;20260624_092038;24.06.2026;09:10:00;177;20;5038;10;U827Z1P;Chodov;50.07957;14.5088
20260624_092038_L175;20260624_092038;24.06.2026;09:10:00;175;9;3749;10;U743Z1P;Florenc;50.0866;14.45541
20260624_092038_L199;20260624_092038;24.06.2026;08:59:00;199;3;4102;20;U418Z2P;Želivského;50.07772;14.48894
20260624_092038_L108;20260624_092038;24.06.2026;09:07:00;108;4;2076;13;U2757Z1P;Dejvická;50.09651;14.38755
20260624_092038_L180;20260624_092038;24.06.2026;09:05:00;180;1;6994;15;U867Z1P;Dejvická;50.09398;14.39008
20260624_092038_L201;20260624_092038;24.06.2026;09:05:00;201;18;3908;15;U1056Z2P;Černý Most;50.10753;14.57253
20260624_092038_L183;20260624_092038;24.06.2026;09:08:00;183;11;6756;13;U13Z1P;Vozovna Kobylisy;50.09469;14.49627
20260624_092038_L195;20260624_092038;24.06.2026;09:10:00;195;5;6977;10;U673Z3P;Jesenická;50.0644;14.50498
20260624_092038_L151;20260624_092038;24.06.2026;09:08:00;151;1;2336;12;U464Z5P;Českomoravská;50.10853;14.49347
20260624_092038_L209;20260624_092038;24.06.2026;09:09:00;209;45;9461;11;U1120Z1P;Letňany;50.12788;14.55376
20260624_092038_L188;20260624_092038;24.06.2026;09:05:00;188;8;5103;14;U1092Z2P;Kavčí hory;50.05698;14.4706
20260624_092038_L330;20260624_092038;24.06.2026;09:10:00;330;5;1282;10;U2876Z2;Libušín,náměstí;50.17186;14.08957
20260624_092038_L183;20260624_092038;24.06.2026;09:10:00;183;9;6886;10;U747Z1P;Háje;50.07939;14.53785
20260624_092038_L188;20260624_092038;24.06.2026;09:03:00;188;11;6703;16;U418Z2P;Želivského;50.07703;14.48918
20260624_092038_L136;20260624_092038;24.06.2026;09:08:00;136;28;6702;12;U680Z3P;Jižní Město;50.06886;14.46902
20260624_092038_L139;20260624_092038;24.06.2026;09:08:00;139;12;5136;12;U939Z2P;Želivského;50.00649;14.41028
20260624_092038_L154;20260624_092038;24.06.2026;09:09:00;154;4;3023;10;U198Z2P;Strašnická;50.06723;14.49361
20260624_092038_L164;20260624_092038;24.06.2026;09:08:00;164;5;1969;11;U229Z2P;Malovanka;50.08708;14.37684
20260624_092038_L650;20260624_092038;24.06.2026;09:09:00;650;24;12557;11;U31419Z1;Brozany n.Ohří;50.49607;14.14647
20260624_092038_L405;20260624_092038;24.06.2026;09:07:00;405;66;1432;11;U31018Z1;Špindlerův Mlýn,aut.st.;50.60018;15.51883
20260624_092038_L311;20260624_092038;24.06.2026;09:09:00;311;74;9597;11;U1656Z2;Praha,Zličín;50.00415;14.21444
20260624_092038_L300;20260624_092038;24.06.2026;09:06:00;300;3;8972;14;U4313Z3;Kladno,u kostela;50.14421;14.09171
20260624_092038_L332;20260624_092038;24.06.2026;09:10:00;332;18;9932;10;U908Z2;Praha,Budějovická;50.0227;14.4614
20260624_092038_L335;20260624_092038;24.06.2026;09:09:00;335;1;9162;11;U4176Z1;Praha,Budějovická;49.98393;14.49531
20260624_092038_L307;20260624_092038;24.06.2026;09:10:00;307;11;8952;10;U1141Z2;Kladno,autobusové nádraží;50.05495;14.29039
20260624_092038_L117;20260624_092038;24.06.2026;09:09:00;117;7;1952;11;U772Z2P;Nové Komořany;50.0141;14.41028
20260624_092038_L155;20260624_092038;24.06.2026;09:06:00;155;2;9120;14;U575Z2P;Nemocnice Vinohrady;50.08079;14.48452
20260624_092038_L203;20260624_092038;24.06.2026;09:10:00;203;8;1940;10;U257Z1P;Háje;50.02703;14.45817
20260624_092038_L342;20260624_092038;24.06.2026;09:10:00;342;4;7692;10;U698Z2;Praha,Nádraží Veleslavín;50.0986;14.28925
20260624_092038_L181;20260624_092038;24.06.2026;09:06:00;181;7;6834;14;U708Z1P;Opatov;50.07645;14.53767
20260624_092038_L180;20260624_092038;24.06.2026;09:05:00;180;6;5057;14;U612Z4P;Obchodní centrum Zličín;50.06756;14.29262
20260624_092038_L177;20260624_092038;24.06.2026;09:08:00;177;5;6779;12;U641Z1P;Chodov;50.04679;14.52353
20260624_092038_L429;20260624_092038;24.06.2026;09:00:00;429;19;8877;18;U5971Z2;Praha,Nádraží Veleslavín;50.11377;14.28317
20260624_092038_L330;20260624_092038;24.06.2026;09:08:00;330;7;1284;12;U4316Z1;Kladno,autobusové nádraží;50.13045;14.13623
20260624_092038_L637;20260624_092038;24.06.2026;09:10:00;637;54;9582;10;U5099Z1;Kublov,Slovanka;49.95143;14.02886
20260624_092038_L580;20260624_092038;24.06.2026;09:06:00;580;19;7693;11;U3143Z1;Rakovník,aut.st.;50.15384;13.74321
20260624_092038_L133;20260624_092038;24.06.2026;09:08:00;133;5;4066;12;U161Z1P;Sídliště Malešice;50.08142;14.49701
20260624_092038_L125;20260624_092038;24.06.2026;09:09:00;125;8;5116;11;U338Z1P;Skalka;50.0332;14.55965
20260624_092038_L641;20260624_092038;24.06.2026;09:07:00;641;14;9573;11;U9856Z1;Zdice,nám.;49.87974;13.95371
20260624_092038_L770;20260624_092038;24.06.2026;09:05:00;770;41;7810;14;U4073Z2;Benešov,Terminál;49.78686;14.68595
20260624_092038_L180;20260624_092038;24.06.2026;09:10:00;180;8;6906;10;U44Z1P;Obchodní centrum Zličín;50.08574;14.36552
20260624_092038_L133;20260624_092038;24.06.2026;09:09:00;133;8;3751;11;U3018Z2P;Florenc;50.08915;14.44339
20260624_092038_L139;20260624_092038;24.06.2026;09:06:00;139;8;5507;13;U508Z2P;Želivského;50.0673;14.46018
20260624_092038_L120;20260624_092038;24.06.2026;09:09:00;120;3;4185;10;U347Z1P;Nádraží Radotín;50.00331;14.35247
20260624_092038_L136;20260624_092038;24.06.2026;09:05:00;136;13;5140;15;U69Z2P;Jižní Město;50.08902;14.4616
20260624_092038_L177;20260624_092038;24.06.2026;09:05:00;177;25;6867;14;U774Z2P;Chodov;50.02033;14.5007
20260624_092038_L133;20260624_092038;24.06.2026;09:06:00;133;1;3008;14;U34Z1P;Sídliště Malešice;50.08896;14.46862
20260624_092038_L136;20260624_092038;24.06.2026;09:07:00;136;29;6827;12;U1074Z4P;Jižní Město;50.09298;14.4718
20260624_092038_L725;20260624_092038;24.06.2026;09:08:00;725;64;9425;11;U3063Z1;Mladá Boleslav,aut.st.;50.41083;14.92182
20260624_092038_L108;20260624_092038;24.06.2026;09:10:00;108;1;2056;10;U3045Z2P;Divoká Šárka;50.08984;14.35808
20260624_092038_L170;20260624_092038;24.06.2026;09:10:00;170;3;4023;10;U1402Z2P;Jižní Město;50.04845;14.45879
20260624_092038_L188;20260624_092038;24.06.2026;09:07:00;188;10;5117;13;U663Z1P;Kavčí hory;50.04885;14.43452
20260624_092038_L136;20260624_092038;24.06.2026;09:07:00;136;11;5089;13;U751Z2P;Jižní Město;50.05289;14.47443
20260624_092038_L201;20260624_092038;24.06.2026;09:07:00;201;3;3871;12;U990Z2P;Nádraží Holešovice;50.11759;14.48097
20260624_092038_L332;20260624_092038;24.06.2026;09:09:00;332;21;9954;11;U2107Z1;Jílové u Prahy,náměstí;49.90641;14.49183
20260624_092038_L136;20260624_092038;24.06.2026;09:07:00;136;58;6945;12;U181Z1P;Jižní Město;50.03947;14.49054
20260624_092038_L209;20260624_092038;24.06.2026;09:08:00;209;41;9191;12;U880Z2P;Nádraží Uhříněves;50.08878;14.61255
20260624_092038_L209;20260624_092038;24.06.2026;09:06:00;209;44;9117;14;U1000Z2P;Nádraží Uhříněves;50.12182;14.51794
20260624_092038_L384;20260624_092038;24.06.2026;09:09:00;384;24;9979;11;U2373Z1;Zdice,nám.;49.98051;14.12115
20260624_092038_L139;20260624_092038;24.06.2026;09:05:00;139;16;5526;14;U29Z3P;Želivského;50.07376;14.46891
20260624_092038_L183;20260624_092038;24.06.2026;09:08:00;183;6;6785;12;U2707Z1P;Háje;50.04655;14.5498
20260624_092038_L163;20260624_092038;24.06.2026;09:05:00;163;56;9483;14;U794Z2P;Depo Hostivař;50.07079;14.54695
20260624_092038_L166;20260624_092038;24.06.2026;09:08:00;166;4;7979;12;U990Z2P;Domov seniorů Ďáblice;50.11762;14.4816
20260624_092038_L630;20260624_092038;24.06.2026;09:09:00;630;35;8755;10;U4310Z1;Kladno,autobusové nádraží;50.1402;14.09975
20260624_092038_L383;20260624_092038;24.06.2026;09:10:00;383;32;9174;10;U402Z2;Praha,Háje;50.03681;14.58237
20260624_092038_L398;20260624_092038;24.06.2026;09:08:00;398;26;1680;12;U1430Z2;Praha,Černý Most;50.1458;14.83968
20260624_092038_L195;20260624_092038;24.06.2026;09:05:00;195;24;6971;14;U13Z1P;Sídliště Letňany;50.09806;14.49485
20260624_092038_L199;20260624_092038;24.06.2026;08:47:00;199;1;4157;32;U418Z2P;Želivského;50.07719;14.48654
20260624_092038_L199;20260624_092038;24.06.2026;09:07:00;199;5;3964;13;U418Z2P;Želivského;50.0806;14.48942
20260624_092038_L655;20260624_092038;24.06.2026;09:05:00;655;46;8128;15;U1559Z2;Úvaly,žel.st.;50.13221;14.73676
20260624_092038_L170;20260624_092038;24.06.2026;09:09:00;170;13;3823;11;U417Z1P;Jižní Město;50.04294;14.48775
20260624_092038_L125;20260624_092038;24.06.2026;09:09:00;125;10;6812;10;U337Z4P;Smíchovské nádraží;50.0511;14.40959
20260624_092038_L569;20260624_092038;24.06.2026;09:09:00;569;79;7803;10;U9500Z2;Střezimíř,nám.;49.58044;14.60687
20260624_092038_L546;20260624_092038;24.06.2026;09:09:00;546;5;9572;11;U9618Z4;Rokycany,aut.nádr.;49.8333;13.90188
20260624_092038_L166;20260624_092038;24.06.2026;09:10:00;166;1;1941;10;U665Z2P;Sídliště Čakovice;50.12374;14.49231
20260624_092038_L151;20260624_092038;24.06.2026;09:07:00;151;5;3706;13;U990Z2P;Českomoravská;50.12007;14.48426
20260624_092038_L199;20260624_092038;24.06.2026;08:53:00;199;2;3971;26;U418Z2P;Želivského;50.07704;14.48803
20260624_092038_L133;20260624_092038;24.06.2026;09:09:00;133;4;3960;11;U660Z4P;Florenc;50.08319;14.50827
20260624_092438_L181;20260624_092438;24.06.2026;09:09:00;181;7;6834;15;U975Z1P;Opatov;50.06541;14.53645
20260624_092438_L188;20260624_092438;24.06.2026;09:11:00;188;5;5509;12;U418Z2P;Želivského;50.07701;14.48861
20260624_092438_L151;20260624_092438;24.06.2026;09:12:00;151;5;3706;12;U603Z4P;Českomoravská;50.1196;14.49742
20260624_092438_L356;20260624_092438;24.06.2026;09:13:00;356;31;8824;10;U5971Z2;Praha,Obchodní centrum Ruzyně;50.11611;14.28637
20260624_092438_L589;20260624_092438;24.06.2026;09:09:00;589;8;7761;13;U9232Z2;Louny,ČSAD;50.26664;13.94479
20260624_092438_L209;20260624_092438;24.06.2026;09:10:00;209;45;9461;14;U243Z16P;Letňany;50.13031;14.55095
20260624_092438_L580;20260624_092438;24.06.2026;09:11:00;580;19;7693;12;U6149Z1;Rakovník,aut.st.;50.14035;13.76077
20260624_092438_L433;20260624_092438;24.06.2026;09:14:00;433;26;8547;10;U2969Z1;Nymburk,Zálabí PVT;50.18539;15.04155
20260624_092438_L342;20260624_092438;24.06.2026;09:13:00;342;4;7692;10;U80Z4;Praha,Nádraží Veleslavín;50.09286;14.31769
20260624_092438_L199;20260624_092438;24.06.2026;08:59:00;199;3;4102;24;U418Z2P;Želivského;50.07695;14.48831
20260624_092438_L630;20260624_092438;24.06.2026;09:14:00;630;35;8755;10;U4313Z8;Kladno,autobusové nádraží;50.14621;14.09661
20260624_092438_L641;20260624_092438;24.06.2026;09:13:00;641;14;9573;11;U3268Z1;Zdice,nám.;49.88358;13.95638
20260624_092438_L108;20260624_092438;24.06.2026;09:10:00;108;4;2076;14;U757Z4P;Dejvická;50.10068;14.38557
20260624_092438_L383;20260624_092438;24.06.2026;09:12:00;383;32;9174;10;U967Z2;Praha,Háje;50.03232;14.54698
20260624_092438_L330;20260624_092438;24.06.2026;09:14:00;330;5;1282;10;U2871Z1;Libušín,náměstí;50.16684;14.06901
20260624_092438_L330;20260624_092438;24.06.2026;09:12:00;330;7;1284;12;U4306Z3;Kladno,autobusové nádraží;50.13528;14.12488
20260624_092438_L398;20260624_092438;24.06.2026;09:10:00;398;26;1680;11;U2443Z2;Praha,Černý Most;50.14151;14.79614
20260624_092438_L406;20260624_092438;24.06.2026;09:13:00;406;4;7936;10;U7428Z2;Praha,Roztyly;49.64543;15.01665
20260624_092438_L307;20260624_092438;24.06.2026;09:10:00;307;11;8952;14;U1141Z2;Kladno,autobusové nádraží;50.05628;14.2874
20260624_092438_L311;20260624_092438;24.06.2026;09:13:00;311;74;9597;11;U1653Z2;Praha,Zličín;50.01555;14.22343
20260624_092438_L311;20260624_092438;24.06.2026;09:14:00;311;77;9583;10;U2280Z1;Praha,Zličín;49.91605;14.23737
20260624_092438_L332;20260624_092438;24.06.2026;09:12:00;332;18;9932;11;U488Z7;Praha,Budějovická;50.03509;14.45591
20260624_092438_L155;20260624_092438;24.06.2026;09:09:00;155;2;9120;15;U921Z7P;Nemocnice Vinohrady;50.07842;14.47636
20260624_092438_L203;20260624_092438;24.06.2026;09:13:00;203;8;1940;11;U378Z1P;Háje;50.01761;14.46785
20260624_092438_L117;20260624_092438;24.06.2026;09:11:00;117;7;1952;12;U17Z2P;Nové Komořany;50.0098;14.40488
20260624_092438_L180;20260624_092438;24.06.2026;09:05:00;180;1;6994;18;U867Z1P;Dejvická;50.09484;14.39614
20260624_092438_L133;20260624_092438;24.06.2026;09:12:00;133;11;3968;11;U16Z2P;Florenc;50.08773;14.46922
20260624_092438_L139;20260624_092438;24.06.2026;09:12:00;139;8;5507;13;U413Z2P;Želivského;50.07086;14.46231
20260624_092438_L188;20260624_092438;24.06.2026;09:11:00;188;8;5103;13;U559Z1P;Kavčí hory;50.05797;14.45017
20260624_092438_L188;20260624_092438;24.06.2026;09:03:00;188;11;6703;19;U418Z2P;Želivského;50.07713;14.48708
20260624_092438_L335;20260624_092438;24.06.2026;09:10:00;335;1;9162;13;U1522Z2;Praha,Budějovická;49.99094;14.49044
20260624_092438_L617;20260624_092438;24.06.2026;09:13:00;617;17;7324;11;U1479Z1;Roudnice n.L.,žel.st.;50.36583;14.28337
20260624_092438_L149;20260624_092438;24.06.2026;09:10:00;149;8;4200;14;U685Z3P;Stodůlky-Bavorská;50.05502;14.37184
20260624_092438_L177;20260624_092438;24.06.2026;09:09:00;177;25;6867;15;U1116Z2P;Chodov;50.03059;14.48782
20260624_092438_L725;20260624_092438;24.06.2026;09:11:00;725;64;9425;11;U3389Z1;Mladá Boleslav,aut.st.;50.4171;14.91199
20260624_092438_L177;20260624_092438;24.06.2026;09:11:00;177;5;6779;13;U195Z1P;Chodov;50.04452;14.51239
20260624_092438_L125;20260624_092438;24.06.2026;09:14:00;125;8;5116;10;U3052Z2P;Skalka;50.04053;14.55236
20260624_092438_L177;20260624_092438;24.06.2026;09:14:00;177;20;5038;10;U953Z1P;Chodov;50.06876;14.50812
20260624_092438_L650;20260624_092438;24.06.2026;09:11:00;650;24;12557;11;U31420Z1;Brozany n.Ohří;50.48989;14.14572
20260624_092438_L183;20260624_092438;24.06.2026;09:11:00;183;9;6886;13;U708Z1P;Háje;50.07586;14.53768
20260624_092438_L637;20260624_092438;24.06.2026;09:11:00;637;54;9582;12;U4974Z1;Kublov,Slovanka;49.95432;14.01758
20260624_092438_L154;20260624_092438;24.06.2026;09:12:00;154;4;3023;12;U599Z1P;Strašnická;50.07058;14.48859
20260624_092438_L180;20260624_092438;24.06.2026;09:10:00;180;6;5057;14;U178Z2P;Obchodní centrum Zličín;50.06042;14.29292
20260624_092438_L183;20260624_092438;24.06.2026;09:11:00;183;11;6756;13;U134Z5P;Vozovna Kobylisy;50.10176;14.50317
20260624_092438_L209;20260624_092438;24.06.2026;09:10:00;209;44;9117;14;U171Z1P;Nádraží Uhříněves;50.12924;14.54396
20260624_092438_L136;20260624_092438;24.06.2026;09:13:00;136;28;6702;11;U751Z2P;Jižní Město;50.05258;14.47511
20260624_092438_L136;20260624_092438;24.06.2026;09:07:00;136;29;6827;15;U1074Z4P;Jižní Město;50.09177;14.46882
20260624_092438_L139;20260624_092438;24.06.2026;09:13:00;139;12;5136;12;U625Z2P;Želivského;50.01369;14.42052
20260624_092438_L108;20260624_092438;24.06.2026;09:13:00;108;1;2056;11;U844Z3P;Divoká Šárka;50.08921;14.34837
20260624_092438_L120;20260624_092438;24.06.2026;09:14:00;120;3;4185;10;U637Z1P;Nádraží Radotín;49.98958;14.35064
20260624_092438_L136;20260624_092438;24.06.2026;09:13:00;136;11;5089;12;U181Z1P;Jižní Město;50.04014;14.4901
20260624_092438_L201;20260624_092438;24.06.2026;09:07:00;201;3;3871;16;U990Z2P;Nádraží Holešovice;50.11739;14.47746
20260624_092438_L136;20260624_092438;24.06.2026;09:11:00;136;58;6945;12;U106Z2P;Jižní Město;50.02391;14.50969
20260624_092438_L209;20260624_092438;24.06.2026;09:10:00;209;41;9191;14;U2276Z1P;Nádraží Uhříněves;50.08204;14.61636
20260624_092438_L384;20260624_092438;24.06.2026;09:14:00;384;24;9979;10;U4272Z1;Zdice,nám.;49.96916;14.08003
20260624_092438_L183;20260624_092438;24.06.2026;09:12:00;183;6;6785;12;U1001Z1P;Háje;50.04378;14.56706
20260624_092438_L166;20260624_092438;24.06.2026;09:08:00;166;4;7979;15;U990Z2P;Domov seniorů Ďáblice;50.11741;14.47825
20260624_092438_L582;20260624_092438;24.06.2026;09:14:00;582;22;1625;10;U1696Z2;Říčany,Olivovna;49.94982;14.6787
20260624_092438_L195;20260624_092438;24.06.2026;09:11:00;195;24;6971;13;U474Z5P;Sídliště Letňany;50.11032;14.5022
20260624_092438_L199;20260624_092438;24.06.2026;09:07:00;199;5;3964;17;U418Z2P;Želivského;50.07827;14.48849
20260624_092438_L332;20260624_092438;24.06.2026;09:13:00;332;19;9955;10;U423Z1;Jílové u Prahy,náměstí;49.99888;14.48472
20260624_092438_L170;20260624_092438;24.06.2026;09:14:00;170;13;3823;11;U960Z2P;Jižní Město;50.03841;14.50313
20260624_092438_L569;20260624_092438;24.06.2026;09:12:00;569;79;7803;11;U4081Z1;Střezimíř,nám.;49.57996;14.60748
20260624_092438_L546;20260624_092438;24.06.2026;09:10:00;546;5;9572;14;U9617Z1;Rokycany,aut.nádr.;49.83722;13.90343
20260624_092438_L199;20260624_092438;24.06.2026;08:53:00;199;2;3971;29;U418Z2P;Želivského;50.07749;14.48221
20260624_092438_L133;20260624_092438;24.06.2026;09:12:00;133;4;3960;12;U161Z2P;Florenc;50.08126;14.49518
20260624_092438_L136;20260624_092438;24.06.2026;09:09:00;136;10;6773;15;U353Z1P;Jižní Město;50.02622;14.52149
20260624_092839_L188;20260624_092839;24.06.2026;09:11:00;188;5;5509;14;U418Z2P;Želivského;50.07766;14.48168
20260624_092839_L151;20260624_092839;24.06.2026;09:15:00;151;5;3706;13;U260Z2P;Českomoravská;50.11808;14.50834
20260624_092839_L181;20260624_092839;24.06.2026;09:14:00;181;7;6834;14;U472Z4P;Opatov;50.05286;14.52878
20260624_092839_L650;20260624_092839;24.06.2026;09:18:00;650;25;12555;10;U9004Z2;Litoměřice,žel.st.hor.;50.3645;14.12617
20260624_092839_L490;20260624_092839;24.06.2026;09:17:00;490;27;1628;10;U2065Z1;Ondřejov,náměstí;49.94347;14.70032
20260624_092839_L655;20260624_092839;24.06.2026;09:13:00;655;46;8128;15;U1606Z1;Úvaly,žel.st.;50.11583;14.69834
20260624_092839_L370;20260624_092839;24.06.2026;09:16:00;370;12;8196;11;U2228Z1;Kralupy n.Vlt.,žel.st.;50.26958;14.32958
20260624_092839_L370;20260624_092839;24.06.2026;09:14:00;370;3;8110;13;U2217Z2;Praha,Kobylisy;50.17541;14.44887
20260624_092839_L356;20260624_092839;24.06.2026;09:13:00;356;31;8824;14;U5971Z2;Praha,Obchodní centrum Ruzyně;50.11547;14.28525
20260624_092839_L356;20260624_092839;24.06.2026;09:18:00;356;34;8859;10;U1201Z2;Praha,Bořislavka;50.14642;14.33114
20260624_092839_L108;20260624_092839;24.06.2026;09:14:00;108;4;2076;14;U3217Z2P;Dejvická;50.10614;14.39033
20260624_092839_L307;20260624_092839;24.06.2026;09:14:00;307;11;8952;14;U1968Z1;Kladno,autobusové nádraží;50.04771;14.26483
20260624_092839_L311;20260624_092839;24.06.2026;09:14:00;311;77;9583;13;U2280Z1;Praha,Zličín;49.9176;14.24367
20260624_092839_L335;20260624_092839;24.06.2026;09:15:00;335;1;9162;13;U423Z2;Praha,Budějovická;50.00819;14.47919
20260624_092839_L330;20260624_092839;24.06.2026;09:15:00;330;7;1284;12;U1264Z1;Kladno,autobusové nádraží;50.14381;14.11215
20260624_092839_L406;20260624_092839;24.06.2026;09:16:00;406;4;7936;12;U7733Z2;Praha,Roztyly;49.66677;14.97659
20260624_092839_L398;20260624_092839;24.06.2026;09:13:00;398;26;1680;12;U1278Z2;Praha,Černý Most;50.13717;14.76333
20260624_092839_L139;20260624_092839;24.06.2026;09:13:00;139;8;5507;13;U29Z3P;Želivského;50.07586;14.46882
20260624_092839_L136;20260624_092839;24.06.2026;09:17:00;136;28;6702;10;U417Z1P;Jižní Město;50.04048;14.48984
20260624_092839_L203;20260624_092839;24.06.2026;09:16:00;203;8;1940;12;U799Z1P;Háje;50.01324;14.481
20260624_092839_L209;20260624_092839;24.06.2026;09:14:00;209;44;9117;14;U1120Z2P;Nádraží Uhříněves;50.12658;14.55993
20260624_092839_L209;20260624_092839;24.06.2026;09:14:00;209;45;9461;14;U109Z2P;Letňany;50.12398;14.53081
20260624_092839_L617;20260624_092839;24.06.2026;09:16:00;617;17;7324;12;U4367Z2;Roudnice n.L.,žel.st.;50.36159;14.30679
20260624_092839_L133;20260624_092839;24.06.2026;09:13:00;133;1;3008;15;U418Z1P;Sídliště Malešice;50.08051;14.489
20260624_092839_L637;20260624_092839;24.06.2026;09:14:00;637;54;9582;12;U9064Z2;Kublov,Slovanka;49.96002;13.97735
20260624_092839_L641;20260624_092839;24.06.2026;09:16:00;641;14;9573;11;U9854Z1;Zdice,nám.;49.89566;13.96082
20260624_092839_L188;20260624_092839;24.06.2026;09:14:00;188;8;5103;14;U201Z1P;Kavčí hory;50.05731;14.44306
20260624_092839_L139;20260624_092839;24.06.2026;09:15:00;139;12;5136;13;U658Z2P;Želivského;50.01711;14.43315
20260624_092839_L183;20260624_092839;24.06.2026;09:16:00;183;9;6886;12;U677Z1P;Háje;50.05725;14.53639
20260624_092839_L183;20260624_092839;24.06.2026;09:14:00;183;11;6756;14;U474Z4P;Vozovna Kobylisy;50.11206;14.50238
20260624_092839_L149;20260624_092839;24.06.2026;09:13:00;149;8;4200;15;U238Z1P;Stodůlky-Bavorská;50.05257;14.35969
20260624_092839_L126;20260624_092839;24.06.2026;09:16:00;126;7;3705;11;U169Z1P;Nádraží Uhříněves;50.01815;14.58379
20260624_092839_L136;20260624_092839;24.06.2026;09:16:00;136;14;5545;12;U512Z5P;Jižní Město;50.09016;14.46642
20260624_092839_L180;20260624_092839;24.06.2026;09:18:00;180;8;6906;10;U306Z2P;Obchodní centrum Zličín;50.07406;14.33903
20260624_092839_L180;20260624_092839;24.06.2026;09:14:00;180;6;5057;14;U1141Z14P;Obchodní centrum Zličín;50.05522;14.29032
20260624_092839_L311;20260624_092839;24.06.2026;09:16:00;311;74;9597;12;U1651Z2;Praha,Zličín;50.02004;14.23158
20260624_092839_L149;20260624_092839;24.06.2026;09:17:00;149;11;3755;10;U867Z1P;Dejvická;50.09456;14.39299
20260624_092839_L133;20260624_092839;24.06.2026;09:17:00;133;11;3968;11;U2787Z2P;Florenc;50.08808;14.45752
20260624_092839_L177;20260624_092839;24.06.2026;09:15:00;177;5;6779;13;U344Z4P;Chodov;50.03266;14.50766
20260624_092839_L650;20260624_092839;24.06.2026;09:15:00;650;24;12557;11;U31422Z1;Brozany n.Ohří;50.46643;14.13547
20260624_092839_L117;20260624_092839;24.06.2026;09:15:00;117;7;1952;13;U1158Z2P;Nové Komořany;50.00625;14.40854
20260624_092839_L342;20260624_092839;24.06.2026;09:15:00;342;4;7692;12;U85Z1;Praha,Nádraží Veleslavín;50.0949;14.34206
20260624_092839_L580;20260624_092839;24.06.2026;09:16:00;580;19;7693;12;U9909Z1;Rakovník,aut.st.;50.12357;13.77029
20260624_092839_L582;20260624_092839;24.06.2026;09:15:00;582;22;1625;13;U4426Z1;Říčany,Olivovna;49.956;14.68414
20260624_092839_L332;20260624_092839;24.06.2026;09:12:00;332;18;9932;12;U488Z7;Praha,Budějovická;50.04376;14.45126
20260624_092839_L589;20260624_092839;24.06.2026;09:15:00;589;8;7761;13;U9235Z1;Louny,ČSAD;50.2632;13.91392
20260624_092839_L125;20260624_092839;24.06.2026;09:18:00;125;8;5116;11;U2707Z2P;Skalka;50.04725;14.55281
20260624_092839_L177;20260624_092839;24.06.2026;09:17:00;177;20;5038;11;U889Z3P;Chodov;50.06027;14.50677
20260624_092839_L136;20260624_092839;24.06.2026;09:16:00;136;11;5089;11;U344Z1P;Jižní Město;50.0315;14.50544
20260624_092839_L133;20260624_092839;24.06.2026;09:16:00;133;4;3960;12;U357Z2P;Florenc;50.08618;14.48216
20260624_092839_L108;20260624_092839;24.06.2026;09:18:00;108;1;2056;10;U334Z1P;Divoká Šárka;50.08688;14.3294
20260624_092839_L380;20260624_092839;24.06.2026;09:15:00;380;5;9983;13;U306Z3;Králův Dvůr,Počaply,Obchodní centrum;50.07534;14.34205
20260624_092839_L170;20260624_092839;24.06.2026;09:18:00;170;3;4023;10;U322Z3P;Jižní Město;50.04605;14.48396
20260624_092839_L201;20260624_092839;24.06.2026;09:07:00;201;3;3871;20;U990Z2P;Nádraží Holešovice;50.11738;14.47621
20260624_092839_L136;20260624_092839;24.06.2026;09:15:00;136;58;6945;12;U353Z1P;Jižní Město;50.02895;14.5254
20260624_092839_L384;20260624_092839;24.06.2026;09:16:00;384;24;9979;11;U1745Z1;Zdice,nám.;49.96267;14.0697
20260624_092839_L126;20260624_092839;24.06.2026;09:16:00;126;6;3959;12;U919Z2P;Koleje Jižní Město;50.01708;14.58422
20260624_092839_L177;20260624_092839;24.06.2026;09:15:00;177;19;5105;13;U641Z1P;Chodov;50.04682;14.52352
20260624_092839_L183;20260624_092839;24.06.2026;09:16:00;183;6;6785;11;U338Z2P;Háje;50.03339;14.54378
20260624_092839_L166;20260624_092839;24.06.2026;09:08:00;166;4;7979;19;U990Z2P;Domov seniorů Ďáblice;50.11734;14.47733
20260624_092839_L195;20260624_092839;24.06.2026;09:13:00;195;24;6971;13;U442Z1P;Sídliště Letňany;50.11823;14.49949
20260624_092839_L199;20260624_092839;24.06.2026;09:07:00;199;5;3964;20;U418Z2P;Želivského;50.07723;14.48915
20260624_092839_L332;20260624_092839;24.06.2026;09:17:00;332;19;9955;11;U1522Z1;Jílové u Prahy,náměstí;49.98412;14.49507
20260624_092839_L170;20260624_092839;24.06.2026;09:19:00;170;13;3823;10;U43Z2P;Jižní Město;50.03507;14.51533
20260624_092839_L569;20260624_092839;24.06.2026;09:16:00;569;79;7803;11;U6453Z2;Střezimíř,nám.;49.55878;14.60317
20260624_092839_L546;20260624_092839;24.06.2026;09:14:00;546;5;9572;14;U3270Z2;Rokycany,aut.nádr.;49.84294;13.89926
20260624_093239_L108;20260624_093239;24.06.2026;09:21:00;108;1;2056;11;U631Z2P;Divoká Šárka;50.08343;14.31769
20260624_093239_L108;20260624_093239;24.06.2026;09:19:00;108;4;2076;13;U2767Z2P;Dejvická;50.10472;14.40352
20260624_093239_L117;20260624_093239;24.06.2026;09:18:00;117;7;1952;14;U929Z4P;Nové Komořany;50.00409;14.41698
20260624_093239_L125;20260624_093239;24.06.2026;09:22:00;125;8;5116;10;U453Z12P;Skalka;50.05366;14.53892
20260624_093239_L126;20260624_093239;24.06.2026;09:16:00;126;6;3959;15;U919Z2P;Koleje Jižní Město;50.01792;14.58391
20260624_093239_L126;20260624_093239;24.06.2026;09:19:00;126;7;3705;12;U220Z2P;Nádraží Uhříněves;50.02505;14.59135
20260624_093239_L133;20260624_093239;24.06.2026;09:18:00;133;51;3888;14;U789Z1P;Sídliště Malešice;50.08675;14.44715
20260624_093239_L133;20260624_093239;24.06.2026;09:21:00;133;11;3968;11;U3018Z2P;Florenc;50.08833;14.44317
20260624_093239_L136;20260624_093239;24.06.2026;09:22:00;136;4;6955;10;U2787Z1P;Sídliště Čakovice;50.08802;14.45773
20260624_093239_L136;20260624_093239;24.06.2026;09:21:00;136;11;5089;11;U353Z1P;Jižní Město;50.02621;14.5215
20260624_093239_L136;20260624_093239;24.06.2026;09:19:00;136;14;5545;12;U743Z2P;Jižní Město;50.0833;14.45839
20260624_093239_L136;20260624_093239;24.06.2026;09:21:00;136;33;6839;10;U1074Z4P;Jižní Město;50.09372;14.47324
20260624_093239_L139;20260624_093239;24.06.2026;09:22:00;139;11;5077;10;U29Z3P;Želivského;50.07198;14.47027
20260624_093239_L139;20260624_093239;24.06.2026;09:19:00;139;12;5136;13;U722Z1P;Želivského;50.02658;14.44606
20260624_093239_L139;20260624_093239;24.06.2026;09:22:00;139;18;5506;10;U263Z1P;Želivského;50.06063;14.45098
20260624_093239_L149;20260624_093239;24.06.2026;09:20:00;149;11;3755;12;U321Z4P;Dejvická;50.10005;14.39553
20260624_093239_L151;20260624_093239;24.06.2026;09:20:00;151;5;3706;12;U474Z7P;Českomoravská;50.11076;14.5022
20260624_093239_L163;20260624_093239;24.06.2026;09:20:00;163;60;9411;10;U1014Z2P;Depo Hostivař;50.06985;14.54325
20260624_093239_L166;20260624_093239;24.06.2026;09:08:00;166;4;7979;23;U990Z2P;Domov seniorů Ďáblice;50.11734;14.47563
20260624_093239_L170;20260624_093239;24.06.2026;09:21:00;170;3;4023;11;U181Z1P;Jižní Město;50.03947;14.49052
20260624_093239_L170;20260624_093239;24.06.2026;09:21:00;170;13;3823;11;U386Z1P;Jižní Město;50.03032;14.52457
20260624_093239_L177;20260624_093239;24.06.2026;09:19:00;177;5;6779;13;U774Z2P;Chodov;50.02039;14.50693
20260624_093239_L177;20260624_093239;24.06.2026;09:18:00;177;19;5105;13;U195Z1P;Chodov;50.04199;14.51277
20260624_093239_L177;20260624_093239;24.06.2026;09:21:00;177;20;5038;10;U596Z4P;Chodov;50.05203;14.52275
20260624_093239_L177;20260624_093239;24.06.2026;09:19:00;177;24;6880;11;U574Z2P;Poliklinika Mazurská;50.09147;14.49937
20260624_093239_L183;20260624_093239;24.06.2026;09:20:00;183;9;6886;12;U654Z1P;Háje;50.04981;14.54367
20260624_093239_L183;20260624_093239;24.06.2026;09:19:00;183;11;6756;13;U603Z3P;Vozovna Kobylisy;50.11955;14.49779
20260624_093239_L188;20260624_093239;24.06.2026;09:19:00;188;6;6953;12;U418Z2P;Želivského;50.07901;14.48802
20260624_093239_L195;20260624_093239;24.06.2026;09:21:00;195;24;6971;11;U1000Z1P;Sídliště Letňany;50.12617;14.51671
20260624_093239_L199;20260624_093239;24.06.2026;09:07:00;199;5;3964;24;U418Z2P;Želivského;50.07712;14.48663
20260624_093239_L199;20260624_093239;24.06.2026;09:18:00;199;3;4102;13;U921Z6P;Sídliště Malešice;50.07771;14.48175
20260624_093239_L201;20260624_093239;24.06.2026;09:19:00;201;14;4134;12;U990Z2P;Nádraží Holešovice;50.11736;14.47709
20260624_093239_L203;20260624_093239;24.06.2026;09:19:00;203;8;1940;13;U2794Z1P;Háje;50.00854;14.49411
20260624_093239_L311;20260624_093239;24.06.2026;09:19:00;311;74;9597;13;U2324Z2;Praha,Zličín;50.02519;14.21647
20260624_093239_L311;20260624_093239;24.06.2026;09:18:00;311;77;9583;12;U9217Z1;Praha,Zličín;49.926;14.26753
20260624_093239_L332;20260624_093239;24.06.2026;09:21:00;332;19;9955;11;U1332Z1;Jílové u Prahy,náměstí;49.96958;14.50983
20260624_093239_L335;20260624_093239;24.06.2026;09:18:00;335;1;9162;14;U909Z2;Praha,Budějovická;50.01722;14.46815
20260624_093239_L341;20260624_093239;24.06.2026;09:21:00;341;21;7416;11;U2107Z1;Jílové u Prahy,náměstí;49.90769;14.49215
20260624_093239_L356;20260624_093239;24.06.2026;09:13:00;356;31;8824;16;U5971Z2;Praha,Obchodní centrum Ruzyně;50.10788;14.27772
20260624_093239_L356;20260624_093239;24.06.2026;09:22:00;356;34;8859;10;U1136Z2;Praha,Bořislavka;50.13111;14.34034
20260624_093239_L370;20260624_093239;24.06.2026;09:19:00;370;12;8196;10;U2346Z1;Kralupy n.Vlt.,žel.st.;50.26206;14.31879
20260624_093239_L380;20260624_093239;24.06.2026;09:22:00;380;2;9982;10;U1968Z2;Praha,Vypich;50.04796;14.26542
20260624_093239_L384;20260624_093239;24.06.2026;09:21:00;384;24;9979;11;U4965Z1;Zdice,nám.;49.95209;14.0469
20260624_093239_L398;20260624_093239;24.06.2026;09:20:00;398;26;1680;12;U2353Z1;Praha,Černý Most;50.13079;14.73026
20260624_093239_L406;20260624_093239;24.06.2026;09:21:00;406;4;7936;11;U5793Z2;Praha,Roztyly;49.68732;14.93493
20260624_093239_L445;20260624_093239;24.06.2026;09:22:00;445;16;7404;10;U1518Z2;Jílové u Prahy,náměstí;49.93777;14.37681
20260624_093239_L569;20260624_093239;24.06.2026;09:19:00;569;79;7803;13;U6451Z2;Střezimíř,nám.;49.54441;14.61636
20260624_093239_L580;20260624_093239;24.06.2026;09:19:00;580;19;7693;13;U9897Z1;Rakovník,aut.st.;50.10752;13.75718
20260624_093239_L589;20260624_093239;24.06.2026;09:18:00;589;8;7761;13;U9234Z1;Louny,ČSAD;50.27678;13.92659
20260624_093239_L617;20260624_093239;24.06.2026;09:20:00;617;17;7324;12;U4432Z2;Roudnice n.L.,žel.st.;50.38203;14.30531
20260624_093239_L637;20260624_093239;24.06.2026;09:18:00;637;54;9582;13;U9068Z2;Kublov,Slovanka;49.97837;13.97091
20260624_093239_L641;20260624_093239;24.06.2026;09:22:00;641;14;9573;10;U9105Z2;Hořovice,nemocnice;49.91189;13.97918
20260624_093239_L662;20260624_093239;24.06.2026;09:22:00;662;20;8605;10;U1281Z1;Kouřim;50.11762;14.7764
20260624_093639_L415;20260624_093639;24.06.2026;09:23:00;415;1;12425;12;U32300Z1;Praha,Zličín;50.3264;13.54389
20260624_093639_L641;20260624_093639;24.06.2026;09:25:00;641;14;9573;11;U1229Z2;Hořovice,nemocnice;49.89956;13.96064
20260624_093639_L580;20260624_093639;24.06.2026;09:23:00;580;19;7693;13;U6840Z2;Rakovník,aut.st.;50.10994;13.73498
20260624_093639_L589;20260624_093639;24.06.2026;09:21:00;589;8;7761;13;U4177Z1;Louny,ČSAD;50.29109;13.91696
20260624_093639_L630;20260624_093639;24.06.2026;09:25:00;630;39;8805;10;U1746Z1;Beroun,Jarov,náves;49.95711;14.06343
20260624_093639_L398;20260624_093639;24.06.2026;09:21:00;398;26;1680;13;U2921Z2;Praha,Černý Most;50.12679;14.7015
20260624_093639_L380;20260624_093639;24.06.2026;09:23:00;380;2;9982;13;U1643Z2;Praha,Vypich;50.05073;14.27266
20260624_093639_L311;20260624_093639;24.06.2026;09:24:00;311;74;9597;12;U2323Z2;Praha,Zličín;50.03257;14.22804
20260624_093639_L311;20260624_093639;24.06.2026;09:22:00;311;77;9583;14;U1852Z51;Praha,Zličín;49.9272;14.27591
20260624_093639_L300;20260624_093639;24.06.2026;09:21:00;300;11;8997;12;U80Z3;Libušín,náměstí;50.1239;14.27054
20260624_093639_L356;20260624_093639;24.06.2026;09:26:00;356;34;8859;10;U1214Z2;Praha,Bořislavka;50.11247;14.35812
20260624_093639_L110;20260624_093639;24.06.2026;09:25:00;110;5;8094;11;U1000Z12P;Obchodní centrum Čakovice;50.12567;14.51675
20260624_093639_L117;20260624_093639;24.06.2026;09:22:00;117;7;1952;13;U62Z1P;Nové Komořany;49.99318;14.40956
20260624_093639_L163;20260624_093639;24.06.2026;09:26:00;163;60;9411;10;U404Z4P;Depo Hostivař;50.07622;14.53082
20260624_093639_L203;20260624_093639;24.06.2026;09:22:00;203;8;1940;13;U307Z1P;Háje;50.01726;14.49992
20260624_093639_L188;20260624_093639;24.06.2026;09:26:00;188;2;6946;10;U198Z1P;Kavčí hory;50.06328;14.49437
20260624_093639_L180;20260624_093639;24.06.2026;09:24:00;180;14;6902;11;U867Z1P;Dejvická;50.09489;14.3961
20260624_093639_L136;20260624_093639;24.06.2026;09:26:00;136;4;6955;10;U512Z4P;Sídliště Čakovice;50.09091;14.46822
20260624_093639_L133;20260624_093639;24.06.2026;09:27:00;133;10;4064;10;U16Z2P;Florenc;50.08741;14.4718
20260624_093639_L108;20260624_093639;24.06.2026;09:22:00;108;4;2076;14;U3216Z2P;Dejvická;50.10059;14.40214
20260624_093639_L183;20260624_093639;24.06.2026;09:22:00;183;11;6756;14;U467Z2P;Vozovna Kobylisy;50.12922;14.48235
20260624_093639_L177;20260624_093639;24.06.2026;09:23:00;177;20;5038;14;U160Z1P;Chodov;50.05066;14.52538
20260624_093639_L151;20260624_093639;24.06.2026;09:23:00;151;5;3706;13;U464Z5P;Českomoravská;50.10856;14.49348
20260624_093639_L136;20260624_093639;24.06.2026;09:21:00;136;12;6957;15;U697Z3P;Jižní Město;50.04823;14.48132
20260624_093639_L139;20260624_093639;24.06.2026;09:23:00;139;12;5136;12;U488Z4P;Želivského;50.03362;14.45554
20260624_093639_L617;20260624_093639;24.06.2026;09:24:00;617;17;7324;12;U4713Z1;Roudnice n.L.,žel.st.;50.40561;14.30128
20260624_093639_L136;20260624_093639;24.06.2026;09:21:00;136;33;6839;12;U1074Z4P;Jižní Město;50.09275;14.47128
20260624_093639_L303;20260624_093639;24.06.2026;09:25:00;303;8;8045;10;U1613Z2;Praha,Černý Most;50.1126;14.68045
20260624_093639_L767;20260624_093639;24.06.2026;09:24:00;767;23;8607;10;U6086Z2;Dolní Slivno;50.3033;14.72776
20260624_093639_L136;20260624_093639;24.06.2026;09:25:00;136;14;5545;12;U518Z3P;Jižní Město;50.0766;14.45887
20260624_093639_L209;20260624_093639;24.06.2026;09:21:00;209;41;9191;15;U311Z3P;Nádraží Uhříněves;50.06266;14.64275
20260624_093639_L183;20260624_093639;24.06.2026;09:24:00;183;9;6886;12;U1069Z1P;Háje;50.04769;14.56525
20260624_093639_L637;20260624_093639;24.06.2026;09:22:00;637;54;9582;14;U9071Z2;Kublov,Slovanka;49.98082;13.94665
20260624_093639_L170;20260624_093639;24.06.2026;09:26:00;170;3;4023;10;U99Z1P;Jižní Město;50.03787;14.50925
20260624_093639_L201;20260624_093639;24.06.2026;09:27:00;201;8;3894;10;U683Z1P;Černý Most;50.12544;14.48622
20260624_093639_L406;20260624_093639;24.06.2026;09:25:00;406;4;7936;10;U6759Z2;Praha,Roztyly;49.69795;14.90453
20260624_093639_L188;20260624_093639;24.06.2026;09:19:00;188;6;6953;16;U418Z2P;Želivského;50.0778;14.48881
20260624_093639_L395;20260624_093639;24.06.2026;09:25:00;395;70;9860;11;U1843Z2;Praha,Smíchovské nádraží;49.79583;14.19183
20260624_093639_L133;20260624_093639;24.06.2026;09:21:00;133;51;3888;15;U69Z1P;Sídliště Malešice;50.08925;14.46296
20260624_093639_L370;20260624_093639;24.06.2026;09:25:00;370;12;8196;10;U2235Z1;Kralupy n.Vlt.,žel.st.;50.24585;14.31483
20260624_093639_L349;20260624_093639;24.06.2026;09:26:00;349;24;8209;10;U1792Z2;Mělník,Podolí;50.34363;14.48759
20260624_093639_L177;20260624_093639;24.06.2026;09:23:00;177;5;6779;13;U1116Z2P;Chodov;50.03058;14.4877
20260624_093639_L108;20260624_093639;24.06.2026;09:25:00;108;1;2056;11;U1168Z2P;Divoká Šárka;50.0869;14.31872
20260624_093639_L180;20260624_093639;24.06.2026;09:27:00;180;8;6906;10;U612Z4P;Obchodní centrum Zličín;50.06533;14.2991
20260624_093639_L631;20260624_093639;24.06.2026;09:26:00;631;48;9784;10;U9776Z1;Nižbor,Šnárová;50.00088;14.0026
20260624_093639_L410;20260624_093639;24.06.2026;09:23:00;410;9;11646;10;U6060Z1;Mimoň,aut.st.;50.44066;14.47407
20260624_093639_L650;20260624_093639;24.06.2026;09:26:00;650;25;12555;10;U31429Z1;Litoměřice,žel.st.hor.;50.40462;14.12963
20260624_093639_L668;20260624_093639;24.06.2026;09:25:00;668;7;1361;10;U6117Z1;Mšeno,žel.st.;50.40145;14.60482
20260624_093639_L582;20260624_093639;24.06.2026;09:21:00;582;22;1625;14;U2052Z2;Říčany,Olivovna;49.97005;14.68796
20260624_093639_L177;20260624_093639;24.06.2026;09:24:00;177;24;6880;12;U225Z2P;Poliklinika Mazurská;50.09938;14.49592
20260624_093639_L384;20260624_093639;24.06.2026;09:25:00;384;24;9979;11;U4976Z1;Zdice,nám.;49.94271;14.02789
20260624_093639_L177;20260624_093639;24.06.2026;09:24:00;177;19;5105;12;U106Z2P;Chodov;50.02795;14.50767
20260624_093639_L195;20260624_093639;24.06.2026;09:25:00;195;24;6971;11;U326Z1P;Sídliště Letňany;50.13884;14.51725
20260624_093639_L332;20260624_093639;24.06.2026;09:23:00;332;19;9955;11;U1330Z1;Jílové u Prahy,náměstí;49.95732;14.51797
20260624_094040_L125;20260624_094040;24.06.2026;09:30:00;125;8;5116;10;U1076Z2P;Skalka;50.07029;14.50951
20260624_094040_L133;20260624_094040;24.06.2026;09:26:00;133;51;3888;15;U16Z1P;Sídliště Malešice;50.08717;14.47095
20260624_094040_L136;20260624_094040;24.06.2026;09:30:00;136;4;6955;10;U678Z1P;Sídliště Čakovice;50.10026;14.48718
20260624_094040_L177;20260624_094040;24.06.2026;09:26:00;177;20;5038;14;U166Z1P;Chodov;50.04786;14.51998
20260624_094040_L133;20260624_094040;24.06.2026;09:28:00;133;10;4064;13;U34Z2P;Florenc;50.08862;14.46877
20260624_094040_L188;20260624_094040;24.06.2026;09:19:00;188;6;6953;19;U418Z2P;Želivského;50.0771;14.48791
20260624_094040_L139;20260624_094040;24.06.2026;09:29:00;139;12;5136;12;U422Z2P;Želivského;50.04878;14.45969
20260624_094040_L380;20260624_094040;24.06.2026;09:23:00;380;2;9982;15;U1643Z2;Praha,Vypich;50.05293;14.27639
20260624_094040_L399;20260624_094040;24.06.2026;09:28:00;399;13;1263;11;U3094Z1;Kladno,Energie;50.14514;14.09563
20260624_094040_L170;20260624_094040;24.06.2026;09:30:00;170;3;4023;10;U590Z1P;Jižní Město;50.03549;14.52069
20260624_094040_L767;20260624_094040;24.06.2026;09:24:00;767;23;8607;14;U6086Z2;Dolní Slivno;50.3033;14.72776
20260624_094040_L143;20260624_094040;24.06.2026;09:29:00;143;4;6935;11;U362Z10P;Stadion Strahov;50.08525;14.38349
20260624_094040_L311;20260624_094040;24.06.2026;09:28:00;311;74;9597;12;U1645Z2;Praha,Zličín;50.03903;14.24523
20260624_094040_L639;20260624_094040;24.06.2026;09:28:00;639;19;9406;10;U9812Z2;Hostomice,nám.;49.82576;14.04503
20260624_094040_L136;20260624_094040;24.06.2026;09:30:00;136;14;5545;10;U29Z1P;Jižní Město;50.07258;14.47052
20260624_094040_L177;20260624_094040;24.06.2026;09:26:00;177;19;5105;13;U774Z2P;Chodov;50.02038;14.49988
20260624_094040_L149;20260624_094040;24.06.2026;09:31:00;149;2;4193;10;U396Z1P;Stodůlky-Bavorská;50.05884;14.37207
20260624_094040_L183;20260624_094040;24.06.2026;09:30:00;183;9;6886;11;U338Z2P;Háje;50.03358;14.56073
20260624_094040_L133;20260624_094040;24.06.2026;09:27:00;133;1;3008;13;U548Z2P;Florenc;50.08206;14.50126
20260624_094040_L126;20260624_094040;24.06.2026;09:28:00;126;11;3735;10;U169Z2P;Koleje Jižní Město;50.0229;14.57121
20260624_094040_L410;20260624_094040;24.06.2026;09:26:00;410;9;11646;11;U6070Z1;Mimoň,aut.st.;50.46357;14.47426
20260624_094040_L733;20260624_094040;24.06.2026;09:30:00;733;37;8656;10;U6389Z1;Turnov,Na Lukách;50.57163;15.0112
20260624_094040_L395;20260624_094040;24.06.2026;09:26:00;395;70;9860;10;U1977Z2;Praha,Smíchovské nádraží;49.82755;14.23272
20260624_094040_L110;20260624_094040;24.06.2026;09:29:00;110;5;8094;11;U125Z1P;Obchodní centrum Čakovice;50.14015;14.50498
20260624_094040_L164;20260624_094040;24.06.2026;09:28:00;164;6;1964;12;U229Z2P;Malovanka;50.08668;14.37358
20260624_094040_L203;20260624_094040;24.06.2026;09:27:00;203;8;1940;13;U972Z2P;Háje;50.02328;14.48853
20260624_094040_L349;20260624_094040;24.06.2026;09:29:00;349;24;8209;11;U1793Z3;Mělník,Podolí;50.3495;14.48819
20260624_094040_L300;20260624_094040;24.06.2026;09:29:00;300;11;8997;11;U4301Z1;Libušín,náměstí;50.14732;14.21327
20260624_094040_L356;20260624_094040;24.06.2026;09:28:00;356;34;8859;10;U199Z3;Praha,Bořislavka;50.10207;14.36155
20260624_094040_L582;20260624_094040;24.06.2026;09:26:00;582;22;1625;14;U1928Z1;Říčany,Olivovna;49.97105;14.66205
20260624_094040_L406;20260624_094040;24.06.2026;09:28:00;406;4;7936;10;U9391Z2;Praha,Roztyly;49.70019;14.89864
20260624_094040_L631;20260624_094040;24.06.2026;09:30:00;631;48;9784;10;U9775Z2;Beroun,autobusové nádraží;50.00935;14.00115
20260624_094040_L641;20260624_094040;24.06.2026;09:27:00;641;14;9573;10;U9854Z2;Hořovice,nemocnice;49.88516;13.95671
20260624_094040_L617;20260624_094040;24.06.2026;09:27:00;617;17;7324;13;U4715Z1;Roudnice n.L.,žel.st.;50.42032;14.26215
20260624_094040_L668;20260624_094040;24.06.2026;09:28:00;668;7;1361;11;U9180Z1;Mšeno,žel.st.;50.41382;14.61893
20260624_094040_L826;20260624_094040;24.06.2026;09:27:00;826;35;8576;10;U2270Z2;Český Brod,žel.st.;50.076;14.86556
20260624_094040_L108;20260624_094040;24.06.2026;09:28:00;108;1;2056;12;U85Z6P;Divoká Šárka;50.09167;14.32443
20260624_094040_L180;20260624_094040;24.06.2026;09:29:00;180;8;6906;11;U706Z2P;Obchodní centrum Zličín;50.06588;14.28819
20260624_094040_L183;20260624_094040;24.06.2026;09:27:00;183;11;6756;13;U39Z1P;Vozovna Kobylisy;50.13253;14.46202
20260624_094040_L177;20260624_094040;24.06.2026;09:28:00;177;24;6880;12;U474Z4P;Poliklinika Mazurská;50.11001;14.50203
20260624_094040_L384;20260624_094040;24.06.2026;09:27:00;384;24;9979;12;U4979Z2;Zdice,nám.;49.92785;14.01307
20260624_094040_L332;20260624_094040;24.06.2026;09:29:00;332;19;9955;10;U2129Z1;Jílové u Prahy,náměstí;49.9371;14.51494
20260624_094441_L125;20260624_094441;24.06.2026;09:33:00;125;13;6930;11;U337Z4P;Smíchovské nádraží;50.05113;14.40967
20260624_094441_L133;20260624_094441;24.06.2026;09:31:00;133;10;4064;13;U69Z2P;Florenc;50.08894;14.46093
20260624_094441_L136;20260624_094441;24.06.2026;09:30:00;136;15;5516;11;U1074Z4P;Jižní Město;50.09132;14.46846
20260624_094441_L139;20260624_094441;24.06.2026;09:32:00;139;12;5136;12;U376Z4P;Želivského;50.05454;14.45298
20260624_094441_L149;20260624_094441;24.06.2026;09:33:00;149;2;4193;11;U846Z1P;Stodůlky-Bavorská;50.05554;14.36524
20260624_094441_L170;20260624_094441;24.06.2026;09:31:00;170;3;4023;12;U386Z1P;Jižní Město;50.03033;14.52458
20260624_094441_L177;20260624_094441;24.06.2026;09:30:00;177;19;5105;14;U1116Z2P;Chodov;50.03054;14.48773
20260624_094441_L177;20260624_094441;24.06.2026;09:31:00;177;20;5038;13;U99Z1P;Chodov;50.03784;14.50921
20260624_094441_L180;20260624_094441;24.06.2026;09:32:00;180;8;6906;10;U178Z2P;Obchodní centrum Zličín;50.05773;14.28968
20260624_094441_L180;20260624_094441;24.06.2026;09:34:00;180;53;6856;10;U44Z1P;Obchodní centrum Zličín;50.08552;14.36463
20260624_094441_L183;20260624_094441;24.06.2026;09:33:00;183;9;6886;11;U151Z2P;Háje;50.03224;14.5344
20260624_094441_L188;20260624_094441;24.06.2026;09:19:00;188;6;6953;23;U418Z2P;Želivského;50.07727;14.4844
20260624_094441_L188;20260624_094441;24.06.2026;09:31:00;188;14;6730;12;U418Z2P;Želivského;50.07717;14.48916
20260624_094441_L188;20260624_094441;24.06.2026;09:34:00;188;2;6946;10;U1092Z2P;Kavčí hory;50.05686;14.47251
20260624_094441_L201;20260624_094441;24.06.2026;09:33:00;201;11;3900;10;U993Z2P;Nádraží Holešovice;50.1172;14.47265
20260624_094441_L203;20260624_094441;24.06.2026;09:31:00;203;8;1940;13;U1032Z2P;Háje;50.0342;14.48268
20260624_094441_L228;20260624_094441;24.06.2026;09:33:00;228;11;9044;10;U542Z12P;Poliklinika Malešice;50.04162;14.58812
20260624_094441_L825;20260624_094441;24.06.2026;09:33:00;825;43;9754;11;U4273Z1;Mořinka;49.96729;14.08052
20260624_094441_L826;20260624_094441;24.06.2026;09:27:00;826;35;8576;14;U2270Z2;Český Brod,žel.st.;50.07601;14.86554
20260624_094441_L300;20260624_094441;24.06.2026;09:31:00;300;11;8997;11;U4302Z52;Libušín,náměstí;50.15056;14.1838
20260624_094441_L311;20260624_094441;24.06.2026;09:30:00;311;74;9597;13;U1190Z2;Praha,Zličín;50.04534;14.26014
20260624_094441_L332;20260624_094441;24.06.2026;09:33:00;332;19;9955;10;U2127Z1;Jílové u Prahy,náměstí;49.92677;14.50443
20260624_094441_L336;20260624_094441;24.06.2026;09:32:00;336;16;8867;12;U1643Z2;Praha,Zličín;50.05274;14.27567
20260624_094441_L356;20260624_094441;24.06.2026;09:28:00;356;34;8859;13;U199Z3;Praha,Bořislavka;50.09963;14.36385
20260624_094441_L398;20260624_094441;24.06.2026;09:31:00;398;26;1680;13;U155Z2;Praha,Černý Most;50.11786;14.6271
20260624_094441_L399;20260624_094441;24.06.2026;09:34:00;399;13;1263;10;U2889Z1;Kladno,Energie;50.14112;14.08309
20260624_094441_L406;20260624_094441;24.06.2026;09:32:00;406;4;7936;12;U6043Z1;Praha,Roztyly;49.70112;14.90476
20260624_094441_L589;20260624_094441;24.06.2026;09:32:00;589;8;7761;12;U32420Z1;Louny,ČSAD;50.29268;13.86535
20260624_094441_L631;20260624_094441;24.06.2026;09:34:00;631;48;9784;10;U9776Z2;Beroun,autobusové nádraží;50.00083;14.00269
20260624_094441_L637;20260624_094441;24.06.2026;09:30:00;637;54;9582;12;U9075Z2;Kublov,Slovanka;49.97203;13.86959
20260624_094441_L639;20260624_094441;24.06.2026;09:28:00;639;19;9406;14;U9812Z2;Hostomice,nám.;49.82576;14.04504
20260624_094441_L641;20260624_094441;24.06.2026;09:33:00;641;14;9573;11;U9855Z55;Hořovice,nemocnice;49.87396;13.94904
20260624_094441_L668;20260624_094441;24.06.2026;09:32:00;668;7;1361;12;U9181Z1;Mšeno,žel.st.;50.42464;14.60081
20260624_094441_L733;20260624_094441;24.06.2026;09:33:00;733;37;8656;11;U6387Z1;Turnov,Na Lukách;50.57233;14.99357
20260624_094441_L767;20260624_094441;24.06.2026;09:24:00;767;23;8607;18;U6086Z2;Dolní Slivno;50.30329;14.72776
20260624_094841_L136;20260624_094841;24.06.2026;09:36:00;136;15;5516;12;U743Z2P;Jižní Město;50.08608;14.45555
20260624_094841_L201;20260624_094841;24.06.2026;09:33:00;201;11;3900;14;U993Z2P;Nádraží Holešovice;50.11641;14.46943
20260624_094841_L125;20260624_094841;24.06.2026;09:38:00;125;10;6812;10;U386Z1P;Skalka;50.03097;14.52403
20260624_094841_L199;20260624_094841;24.06.2026;09:37:00;199;3;4102;11;U161Z2P;Želivského;50.08124;14.49523
20260624_094841_L149;20260624_094841;24.06.2026;09:37:00;149;2;4193;11;U27Z1P;Stodůlky-Bavorská;50.05095;14.36503
20260624_094841_L126;20260624_094841;24.06.2026;09:37:00;126;13;3836;12;U919Z1P;Nádraží Uhříněves;50.01723;14.5855
20260624_094841_L201;20260624_094841;24.06.2026;09:37:00;201;9;3877;10;U54Z3P;Černý Most;50.11511;14.47168
20260624_094841_L180;20260624_094841;24.06.2026;09:36:00;180;8;6906;11;U1141Z14P;Obchodní centrum Zličín;50.05518;14.28907
20260624_094841_L177;20260624_094841;24.06.2026;09:34:00;177;20;5038;14;U106Z2P;Chodov;50.02794;14.50761
20260624_094841_L133;20260624_094841;24.06.2026;09:33:00;133;1;3008;15;U1064Z2P;Florenc;50.08751;14.47776
20260624_094841_L767;20260624_094841;24.06.2026;09:24:00;767;23;8607;24;U6086Z2;Dolní Slivno;50.30329;14.72776
20260624_094841_L109;20260624_094841;24.06.2026;09:33:00;109;11;4108;16;U694Z4P;Palmovka;50.09192;14.49825
20260624_094841_L410;20260624_094841;24.06.2026;09:34:00;410;9;11646;13;U6078Z1;Mimoň,aut.st.;50.50337;14.48675
20260624_094841_L203;20260624_094841;24.06.2026;09:33:00;203;8;1940;14;U601Z3P;Háje;50.03938;14.48115
20260624_094841_L733;20260624_094841;24.06.2026;09:36:00;733;37;8656;12;U6383Z1;Turnov,Na Lukách;50.58112;14.98353
20260624_094841_L310;20260624_094841;24.06.2026;09:35:00;310;41;9614;13;U1643Z2;Praha,Zličín;50.05275;14.27563
20260624_094841_L136;20260624_094841;24.06.2026;09:34:00;136;13;5140;15;U344Z1P;Jižní Město;50.03178;14.50443
20260624_094841_L548;20260624_094841;24.06.2026;09:35:00;548;12;9511;10;U9858Z1;Praskolesy;49.86709;13.92996
20260624_094841_L136;20260624_094841;24.06.2026;09:33:00;136;12;6957;14;U353Z1P;Jižní Město;50.02622;14.52149
20260624_094841_L180;20260624_094841;24.06.2026;09:37:00;180;53;6856;11;U872Z2P;Obchodní centrum Zličín;50.07995;14.34762
20260624_094841_L133;20260624_094841;24.06.2026;09:36:00;133;10;4064;13;U3018Z2P;Florenc;50.08833;14.44316
20260624_094841_L177;20260624_094841;24.06.2026;09:34:00;177;14;6719;12;U574Z2P;Poliklinika Mazurská;50.0914;14.49947
20260624_094841_L180;20260624_094841;24.06.2026;09:37:00;180;4;6943;11;U321Z4P;Dejvická;50.10002;14.39556
20260624_094841_L303;20260624_094841;24.06.2026;09:38:00;303;8;8045;10;U452Z2;Praha,Černý Most;50.1151;14.61104
20260624_094841_L177;20260624_094841;24.06.2026;09:35:00;177;24;6880;13;U332Z2P;Poliklinika Mazurská;50.12581;14.48939
20260624_094841_L139;20260624_094841;24.06.2026;09:36:00;139;12;5136;12;U813Z2P;Želivského;50.06501;14.45245
20260624_094841_L322;20260624_094841;24.06.2026;09:37:00;322;17;8744;10;U85Z1;Praha,Nádraží Veleslavín;50.09573;14.34725
20260624_094841_L336;20260624_094841;24.06.2026;09:33:00;336;16;8867;14;U1142Z2;Praha,Zličín;50.05616;14.28732
20260624_094841_L300;20260624_094841;24.06.2026;09:36:00;300;11;8997;12;U4304Z1;Libušín,náměstí;50.15115;14.18023
20260624_094841_L582;20260624_094841;24.06.2026;09:33:00;582;22;1625;14;U1883Z1;Říčany,Olivovna;49.99703;14.66081
20260624_094841_L655;20260624_094841;24.06.2026;09:33:00;655;46;8128;14;U5082Z2;Brandýs n.L.-St.Bol.,nádr.;50.08032;14.71225
20260624_094841_L166;20260624_094841;24.06.2026;09:38:00;166;1;1941;10;U451Z1P;Sídliště Čakovice;50.15076;14.51419
20260624_094841_L415;20260624_094841;24.06.2026;09:38:00;415;4;12433;10;U6322Z1;Kadaň,aut.nádr.;50.19122;13.6245
20260624_094841_L406;20260624_094841;24.06.2026;09:35:00;406;4;7936;13;U5786Z1;Praha,Roztyly;49.70971;14.89228
20260624_094841_L398;20260624_094841;24.06.2026;09:34:00;398;26;1680;13;U452Z2;Praha,Černý Most;50.11371;14.60282
20260624_094841_L631;20260624_094841;24.06.2026;09:34:00;631;48;9784;13;U9776Z2;Beroun,autobusové nádraží;49.99767;14.02026
20260624_094841_L637;20260624_094841;24.06.2026;09:38:00;637;54;9582;10;U9079Z2;Kublov,Slovanka;49.95002;13.85631
20260624_094841_L641;20260624_094841;24.06.2026;09:33:00;641;14;9573;14;U9855Z55;Hořovice,nemocnice;49.88289;13.93641
20260624_094841_L589;20260624_094841;24.06.2026;09:36:00;589;8;7761;11;U32418Z1;Louny,ČSAD;50.29772;13.84489
20260624_095242_L149;20260624_095242;24.06.2026;09:41:00;149;2;4193;11;U602Z1P;Stodůlky-Bavorská;50.05123;14.35372
20260624_095242_L126;20260624_095242;24.06.2026;09:42:00;126;11;3735;10;U735Z1P;Koleje Jižní Město;50.03424;14.51068
20260624_095242_L126;20260624_095242;24.06.2026;09:39:00;126;13;3836;12;U220Z2P;Nádraží Uhříněves;50.02862;14.59342
20260624_095242_L733;20260624_095242;24.06.2026;09:39:00;733;37;8656;13;U6385Z1;Turnov,Na Lukách;50.58649;15.00618
20260624_095242_L136;20260624_095242;24.06.2026;09:40:00;136;15;5516;12;U118Z4P;Jižní Město;50.07877;14.46056
20260624_095242_L199;20260624_095242;24.06.2026;09:38:00;199;3;4102;14;U418Z2P;Želivského;50.07865;14.48829
20260624_095242_L126;20260624_095242;24.06.2026;09:38:00;126;7;3705;14;U3053Z1P;Koleje Jižní Město;50.02966;14.59464
20260624_095242_L136;20260624_095242;24.06.2026;09:40:00;136;16;5020;10;U1074Z4P;Jižní Město;50.09228;14.46985
20260624_095242_L394;20260624_095242;24.06.2026;09:40:00;394;15;9903;10;U602Z12;Zdice,nám.;50.05171;14.3515
20260624_095242_L767;20260624_095242;24.06.2026;09:24:00;767;23;8607;28;U6086Z2;Dolní Slivno;50.30329;14.72777
20260624_095242_L177;20260624_095242;24.06.2026;09:38:00;177;20;5038;14;U982Z2P;Chodov;50.0216;14.493
20260624_095242_L201;20260624_095242;24.06.2026;09:37:00;201;9;3877;14;U54Z3P;Černý Most;50.11691;14.47154
20260624_095242_L166;20260624_095242;24.06.2026;09:41:00;166;3;1943;11;U54Z5P;Domov seniorů Ďáblice;50.1157;14.46747
20260624_095242_L201;20260624_095242;24.06.2026;09:37:00;201;11;3900;14;U870Z4P;Nádraží Holešovice;50.11777;14.46439
20260624_095242_L410;20260624_095242;24.06.2026;09:39:00;410;9;11646;12;U31048Z1;Mimoň,aut.st.;50.52154;14.51344
20260624_095242_L305;20260624_095242;24.06.2026;09:40:00;305;7;8346;11;U32269Z1;Karlovy Vary,terminál;50.13671;13.17071
20260624_095242_L668;20260624_095242;24.06.2026;09:39:00;668;7;1361;13;U4356Z2;Mšeno,žel.st.;50.43713;14.63843
20260624_095242_L582;20260624_095242;24.06.2026;09:38:00;582;22;1625;14;U1899Z2;Říčany,Olivovna;49.98939;14.67451
20260624_095242_L655;20260624_095242;24.06.2026;09:40:00;655;46;8128;12;U1607Z2;Brandýs n.L.-St.Bol.,nádr.;50.10379;14.709
20260624_095242_L398;20260624_095242;24.06.2026;09:37:00;398;26;1680;12;U188Z2;Praha,Černý Most;50.10974;14.57474
20260624_095242_L303;20260624_095242;24.06.2026;09:40:00;303;8;8045;11;U188Z2;Praha,Černý Most;50.11045;14.58484
20260624_095242_L406;20260624_095242;24.06.2026;09:38:00;406;4;7936;14;U5799Z2;Praha,Roztyly;49.71385;14.86342
20260624_095242_L139;20260624_095242;24.06.2026;09:39:00;139;12;5136;13;U269Z4P;Želivského;50.06759;14.46188
20260624_095242_L548;20260624_095242;24.06.2026;09:35:00;548;12;9511;15;U9858Z1;Praskolesy;49.86715;13.93007
20260624_095242_L641;20260624_095242;24.06.2026;09:33:00;641;14;9573;17;U9855Z55;Hořovice,nemocnice;49.86771;13.92731
20260624_095242_L589;20260624_095242;24.06.2026;09:40:00;589;8;7761;12;U32417Z1;Louny,ČSAD;50.3118;13.85579
20260624_095242_L146;20260624_095242;24.06.2026;09:39:00;146;3;9121;13;U575Z1P;Vinice Hrdlořezy;50.08019;14.48761
20260624_095242_L166;20260624_095242;24.06.2026;09:42:00;166;1;1941;10;U934Z1P;Sídliště Čakovice;50.15146;14.52734
20260624_095242_L203;20260624_095242;24.06.2026;09:38:00;203;8;1940;14;U424Z1P;Háje;50.03314;14.49999
20260624_095242_L180;20260624_095242;24.06.2026;09:42:00;180;53;6856;11;U306Z2P;Obchodní centrum Zličín;50.07458;14.33989
20260624_095242_L631;20260624_095242;24.06.2026;09:38:00;631;48;9784;14;U9773Z2;Beroun,autobusové nádraží;49.98947;14.03861
20260624_095242_L177;20260624_095242;24.06.2026;09:40:00;177;24;6880;11;U78Z3P;Poliklinika Mazurská;50.12657;14.47007
20260624_095242_L136;20260624_095242;24.06.2026;09:38:00;136;13;5140;14;U916Z1P;Jižní Město;50.0253;14.51574
20260624_095242_L188;20260624_095242;24.06.2026;09:41:00;188;2;6946;11;U263Z4P;Kavčí hory;50.06041;14.44939
20260624_095242_L177;20260624_095242;24.06.2026;09:39:00;177;14;6719;13;U225Z2P;Poliklinika Mazurská;50.09941;14.49588
20260624_095242_L125;20260624_095242;24.06.2026;09:41:00;125;10;6812;11;U151Z1P;Skalka;50.0321;14.53453
20260624_095642_L305;20260624_095642;24.06.2026;09:45:00;305;7;8346;11;U32160Z1;Karlovy Vary,terminál;50.14061;13.10903
20260624_095642_L203;20260624_095642;24.06.2026;09:42:00;203;8;1940;14;U43Z2P;Háje;50.03567;14.51834
20260624_095642_L733;20260624_095642;24.06.2026;09:43:00;733;37;8656;13;U31176Z1;Turnov,Na Lukách;50.60348;15.00583
20260624_095642_L199;20260624_095642;24.06.2026;09:38:00;199;3;4102;17;U418Z2P;Želivského;50.07765;14.48902
20260624_095642_L166;20260624_095642;24.06.2026;09:46:00;166;3;1943;10;U3007Z1P;Domov seniorů Ďáblice;50.11682;14.46272
20260624_095642_L510;20260624_095642;24.06.2026;09:44:00;510;29;7221;12;U7641Z1;Smolotely;49.63976;14.13703
20260624_095642_L188;20260624_095642;24.06.2026;09:44:00;188;7;5064;11;U418Z2P;Želivského;50.0773;14.489
20260624_095642_L655;20260624_095642;24.06.2026;09:44:00;655;46;8128;12;U4173Z1;Brandýs n.L.-St.Bol.,nádr.;50.11793;14.69601
20260624_095642_L136;20260624_095642;24.06.2026;09:42:00;136;15;5516;14;U518Z3P;Jižní Město;50.07523;14.45936
20260624_095642_L180;20260624_095642;24.06.2026;09:44:00;180;53;6856;12;U394Z3P;Obchodní centrum Zličín;50.06775;14.33383
20260624_095642_L139;20260624_095642;24.06.2026;09:43:00;139;12;5136;13;U413Z2P;Želivského;50.07104;14.46346
20260624_095642_L300;20260624_095642;24.06.2026;09:44:00;300;11;8997;12;U4308Z3;Libušín,náměstí;50.13246;14.11273
20260624_095642_L767;20260624_095642;24.06.2026;09:24:00;767;23;8607;32;U6086Z2;Dolní Slivno;50.30329;14.72777
20260624_095642_L410;20260624_095642;24.06.2026;09:41:00;410;9;11646;10;U31047Z1;Mimoň,aut.st.;50.54059;14.54045
20260624_095642_L628;20260624_095642;24.06.2026;09:46:00;628;24;8798;10;U1782Z1;Řevničov,žel.st.;50.14073;14.06552
20260624_095642_L126;20260624_095642;24.06.2026;09:41:00;126;7;3705;15;U919Z2P;Koleje Jižní Město;50.01716;14.58442
20260624_095642_L133;20260624_095642;24.06.2026;09:43:00;133;51;3888;13;U548Z2P;Florenc;50.08209;14.50131
20260624_095642_L180;20260624_095642;24.06.2026;09:44:00;180;3;6864;11;U867Z1P;Dejvická;50.09488;14.3963
20260624_095642_L136;20260624_095642;24.06.2026;09:43:00;136;16;5020;13;U512Z5P;Jižní Město;50.09025;14.46642
20260624_095642_L149;20260624_095642;24.06.2026;09:45:00;149;2;4193;11;U1130Z1P;Stodůlky-Bavorská;50.05407;14.33901
20260624_095642_L146;20260624_095642;24.06.2026;09:43:00;146;3;9121;13;U834Z1P;Vinice Hrdlořezy;50.08727;14.4902
20260624_095642_L589;20260624_095642;24.06.2026;09:44:00;589;8;7761;11;U4853Z1;Louny,ČSAD;50.33874;13.831
20260624_095642_L201;20260624_095642;24.06.2026;09:42:00;201;9;3877;14;U683Z1P;Černý Most;50.12541;14.4862
20260624_095642_L653;20260624_095642;24.06.2026;09:41:00;653;27;1628;15;U7142Z2;Kaliště,Poddubí;49.90555;14.77594
20260624_095642_L394;20260624_095642;24.06.2026;09:40:00;394;15;9903;13;U602Z12;Zdice,nám.;50.05315;14.30883
20260624_095642_L395;20260624_095642;24.06.2026;09:46:00;395;45;9855;10;U9646Z2;Praha,Smíchovské nádraží;49.70571;14.0888
20260624_095642_L406;20260624_095642;24.06.2026;09:43:00;406;4;7936;13;U7609Z2;Praha,Roztyly;49.73811;14.81445
20260624_095642_L631;20260624_095642;24.06.2026;09:42:00;631;48;9784;14;U9883Z2;Beroun,autobusové nádraží;49.98918;14.05704
20260624_095642_L177;20260624_095642;24.06.2026;09:44:00;177;24;6880;12;U267Z1P;Poliklinika Mazurská;50.12478;14.44875
20260624_095642_L136;20260624_095642;24.06.2026;09:42:00;136;13;5140;14;U151Z1P;Jižní Město;50.03206;14.5345
20260624_095642_L188;20260624_095642;24.06.2026;09:46:00;188;2;6946;10;U385Z1P;Kavčí hory;50.05205;14.43893
20260624_095642_L177;20260624_095642;24.06.2026;09:43:00;177;14;6719;13;U474Z4P;Poliklinika Mazurská;50.11003;14.50202
20260624_095642_L125;20260624_095642;24.06.2026;09:45:00;125;10;6812;12;U967Z4P;Skalka;50.03532;14.56264
20260624_095642_L503;20260624_095642;24.06.2026;09:43:00;503;2;9528;13;U9712Z4;Příbram,Svatá Hora;49.68958;14.01328
20260624_100043_L125;20260624_100043;24.06.2026;09:49:00;125;10;6812;11;U3052Z2P;Skalka;50.04128;14.55184
20260624_100043_L126;20260624_100043;24.06.2026;09:49:00;126;1;3865;12;U919Z1P;Nádraží Uhříněves;50.01724;14.58556
20260624_100043_L133;20260624_100043;24.06.2026;09:49:00;133;3;3973;10;U745Z2P;Florenc;50.08725;14.4512
20260624_100043_L133;20260624_100043;24.06.2026;09:47:00;133;51;3888;13;U767Z2P;Florenc;50.08372;14.48202
20260624_100043_L136;20260624_100043;24.06.2026;09:46:00;136;16;5020;13;U743Z2P;Jižní Město;50.08282;14.45882
20260624_100043_L136;20260624_100043;24.06.2026;09:47:00;136;15;5516;12;U29Z1P;Jižní Město;50.07252;14.47052
20260624_100043_L146;20260624_100043;24.06.2026;09:46:00;146;3;9121;14;U266Z3P;Vinice Hrdlořezy;50.09187;14.49683
20260624_100043_L166;20260624_100043;24.06.2026;09:49:00;166;3;1943;11;U54Z3P;Domov seniorů Ďáblice;50.11684;14.46701
20260624_100043_L177;20260624_100043;24.06.2026;09:48:00;177;14;6719;13;U603Z3P;Poliklinika Mazurská;50.1196;14.49774
20260624_100043_L177;20260624_100043;24.06.2026;09:49:00;177;24;6880;12;U345Z1P;Poliklinika Mazurská;50.13259;14.42829
20260624_100043_L180;20260624_100043;24.06.2026;09:49:00;180;53;6856;11;U236Z3P;Obchodní centrum Zličín;50.06467;14.30851
20260624_100043_L188;20260624_100043;24.06.2026;09:44:00;188;7;5064;14;U418Z2P;Želivského;50.07721;14.48674
20260624_100043_L195;20260624_100043;24.06.2026;09:51:00;195;20;5079;10;U899Z3P;Sídliště Letňany;50.14164;14.5166
20260624_100043_L201;20260624_100043;24.06.2026;09:47:00;201;9;3877;13;U1170Z1P;Černý Most;50.12646;14.50173
20260624_100043_L203;20260624_100043;24.06.2026;09:46:00;203;8;1940;14;U1020Z2P;Háje;50.03394;14.52758
20260624_100043_L225;20260624_100043;24.06.2026;09:49:00;225;11;4174;10;U1029Z2P;Velká Ohrada;50.04012;14.32903
20260624_100043_L228;20260624_100043;24.06.2026;09:50:00;228;12;9402;10;U136Z1P;Benice;50.02854;14.59906
20260624_100043_L300;20260624_100043;24.06.2026;09:47:00;300;11;8997;12;U4310Z1;Libušín,náměstí;50.13972;14.1001
20260624_100043_L305;20260624_100043;24.06.2026;09:49:00;305;7;8346;11;U32168Z1;Karlovy Vary,terminál;50.14886;13.05147
20260624_100043_L307;20260624_100043;24.06.2026;09:49:00;307;10;8991;11;U1643Z2;Praha,Zličín;50.05056;14.27198
20260624_100043_L311;20260624_100043;24.06.2026;09:48:00;311;75;9579;11;U1852Z51;Řevnice,nádraží;49.92726;14.27018
20260624_100043_L311;20260624_100043;24.06.2026;09:45:00;311;77;9583;15;U1663Z2;Praha,Zličín;49.95377;14.21715
20260624_100043_L315;20260624_100043;24.06.2026;09:48:00;315;2;8670;11;U3063Z2;Praha,Černý Most;50.40375;14.92841
20260624_100043_L322;20260624_100043;24.06.2026;09:48:00;322;15;8854;12;U4306Z1;Kladno,autobusové nádraží;50.13595;14.12575
20260624_100043_L405;20260624_100043;24.06.2026;09:50:00;405;66;1432;10;U31033Z1;Špindlerův Mlýn,aut.st.;50.70152;15.58428
20260624_100043_L406;20260624_100043;24.06.2026;09:46:00;406;4;7936;14;U7856Z2;Praha,Roztyly;49.75072;14.77422
20260624_100043_L503;20260624_100043;24.06.2026;09:43:00;503;2;9528;17;U9712Z4;Příbram,Svatá Hora;49.68958;14.01328
20260624_100043_L555;20260624_100043;24.06.2026;09:47:00;555;9;8826;10;U4021Z1;Roztoky,záv.;50.03696;13.87027
20260624_100043_L589;20260624_100043;24.06.2026;09:46:00;589;8;7761;11;U32496Z1;Louny,ČSAD;50.35006;13.80735
20260624_100043_L631;20260624_100043;24.06.2026;09:46:00;631;48;9784;14;U4274Z2;Beroun,autobusové nádraží;49.974;14.07558
20260624_100043_L653;20260624_100043;24.06.2026;09:41:00;653;27;1628;19;U7142Z2;Kaliště,Poddubí;49.90539;14.77915
20260624_100043_L655;20260624_100043;24.06.2026;09:49:00;655;46;8128;11;U2921Z1;Brandýs n.L.-St.Bol.,nádr.;50.12903;14.71721
20260624_100043_L733;20260624_100043;24.06.2026;09:46:00;733;37;8656;13;U32550Z2;Turnov,Na Lukách;50.62008;15.0215
20260624_100043_L767;20260624_100043;24.06.2026;09:24:00;767;23;8607;36;U6086Z2;Dolní Slivno;50.30329;14.72777
20260624_100443_L125;20260624_100443;24.06.2026;09:53:00;125;10;6812;12;U2707Z2P;Skalka;50.04691;14.55155
20260624_100443_L126;20260624_100443;24.06.2026;09:51:00;126;1;3865;13;U220Z2P;Nádraží Uhříněves;50.02916;14.59411
20260624_100443_L133;20260624_100443;24.06.2026;09:54:00;133;4;3960;10;U16Z1P;Sídliště Malešice;50.0872;14.47102
20260624_100443_L133;20260624_100443;24.06.2026;09:52:00;133;3;3973;12;U3018Z2P;Florenc;50.08912;14.44344
20260624_100443_L133;20260624_100443;24.06.2026;09:51:00;133;51;3888;13;U16Z2P;Florenc;50.08743;14.47182
20260624_100443_L136;20260624_100443;24.06.2026;09:52:00;136;16;5020;13;U518Z3P;Jižní Město;50.07659;14.45884
20260624_100443_L136;20260624_100443;24.06.2026;09:51:00;136;15;5516;13;U37Z1P;Jižní Město;50.06043;14.4696
20260624_100443_L136;20260624_100443;24.06.2026;09:54:00;136;17;5024;10;U69Z2P;Jižní Město;50.08891;14.46091
20260624_100443_L149;20260624_100443;24.06.2026;09:52:00;149;10;3998;12;U206Z1P;Stodůlky-Bavorská;50.06922;14.37736
20260624_100443_L177;20260624_100443;24.06.2026;09:51:00;177;14;6719;13;U467Z2P;Poliklinika Mazurská;50.12924;14.48232
20260624_100443_L177;20260624_100443;24.06.2026;09:52:00;177;24;6880;12;U371Z1P;Poliklinika Mazurská;50.12782;14.41693
20260624_100443_L180;20260624_100443;24.06.2026;09:51:00;180;53;6856;12;U612Z4P;Obchodní centrum Zličín;50.06559;14.29811
20260624_100443_L188;20260624_100443;24.06.2026;09:53:00;188;4;5062;12;U599Z2P;Kavčí hory;50.06997;14.48944
20260624_100443_L201;20260624_100443;24.06.2026;09:53:00;201;4;3897;11;U305Z2P;Nádraží Holešovice;50.11664;14.44863
20260624_100443_L201;20260624_100443;24.06.2026;09:51:00;201;9;3877;13;U1000Z10P;Černý Most;50.12511;14.51663
20260624_100443_L300;20260624_100443;24.06.2026;09:51:00;300;11;8997;13;U4313Z3;Libušín,náměstí;50.14433;14.09196
20260624_100443_L300;20260624_100443;24.06.2026;09:51:00;300;12;8797;11;U80Z3;Hřebeč;50.11165;14.28931
20260624_100443_L305;20260624_100443;24.06.2026;09:51:00;305;7;8346;10;U32162Z1;Karlovy Vary,terminál;50.15545;13.03955
20260624_100443_L307;20260624_100443;24.06.2026;09:49:00;307;10;8991;15;U1643Z2;Praha,Zličín;50.05239;14.275
20260624_100443_L311;20260624_100443;24.06.2026;09:52:00;311;75;9579;12;U1601Z1;Řevnice,nádraží;49.92072;14.25061
20260624_100443_L345;20260624_100443;24.06.2026;09:54:00;345;6;8673;10;U3063Z2;Praha,Černý Most;50.40822;14.93536
20260624_100443_L372;20260624_100443;24.06.2026;09:52:00;372;6;8033;10;U864Z9;Praha,Kobylisy;50.12448;14.45213
20260624_100443_L406;20260624_100443;24.06.2026;09:50:00;406;4;7936;14;U7983Z2;Praha,Roztyly;49.7712;14.73136
20260624_100443_L410;20260624_100443;24.06.2026;09:52:00;410;9;11646;10;U31311Z1;Mimoň,aut.st.;50.55458;14.58531
20260624_100443_L430;20260624_100443;24.06.2026;09:54:00;430;8;8566;10;U1490Z1;Lysá n.L.,žel.st.;50.22977;14.83775
20260624_100443_L503;20260624_100443;24.06.2026;09:43:00;503;2;9528;21;U9712Z4;Příbram,Svatá Hora;49.69007;14.01628
20260624_100443_L588;20260624_100443;24.06.2026;09:53:00;588;18;7681;11;U4836Z1;Milý,Bor;50.23633;14.07082
20260624_100443_L589;20260624_100443;24.06.2026;09:51:00;589;8;7761;11;U9343Z9;Louny,ČSAD;50.35555;13.80264
20260624_100443_L655;20260624_100443;24.06.2026;09:51:00;655;46;8128;12;U1559Z1;Brandýs n.L.-St.Bol.,nádr.;50.13401;14.74652
20260624_100443_L733;20260624_100443;24.06.2026;09:51:00;733;37;8656;13;U32553Z2;Turnov,Na Lukách;50.62152;15.04843
20260624_100443_L767;20260624_100443;24.06.2026;09:24:00;767;23;8607;40;U6086Z2;Dolní Slivno;50.30329;14.72777
20260624_100843_L120;20260624_100843;24.06.2026;09:55:00;120;3;4185;10;U817Z2P;Na Knížecí;50.06598;14.40325
20260624_100843_L125;20260624_100843;24.06.2026;09:57:00;125;10;6812;11;U453Z12P;Skalka;50.05406;14.53797
20260624_100843_L126;20260624_100843;24.06.2026;09:53:00;126;13;3836;15;U3053Z1P;Koleje Jižní Město;50.02929;14.59407
20260624_100843_L133;20260624_100843;24.06.2026;09:57:00;133;4;3960;11;U767Z1P;Sídliště Malešice;50.08373;14.4819
20260624_100843_L136;20260624_100843;24.06.2026;09:57:00;136;16;5020;11;U29Z1P;Jižní Město;50.07256;14.47047
20260624_100843_L136;20260624_100843;24.06.2026;09:56:00;136;15;5516;12;U697Z3P;Jižní Město;50.04872;14.48084
20260624_100843_L136;20260624_100843;24.06.2026;09:58:00;136;17;5024;10;U516Z3P;Jižní Město;50.0821;14.45943
20260624_100843_L149;20260624_100843;24.06.2026;09:56:00;149;10;3998;12;U396Z1P;Stodůlky-Bavorská;50.05854;14.37118
20260624_100843_L155;20260624_100843;24.06.2026;09:58:00;155;6;9472;10;U4572Z1P;Nemocnice Vinohrady;50.08619;14.4968
20260624_100843_L155;20260624_100843;24.06.2026;09:53:00;155;5;9189;15;U921Z6P;Poliklinika Malešice;50.07837;14.47542
20260624_100843_L166;20260624_100843;24.06.2026;09:58:00;166;3;1943;10;U4129Z1P;Domov seniorů Ďáblice;50.13098;14.46073
20260624_100843_L177;20260624_100843;24.06.2026;09:55:00;177;14;6719;10;U78Z3P;Poliklinika Mazurská;50.12591;14.4591
20260624_100843_L180;20260624_100843;24.06.2026;09:56:00;180;53;6856;13;U178Z2P;Obchodní centrum Zličín;50.05985;14.29393
20260624_100843_L188;20260624_100843;24.06.2026;09:56:00;188;4;5062;11;U198Z1P;Kavčí hory;50.06239;14.49439
20260624_100843_L201;20260624_100843;24.06.2026;09:59:00;201;2;3889;10;U21Z1P;Nádraží Holešovice;50.14282;14.50728
20260624_100843_L201;20260624_100843;24.06.2026;09:55:00;201;9;3877;13;U771Z1P;Černý Most;50.1348;14.50591
20260624_100843_L300;20260624_100843;24.06.2026;09:55:00;300;11;8997;13;U2889Z1;Libušín,náměstí;50.14093;14.0821
20260624_100843_L300;20260624_100843;24.06.2026;09:51:00;300;12;8797;14;U80Z3;Hřebeč;50.11867;14.27921
20260624_100843_L311;20260624_100843;24.06.2026;09:52:00;311;75;9579;14;U1601Z1;Řevnice,nádraží;49.91439;14.23779
20260624_100843_L311;20260624_100843;24.06.2026;09:54:00;311;77;9583;14;U1661Z1;Praha,Zličín;49.96999;14.16577
20260624_100843_L315;20260624_100843;24.06.2026;09:55:00;315;2;8670;11;U3384Z1;Praha,Černý Most;50.34904;14.87043
20260624_100843_L325;20260624_100843;24.06.2026;09:57:00;325;40;1583;10;U3053Z2;Praha,Nádraží Uhříněves;50.03068;14.59691
20260624_100843_L345;20260624_100843;24.06.2026;09:54:00;345;6;8673;13;U3063Z2;Praha,Černý Most;50.40371;14.92821
20260624_100843_L369;20260624_100843;24.06.2026;09:58:00;369;37;8276;10;U2343Z1;Praha,Ládví;50.2366;14.49453
20260624_100843_L389;20260624_100843;24.06.2026;09:58:00;389;17;7755;10;U9227Z2;Chomutov,žel.st.;50.26104;14.01458
20260624_100843_L406;20260624_100843;24.06.2026;09:55:00;406;4;7936;13;U5898Z2;Praha,Roztyly;49.78757;14.69644
20260624_100843_L410;20260624_100843;24.06.2026;09:58:00;410;9;11646;10;U31313Z1;Mimoň,aut.st.;50.565;14.62458
20260624_100843_L471;20260624_100843;24.06.2026;09:58:00;471;6;8090;10;U1789Z1;Mělník,aut.nádr.;50.3272;14.5015
20260624_100843_L588;20260624_100843;24.06.2026;09:53:00;588;18;7681;12;U4836Z1;Milý,Bor;50.24149;14.05084
20260624_100843_L589;20260624_100843;24.06.2026;09:55:00;589;8;7761;12;U4858Z1;Louny,ČSAD;50.3565;13.78144
20260624_100843_L628;20260624_100843;24.06.2026;09:56:00;628;24;8798;11;U2898Z1;Řevničov,žel.st.;50.16818;13.98637
20260624_100843_L655;20260624_100843;24.06.2026;09:55:00;655;46;8128;11;U2350Z2;Brandýs n.L.-St.Bol.,nádr.;50.1552;14.75182
20260624_100843_L733;20260624_100843;24.06.2026;09:55:00;733;37;8656;12;U32555Z1;Turnov,Na Lukách;50.6292;15.06242
20260624_100843_L767;20260624_100843;24.06.2026;09:24:00;767;23;8607;44;U6086Z2;Dolní Slivno;50.30329;14.72777
20260624_101244_L180;20260624_101244;24.06.2026;10:00:00;180;53;6856;12;U1141Z14P;Obchodní centrum Zličín;50.05511;14.29041
20260624_101244_L325;20260624_101244;24.06.2026;09:59:00;325;40;1583;13;U336Z2;Praha,Nádraží Uhříněves;50.03196;14.59834
20260624_101244_L136;20260624_101244;24.06.2026;10:03:00;136;16;5020;10;U183Z3P;Jižní Město;50.0567;14.47127
20260624_101244_L300;20260624_101244;24.06.2026;09:59:00;300;11;8997;13;U1918Z1;Libušín,náměstí;50.14646;14.05467
20260624_101244_L300;20260624_101244;24.06.2026;09:59:00;300;12;8797;13;U4301Z1;Hřebeč;50.14712;14.21194
20260624_101244_L588;20260624_101244;24.06.2026;09:58:00;588;18;7681;13;U4842Z1;Milý,Bor;50.26256;14.02867
20260624_101244_L149;20260624_101244;24.06.2026;10:02:00;149;10;3998;11;U27Z1P;Stodůlky-Bavorská;50.05125;14.36616
20260624_101244_L315;20260624_101244;24.06.2026;10:02:00;315;2;8670;10;U3383Z1;Praha,Černý Most;50.32762;14.8659
20260624_101244_L394;20260624_101244;24.06.2026;10:01:00;394;15;9903;11;U1745Z1;Zdice,nám.;49.96551;14.07215
20260624_101244_L136;20260624_101244;24.06.2026;10:00:00;136;15;5516;12;U181Z1P;Jižní Město;50.03945;14.4906
20260624_101244_L201;20260624_101244;24.06.2026;10:01:00;201;8;3894;11;U51Z2P;Černý Most;50.123;14.56641
20260624_101244_L720;20260624_101244;24.06.2026;09:59:00;720;10;10271;10;U3392Z1;Turnov,Na Lukách;50.44188;14.94214
20260624_101244_L733;20260624_101244;24.06.2026;10:00:00;733;37;8656;11;U32559Z2;Turnov,Na Lukách;50.62333;15.09913
20260624_101244_L655;20260624_101244;24.06.2026;10:01:00;655;46;8128;11;U2213Z2;Brandýs n.L.-St.Bol.,nádr.;50.16275;14.75021
20260624_101244_L767;20260624_101244;24.06.2026;09:24:00;767;23;8607;48;U6086Z2;Dolní Slivno;50.30329;14.72778
20260624_101244_L136;20260624_101244;24.06.2026;10:00:00;136;17;5024;11;U118Z4P;Jižní Město;50.07782;14.45865
20260624_101244_L136;20260624_101244;24.06.2026;10:03:00;136;30;5505;10;U512Z5P;Jižní Město;50.09039;14.4674
20260624_101244_L201;20260624_101244;24.06.2026;10:00:00;201;9;3877;12;U899Z4P;Černý Most;50.14037;14.51713
20260624_101244_L188;20260624_101244;24.06.2026;10:02:00;188;4;5062;10;U576Z1P;Kavčí hory;50.05547;14.48498
20260624_101244_L133;20260624_101244;24.06.2026;10:01:00;133;4;3960;12;U548Z1P;Sídliště Malešice;50.08221;14.50198
20260624_101244_L177;20260624_101244;24.06.2026;10:00:00;177;14;6719;12;U543Z1P;Poliklinika Mazurská;50.12581;14.44348
20260624_101244_L125;20260624_101244;24.06.2026;10:02:00;125;10;6812;10;U1066Z2P;Skalka;50.06318;14.52685
20260624_101244_L188;20260624_101244;24.06.2026;09:59:00;188;10;5117;11;U418Z2P;Želivského;50.07726;14.48429
20260624_101644_L126;20260624_101644;24.06.2026;10:04:00;126;2;3854;11;U3053Z2P;Nádraží Uhříněves;50.03099;14.59765
20260624_101644_L133;20260624_101644;24.06.2026;10:02:00;133;1;3008;14;U745Z1P;Sídliště Malešice;50.08719;14.45164
20260624_101644_L136;20260624_101644;24.06.2026;10:07:00;136;16;5020;10;U322Z3P;Jižní Město;50.04553;14.48475
20260624_101644_L136;20260624_101644;24.06.2026;10:05:00;136;30;5505;11;U2787Z2P;Jižní Město;50.08787;14.45665
20260624_101644_L136;20260624_101644;24.06.2026;10:04:00;136;15;5516;12;U106Z2P;Jižní Město;50.02754;14.50779
20260624_101644_L136;20260624_101644;24.06.2026;10:04:00;136;17;5024;10;U855Z1P;Jižní Město;50.07349;14.46942
20260624_101644_L149;20260624_101644;24.06.2026;10:06:00;149;10;3998;10;U602Z1P;Stodůlky-Bavorská;50.05118;14.35307
20260624_101644_L177;20260624_101644;24.06.2026;10:04:00;177;14;6719;12;U345Z1P;Poliklinika Mazurská;50.13262;14.42838
20260624_101644_L188;20260624_101644;24.06.2026;10:04:00;188;4;5062;12;U1092Z2P;Kavčí hory;50.057;14.47169
20260624_101644_L201;20260624_101644;24.06.2026;10:05:00;201;8;3894;11;U173Z2P;Černý Most;50.10885;14.55665
20260624_101644_L201;20260624_101644;24.06.2026;10:04:00;201;9;3877;12;U2769Z2P;Černý Most;50.13524;14.53638
20260624_101644_L300;20260624_101644;24.06.2026;10:03:00;300;11;8997;13;U4794Z1;Libušín,náměstí;50.1672;14.0536
20260624_101644_L300;20260624_101644;24.06.2026;10:04:00;300;12;8797;12;U4303Z52;Hřebeč;50.15315;14.18826
20260624_101644_L305;20260624_101644;24.06.2026;10:05:00;305;7;8346;10;U32266Z1;Karlovy Vary,terminál;50.20649;12.94665
20260624_101644_L315;20260624_101644;24.06.2026;10:05:00;315;2;8670;10;U3381Z2;Praha,Černý Most;50.29723;14.8505
20260624_101644_L332;20260624_101644;24.06.2026;10:03:00;332;2;9192;10;U2127Z1;Neveklov;49.9144;14.50128
20260624_101644_L347;20260624_101644;24.06.2026;10:05:00;347;17;8836;10;U1142Z2;Praha,Zličín;50.05541;14.28853
20260624_101644_L369;20260624_101644;24.06.2026;10:04:00;369;37;8276;10;U1308Z2;Praha,Ládví;50.19095;14.49403
20260624_101644_L394;20260624_101644;24.06.2026;10:01:00;394;15;9903;14;U1745Z1;Zdice,nám.;49.96191;14.06815
20260624_101644_L395;20260624_101644;24.06.2026;10:06:00;395;45;9855;10;U1977Z2;Praha,Smíchovské nádraží;49.79968;14.19656
20260624_101644_L588;20260624_101644;24.06.2026;10:05:00;588;18;7681;11;U9228Z2;Milý,Bor;50.25831;14.0038
20260624_101644_L632;20260624_101644;24.06.2026;10:05:00;632;73;9598;11;U2280Z1;Hostomice,nám.;49.91584;14.23949
20260624_101644_L655;20260624_101644;24.06.2026;10:03:00;655;46;8128;12;U2211Z2;Brandýs n.L.-St.Bol.,nádr.;50.15722;14.74161
20260624_101644_L720;20260624_101644;24.06.2026;10:02:00;720;68;1413;11;U2987Z11;Praha,Černý Most;50.41735;14.92174
20260624_101644_L733;20260624_101644;24.06.2026;10:06:00;733;37;8656;10;U32562Z1;Turnov,Na Lukách;50.60262;15.10128
20260624_101644_L767;20260624_101644;24.06.2026;09:24:00;767;23;8607;52;U6086Z2;Dolní Slivno;50.30328;14.72778
20260624_102045_L133;20260624_102045;24.06.2026;10:06:00;133;1;3008;14;U512Z8P;Sídliště Malešice;50.09024;14.46708
20260624_102045_L136;20260624_102045;24.06.2026;10:09:00;136;17;5024;10;U680Z3P;Jižní Město;50.06172;14.46949
20260624_102045_L201;20260624_102045;24.06.2026;10:09:00;201;8;3894;11;U650Z1P;Černý Most;50.10737;14.56706
20260624_102045_L175;20260624_102045;24.06.2026;10:10:00;175;1;4036;11;U789Z2P;Florenc;50.08679;14.44594
20260624_102045_L136;20260624_102045;24.06.2026;10:10:00;136;15;5516;10;U286Z5P;Jižní Město;50.03061;14.52879
20260624_102045_L406;20260624_102045;24.06.2026;10:06:00;406;4;7936;13;U2139Z1;Praha,Roztyly;49.80287;14.68008
20260624_102045_L733;20260624_102045;24.06.2026;10:09:00;733;37;8656;11;U32564Z2;Turnov,Na Lukách;50.60039;15.11183
20260624_102045_L311;20260624_102045;24.06.2026;10:06:00;311;77;9583;13;U1658Z2;Praha,Zličín;49.99328;14.20632
20260624_102045_L720;20260624_102045;24.06.2026;10:02:00;720;68;1413;14;U2987Z11;Praha,Černý Most;50.41401;14.9324
20260624_102045_L641;20260624_102045;24.06.2026;10:07:00;641;16;9449;13;U9856Z1;Beroun,autobusové nádraží;49.88069;13.92189
20260624_102045_L588;20260624_102045;24.06.2026;10:08:00;588;18;7681;10;U9230Z2;Milý,Bor;50.25091;13.96671
20260624_102045_L369;20260624_102045;24.06.2026;10:10:00;369;37;8276;10;U1806Z2;Praha,Ládví;50.1763;14.4842
20260624_102045_L332;20260624_102045;24.06.2026;10:09:00;332;2;9192;11;U2107Z1;Neveklov;49.90532;14.49319
20260624_102045_L300;20260624_102045;24.06.2026;10:06:00;300;12;8797;12;U4304Z1;Hřebeč;50.14259;14.17089
20260624_102045_L655;20260624_102045;24.06.2026;10:08:00;655;46;8128;12;U2208Z2;Brandýs n.L.-St.Bol.,nádr.;50.16976;14.71437
20260624_102045_L767;20260624_102045;24.06.2026;09:24:00;767;23;8607;56;U6086Z2;Dolní Slivno;50.30335;14.72833
20260624_102045_L149;20260624_102045;24.06.2026;10:10:00;149;10;3998;10;U1130Z1P;Stodůlky-Bavorská;50.05409;14.33903
20260624_102045_L126;20260624_102045;24.06.2026;10:08:00;126;13;3836;12;U286Z3P;Koleje Jižní Město;50.0303;14.5254
20260624_102045_L136;20260624_102045;24.06.2026;10:08:00;136;30;5505;12;U516Z3P;Jižní Město;50.08213;14.45947
20260624_102045_L201;20260624_102045;24.06.2026;10:09:00;201;9;3877;11;U243Z5P;Černý Most;50.12983;14.55085
20260624_102045_L188;20260624_102045;24.06.2026;10:09:00;188;4;5062;12;U376Z1P;Kavčí hory;50.05526;14.45465
20260624_102045_L177;20260624_102045;24.06.2026;10:07:00;177;14;6719;13;U371Z1P;Poliklinika Mazurská;50.12791;14.41688
20260624_102445_L126;20260624_102445;24.06.2026;10:13:00;126;13;3836;11;U99Z2P;Koleje Jižní Město;50.03669;14.50866
20260624_102445_L133;20260624_102445;24.06.2026;10:09:00;133;1;3008;15;U16Z1P;Sídliště Malešice;50.08749;14.47838
20260624_102445_L133;20260624_102445;24.06.2026;10:15:00;133;6;4073;10;U745Z2P;Florenc;50.0874;14.45342
20260624_102445_L136;20260624_102445;24.06.2026;10:10:00;136;30;5505;13;U118Z4P;Jižní Město;50.07779;14.45869
20260624_102445_L136;20260624_102445;24.06.2026;10:14:00;136;17;5024;10;U751Z2P;Jižní Město;50.0526;14.47512
20260624_102445_L188;20260624_102445;24.06.2026;10:13:00;188;4;5062;12;U201Z1P;Kavčí hory;50.05731;14.44304
20260624_102445_L201;20260624_102445;24.06.2026;10:14:00;201;9;3877;10;U639Z2P;Černý Most;50.12648;14.5749
20260624_102445_L311;20260624_102445;24.06.2026;10:12:00;311;77;9583;12;U1654Z2;Praha,Zličín;50.01527;14.21717
20260624_102445_L315;20260624_102445;24.06.2026;10:10:00;315;2;8670;12;U3379Z2;Praha,Černý Most;50.281;14.83073
20260624_102445_L322;20260624_102445;24.06.2026;10:12:00;322;12;8797;11;U4391Z1;Kladno,autobusové nádraží;50.1427;14.14956
20260624_102445_L369;20260624_102445;24.06.2026;10:13:00;369;37;8276;10;U3242Z2;Praha,Ládví;50.14913;14.48612
20260624_102445_L394;20260624_102445;24.06.2026;10:09:00;394;15;9903;16;U4972Z2;Zdice,nám.;49.94593;14.03403
20260624_102445_L406;20260624_102445;24.06.2026;10:06:00;406;4;7936;14;U2139Z1;Praha,Roztyly;49.83874;14.68279
20260624_102445_L410;20260624_102445;24.06.2026;10:13:00;410;9;11646;10;U31347Z1;Mimoň,aut.st.;50.5918;14.72419
20260624_102445_L412;20260624_102445;24.06.2026;10:10:00;412;41;9902;10;U9359Z2;Praha,Černý Most;50.41117;14.93479
20260624_102445_L588;20260624_102445;24.06.2026;10:13:00;588;18;7681;10;U9241Z2;Milý,Bor;50.23772;13.9354
20260624_102445_L632;20260624_102445;24.06.2026;10:11:00;632;73;9598;12;U9031Z1;Hostomice,nám.;49.89077;14.19189
20260624_102445_L641;20260624_102445;24.06.2026;10:07:00;641;16;9449;16;U9856Z1;Beroun,autobusové nádraží;49.88422;13.95706
20260624_102445_L655;20260624_102445;24.06.2026;10:12:00;655;46;8128;12;U2379Z2;Brandýs n.L.-St.Bol.,nádr.;50.17745;14.6899
20260624_102445_L720;20260624_102445;24.06.2026;10:02:00;720;68;1413;17;U2987Z11;Praha,Černý Most;50.40433;14.92953
20260624_102445_L733;20260624_102445;24.06.2026;10:13:00;733;37;8656;11;U32128Z1;Turnov,Na Lukách;50.58884;15.13448
20260624_102846_L133;20260624_102846;24.06.2026;10:14:00;133;1;3008;14;U418Z1P;Sídliště Malešice;50.08052;14.48896
20260624_102846_L133;20260624_102846;24.06.2026;10:17:00;133;6;4073;12;U789Z2P;Florenc;50.08678;14.44599
20260624_102846_L136;20260624_102846;24.06.2026;10:17:00;136;30;5505;12;U29Z1P;Jižní Město;50.07326;14.47021
20260624_102846_L136;20260624_102846;24.06.2026;10:18:00;136;17;5024;10;U417Z1P;Jižní Město;50.04291;14.48776
20260624_102846_L146;20260624_102846;24.06.2026;10:17:00;146;4;9122;10;U694Z3P;Vinice Hrdlořezy;50.09199;14.51036
20260624_102846_L163;20260624_102846;24.06.2026;10:16:00;163;52;9116;10;U358Z4P;Depo Hostivař;50.07682;14.51673
20260624_102846_L188;20260624_102846;24.06.2026;10:14:00;188;8;5103;13;U418Z2P;Želivského;50.07709;14.4873
20260624_102846_L188;20260624_102846;24.06.2026;10:16:00;188;4;5062;12;U385Z1P;Kavčí hory;50.05187;14.43766
20260624_102846_L201;20260624_102846;24.06.2026;10:17:00;201;2;3889;10;U993Z2P;Nádraží Holešovice;50.11693;14.47109
20260624_102846_L201;20260624_102846;24.06.2026;10:19:00;201;9;3877;10;U342Z2P;Černý Most;50.11251;14.55953
20260624_102846_L311;20260624_102846;24.06.2026;10:16:00;311;77;9583;12;U1651Z2;Praha,Zličín;50.02247;14.22803
20260624_102846_L322;20260624_102846;24.06.2026;10:16:00;322;12;8797;11;U4306Z1;Kladno,autobusové nádraží;50.13452;14.11953
20260624_102846_L381;20260624_102846;24.06.2026;10:18:00;381;3;1678;10;U1885Z1;Čáslav,obchodní centrum;50.00468;14.65735
20260624_102846_L386;20260624_102846;24.06.2026;10:17:00;386;31;8807;11;U1141Z3;Kladno,autobusové nádraží;50.05634;14.28631
20260624_102846_L410;20260624_102846;24.06.2026;10:18:00;410;9;11646;10;U31368Z1;Mimoň,aut.st.;50.62293;14.71135
20260624_102846_L419;20260624_102846;24.06.2026;10:15:00;419;83;9823;12;U1616Z2;Karlík;49.95563;14.32169
20260624_102846_L528;20260624_102846;24.06.2026;10:18:00;528;4;9839;10;U9616Z2;Broumy,radnice;49.83858;13.89566
20260624_102846_L533;20260624_102846;24.06.2026;10:18:00;533;94;7624;10;U31129Z1;Chlumec n.Cidl.,žel.st.;50.16084;15.46087
20260624_102846_L588;20260624_102846;24.06.2026;10:17:00;588;18;7681;11;U9239Z2;Milý,Bor;50.23101;13.9148
20260624_102846_L632;20260624_102846;24.06.2026;10:17:00;632;73;9598;11;U9034Z1;Hostomice,nám.;49.87996;14.15986
20260624_102846_L655;20260624_102846;24.06.2026;10:16:00;655;46;8128;12;U1973Z1;Brandýs n.L.-St.Bol.,nádr.;50.18544;14.6638
20260624_102846_L733;20260624_102846;24.06.2026;10:16:00;733;37;8656;10;U9443Z11;Turnov,Na Lukách;50.5872;15.14726
20260624_103246_L136;20260624_103246;24.06.2026;10:19:00;136;30;5505;13;U680Z3P;Jižní Město;50.06842;14.4695
20260624_103246_L528;20260624_103246;24.06.2026;10:22:00;528;4;9839;11;U9614Z1;Broumy,radnice;49.84958;13.88407
20260624_103246_L136;20260624_103246;24.06.2026;10:22:00;136;18;6960;10;U518Z3P;Jižní Město;50.07572;14.45916
20260624_103246_L136;20260624_103246;24.06.2026;10:22:00;136;17;5024;11;U424Z1P;Jižní Město;50.0335;14.49932
20260624_103246_L149;20260624_103246;24.06.2026;10:22:00;149;5;4088;11;U206Z1P;Stodůlky-Bavorská;50.0691;14.37734
20260624_103246_L381;20260624_103246;24.06.2026;10:21:00;381;3;1678;11;U1878Z1;Čáslav,obchodní centrum;49.99898;14.66832
20260624_103246_L201;20260624_103246;24.06.2026;10:17:00;201;2;3889;14;U993Z2P;Nádraží Holešovice;50.11666;14.4701
20260624_103246_L385;20260624_103246;24.06.2026;10:22:00;385;17;1621;10;U2097Z1;Říčany,Olivovna;49.99523;14.60162
20260624_103246_L398;20260624_103246;24.06.2026;10:21:00;398;11;1688;10;U2921Z2;Praha,Černý Most;50.1265;14.69954
20260624_103246_L400;20260624_103246;24.06.2026;10:22:00;400;58;1084;10;U31356Z1;Rumburk,žel.st.;50.72437;14.54601
20260624_103246_L502;20260624_103246;24.06.2026;10:23:00;502;7;9502;10;U9730Z1;Příbram,Zdaboř,Žežická;49.68591;14.00654
20260624_103246_L633;20260624_103246;24.06.2026;10:23:00;633;53;9761;10;U9015Z2;Tetín,křižovatka;49.95327;14.08887
20260624_103246_L311;20260624_103246;24.06.2026;10:21:00;311;77;9583;11;U1649Z2;Praha,Zličín;50.02773;14.21433
20260624_103246_L315;20260624_103246;24.06.2026;10:21:00;315;2;8670;11;U3261Z51;Praha,Černý Most;50.2505;14.76834
20260624_103246_L325;20260624_103246;24.06.2026;10:21:00;325;40;1583;11;U1385Z1;Čestlice,aquapark;50.01993;14.60523
20260624_103246_L332;20260624_103246;24.06.2026;10:22:00;332;2;9192;11;U1937Z1;Neveklov;49.86627;14.50306
20260624_103246_L375;20260624_103246;24.06.2026;10:22:00;375;1;8252;10;U9549Z1;Brandýs n.L.-St.Bol.,žel.st.;50.14404;14.5794
20260624_103246_L199;20260624_103246;24.06.2026;10:21:00;199;1;4157;10;U418Z2P;Želivského;50.07716;14.48666
20260624_103246_L133;20260624_103246;24.06.2026;10:18:00;133;6;4073;12;U3018Z2P;Florenc;50.09214;14.44477
20260624_103246_L410;20260624_103246;24.06.2026;10:20:00;410;9;11646;10;U31369Z52;Mimoň,aut.st.;50.62643;14.73416
20260624_103246_L311;20260624_103246;24.06.2026;10:23:00;311;75;9579;10;U2377Z1;Praha,Zličín;49.92335;14.22764
20260624_103246_L384;20260624_103246;24.06.2026;10:21:00;384;24;9979;11;U4273Z1;Praha,Zličín;49.97094;14.08408
20260624_103246_L126;20260624_103246;24.06.2026;10:23:00;126;13;3836;10;U989Z1P;Koleje Jižní Město;50.02245;14.49986
20260624_103246_L322;20260624_103246;24.06.2026;10:21:00;322;12;8797;11;U4310Z1;Kladno,autobusové nádraží;50.13696;14.10291
20260624_103246_L419;20260624_103246;24.06.2026;10:20:00;419;83;9823;12;U1623Z1;Karlík;49.94468;14.30246
20260624_103647_L110;20260624_103647;24.06.2026;10:26:00;110;3;1477;10;U1197Z1P;Dolní Počernice;50.10117;14.55434
20260624_103647_L136;20260624_103647;24.06.2026;10:24:00;136;30;5505;13;U751Z2P;Jižní Město;50.05261;14.47512
20260624_103647_L136;20260624_103647;24.06.2026;10:24:00;136;17;5024;12;U106Z2P;Jižní Město;50.02755;14.50778
20260624_103647_L149;20260624_103647;24.06.2026;10:26:00;149;5;4088;11;U396Z1P;Stodůlky-Bavorská;50.05885;14.37209
20260624_103647_L311;20260624_103647;24.06.2026;10:25:00;311;77;9583;11;U1647Z2;Praha,Zličín;50.03417;14.23234
20260624_103647_L315;20260624_103647;24.06.2026;10:21:00;315;2;8670;12;U3261Z51;Praha,Černý Most;50.23239;14.72994
20260624_103647_L322;20260624_103647;24.06.2026;10:23:00;322;12;8797;12;U3094Z1;Kladno,autobusové nádraží;50.14518;14.09548
20260624_103647_L325;20260624_103647;24.06.2026;10:23:00;325;40;1583;10;U159Z4;Čestlice,aquapark;50.00507;14.58929
20260624_103647_L332;20260624_103647;24.06.2026;10:26:00;332;2;9192;10;U1939Z1;Neveklov;49.85996;14.51457
20260624_103647_L381;20260624_103647;24.06.2026;10:21:00;381;3;1678;14;U1878Z1;Čáslav,obchodní centrum;49.99716;14.67443
20260624_103647_L385;20260624_103647;24.06.2026;10:26:00;385;17;1621;10;U1861Z1;Říčany,Olivovna;49.98778;14.62136
20260624_103647_L386;20260624_103647;24.06.2026;10:25:00;386;31;8807;11;U1386Z1;Kladno,autobusové nádraží;50.07936;14.26659
20260624_103647_L398;20260624_103647;24.06.2026;10:25:00;398;11;1688;10;U2451Z2;Praha,Černý Most;50.12241;14.6719
20260624_103647_L410;20260624_103647;24.06.2026;10:25:00;410;9;11646;11;U31491Z11;Mimoň,aut.st.;50.63509;14.74882
20260624_103647_L419;20260624_103647;24.06.2026;10:26:00;419;83;9823;10;U1625Z1;Karlík;49.93041;14.27487
20260624_103647_L467;20260624_103647;24.06.2026;10:22:00;467;4;8111;10;U1793Z4;Mladá Boleslav,aut.st.;50.34344;14.50027
20260624_103647_L502;20260624_103647;24.06.2026;10:26:00;502;7;9502;10;U9734Z5;Příbram,Zdaboř,Žežická;49.68009;14.00022
20260624_103647_L528;20260624_103647;24.06.2026;10:25:00;528;4;9839;11;U9612Z1;Broumy,radnice;49.86696;13.89669
20260624_103647_L632;20260624_103647;24.06.2026;10:25:00;632;73;9598;10;U4283Z4;Hostomice,nám.;49.88045;14.12307
20260624_104048_L410;20260624_104048;24.06.2026;10:29:00;410;9;11646;11;U31371Z1;Mimoň,aut.st.;50.65619;14.72556
20260624_104048_L385;20260624_104048;24.06.2026;10:30:00;385;17;1621;10;U1956Z1;Říčany,Olivovna;49.98958;14.64801
20260624_104048_L136;20260624_104048;24.06.2026;10:28:00;136;17;5024;12;U353Z1P;Jižní Město;50.02622;14.5215
20260624_104048_L311;20260624_104048;24.06.2026;10:29:00;311;77;9583;11;U1644Z2;Praha,Zličín;50.0426;14.25502
20260624_104048_L149;20260624_104048;24.06.2026;10:30:00;149;5;4088;11;U685Z3P;Stodůlky-Bavorská;50.05494;14.37187
20260624_104048_L720;20260624_104048;24.06.2026;10:30:00;720;10;10271;10;U31091Z1;Turnov,Na Lukách;50.58651;15.15502
20260624_104048_L731;20260624_104048;24.06.2026;10:30:00;731;5;9510;10;U6251Z1;Bělá p.Bezd.,Bezdědice;50.48249;14.70168
20260624_104048_L528;20260624_104048;24.06.2026;10:28:00;528;4;9839;11;U1230Z4;Broumy,radnice;49.87962;13.88767
20260624_104048_L332;20260624_104048;24.06.2026;10:28:00;332;2;9192;10;U1940Z1;Neveklov;49.86243;14.53051
20260624_104048_L311;20260624_104048;24.06.2026;10:27:00;311;75;9579;10;U1665Z2;Praha,Zličín;49.94868;14.21939
20260624_104048_L110;20260624_104048;24.06.2026;10:29:00;110;3;1477;10;U207Z3P;Dolní Počernice;50.08887;14.55033
20260624_104048_L386;20260624_104048;24.06.2026;10:30:00;386;31;8807;10;U1145Z3;Kladno,autobusové nádraží;50.0828;14.24042
20260624_104048_L136;20260624_104048;24.06.2026;10:28:00;136;30;5505;13;U417Z1P;Jižní Město;50.04355;14.48726
20260624_104048_L305;20260624_104048;24.06.2026;10:29:00;305;2;8375;11;U32268Z2;Praha,Zličín;50.23501;12.87646
20260624_104048_L133;20260624_104048;24.06.2026;10:25:00;133;51;3888;15;U16Z1P;Sídliště Malešice;50.08701;14.47033
20260624_104048_L126;20260624_104048;24.06.2026;10:25:00;126;1;3865;16;U43Z1P;Koleje Jižní Město;50.03571;14.51783
20260624_104449_L101;20260624_104449;24.06.2026;10:31:00;101;2;2327;12;U2789Z2P;Viktoria Žižkov;50.0836;14.44322
20260624_104449_L126;20260624_104449;24.06.2026;10:34:00;126;4;3857;11;U336Z2P;Nádraží Uhříněves;50.03223;14.59791
20260624_104449_L136;20260624_104449;24.06.2026;10:33:00;136;30;5505;12;U344Z1P;Jižní Město;50.03177;14.50446
20260624_104449_L149;20260624_104449;24.06.2026;10:33:00;149;5;4088;11;U238Z1P;Stodůlky-Bavorská;50.05258;14.35973
20260624_104449_L177;20260624_104449;24.06.2026;10:34:00;177;31;6724;11;U1116Z3P;Volha;50.03065;14.48757
20260624_104449_L199;20260624_104449;24.06.2026;10:33:00;199;1;4157;10;U921Z6P;Sídliště Malešice;50.07693;14.48873
20260624_104449_L228;20260624_104449;24.06.2026;10:35:00;228;12;9402;10;U9691Z2P;Poliklinika Malešice;50.04413;14.58613
20260624_104449_L300;20260624_104449;24.06.2026;10:35:00;300;11;8997;10;U4308Z2;Praha,Nádraží Veleslavín;50.13269;14.11366
20260624_104449_L305;20260624_104449;24.06.2026;10:31:00;305;2;8375;13;U32165Z2;Praha,Zličín;50.23883;12.88909
20260624_104449_L311;20260624_104449;24.06.2026;10:33:00;311;75;9579;10;U4256Z2;Praha,Zličín;49.95312;14.20837
20260624_104449_L311;20260624_104449;24.06.2026;10:32:00;311;77;9583;12;U1643Z2;Praha,Zličín;50.05262;14.27532
20260624_104449_L336;20260624_104449;24.06.2026;10:33:00;336;19;1444;10;U1142Z2;Praha,Zličín;50.0552;14.28876
20260624_104449_L385;20260624_104449;24.06.2026;10:35:00;385;17;1621;10;U1883Z1;Říčany,Olivovna;49.99497;14.65993
20260624_104449_L386;20260624_104449;24.06.2026;10:33:00;386;31;8807;10;U1215Z2;Kladno,autobusové nádraží;50.08834;14.20578
20260624_104449_L394;20260624_104449;24.06.2026;10:35:00;394;15;9903;10;U9006Z1;Praha,Nové Butovice;49.93452;14.01085
20260624_104449_L400;20260624_104449;24.06.2026;10:30:00;400;57;1087;14;U6073Z1;Nový Bor,aut.nádr.;50.48053;14.48459
20260624_104449_L467;20260624_104449;24.06.2026;10:34:00;467;4;8111;11;U9164Z1;Mladá Boleslav,aut.st.;50.32405;14.55069
20260624_104449_L528;20260624_104449;24.06.2026;10:31:00;528;4;9839;11;U9821Z2;Broumy,radnice;49.89123;13.87294
20260624_104449_L620;20260624_104449;24.06.2026;10:32:00;620;12;8431;11;U3094Z2;Kladno,autobusové nádraží;50.14657;14.10645
20260624_104449_L641;20260624_104449;24.06.2026;10:31:00;641;16;9449;13;U9006Z1;Beroun,autobusové nádraží;49.93501;14.01173
20260624_104449_L731;20260624_104449;24.06.2026;10:30:00;731;5;9510;14;U6251Z1;Bělá p.Bezd.,Bezdědice;50.48249;14.70168
20260624_104850_L101;20260624_104850;24.06.2026;10:37:00;101;2;2327;11;U172Z6P;Skalka;50.08481;14.44348
20260624_104850_L136;20260624_104850;24.06.2026;10:34:00;136;30;5505;13;U106Z2P;Jižní Město;50.02422;14.51133
20260624_104850_L149;20260624_104850;24.06.2026;10:37:00;149;5;4088;11;U602Z4P;Stodůlky-Bavorská;50.05151;14.35132
20260624_104850_L177;20260624_104850;24.06.2026;10:34:00;177;31;6724;15;U1116Z3P;Volha;50.03065;14.48757
20260624_104850_L199;20260624_104850;24.06.2026;10:36:00;199;1;4157;12;U161Z1P;Sídliště Malešice;50.08144;14.49702
20260624_104850_L201;20260624_104850;24.06.2026;10:39:00;201;4;3897;10;U89Z1P;Černý Most;50.12984;14.50923
20260624_104850_L300;20260624_104850;24.06.2026;10:37:00;300;11;8997;10;U4306Z2;Praha,Nádraží Veleslavín;50.13859;14.13949
20260624_104850_L311;20260624_104850;24.06.2026;10:36:00;311;75;9579;10;U1663Z2;Praha,Zličín;49.9696;14.21822
20260624_104850_L324;20260624_104850;24.06.2026;10:38:00;324;27;8996;10;U4316Z1;Slaný,Rabasova;50.12961;14.13271
20260624_104850_L332;20260624_104850;24.06.2026;10:38:00;332;2;9192;10;U3305Z2;Neveklov;49.84526;14.52344
20260624_104850_L375;20260624_104850;24.06.2026;10:38:00;375;1;8252;10;U1827Z1;Brandýs n.L.-St.Bol.,žel.st.;50.187;14.66276
20260624_104850_L385;20260624_104850;24.06.2026;10:34:00;385;4;1729;14;U106Z1;Nupaky,hotel;50.02389;14.50839
20260624_104850_L394;20260624_104850;24.06.2026;10:38:00;394;15;9903;10;U4976Z2;Praha,Nové Butovice;49.94283;14.02838
20260624_104850_L400;20260624_104850;24.06.2026;10:34:00;400;57;1087;13;U6078Z1;Nový Bor,aut.nádr.;50.50578;14.48876
20260624_104850_L400;20260624_104850;24.06.2026;10:34:00;400;5;11656;10;U1793Z1;Praha,Střížkov;50.34824;14.49038
20260624_104850_L442;20260624_104850;24.06.2026;10:38:00;442;6;1842;10;U2431Z1;Mladá Boleslav,aut.st.;50.20147;14.84174
20260624_104850_L467;20260624_104850;24.06.2026;10:38:00;467;4;8111;10;U9165Z1;Mladá Boleslav,aut.st.;50.31258;14.5926
20260624_104850_L528;20260624_104850;24.06.2026;10:38:00;528;4;9839;10;U9817Z1;Broumy,radnice;49.89783;13.88955
20260624_104850_L641;20260624_104850;24.06.2026;10:36:00;641;16;9449;13;U4972Z1;Beroun,autobusové nádraží;49.94674;14.03557
20260624_104850_L731;20260624_104850;24.06.2026;10:30:00;731;5;9510;18;U6251Z1;Bělá p.Bezd.,Bezdědice;50.48311;14.69715
20260624_105252_L101;20260624_105252;24.06.2026;10:37:00;101;2;2327;14;U172Z6P;Skalka;50.08473;14.44065
20260624_105252_L136;20260624_105252;24.06.2026;10:40:00;136;30;5505;13;U286Z5P;Jižní Město;50.03059;14.52877
20260624_105252_L136;20260624_105252;24.06.2026;10:43:00;136;1;5100;10;U512Z5P;Jižní Město;50.09009;14.46647
20260624_105252_L149;20260624_105252;24.06.2026;10:43:00;149;5;4088;10;U1210Z1P;Stodůlky-Bavorská;50.0549;14.3246
20260624_105252_L177;20260624_105252;24.06.2026;10:34:00;177;31;6724;17;U1116Z3P;Volha;50.03065;14.48758
20260624_105252_L201;20260624_105252;24.06.2026;10:42:00;201;4;3897;10;U125Z1P;Černý Most;50.1395;14.50494
20260624_105252_L228;20260624_105252;24.06.2026;10:41:00;228;12;9402;10;U107Z1P;Poliklinika Malešice;50.0693;14.5771
20260624_105252_L305;20260624_105252;24.06.2026;10:40:00;305;2;8375;13;U32266Z2;Praha,Zličín;50.20804;12.95436
20260624_105252_L332;20260624_105252;24.06.2026;10:40:00;332;2;9192;11;U4505Z2;Neveklov;49.83183;14.5288
20260624_105252_L375;20260624_105252;24.06.2026;10:42:00;375;1;8252;11;U3257Z2;Brandýs n.L.-St.Bol.,žel.st.;50.19719;14.67814
20260624_105252_L385;20260624_105252;24.06.2026;10:34:00;385;4;1729;16;U106Z1;Nupaky,hotel;50.01691;14.52276
20260624_105252_L385;20260624_105252;24.06.2026;10:42:00;385;17;1621;10;U1886Z1;Říčany,Olivovna;49.99244;14.69015
20260624_105252_L386;20260624_105252;24.06.2026;10:40:00;386;31;8807;10;U1686Z4;Kladno,autobusové nádraží;50.08593;14.12777
20260624_105252_L394;20260624_105252;24.06.2026;10:42:00;394;15;9903;10;U1748Z2;Praha,Nové Butovice;49.95095;14.04415
20260624_105252_L395;20260624_105252;24.06.2026;10:40:00;395;42;9905;11;U1851Z4;Praha,Smíchovské nádraží;49.78621;14.17212
20260624_105252_L400;20260624_105252;24.06.2026;10:39:00;400;57;1087;12;U31048Z1;Nový Bor,aut.nádr.;50.52161;14.51361
20260624_105252_L400;20260624_105252;24.06.2026;10:40:00;400;6;11628;12;U332Z2;Varnsdorf,aut.nádr.;50.12646;14.48866
20260624_105252_L410;20260624_105252;24.06.2026;10:43:00;410;4;11698;10;U1794Z2;Praha,Střížkov;50.35316;14.48257
20260624_105252_L457;20260624_105252;24.06.2026;10:39:00;457;44;7532;13;U6444Z1;Tábor,aut.nádr.;49.53679;14.67071
20260624_105252_L502;20260624_105252;24.06.2026;10:42:00;502;7;9502;10;U9731Z2;Příbram,Svatá Hora;49.68299;14.00656
20260624_105252_L632;20260624_105252;24.06.2026;10:39:00;632;73;9598;13;U9042Z3;Hostomice,nám.;49.84253;14.08247
20260624_105252_L641;20260624_105252;24.06.2026;10:38:00;641;16;9449;14;U4965Z2;Beroun,autobusové nádraží;49.95289;14.04904
20260624_105252_L695;20260624_105252;24.06.2026;10:41:00;695;39;8015;10;U6098Z1;Mšeno;50.4573;14.61891
20260624_105653_L632;20260624_105653;24.06.2026;10:45:00;632;73;9598;11;U6504Z1;Hostomice,nám.;49.82042;14.08596
20260624_105653_L394;20260624_105653;24.06.2026;10:45:00;394;15;9903;11;U1747Z2;Praha,Nové Butovice;49.95572;14.05463
20260624_105653_L136;20260624_105653;24.06.2026;10:46:00;136;1;5100;10;U743Z2P;Jižní Město;50.08608;14.4556
20260624_105653_L389;20260624_105653;24.06.2026;10:46:00;389;13;7751;10;U4787Z1;Hořešovice;50.23373;14.07907
20260624_105653_L502;20260624_105653;24.06.2026;10:46:00;502;7;9502;10;U3287Z13;Příbram,Svatá Hora;49.69206;14.00342
20260624_105653_L357;20260624_105653;24.06.2026;10:45:00;357;3;1722;11;U106Z1;Čestlice;50.02889;14.50749
20260624_105653_L375;20260624_105653;24.06.2026;10:46:00;375;1;8252;10;U1831Z1;Brandýs n.L.-St.Bol.,žel.st.;50.20808;14.69453
20260624_105653_L300;20260624_105653;24.06.2026;10:45:00;300;11;8997;11;U4304Z1;Praha,Nádraží Veleslavín;50.15145;14.18121
20260624_105653_L228;20260624_105653;24.06.2026;10:46:00;228;12;9402;10;U820Z2P;Poliklinika Malešice;50.07298;14.55631
20260624_105653_L400;20260624_105653;24.06.2026;10:40:00;400;6;11628;13;U332Z2;Varnsdorf,aut.nádr.;50.15167;14.49142
20260624_105653_L456;20260624_105653;24.06.2026;10:45:00;456;45;7077;11;U31254Z3;Šebířov;49.53611;14.81145
20260624_105653_L528;20260624_105653;24.06.2026;10:45:00;528;4;9839;11;U9820Z2;Broumy,radnice;49.93464;13.8725
20260624_105653_L324;20260624_105653;24.06.2026;10:46:00;324;27;8996;10;U4310Z1;Slaný,Rabasova;50.13735;14.10233
20260624_105653_L305;20260624_105653;24.06.2026;10:42:00;305;2;8375;14;U32163Z2;Praha,Zličín;50.19802;12.96535
20260624_105653_L311;20260624_105653;24.06.2026;10:45:00;311;75;9579;11;U1659Z2;Praha,Zličín;49.98454;14.19496
20260624_105653_L332;20260624_105653;24.06.2026;10:45:00;332;2;9192;11;U2510Z4;Neveklov;49.8169;14.51808
20260624_105653_L201;20260624_105653;24.06.2026;10:46:00;201;4;3897;11;U326Z2P;Černý Most;50.13832;14.51709
20260624_105653_L457;20260624_105653;24.06.2026;10:39:00;457;44;7532;17;U6444Z1;Tábor,aut.nádr.;49.5368;14.67072
20260624_105653_L395;20260624_105653;24.06.2026;10:43:00;395;42;9905;13;U2860Z2;Praha,Smíchovské nádraží;49.79282;14.18118
20260624_110054_L136;20260624_110054;24.06.2026;10:50:00;136;1;5100;10;U118Z4P;Jižní Město;50.07874;14.46063
20260624_110054_L712;20260624_110054;24.06.2026;10:47:00;712;4;9606;12;U2986Z2;Bělá p.Bezd.,Atmos;50.41128;14.88145
20260624_110054_L669;20260624_110054;24.06.2026;10:50:00;669;27;8134;10;U1829Z2;Mečeříž;50.19895;14.6816
20260624_110054_L502;20260624_110054;24.06.2026;10:49:00;502;7;9502;10;U9712Z4;Příbram,Svatá Hora;49.68969;14.02037
20260624_110054_L332;20260624_110054;24.06.2026;10:48:00;332;2;9192;12;U4504Z2;Neveklov;49.80126;14.48985
20260624_110054_L357;20260624_110054;24.06.2026;10:45:00;357;3;1722;15;U106Z1;Čestlice;50.0247;14.50862
20260624_110054_L380;20260624_110054;24.06.2026;10:48:00;380;7;9972;10;U4273Z1;Praha,Vypich;49.97477;14.09996
20260624_110054_L385;20260624_110054;24.06.2026;10:46:00;385;4;1729;14;U1373Z1;Nupaky,hotel;50.00435;14.57511
20260624_110054_L305;20260624_110054;24.06.2026;10:48:00;305;2;8375;12;U32263Z2;Praha,Zličín;50.17491;13.00936
20260624_110054_L311;20260624_110054;24.06.2026;10:45:00;311;75;9579;13;U1659Z2;Praha,Zličín;49.9915;14.20535
20260624_110054_L300;20260624_110054;24.06.2026;10:50:00;300;11;8997;10;U4301Z2;Praha,Nádraží Veleslavín;50.14813;14.22156
20260624_110054_L528;20260624_110054;24.06.2026;10:50:00;528;4;9839;10;U9085Z1;Broumy,radnice;49.9457;13.87135
20260624_110054_L580;20260624_110054;24.06.2026;10:50:00;580;19;7693;10;U6149Z2;Slaný,aut.nádr.;50.14603;13.74712
20260624_110054_L228;20260624_110054;24.06.2026;10:50:00;228;12;9402;11;U1014Z2P;Poliklinika Malešice;50.07211;14.54256
20260624_110054_L201;20260624_110054;24.06.2026;10:50:00;201;4;3897;10;U323Z3P;Černý Most;50.13499;14.54356
20260624_110054_L177;20260624_110054;24.06.2026;10:49:00;177;4;6875;12;U665Z2P;Poliklinika Mazurská;50.12308;14.49325
20260624_110054_L400;20260624_110054;24.06.2026;10:48:00;400;57;1087;11;U31046Z4;Nový Bor,aut.nádr.;50.54059;14.54148
20260624_110054_L632;20260624_110054;24.06.2026;10:49:00;632;73;9598;10;U9814Z1;Hostomice,nám.;49.8242;14.05318
20260624_110054_L394;20260624_110054;24.06.2026;10:47:00;394;15;9903;12;U1746Z2;Praha,Nové Butovice;49.96287;14.07006
20260624_110054_L101;20260624_110054;24.06.2026;10:46:00;101;2;2327;15;U518Z3P;Skalka;50.07658;14.4588
20260624_110054_L641;20260624_110054;24.06.2026;10:45:00;641;16;9449;15;U4336Z1;Beroun,autobusové nádraží;49.96191;14.06812
20260624_110054_L395;20260624_110054;24.06.2026;10:46:00;395;42;9905;12;U1977Z2;Praha,Smíchovské nádraží;49.81593;14.22045
20260624_110054_L389;20260624_110054;24.06.2026;10:50:00;389;17;7755;10;U32413Z1;Chomutov,žel.st.;50.3627;13.68197
20260624_110054_L339;20260624_110054;24.06.2026;10:50:00;339;18;9932;11;U1538Z1;Kamenice,kult.dům;49.91043;14.58405
20260624_110054_L324;20260624_110054;24.06.2026;10:48:00;324;27;8996;13;U3094Z1;Slaný,Rabasova;50.14222;14.0979
20260624_110054_L457;20260624_110054;24.06.2026;10:39:00;457;44;7532;21;U6444Z1;Tábor,aut.nádr.;49.53186;14.67515
20260624_110455_L136;20260624_110455;24.06.2026;10:54:00;136;1;5100;10;U855Z1P;Jižní Město;50.07447;14.46392
20260624_110455_L136;20260624_110455;24.06.2026;10:53:00;136;2;6916;12;U512Z5P;Jižní Město;50.09008;14.46649
20260624_110455_L149;20260624_110455;24.06.2026;10:55:00;149;10;3998;10;U182Z2P;Dejvická;50.08756;14.38083
20260624_110455_L177;20260624_110455;24.06.2026;10:53:00;177;4;6875;12;U740Z3P;Poliklinika Mazurská;50.12772;14.4759
20260624_110455_L199;20260624_110455;24.06.2026;10:51:00;199;1;4157;12;U418Z2P;Želivského;50.07717;14.48917
20260624_110455_L201;20260624_110455;24.06.2026;10:54:00;201;4;3897;11;U243Z5P;Černý Most;50.12987;14.55087
20260624_110455_L228;20260624_110455;24.06.2026;10:53:00;228;12;9402;11;U741Z2P;Poliklinika Malešice;50.07094;14.5402
20260624_110455_L305;20260624_110455;24.06.2026;10:49:00;305;2;8375;12;U32262Z2;Praha,Zličín;50.15562;13.03933
20260624_110455_L311;20260624_110455;24.06.2026;10:51:00;311;75;9579;13;U1656Z2;Praha,Zličín;50.00501;14.21378
20260624_110455_L324;20260624_110455;24.06.2026;10:50:00;324;27;8996;14;U4313Z3;Slaný,Rabasova;50.14431;14.092
20260624_110455_L332;20260624_110455;24.06.2026;10:53:00;332;2;9192;11;U4466Z2;Neveklov;49.79011;14.51075
20260624_110455_L357;20260624_110455;24.06.2026;10:49:00;357;3;1722;15;U731Z1;Čestlice;50.0121;14.51394
20260624_110455_L380;20260624_110455;24.06.2026;10:55:00;380;7;9972;10;U2372Z2;Praha,Vypich;49.98537;14.13129
20260624_110455_L394;20260624_110455;24.06.2026;10:49:00;394;15;9903;14;U1745Z2;Praha,Nové Butovice;49.96837;14.0785
20260624_110455_L400;20260624_110455;24.06.2026;10:48:00;400;57;1087;14;U31046Z4;Nový Bor,aut.nádr.;50.56539;14.54175
20260624_110455_L443;20260624_110455;24.06.2026;10:54:00;443;22;8594;11;U1440Z1;Nymburk,hl.nádr.;50.14998;14.96438
20260624_110455_L456;20260624_110455;24.06.2026;10:53:00;456;45;7077;10;U31260Z4;Mladá Vožice,aut.st.;49.55363;14.81835
20260624_110455_L474;20260624_110455;24.06.2026;10:55:00;474;44;8114;10;U3338Z2;Mělník,Na Brabčově;50.35814;14.47117
20260624_110455_L478;20260624_110455;24.06.2026;10:52:00;478;16;8072;12;U2457Z2;Brandýs n.L.-St.Bol.,žel.st.;50.17681;14.67198
20260624_110455_L528;20260624_110455;24.06.2026;10:53:00;528;4;9839;10;U9079Z1;Broumy,radnice;49.95231;13.85457
20260624_110455_L580;20260624_110455;24.06.2026;10:51:00;580;19;7693;12;U3390Z2;Slaný,aut.nádr.;50.15877;13.74439
20260624_110455_L669;20260624_110455;24.06.2026;10:53:00;669;27;8134;11;U2363Z1;Mečeříž;50.21454;14.65882
20260624_110455_L712;20260624_110455;24.06.2026;10:51:00;712;4;9606;11;U6472Z1;Bělá p.Bezd.,Atmos;50.43391;14.85196
20260624_110856_L136;20260624_110856;24.06.2026;10:59:00;136;1;5100;10;U680Z3P;Jižní Město;50.06886;14.46902
20260624_110856_L136;20260624_110856;24.06.2026;10:56:00;136;2;6916;12;U743Z2P;Jižní Město;50.08607;14.45549
20260624_110856_L149;20260624_110856;24.06.2026;10:57:00;149;10;3998;11;U867Z1P;Dejvická;50.094;14.39015
20260624_110856_L177;20260624_110856;24.06.2026;10:58:00;177;4;6875;11;U675Z3P;Poliklinika Mazurská;50.12471;14.45519
20260624_110856_L199;20260624_110856;24.06.2026;10:51:00;199;1;4157;16;U418Z2P;Želivského;50.07714;14.48651
20260624_110856_L201;20260624_110856;24.06.2026;10:56:00;201;4;3897;13;U1276Z2P;Černý Most;50.12615;14.56556
20260624_110856_L228;20260624_110856;24.06.2026;10:56:00;228;12;9402;11;U358Z4P;Poliklinika Malešice;50.07759;14.51915
20260624_110856_L305;20260624_110856;24.06.2026;10:55:00;305;2;8375;13;U32168Z2;Praha,Zličín;50.14883;13.05197
20260624_110856_L311;20260624_110856;24.06.2026;10:57:00;311;75;9579;11;U1652Z2;Praha,Zličín;50.0164;14.23167
20260624_110856_L400;20260624_110856;24.06.2026;10:56:00;400;57;1087;12;U31350Z1;Nový Bor,aut.nádr.;50.60612;14.57191
20260624_110856_L444;20260624_110856;24.06.2026;10:57:00;444;5;9136;10;U1565Z1;Davle,obec;49.89642;14.56765
20260624_110856_L474;20260624_110856;24.06.2026;10:57:00;474;44;8114;12;U4257Z1;Mělník,Na Brabčově;50.3512;14.47684
20260624_110856_L478;20260624_110856;24.06.2026;10:55:00;478;16;8072;12;U1973Z1;Brandýs n.L.-St.Bol.,žel.st.;50.18789;14.66539
20260624_110856_L580;20260624_110856;24.06.2026;10:55:00;580;19;7693;11;U3143Z2;Slaný,aut.nádr.;50.17479;13.76197
20260624_110856_L712;20260624_110856;24.06.2026;10:56:00;712;4;9606;12;U4071Z1;Bělá p.Bezd.,Atmos;50.44635;14.83941
20260624_111257_L201;20260624_111257;24.06.2026;11:00:00;201;4;3897;13;U762Z4P;Černý Most;50.12582;14.57081
20260624_111257_L309;20260624_111257;24.06.2026;11:01:00;309;76;9596;11;U1643Z2;Praha,Zličín;50.05311;14.27691
20260624_111257_L136;20260624_111257;24.06.2026;11:03:00;136;1;5100;10;U183Z3P;Jižní Město;50.05669;14.47125
20260624_111257_L136;20260624_111257;24.06.2026;11:03:00;136;3;6831;10;U512Z5P;Jižní Město;50.09011;14.46649
20260624_111257_L821;20260624_111257;24.06.2026;11:00:00;821;69;1606;12;U1984Z3;Sázava,aut.st.;49.96635;14.9642
20260624_111257_L228;20260624_111257;24.06.2026;10:58:00;228;12;9402;13;U1071Z2P;Poliklinika Malešice;50.07734;14.51869
20260624_111257_L304;20260624_111257;24.06.2026;11:02:00;304;73;8336;10;U33Z4;Praha,Vypich;50.06178;14.30945
20260624_111257_L580;20260624_111257;24.06.2026;10:58:00;580;19;7693;12;U2123Z2;Slaný,aut.nádr.;50.18147;13.79779
20260624_111257_L821;20260624_111257;24.06.2026;11:00:00;821;51;1586;12;U1984Z4;Kolín,nádraží;49.96617;14.96424
20260624_111257_L177;20260624_111257;24.06.2026;11:01:00;177;4;6875;12;U544Z1P;Poliklinika Mazurská;50.1275;14.43511
20260624_111257_L457;20260624_111257;24.06.2026;10:58:00;457;44;7532;14;U32532Z1;Tábor,aut.nádr.;49.47394;14.69781
20260624_111257_L300;20260624_111257;24.06.2026;11:01:00;300;11;8997;12;U85Z1;Praha,Nádraží Veleslavín;50.09262;14.32359
20260624_111257_L402;20260624_111257;24.06.2026;11:00:00;402;4;7673;10;U7318Z1;Čáslav,aut.st.;49.83599;14.84182
20260624_111257_L545;20260624_111257;24.06.2026;11:02:00;545;27;9440;11;U9861Z1;Hořovice,nám.B.Němcové;49.77531;13.84149
20260624_111257_L311;20260624_111257;24.06.2026;10:58:00;311;75;9579;13;U1651Z2;Praha,Zličín;50.02492;14.22923
20260624_111257_L305;20260624_111257;24.06.2026;11:00:00;305;2;8375;12;U32160Z2;Praha,Zličín;50.13466;13.12008
20260624_111257_L315;20260624_111257;24.06.2026;11:02:00;315;4;1865;10;U3383Z1;Praha,Černý Most;50.32462;14.86522
20260624_111257_L357;20260624_111257;24.06.2026;10:58:00;357;3;1722;13;U1370Z1;Čestlice;50.00141;14.55746
20260624_111257_L380;20260624_111257;24.06.2026;11:01:00;380;7;9972;10;U2369Z2;Praha,Vypich;50.00781;14.18717
20260624_111257_L415;20260624_111257;24.06.2026;11:01:00;415;68;8407;11;U32313Z1;Praha,Zličín;50.3338;13.37336
20260624_111257_L415;20260624_111257;24.06.2026;11:00:00;415;3;12431;10;U1141Z6;Kadaň,aut.nádr.;50.07691;14.28835
20260624_111257_L136;20260624_111257;24.06.2026;10:58:00;136;2;6916;13;U516Z3P;Jižní Město;50.07901;14.46052
20260624_111257_L712;20260624_111257;24.06.2026;10:59:00;712;4;9606;11;U9357Z1;Bělá p.Bezd.,Atmos;50.45317;14.79223
20260624_111257_L467;20260624_111257;24.06.2026;11:02:00;467;4;8111;10;U9295Z1;Mladá Boleslav,aut.st.;50.36773;14.80011
20260624_111257_L149;20260624_111257;24.06.2026;11:00:00;149;10;3998;12;U321Z4P;Dejvická;50.10004;14.39555
20260624_111257_L478;20260624_111257;24.06.2026;11:01:00;478;16;8072;12;U1830Z1;Brandýs n.L.-St.Bol.,žel.st.;50.20162;14.68578
20260624_111257_L669;20260624_111257;24.06.2026;11:02:00;669;27;8134;11;U1465Z1;Mečeříž;50.25176;14.64396
20260624_111257_L444;20260624_111257;24.06.2026;11:02:00;444;5;9136;10;U1568Z1;Davle,obec;49.89181;14.54911
20260624_111257_L474;20260624_111257;24.06.2026;11:00:00;474;44;8114;11;U1792Z1;Mělník,Na Brabčově;50.34329;14.49336
20260624_111659_L315;20260624_111659;24.06.2026;11:05:00;315;4;1865;10;U3381Z2;Praha,Černý Most;50.2943;14.84751
20260624_111659_L380;20260624_111659;24.06.2026;11:06:00;380;7;9972;10;U2322Z2;Praha,Vypich;50.0177;14.20047
20260624_111659_L136;20260624_111659;24.06.2026;11:02:00;136;2;6916;15;U518Z3P;Jižní Město;50.07659;14.45875
20260624_111659_L639;20260624_111659;24.06.2026;11:04:00;639;8;9586;11;U9781Z1;Dobříš,nám.;49.84778;13.93103
20260624_111659_L669;20260624_111659;24.06.2026;11:04:00;669;27;8134;11;U1464Z1;Mečeříž;50.27001;14.64897
20260624_111659_L177;20260624_111659;24.06.2026;11:05:00;177;4;6875;11;U511Z1P;Poliklinika Mazurská;50.13094;14.42449
20260624_111659_L457;20260624_111659;24.06.2026;11:03:00;457;44;7532;14;U32537Z1;Tábor,aut.nádr.;49.47147;14.67739
20260624_111659_L531;20260624_111659;24.06.2026;11:06:00;531;6;9574;10;U9784Z2;Příbram,aut.nádr. (ul. Čs.armády);49.83501;13.90852
20260624_111659_L545;20260624_111659;24.06.2026;11:03:00;545;27;9440;11;U9869Z1;Hořovice,nám.B.Němcové;49.7967;13.84754
20260624_111659_L580;20260624_111659;24.06.2026;11:03:00;580;19;7693;13;U9330Z1;Slaný,aut.nádr.;50.17463;13.82794
20260624_111659_L628;20260624_111659;24.06.2026;11:06:00;628;25;8741;11;U2898Z1;Kladno,autobusové nádraží;50.16343;13.98776
20260624_111659_L821;20260624_111659;24.06.2026;11:00:00;821;51;1586;15;U1984Z4;Kolín,nádraží;49.96638;14.97972
20260624_111659_L400;20260624_111659;24.06.2026;11:04:00;400;57;1087;13;U31353Z1;Nový Bor,aut.nádr.;50.65882;14.53543
20260624_111659_L415;20260624_111659;24.06.2026;11:05:00;415;68;8407;11;U32307Z1;Praha,Zličín;50.33331;13.43528
20260624_111659_L389;20260624_111659;24.06.2026;11:03:00;389;17;7755;11;U32412Z1;Chomutov,žel.st.;50.44871;13.42881
20260624_111659_L712;20260624_111659;24.06.2026;11:03:00;712;4;9606;12;U6139Z1;Bělá p.Bezd.,Atmos;50.44847;14.76143
20260624_111659_L444;20260624_111659;24.06.2026;11:06:00;444;5;9136;11;U1570Z1;Davle,obec;49.90065;14.52546
20260624_111659_L203;20260624_111659;24.06.2026;11:02:00;203;6;1936;13;U286Z3P;Poliklinika Budějovická;50.02689;14.53238
20260624_111659_L357;20260624_111659;24.06.2026;11:03:00;357;3;1722;13;U1372Z1;Čestlice;50.00544;14.57322
20260624_111659_L304;20260624_111659;24.06.2026;11:05:00;304;73;8336;10;U395Z3;Praha,Vypich;50.06754;14.33455
20260624_111659_L332;20260624_111659;24.06.2026;11:04:00;332;8;9175;10;U1936Z2;Praha,Budějovická;49.89048;14.49643
20260624_111659_L305;20260624_111659;24.06.2026;11:02:00;305;2;8375;12;U32260Z2;Praha,Zličín;50.13675;13.17729
20260624_111659_L101;20260624_111659;24.06.2026;11:04:00;101;2;2327;13;U576Z2P;Skalka;50.05572;14.48267
20260624_111659_L201;20260624_111659;24.06.2026;11:04:00;201;4;3897;13;U342Z2P;Černý Most;50.112;14.55877
20260624_111659_L381;20260624_111659;24.06.2026;11:02:00;381;3;1678;14;U2145Z1;Čáslav,obchodní centrum;49.96587;14.98197
20260624_111659_L136;20260624_111659;24.06.2026;11:06:00;136;1;5100;10;U697Z3P;Jižní Město;50.04824;14.48133
20260624_111659_L311;20260624_111659;24.06.2026;11:03:00;311;75;9579;14;U1649Z2;Praha,Zličín;50.02665;14.21207
20260624_111659_L376;20260624_111659;24.06.2026;11:04:00;376;41;1494;12;U1827Z2;Brandýs n.L.-St.Bol.,nádr.;50.18366;14.65805
20260624_111659_L474;20260624_111659;24.06.2026;11:00:00;474;44;8114;16;U1792Z1;Mělník,Na Brabčově;50.33992;14.49212
20260624_111659_L199;20260624_111659;24.06.2026;11:03:00;199;1;4157;13;U921Z6P;Sídliště Malešice;50.07741;14.4828
20260624_112100_L201;20260624_112100;24.06.2026;11:08:00;201;4;3897;13;U818Z1P;Černý Most;50.1062;14.55886
20260624_112100_L311;20260624_112100;24.06.2026;11:06:00;311;75;9579;14;U2323Z2;Praha,Zličín;50.03257;14.22797
20260624_112100_L454;20260624_112100;24.06.2026;11:10:00;454;50;7075;10;U6767Z2;Sedlčany,aut.st.;49.57539;14.52714
20260624_112100_L650;20260624_112100;24.06.2026;11:10:00;650;22;12536;10;U9268Z1;Kladno,autobusové nádraží;50.23569;14.08925
20260624_112100_L380;20260624_112100;24.06.2026;11:10:00;380;7;9972;11;U1674Z2;Praha,Vypich;50.02285;14.20677
20260624_112100_L381;20260624_112100;24.06.2026;11:06:00;381;3;1678;14;U2150Z1;Čáslav,obchodní centrum;49.95895;15.02743
20260624_112100_L389;20260624_112100;24.06.2026;11:08:00;389;17;7755;11;U32409Z1;Chomutov,žel.st.;50.46006;13.41577
20260624_112100_L305;20260624_112100;24.06.2026;11:05:00;305;2;8375;14;U32269Z1;Praha,Zličín;50.136;13.19026
20260624_112100_L203;20260624_112100;24.06.2026;11:07:00;203;6;1936;13;U286Z13P;Poliklinika Budějovická;50.02972;14.52511
20260624_112100_L483;20260624_112100;24.06.2026;11:10:00;483;36;7839;10;U4146Z1;Chocerady;49.87188;14.80353
20260624_112100_L545;20260624_112100;24.06.2026;11:08:00;545;27;9440;11;U9830Z1;Hořovice,nám.B.Němcové;49.80885;13.85777
20260624_112100_L639;20260624_112100;24.06.2026;11:09:00;639;8;9586;12;U9841Z2;Dobříš,nám.;49.84875;13.97488
20260624_112100_L641;20260624_112100;24.06.2026;11:07:00;641;14;9573;11;U9856Z1;Beroun,autobusové nádraží;49.8696;13.94801
20260624_112100_L821;20260624_112100;24.06.2026;11:09:00;821;69;1606;12;U2394Z1;Sázava,aut.st.;49.93438;14.9458
20260624_112100_L821;20260624_112100;24.06.2026;11:07:00;821;51;1586;14;U2934Z1;Kolín,nádraží;49.98633;15.00416
20260624_112100_L712;20260624_112100;24.06.2026;11:09:00;712;4;9606;11;U6473Z1;Bělá p.Bezd.,Atmos;50.46052;14.7487
20260624_112100_L444;20260624_112100;24.06.2026;11:08:00;444;5;9136;10;U1571Z1;Davle,obec;49.89514;14.50192
20260624_112100_L457;20260624_112100;24.06.2026;11:06:00;457;44;7532;14;U32538Z1;Tábor,aut.nádr.;49.45368;14.69127
20260624_112100_L101;20260624_112100;24.06.2026;11:07:00;101;2;2327;13;U784Z1P;Skalka;50.05307;14.49428
20260624_112100_L136;20260624_112100;24.06.2026;11:10:00;136;3;6831;10;U118Z4P;Jižní Město;50.07814;14.46099
20260624_112100_L669;20260624_112100;24.06.2026;11:09:00;669;27;8134;11;U1463Z1;Mečeříž;50.26267;14.68015
20260624_112100_L315;20260624_112100;24.06.2026;11:07:00;315;4;1865;11;U3380Z2;Praha,Černý Most;50.28629;14.83036
20260624_112100_L580;20260624_112100;24.06.2026;11:05:00;580;19;7693;13;U9317Z1;Slaný,aut.nádr.;50.1806;13.8543
20260624_112100_L228;20260624_112100;24.06.2026;11:10:00;228;12;9402;11;U548Z3P;Benice;50.08062;14.50116
20260624_112100_L149;20260624_112100;24.06.2026;11:11:00;149;5;4088;10;U254Z7P;Dejvická;50.06993;14.38046
20260624_112100_L163;20260624_112100;24.06.2026;11:11:00;163;51;9152;10;U820Z1P;Sídliště Rohožník;50.07281;14.55635
20260624_112100_L136;20260624_112100;24.06.2026;11:10:00;136;1;5100;11;U181Z1P;Jižní Město;50.04017;14.49006
20260624_112100_L304;20260624_112100;24.06.2026;11:08:00;304;73;8336;12;U306Z1;Praha,Vypich;50.07517;14.34168
20260624_112100_L199;20260624_112100;24.06.2026;11:05:00;199;1;4157;15;U418Z1P;Sídliště Malešice;50.08039;14.48793
20260624_112502_L101;20260624_112502;24.06.2026;11:11:00;101;2;2327;13;U890Z3P;Skalka;50.05712;14.50716
20260624_112502_L136;20260624_112502;24.06.2026;11:14:00;136;1;5100;11;U106Z2P;Jižní Město;50.02797;14.50759
20260624_112502_L136;20260624_112502;24.06.2026;11:15:00;136;4;6955;10;U2787Z2P;Jižní Město;50.08778;14.45667
20260624_112502_L149;20260624_112502;24.06.2026;11:14:00;149;5;4088;11;U565Z1P;Dejvická;50.07248;14.37382
20260624_112502_L203;20260624_112502;24.06.2026;11:07:00;203;6;1936;18;U286Z13P;Poliklinika Budějovická;50.03041;14.52581
20260624_112502_L228;20260624_112502;24.06.2026;11:13:00;228;12;9402;11;U827Z1P;Benice;50.0781;14.50763
20260624_112502_L805;20260624_112502;24.06.2026;11:15:00;805;4;7559;10;U2482Z1;Kolín,nádraží;49.95696;15.28031
20260624_112502_L821;20260624_112502;24.06.2026;11:13:00;821;69;1606;11;U4249Z1;Sázava,aut.st.;49.94396;14.96859
20260624_112502_L305;20260624_112502;24.06.2026;11:11:00;305;2;8375;13;U32158Z1;Praha,Zličín;50.13588;13.23786
20260624_112502_L307;20260624_112502;24.06.2026;11:15:00;307;12;8951;10;U1190Z1;Kladno,autobusové nádraží;50.04488;14.25902
20260624_112502_L311;20260624_112502;24.06.2026;11:10:00;311;75;9579;15;U1645Z2;Praha,Zličín;50.03924;14.24569
20260624_112502_L315;20260624_112502;24.06.2026;11:10:00;315;4;1865;12;U3379Z2;Praha,Černý Most;50.28108;14.8308
20260624_112502_L332;20260624_112502;24.06.2026;11:14:00;332;8;9175;10;U2107Z2;Praha,Budějovická;49.90734;14.49207
20260624_112502_L380;20260624_112502;24.06.2026;11:15:00;380;7;9972;10;U2323Z2;Praha,Vypich;50.0318;14.22605
20260624_112502_L385;20260624_112502;24.06.2026;11:14:00;385;4;1729;10;U1371Z3;Praha,Opatov;50.00198;14.56126
20260624_112502_L389;20260624_112502;24.06.2026;11:12:00;389;17;7755;12;U32406Z12;Chomutov,žel.st.;50.45947;13.40737
20260624_112502_L400;20260624_112502;24.06.2026;11:12:00;400;6;11628;10;U1793Z3;Varnsdorf,aut.nádr.;50.35042;14.48906
20260624_112502_L407;20260624_112502;24.06.2026;11:15:00;407;39;7530;10;U7720Z2;Praha,Smíchovské nádraží;49.62157;14.05241
20260624_112502_L433;20260624_112502;24.06.2026;11:14:00;433;15;8545;11;U2969Z1;Nymburk,Zálabí PVT;50.18581;15.04195
20260624_112502_L457;20260624_112502;24.06.2026;11:11:00;457;44;7532;13;U32036Z1;Tábor,aut.nádr.;49.4266;14.67912
20260624_112502_L467;20260624_112502;24.06.2026;11:14:00;467;4;8111;10;U6439Z2;Mladá Boleslav,aut.st.;50.40351;14.88463
20260624_112502_L545;20260624_112502;24.06.2026;11:13:00;545;27;9440;10;U9826Z1;Hořovice,nám.B.Němcové;49.8306;13.88084
20260624_112502_L562;20260624_112502;24.06.2026;11:13:00;562;64;8335;11;U6841Z1;Rakovník,hasičský záchr.sbor;50.1056;13.72296
20260624_112502_L639;20260624_112502;24.06.2026;11:12:00;639;8;9586;12;U9844Z1;Dobříš,nám.;49.85769;13.98768
20260624_112502_L641;20260624_112502;24.06.2026;11:13:00;641;14;9573;11;U3268Z1;Beroun,autobusové nádraží;49.88675;13.95682
20260624_112502_L650;20260624_112502;24.06.2026;11:14:00;650;22;12536;10;U4786Z2;Kladno,autobusové nádraží;50.23012;14.08352
20260624_112502_L669;20260624_112502;24.06.2026;11:12:00;669;27;8134;12;U1470Z1;Mečeříž;50.26443;14.70798
20260624_112502_L712;20260624_112502;24.06.2026;11:13:00;712;4;9606;10;U6416Z1;Bělá p.Bezd.,Atmos;50.47353;14.76442
20260624_112905_L332;20260624_112905;24.06.2026;11:16:00;332;8;9175;13;U2106Z2;Praha,Budějovická;49.91258;14.49928
20260624_112905_L380;20260624_112905;24.06.2026;11:19:00;380;7;9972;10;U1645Z2;Praha,Vypich;50.03899;14.24516
20260624_112905_L407;20260624_112905;24.06.2026;11:18:00;407;39;7530;10;U7719Z2;Praha,Smíchovské nádraží;49.63805;14.0518
20260624_112905_L431;20260624_112905;24.06.2026;11:17:00;431;3;1814;10;U6103Z2;Lysá n.L.,žel.st.;50.29169;14.7975
20260624_112905_L650;20260624_112905;24.06.2026;11:14:00;650;22;12536;13;U4786Z2;Kladno,autobusové nádraží;50.22881;14.09081
20260624_112905_L821;20260624_112905;24.06.2026;11:17:00;821;69;1606;10;U2383Z1;Sázava,aut.st.;49.93337;14.96242
20260624_112905_L821;20260624_112905;24.06.2026;11:15:00;821;51;1586;12;U2300Z1;Kolín,nádraží;50.00426;14.98054
20260624_112905_L580;20260624_112905;24.06.2026;11:14:00;580;19;7693;15;U9322Z1;Slaný,aut.nádr.;50.20672;13.90135
20260624_112905_L163;20260624_112905;24.06.2026;11:19:00;163;51;9152;10;U448Z1P;Sídliště Rohožník;50.08105;14.5992
20260624_112905_L228;20260624_112905;24.06.2026;11:16:00;228;12;9402;13;U1071Z6P;Benice;50.07726;14.51867
20260624_112905_L136;20260624_112905;24.06.2026;11:18:00;136;1;5100;11;U353Z1P;Jižní Město;50.02602;14.52116
20260624_112905_L136;20260624_112905;24.06.2026;11:18:00;136;4;6955;10;U516Z3P;Jižní Město;50.08213;14.45945
20260624_112905_L101;20260624_112905;24.06.2026;11:15:00;101;2;2327;13;U673Z4P;Skalka;50.06546;14.50602
20260624_112905_L545;20260624_112905;24.06.2026;11:18:00;545;27;9440;11;U3270Z3;Hořovice,nám.B.Němcové;49.84266;13.8987
20260624_112905_L149;20260624_112905;24.06.2026;11:16:00;149;5;4088;12;U992Z1P;Dejvická;50.0774;14.36818
20260624_112905_L385;20260624_112905;24.06.2026;11:14:00;385;4;1729;12;U1371Z3;Praha,Opatov;50.00858;14.54957
20260624_112905_L467;20260624_112905;24.06.2026;11:17:00;467;4;8111;10;U9300Z1;Mladá Boleslav,aut.st.;50.41083;14.90787
20260624_112905_L639;20260624_112905;24.06.2026;11:14:00;639;8;9586;14;U9850Z1;Dobříš,nám.;49.8641;14.00361
20260624_112905_L305;20260624_112905;24.06.2026;11:14:00;305;2;8375;12;U32157Z1;Praha,Zličín;50.13229;13.29783
20260624_112905_L381;20260624_112905;24.06.2026;11:14:00;381;3;1678;14;U2154Z1;Čáslav,obchodní centrum;49.95681;15.07853
20260624_112905_L457;20260624_112905;24.06.2026;11:16:00;457;44;7532;12;U32045Z1;Tábor,aut.nádr.;49.41096;14.67832
20260624_113305_L400;20260624_113305;24.06.2026;11:20:00;400;57;1087;12;U31355Z1;Nový Bor,aut.nádr.;50.69581;14.54135
20260624_113305_L163;20260624_113305;24.06.2026;11:22:00;163;51;9152;10;U28Z1P;Sídliště Rohožník;50.08031;14.62168
20260624_113305_L228;20260624_113305;24.06.2026;11:21:00;228;12;9402;11;U404Z3P;Benice;50.07452;14.53347
20260624_113305_L380;20260624_113305;24.06.2026;11:22:00;380;7;9972;11;U1968Z2;Praha,Vypich;50.04733;14.26408
20260624_113305_L381;20260624_113305;24.06.2026;11:19:00;381;3;1678;13;U2180Z1;Čáslav,obchodní centrum;49.95612;15.12335
20260624_113305_L389;20260624_113305;24.06.2026;11:22:00;389;11;7754;10;U4776Z2;Praha,Nádraží Veleslavín;50.22768;14.09781
20260624_113305_L305;20260624_113305;24.06.2026;11:18:00;305;2;8375;13;U32131Z2;Praha,Zličín;50.14033;13.32597
20260624_113305_L427;20260624_113305;24.06.2026;11:18:00;427;3;11611;13;U3253Z2;Mnichovo Hradiště,dopravní terminál;50.51985;14.9804
20260624_113305_L712;20260624_113305;24.06.2026;11:22:00;712;4;9606;11;U6158Z1;Bělá p.Bezd.,Atmos;50.48444;14.82891
20260624_113305_L467;20260624_113305;24.06.2026;11:22:00;467;4;8111;11;U3389Z1;Mladá Boleslav,aut.st.;50.41293;14.90982
20260624_113305_L686;20260624_113305;24.06.2026;11:22:00;686;34;8142;11;U1891Z1;Říčany,podhradí;50.00107;14.66214
20260624_113305_L821;20260624_113305;24.06.2026;11:21:00;821;69;1606;11;U2385Z1;Sázava,aut.st.;49.92064;14.95937
20260624_113305_L821;20260624_113305;24.06.2026;11:18:00;821;51;1586;12;U4148Z1;Kolín,nádraží;50.01434;15.00749
20260624_113305_L641;20260624_113305;24.06.2026;11:22:00;641;14;9573;10;U9105Z1;Beroun,autobusové nádraží;49.91603;13.98065
20260624_113305_L580;20260624_113305;24.06.2026;11:19:00;580;19;7693;14;U9248Z1;Slaný,aut.nádr.;50.21945;13.96016
20260624_113305_L580;20260624_113305;24.06.2026;11:23:00;580;30;7738;10;U2454Z1;Rakovník,aut.st.;50.10942;13.73407
20260624_113305_L199;20260624_113305;24.06.2026;11:20:00;199;1;4157;13;U161Z2P;Želivského;50.08137;14.49651
20260624_113305_L136;20260624_113305;24.06.2026;11:22:00;136;4;6955;11;U518Z3P;Jižní Město;50.07655;14.45875
20260624_113305_L410;20260624_113305;24.06.2026;11:20:00;410;9;11646;12;U31050Z3;Praha,Střížkov;50.66055;14.72313
20260624_113305_L136;20260624_113305;24.06.2026;11:21:00;136;1;5100;12;U151Z1P;Jižní Město;50.03213;14.53451
20260624_113305_L149;20260624_113305;24.06.2026;11:20:00;149;5;4088;12;U981Z1P;Dejvická;50.0809;14.39019
20260624_113305_L545;20260624_113305;24.06.2026;11:19:00;545;27;9440;11;U9779Z1;Hořovice,nám.B.Němcové;49.83819;13.89878
20260624_113305_L841;20260624_113305;24.06.2026;11:20:00;841;27;7845;11;U9389Z2;Vlašim,Hrazená Lhota;49.71241;14.8381
20260624_113305_L308;20260624_113305;24.06.2026;11:20:00;308;9;9763;11;U1653Z2;Nučice,Prokopská náves;50.01555;14.22378
20260624_113706_L580;20260624_113706;24.06.2026;11:25:00;580;30;7738;11;U4340Z1;Rakovník,aut.st.;50.10341;13.72632
20260624_113706_L381;20260624_113706;24.06.2026;11:25:00;381;3;1678;11;U2156Z2;Čáslav,obchodní centrum;49.95281;15.16701
20260624_113706_L681;20260624_113706;24.06.2026;11:25:00;681;59;1643;11;U2156Z2;Kolín,nádraží;49.95269;15.16683
20260624_113706_L136;20260624_113706;24.06.2026;11:22:00;136;2;6916;15;U424Z1P;Jižní Město;50.03345;14.49936
20260624_113706_L410;20260624_113706;24.06.2026;11:22:00;410;9;11646;14;U31372Z1;Praha,Střížkov;50.65165;14.7346
20260624_113706_L580;20260624_113706;24.06.2026;11:22:00;580;19;7693;11;U9249Z1;Slaný,aut.nádr.;50.22909;13.97082
20260624_113706_L558;20260624_113706;24.06.2026;11:27:00;558;82;7840;10;U6511Z1;Votice,aut.st.;49.65995;14.63337
20260624_113706_L545;20260624_113706;24.06.2026;11:24:00;545;27;9440;13;U9617Z2;Hořovice,nám.B.Němcové;49.83626;13.90321
20260624_113706_L821;20260624_113706;24.06.2026;11:24:00;821;69;1606;12;U2390Z51;Sázava,aut.st.;49.91318;14.97026
20260624_113706_L821;20260624_113706;24.06.2026;11:24:00;821;51;1586;13;U4983Z1;Kolín,nádraží;50.01469;15.03119
20260624_113706_L136;20260624_113706;24.06.2026;11:27:00;136;4;6955;10;U29Z1P;Jižní Město;50.07325;14.47021
20260624_113706_L686;20260624_113706;24.06.2026;11:26:00;686;34;8142;11;U7038Z2;Říčany,podhradí;49.99361;14.66815
20260624_113706_L431;20260624_113706;24.06.2026;11:26:00;431;3;1814;10;U6107Z2;Lysá n.L.,žel.st.;50.2653;14.77706
20260624_113706_L467;20260624_113706;24.06.2026;11:22:00;467;4;8111;12;U3389Z1;Mladá Boleslav,aut.st.;50.42017;14.91764
20260624_113706_L380;20260624_113706;24.06.2026;11:23:00;380;7;9972;13;U1643Z2;Praha,Vypich;50.05248;14.2751
20260624_113706_L389;20260624_113706;24.06.2026;11:26:00;389;11;7754;10;U4774Z2;Praha,Nádraží Veleslavín;50.21292;14.12337
20260624_113706_L316;20260624_113706;24.06.2026;11:26:00;316;1;8980;10;U1692Z1;Holubice;50.19742;14.29502
20260624_113706_L332;20260624_113706;24.06.2026;11:22:00;332;8;9175;14;U2128Z2;Praha,Budějovická;49.93929;14.51507
20260624_113706_L163;20260624_113706;24.06.2026;11:26:00;163;51;9152;10;U3008Z1P;Sídliště Rohožník;50.07693;14.6564
20260624_113706_L155;20260624_113706;24.06.2026;11:26:00;155;2;9120;10;U767Z2P;Poliklinika Malešice;50.08491;14.48218
20260624_113706_L136;20260624_113706;24.06.2026;11:26:00;136;14;5545;11;U512Z4P;Sídliště Čakovice;50.0915;14.46868
20260624_113706_L228;20260624_113706;24.06.2026;11:24:00;228;12;9402;12;U741Z3P;Benice;50.07022;14.54491
20260624_113706_L805;20260624_113706;24.06.2026;11:25:00;805;4;7559;10;U6688Z2;Kolín,nádraží;49.98645;15.27437
20260624_113706_L841;20260624_113706;24.06.2026;11:20:00;841;27;7845;15;U9389Z2;Vlašim,Hrazená Lhota;49.71242;14.83812
20260624_113706_L410;20260624_113706;24.06.2026;11:23:00;410;14;11697;11;U6060Z1;Doksy,žel.st.;50.43958;14.47418
20260624_113706_L149;20260624_113706;24.06.2026;11:23:00;149;5;4088;13;U563Z1P;Dejvická;50.08604;14.37892
20260624_113706_L308;20260624_113706;24.06.2026;11:20:00;308;9;9763;16;U1653Z2;Nučice,Prokopská náves;50.01553;14.22426
20260624_114107_L136;20260624_114107;24.06.2026;11:30:00;136;14;5545;11;U678Z1P;Sídliště Čakovice;50.10025;14.48712
20260624_114107_L136;20260624_114107;24.06.2026;11:31:00;136;4;6955;10;U37Z1P;Jižní Město;50.06114;14.46943
20260624_114107_L149;20260624_114107;24.06.2026;11:27:00;149;5;4088;13;U867Z1P;Dejvická;50.09396;14.39008
20260624_114107_L155;20260624_114107;24.06.2026;11:29:00;155;2;9120;12;U128Z1P;Poliklinika Malešice;50.08773;14.49042
20260624_114107_L163;20260624_114107;24.06.2026;11:30:00;163;51;9152;11;U621Z1P;Sídliště Rohožník;50.07325;14.67817
20260624_114107_L201;20260624_114107;24.06.2026;11:30:00;201;2;3889;10;U762Z4P;Černý Most;50.12414;14.56718
20260624_114107_L228;20260624_114107;24.06.2026;11:29:00;228;12;9402;12;U794Z1P;Benice;50.07163;14.54966
20260624_114107_L821;20260624_114107;24.06.2026;11:28:00;821;51;1586;12;U4981Z4;Kolín,nádraží;50.0053;15.05385
20260624_114107_L821;20260624_114107;24.06.2026;11:28:00;821;69;1606;12;U2049Z3;Sázava,aut.st.;49.89854;14.94603
20260624_114107_L841;20260624_114107;24.06.2026;11:20:00;841;27;7845;19;U9389Z2;Vlašim,Hrazená Lhota;49.71242;14.83809
20260624_114107_L849;20260624_114107;24.06.2026;11:26:00;849;29;7895;10;U7424Z2;Vlašim,žel.st.;49.62637;15.04582
20260624_114107_L308;20260624_114107;24.06.2026;11:20:00;308;9;9763;20;U1653Z2;Nučice,Prokopská náves;50.01556;14.22431
20260624_114107_L332;20260624_114107;24.06.2026;11:26:00;332;8;9175;14;U2130Z2;Praha,Budějovická;49.95142;14.51818
20260624_114107_L381;20260624_114107;24.06.2026;11:30:00;381;3;1678;11;U1475Z1;Čáslav,obchodní centrum;49.94642;15.2068
20260624_114107_L400;20260624_114107;24.06.2026;11:30:00;400;25;11696;10;U332Z2;Nový Bor,aut.nádr.;50.12909;14.48674
20260624_114107_L400;20260624_114107;24.06.2026;11:31:00;400;57;1087;10;U31360Z1;Nový Bor,aut.nádr.;50.75961;14.55643
20260624_114107_L410;20260624_114107;24.06.2026;11:26:00;410;9;11646;15;U31491Z14;Praha,Střížkov;50.6308;14.75195
20260624_114107_L410;20260624_114107;24.06.2026;11:26:00;410;14;11697;13;U6070Z1;Doksy,žel.st.;50.45968;14.47511
20260624_114107_L460;20260624_114107;24.06.2026;11:28:00;460;67;1634;12;U4981Z4;Bečváry,Poďousy;50.00334;15.04328
20260624_114107_L558;20260624_114107;24.06.2026;11:30:00;558;82;7840;10;U6492Z1;Votice,aut.st.;49.63986;14.64127
20260624_114107_L580;20260624_114107;24.06.2026;11:30:00;580;19;7693;10;U9258Z1;Slaný,aut.nádr.;50.23527;14.00926
20260624_114107_L641;20260624_114107;24.06.2026;11:30:00;641;14;9573;11;U4976Z2;Beroun,autobusové nádraží;49.94284;14.02829
20260624_114107_L681;20260624_114107;24.06.2026;11:31:00;681;59;1643;10;U9985Z1;Kolín,nádraží;49.96407;15.15254
20260624_114508_L136;20260624_114508;24.06.2026;11:35:00;136;14;5545;10;U134Z5P;Sídliště Čakovice;50.1017;14.50328
20260624_114508_L136;20260624_114508;24.06.2026;11:30:00;136;2;6916;15;U286Z5P;Jižní Město;50.03069;14.52984
20260624_114508_L136;20260624_114508;24.06.2026;11:34:00;136;4;6955;11;U751Z2P;Jižní Město;50.05259;14.47511
20260624_114508_L155;20260624_114508;24.06.2026;11:32:00;155;2;9120;11;U1160Z2P;Poliklinika Malešice;50.08637;14.50752
20260624_114508_L199;20260624_114508;24.06.2026;11:33:00;199;1;4157;11;U921Z6P;Sídliště Malešice;50.07771;14.48038
20260624_114508_L201;20260624_114508;24.06.2026;11:34:00;201;2;3889;11;U342Z2P;Černý Most;50.11248;14.5595
20260624_114508_L228;20260624_114508;24.06.2026;11:31:00;228;12;9402;11;U820Z1P;Benice;50.07181;14.57145
20260624_114508_L821;20260624_114508;24.06.2026;11:33:00;821;51;1586;11;U5000Z1;Kolín,nádraží;50.00169;15.08775
20260624_114508_L821;20260624_114508;24.06.2026;11:32:00;821;69;1606;10;U2161Z2;Sázava,aut.st.;49.89013;14.92321
20260624_114508_L841;20260624_114508;24.06.2026;11:20:00;841;27;7845;23;U9389Z2;Vlašim,Hrazená Lhota;49.71241;14.83806
20260624_114508_L307;20260624_114508;24.06.2026;11:33:00;307;12;8951;11;U1679Z1;Kladno,autobusové nádraží;50.05656;14.16754
20260624_114508_L308;20260624_114508;24.06.2026;11:20:00;308;9;9763;24;U1653Z2;Nučice,Prokopská náves;50.01554;14.22438
20260624_114508_L332;20260624_114508;24.06.2026;11:31:00;332;8;9175;14;U1330Z2;Praha,Budějovická;49.96814;14.51324
20260624_114508_L336;20260624_114508;24.06.2026;11:33:00;336;17;8836;10;U1142Z2;Praha,Zličín;50.05597;14.28776
20260624_114508_L381;20260624_114508;24.06.2026;11:33:00;381;3;1678;11;U1476Z1;Čáslav,obchodní centrum;49.94684;15.24515
20260624_114508_L381;20260624_114508;24.06.2026;11:35:00;381;8;9956;10;U2011Z1;Kutná Hora,hlavní nádraží;49.98717;14.78882
20260624_114508_L400;20260624_114508;24.06.2026;11:31:00;400;54;1086;13;U6060Z2;Praha,Střížkov;50.42274;14.46416
20260624_114508_L401;20260624_114508;24.06.2026;11:34:00;401;59;7775;10;U4557Z1;Jindřichův Hradec,aut.nádr.;49.73477;14.66135
20260624_114508_L442;20260624_114508;24.06.2026;11:31:00;442;6;1842;10;U3389Z1;Mladá Boleslav,aut.st.;50.42026;14.91737
20260624_114508_L460;20260624_114508;24.06.2026;11:33:00;460;67;1634;12;U4197Z1;Bečváry,Poďousy;49.99018;15.03448
20260624_114508_L580;20260624_114508;24.06.2026;11:35:00;580;19;7693;10;U9254Z1;Slaný,aut.nádr.;50.2329;14.04186
20260624_114508_L641;20260624_114508;24.06.2026;11:34:00;641;14;9573;10;U4965Z2;Beroun,autobusové nádraží;49.95235;14.04781
20260624_114508_L681;20260624_114508;24.06.2026;11:35:00;681;59;1643;10;U9986Z1;Kolín,nádraží;49.97799;15.15935
20260624_114909_L821;20260624_114909;24.06.2026;11:36:00;821;51;1586;10;U4991Z1;Kolín,nádraží;49.99828;15.12061
20260624_114909_L641;20260624_114909;24.06.2026;11:38:00;641;16;9449;10;U1229Z2;Hořovice,nemocnice;49.89746;13.96071
20260624_114909_L136;20260624_114909;24.06.2026;11:39:00;136;33;6839;10;U763Z1P;Sídliště Čakovice;50.09819;14.48148
20260624_114909_L381;20260624_114909;24.06.2026;11:36:00;381;3;1678;13;U2479Z1;Čáslav,obchodní centrum;49.95065;15.26148
20260624_114909_L400;20260624_114909;24.06.2026;11:31:00;400;54;1086;16;U6060Z2;Praha,Střížkov;50.4139;14.46028
20260624_114909_L410;20260624_114909;24.06.2026;11:34:00;410;9;11646;15;U31368Z2;Praha,Střížkov;50.61741;14.70657
20260624_114909_L460;20260624_114909;24.06.2026;11:38:00;460;67;1634;11;U4981Z3;Bečváry,Poďousy;50.0034;15.04334
20260624_114909_L469;20260624_114909;24.06.2026;11:38:00;469;31;1644;10;U1881Z1;Říčany,Olivovna;49.99264;14.65745
20260624_114909_L228;20260624_114909;24.06.2026;11:37:00;228;12;9402;12;U107Z2P;Benice;50.06234;14.59024
20260624_114909_L410;20260624_114909;24.06.2026;11:34:00;410;14;11697;14;U6078Z1;Doksy,žel.st.;50.49747;14.48637
20260624_114909_L332;20260624_114909;24.06.2026;11:36:00;332;8;9175;13;U1522Z2;Praha,Budějovická;49.98548;14.49415
20260624_114909_L381;20260624_114909;24.06.2026;11:37:00;381;8;9956;11;U2012Z1;Kutná Hora,hlavní nádraží;49.99213;14.82214
20260624_114909_L155;20260624_114909;24.06.2026;11:37:00;155;2;9120;11;U660Z4P;Poliklinika Malešice;50.08231;14.50788
20260624_114909_L639;20260624_114909;24.06.2026;11:37:00;639;8;9586;12;U2895Z1;Dobříš,nám.;49.83187;14.04626
20260624_114909_L641;20260624_114909;24.06.2026;11:37:00;641;14;9573;10;U4971Z2;Beroun,autobusové nádraží;49.95729;14.06331
20260624_114909_L136;20260624_114909;24.06.2026;11:38:00;136;4;6955;11;U417Z1P;Jižní Město;50.04356;14.48724
20260624_114909_L136;20260624_114909;24.06.2026;11:38:00;136;14;5545;10;U474Z5P;Sídliště Čakovice;50.11096;14.5026
20260624_114909_L821;20260624_114909;24.06.2026;11:35:00;821;69;1606;10;U9005Z1;Sázava,aut.st.;49.87795;14.89595
20260624_114909_L201;20260624_114909;24.06.2026;11:38:00;201;2;3889;11;U818Z1P;Černý Most;50.1062;14.55885
20260624_114909_L307;20260624_114909;24.06.2026;11:39:00;307;12;8951;10;U1683Z1;Kladno,autobusové nádraží;50.06382;14.15468
20260624_114909_L199;20260624_114909;24.06.2026;11:33:00;199;1;4157;14;U921Z6P;Sídliště Malešice;50.07696;14.48931
20260624_115310_L136;20260624_115310;24.06.2026;11:40:00;136;33;6839;13;U678Z1P;Sídliště Čakovice;50.10022;14.48717
20260624_115310_L381;20260624_115310;24.06.2026;11:42:00;381;8;9956;11;U2015Z1;Kutná Hora,hlavní nádraží;49.99178;14.85357
20260624_115310_L136;20260624_115310;24.06.2026;11:43:00;136;7;5082;10;U512Z5P;Jižní Město;50.09032;14.46748
20260624_115310_L136;20260624_115310;24.06.2026;11:42:00;136;4;6955;11;U424Z1P;Jižní Město;50.03347;14.49931
20260624_115310_L381;20260624_115310;24.06.2026;11:40:00;381;3;1678;13;U2480Z7;Čáslav,obchodní centrum;49.95466;15.27196
20260624_115310_L531;20260624_115310;24.06.2026;11:43:00;531;6;9574;10;U9670Z1;Příbram,aut.nádr. (ul. Čs.armády);49.72827;14.01453
20260624_115310_L639;20260624_115310;24.06.2026;11:42:00;639;8;9586;10;U9042Z2;Dobříš,nám.;49.84612;14.08053
20260624_115310_L624;20260624_115310;24.06.2026;11:39:00;624;15;8854;13;U3094Z2;Dřetovice;50.14046;14.09947
20260624_115310_L681;20260624_115310;24.06.2026;11:40:00;681;59;1643;10;U9987Z1;Kolín,nádraží;50.01147;15.19326
20260624_115310_L401;20260624_115310;24.06.2026;11:41:00;401;59;7775;11;U6531Z2;Jindřichův Hradec,aut.nádr.;49.67916;14.64088
20260624_115310_L410;20260624_115310;24.06.2026;11:39:00;410;14;11697;14;U31048Z1;Doksy,žel.st.;50.51933;14.49802
20260624_115310_L410;20260624_115310;24.06.2026;11:34:00;410;9;11646;17;U31368Z2;Praha,Střížkov;50.60457;14.71625
20260624_115310_L641;20260624_115310;24.06.2026;11:40:00;641;16;9449;11;U9854Z2;Hořovice,nemocnice;49.88998;13.95582
20260624_115310_L136;20260624_115310;24.06.2026;11:43:00;136;14;5545;10;U603Z1P;Sídliště Čakovice;50.11867;14.49976
20260624_115310_L332;20260624_115310;24.06.2026;11:38:00;332;8;9175;12;U4861Z2;Praha,Budějovická;50.00478;14.48081
20260624_115310_L101;20260624_115310;24.06.2026;11:43:00;101;3;2322;10;U889Z1P;Skalka;50.06062;14.50591
20260624_115310_L228;20260624_115310;24.06.2026;11:41:00;228;12;9402;12;U7040Z1P;Benice;50.05108;14.5814
20260624_115711_L136;20260624_115711;24.06.2026;11:45:00;136;14;5545;12;U606Z1P;Sídliště Čakovice;50.12264;14.5072
20260624_115711_L136;20260624_115711;24.06.2026;11:45:00;136;33;6839;11;U134Z5P;Sídliště Čakovice;50.10171;14.50331
20260624_115711_L136;20260624_115711;24.06.2026;11:44:00;136;4;6955;12;U106Z2P;Jižní Město;50.02797;14.50761
20260624_115711_L136;20260624_115711;24.06.2026;11:46:00;136;7;5082;11;U743Z2P;Jižní Město;50.08607;14.4555
20260624_115711_L210;20260624_115711;24.06.2026;11:44:00;210;1;1700;12;U4105Z2P;Blatov sever;50.08337;14.64794
20260624_115711_L228;20260624_115711;24.06.2026;11:44:00;228;12;9402;11;U9690Z1P;Benice;50.03412;14.59177
20260624_115711_L307;20260624_115711;24.06.2026;11:46:00;307;12;8951;10;U4926Z1;Kladno,autobusové nádraží;50.09298;14.13999
20260624_115711_L307;20260624_115711;24.06.2026;11:47:00;307;10;8991;10;U1190Z2;Praha,Zličín;50.04482;14.25927
20260624_115711_L324;20260624_115711;24.06.2026;11:46:00;324;27;8996;10;U4781Z2;Praha,Zličín;50.2253;14.071
20260624_115711_L332;20260624_115711;24.06.2026;11:42:00;332;8;9175;12;U799Z3;Praha,Budějovická;50.02194;14.46183
20260624_115711_L342;20260624_115711;24.06.2026;11:46:00;342;20;7701;10;U4396Z1;Slaný,žel.st.;50.13408;14.24009
20260624_115711_L381;20260624_115711;24.06.2026;11:43:00;381;3;1678;13;U2481Z1;Čáslav,obchodní centrum;49.95276;15.2758
20260624_115711_L381;20260624_115711;24.06.2026;11:45:00;381;8;9956;10;U2016Z1;Kutná Hora,hlavní nádraží;49.9919;14.86164
20260624_115711_L389;20260624_115711;24.06.2026;11:44:00;389;11;7754;10;U85Z1;Praha,Nádraží Veleslavín;50.09572;14.34693
20260624_115711_L401;20260624_115711;24.06.2026;11:44:00;401;59;7775;11;U6525Z2;Jindřichův Hradec,aut.nádr.;49.66159;14.63323
20260624_115711_L445;20260624_115711;24.06.2026;11:46:00;445;16;7404;10;U1521Z1;Jílové u Prahy,náměstí;49.90584;14.45971
20260624_115711_L639;20260624_115711;24.06.2026;11:46:00;639;8;9586;10;U9042Z3;Dobříš,nám.;49.84249;14.08249
20260624_115711_L641;20260624_115711;24.06.2026;11:40:00;641;16;9449;13;U9854Z2;Hořovice,nemocnice;49.88998;13.95581
20260624_115711_L681;20260624_115711;24.06.2026;11:47:00;681;59;1643;10;U4997Z1;Kolín,nádraží;50.0227;15.19941
20260624_115711_L760;20260624_115711;24.06.2026;11:42:00;760;60;8386;12;U6829Z1;Rakovník,aut.st.;50.15553;13.53052
20260624_120112_L136;20260624_120112;24.06.2026;11:48:00;136;33;6839;10;U474Z5P;Sídliště Čakovice;50.11457;14.49468
20260624_120112_L681;20260624_120112;24.06.2026;11:48:00;681;59;1643;11;U4998Z1;Kolín,nádraží;50.02308;15.20235
20260624_120112_L641;20260624_120112;24.06.2026;11:46:00;641;16;9449;15;U9855Z55;Hořovice,nemocnice;49.87513;13.95017
20260624_120112_L381;20260624_120112;24.06.2026;11:43:00;381;3;1678;18;U2481Z1;Čáslav,obchodní centrum;49.95274;15.2758
20260624_120112_L199;20260624_120112;24.06.2026;11:50:00;199;1;4157;11;U161Z2P;Želivského;50.08137;14.49653
20260624_120112_L136;20260624_120112;24.06.2026;11:48:00;136;4;6955;13;U353Z1P;Jižní Město;50.02621;14.5215
20260624_120112_L849;20260624_120112;24.06.2026;11:51:00;849;29;7895;10;U5790Z2;Vlašim,žel.st.;49.68055;14.9541
20260624_120112_L228;20260624_120112;24.06.2026;11:48:00;228;12;9402;12;U336Z3P;Benice;50.03191;14.59831
20260624_120112_L760;20260624_120112;24.06.2026;11:42:00;760;60;8386;17;U6829Z1;Rakovník,aut.st.;50.15553;13.53051
20260624_120112_L307;20260624_120112;24.06.2026;11:48:00;307;10;8991;11;U1968Z2;Praha,Zličín;50.05037;14.27139
20260624_120112_L210;20260624_120112;24.06.2026;11:44:00;210;1;1700;16;U4105Z2P;Blatov sever;50.08337;14.64794
20260624_120112_L381;20260624_120112;24.06.2026;11:50:00;381;8;9956;10;U1979Z1;Kutná Hora,hlavní nádraží;49.98216;14.88265
20260624_120112_L324;20260624_120112;24.06.2026;11:50:00;324;27;8996;11;U4784Z1;Praha,Zličín;50.23044;14.07241
20260624_120112_L332;20260624_120112;24.06.2026;11:47:00;332;8;9175;13;U488Z7;Praha,Budějovická;50.03386;14.45549
20260624_120112_L342;20260624_120112;24.06.2026;11:48:00;342;20;7701;10;U4400Z1;Slaný,žel.st.;50.15828;14.21075
20260624_120112_L136;20260624_120112;24.06.2026;11:50:00;136;7;5082;11;U118Z4P;Jižní Město;50.0782;14.46087
20260624_120112_L410;20260624_120112;24.06.2026;11:46:00;410;14;11697;12;U31046Z4;Doksy,žel.st.;50.54777;14.54283
20260624_120112_L401;20260624_120112;24.06.2026;11:49:00;401;59;7775;11;U6492Z1;Jindřichův Hradec,aut.nádr.;49.63958;14.64121
20260624_120112_L136;20260624_120112;24.06.2026;11:49:00;136;14;5545;12;U405Z1P;Sídliště Čakovice;50.12851;14.51258
20260624_120112_L445;20260624_120112;24.06.2026;11:48:00;445;16;7404;11;U1586Z1;Jílové u Prahy,náměstí;49.89697;14.47486
20260624_120512_L136;20260624_120512;24.06.2026;11:53:00;136;14;5545;12;U125Z1P;Sídliště Čakovice;50.1396;14.50492
20260624_120512_L180;20260624_120512;24.06.2026;11:50:00;180;5;5123;11;U395Z3P;Dejvická;50.06758;14.33428
20260624_120512_L381;20260624_120512;24.06.2026;11:53:00;381;8;9956;10;U1980Z1;Kutná Hora,hlavní nádraží;49.97026;14.92913
20260624_120512_L641;20260624_120512;24.06.2026;11:46:00;641;16;9449;18;U9855Z55;Hořovice,nemocnice;49.88281;13.93354
20260624_120512_L471;20260624_120512;24.06.2026;11:55:00;471;6;8090;10;U1787Z2;Mělník,aut.nádr.;50.30824;14.51629
20260624_120512_L445;20260624_120512;24.06.2026;11:54:00;445;16;7404;10;U2108Z1;Jílové u Prahy,náměstí;49.89729;14.49363
20260624_120512_L324;20260624_120512;24.06.2026;11:53:00;324;27;8996;12;U4789Z2;Praha,Zličín;50.23311;14.07178
20260624_120512_L332;20260624_120512;24.06.2026;11:47:00;332;8;9175;14;U488Z7;Praha,Budějovická;50.04296;14.45341
20260624_120512_L347;20260624_120512;24.06.2026;11:52:00;347;19;1444;12;U4141Z2;Praha,Zličín;50.05894;14.2155
20260624_120512_L315;20260624_120512;24.06.2026;11:54:00;315;8;1860;10;U3258Z1;Praha,Černý Most;50.37189;14.88304
20260624_120512_L228;20260624_120512;24.06.2026;11:51:00;228;12;9402;14;U1385Z1P;Benice;50.02415;14.60289
20260624_120512_L199;20260624_120512;24.06.2026;11:51:00;199;1;4157;13;U418Z2P;Želivského;50.0776;14.489
20260624_120512_L136;20260624_120512;24.06.2026;11:52:00;136;7;5082;12;U518Z3P;Jižní Město;50.0759;14.45902
20260624_120512_L405;20260624_120512;24.06.2026;11:52:00;405;61;1431;10;U31000Z2;Praha,Černý Most;50.45908;15.14811
20260624_120512_L342;20260624_120512;24.06.2026;11:54:00;342;20;7701;10;U4398Z1;Slaný,žel.st.;50.17094;14.19117
20260624_120512_L210;20260624_120512;24.06.2026;11:44:00;210;1;1700;20;U4105Z2P;Blatov sever;50.08337;14.64794
20260624_120512_L410;20260624_120512;24.06.2026;11:52:00;410;14;11697;13;U31311Z1;Doksy,žel.st.;50.55315;14.57145
20260624_120512_L167;20260624_120512;24.06.2026;11:55:00;167;1;5005;10;U1100Z1P;Nemocnice Na Homolce;50.07545;14.34784
20260624_120512_L345;20260624_120512;24.06.2026;11:54:00;345;11;1861;10;U3063Z2;Praha,Černý Most;50.40312;14.92691
20260624_120512_L713;20260624_120512;24.06.2026;11:55:00;713;63;9509;10;U31773Z1;Sobotka,nám.;50.46411;15.15647
20260624_120512_L849;20260624_120512;24.06.2026;11:53:00;849;29;7895;11;U5793Z2;Vlašim,žel.st.;49.68768;14.93127
20260624_120915_L136;20260624_120915;24.06.2026;11:57:00;136;14;5545;12;U451Z1P;Sídliště Čakovice;50.15081;14.51438
20260624_120915_L136;20260624_120915;24.06.2026;11:57:00;136;7;5082;10;U29Z1P;Jižní Město;50.06935;14.46875
20260624_120915_L199;20260624_120915;24.06.2026;11:51:00;199;1;4157;16;U418Z2P;Želivského;50.07695;14.48816
20260624_120915_L210;20260624_120915;24.06.2026;11:44:00;210;1;1700;24;U4105Z2P;Blatov sever;50.08337;14.64794
20260624_120915_L300;20260624_120915;24.06.2026;11:59:00;300;11;8997;10;U4308Z3;Libušín,náměstí;50.13313;14.1148
20260624_120915_L315;20260624_120915;24.06.2026;11:58:00;315;8;1860;10;U3265Z1;Praha,Černý Most;50.33621;14.87271
20260624_120915_L324;20260624_120915;24.06.2026;11:56:00;324;27;8996;13;U4787Z2;Praha,Zličín;50.23152;14.08124
20260624_120915_L342;20260624_120915;24.06.2026;11:58:00;342;20;7701;11;U2884Z1;Slaný,žel.st.;50.1854;14.17081
20260624_120915_L395;20260624_120915;24.06.2026;11:58:00;395;49;9868;10;U9712Z2;Praha,Smíchovské nádraží;49.6898;14.02021
20260624_120915_L410;20260624_120915;24.06.2026;11:54:00;410;14;11697;12;U31312Z1;Doksy,žel.st.;50.55597;14.61615
20260624_120915_L471;20260624_120915;24.06.2026;11:58:00;471;6;8090;11;U1789Z1;Mělník,aut.nádr.;50.32247;14.50531
20260624_120915_L641;20260624_120915;24.06.2026;11:46:00;641;16;9449;21;U9855Z55;Hořovice,nemocnice;49.86717;13.93102
20260624_120915_L657;20260624_120915;24.06.2026;11:56:00;657;36;1495;13;U1308Z2;Odolena Voda,závod;50.19503;14.49614
20260624_120915_L758;20260624_120915;24.06.2026;11:58:00;758;7;7899;10;U5901Z1;Postupice,škola;49.77219;14.69846
20260624_121316_L425;20260624_121316;24.06.2026;12:00:00;425;49;1649;11;U2588Z2;Praha,Černý Most;50.19166;15.30137
20260624_121316_L300;20260624_121316;24.06.2026;12:02:00;300;11;8997;10;U4310Z1;Libušín,náměstí;50.14024;14.09965
20260624_121316_L561;20260624_121316;24.06.2026;12:01:00;561;61;8382;10;U6849Z2;Oráčov;50.09797;13.65364
20260624_121316_L854;20260624_121316;24.06.2026;12:02:00;854;51;7841;10;U6760Z2;Načeradec,Dolní Lhota;49.70349;14.88743
20260624_121316_L315;20260624_121316;24.06.2026;12:02:00;315;8;1860;10;U3383Z1;Praha,Černý Most;50.32819;14.86582
20260624_121316_L395;20260624_121316;24.06.2026;12:03:00;395;49;9868;10;U9647Z2;Praha,Smíchovské nádraží;49.69695;14.0529
20260624_121316_L324;20260624_121316;24.06.2026;12:00:00;324;27;8996;13;U4777Z15;Praha,Zličín;50.22828;14.08889
20260624_121316_L342;20260624_121316;24.06.2026;12:01:00;342;20;7701;12;U4416Z2;Slaný,žel.st.;50.18722;14.15398
20260624_121316_L460;20260624_121316;24.06.2026;12:01:00;460;68;1609;11;U9997Z2;Radim,ObÚ;49.93889;15.09561
20260624_121316_L471;20260624_121316;24.06.2026;12:01:00;471;6;8090;11;U1791Z1;Mělník,aut.nádr.;50.34124;14.49116
20260624_121316_L657;20260624_121316;24.06.2026;11:59:00;657;36;1495;14;U2250Z1;Odolena Voda,závod;50.20441;14.47386
20260624_121316_L210;20260624_121316;24.06.2026;11:44:00;210;1;1700;29;U4105Z2P;Blatov sever;50.08337;14.64794
20260624_121316_L758;20260624_121316;24.06.2026;11:59:00;758;7;7899;11;U7001Z1;Postupice,škola;49.75772;14.71886
20260624_121316_L199;20260624_121316;24.06.2026;11:51:00;199;1;4157;19;U418Z2P;Želivského;50.07781;14.47981
20260624_121316_L136;20260624_121316;24.06.2026;12:01:00;136;7;5082;12;U37Z1P;Jižní Město;50.06044;14.46955
20260624_121716_L136;20260624_121716;24.06.2026;12:06:00;136;7;5082;11;U697Z3P;Jižní Město;50.04874;14.48077
20260624_121716_L199;20260624_121716;24.06.2026;12:03:00;199;1;4157;13;U921Z6P;Sídliště Malešice;50.079;14.47477
20260624_121716_L300;20260624_121716;24.06.2026;12:04:00;300;11;8997;12;U3094Z1;Libušín,náměstí;50.1452;14.09407
20260624_121716_L310;20260624_121716;24.06.2026;12:05:00;310;76;9596;10;U1643Z2;Praha,Zličín;50.05293;14.27624
20260624_121716_L315;20260624_121716;24.06.2026;12:05:00;315;8;1860;12;U3381Z2;Praha,Černý Most;50.30795;14.85385
20260624_121716_L324;20260624_121716;24.06.2026;12:03:00;324;27;8996;14;U4804Z2;Praha,Zličín;50.21872;14.07592
20260624_121716_L395;20260624_121716;24.06.2026;12:06:00;395;49;9868;11;U9646Z2;Praha,Smíchovské nádraží;49.70583;14.08886
20260624_121716_L401;20260624_121716;24.06.2026;12:07:00;401;59;7775;10;U6443Z1;Jindřichův Hradec,aut.nádr.;49.54105;14.66182
20260624_121716_L410;20260624_121716;24.06.2026;12:03:00;410;14;11697;14;U31041Z2;Doksy,žel.st.;50.56352;14.65439
20260624_121716_L425;20260624_121716;24.06.2026;12:00:00;425;49;1649;12;U2588Z2;Praha,Černý Most;50.16801;15.26874
20260624_121716_L467;20260624_121716;24.06.2026;12:07:00;467;53;9824;10;U9174Z2;Roudnice n.L.,ČSAD;50.34485;14.66716
20260624_121716_L471;20260624_121716;24.06.2026;12:05:00;471;6;8090;11;U3336Z1;Mělník,aut.nádr.;50.35068;14.47882
20260624_121716_L561;20260624_121716;24.06.2026;12:05:00;561;61;8382;10;U6855Z1;Oráčov;50.09004;13.63423
20260624_121716_L641;20260624_121716;24.06.2026;12:07:00;641;17;9450;10;U9856Z1;Beroun,autobusové nádraží;49.87123;13.92791
20260624_121716_L641;20260624_121716;24.06.2026;12:05:00;641;10;9547;11;U9855Z55;Hořovice,nemocnice;49.88291;13.93653
20260624_121716_L650;20260624_121716;24.06.2026;12:06:00;650;24;12557;11;U32106Z1;Kladno,autobusové nádraží;50.50539;14.1424
20260624_121716_L699;20260624_121716;24.06.2026;12:06:00;699;22;8548;11;U3382Z2;Hrušov;50.32683;14.85634
20260624_121716_L758;20260624_121716;24.06.2026;12:06:00;758;7;7899;11;U7984Z1;Postupice,škola;49.74522;14.73167
20260624_122117_L650;20260624_122117;24.06.2026;12:09:00;650;24;12557;10;U31419Z1;Kladno,autobusové nádraží;50.49224;14.14805
20260624_122117_L136;20260624_122117;24.06.2026;12:08:00;136;7;5082;12;U417Z1P;Jižní Město;50.04292;14.48774
20260624_122117_L155;20260624_122117;24.06.2026;12:08:00;155;2;9120;13;U921Z9P;Nemocnice Vinohrady;50.07832;14.47575
20260624_122117_L676;20260624_122117;24.06.2026;12:11:00;676;33;8593;10;U9554Z2;Seletice;50.21684;15.05667
20260624_122117_L315;20260624_122117;24.06.2026;12:07:00;315;8;1860;12;U3380Z2;Praha,Černý Most;50.28735;14.83283
20260624_122117_L641;20260624_122117;24.06.2026;12:05:00;641;10;9547;14;U9855Z55;Hořovice,nemocnice;49.8691;13.92974
20260624_122117_L641;20260624_122117;24.06.2026;12:07:00;641;17;9450;13;U9856Z1;Beroun,autobusové nádraží;49.88257;13.94636
20260624_122117_L620;20260624_122117;24.06.2026;12:10:00;620;20;7329;11;U4417Z2;Kladno,autobusové nádraží;50.18884;14.16032
20260624_122117_L300;20260624_122117;24.06.2026;12:10:00;300;11;8997;11;U2889Z1;Libušín,náměstí;50.14112;14.08305
20260624_122117_L199;20260624_122117;24.06.2026;12:03:00;199;1;4157;16;U921Z6P;Sídliště Malešice;50.0769;14.48837
20260624_122117_L460;20260624_122117;24.06.2026;12:08:00;460;68;1609;10;U2155Z2;Radim,ObÚ;49.94244;15.06888
20260624_122117_L342;20260624_122117;24.06.2026;12:06:00;342;20;7701;13;U4413Z2;Slaný,žel.st.;50.1717;14.10836
20260624_122117_L304;20260624_122117;24.06.2026;12:10:00;304;6;8355;11;U444Z1;Praha,Vypich;50.0759;14.34603
20260624_122117_L561;20260624_122117;24.06.2026;12:09:00;561;61;8382;11;U9541Z1;Oráčov;50.08747;13.63025
20260624_122117_L332;20260624_122117;24.06.2026;12:11:00;332;1;9162;10;U2108Z1;Neveklov;49.89794;14.49376
20260624_122117_L758;20260624_122117;24.06.2026;12:10:00;758;7;7899;10;U7863Z2;Postupice,škola;49.72684;14.73317
20260624_122117_L310;20260624_122117;24.06.2026;12:06:00;310;76;9596;13;U1142Z2;Praha,Zličín;50.05552;14.28842
20260624_122517_L136;20260624_122517;24.06.2026;12:13:00;136;7;5082;12;U344Z1P;Jižní Město;50.0315;14.50542
20260624_122517_L168;20260624_122517;24.06.2026;12:12:00;168;4;2074;12;U558Z2P;Bílá Hora;50.07566;14.31638
20260624_122517_L561;20260624_122517;24.06.2026;12:14:00;561;61;8382;11;U6853Z1;Oráčov;50.0669;13.63783
20260624_122517_L342;20260624_122517;24.06.2026;12:10:00;342;20;7701;13;U4806Z1;Slaný,žel.st.;50.18935;14.11927
20260624_122517_L573;20260624_122517;24.06.2026;12:15:00;573;3;1340;10;U6859Z1;Hořovičky;50.1209;13.47993
20260624_122517_L180;20260624_122517;24.06.2026;12:13:00;180;6;5057;11;U229Z2P;Dejvická;50.08675;14.37436
20260624_122517_L768;20260624_122517;24.06.2026;12:15:00;768;27;8544;10;U3379Z3;Kropáčova Vrutice,Kojovice;50.28611;14.82683
20260624_122517_L315;20260624_122517;24.06.2026;12:14:00;315;3;8674;11;U3389Z2;Praha,Černý Most;50.4125;14.91063
20260624_122517_L760;20260624_122517;24.06.2026;12:10:00;760;60;8386;15;U2009Z1;Rakovník,aut.st.;50.10624;13.72527
20260624_122517_L650;20260624_122517;24.06.2026;12:11:00;650;24;12557;12;U31420Z1;Kladno,autobusové nádraží;50.48927;14.14688
20260624_122517_L655;20260624_122517;24.06.2026;12:15:00;655;44;8027;10;U6056Z1;Úvaly,žel.st.;50.10754;14.7062
20260624_122517_L657;20260624_122517;24.06.2026;12:15:00;657;36;1495;10;U2215Z3;Brandýs n.L.-St.Bol.,nádr.;50.21997;14.40848
20260624_122517_L540;20260624_122517;24.06.2026;12:13:00;540;15;7625;10;U6716Z1;Záhornice,u Tylů;50.15606;15.14896
20260624_122517_L381;20260624_122517;24.06.2026;12:15:00;381;8;9956;10;U2155Z1;Kutná Hora,hlavní nádraží;49.95633;15.08493
20260624_122517_L315;20260624_122517;24.06.2026;12:10:00;315;8;1860;13;U3379Z2;Praha,Černý Most;50.28567;14.82785
20260624_122517_L300;20260624_122517;24.06.2026;12:12:00;300;11;8997;12;U3095Z1;Libušín,náměstí;50.14085;14.06925
20260624_122517_L324;20260624_122517;24.06.2026;12:10:00;324;27;8996;14;U1915Z1;Praha,Zličín;50.18614;14.0352
20260624_122517_L640;20260624_122517;24.06.2026;12:13:00;640;27;9440;10;U9843Z2;Jince,sokolovna;49.83569;13.99291
20260624_122517_L641;20260624_122517;24.06.2026;12:07:00;641;17;9450;16;U9856Z1;Beroun,autobusové nádraží;49.87302;13.94843
20260624_122517_L620;20260624_122517;24.06.2026;12:14:00;620;20;7329;10;U4415Z2;Kladno,autobusové nádraží;50.17541;14.12718
20260624_122517_L699;20260624_122517;24.06.2026;12:12:00;699;22;8548;10;U2984Z51;Hrušov;50.35347;14.82821
20260624_122517_L369;20260624_122517;24.06.2026;12:15:00;369;32;8233;10;U1793Z3;Mělník,Mlazice;50.35039;14.48892
20260624_122517_L136;20260624_122517;24.06.2026;12:15:00;136;10;6773;10;U2787Z2P;Jižní Město;50.08771;14.45672
20260624_122918_L384;20260624_122918;24.06.2026;12:19:00;384;19;9915;10;U1745Z2;Praha,Zličín;49.96529;14.07197
20260624_122918_L655;20260624_122918;24.06.2026;12:19:00;655;44;8027;10;U2354Z1;Úvaly,žel.st.;50.09244;14.71791
20260624_122918_L699;20260624_122918;24.06.2026;12:12:00;699;22;8548;12;U2984Z51;Hrušov;50.34546;14.84134
20260624_122918_L640;20260624_122918;24.06.2026;12:16:00;640;27;9440;10;U9848Z2;Jince,sokolovna;49.8385;14.01684
20260624_122918_L794;20260624_122918;24.06.2026;12:19:00;794;54;7919;10;U5734Z2;Kácov,nám.;49.76578;14.99718
20260624_122918_L342;20260624_122918;24.06.2026;12:15:00;342;20;7701;10;U4768Z1;Slaný,žel.st.;50.19182;14.1144
20260624_122918_L332;20260624_122918;24.06.2026;12:18:00;332;1;9162;11;U1936Z1;Neveklov;49.87875;14.50246
20260624_122918_L300;20260624_122918;24.06.2026;12:16:00;300;11;8997;13;U4791Z1;Libušín,náměstí;50.15626;14.04903
20260624_122918_L315;20260624_122918;24.06.2026;12:18:00;315;3;8674;11;U3063Z2;Praha,Černý Most;50.41037;14.928
20260624_122918_L324;20260624_122918;24.06.2026;12:14:00;324;27;8996;14;U4933Z2;Praha,Zličín;50.16483;14.02212
20260624_122918_L561;20260624_122918;24.06.2026;12:17:00;561;61;8382;11;U9534Z1;Oráčov;50.05585;13.62587
20260624_122918_L650;20260624_122918;24.06.2026;12:15:00;650;24;12557;12;U31422Z1;Kladno,autobusové nádraží;50.47212;14.13982
20260624_122918_L467;20260624_122918;24.06.2026;12:15:00;467;15;8116;13;U1793Z4;Mladá Boleslav,aut.st.;50.34604;14.49409
20260624_122918_L316;20260624_122918;24.06.2026;12:18:00;316;5;8978;10;U1690Z1;Holubice;50.16196;14.31055
20260624_122918_L369;20260624_122918;24.06.2026;12:17:00;369;32;8233;11;U1794Z1;Mělník,Mlazice;50.35445;14.48089
20260624_122918_L136;20260624_122918;24.06.2026;12:18:00;136;7;5082;11;U353Z1P;Jižní Město;50.02604;14.52114
20260624_122918_L136;20260624_122918;24.06.2026;12:18:00;136;10;6773;11;U516Z3P;Jižní Město;50.08248;14.45898
20260624_122918_L180;20260624_122918;24.06.2026;12:17:00;180;6;5057;12;U867Z1P;Dejvická;50.09357;14.38921
20260624_123319_L136;20260624_123319;24.06.2026;12:20:00;136;10;6773;12;U118Z4P;Jižní Město;50.07777;14.45896
20260624_123319_L149;20260624_123319;24.06.2026;12:23:00;149;5;4088;10;U788Z1P;Stodůlky-Bavorská;50.06447;14.37774
20260624_123319_L155;20260624_123319;24.06.2026;12:20:00;155;2;9120;10;U2954Z2P;Poliklinika Malešice;50.07818;14.47326
20260624_123319_L180;20260624_123319;24.06.2026;12:20:00;180;6;5057;13;U321Z4P;Dejvická;50.09939;14.39555
20260624_123319_L199;20260624_123319;24.06.2026;12:19:00;199;1;4157;14;U548Z2P;Želivského;50.08222;14.50274
20260624_123319_L821;20260624_123319;24.06.2026;12:21:00;821;70;1611;12;U2385Z1;Horní Kruty,Bohouňovice II;49.91997;14.95954
20260624_123319_L861;20260624_123319;24.06.2026;12:23:00;861;87;9063;10;U7490Z1;Beroun,autobusové nádraží;49.96191;14.0555
20260624_123319_L306;20260624_123319;24.06.2026;12:20:00;306;4;8874;13;U1141Z3;Hostivice,Ve Vilkách;50.05547;14.28954
20260624_123319_L315;20260624_123319;24.06.2026;12:21:00;315;8;1860;11;U3261Z51;Praha,Černý Most;50.2491;14.76864
20260624_123319_L315;20260624_123319;24.06.2026;12:18:00;315;3;8674;14;U3063Z2;Praha,Černý Most;50.40777;14.93487
20260624_123319_L316;20260624_123319;24.06.2026;12:23:00;316;5;8978;10;U1691Z1;Holubice;50.19116;14.32091
20260624_123319_L324;20260624_123319;24.06.2026;12:19:00;324;27;8996;13;U1918Z2;Praha,Zličín;50.1411;14.06289
20260624_123319_L342;20260624_123319;24.06.2026;12:20:00;342;20;7701;11;U4771Z1;Slaný,žel.st.;50.2064;14.12148
20260624_123319_L346;20260624_123319;24.06.2026;12:18:00;346;3;8262;15;U1996Z1;Brandýs n.L.-St.Bol.,nem.;50.17587;14.66412
20260624_123319_L369;20260624_123319;24.06.2026;12:21:00;369;32;8233;12;U1796Z1;Mělník,Mlazice;50.36235;14.46862
20260624_123319_L381;20260624_123319;24.06.2026;12:20:00;381;7;9375;11;U2480Z8;Praha,Háje;49.95269;15.26974
20260624_123319_L384;20260624_123319;24.06.2026;12:21:00;384;19;9915;12;U4273Z1;Praha,Zličín;49.96845;14.08107
20260624_123319_L395;20260624_123319;24.06.2026;12:20:00;395;49;9868;12;U1851Z4;Praha,Smíchovské nádraží;49.7823;14.17119
20260624_123319_L395;20260624_123319;24.06.2026;12:23:00;395;35;9907;10;U9647Z2;Praha,Smíchovské nádraží;49.69752;14.05338
20260624_123319_L398;20260624_123319;24.06.2026;12:21:00;398;24;8266;11;U2921Z2;Praha,Černý Most;50.1284;14.71244
20260624_123319_L430;20260624_123319;24.06.2026;12:22:00;430;8;8566;11;U5914Z1;Lysá n.L.,žel.st.;50.22943;14.85775
20260624_123319_L467;20260624_123319;24.06.2026;12:19:00;467;15;8116;13;U3326Z3;Mladá Boleslav,aut.st.;50.33524;14.52021
20260624_123319_L523;20260624_123319;24.06.2026;12:22:00;523;1;59539;10;U31851Z1;Rožmitál p.Tř.,aut.st.;49.61378;13.60554
20260624_123319_L561;20260624_123319;24.06.2026;12:20:00;561;61;8382;12;U6886Z1;Oráčov;50.06382;13.59475
20260624_123319_L617;20260624_123319;24.06.2026;12:21:00;617;15;7330;12;U4608Z1;Kladno,autobusové nádraží;50.4263;14.26273
20260624_123319_L620;20260624_123319;24.06.2026;12:21:00;620;20;7329;11;U2881Z4;Kladno,autobusové nádraží;50.15843;14.10839
20260624_123319_L640;20260624_123319;24.06.2026;12:21:00;640;27;9440;10;U9813Z2;Jince,sokolovna;49.82598;14.04133
20260624_123319_L641;20260624_123319;24.06.2026;12:18:00;641;17;9450;14;U1229Z1;Beroun,autobusové nádraží;49.90325;13.96138
20260624_123319_L650;20260624_123319;24.06.2026;12:20:00;650;24;12557;13;U31424Z1;Kladno,autobusové nádraží;50.45432;14.14619
20260624_123319_L657;20260624_123319;24.06.2026;12:22:00;657;36;1495;10;U2262Z2;Brandýs n.L.-St.Bol.,nádr.;50.21437;14.44222
20260624_123319_L768;20260624_123319;24.06.2026;12:20:00;768;27;8544;13;U4347Z2;Kropáčova Vrutice,Kojovice;50.29453;14.83031
20260624_123319_L794;20260624_123319;24.06.2026;12:23:00;794;54;7919;10;U5732Z1;Kácov,nám.;49.776;14.99264
20260624_123720_L561;20260624_123720;24.06.2026;12:23:00;561;61;8382;13;U6887Z1;Oráčov;50.07807;13.58598
20260624_123720_L401;20260624_123720;24.06.2026;12:25:00;401;59;7775;10;U31279Z1;Jindřichův Hradec,aut.nádr.;49.41106;14.67527
20260624_123720_L395;20260624_123720;24.06.2026;12:23:00;395;49;9868;13;U2860Z2;Praha,Smíchovské nádraží;49.79233;14.18753
20260624_123720_L398;20260624_123720;24.06.2026;12:25:00;398;24;8266;11;U2451Z2;Praha,Černý Most;50.12363;14.67994
20260624_123720_L380;20260624_123720;24.06.2026;12:24:00;380;8;9970;10;U1142Z2;Praha,Vypich;50.0551;14.28894
20260624_123720_L381;20260624_123720;24.06.2026;12:27:00;381;16;9362;10;U2010Z2;Praha,Háje;49.98835;14.76804
20260624_123720_L523;20260624_123720;24.06.2026;12:27:00;523;1;59539;10;U31852Z2;Rožmitál p.Tř.,aut.st.;49.60906;13.64703
20260624_123720_L650;20260624_123720;24.06.2026;12:20:00;650;24;12557;14;U31424Z1;Kladno,autobusové nádraží;50.45601;14.16142
20260624_123720_L467;20260624_123720;24.06.2026;12:26:00;467;53;9824;10;U3326Z4;Roudnice n.L.,ČSAD;50.34133;14.50617
20260624_123720_L768;20260624_123720;24.06.2026;12:24:00;768;27;8544;13;U2979Z1;Kropáčova Vrutice,Kojovice;50.31038;14.80876
20260624_123720_L430;20260624_123720;24.06.2026;12:24:00;430;8;8566;13;U1490Z1;Lysá n.L.,žel.st.;50.23063;14.83804
20260624_123720_L443;20260624_123720;24.06.2026;12:26:00;443;22;8594;11;U4179Z1;Nymburk,hl.nádr.;50.15581;14.74459
20260624_123720_L640;20260624_123720;24.06.2026;12:23:00;640;27;9440;14;U9812Z2;Jince,sokolovna;49.82561;14.04343
20260624_123720_L861;20260624_123720;24.06.2026;12:27:00;861;87;9063;10;U6945Z2;Beroun,autobusové nádraží;49.96009;14.04867
20260624_123720_L620;20260624_123720;24.06.2026;12:25:00;620;20;7329;12;U4313Z9;Kladno,autobusové nádraží;50.14543;14.09524
20260624_123720_L306;20260624_123720;24.06.2026;12:24:00;306;4;8874;13;U913Z1;Hostivice,Ve Vilkách;50.06295;14.28536
20260624_123720_L307;20260624_123720;24.06.2026;12:26:00;307;10;8991;10;U1675Z1;Unhošť,nám.;50.03137;14.19524
20260624_123720_L342;20260624_123720;24.06.2026;12:27:00;342;20;7701;10;U4773Z3;Slaný,žel.st.;50.21309;14.13599
20260624_123720_L346;20260624_123720;24.06.2026;12:24:00;346;3;8262;12;U1826Z3;Brandýs n.L.-St.Bol.,nem.;50.18502;14.6533
20260624_123720_L315;20260624_123720;24.06.2026;12:21:00;315;8;1860;15;U3261Z51;Praha,Černý Most;50.24836;14.75549
20260624_123720_L316;20260624_123720;24.06.2026;12:26:00;316;5;8978;11;U1692Z1;Holubice;50.19748;14.29508
20260624_123720_L641;20260624_123720;24.06.2026;12:22:00;641;17;9450;15;U9105Z1;Beroun,autobusové nádraží;49.91222;13.97927
20260624_123720_L395;20260624_123720;24.06.2026;12:26:00;395;35;9907;11;U9646Z2;Praha,Smíchovské nádraží;49.70608;14.08898
20260624_123720_L332;20260624_123720;24.06.2026;12:24:00;332;1;9162;13;U1938Z1;Neveklov;49.86231;14.50399
20260624_123720_L315;20260624_123720;24.06.2026;12:18:00;315;3;8674;16;U3063Z2;Praha,Černý Most;50.39702;14.91298
20260624_123720_L400;20260624_123720;24.06.2026;12:26:00;400;25;11696;10;U6070Z1;Nový Bor,aut.nádr.;50.45531;14.47555
20260624_123720_L149;20260624_123720;24.06.2026;12:27:00;149;5;4088;10;U174Z1P;Stodůlky-Bavorská;50.05725;14.36923
20260624_123720_L381;20260624_123720;24.06.2026;12:25:00;381;7;9375;12;U2478Z2;Praha,Háje;49.94779;15.25737
20260624_123720_L499;20260624_123720;24.06.2026;12:26:00;499;13;8690;10;U3039Z1;Nymburk,hl.nádr.;50.28531;15.02014
20260624_123720_L657;20260624_123720;24.06.2026;12:25:00;657;36;1495;10;U2268Z1;Brandýs n.L.-St.Bol.,nádr.;50.20471;14.47296
20260624_123720_L136;20260624_123720;24.06.2026;12:27:00;136;10;6773;10;U29Z1P;Jižní Město;50.07263;14.47044
20260624_124120_L561;20260624_124120;24.06.2026;12:28:00;561;61;8382;13;U6856Z1;Oráčov;50.10838;13.59153
20260624_124120_L398;20260624_124120;24.06.2026;12:31:00;398;24;8266;10;U155Z2;Praha,Černý Most;50.11802;14.62865
20260624_124120_L381;20260624_124120;24.06.2026;12:30:00;381;16;9362;11;U2008Z2;Praha,Háje;49.9896;14.74034
20260624_124120_L381;20260624_124120;24.06.2026;12:27:00;381;7;9375;12;U1476Z2;Praha,Háje;49.94841;15.2206
20260624_124120_L384;20260624_124120;24.06.2026;12:30:00;384;19;9915;11;U2371Z2;Praha,Zličín;49.99136;14.15125
20260624_124120_L395;20260624_124120;24.06.2026;12:26:00;395;49;9868;14;U1977Z2;Praha,Smíchovské nádraží;49.8064;14.20515
20260624_124120_L380;20260624_124120;24.06.2026;12:28:00;380;8;9970;11;U1141Z5;Praha,Vypich;50.05865;14.29205
20260624_124120_L521;20260624_124120;24.06.2026;12:30:00;521;17;9617;11;U9767Z1;Věšín,Buková;49.66056;13.95423
20260624_124120_L676;20260624_124120;24.06.2026;12:31:00;676;33;8593;10;U3039Z1;Seletice;50.28673;15.02157
20260624_124120_L523;20260624_124120;24.06.2026;12:31:00;523;1;59539;10;U31543Z2;Rožmitál p.Tř.,aut.st.;49.62066;13.69095
20260624_124120_L467;20260624_124120;24.06.2026;12:28:00;467;15;8116;13;U9165Z1;Mladá Boleslav,aut.st.;50.31276;14.59103
20260624_124120_L499;20260624_124120;24.06.2026;12:30:00;499;13;8690;10;U3047Z2;Nymburk,hl.nádr.;50.27063;15.0153
20260624_124120_L640;20260624_124120;24.06.2026;12:30:00;640;27;9440;11;U9809Z2;Jince,sokolovna;49.8086;14.0204
20260624_124120_L641;20260624_124120;24.06.2026;12:26:00;641;17;9450;14;U9107Z1;Beroun,autobusové nádraží;49.92949;13.9781
20260624_124120_L861;20260624_124120;24.06.2026;12:29:00;861;87;9063;11;U4766Z4;Beroun,autobusové nádraží;49.95523;14.04818
20260624_124120_L460;20260624_124120;24.06.2026;12:29:00;460;68;1609;12;U2151Z3;Radim,ObÚ;49.95481;15.02978
20260624_124120_L300;20260624_124120;24.06.2026;12:29:00;300;2;8993;10;U80Z4;Praha,Nádraží Veleslavín;50.09276;14.31934
20260624_124120_L306;20260624_124120;24.06.2026;12:28:00;306;4;8874;13;U1148Z1;Hostivice,Ve Vilkách;50.06653;14.26581
20260624_124120_L307;20260624_124120;24.06.2026;12:30:00;307;10;8991;11;U1677Z1;Unhošť,nám.;50.04692;14.18597
20260624_124120_L324;20260624_124120;24.06.2026;12:26:00;324;27;8996;15;U4313Z7;Praha,Zličín;50.14453;14.09297
20260624_124120_L332;20260624_124120;24.06.2026;12:26:00;332;1;9162;15;U1939Z1;Neveklov;49.85994;14.51468
20260624_124120_L342;20260624_124120;24.06.2026;12:28:00;342;20;7701;12;U4774Z1;Slaný,žel.st.;50.2232;14.11901
20260624_124120_L768;20260624_124120;24.06.2026;12:24:00;768;27;8544;14;U2979Z1;Kropáčova Vrutice,Kojovice;50.30614;14.78893
20260624_124120_L155;20260624_124120;24.06.2026;12:26:00;155;2;9120;14;U767Z2P;Poliklinika Malešice;50.08416;14.48195
20260624_124120_L125;20260624_124120;24.06.2026;12:29:00;125;9;5552;10;U1076Z1P;Smíchovské nádraží;50.06989;14.51043
20260624_124120_L617;20260624_124120;24.06.2026;12:26:00;617;15;7330;11;U4717Z5;Kladno,autobusové nádraží;50.42316;14.25592
20260624_124120_L346;20260624_124120;24.06.2026;12:28:00;346;3;8262;12;U1948Z12;Praha,Černý Most;50.18856;14.65238
20260624_124120_L401;20260624_124120;24.06.2026;12:29:00;401;59;7775;11;U4886Z7;Jindřichův Hradec,aut.nádr.;49.41419;14.67491
20260624_124120_L443;20260624_124120;24.06.2026;12:28:00;443;22;8594;11;U2349Z2;Nymburk,hl.nádr.;50.15822;14.75375
20260624_124120_L588;20260624_124120;24.06.2026;12:31:00;588;23;7706;10;U9039Z1;Slaný,aut.nádr.;50.23872;13.86515
20260624_124120_L430;20260624_124120;24.06.2026;12:28:00;430;8;8566;13;U2445Z2;Lysá n.L.,žel.st.;50.20782;14.84426
20260624_124120_L149;20260624_124120;24.06.2026;12:32:00;149;5;4088;10;U27Z1P;Stodůlky-Bavorská;50.05125;14.36613
20260624_124120_L620;20260624_124120;24.06.2026;12:27:00;620;20;7329;14;U3094Z2;Kladno,autobusové nádraží;50.14101;14.09938
20260624_124120_L657;20260624_124120;24.06.2026;12:30:00;657;36;1495;11;U1308Z1;Brandýs n.L.-St.Bol.,nádr.;50.19526;14.49635
20260624_124120_L136;20260624_124120;24.06.2026;12:30:00;136;11;5089;11;U118Z4P;Jižní Město;50.07876;14.46055
20260624_124120_L136;20260624_124120;24.06.2026;12:31:00;136;10;6773;10;U37Z1P;Jižní Město;50.06052;14.46952
20260624_124120_L307;20260624_124120;24.06.2026;12:31:00;307;11;8952;10;U1677Z2;Praha,Zličín;50.04457;14.18527
20260624_124120_L380;20260624_124120;24.06.2026;12:28:00;380;7;9972;12;U33Z3;Králův Dvůr,Počaply,Obchodní centrum;50.06087;14.30284
20260624_124520_L136;20260624_124520;24.06.2026;12:35:00;136;12;6957;10;U2787Z2P;Jižní Město;50.08773;14.45679
20260624_124520_L401;20260624_124520;24.06.2026;12:29:00;401;59;7775;14;U4886Z7;Jindřichův Hradec,aut.nádr.;49.41219;14.67639
20260624_124520_L861;20260624_124520;24.06.2026;12:33:00;861;87;9063;11;U7527Z1;Beroun,autobusové nádraží;49.95721;14.06329
20260624_124520_L398;20260624_124520;24.06.2026;12:34:00;398;24;8266;10;U452Z2;Praha,Černý Most;50.11435;14.60649
20260624_124520_L430;20260624_124520;24.06.2026;12:31:00;430;8;8566;13;U2431Z2;Lysá n.L.,žel.st.;50.19874;14.84158
20260624_124520_L346;20260624_124520;24.06.2026;12:28:00;346;3;8262;14;U1948Z12;Praha,Černý Most;50.18556;14.65988
20260624_124520_L640;20260624_124520;24.06.2026;12:31:00;640;27;9440;11;U9808Z2;Jince,sokolovna;49.79866;14.004
20260624_124520_L125;20260624_124520;24.06.2026;12:29:00;125;9;5552;16;U1076Z1P;Smíchovské nádraží;50.06984;14.51065
20260624_124520_L460;20260624_124520;24.06.2026;12:31:00;460;68;1609;10;U2166Z2;Radim,ObÚ;49.96443;14.98758
20260624_124520_L381;20260624_124520;24.06.2026;12:33:00;381;16;9362;12;U2006Z2;Praha,Háje;49.98845;14.71103
20260624_124520_L381;20260624_124520;24.06.2026;12:33:00;381;7;9375;11;U1474Z2;Praha,Háje;49.95317;15.17111
20260624_124520_L384;20260624_124520;24.06.2026;12:32:00;384;19;9915;12;U2370Z2;Praha,Zličín;49.9971;14.16527
20260624_124520_L300;20260624_124520;24.06.2026;12:32:00;300;7;8957;11;U4310Z1;Smečno;50.14194;14.09822
20260624_124520_L306;20260624_124520;24.06.2026;12:31:00;306;4;8874;12;U1143Z1;Hostivice,Ve Vilkách;50.08114;14.25593
20260624_124520_L307;20260624_124520;24.06.2026;12:32:00;307;10;8991;12;U1678Z1;Unhošť,nám.;50.05205;14.16902
20260624_124520_L332;20260624_124520;24.06.2026;12:31:00;332;1;9162;13;U1941Z1;Neveklov;49.86132;14.53887
20260624_124520_L521;20260624_124520;24.06.2026;12:33:00;521;17;9617;12;U9624Z1;Věšín,Buková;49.65351;13.94211
20260624_124520_L430;20260624_124520;24.06.2026;12:31:00;430;7;8555;12;U2463Z1;Lipník;50.23389;14.8611
20260624_124520_L657;20260624_124520;24.06.2026;12:31:00;657;36;1495;13;U1309Z1;Brandýs n.L.-St.Bol.,nádr.;50.19489;14.5046
20260624_124520_L467;20260624_124520;24.06.2026;12:35:00;467;53;9824;10;U1794Z1;Roudnice n.L.,ČSAD;50.3536;14.48223
20260624_124520_L641;20260624_124520;24.06.2026;12:31:00;641;17;9450;13;U9006Z1;Beroun,autobusové nádraží;49.93808;14.01947
20260624_124520_L415;20260624_124520;24.06.2026;12:35:00;415;3;12431;10;U32302Z2;Kadaň,aut.nádr.;50.32411;13.5248
20260624_124520_L400;20260624_124520;24.06.2026;12:34:00;400;25;11696;10;U6078Z1;Nový Bor,aut.nádr.;50.50324;14.48646
20260624_124520_L149;20260624_124520;24.06.2026;12:33:00;149;5;4088;10;U238Z1P;Stodůlky-Bavorská;50.0503;14.35462
20260624_124520_L136;20260624_124520;24.06.2026;12:34:00;136;11;5089;11;U855Z1P;Jižní Město;50.07446;14.46387
20260624_124520_L342;20260624_124520;24.06.2026;12:34:00;342;20;7701;11;U4777Z15;Slaný,žel.st.;50.22764;14.08656
20260624_124520_L380;20260624_124520;24.06.2026;12:33:00;380;8;9970;12;U33Z4;Praha,Vypich;50.06209;14.31056
20260624_124520_L523;20260624_124520;24.06.2026;12:34:00;523;1;59539;10;U31742Z2;Rožmitál p.Tř.,aut.st.;49.62222;13.73136
20260624_124520_L681;20260624_124520;24.06.2026;12:35:00;681;59;1643;10;U2156Z2;Uhlířské Janovice,nám.;49.95264;15.16671
20260624_124520_L676;20260624_124520;24.06.2026;12:33:00;676;33;8593;11;U3040Z1;Seletice;50.29402;15.03981
20260624_124520_L854;20260624_124520;24.06.2026;12:33:00;854;51;7841;10;U7742Z3;Načeradec,Dolní Lhota;49.58491;14.97097
20260624_124921_L380;20260624_124921;24.06.2026;12:38:00;380;8;9970;11;U394Z4;Praha,Vypich;50.06871;14.33539
20260624_124921_L381;20260624_124921;24.06.2026;12:37:00;381;16;9362;12;U1882Z2;Praha,Háje;49.9966;14.67638
20260624_124921_L381;20260624_124921;24.06.2026;12:35:00;381;7;9375;10;U2156Z2;Praha,Háje;49.9538;15.1464
20260624_124921_L482;20260624_124921;24.06.2026;12:39:00;482;31;7264;10;U7046Z1;Strakonice,aut.nádr.;49.55717;13.95115
20260624_124921_L523;20260624_124921;24.06.2026;12:37:00;523;1;59539;10;U5960Z2;Rožmitál p.Tř.,aut.st.;49.62107;13.76782
20260624_124921_L676;20260624_124921;24.06.2026;12:38:00;676;33;8593;11;U3061Z1;Seletice;50.29457;15.07573
20260624_124921_L468;20260624_124921;24.06.2026;12:39:00;468;25;1055;10;U4724Z1;Černouček;50.39175;14.44466
20260624_124921_L786;20260624_124921;24.06.2026;12:37:00;786;14;7614;12;U7124Z2;Paběnice,ObÚ;49.90749;15.26355
20260624_124921_L467;20260624_124921;24.06.2026;12:37:00;467;53;9824;11;U1795Z1;Roudnice n.L.,ČSAD;50.36186;14.46916
20260624_124921_L307;20260624_124921;24.06.2026;12:37:00;307;10;8991;12;U1682Z1;Unhošť,nám.;50.06916;14.16516
20260624_124921_L332;20260624_124921;24.06.2026;12:35:00;332;1;9162;13;U5018Z2;Neveklov;49.85105;14.54331
20260624_124921_L342;20260624_124921;24.06.2026;12:36:00;342;20;7701;12;U4786Z1;Slaný,žel.st.;50.23295;14.08069
20260624_124921_L315;20260624_124921;24.06.2026;12:35:00;315;3;8674;14;U3381Z2;Praha,Černý Most;50.30797;14.85384
20260624_124921_L641;20260624_124921;24.06.2026;12:37:00;641;17;9450;12;U1748Z2;Beroun,autobusové nádraží;49.94908;14.03952
20260624_124921_L617;20260624_124921;24.06.2026;12:35:00;617;15;7330;13;U7494Z2;Kladno,autobusové nádraží;50.39848;14.30386
20260624_124921_L681;20260624_124921;24.06.2026;12:35:00;681;59;1643;11;U2156Z2;Uhlířské Janovice,nám.;49.94396;15.15404
20260624_124921_L309;20260624_124921;24.06.2026;12:39:00;309;84;9562;10;U1637Z1;Praha,Zličín;49.98271;14.2358
20260624_124921_L389;20260624_124921;24.06.2026;12:39:00;389;12;7762;10;U32191Z1;Chomutov,žel.st.;50.35598;13.77662
20260624_124921_L345;20260624_124921;24.06.2026;12:38:00;345;36;10654;10;U3392Z2;Praha,Černý Most;50.42571;14.91868
20260624_124921_L415;20260624_124921;24.06.2026;12:38:00;415;3;12431;10;U32304Z1;Kadaň,aut.nádr.;50.33242;13.50094
20260624_124921_L796;20260624_124921;24.06.2026;12:37:00;796;39;7815;10;U1383Z1;Pyšely,nám.;49.8568;14.70244
20260624_124921_L199;20260624_124921;24.06.2026;12:36:00;199;2;3971;11;U418Z2P;Želivského;50.07795;14.47915
20260624_124921_L149;20260624_124921;24.06.2026;12:38:00;149;5;4088;11;U968Z1P;Stodůlky-Bavorská;50.05488;14.34622
20260624_124921_L430;20260624_124921;24.06.2026;12:37:00;430;7;8555;12;U1492Z2;Lipník;50.22913;14.87807
20260624_124921_L306;20260624_124921;24.06.2026;12:37:00;306;4;8874;12;U1218Z2;Hostivice,Ve Vilkách;50.07852;14.24275
20260624_124921_L521;20260624_124921;24.06.2026;12:36:00;521;17;9617;13;U7696Z1;Věšín,Buková;49.65229;13.91334
20260624_124921_L164;20260624_124921;24.06.2026;12:38:00;164;1;1955;10;U229Z2P;Malovanka;50.0867;14.37345
20260624_124921_L657;20260624_124921;24.06.2026;12:34:00;657;36;1495;14;U974Z1;Brandýs n.L.-St.Bol.,nádr.;50.2013;14.52056
20260624_124921_L372;20260624_124921;24.06.2026;12:36:00;372;2;8081;10;U2222Z1;Kralupy n.Vlt.,žel.st.;50.24624;14.39321
20260624_124921_L300;20260624_124921;24.06.2026;12:34:00;300;7;8957;14;U3094Z1;Smečno;50.14324;14.09697
20260624_124921_L768;20260624_124921;24.06.2026;12:34:00;768;27;8544;15;U1473Z1;Kropáčova Vrutice,Kojovice;50.29027;14.73694
20260624_124921_L443;20260624_124921;24.06.2026;12:34:00;443;22;8594;14;U2442Z1;Nymburk,hl.nádr.;50.16231;14.79389
20260624_124921_L307;20260624_124921;24.06.2026;12:39:00;307;11;8952;10;U1648Z2;Praha,Zličín;50.0301;14.2216
20260624_125321_L381;20260624_125321;24.06.2026;12:39:00;381;16;9362;12;U1878Z2;Praha,Háje;50.00238;14.66159
20260624_125321_L796;20260624_125321;24.06.2026;12:39:00;796;39;7815;10;U7431Z1;Pyšely,nám.;49.87237;14.6984
20260624_125321_L380;20260624_125321;24.06.2026;12:38:00;380;7;9972;15;U1643Z1;Králův Dvůr,Počaply,Obchodní centrum;50.04955;14.26766
20260624_125321_L380;20260624_125321;24.06.2026;12:42:00;380;8;9970;10;U444Z1;Praha,Vypich;50.0769;14.34887
20260624_125321_L676;20260624_125321;24.06.2026;12:40:00;676;33;8593;11;U3062Z1;Seletice;50.31053;15.08232
20260624_125321_L823;20260624_125321;24.06.2026;12:43:00;823;38;8043;10;U1606Z1;Doubravčice;50.11488;14.69865
20260624_125321_L786;20260624_125321;24.06.2026;12:41:00;786;14;7614;12;U7120Z2;Paběnice,ObÚ;49.89837;15.25527
20260624_125321_L380;20260624_125321;24.06.2026;12:40:00;380;4;9973;13;U4963Z2;Praha,Vypich;49.96115;14.06065
20260624_125321_L372;20260624_125321;24.06.2026;12:41:00;372;2;8081;12;U2337Z1;Kralupy n.Vlt.,žel.st.;50.25848;14.38454
20260624_125321_L395;20260624_125321;24.06.2026;12:43:00;395;35;9907;10;U2860Z2;Praha,Smíchovské nádraží;49.79005;14.17792
20260624_125321_L548;20260624_125321;24.06.2026;12:43:00;548;13;9546;10;U31962Z1;Zbiroh,nám.;49.86769;13.79349
20260624_125321_L845;20260624_125321;24.06.2026;12:41:00;845;14;7836;10;U31798Z2;Ježov;49.61122;15.22844
20260624_125321_L307;20260624_125321;24.06.2026;12:42:00;307;10;8991;11;U1685Z1;Unhošť,nám.;50.06929;14.14379
20260624_125321_L307;20260624_125321;24.06.2026;12:42:00;307;11;8952;11;U1647Z2;Praha,Zličín;50.0347;14.23372
20260624_125321_L332;20260624_125321;24.06.2026;12:38:00;332;1;9162;15;U3305Z2;Neveklov;49.84457;14.52521
20260624_125321_L641;20260624_125321;24.06.2026;12:41:00;641;17;9450;12;U4971Z2;Beroun,autobusové nádraží;49.95738;14.05781
20260624_125321_L617;20260624_125321;24.06.2026;12:39:00;617;15;7330;13;U7484Z2;Kladno,autobusové nádraží;50.37197;14.30691
20260624_125321_L460;20260624_125321;24.06.2026;12:41:00;460;68;1609;11;U4986Z1;Radim,ObÚ;49.97952;15.02833
20260624_125321_L491;20260624_125321;24.06.2026;12:43:00;491;10;8575;10;U9609Z1;Mukařov;50.01471;14.78282
20260624_125321_L681;20260624_125321;24.06.2026;12:43:00;681;59;1643;10;U9943Z2;Uhlířské Janovice,nám.;49.93579;15.12814
20260624_125321_L706;20260624_125321;24.06.2026;12:43:00;706;62;1613;10;U2816Z6;Žiželice,nám.;50.02478;15.21344
20260624_125321_L136;20260624_125321;24.06.2026;12:43:00;136;13;5140;10;U512Z5P;Jižní Město;50.09019;14.46645
20260624_125321_L768;20260624_125321;24.06.2026;12:40:00;768;27;8544;13;U6087Z2;Kropáčova Vrutice,Kojovice;50.30851;14.73283
20260624_125321_L467;20260624_125321;24.06.2026;12:38:00;467;15;8116;15;U9174Z1;Mladá Boleslav,aut.st.;50.34659;14.6686
20260624_125321_L149;20260624_125321;24.06.2026;12:43:00;149;5;4088;10;U1210Z1P;Stodůlky-Bavorská;50.05481;14.32357
20260624_125321_L300;20260624_125321;24.06.2026;12:38:00;300;7;8957;15;U4325Z1;Smečno;50.14267;14.08771
20260624_125321_L640;20260624_125321;24.06.2026;12:42:00;640;27;9440;11;U9798Z1;Hostomice,nám.;49.79179;13.97826
20260624_125321_L443;20260624_125321;24.06.2026;12:38:00;443;22;8594;15;U2428Z2;Nymburk,hl.nádr.;50.16078;14.82509
20260624_125321_L430;20260624_125321;24.06.2026;12:40:00;430;7;8555;12;U1496Z2;Lipník;50.22907;14.885
20260624_125721_L345;20260624_125721;24.06.2026;12:42:00;345;36;10654;10;U2987Z7;Praha,Černý Most;50.41859;14.91308
20260624_125721_L381;20260624_125721;24.06.2026;12:39:00;381;16;9362;15;U1878Z2;Praha,Háje;50.00338;14.65982
20260624_125721_L641;20260624_125721;24.06.2026;12:43:00;641;17;9450;13;U4964Z2;Beroun,autobusové nádraží;49.96589;14.07002
20260624_125721_L786;20260624_125721;24.06.2026;12:45:00;786;14;7614;12;U7116Z2;Paběnice,ObÚ;49.89538;15.28161
20260624_125721_L372;20260624_125721;24.06.2026;12:44:00;372;2;8081;13;U2339Z1;Kralupy n.Vlt.,žel.st.;50.27397;14.39606
20260624_125721_L380;20260624_125721;24.06.2026;12:43:00;380;4;9973;12;U4964Z2;Praha,Vypich;49.96513;14.07074
20260624_125721_L381;20260624_125721;24.06.2026;12:47:00;381;8;9956;10;U9424Z1;Kutná Hora,hlavní nádraží;49.96102;15.291
20260624_125721_L381;20260624_125721;24.06.2026;12:46:00;381;7;9375;11;U2154Z2;Praha,Háje;49.95653;15.06913
20260624_125721_L385;20260624_125721;24.06.2026;12:44:00;385;29;1622;11;U1371Z3;Praha,Opatov;50.00792;14.55317
20260624_125721_L499;20260624_125721;24.06.2026;12:47:00;499;13;8690;10;U3078Z2;Nymburk,hl.nádr.;50.18982;15.04049
20260624_125721_L210;20260624_125721;24.06.2026;12:44:00;210;1;1700;12;U4105Z2P;Blatov sever;50.08332;14.64794
20260624_125721_L155;20260624_125721;24.06.2026;12:47:00;155;2;9120;10;U548Z3P;Nemocnice Vinohrady;50.08067;14.50119
20260624_125721_L309;20260624_125721;24.06.2026;12:43:00;309;84;9562;10;U1199Z2;Praha,Zličín;50.00812;14.24146
20260624_125721_L339;20260624_125721;24.06.2026;12:47:00;339;32;9173;10;U1535Z1;Kamenice,kult.dům;49.92576;14.57038
20260624_125721_L306;20260624_125721;24.06.2026;12:47:00;306;5;8808;10;U1218Z1;Praha,Zličín;50.07848;14.24322
20260624_125721_L307;20260624_125721;24.06.2026;12:42:00;307;10;8991;12;U1685Z1;Unhošť,nám.;50.08595;14.1387
20260624_125721_L307;20260624_125721;24.06.2026;12:47:00;307;11;8952;10;U1190Z2;Praha,Zličín;50.04484;14.25925
20260624_125721_L300;20260624_125721;24.06.2026;12:42:00;300;7;8957;15;U3095Z1;Smečno;50.14088;14.07199
20260624_125721_L467;20260624_125721;24.06.2026;12:42:00;467;15;8116;15;U9176Z1;Mladá Boleslav,aut.st.;50.35234;14.69635
20260624_125721_L823;20260624_125721;24.06.2026;12:43:00;823;38;8043;14;U1606Z1;Doubravčice;50.11584;14.69836
20260624_125721_L430;20260624_125721;24.06.2026;12:44:00;430;7;8555;12;U1489Z3;Lipník;50.22458;14.89982
20260624_125721_L857;20260624_125721;24.06.2026;12:43:00;857;2;7309;14;U4248Z1;Otvovice,sklárna;50.25261;14.31802
20260624_125721_L467;20260624_125721;24.06.2026;12:46:00;467;53;9824;10;U4441Z1;Roudnice n.L.,ČSAD;50.37293;14.3941
20260624_125721_L628;20260624_125721;24.06.2026;12:44:00;628;24;8798;11;U9322Z1;Kladno,autobusové nádraží;50.20364;13.89781
20260624_125721_L617;20260624_125721;24.06.2026;12:42:00;617;15;7330;13;U4367Z2;Kladno,autobusové nádraží;50.36354;14.29211
20260624_125721_L460;20260624_125721;24.06.2026;12:45:00;460;68;1609;11;U4987Z1;Radim,ObÚ;49.97883;15.06362
20260624_125721_L491;20260624_125721;24.06.2026;12:47:00;491;10;8575;10;U2072Z1;Mukařov;50.00026;14.75825
20260624_125721_L395;20260624_125721;24.06.2026;12:45:00;395;35;9907;12;U1843Z2;Praha,Smíchovské nádraží;49.79604;14.19195
20260624_125721_L768;20260624_125721;24.06.2026;12:45:00;768;27;8544;12;U4431Z1;Kropáčova Vrutice,Kojovice;50.30568;14.703
20260624_125721_L724;20260624_125721;24.06.2026;12:47:00;724;64;9425;10;U6262Z1;Libáň,aut.st.;50.40616;15.00605
20260624_125721_L384;20260624_125721;24.06.2026;12:45:00;384;17;9866;11;U9105Z2;Hořovice,nám.B.Němcové;49.91174;13.9789
20260624_125721_L706;20260624_125721;24.06.2026;12:47:00;706;62;1613;10;U6608Z1;Žiželice,nám.;50.03273;15.20697
20260624_125721_L478;20260624_125721;24.06.2026;12:46:00;478;16;8072;10;U1942Z2;Brandýs n.L.-St.Bol.,žel.st.;50.18316;14.65737
20260624_125721_L315;20260624_125721;24.06.2026;12:45:00;315;18;8672;10;U9475Z2;Praha,Černý Most;50.47521;14.93898
20260624_125721_L136;20260624_125721;24.06.2026;12:47:00;136;10;6773;10;U916Z1P;Jižní Město;50.02529;14.51587
20260624_125721_L640;20260624_125721;24.06.2026;12:45:00;640;27;9440;10;U9801Z1;Hostomice,nám.;49.80396;14.01247
20260624_125721_L443;20260624_125721;24.06.2026;12:42:00;443;22;8594;15;U1453Z1;Nymburk,hl.nádr.;50.16573;14.85688
20260624_130122_L360;20260624_130122;24.06.2026;12:48:00;360;3;7211;13;U337Z3;Sedlčany,aut.st.;50.05031;14.41007
20260624_130122_L561;20260624_130122;24.06.2026;12:50:00;561;61;8382;10;U6886Z2;Rakovník,Šamotka;50.06216;13.59928
20260624_130122_L155;20260624_130122;24.06.2026;12:48:00;155;2;9120;12;U660Z1P;Nemocnice Vinohrady;50.08299;14.50746
20260624_130122_L786;20260624_130122;24.06.2026;12:47:00;786;14;7614;12;U7115Z1;Paběnice,ObÚ;49.8825;15.28143
20260624_130122_L394;20260624_130122;24.06.2026;12:51:00;394;26;9918;10;U4273Z1;Praha,Nové Butovice;49.96884;14.08053
20260624_130122_L395;20260624_130122;24.06.2026;12:46:00;395;35;9907;11;U1977Z2;Praha,Smíchovské nádraží;49.82599;14.23076
20260624_130122_L628;20260624_130122;24.06.2026;12:48:00;628;24;8798;12;U9325Z2;Kladno,autobusové nádraží;50.18808;13.91549
20260624_130122_L381;20260624_130122;24.06.2026;12:51:00;381;7;9375;10;U2151Z2;Praha,Háje;49.95432;15.03017
20260624_130122_L370;20260624_130122;24.06.2026;12:48:00;370;13;8198;10;U2224Z3;Praha,Kobylisy;50.22628;14.36821
20260624_130122_L372;20260624_130122;24.06.2026;12:48:00;372;2;8081;13;U2341Z2;Kralupy n.Vlt.,žel.st.;50.28124;14.42035
20260624_130122_L309;20260624_130122;24.06.2026;12:51:00;309;84;9562;10;U1666Z2;Praha,Zličín;50.02224;14.25808
20260624_130122_L339;20260624_130122;24.06.2026;12:49:00;339;32;9173;12;U1536Z1;Kamenice,kult.dům;49.91609;14.58182
20260624_130122_L315;20260624_130122;24.06.2026;12:48:00;315;9;8678;13;U3392Z1;Mnichovo Hradiště,dopravní terminál;50.4306;14.92264
20260624_130122_L307;20260624_130122;24.06.2026;12:50:00;307;11;8952;11;U1142Z2;Praha,Zličín;50.05375;14.27956
20260624_130122_L641;20260624_130122;24.06.2026;12:46:00;641;17;9450;15;U1746Z1;Beroun,autobusové nádraží;49.9598;14.064
20260624_130122_L460;20260624_130122;24.06.2026;12:50:00;460;68;1609;11;U4989Z1;Radim,ObÚ;49.98285;15.0928
20260624_130122_L706;20260624_130122;24.06.2026;12:50:00;706;62;1613;10;U6610Z1;Žiželice,nám.;50.04604;15.21767
20260624_130122_L461;20260624_130122;24.06.2026;12:51:00;461;25;1612;10;U1562Z2;Kamenice,kult.dům;49.9208;14.6215
20260624_130122_L478;20260624_130122;24.06.2026;12:50:00;478;16;8072;11;U1950Z2;Brandýs n.L.-St.Bol.,žel.st.;50.17593;14.66065
20260624_130122_L657;20260624_130122;24.06.2026;12:47:00;657;36;1495;14;U1247Z2;Brandýs n.L.-St.Bol.,nádr.;50.19104;14.55835
20260624_130122_L443;20260624_130122;24.06.2026;12:46:00;443;22;8594;15;U2282Z1;Nymburk,hl.nádr.;50.16269;14.87931
20260624_130122_L136;20260624_130122;24.06.2026;12:50:00;136;13;5140;10;U118Z4P;Jižní Město;50.07812;14.46077
20260624_130122_L724;20260624_130122;24.06.2026;12:47:00;724;64;9425;14;U6262Z1;Libáň,aut.st.;50.40616;15.00605
20260624_130122_L381;20260624_130122;24.06.2026;12:39:00;381;16;9362;18;U1878Z2;Praha,Háje;50.00384;14.65898
20260624_130122_L384;20260624_130122;24.06.2026;12:48:00;384;17;9866;13;U1229Z2;Hořovice,nám.B.Němcové;49.89971;13.96061
20260624_130122_L467;20260624_130122;24.06.2026;12:51:00;467;53;9824;10;U4712Z1;Roudnice n.L.,ČSAD;50.38746;14.33696
20260624_130122_L389;20260624_130122;24.06.2026;12:50:00;389;12;7762;11;U32413Z1;Chomutov,žel.st.;50.36217;13.6866
20260624_130122_L380;20260624_130122;24.06.2026;12:48:00;380;4;9973;13;U4273Z1;Praha,Vypich;49.96853;14.08075
20260624_130122_L306;20260624_130122;24.06.2026;12:50:00;306;5;8808;10;U1144Z4;Praha,Zličín;50.08111;14.25657
20260624_130122_L136;20260624_130122;24.06.2026;12:51:00;136;10;6773;10;U151Z1P;Jižní Město;50.03151;14.53362
20260624_130122_L640;20260624_130122;24.06.2026;12:48:00;640;27;9440;10;U9809Z1;Hostomice,nám.;49.82021;14.04184
20260624_130522_L136;20260624_130522;24.06.2026;12:54:00;136;13;5140;11;U855Z1P;Jižní Město;50.07452;14.46396
20260624_130522_L155;20260624_130522;24.06.2026;12:51:00;155;2;9120;13;U359Z1P;Nemocnice Vinohrady;50.08503;14.5053
20260624_130522_L823;20260624_130522;24.06.2026;12:50:00;823;38;8043;14;U1609Z1;Doubravčice;50.07684;14.71818
20260624_130522_L857;20260624_130522;24.06.2026;12:50:00;857;2;7309;15;U4235Z2;Otvovice,sklárna;50.2484;14.31094
20260624_130522_L306;20260624_130522;24.06.2026;12:55:00;306;5;8808;10;U687Z4;Praha,Zličín;50.06734;14.26466
20260624_130522_L315;20260624_130522;24.06.2026;12:54:00;315;18;8672;11;U3394Z2;Praha,Černý Most;50.43991;14.92815
20260624_130522_L315;20260624_130522;24.06.2026;12:52:00;315;9;8678;13;U3394Z1;Mnichovo Hradiště,dopravní terminál;50.43993;14.92845
20260624_130522_L339;20260624_130522;24.06.2026;12:52:00;339;32;9173;12;U1539Z1;Kamenice,kult.dům;49.90398;14.59082
20260624_130522_L345;20260624_130522;24.06.2026;12:54:00;345;36;10654;10;U3063Z2;Praha,Černý Most;50.4064;14.93292
20260624_130522_L360;20260624_130522;24.06.2026;12:48:00;360;3;7211;15;U337Z3;Sedlčany,aut.st.;50.03613;14.40327
20260624_130522_L370;20260624_130522;24.06.2026;12:55:00;370;13;8198;10;U2259Z1;Praha,Kobylisy;50.23221;14.38708
20260624_130522_L372;20260624_130522;24.06.2026;12:50:00;372;2;8081;14;U2340Z2;Kralupy n.Vlt.,žel.st.;50.27378;14.3973
20260624_130522_L381;20260624_130522;24.06.2026;12:51:00;381;7;9375;13;U2151Z2;Praha,Háje;49.95683;15.03076
20260624_130522_L394;20260624_130522;24.06.2026;12:51:00;394;26;9918;11;U4273Z1;Praha,Nové Butovice;49.97462;14.11035
20260624_130522_L405;20260624_130522;24.06.2026;12:55:00;405;66;1432;10;U32433Z2;Praha,Černý Most;50.55506;15.54816
20260624_130522_L432;20260624_130522;24.06.2026;12:54:00;432;1;8696;11;U1490Z1;Lysá n.L.,žel.st.;50.22996;14.83764
20260624_130522_L457;20260624_130522;24.06.2026;12:53:00;457;44;7532;11;U32536Z2;Mezno,Mitrovice;49.47799;14.67698
20260624_130522_L460;20260624_130522;24.06.2026;12:53:00;460;68;1609;10;U4991Z2;Radim,ObÚ;50.00026;15.08832
20260624_130522_L467;20260624_130522;24.06.2026;12:54:00;467;53;9824;11;U4713Z1;Roudnice n.L.,ČSAD;50.40592;14.30111
20260624_130522_L477;20260624_130522;24.06.2026;12:50:00;477;37;1496;14;U1944Z1;Brandýs n.L.-St.Bol.,nádr.;50.18507;14.65318
20260624_130522_L478;20260624_130522;24.06.2026;12:53:00;478;16;8072;11;U1825Z1;Brandýs n.L.-St.Bol.,žel.st.;50.17942;14.66898
20260624_130522_L561;20260624_130522;24.06.2026;12:54:00;561;61;8382;10;U9534Z2;Rakovník,Šamotka;50.05768;13.62925
20260624_130522_L617;20260624_130522;24.06.2026;12:50:00;617;15;7330;15;U4366Z2;Kladno,autobusové nádraží;50.34084;14.2934
20260624_130522_L628;20260624_130522;24.06.2026;12:51:00;628;24;8798;12;U9340Z2;Kladno,autobusové nádraží;50.18528;13.93452
20260624_130522_L640;20260624_130522;24.06.2026;12:51:00;640;27;9440;11;U9810Z1;Hostomice,nám.;49.82579;14.04504
20260624_130522_L657;20260624_130522;24.06.2026;12:50:00;657;36;1495;14;U2329Z1;Brandýs n.L.-St.Bol.,nádr.;50.17672;14.55984
20260624_130522_L706;20260624_130522;24.06.2026;12:55:00;706;62;1613;10;U6612Z1;Žiželice,nám.;50.06042;15.2324
20260624_130522_L724;20260624_130522;24.06.2026;12:50:00;724;64;9425;15;U9456Z1;Libáň,aut.st.;50.41607;15.00346
20260624_130522_L741;20260624_130522;24.06.2026;12:54:00;741;21;7620;10;U7283Z2;Zbýšov,Chlum;49.82603;15.40766
20260624_130522_L768;20260624_130522;24.06.2026;12:51:00;768;27;8544;13;U6110Z1;Kropáčova Vrutice,Kojovice;50.33022;14.70702
20260624_130522_L786;20260624_130522;24.06.2026;12:53:00;786;14;7614;12;U5762Z2;Paběnice,ObÚ;49.85361;15.29638
20260624_130922_L380;20260624_130922;24.06.2026;12:57:00;380;4;9973;12;U2371Z2;Praha,Vypich;49.99124;14.15055
20260624_130922_L309;20260624_130922;24.06.2026;12:59:00;309;84;9562;10;U1190Z2;Praha,Zličín;50.04568;14.26073
20260624_130922_L764;20260624_130922;24.06.2026;12:57:00;764;56;8113;11;U3063Z1;Mladá Boleslav,aut.st.;50.4109;14.92157
20260624_130922_L381;20260624_130922;24.06.2026;12:56:00;381;7;9375;12;U2149Z2;Praha,Háje;49.96177;14.99828
20260624_130922_L768;20260624_130922;24.06.2026;12:57:00;768;27;8544;12;U2978Z1;Kropáčova Vrutice,Kojovice;50.32519;14.70106
20260624_130922_L315;20260624_130922;24.06.2026;12:57:00;315;18;8672;11;U3392Z2;Praha,Černý Most;50.42854;14.92083
20260624_130922_L430;20260624_130922;24.06.2026;12:55:00;430;7;8555;11;U2467Z1;Lipník;50.25048;14.9131
20260624_130922_L345;20260624_130922;24.06.2026;12:54:00;345;36;10654;12;U3063Z2;Praha,Černý Most;50.38498;14.89958
20260624_130922_L101;20260624_130922;24.06.2026;12:57:00;101;2;2327;12;U680Z3P;Zentiva;50.06832;14.4693
20260624_130922_L405;20260624_130922;24.06.2026;12:57:00;405;66;1432;10;U31016Z2;Praha,Černý Most;50.53434;15.57066
20260624_130922_L457;20260624_130922;24.06.2026;12:56:00;457;44;7532;12;U32532Z2;Mezno,Mitrovice;49.48159;14.70419
20260624_130922_L706;20260624_130922;24.06.2026;12:57:00;706;62;1613;10;U6613Z1;Žiželice,nám.;50.07786;15.25101
20260624_130922_L481;20260624_130922;24.06.2026;12:57:00;481;93;7635;10;U1476Z2;Uhlířské Janovice,nám.;49.94705;15.21094
20260624_130922_L741;20260624_130922;24.06.2026;12:59:00;741;21;7620;10;U9480Z2;Zbýšov,Chlum;49.80583;15.40307
20260624_130922_L372;20260624_130922;24.06.2026;12:54:00;372;2;8081;15;U1779Z2;Kralupy n.Vlt.,žel.st.;50.29617;14.39537
20260624_130922_L657;20260624_130922;24.06.2026;12:55:00;657;36;1495;14;U1244Z1;Brandýs n.L.-St.Bol.,nádr.;50.19166;14.58246
20260624_130922_L478;20260624_130922;24.06.2026;12:56:00;478;17;8115;13;U1825Z2;Kostelec n.L.,nám.;50.17817;14.67153
20260624_130922_L478;20260624_130922;24.06.2026;12:57:00;478;16;8072;12;U1924Z1;Brandýs n.L.-St.Bol.,žel.st.;50.19048;14.66811
20260624_130922_L628;20260624_130922;24.06.2026;12:55:00;628;24;8798;13;U9338Z1;Kladno,autobusové nádraží;50.18834;13.95802
20260624_130922_L400;20260624_130922;24.06.2026;12:57:00;400;25;11696;10;U31351Z1;Nový Bor,aut.nádr.;50.61723;14.55206
20260624_130922_L384;20260624_130922;24.06.2026;12:55:00;384;17;9866;14;U1230Z2;Hořovice,nám.B.Němcové;49.87493;13.89499
20260624_130922_L315;20260624_130922;24.06.2026;12:56:00;315;9;8678;13;U3396Z1;Mnichovo Hradiště,dopravní terminál;50.45783;14.93077
20260624_130922_L316;20260624_130922;24.06.2026;12:58:00;316;9;8977;11;U1690Z2;Praha,Bořislavka;50.16043;14.31196
20260624_130922_L311;20260624_130922;24.06.2026;12:55:00;311;77;9583;13;U1626Z52;Řevnice,nádraží;49.92655;14.27369
20260624_130922_L136;20260624_130922;24.06.2026;12:57:00;136;13;5140;11;U29Z1P;Jižní Město;50.06937;14.46881
20260624_130922_L467;20260624_130922;24.06.2026;12:56:00;467;53;9824;11;U4714Z1;Roudnice n.L.,ČSAD;50.41804;14.2695
20260624_130922_L718;20260624_130922;24.06.2026;12:56:00;718;32;8663;10;U6298Z2;Sobotka,nám.;50.45485;15.15714
20260624_130922_L786;20260624_130922;24.06.2026;12:59:00;786;14;7614;10;U7096Z1;Paběnice,ObÚ;49.83432;15.25298
20260624_130922_L155;20260624_130922;24.06.2026;12:57:00;155;2;9120;12;U1160Z1P;Nemocnice Vinohrady;50.08533;14.50214
20260624_130922_L640;20260624_130922;24.06.2026;12:51:00;640;27;9440;15;U9810Z1;Hostomice,nám.;49.82579;14.04503
20260624_130922_L133;20260624_130922;24.06.2026;12:58:00;133;1;3008;11;U3018Z2P;Florenc;50.08915;14.44341
20260624_131322_L101;20260624_131322;24.06.2026;13:02:00;101;2;2327;11;U1092Z1P;Zentiva;50.05671;14.47375
20260624_131322_L136;20260624_131322;24.06.2026;13:01:00;136;13;5140;11;U37Z1P;Jižní Město;50.0605;14.46956
20260624_131322_L155;20260624_131322;24.06.2026;13:00:00;155;2;9120;12;U128Z2P;Nemocnice Vinohrady;50.0881;14.49188
20260624_131322_L180;20260624_131322;24.06.2026;13:01:00;180;10;6899;12;U229Z2P;Dejvická;50.08679;14.37439
20260624_131322_L821;20260624_131322;24.06.2026;13:00:00;821;52;1614;13;U1984Z3;Sázava,aut.st.;49.96637;14.9643
20260624_131322_L821;20260624_131322;24.06.2026;13:00:00;821;69;1606;12;U1984Z4;Kolín,nádraží;49.96627;14.96428
20260624_131322_L309;20260624_131322;24.06.2026;13:01:00;309;84;9562;10;U1643Z2;Praha,Zličín;50.0531;14.27691
20260624_131322_L315;20260624_131322;24.06.2026;12:57:00;315;18;8672;13;U3392Z2;Praha,Černý Most;50.41986;14.91744
20260624_131322_L315;20260624_131322;24.06.2026;13:01:00;315;9;8678;12;U9475Z1;Mnichovo Hradiště,dopravní terminál;50.47947;14.9396
20260624_131322_L316;20260624_131322;24.06.2026;13:02:00;316;9;8977;11;U1202Z2;Praha,Bořislavka;50.14881;14.32784
20260624_131322_L332;20260624_131322;24.06.2026;12:58:00;332;1;9162;15;U4464Z2;Neveklov;49.77563;14.52614
20260624_131322_L347;20260624_131322;24.06.2026;13:02:00;347;20;1445;11;U4141Z1;Hostivice,nádraží;50.05909;14.21263
20260624_131322_L348;20260624_131322;24.06.2026;13:03:00;348;4;8286;10;U651Z6;Praha,Ládví;50.13272;14.47859
20260624_131322_L360;20260624_131322;24.06.2026;12:58:00;360;3;7211;15;U902Z1;Sedlčany,aut.st.;49.97591;14.39396
20260624_131322_L380;20260624_131322;24.06.2026;12:59:00;380;4;9973;13;U2370Z2;Praha,Vypich;49.99725;14.16003
20260624_131322_L381;20260624_131322;24.06.2026;13:00:00;381;7;9375;13;U1984Z2;Praha,Háje;49.96676;14.96415
20260624_131322_L384;20260624_131322;24.06.2026;12:58:00;384;17;9866;14;U9613Z2;Hořovice,nám.B.Němcové;49.85488;13.88939
20260624_131322_L395;20260624_131322;24.06.2026;13:03:00;395;47;9913;10;U2860Z2;Praha,Smíchovské nádraží;49.79004;14.17794
20260624_131322_L400;20260624_131322;24.06.2026;13:01:00;400;25;11696;11;U31352Z1;Nový Bor,aut.nádr.;50.64037;14.53626
20260624_131322_L405;20260624_131322;24.06.2026;13:01:00;405;66;1432;10;U31015Z1;Praha,Černý Most;50.51651;15.56396
20260624_131322_L406;20260624_131322;24.06.2026;13:01:00;406;13;7943;10;U1384Z1;Praha,Roztyly;49.77966;14.68355
20260624_131322_L406;20260624_131322;24.06.2026;13:00:00;406;19;7848;12;U9391Z2;Benešov,Terminál;49.69926;14.90182
20260624_131322_L407;20260624_131322;24.06.2026;13:02:00;407;39;7530;10;U337Z3;Písek,aut.nádr.;50.04002;14.40555
20260624_131322_L413;20260624_131322;24.06.2026;13:03:00;413;65;7091;10;U4364Z2;Litoměřice,aut.nádr.;50.31386;14.30832
20260624_131322_L457;20260624_131322;24.06.2026;13:01:00;457;44;7532;12;U32529Z2;Mezno,Mitrovice;49.49633;14.71324
20260624_131322_L458;20260624_131322;24.06.2026;13:02:00;458;28;7927;10;U6758Z2;Načeradec;49.68223;14.88997
20260624_131322_L467;20260624_131322;24.06.2026;13:00:00;467;15;8116;13;U9297Z1;Mladá Boleslav,aut.st.;50.37121;14.86513
20260624_131322_L467;20260624_131322;24.06.2026;12:58:00;467;53;9824;13;U4715Z1;Roudnice n.L.,ČSAD;50.42371;14.2624
20260624_131322_L478;20260624_131322;24.06.2026;13:01:00;478;16;8072;12;U1830Z1;Brandýs n.L.-St.Bol.,žel.st.;50.20166;14.68578
20260624_131322_L478;20260624_131322;24.06.2026;13:01:00;478;17;8115;10;U1824Z1;Kostelec n.L.,nám.;50.18279;14.65853
20260624_131322_L483;20260624_131322;24.06.2026;13:00:00;483;22;7864;13;U7318Z2;Chocerady;49.83482;14.83156
20260624_131322_L521;20260624_131322;24.06.2026;13:03:00;521;17;9617;10;U5768Z2;Příbram,aut.nádr.;49.61529;13.82489
20260624_131322_L561;20260624_131322;24.06.2026;13:03:00;561;61;8382;10;U9541Z1;Rakovník,Šamotka;50.08742;13.6303
20260624_131322_L586;20260624_131322;24.06.2026;13:03:00;586;27;7684;10;U9336Z2;Nové Strašecí,Palackého;50.17262;13.89869
20260624_131322_L618;20260624_131322;24.06.2026;13:02:00;618;15;8864;11;U9289Z2;Kačice;50.15254;13.95659
20260624_131322_L628;20260624_131322;24.06.2026;12:59:00;628;24;8798;12;U9277Z1;Kladno,autobusové nádraží;50.18619;13.97132
20260624_131322_L646;20260624_131322;24.06.2026;13:03:00;646;10;8141;10;U2829Z1;Kralupy n.Vlt.,žel.st.;50.30197;14.31592
20260624_131322_L657;20260624_131322;24.06.2026;12:58:00;657;36;1495;13;U2328Z2;Brandýs n.L.-St.Bol.,nádr.;50.19658;14.61856
20260624_131322_L706;20260624_131322;24.06.2026;13:02:00;706;62;1613;10;U6647Z2;Žiželice,nám.;50.09195;15.24898
20260624_131322_L718;20260624_131322;24.06.2026;13:03:00;718;32;8663;10;U31000Z2;Mnichovo Hradiště,dopravní terminál;50.46747;15.17649
20260624_131322_L739;20260624_131322;24.06.2026;12:58:00;739;21;9086;10;U9475Z1;Kněžmost,nám.;50.47949;14.93989
20260624_131322_L764;20260624_131322;24.06.2026;13:00:00;764;56;8113;11;U3389Z1;Mladá Boleslav,aut.st.;50.41756;14.9124
20260624_131322_L768;20260624_131322;24.06.2026;13:01:00;768;27;8544;12;U2977Z1;Kropáčova Vrutice,Kojovice;50.31458;14.66878
20260624_131322_L770;20260624_131322;24.06.2026;13:00:00;770;4;7859;13;U7318Z1;Uhlířské Janovice,nám.;49.83461;14.83021
20260624_131322_L770;20260624_131322;24.06.2026;13:00:00;770;42;7861;13;U7318Z2;Benešov,Terminál;49.83477;14.83133
20260624_131322_L786;20260624_131322;24.06.2026;13:03:00;786;14;7614;10;U7263Z1;Paběnice,ObÚ;49.82615;15.28701
20260624_131723_L770;20260624_131723;24.06.2026;13:00:00;770;4;7859;16;U7318Z1;Uhlířské Janovice,nám.;49.83665;14.83768
20260624_131723_L406;20260624_131723;24.06.2026;13:01:00;406;13;7943;11;U1384Z1;Praha,Roztyly;49.78575;14.68315
20260624_131723_L406;20260624_131723;24.06.2026;13:04:00;406;19;7848;12;U6042Z3;Benešov,Terminál;49.70927;14.89989
20260624_131723_L364;20260624_131723;24.06.2026;13:07:00;364;2;4527;10;U336Z2;Praha,Depo Hostivař;50.03226;14.59786
20260624_131723_L706;20260624_131723;24.06.2026;13:05:00;706;62;1613;11;U6614Z1;Žiželice,nám.;50.09729;15.26384
20260624_131723_L457;20260624_131723;24.06.2026;13:06:00;457;44;7532;11;U32526Z2;Mezno,Mitrovice;49.51476;14.70141
20260624_131723_L433;20260624_131723;24.06.2026;13:06:00;433;14;8602;11;U3083Z2;Nymburk,Zálabí PVT;50.1825;15.02991
20260624_131723_L478;20260624_131723;24.06.2026;13:03:00;478;17;8115;14;U1826Z3;Kostelec n.L.,nám.;50.18439;14.65608
20260624_131723_L347;20260624_131723;24.06.2026;13:06:00;347;20;1445;11;U1177Z2;Hostivice,nádraží;50.06231;14.23232
20260624_131723_L617;20260624_131723;24.06.2026;13:03:00;617;15;7330;10;U4364Z2;Kladno,autobusové nádraží;50.30648;14.28996
20260624_131723_L821;20260624_131723;24.06.2026;13:05:00;821;52;1614;11;U1314Z1;Sázava,aut.st.;49.95093;14.95379
20260624_131723_L821;20260624_131723;24.06.2026;13:00:00;821;69;1606;14;U1984Z4;Kolín,nádraží;49.97152;14.9878
20260624_131723_L346;20260624_131723;24.06.2026;13:07:00;346;5;8291;10;U2457Z1;Brandýs n.L.-St.Bol.,nem.;50.17626;14.66814
20260624_131723_L628;20260624_131723;24.06.2026;13:06:00;628;24;8798;11;U2898Z1;Kladno,autobusové nádraží;50.16246;13.98805
20260624_131723_L458;20260624_131723;24.06.2026;13:06:00;458;28;7927;11;U6784Z2;Načeradec;49.66509;14.88302
20260624_131723_L561;20260624_131723;24.06.2026;13:05:00;561;61;8382;11;U6855Z2;Rakovník,Šamotka;50.09687;13.63548
20260624_131723_L407;20260624_131723;24.06.2026;13:02:00;407;39;7530;11;U337Z3;Písek,aut.nádr.;50.0048;14.39527
20260624_131723_L315;20260624_131723;24.06.2026;13:02:00;315;9;8678;14;U3399Z1;Mnichovo Hradiště,dopravní terminál;50.48906;14.95145
20260624_131723_L316;20260624_131723;24.06.2026;13:05:00;316;9;8977;12;U7011Z2;Praha,Bořislavka;50.13874;14.33592
20260624_131723_L483;20260624_131723;24.06.2026;13:00:00;483;22;7864;16;U7318Z2;Chocerady;49.83458;14.82408
20260624_131723_L641;20260624_131723;24.06.2026;13:07:00;641;16;9554;10;U9856Z1;Beroun,autobusové nádraží;49.86782;13.92829
20260624_131723_L618;20260624_131723;24.06.2026;13:05:00;618;15;8864;12;U9288Z2;Kačice;50.16994;13.95708
20260624_131723_L369;20260624_131723;24.06.2026;13:07:00;369;47;8276;10;U1807Z2;Praha,Ládví;50.18895;14.49338
20260624_131723_L370;20260624_131723;24.06.2026;13:05:00;370;13;8198;10;U2260Z2;Praha,Kobylisy;50.22078;14.40865
20260624_131723_L381;20260624_131723;24.06.2026;13:05:00;381;7;9375;11;U1982Z2;Praha,Háje;49.9706;14.92615
20260624_131723_L383;20260624_131723;24.06.2026;13:07:00;383;32;9174;10;U2047Z1;Praha,Háje;49.87391;14.80132
20260624_131723_L384;20260624_131723;24.06.2026;13:02:00;384;17;9866;14;U9615Z2;Hořovice,nám.B.Němcové;49.84302;13.89078
20260624_131723_L389;20260624_131723;24.06.2026;13:03:00;389;12;7762;13;U32412Z1;Chomutov,žel.st.;50.43784;13.43733
20260624_131723_L395;20260624_131723;24.06.2026;13:06:00;395;47;9913;11;U1977Z2;Praha,Smíchovské nádraží;49.79966;14.19654
20260624_131723_L376;20260624_131723;24.06.2026;13:05:00;376;43;8076;11;U1942Z1;Praha,Letňany;50.18281;14.65926
20260624_131723_L155;20260624_131723;24.06.2026;13:04:00;155;2;9120;13;U767Z1P;Nemocnice Vinohrady;50.08396;14.48191
20260624_131723_L657;20260624_131723;24.06.2026;13:04:00;657;36;1495;13;U1946Z1;Brandýs n.L.-St.Bol.,nádr.;50.1917;14.65515
20260624_131723_L724;20260624_131723;24.06.2026;13:02:00;724;64;9425;14;U6281Z1;Libáň,aut.st.;50.41981;15.05624
20260624_131723_L467;20260624_131723;24.06.2026;13:02:00;467;53;9824;15;U4716Z2;Roudnice n.L.,ČSAD;50.42272;14.25353
20260624_131723_L733;20260624_131723;24.06.2026;13:06:00;733;37;8656;10;U31177Z2;Mnichovo Hradiště,nám.;50.60383;15.00759
20260624_131723_L842;20260624_131723;24.06.2026;13:06:00;842;26;7882;11;U7501Z1;Vlašim,žel.st.;49.60219;15.1527
20260624_131723_L136;20260624_131723;24.06.2026;13:06:00;136;13;5140;10;U697Z3P;Jižní Město;50.04824;14.48134
20260624_131723_L180;20260624_131723;24.06.2026;13:03:00;180;10;6899;13;U182Z2P;Dejvická;50.09067;14.38509
20260624_131723_L101;20260624_131723;24.06.2026;13:07:00;101;2;2327;10;U784Z1P;Zentiva;50.05343;14.49323
20260624_131723_L594;20260624_131723;24.06.2026;13:06:00;594;8;7303;10;U9269Z1;Slaný,aut.nádr.;50.23349;14.08706
20260624_131723_L309;20260624_131723;24.06.2026;13:02:00;309;84;9562;13;U1142Z2;Praha,Zličín;50.05528;14.28867
20260624_131723_L720;20260624_131723;24.06.2026;13:02:00;720;10;10271;10;U2987Z11;Praha,Černý Most;50.41051;14.93479
20260624_131723_L467;20260624_131723;24.06.2026;13:02:00;467;15;8116;13;U9298Z1;Mladá Boleslav,aut.st.;50.39839;14.87857
20260624_131723_L718;20260624_131723;24.06.2026;13:03:00;718;32;8663;13;U31000Z2;Mnichovo Hradiště,dopravní terminál;50.46195;15.16598
20260624_131723_L199;20260624_131723;24.06.2026;13:06:00;199;2;3971;10;U418Z2P;Želivského;50.07722;14.48777
20260624_132123_L149;20260624_132123;24.06.2026;13:11:00;149;5;4088;10;U254Z7P;Dejvická;50.06993;14.38038
20260624_132123_L594;20260624_132123;24.06.2026;13:09:00;594;8;7303;11;U4786Z2;Slaný,aut.nádr.;50.22927;14.08834
20260624_132123_L657;20260624_132123;24.06.2026;13:08:00;657;36;1495;12;U1944Z1;Brandýs n.L.-St.Bol.,nádr.;50.18551;14.65144
20260624_132123_L204;20260624_132123;24.06.2026;13:11:00;204;73;9015;10;U1031Z1P;Stavební zóna Horní Počernice;50.1161;14.61729
20260624_132123_L384;20260624_132123;24.06.2026;13:07:00;384;17;9866;14;U9617Z2;Hořovice,nám.B.Němcové;49.83667;13.90325
20260624_132123_L405;20260624_132123;24.06.2026;13:10:00;405;66;1432;11;U31014Z1;Praha,Černý Most;50.49505;15.51851
20260624_132123_L304;20260624_132123;24.06.2026;13:10:00;304;13;8371;10;U444Z1;Praha,Vypich;50.07764;14.34823
20260624_132123_L337;20260624_132123;24.06.2026;13:08:00;337;12;9933;12;U1330Z1;Benešov,Terminál;49.96205;14.52359
20260624_132123_L376;20260624_132123;24.06.2026;13:05:00;376;43;8076;15;U1942Z1;Praha,Letňany;50.18252;14.65715
20260624_132123_L388;20260624_132123;24.06.2026;13:11:00;388;7;7764;10;U776Z2;Praha,Nádraží Veleslavín;50.10963;14.27983
20260624_132123_L412;20260624_132123;24.06.2026;13:10:00;412;43;9917;11;U9359Z2;Praha,Černý Most;50.40887;14.95422
20260624_132123_L407;20260624_132123;24.06.2026;13:02:00;407;39;7530;12;U337Z3;Písek,aut.nádr.;49.96807;14.37616
20260624_132123_L646;20260624_132123;24.06.2026;13:09:00;646;10;8141;11;U2346Z1;Kralupy n.Vlt.,žel.st.;50.27007;14.32034
20260624_132123_L467;20260624_132123;24.06.2026;13:06:00;467;53;9824;15;U9903Z1;Roudnice n.L.,ČSAD;50.42623;14.24347
20260624_132123_L406;20260624_132123;24.06.2026;13:06:00;406;13;7943;15;U2139Z1;Praha,Roztyly;49.7886;14.68371
20260624_132123_L400;20260624_132123;24.06.2026;13:06:00;400;6;11628;11;U32675Z1;Varnsdorf,aut.nádr.;50.87178;14.49938
20260624_132123_L380;20260624_132123;24.06.2026;13:06:00;380;4;9973;15;U2322Z2;Praha,Vypich;50.01637;14.19881
20260624_132123_L718;20260624_132123;24.06.2026;13:08:00;718;32;8663;13;U6298Z1;Mnichovo Hradiště,dopravní terminál;50.44275;15.12682
20260624_132123_L136;20260624_132123;24.06.2026;13:10:00;136;12;6957;10;U286Z5P;Jižní Město;50.03074;14.52985
20260624_132123_L364;20260624_132123;24.06.2026;13:11:00;364;2;4527;10;U123Z2;Praha,Depo Hostivař;50.0435;14.58158
20260624_132123_L199;20260624_132123;24.06.2026;13:06:00;199;2;3971;13;U418Z2P;Želivského;50.07756;14.48171
20260624_132123_L733;20260624_132123;24.06.2026;13:09:00;733;37;8656;11;U6386Z2;Mnichovo Hradiště,nám.;50.58694;15.00816
20260624_132123_L332;20260624_132123;24.06.2026;13:11:00;332;20;9934;10;U2108Z1;Jílové u Prahy,náměstí;49.89771;14.49373
20260624_132123_L347;20260624_132123;24.06.2026;13:10:00;347;20;1445;10;U1217Z2;Hostivice,nádraží;50.07705;14.24059
20260624_132123_L369;20260624_132123;24.06.2026;13:11:00;369;47;8276;10;U1976Z2;Praha,Ládví;50.17014;14.4838
20260624_132123_L739;20260624_132123;24.06.2026;13:08:00;739;21;9086;11;U6212Z1;Kněžmost,nám.;50.48321;14.98442
20260624_132123_L467;20260624_132123;24.06.2026;13:07:00;467;15;8116;14;U9300Z1;Mladá Boleslav,aut.st.;50.40744;14.89997
20260624_132123_L433;20260624_132123;24.06.2026;13:10:00;433;14;8602;10;U3145Z1;Nymburk,Zálabí PVT;50.18428;15.03523
20260624_132123_L493;20260624_132123;24.06.2026;13:10:00;493;12;8596;10;U2969Z1;Poděbrady,žel.st.;50.18198;15.04344
20260624_132123_L478;20260624_132123;24.06.2026;13:07:00;478;17;8115;13;U1948Z2;Kostelec n.L.,nám.;50.18852;14.65468
20260624_132123_L448;20260624_132123;24.06.2026;13:10:00;448;61;1147;11;U1853Z1;Mníšek p.Brdy,náměstí;49.92709;14.2883
20260624_132123_L511;20260624_132123;24.06.2026;13:11:00;511;14;9616;10;U7973Z1;Březnice,aut.st.;49.57541;14.01014
20260624_132123_L561;20260624_132123;24.06.2026;13:09:00;561;61;8382;11;U6847Z1;Rakovník,Šamotka;50.10784;13.64658
20260624_132123_L482;20260624_132123;24.06.2026;13:10:00;482;31;7264;10;U31540Z1;Strakonice,aut.nádr.;49.43285;13.90973
20260624_132123_L381;20260624_132123;24.06.2026;13:07:00;381;7;9375;11;U1980Z2;Praha,Háje;49.98272;14.8807
20260624_132123_L383;20260624_132123;24.06.2026;13:07:00;383;32;9174;12;U2047Z1;Praha,Háje;49.88318;14.79798
20260624_132123_L389;20260624_132123;24.06.2026;13:08:00;389;12;7762;12;U32409Z1;Chomutov,žel.st.;50.45766;13.42022
20260624_132123_L641;20260624_132123;24.06.2026;13:07:00;641;16;9554;13;U9856Z1;Beroun,autobusové nádraží;49.88275;13.93031
20260624_132123_L617;20260624_132123;24.06.2026;13:10:00;617;15;7330;10;U9144Z1;Kladno,autobusové nádraží;50.29531;14.26904
20260624_132123_L821;20260624_132123;24.06.2026;13:09:00;821;52;1614;11;U2394Z1;Sázava,aut.st.;49.93561;14.94661
20260624_132123_L821;20260624_132123;24.06.2026;13:07:00;821;69;1606;13;U2934Z1;Kolín,nádraží;49.98569;14.99804
20260624_132123_L316;20260624_132123;24.06.2026;13:07:00;316;9;8977;14;U1136Z2;Praha,Bořislavka;50.1311;14.34031
20260624_132123_L631;20260624_132123;24.06.2026;13:11:00;631;59;9580;10;U9013Z2;Všeradice,žel.zast.;49.93831;14.03729
20260624_132123_L391;20260624_132123;24.06.2026;13:08:00;391;34;9186;12;U2315Z1;Úvaly,OC Pražská;50.0742;14.72305
20260624_132123_L136;20260624_132123;24.06.2026;13:10:00;136;13;5140;11;U181Z1P;Jižní Město;50.03948;14.49059
20260624_132123_L628;20260624_132123;24.06.2026;13:10:00;628;24;8798;10;U4933Z2;Kladno,autobusové nádraží;50.16367;14.02452
20260624_132123_L370;20260624_132123;24.06.2026;13:11:00;370;13;8198;10;U2218Z2;Praha,Kobylisy;50.20127;14.43478
20260624_132123_L101;20260624_132123;24.06.2026;13:10:00;101;2;2327;11;U760Z2P;Zentiva;50.05458;14.50735
20260624_132123_L720;20260624_132123;24.06.2026;13:02:00;720;10;10271;13;U2987Z11;Praha,Černý Most;50.40562;14.93182
20260624_132523_L136;20260624_132523;24.06.2026;13:14:00;136;13;5140;11;U106Z2P;Jižní Město;50.02795;14.50767
20260624_132523_L149;20260624_132523;24.06.2026;13:14:00;149;5;4088;11;U565Z1P;Dejvická;50.07251;14.37381
20260624_132523_L180;20260624_132523;24.06.2026;13:15:00;180;1;6994;10;U182Z2P;Dejvická;50.08782;14.38182
20260624_132523_L821;20260624_132523;24.06.2026;13:13:00;821;52;1614;11;U4249Z1;Sázava,aut.st.;49.94366;14.96864
20260624_132523_L858;20260624_132523;24.06.2026;13:12:00;858;67;8713;13;U4409Z2;Libčice n.Vlt.,žel.zast.Letky;50.19787;14.22389
20260624_132523_L306;20260624_132523;24.06.2026;13:15:00;306;5;8808;10;U1209Z1;Jeneč,Lidická;50.06185;14.28068
20260624_132523_L311;20260624_132523;24.06.2026;13:11:00;311;77;9583;14;U2280Z1;Praha,Zličín;49.91607;14.23814
20260624_132523_L315;20260624_132523;24.06.2026;13:14:00;315;18;8672;10;U3389Z2;Praha,Černý Most;50.41281;14.90982
20260624_132523_L315;20260624_132523;24.06.2026;13:12:00;315;9;8678;13;U3253Z2;Mnichovo Hradiště,dopravní terminál;50.52234;14.97479
20260624_132523_L316;20260624_132523;24.06.2026;13:11:00;316;9;8977;14;U1214Z2;Praha,Bořislavka;50.11269;14.35847
20260624_132523_L333;20260624_132523;24.06.2026;13:15:00;333;13;7453;10;U9551Z1;Březová-Oleško,Oleško;49.91146;14.41391
20260624_132523_L356;20260624_132523;24.06.2026;13:13:00;356;31;8824;10;U5971Z2;Praha,Obchodní centrum Ruzyně;50.1103;14.27858
20260624_132523_L364;20260624_132523;24.06.2026;13:14:00;364;2;4527;11;U1099Z2;Praha,Depo Hostivař;50.05725;14.56155
20260624_132523_L369;20260624_132523;24.06.2026;13:15:00;369;47;8276;10;U287Z6;Praha,Ládví;50.14614;14.48578
20260624_132523_L369;20260624_132523;24.06.2026;13:15:00;369;34;8278;10;U1793Z3;Mělník,Mlazice;50.35043;14.48899
20260624_132523_L370;20260624_132523;24.06.2026;13:14:00;370;13;8198;10;U2217Z2;Praha,Kobylisy;50.17709;14.44548
20260624_132523_L381;20260624_132523;24.06.2026;13:15:00;381;7;9375;10;U2016Z2;Praha,Háje;49.99419;14.86024
20260624_132523_L389;20260624_132523;24.06.2026;13:12:00;389;12;7762;13;U32406Z12;Chomutov,žel.st.;50.45979;13.40852
20260624_132523_L391;20260624_132523;24.06.2026;13:08:00;391;34;9186;14;U2315Z1;Úvaly,OC Pražská;50.0742;14.72305
20260624_132523_L400;20260624_132523;24.06.2026;13:12:00;400;6;11628;11;U32676Z1;Varnsdorf,aut.nádr.;50.88177;14.53373
20260624_132523_L405;20260624_132523;24.06.2026;13:10:00;405;66;1432;14;U31014Z1;Praha,Černý Most;50.48963;15.5205
20260624_132523_L406;20260624_132523;24.06.2026;13:06:00;406;13;7943;16;U2139Z1;Praha,Roztyly;49.81295;14.68225
20260624_132523_L407;20260624_132523;24.06.2026;13:02:00;407;39;7530;13;U337Z3;Písek,aut.nádr.;49.94268;14.36799
20260624_132523_L433;20260624_132523;24.06.2026;13:12:00;433;14;8602;12;U2970Z51;Nymburk,Zálabí PVT;50.18761;15.03803
20260624_132523_L448;20260624_132523;24.06.2026;13:13:00;448;61;1147;11;U1855Z1;Mníšek p.Brdy,náměstí;49.92731;14.30348
20260624_132523_L467;20260624_132523;24.06.2026;13:07:00;467;15;8116;16;U9300Z1;Mladá Boleslav,aut.st.;50.41025;14.91769
20260624_132523_L478;20260624_132523;24.06.2026;13:11:00;478;17;8115;13;U11010Z2;Kostelec n.L.,nám.;50.20107;14.64341
20260624_132523_L493;20260624_132523;24.06.2026;13:14:00;493;12;8596;11;U3100Z2;Poděbrady,žel.st.;50.17548;15.05638
20260624_132523_L516;20260624_132523;24.06.2026;13:15:00;516;1;7208;10;U4764Z3;Dublovice,Zvírotice;49.65802;14.42845
20260624_132523_L548;20260624_132523;24.06.2026;13:15:00;548;13;9546;10;U9788Z2;Hořovice,nemocnice;49.84168;13.88297
20260624_132523_L561;20260624_132523;24.06.2026;13:13:00;561;61;8382;12;U6846Z2;Rakovník,Šamotka;50.10077;13.6551
20260624_132523_L561;20260624_132523;24.06.2026;13:11:00;561;62;8332;11;U4765Z1;Rakovník,hasičský záchr.sbor;50.10275;13.72626
20260624_132523_L617;20260624_132523;24.06.2026;13:14:00;617;15;7330;11;U9197Z1;Kladno,autobusové nádraží;50.28402;14.27194
20260624_132523_L631;20260624_132523;24.06.2026;13:13:00;631;59;9580;11;U9014Z2;Všeradice,žel.zast.;49.92145;14.03808
20260624_132523_L641;20260624_132523;24.06.2026;13:07:00;641;16;9554;16;U9856Z1;Beroun,autobusové nádraží;49.87977;13.9537
20260624_132523_L641;20260624_132523;24.06.2026;13:15:00;641;17;9450;10;U9090Z2;Hořovice,nemocnice;49.93785;13.96662
20260624_132523_L646;20260624_132523;24.06.2026;13:14:00;646;10;8141;10;U4248Z1;Kralupy n.Vlt.,žel.st.;50.25223;14.32074
20260624_132523_L646;20260624_132523;24.06.2026;13:15:00;646;2;8077;10;U1795Z2;Mělník,aut.nádr.;50.35811;14.4737
20260624_132523_L669;20260624_132523;24.06.2026;13:14:00;669;27;8007;10;U1459Z1;Kostelní Hlavno,u kostela;50.23141;14.65144
20260624_132523_L706;20260624_132523;24.06.2026;13:12:00;706;62;1613;11;U6619Z54;Žiželice,nám.;50.14173;15.28045
20260624_132523_L718;20260624_132523;24.06.2026;13:10:00;718;32;8663;15;U6285Z54;Mnichovo Hradiště,dopravní terminál;50.43818;15.12789
20260624_132523_L733;20260624_132523;24.06.2026;13:15:00;733;37;8656;10;U6383Z2;Mnichovo Hradiště,nám.;50.58048;14.984
20260624_132523_L739;20260624_132523;24.06.2026;13:14:00;739;21;9086;10;U6221Z1;Kněžmost,nám.;50.48362;15.02318
20260624_132523_L741;20260624_132523;24.06.2026;13:11:00;741;21;7620;12;U7278Z1;Zbýšov,Chlum;49.79795;15.3583
20260624_132523_L770;20260624_132523;24.06.2026;13:10:00;770;4;7859;13;U7603Z1;Uhlířské Janovice,nám.;49.84098;14.88156
20260624_132523_L798;20260624_132523;24.06.2026;13:14:00;798;46;7821;10;U7416Z2;Benešov,Terminál;49.82538;14.83605
20260624_132924_L741;20260624_132924;24.06.2026;13:11:00;741;21;7620;16;U7278Z1;Zbýšov,Chlum;49.79779;15.35831
20260624_132924_L443;20260624_132924;24.06.2026;13:16:00;443;22;8594;12;U2968Z1;Nymburk,hl.nádr.;50.18115;15.04434
20260624_132924_L646;20260624_132924;24.06.2026;13:18:00;646;10;8141;10;U2286Z1;Kralupy n.Vlt.,žel.st.;50.2407;14.31288
20260624_132924_L433;20260624_132924;24.06.2026;13:14:00;433;14;8602;15;U2969Z1;Nymburk,Zálabí PVT;50.18585;15.04109
20260624_132924_L478;20260624_132924;24.06.2026;13:15:00;478;17;8115;14;U2189Z2;Kostelec n.L.,nám.;50.22066;14.62587
20260624_132924_L444;20260624_132924;24.06.2026;13:16:00;444;5;9136;13;U1762Z1;Jílové u Prahy,náměstí;49.89246;14.40071
20260624_132924_L136;20260624_132924;24.06.2026;13:18:00;136;13;5140;11;U353Z1P;Jižní Město;50.02629;14.52111
20260624_132924_L821;20260624_132924;24.06.2026;13:15:00;821;69;1606;13;U2300Z1;Kolín,nádraží;50.00529;14.97279
20260624_132924_L383;20260624_132924;24.06.2026;13:15:00;383;32;9174;13;U2046Z2;Praha,Háje;49.90461;14.78377
20260624_132924_L617;20260624_132924;24.06.2026;13:17:00;617;15;7330;10;U2936Z1;Kladno,autobusové nádraží;50.28185;14.23605
20260624_132924_L735;20260624_132924;24.06.2026;13:18:00;735;23;7033;11;U6278Z2;Kopidlno,nám.;50.39529;15.10576
20260624_132924_L706;20260624_132924;24.06.2026;13:17:00;706;62;1613;11;U6620Z51;Žiželice,nám.;50.13774;15.29926
20260624_132924_L821;20260624_132924;24.06.2026;13:17:00;821;52;1614;11;U2383Z1;Sázava,aut.st.;49.93431;14.97136
20260624_132924_L356;20260624_132924;24.06.2026;13:18:00;356;31;8824;11;U416Z2;Praha,Obchodní centrum Ruzyně;50.10085;14.28897
20260624_132924_L369;20260624_132924;24.06.2026;13:17:00;369;34;8278;10;U1794Z1;Mělník,Mlazice;50.35743;14.47495
20260624_132924_L370;20260624_132924;24.06.2026;13:17:00;370;13;8198;12;U2216Z2;Praha,Kobylisy;50.16745;14.45253
20260624_132924_L306;20260624_132924;24.06.2026;13:19:00;306;5;8808;10;U687Z3;Jeneč,Lidická;50.06841;14.26334
20260624_132924_L315;20260624_132924;24.06.2026;13:18:00;315;18;8672;11;U3063Z2;Praha,Černý Most;50.41041;14.92764
20260624_132924_L309;20260624_132924;24.06.2026;13:18:00;309;84;9562;11;U1141Z2;Praha,Nádraží Radotín;50.05433;14.29094
20260624_132924_L561;20260624_132924;24.06.2026;13:13:00;561;61;8382;14;U6846Z2;Rakovník,Šamotka;50.10656;13.6688
20260624_132924_L482;20260624_132924;24.06.2026;13:16:00;482;31;7264;12;U9515Z1;Strakonice,aut.nádr.;49.43124;13.87728
20260624_132924_L521;20260624_132924;24.06.2026;13:14:00;521;17;9617;15;U7900Z2;Příbram,aut.nádr.;49.60441;13.88036
20260624_132924_L770;20260624_132924;24.06.2026;13:16:00;770;4;7859;13;U7915Z1;Uhlířské Janovice,nám.;49.84963;14.90074
20260624_132924_L782;20260624_132924;24.06.2026;13:18:00;782;8;7542;11;U6660Z2;Kutná Hora,aut.st.;49.9704;15.32278
20260624_132924_L724;20260624_132924;24.06.2026;13:19:00;724;64;9425;10;U6275Z1;Libáň,aut.st.;50.39844;15.12069
20260624_132924_L101;20260624_132924;24.06.2026;13:19:00;101;2;2327;10;U1068Z1P;Zentiva;50.0684;14.51724
20260624_132924_L631;20260624_132924;24.06.2026;13:17:00;631;59;9580;11;U9061Z2;Všeradice,žel.zast.;49.90624;14.02739
20260624_132924_L641;20260624_132924;24.06.2026;13:16:00;641;17;9450;10;U9089Z2;Hořovice,nemocnice;49.93327;13.96014
20260624_132924_L580;20260624_132924;24.06.2026;13:19:00;580;18;7681;10;U9897Z1;Rakovník,aut.st.;50.10885;13.76107
20260624_132924_L858;20260624_132924;24.06.2026;13:12:00;858;67;8713;17;U4409Z2;Libčice n.Vlt.,žel.zast.Letky;50.19787;14.22389
20260624_132924_L204;20260624_132924;24.06.2026;13:19:00;204;73;9015;10;U1378Z1P;Stavební zóna Horní Počernice;50.12009;14.59796
20260624_132924_L765;20260624_132924;24.06.2026;13:15:00;765;35;1898;14;U1330Z1;Sibřina;49.96794;14.51228
20260624_132924_L463;20260624_132924;24.06.2026;13:16:00;463;6;9577;10;U3385Z2;Městec Králové,nám.;50.37001;14.90394
20260624_132924_L493;20260624_132924;24.06.2026;13:17:00;493;12;8596;12;U3029Z2;Poděbrady,žel.st.;50.16047;15.08302
20260624_132924_L448;20260624_132924;24.06.2026;13:19:00;448;61;1147;10;U1857Z1;Mníšek p.Brdy,náměstí;49.91324;14.30787
20260624_132924_L445;20260624_132924;24.06.2026;13:18:00;445;16;7404;10;U1586Z1;Jílové u Prahy,náměstí;49.89698;14.47485
20260624_132924_L450;20260624_132924;24.06.2026;13:17:00;450;24;7505;12;U7924Z1;Petrovice;49.65384;14.42666
20260624_132924_L511;20260624_132924;24.06.2026;13:16:00;511;14;9616;12;U5916Z1;Březnice,aut.st.;49.58156;14.07132
20260624_132924_L484;20260624_132924;24.06.2026;13:16:00;484;31;8034;12;U2315Z1;Úvaly,žel.st.;50.07402;14.72333
20260624_132924_L516;20260624_132924;24.06.2026;13:15:00;516;1;7208;13;U4764Z3;Dublovice,Zvírotice;49.65783;14.42586
20260624_132924_L389;20260624_132924;24.06.2026;13:12:00;389;12;7762;15;U32406Z12;Chomutov,žel.st.;50.45666;13.40034
20260624_132924_L400;20260624_132924;24.06.2026;13:18:00;400;6;11628;10;U32677Z1;Varnsdorf,aut.nádr.;50.87487;14.57931
20260624_132924_L376;20260624_132924;24.06.2026;13:14:00;376;43;8076;15;U2196Z2;Praha,Letňany;50.16418;14.67771
20260624_132924_L381;20260624_132924;24.06.2026;13:18:00;381;7;9375;11;U2015Z2;Praha,Háje;49.99202;14.85261
20260624_132924_L548;20260624_132924;24.06.2026;13:18:00;548;13;9546;11;U3270Z3;Hořovice,nemocnice;49.84324;13.90043
20260624_132924_L364;20260624_132924;24.06.2026;13:17:00;364;2;4527;11;U310Z2;Praha,Depo Hostivař;50.0668;14.54791
20260624_132924_L199;20260624_132924;24.06.2026;13:18:00;199;2;3971;11;U418Z1P;Sídliště Malešice;50.08053;14.48902
20260624_132924_L311;20260624_132924;24.06.2026;13:11:00;311;77;9583;16;U2280Z1;Praha,Zličín;49.91634;14.24281
20260624_132924_L561;20260624_132924;24.06.2026;13:19:00;561;62;8332;10;U6844Z2;Rakovník,hasičský záchr.sbor;50.10793;13.71235
20260624_132924_L391;20260624_132924;24.06.2026;13:08:00;391;34;9186;18;U2315Z1;Úvaly,OC Pražská;50.0742;14.72305
20260624_132924_L400;20260624_132924;24.06.2026;13:17:00;400;25;11696;11;U32149Z1;Nový Bor,aut.nádr.;50.68305;14.53881
20260624_132924_L180;20260624_132924;24.06.2026;13:17:00;180;1;6994;10;U867Z1P;Dejvická;50.09694;14.39591
20260624_132924_L797;20260624_132924;24.06.2026;13:16:00;797;22;7864;13;U2047Z1;Vranov,Vranovská Lhota;49.87275;14.8025
20260624_132924_L149;20260624_132924;24.06.2026;13:16:00;149;5;4088;12;U992Z1P;Dejvická;50.07741;14.36814
20260624_132924_L733;20260624_132924;24.06.2026;13:18:00;733;37;8656;11;U6387Z2;Mnichovo Hradiště,nám.;50.57239;14.99364
20260624_132924_L337;20260624_132924;24.06.2026;13:15:00;337;12;9933;13;U1534Z1;Benešov,Terminál;49.93503;14.55775
20260624_133324_L136;20260624_133324;24.06.2026;13:21:00;136;13;5140;12;U151Z1P;Jižní Město;50.03203;14.53443
20260624_133324_L146;20260624_133324;24.06.2026;13:21:00;146;3;9121;10;U575Z2P;Želivského;50.07816;14.47673
20260624_133324_L149;20260624_133324;24.06.2026;13:19:00;149;5;4088;14;U699Z3P;Dejvická;50.07854;14.38919
20260624_133324_L155;20260624_133324;24.06.2026;13:23:00;155;2;9120;10;U921Z6P;Poliklinika Malešice;50.07904;14.47632
20260624_133324_L250;20260624_133324;24.06.2026;13:21:00;250;1;6765;10;U1235Z2P;Černý Most;50.10917;14.57978
20260624_133324_L821;20260624_133324;24.06.2026;13:21:00;821;52;1614;12;U2385Z1;Sázava,aut.st.;49.92115;14.95929
20260624_133324_L821;20260624_133324;24.06.2026;13:18:00;821;69;1606;14;U4148Z1;Kolín,nádraží;50.00689;14.99192
20260624_133324_L306;20260624_133324;24.06.2026;13:23:00;306;5;8808;10;U1144Z1;Jeneč,Lidická;50.08129;14.25531
20260624_133324_L309;20260624_133324;24.06.2026;13:18:00;309;84;9562;15;U1141Z2;Praha,Nádraží Radotín;50.05433;14.29094
20260624_133324_L315;20260624_133324;24.06.2026;13:18:00;315;18;8672;14;U3063Z2;Praha,Černý Most;50.40681;14.93356
20260624_133324_L337;20260624_133324;24.06.2026;13:18:00;337;12;9933;14;U2288Z1;Benešov,Terminál;49.92207;14.57718
20260624_133324_L337;20260624_133324;24.06.2026;13:23:00;337;3;9161;10;U4861Z2;Praha,Budějovická;49.9951;14.48755
20260624_133324_L364;20260624_133324;24.06.2026;13:21:00;364;2;4527;12;U389Z2;Praha,Depo Hostivař;50.07295;14.53556
20260624_133324_L369;20260624_133324;24.06.2026;13:21:00;369;34;8278;12;U1796Z1;Mělník,Mlazice;50.36288;14.46824
20260624_133324_L370;20260624_133324;24.06.2026;13:21:00;370;13;8198;12;U555Z2;Praha,Kobylisy;50.13826;14.45187
20260624_133324_L381;20260624_133324;24.06.2026;13:20:00;381;7;9375;10;U2013Z2;Praha,Háje;49.992;14.81671
20260624_133324_L383;20260624_133324;24.06.2026;13:15:00;383;32;9174;17;U2046Z2;Praha,Háje;49.90461;14.78377
20260624_133324_L383;20260624_133324;24.06.2026;13:22:00;383;33;9490;11;U2384Z1;Chocerady;49.97505;14.73714
20260624_133324_L388;20260624_133324;24.06.2026;13:19:00;388;7;7764;11;U85Z1;Praha,Nádraží Veleslavín;50.09551;14.34696
20260624_133324_L389;20260624_133324;24.06.2026;13:22:00;389;8;7761;11;U4776Z2;Praha,Nádraží Veleslavín;50.22823;14.09602
20260624_133324_L391;20260624_133324;24.06.2026;13:08:00;391;34;9186;24;U2315Z1;Úvaly,OC Pražská;50.0742;14.72305
20260624_133324_L400;20260624_133324;24.06.2026;13:20:00;400;25;11696;12;U31355Z1;Nový Bor,aut.nádr.;50.69444;14.54151
20260624_133324_L440;20260624_133324;24.06.2026;13:22:00;440;53;1145;10;U2490Z2;Štěchovice,Masečín;49.85186;14.40636
20260624_133324_L443;20260624_133324;24.06.2026;13:20:00;443;22;8594;13;U2970Z2;Nymburk,hl.nádr.;50.18801;15.03774
20260624_133324_L450;20260624_133324;24.06.2026;13:20:00;450;24;7505;12;U7933Z1;Petrovice;49.63021;14.42726
20260624_133324_L463;20260624_133324;24.06.2026;13:22:00;463;6;9577;10;U4368Z1;Městec Králové,nám.;50.36731;14.93793
20260624_133324_L478;20260624_133324;24.06.2026;13:19:00;478;17;8115;13;U1292Z2;Kostelec n.L.,nám.;50.22211;14.59316
20260624_133324_L484;20260624_133324;24.06.2026;13:16:00;484;31;8034;16;U2315Z1;Úvaly,žel.st.;50.07402;14.72333
20260624_133324_L493;20260624_133324;24.06.2026;13:21:00;493;12;8596;12;U3160Z2;Poděbrady,žel.st.;50.13711;15.09737
20260624_133324_L511;20260624_133324;24.06.2026;13:16:00;511;14;9616;15;U5916Z1;Březnice,aut.st.;49.56245;14.06117
20260624_133324_L521;20260624_133324;24.06.2026;13:18:00;521;17;9617;14;U1765Z2;Příbram,aut.nádr.;49.63194;13.90167
20260624_133324_L548;20260624_133324;24.06.2026;13:20:00;548;13;9546;12;U9616Z7;Hořovice,nemocnice;49.83777;13.8997
20260624_133324_L561;20260624_133324;24.06.2026;13:20:00;561;61;8382;12;U6843Z2;Rakovník,Šamotka;50.10781;13.71338
20260624_133324_L579;20260624_133324;24.06.2026;13:23:00;579;1;1207;10;U4026Z2;Branov;49.98734;13.86233
20260624_133324_L580;20260624_133324;24.06.2026;13:21:00;580;18;7681;10;U6839Z2;Rakovník,aut.st.;50.10919;13.73697
20260624_133324_L619;20260624_133324;24.06.2026;13:20:00;619;25;8741;12;U9303Z1;Kladno,autobusové nádraží;50.12648;13.95583
20260624_133324_L631;20260624_133324;24.06.2026;13:21:00;631;59;9580;10;U9058Z2;Všeradice,žel.zast.;49.89905;14.05441
20260624_133324_L641;20260624_133324;24.06.2026;13:18:00;641;16;9554;15;U1229Z1;Beroun,autobusové nádraží;49.90063;13.96113
20260624_133324_L669;20260624_133324;24.06.2026;13:18:00;669;27;8007;11;U1462Z1;Kostelní Hlavno,u kostela;50.23219;14.65062
20260624_133324_L706;20260624_133324;24.06.2026;13:20:00;706;62;1613;10;U6652Z1;Žiželice,nám.;50.13894;15.34715
20260624_133324_L735;20260624_133324;24.06.2026;13:19:00;735;23;7033;11;U6273Z1;Kopidlno,nám.;50.3791;15.12246
20260624_133324_L765;20260624_133324;24.06.2026;13:15:00;765;35;1898;17;U1330Z1;Sibřina;49.96257;14.52275
20260624_133324_L782;20260624_133324;24.06.2026;13:23:00;782;8;7542;10;U9367Z2;Kutná Hora,aut.st.;49.96285;15.29892
20260624_133724_L149;20260624_133724;24.06.2026;13:22:00;149;5;4088;15;U362Z12P;Dejvická;50.08544;14.3806
20260624_133724_L180;20260624_133724;24.06.2026;13:25:00;180;2;5009;11;U229Z2P;Dejvická;50.08682;14.37441
20260624_133724_L250;20260624_133724;24.06.2026;13:21:00;250;1;6765;14;U1235Z2P;Černý Most;50.10917;14.57978
20260624_133724_L821;20260624_133724;24.06.2026;13:24:00;821;52;1614;12;U2390Z51;Sázava,aut.st.;49.91316;14.96589
20260624_133724_L842;20260624_133724;24.06.2026;13:26:00;842;26;7882;10;U7422Z2;Vlašim,žel.st.;49.61824;15.06637
20260624_133724_L857;20260624_133724;24.06.2026;13:22:00;857;2;7309;14;U2125Z1;Otvovice,sklárna;50.20073;14.29935
20260624_133724_L858;20260624_133724;24.06.2026;13:24:00;858;67;8713;13;U4410Z2;Libčice n.Vlt.,žel.zast.Letky;50.19904;14.26013
20260624_133724_L306;20260624_133724;24.06.2026;13:27:00;306;5;8808;10;U1218Z2;Jeneč,Lidická;50.07995;14.24164
20260624_133724_L309;20260624_133724;24.06.2026;13:18:00;309;84;9562;18;U1141Z2;Praha,Nádraží Radotín;50.05482;14.28259
20260624_133724_L315;20260624_133724;24.06.2026;13:18:00;315;18;8672;15;U3063Z2;Praha,Černý Most;50.38743;14.90299
20260624_133724_L337;20260624_133724;24.06.2026;13:18:00;337;12;9933;17;U2288Z1;Benešov,Terminál;49.91737;14.58138
20260624_133724_L337;20260624_133724;24.06.2026;13:27:00;337;3;9161;10;U799Z3;Praha,Budějovická;50.01177;14.47652
20260624_133724_L338;20260624_133724;24.06.2026;13:25:00;338;47;1127;12;U2490Z2;Hradištko,Pikovice,most;49.85323;14.40401
20260624_133724_L339;20260624_133724;24.06.2026;13:26:00;339;17;9939;11;U1563Z3;Praha,Budějovická;49.9242;14.61665
20260624_133724_L376;20260624_133724;24.06.2026;13:22:00;376;43;8076;15;U2193Z2;Praha,Letňany;50.14233;14.6322
20260624_133724_L381;20260624_133724;24.06.2026;13:25:00;381;7;9375;11;U2011Z2;Praha,Háje;49.98732;14.78394
20260624_133724_L383;20260624_133724;24.06.2026;13:27:00;383;33;9490;10;U2038Z1;Chocerady;49.95693;14.75027
20260624_133724_L389;20260624_133724;24.06.2026;13:26:00;389;8;7761;11;U4774Z2;Praha,Nádraží Veleslavín;50.21241;14.12049
20260624_133724_L391;20260624_133724;24.06.2026;13:08:00;391;34;9186;28;U2315Z1;Úvaly,OC Pražská;50.0742;14.72305
20260624_133724_L400;20260624_133724;24.06.2026;13:20:00;400;25;11696;13;U31355Z1;Nový Bor,aut.nádr.;50.71752;14.54546
20260624_133724_L433;20260624_133724;24.06.2026;13:25:00;433;14;8602;12;U2973Z8;Pečky,žel.st.;50.19322;15.04513
20260624_133724_L440;20260624_133724;24.06.2026;13:22:00;440;53;1145;15;U2490Z2;Štěchovice,Masečín;49.85186;14.40636
20260624_133724_L444;20260624_133724;24.06.2026;13:23:00;444;5;9136;13;U1357Z2;Jílové u Prahy,náměstí;49.88921;14.41834
20260624_133724_L450;20260624_133724;24.06.2026;13:26:00;450;24;7505;11;U7840Z1;Petrovice;49.60239;14.40461
20260624_133724_L463;20260624_133724;24.06.2026;13:27:00;463;6;9577;10;U1171Z2;Městec Králové,nám.;50.36928;14.96288
20260624_133724_L484;20260624_133724;24.06.2026;13:16:00;484;31;8034;20;U2315Z1;Úvaly,žel.st.;50.07402;14.72333
20260624_133724_L493;20260624_133724;24.06.2026;13:22:00;493;12;8596;12;U3159Z1;Poděbrady,žel.st.;50.14257;15.11818
20260624_133724_L511;20260624_133724;24.06.2026;13:16:00;511;14;9616;18;U5916Z1;Březnice,aut.st.;49.55551;14.03342
20260624_133724_L516;20260624_133724;24.06.2026;13:25:00;516;1;7208;12;U7493Z1;Dublovice,Zvírotice;49.66992;14.3588
20260624_133724_L548;20260624_133724;24.06.2026;13:22:00;548;13;9546;12;U9617Z2;Hořovice,nemocnice;49.83555;13.90266
20260624_133724_L561;20260624_133724;24.06.2026;13:23:00;561;61;8382;14;U4340Z1;Rakovník,Šamotka;50.10365;13.72568
20260624_133724_L580;20260624_133724;24.06.2026;13:24:00;580;18;7681;12;U2009Z1;Rakovník,aut.st.;50.10627;13.72524
20260624_133724_L631;20260624_133724;24.06.2026;13:27:00;631;59;9580;10;U9045Z2;Všeradice,žel.zast.;49.88289;14.06361
20260624_133724_L641;20260624_133724;24.06.2026;13:22:00;641;16;9554;15;U9105Z1;Beroun,autobusové nádraží;49.91245;13.97945
20260624_133724_L641;20260624_133724;24.06.2026;13:25:00;641;17;9450;11;U9106Z2;Hořovice,nemocnice;49.91364;13.97957
20260624_133724_L655;20260624_133724;24.06.2026;13:24:00;655;45;8130;12;U5242Z1;Úvaly,žel.st.;50.07387;14.72349
20260624_133724_L667;20260624_133724;24.06.2026;13:27:00;667;22;8008;10;U3261Z51;Předměřice n.Jiz.;50.24919;14.76977
20260624_133724_L669;20260624_133724;24.06.2026;13:25:00;669;27;8007;12;U1465Z1;Kostelní Hlavno,u kostela;50.25167;14.64453
20260624_133724_L691;20260624_133724;24.06.2026;13:26:00;691;40;7984;11;U1798Z1;Vidim;50.37425;14.46677
20260624_133724_L770;20260624_133724;24.06.2026;13:22:00;770;4;7859;13;U2033Z3;Uhlířské Janovice,nám.;49.87379;14.90863
20260624_133724_L796;20260624_133724;24.06.2026;13:27:00;796;6;7825;10;U5823Z1;Pyšely,nám.;49.85435;14.76421
20260624_133724_L797;20260624_133724;24.06.2026;13:24:00;797;22;7864;12;U5824Z2;Vranov,Vranovská Lhota;49.85724;14.78368
20260624_133724_L798;20260624_133724;24.06.2026;13:26:00;798;8;7940;11;U7982Z2;Benešov,Terminál;49.77317;14.72603
20260624_134125_L600;20260624_134125;24.06.2026;13:30:00;600;22;8772;10;U4298Z2;Kladno,autobusové nádraží;50.15157;13.90185
20260624_134125_L823;20260624_134125;24.06.2026;13:30:00;823;38;8043;10;U5954Z1;Úvaly,žel.st.;50.02575;14.77738
20260624_134125_L339;20260624_134125;24.06.2026;13:31:00;339;28;9943;10;U1531Z1;Kamenice,kult.dům;49.95196;14.53778
20260624_134125_L821;20260624_134125;24.06.2026;13:26:00;821;69;1606;13;U4982Z2;Kolín,nádraží;50.00571;15.04469
20260624_134125_L410;20260624_134125;24.06.2026;13:29:00;410;4;11698;12;U6072Z1;Mimoň,aut.st.;50.46795;14.47383
20260624_134125_L735;20260624_134125;24.06.2026;13:30:00;735;23;7033;11;U31131Z1;Kopidlno,nám.;50.36779;15.17011
20260624_134125_L338;20260624_134125;24.06.2026;13:30:00;338;47;1127;11;U2498Z1;Hradištko,Pikovice,most;49.86787;14.40914
20260624_134125_L339;20260624_134125;24.06.2026;13:30:00;339;17;9939;11;U1579Z2;Praha,Budějovická;49.93081;14.58502
20260624_134125_L448;20260624_134125;24.06.2026;13:31:00;448;61;1147;10;U1733Z1;Mníšek p.Brdy,náměstí;49.88036;14.2759
20260624_134125_L450;20260624_134125;24.06.2026;13:29:00;450;24;7505;11;U5849Z1;Petrovice;49.61804;14.3971
20260624_134125_L444;20260624_134125;24.06.2026;13:29:00;444;32;9173;12;U1564Z1;Jílové u Prahy,náměstí;49.90444;14.5867
20260624_134125_L511;20260624_134125;24.06.2026;13:31:00;511;10;9602;10;U9753Z4;Příbram,aut.nádr.;49.67091;13.9931
20260624_134125_L444;20260624_134125;24.06.2026;13:27:00;444;5;9136;14;U1360Z2;Jílové u Prahy,náměstí;49.89097;14.4542
20260624_134125_L579;20260624_134125;24.06.2026;13:30:00;579;1;1207;11;U4022Z1;Roztoky,Leontýn;50.01209;13.84404
20260624_134125_L516;20260624_134125;24.06.2026;13:28:00;516;1;7208;12;U7498Z1;Dublovice,Zvírotice;49.66743;14.32787
20260624_134125_L484;20260624_134125;24.06.2026;13:16:00;484;31;8034;24;U2315Z1;Úvaly,žel.st.;50.07409;14.72324
20260624_134125_L669;20260624_134125;24.06.2026;13:28:00;669;27;8007;12;U1466Z1;Kostelní Hlavno,u kostela;50.24926;14.64115
20260624_134125_L641;20260624_134125;24.06.2026;13:27:00;641;17;9450;12;U9105Z2;Hořovice,nemocnice;49.91066;13.9759
20260624_134125_L641;20260624_134125;24.06.2026;13:26:00;641;16;9554;15;U9107Z1;Beroun,autobusové nádraží;49.92849;13.97605
20260624_134125_L433;20260624_134125;24.06.2026;13:27:00;433;14;8602;13;U3076Z1;Pečky,žel.st.;50.19263;15.03234
20260624_134125_L463;20260624_134125;24.06.2026;13:29:00;463;6;9577;10;U6182Z1;Městec Králové,nám.;50.36935;15.00203
20260624_134125_L180;20260624_134125;24.06.2026;13:27:00;180;2;5009;13;U182Z2P;Dejvická;50.09073;14.38515
20260624_134125_L383;20260624_134125;24.06.2026;13:30:00;383;33;9490;10;U2040Z1;Chocerady;49.93492;14.75934
20260624_134125_L306;20260624_134125;24.06.2026;13:30:00;306;5;8808;10;U2115Z1;Jeneč,Lidická;50.08424;14.22975
20260624_134125_L796;20260624_134125;24.06.2026;13:30:00;796;6;7825;10;U7881Z1;Pyšely,nám.;49.85294;14.73861
20260624_134125_L798;20260624_134125;24.06.2026;13:30:00;798;8;7940;11;U5898Z2;Benešov,Terminál;49.78773;14.69687
20260624_134125_L858;20260624_134125;24.06.2026;13:29:00;858;67;8713;12;U1693Z1;Libčice n.Vlt.,žel.zast.Letky;50.20156;14.29398
20260624_134125_L821;20260624_134125;24.06.2026;13:28:00;821;52;1614;13;U2049Z3;Sázava,aut.st.;49.89943;14.94696
20260624_134125_L842;20260624_134125;24.06.2026;13:29:00;842;26;7882;12;U7419Z1;Vlašim,žel.st.;49.62423;15.04793
20260624_134125_L548;20260624_134125;24.06.2026;13:27:00;548;13;9546;13;U4275Z2;Hořovice,nemocnice;49.83766;13.90806
20260624_134125_L797;20260624_134125;24.06.2026;13:28:00;797;22;7864;13;U5823Z1;Vranov,Vranovská Lhota;49.85456;14.76633
20260624_134125_L478;20260624_134125;24.06.2026;13:30:00;478;17;8115;10;U1292Z1;Brandýs n.L.-St.Bol.,žel.st.;50.2172;14.60394
20260624_134125_L770;20260624_134125;24.06.2026;13:26:00;770;4;7859;15;U2032Z2;Uhlířské Janovice,nám.;49.87615;14.89624
20260624_134125_L381;20260624_134125;24.06.2026;13:28:00;381;7;9375;13;U1909Z2;Praha,Háje;49.98907;14.75671
20260624_134125_L391;20260624_134125;24.06.2026;13:08:00;391;34;9186;31;U2315Z1;Úvaly,OC Pražská;50.0742;14.72305
20260624_134125_L250;20260624_134125;24.06.2026;13:21:00;250;1;6765;18;U1235Z2P;Černý Most;50.10917;14.57978
20260624_134125_L149;20260624_134125;24.06.2026;13:27:00;149;5;4088;14;U867Z1P;Dejvická;50.09396;14.39007
20260624_134125_L493;20260624_134125;24.06.2026;13:30:00;493;12;8596;11;U2579Z2;Nymburk,hl.nádr.;50.14856;15.12404
20260624_134525_L381;20260624_134525;24.06.2026;13:30:00;381;7;9375;15;U2008Z2;Praha,Háje;49.98963;14.73911
20260624_134525_L339;20260624_134525;24.06.2026;13:33:00;339;17;9939;11;U1581Z2;Praha,Budějovická;49.94982;14.57041
20260624_134525_L858;20260624_134525;24.06.2026;13:31:00;858;67;8713;12;U1692Z2;Libčice n.Vlt.,žel.zast.Letky;50.19048;14.30515
20260624_134525_L433;20260624_134525;24.06.2026;13:30:00;433;14;8602;15;U3088Z2;Pečky,žel.st.;50.18701;15.02499
20260624_134525_L738;20260624_134525;24.06.2026;13:31:00;738;39;8603;10;U6334Z1;Mukařov,Vicmanov;50.56285;14.93294
20260624_134525_L650;20260624_134525;24.06.2026;13:33:00;650;23;12559;10;U31429Z1;Kladno,autobusové nádraží;50.40111;14.12344
20260624_134525_L735;20260624_134525;24.06.2026;13:32:00;735;23;7033;10;U31136Z1;Kopidlno,nám.;50.37343;15.21414
20260624_134525_L444;20260624_134525;24.06.2026;13:30:00;444;5;9136;14;U2598Z2;Jílové u Prahy,náměstí;49.90327;14.48245
20260624_134525_L450;20260624_134525;24.06.2026;13:32:00;450;24;7505;12;U5841Z1;Petrovice;49.60618;14.38425
20260624_134525_L842;20260624_134525;24.06.2026;13:30:00;842;26;7882;14;U7420Z2;Vlašim,žel.st.;49.62862;15.03879
20260624_134525_L796;20260624_134525;24.06.2026;13:32:00;796;6;7825;11;U7882Z1;Pyšely,nám.;49.84649;14.71146
20260624_134525_L641;20260624_134525;24.06.2026;13:33:00;641;17;9450;12;U9854Z2;Hořovice,nemocnice;49.89416;13.95952
20260624_134525_L698;20260624_134525;24.06.2026;13:34:00;698;4;8624;10;U1431Z3;Poříčany,žel.st.;50.13789;14.90627
20260624_134525_L821;20260624_134525;24.06.2026;13:32:00;821;52;1614;12;U2161Z2;Sázava,aut.st.;49.89666;14.92791
20260624_134525_L821;20260624_134525;24.06.2026;13:30:00;821;69;1606;14;U9000Z1;Kolín,nádraží;50.00796;15.06472
20260624_134525_L337;20260624_134525;24.06.2026;13:32:00;337;3;9161;11;U488Z7;Praha,Budějovická;50.03924;14.45786
20260624_134525_L338;20260624_134525;24.06.2026;13:32:00;338;47;1127;12;U2499Z1;Hradištko,Pikovice,most;49.86965;14.43116
20260624_134525_L339;20260624_134525;24.06.2026;13:34:00;339;28;9943;10;U1533Z3;Kamenice,kult.dům;49.93562;14.55695
20260624_134525_L857;20260624_134525;24.06.2026;13:31:00;857;2;7309;14;U2842Z2;Otvovice,sklárna;50.19661;14.24845
20260624_134525_L400;20260624_134525;24.06.2026;13:34:00;400;56;1091;11;U3316Z4;Praha,Střížkov;50.40805;14.44776
20260624_134525_L797;20260624_134525;24.06.2026;13:33:00;797;22;7864;12;U5822Z1;Chocerady;49.85285;14.77646
20260624_134525_L376;20260624_134525;24.06.2026;13:30:00;376;43;8076;14;U4435Z1;Praha,Letňany;50.12375;14.57793
20260624_134525_L383;20260624_134525;24.06.2026;13:35:00;383;33;9490;10;U2042Z1;Chocerady;49.93175;14.77658
20260624_134525_L300;20260624_134525;24.06.2026;13:34:00;300;22;8998;10;U3094Z1;Smečno;50.14532;14.09538
20260624_134525_L307;20260624_134525;24.06.2026;13:34:00;307;11;8952;11;U1680Z1;Unhošť,nám.;50.06003;14.16582
20260624_134525_L600;20260624_134525;24.06.2026;13:32:00;600;22;8772;10;U9316Z1;Kladno,autobusové nádraží;50.13879;13.9448
20260624_134525_L641;20260624_134525;24.06.2026;13:31:00;641;16;9554;13;U9006Z1;Beroun,autobusové nádraží;49.93729;14.01741
20260624_134525_L410;20260624_134525;24.06.2026;13:30:00;410;4;11698;13;U6073Z1;Mimoň,aut.st.;50.48294;14.4858
20260624_134525_L580;20260624_134525;24.06.2026;13:33:00;580;18;7681;10;U2926Z15;Slaný,aut.nádr.;50.10074;13.73436
20260624_134525_L315;20260624_134525;24.06.2026;13:30:00;315;18;8672;15;U3264Z1;Praha,Černý Most;50.33341;14.86767
20260624_134525_L669;20260624_134525;24.06.2026;13:30:00;669;27;8007;13;U1464Z1;Kostelní Hlavno,u kostela;50.26878;14.64778
20260624_134525_L579;20260624_134525;24.06.2026;13:32:00;579;1;1207;10;U4024Z1;Roztoky,Leontýn;49.99362;13.86113
20260624_134525_L561;20260624_134525;24.06.2026;13:34:00;561;61;8382;11;U6837Z1;Rakovník,Šamotka;50.10605;13.7322
20260624_134525_L430;20260624_134525;24.06.2026;13:34:00;430;8;8566;10;U4123Z1;Lipník;50.22988;14.86408
20260624_134525_L431;20260624_134525;24.06.2026;13:34:00;431;2;1813;10;U2432Z1;Lysá n.L.,Byšičky;50.19597;14.84225
20260624_134525_L400;20260624_134525;24.06.2026;13:31:00;400;25;11696;11;U31360Z1;Nový Bor,aut.nádr.;50.76276;14.55032
20260624_134525_L444;20260624_134525;24.06.2026;13:29:00;444;32;9173;16;U1564Z1;Jílové u Prahy,náměstí;49.90364;14.58675
20260624_134525_L250;20260624_134525;24.06.2026;13:21:00;250;1;6765;20;U1235Z2P;Černý Most;50.10917;14.57978
20260624_134525_L149;20260624_134525;24.06.2026;13:30:00;149;5;4088;15;U321Z4P;Dejvická;50.1;14.39552
20260624_134525_L493;20260624_134525;24.06.2026;13:33:00;493;12;8596;11;U2578Z2;Nymburk,hl.nádr.;50.14017;15.11469
20260624_134926_L199;20260624_134926;24.06.2026;13:38:00;199;2;3971;11;U921Z9P;Želivského;50.0784;14.47525
20260624_134926_L410;20260624_134926;24.06.2026;13:36:00;410;4;11698;11;U31056Z1;Mimoň,aut.st.;50.51437;14.49388
20260624_134926_L453;20260624_134926;24.06.2026;13:35:00;453;5;7511;10;U31266Z1;Mladá Vožice,aut.st.;49.53106;14.80814
20260624_134926_L400;20260624_134926;24.06.2026;13:34:00;400;56;1091;12;U3316Z4;Praha,Střížkov;50.3894;14.46449
20260624_134926_L493;20260624_134926;24.06.2026;13:38:00;493;12;8596;10;U3160Z1;Nymburk,hl.nádr.;50.14288;15.09248
20260624_134926_L667;20260624_134926;24.06.2026;13:37:00;667;22;8008;12;U5985Z1;Předměřice n.Jiz.;50.27777;14.81965
20260624_134926_L842;20260624_134926;24.06.2026;13:34:00;842;26;7882;15;U7427Z2;Vlašim,žel.st.;49.64267;15.03691
20260624_134926_L444;20260624_134926;24.06.2026;13:34:00;444;32;9173;15;U1567Z1;Jílové u Prahy,náměstí;49.89287;14.56489
20260624_134926_L641;20260624_134926;24.06.2026;13:36:00;641;16;9554;12;U4972Z1;Beroun,autobusové nádraží;49.94829;14.03779
20260624_134926_L858;20260624_134926;24.06.2026;13:36:00;858;67;8713;10;U5036Z1;Libčice n.Vlt.,žel.zast.Letky;50.18633;14.35293
20260624_134926_L219;20260624_134926;24.06.2026;13:36:00;219;3;2052;13;U846Z3P;Malá Ohrada;50.05527;14.36441
20260624_134926_L641;20260624_134926;24.06.2026;13:36:00;641;17;9450;12;U3268Z2;Hořovice,nemocnice;49.87958;13.95357
20260624_134926_L580;20260624_134926;24.06.2026;13:34:00;580;18;7681;15;U4338Z2;Slaný,aut.nádr.;50.10309;13.72815
20260624_134926_L600;20260624_134926;24.06.2026;13:37:00;600;22;8772;10;U9291Z1;Kladno,autobusové nádraží;50.13857;13.97902
20260624_134926_L450;20260624_134926;24.06.2026;13:35:00;450;24;7505;12;U7838Z1;Petrovice;49.58202;14.38024
20260624_134926_L579;20260624_134926;24.06.2026;13:36:00;579;1;1207;10;U4026Z1;Roztoky,Leontýn;49.97745;13.87078
20260624_134926_L796;20260624_134926;24.06.2026;13:37:00;796;6;7825;11;U1383Z1;Pyšely,nám.;49.85346;14.70521
20260624_134926_L797;20260624_134926;24.06.2026;13:36:00;797;22;7864;10;U5824Z1;Chocerady;49.86233;14.79103
20260624_134926_L413;20260624_134926;24.06.2026;13:37:00;413;65;7091;11;U31433Z2;Litoměřice,aut.nádr.;50.5131;14.15316
20260624_134926_L376;20260624_134926;24.06.2026;13:35:00;376;43;8076;14;U243Z6;Praha,Letňany;50.13064;14.551
20260624_134926_L669;20260624_134926;24.06.2026;13:35:00;669;27;8007;14;U1463Z1;Kostelní Hlavno,u kostela;50.26319;14.67842
20260624_134926_L685;20260624_134926;24.06.2026;13:37:00;685;30;1624;11;U2360Z1;Černé Voděrady;49.93831;14.70516
20260624_134926_L783;20260624_134926;24.06.2026;13:36:00;783;7;7633;13;U31477Z1;Chvaletice,u městského úřadu;50.0216;15.43085
20260624_134926_L738;20260624_134926;24.06.2026;13:37:00;738;39;8603;12;U6370Z3;Mukařov,Vicmanov;50.55501;14.94608
20260624_134926_L431;20260624_134926;24.06.2026;13:38:00;431;2;1813;11;U2430Z1;Lysá n.L.,Byšičky;50.20533;14.84161
20260624_134926_L467;20260624_134926;24.06.2026;13:37:00;467;14;8111;10;U1795Z1;Roudnice n.L.,ČSAD;50.35728;14.45772
20260624_134926_L430;20260624_134926;24.06.2026;13:36:00;430;8;8566;12;U1488Z2;Lipník;50.22849;14.8763
20260624_134926_L821;20260624_134926;24.06.2026;13:35:00;821;52;1614;11;U9005Z1;Sázava,aut.st.;49.88399;14.90927
20260624_134926_L346;20260624_134926;24.06.2026;13:35:00;346;5;8291;12;U897Z31;Praha,Černý Most;50.10867;14.57361
20260624_134926_L339;20260624_134926;24.06.2026;13:38:00;339;28;9943;11;U2288Z1;Kamenice,kult.dům;49.92234;14.57665
20260624_134926_L339;20260624_134926;24.06.2026;13:37:00;339;17;9939;12;U1533Z2;Praha,Budějovická;49.93922;14.55219
20260624_135326_L489;20260624_135326;24.06.2026;13:40:00;489;31;1644;13;U2563Z1;Louňovice;49.93767;14.70623
20260624_135326_L478;20260624_135326;24.06.2026;13:43:00;478;17;8115;10;U3356Z2;Brandýs n.L.-St.Bol.,žel.st.;50.18805;14.64901
20260624_135326_L328;20260624_135326;24.06.2026;13:42:00;328;4;1729;10;U1864Z1;Modletice,Doubravice;49.9722;14.59061
20260624_135326_L383;20260624_135326;24.06.2026;13:37:00;383;32;9174;16;U2042Z1;Praha,Háje;49.93186;14.77788
20260624_135326_L430;20260624_135326;24.06.2026;13:40:00;430;8;8566;13;U1496Z2;Lipník;50.22883;14.88264
20260624_135326_L630;20260624_135326;24.06.2026;13:40:00;630;40;8793;12;U4911Z1;Beroun,Jarov,náves;50.04569;14.10871
20260624_135326_L180;20260624_135326;24.06.2026;13:41:00;180;3;6864;10;U867Z1P;Dejvická;50.09487;14.39633
20260624_135326_L339;20260624_135326;24.06.2026;13:38:00;339;28;9943;14;U2288Z1;Kamenice,kult.dům;49.91694;14.58154
20260624_135326_L493;20260624_135326;24.06.2026;13:42:00;493;12;8596;10;U3029Z1;Nymburk,hl.nádr.;50.16597;15.07723
20260624_135326_L490;20260624_135326;24.06.2026;13:40:00;490;41;1630;13;U2563Z1;Stříbrná Skalice,náměstí;49.93733;14.70652
20260624_135326_L670;20260624_135326;24.06.2026;13:41:00;670;27;8007;12;U1471Z2;Brandýs n.L.-St.Bol.,aut.st.;50.25625;14.6986
20260624_135326_L315;20260624_135326;24.06.2026;13:37:00;315;18;8672;15;U3380Z2;Praha,Černý Most;50.29025;14.84062
20260624_135326_L316;20260624_135326;24.06.2026;13:43:00;316;2;8981;10;U1691Z1;Kralupy n.Vlt.,žel.st.;50.19116;14.32096
20260624_135326_L641;20260624_135326;24.06.2026;13:39:00;641;17;9450;13;U9855Z55;Hořovice,nemocnice;49.88216;13.95522
20260624_135326_L580;20260624_135326;24.06.2026;13:37:00;580;18;7681;15;U6840Z1;Slaný,aut.nádr.;50.10753;13.73976
20260624_135326_L738;20260624_135326;24.06.2026;13:40:00;738;39;8603;12;U6335Z1;Mukařov,Vicmanov;50.56503;14.93363
20260624_135326_L433;20260624_135326;24.06.2026;13:39:00;433;14;8602;14;U2969Z1;Pečky,žel.st.;50.18539;15.04155
20260624_135326_L858;20260624_135326;24.06.2026;13:42:00;858;67;8713;11;U2825Z1;Libčice n.Vlt.,žel.zast.Letky;50.1995;14.36258
20260624_135326_L718;20260624_135326;24.06.2026;13:40:00;718;32;8663;10;U6363Z2;Mnichovo Hradiště,dopravní terminál;50.51682;14.9853
20260624_135326_L821;20260624_135326;24.06.2026;13:40:00;821;52;1614;10;U2032Z1;Sázava,aut.st.;49.87383;14.90674
20260624_135326_L821;20260624_135326;24.06.2026;13:40:00;821;69;1606;13;U4992Z1;Kolín,nádraží;49.99782;15.12614
20260624_135326_L410;20260624_135326;24.06.2026;13:41:00;410;4;11698;11;U31047Z1;Mimoň,aut.st.;50.52915;14.52178
20260624_135326_L413;20260624_135326;24.06.2026;13:39:00;413;65;7091;11;U31417Z4;Litoměřice,aut.nádr.;50.51599;14.13779
20260624_135326_L796;20260624_135326;24.06.2026;13:39:00;796;6;7825;11;U7431Z1;Pyšely,nám.;49.8715;14.707
20260624_135326_L797;20260624_135326;24.06.2026;13:41:00;797;22;7864;10;U7528Z1;Chocerady;49.86906;14.80776
20260624_135326_L376;20260624_135326;24.06.2026;13:39:00;376;43;8076;14;U803Z2;Praha,Letňany;50.12253;14.52704
20260624_135326_L381;20260624_135326;24.06.2026;13:37:00;381;7;9375;16;U1882Z2;Praha,Háje;49.9967;14.67632
20260624_135326_L686;20260624_135326;24.06.2026;13:43:00;686;34;8142;10;U2380Z2;Úvaly,žel.st.;50.07324;14.72825
20260624_135326_L450;20260624_135326;24.06.2026;13:40:00;450;24;7505;13;U7770Z2;Petrovice;49.57543;14.3973
20260624_135326_L579;20260624_135326;24.06.2026;13:42:00;579;1;1207;10;U9074Z1;Roztoky,Leontýn;49.98012;13.89533
20260624_135326_L685;20260624_135326;24.06.2026;13:38:00;685;30;1624;14;U2563Z1;Černé Voděrady;49.93713;14.70693
20260624_135326_L842;20260624_135326;24.06.2026;13:38:00;842;26;7882;15;U7035Z2;Vlašim,žel.st.;49.64868;15.01383
20260624_135326_L641;20260624_135326;24.06.2026;13:41:00;641;16;9554;12;U4971Z2;Beroun,autobusové nádraží;49.95706;14.05709
20260624_135326_L783;20260624_135326;24.06.2026;13:36:00;783;7;7633;17;U31477Z1;Chvaletice,u městského úřadu;50.0216;15.43085
20260624_135326_L219;20260624_135326;24.06.2026;13:40:00;219;3;2052;12;U205Z1P;Malá Ohrada;50.04948;14.35209
20260624_135326_L204;20260624_135326;24.06.2026;13:42:00;204;70;9018;10;U862Z1P;Stavební zóna Horní Počernice;50.11779;14.62557
20260624_135726_L686;20260624_135726;24.06.2026;13:43:00;686;34;8142;12;U2315Z1;Úvaly,žel.st.;50.07402;14.72329
20260624_135726_L376;20260624_135726;24.06.2026;13:45:00;376;42;8006;10;U1942Z1;Praha,Letňany;50.18281;14.65827
20260624_135726_L821;20260624_135726;24.06.2026;13:44:00;821;69;1606;13;U4993Z1;Kolín,nádraží;50.00993;15.1514
20260624_135726_L469;20260624_135726;24.06.2026;13:42:00;469;38;1587;12;U1893Z1;Říčany,Olivovna;49.95225;14.64799
20260624_135726_L383;20260624_135726;24.06.2026;13:47:00;383;33;9490;10;U2064Z1;Chocerady;49.93194;14.71426
20260624_135726_L670;20260624_135726;24.06.2026;13:44:00;670;27;8007;12;U1468Z2;Brandýs n.L.-St.Bol.,aut.st.;50.23336;14.70672
20260624_135726_L407;20260624_135726;24.06.2026;13:45:00;407;39;7530;11;U5974Z1;Písek,aut.nádr.;49.6126;14.05729
20260624_135726_L316;20260624_135726;24.06.2026;13:46:00;316;2;8981;11;U1692Z1;Kralupy n.Vlt.,žel.st.;50.19674;14.29514
20260624_135726_L431;20260624_135726;24.06.2026;13:44:00;431;2;1813;11;U4341Z1;Lysá n.L.,Byšičky;50.18076;14.79451
20260624_135726_L339;20260624_135726;24.06.2026;13:42:00;339;28;9943;14;U1539Z1;Kamenice,kult.dům;49.90398;14.59098
20260624_135726_L339;20260624_135726;24.06.2026;13:46:00;339;17;9939;10;U1330Z2;Praha,Budějovická;49.96887;14.51166
20260624_135726_L490;20260624_135726;24.06.2026;13:43:00;490;41;1630;13;U2064Z1;Stříbrná Skalice,náměstí;49.93273;14.71297
20260624_135726_L493;20260624_135726;24.06.2026;13:47:00;493;12;8596;10;U2968Z1;Nymburk,hl.nádr.;50.18015;15.04478
20260624_135726_L450;20260624_135726;24.06.2026;13:43:00;450;24;7505;13;U7771Z1;Petrovice;49.57612;14.3676
20260624_135726_L641;20260624_135726;24.06.2026;13:39:00;641;17;9450;17;U9855Z55;Hořovice,nemocnice;49.88189;13.92741
20260624_135726_L580;20260624_135726;24.06.2026;13:42:00;580;18;7681;13;U9897Z2;Slaný,aut.nádr.;50.11774;13.76741
20260624_135726_L630;20260624_135726;24.06.2026;13:44:00;630;40;8793;13;U4914Z2;Beroun,Jarov,náves;50.02643;14.0966
20260624_135726_L858;20260624_135726;24.06.2026;13:42:00;858;67;8713;13;U2825Z1;Libčice n.Vlt.,žel.zast.Letky;50.19605;14.3688
20260624_135726_L491;20260624_135726;24.06.2026;13:47:00;491;10;8575;10;U1422Z2;Český Brod,žel.st.;50.0462;14.8101
20260624_135726_L738;20260624_135726;24.06.2026;13:42:00;738;39;8603;13;U6336Z1;Mukařov,Vicmanov;50.57777;14.92464
20260624_135726_L430;20260624_135726;24.06.2026;13:44:00;430;8;8566;13;U1489Z3;Lipník;50.2294;14.89271
20260624_135726_L433;20260624_135726;24.06.2026;13:43:00;433;14;8602;14;U2967Z2;Pečky,žel.st.;50.17795;15.03899
20260624_135726_L431;20260624_135726;24.06.2026;13:46:00;431;2;1813;11;U4342Z1;Lysá n.L.,žel.st.;50.18076;14.79451
20260624_135726_L370;20260624_135726;24.06.2026;13:46:00;370;12;8196;10;U4231Z2;Kralupy n.Vlt.,žel.st.;50.2438;14.31265
20260624_135726_L380;20260624_135726;24.06.2026;13:42:00;380;4;9973;15;U444Z1;Praha,Vypich;50.07597;14.34608
20260624_135726_L381;20260624_135726;24.06.2026;13:42:00;381;7;9375;15;U1885Z2;Praha,Háje;50.00462;14.65767
20260624_135726_L389;20260624_135726;24.06.2026;13:44:00;389;8;7761;13;U85Z1;Praha,Nádraží Veleslavín;50.09269;14.32411
20260624_135726_L795;20260624_135726;24.06.2026;13:46:00;795;37;7867;10;U5868Z1;Zruč n.Sáz.,Sázavan;49.73363;15.08018
20260624_135726_L400;20260624_135726;24.06.2026;13:43:00;400;56;1091;14;U1794Z2;Praha,Střížkov;50.35356;14.48196
20260624_135726_L383;20260624_135726;24.06.2026;13:42:00;383;32;9174;15;U2040Z2;Praha,Háje;49.93748;14.75702
20260624_135726_L136;20260624_135726;24.06.2026;13:46:00;136;5;6961;11;U368Z1P;Sídliště Čakovice;50.14979;14.50806
20260624_135726_L641;20260624_135726;24.06.2026;13:41:00;641;16;9554;14;U4971Z2;Beroun,autobusové nádraží;49.96353;14.06219
20260624_135726_L783;20260624_135726;24.06.2026;13:36:00;783;7;7633;20;U31477Z1;Chvaletice,u městského úřadu;50.0216;15.43085
20260624_135726_L219;20260624_135726;24.06.2026;13:45:00;219;3;2052;12;U968Z1P;Malá Ohrada;50.05489;14.34503
20260624_135726_L204;20260624_135726;24.06.2026;13:47:00;204;70;9018;10;U1351Z2P;Stavební zóna Horní Počernice;50.12258;14.60958
20260624_140127_L410;20260624_140127;24.06.2026;13:50:00;410;4;11698;10;U31310Z1;Mimoň,aut.st.;50.54892;14.55338
20260624_140127_L478;20260624_140127;24.06.2026;13:46:00;478;17;8115;14;U1942Z2;Brandýs n.L.-St.Bol.,žel.st.;50.18082;14.65627
20260624_140127_L383;20260624_140127;24.06.2026;13:48:00;383;32;9174;13;U2037Z2;Praha,Háje;49.96312;14.74512
20260624_140127_L370;20260624_140127;24.06.2026;13:46:00;370;12;8196;13;U4231Z2;Kralupy n.Vlt.,žel.st.;50.24167;14.31057
20260624_140127_L491;20260624_140127;24.06.2026;13:50:00;491;10;8575;11;U2273Z2;Český Brod,žel.st.;50.05943;14.82474
20260624_140127_L219;20260624_140127;24.06.2026;13:49:00;219;3;2052;11;U3298Z2P;Malá Ohrada;50.05878;14.32811
20260624_140127_L638;20260624_140127;24.06.2026;13:49:00;638;59;9580;12;U9052Z1;Beroun,autobusové nádraží;49.91482;14.07527
20260624_140127_L580;20260624_140127;24.06.2026;13:49:00;580;18;7681;12;U9919Z2;Slaný,aut.nádr.;50.14036;13.76118
20260624_140127_L433;20260624_140127;24.06.2026;13:49:00;433;14;8602;12;U2594Z2;Pečky,žel.st.;50.15928;15.00966
20260624_140127_L490;20260624_140127;24.06.2026;13:47:00;490;41;1630;14;U2062Z1;Stříbrná Skalice,náměstí;49.92043;14.73922
20260624_140127_L641;20260624_140127;24.06.2026;13:39:00;641;17;9450;20;U9855Z55;Hořovice,nemocnice;49.86657;13.93145
20260624_140127_L339;20260624_140127;24.06.2026;13:51:00;339;17;9939;10;U1522Z2;Praha,Budějovická;49.98576;14.49409
20260624_140127_L430;20260624_140127;24.06.2026;13:44:00;430;8;8566;14;U1489Z3;Lipník;50.22594;14.92355
20260624_140127_L369;20260624_140127;24.06.2026;13:49:00;369;36;8272;10;U1795Z1;Štětí,záv.;50.36077;14.46955
20260624_140127_L316;20260624_140127;24.06.2026;13:49:00;316;2;8981;12;U1693Z2;Kralupy n.Vlt.,žel.st.;50.20158;14.29461
20260624_140127_L630;20260624_140127;24.06.2026;13:47:00;630;40;8793;12;U4915Z2;Beroun,Jarov,náves;49.99997;14.0937
20260624_140127_L858;20260624_140127;24.06.2026;13:42:00;858;67;8713;15;U2825Z1;Libčice n.Vlt.,žel.zast.Letky;50.19005;14.37097
20260624_140127_L617;20260624_140127;24.06.2026;13:51:00;617;17;7324;10;U4365Z1;Kladno,autobusové nádraží;50.3354;14.28373
20260624_140127_L821;20260624_140127;24.06.2026;13:48:00;821;69;1606;13;U4995Z1;Kolín,nádraží;50.01955;15.18197
20260624_140127_L155;20260624_140127;24.06.2026;13:47:00;155;2;9120;14;U548Z3P;Nemocnice Vinohrady;50.08067;14.50117
20260624_140127_L650;20260624_140127;24.06.2026;13:49:00;650;23;12559;10;U4438Z1;Kladno,autobusové nádraží;50.32946;14.13802
20260624_140127_L450;20260624_140127;24.06.2026;13:49:00;450;24;7505;11;U7825Z1;Petrovice;49.56151;14.33915
20260624_140127_L407;20260624_140127;24.06.2026;13:47:00;407;39;7530;10;U5724Z4;Písek,aut.nádr.;49.57647;14.07655
20260624_140127_L686;20260624_140127;24.06.2026;13:43:00;686;34;8142;16;U2315Z1;Úvaly,žel.st.;50.07402;14.72329
20260624_140127_L400;20260624_140127;24.06.2026;13:46:00;400;56;1091;10;U1793Z1;Praha,Střížkov;50.34713;14.48657
20260624_140127_L136;20260624_140127;24.06.2026;13:50:00;136;18;6960;10;U118Z4P;Jižní Město;50.07876;14.46054
20260624_140127_L489;20260624_140127;24.06.2026;13:48:00;489;37;1632;11;U2360Z1;Mnichovice,požární dům;49.9384;14.70488
20260624_140127_L783;20260624_140127;24.06.2026;13:36:00;783;7;7633;24;U31477Z1;Chvaletice,u městského úřadu;50.0216;15.43085
20260624_140527_L410;20260624_140527;24.06.2026;13:54:00;410;4;11698;10;U31312Z1;Mimoň,aut.st.;50.55459;14.59156
20260624_140527_L738;20260624_140527;24.06.2026;13:53:00;738;39;8603;12;U6336Z2;Mnichovo Hradiště,dopravní terminál;50.56685;14.93209
20260624_140527_L706;20260624_140527;24.06.2026;13:52:00;706;46;8573;11;U6611Z1;Jestřabí Lhota;50.04941;15.22063
20260624_140527_L383;20260624_140527;24.06.2026;13:53:00;383;32;9174;12;U2035Z2;Praha,Háje;49.98197;14.73017
20260624_140527_L650;20260624_140527;24.06.2026;13:54:00;650;23;12559;10;U9127Z1;Kladno,autobusové nádraží;50.30986;14.13667
20260624_140527_L407;20260624_140527;24.06.2026;13:51:00;407;39;7530;10;U7616Z1;Písek,aut.nádr.;49.54516;14.08363
20260624_140527_L405;20260624_140527;24.06.2026;13:52:00;405;66;1432;12;U31000Z2;Praha,Černý Most;50.46404;15.16841
20260624_140527_L339;20260624_140527;24.06.2026;13:53:00;339;17;9939;10;U4861Z2;Praha,Budějovická;50.00401;14.48121
20260624_140527_L433;20260624_140527;24.06.2026;13:55:00;433;14;8602;10;U1435Z1;Pečky,žel.st.;50.13708;14.98528
20260624_140527_L490;20260624_140527;24.06.2026;13:52:00;490;41;1630;13;U2060Z1;Stříbrná Skalice,náměstí;49.90289;14.74443
20260624_140527_L686;20260624_140527;24.06.2026;13:43:00;686;34;8142;20;U2315Z1;Úvaly,žel.st.;50.07402;14.72329
20260624_140527_L515;20260624_140527;24.06.2026;13:53:00;515;13;9566;10;U4746Z1;Příbram,aut.nádr.;49.73243;14.32599
20260624_140527_L630;20260624_140527;24.06.2026;13:51:00;630;40;8793;13;U4917Z1;Beroun,Jarov,náves;49.99505;14.09163
20260624_140527_L491;20260624_140527;24.06.2026;13:53:00;491;10;8575;12;U1417Z2;Český Brod,žel.st.;50.06918;14.85158
20260624_140527_L580;20260624_140527;24.06.2026;13:51:00;580;18;7681;11;U3390Z2;Slaný,aut.nádr.;50.1639;13.74413
20260624_140527_L590;20260624_140527;24.06.2026;13:55:00;590;24;7707;10;U9267Z2;Vraný;50.23955;14.0973
20260624_140527_L628;20260624_140527;24.06.2026;13:53:00;628;30;8804;11;U9329Z2;Řevničov,ObÚ;50.20696;13.84759
20260624_140527_L369;20260624_140527;24.06.2026;13:54:00;369;36;8272;11;U1798Z1;Štětí,záv.;50.37421;14.46681
20260624_140527_L381;20260624_140527;24.06.2026;13:50:00;381;7;9375;15;U336Z2;Praha,Háje;50.03233;14.59781
20260624_140527_L638;20260624_140527;24.06.2026;13:53:00;638;59;9580;12;U9054Z1;Beroun,autobusové nádraží;49.92928;14.07289
20260624_140527_L400;20260624_140527;24.06.2026;13:52:00;400;56;1091;11;U1792Z1;Praha,Střížkov;50.33157;14.49825
20260624_140527_L406;20260624_140527;24.06.2026;13:54:00;406;1;7934;11;U31692Z2;Praha,Roztyly;49.54585;15.15529
20260624_140527_L219;20260624_140527;24.06.2026;13:55:00;219;3;2052;10;U711Z1P;Malá Ohrada;50.04892;14.31806
20260624_140527_L316;20260624_140527;24.06.2026;13:50:00;316;2;8981;12;U5002Z1;Kralupy n.Vlt.,žel.st.;50.21647;14.31687
20260624_140527_L480;20260624_140527;24.06.2026;13:51:00;480;25;7526;11;U7719Z1;Klučenice;49.62956;14.06655
20260624_140527_L136;20260624_140527;24.06.2026;13:52:00;136;18;6960;14;U518Z3P;Jižní Město;50.07657;14.45884
20260624_140527_L155;20260624_140527;24.06.2026;13:47:00;155;2;9120;17;U548Z1P;Nemocnice Vinohrady;50.0822;14.50243
20260624_140527_L821;20260624_140527;24.06.2026;13:53:00;821;69;1606;12;U4998Z1;Kolín,nádraží;50.02497;15.20011
20260624_140527_L149;20260624_140527;24.06.2026;13:53:00;149;8;4200;12;U788Z1P;Stodůlky-Bavorská;50.0645;14.37778
20260624_140527_L783;20260624_140527;24.06.2026;13:36:00;783;7;7633;29;U31477Z1;Chvaletice,u městského úřadu;50.0216;15.43085
20260624_140927_L480;20260624_140927;24.06.2026;13:57:00;480;25;7526;11;U7805Z1;Klučenice;49.6164;14.10115
20260624_140927_L706;20260624_140927;24.06.2026;13:52:00;706;46;8573;15;U6611Z1;Jestřabí Lhota;50.04941;15.22064
20260624_140927_L406;20260624_140927;24.06.2026;13:58:00;406;1;7934;10;U31660Z2;Praha,Roztyly;49.55848;15.1162
20260624_140927_L316;20260624_140927;24.06.2026;13:57:00;316;2;8981;12;U4220Z1;Kralupy n.Vlt.,žel.st.;50.22797;14.29786
20260624_140927_L515;20260624_140927;24.06.2026;13:53:00;515;13;9566;14;U4746Z1;Příbram,aut.nádr.;49.73633;14.30235
20260624_140927_L490;20260624_140927;24.06.2026;13:57:00;490;41;1630;12;U2059Z1;Stříbrná Skalice,náměstí;49.90272;14.75691
20260624_140927_L686;20260624_140927;24.06.2026;13:43:00;686;34;8142;24;U2315Z1;Úvaly,žel.st.;50.07402;14.72329
20260624_140927_L489;20260624_140927;24.06.2026;13:54:00;489;31;1644;15;U2038Z2;Louňovice;49.95704;14.75022
20260624_140927_L407;20260624_140927;24.06.2026;13:58:00;407;39;7530;11;U31702Z1;Písek,aut.nádr.;49.51861;14.07412
20260624_140927_L410;20260624_140927;24.06.2026;13:58:00;410;4;11698;10;U31313Z1;Mimoň,aut.st.;50.56471;14.62311
20260624_140927_L650;20260624_140927;24.06.2026;13:57:00;650;23;12559;11;U9123Z1;Kladno,autobusové nádraží;50.30989;14.10658
20260624_140927_L405;20260624_140927;24.06.2026;13:52:00;405;66;1432;13;U31000Z2;Praha,Černý Most;50.4597;15.13341
20260624_140927_L339;20260624_140927;24.06.2026;13:57:00;339;17;9939;10;U799Z3;Praha,Budějovická;50.01911;14.46597
20260624_140927_L209;20260624_140927;24.06.2026;13:59:00;209;46;9118;10;U1348Z1P;Letňany;50.11935;14.60924
20260624_140927_L369;20260624_140927;24.06.2026;13:56:00;369;36;8272;11;U3313Z1;Štětí,záv.;50.39031;14.464
20260624_140927_L375;20260624_140927;24.06.2026;13:59:00;375;8;8256;10;U1830Z1;Brandýs n.L.-St.Bol.,žel.st.;50.20221;14.68663
20260624_140927_L638;20260624_140927;24.06.2026;13:57:00;638;59;9580;12;U4967Z1;Beroun,autobusové nádraží;49.94889;14.07044
20260624_140927_L430;20260624_140927;24.06.2026;13:55:00;430;8;8566;14;U2467Z1;Lipník;50.24793;14.91816
20260624_140927_L738;20260624_140927;24.06.2026;13:55:00;738;39;8603;11;U6335Z2;Mnichovo Hradiště,dopravní terminál;50.55143;14.93608
20260624_140927_L466;20260624_140927;24.06.2026;13:57:00;466;23;8019;11;U4224Z3;Kralupy n.Vlt.,obchodní centrum;50.24048;14.30923
20260624_140927_L821;20260624_140927;24.06.2026;13:55:00;821;69;1606;11;U5896Z2;Kolín,nádraží;50.02441;15.21456
20260624_140927_L383;20260624_140927;24.06.2026;13:57:00;383;32;9174;10;U2007Z2;Praha,Háje;49.9894;14.71717
20260624_140927_L580;20260624_140927;24.06.2026;13:58:00;580;18;7681;11;U2123Z2;Slaný,aut.nádr.;50.17553;13.77675
20260624_140927_L630;20260624_140927;24.06.2026;13:56:00;630;40;8793;13;U4918Z2;Beroun,Jarov,náves;49.97828;14.07525
20260624_140927_L219;20260624_140927;24.06.2026;13:58:00;219;3;2052;11;U1029Z2P;Malá Ohrada;50.04172;14.32752
20260624_140927_L491;20260624_140927;24.06.2026;13:56:00;491;10;8575;13;U2270Z2;Český Brod,žel.st.;50.07386;14.86389
20260624_140927_L100;20260624_140927;24.06.2026;13:57:00;100;4;5565;11;U629Z3P;Letiště / Airport ✈;50.10556;14.27171
20260624_140927_L136;20260624_140927;24.06.2026;13:57:00;136;18;6960;12;U29Z1P;Jižní Město;50.07255;14.47049
20260624_140927_L857;20260624_140927;24.06.2026;13:56:00;857;19;7327;12;U2286Z2;Dolany n.Vlt.,Debrno;50.24178;14.31038
20260624_140927_L149;20260624_140927;24.06.2026;13:58:00;149;8;4200;11;U846Z1P;Stodůlky-Bavorská;50.05622;14.36535
20260624_140927_L783;20260624_140927;24.06.2026;13:36:00;783;7;7633;32;U31477Z1;Chvaletice,u městského úřadu;50.02668;15.42599
20260624_141328_L431;20260624_141328;24.06.2026;14:02:00;431;2;1813;11;U2432Z1;Skalsko,náves;50.19593;14.84248
20260624_141328_L706;20260624_141328;24.06.2026;13:52:00;706;46;8573;21;U6611Z1;Jestřabí Lhota;50.04942;15.22064
20260624_141328_L410;20260624_141328;24.06.2026;13:58:00;410;4;11698;11;U31313Z1;Mimoň,aut.st.;50.56277;14.65071
20260624_141328_L406;20260624_141328;24.06.2026;14:00:00;406;1;7934;11;U31720Z2;Praha,Roztyly;49.57657;15.09546
20260624_141328_L387;20260624_141328;24.06.2026;14:03:00;387;15;9368;10;U2010Z1;Uhlířské Janovice,nám.;49.98832;14.7672
20260624_141328_L738;20260624_141328;24.06.2026;14:02:00;738;39;8603;11;U6331Z2;Mnichovo Hradiště,dopravní terminál;50.54244;14.92344
20260624_141328_L463;20260624_141328;24.06.2026;14:01:00;463;6;9577;12;U9888Z2;Městec Králové,nám.;50.3253;15.14271
20260624_141328_L244;20260624_141328;24.06.2026;14:03:00;244;3;3844;10;U355Z1P;Sídliště Radotín;50.02527;14.39471
20260624_141328_L383;20260624_141328;24.06.2026;14:03:00;383;32;9174;10;U1882Z2;Praha,Háje;49.99679;14.67598
20260624_141328_L407;20260624_141328;24.06.2026;14:01:00;407;39;7530;10;U32512Z1;Písek,aut.nádr.;49.47181;14.07084
20260624_141328_L466;20260624_141328;24.06.2026;14:00:00;466;23;8019;10;U2236Z1;Kralupy n.Vlt.,obchodní centrum;50.23914;14.31367
20260624_141328_L100;20260624_141328;24.06.2026;13:57:00;100;4;5565;15;U629Z3P;Letiště / Airport ✈;50.10555;14.2717
20260624_141328_L339;20260624_141328;24.06.2026;14:02:00;339;17;9939;11;U488Z7;Praha,Budějovická;50.03146;14.45504
20260624_141328_L478;20260624_141328;24.06.2026;14:01:00;478;16;8072;12;U1824Z1;Kostelec n.L.,nám.;50.17895;14.65495
20260624_141328_L369;20260624_141328;24.06.2026;14:02:00;369;36;8272;11;U3316Z1;Štětí,záv.;50.40905;14.44647
20260624_141328_L136;20260624_141328;24.06.2026;14:01:00;136;18;6960;12;U37Z1P;Jižní Město;50.06043;14.46957
20260624_141328_L796;20260624_141328;24.06.2026;14:03:00;796;39;7815;10;U4483Z4;Pyšely,nám.;49.78722;14.68398
20260624_141328_L209;20260624_141328;24.06.2026;14:01:00;209;46;9118;10;U1291Z1P;Letňany;50.12351;14.59745
20260624_141328_L311;20260624_141328;24.06.2026;14:00:00;311;41;9614;10;U1601Z1;Řevnice,nádraží;49.9155;14.23398
20260624_141328_L467;20260624_141328;24.06.2026;14:02:00;467;14;8111;10;U4716Z2;Roudnice n.L.,ČSAD;50.42335;14.24933
20260624_141328_L489;20260624_141328;24.06.2026;13:59:00;489;31;1644;13;U2167Z1;Louňovice;49.95998;14.72672
20260624_141328_L490;20260624_141328;24.06.2026;14:01:00;490;41;1630;12;U2046Z1;Stříbrná Skalice,náměstí;49.90471;14.78302
20260624_141328_L480;20260624_141328;24.06.2026;14:01:00;480;25;7526;12;U7802Z1;Klučenice;49.60146;14.10506
20260624_141328_L515;20260624_141328;24.06.2026;13:59:00;515;13;9566;13;U7482Z1;Příbram,aut.nádr.;49.71684;14.26379
20260624_141328_L650;20260624_141328;24.06.2026;14:03:00;650;23;12559;10;U4878Z1;Kladno,autobusové nádraží;50.28267;14.09288
20260624_141328_L360;20260624_141328;24.06.2026;13:58:00;360;3;7211;15;U4750Z1;Sedlčany,aut.st.;49.69975;14.34639
20260624_141328_L385;20260624_141328;24.06.2026;14:03:00;385;7;1727;10;U1881Z1;Mukařov;49.99165;14.65644
20260624_141328_L475;20260624_141328;24.06.2026;14:03:00;475;29;8109;10;U1795Z2;Mělník,aut.nádr.;50.35747;14.47482
20260624_141328_L580;20260624_141328;24.06.2026;14:01:00;580;18;7681;11;U9331Z1;Slaný,aut.nádr.;50.17724;13.81938
20260624_141328_L630;20260624_141328;24.06.2026;14:00:00;630;40;8793;13;U1745Z1;Beroun,Jarov,náves;49.96582;14.07315
20260624_141328_L149;20260624_141328;24.06.2026;14:03:00;149;8;4200;10;U238Z1P;Stodůlky-Bavorská;50.05221;14.36083
20260624_141728_L466;20260624_141728;24.06.2026;14:04:00;466;23;8019;12;U2286Z2;Kralupy n.Vlt.,obchodní centrum;50.2426;14.31139
20260624_141728_L136;20260624_141728;24.06.2026;14:06:00;136;18;6960;11;U697Z3P;Jižní Město;50.04822;14.48131
20260624_141728_L706;20260624_141728;24.06.2026;13:52:00;706;46;8573;23;U6611Z1;Jestřabí Lhota;50.04943;15.22065
20260624_141728_L463;20260624_141728;24.06.2026;14:05:00;463;6;9577;12;U9885Z1;Městec Králové,nám.;50.3057;15.16409
20260624_141728_L431;20260624_141728;24.06.2026;14:03:00;431;2;1813;13;U2431Z1;Skalsko,náves;50.20045;14.84136
20260624_141728_L149;20260624_141728;24.06.2026;14:07:00;149;8;4200;10;U602Z4P;Stodůlky-Bavorská;50.05133;14.35133
20260624_141728_L691;20260624_141728;24.06.2026;14:03:00;691;40;7984;12;U6070Z52;Mělník,Pšovka;50.43794;14.47411
20260624_141728_L650;20260624_141728;24.06.2026;14:06:00;650;23;12559;11;U9200Z1;Kladno,autobusové nádraží;50.26429;14.09526
20260624_141728_L410;20260624_141728;24.06.2026;14:03:00;410;4;11698;12;U31041Z2;Mimoň,aut.st.;50.56317;14.65048
20260624_141728_L407;20260624_141728;24.06.2026;14:04:00;407;39;7530;11;U31569Z1;Písek,aut.nádr.;49.4481;14.05856
20260624_141728_L478;20260624_141728;24.06.2026;14:03:00;478;16;8072;14;U1826Z3;Kostelec n.L.,nám.;50.18412;14.65732
20260624_141728_L490;20260624_141728;24.06.2026;14:02:00;490;41;1630;13;U9619Z1;Stříbrná Skalice,náměstí;49.91352;14.79277
20260624_141728_L332;20260624_141728;24.06.2026;14:05:00;332;2;9192;10;U2107Z2;Praha,Budějovická;49.912;14.49812
20260624_141728_L376;20260624_141728;24.06.2026;14:02:00;376;42;8006;14;U2193Z2;Praha,Letňany;50.14117;14.6234
20260624_141728_L630;20260624_141728;24.06.2026;14:02:00;630;40;8793;14;U1746Z1;Beroun,Jarov,náves;49.95956;14.06349
20260624_141728_L857;20260624_141728;24.06.2026;14:06:00;857;19;7327;10;U4220Z2;Dolany n.Vlt.,Debrno;50.22435;14.29926
20260624_141728_L672;20260624_141728;24.06.2026;14:07:00;672;92;1107;10;U1852Z52;Hlásná Třebaň;49.92706;14.27473
20260624_141728_L515;20260624_141728;24.06.2026;14:04:00;515;13;9566;12;U7756Z2;Příbram,aut.nádr.;49.69982;14.23627
20260624_141728_L475;20260624_141728;24.06.2026;14:05:00;475;29;8109;10;U1794Z2;Mělník,aut.nádr.;50.3494;14.48849
20260624_141728_L738;20260624_141728;24.06.2026;14:05:00;738;39;8603;11;U6330Z2;Mnichovo Hradiště,dopravní terminál;50.52953;14.93013
20260624_141728_L763;20260624_141728;24.06.2026;14:06:00;763;37;9592;10;U6469Z1;Mladá Boleslav,aut.st.;50.37421;14.91156
20260624_141728_L796;20260624_141728;24.06.2026;14:06:00;796;39;7815;11;U5898Z1;Pyšely,nám.;49.78735;14.69586
20260624_141728_L406;20260624_141728;24.06.2026;14:06:00;406;1;7934;10;U31694Z2;Praha,Roztyly;49.59867;15.06587
20260624_141728_L209;20260624_141728;24.06.2026;14:07:00;209;46;9118;10;U762Z2P;Letňany;50.12578;14.57092
20260624_141728_L300;20260624_141728;24.06.2026;14:06:00;300;2;8993;10;U4313Z3;Smečno;50.14355;14.09007
20260624_141728_L385;20260624_141728;24.06.2026;14:07:00;385;7;1727;10;U2142Z12;Mukařov;49.99648;14.66271
20260624_141728_L387;20260624_141728;24.06.2026;14:05:00;387;15;9368;11;U2011Z1;Uhlířské Janovice,nám.;49.98988;14.79827
20260624_141728_L369;20260624_141728;24.06.2026;14:06:00;369;36;8272;11;U3320Z1;Štětí,záv.;50.42874;14.41545
20260624_141728_L244;20260624_141728;24.06.2026;14:07:00;244;3;3844;10;U976Z1P;Sídliště Radotín;50.01163;14.38908
20260624_141728_L360;20260624_141728;24.06.2026;14:02:00;360;3;7211;14;U4753Z1;Sedlčany,aut.st.;49.69789;14.37792
20260624_141728_L346;20260624_141728;24.06.2026;14:07:00;346;5;8291;10;U2457Z1;Brandýs n.L.-St.Bol.,nem.;50.17657;14.66961
20260624_142130_L244;20260624_142130;24.06.2026;14:11:00;244;3;3844;10;U1042Z1P;Sídliště Radotín;49.9902;14.3702
20260624_142130_L406;20260624_142130;24.06.2026;14:11:00;406;1;7934;10;U7421Z1;Praha,Roztyly;49.62467;15.04792
20260624_142130_L706;20260624_142130;24.06.2026;13:52:00;706;46;8573;27;U6611Z1;Jestřabí Lhota;50.04944;15.22066
20260624_142130_L369;20260624_142130;24.06.2026;14:08:00;369;36;8272;10;U3321Z1;Štětí,záv.;50.44813;14.37851
20260624_142130_L332;20260624_142130;24.06.2026;14:07:00;332;2;9192;10;U2106Z2;Praha,Budějovická;49.93078;14.50779
20260624_142130_L209;20260624_142130;24.06.2026;14:09:00;209;46;9118;11;U1120Z1P;Letňany;50.12876;14.55168
20260624_142130_L763;20260624_142130;24.06.2026;14:11:00;763;37;9592;10;U3385Z1;Mladá Boleslav,aut.st.;50.38736;14.89908
20260624_142130_L630;20260624_142130;24.06.2026;14:06:00;630;40;8793;14;U2848Z5;Beroun,Jarov,náves;49.9574;14.07291
20260624_142130_L691;20260624_142130;24.06.2026;14:08:00;691;40;7984;13;U6058Z2;Mělník,Pšovka;50.41366;14.46019
20260624_142130_L515;20260624_142130;24.06.2026;14:09:00;515;13;9566;11;U7757Z2;Příbram,aut.nádr.;49.70728;14.20004
20260624_142130_L410;20260624_142130;24.06.2026;14:07:00;410;4;11698;14;U9450Z1;Mimoň,aut.st.;50.57228;14.64781
20260624_142130_L650;20260624_142130;24.06.2026;14:08:00;650;23;12559;11;U9272Z1;Kladno,autobusové nádraží;50.24661;14.09628
20260624_142130_L678;20260624_142130;24.06.2026;14:08:00;678;32;8615;11;U2578Z2;Pečky,žel.st.;50.13975;15.11399
20260624_142130_L478;20260624_142130;24.06.2026;14:07:00;478;16;8072;13;U1948Z2;Kostelec n.L.,nám.;50.18857;14.65396
20260624_142130_L796;20260624_142130;24.06.2026;14:08:00;796;39;7815;11;U7004Z1;Pyšely,nám.;49.80488;14.71149
20260624_142130_L387;20260624_142130;24.06.2026;14:10:00;387;15;9368;11;U2013Z1;Uhlířské Janovice,nám.;49.99301;14.84034
20260624_142130_L463;20260624_142130;24.06.2026;14:10:00;463;6;9577;11;U4164Z1;Městec Králové,nám.;50.30088;15.17963
20260624_142130_L693;20260624_142130;24.06.2026;14:10:00;693;1;1815;10;U6133Z3;Okna,obec;50.47674;14.67258
20260624_142130_L136;20260624_142130;24.06.2026;14:10:00;136;18;6960;11;U181Z1P;Jižní Město;50.03946;14.49055
20260624_142130_L385;20260624_142130;24.06.2026;14:11:00;385;7;1727;10;U1882Z1;Mukařov;49.99619;14.67768
20260624_142130_L480;20260624_142130;24.06.2026;14:06:00;480;25;7526;13;U7061Z1;Klučenice;49.60269;14.13681
20260624_142130_L489;20260624_142130;24.06.2026;14:07:00;489;31;1644;14;U2082Z2;Louňovice;49.98292;14.7401
20260624_142130_L490;20260624_142130;24.06.2026;14:08:00;490;41;1630;13;U2057Z1;Stříbrná Skalice,náměstí;49.91548;14.80697
20260624_142130_L316;20260624_142130;24.06.2026;14:07:00;316;2;8981;14;U2286Z1;Kralupy n.Vlt.,žel.st.;50.24147;14.31122
20260624_142130_L324;20260624_142130;24.06.2026;14:10:00;324;20;8999;10;U1915Z1;Praha,Zličín;50.18513;14.03299
20260624_142130_L346;20260624_142130;24.06.2026;14:09:00;346;5;8291;10;U1950Z1;Brandýs n.L.-St.Bol.,nem.;50.17722;14.65373
20260624_142530_L244;20260624_142530;24.06.2026;14:14:00;244;3;3844;10;U456Z3P;Sídliště Radotín;49.98313;14.35879
20260624_142530_L332;20260624_142530;24.06.2026;14:13:00;332;2;9192;12;U2128Z2;Praha,Budějovická;49.93757;14.51584
20260624_142530_L146;20260624_142530;24.06.2026;14:14:00;146;5;9189;10;U575Z1P;Habrová;50.08177;14.48371
20260624_142530_L209;20260624_142530;24.06.2026;14:13:00;209;46;9118;12;U171Z2P;Letňany;50.12568;14.53506
20260624_142530_L796;20260624_142530;24.06.2026;14:13:00;796;39;7815;11;U7965Z1;Pyšely,nám.;49.81818;14.72863
20260624_142530_L763;20260624_142530;24.06.2026;14:14:00;763;37;9592;10;U3387Z1;Mladá Boleslav,aut.st.;50.41162;14.90983
20260624_142530_L463;20260624_142530;24.06.2026;14:10:00;463;6;9577;12;U4164Z1;Městec Králové,nám.;50.29449;15.2153
20260624_142530_L478;20260624_142530;24.06.2026;14:11:00;478;16;8072;14;U11010Z2;Kostelec n.L.,nám.;50.19809;14.64694
20260624_142530_L369;20260624_142530;24.06.2026;14:14:00;369;36;8272;11;U3324Z3;Štětí,záv.;50.45567;14.37037
20260624_142530_L376;20260624_142530;24.06.2026;14:12:00;376;42;8006;13;U762Z2;Praha,Letňany;50.12582;14.57075
20260624_142530_L385;20260624_142530;24.06.2026;14:13:00;385;7;1727;11;U2085Z3;Mukařov;49.9875;14.7042
20260624_142530_L360;20260624_142530;24.06.2026;14:10:00;360;3;7211;15;U4763Z1;Sedlčany,aut.st.;49.66233;14.42347
20260624_142530_L641;20260624_142530;24.06.2026;14:12:00;641;23;9549;11;U9856Z1;Zdice,nám.;49.86958;13.94805
20260624_142530_L706;20260624_142530;24.06.2026;13:52:00;706;46;8573;33;U6611Z1;Jestřabí Lhota;50.04947;15.22067
20260624_142530_L515;20260624_142530;24.06.2026;14:13:00;515;13;9566;11;U7438Z2;Příbram,aut.nádr.;49.72727;14.17733
20260624_142530_L466;20260624_142530;24.06.2026;14:14:00;466;27;1058;11;U4245Z2;Spomyšl;50.27763;14.31079
20260624_142530_L773;20260624_142530;24.06.2026;14:13:00;773;1;7548;11;U2033Z2;Sázava,Čeřenice;49.87365;14.90756
20260624_142530_L691;20260624_142530;24.06.2026;14:12:00;691;40;7984;12;U3315Z2;Mělník,Pšovka;50.39781;14.45672
20260624_142530_L678;20260624_142530;24.06.2026;14:12:00;678;32;8615;12;U9600Z2;Pečky,žel.st.;50.12727;15.1085
20260624_142530_L490;20260624_142530;24.06.2026;14:11:00;490;41;1630;14;U2056Z1;Stříbrná Skalice,náměstí;49.90178;14.81642
20260624_142530_L167;20260624_142530;24.06.2026;14:12:00;167;6;6934;10;U254Z6P;Na Knížecí;50.07162;14.3954
20260624_142530_L646;20260624_142530;24.06.2026;14:14:00;646;24;8084;10;U4248Z1;Kralupy n.Vlt.,žel.st.;50.25255;14.32034
20260624_142530_L718;20260624_142530;24.06.2026;14:15:00;718;43;8606;10;U6285Z54;Mnichovo Hradiště,dopravní terminál;50.43774;15.12891
20260624_142530_L387;20260624_142530;24.06.2026;14:15:00;387;15;9368;10;U2016Z1;Uhlířské Janovice,nám.;49.99408;14.85983
20260624_142530_L580;20260624_142530;24.06.2026;14:14:00;580;18;7681;10;U9322Z1;Slaný,aut.nádr.;50.20959;13.91382
20260624_142530_L480;20260624_142530;24.06.2026;14:11:00;480;25;7526;13;U7027Z1;Klučenice;49.61406;14.16459
20260624_142530_L650;20260624_142530;24.06.2026;14:12:00;650;23;12559;13;U4835Z1;Kladno,autobusové nádraží;50.23231;14.08495
20260624_142530_L300;20260624_142530;24.06.2026;14:14:00;300;2;8993;10;U1918Z1;Smečno;50.14832;14.05402
20260624_142530_L406;20260624_142530;24.06.2026;14:14:00;406;1;7934;10;U7035Z2;Praha,Roztyly;49.65761;15.00254
20260624_142530_L856;20260624_142530;24.06.2026;14:13:00;856;9;1273;11;U4248Z1;Kralupy n.Vlt.,Zeměchy;50.25109;14.3206
20260624_142530_L136;20260624_142530;24.06.2026;14:14:00;136;18;6960;11;U106Z2P;Jižní Město;50.02752;14.50779
20260624_142530_L407;20260624_142530;24.06.2026;14:12:00;407;39;7530;13;U32640Z1;Písek,aut.nádr.;49.41196;14.03758
20260624_142530_L346;20260624_142530;24.06.2026;14:11:00;346;5;8291;13;U1824Z1;Brandýs n.L.-St.Bol.,nem.;50.17906;14.65513
20260624_142931_L376;20260624_142931;24.06.2026;14:14:00;376;42;8006;15;U1120Z1;Praha,Letňany;50.12689;14.55771
20260624_142931_L136;20260624_142931;24.06.2026;14:18:00;136;18;6960;11;U353Z1P;Jižní Město;50.02621;14.52149
20260624_142931_L693;20260624_142931;24.06.2026;14:19:00;693;1;1815;10;U31049Z2;Okna,obec;50.51745;14.67817
20260624_142931_L718;20260624_142931;24.06.2026;14:17:00;718;43;8606;10;U6284Z2;Mnichovo Hradiště,dopravní terminál;50.43658;15.10808
20260624_142931_L170;20260624_142931;24.06.2026;14:19:00;170;3;4023;10;U643Z1P;Jižní Město;50.04701;14.4766
20260624_142931_L706;20260624_142931;24.06.2026;13:52:00;706;46;8573;35;U6611Z1;Jestřabí Lhota;50.04947;15.22067
20260624_142931_L669;20260624_142931;24.06.2026;14:19:00;669;26;8074;10;U1460Z1;Mečeříž;50.24354;14.65525
20260624_142931_L209;20260624_142931;24.06.2026;14:15:00;209;46;9118;11;U803Z2P;Letňany;50.12483;14.51658
20260624_142931_L480;20260624_142931;24.06.2026;14:16:00;480;25;7526;13;U7966Z1;Klučenice;49.61294;14.19116
20260624_142931_L407;20260624_142931;24.06.2026;14:15:00;407;39;7530;14;U32638Z1;Písek,aut.nádr.;49.37351;14.05148
20260624_142931_L136;20260624_142931;24.06.2026;14:19:00;136;2;6916;10;U2787Z2P;Jižní Město;50.08776;14.45665
20260624_142931_L146;20260624_142931;24.06.2026;14:18:00;146;5;9189;10;U834Z1P;Habrová;50.08728;14.49019
20260624_142931_L203;20260624_142931;24.06.2026;14:17:00;203;8;1940;10;U386Z1P;Háje;50.02688;14.53241
20260624_142931_L300;20260624_142931;24.06.2026;14:17:00;300;2;8993;10;U4792Z1;Smečno;50.1588;14.04786
20260624_142931_L353;20260624_142931;24.06.2026;14:19:00;353;18;8133;10;U1827Z2;Brandýs n.L.-St.Bol.,nádr.;50.18466;14.65896
20260624_142931_L199;20260624_142931;24.06.2026;14:19:00;199;5;3964;10;U418Z1P;Sídliště Malešice;50.0805;14.48902
20260624_142931_L763;20260624_142931;24.06.2026;14:18:00;763;37;9592;11;U3256Z2;Mladá Boleslav,aut.st.;50.41123;14.91655
20260624_142931_L463;20260624_142931;24.06.2026;14:19:00;463;6;9577;10;U6705Z1;Městec Králové,nám.;50.27774;15.26798
20260624_142931_L678;20260624_142931;24.06.2026;14:17:00;678;32;8615;12;U9590Z2;Pečky,žel.st.;50.10048;15.14626
20260624_142931_L469;20260624_142931;24.06.2026;14:17:00;469;36;1631;10;U1893Z1;Říčany,Olivovna;49.95196;14.64841
20260624_142931_L672;20260624_142931;24.06.2026;14:19:00;672;92;1107;10;U2377Z1;Hlásná Třebaň;49.92562;14.22835
20260624_142931_L515;20260624_142931;24.06.2026;14:17:00;515;13;9566;11;U7797Z1;Příbram,aut.nádr.;49.71958;14.15074
20260624_142931_L650;20260624_142931;24.06.2026;14:18:00;650;22;12536;10;U9004Z2;Litoměřice,žel.st.hor.;50.36533;14.12491
20260624_142931_L466;20260624_142931;24.06.2026;14:15:00;466;27;1058;10;U4246Z2;Spomyšl;50.27256;14.32043
20260624_142931_L646;20260624_142931;24.06.2026;14:14:00;646;24;8084;14;U4248Z1;Kralupy n.Vlt.,žel.st.;50.25211;14.32065
20260624_142931_L796;20260624_142931;24.06.2026;14:16:00;796;39;7815;11;U7964Z1;Pyšely,nám.;49.83365;14.74952
20260624_142931_L641;20260624_142931;24.06.2026;14:18:00;641;23;9549;11;U3268Z1;Zdice,nám.;49.88454;13.95704
20260624_142931_L856;20260624_142931;24.06.2026;14:13:00;856;9;1273;14;U4248Z1;Kralupy n.Vlt.,Zeměchy;50.24996;14.31936
20260624_142931_L773;20260624_142931;24.06.2026;14:13:00;773;1;7548;12;U2033Z2;Sázava,Čeřenice;49.85884;14.89814
20260624_142931_L337;20260624_142931;24.06.2026;14:19:00;337;15;9366;10;U1533Z3;Benešov,Terminál;49.93646;14.55584
20260624_142931_L332;20260624_142931;24.06.2026;14:17:00;332;2;9192;12;U2130Z2;Praha,Budějovická;49.94957;14.51913
20260624_142931_L199;20260624_142931;24.06.2026;14:17:00;199;6;3866;11;U418Z2P;Želivského;50.07714;14.48928
20260624_142931_L650;20260624_142931;24.06.2026;14:14:00;650;23;12559;13;U4786Z2;Kladno,autobusové nádraží;50.22912;14.09064
20260624_142931_L346;20260624_142931;24.06.2026;14:14:00;346;5;8291;15;U1826Z3;Brandýs n.L.-St.Bol.,nem.;50.18433;14.65623
20260624_143331_L646;20260624_143331;24.06.2026;14:14:00;646;24;8084;17;U4248Z1;Kralupy n.Vlt.,žel.st.;50.2515;14.3207
20260624_143331_L188;20260624_143331;24.06.2026;14:19:00;188;1;5031;11;U418Z2P;Želivského;50.07749;14.48226
20260624_143331_L149;20260624_143331;24.06.2026;14:20:00;149;5;4088;11;U254Z5P;Stodůlky-Bavorská;50.07;14.38047
20260624_143331_L773;20260624_143331;24.06.2026;14:21:00;773;1;7548;12;U7917Z1;Sázava,aut.st.;49.83604;14.91435
20260624_143331_L773;20260624_143331;24.06.2026;14:18:00;773;1;7548;13;U7915Z2;Sázava,Čeřenice;49.83604;14.91435
20260624_143331_L136;20260624_143331;24.06.2026;14:22:00;136;2;6916;10;U516Z3P;Jižní Město;50.08212;14.45942
20260624_143331_L180;20260624_143331;24.06.2026;14:21:00;180;6;5057;10;U867Z1P;Dejvická;50.09468;14.39448
20260624_143331_L170;20260624_143331;24.06.2026;14:22:00;170;3;4023;11;U417Z1P;Jižní Město;50.0429;14.48778
20260624_143331_L763;20260624_143331;24.06.2026;14:19:00;763;37;9592;12;U3389Z1;Mladá Boleslav,aut.st.;50.41801;14.91267
20260624_143331_L370;20260624_143331;24.06.2026;14:22:00;370;7;8030;10;U4232Z2;Kralupy n.Vlt.,žel.st.;50.24514;14.31819
20260624_143331_L398;20260624_143331;24.06.2026;14:23:00;398;25;8268;10;U2452Z2;Praha,Černý Most;50.12621;14.69733
20260624_143331_L407;20260624_143331;24.06.2026;14:19:00;407;39;7530;14;U31805Z1;Písek,aut.nádr.;49.3494;14.04934
20260624_143331_L199;20260624_143331;24.06.2026;14:17:00;199;6;3866;14;U418Z2P;Želivského;50.07706;14.48816
20260624_143331_L300;20260624_143331;24.06.2026;14:21:00;300;2;8993;12;U4145Z1;Smečno;50.16894;14.05698
20260624_143331_L478;20260624_143331;24.06.2026;14:19:00;478;16;8072;14;U1292Z2;Kostelec n.L.,nám.;50.21872;14.60031
20260624_143331_L136;20260624_143331;24.06.2026;14:21:00;136;18;6960;12;U151Z1P;Jižní Město;50.03151;14.53373
20260624_143331_L389;20260624_143331;24.06.2026;14:21:00;389;12;7762;12;U4857Z2;Louny,aut.nádr.;50.35535;13.79754
20260624_143331_L410;20260624_143331;24.06.2026;14:18:00;410;4;11698;15;U31368Z1;Mimoň,aut.st.;50.61986;14.70963
20260624_143331_L650;20260624_143331;24.06.2026;14:23:00;650;23;12559;10;U4804Z2;Kladno,autobusové nádraží;50.21893;14.07632
20260624_143331_L650;20260624_143331;24.06.2026;14:18:00;650;22;12536;15;U9004Z2;Litoměřice,žel.st.hor.;50.36533;14.12496
20260624_143331_L466;20260624_143331;24.06.2026;14:21:00;466;27;1058;11;U4247Z1;Spomyšl;50.28703;14.31744
20260624_143331_L693;20260624_143331;24.06.2026;14:20:00;693;1;1815;13;U9449Z1;Mšeno,žel.st.;50.52952;14.67156
20260624_143331_L228;20260624_143331;24.06.2026;14:21:00;228;14;9014;10;U1071Z2P;Poliklinika Malešice;50.07764;14.51835
20260624_143331_L324;20260624_143331;24.06.2026;14:21:00;324;20;8999;10;U3095Z2;Praha,Zličín;50.14061;14.08089
20260624_143331_L718;20260624_143331;24.06.2026;14:21:00;718;43;8606;10;U9458Z2;Mnichovo Hradiště,dopravní terminál;50.44409;15.07112
20260624_143331_L678;20260624_143331;24.06.2026;14:18:00;678;32;8615;11;U9597Z2;Pečky,žel.st.;50.09592;15.10948
20260624_143331_L463;20260624_143331;24.06.2026;14:22:00;463;6;9577;11;U6709Z1;Městec Králové,nám.;50.26575;15.28298
20260624_143331_L515;20260624_143331;24.06.2026;14:22:00;515;13;9566;11;U5775Z1;Příbram,aut.nádr.;49.70034;14.14309
20260624_143331_L480;20260624_143331;24.06.2026;14:18:00;480;25;7526;15;U7970Z2;Klučenice;49.62653;14.18994
20260624_143331_L796;20260624_143331;24.06.2026;14:20:00;796;39;7815;12;U7962Z1;Pyšely,nám.;49.83512;14.74457
20260624_143331_L641;20260624_143331;24.06.2026;14:23:00;641;23;9549;10;U1229Z1;Zdice,nám.;49.90049;13.96104
20260624_143331_L337;20260624_143331;24.06.2026;14:22:00;337;15;9366;11;U1535Z1;Benešov,Terminál;49.92605;14.57006
20260624_143331_L856;20260624_143331;24.06.2026;14:13:00;856;9;1273;19;U4248Z1;Kralupy n.Vlt.,Zeměchy;50.24855;14.31782
20260624_143331_L346;20260624_143331;24.06.2026;14:18:00;346;5;8291;15;U1948Z12;Praha,Černý Most;50.18855;14.65245
20260624_143732_L617;20260624_143732;24.06.2026;14:27:00;617;36;1897;10;U4715Z1;Roudnice n.L.,žel.st.;50.41916;14.26678
20260624_143732_L307;20260624_143732;24.06.2026;14:27:00;307;10;8991;10;U1678Z1;Kladno,autobusové nádraží;50.0521;14.17407
20260624_143732_L136;20260624_143732;24.06.2026;14:28:00;136;2;6916;10;U855Z1P;Jižní Město;50.07458;14.46284
20260624_143732_L332;20260624_143732;24.06.2026;14:24:00;332;2;9192;13;U1332Z2;Praha,Budějovická;49.97371;14.50239
20260624_143732_L646;20260624_143732;24.06.2026;14:14:00;646;24;8084;21;U4248Z1;Kralupy n.Vlt.,žel.st.;50.2491;14.31842
20260624_143732_L370;20260624_143732;24.06.2026;14:23:00;370;7;8030;14;U4231Z2;Kralupy n.Vlt.,žel.st.;50.24596;14.31656
20260624_143732_L463;20260624_143732;24.06.2026;14:25:00;463;6;9577;12;U6952Z1;Městec Králové,nám.;50.24529;15.29188
20260624_143732_L170;20260624_143732;24.06.2026;14:27:00;170;3;4023;10;U960Z2P;Jižní Město;50.03841;14.50313
20260624_143732_L229;20260624_143732;24.06.2026;14:27:00;229;6;4513;10;U1233Z1P;Královice;50.03381;14.60974
20260624_143732_L136;20260624_143732;24.06.2026;14:27:00;136;20;6971;10;U37Z1P;Jižní Město;50.06043;14.4696
20260624_143732_L300;20260624_143732;24.06.2026;14:24:00;300;2;8993;10;U1400Z1;Smečno;50.18171;14.05337
20260624_143732_L149;20260624_143732;24.06.2026;14:20:00;149;5;4088;16;U254Z5P;Stodůlky-Bavorská;50.06975;14.38055
20260624_143732_L370;20260624_143732;24.06.2026;14:26:00;370;23;8198;10;U2231Z1;Kralupy n.Vlt.,žel.st.;50.25082;14.32036
20260624_143732_L300;20260624_143732;24.06.2026;14:27:00;300;25;8958;10;U4306Z1;Smečno;50.13565;14.12379
20260624_143732_L155;20260624_143732;24.06.2026;14:24:00;155;2;9120;13;U575Z1P;Poliklinika Malešice;50.08158;14.48663
20260624_143732_L693;20260624_143732;24.06.2026;14:23:00;693;1;1815;14;U31045Z1;Mšeno,žel.st.;50.50288;14.67605
20260624_143732_L466;20260624_143732;24.06.2026;14:26:00;466;27;1058;11;U4358Z1;Spomyšl;50.30379;14.31797
20260624_143732_L678;20260624_143732;24.06.2026;14:22:00;678;32;8615;11;U9601Z3;Pečky,žel.st.;50.07989;15.0845
20260624_143732_L669;20260624_143732;24.06.2026;14:26:00;669;26;8074;10;U1464Z1;Mečeříž;50.26194;14.64703
20260624_143732_L515;20260624_143732;24.06.2026;14:25:00;515;13;9566;12;U7480Z1;Příbram,aut.nádr.;49.70454;14.09822
20260624_143732_L796;20260624_143732;24.06.2026;14:24:00;796;39;7815;13;U5825Z1;Pyšely,nám.;49.84704;14.76361
20260624_143732_L639;20260624_143732;24.06.2026;14:26:00;639;26;9601;10;U9813Z2;Hostomice,nám.;49.82762;14.03916
20260624_143732_L641;20260624_143732;24.06.2026;14:23:00;641;23;9549;11;U1229Z1;Zdice,nám.;49.91099;13.97632
20260624_143732_L590;20260624_143732;24.06.2026;14:27:00;590;24;7707;10;U9114Z2;Vraný;50.32949;14.01773
20260624_143732_L398;20260624_143732;24.06.2026;14:25:00;398;25;8268;10;U2451Z2;Praha,Černý Most;50.12107;14.66262
20260624_143732_L337;20260624_143732;24.06.2026;14:24:00;337;15;9366;12;U1536Z1;Benešov,Terminál;49.91285;14.58283
20260624_143732_L773;20260624_143732;24.06.2026;14:21:00;773;1;7548;15;U7917Z1;Sázava,aut.st.;49.83863;14.90969
20260624_143732_L718;20260624_143732;24.06.2026;14:24:00;718;43;8606;11;U6409Z1;Mnichovo Hradiště,dopravní terminál;50.44915;15.07987
20260624_143732_L856;20260624_143732;24.06.2026;14:24:00;856;1;7308;13;U4244Z1;Nelahozeves,Lešany;50.26681;14.30293
20260624_143732_L180;20260624_143732;24.06.2026;14:26:00;180;3;6864;10;U612Z4P;Obchodní centrum Zličín;50.0672;14.29051
20260624_143732_L167;20260624_143732;24.06.2026;14:22:00;167;5;6941;13;U254Z6P;Na Knížecí;50.07106;14.39115
20260624_143732_L346;20260624_143732;24.06.2026;14:22:00;346;5;8291;14;U1973Z2;Praha,Černý Most;50.18148;14.66692
20260624_143732_L484;20260624_143732;24.06.2026;14:24:00;484;31;8034;12;U2315Z1;Úvaly,žel.st.;50.07409;14.72323
20260624_144132_L180;20260624_144132;24.06.2026;14:31:00;180;3;6864;10;U178Z2P;Obchodní centrum Zličín;50.05992;14.29389
20260624_144132_L155;20260624_144132;24.06.2026;14:28:00;155;2;9120;13;U834Z1P;Poliklinika Malešice;50.08685;14.48691
20260624_144132_L805;20260624_144132;24.06.2026;14:28:00;805;4;7559;11;U7159Z2;Zruč n.Sáz.,Sázavan;49.74374;15.08715
20260624_144132_L466;20260624_144132;24.06.2026;14:31:00;466;27;1058;10;U4363Z1;Spomyšl;50.30851;14.31362
20260624_144132_L188;20260624_144132;24.06.2026;14:29:00;188;13;6911;10;U418Z2P;Želivského;50.07722;14.48625
20260624_144132_L170;20260624_144132;24.06.2026;14:31:00;170;3;4023;10;U735Z2P;Jižní Město;50.03419;14.51113
20260624_144132_L307;20260624_144132;24.06.2026;14:31:00;307;10;8991;10;U1681Z1;Kladno,autobusové nádraží;50.06551;14.16523
20260624_144132_L337;20260624_144132;24.06.2026;14:28:00;337;15;9366;13;U1564Z1;Benešov,Terminál;49.90433;14.58664
20260624_144132_L358;20260624_144132;24.06.2026;14:30:00;358;20;1440;10;U2568Z1;Rudná,Hořelice;50.05082;14.22642
20260624_144132_L370;20260624_144132;24.06.2026;14:26:00;370;23;8198;13;U2231Z1;Kralupy n.Vlt.,žel.st.;50.24988;14.31931
20260624_144132_L796;20260624_144132;24.06.2026;14:27:00;796;39;7815;13;U5823Z1;Pyšely,nám.;49.85397;14.75674
20260624_144132_L620;20260624_144132;24.06.2026;14:29:00;620;12;8431;10;U3094Z2;Kladno,autobusové nádraží;50.14614;14.10691
20260624_144132_L646;20260624_144132;24.06.2026;14:14:00;646;24;8084;25;U4248Z1;Kralupy n.Vlt.,žel.st.;50.24761;14.31675
20260624_144132_L718;20260624_144132;24.06.2026;14:28:00;718;43;8606;12;U6295Z1;Mnichovo Hradiště,dopravní terminál;50.46569;15.08386
20260624_144132_L463;20260624_144132;24.06.2026;14:28:00;463;6;9577;11;U6710Z1;Městec Králové,nám.;50.21616;15.29265
20260624_144132_L678;20260624_144132;24.06.2026;14:29:00;678;32;8615;11;U2870Z3;Pečky,žel.st.;50.07249;15.07374
20260624_144132_L489;20260624_144132;24.06.2026;14:29:00;489;31;1644;10;U1909Z2;Strančice,žel.st.;49.99748;14.75393
20260624_144132_L515;20260624_144132;24.06.2026;14:30:00;515;13;9566;11;U9648Z1;Příbram,aut.nádr.;49.69586;14.0519
20260624_144132_L650;20260624_144132;24.06.2026;14:30:00;650;23;12559;10;U1915Z1;Kladno,autobusové nádraží;50.18365;14.02949
20260624_144132_L332;20260624_144132;24.06.2026;14:27:00;332;2;9192;14;U1522Z2;Praha,Budějovická;49.98578;14.4941
20260624_144132_L617;20260624_144132;24.06.2026;14:29:00;617;36;1897;11;U4716Z1;Roudnice n.L.,žel.st.;50.42312;14.25614
20260624_144132_L199;20260624_144132;24.06.2026;14:30:00;199;1;4070;11;U921Z9P;Želivského;50.07844;14.47525
20260624_144132_L370;20260624_144132;24.06.2026;14:23:00;370;7;8030;16;U4231Z2;Kralupy n.Vlt.,žel.st.;50.24494;14.31388
20260624_144132_L133;20260624_144132;24.06.2026;14:29:00;133;9;4104;10;U3018Z2P;Florenc;50.09237;14.44416
20260624_144132_L335;20260624_144132;24.06.2026;14:31:00;335;8;9175;10;U1531Z1;Kamenice,kult.dům;49.95195;14.53784
20260624_144132_L669;20260624_144132;24.06.2026;14:30:00;669;26;8074;10;U2378Z1;Mečeříž;50.26549;14.67315
20260624_144132_L136;20260624_144132;24.06.2026;14:30:00;136;20;6971;11;U751Z2P;Jižní Město;50.05257;14.47517
20260624_144132_L398;20260624_144132;24.06.2026;14:31:00;398;25;8268;10;U155Z2;Praha,Černý Most;50.11777;14.627
20260624_144132_L167;20260624_144132;24.06.2026;14:22:00;167;5;6941;16;U254Z6P;Na Knížecí;50.07163;14.39527
20260624_144132_L199;20260624_144132;24.06.2026;14:27:00;199;6;3866;13;U921Z6P;Sídliště Malešice;50.07721;14.48464
20260624_144132_L320;20260624_144132;24.06.2026;14:29:00;320;12;7960;12;U1703Z1;Mníšek p.Brdy,Stříbrná Lhota;49.92818;14.3404
20260624_144132_L484;20260624_144132;24.06.2026;14:24:00;484;31;8034;14;U2315Z1;Úvaly,žel.st.;50.07409;14.72323
20260624_144533_L370;20260624_144533;24.06.2026;14:26:00;370;23;8198;17;U2231Z1;Kralupy n.Vlt.,žel.st.;50.24759;14.31678
20260624_144533_L650;20260624_144533;24.06.2026;14:35:00;650;23;12559;10;U4932Z2;Kladno,autobusové nádraží;50.16186;14.02752
20260624_144533_L650;20260624_144533;24.06.2026;14:31:00;650;22;12536;14;U31427Z2;Litoměřice,žel.st.hor.;50.42305;14.15926
20260624_144533_L300;20260624_144533;24.06.2026;14:34:00;300;25;8958;11;U3094Z1;Smečno;50.14207;14.0981
20260624_144533_L307;20260624_144533;24.06.2026;14:34:00;307;10;8991;11;U1683Z1;Kladno,autobusové nádraží;50.06297;14.1534
20260624_144533_L335;20260624_144533;24.06.2026;14:34:00;335;8;9175;11;U1533Z3;Kamenice,kult.dům;49.93707;14.555
20260624_144533_L337;20260624_144533;24.06.2026;14:31:00;337;15;9366;14;U1540Z1;Benešov,Terminál;49.89711;14.60707
20260624_144533_L339;20260624_144533;24.06.2026;14:35:00;339;17;9939;10;U4861Z1;Týnec n.Sáz.,žel.st.;49.99497;14.48745
20260624_144533_L155;20260624_144533;24.06.2026;14:31:00;155;2;9120;14;U4572Z2P;Poliklinika Malešice;50.08616;14.49772
20260624_144533_L398;20260624_144533;24.06.2026;14:34:00;398;25;8268;10;U452Z2;Praha,Černý Most;50.11368;14.60245
20260624_144533_L229;20260624_144533;24.06.2026;14:32:00;229;6;4513;10;U131Z1P;Královice;50.03481;14.63473
20260624_144533_L489;20260624_144533;24.06.2026;14:35:00;489;31;1644;10;U2008Z3;Strančice,žel.st.;49.98944;14.74079
20260624_144533_L805;20260624_144533;24.06.2026;14:28:00;805;4;7559;16;U7159Z2;Zruč n.Sáz.,Sázavan;49.74374;15.08715
20260624_144533_L448;20260624_144533;24.06.2026;14:30:00;448;61;1147;14;U1853Z2;Lety,K Libří;49.92496;14.27707
20260624_144533_L188;20260624_144533;24.06.2026;14:34:00;188;3;6896;11;U198Z2P;Želivského;50.06538;14.49279
20260624_144533_L180;20260624_144533;24.06.2026;14:35:00;180;3;6864;10;U1141Z14P;Obchodní centrum Zličín;50.05511;14.29035
20260624_144533_L324;20260624_144533;24.06.2026;14:32:00;324;20;8999;13;U4310Z2;Praha,Zličín;50.1355;14.10523
20260624_144533_L796;20260624_144533;24.06.2026;14:32:00;796;39;7815;13;U7882Z1;Pyšely,nám.;49.85161;14.72482
20260624_144533_L669;20260624_144533;24.06.2026;14:34:00;669;26;8074;10;U1470Z1;Mečeříž;50.26043;14.70217
20260624_144533_L678;20260624_144533;24.06.2026;14:34:00;678;32;8615;11;U9581Z1;Pečky,žel.st.;50.06797;15.05297
20260624_144533_L634;20260624_144533;24.06.2026;14:33:00;634;27;9440;10;U9044Z2;Všeradice,žel.zast.;49.8565;14.08268
20260624_144533_L199;20260624_144533;24.06.2026;14:34:00;199;5;3964;10;U418Z2P;Želivského;50.07705;14.48877
20260624_144533_L146;20260624_144533;24.06.2026;14:31:00;146;3;9121;14;U575Z1P;Vinice Hrdlořezy;50.07985;14.48769
20260624_144533_L136;20260624_144533;24.06.2026;14:34:00;136;20;6971;12;U417Z1P;Jižní Město;50.04356;14.48728
20260624_144533_L693;20260624_144533;24.06.2026;14:30:00;693;1;1815;15;U6133Z4;Mšeno,žel.st.;50.47166;14.67393
20260624_144533_L170;20260624_144533;24.06.2026;14:34:00;170;3;4023;11;U386Z1P;Jižní Město;50.03034;14.5246
20260624_144533_L167;20260624_144533;24.06.2026;14:32:00;167;7;5056;10;U254Z6P;Na Knížecí;50.071;14.39036
20260624_144533_L515;20260624_144533;24.06.2026;14:34:00;515;13;9566;10;U9707Z1;Příbram,aut.nádr.;49.68971;14.01359
20260624_144533_L199;20260624_144533;24.06.2026;14:27:00;199;6;3866;16;U921Z6P;Sídliště Malešice;50.07987;14.48772
20260624_144533_L320;20260624_144533;24.06.2026;14:34:00;320;12;7960;11;U1706Z1;Mníšek p.Brdy,Stříbrná Lhota;49.89813;14.31943
20260624_144533_L478;20260624_144533;24.06.2026;14:35:00;478;17;8115;10;U1944Z2;Kostelec n.L.,nám.;50.1867;14.64757
20260624_144933_L324;20260624_144933;24.06.2026;14:37:00;324;20;8999;12;U4318Z2;Praha,Zličín;50.12744;14.1251
20260624_144933_L650;20260624_144933;24.06.2026;14:35:00;650;22;12536;14;U31426Z2;Litoměřice,žel.st.hor.;50.45354;14.16442
20260624_144933_L796;20260624_144933;24.06.2026;14:37:00;796;39;7815;12;U1383Z1;Pyšely,nám.;49.85114;14.70251
20260624_144933_L324;20260624_144933;24.06.2026;14:38:00;324;27;8996;11;U4316Z1;Slaný,Rabasova;50.1306;14.13753
20260624_144933_L146;20260624_144933;24.06.2026;14:35:00;146;3;9121;14;U834Z1P;Vinice Hrdlořezy;50.08692;14.48865
20260624_144933_L155;20260624_144933;24.06.2026;14:34:00;155;2;9120;15;U1018Z2P;Poliklinika Malešice;50.08727;14.50706
20260624_144933_L155;20260624_144933;24.06.2026;14:39:00;155;1;9466;10;U921Z7P;Nemocnice Vinohrady;50.07831;14.47639
20260624_144933_L641;20260624_144933;24.06.2026;14:37:00;641;20;9600;11;U9856Z1;Beroun,autobusové nádraží;49.88516;13.95669
20260624_144933_L335;20260624_144933;24.06.2026;14:38:00;335;8;9175;11;U2288Z1;Kamenice,kult.dům;49.92288;14.57557
20260624_144933_L678;20260624_144933;24.06.2026;14:38:00;678;32;8615;11;U9586Z1;Pečky,žel.st.;50.07897;15.03177
20260624_144933_L693;20260624_144933;24.06.2026;14:34:00;693;1;1815;13;U6135Z2;Mšeno,žel.st.;50.45789;14.65752
20260624_144933_L199;20260624_144933;24.06.2026;14:34:00;199;5;3964;13;U418Z2P;Želivského;50.07754;14.4819
20260624_144933_L307;20260624_144933;24.06.2026;14:37:00;307;10;8991;10;U1685Z1;Kladno,autobusové nádraží;50.08156;14.1398
20260624_144933_L515;20260624_144933;24.06.2026;14:36:00;515;13;9566;10;U9712Z3;Příbram,aut.nádr.;49.69117;14.00318
20260624_144933_L448;20260624_144933;24.06.2026;14:30:00;448;61;1147;18;U1853Z2;Lety,K Libří;49.92491;14.27693
20260624_144933_L136;20260624_144933;24.06.2026;14:39:00;136;4;6955;10;U512Z5P;Jižní Město;50.09039;14.46742
20260624_144933_L373;20260624_144933;24.06.2026;14:38:00;373;1;4558;11;U2267Z1;Veliká Ves;50.25165;14.45285
20260624_144933_L180;20260624_144933;24.06.2026;14:35:00;180;3;6864;11;U1141Z14P;Obchodní centrum Zličín;50.04986;14.29469
20260624_144933_L300;20260624_144933;24.06.2026;14:36:00;300;25;8958;12;U4313Z3;Smečno;50.14379;14.09067
20260624_144933_L337;20260624_144933;24.06.2026;14:37:00;337;15;9366;12;U1543Z1;Benešov,Terminál;49.88106;14.62331
20260624_144933_L188;20260624_144933;24.06.2026;14:34:00;188;3;6896;15;U198Z2P;Želivského;50.0654;14.49279
20260624_144933_L805;20260624_144933;24.06.2026;14:28:00;805;4;7559;20;U7159Z2;Zruč n.Sáz.,Sázavan;49.74374;15.08715
20260624_144933_L345;20260624_144933;24.06.2026;14:35:00;345;15;8671;11;U3395Z2;Praha,Černý Most;50.43379;14.92641
20260624_144933_L476;20260624_144933;24.06.2026;14:38:00;476;36;8018;10;U2188Z2;Všetaty,žel.st.;50.24979;14.59126
20260624_144933_L339;20260624_144933;24.06.2026;14:38:00;339;17;9939;11;U4176Z2;Týnec n.Sáz.,žel.st.;49.9835;14.49546
20260624_144933_L136;20260624_144933;24.06.2026;14:38:00;136;20;6971;11;U424Z1P;Jižní Město;50.03349;14.49931
20260624_144933_L167;20260624_144933;24.06.2026;14:37:00;167;7;5056;12;U1040Z14P;Na Knížecí;50.07106;14.40281
20260624_144933_L320;20260624_144933;24.06.2026;14:36:00;320;12;7960;11;U1707Z1;Mníšek p.Brdy,Stříbrná Lhota;49.89143;14.29338
20260624_145334_L300;20260624_145334;24.06.2026;14:42:00;300;25;8958;11;U3095Z1;Smečno;50.14086;14.07197
20260624_145334_L307;20260624_145334;24.06.2026;14:41:00;307;10;8991;12;U4926Z1;Kladno,autobusové nádraží;50.09086;14.13462
20260624_145334_L324;20260624_145334;24.06.2026;14:41:00;324;20;8999;12;U4315Z2;Praha,Zličín;50.13536;14.13741
20260624_145334_L646;20260624_145334;24.06.2026;14:41:00;646;24;8084;10;U2286Z2;Mělník,aut.nádr.;50.24456;14.31351
20260624_145334_L805;20260624_145334;24.06.2026;14:28:00;805;4;7559;24;U7159Z2;Zruč n.Sáz.,Sázavan;49.74364;15.08717
20260624_145334_L339;20260624_145334;24.06.2026;14:43:00;339;17;9939;10;U1330Z1;Týnec n.Sáz.,žel.st.;49.9675;14.51483
20260624_145334_L467;20260624_145334;24.06.2026;14:41:00;467;15;8116;10;U6439Z1;Roudnice n.L.,ČSAD;50.39918;14.87904
20260624_145334_L448;20260624_145334;24.06.2026;14:30:00;448;61;1147;22;U1853Z2;Lety,K Libří;49.92491;14.27693
20260624_145334_L489;20260624_145334;24.06.2026;14:42:00;489;31;1644;10;U2167Z1;Strančice,žel.st.;49.95953;14.72609
20260624_145334_L678;20260624_145334;24.06.2026;14:41:00;678;32;8615;11;U1442Z4;Pečky,žel.st.;50.09049;15.02054
20260624_145334_L641;20260624_145334;24.06.2026;14:41:00;641;14;9573;10;U9855Z55;Hořovice,nemocnice;49.86906;13.92983
20260624_145334_L641;20260624_145334;24.06.2026;14:39:00;641;20;9600;13;U9855Z55;Beroun,autobusové nádraží;49.87385;13.94896
20260624_145334_L643;20260624_145334;24.06.2026;14:38:00;643;30;9424;13;U9618Z1;Křešín;49.83154;13.90491
20260624_145334_L693;20260624_145334;24.06.2026;14:38:00;693;1;1815;13;U6137Z2;Mšeno,žel.st.;50.44625;14.64232
20260624_145334_L731;20260624_145334;24.06.2026;14:42:00;731;39;9544;10;U6439Z1;Březovice;50.39987;14.87946
20260624_145334_L463;20260624_145334;24.06.2026;14:41:00;463;7;9822;10;U3385Z2;Městec Králové,nám.;50.37115;14.90305
20260624_145334_L472;20260624_145334;24.06.2026;14:43:00;472;35;8067;10;U2182Z2;Mělník,aut.nádr.;50.27253;14.55536
20260624_145334_L146;20260624_145334;24.06.2026;14:39:00;146;3;9121;14;U694Z3P;Vinice Hrdlořezy;50.09105;14.50029
20260624_145334_L796;20260624_145334;24.06.2026;14:39:00;796;39;7815;13;U7431Z1;Pyšely,nám.;49.86318;14.7
20260624_145334_L180;20260624_145334;24.06.2026;14:41:00;180;8;6906;11;U867Z1P;Dejvická;50.09484;14.39622
20260624_145334_L136;20260624_145334;24.06.2026;14:42:00;136;4;6955;11;U743Z2P;Jižní Město;50.08609;14.45553
20260624_145334_L476;20260624_145334;24.06.2026;14:42:00;476;36;8018;11;U4186Z1;Všetaty,žel.st.;50.25175;14.61318
20260624_145334_L188;20260624_145334;24.06.2026;14:34:00;188;3;6896;19;U198Z2P;Želivského;50.0654;14.49279
20260624_145334_L337;20260624_145334;24.06.2026;14:41:00;337;15;9366;12;U1545Z1;Benešov,Terminál;49.86538;14.65675
20260624_145334_L335;20260624_145334;24.06.2026;14:39:00;335;8;9175;13;U1536Z1;Kamenice,kult.dům;49.9109;14.57209
20260624_145334_L316;20260624_145334;24.06.2026;14:43:00;316;9;8977;10;U1691Z1;Holubice;50.19102;14.31913
20260624_145334_L345;20260624_145334;24.06.2026;14:38:00;345;15;8671;12;U3392Z2;Praha,Černý Most;50.41986;14.91417
20260624_145334_L324;20260624_145334;24.06.2026;14:41:00;324;27;8996;12;U4318Z1;Slaný,Rabasova;50.12725;14.12355
20260624_145334_L650;20260624_145334;24.06.2026;14:39:00;650;22;12536;14;U31424Z1;Litoměřice,žel.st.hor.;50.45396;14.14535
20260624_145334_L136;20260624_145334;24.06.2026;14:40:00;136;20;6971;12;U106Z2P;Jižní Město;50.02755;14.50777
20260624_145334_L767;20260624_145334;24.06.2026;14:41:00;767;21;8562;11;U6439Z1;Dolní Slivno;50.39957;14.87924
20260624_145334_L857;20260624_145334;24.06.2026;14:43:00;857;1;7308;10;U4248Z1;Otvovice,sklárna;50.2524;14.31871
20260624_145334_L320;20260624_145334;24.06.2026;14:40:00;320;12;7960;13;U1733Z1;Mníšek p.Brdy,Stříbrná Lhota;49.87654;14.27302
20260624_145334_L478;20260624_145334;24.06.2026;14:43:00;478;17;8115;10;U1804Z2;Kostelec n.L.,nám.;50.21376;14.63298
20260624_145735_L406;20260624_145735;24.06.2026;14:47:00;406;1;7934;10;U7855Z2;Praha,Roztyly;49.75558;14.76383
20260624_145735_L149;20260624_145735;24.06.2026;14:44:00;149;6;4199;13;U254Z5P;Stodůlky-Bavorská;50.07029;14.38029
20260624_145735_L199;20260624_145735;24.06.2026;14:43:00;199;6;3866;14;U161Z2P;Želivského;50.08139;14.49647
20260624_145735_L167;20260624_145735;24.06.2026;14:42:00;167;1;5005;11;U254Z6P;Na Knížecí;50.07195;14.39753
20260624_145735_L345;20260624_145735;24.06.2026;14:42:00;345;15;8671;12;U2987Z7;Praha,Černý Most;50.41907;14.91719
20260624_145735_L805;20260624_145735;24.06.2026;14:28:00;805;4;7559;28;U7159Z2;Zruč n.Sáz.,Sázavan;49.74364;15.08717
20260624_145735_L641;20260624_145735;24.06.2026;14:46:00;641;20;9600;11;U9854Z1;Beroun,autobusové nádraží;49.89443;13.95978
20260624_145735_L467;20260624_145735;24.06.2026;14:41:00;467;15;8116;14;U6439Z1;Roudnice n.L.,ČSAD;50.37777;14.87552
20260624_145735_L646;20260624_145735;24.06.2026;14:44:00;646;12;8077;12;U4248Z1;Kralupy n.Vlt.,žel.st.;50.24904;14.31838
20260624_145735_L723;20260624_145735;24.06.2026;14:46:00;723;20;7036;10;U9359Z1;Kopidlno,nám.;50.40908;14.96793
20260624_145735_L300;20260624_145735;24.06.2026;14:44:00;300;25;8958;12;U1918Z1;Smečno;50.15034;14.05318
20260624_145735_L307;20260624_145735;24.06.2026;14:45:00;307;10;8991;12;U4790Z2;Kladno,autobusové nádraží;50.1104;14.13518
20260624_145735_L650;20260624_145735;24.06.2026;14:44:00;650;22;12536;13;U31422Z2;Litoměřice,žel.st.hor.;50.48219;14.14189
20260624_145735_L136;20260624_145735;24.06.2026;14:47:00;136;2;6916;10;U344Z1P;Jižní Město;50.02989;14.50725
20260624_145735_L634;20260624_145735;24.06.2026;14:44:00;634;27;9440;10;U2939Z1;Hostomice,nám.;49.85882;14.10432
20260624_145735_L641;20260624_145735;24.06.2026;14:43:00;641;14;9573;12;U9856Z2;Hořovice,nemocnice;49.86467;13.92727
20260624_145735_L335;20260624_145735;24.06.2026;14:42:00;335;8;9175;14;U1573Z1;Kamenice,kult.dům;49.90438;14.56489
20260624_145735_L337;20260624_145735;24.06.2026;14:45:00;337;15;9366;12;U1911Z2;Benešov,Terminál;49.85137;14.67533
20260624_145735_L136;20260624_145735;24.06.2026;14:46:00;136;4;6955;11;U118Z4P;Jižní Město;50.07818;14.46099
20260624_145735_L466;20260624_145735;24.06.2026;14:47:00;466;23;8019;10;U2235Z1;Mělník,aut.nádr.;50.24622;14.31523
20260624_145735_L402;20260624_145735;24.06.2026;14:45:00;402;3;7672;12;U7104Z2;Praha,Roztyly;49.86894;15.32316
20260624_145735_L767;20260624_145735;24.06.2026;14:41:00;767;21;8562;15;U6439Z1;Dolní Slivno;50.38177;14.87743
20260624_145735_L646;20260624_145735;24.06.2026;14:46:00;646;24;8084;11;U4248Z1;Mělník,aut.nádr.;50.25284;14.31994
20260624_145735_L476;20260624_145735;24.06.2026;14:45:00;476;36;8018;12;U2186Z1;Všetaty,žel.st.;50.26353;14.60958
20260624_145735_L731;20260624_145735;24.06.2026;14:44:00;731;39;9544;12;U6256Z1;Březovice;50.39631;14.87293
20260624_145735_L155;20260624_145735;24.06.2026;14:47:00;155;2;9120;10;U548Z3P;Nemocnice Vinohrady;50.08066;14.50118
20260624_145735_L796;20260624_145735;24.06.2026;14:43:00;796;39;7815;13;U7032Z1;Pyšely,nám.;49.87322;14.68892
20260624_145735_L693;20260624_145735;24.06.2026;14:42:00;693;1;1815;14;U9182Z1;Mšeno,žel.st.;50.43723;14.63707
20260624_145735_L246;20260624_145735;24.06.2026;14:46:00;246;4;3734;10;U896Z2P;Poliklinika Modřany;49.9828;14.40639
20260624_145735_L677;20260624_145735;24.06.2026;14:43:00;677;32;8053;12;U2315Z1;Úvaly,žel.st.;50.07407;14.72324
20260624_145735_L316;20260624_145735;24.06.2026;14:46:00;316;9;8977;11;U1692Z1;Holubice;50.19741;14.295
20260624_145735_L324;20260624_145735;24.06.2026;14:43:00;324;27;8996;14;U4320Z1;Slaný,Rabasova;50.13031;14.11421
20260624_145735_L136;20260624_145735;24.06.2026;14:44:00;136;20;6971;12;U353Z1P;Jižní Město;50.0262;14.52148
20260624_145735_L463;20260624_145735;24.06.2026;14:44:00;463;7;9822;10;U4576Z1;Městec Králové,nám.;50.36549;14.93079
20260624_145735_L857;20260624_145735;24.06.2026;14:43:00;857;1;7308;12;U4248Z1;Otvovice,sklárna;50.24968;14.31448
20260624_145735_L188;20260624_145735;24.06.2026;14:34:00;188;3;6896;23;U198Z2P;Želivského;50.0654;14.49279
20260624_145735_L339;20260624_145735;24.06.2026;14:43:00;339;17;9939;13;U1330Z1;Týnec n.Sáz.,žel.st.;49.9629;14.52206
20260624_145735_L320;20260624_145735;24.06.2026;14:44:00;320;12;7960;13;U1709Z1;Mníšek p.Brdy,Stříbrná Lhota;49.86658;14.26204
20260624_150135_L149;20260624_150135;24.06.2026;14:46:00;149;6;4199;15;U206Z1P;Stodůlky-Bavorská;50.06912;14.37739
20260624_150135_L188;20260624_150135;24.06.2026;14:34:00;188;3;6896;27;U198Z2P;Želivského;50.0654;14.49279
20260624_150135_L143;20260624_150135;24.06.2026;14:51:00;143;4;6935;10;U867Z2P;Stadion Strahov;50.09159;14.38587
20260624_150135_L805;20260624_150135;24.06.2026;14:28:00;805;4;7559;31;U7159Z2;Zruč n.Sáz.,Sázavan;49.74364;15.08717
20260624_150135_L136;20260624_150135;24.06.2026;14:48:00;136;2;6916;11;U106Z2P;Jižní Město;50.02755;14.50777
20260624_150135_L136;20260624_150135;24.06.2026;14:50:00;136;4;6955;10;U855Z1P;Jižní Město;50.07414;14.46747
20260624_150135_L646;20260624_150135;24.06.2026;14:46:00;646;12;8077;15;U2235Z1;Kralupy n.Vlt.,žel.st.;50.24755;14.31675
20260624_150135_L431;20260624_150135;24.06.2026;14:48:00;431;2;1813;13;U4348Z2;Skalsko,náves;50.29195;14.82662
20260624_150135_L337;20260624_150135;24.06.2026;14:48:00;337;15;9366;12;U2158Z2;Benešov,Terminál;49.83642;14.67489
20260624_150135_L580;20260624_150135;24.06.2026;14:50:00;580;19;7693;10;U6149Z2;Slaný,aut.nádr.;50.14737;13.74159
20260624_150135_L155;20260624_150135;24.06.2026;14:50:00;155;2;9120;10;U660Z5P;Nemocnice Vinohrady;50.08391;14.51058
20260624_150135_L731;20260624_150135;24.06.2026;14:47:00;731;39;9544;12;U6394Z1;Březovice;50.40069;14.85598
20260624_150135_L466;20260624_150135;24.06.2026;14:49:00;466;23;8019;12;U2286Z1;Mělník,aut.nádr.;50.24105;14.31313
20260624_150135_L146;20260624_150135;24.06.2026;14:48:00;146;5;9189;13;U767Z2P;Habrová;50.08416;14.48194
20260624_150135_L300;20260624_150135;24.06.2026;14:49:00;300;25;8958;12;U4145Z1;Smečno;50.16872;14.05633
20260624_150135_L300;20260624_150135;24.06.2026;14:49:00;300;8;8974;11;U3094Z1;Kladno,u kostela;50.14534;14.0954
20260624_150135_L307;20260624_150135;24.06.2026;14:50:00;307;10;8991;11;U4594Z3;Kladno,autobusové nádraží;50.12259;14.12745
20260624_150135_L324;20260624_150135;24.06.2026;14:49:00;324;20;8999;12;U4304Z1;Praha,Zličín;50.15121;14.18059
20260624_150135_L335;20260624_150135;24.06.2026;14:46:00;335;8;9175;15;U1565Z2;Kamenice,kult.dům;49.9011;14.58241
20260624_150135_L345;20260624_150135;24.06.2026;14:42:00;345;15;8671;13;U2987Z7;Praha,Černý Most;50.40037;14.91911
20260624_150135_L383;20260624_150135;24.06.2026;14:50:00;383;32;9174;10;U542Z1;Ondřejov,náměstí;50.03257;14.59739
20260624_150135_L723;20260624_150135;24.06.2026;14:50:00;723;20;7036;10;U6261Z3;Kopidlno,nám.;50.40994;15.00046
20260624_150135_L650;20260624_150135;24.06.2026;14:47:00;650;22;12536;13;U31420Z1;Litoměřice,žel.st.hor.;50.49324;14.14785
20260624_150135_L306;20260624_150135;24.06.2026;14:48:00;306;4;8874;12;U4313Z8;Kladno,autobusové nádraží;50.14893;14.10504
20260624_150135_L641;20260624_150135;24.06.2026;14:50:00;641;14;9573;11;U9779Z3;Hořovice,nemocnice;49.84356;13.90546
20260624_150135_L641;20260624_150135;24.06.2026;14:48:00;641;20;9600;12;U1229Z1;Beroun,autobusové nádraží;49.90598;13.96456
20260624_150135_L472;20260624_150135;24.06.2026;14:50:00;472;35;8067;11;U2187Z2;Mělník,aut.nádr.;50.28743;14.57538
20260624_150135_L646;20260624_150135;24.06.2026;14:51:00;646;24;8084;10;U2346Z2;Mělník,aut.nádr.;50.27202;14.32453
20260624_150135_L463;20260624_150135;24.06.2026;14:50:00;463;7;9822;10;U4032Z1;Městec Králové,nám.;50.36978;14.96226
20260624_150135_L490;20260624_150135;24.06.2026;14:50:00;490;22;1625;10;U2060Z1;Ondřejov,náměstí;49.90195;14.74735
20260624_150135_L107;20260624_150135;24.06.2026;14:49:00;107;11;6942;10;U162Z6P;Dejvická;50.10137;14.3953
20260624_150135_L677;20260624_150135;24.06.2026;14:43:00;677;32;8053;16;U2315Z1;Úvaly,žel.st.;50.07407;14.72324
20260624_150135_L857;20260624_150135;24.06.2026;14:50:00;857;1;7308;10;U4235Z2;Otvovice,sklárna;50.24708;14.31374
20260624_150135_L324;20260624_150135;24.06.2026;14:46:00;324;27;8996;15;U4310Z1;Slaný,Rabasova;50.1365;14.10376
20260624_150135_L339;20260624_150135;24.06.2026;14:48:00;339;17;9939;13;U1532Z1;Týnec n.Sáz.,žel.st.;49.94512;14.54411
20260624_150135_L180;20260624_150135;24.06.2026;14:49:00;180;6;5057;11;U867Z2P;Obchodní centrum Zličín;50.08995;14.38406
20260624_150135_L320;20260624_150135;24.06.2026;14:48:00;320;12;7960;13;U1716Z1;Mníšek p.Brdy,Stříbrná Lhota;49.87025;14.25083
20260624_150536_L229;20260624_150536;24.06.2026;14:55:00;229;1;4528;10;U808Z1P;Královice;50.03016;14.6056
20260624_150536_L641;20260624_150536;24.06.2026;14:52:00;641;20;9600;12;U9105Z1;Beroun,autobusové nádraží;49.91957;13.97958
20260624_150536_L180;20260624_150536;24.06.2026;14:53:00;180;6;5057;12;U229Z1P;Obchodní centrum Zličín;50.08662;14.37154
20260624_150536_L149;20260624_150536;24.06.2026;14:53:00;149;5;4088;12;U999Z2P;Dejvická;50.05412;14.31625
20260624_150536_L337;20260624_150536;24.06.2026;14:52:00;337;15;9366;13;U1391Z1;Benešov,Terminál;49.82991;14.69066
20260624_150536_L188;20260624_150536;24.06.2026;14:34:00;188;3;6896;31;U198Z2P;Želivského;50.0654;14.49279
20260624_150536_L199;20260624_150536;24.06.2026;14:55:00;199;5;3964;10;U548Z1P;Sídliště Malešice;50.08212;14.5019
20260624_150536_L641;20260624_150536;24.06.2026;14:51:00;641;14;9573;13;U9616Z7;Hořovice,nemocnice;49.83777;13.89967
20260624_150536_L143;20260624_150536;24.06.2026;14:52:00;143;4;6935;13;U140Z6P;Stadion Strahov;50.08952;14.38615
20260624_150536_L650;20260624_150536;24.06.2026;14:53:00;650;22;12536;12;U32106Z2;Litoměřice,žel.st.hor.;50.50737;14.14401
20260624_150536_L723;20260624_150536;24.06.2026;14:52:00;723;20;7036;11;U6262Z1;Kopidlno,nám.;50.40536;15.04026
20260624_150536_L228;20260624_150536;24.06.2026;14:55:00;228;13;9012;10;U461Z2P;Poliklinika Malešice;50.03361;14.59248
20260624_150536_L300;20260624_150536;24.06.2026;14:52:00;300;25;8958;11;U1400Z1;Smečno;50.17991;14.05379
20260624_150536_L155;20260624_150536;24.06.2026;14:55:00;155;2;9120;10;U359Z2P;Nemocnice Vinohrady;50.08467;14.50947
20260624_150536_L324;20260624_150536;24.06.2026;14:54:00;324;20;8999;11;U4301Z2;Praha,Zličín;50.14753;14.21599
20260624_150536_L383;20260624_150536;24.06.2026;14:55:00;383;32;9174;10;U2137Z1;Ondřejov,náměstí;50.0267;14.6179
20260624_150536_L395;20260624_150536;24.06.2026;14:54:00;395;48;9859;10;U9621Z1;Příbram,Březové Hory;49.75706;14.15904
20260624_150536_L370;20260624_150536;24.06.2026;14:55:00;370;2;8002;10;U2259Z2;Kozomín;50.23295;14.3852
20260624_150536_L136;20260624_150536;24.06.2026;14:54:00;136;5;6789;11;U118Z4P;Jižní Město;50.07811;14.46078
20260624_150536_L580;20260624_150536;24.06.2026;14:55:00;580;19;7693;10;U3143Z2;Slaný,aut.nádr.;50.17166;13.7406
20260624_150536_L625;20260624_150536;24.06.2026;14:53:00;625;23;8817;12;U9919Z2;Kladno,autobusové nádraží;50.14167;13.75553
20260624_150536_L149;20260624_150536;24.06.2026;14:54:00;149;8;4200;10;U981Z1P;Dejvická;50.08571;14.38302
20260624_150536_L472;20260624_150536;24.06.2026;14:54:00;472;35;8067;10;U2183Z2;Mělník,aut.nádr.;50.28968;14.53933
20260624_150536_L731;20260624_150536;24.06.2026;14:53:00;731;39;9544;12;U3398Z1;Březovice;50.41082;14.81241
20260624_150536_L463;20260624_150536;24.06.2026;14:52:00;463;7;9822;11;U1171Z2;Městec Králové,nám.;50.36963;14.98638
20260624_150536_L543;20260624_150536;24.06.2026;14:51:00;543;17;7609;10;U4201Z1;Poděbrady,žel.st.;50.14933;15.12288
20260624_150536_L805;20260624_150536;24.06.2026;14:28:00;805;4;7559;36;U7159Z2;Zruč n.Sáz.,Sázavan;49.74364;15.08717
20260624_150536_L136;20260624_150536;24.06.2026;14:52:00;136;2;6916;12;U353Z1P;Jižní Město;50.02623;14.52149
20260624_150536_L307;20260624_150536;24.06.2026;14:54:00;307;10;8991;11;U4306Z3;Kladno,autobusové nádraží;50.13481;14.12494
20260624_150536_L857;20260624_150536;24.06.2026;14:51:00;857;1;7308;12;U4227Z2;Otvovice,sklárna;50.24221;14.31097
20260624_150536_L149;20260624_150536;24.06.2026;14:54:00;149;1;4173;10;U992Z2P;Stodůlky-Bavorská;50.07686;14.36703
20260624_150536_L149;20260624_150536;24.06.2026;14:50:00;149;6;4199;15;U396Z1P;Stodůlky-Bavorská;50.05883;14.37211
20260624_150536_L146;20260624_150536;24.06.2026;14:52:00;146;5;9189;13;U128Z2P;Želivského;50.08786;14.49091
20260624_150536_L714;20260624_150536;24.06.2026;14:55:00;714;11;1816;10;U6307Z2;Kněžmost,nám.;50.4922;15.04938
20260624_150536_L362;20260624_150536;24.06.2026;14:53:00;362;2;9192;12;U50Z4;Jílové u Prahy,náměstí;50.04452;14.44745
20260624_150536_L334;20260624_150536;24.06.2026;14:53:00;334;43;7818;10;U1330Z1;Psáry;49.9591;14.52041
20260624_150536_L856;20260624_150536;24.06.2026;14:52:00;856;10;1280;13;U4245Z1;Velvary,nám.;50.27609;14.30967
20260624_150536_L646;20260624_150536;24.06.2026;14:46:00;646;12;8077;19;U2235Z1;Kralupy n.Vlt.,žel.st.;50.2463;14.31535
20260624_150536_L646;20260624_150536;24.06.2026;14:53:00;646;24;8084;12;U4247Z1;Mělník,aut.nádr.;50.28179;14.31556
20260624_150536_L431;20260624_150536;24.06.2026;14:48:00;431;2;1813;17;U4348Z2;Skalsko,náves;50.29187;14.82645
20260624_150536_L199;20260624_150536;24.06.2026;14:52:00;199;1;4157;11;U418Z2P;Želivského;50.07708;14.48701
20260624_150536_L339;20260624_150536;24.06.2026;14:50:00;339;17;9939;14;U1534Z1;Týnec n.Sáz.,žel.st.;49.92762;14.56791
20260624_150536_L466;20260624_150536;24.06.2026;14:50:00;466;23;8019;10;U2236Z3;Mělník,aut.nádr.;50.24009;14.31267
20260624_150937_L126;20260624_150937;24.06.2026;14:57:00;126;12;4039;10;U6Z2P;Koleje Jižní Město;50.03181;14.54817
20260624_150937_L136;20260624_150937;24.06.2026;14:55:00;136;2;6916;14;U151Z1P;Jižní Město;50.03153;14.53373
20260624_150937_L369;20260624_150937;24.06.2026;14:56:00;369;42;8233;11;U1972Z1;Mělník,Mlazice;50.28701;14.49575
20260624_150937_L149;20260624_150937;24.06.2026;14:59:00;149;1;4173;10;U254Z5P;Stodůlky-Bavorská;50.07212;14.38003
20260624_150937_L300;20260624_150937;24.06.2026;14:56:00;300;25;8958;11;U3208Z1;Smečno;50.18273;14.04396
20260624_150937_L149;20260624_150937;24.06.2026;14:57:00;149;5;4088;13;U1130Z2P;Dejvická;50.05377;14.33806
20260624_150937_L634;20260624_150937;24.06.2026;14:57:00;634;27;9440;10;U9849Z1;Hostomice,nám.;49.83586;14.04632
20260624_150937_L650;20260624_150937;24.06.2026;14:57:00;650;22;12536;12;U32720Z2;Litoměřice,žel.st.hor.;50.51405;14.13895
20260624_150937_L188;20260624_150937;24.06.2026;14:34:00;188;3;6896;34;U198Z2P;Želivského;50.0654;14.49279
20260624_150937_L466;20260624_150937;24.06.2026;14:58:00;466;23;8019;10;U4224Z2;Mělník,aut.nádr.;50.24129;14.30727
20260624_150937_L444;20260624_150937;24.06.2026;14:54:00;444;10;9148;13;U1565Z2;Kamenice,kult.dům;49.90472;14.58712
20260624_150937_L337;20260624_150937;24.06.2026;14:52:00;337;15;9366;14;U1391Z1;Benešov,Terminál;49.81958;14.68376
20260624_150937_L362;20260624_150937;24.06.2026;14:53:00;362;2;9192;16;U50Z4;Jílové u Prahy,náměstí;50.04404;14.45058
20260624_150937_L334;20260624_150937;24.06.2026;14:59:00;334;43;7818;10;U2129Z1;Psáry;49.94203;14.51562
20260624_150937_L339;20260624_150937;24.06.2026;14:58:00;339;22;9365;10;U1330Z1;Kamenice,kult.dům;49.96235;14.52303
20260624_150937_L307;20260624_150937;24.06.2026;14:56:00;307;10;8991;12;U4308Z1;Kladno,autobusové nádraží;50.13342;14.10888
20260624_150937_L228;20260624_150937;24.06.2026;14:58:00;228;13;9012;11;U9691Z2P;Poliklinika Malešice;50.04557;14.58501
20260624_150937_L639;20260624_150937;24.06.2026;14:58:00;639;26;9601;10;U7179Z2;Hořovice,nám.B.Němcové;49.84662;13.92075
20260624_150937_L641;20260624_150937;24.06.2026;14:54:00;641;14;9573;15;U9618Z6;Hořovice,nemocnice;49.83418;13.9023
20260624_150937_L641;20260624_150937;24.06.2026;14:52:00;641;20;9600;13;U9105Z1;Beroun,autobusové nádraží;49.93318;14.00214
20260624_150937_L580;20260624_150937;24.06.2026;14:58:00;580;19;7693;11;U2123Z2;Slaný,aut.nádr.;50.1758;13.78027
20260624_150937_L857;20260624_150937;24.06.2026;14:56:00;857;1;7308;13;U2286Z2;Otvovice,sklárna;50.24171;14.31038
20260624_150937_L731;20260624_150937;24.06.2026;14:57:00;731;39;9544;12;U9783Z1;Březovice;50.42538;14.79144
20260624_150937_L764;20260624_150937;24.06.2026;14:59:00;764;31;9790;10;U1171Z2;Mcely;50.36896;14.96376
20260624_150937_L382;20260624_150937;24.06.2026;14:58:00;382;38;9111;10;U435Z3;Sázava,aut.st.;50.03757;14.5908
20260624_150937_L376;20260624_150937;24.06.2026;14:56:00;376;42;8006;13;U4000Z2;Praha,Letňany;50.13022;14.5464
20260624_150937_L146;20260624_150937;24.06.2026;14:55:00;146;5;9189;14;U357Z1P;Želivského;50.08555;14.48229
20260624_150937_L346;20260624_150937;24.06.2026;14:55:00;346;5;8291;13;U897Z9;Brandýs n.L.-St.Bol.,nem.;50.10965;14.58254
20260624_150937_L339;20260624_150937;24.06.2026;14:54:00;339;17;9939;15;U1536Z1;Týnec n.Sáz.,žel.st.;49.91472;14.58225
20260624_150937_L472;20260624_150937;24.06.2026;14:58:00;472;35;8067;11;U1922Z1;Mělník,aut.nádr.;50.29506;14.51517
20260624_150937_L149;20260624_150937;24.06.2026;14:59:00;149;8;4200;10;U182Z2P;Dejvická;50.08786;14.38189
20260624_150937_L431;20260624_150937;24.06.2026;14:48:00;431;2;1813;21;U4348Z2;Skalsko,náves;50.29187;14.82644
20260624_150937_L471;20260624_150937;24.06.2026;14:59:00;471;32;8036;10;U1785Z3;Mělník,Rožkovo údolí;50.29022;14.4962
20260624_150937_L180;20260624_150937;24.06.2026;14:56:00;180;12;6855;12;U867Z2P;Obchodní centrum Zličín;50.09095;14.38507
20260624_150937_L199;20260624_150937;24.06.2026;14:57:00;199;2;3971;11;U418Z2P;Želivského;50.07717;14.48923
20260624_150937_L180;20260624_150937;24.06.2026;14:57:00;180;6;5057;12;U872Z2P;Obchodní centrum Zličín;50.07992;14.34753
20260624_150937_L149;20260624_150937;24.06.2026;14:58:00;149;7;3729;10;U867Z2P;Stodůlky-Bavorská;50.09091;14.38504
20260624_150937_L370;20260624_150937;24.06.2026;14:55:00;370;2;8002;11;U2259Z2;Kozomín;50.22565;14.36842
20260624_150937_L470;20260624_150937;24.06.2026;14:57:00;470;36;8051;11;U1786Z2;Kralupy n.Vlt.,žel.st.;50.29636;14.5028
20260624_150937_L856;20260624_150937;24.06.2026;14:52:00;856;10;1280;16;U4245Z1;Velvary,nám.;50.27521;14.30892
20260624_150937_L718;20260624_150937;24.06.2026;14:58:00;718;32;8663;10;U6298Z2;Sobotka,nám.;50.45084;15.14008
20260624_150937_L155;20260624_150937;24.06.2026;14:57:00;155;1;9466;12;U357Z2P;Poliklinika Malešice;50.08648;14.48206
20260624_150937_L713;20260624_150937;24.06.2026;14:58:00;713;44;9882;11;U6293Z1;Sobotka,nám.;50.45932;15.13683
20260624_151337_L126;20260624_151337;24.06.2026;15:04:00;126;12;4039;10;U286Z3P;Koleje Jižní Město;50.0304;14.52642
20260624_151337_L136;20260624_151337;24.06.2026;15:01:00;136;6;5025;11;U118Z4P;Jižní Město;50.07887;14.4606
20260624_151337_L136;20260624_151337;24.06.2026;15:02:00;136;7;5082;11;U69Z2P;Jižní Město;50.0889;14.46162
20260624_151337_L146;20260624_151337;24.06.2026;15:03:00;146;4;9122;10;U767Z2P;Vinice Hrdlořezy;50.0845;14.48204
20260624_151337_L149;20260624_151337;24.06.2026;14:59:00;149;1;4173;14;U254Z5P;Stodůlky-Bavorská;50.07141;14.37972
20260624_151337_L149;20260624_151337;24.06.2026;14:58:00;149;7;3729;14;U867Z2P;Stodůlky-Bavorská;50.09051;14.38456
20260624_151337_L149;20260624_151337;24.06.2026;15:00:00;149;5;4088;13;U602Z3P;Dejvická;50.05081;14.35278
20260624_151337_L149;20260624_151337;24.06.2026;15:01:00;149;8;4200;11;U867Z1P;Dejvická;50.09488;14.39624
20260624_151337_L155;20260624_151337;24.06.2026;14:59:00;155;1;9466;14;U128Z1P;Poliklinika Malešice;50.08801;14.49146
20260624_151337_L180;20260624_151337;24.06.2026;15:00:00;180;6;5057;14;U444Z2P;Obchodní centrum Zličín;50.07596;14.34528
20260624_151337_L180;20260624_151337;24.06.2026;14:56:00;180;12;6855;16;U867Z2P;Obchodní centrum Zličín;50.09031;14.38435
20260624_151337_L188;20260624_151337;24.06.2026;15:04:00;188;1;5031;10;U198Z1P;Kavčí hory;50.06494;14.49313
20260624_151337_L188;20260624_151337;24.06.2026;14:34:00;188;3;6896;39;U198Z2P;Želivského;50.0654;14.49279
20260624_151337_L199;20260624_151337;24.06.2026;15:00:00;199;2;3971;13;U921Z9P;Želivského;50.07823;14.47617
20260624_151337_L199;20260624_151337;24.06.2026;15:03:00;199;5;3964;11;U161Z2P;Želivského;50.0814;14.49658
20260624_151337_L199;20260624_151337;24.06.2026;14:59:00;199;6;3866;13;U921Z6P;Sídliště Malešice;50.07762;14.48169
20260624_151337_L228;20260624_151337;24.06.2026;15:02:00;228;13;9012;11;U1059Z1P;Poliklinika Malešice;50.06042;14.58774
20260624_151337_L825;20260624_151337;24.06.2026;15:01:00;825;45;9581;10;U4273Z1;Mořina;49.96321;14.08435
20260624_151337_L857;20260624_151337;24.06.2026;15:01:00;857;1;7308;12;U4190Z2;Otvovice,sklárna;50.24024;14.29856
20260624_151337_L300;20260624_151337;24.06.2026;14:56:00;300;25;8958;15;U3208Z1;Smečno;50.18557;14.04781
20260624_151337_L304;20260624_151337;24.06.2026;15:01:00;304;10;8372;10;U466Z1;Rakovník,aut.st.;50.05261;14.2911
20260624_151337_L307;20260624_151337;24.06.2026;14:59:00;307;10;8991;13;U4310Z1;Kladno,autobusové nádraží;50.14047;14.09949
20260624_151337_L311;20260624_151337;24.06.2026;15:00:00;311;74;9597;10;U1601Z1;Řevnice,nádraží;49.91374;14.23274
20260624_151337_L315;20260624_151337;24.06.2026;15:02:00;315;37;8656;10;U3253Z2;Mnichovo Hradiště,dopravní terminál;50.52003;14.98087
20260624_151337_L324;20260624_151337;24.06.2026;15:02:00;324;20;8999;11;U776Z2;Praha,Zličín;50.10841;14.27833
20260624_151337_L337;20260624_151337;24.06.2026;14:52:00;337;15;9366;17;U1391Z1;Benešov,Terminál;49.80762;14.68078
20260624_151337_L339;20260624_151337;24.06.2026;15:03:00;339;22;9365;10;U1532Z1;Kamenice,kult.dům;49.94561;14.54367
20260624_151337_L339;20260624_151337;24.06.2026;14:58:00;339;17;9939;15;U1564Z1;Týnec n.Sáz.,žel.st.;49.90402;14.58678
20260624_151337_L346;20260624_151337;24.06.2026;14:55:00;346;5;8291;17;U897Z9;Brandýs n.L.-St.Bol.,nem.;50.11026;14.58447
20260624_151337_L349;20260624_151337;24.06.2026;15:00:00;349;28;8207;10;U2334Z2;Mělník,Podolí;50.28626;14.49577
20260624_151337_L361;20260624_151337;24.06.2026;15:03:00;361;58;1122;10;U1753Z2;Praha,Smíchovské nádraží;49.90845;14.39213
20260624_151337_L369;20260624_151337;24.06.2026;14:56:00;369;42;8233;15;U1972Z1;Mělník,Mlazice;50.28701;14.49575
20260624_151337_L370;20260624_151337;24.06.2026;15:02:00;370;2;8002;11;U2224Z3;Praha,Kobylisy;50.2368;14.3721
20260624_151337_L376;20260624_151337;24.06.2026;15:00:00;376;42;8006;13;U803Z2;Praha,Letňany;50.12208;14.52613
20260624_151337_L380;20260624_151337;24.06.2026;14:59:00;380;7;9972;11;U1142Z2;Praha,Vypich;50.05522;14.28942
20260624_151337_L382;20260624_151337;24.06.2026;15:00:00;382;38;9111;12;U542Z1;Sázava,aut.st.;50.0328;14.59705
20260624_151337_L383;20260624_151337;24.06.2026;15:03:00;383;32;9174;10;U1878Z1;Ondřejov,náměstí;49.99835;14.67059
20260624_151337_L392;20260624_151337;24.06.2026;15:02:00;392;39;9911;10;U1851Z9;Příbram,aut.nádr.;49.7812;14.16868
20260624_151337_L395;20260624_151337;24.06.2026;15:01:00;395;48;9859;10;U9646Z1;Příbram,Březové Hory;49.6993;14.05531
20260624_151337_L402;20260624_151337;24.06.2026;15:00:00;402;2;7671;12;U7318Z1;Čáslav,aut.st.;49.84127;14.83135
20260624_151337_L431;20260624_151337;24.06.2026;14:48:00;431;2;1813;25;U4348Z2;Skalsko,náves;50.29208;14.82698
20260624_151337_L448;20260624_151337;24.06.2026;15:03:00;448;61;1147;10;U1852Z51;Mníšek p.Brdy,náměstí;49.92691;14.27498
20260624_151337_L466;20260624_151337;24.06.2026;15:01:00;466;23;8019;10;U4228Z2;Mělník,aut.nádr.;50.25448;14.29994
20260624_151337_L470;20260624_151337;24.06.2026;14:57:00;470;36;8051;15;U1786Z2;Kralupy n.Vlt.,žel.st.;50.296;14.50216
20260624_151337_L471;20260624_151337;24.06.2026;14:59:00;471;32;8036;13;U1785Z3;Mělník,Rožkovo údolí;50.29052;14.49645
20260624_151337_L472;20260624_151337;24.06.2026;15:00:00;472;35;8067;13;U1786Z1;Mělník,aut.nádr.;50.30206;14.51217
20260624_151337_L473;20260624_151337;24.06.2026;14:59:00;473;16;8033;13;U1785Z3;Kralupy n.Vlt.,žel.st.;50.2892;14.49546
20260624_151337_L483;20260624_151337;24.06.2026;15:00:00;483;47;7876;12;U7318Z2;Chocerady;49.83641;14.82157
20260624_151337_L483;20260624_151337;24.06.2026;15:00:00;483;22;7864;11;U7318Z1;Vlašim,žel.st.;49.83479;14.84631
20260624_151337_L545;20260624_151337;24.06.2026;15:03:00;545;5;9572;10;U9869Z1;Hořovice,nám.B.Němcové;49.78594;13.84387
20260624_151337_L580;20260624_151337;24.06.2026;15:01:00;580;19;7693;12;U9331Z1;Slaný,aut.nádr.;50.18007;13.81428
20260624_151337_L634;20260624_151337;24.06.2026;15:00:00;634;27;9440;10;U2895Z2;Hostomice,nám.;49.82578;14.04505
20260624_151337_L639;20260624_151337;24.06.2026;15:00:00;639;26;9601;12;U9781Z2;Hořovice,nám.B.Němcové;49.83588;13.91227
20260624_151337_L641;20260624_151337;24.06.2026;15:00:00;641;20;9600;13;U4976Z2;Beroun,autobusové nádraží;49.94279;14.02838
20260624_151337_L650;20260624_151337;24.06.2026;14:59:00;650;22;12536;13;U31416Z1;Litoměřice,žel.st.hor.;50.52793;14.13519
20260624_151337_L699;20260624_151337;24.06.2026;15:00:00;699;23;8607;11;U9295Z2;Kadlín;50.35087;14.78413
20260624_151337_L713;20260624_151337;24.06.2026;15:00:00;713;44;9882;12;U31773Z1;Sobotka,nám.;50.46418;15.16342
20260624_151337_L718;20260624_151337;24.06.2026;14:58:00;718;32;8663;11;U6298Z2;Sobotka,nám.;50.46366;15.16804
20260624_151337_L723;20260624_151337;24.06.2026;15:01:00;723;20;7036;10;U6273Z1;Kopidlno,nám.;50.3823;15.11547
20260624_151337_L731;20260624_151337;24.06.2026;14:59:00;731;39;9544;13;U6413Z1;Březovice;50.43285;14.77202
20260624_151337_L767;20260624_151337;24.06.2026;14:58:00;767;21;8562;15;U2984Z1;Dolní Slivno;50.33758;14.80123
20260624_151337_L770;20260624_151337;24.06.2026;15:01:00;770;4;7859;12;U7795Z52;Benešov,Terminál;49.83317;14.82449
20260624_151337_L770;20260624_151337;24.06.2026;15:00:00;770;42;7861;11;U7318Z1;Uhlířské Janovice,nám.;49.84023;14.83581
20260624_151737_L466;20260624_151737;24.06.2026;15:07:00;466;23;8019;10;U5943Z2;Mělník,aut.nádr.;50.25734;14.29072
20260624_151737_L146;20260624_151737;24.06.2026;15:06:00;146;4;9122;10;U128Z3P;Vinice Hrdlořezy;50.09112;14.48931
20260624_151737_L149;20260624_151737;24.06.2026;14:59:00;149;1;4173;18;U254Z5P;Stodůlky-Bavorská;50.07093;14.38016
20260624_151737_L663;20260624_151737;24.06.2026;15:06:00;663;51;8122;10;U4232Z2;Kralupy n.Vlt.,žel.st.;50.24433;14.31966
20260624_151737_L339;20260624_151737;24.06.2026;15:05:00;339;22;9365;11;U1534Z1;Kamenice,kult.dům;49.93324;14.56024
20260624_151737_L478;20260624_151737;24.06.2026;15:06:00;478;16;8072;11;U1973Z1;Brandýs n.L.-St.Bol.,aut.st.;50.18567;14.66271
20260624_151737_L136;20260624_151737;24.06.2026;15:03:00;136;6;5025;14;U518Z3P;Jižní Město;50.0766;14.45883
20260624_151737_L228;20260624_151737;24.06.2026;15:04:00;228;13;9012;11;U107Z1P;Poliklinika Malešice;50.06949;14.57702
20260624_151737_L473;20260624_151737;24.06.2026;14:59:00;473;16;8033;17;U1785Z3;Kralupy n.Vlt.,žel.st.;50.28924;14.49549
20260624_151737_L718;20260624_151737;24.06.2026;15:05:00;718;32;8663;12;U31000Z2;Mnichovo Hradiště,dopravní terminál;50.46767;15.17637
20260624_151737_L337;20260624_151737;24.06.2026;14:52:00;337;15;9366;18;U1391Z1;Benešov,Terminál;49.79221;14.68145
20260624_151737_L136;20260624_151737;24.06.2026;15:06:00;136;7;5082;11;U516Z3P;Jižní Město;50.08249;14.45906
20260624_151737_L188;20260624_151737;24.06.2026;15:07:00;188;1;5031;10;U671Z3P;Kavčí hory;50.05778;14.49377
20260624_151737_L180;20260624_151737;24.06.2026;14:56:00;180;12;6855;20;U867Z2P;Obchodní centrum Zličín;50.08978;14.38373
20260624_151737_L370;20260624_151737;24.06.2026;15:05:00;370;6;8112;10;U2231Z1;Kralupy n.Vlt.,žel.st.;50.24812;14.31735
20260624_151737_L188;20260624_151737;24.06.2026;15:06:00;188;2;6946;11;U161Z1P;Kavčí hory;50.08141;14.49697
20260624_151737_L199;20260624_151737;24.06.2026;15:04:00;199;5;3964;13;U418Z2P;Želivského;50.07783;14.48883
20260624_151737_L361;20260624_151737;24.06.2026;15:04:00;361;58;1122;10;U1754Z2;Praha,Smíchovské nádraží;49.9328;14.3669
20260624_151737_L365;20260624_151737;24.06.2026;15:07:00;365;10;8813;10;U4891Z2;Stochov,nám.;50.10267;14.0998
20260624_151737_L370;20260624_151737;24.06.2026;15:02:00;370;2;8002;12;U2224Z3;Praha,Kobylisy;50.22834;14.36573
20260624_151737_L380;20260624_151737;24.06.2026;15:06:00;380;7;9972;11;U197Z1;Praha,Vypich;50.06044;14.29829
20260624_151737_L383;20260624_151737;24.06.2026;15:06:00;383;32;9174;10;U1886Z1;Ondřejov,náměstí;49.99402;14.6849
20260624_151737_L406;20260624_151737;24.06.2026;15:06:00;406;1;7934;10;U2139Z1;Praha,Roztyly;49.79134;14.68216
20260624_151737_L472;20260624_151737;24.06.2026;15:04:00;472;35;8067;13;U1788Z1;Mělník,aut.nádr.;50.31386;14.5153
20260624_151737_L650;20260624_151737;24.06.2026;15:03:00;650;22;12536;12;U31415Z5;Litoměřice,žel.st.hor.;50.53322;14.13851
20260624_151737_L324;20260624_151737;24.06.2026;15:06:00;324;20;8999;11;U218Z2;Praha,Zličín;50.09556;14.29348
20260624_151737_L136;20260624_151737;24.06.2026;15:07:00;136;21;6792;10;U512Z5P;Jižní Město;50.09044;14.46726
20260624_151737_L770;20260624_151737;24.06.2026;15:03:00;770;42;7861;10;U5809Z1;Uhlířské Janovice,nám.;49.84661;14.8678
20260624_151737_L126;20260624_151737;24.06.2026;15:05:00;126;2;3854;10;U3053Z2P;Nádraží Uhříněves;50.03145;14.5985
20260624_151737_L471;20260624_151737;24.06.2026;15:05:00;471;34;8124;10;U1787Z1;Kostelec n.L.,nám.;50.30386;14.51331
20260624_151737_L857;20260624_151737;24.06.2026;15:04:00;857;1;7308;12;U4221Z2;Otvovice,sklárna;50.229;14.29448
20260624_151737_L732;20260624_151737;24.06.2026;15:05:00;732;5;9510;11;U6251Z1;Bělá p.Bezd.,Bezdědice;50.48244;14.7017
20260624_151737_L188;20260624_151737;24.06.2026;14:34:00;188;3;6896;43;U198Z2P;Želivského;50.0654;14.49279
20260624_151737_L699;20260624_151737;24.06.2026;15:06:00;699;23;8607;11;U6131Z2;Kadlín;50.35847;14.76274
20260624_151737_L470;20260624_151737;24.06.2026;14:57:00;470;36;8051;19;U1786Z2;Kralupy n.Vlt.,žel.st.;50.296;14.50216
20260624_151737_L149;20260624_151737;24.06.2026;14:58:00;149;7;3729;18;U867Z2P;Stodůlky-Bavorská;50.08996;14.38394
20260624_151737_L580;20260624_151737;24.06.2026;15:05:00;580;19;7693;12;U9317Z1;Slaný,aut.nádr.;50.17334;13.84672
20260624_151737_L641;20260624_151737;24.06.2026;15:03:00;641;20;9600;14;U1748Z2;Beroun,autobusové nádraží;49.95141;14.04541
20260624_151737_L639;20260624_151737;24.06.2026;15:03:00;639;15;9540;13;U2895Z2;Hořovice,nám.B.Němcové;49.82569;14.04535
20260624_151737_L483;20260624_151737;24.06.2026;15:05:00;483;47;7876;11;U5808Z2;Chocerady;49.8558;14.83323
20260624_151737_L483;20260624_151737;24.06.2026;15:06:00;483;22;7864;10;U7796Z1;Vlašim,žel.st.;49.81366;14.86306
20260624_151737_L529;20260624_151737;24.06.2026;15:05:00;529;26;9601;12;U9618Z1;Hvozdec;49.83342;13.90196
20260624_151737_L770;20260624_151737;24.06.2026;15:01:00;770;4;7859;13;U7795Z52;Benešov,Terminál;49.81867;14.83116
20260624_151737_L126;20260624_151737;24.06.2026;15:07:00;126;12;4039;10;U735Z1P;Koleje Jižní Město;50.03422;14.51069
20260624_151737_L448;20260624_151737;24.06.2026;15:06:00;448;61;1147;10;U1853Z1;Mníšek p.Brdy,náměstí;49.92936;14.29796
20260624_151737_L471;20260624_151737;24.06.2026;14:59:00;471;32;8036;18;U1785Z3;Mělník,Rožkovo údolí;50.29052;14.49645
20260624_151737_L199;20260624_151737;24.06.2026;14:59:00;199;6;3866;17;U921Z6P;Sídliště Malešice;50.07723;14.48436
20260624_151737_L149;20260624_151737;24.06.2026;15:04:00;149;5;4088;13;U1296Z1P;Dejvická;50.05175;14.36213
20260624_151737_L180;20260624_151737;24.06.2026;15:04:00;180;6;5057;13;U394Z3P;Obchodní centrum Zličín;50.06846;14.33533
20260624_151737_L180;20260624_151737;24.06.2026;15:04:00;180;8;6906;12;U867Z2P;Obchodní centrum Zličín;50.09112;14.38531
20260624_151737_L484;20260624_151737;24.06.2026;15:04:00;484;31;8034;11;U2315Z1;Úvaly,žel.st.;50.07396;14.72336
20260624_151737_L349;20260624_151737;24.06.2026;15:00:00;349;28;8207;13;U2334Z2;Mělník,Podolí;50.28702;14.49575
20260624_152138_L180;20260624_152138;24.06.2026;15:04:00;180;8;6906;16;U867Z2P;Obchodní centrum Zličín;50.09023;14.38424
20260624_152138_L380;20260624_152138;24.06.2026;15:10:00;380;7;9972;11;U113Z4;Praha,Vypich;50.06436;14.3173
20260624_152138_L136;20260624_152138;24.06.2026;15:10:00;136;21;6792;10;U743Z2P;Jižní Město;50.0829;14.45879
20260624_152138_L529;20260624_152138;24.06.2026;15:06:00;529;26;9601;14;U9786Z2;Hvozdec;49.82755;13.89935
20260624_152138_L149;20260624_152138;24.06.2026;14:59:00;149;1;4173;21;U254Z5P;Stodůlky-Bavorská;50.06975;14.38056
20260624_152138_L188;20260624_152138;24.06.2026;15:10:00;188;2;6946;11;U827Z1P;Kavčí hory;50.07951;14.5088
20260624_152138_L383;20260624_152138;24.06.2026;15:11:00;383;32;9174;10;U2007Z1;Ondřejov,náměstí;49.99;14.72673
20260624_152138_L395;20260624_152138;24.06.2026;15:11:00;395;48;9859;10;U9712Z1;Příbram,Březové Hory;49.68935;14.01192
20260624_152138_L573;20260624_152138;24.06.2026;15:10:00;573;3;1340;10;U6859Z1;Čistá;50.12186;13.47829
20260624_152138_L548;20260624_152138;24.06.2026;15:10:00;548;12;9511;10;U5003Z2;Zbiroh,nám.;49.86918;13.83119
20260624_152138_L199;20260624_152138;24.06.2026;15:07:00;199;3;4162;13;U921Z6P;Sídliště Malešice;50.07714;14.4856
20260624_152138_L473;20260624_152138;24.06.2026;14:59:00;473;16;8033;21;U1785Z3;Kralupy n.Vlt.,žel.st.;50.2893;14.49551
20260624_152138_L471;20260624_152138;24.06.2026;15:05:00;471;34;8124;14;U1787Z1;Kostelec n.L.,nám.;50.30298;14.5129
20260624_152138_L136;20260624_152138;24.06.2026;15:06:00;136;7;5082;13;U516Z3P;Jižní Město;50.07937;14.46041
20260624_152138_L499;20260624_152138;24.06.2026;15:07:00;499;36;8698;11;U3078Z1;Mladá Boleslav,aut.st.;50.19676;15.03777
20260624_152138_L133;20260624_152138;24.06.2026;15:12:00;133;1;3018;10;U745Z2P;Florenc;50.08739;14.45235
20260624_152138_L188;20260624_152138;24.06.2026;15:11:00;188;1;5031;10;U886Z1P;Kavčí hory;50.05613;14.47895
20260624_152138_L483;20260624_152138;24.06.2026;15:08:00;483;47;7876;12;U7602Z2;Chocerady;49.86566;14.81435
20260624_152138_L639;20260624_152138;24.06.2026;15:03:00;639;15;9540;15;U2895Z2;Hořovice,nám.B.Němcové;49.82567;14.04554
20260624_152138_L108;20260624_152138;24.06.2026;15:11:00;108;3;2054;10;U3218Z2P;Dejvická;50.10314;14.39064
20260624_152138_L209;20260624_152138;24.06.2026;15:11:00;209;46;9118;10;U28Z1P;Nádraží Uhříněves;50.08091;14.61746
20260624_152138_L180;20260624_152138;24.06.2026;15:07:00;180;6;5057;14;U113Z3P;Obchodní centrum Zličín;50.06389;14.31579
20260624_152138_L199;20260624_152138;24.06.2026;15:04:00;199;5;3964;16;U418Z2P;Želivského;50.07701;14.48865
20260624_152138_L370;20260624_152138;24.06.2026;15:09:00;370;2;8002;12;U2259Z1;Praha,Kobylisy;50.23224;14.38677
20260624_152138_L857;20260624_152138;24.06.2026;15:07:00;857;1;7308;11;U2888Z1;Otvovice,sklárna;50.2163;14.31686
20260624_152138_L732;20260624_152138;24.06.2026;15:05:00;732;5;9510;15;U6251Z1;Bělá p.Bezd.,Bezdědice;50.48244;14.7017
20260624_152138_L203;20260624_152138;24.06.2026;15:09:00;203;1;1945;12;U488Z6P;Háje;50.02931;14.45521
20260624_152138_L767;20260624_152138;24.06.2026;15:06:00;767;21;8562;14;U6108Z1;Dolní Slivno;50.33051;14.73998
20260624_152138_L540;20260624_152138;24.06.2026;15:06:00;540;14;7594;13;U6709Z1;Záhornice,u Tylů;50.24738;15.28585
20260624_152138_L631;20260624_152138;24.06.2026;15:11:00;631;48;9784;10;U9013Z2;Libomyšl,Želkovice;49.93743;14.03707
20260624_152138_L406;20260624_152138;24.06.2026;15:06:00;406;1;7934;11;U2139Z1;Praha,Roztyly;49.83486;14.68689
20260624_152138_L337;20260624_152138;24.06.2026;15:10:00;337;13;9938;10;U1330Z1;Benešov,Terminál;49.96476;14.51875
20260624_152138_L339;20260624_152138;24.06.2026;15:07:00;339;17;9939;14;U1543Z1;Týnec n.Sáz.,žel.st.;49.88106;14.62331
20260624_152138_L339;20260624_152138;24.06.2026;15:08:00;339;22;9365;13;U2288Z1;Kamenice,kult.dům;49.92027;14.58062
20260624_152138_L650;20260624_152138;24.06.2026;15:07:00;650;22;12536;13;U31414Z2;Litoměřice,žel.st.hor.;50.53796;14.13105
20260624_152138_L349;20260624_152138;24.06.2026;15:00:00;349;28;8207;17;U2334Z2;Mělník,Podolí;50.28777;14.49563
20260624_152138_L466;20260624_152138;24.06.2026;15:10:00;466;23;8019;10;U4243Z2;Mělník,aut.nádr.;50.26559;14.30291
20260624_152138_L470;20260624_152138;24.06.2026;14:57:00;470;36;8051;23;U1786Z2;Kralupy n.Vlt.,žel.st.;50.296;14.50216
20260624_152138_L472;20260624_152138;24.06.2026;15:06:00;472;35;8067;15;U1790Z1;Mělník,aut.nádr.;50.33359;14.49594
20260624_152138_L663;20260624_152138;24.06.2026;15:06:00;663;51;8122;14;U4232Z2;Kralupy n.Vlt.,žel.st.;50.24517;14.31813
20260624_152138_L699;20260624_152138;24.06.2026;15:10:00;699;23;8607;10;U6130Z2;Kadlín;50.37758;14.73689
20260624_152138_L718;20260624_152138;24.06.2026;15:05:00;718;32;8663;13;U31000Z2;Mnichovo Hradiště,dopravní terminál;50.45142;15.14152
20260624_152138_L728;20260624_152138;24.06.2026;15:11:00;728;36;9608;10;U3389Z1;Mladá Boleslav,aut.st.;50.41358;14.9086
20260624_152138_L731;20260624_152138;24.06.2026;15:09:00;731;39;9544;12;U6412Z1;Březovice;50.45991;14.75434
20260624_152138_L361;20260624_152138;24.06.2026;15:10:00;361;58;1122;10;U520Z2;Praha,Smíchovské nádraží;49.95544;14.39242
20260624_152138_L365;20260624_152138;24.06.2026;15:09:00;365;10;8813;10;U4892Z2;Stochov,nám.;50.10897;14.07758
20260624_152138_L370;20260624_152138;24.06.2026;15:07:00;370;6;8112;13;U2235Z1;Kralupy n.Vlt.,žel.st.;50.24584;14.31482
20260624_152138_L478;20260624_152138;24.06.2026;15:09:00;478;16;8072;12;U1828Z1;Brandýs n.L.-St.Bol.,aut.st.;50.19593;14.6759
20260624_152138_L448;20260624_152138;24.06.2026;15:10:00;448;61;1147;10;U1856Z1;Mníšek p.Brdy,náměstí;49.92001;14.31071
20260624_152138_L484;20260624_152138;24.06.2026;15:04:00;484;31;8034;16;U2315Z1;Úvaly,žel.st.;50.0742;14.72306
20260624_152138_L400;20260624_152138;24.06.2026;15:11:00;400;25;11696;10;U1795Z2;Praha,Střížkov;50.35796;14.47375
20260624_152138_L625;20260624_152138;24.06.2026;15:11:00;625;23;8817;10;U4298Z2;Kladno,autobusové nádraží;50.15267;13.89888
20260624_152138_L580;20260624_152138;24.06.2026;15:09:00;580;19;7693;11;U9319Z1;Slaný,aut.nádr.;50.18849;13.8691
20260624_152138_L641;20260624_152138;24.06.2026;15:07:00;641;20;9600;13;U4971Z2;Beroun,autobusové nádraží;49.95883;14.06156
20260624_152138_L228;20260624_152138;24.06.2026;15:10:00;228;13;9012;11;U793Z2P;Poliklinika Malešice;50.07212;14.55215
20260624_152138_L188;20260624_152138;24.06.2026;14:34:00;188;3;6896;44;U198Z2P;Želivského;50.0654;14.49279
20260624_152138_L770;20260624_152138;24.06.2026;15:10:00;770;42;7861;10;U7603Z1;Uhlířské Janovice,nám.;49.84092;14.88153
20260624_152138_L146;20260624_152138;24.06.2026;15:09:00;146;4;9122;12;U694Z3P;Vinice Hrdlořezy;50.0904;14.50357
20260624_152138_L146;20260624_152138;24.06.2026;15:08:00;146;5;9189;13;U921Z6P;Habrová;50.07912;14.47532
20260624_152138_L155;20260624_152138;24.06.2026;15:07:00;155;1;9466;14;U660Z4P;Poliklinika Malešice;50.08325;14.50882
20260624_152138_L443;20260624_152138;24.06.2026;15:08:00;443;22;8594;11;U2428Z2;Nymburk,hl.nádr.;50.16566;14.83615
20260624_152138_L250;20260624_152138;24.06.2026;15:11:00;250;1;6765;11;U28Z1P;Sídliště Rohožník;50.08103;14.61661
20260624_152138_L471;20260624_152138;24.06.2026;14:59:00;471;32;8036;22;U1785Z3;Mělník,Rožkovo údolí;50.29052;14.49645
20260624_152138_L199;20260624_152138;24.06.2026;14:59:00;199;6;3866;21;U921Z6P;Sídliště Malešice;50.07682;14.48906
20260624_152138_L149;20260624_152138;24.06.2026;15:07:00;149;5;4088;14;U685Z2P;Dejvická;50.0548;14.36931
20260624_152539_L180;20260624_152539;24.06.2026;15:04:00;180;8;6906;20;U867Z2P;Obchodní centrum Zličín;50.08988;14.38379
20260624_152539_L250;20260624_152539;24.06.2026;15:14:00;250;1;6765;11;U36Z1P;Sídliště Rohožník;50.07859;14.64661
20260624_152539_L146;20260624_152539;24.06.2026;15:11:00;146;4;9122;14;U4260Z1P;Vinice Hrdlořezy;50.09511;14.50822
20260624_152539_L209;20260624_152539;24.06.2026;15:14:00;209;46;9118;11;U36Z1P;Nádraží Uhříněves;50.07797;14.65079
20260624_152539_L203;20260624_152539;24.06.2026;15:13:00;203;1;1945;12;U378Z1P;Háje;50.01753;14.4676
20260624_152539_L228;20260624_152539;24.06.2026;15:13:00;228;13;9012;11;U1014Z2P;Poliklinika Malešice;50.071;14.54303
20260624_152539_L337;20260624_152539;24.06.2026;15:10:00;337;13;9938;14;U1330Z1;Benešov,Terminál;49.96173;14.52409
20260624_152539_L361;20260624_152539;24.06.2026;15:15:00;361;58;1122;10;U392Z1;Praha,Smíchovské nádraží;49.97299;14.39504
20260624_152539_L365;20260624_152539;24.06.2026;15:13:00;365;10;8813;11;U9926Z2;Stochov,nám.;50.11376;14.05681
20260624_152539_L136;20260624_152539;24.06.2026;15:14:00;136;21;6792;11;U118Z4P;Jižní Město;50.07918;14.46055
20260624_152539_L370;20260624_152539;24.06.2026;15:14:00;370;2;8002;11;U2222Z2;Praha,Kobylisy;50.2323;14.41178
20260624_152539_L380;20260624_152539;24.06.2026;15:13:00;380;7;9972;11;U394Z4;Praha,Vypich;50.07049;14.33575
20260624_152539_L395;20260624_152539;24.06.2026;15:14:00;395;48;9859;11;U3287Z12;Příbram,Březové Hory;49.69058;14.0036
20260624_152539_L381;20260624_152539;24.06.2026;15:12:00;381;14;9944;12;U808Z5;Čáslav,obchodní centrum;50.0292;14.6134
20260624_152539_L383;20260624_152539;24.06.2026;15:15:00;383;32;9174;10;U2035Z1;Ondřejov,náměstí;49.98062;14.72985
20260624_152539_L617;20260624_152539;24.06.2026;15:13:00;617;28;8892;11;U1479Z1;Roudnice n.L.,žel.st.;50.36302;14.2949
20260624_152539_L630;20260624_152539;24.06.2026;15:14:00;630;39;8805;10;U4310Z1;Kladno,autobusové nádraží;50.14053;14.09944
20260624_152539_L443;20260624_152539;24.06.2026;15:14:00;443;22;8594;11;U1452Z1;Nymburk,hl.nádr.;50.16434;14.8719
20260624_152539_L466;20260624_152539;24.06.2026;15:14:00;466;23;8019;11;U4245Z2;Mělník,aut.nádr.;50.27666;14.31016
20260624_152539_L489;20260624_152539;24.06.2026;15:14:00;489;32;1619;11;U1910Z1;Mukařov;49.98256;14.76103
20260624_152539_L480;20260624_152539;24.06.2026;15:15:00;480;29;7221;10;U3287Z10;Solenice;49.69157;14.00086
20260624_152539_L180;20260624_152539;24.06.2026;15:11:00;180;13;5571;13;U867Z2P;Obchodní centrum Zličín;50.09088;14.38501
20260624_152539_L484;20260624_152539;24.06.2026;15:04:00;484;31;8034;20;U2315Z1;Úvaly,žel.st.;50.0742;14.72306
20260624_152539_L646;20260624_152539;24.06.2026;15:15:00;646;24;8084;10;U1795Z2;Mělník,aut.nádr.;50.35748;14.47481
20260624_152539_L631;20260624_152539;24.06.2026;15:13:00;631;48;9784;11;U9014Z2;Libomyšl,Želkovice;49.92124;14.03831
20260624_152539_L167;20260624_152539;24.06.2026;15:14:00;167;7;5056;10;U306Z1P;Nemocnice Na Homolce;50.07575;14.34407
20260624_152539_L339;20260624_152539;24.06.2026;15:11:00;339;17;9939;14;U1588Z1;Týnec n.Sáz.,žel.st.;49.86939;14.59136
20260624_152539_L471;20260624_152539;24.06.2026;15:05:00;471;34;8124;18;U1787Z1;Kostelec n.L.,nám.;50.30225;14.51232
20260624_152539_L180;20260624_152539;24.06.2026;15:11:00;180;6;5057;14;U612Z4P;Obchodní centrum Zličín;50.06536;14.29911
20260624_152539_L349;20260624_152539;24.06.2026;15:00:00;349;28;8207;21;U2334Z2;Mělník,Podolí;50.28777;14.49563
20260624_152539_L473;20260624_152539;24.06.2026;14:59:00;473;16;8033;26;U1785Z3;Kralupy n.Vlt.,žel.st.;50.28949;14.49553
20260624_152539_L149;20260624_152539;24.06.2026;15:13:00;149;3;3998;11;U867Z2P;Stodůlky-Bavorská;50.09105;14.3852
20260624_152539_L380;20260624_152539;24.06.2026;15:15:00;380;2;9982;10;U4963Z2;Praha,Vypich;49.96081;14.0601
20260624_152539_L168;20260624_152539;24.06.2026;15:14:00;168;3;3943;10;U394Z4P;Bílá Hora;50.07044;14.33577
20260624_152539_L108;20260624_152539;24.06.2026;15:15:00;108;3;2054;10;U906Z2P;Dejvická;50.10701;14.39559
20260624_152539_L199;20260624_152539;24.06.2026;15:04:00;199;5;3964;19;U418Z2P;Želivského;50.07759;14.48163
20260624_152539_L336;20260624_152539;24.06.2026;15:13:00;336;21;8882;10;U1141Z3;Jeneč,Lidická;50.05373;14.27925
20260624_152539_L470;20260624_152539;24.06.2026;14:57:00;470;36;8051;26;U1786Z2;Kralupy n.Vlt.,žel.st.;50.296;14.50216
20260624_152539_L499;20260624_152539;24.06.2026;15:12:00;499;36;8698;13;U3142Z1;Mladá Boleslav,aut.st.;50.21021;15.03322
20260624_152539_L529;20260624_152539;24.06.2026;15:12:00;529;26;9601;13;U9792Z1;Hořovice,nám.B.Němcové;49.80743;13.87879
20260624_152539_L180;20260624_152539;24.06.2026;15:12:00;180;2;5001;12;U444Z1P;Dejvická;50.07785;14.34691
20260624_152539_L188;20260624_152539;24.06.2026;15:15:00;188;2;6946;10;U713Z4P;Kavčí hory;50.07255;14.4913
20260624_152539_L201;20260624_152539;24.06.2026;15:15:00;201;13;3887;10;U89Z2P;Nádraží Holešovice;50.13082;14.50797
20260624_152539_L797;20260624_152539;24.06.2026;15:11:00;797;47;7876;14;U2047Z1;Vranov,Vranovská Lhota;49.87198;14.80272
20260624_152539_L471;20260624_152539;24.06.2026;14:59:00;471;32;8036;25;U1785Z3;Mělník,Rožkovo údolí;50.29156;14.49732
20260624_152939_L199;20260624_152939;24.06.2026;15:18:00;199;1;4157;11;U548Z1P;Sídliště Malešice;50.08201;14.50088
20260624_152939_L348;20260624_152939;24.06.2026;15:16:00;348;6;8295;10;U1955Z1;Obříství;50.28226;14.49641
20260624_152939_L136;20260624_152939;24.06.2026;15:15:00;136;7;5082;15;U29Z1P;Jižní Město;50.07328;14.47023
20260624_152939_L336;20260624_152939;24.06.2026;15:16:00;336;21;8882;12;U1643Z1;Jeneč,Lidická;50.05078;14.25471
20260624_152939_L580;20260624_152939;24.06.2026;15:16:00;580;19;7693;13;U9279Z1;Slaný,aut.nádr.;50.2123;13.92563
20260624_152939_L365;20260624_152939;24.06.2026;15:17:00;365;10;8813;12;U9923Z2;Stochov,nám.;50.12925;14.02354
20260624_152939_L372;20260624_152939;24.06.2026;15:19:00;372;52;8039;10;U2340Z2;Praha,Kobylisy;50.27426;14.39934
20260624_152939_L375;20260624_152939;24.06.2026;15:17:00;375;8;8256;10;U603Z2;Praha,Českomoravská;50.11314;14.49775
20260624_152939_L380;20260624_152939;24.06.2026;15:16:00;380;7;9972;14;U306Z1;Praha,Vypich;50.07496;14.34099
20260624_152939_L380;20260624_152939;24.06.2026;15:18:00;380;2;9982;10;U4964Z2;Praha,Vypich;49.96575;14.07031
20260624_152939_L382;20260624_152939;24.06.2026;15:15:00;382;38;9111;14;U1882Z1;Sázava,aut.st.;49.99633;14.67722
20260624_152939_L386;20260624_152939;24.06.2026;15:18:00;386;31;8807;10;U4310Z1;Kladno,autobusové nádraží;50.14019;14.09974
20260624_152939_L395;20260624_152939;24.06.2026;15:17:00;395;48;9859;12;U9734Z1;Příbram,Březové Hory;49.67963;13.99991
20260624_152939_L361;20260624_152939;24.06.2026;15:16:00;361;58;1122;11;U902Z4;Praha,Smíchovské nádraží;49.99215;14.39911
20260624_152939_L499;20260624_152939;24.06.2026;15:16:00;499;36;8698;13;U3037Z1;Mladá Boleslav,aut.st.;50.23602;15.02221
20260624_152939_L136;20260624_152939;24.06.2026;15:18:00;136;21;6792;10;U855Z1P;Jižní Město;50.07423;14.46714
20260624_152939_L764;20260624_152939;24.06.2026;15:17:00;764;31;9790;10;U6243Z1;Mcely;50.31215;15.02191
20260624_152939_L337;20260624_152939;24.06.2026;15:15:00;337;13;9938;14;U1532Z1;Benešov,Terminál;49.9452;14.54394
20260624_152939_L339;20260624_152939;24.06.2026;15:15:00;339;17;9939;14;U1590Z1;Týnec n.Sáz.,žel.st.;49.84907;14.58847
20260624_152939_L354;20260624_152939;24.06.2026;15:18:00;354;15;8189;10;U2921Z1;Mochov;50.13018;14.72499
20260624_152939_L203;20260624_152939;24.06.2026;15:16:00;203;1;1945;13;U799Z1P;Háje;50.01227;14.47786
20260624_152939_L228;20260624_152939;24.06.2026;15:19:00;228;14;9014;10;U3053Z1P;Benice;50.02679;14.59373
20260624_152939_L470;20260624_152939;24.06.2026;14:57:00;470;36;8051;30;U1786Z2;Kralupy n.Vlt.,žel.st.;50.29423;14.49958
20260624_152939_L646;20260624_152939;24.06.2026;15:16:00;646;11;8068;12;U2235Z1;Kralupy n.Vlt.,žel.st.;50.2444;14.31332
20260624_152939_L467;20260624_152939;24.06.2026;15:15:00;467;15;8116;14;U9166Z1;Roudnice n.L.,ČSAD;50.311;14.60526
20260624_152939_L631;20260624_152939;24.06.2026;15:17:00;631;48;9784;12;U9061Z2;Libomyšl,Želkovice;49.90581;14.02401
20260624_152939_L383;20260624_152939;24.06.2026;15:17:00;383;32;9174;11;U2384Z1;Ondřejov,náměstí;49.97508;14.73705
20260624_152939_L617;20260624_152939;24.06.2026;15:19:00;617;28;8892;10;U7484Z1;Roudnice n.L.,žel.st.;50.37594;14.3071
20260624_152939_L354;20260624_152939;24.06.2026;15:19:00;354;11;1688;10;U897Z11;Praha,Černý Most;50.10978;14.57577
20260624_152939_L307;20260624_152939;24.06.2026;15:19:00;307;13;8954;10;U1643Z2;Praha,Zličín;50.0513;14.27388
20260624_152939_L209;20260624_152939;24.06.2026;15:19:00;209;46;9118;10;U1283Z1P;Nádraží Uhříněves;50.06908;14.64919
20260624_152939_L228;20260624_152939;24.06.2026;15:19:00;228;13;9012;10;U404Z4P;Poliklinika Malešice;50.07622;14.53086
20260624_152939_L480;20260624_152939;24.06.2026;15:17:00;480;29;7221;12;U9730Z1;Solenice;49.68541;14.00667
20260624_152939_L370;20260624_152939;24.06.2026;15:18:00;370;2;8002;11;U2220Z2;Praha,Kobylisy;50.22863;14.41078
20260624_152939_L180;20260624_152939;24.06.2026;15:11:00;180;13;5571;16;U867Z2P;Obchodní centrum Zličín;50.08987;14.38385
20260624_152939_L146;20260624_152939;24.06.2026;15:19:00;146;6;9472;10;U357Z2P;Habrová;50.08695;14.48502
20260624_152939_L180;20260624_152939;24.06.2026;15:15:00;180;6;5057;14;U913Z2P;Obchodní centrum Zličín;50.06276;14.28693
20260624_152939_L250;20260624_152939;24.06.2026;15:18:00;250;1;6765;11;U719Z1P;Sídliště Rohožník;50.07509;14.66656
20260624_152939_L529;20260624_152939;24.06.2026;15:12:00;529;26;9601;16;U9792Z1;Hořovice,nám.B.Němcové;49.81121;13.88044
20260624_152939_L149;20260624_152939;24.06.2026;15:13:00;149;3;3998;14;U867Z2P;Stodůlky-Bavorská;50.09006;14.38407
20260624_152939_L349;20260624_152939;24.06.2026;15:00:00;349;28;8207;26;U2334Z2;Mělník,Podolí;50.28849;14.49547
20260624_152939_L770;20260624_152939;24.06.2026;15:18:00;770;42;7861;11;U7917Z1;Uhlířské Janovice,nám.;49.8366;14.91322
20260624_152939_L443;20260624_152939;24.06.2026;15:18:00;443;22;8594;11;U1458Z1;Nymburk,hl.nádr.;50.1588;14.90274
20260624_152939_L108;20260624_152939;24.06.2026;15:19:00;108;3;2054;10;U646Z2P;Dejvická;50.10493;14.40612
20260624_152939_L136;20260624_152939;24.06.2026;15:15:00;136;6;5025;14;U751Z2P;Jižní Město;50.05258;14.47515
20260624_152939_L387;20260624_152939;24.06.2026;15:15:00;387;9;1686;10;U967Z1;Uhlířské Janovice,nám.;50.03628;14.59215
20260624_152939_L484;20260624_152939;24.06.2026;15:04:00;484;31;8034;24;U2315Z1;Úvaly,žel.st.;50.0742;14.72306
20260624_152939_L466;20260624_152939;24.06.2026;15:15:00;466;23;8019;13;U4246Z2;Mělník,aut.nádr.;50.2893;14.31138
20260624_152939_L307;20260624_152939;24.06.2026;15:19:00;307;10;8991;10;U4313Z9;Praha,Zličín;50.14597;14.09602
20260624_152939_L168;20260624_152939;24.06.2026;15:16:00;168;3;3943;13;U306Z1P;Bílá Hora;50.07501;14.34111
20260624_152939_L467;20260624_152939;24.06.2026;15:19:00;467;53;9824;10;U3388Z1;Mladá Boleslav,aut.st.;50.4099;14.91971
20260624_152939_L369;20260624_152939;24.06.2026;15:18:00;369;43;8275;10;U1787Z1;Praha,Ládví;50.30602;14.51419
20260624_152939_L349;20260624_152939;24.06.2026;15:15:00;349;26;8202;12;U2334Z2;Mělník,Mlazice;50.28048;14.49583
20260624_152939_L489;20260624_152939;24.06.2026;15:17:00;489;32;1619;11;U1909Z2;Mukařov;49.98932;14.75277
20260624_152939_L180;20260624_152939;24.06.2026;15:17:00;180;2;5001;12;U44Z2P;Dejvická;50.08539;14.36493
20260624_152939_L545;20260624_152939;24.06.2026;15:19:00;545;5;9572;10;U9779Z1;Hořovice,nám.B.Němcové;49.84258;13.90341
20260624_152939_L188;20260624_152939;24.06.2026;15:17:00;188;2;6946;11;U459Z3P;Kavčí hory;50.06853;14.49233
20260624_152939_L201;20260624_152939;24.06.2026;15:18:00;201;13;3887;10;U1000Z3P;Nádraží Holešovice;50.12513;14.51589
20260624_152939_L471;20260624_152939;24.06.2026;14:59:00;471;32;8036;29;U1785Z3;Mělník,Rožkovo údolí;50.29194;14.49763
20260624_153340_L188;20260624_153340;24.06.2026;15:23:00;188;13;6911;10;U660Z1P;Kavčí hory;50.0828;14.50609
20260624_153340_L380;20260624_153340;24.06.2026;15:23:00;380;2;9982;10;U4273Z1;Praha,Vypich;49.96863;14.08063
20260624_153340_L393;20260624_153340;24.06.2026;15:21:00;393;49;9868;12;U5942Z1;Příbram,Drkolnov;49.67729;14.00307
20260624_153340_L480;20260624_153340;24.06.2026;15:22:00;480;29;7221;11;U9751Z1;Solenice;49.67551;14.00098
20260624_153340_L381;20260624_153340;24.06.2026;15:21:00;381;14;9944;12;U1878Z1;Čáslav,obchodní centrum;49.99866;14.66951
20260624_153340_L349;20260624_153340;24.06.2026;15:15:00;349;26;8202;14;U2334Z2;Mělník,Mlazice;50.28125;14.49588
20260624_153340_L180;20260624_153340;24.06.2026;15:20:00;180;6;5057;14;U1141Z14P;Obchodní centrum Zličín;50.05457;14.29089
20260624_153340_L180;20260624_153340;24.06.2026;15:19:00;180;9;5118;13;U867Z2P;Obchodní centrum Zličín;50.09046;14.38456
20260624_153340_L203;20260624_153340;24.06.2026;15:19:00;203;1;1945;14;U729Z1P;Háje;50.01143;14.4918
20260624_153340_L470;20260624_153340;24.06.2026;15:21:00;470;51;8122;12;U2286Z2;Mělník,aut.nádr.;50.24201;14.31078
20260624_153340_L490;20260624_153340;24.06.2026;15:21:00;490;27;1628;12;U2055Z1;Stříbrná Skalice,náměstí;49.93559;14.70985
20260624_153340_L685;20260624_153340;24.06.2026;15:19:00;685;38;1587;13;U2360Z1;Černé Voděrady;49.93798;14.70537
20260624_153340_L484;20260624_153340;24.06.2026;15:04:00;484;31;8034;27;U2315Z1;Úvaly,žel.st.;50.0742;14.72306
20260624_153340_L770;20260624_153340;24.06.2026;15:22:00;770;42;7861;11;U7916Z1;Uhlířské Janovice,nám.;49.85552;14.89889
20260624_153340_L395;20260624_153340;24.06.2026;15:21:00;395;48;9859;12;U9753Z3;Příbram,Březové Hory;49.67061;13.99186
20260624_153340_L483;20260624_153340;24.06.2026;15:22:00;483;22;7864;10;U7452Z1;Vlašim,žel.st.;49.78841;14.9352
20260624_153340_L168;20260624_153340;24.06.2026;15:20:00;168;3;3943;13;U1094Z2P;Bílá Hora;50.07571;14.35417
20260624_153340_L369;20260624_153340;24.06.2026;15:18:00;369;43;8275;14;U1787Z1;Praha,Ládví;50.30487;14.51371
20260624_153340_L383;20260624_153340;24.06.2026;15:20:00;383;32;9174;13;U2037Z1;Ondřejov,náměstí;49.96205;14.74596
20260624_153340_L387;20260624_153340;24.06.2026;15:15:00;387;9;1686;13;U967Z1;Uhlířské Janovice,nám.;50.03298;14.59672
20260624_153340_L228;20260624_153340;24.06.2026;15:21:00;228;13;9012;12;U1071Z2P;Poliklinika Malešice;50.07613;14.51856
20260624_153340_L209;20260624_153340;24.06.2026;15:23:00;209;46;9118;10;U568Z2P;Nádraží Uhříněves;50.06305;14.63669
20260624_153340_L228;20260624_153340;24.06.2026;15:22:00;228;14;9014;11;U22Z1P;Benice;50.0157;14.60647
20260624_153340_L639;20260624_153340;24.06.2026;15:20:00;639;7;9539;10;U9849Z1;Dobříš,nám.;49.84182;14.01585
20260624_153340_L580;20260624_153340;24.06.2026;15:22:00;580;19;7693;11;U9249Z1;Slaný,aut.nádr.;50.22152;13.97988
20260624_153340_L856;20260624_153340;24.06.2026;15:21:00;856;3;7302;11;U4227Z2;Kralupy n.Vlt.,Zeměchy;50.24166;14.31048
20260624_153340_L617;20260624_153340;24.06.2026;15:23:00;617;28;8892;10;U7494Z1;Roudnice n.L.,žel.st.;50.40229;14.30371
20260624_153340_L348;20260624_153340;24.06.2026;15:16:00;348;6;8295;15;U1955Z1;Obříství;50.28278;14.49581
20260624_153340_L336;20260624_153340;24.06.2026;15:20:00;336;21;8882;13;U11000Z2;Jeneč,Lidická;50.05881;14.23387
20260624_153340_L354;20260624_153340;24.06.2026;15:23:00;354;15;8189;10;U9988Z1;Mochov;50.13532;14.75362
20260624_153340_L466;20260624_153340;24.06.2026;15:22:00;466;23;8019;11;U4364Z3;Mělník,aut.nádr.;50.31294;14.30972
20260624_153340_L467;20260624_153340;24.06.2026;15:22:00;467;53;9824;10;U3389Z1;Mladá Boleslav,aut.st.;50.41526;14.91053
20260624_153340_L467;20260624_153340;24.06.2026;15:21:00;467;15;8116;12;U9164Z2;Roudnice n.L.,ČSAD;50.32396;14.55136
20260624_153340_L136;20260624_153340;24.06.2026;15:21:00;136;21;6792;11;U29Z1P;Jižní Město;50.06958;14.46887
20260624_153340_L146;20260624_153340;24.06.2026;15:19:00;146;5;9189;14;U767Z1P;Želivského;50.08417;14.48194
20260624_153340_L155;20260624_153340;24.06.2026;15:23:00;155;2;9120;10;U921Z6P;Poliklinika Malešice;50.07908;14.47493
20260624_153340_L511;20260624_153340;24.06.2026;15:18:00;511;11;9759;12;U5916Z1;Březnice,aut.st.;49.55553;14.03327
20260624_153340_L545;20260624_153340;24.06.2026;15:22:00;545;5;9572;10;U9616Z5;Hořovice,nám.B.Němcové;49.83825;13.90217
20260624_153340_L146;20260624_153340;24.06.2026;15:22:00;146;6;9472;11;U128Z2P;Želivského;50.08723;14.48986
20260624_153340_L349;20260624_153340;24.06.2026;15:00:00;349;28;8207;28;U2334Z2;Mělník,Podolí;50.2932;14.49872
20260624_153340_L386;20260624_153340;24.06.2026;15:22:00;386;31;8807;11;U4313Z8;Kladno,autobusové nádraží;50.14638;14.09703
20260624_153340_L108;20260624_153340;24.06.2026;15:21:00;108;3;2054;12;U3216Z2P;Dejvická;50.10051;14.40195
20260624_153340_L307;20260624_153340;24.06.2026;15:22:00;307;10;8991;11;U3094Z2;Praha,Zličín;50.14096;14.09894
20260624_153340_L370;20260624_153340;24.06.2026;15:21:00;370;2;8002;12;U2215Z2;Praha,Kobylisy;50.21921;14.40938
20260624_153340_L375;20260624_153340;24.06.2026;15:21:00;375;8;8256;11;U474Z7;Praha,Českomoravská;50.10664;14.50244
20260624_153340_L443;20260624_153340;24.06.2026;15:20:00;443;22;8594;12;U1438Z1;Nymburk,hl.nádr.;50.16543;14.93376
20260624_153340_L332;20260624_153340;24.06.2026;15:20:00;332;20;9934;12;U1330Z1;Jílové u Prahy,náměstí;49.96287;14.52207
20260624_153340_L136;20260624_153340;24.06.2026;15:19:00;136;6;5025;14;U417Z1P;Jižní Město;50.04292;14.48775
20260624_153340_L372;20260624_153340;24.06.2026;15:23:00;372;52;8039;10;U2338Z2;Praha,Kobylisy;50.26223;14.38907
20260624_153340_L332;20260624_153340;24.06.2026;15:23:00;332;27;9949;10;U2108Z1;Jílové u Prahy,náměstí;49.89732;14.49365
20260624_153340_L307;20260624_153340;24.06.2026;15:20:00;307;13;8954;12;U1142Z2;Praha,Zličín;50.05546;14.28847
20260624_153340_L188;20260624_153340;24.06.2026;15:24:00;188;1;5031;10;U385Z1P;Kavčí hory;50.05198;14.43905
20260624_153340_L188;20260624_153340;24.06.2026;15:22:00;188;2;6946;11;U671Z3P;Kavčí hory;50.0578;14.49378
20260624_153340_L631;20260624_153340;24.06.2026;15:21:00;631;48;9784;12;U9058Z2;Libomyšl,Želkovice;49.90291;14.04827
20260624_153340_L180;20260624_153340;24.06.2026;15:18:00;180;2;5001;15;U229Z2P;Dejvická;50.08673;14.37382
20260624_153340_L201;20260624_153340;24.06.2026;15:20:00;201;13;3887;11;U606Z2P;Nádraží Holešovice;50.12364;14.50885
20260624_153340_L199;20260624_153340;24.06.2026;15:21:00;199;3;4162;12;U660Z2P;Želivského;50.08263;14.50498
20260624_153340_L471;20260624_153340;24.06.2026;14:59:00;471;32;8036;33;U1785Z3;Mělník,Rožkovo údolí;50.30103;14.51073
20260624_153741_L639;20260624_153741;24.06.2026;15:26:00;639;7;9539;11;U9813Z2;Dobříš,nám.;49.83263;14.03079
20260624_153741_L483;20260624_153741;24.06.2026;15:24:00;483;22;7864;11;U7451Z1;Vlašim,žel.st.;49.78332;14.9458
20260624_153741_L209;20260624_153741;24.06.2026;15:27:00;209;46;9118;10;U1405Z2P;Nádraží Uhříněves;50.05044;14.62229
20260624_153741_L336;20260624_153741;24.06.2026;15:23:00;336;21;8882;14;U1178Z4;Jeneč,Lidická;50.06403;14.22483
20260624_153741_L580;20260624_153741;24.06.2026;15:27:00;580;19;7693;10;U9244Z1;Slaný,aut.nádr.;50.23309;13.97622
20260624_153741_L175;20260624_153741;24.06.2026;15:28:00;175;3;4163;10;U1226Z1P;Háje;50.05911;14.51762
20260624_153741_L331;20260624_153741;24.06.2026;15:23:00;331;1;4143;14;U106Z1;Dolní Břežany,Zálepy;50.02837;14.50766
20260624_153741_L133;20260624_153741;24.06.2026;15:28:00;133;5;4066;10;U767Z1P;Sídliště Malešice;50.08432;14.48188
20260624_153741_L146;20260624_153741;24.06.2026;15:26:00;146;6;9472;11;U767Z1P;Želivského;50.08381;14.48194
20260624_153741_L365;20260624_153741;24.06.2026;15:27:00;365;10;8813;10;U9291Z2;Stochov,nám.;50.14038;13.96909
20260624_153741_L383;20260624_153741;24.06.2026;15:25:00;383;32;9174;12;U2040Z1;Ondřejov,náměstí;49.93558;14.7587
20260624_153741_L395;20260624_153741;24.06.2026;15:24:00;395;48;9859;12;U9747Z1;Příbram,Březové Hory;49.67494;13.98117
20260624_153741_L188;20260624_153741;24.06.2026;15:27:00;188;2;6946;10;U1092Z2P;Kavčí hory;50.05685;14.47334
20260624_153741_L400;20260624_153741;24.06.2026;15:26:00;400;55;1088;11;U6070Z1;Nový Bor,aut.nádr.;50.44367;14.47376
20260624_153741_L180;20260624_153741;24.06.2026;15:19:00;180;9;5118;17;U867Z2P;Obchodní centrum Zličín;50.09017;14.38427
20260624_153741_L631;20260624_153741;24.06.2026;15:23:00;631;48;9784;12;U9047Z4;Libomyšl,Želkovice;49.89267;14.03389
20260624_153741_L662;20260624_153741;24.06.2026;15:27:00;662;15;8189;10;U1278Z3;Kounice;50.14138;14.79285
20260624_153741_L490;20260624_153741;24.06.2026;15:25:00;490;27;1628;12;U2063Z1;Stříbrná Skalice,náměstí;49.92559;14.72805
20260624_153741_L856;20260624_153741;24.06.2026;15:26:00;856;3;7302;11;U2286Z2;Kralupy n.Vlt.,Zeměchy;50.24187;14.31061
20260624_153741_L484;20260624_153741;24.06.2026;15:04:00;484;31;8034;32;U2315Z1;Úvaly,žel.st.;50.0742;14.72306
20260624_153741_L511;20260624_153741;24.06.2026;15:24:00;511;11;9759;13;U4293Z1;Březnice,aut.st.;49.55529;13.99864
20260624_153741_L393;20260624_153741;24.06.2026;15:24:00;393;49;9868;12;U9753Z3;Příbram,Drkolnov;49.67127;13.9908
20260624_153741_L228;20260624_153741;24.06.2026;15:25:00;228;13;9012;12;U827Z2P;Poliklinika Malešice;50.07849;14.50812
20260624_153741_L228;20260624_153741;24.06.2026;15:26:00;228;11;9044;11;U542Z12P;Poliklinika Malešice;50.03744;14.59181
20260624_153741_L372;20260624_153741;24.06.2026;15:25:00;372;52;8039;10;U2337Z2;Praha,Kobylisy;50.24843;14.38878
20260624_153741_L349;20260624_153741;24.06.2026;15:00:00;349;28;8207;33;U2334Z2;Mělník,Podolí;50.29669;14.50344
20260624_153741_L380;20260624_153741;24.06.2026;15:23:00;380;2;9982;11;U4273Z1;Praha,Vypich;49.97791;14.11091
20260624_153741_L381;20260624_153741;24.06.2026;15:24:00;381;14;9944;13;U1886Z1;Čáslav,obchodní centrum;49.99324;14.68739
20260624_153741_L382;20260624_153741;24.06.2026;15:23:00;382;38;9111;14;U2008Z1;Sázava,aut.st.;49.98948;14.74058
20260624_153741_L370;20260624_153741;24.06.2026;15:25:00;370;2;8002;12;U2218Z2;Praha,Kobylisy;50.20018;14.43526
20260624_153741_L334;20260624_153741;24.06.2026;15:23:00;334;42;7891;13;U1330Z1;Psáry;49.96043;14.52432
20260624_153741_L136;20260624_153741;24.06.2026;15:25:00;136;21;6792;12;U37Z1P;Jižní Město;50.06041;14.46963
20260624_153741_L126;20260624_153741;24.06.2026;15:25:00;126;1;3865;10;U3053Z2P;Nádraží Uhříněves;50.03143;14.5985
20260624_153741_L136;20260624_153741;24.06.2026;15:24:00;136;6;5025;13;U344Z1P;Jižní Město;50.03151;14.50543
20260624_153741_L180;20260624_153741;24.06.2026;15:18:00;180;2;5001;18;U229Z2P;Dejvická;50.08714;14.37715
20260624_153741_L369;20260624_153741;24.06.2026;15:25:00;369;41;8232;12;U1963Z1;Štětí,záv.;50.2737;14.49588
20260624_153741_L332;20260624_153741;24.06.2026;15:24:00;332;20;9934;14;U2130Z1;Jílové u Prahy,náměstí;49.94894;14.51974
20260624_153741_L201;20260624_153741;24.06.2026;15:27:00;201;15;3895;10;U125Z2P;Nádraží Holešovice;50.13887;14.5047
20260624_153741_L201;20260624_153741;24.06.2026;15:27:00;201;19;3907;10;U115Z9P;Černý Most;50.10798;14.44276
20260624_153741_L180;20260624_153741;24.06.2026;15:26:00;180;10;6899;10;U867Z2P;Obchodní centrum Zličín;50.09171;14.38599
20260624_153741_L470;20260624_153741;24.06.2026;15:24:00;470;51;8122;12;U2235Z2;Mělník,aut.nádr.;50.25163;14.32182
20260624_153741_L480;20260624_153741;24.06.2026;15:25:00;480;29;7221;12;U9755Z1;Solenice;49.66808;13.99621
20260624_153741_L349;20260624_153741;24.06.2026;15:15:00;349;26;8202;19;U2334Z2;Mělník,Mlazice;50.28484;14.4958
20260624_153741_L617;20260624_153741;24.06.2026;15:25:00;617;28;8892;11;U4714Z1;Roudnice n.L.,žel.st.;50.41514;14.28102
20260624_153741_L466;20260624_153741;24.06.2026;15:24:00;466;23;8019;12;U4363Z2;Mělník,aut.nádr.;50.31088;14.31514
20260624_153741_L695;20260624_153741;24.06.2026;15:26:00;695;1;1815;10;U6096Z1;Mšeno;50.45781;14.59208
20260624_153741_L467;20260624_153741;24.06.2026;15:24:00;467;15;8116;13;U2910Z1;Roudnice n.L.,ČSAD;50.33173;14.5311
20260624_153741_L201;20260624_153741;24.06.2026;15:23:00;201;13;3892;14;U2704Z2P;Nádraží Holešovice;50.12889;14.49585
20260624_153741_L136;20260624_153741;24.06.2026;15:28:00;136;18;6960;10;U512Z4P;Sídliště Čakovice;50.09081;14.46813
20260624_153741_L180;20260624_153741;24.06.2026;15:25:00;180;3;6864;12;U229Z2P;Dejvická;50.08659;14.37279
20260624_153741_L199;20260624_153741;24.06.2026;15:24:00;199;3;4162;13;U418Z2P;Želivského;50.08048;14.48838
20260624_154142_L180;20260624_154142;24.06.2026;15:25:00;180;3;6864;16;U229Z2P;Dejvická;50.08684;14.37466
20260624_154142_L381;20260624_154142;24.06.2026;15:27:00;381;14;9944;13;U2006Z1;Čáslav,obchodní centrum;49.99005;14.7245
20260624_154142_L336;20260624_154142;24.06.2026;15:27:00;336;21;8882;14;U1179Z1;Jeneč,Lidická;50.06857;14.2511
20260624_154142_L506;20260624_154142;24.06.2026;15:31:00;506;13;9537;10;U9697Z1;Příbram,Svatá Hora areál;49.69417;14.00565
20260624_154142_L480;20260624_154142;24.06.2026;15:30:00;480;29;7221;11;U7730Z1;Solenice;49.64409;14.03331
20260624_154142_L311;20260624_154142;24.06.2026;15:30:00;311;41;9614;11;U1142Z2;Praha,Zličín;50.05366;14.27891
20260624_154142_L234;20260624_154142;24.06.2026;15:31:00;234;2;3867;10;U7406Z3P;Nádraží Holešovice;50.1157;14.43662
20260624_154142_L149;20260624_154142;24.06.2026;15:28:00;149;8;4200;13;U867Z2P;Stodůlky-Bavorská;50.09189;14.38627
20260624_154142_L133;20260624_154142;24.06.2026;15:31:00;133;5;4066;10;U161Z1P;Sídliště Malešice;50.08141;14.49696
20260624_154142_L136;20260624_154142;24.06.2026;15:30:00;136;21;6792;11;U697Z3P;Jižní Město;50.04824;14.48137
20260624_154142_L180;20260624_154142;24.06.2026;15:19:00;180;9;5118;21;U867Z2P;Obchodní centrum Zličín;50.09001;14.38409
20260624_154142_L345;20260624_154142;24.06.2026;15:30:00;345;18;8672;11;U897Z63;Liberec,aut.nádr.;50.10911;14.57584
20260624_154142_L372;20260624_154142;24.06.2026;15:30:00;372;52;8039;11;U2222Z2;Praha,Kobylisy;50.23309;14.41134
20260624_154142_L797;20260624_154142;24.06.2026;15:28:00;797;47;7876;13;U5822Z1;Chocerady;49.85213;14.77561
20260624_154142_L767;20260624_154142;24.06.2026;15:29:00;767;21;8562;12;U6087Z2;Bezno;50.30807;14.73205
20260624_154142_L662;20260624_154142;24.06.2026;15:31:00;662;15;8189;10;U1282Z1;Kounice;50.12535;14.77458
20260624_154142_L365;20260624_154142;24.06.2026;15:30:00;365;8;8820;10;U444Z1;Stochov,nám.;50.07833;14.34484
20260624_154142_L370;20260624_154142;24.06.2026;15:28:00;370;2;8002;12;U2217Z2;Praha,Kobylisy;50.17462;14.45068
20260624_154142_L380;20260624_154142;24.06.2026;15:29:00;380;5;9983;11;U1142Z2;Praha,Vypich;50.05456;14.282
20260624_154142_L164;20260624_154142;24.06.2026;15:30:00;164;2;1953;10;U563Z2P;Malovanka;50.08551;14.38115
20260624_154142_L209;20260624_154142;24.06.2026;15:30:00;209;46;9118;11;U1233Z2P;Nádraží Uhříněves;50.03222;14.60897
20260624_154142_L228;20260624_154142;24.06.2026;15:31:00;228;11;9044;10;U108Z1P;Poliklinika Malešice;50.05605;14.58001
20260624_154142_L490;20260624_154142;24.06.2026;15:28:00;490;27;1628;13;U2061Z1;Stříbrná Skalice,náměstí;49.90966;14.74213
20260624_154142_L443;20260624_154142;24.06.2026;15:29:00;443;22;8594;10;U1434Z1;Nymburk,hl.nádr.;50.13323;14.98713
20260624_154142_L467;20260624_154142;24.06.2026;15:27:00;467;15;8116;14;U3328Z2;Roudnice n.L.,ČSAD;50.34307;14.50143
20260624_154142_L676;20260624_154142;24.06.2026;15:27:00;676;32;8617;14;U3048Z2;Seletice;50.29179;15.04988
20260624_154142_L499;20260624_154142;24.06.2026;15:28:00;499;36;8698;10;U3039Z1;Mladá Boleslav,aut.st.;50.30457;15.011
20260624_154142_L484;20260624_154142;24.06.2026;15:04:00;484;31;8034;36;U2315Z1;Úvaly,žel.st.;50.0742;14.72306
20260624_154142_L334;20260624_154142;24.06.2026;15:29:00;334;42;7891;12;U2129Z1;Psáry;49.94112;14.516
20260624_154142_L335;20260624_154142;24.06.2026;15:31:00;335;6;9131;10;U1531Z1;Kamenice,kult.dům;49.95197;14.53783
20260624_154142_L444;20260624_154142;24.06.2026;15:29:00;444;31;9163;12;U1564Z1;Davle,obec;49.90469;14.58751
20260624_154142_L448;20260624_154142;24.06.2026;15:30:00;448;91;1111;10;U1853Z2;Lety,K Libří;49.92575;14.27971
20260624_154142_L511;20260624_154142;24.06.2026;15:28:00;511;11;9759;13;U7051Z1;Březnice,aut.st.;49.55709;13.96683
20260624_154142_L466;20260624_154142;24.06.2026;15:29:00;466;23;8019;12;U4376Z1;Mělník,aut.nádr.;50.31925;14.34126
20260624_154142_L470;20260624_154142;24.06.2026;15:30:00;470;51;8122;11;U2346Z2;Mělník,aut.nádr.;50.27217;14.32651
20260624_154142_L695;20260624_154142;24.06.2026;15:30:00;695;1;1815;10;U6098Z1;Mšeno;50.45827;14.62182
20260624_154142_L857;20260624_154142;24.06.2026;15:31:00;857;1;7308;10;U2842Z2;Otvovice,sklárna;50.19713;14.2466
20260624_154142_L146;20260624_154142;24.06.2026;15:31:00;146;3;9121;10;U575Z1P;Vinice Hrdlořezy;50.08161;14.48638
20260624_154142_L180;20260624_154142;24.06.2026;15:18:00;180;2;5001;22;U229Z2P;Dejvická;50.08726;14.37858
20260624_154142_L387;20260624_154142;24.06.2026;15:28:00;387;9;1686;13;U1885Z1;Uhlířské Janovice,nám.;50.00483;14.65696
20260624_154142_L752;20260624_154142;24.06.2026;15:30:00;752;95;7892;11;U1384Z6;Týnec n.Sáz.,žel.st.;49.78125;14.68262
20260624_154142_L483;20260624_154142;24.06.2026;15:28:00;483;22;7864;12;U7455Z1;Vlašim,žel.st.;49.7718;14.96444
20260624_154142_L201;20260624_154142;24.06.2026;15:30:00;201;19;3907;12;U305Z1P;Černý Most;50.11705;14.4509
20260624_154142_L617;20260624_154142;24.06.2026;15:29:00;617;28;8892;11;U4716Z1;Roudnice n.L.,žel.st.;50.42308;14.25963
20260624_154142_L136;20260624_154142;24.06.2026;15:28:00;136;6;5025;13;U916Z1P;Jižní Město;50.02522;14.51591
20260624_154142_L400;20260624_154142;24.06.2026;15:26:00;400;55;1088;12;U6070Z1;Nový Bor,aut.nádr.;50.46249;14.47499
20260624_154142_L209;20260624_154142;24.06.2026;15:30:00;209;44;9117;11;U408Z1P;Nádraží Uhříněves;50.11499;14.62597
20260624_154142_L349;20260624_154142;24.06.2026;15:15:00;349;26;8202;23;U2334Z2;Mělník,Mlazice;50.28599;14.49579
20260624_154142_L445;20260624_154142;24.06.2026;15:28:00;445;18;7403;13;U2109Z2;Vrané n.Vlt.,žel.st.;49.89485;14.49411
20260624_154142_L332;20260624_154142;24.06.2026;15:28:00;332;20;9934;13;U2128Z1;Jílové u Prahy,náměstí;49.93632;14.51297
20260624_154142_L188;20260624_154142;24.06.2026;15:31:00;188;13;6911;10;U599Z2P;Kavčí hory;50.07044;14.4887
20260624_154142_L114;20260624_154142;24.06.2026;15:31:00;114;8;5128;10;U632Z1P;Zelený pruh;50.04031;14.43705
20260624_154142_L770;20260624_154142;24.06.2026;15:27:00;770;42;7861;11;U2033Z3;Uhlířské Janovice,nám.;49.87305;14.89764
20260624_154142_L180;20260624_154142;24.06.2026;15:26:00;180;10;6899;14;U867Z2P;Obchodní centrum Zličín;50.09168;14.38596
20260624_154142_L333;20260624_154142;24.06.2026;15:27:00;333;2;7419;10;U799Z4;Březová-Oleško,Oleško;49.99048;14.49063
20260624_154142_L383;20260624_154142;24.06.2026;15:28:00;383;32;9174;13;U2041Z1;Ondřejov,náměstí;49.92784;14.7633
20260624_154142_L136;20260624_154142;24.06.2026;15:31:00;136;10;6773;10;U512Z5P;Jižní Město;50.09031;14.46749
20260624_154142_L199;20260624_154142;24.06.2026;15:24:00;199;3;4162;16;U418Z2P;Želivského;50.07731;14.48915
20260624_154542_L167;20260624_154542;24.06.2026;15:30:00;167;54;6913;13;U254Z6P;Na Knížecí;50.07113;14.39167
20260624_154542_L180;20260624_154542;24.06.2026;15:34:00;180;16;6993;10;U867Z2P;Obchodní centrum Zličín;50.09153;14.38576
20260624_154542_L201;20260624_154542;24.06.2026;15:34:00;201;19;3907;11;U54Z3P;Černý Most;50.11675;14.46718
20260624_154542_L333;20260624_154542;24.06.2026;15:33:00;333;2;7419;10;U1522Z1;Březová-Oleško,Oleško;49.97959;14.48634
20260624_154542_L335;20260624_154542;24.06.2026;15:34:00;335;6;9131;10;U1533Z3;Kamenice,kult.dům;49.93589;14.55663
20260624_154542_L380;20260624_154542;24.06.2026;15:33:00;380;5;9983;11;U1141Z5;Praha,Vypich;50.0576;14.28951
20260624_154542_L480;20260624_154542;24.06.2026;15:34:00;480;29;7221;11;U7719Z1;Solenice;49.63287;14.04634
20260624_154542_L149;20260624_154542;24.06.2026;15:28:00;149;8;4200;16;U867Z2P;Stodůlky-Bavorská;50.09104;14.38524
20260624_154542_L146;20260624_154542;24.06.2026;15:35:00;146;3;9121;10;U834Z1P;Vinice Hrdlořezy;50.08687;14.48797
20260624_154542_L180;20260624_154542;24.06.2026;15:26:00;180;10;6899;18;U867Z2P;Obchodní centrum Zličín;50.09112;14.38528
20260624_154542_L331;20260624_154542;24.06.2026;15:31:00;331;1;4143;14;U164Z3;Dolní Břežany,Zálepy;49.99737;14.51751
20260624_154542_L188;20260624_154542;24.06.2026;15:32:00;188;13;6911;11;U459Z3P;Kavčí hory;50.06504;14.493
20260624_154542_L136;20260624_154542;24.06.2026;15:30:00;136;7;5082;15;U424Z1P;Jižní Město;50.03303;14.5003
20260624_154542_L209;20260624_154542;24.06.2026;15:33:00;209;46;9118;12;U336Z2P;Nádraží Uhříněves;50.03323;14.59649
20260624_154542_L136;20260624_154542;24.06.2026;15:32:00;136;21;6792;12;U417Z1P;Jižní Město;50.04293;14.48779
20260624_154542_L197;20260624_154542;24.06.2026;15:31:00;197;11;5074;12;U307Z2P;Smíchovské nádraží;49.99916;14.48761
20260624_154542_L511;20260624_154542;24.06.2026;15:31:00;511;11;9759;13;U7046Z1;Březnice,aut.st.;49.55812;13.94737
20260624_154542_L349;20260624_154542;24.06.2026;15:30:00;349;23;8210;12;U2334Z2;Mělník,Podolí;50.27733;14.49584
20260624_154542_L332;20260624_154542;24.06.2026;15:30:00;332;20;9934;14;U2127Z1;Jílové u Prahy,náměstí;49.92682;14.50457
20260624_154542_L752;20260624_154542;24.06.2026;15:32:00;752;95;7892;10;U4483Z1;Týnec n.Sáz.,žel.st.;49.79502;14.66203
20260624_154542_L483;20260624_154542;24.06.2026;15:33:00;483;22;7864;11;U6027Z2;Vlašim,žel.st.;49.75218;14.97376
20260624_154542_L491;20260624_154542;24.06.2026;15:32:00;491;10;8575;13;U2008Z3;Český Brod,žel.st.;49.98949;14.74224
20260624_154542_L349;20260624_154542;24.06.2026;15:15:00;349;26;8202;26;U2334Z2;Mělník,Mlazice;50.28765;14.49566
20260624_154542_L365;20260624_154542;24.06.2026;15:34:00;365;13;8769;10;U872Z7;Praha,Motol;50.07597;14.34571
20260624_154542_L383;20260624_154542;24.06.2026;15:30:00;383;32;9174;13;U2042Z1;Ondřejov,náměstí;49.92661;14.76543
20260624_154542_L199;20260624_154542;24.06.2026;15:33:00;199;1;4157;10;U418Z2P;Želivského;50.07796;14.48882
20260624_154542_L112;20260624_154542;24.06.2026;15:34:00;112;25;6885;11;U765Z1P;Nádraží Holešovice;50.11629;14.43322
20260624_154542_L797;20260624_154542;24.06.2026;15:31:00;797;47;7876;11;U5824Z1;Chocerady;49.86287;14.78968
20260624_154542_L467;20260624_154542;24.06.2026;15:30:00;467;15;8116;12;U1793Z5;Roudnice n.L.,ČSAD;50.35069;14.48932
20260624_154542_L495;20260624_154542;24.06.2026;15:35:00;495;11;9759;10;U7045Z1;Rožmitál p.Tř.,aut.st.;49.55812;13.94737
20260624_154542_L151;20260624_154542;24.06.2026;15:35:00;151;5;3706;10;U474Z7P;Českomoravská;50.11072;14.50223
20260624_154542_L136;20260624_154542;24.06.2026;15:34:00;136;25;6791;12;U518Z3P;Jižní Město;50.07659;14.4588
20260624_154542_L180;20260624_154542;24.06.2026;15:33:00;180;53;6856;12;U229Z2P;Dejvická;50.0865;14.37159
20260624_154542_L136;20260624_154542;24.06.2026;15:34:00;136;10;6773;11;U743Z2P;Jižní Město;50.08653;14.45556
20260624_154542_L332;20260624_154542;24.06.2026;15:33:00;332;1;9162;10;U799Z3;Praha,Budějovická;50.01706;14.46827
20260624_154542_L400;20260624_154542;24.06.2026;15:32:00;400;55;1088;13;U6077Z1;Nový Bor,aut.nádr.;50.48873;14.48516
20260624_154542_L760;20260624_154542;24.06.2026;15:34:00;760;57;8387;10;U2454Z2;Podbořany,aut.nádr.;50.11084;13.72896
20260624_154542_L228;20260624_154542;24.06.2026;15:34:00;228;11;9044;11;U107Z1P;Poliklinika Malešice;50.06396;14.5881
20260624_154542_L209;20260624_154542;24.06.2026;15:34:00;209;44;9117;11;U7612Z1P;Nádraží Uhříněves;50.09825;14.6256
20260624_154542_L448;20260624_154542;24.06.2026;15:32:00;448;91;1111;13;U1852Z52;Lety,K Libří;49.92697;14.27499
20260624_154542_L444;20260624_154542;24.06.2026;15:29:00;444;31;9163;16;U1564Z1;Davle,obec;49.90392;14.58691
20260624_154542_L445;20260624_154542;24.06.2026;15:31:00;445;18;7403;14;U2606Z1;Vrané n.Vlt.,žel.st.;49.9046;14.48622
20260624_154542_L345;20260624_154542;24.06.2026;15:30:00;345;18;8672;12;U897Z63;Liberec,aut.nádr.;50.125;14.61386
20260624_154542_L336;20260624_154542;24.06.2026;15:31:00;336;21;8882;14;U1143Z1;Jeneč,Lidická;50.07678;14.25732
20260624_154542_L336;20260624_154542;24.06.2026;15:34:00;336;22;1443;11;U1643Z2;Praha,Zličín;50.05143;14.27407
20260624_154542_L136;20260624_154542;24.06.2026;15:31:00;136;6;5025;14;U286Z5P;Jižní Město;50.03068;14.52992
20260624_154542_L365;20260624_154542;24.06.2026;15:30:00;365;8;8820;14;U444Z1;Stochov,nám.;50.07908;14.34404
20260624_154542_L370;20260624_154542;24.06.2026;15:32:00;370;2;8002;12;U2264Z2;Praha,Kobylisy;50.15498;14.45133
20260624_154542_L372;20260624_154542;24.06.2026;15:34:00;372;52;8039;11;U2220Z2;Praha,Kobylisy;50.22855;14.41474
20260624_154542_L381;20260624_154542;24.06.2026;15:30:00;381;14;9944;15;U2008Z1;Čáslav,obchodní centrum;49.98943;14.74243
20260624_154542_L387;20260624_154542;24.06.2026;15:33:00;387;9;1686;12;U1882Z1;Uhlířské Janovice,nám.;49.99641;14.67671
20260624_154542_L767;20260624_154542;24.06.2026;15:34:00;767;21;8562;11;U4431Z1;Bezno;50.30468;14.70552
20260624_154542_L199;20260624_154542;24.06.2026;15:24:00;199;3;4162;20;U418Z2P;Želivského;50.07706;14.48771
20260624_154542_L443;20260624_154542;24.06.2026;15:34:00;443;22;8594;10;U2591Z1;Nymburk,hl.nádr.;50.14584;14.9962
20260624_154542_L489;20260624_154542;24.06.2026;15:35:00;489;32;1619;10;U2008Z3;Strančice,žel.st.;49.98946;14.74145
20260624_154542_L490;20260624_154542;24.06.2026;15:30:00;490;27;1628;12;U2060Z1;Stříbrná Skalice,náměstí;49.90282;14.75007
20260624_154542_L499;20260624_154542;24.06.2026;15:35:00;499;36;8698;10;U6240Z2;Mladá Boleslav,aut.st.;50.32199;15.01336
20260624_154542_L466;20260624_154542;24.06.2026;15:33:00;466;23;8019;12;U4371Z1;Mělník,aut.nádr.;50.33413;14.36059
20260624_154542_L470;20260624_154542;24.06.2026;15:32:00;470;51;8122;11;U2228Z2;Mělník,aut.nádr.;50.27823;14.35307
20260624_154542_L770;20260624_154542;24.06.2026;15:31:00;770;42;7861;11;U2032Z2;Uhlířské Janovice,nám.;49.88276;14.91535
20260624_154542_L482;20260624_154542;24.06.2026;15:31:00;482;14;9616;13;U31743Z1;Uzenice;49.50576;13.95429
20260624_154542_L631;20260624_154542;24.06.2026;15:33:00;631;48;9784;11;U9048Z2;Libomyšl,Želkovice;49.89475;14.07445
20260624_154943_L400;20260624_154943;24.06.2026;15:36:00;400;55;1088;13;U31056Z1;Nový Bor,aut.nádr.;50.50885;14.4915
20260624_154943_L370;20260624_154943;24.06.2026;15:37:00;370;21;1245;11;U2235Z1;Kralupy n.Vlt.,žel.st.;50.24533;14.31428
20260624_154943_L180;20260624_154943;24.06.2026;15:39:00;180;5;5123;10;U44Z2P;Dejvická;50.08628;14.36979
20260624_154943_L349;20260624_154943;24.06.2026;15:15:00;349;26;8202;30;U2334Z2;Mělník,Mlazice;50.29123;14.49704
20260624_154943_L335;20260624_154943;24.06.2026;15:38:00;335;6;9131;11;U2288Z1;Kamenice,kult.dům;49.92191;14.57758
20260624_154943_L180;20260624_154943;24.06.2026;15:34:00;180;16;6993;14;U867Z2P;Obchodní centrum Zličín;50.09091;14.38506
20260624_154943_L672;20260624_154943;24.06.2026;15:38:00;672;92;1107;10;U1626Z51;Hlásná Třebaň;49.92675;14.26929
20260624_154943_L450;20260624_154943;24.06.2026;15:39:00;450;4;7502;10;U7485Z1;Milevsko,aut.st.;49.73913;14.24126
20260624_154943_L336;20260624_154943;24.06.2026;15:37:00;336;21;8882;12;U1217Z1;Jeneč,Lidická;50.07645;14.23854
20260624_154943_L387;20260624_154943;24.06.2026;15:37:00;387;9;1686;12;U2006Z1;Uhlířské Janovice,nám.;49.98902;14.71522
20260624_154943_L448;20260624_154943;24.06.2026;15:37:00;448;91;1111;12;U9217Z2;Lety,K Libří;49.92341;14.25784
20260624_154943_L445;20260624_154943;24.06.2026;15:35:00;445;18;7403;12;U1586Z2;Vrané n.Vlt.,žel.st.;49.90836;14.4621
20260624_154943_L480;20260624_154943;24.06.2026;15:34:00;480;29;7221;12;U7719Z1;Solenice;49.6243;14.07586
20260624_154943_L495;20260624_154943;24.06.2026;15:35:00;495;11;9759;13;U7045Z1;Rožmitál p.Tř.,aut.st.;49.56762;13.9453
20260624_154943_L491;20260624_154943;24.06.2026;15:36:00;491;10;8575;12;U2072Z2;Český Brod,žel.st.;50.00399;14.77299
20260624_154943_L482;20260624_154943;24.06.2026;15:35:00;482;14;9616;14;U31884Z1;Uzenice;49.48205;13.95587
20260624_154943_L711;20260624_154943;24.06.2026;15:38:00;711;1;12940;10;U9343Z11;Louny,Luna;50.35521;13.80419
20260624_154943_L149;20260624_154943;24.06.2026;15:28:00;149;8;4200;20;U867Z2P;Stodůlky-Bavorská;50.09063;14.38477
20260624_154943_L783;20260624_154943;24.06.2026;15:36:00;783;7;7633;13;U31477Z1;Chvaletice,u městského úřadu;50.0216;15.4308
20260624_154943_L466;20260624_154943;24.06.2026;15:38:00;466;23;8019;11;U2831Z1;Mělník,aut.nádr.;50.33538;14.37245
20260624_154943_L470;20260624_154943;24.06.2026;15:36:00;470;51;8122;11;U1776Z2;Mělník,aut.nádr.;50.29662;14.37669
20260624_154943_L471;20260624_154943;24.06.2026;15:37:00;471;33;8079;12;U1786Z2;Kostelec n.L.,nám.;50.30045;14.5097
20260624_154943_L473;20260624_154943;24.06.2026;15:39:00;473;18;8014;10;U1971Z2;Neratovice,Kojetická;50.25464;14.51191
20260624_154943_L483;20260624_154943;24.06.2026;15:39:00;483;22;7864;10;U6029Z2;Vlašim,žel.st.;49.74326;14.96542
20260624_154943_L310;20260624_154943;24.06.2026;15:39:00;310;75;9579;10;U1968Z2;Praha,Zličín;50.05032;14.27127
20260624_154943_L410;20260624_154943;24.06.2026;15:35:00;410;3;11611;11;U6072Z2;Praha,Střížkov;50.44632;14.47264
20260624_154943_L146;20260624_154943;24.06.2026;15:38:00;146;3;9121;11;U266Z3P;Vinice Hrdlořezy;50.09188;14.49631
20260624_154943_L370;20260624_154943;24.06.2026;15:36:00;370;2;8002;13;U864Z9;Praha,Kobylisy;50.13206;14.45275
20260624_154943_L372;20260624_154943;24.06.2026;15:37:00;372;52;8039;12;U2215Z2;Praha,Kobylisy;50.22041;14.40829
20260624_154943_L365;20260624_154943;24.06.2026;15:35:00;365;8;8820;14;U31Z7;Stochov,nám.;50.0755;14.32213
20260624_154943_L381;20260624_154943;24.06.2026;15:35:00;381;13;1682;10;U967Z1;Zásmuky,nám.;50.0374;14.59095
20260624_154943_L490;20260624_154943;24.06.2026;15:37:00;490;27;1628;12;U2168Z2;Stříbrná Skalice,náměstí;49.90573;14.77325
20260624_154943_L685;20260624_154943;24.06.2026;15:34:00;685;38;1587;15;U2144Z1;Černé Voděrady;49.93775;14.78136
20260624_154943_L467;20260624_154943;24.06.2026;15:35:00;467;15;8116;14;U1794Z1;Roudnice n.L.,ČSAD;50.35437;14.48101
20260624_154943_L499;20260624_154943;24.06.2026;15:36:00;499;36;8698;10;U6239Z2;Mladá Boleslav,aut.st.;50.34793;15.00467
20260624_154943_L631;20260624_154943;24.06.2026;15:37:00;631;48;9784;10;U9045Z2;Libomyšl,Želkovice;49.87895;14.04989
20260624_154943_L641;20260624_154943;24.06.2026;15:37:00;641;19;9406;12;U9855Z55;Hořovice,nemocnice;49.88445;13.94957
20260624_154943_L856;20260624_154943;24.06.2026;15:39:00;856;3;7302;10;U9620Z2;Kralupy n.Vlt.,Zeměchy;50.22836;14.29791
20260624_154943_L209;20260624_154943;24.06.2026;15:36:00;209;44;9117;12;U1367Z2P;Nádraží Uhříněves;50.08946;14.61296
20260624_154943_L332;20260624_154943;24.06.2026;15:38:00;332;1;9162;11;U488Z7;Praha,Budějovická;50.0305;14.45513
20260624_154943_L336;20260624_154943;24.06.2026;15:35:00;336;22;1443;13;U1142Z2;Praha,Zličín;50.05522;14.28964
20260624_154943_L349;20260624_154943;24.06.2026;15:30:00;349;23;8210;17;U2334Z2;Mělník,Podolí;50.27796;14.49584
20260624_154943_L201;20260624_154943;24.06.2026;15:36:00;201;19;3907;11;U993Z1P;Černý Most;50.11843;14.48307
20260624_154943_L331;20260624_154943;24.06.2026;15:36:00;331;1;4143;13;U1207Z1;Dolní Břežany,Zálepy;49.98082;14.50777
20260624_154943_L180;20260624_154943;24.06.2026;15:26:00;180;10;6899;22;U867Z2P;Obchodní centrum Zličín;50.09045;14.3845
20260624_154943_L136;20260624_154943;24.06.2026;15:35:00;136;7;5082;14;U916Z1P;Jižní Město;50.02515;14.51485
20260624_154943_L201;20260624_154943;24.06.2026;15:38:00;201;15;3895;11;U2704Z2P;Nádraží Holešovice;50.12889;14.49593
20260624_154943_L506;20260624_154943;24.06.2026;15:38:00;506;13;9537;10;U9712Z4;Příbram,Svatá Hora areál;49.69022;14.01876
20260624_154943_L332;20260624_154943;24.06.2026;15:36:00;332;20;9934;13;U2107Z1;Jílové u Prahy,náměstí;49.90734;14.49198
20260624_154943_L197;20260624_154943;24.06.2026;15:31:00;197;11;5074;16;U307Z2P;Smíchovské nádraží;49.99916;14.48762
20260624_154943_L201;20260624_154943;24.06.2026;15:39:00;201;17;4128;10;U1056Z2P;Černý Most;50.10756;14.57257
20260624_154943_L201;20260624_154943;24.06.2026;15:34:00;201;13;3892;15;U622Z2P;Nádraží Holešovice;50.11764;14.45669
20260624_154943_L199;20260624_154943;24.06.2026;15:33:00;199;1;4157;15;U418Z2P;Želivského;50.07716;14.48917
20260624_154943_L797;20260624_154943;24.06.2026;15:36:00;797;47;7876;11;U7528Z1;Chocerady;49.86938;14.80769
20260624_154943_L641;20260624_154943;24.06.2026;15:39:00;641;14;9573;10;U9855Z55;Beroun,autobusové nádraží;49.86957;13.94804
20260624_154943_L167;20260624_154943;24.06.2026;15:35:00;167;54;6913;14;U1040Z14P;Na Knížecí;50.07179;14.40262
20260624_154943_L136;20260624_154943;24.06.2026;15:37:00;136;21;6792;12;U344Z1P;Jižní Město;50.02889;14.50753
20260624_154943_L770;20260624_154943;24.06.2026;15:37:00;770;42;7861;10;U4080Z2;Uhlířské Janovice,nám.;49.88806;14.95024
20260624_154943_L369;20260624_154943;24.06.2026;15:35:00;369;21;8206;14;U1786Z2;Praha,Ládví;50.29927;14.5077
20260624_154943_L167;20260624_154943;24.06.2026;15:38:00;167;7;5056;11;U254Z6P;Na Knížecí;50.06976;14.37921
20260624_154943_L151;20260624_154943;24.06.2026;15:38:00;151;5;3706;11;U464Z5P;Českomoravská;50.10894;14.49454
20260624_154943_L199;20260624_154943;24.06.2026;15:37:00;199;2;3971;11;U418Z2P;Želivského;50.07831;14.4885
20260624_154943_L180;20260624_154943;24.06.2026;15:33:00;180;53;6856;15;U229Z2P;Dejvická;50.08698;14.37548
20260624_154943_L143;20260624_154943;24.06.2026;15:39:00;143;3;5051;10;U362Z10P;Stadion Strahov;50.08565;14.38302
20260624_154943_L114;20260624_154943;24.06.2026;15:39:00;114;10;6852;10;U632Z1P;Zelený pruh;50.04037;14.43606
20260624_154943_L168;20260624_154943;24.06.2026;15:34:00;168;3;3943;16;U1198Z1P;Bílá Hora;50.08862;14.32744
20260624_154943_L136;20260624_154943;24.06.2026;15:36:00;136;25;6791;13;U855Z1P;Jižní Město;50.07428;14.46596
20260624_154943_L136;20260624_154943;24.06.2026;15:36:00;136;10;6773;12;U516Z3P;Jižní Město;50.07943;14.46038
20260624_154943_L188;20260624_154943;24.06.2026;15:37:00;188;13;6911;12;U671Z3P;Kavčí hory;50.057;14.49377
20260624_155343_L136;20260624_155343;24.06.2026;15:42:00;136;21;6792;12;U353Z1P;Jižní Město;50.02624;14.52148
20260624_155343_L136;20260624_155343;24.06.2026;15:41:00;136;25;6791;13;U680Z3P;Jižní Město;50.06891;14.46903
20260624_155343_L199;20260624_155343;24.06.2026;15:37:00;199;2;3971;15;U418Z2P;Želivského;50.07709;14.48919
20260624_155343_L180;20260624_155343;24.06.2026;15:41:00;180;1;6858;11;U867Z2P;Obchodní centrum Zličín;50.09053;14.38457
20260624_155343_L180;20260624_155343;24.06.2026;15:34:00;180;16;6993;18;U867Z2P;Obchodní centrum Zličín;50.09046;14.38451
20260624_155343_L400;20260624_155343;24.06.2026;15:41:00;400;55;1088;11;U31047Z1;Nový Bor,aut.nádr.;50.52587;14.52197
20260624_155343_L332;20260624_155343;24.06.2026;15:42:00;332;19;9955;10;U4861Z1;Jílové u Prahy,náměstí;49.989;14.4917
20260624_155343_L466;20260624_155343;24.06.2026;15:41:00;466;23;8019;12;U4374Z1;Mělník,aut.nádr.;50.31902;14.36335
20260624_155343_L471;20260624_155343;24.06.2026;15:37:00;471;33;8079;15;U1786Z2;Kostelec n.L.,nám.;50.29794;14.50548
20260624_155343_L180;20260624_155343;24.06.2026;15:39:00;180;5;5123;14;U44Z2P;Dejvická;50.08642;14.37107
20260624_155343_L480;20260624_155343;24.06.2026;15:41:00;480;29;7221;11;U7804Z1;Solenice;49.60942;14.10348
20260624_155343_L201;20260624_155343;24.06.2026;15:41:00;201;15;3895;12;U683Z2P;Nádraží Holešovice;50.12544;14.48594
20260624_155343_L331;20260624_155343;24.06.2026;15:40:00;331;1;4143;13;U1525Z1;Dolní Břežany,Zálepy;49.97057;14.48328
20260624_155343_L482;20260624_155343;24.06.2026;15:40:00;482;14;9616;12;U31883Z2;Březnice,aut.st.;49.47948;13.9594
20260624_155343_L149;20260624_155343;24.06.2026;15:28:00;149;8;4200;24;U867Z2P;Stodůlky-Bavorská;50.09003;14.3841
20260624_155343_L228;20260624_155343;24.06.2026;15:43:00;228;11;9044;10;U1014Z2P;Poliklinika Malešice;50.07206;14.54251
20260624_155343_L209;20260624_155343;24.06.2026;15:40:00;209;44;9117;13;U2276Z1P;Nádraží Uhříněves;50.08128;14.61638
20260624_155343_L300;20260624_155343;24.06.2026;15:43:00;300;4;8959;10;U1782Z1;Smečno;50.14072;14.06539
20260624_155343_L199;20260624_155343;24.06.2026;15:33:00;199;1;4157;18;U418Z2P;Želivského;50.07719;14.48639
20260624_155343_L336;20260624_155343;24.06.2026;15:40:00;336;21;8882;13;U2115Z1;Jeneč,Lidická;50.08384;14.23186
20260624_155343_L349;20260624_155343;24.06.2026;15:30:00;349;23;8210;21;U2334Z2;Mělník,Podolí;50.27952;14.49582
20260624_155343_L365;20260624_155343;24.06.2026;15:39:00;365;8;8820;14;U1027Z1;Stochov,nám.;50.07705;14.29842
20260624_155343_L372;20260624_155343;24.06.2026;15:41:00;372;52;8039;12;U2218Z2;Praha,Kobylisy;50.20096;14.43489
20260624_155343_L380;20260624_155343;24.06.2026;15:43:00;380;5;9983;10;U394Z4;Praha,Vypich;50.06966;14.33522
20260624_155343_L381;20260624_155343;24.06.2026;15:35:00;381;13;1682;13;U967Z1;Zásmuky,nám.;50.03381;14.5956
20260624_155343_L384;20260624_155343;24.06.2026;15:41:00;384;15;9903;10;U4273Z1;Praha,Zličín;49.97587;14.10283
20260624_155343_L387;20260624_155343;24.06.2026;15:40:00;387;9;1686;13;U2008Z1;Uhlířské Janovice,nám.;49.9895;14.74146
20260624_155343_L471;20260624_155343;24.06.2026;15:41:00;471;37;8001;11;U1955Z1;Mělník,aut.nádr.;50.28339;14.49577
20260624_155343_L310;20260624_155343;24.06.2026;15:40:00;310;75;9579;12;U1643Z2;Praha,Zličín;50.05213;14.27475
20260624_155343_L676;20260624_155343;24.06.2026;15:38:00;676;32;8617;15;U3061Z1;Seletice;50.29454;15.07573
20260624_155343_L136;20260624_155343;24.06.2026;15:40:00;136;23;6969;11;U1074Z4P;Jižní Město;50.09186;14.46895
20260624_155343_L767;20260624_155343;24.06.2026;15:42:00;767;21;8562;11;U6124Z2;Bezno;50.32928;14.68808
20260624_155343_L711;20260624_155343;24.06.2026;15:38:00;711;1;12940;14;U9343Z11;Louny,Luna;50.35521;13.80419
20260624_155343_L146;20260624_155343;24.06.2026;15:39:00;146;3;9121;13;U694Z3P;Vinice Hrdlořezy;50.09062;14.50214
20260624_155343_L495;20260624_155343;24.06.2026;15:40:00;495;11;9759;13;U7904Z2;Rožmitál p.Tř.,aut.st.;49.58963;13.91176
20260624_155343_L445;20260624_155343;24.06.2026;15:41:00;445;18;7403;12;U1520Z2;Vrané n.Vlt.,žel.st.;49.92021;14.4474
20260624_155343_L450;20260624_155343;24.06.2026;15:43:00;450;4;7502;10;U7028Z1;Milevsko,aut.st.;49.73485;14.28025
20260624_155343_L506;20260624_155343;24.06.2026;15:43:00;506;13;9537;10;U9707Z1;Příbram,Svatá Hora areál;49.68968;14.02206
20260624_155343_L170;20260624_155343;24.06.2026;15:44:00;170;10;3722;10;U296Z2P;Jižní Město;50.04356;14.44227
20260624_155343_L770;20260624_155343;24.06.2026;15:40:00;770;42;7861;11;U6052Z1;Uhlířské Janovice,nám.;49.87271;14.94535
20260624_155343_L783;20260624_155343;24.06.2026;15:36:00;783;7;7633;17;U31477Z1;Chvaletice,u městského úřadu;50.0216;15.4308
20260624_155343_L470;20260624_155343;24.06.2026;15:41:00;470;51;8122;10;U1779Z1;Mělník,aut.nádr.;50.28084;14.39595
20260624_155343_L473;20260624_155343;24.06.2026;15:42:00;473;46;8032;10;U1955Z1;Zálezlice,Kozárovice;50.28545;14.49577
20260624_155343_L718;20260624_155343;24.06.2026;15:40:00;718;32;8663;12;U6363Z2;Mnichovo Hradiště,dopravní terminál;50.51449;14.99361
20260624_155343_L180;20260624_155343;24.06.2026;15:26:00;180;10;6899;26;U867Z2P;Obchodní centrum Zličín;50.08993;14.38381
20260624_155343_L499;20260624_155343;24.06.2026;15:43:00;499;36;8698;10;U6237Z2;Mladá Boleslav,aut.st.;50.36725;15.0041
20260624_155343_L543;20260624_155343;24.06.2026;15:38:00;543;13;7651;13;U6621Z1;Hradčany,ObÚ;50.153;15.27785
20260624_155343_L490;20260624_155343;24.06.2026;15:40:00;490;27;1628;13;U9619Z1;Stříbrná Skalice,náměstí;49.90912;14.7855
20260624_155343_L149;20260624_155343;24.06.2026;15:39:00;149;1;4173;14;U1210Z2P;Dejvická;50.05527;14.32613
20260624_155343_L491;20260624_155343;24.06.2026;15:41:00;491;10;8575;12;U9608Z2;Český Brod,žel.st.;50.02256;14.7885
20260624_155343_L201;20260624_155343;24.06.2026;15:43:00;201;19;3907;11;U351Z1P;Černý Most;50.12785;14.49142
20260624_155343_L335;20260624_155343;24.06.2026;15:39:00;335;6;9131;14;U1536Z1;Kamenice,kult.dům;49.91341;14.57581
20260624_155343_L136;20260624_155343;24.06.2026;15:44:00;136;26;6824;10;U118Z4P;Jižní Město;50.07866;14.46112
20260624_155343_L136;20260624_155343;24.06.2026;15:40:00;136;10;6773;14;U518Z3P;Jižní Město;50.07661;14.45885
20260624_155343_L686;20260624_155343;24.06.2026;15:43:00;686;34;8142;10;U2315Z1;Úvaly,žel.st.;50.07327;14.72556
20260624_155343_L332;20260624_155343;24.06.2026;15:38:00;332;1;9162;12;U488Z7;Praha,Budějovická;50.04173;14.45932
20260624_155343_L336;20260624_155343;24.06.2026;15:41:00;336;20;1440;11;U11006Z2;Jeneč,Lidická;50.0604;14.22758
20260624_155343_L197;20260624_155343;24.06.2026;15:31:00;197;11;5074;20;U307Z2P;Smíchovské nádraží;49.99916;14.48762
20260624_155343_L483;20260624_155343;24.06.2026;15:40:00;483;47;7876;13;U4146Z2;Ostředek;49.86993;14.80658
20260624_155343_L410;20260624_155343;24.06.2026;15:38:00;410;3;11611;13;U6070Z2;Praha,Střížkov;50.42574;14.46452
20260624_155343_L195;20260624_155343;24.06.2026;15:43:00;195;11;5040;10;U574Z1P;Jesenická;50.09177;14.51178
20260624_155343_L641;20260624_155343;24.06.2026;15:37:00;641;19;9406;15;U9855Z55;Hořovice,nemocnice;49.87365;13.92351
20260624_155343_L856;20260624_155343;24.06.2026;15:41:00;856;3;7302;10;U4219Z2;Kralupy n.Vlt.,Zeměchy;50.23265;14.27541
20260624_155343_L349;20260624_155343;24.06.2026;15:15:00;349;26;8202;33;U2334Z2;Mělník,Mlazice;50.29311;14.49867
20260624_155343_L369;20260624_155343;24.06.2026;15:35:00;369;21;8206;17;U1786Z2;Praha,Ládví;50.29735;14.50449
20260624_155343_L167;20260624_155343;24.06.2026;15:38:00;167;7;5056;13;U254Z6P;Na Knížecí;50.07108;14.39134
20260624_155343_L188;20260624_155343;24.06.2026;15:42:00;188;13;6911;11;U1092Z2P;Kavčí hory;50.05685;14.47255
20260624_155744_L136;20260624_155744;24.06.2026;15:46:00;136;26;6824;11;U518Z3P;Jižní Město;50.0759;14.45916
20260624_155744_L369;20260624_155744;24.06.2026;15:35:00;369;21;8206;20;U1786Z2;Praha,Ládví;50.29613;14.5024
20260624_155744_L136;20260624_155744;24.06.2026;15:47:00;136;18;6960;10;U606Z1P;Sídliště Čakovice;50.12264;14.5072
20260624_155744_L199;20260624_155744;24.06.2026;15:37:00;199;2;3971;18;U418Z2P;Želivského;50.07799;14.4788
20260624_155744_L167;20260624_155744;24.06.2026;15:38:00;167;7;5056;15;U254Z6P;Na Knížecí;50.07188;14.40093
20260624_155744_L136;20260624_155744;24.06.2026;15:45:00;136;25;6791;13;U183Z3P;Jižní Město;50.05667;14.47132
20260624_155744_L332;20260624_155744;24.06.2026;15:46:00;332;19;9955;11;U1331Z1;Jílové u Prahy,náměstí;49.97747;14.4997
20260624_155744_L347;20260624_155744;24.06.2026;15:47:00;347;22;1443;10;U1968Z1;Hostivice,nádraží;50.04657;14.2624
20260624_155744_L365;20260624_155744;24.06.2026;15:46:00;365;8;8820;11;U2114Z1;Stochov,nám.;50.08089;14.26125
20260624_155744_L458;20260624_155744;24.06.2026;15:45:00;458;24;7902;12;U9391Z6;Mladá Vožice,aut.st.;49.70219;14.89488
20260624_155744_L323;20260624_155744;24.06.2026;15:47:00;323;16;8858;10;U85Z1;Praha,Nádraží Veleslavín;50.09269;14.32775
20260624_155744_L336;20260624_155744;24.06.2026;15:47:00;336;21;8882;10;U1216Z1;Praha,Zličín;50.08952;14.21489
20260624_155744_L339;20260624_155744;24.06.2026;15:43:00;339;16;9936;13;U1330Z1;Týnec n.Sáz.,žel.st.;49.96207;14.52352
20260624_155744_L347;20260624_155744;24.06.2026;15:45:00;347;18;8890;10;U1142Z2;Praha,Zličín;50.05519;14.28962
20260624_155744_L349;20260624_155744;24.06.2026;15:15:00;349;26;8202;38;U2334Z2;Mělník,Mlazice;50.29721;14.50432
20260624_155744_L770;20260624_155744;24.06.2026;15:44:00;770;42;7861;11;U9945Z1;Uhlířské Janovice,nám.;49.8713;14.96949
20260624_155744_L783;20260624_155744;24.06.2026;15:36:00;783;7;7633;21;U31477Z1;Chvaletice,u městského úřadu;50.0216;15.4308
20260624_155744_L372;20260624_155744;24.06.2026;15:44:00;372;52;8039;12;U2217Z2;Praha,Kobylisy;50.17666;14.44651
20260624_155744_L387;20260624_155744;24.06.2026;15:43:00;387;9;1686;14;U2010Z1;Uhlířské Janovice,nám.;49.98827;14.76827
20260624_155744_L406;20260624_155744;24.06.2026;15:45:00;406;3;7933;11;U2139Z2;Vlašim,žel.st.;49.78559;14.68281
20260624_155744_L483;20260624_155744;24.06.2026;15:43:00;483;47;7876;14;U7601Z1;Ostředek;49.85932;14.82461
20260624_155744_L628;20260624_155744;24.06.2026;15:47:00;628;24;8798;10;U9323Z2;Kladno,autobusové nádraží;50.1993;13.90569
20260624_155744_L491;20260624_155744;24.06.2026;15:44:00;491;10;8575;12;U4570Z1;Český Brod,žel.st.;50.03652;14.80788
20260624_155744_L300;20260624_155744;24.06.2026;15:46:00;300;4;8959;11;U4791Z1;Smečno;50.15826;14.04873
20260624_155744_L499;20260624_155744;24.06.2026;15:47:00;499;36;8698;10;U6236Z2;Mladá Boleslav,aut.st.;50.37815;14.99333
20260624_155744_L490;20260624_155744;24.06.2026;15:43:00;490;27;1628;12;U2058Z1;Stříbrná Skalice,náměstí;49.91641;14.80588
20260624_155744_L543;20260624_155744;24.06.2026;15:38:00;543;13;7651;17;U6621Z1;Hradčany,ObÚ;50.153;15.27785
20260624_155744_L705;20260624_155744;24.06.2026;15:45:00;705;37;8697;10;U7193Z1;Čáslav,obchodní centrum;49.91671;15.32604
20260624_155744_L669;20260624_155744;24.06.2026;15:44:00;669;26;8074;11;U1462Z1;Sudovo Hlavno;50.23501;14.64461
20260624_155744_L495;20260624_155744;24.06.2026;15:44:00;495;11;9759;13;U7900Z1;Rožmitál p.Tř.,aut.st.;49.605;13.87514
20260624_155744_L195;20260624_155744;24.06.2026;15:47:00;195;11;5040;11;U660Z4P;Jesenická;50.08335;14.50946
20260624_155744_L307;20260624_155744;24.06.2026;15:47:00;307;14;8751;10;U1190Z2;Praha,Zličín;50.04453;14.25861
20260624_155744_L470;20260624_155744;24.06.2026;15:47:00;470;51;8122;10;U2341Z1;Mělník,aut.nádr.;50.28107;14.421
20260624_155744_L767;20260624_155744;24.06.2026;15:45:00;767;21;8562;12;U6110Z2;Bezno;50.32974;14.71643
20260624_155744_L136;20260624_155744;24.06.2026;15:43:00;136;23;6969;14;U512Z5P;Jižní Město;50.09016;14.46646
20260624_155744_L149;20260624_155744;24.06.2026;15:45:00;149;2;4193;13;U182Z1P;Stodůlky-Bavorská;50.08903;14.38165
20260624_155744_L180;20260624_155744;24.06.2026;15:43:00;180;1;6858;13;U182Z1P;Obchodní centrum Zličín;50.08699;14.37401
20260624_155744_L136;20260624_155744;24.06.2026;15:45:00;136;21;6792;12;U151Z1P;Jižní Město;50.03213;14.53454
20260624_155744_L349;20260624_155744;24.06.2026;15:45:00;349;22;8208;10;U2334Z2;Mělník,Podolí;50.27194;14.49587
20260624_155744_L471;20260624_155744;24.06.2026;15:41:00;471;37;8001;14;U1955Z1;Mělník,aut.nádr.;50.28569;14.49576
20260624_155744_L471;20260624_155744;24.06.2026;15:45:00;471;32;8036;12;U1796Z2;Neratovice,Kojetická;50.36114;14.46926
20260624_155744_L471;20260624_155744;24.06.2026;15:37:00;471;33;8079;18;U1786Z2;Kostelec n.L.,nám.;50.29672;14.50341
20260624_155744_L333;20260624_155744;24.06.2026;15:46:00;333;2;7419;11;U1503Z1;Březová-Oleško,Oleško;49.96332;14.45563
20260624_155744_L110;20260624_155744;24.06.2026;15:46:00;110;6;8136;10;U499Z5P;Dolní Počernice;50.10677;14.53142
20260624_155744_L548;20260624_155744;24.06.2026;15:46:00;548;12;9511;10;U9615Z4;Hořovice,nemocnice;49.84015;13.89428
20260624_155744_L182;20260624_155744;24.06.2026;15:47:00;182;6;4072;10;U474Z5P;Kbelský hřbitov;50.11096;14.50256
20260624_155744_L149;20260624_155744;24.06.2026;15:43:00;149;1;4173;15;U968Z2P;Dejvická;50.0548;14.34599
20260624_155744_L130;20260624_155744;24.06.2026;15:48:00;130;9;4085;10;U2797Z2P;Zličín;50.04247;14.30973
20260624_155744_L170;20260624_155744;24.06.2026;15:45:00;170;3;4023;12;U619Z2P;Pražská čtvrť;50.03598;14.41186
20260624_155744_L349;20260624_155744;24.06.2026;15:30:00;349;23;8210;23;U2334Z2;Mělník,Podolí;50.28128;14.49585
20260624_155744_L336;20260624_155744;24.06.2026;15:47:00;336;20;1440;10;U1179Z1;Jeneč,Lidická;50.06868;14.2472
20260624_155744_L149;20260624_155744;24.06.2026;15:48:00;149;6;4199;10;U565Z1P;Dejvická;50.07297;14.3729
20260624_155744_L110;20260624_155744;24.06.2026;15:46:00;110;2;8103;11;U207Z3P;Dolní Počernice;50.09143;14.54699
20260624_155744_L480;20260624_155744;24.06.2026;15:44:00;480;29;7221;11;U7802Z1;Solenice;49.60129;14.10527
20260624_155744_L201;20260624_155744;24.06.2026;15:46:00;201;19;3907;11;U606Z5P;Černý Most;50.12301;14.50695
20260624_155744_L201;20260624_155744;24.06.2026;15:44:00;201;15;3895;13;U993Z2P;Nádraží Holešovice;50.11728;14.47377
20260624_155744_L167;20260624_155744;24.06.2026;15:45:00;167;1;5005;10;U254Z6P;Na Knížecí;50.07099;14.39078
20260624_155744_L197;20260624_155744;24.06.2026;15:31:00;197;11;5074;24;U307Z2P;Smíchovské nádraží;49.99916;14.48763
20260624_155744_L473;20260624_155744;24.06.2026;15:42:00;473;46;8032;12;U1955Z1;Zálezlice,Kozárovice;50.28689;14.49575
20260624_155744_L718;20260624_155744;24.06.2026;15:45:00;718;32;8663;11;U3253Z1;Mnichovo Hradiště,dopravní terminál;50.52056;14.97347
20260624_155744_L136;20260624_155744;24.06.2026;15:45:00;136;10;6773;12;U29Z1P;Jižní Město;50.07257;14.47055
20260624_155744_L199;20260624_155744;24.06.2026;15:44:00;199;5;3964;12;U418Z2P;Želivského;50.0772;14.48919
20260624_155744_L798;20260624_155744;24.06.2026;15:43:00;798;4;7859;14;U1384Z8;Benešov,Dlouhé Pole;49.77928;14.68384
20260624_155744_L126;20260624_155744;24.06.2026;15:46:00;126;5;4111;12;U542Z2P;Nádraží Uhříněves;50.03464;14.5945
20260624_155744_L136;20260624_155744;24.06.2026;15:46:00;136;11;5089;11;U1074Z4P;Jižní Město;50.09367;14.47308
20260624_155744_L380;20260624_155744;24.06.2026;15:46:00;380;3;9971;11;U4962Z2;Praha,Vypich;49.96454;14.06372
20260624_155744_L188;20260624_155744;24.06.2026;15:47:00;188;13;6911;11;U376Z1P;Kavčí hory;50.05506;14.45364
20260624_160144_L136;20260624_160144;24.06.2026;15:52:00;136;18;6960;10;U89Z1P;Sídliště Čakovice;50.13051;14.50848
20260624_160144_L170;20260624_160144;24.06.2026;15:45:00;170;3;4023;16;U619Z2P;Pražská čtvrť;50.03598;14.41186
20260624_160144_L170;20260624_160144;24.06.2026;15:51:00;170;3;3844;10;U49Z1P;Pražská čtvrť;50.03649;14.38692
20260624_160144_L548;20260624_160144;24.06.2026;15:50:00;548;12;9511;11;U9616Z7;Hořovice,nemocnice;49.83822;13.89897
20260624_160144_L400;20260624_160144;24.06.2026;15:48:00;400;55;1088;10;U31046Z4;Nový Bor,aut.nádr.;50.56816;14.54432
20260624_160144_L188;20260624_160144;24.06.2026;15:48:00;188;14;6730;10;U418Z2P;Želivského;50.07777;14.48106
20260624_160144_L406;20260624_160144;24.06.2026;15:48:00;406;3;7933;10;U1384Z16;Vlašim,žel.st.;49.77924;14.68362
20260624_160144_L146;20260624_160144;24.06.2026;15:50:00;146;6;9472;11;U834Z1P;Habrová;50.08687;14.48692
20260624_160144_L349;20260624_160144;24.06.2026;15:45:00;349;22;8208;14;U2334Z2;Mělník,Podolí;50.27479;14.49585
20260624_160144_L347;20260624_160144;24.06.2026;15:50:00;347;22;1443;11;U3206Z1;Hostivice,nádraží;50.05957;14.24401
20260624_160144_L349;20260624_160144;24.06.2026;15:30:00;349;23;8210;27;U2334Z2;Mělník,Podolí;50.28203;14.49581
20260624_160144_L369;20260624_160144;24.06.2026;15:50:00;369;46;8272;10;U1786Z2;Praha,Ládví;50.30029;14.5094
20260624_160144_L372;20260624_160144;24.06.2026;15:48:00;372;52;8039;13;U2264Z2;Praha,Kobylisy;50.15439;14.45117
20260624_160144_L490;20260624_160144;24.06.2026;15:49:00;490;30;1624;11;U2360Z1;Ondřejov,náměstí;49.93898;14.7043
20260624_160144_L458;20260624_160144;24.06.2026;15:50:00;458;24;7902;11;U6785Z2;Mladá Vožice,aut.st.;49.66862;14.88314
20260624_160144_L307;20260624_160144;24.06.2026;15:48:00;307;14;8751;13;U1968Z2;Praha,Zličín;50.04913;14.26707
20260624_160144_L188;20260624_160144;24.06.2026;15:51:00;188;13;6911;10;U201Z1P;Kavčí hory;50.05737;14.44304
20260624_160144_L180;20260624_160144;24.06.2026;15:48:00;180;14;6902;14;U229Z2P;Dejvická;50.08646;14.37164
20260624_160144_L228;20260624_160144;24.06.2026;15:51:00;228;12;9402;10;U1385Z1P;Benice;50.02239;14.60415
20260624_160144_L387;20260624_160144;24.06.2026;15:47:00;387;9;1686;14;U2012Z1;Uhlířské Janovice,nám.;49.9918;14.81475
20260624_160144_L300;20260624_160144;24.06.2026;15:49:00;300;4;8959;12;U4145Z1;Smečno;50.16916;14.05788
20260624_160144_L400;20260624_160144;24.06.2026;15:50:00;400;51;1090;11;U31355Z1;Varnsdorf,aut.nádr.;50.70237;14.54294
20260624_160144_L228;20260624_160144;24.06.2026;15:51:00;228;11;9044;10;U1071Z2P;Poliklinika Malešice;50.07653;14.51677
20260624_160144_L365;20260624_160144;24.06.2026;15:49:00;365;8;8820;11;U1145Z3;Stochov,nám.;50.08357;14.23297
20260624_160144_L332;20260624_160144;24.06.2026;15:50:00;332;19;9955;11;U1330Z1;Jílové u Prahy,náměstí;49.96699;14.51585
20260624_160144_L333;20260624_160144;24.06.2026;15:49:00;333;2;7419;12;U1504Z2;Březová-Oleško,Oleško;49.95655;14.43347
20260624_160144_L336;20260624_160144;24.06.2026;15:47:00;336;21;8882;14;U1216Z1;Praha,Zličín;50.08918;14.21474
20260624_160144_L783;20260624_160144;24.06.2026;15:36:00;783;7;7633;25;U31477Z1;Chvaletice,u městského úřadu;50.0216;15.4308
20260624_160144_L470;20260624_160144;24.06.2026;15:51:00;470;51;8122;10;U2342Z1;Mělník,aut.nádr.;50.28975;14.45482
20260624_160144_L767;20260624_160144;24.06.2026;15:49:00;767;21;8562;10;U6108Z2;Bezno;50.32589;14.76238
20260624_160144_L467;20260624_160144;24.06.2026;15:47:00;467;15;8116;14;U4728Z1;Roudnice n.L.,ČSAD;50.37389;14.38854
20260624_160144_L164;20260624_160144;24.06.2026;15:50:00;164;4;1951;11;U563Z2P;Malovanka;50.08538;14.37895
20260624_160144_L491;20260624_160144;24.06.2026;15:50:00;491;10;8575;11;U2273Z2;Český Brod,žel.st.;50.0594;14.82454
20260624_160144_L149;20260624_160144;24.06.2026;15:48:00;149;2;4193;13;U362Z10P;Stodůlky-Bavorská;50.0853;14.38345
20260624_160144_L655;20260624_160144;24.06.2026;15:50:00;655;45;8130;11;U4173Z1;Brandýs n.L.-St.Bol.,nádr.;50.117;14.69704
20260624_160144_L705;20260624_160144;24.06.2026;15:49:00;705;37;8697;10;U7296Z1;Čáslav,obchodní centrum;49.90781;15.34196
20260624_160144_L669;20260624_160144;24.06.2026;15:49:00;669;26;8074;11;U1460Z1;Sudovo Hlavno;50.24814;14.65062
20260624_160144_L543;20260624_160144;24.06.2026;15:38:00;543;13;7651;21;U6621Z1;Hradčany,ObÚ;50.153;15.27785
20260624_160144_L617;20260624_160144;24.06.2026;15:50:00;617;36;1897;11;U4366Z2;Kladno,autobusové nádraží;50.33597;14.28395
20260624_160144_L207;20260624_160144;24.06.2026;15:51:00;207;21;3746;10;U620Z2P;Staroměstská;50.09291;14.42099
20260624_160144_L506;20260624_160144;24.06.2026;15:50:00;506;3;9535;11;U9756Z1;Příbram,Zdaboř,Červená;49.66962;13.99553
20260624_160144_L201;20260624_160144;24.06.2026;15:51:00;201;19;3907;10;U1000Z12P;Černý Most;50.12577;14.51677
20260624_160144_L182;20260624_160144;24.06.2026;15:51:00;182;11;3979;10;U219Z1P;Opatov;50.04129;14.51184
20260624_160144_L149;20260624_160144;24.06.2026;15:52:00;149;6;4199;10;U1407Z2P;Dejvická;50.0794;14.37964
20260624_160144_L201;20260624_160144;24.06.2026;15:49:00;201;15;3895;13;U622Z2P;Nádraží Holešovice;50.11769;14.4566
20260624_160144_L180;20260624_160144;24.06.2026;15:49:00;180;2;5001;11;U867Z2P;Obchodní centrum Zličín;50.08928;14.38286
20260624_160144_L201;20260624_160144;24.06.2026;15:51:00;201;14;4134;10;U899Z4P;Černý Most;50.14157;14.51639
20260624_160144_L110;20260624_160144;24.06.2026;15:46:00;110;2;8103;14;U207Z3P;Dolní Počernice;50.08973;14.54713
20260624_160144_L130;20260624_160144;24.06.2026;15:51:00;130;9;4085;10;U1140Z1P;Zličín;50.04674;14.30793
20260624_160144_L170;20260624_160144;24.06.2026;15:51:00;170;10;3722;10;U415Z1P;Jižní Město;50.04515;14.46134
20260624_160144_L182;20260624_160144;24.06.2026;15:52:00;182;6;4072;10;U603Z1P;Kbelský hřbitov;50.11865;14.49966
20260624_160144_L136;20260624_160144;24.06.2026;15:48:00;136;25;6791;13;U697Z3P;Jižní Město;50.04823;14.48136
20260624_160144_L155;20260624_160144;24.06.2026;15:47:00;155;2;9120;14;U548Z1P;Nemocnice Vinohrady;50.08232;14.50284
20260624_160144_L195;20260624_160144;24.06.2026;15:49:00;195;11;5040;11;U827Z1P;Jesenická;50.07879;14.50833
20260624_160144_L712;20260624_160144;24.06.2026;15:48:00;712;6;9765;13;U6251Z1;Bělá p.Bezd.,Bezdědice;50.48248;14.70168
20260624_160144_L485;20260624_160144;24.06.2026;15:51:00;485;95;7892;10;U4495Z2;Chářovice,II;49.83034;14.58462
20260624_160144_L167;20260624_160144;24.06.2026;15:45:00;167;1;5005;14;U254Z6P;Na Knížecí;50.07163;14.3938
20260624_160144_L197;20260624_160144;24.06.2026;15:31:00;197;11;5074;28;U307Z2P;Smíchovské nádraží;49.99916;14.48763
20260624_160144_L331;20260624_160144;24.06.2026;15:48:00;331;1;4143;13;U1510Z1;Dolní Břežany,Zálepy;49.95824;14.44951
20260624_160144_L136;20260624_160144;24.06.2026;15:49:00;136;10;6773;12;U37Z1P;Jižní Město;50.06056;14.46979
20260624_160144_L199;20260624_160144;24.06.2026;15:44:00;199;5;3964;16;U418Z2P;Želivského;50.07719;14.48666
20260624_160144_L798;20260624_160144;24.06.2026;15:43:00;798;4;7859;16;U1384Z8;Benešov,Dlouhé Pole;49.78546;14.68226
20260624_160144_L136;20260624_160144;24.06.2026;15:46:00;136;11;5089;14;U1074Z4P;Jižní Město;50.09225;14.46976
20260624_160545_L333;20260624_160545;24.06.2026;15:53:00;333;2;7419;12;U6955Z1;Březová-Oleško,Oleško;49.93907;14.42731
20260624_160545_L467;20260624_160545;24.06.2026;15:51:00;467;15;8116;14;U4712Z1;Roudnice n.L.,ČSAD;50.38942;14.33206
20260624_160545_L170;20260624_160545;24.06.2026;15:55:00;170;13;3823;10;U386Z1P;Jižní Město;50.03098;14.52402
20260624_160545_L369;20260624_160545;24.06.2026;15:50:00;369;46;8272;13;U1786Z2;Praha,Ládví;50.29796;14.50546
20260624_160545_L180;20260624_160545;24.06.2026;15:54:00;180;52;5004;11;U44Z2P;Dejvická;50.08611;14.36835
20260624_160545_L149;20260624_160545;24.06.2026;15:54:00;149;6;4199;11;U981Z1P;Dejvická;50.08081;14.39001
20260624_160545_L149;20260624_160545;24.06.2026;15:52:00;149;2;4193;13;U1407Z1P;Stodůlky-Bavorská;50.07908;14.38258
20260624_160545_L136;20260624_160545;24.06.2026;15:52:00;136;25;6791;13;U181Z1P;Jižní Město;50.03948;14.49055
20260624_160545_L332;20260624_160545;24.06.2026;15:50:00;332;19;9955;15;U1330Z1;Jílové u Prahy,náměstí;49.96424;14.51949
20260624_160545_L349;20260624_160545;24.06.2026;15:30:00;349;23;8210;32;U2334Z2;Mělník,Podolí;50.285;14.49578
20260624_160545_L641;20260624_160545;24.06.2026;15:53:00;641;14;9573;12;U9106Z1;Beroun,autobusové nádraží;49.91804;13.98001
20260624_160545_L188;20260624_160545;24.06.2026;15:56:00;188;5;6950;10;U198Z1P;Kavčí hory;50.06568;14.49264
20260624_160545_L669;20260624_160545;24.06.2026;15:54:00;669;26;8074;10;U1466Z1;Sudovo Hlavno;50.24924;14.64116
20260624_160545_L506;20260624_160545;24.06.2026;15:53:00;506;3;9535;12;U9759Z1;Příbram,Zdaboř,Červená;49.66327;13.98486
20260624_160545_L383;20260624_160545;24.06.2026;15:54:00;383;44;9488;11;U808Z5;Ondřejov,náměstí;50.03115;14.60805
20260624_160545_L188;20260624_160545;24.06.2026;15:54:00;188;13;6911;11;U385Z1P;Kavčí hory;50.05178;14.43774
20260624_160545_L201;20260624_160545;24.06.2026;15:56:00;201;19;3907;10;U125Z1P;Černý Most;50.1391;14.50487
20260624_160545_L347;20260624_160545;24.06.2026;15:52:00;347;22;1443;13;U11006Z2;Hostivice,nádraží;50.05483;14.22755
20260624_160545_L167;20260624_160545;24.06.2026;15:45:00;167;1;5005;16;U254Z6P;Na Knížecí;50.07185;14.40119
20260624_160545_L180;20260624_160545;24.06.2026;15:48:00;180;14;6902;17;U229Z2P;Dejvická;50.08667;14.3735
20260624_160545_L180;20260624_160545;24.06.2026;15:53:00;180;2;5001;12;U229Z1P;Obchodní centrum Zličín;50.0866;14.37038
20260624_160545_L182;20260624_160545;24.06.2026;15:54:00;182;6;4072;10;U606Z1P;Kbelský hřbitov;50.12412;14.51184
20260624_160545_L458;20260624_160545;24.06.2026;15:53:00;458;24;7902;11;U7650Z2;Mladá Vožice,aut.st.;49.64733;14.89094
20260624_160545_L400;20260624_160545;24.06.2026;15:54:00;400;55;1088;10;U31349Z1;Nový Bor,aut.nádr.;50.59805;14.56113
20260624_160545_L228;20260624_160545;24.06.2026;15:55:00;228;14;9014;10;U461Z2P;Poliklinika Malešice;50.03364;14.5956
20260624_160545_L300;20260624_160545;24.06.2026;15:52:00;300;4;8959;12;U1400Z1;Smečno;50.17844;14.05392
20260624_160545_L706;20260624_160545;24.06.2026;15:53:00;706;62;1613;11;U4997Z2;Uhlířské Janovice,nám.;50.02051;15.19775
20260624_160545_L685;20260624_160545;24.06.2026;15:53:00;685;38;1587;10;U2042Z1;Strančice,žel.st.;49.92676;14.76479
20260624_160545_L110;20260624_160545;24.06.2026;15:51:00;110;2;8103;14;U158Z1P;Dolní Počernice;50.09029;14.56319
20260624_160545_L155;20260624_160545;24.06.2026;15:51:00;155;2;9120;13;U359Z1P;Nemocnice Vinohrady;50.08507;14.50537
20260624_160545_L795;20260624_160545;24.06.2026;15:54:00;795;19;7848;10;U5742Z1;Zruč n.Sáz.,Sázavan;49.70206;15.04721
20260624_160545_L548;20260624_160545;24.06.2026;15:52:00;548;12;9511;13;U9617Z2;Hořovice,nemocnice;49.83542;13.90265
20260624_160545_L201;20260624_160545;24.06.2026;15:55:00;201;14;4134;10;U2769Z2P;Černý Most;50.13527;14.53624
20260624_160545_L491;20260624_160545;24.06.2026;15:53:00;491;10;8575;12;U1417Z2;Český Brod,žel.st.;50.06916;14.85156
20260624_160545_L322;20260624_160545;24.06.2026;15:53:00;322;13;8794;11;U4310Z1;Kladno,autobusové nádraží;50.14054;14.09945
20260624_160545_L332;20260624_160545;24.06.2026;15:51:00;332;24;9133;12;U908Z2;Praha,Budějovická;50.02888;14.4559
20260624_160545_L335;20260624_160545;24.06.2026;15:54:00;335;30;9141;11;U1330Z1;Kamenice,kult.dům;49.96616;14.51708
20260624_160545_L336;20260624_160545;24.06.2026;15:55:00;336;19;1444;10;U1643Z2;Praha,Zličín;50.05079;14.27267
20260624_160545_L349;20260624_160545;24.06.2026;15:45:00;349;22;8208;18;U2334Z2;Mělník,Podolí;50.27548;14.49585
20260624_160545_L783;20260624_160545;24.06.2026;15:36:00;783;7;7633;29;U31477Z1;Chvaletice,u městského úřadu;50.0216;15.4308
20260624_160545_L712;20260624_160545;24.06.2026;15:48:00;712;6;9765;17;U6251Z1;Bělá p.Bezd.,Bezdědice;50.48248;14.70168
20260624_160545_L434;20260624_160545;24.06.2026;15:55:00;434;17;8551;10;U1496Z1;Benátky n.Jiz.,aut.st.;50.22811;14.88393
20260624_160545_L372;20260624_160545;24.06.2026;15:52:00;372;52;8039;11;U864Z9;Praha,Kobylisy;50.12661;14.45215
20260624_160545_L369;20260624_160545;24.06.2026;15:53:00;369;42;8233;12;U1798Z2;Praha,Ládví;50.37357;14.46653
20260624_160545_L382;20260624_160545;24.06.2026;15:52:00;382;38;9111;13;U2026Z1;Sázava,aut.st.;49.89781;14.84544
20260624_160545_L365;20260624_160545;24.06.2026;15:54:00;365;8;8820;11;U2117Z1;Stochov,nám.;50.08833;14.1991
20260624_160545_L136;20260624_160545;24.06.2026;15:51:00;136;58;6945;11;U1074Z4P;Jižní Město;50.09103;14.46824
20260624_160545_L387;20260624_160545;24.06.2026;15:52:00;387;9;1686;13;U2015Z1;Uhlířské Janovice,nám.;49.9917;14.8541
20260624_160545_L149;20260624_160545;24.06.2026;15:52:00;149;7;3729;13;U281Z6P;Dejvická;50.05368;14.31066
20260624_160545_L195;20260624_160545;24.06.2026;15:53:00;195;11;5040;12;U953Z1P;Jesenická;50.06585;14.50609
20260624_160545_L182;20260624_160545;24.06.2026;15:55:00;182;7;4181;10;U694Z4P;Kbelský hřbitov;50.09267;14.49762
20260624_160545_L419;20260624_160545;24.06.2026;15:55:00;419;84;9562;10;U2278Z1;Černošice,žel.zast.;49.94798;14.32977
20260624_160545_L182;20260624_160545;24.06.2026;15:54:00;182;11;3979;11;U344Z4P;Opatov;50.03195;14.50732
20260624_160545_L543;20260624_160545;24.06.2026;15:38:00;543;13;7651;25;U6621Z1;Hradčany,ObÚ;50.153;15.27785
20260624_160545_L130;20260624_160545;24.06.2026;15:53:00;130;9;4085;10;U281Z7P;Zličín;50.05346;14.30232
20260624_160545_L705;20260624_160545;24.06.2026;15:52:00;705;37;8697;11;U7297Z1;Čáslav,obchodní centrum;49.91059;15.3743
20260624_160545_L170;20260624_160545;24.06.2026;15:55:00;170;10;3722;10;U643Z1P;Jižní Město;50.04702;14.47663
20260624_160545_L136;20260624_160545;24.06.2026;15:54:00;136;10;6773;11;U697Z3P;Jižní Město;50.04874;14.48086
20260624_160545_L490;20260624_160545;24.06.2026;15:51:00;490;27;1628;13;U2092Z1;Stříbrná Skalice,náměstí;49.90114;14.83985
20260624_160545_L448;20260624_160545;24.06.2026;15:53:00;448;91;1111;11;U1852Z51;Mníšek p.Brdy,náměstí;49.92649;14.27546
20260624_160545_L228;20260624_160545;24.06.2026;15:55:00;228;11;9044;10;U827Z2P;Poliklinika Malešice;50.07844;14.50806
20260624_160545_L307;20260624_160545;24.06.2026;15:48:00;307;14;8751;16;U1968Z2;Praha,Zličín;50.05031;14.27124
20260624_160545_L146;20260624_160545;24.06.2026;15:52:00;146;6;9472;13;U128Z2P;Želivského;50.08786;14.49081
20260624_160545_L197;20260624_160545;24.06.2026;15:31:00;197;11;5074;32;U307Z2P;Smíchovské nádraží;49.99916;14.48763
20260624_160545_L180;20260624_160545;24.06.2026;15:54:00;180;8;6906;11;U4191Z2P;Dejvická;50.04949;14.29778
20260624_160545_L331;20260624_160545;24.06.2026;15:54:00;331;1;4143;11;U1508Z1;Dolní Břežany,Zálepy;49.9474;14.41996
20260624_160545_L383;20260624_160545;24.06.2026;15:55:00;383;41;9179;10;U2046Z1;Chocerady;49.9044;14.78432
20260624_160545_L430;20260624_160545;24.06.2026;15:55:00;430;19;8558;10;U1496Z1;Lysá n.L.,žel.st.;50.22774;14.88344
20260624_160545_L380;20260624_160545;24.06.2026;15:53:00;380;3;9971;11;U4273Z1;Praha,Vypich;49.97175;14.08673
20260624_160545_L167;20260624_160545;24.06.2026;15:53:00;167;5;6941;10;U254Z6P;Na Knížecí;50.07103;14.38964
20260624_160545_L180;20260624_160545;24.06.2026;15:55:00;180;3;6864;10;U592Z2P;Obchodní centrum Zličín;50.09463;14.39286
20260624_160946_L170;20260624_160946;24.06.2026;15:58:00;170;13;3823;11;U151Z1P;Jižní Město;50.03207;14.53449
20260624_160946_L149;20260624_160946;24.06.2026;15:55:00;149;7;3729;14;U786Z2P;Dejvická;50.05546;14.32977
20260624_160946_L170;20260624_160946;24.06.2026;15:58:00;170;10;3722;11;U417Z1P;Jižní Město;50.04291;14.4878
20260624_160946_L669;20260624_160946;24.06.2026;15:56:00;669;26;8074;10;U1464Z1;Sudovo Hlavno;50.27496;14.65499
20260624_160946_L228;20260624_160946;24.06.2026;15:58:00;228;14;9014;11;U9691Z2P;Poliklinika Malešice;50.04445;14.5859
20260624_160946_L337;20260624_160946;24.06.2026;15:58:00;337;14;9364;10;U1330Z1;Benešov,Terminál;49.96518;14.51819
20260624_160946_L470;20260624_160946;24.06.2026;15:58:00;470;51;8122;11;U1785Z1;Mělník,aut.nádr.;50.28946;14.49506
20260624_160946_L181;20260624_160946;24.06.2026;15:58:00;181;6;5018;10;U747Z1P;Opatov;50.07765;14.53775
20260624_160946_L180;20260624_160946;24.06.2026;15:55:00;180;52;5004;14;U229Z2P;Dejvická;50.08653;14.37163
20260624_160946_L180;20260624_160946;24.06.2026;15:48:00;180;14;6902;20;U229Z2P;Dejvická;50.08715;14.37699
20260624_160946_L188;20260624_160946;24.06.2026;15:59:00;188;5;6950;10;U671Z3P;Kavčí hory;50.05774;14.49371
20260624_160946_L136;20260624_160946;24.06.2026;15:57:00;136;24;6776;11;U1074Z4P;Jižní Město;50.0926;14.47129
20260624_160946_L201;20260624_160946;24.06.2026;15:59:00;201;19;3907;10;U899Z4P;Černý Most;50.14157;14.51638
20260624_160946_L136;20260624_160946;24.06.2026;15:57:00;136;58;6945;12;U743Z2P;Jižní Město;50.08655;14.45547
20260624_160946_L311;20260624_160946;24.06.2026;15:56:00;311;78;9771;12;U1852Z51;Řevnice,nádraží;49.93003;14.27444
20260624_160946_L712;20260624_160946;24.06.2026;15:48:00;712;6;9765;21;U6251Z1;Bělá p.Bezd.,Bezdědice;50.48248;14.70168
20260624_160946_L499;20260624_160946;24.06.2026;15:57:00;499;36;8698;10;U9359Z2;Mladá Boleslav,aut.st.;50.41027;14.93136
20260624_160946_L322;20260624_160946;24.06.2026;15:55:00;322;13;8794;13;U3094Z1;Kladno,autobusové nádraží;50.14506;14.09553
20260624_160946_L400;20260624_160946;24.06.2026;15:57:00;400;55;1088;11;U31351Z1;Nový Bor,aut.nádr.;50.61512;14.56347
20260624_160946_L300;20260624_160946;24.06.2026;15:56:00;300;4;8959;12;U3208Z1;Smečno;50.18226;14.04284
20260624_160946_L706;20260624_160946;24.06.2026;15:55:00;706;62;1613;10;U9983Z2;Uhlířské Janovice,nám.;50.00406;15.17088
20260624_160946_L419;20260624_160946;24.06.2026;15:58:00;419;84;9562;11;U1622Z2;Černošice,žel.zast.;49.94992;14.31465
20260624_160946_L783;20260624_160946;24.06.2026;15:36:00;783;7;7633;33;U31477Z1;Chvaletice,u městského úřadu;50.0216;15.4308
20260624_160946_L466;20260624_160946;24.06.2026;15:55:00;466;23;8019;14;U4384Z1;Mělník,aut.nádr.;50.34642;14.41727
20260624_160946_L466;20260624_160946;24.06.2026;15:58:00;466;30;8086;10;U4224Z2;Spomyšl;50.24257;14.30613
20260624_160946_L696;20260624_160946;24.06.2026;15:57:00;696;1;1815;10;U9178Z1;Mělník,aut.nádr.;50.3755;14.66598
20260624_160946_L769;20260624_160946;24.06.2026;15:57:00;769;25;8564;10;U4068Z2;Mladá Boleslav,aut.st.;50.41527;14.90458
20260624_160946_L369;20260624_160946;24.06.2026;15:55:00;369;44;8278;13;U1963Z1;Mělník,Mlazice;50.27383;14.49589
20260624_160946_L369;20260624_160946;24.06.2026;15:57:00;369;42;8233;12;U1795Z2;Praha,Ládví;50.35822;14.47333
20260624_160946_L376;20260624_160946;24.06.2026;15:55:00;376;42;8006;12;U2196Z1;Brandýs n.L.-St.Bol.,nádr.;50.17727;14.67173
20260624_160946_L380;20260624_160946;24.06.2026;15:57:00;380;2;9982;12;U1968Z2;Praha,Vypich;50.04988;14.26916
20260624_160946_L382;20260624_160946;24.06.2026;15:57:00;382;38;9111;12;U2029Z1;Sázava,aut.st.;49.8867;14.85744
20260624_160946_L383;20260624_160946;24.06.2026;15:55:00;383;44;9488;10;U2137Z1;Ondřejov,náměstí;50.01007;14.64771
20260624_160946_L387;20260624_160946;24.06.2026;15:58:00;387;9;1686;10;U1978Z1;Uhlířské Janovice,nám.;49.98591;14.86757
20260624_160946_L392;20260624_160946;24.06.2026;15:58:00;392;43;9879;11;U1850Z1;Příbram,aut.nádr.;49.7855;14.18214
20260624_160946_L641;20260624_160946;24.06.2026;15:59:00;641;14;9573;10;U9112Z1;Beroun,autobusové nádraží;49.93318;14.00013
20260624_160946_L491;20260624_160946;24.06.2026;15:55:00;491;10;8575;14;U2398Z1;Český Brod,žel.st.;50.07279;14.86132
20260624_160946_L332;20260624_160946;24.06.2026;15:50:00;332;19;9955;18;U1330Z1;Jílové u Prahy,náměstí;49.96125;14.52484
20260624_160946_L333;20260624_160946;24.06.2026;15:57:00;333;2;7419;12;U1905Z1;Březová-Oleško,Oleško;49.92377;14.42115
20260624_160946_L335;20260624_160946;24.06.2026;15:54:00;335;30;9141;14;U1330Z1;Kamenice,kult.dům;49.96332;14.52127
20260624_160946_L336;20260624_160946;24.06.2026;15:55:00;336;19;1444;14;U1643Z2;Praha,Zličín;50.05235;14.27499
20260624_160946_L344;20260624_160946;24.06.2026;15:58:00;344;8;8045;10;U155Z1;Horoušany,u rybníka;50.11848;14.64292
20260624_160946_L347;20260624_160946;24.06.2026;15:55:00;347;22;1443;14;U4141Z1;Hostivice,nádraží;50.05908;14.21288
20260624_160946_L349;20260624_160946;24.06.2026;15:30:00;349;23;8210;36;U2334Z2;Mělník,Podolí;50.28705;14.49575
20260624_160946_L110;20260624_160946;24.06.2026;15:58:00;110;6;8136;10;U1197Z1P;Dolní Počernice;50.09904;14.55176
20260624_160946_L370;20260624_160946;24.06.2026;15:57:00;370;21;1245;10;U2286Z2;Praha,Kobylisy;50.24427;14.31319
20260624_160946_L155;20260624_160946;24.06.2026;15:55:00;155;2;9120;14;U359Z2P;Nemocnice Vinohrady;50.08469;14.5094
20260624_160946_L195;20260624_160946;24.06.2026;15:56:00;195;11;5040;14;U889Z3P;Jesenická;50.0603;14.50681
20260624_160946_L543;20260624_160946;24.06.2026;15:38:00;543;13;7651;29;U6621Z1;Hradčany,ObÚ;50.153;15.27785
20260624_160946_L705;20260624_160946;24.06.2026;15:57:00;705;37;8697;12;U7327Z1;Čáslav,obchodní centrum;49.91666;15.39152
20260624_160946_L655;20260624_160946;24.06.2026;15:56:00;655;45;8130;13;U2353Z2;Brandýs n.L.-St.Bol.,nádr.;50.13107;14.73302
20260624_160946_L372;20260624_160946;24.06.2026;15:58:00;372;12;8081;10;U2231Z1;Kralupy n.Vlt.,žel.st.;50.24887;14.31819
20260624_160946_L183;20260624_160946;24.06.2026;15:57:00;183;6;6785;12;U538Z2P;Háje;50.0836;14.53803
20260624_160946_L136;20260624_160946;24.06.2026;16:00:00;136;18;6960;10;U791Z1P;Sídliště Čakovice;50.15169;14.52083
20260624_160946_L182;20260624_160946;24.06.2026;15:58:00;182;6;4072;10;U1000Z2P;Kbelský hřbitov;50.12008;14.51981
20260624_160946_L136;20260624_160946;24.06.2026;15:55:00;136;25;6791;14;U344Z1P;Jižní Město;50.03152;14.50545
20260624_160946_L136;20260624_160946;24.06.2026;15:56:00;136;10;6773;13;U417Z1P;Jižní Město;50.04291;14.48782
20260624_160946_L177;20260624_160946;24.06.2026;15:59:00;177;56;6927;11;U889Z3P;Chodov;50.06059;14.50594
20260624_160946_L149;20260624_160946;24.06.2026;15:55:00;149;2;4193;14;U579Z4P;Stodůlky-Bavorská;50.07495;14.37256
20260624_160946_L180;20260624_160946;24.06.2026;15:59:00;180;8;6906;11;U1141Z5P;Dejvická;50.05441;14.29109
20260624_160946_L146;20260624_160946;24.06.2026;15:56:00;146;6;9472;13;U767Z1P;Želivského;50.08394;14.4819
20260624_160946_L182;20260624_160946;24.06.2026;15:59:00;182;7;4181;11;U134Z5P;Kbelský hřbitov;50.10098;14.50285
20260624_160946_L197;20260624_160946;24.06.2026;15:31:00;197;11;5074;35;U307Z2P;Smíchovské nádraží;49.99916;14.48763
20260624_160946_L781;20260624_160946;24.06.2026;15:59:00;781;21;7620;10;U7073Z1;Žleby,nám.;49.92517;15.46556
20260624_160946_L485;20260624_160946;24.06.2026;15:57:00;485;95;7892;12;U4494Z1;Týnec n.Sáz.,žel.st.;49.8266;14.58081
20260624_160946_L430;20260624_160946;24.06.2026;15:55:00;430;19;8558;14;U1496Z1;Lysá n.L.,žel.st.;50.22728;14.88143
20260624_160946_L434;20260624_160946;24.06.2026;15:55:00;434;17;8551;14;U1496Z1;Benátky n.Jiz.,aut.st.;50.22738;14.8816
20260624_160946_L640;20260624_160946;24.06.2026;15:57:00;640;28;9585;12;U9812Z2;Jince,sokolovna;49.82574;14.0427
20260624_160946_L349;20260624_160946;24.06.2026;15:45:00;349;22;8208;21;U2334Z2;Mělník,Podolí;50.27679;14.49582
20260624_160946_L448;20260624_160946;24.06.2026;15:53:00;448;91;1111;15;U1852Z51;Mníšek p.Brdy,náměstí;49.92591;14.27605
20260624_160946_L149;20260624_160946;24.06.2026;15:59:00;149;6;4199;11;U182Z2P;Dejvická;50.08741;14.38088
20260624_160946_L620;20260624_160946;24.06.2026;15:57:00;620;20;7329;10;U4409Z3;Kladno,autobusové nádraží;50.2011;14.19309
20260624_160946_L548;20260624_160946;24.06.2026;15:56:00;548;12;9511;13;U9784Z2;Hořovice,nemocnice;49.83505;13.9086
20260624_160946_L188;20260624_160946;24.06.2026;15:56:00;188;8;5103;11;U418Z2P;Želivského;50.07721;14.48647
20260624_160946_L125;20260624_160946;24.06.2026;15:58:00;125;16;6712;10;U151Z1P;Skalka;50.03296;14.54548
20260624_160946_L201;20260624_160946;24.06.2026;15:59:00;201;14;4134;11;U243Z4P;Černý Most;50.13225;14.55096
20260624_160946_L380;20260624_160946;24.06.2026;15:58:00;380;3;9971;11;U2373Z2;Praha,Vypich;49.98375;14.12712
20260624_160946_L167;20260624_160946;24.06.2026;15:53:00;167;5;6941;13;U254Z6P;Na Knížecí;50.0715;14.39309
20260624_160946_L180;20260624_160946;24.06.2026;15:58:00;180;3;6864;11;U182Z1P;Obchodní centrum Zličín;50.08906;14.38164
20260624_161346_L180;20260624_161346;24.06.2026;15:55:00;180;52;5004;17;U229Z2P;Dejvická;50.08714;14.37641
20260624_161346_L180;20260624_161346;24.06.2026;16:03:00;180;4;6943;10;U229Z2P;Dejvická;50.08662;14.37282
20260624_161346_L167;20260624_161346;24.06.2026;16:00:00;167;3;5119;11;U254Z6P;Na Knížecí;50.071;14.38996
20260624_161346_L480;20260624_161346;24.06.2026;16:02:00;480;29;7221;11;U7967Z2;Příbram,aut.nádr.;49.61945;14.17819
20260624_161346_L125;20260624_161346;24.06.2026;16:03:00;125;16;6712;10;U842Z2P;Skalka;50.03861;14.5618
20260624_161346_L136;20260624_161346;24.06.2026;15:57:00;136;24;6776;14;U1074Z4P;Jižní Město;50.09181;14.46896
20260624_161346_L332;20260624_161346;24.06.2026;16:03:00;332;25;9361;10;U1332Z1;Jílové u Prahy,náměstí;49.9695;14.50994
20260624_161346_L548;20260624_161346;24.06.2026;15:59:00;548;12;9511;13;U9780Z2;Hořovice,nemocnice;49.84035;13.91173
20260624_161346_L685;20260624_161346;24.06.2026;16:03:00;685;38;1587;10;U2087Z2;Strančice,žel.st.;49.93911;14.71829
20260624_161346_L170;20260624_161346;24.06.2026;16:02:00;170;10;3722;11;U23Z2P;Jižní Město;50.03784;14.49876
20260624_161346_L311;20260624_161346;24.06.2026;15:59:00;311;78;9771;14;U9217Z2;Řevnice,nádraží;49.92292;14.25507
20260624_161346_L307;20260624_161346;24.06.2026;16:02:00;307;10;8991;11;U1676Z2;Praha,Zličín;50.04209;14.18636
20260624_161346_L164;20260624_161346;24.06.2026;16:03:00;164;2;1953;10;U3021Z2P;Sídliště Řepy;50.07393;14.31617
20260624_161346_L228;20260624_161346;24.06.2026;16:02:00;228;14;9014;11;U1059Z1P;Poliklinika Malešice;50.0605;14.58781
20260624_161346_L203;20260624_161346;24.06.2026;16:03:00;203;7;1952;10;U601Z3P;Háje;50.03835;14.47861
20260624_161346_L400;20260624_161346;24.06.2026;16:01:00;400;55;1088;12;U31352Z1;Nový Bor,aut.nádr.;50.63191;14.5373
20260624_161346_L401;20260624_161346;24.06.2026;15:59:00;401;63;7773;14;U6499Z1;Jindřichův Hradec,aut.nádr.;49.61778;14.65858
20260624_161346_L402;20260624_161346;24.06.2026;16:00:00;402;23;7928;12;U7318Z1;Zruč n.Sáz.,Sázavan;49.84088;14.83035
20260624_161346_L392;20260624_161346;24.06.2026;15:59:00;392;43;9879;11;U4157Z1;Příbram,aut.nádr.;49.78203;14.17099
20260624_161346_L770;20260624_161346;24.06.2026;16:01:00;770;50;47819;11;U7795Z52;Benešov,Terminál;49.83108;14.83143
20260624_161346_L781;20260624_161346;24.06.2026;16:03:00;781;21;7620;10;U7241Z1;Žleby,nám.;49.91852;15.49096
20260624_161346_L783;20260624_161346;24.06.2026;15:36:00;783;7;7633;36;U31477Z1;Chvaletice,u městského úřadu;50.0279;15.42137
20260624_161346_L110;20260624_161346;24.06.2026;16:01:00;110;6;8136;12;U207Z3P;Dolní Počernice;50.09219;14.54694
20260624_161346_L560;20260624_161346;24.06.2026;16:02:00;560;61;8382;11;U4338Z1;Rakovník,aut.st.;50.10237;13.73152
20260624_161346_L795;20260624_161346;24.06.2026;16:02:00;795;19;7848;10;U7512Z1;Zruč n.Sáz.,Sázavan;49.71974;15.08675
20260624_161346_L483;20260624_161346;24.06.2026;16:00:00;483;35;7847;12;U7318Z2;Chocerady;49.83538;14.82358
20260624_161346_L483;20260624_161346;24.06.2026;16:00:00;483;47;7876;11;U7318Z1;Vlašim,žel.st.;49.83364;14.85113
20260624_161346_L485;20260624_161346;24.06.2026;15:59:00;485;95;7892;14;U4495Z1;Týnec n.Sáz.,žel.st.;49.83119;14.59043
20260624_161346_L765;20260624_161346;24.06.2026;16:02:00;765;36;1485;10;U7812Z2;Sibřina;49.9753;14.58871
20260624_161346_L705;20260624_161346;24.06.2026;16:00:00;705;37;8697;11;U7320Z9;Čáslav,obchodní centrum;49.90725;15.39546
20260624_161346_L769;20260624_161346;24.06.2026;16:00:00;769;25;8564;10;U3391Z2;Mladá Boleslav,aut.st.;50.41913;14.91552
20260624_161346_L470;20260624_161346;24.06.2026;15:58:00;470;51;8122;14;U1785Z1;Mělník,aut.nádr.;50.29169;14.49739
20260624_161346_L433;20260624_161346;24.06.2026;16:02:00;433;14;8602;11;U3076Z1;Pečky,žel.st.;50.19381;15.03265
20260624_161346_L499;20260624_161346;24.06.2026;16:03:00;499;36;8698;10;U3389Z1;Mladá Boleslav,aut.st.;50.41291;14.90991
20260624_161346_L712;20260624_161346;24.06.2026;15:48:00;712;6;9765;25;U6251Z1;Bělá p.Bezd.,Bezdědice;50.48248;14.70168
20260624_161346_L473;20260624_161346;24.06.2026;16:01:00;473;46;8032;12;U1773Z1;Neratovice,Kojetická;50.31062;14.42611
20260624_161346_L347;20260624_161346;24.06.2026;16:03:00;347;19;1444;10;U1141Z3;Chýně,nádraží;50.05513;14.28974
20260624_161346_L655;20260624_161346;24.06.2026;16:00:00;655;45;8130;13;U2351Z2;Brandýs n.L.-St.Bol.,nádr.;50.14434;14.74565
20260624_161346_L336;20260624_161346;24.06.2026;16:01:00;336;18;8890;10;U11006Z2;Jeneč,Lidická;50.06094;14.22604
20260624_161346_L349;20260624_161346;24.06.2026;15:45:00;349;22;8208;26;U2334Z2;Mělník,Podolí;50.2791;14.4958
20260624_161346_L640;20260624_161346;24.06.2026;15:57:00;640;28;9585;16;U9812Z2;Jince,sokolovna;49.8251;14.04533
20260624_161346_L620;20260624_161346;24.06.2026;16:00:00;620;20;7329;10;U4421Z2;Kladno,autobusové nádraží;50.18987;14.1639
20260624_161346_L372;20260624_161346;24.06.2026;16:00:00;372;12;8081;13;U2235Z1;Kralupy n.Vlt.,žel.st.;50.24585;14.31485
20260624_161346_L382;20260624_161346;24.06.2026;16:02:00;382;38;9111;11;U2031Z1;Sázava,aut.st.;49.87835;14.88302
20260624_161346_L370;20260624_161346;24.06.2026;16:03:00;370;21;1245;10;U4233Z4;Praha,Kobylisy;50.24284;14.32743
20260624_161346_L383;20260624_161346;24.06.2026;16:03:00;383;44;9488;10;U1878Z1;Ondřejov,náměstí;49.99903;14.66831
20260624_161346_L365;20260624_161346;24.06.2026;15:59:00;365;8;8820;12;U1686Z4;Stochov,nám.;50.08542;14.13388
20260624_161346_L387;20260624_161346;24.06.2026;16:02:00;387;9;1686;10;U2165Z1;Uhlířské Janovice,nám.;49.96468;14.88391
20260624_161346_L349;20260624_161346;24.06.2026;15:30:00;349;23;8210;38;U2334Z2;Mělník,Podolí;50.29004;14.49603
20260624_161346_L136;20260624_161346;24.06.2026;15:59:00;136;25;6791;15;U916Z1P;Jižní Město;50.02516;14.51474
20260624_161346_L201;20260624_161346;24.06.2026;16:04:00;201;19;3907;10;U323Z3P;Černý Most;50.13499;14.54351
20260624_161346_L180;20260624_161346;24.06.2026;16:02:00;180;8;6906;12;U178Z1P;Dejvická;50.06022;14.29343
20260624_161346_L181;20260624_161346;24.06.2026;16:03:00;181;6;5018;11;U227Z3P;Opatov;50.06127;14.53619
20260624_161346_L821;20260624_161346;24.06.2026;16:00:00;821;73;1610;13;U1984Z4;Kolín,nádraží;49.96624;14.96427
20260624_161346_L183;20260624_161346;24.06.2026;15:59:00;183;6;6785;14;U747Z1P;Háje;50.07935;14.53786
20260624_161346_L126;20260624_161346;24.06.2026;16:02:00;126;12;4039;11;U542Z2P;Nádraží Uhříněves;50.03428;14.59508
20260624_161346_L376;20260624_161346;24.06.2026;16:00:00;376;42;8006;13;U1973Z1;Brandýs n.L.-St.Bol.,nádr.;50.18521;14.66447
20260624_161346_L149;20260624_161346;24.06.2026;15:59:00;149;2;4193;14;U254Z5P;Stodůlky-Bavorská;50.0716;14.37965
20260624_161346_L136;20260624_161346;24.06.2026;16:01:00;136;10;6773;12;U344Z1P;Jižní Město;50.03154;14.50548
20260624_161346_L201;20260624_161346;24.06.2026;16:02:00;201;14;4134;11;U1276Z2P;Černý Most;50.12617;14.56559
20260624_161346_L188;20260624_161346;24.06.2026;16:01:00;188;5;6950;12;U825Z1P;Kavčí hory;50.05466;14.48831
20260624_161346_L347;20260624_161346;24.06.2026;15:59:00;347;22;1443;14;U1177Z2;Hostivice,nádraží;50.06246;14.23251
20260624_161346_L190;20260624_161346;24.06.2026;16:03:00;190;6;5035;10;U1023Z1P;Na Beránku;50.01674;14.41132
20260624_161346_L182;20260624_161346;24.06.2026;16:01:00;182;6;4072;11;U171Z1P;Kbelský hřbitov;50.12833;14.54184
20260624_161346_L177;20260624_161346;24.06.2026;16:03:00;177;56;6927;10;U596Z4P;Chodov;50.05386;14.51885
20260624_161346_L125;20260624_161346;24.06.2026;15:59:00;125;1;4061;14;U963Z1P;Smíchovské nádraží;50.03725;14.56209
20260624_161346_L149;20260624_161346;24.06.2026;16:01:00;149;6;4199;12;U867Z1P;Dejvická;50.09398;14.39013
20260624_161346_L195;20260624_161346;24.06.2026;16:00:00;195;11;5040;13;U192Z1P;Jesenická;50.05661;14.49731
20260624_161346_L136;20260624_161346;24.06.2026;15:59:00;136;58;6945;14;U516Z3P;Jižní Město;50.08213;14.45947
20260624_161346_L821;20260624_161346;24.06.2026;16:00:00;821;70;1611;13;U1984Z3;Horní Kruty;49.96638;14.96423
20260624_161346_L333;20260624_161346;24.06.2026;16:01:00;333;2;7419;12;U1516Z1;Březová-Oleško,Oleško;49.90803;14.41307
20260624_161346_L380;20260624_161346;24.06.2026;16:02:00;380;6;9974;11;U1142Z1;Králův Dvůr,Počaply,Obchodní centrum;50.05294;14.27611
20260624_161346_L337;20260624_161346;24.06.2026;15:58:00;337;14;9364;14;U1330Z1;Benešov,Terminál;49.96037;14.52645
20260624_161346_L110;20260624_161346;24.06.2026;16:01:00;110;8;8101;11;U499Z5P;Dolní Počernice;50.10676;14.5314
20260624_161346_L369;20260624_161346;24.06.2026;15:59:00;369;42;8233;12;U1794Z2;Praha,Ládví;50.35232;14.48379
20260624_161346_L180;20260624_161346;24.06.2026;16:02:00;180;3;6864;11;U44Z1P;Obchodní centrum Zličín;50.08575;14.36559
20260624_161746_L136;20260624_161746;24.06.2026;16:03:00;136;12;6957;12;U1074Z4P;Jižní Město;50.09272;14.47113
20260624_161746_L405;20260624_161746;24.06.2026;16:05:00;405;61;1420;11;U31000Z1;Špindlerův Mlýn,aut.st.;50.46326;15.19887
20260624_161746_L307;20260624_161746;24.06.2026;16:06:00;307;10;8991;11;U1675Z2;Praha,Zličín;50.03048;14.20485
20260624_161746_L400;20260624_161746;24.06.2026;16:05:00;400;53;1089;11;U6078Z1;Varnsdorf,aut.nádr.;50.50176;14.48594
20260624_161746_L641;20260624_161746;24.06.2026;16:07:00;641;14;9573;10;U1748Z2;Beroun,autobusové nádraží;49.95201;14.04692
20260624_161746_L332;20260624_161746;24.06.2026;16:05:00;332;25;9361;11;U1330Z1;Jílové u Prahy,náměstí;49.96486;14.51863
20260624_161746_L712;20260624_161746;24.06.2026;15:48:00;712;6;9765;28;U6251Z1;Bělá p.Bezd.,Bezdědice;50.48248;14.70168
20260624_161746_L181;20260624_161746;24.06.2026;16:05:00;181;6;5018;11;U453Z6P;Opatov;50.05302;14.53492
20260624_161746_L781;20260624_161746;24.06.2026;16:06:00;781;21;7620;10;U7242Z1;Žleby,nám.;49.90705;15.50022
20260624_161746_L466;20260624_161746;24.06.2026;16:07:00;466;30;8086;10;U5943Z2;Spomyšl;50.25688;14.29632
20260624_161746_L125;20260624_161746;24.06.2026;16:04:00;125;1;4061;14;U151Z2P;Smíchovské nádraží;50.03223;14.5344
20260624_161746_L110;20260624_161746;24.06.2026;16:08:00;110;8;8101;10;U652Z3P;Dolní Počernice;50.10633;14.54149
20260624_161746_L180;20260624_161746;24.06.2026;16:05:00;180;8;6906;12;U706Z1P;Dejvická;50.06592;14.28849
20260624_161746_L307;20260624_161746;24.06.2026;16:05:00;307;14;8751;12;U1141Z2;Kladno,autobusové nádraží;50.05426;14.29042
20260624_161746_L322;20260624_161746;24.06.2026;16:05:00;322;13;8794;12;U4314Z1;Praha,Nádraží Veleslavín;50.14548;14.10569
20260624_161746_L393;20260624_161746;24.06.2026;16:07:00;393;45;9855;10;U3287Z12;Příbram,Drkolnov;49.68746;14.00621
20260624_161746_L171;20260624_161746;24.06.2026;16:07:00;171;14;8140;11;U585Z2P;Depo Hostivař;50.08061;14.5195
20260624_161746_L203;20260624_161746;24.06.2026;16:04:00;203;1;1945;11;U4133Z1P;Poliklinika Budějovická;50.03029;14.52658
20260624_161746_L228;20260624_161746;24.06.2026;16:04:00;228;14;9014;12;U107Z1P;Poliklinika Malešice;50.06535;14.58152
20260624_161746_L240;20260624_161746;24.06.2026;16:06:00;240;12;1758;10;U4117Z2P;Černý Most;50.07351;14.60254
20260624_161746_L300;20260624_161746;24.06.2026;16:06:00;300;2;8993;10;U80Z3;Smečno;50.1064;14.29343
20260624_161746_L149;20260624_161746;24.06.2026;15:59:00;149;2;4193;19;U254Z5P;Stodůlky-Bavorská;50.0712;14.37985
20260624_161746_L110;20260624_161746;24.06.2026;16:04:00;110;6;8136;12;U193Z1P;Dolní Počernice;50.08825;14.5632
20260624_161746_L821;20260624_161746;24.06.2026;16:00:00;821;73;1610;14;U1984Z4;Kolín,nádraží;49.97289;14.98964
20260624_161746_L685;20260624_161746;24.06.2026;16:06:00;685;38;1587;11;U2055Z2;Strančice,žel.st.;49.93612;14.70856
20260624_161746_L705;20260624_161746;24.06.2026;16:06:00;705;42;8689;10;U6615Z2;Čáslav,obchodní centrum;50.11707;15.25912
20260624_161746_L480;20260624_161746;24.06.2026;16:05:00;480;29;7221;11;U7027Z2;Příbram,aut.nádr.;49.60171;14.1423
20260624_161746_L444;20260624_161746;24.06.2026;16:04:00;444;31;9163;13;U1354Z1;Davle,obec;49.88843;14.3965
20260624_161746_L795;20260624_161746;24.06.2026;16:06:00;795;19;7848;11;U5868Z1;Zruč n.Sáz.,Sázavan;49.72837;15.07826
20260624_161746_L483;20260624_161746;24.06.2026;16:05:00;483;35;7847;12;U5808Z2;Chocerady;49.85444;14.83387
20260624_161746_L473;20260624_161746;24.06.2026;16:03:00;473;46;8032;11;U1774Z1;Neratovice,Kojetická;50.29119;14.443
20260624_161746_L718;20260624_161746;24.06.2026;16:03:00;718;43;8606;10;U31000Z2;Mnichovo Hradiště,dopravní terminál;50.44871;15.13346
20260624_161746_L433;20260624_161746;24.06.2026;16:04:00;433;14;8602;13;U3089Z2;Pečky,žel.st.;50.18776;15.02666
20260624_161746_L588;20260624_161746;24.06.2026;16:04:00;588;23;7706;13;U9242Z2;Milý;50.24367;13.94397
20260624_161746_L620;20260624_161746;24.06.2026;16:07:00;620;20;7329;11;U4420Z1;Kladno,autobusové nádraží;50.17882;14.15683
20260624_161746_L400;20260624_161746;24.06.2026;16:04:00;400;55;1088;10;U31353Z1;Nový Bor,aut.nádr.;50.67503;14.54195
20260624_161746_L392;20260624_161746;24.06.2026;16:05:00;392;43;9879;12;U9623Z1;Příbram,aut.nádr.;49.77222;14.13968
20260624_161746_L365;20260624_161746;24.06.2026;16:03:00;365;8;8820;13;U4894Z2;Stochov,nám.;50.08991;14.11025
20260624_161746_L370;20260624_161746;24.06.2026;16:07:00;370;3;8110;10;U2286Z1;Kralupy n.Vlt.,žel.st.;50.24136;14.31171
20260624_161746_L380;20260624_161746;24.06.2026;16:05:00;380;6;9974;12;U1190Z1;Králův Dvůr,Počaply,Obchodní centrum;50.04415;14.25773
20260624_161746_L382;20260624_161746;24.06.2026;16:04:00;382;38;9111;10;U2032Z1;Sázava,aut.st.;49.87359;14.90668
20260624_161746_L383;20260624_161746;24.06.2026;16:06:00;383;44;9488;11;U1886Z1;Ondřejov,náměstí;49.99445;14.68337
20260624_161746_L345;20260624_161746;24.06.2026;16:03:00;345;18;8672;12;U3063Z1;Liberec,aut.nádr.;50.41119;14.91674
20260624_161746_L347;20260624_161746;24.06.2026;15:59:00;347;22;1443;16;U1177Z2;Hostivice,nádraží;50.07108;14.23615
20260624_161746_L347;20260624_161746;24.06.2026;16:03:00;347;19;1444;14;U1141Z3;Chýně,nádraží;50.05604;14.28784
20260624_161746_L347;20260624_161746;24.06.2026;16:05:00;347;17;8836;12;U1142Z2;Praha,Zličín;50.05311;14.27708
20260624_161746_L336;20260624_161746;24.06.2026;16:06:00;336;18;8890;11;U1176Z2;Jeneč,Lidická;50.06976;14.24571
20260624_161746_L337;20260624_161746;24.06.2026;16:04:00;337;14;9364;13;U1533Z3;Benešov,Terminál;49.93815;14.55349
20260624_161746_L339;20260624_161746;24.06.2026;16:03:00;339;16;9936;14;U1541Z1;Týnec n.Sáz.,žel.st.;49.89485;14.61297
20260624_161746_L349;20260624_161746;24.06.2026;15:45:00;349;22;8208;30;U2334Z2;Mělník,Podolí;50.28014;14.49581
20260624_161746_L182;20260624_161746;24.06.2026;16:07:00;182;2;3815;10;U708Z1P;Opatov;50.07578;14.53768
20260624_161746_L483;20260624_161746;24.06.2026;16:06:00;483;47;7876;10;U7796Z1;Vlašim,žel.st.;49.81113;14.86295
20260624_161746_L188;20260624_161746;24.06.2026;16:03:00;188;15;5135;11;U418Z2P;Želivského;50.07755;14.48119
20260624_161746_L480;20260624_161746;24.06.2026;16:07:00;480;25;7526;10;U7966Z51;Klučenice;49.61065;14.18894
20260624_161746_L167;20260624_161746;24.06.2026;16:05:00;167;3;5119;12;U1040Z14P;Na Knížecí;50.07139;14.40286
20260624_161746_L182;20260624_161746;24.06.2026;16:04:00;182;6;4072;14;U2777Z1P;Kbelský hřbitov;50.13342;14.54862
20260624_161746_L154;20260624_161746;24.06.2026;16:08:00;154;8;3839;10;U1285Z1P;Sídliště Libuš;50.05361;14.5097
20260624_161746_L190;20260624_161746;24.06.2026;16:07:00;190;6;5035;11;U929Z4P;Na Beránku;50.0059;14.41628
20260624_161746_L182;20260624_161746;24.06.2026;16:04:00;182;7;4181;13;U442Z1P;Kbelský hřbitov;50.11536;14.49703
20260624_161746_L201;20260624_161746;24.06.2026;16:06:00;201;14;4134;11;U762Z4P;Černý Most;50.12581;14.57083
20260624_161746_L136;20260624_161746;24.06.2026;16:04:00;136;58;6945;14;U518Z3P;Jižní Město;50.07659;14.45885
20260624_161746_L136;20260624_161746;24.06.2026;16:06:00;136;10;6773;11;U353Z1P;Jižní Město;50.02621;14.52154
20260624_161746_L376;20260624_161746;24.06.2026;16:00:00;376;42;8006;17;U1973Z1;Brandýs n.L.-St.Bol.,nádr.;50.18572;14.66237
20260624_161746_L164;20260624_161746;24.06.2026;16:03:00;164;2;1953;14;U3021Z2P;Sídliště Řepy;50.07393;14.31617
20260624_161746_L484;20260624_161746;24.06.2026;16:04:00;484;31;8034;12;U2315Z1;Úvaly,žel.st.;50.0742;14.72301
20260624_161746_L188;20260624_161746;24.06.2026;16:06:00;188;5;6950;12;U183Z1P;Kavčí hory;50.05686;14.46929
20260624_161746_L149;20260624_161746;24.06.2026;16:04:00;149;6;4199;13;U321Z4P;Dejvická;50.09935;14.39554
20260624_161746_L180;20260624_161746;24.06.2026;16:02:00;180;3;6864;14;U44Z1P;Obchodní centrum Zličín;50.08301;14.35708
20260624_161746_L752;20260624_161746;24.06.2026;16:05:00;752;95;7892;12;U1593Z2;Benešov,Terminál;49.83366;14.59021
20260624_161746_L170;20260624_161746;24.06.2026;16:03:00;170;10;3722;13;U960Z2P;Jižní Město;50.04026;14.50908
20260624_161746_L180;20260624_161746;24.06.2026;16:05:00;180;4;6943;11;U182Z2P;Dejvická;50.0924;14.38718
20260624_161746_L177;20260624_161746;24.06.2026;16:07:00;177;56;6927;11;U641Z1P;Chodov;50.04679;14.52349
20260624_161746_L349;20260624_161746;24.06.2026;15:30:00;349;23;8210;43;U2334Z2;Mělník,Podolí;50.29266;14.49825
20260624_162147_L136;20260624_162147;24.06.2026;16:03:00;136;12;6957;16;U1074Z4P;Jižní Město;50.09137;14.46848
20260624_162147_L393;20260624_162147;24.06.2026;16:10:00;393;45;9855;11;U9734Z1;Příbram,Drkolnov;49.6771;14.00121
20260624_162147_L456;20260624_162147;24.06.2026;16:10:00;456;45;7077;10;U32516Z1;Miličín;49.48853;14.84392
20260624_162147_L448;20260624_162147;24.06.2026;16:08:00;448;91;1111;13;U1858Z1;Mníšek p.Brdy,náměstí;49.90811;14.29987
20260624_162147_L307;20260624_162147;24.06.2026;16:05:00;307;14;8751;15;U1141Z2;Kladno,autobusové nádraží;50.05541;14.28397
20260624_162147_L392;20260624_162147;24.06.2026;16:10:00;392;43;9879;11;U9626Z1;Příbram,aut.nádr.;49.75672;14.10954
20260624_162147_L177;20260624_162147;24.06.2026;16:11:00;177;12;5532;10;U467Z2P;Poliklinika Mazurská;50.12917;14.4834
20260624_162147_L345;20260624_162147;24.06.2026;16:07:00;345;18;8672;10;U3389Z1;Liberec,aut.nádr.;50.41915;14.91521
20260624_162147_L199;20260624_162147;24.06.2026;16:07:00;199;3;4162;14;U921Z6P;Sídliště Malešice;50.0792;14.47549
20260624_162147_L240;20260624_162147;24.06.2026;16:08:00;240;12;1758;11;U1342Z1P;Černý Most;50.07998;14.60439
20260624_162147_L149;20260624_162147;24.06.2026;15:59:00;149;2;4193;22;U254Z5P;Stodůlky-Bavorská;50.07042;14.38039
20260624_162147_L190;20260624_162147;24.06.2026;16:09:00;190;6;5035;12;U1035Z1P;Na Beránku;49.99855;14.41676
20260624_162147_L154;20260624_162147;24.06.2026;16:10:00;154;8;3839;11;U596Z4P;Sídliště Libuš;50.05342;14.51983
20260624_162147_L149;20260624_162147;24.06.2026;16:09:00;149;3;3998;13;U1210Z2P;Dejvická;50.05525;14.3261
20260624_162147_L181;20260624_162147;24.06.2026;16:08:00;181;6;5018;12;U403Z8P;Opatov;50.05113;14.52379
20260624_162147_L182;20260624_162147;24.06.2026;16:07:00;182;6;4072;14;U1111Z1P;Kbelský hřbitov;50.14048;14.54692
20260624_162147_L480;20260624_162147;24.06.2026;16:10:00;480;25;7526;11;U7969Z1;Klučenice;49.60399;14.18781
20260624_162147_L781;20260624_162147;24.06.2026;16:10:00;781;21;7620;10;U7225Z2;Žleby,nám.;49.88797;15.48693
20260624_162147_L718;20260624_162147;24.06.2026;16:08:00;718;43;8606;12;U6298Z1;Mnichovo Hradiště,dopravní terminál;50.43941;15.13536
20260624_162147_L336;20260624_162147;24.06.2026;16:10:00;336;20;1440;11;U2115Z2;Praha,Zličín;50.08326;14.23195
20260624_162147_L332;20260624_162147;24.06.2026;16:05:00;332;25;9361;14;U1330Z1;Jílové u Prahy,náměstí;49.95915;14.52046
20260624_162147_L336;20260624_162147;24.06.2026;16:11:00;336;18;8890;10;U1143Z1;Jeneč,Lidická;50.07567;14.25748
20260624_162147_L344;20260624_162147;24.06.2026;16:11:00;344;8;8045;10;U6056Z1;Horoušany,u rybníka;50.10408;14.7086
20260624_162147_L347;20260624_162147;24.06.2026;16:03:00;347;19;1444;17;U1141Z3;Chýně,nádraží;50.05406;14.28058
20260624_162147_L347;20260624_162147;24.06.2026;16:05:00;347;17;8836;15;U1142Z2;Praha,Zličín;50.05526;14.28371
20260624_162147_L180;20260624_162147;24.06.2026;16:11:00;180;8;6906;10;U236Z4P;Dejvická;50.06442;14.30939
20260624_162147_L490;20260624_162147;24.06.2026;16:08:00;490;30;1624;13;U7142Z1;Ondřejov,náměstí;49.90498;14.78223
20260624_162147_L349;20260624_162147;24.06.2026;15:45:00;349;22;8208;34;U2334Z2;Mělník,Podolí;50.28123;14.49585
20260624_162147_L365;20260624_162147;24.06.2026;16:07:00;365;8;8820;13;U4891Z2;Stochov,nám.;50.10087;14.09203
20260624_162147_L381;20260624_162147;24.06.2026;16:07:00;381;14;9944;14;U2166Z1;Čáslav,obchodní centrum;49.95841;15.03014
20260624_162147_L548;20260624_162147;24.06.2026;16:11:00;548;12;9511;10;U4275Z1;Zbiroh,nám.;49.83513;13.90827
20260624_162147_L641;20260624_162147;24.06.2026;16:11:00;641;14;9573;10;U4971Z2;Beroun,autobusové nádraží;49.95808;14.05919
20260624_162147_L580;20260624_162147;24.06.2026;16:11:00;580;18;7695;10;U6149Z1;Rakovník,aut.st.;50.14032;13.76077
20260624_162147_L821;20260624_162147;24.06.2026;16:07:00;821;73;1610;12;U2934Z1;Kolín,nádraží;49.98787;14.99342
20260624_162147_L480;20260624_162147;24.06.2026;16:08:00;480;29;7221;10;U5918Z51;Příbram,aut.nádr.;49.6049;14.10709
20260624_162147_L307;20260624_162147;24.06.2026;16:09:00;307;10;8991;12;U1648Z2;Praha,Zličín;50.03012;14.22162
20260624_162147_L316;20260624_162147;24.06.2026;16:10:00;316;9;8977;11;U11013Z1;Holubice;50.16333;14.31191
20260624_162147_L203;20260624_162147;24.06.2026;16:11:00;203;7;1952;10;U735Z2P;Háje;50.03416;14.51093
20260624_162147_L203;20260624_162147;24.06.2026;16:07:00;203;1;1945;14;U286Z13P;Poliklinika Budějovická;50.03018;14.52499
20260624_162147_L400;20260624_162147;24.06.2026;16:10:00;400;54;1086;11;U332Z2;Varnsdorf,aut.nádr.;50.13031;14.48828
20260624_162147_L483;20260624_162147;24.06.2026;16:08:00;483;35;7847;12;U7602Z2;Chocerady;49.86599;14.81346
20260624_162147_L401;20260624_162147;24.06.2026;16:07:00;401;63;7773;14;U6443Z1;Jindřichův Hradec,aut.nádr.;49.54237;14.6622
20260624_162147_L110;20260624_162147;24.06.2026;16:07:00;110;6;8136;14;U349Z1P;Dolní Počernice;50.0875;14.56412
20260624_162147_L110;20260624_162147;24.06.2026;16:11:00;110;8;8101;10;U970Z2P;Dolní Počernice;50.10623;14.55518
20260624_162147_L125;20260624_162147;24.06.2026;16:07:00;125;1;4061;15;U386Z2P;Smíchovské nádraží;50.03211;14.52308
20260624_162147_L170;20260624_162147;24.06.2026;16:08:00;170;10;3722;13;U43Z2P;Jižní Město;50.03525;14.5164
20260624_162147_L136;20260624_162147;24.06.2026;16:09:00;136;13;5140;10;U1074Z4P;Jižní Město;50.09282;14.47147
20260624_162147_L347;20260624_162147;24.06.2026;16:07:00;347;22;1443;14;U1144Z4;Hostivice,nádraží;50.08134;14.25431
20260624_162147_L180;20260624_162147;24.06.2026;16:07:00;180;4;6943;13;U867Z1P;Dejvická;50.09483;14.39625
20260624_162147_L473;20260624_162147;24.06.2026;16:10:00;473;46;8032;11;U1783Z1;Neratovice,Kojetická;50.29824;14.47121
20260624_162147_L685;20260624_162147;24.06.2026;16:10:00;685;38;1587;11;U2065Z2;Strančice,žel.st.;49.94705;14.69021
20260624_162147_L337;20260624_162147;24.06.2026;16:10:00;337;12;9933;10;U908Z2;Praha,Budějovická;50.02524;14.45956
20260624_162147_L691;20260624_162147;24.06.2026;16:07:00;691;40;7984;12;U1794Z2;Mělník,aut.nádr.;50.35005;14.48918
20260624_162147_L133;20260624_162147;24.06.2026;16:11:00;133;1;3018;10;U34Z2P;Florenc;50.08915;14.46851
20260624_162147_L180;20260624_162147;24.06.2026;16:10:00;180;6;5057;10;U229Z2P;Dejvická;50.08677;14.3744
20260624_162147_L182;20260624_162147;24.06.2026;16:09:00;182;7;4181;12;U606Z1P;Kbelský hřbitov;50.12217;14.50618
20260624_162147_L349;20260624_162147;24.06.2026;16:10:00;349;30;8213;11;U78Z6;Mělník,Podolí;50.12658;14.4704
20260624_162147_L201;20260624_162147;24.06.2026;16:09:00;201;14;4134;13;U1414Z2P;Černý Most;50.11532;14.56115
20260624_162147_L339;20260624_162147;24.06.2026;16:07:00;339;16;9936;13;U1543Z1;Týnec n.Sáz.,žel.st.;49.8737;14.61701
20260624_162147_L369;20260624_162147;24.06.2026;16:11:00;369;42;8233;10;U3335Z2;Praha,Ládví;50.34762;14.483
20260624_162147_L383;20260624_162147;24.06.2026;16:06:00;383;44;9488;12;U1886Z1;Ondřejov,náměstí;49.98822;14.7094
20260624_162147_L136;20260624_162147;24.06.2026;16:09:00;136;10;6773;12;U151Z1P;Jižní Město;50.03209;14.53454
20260624_162147_L164;20260624_162147;24.06.2026;16:03:00;164;2;1953;18;U3021Z2P;Sídliště Řepy;50.07393;14.31617
20260624_162147_L484;20260624_162147;24.06.2026;16:04:00;484;31;8034;16;U2315Z1;Úvaly,žel.st.;50.0742;14.72301
20260624_162147_L188;20260624_162147;24.06.2026;16:10:00;188;5;6950;11;U559Z1P;Kavčí hory;50.05857;14.44997
20260624_162147_L752;20260624_162147;24.06.2026;16:07:00;752;95;7892;11;U4497Z2;Benešov,Terminál;49.82566;14.61123
20260624_162147_L765;20260624_162147;24.06.2026;16:10:00;765;36;1485;11;U1865Z1;Sibřina;49.97141;14.61453
20260624_162147_L177;20260624_162147;24.06.2026;16:10:00;177;56;6927;11;U195Z1P;Chodov;50.0445;14.51237
20260624_162147_L125;20260624_162147;24.06.2026;16:11:00;125;16;6712;10;U633Z1P;Skalka;50.04811;14.54476
20260624_162147_L349;20260624_162147;24.06.2026;15:30:00;349;23;8210;47;U2334Z2;Mělník,Podolí;50.29504;14.50063
20260624_162547_L182;20260624_162547;24.06.2026;16:13:00;182;7;4181;12;U1000Z2P;Kbelský hřbitov;50.12436;14.51656
20260624_162547_L203;20260624_162547;24.06.2026;16:15:00;203;7;1952;10;U217Z2P;Háje;50.03554;14.53086
20260624_162547_L181;20260624_162547;24.06.2026;16:12:00;181;6;5018;14;U823Z1P;Opatov;50.04553;14.51962
20260624_162547_L125;20260624_162547;24.06.2026;16:11:00;125;1;4061;15;U344Z2P;Smíchovské nádraží;50.03188;14.50471
20260624_162547_L370;20260624_162547;24.06.2026;16:14:00;370;2;8002;11;U2222Z1;Kralupy n.Vlt.,žel.st.;50.23395;14.41134
20260624_162547_L309;20260624_162547;24.06.2026;16:13:00;309;84;9562;11;U456Z3;Praha,Zličín;49.98323;14.36193
20260624_162547_L349;20260624_162547;24.06.2026;16:10:00;349;30;8213;15;U78Z6;Mělník,Podolí;50.12622;14.46868
20260624_162547_L349;20260624_162547;24.06.2026;15:45:00;349;22;8208;37;U2334Z2;Mělník,Podolí;50.28267;14.49578
20260624_162547_L228;20260624_162547;24.06.2026;16:11:00;228;14;9014;14;U794Z2P;Poliklinika Malešice;50.07139;14.54898
20260624_162547_L199;20260624_162547;24.06.2026;16:07:00;199;3;4162;17;U921Z6P;Sídliště Malešice;50.07705;14.48914
20260624_162547_L190;20260624_162547;24.06.2026;16:11:00;190;6;5035;14;U1037Z1P;Na Beránku;49.99999;14.42822
20260624_162547_L180;20260624_162547;24.06.2026;16:14:00;180;6;5057;12;U867Z1P;Dejvická;50.09353;14.38915
20260624_162547_L718;20260624_162547;24.06.2026;16:12:00;718;43;8606;13;U6284Z2;Mnichovo Hradiště,dopravní terminál;50.4356;15.11833
20260624_162547_L180;20260624_162547;24.06.2026;16:16:00;180;8;6906;10;U394Z4P;Dejvická;50.06802;14.33551
20260624_162547_L183;20260624_162547;24.06.2026;16:10:00;183;6;6785;16;U633Z2P;Háje;50.04761;14.54574
20260624_162547_L154;20260624_162547;24.06.2026;16:15:00;154;8;3839;10;U453Z10P;Sídliště Libuš;50.05303;14.53722
20260624_162547_L149;20260624_162547;24.06.2026;16:12:00;149;3;3998;13;U1130Z2P;Dejvická;50.05405;14.33924
20260624_162547_L311;20260624_162547;24.06.2026;16:11:00;311;78;9771;14;U2280Z1;Praha,Zličín;49.91613;14.23887
20260624_162547_L316;20260624_162547;24.06.2026;16:10:00;316;9;8977;12;U11013Z1;Holubice;50.19119;14.3216
20260624_162547_L307;20260624_162547;24.06.2026;16:12:00;307;10;8991;12;U1647Z2;Praha,Zličín;50.0365;14.23855
20260624_162547_L149;20260624_162547;24.06.2026;15:59:00;149;2;4193;25;U254Z5P;Stodůlky-Bavorská;50.06984;14.37832
20260624_162547_L339;20260624_162547;24.06.2026;16:13:00;339;18;9932;11;U1330Z1;Týnec n.Sáz.,žel.st.;49.96362;14.52013
20260624_162547_L201;20260624_162547;24.06.2026;16:14:00;201;14;4134;12;U818Z1P;Černý Most;50.10606;14.55773
20260624_162547_L821;20260624_162547;24.06.2026;16:13:00;821;73;1610;12;U2301Z3;Kolín,nádraží;50.00246;14.974
20260624_162547_L434;20260624_162547;24.06.2026;16:10:00;434;17;8551;15;U2476Z1;Benátky n.Jiz.,aut.st.;50.25248;14.8332
20260624_162547_L220;20260624_162547;24.06.2026;16:15:00;220;31;9288;10;U1288Z2P;Černý Most;50.1205;14.59946
20260624_162547_L473;20260624_162547;24.06.2026;16:15:00;473;46;8032;10;U1785Z4;Neratovice,Kojetická;50.28718;14.4957
20260624_162547_L240;20260624_162547;24.06.2026;16:11:00;240;12;1758;14;U448Z2P;Černý Most;50.08126;14.59559
20260624_162547_L401;20260624_162547;24.06.2026;16:12:00;401;63;7773;13;U31269Z1;Jindřichův Hradec,aut.nádr.;49.51009;14.65798
20260624_162547_L392;20260624_162547;24.06.2026;16:13:00;392;43;9879;11;U9628Z1;Příbram,aut.nádr.;49.75404;14.09326
20260624_162547_L393;20260624_162547;24.06.2026;16:12:00;393;45;9855;13;U9751Z1;Příbram,Drkolnov;49.67524;14.00061
20260624_162547_L456;20260624_162547;24.06.2026;16:15:00;456;45;7077;10;U32519Z1;Miličín;49.516;14.82236
20260624_162547_L448;20260624_162547;24.06.2026;16:11:00;448;91;1111;13;U4626Z2;Mníšek p.Brdy,náměstí;49.89435;14.29949
20260624_162547_L480;20260624_162547;24.06.2026;16:12:00;480;29;7221;11;U7802Z2;Příbram,aut.nádr.;49.61201;14.10428
20260624_162547_L466;20260624_162547;24.06.2026;16:15:00;466;30;8086;10;U4246Z2;Spomyšl;50.28123;14.3148
20260624_162547_L336;20260624_162547;24.06.2026;16:13:00;336;17;8836;12;U1141Z3;Jeneč,Lidická;50.05413;14.29091
20260624_162547_L346;20260624_162547;24.06.2026;16:11:00;346;2;8277;13;U1824Z1;Brandýs n.L.-St.Bol.,nem.;50.17894;14.65496
20260624_162547_L349;20260624_162547;24.06.2026;16:10:00;349;23;8210;13;U1791Z2;Praha,Ládví;50.31704;14.51156
20260624_162547_L183;20260624_162547;24.06.2026;16:14:00;183;3;6970;10;U747Z1P;Háje;50.07864;14.5378
20260624_162547_L365;20260624_162547;24.06.2026;16:12:00;365;8;8820;13;U9927Z2;Stochov,nám.;50.10952;14.0691
20260624_162547_L381;20260624_162547;24.06.2026;16:11:00;381;14;9944;14;U2153Z1;Čáslav,obchodní centrum;49.95254;15.03992
20260624_162547_L383;20260624_162547;24.06.2026;16:11:00;383;44;9488;13;U2007Z1;Ondřejov,náměstí;49.98979;14.73289
20260624_162547_L177;20260624_162547;24.06.2026;16:14:00;177;56;6927;11;U344Z4P;Chodov;50.03196;14.50734
20260624_162547_L770;20260624_162547;24.06.2026;16:12:00;770;50;47819;13;U7666Z51;Benešov,Terminál;49.82352;14.798
20260624_162547_L821;20260624_162547;24.06.2026;16:12:00;821;70;1611;13;U2381Z1;Horní Kruty;49.94869;14.95415
20260624_162547_L752;20260624_162547;24.06.2026;16:14:00;752;95;7892;10;U4489Z2;Benešov,Terminál;49.8183;14.63683
20260624_162547_L795;20260624_162547;24.06.2026;16:12:00;795;19;7848;13;U7317Z1;Zruč n.Sáz.,Sázavan;49.72709;15.05468
20260624_162547_L641;20260624_162547;24.06.2026;16:13:00;641;14;9573;12;U4964Z2;Beroun,autobusové nádraží;49.96561;14.06692
20260624_162547_L380;20260624_162547;24.06.2026;16:10:00;380;6;9974;15;U1647Z1;Králův Dvůr,Počaply,Obchodní centrum;50.03428;14.23251
20260624_162547_L110;20260624_162547;24.06.2026;16:15:00;110;8;8101;10;U313Z1P;Dolní Počernice;50.0978;14.54887
20260624_162547_L248;20260624_162547;24.06.2026;16:16:00;248;2;2058;10;U524Z1P;Viničky;49.98257;14.35614
20260624_162547_L548;20260624_162547;24.06.2026;16:13:00;548;12;9511;10;U9618Z3;Zbiroh,nám.;49.83607;13.90265
20260624_162547_L133;20260624_162547;24.06.2026;16:15:00;133;1;3018;10;U2787Z2P;Florenc;50.08811;14.45748
20260624_162547_L180;20260624_162547;24.06.2026;16:16:00;180;15;5562;10;U444Z2P;Obchodní centrum Zličín;50.07583;14.34429
20260624_162547_L188;20260624_162547;24.06.2026;16:16:00;188;16;5076;10;U599Z2P;Kavčí hory;50.06994;14.48946
20260624_162547_L177;20260624_162547;24.06.2026;16:15:00;177;12;5532;10;U78Z3P;Poliklinika Mazurská;50.12651;14.47006
20260624_162547_L136;20260624_162547;24.06.2026;16:09:00;136;13;5140;12;U1074Z4P;Jižní Město;50.09164;14.46871
20260624_162547_L149;20260624_162547;24.06.2026;16:14:00;149;9;4197;10;U254Z5P;Stodůlky-Bavorská;50.07089;14.38016
20260624_162547_L204;20260624_162547;24.06.2026;16:11:00;204;71;9011;12;U1014Z2P;Sídliště Petrovice;50.06967;14.54296
20260624_162547_L300;20260624_162547;24.06.2026;16:14:00;300;7;8957;10;U1918Z1;Libušín,náměstí;50.14532;14.05595
20260624_162547_L337;20260624_162547;24.06.2026;16:12:00;337;12;9933;13;U488Z7;Praha,Budějovická;50.03043;14.45511
20260624_162547_L349;20260624_162547;24.06.2026;15:30:00;349;23;8210;48;U2334Z2;Mělník,Podolí;50.31704;14.51156
20260624_162547_L332;20260624_162547;24.06.2026;16:11:00;332;25;9361;13;U2129Z1;Jílové u Prahy,náměstí;49.93966;14.51466
20260624_162547_L139;20260624_162547;24.06.2026;16:16:00;139;12;5136;10;U1158Z1P;Komořany;50.0044;14.40385
20260624_162547_L319;20260624_162547;24.06.2026;16:13:00;319;44;7850;11;U1709Z1;Mníšek p.Brdy,žel.zast.Rymaně;49.86843;14.25972
20260624_162547_L345;20260624_162547;24.06.2026;16:13:00;345;36;10654;11;U31065Z1;Liberec,aut.nádr.;50.75442;15.05531
20260624_162547_L339;20260624_162547;24.06.2026;16:13:00;339;16;9936;12;U1589Z1;Týnec n.Sáz.,žel.st.;49.85955;14.58386
20260624_162547_L369;20260624_162547;24.06.2026;16:12:00;369;42;8233;13;U1792Z1;Praha,Ládví;50.34289;14.4884
20260624_162547_L136;20260624_162547;24.06.2026;16:11:00;136;58;6945;15;U680Z3P;Jižní Město;50.0689;14.46905
20260624_162547_L164;20260624_162547;24.06.2026;16:03:00;164;2;1953;22;U3021Z2P;Sídliště Řepy;50.07393;14.31617
20260624_162547_L181;20260624_162547;24.06.2026;16:16:00;181;8;6703;10;U552Z1P;Opatov;50.07001;14.53714
20260624_162547_L484;20260624_162547;24.06.2026;16:04:00;484;31;8034;20;U2315Z1;Úvaly,žel.st.;50.0742;14.72301
20260624_162547_L188;20260624_162547;24.06.2026;16:14:00;188;5;6950;11;U640Z1P;Kavčí hory;50.05412;14.44232
20260624_162547_L180;20260624_162547;24.06.2026;16:10:00;180;3;6864;16;U306Z2P;Obchodní centrum Zličín;50.07456;14.33989
20260624_162547_L765;20260624_162547;24.06.2026;16:14:00;765;36;1485;11;U1877Z1;Sibřina;49.96375;14.63336
20260624_162547_L216;20260624_162547;24.06.2026;16:15:00;216;6;2050;10;U701Z2P;Poliklinika Petřiny;50.09686;14.37083
20260624_162547_L126;20260624_162547;24.06.2026;16:14:00;126;8;3835;10;U3053Z2P;Nádraží Uhříněves;50.03138;14.59838
20260624_162547_L125;20260624_162547;24.06.2026;16:15:00;125;16;6712;10;U677Z2P;Skalka;50.05754;14.53697
20260624_162947_L146;20260624_162947;24.06.2026;16:16:00;146;6;9472;12;U575Z1P;Habrová;50.0802;14.48765
20260624_162947_L155;20260624_162947;24.06.2026;16:17:00;155;1;9466;12;U548Z1P;Nemocnice Vinohrady;50.08172;14.50076
20260624_162947_L248;20260624_162947;24.06.2026;16:20:00;248;2;2058;10;U3223Z1P;Nádraží Radotín;49.97721;14.34479
20260624_162947_L181;20260624_162947;24.06.2026;16:16:00;181;6;5018;13;U99Z1P;Opatov;50.03728;14.50888
20260624_162947_L448;20260624_162947;24.06.2026;16:15:00;448;91;1111;12;U2122Z1;Mníšek p.Brdy,náměstí;49.88126;14.2773
20260624_162947_L180;20260624_162947;24.06.2026;16:15:00;180;3;6864;15;U113Z3P;Obchodní centrum Zličín;50.06433;14.31666
20260624_162947_L149;20260624_162947;24.06.2026;16:15:00;149;3;3998;14;U602Z3P;Dejvická;50.05236;14.35103
20260624_162947_L821;20260624_162947;24.06.2026;16:18:00;821;73;1610;11;U4148Z1;Kolín,nádraží;50.00571;14.9896
20260624_162947_L309;20260624_162947;24.06.2026;16:17:00;309;84;9562;12;U1633Z1;Praha,Zličín;49.9804;14.34659
20260624_162947_L319;20260624_162947;24.06.2026;16:18:00;319;44;7850;11;U1730Z1;Mníšek p.Brdy,žel.zast.Rymaně;49.86677;14.27008
20260624_162947_L307;20260624_162947;24.06.2026;16:17:00;307;10;8991;12;U1190Z2;Praha,Zličín;50.04528;14.26007
20260624_162947_L401;20260624_162947;24.06.2026;16:17:00;401;63;7773;12;U31273Z1;Jindřichův Hradec,aut.nádr.;49.46936;14.65969
20260624_162947_L401;20260624_162947;24.06.2026;16:15:00;401;61;7774;10;U2139Z2;Jindřichův Hradec,aut.nádr.;49.78211;14.68186
20260624_162947_L204;20260624_162947;24.06.2026;16:16:00;204;71;9011;13;U96Z1P;Sídliště Petrovice;50.06005;14.55771
20260624_162947_L473;20260624_162947;24.06.2026;16:18:00;473;46;8032;11;U3311Z2;Neratovice,Kojetická;50.26844;14.50683
20260624_162947_L335;20260624_162947;24.06.2026;16:19:00;335;5;9127;10;U4861Z1;Kamenice,kult.dům;49.99254;14.48919
20260624_162947_L336;20260624_162947;24.06.2026;16:13:00;336;17;8836;15;U1141Z3;Jeneč,Lidická;50.05427;14.28117
20260624_162947_L339;20260624_162947;24.06.2026;16:15:00;339;16;9936;13;U1590Z1;Týnec n.Sáz.,žel.st.;49.83565;14.59235
20260624_162947_L346;20260624_162947;24.06.2026;16:17:00;346;2;8277;12;U3356Z1;Brandýs n.L.-St.Bol.,nem.;50.18798;14.64925
20260624_162947_L345;20260624_162947;24.06.2026;16:15:00;345;36;10654;11;U31067Z1;Liberec,aut.nádr.;50.76458;15.05606
20260624_162947_L792;20260624_162947;24.06.2026;16:15:00;792;45;7844;14;U7895Z1;Vlašim,žel.st.;49.70396;14.9699
20260624_162947_L795;20260624_162947;24.06.2026;16:17:00;795;19;7848;12;U7053Z1;Zruč n.Sáz.,Sázavan;49.73464;15.09126
20260624_162947_L548;20260624_162947;24.06.2026;16:18:00;548;12;9511;11;U9616Z1;Zbiroh,nám.;49.83854;13.89669
20260624_162947_L381;20260624_162947;24.06.2026;16:15:00;381;14;9944;14;U2155Z1;Čáslav,obchodní centrum;49.95634;15.0847
20260624_162947_L383;20260624_162947;24.06.2026;16:17:00;383;44;9488;12;U2384Z1;Ondřejov,náměstí;49.97515;14.73686
20260624_162947_L392;20260624_162947;24.06.2026;16:19:00;392;43;9879;10;U9631Z1;Příbram,aut.nádr.;49.75475;14.06695
20260624_162947_L163;20260624_162947;24.06.2026;16:18:00;163;58;9468;10;U794Z2P;Depo Hostivař;50.07214;14.54409
20260624_162947_L136;20260624_162947;24.06.2026;16:15:00;136;14;5545;12;U1074Z4P;Jižní Město;50.09307;14.47139
20260624_162947_L201;20260624_162947;24.06.2026;16:16:00;201;14;4134;13;U1056Z2P;Černý Most;50.10723;14.57284
20260624_162947_L339;20260624_162947;24.06.2026;16:16:00;339;18;9932;13;U1531Z1;Týnec n.Sáz.,žel.st.;49.95193;14.53781
20260624_162947_L757;20260624_162947;24.06.2026;16:18:00;757;8;7940;11;U6537Z1;Votice,aut.st.;49.67171;14.57318
20260624_162947_L180;20260624_162947;24.06.2026;16:18:00;180;8;6906;11;U306Z1P;Dejvická;50.07501;14.34112
20260624_162947_L311;20260624_162947;24.06.2026;16:11:00;311;78;9771;16;U2280Z1;Praha,Zličín;49.91636;14.24281
20260624_162947_L183;20260624_162947;24.06.2026;16:19:00;183;3;6970;10;U227Z3P;Háje;50.06129;14.53619
20260624_162947_L182;20260624_162947;24.06.2026;16:18:00;182;2;3815;11;U160Z1P;Opatov;50.0506;14.52559
20260624_162947_L332;20260624_162947;24.06.2026;16:15:00;332;25;9361;13;U2127Z1;Jílové u Prahy,náměstí;49.92601;14.50331
20260624_162947_L382;20260624_162947;24.06.2026;16:16:00;382;7;9375;10;U1886Z1;Sázava,aut.st.;49.98803;14.70724
20260624_162947_L770;20260624_162947;24.06.2026;16:17:00;770;50;47819;12;U5725Z2;Benešov,Terminál;49.80476;14.80155
20260624_162947_L177;20260624_162947;24.06.2026;16:19:00;177;12;5532;11;U267Z1P;Poliklinika Mazurská;50.12481;14.44876
20260624_162947_L348;20260624_162947;24.06.2026;16:16:00;348;14;8286;11;U1955Z1;Obříství;50.28133;14.49796
20260624_162947_L375;20260624_162947;24.06.2026;16:19:00;375;8;8256;10;U1824Z1;Brandýs n.L.-St.Bol.,žel.st.;50.17893;14.65491
20260624_162947_L139;20260624_162947;24.06.2026;16:20:00;139;12;5136;10;U280Z1P;Komořany;49.99249;14.41045
20260624_162947_L170;20260624_162947;24.06.2026;16:19:00;170;16;3852;10;U286Z5P;Jižní Město;50.03059;14.52875
20260624_162947_L480;20260624_162947;24.06.2026;16:15:00;480;29;7221;11;U7804Z2;Příbram,aut.nádr.;49.61764;14.09574
20260624_162947_L316;20260624_162947;24.06.2026;16:16:00;316;9;8977;13;U1692Z1;Holubice;50.19672;14.29511
20260624_162947_L136;20260624_162947;24.06.2026;16:16:00;136;24;6776;14;U29Z1P;Jižní Město;50.07327;14.47018
20260624_162947_L369;20260624_162947;24.06.2026;16:16:00;369;42;8233;13;U1789Z2;Praha,Ládví;50.3207;14.50655
20260624_162947_L182;20260624_162947;24.06.2026;16:17:00;182;7;4181;12;U526Z1P;Kbelský hřbitov;50.12929;14.54411
20260624_162947_L650;20260624_162947;24.06.2026;16:15:00;650;24;12557;13;U9004Z2;Litoměřice,aut.nádr.;50.36393;14.12301
20260624_162947_L203;20260624_162947;24.06.2026;16:16:00;203;7;1952;12;U1020Z2P;Háje;50.03161;14.52347
20260624_162947_L466;20260624_162947;24.06.2026;16:19:00;466;30;8086;10;U2346Z2;Spomyšl;50.27189;14.32477
20260624_162947_L106;20260624_162947;24.06.2026;16:19:00;106;7;3679;10;U2784Z1P;Pražského povstání;50.05439;14.43655
20260624_162947_L133;20260624_162947;24.06.2026;16:19:00;133;1;3018;11;U3018Z2P;Florenc;50.08907;14.44338
20260624_162947_L136;20260624_162947;24.06.2026;16:16:00;136;58;6945;13;U183Z3P;Jižní Město;50.05611;14.47156
20260624_162947_L149;20260624_162947;24.06.2026;16:14:00;149;9;4197;14;U254Z5P;Stodůlky-Bavorská;50.07027;14.3803
20260624_162947_L154;20260624_162947;24.06.2026;16:19:00;154;8;3839;10;U2707Z1P;Sídliště Libuš;50.04655;14.54983
20260624_162947_L300;20260624_162947;24.06.2026;16:19:00;300;2;8993;10;U4303Z52;Smečno;50.15417;14.18662
20260624_162947_L641;20260624_162947;24.06.2026;16:16:00;641;14;9573;12;U1746Z1;Beroun,autobusové nádraží;49.95899;14.0619
20260624_162947_L365;20260624_162947;24.06.2026;16:15:00;365;8;8820;13;U6147Z2;Stochov,nám.;50.11602;14.03818
20260624_162947_L220;20260624_162947;24.06.2026;16:20:00;220;31;9288;10;U1352Z1P;Černý Most;50.12443;14.61883
20260624_162947_L300;20260624_162947;24.06.2026;16:17:00;300;7;8957;11;U4792Z1;Libušín,náměstí;50.15915;14.04777
20260624_162947_L337;20260624_162947;24.06.2026;16:12:00;337;12;9933;15;U488Z7;Praha,Budějovická;50.03981;14.45819
20260624_162947_L349;20260624_162947;24.06.2026;15:45:00;349;22;8208;41;U2334Z2;Mělník,Podolí;50.2843;14.49577
20260624_162947_L393;20260624_162947;24.06.2026;16:16:00;393;45;9855;13;U9748Z1;Příbram,Drkolnov;49.67554;13.98901
20260624_162947_L180;20260624_162947;24.06.2026;16:17:00;180;6;5057;12;U321Z4P;Dejvická;50.10001;14.39552
20260624_162947_L136;20260624_162947;24.06.2026;16:15:00;136;13;5140;14;U743Z2P;Jižní Město;50.08656;14.45538
20260624_162947_L164;20260624_162947;24.06.2026;16:03:00;164;2;1953;26;U3021Z2P;Sídliště Řepy;50.07393;14.31617
20260624_162947_L181;20260624_162947;24.06.2026;16:19:00;181;8;6703;10;U677Z1P;Opatov;50.05723;14.53639
20260624_162947_L484;20260624_162947;24.06.2026;16:04:00;484;31;8034;24;U2315Z1;Úvaly,žel.st.;50.0742;14.72301
20260624_162947_L765;20260624_162947;24.06.2026;16:17:00;765;36;1485;12;U1892Z1;Sibřina;49.97831;14.6389
20260624_162947_L216;20260624_162947;24.06.2026;16:19:00;216;6;2050;10;U867Z6P;Poliklinika Petřiny;50.0939;14.38715
20260624_163348_L183;20260624_163348;24.06.2026;16:22:00;183;3;6970;10;U453Z10P;Háje;50.0512;14.54293
20260624_163348_L248;20260624_163348;24.06.2026;16:24:00;248;2;2058;10;U524Z2P;Nádraží Radotín;49.98253;14.35622
20260624_163348_L182;20260624_163348;24.06.2026;16:24:00;182;2;3815;10;U99Z1P;Opatov;50.03728;14.50888
20260624_163348_L146;20260624_163348;24.06.2026;16:22:00;146;6;9472;11;U128Z2P;Želivského;50.08806;14.49182
20260624_163348_L155;20260624_163348;24.06.2026;16:21:00;155;1;9466;11;U359Z1P;Nemocnice Vinohrady;50.08509;14.5054
20260624_163348_L300;20260624_163348;24.06.2026;16:21:00;300;2;8993;10;U4304Z1;Smečno;50.14672;14.15621
20260624_163348_L309;20260624_163348;24.06.2026;16:22:00;309;84;9562;11;U1629Z1;Praha,Zličín;49.98607;14.32742
20260624_163348_L402;20260624_163348;24.06.2026;16:22:00;402;23;7928;11;U7317Z1;Zruč n.Sáz.,Sázavan;49.72383;15.05673
20260624_163348_L471;20260624_163348;24.06.2026;16:21:00;471;34;8124;12;U1955Z1;Mělník,aut.nádr.;50.2818;14.49713
20260624_163348_L770;20260624_163348;24.06.2026;16:23:00;770;50;47819;10;U7809Z2;Benešov,Terminál;49.81012;14.7543
20260624_163348_L400;20260624_163348;24.06.2026;16:20:00;400;55;1088;10;U31355Z1;Nový Bor,aut.nádr.;50.72101;14.54572
20260624_163348_L548;20260624_163348;24.06.2026;16:21:00;548;12;9511;12;U9779Z1;Zbiroh,nám.;49.84264;13.90344
20260624_163348_L795;20260624_163348;24.06.2026;16:20:00;795;19;7848;13;U7057Z71;Zruč n.Sáz.,Sázavan;49.74401;15.10369
20260624_163348_L456;20260624_163348;24.06.2026;16:23:00;456;45;7077;10;U31268Z2;Miličín;49.55281;14.81773
20260624_163348_L650;20260624_163348;24.06.2026;16:15:00;650;24;12557;14;U9004Z2;Litoměřice,aut.nádr.;50.38362;14.12431
20260624_163348_L335;20260624_163348;24.06.2026;16:22:00;335;5;9127;11;U4176Z2;Kamenice,kult.dům;49.97959;14.49823
20260624_163348_L349;20260624_163348;24.06.2026;15:45:00;349;22;8208;44;U2334Z2;Mělník,Podolí;50.28658;14.49575
20260624_163348_L334;20260624_163348;24.06.2026;16:23:00;334;43;7818;10;U1330Z1;Psáry;49.96575;14.51752
20260624_163348_L362;20260624_163348;24.06.2026;16:19:00;362;1;9162;14;U2105Z1;Jílové u Prahy,náměstí;49.92245;14.47996
20260624_163348_L381;20260624_163348;24.06.2026;16:19:00;381;14;9944;13;U2180Z1;Čáslav,obchodní centrum;49.955;15.13419
20260624_163348_L382;20260624_163348;24.06.2026;16:19:00;382;7;9375;14;U2006Z1;Sázava,aut.st.;49.98928;14.71704
20260624_163348_L383;20260624_163348;24.06.2026;16:22:00;383;44;9488;11;U2038Z1;Ondřejov,náměstí;49.95567;14.75126
20260624_163348_L108;20260624_163348;24.06.2026;16:24:00;108;3;2054;10;U1169Z2P;Divoká Šárka;50.08597;14.31145
20260624_163348_L182;20260624_163348;24.06.2026;16:21:00;182;7;4181;13;U1103Z1P;Kbelský hřbitov;50.13716;14.54698
20260624_163348_L163;20260624_163348;24.06.2026;16:23:00;163;58;9468;10;U741Z2P;Depo Hostivař;50.06977;14.54296
20260624_163348_L375;20260624_163348;24.06.2026;16:23:00;375;8;8256;10;U1827Z1;Brandýs n.L.-St.Bol.,žel.st.;50.18638;14.66211
20260624_163348_L431;20260624_163348;24.06.2026;16:22:00;431;2;1813;11;U6103Z2;Lysá n.L.,žel.st.;50.28868;14.81437
20260624_163348_L466;20260624_163348;24.06.2026;16:23:00;466;30;8086;10;U4361Z1;Spomyšl;50.2903;14.32123
20260624_163348_L197;20260624_163348;24.06.2026;16:22:00;197;4;6808;11;U307Z1P;Roztyly;50.0133;14.50274
20260624_163348_L136;20260624_163348;24.06.2026;16:19:00;136;12;6957;15;U855Z1P;Jižní Město;50.07457;14.46274
20260624_163348_L177;20260624_163348;24.06.2026;16:23:00;177;12;5532;11;U581Z1P;Poliklinika Mazurská;50.12921;14.43119
20260624_163348_L136;20260624_163348;24.06.2026;16:20:00;136;58;6945;13;U322Z3P;Jižní Město;50.04552;14.48479
20260624_163348_L136;20260624_163348;24.06.2026;16:21:00;136;51;6883;10;U1074Z4P;Jižní Město;50.09239;14.47018
20260624_163348_L401;20260624_163348;24.06.2026;16:20:00;401;61;7774;13;U1384Z16;Jindřichův Hradec,aut.nádr.;49.77888;14.68422
20260624_163348_L757;20260624_163348;24.06.2026;16:20:00;757;8;7940;10;U6536Z1;Votice,aut.st.;49.66009;14.60571
20260624_163348_L180;20260624_163348;24.06.2026;16:21:00;180;8;6906;12;U872Z1P;Dejvická;50.07967;14.34673
20260624_163348_L332;20260624_163348;24.06.2026;16:19:00;332;25;9361;14;U2106Z1;Jílové u Prahy,náměstí;49.91081;14.49571
20260624_163348_L511;20260624_163348;24.06.2026;16:21:00;511;14;9616;10;U7781Z2;Příbram,aut.nádr.;49.56815;14.07426
20260624_163348_L204;20260624_163348;24.06.2026;16:20:00;204;71;9011;13;U1069Z4P;Sídliště Petrovice;50.04866;14.56422
20260624_163348_L149;20260624_163348;24.06.2026;16:20:00;149;3;3998;13;U27Z2P;Dejvická;50.05116;14.3663
20260624_163348_L110;20260624_163348;24.06.2026;16:23:00;110;8;8101;10;U801Z1P;Dolní Počernice;50.08679;14.57327
20260624_163348_L473;20260624_163348;24.06.2026;16:19:00;473;46;8032;14;U1974Z2;Neratovice,Kojetická;50.2616;14.51663
20260624_163348_L392;20260624_163348;24.06.2026;16:22:00;392;43;9879;10;U9633Z1;Příbram,aut.nádr.;49.74105;14.06736
20260624_163348_L348;20260624_163348;24.06.2026;16:16:00;348;14;8286;15;U1955Z1;Obříství;50.28224;14.49644
20260624_163348_L339;20260624_163348;24.06.2026;16:19:00;339;18;9932;15;U1533Z3;Týnec n.Sáz.,žel.st.;49.93792;14.5538
20260624_163348_L345;20260624_163348;24.06.2026;16:19:00;345;36;10654;11;U31069Z12;Liberec,aut.nádr.;50.75869;15.05173
20260624_163348_L348;20260624_163348;24.06.2026;16:24:00;348;6;8295;10;U1958Z2;Praha,Ládví;50.21017;14.4989
20260624_163348_L240;20260624_163348;24.06.2026;16:20:00;240;12;1758;12;U897Z11P;Černý Most;50.10987;14.57505
20260624_163348_L154;20260624_163348;24.06.2026;16:24:00;154;2;3003;10;U611Z2P;Sídliště Libuš;50.01323;14.48038
20260624_163348_L183;20260624_163348;24.06.2026;16:19:00;183;6;6785;15;U338Z2P;Háje;50.03359;14.56076
20260624_163348_L136;20260624_163348;24.06.2026;16:20:00;136;13;5140;13;U118Z4P;Jižní Město;50.07874;14.46053
20260624_163348_L164;20260624_163348;24.06.2026;16:03:00;164;2;1953;30;U3021Z2P;Sídliště Řepy;50.07393;14.31617
20260624_163348_L181;20260624_163348;24.06.2026;16:23:00;181;8;6703;10;U403Z8P;Opatov;50.05302;14.52401
20260624_163348_L484;20260624_163348;24.06.2026;16:04:00;484;31;8034;26;U2315Z1;Úvaly,žel.st.;50.0742;14.72301
20260624_163348_L765;20260624_163348;24.06.2026;16:22:00;765;36;1485;11;U1881Z1;Sibřina;49.99167;14.65566
20260624_163348_L216;20260624_163348;24.06.2026;16:22:00;216;6;2050;11;U3042Z1P;Poliklinika Petřiny;50.09102;14.37377
20260624_163749_L309;20260624_163749;24.06.2026;16:26:00;309;84;9562;11;U1631Z1;Praha,Zličín;49.97524;14.30043
20260624_163749_L170;20260624_163749;24.06.2026;16:25:00;170;1;4058;11;U960Z2P;Jižní Město;50.04008;14.51037
20260624_163749_L348;20260624_163749;24.06.2026;16:16:00;348;14;8286;19;U1955Z1;Obříství;50.28256;14.4959
20260624_163749_L204;20260624_163749;24.06.2026;16:24:00;204;71;9011;13;U732Z1P;Sídliště Petrovice;50.0426;14.55307
20260624_163749_L149;20260624_163749;24.06.2026;16:24:00;149;3;3998;14;U174Z2P;Dejvická;50.05721;14.36916
20260624_163749_L401;20260624_163749;24.06.2026;16:23:00;401;63;7773;13;U31276Z1;Jindřichův Hradec,aut.nádr.;49.41375;14.66293
20260624_163749_L365;20260624_163749;24.06.2026;16:25:00;365;8;8820;12;U9923Z2;Stochov,nám.;50.12884;14.02602
20260624_163749_L369;20260624_163749;24.06.2026;16:25:00;369;45;8282;12;U1963Z1;Štětí,záv.;50.27146;14.4959
20260624_163749_L183;20260624_163749;24.06.2026;16:27:00;183;3;6970;10;U154Z2P;Háje;50.04822;14.557
20260624_163749_L334;20260624_163749;24.06.2026;16:23:00;334;43;7818;13;U1330Z1;Psáry;49.9629;14.52207
20260624_163749_L466;20260624_163749;24.06.2026;16:26:00;466;30;8086;11;U4358Z1;Spomyšl;50.30413;14.31861
20260624_163749_L620;20260624_163749;24.06.2026;16:23:00;620;19;7329;11;U4314Z6;Kralupy n.Vlt.,žel.st.;50.14158;14.09842
20260624_163749_L155;20260624_163749;24.06.2026;16:25:00;155;1;9466;11;U359Z2P;Nemocnice Vinohrady;50.08485;14.50622
20260624_163749_L431;20260624_163749;24.06.2026;16:25:00;431;2;1813;10;U6104Z2;Lysá n.L.,žel.st.;50.27925;14.78842
20260624_163749_L473;20260624_163749;24.06.2026;16:23:00;473;46;8032;14;U3310Z1;Neratovice,Kojetická;50.25623;14.51511
20260624_163749_L125;20260624_163749;24.06.2026;16:27:00;125;12;5058;10;U286Z5P;Skalka;50.03067;14.52985
20260624_163749_L197;20260624_163749;24.06.2026;16:28:00;197;4;6808;10;U52Z5P;Roztyly;50.03053;14.49196
20260624_163749_L370;20260624_163749;24.06.2026;16:26:00;370;2;8002;11;U2228Z1;Kralupy n.Vlt.,žel.st.;50.26757;14.33265
20260624_163749_L136;20260624_163749;24.06.2026;16:24:00;136;12;6957;14;U680Z3P;Jižní Město;50.06887;14.46905
20260624_163749_L177;20260624_163749;24.06.2026;16:26:00;177;12;5532;11;U912Z4P;Poliklinika Mazurská;50.13101;14.41726
20260624_163749_L136;20260624_163749;24.06.2026;16:26:00;136;58;6945;12;U424Z1P;Jižní Město;50.03348;14.49928
20260624_163749_L471;20260624_163749;24.06.2026;16:21:00;471;34;8124;14;U1955Z1;Mělník,aut.nádr.;50.28204;14.49676
20260624_163749_L305;20260624_163749;24.06.2026;16:26:00;305;30;8345;11;U32130Z1;Karlovy Vary,terminál;50.13217;13.30398
20260624_163749_L136;20260624_163749;24.06.2026;16:26:00;136;24;6776;12;U697Z3P;Jižní Město;50.04823;14.48133
20260624_163749_L401;20260624_163749;24.06.2026;16:24:00;401;61;7774;13;U4521Z1;Jindřichův Hradec,aut.nádr.;49.77621;14.68062
20260624_163749_L392;20260624_163749;24.06.2026;16:26:00;392;43;9879;10;U9636Z1;Příbram,aut.nádr.;49.73058;14.08918
20260624_163749_L155;20260624_163749;24.06.2026;16:23:00;155;2;9120;14;U921Z6P;Poliklinika Malešice;50.07828;14.47634
20260624_163749_L163;20260624_163749;24.06.2026;16:25:00;163;58;9468;12;U389Z2P;Depo Hostivař;50.07363;14.53518
20260624_163749_L650;20260624_163749;24.06.2026;16:24:00;650;24;12557;11;U31429Z1;Litoměřice,aut.nádr.;50.40444;14.12967
20260624_163749_L332;20260624_163749;24.06.2026;16:23:00;332;25;9361;14;U2108Z1;Jílové u Prahy,náměstí;49.89587;14.49326
20260624_163749_L346;20260624_163749;24.06.2026;16:24:00;346;2;8277;13;U1825Z2;Praha,Černý Most;50.17873;14.67005
20260624_163749_L335;20260624_163749;24.06.2026;16:27:00;335;5;9127;10;U1330Z1;Kamenice,kult.dům;49.96751;14.51479
20260624_163749_L348;20260624_163749;24.06.2026;16:24:00;348;6;8295;12;U1958Z2;Praha,Ládví;50.20299;14.49813
20260624_163749_L358;20260624_163749;24.06.2026;16:25:00;358;21;8882;12;U1142Z1;Rudná,Hořelice;50.05268;14.27547
20260624_163749_L322;20260624_163749;24.06.2026;16:26:00;322;13;8794;10;U4303Z51;Praha,Nádraží Veleslavín;50.15333;14.18522
20260624_163749_L365;20260624_163749;24.06.2026;16:27:00;365;12;8832;10;U1065Z2;Praha,Motol;50.07611;14.29375
20260624_163749_L375;20260624_163749;24.06.2026;16:27:00;375;8;8256;10;U3257Z2;Brandýs n.L.-St.Bol.,žel.st.;50.19706;14.67802
20260624_163749_L381;20260624_163749;24.06.2026;16:25:00;381;14;9944;12;U2156Z2;Čáslav,obchodní centrum;49.95278;15.16692
20260624_163749_L381;20260624_163749;24.06.2026;16:24:00;381;20;9937;10;U1886Z1;Čáslav,obchodní centrum;49.98817;14.70897
20260624_163749_L382;20260624_163749;24.06.2026;16:23:00;382;7;9375;14;U2008Z1;Sázava,aut.st.;49.98974;14.74508
20260624_163749_L383;20260624_163749;24.06.2026;16:28:00;383;44;9488;10;U2041Z1;Ondřejov,náměstí;49.92829;14.76289
20260624_163749_L349;20260624_163749;24.06.2026;15:45:00;349;22;8208;49;U2334Z2;Mělník,Podolí;50.28888;14.49539
20260624_163749_L770;20260624_163749;24.06.2026;16:24:00;770;50;47819;11;U7807Z2;Benešov,Terminál;49.8087;14.72983
20260624_163749_L467;20260624_163749;24.06.2026;16:27:00;467;58;8069;10;U3328Z1;Mladá Boleslav,aut.st.;50.3414;14.50588
20260624_163749_L406;20260624_163749;24.06.2026;16:26:00;406;13;7943;11;U4073Z1;Čechtice;49.78568;14.68922
20260624_163749_L795;20260624_163749;24.06.2026;16:23:00;795;19;7848;13;U7159Z2;Zruč n.Sáz.,Sázavan;49.74305;15.0866
20260624_163749_L146;20260624_163749;24.06.2026;16:25:00;146;6;9472;13;U357Z1P;Želivského;50.08559;14.48225
20260624_163749_L706;20260624_163749;24.06.2026;16:26:00;706;59;1643;10;U9973Z1;Žiželice,nám.;49.91144;15.02656
20260624_163749_L548;20260624_163749;24.06.2026;16:23:00;548;12;9511;12;U9616Z2;Zbiroh,nám.;49.84241;13.89253
20260624_163749_L511;20260624_163749;24.06.2026;16:21:00;511;14;9616;12;U7781Z2;Příbram,aut.nádr.;49.58082;14.05823
20260624_163749_L300;20260624_163749;24.06.2026;16:27:00;300;2;8993;10;U4306Z1;Smečno;50.13581;14.12499
20260624_163749_L332;20260624_163749;24.06.2026;16:25:00;332;24;9133;11;U423Z1;Jílové u Prahy,náměstí;49.99706;14.48604
20260624_163749_L136;20260624_163749;24.06.2026;16:24:00;136;51;6883;13;U512Z5P;Jižní Město;50.09027;14.46649
20260624_163749_L108;20260624_163749;24.06.2026;16:26:00;108;3;2054;11;U1167Z2P;Divoká Šárka;50.08907;14.32372
20260624_163749_L180;20260624_163749;24.06.2026;16:24:00;180;8;6906;13;U44Z2P;Dejvická;50.0854;14.36491
20260624_163749_L180;20260624_163749;24.06.2026;16:23:00;180;3;6864;15;U913Z2P;Obchodní centrum Zličín;50.06206;14.28733
20260624_163749_L381;20260624_163749;24.06.2026;16:23:00;381;13;1682;14;U1980Z1;Zásmuky,nám.;49.97272;14.91268
20260624_163749_L362;20260624_163749;24.06.2026;16:23:00;362;1;9162;14;U2106Z1;Jílové u Prahy,náměstí;49.91113;14.49641
20260624_163749_L483;20260624_163749;24.06.2026;16:24:00;483;47;7876;11;U7451Z1;Vlašim,žel.st.;49.78091;14.94978
20260624_163749_L136;20260624_163749;24.06.2026;16:23:00;136;13;5140;14;U518Z3P;Jižní Město;50.07591;14.45915
20260624_163749_L164;20260624_163749;24.06.2026;16:03:00;164;2;1953;34;U3021Z2P;Sídliště Řepy;50.07393;14.31617
20260624_163749_L181;20260624_163749;24.06.2026;16:25:00;181;8;6703;13;U160Z1P;Opatov;50.05087;14.52428
20260624_163749_L484;20260624_163749;24.06.2026;16:04:00;484;31;8034;32;U2315Z1;Úvaly,žel.st.;50.0742;14.72301
20260624_163749_L765;20260624_163749;24.06.2026;16:24:00;765;36;1485;13;U1883Z1;Sibřina;49.99607;14.65986
20260624_163749_L216;20260624_163749;24.06.2026;16:26:00;216;6;2050;12;U858Z2P;Poliklinika Petřiny;50.09181;14.36078
20260624_163749_L180;20260624_163749;24.06.2026;16:24:00;180;16;6993;11;U4191Z2P;Dejvická;50.05191;14.29195
20260624_164149_L620;20260624_164149;24.06.2026;16:23:00;620;19;7329;18;U4314Z6;Kralupy n.Vlt.,žel.st.;50.1465;14.10638
20260624_164149_L483;20260624_164149;24.06.2026;16:28:00;483;47;7876;11;U7455Z1;Vlašim,žel.st.;49.76787;14.97411
20260624_164149_L149;20260624_164149;24.06.2026;16:29:00;149;5;4088;11;U254Z5P;Stodůlky-Bavorská;50.06974;14.38042
20260624_164149_L346;20260624_164149;24.06.2026;16:24:00;346;2;8277;14;U1825Z2;Praha,Černý Most;50.14788;14.65441
20260624_164149_L348;20260624_164149;24.06.2026;16:16:00;348;14;8286;22;U1955Z1;Obříství;50.28447;14.49579
20260624_164149_L300;20260624_164149;24.06.2026;16:29:00;300;2;8993;10;U4308Z3;Smečno;50.13493;14.10631
20260624_164149_L335;20260624_164149;24.06.2026;16:27:00;335;5;9127;13;U1330Z1;Kamenice,kult.dům;49.9653;14.51806
20260624_164149_L183;20260624_164149;24.06.2026;16:31:00;183;3;6970;10;U1013Z1P;Háje;50.04028;14.5669
20260624_164149_L197;20260624_164149;24.06.2026;16:30:00;197;4;6808;11;U1032Z2P;Roztyly;50.03409;14.48309
20260624_164149_L471;20260624_164149;24.06.2026;16:21:00;471;34;8124;19;U1955Z1;Mělník,aut.nádr.;50.28246;14.49602
20260624_164149_L136;20260624_164149;24.06.2026;16:28:00;136;24;6776;12;U417Z1P;Jižní Město;50.04293;14.48774
20260624_164149_L511;20260624_164149;24.06.2026;16:30:00;511;14;9616;11;U5757Z2;Příbram,aut.nádr.;49.57775;14.02335
20260624_164149_L136;20260624_164149;24.06.2026;16:30:00;136;12;6957;12;U751Z2P;Jižní Město;50.05305;14.47423
20260624_164149_L770;20260624_164149;24.06.2026;16:28:00;770;50;47819;10;U7005Z2;Benešov,Terminál;49.79788;14.71282
20260624_164149_L776;20260624_164149;24.06.2026;16:30:00;776;13;7635;10;U7057Z1;Pertoltice;49.7401;15.10881
20260624_164149_L349;20260624_164149;24.06.2026;16:27:00;349;24;8209;14;U467Z4;Mělník,Podolí;50.12903;14.48471
20260624_164149_L348;20260624_164149;24.06.2026;16:27:00;348;6;8295;12;U1308Z2;Praha,Ládví;50.19186;14.49416
20260624_164149_L381;20260624_164149;24.06.2026;16:30:00;381;14;9944;11;U1475Z1;Čáslav,obchodní centrum;49.94639;15.20674
20260624_164149_L381;20260624_164149;24.06.2026;16:28:00;381;13;1682;13;U1983Z1;Zásmuky,nám.;49.9671;14.95697
20260624_164149_L381;20260624_164149;24.06.2026;16:27:00;381;20;9937;13;U2006Z1;Čáslav,obchodní centrum;49.98959;14.71883
20260624_164149_L155;20260624_164149;24.06.2026;16:28:00;155;1;9466;12;U4572Z1P;Nemocnice Vinohrady;50.08835;14.49308
20260624_164149_L164;20260624_164149;24.06.2026;16:28:00;164;3;1963;12;U229Z2P;Malovanka;50.08723;14.37794
20260624_164149_L406;20260624_164149;24.06.2026;16:27:00;406;13;7943;12;U5898Z1;Čechtice;49.78109;14.70268
20260624_164149_L400;20260624_164149;24.06.2026;16:28:00;400;6;11628;12;U6070Z2;Praha,Střížkov;50.43733;14.47341
20260624_164149_L548;20260624_164149;24.06.2026;16:29:00;548;12;9511;12;U9824Z2;Zbiroh,nám.;49.84217;13.86187
20260624_164149_L692;20260624_164149;24.06.2026;16:29:00;692;28;8093;12;U3313Z1;Kokořín;50.38635;14.46303
20260624_164149_L431;20260624_164149;24.06.2026;16:31:00;431;2;1813;10;U6107Z2;Lysá n.L.,žel.st.;50.2664;14.77713
20260624_164149_L467;20260624_164149;24.06.2026;16:31:00;467;58;8069;10;U2910Z1;Mladá Boleslav,aut.st.;50.33039;14.53458
20260624_164149_L655;20260624_164149;24.06.2026;16:30:00;655;45;8130;11;U1827Z2;Brandýs n.L.-St.Bol.,nádr.;50.18386;14.65798
20260624_164149_L444;20260624_164149;24.06.2026;16:31:00;444;30;9141;10;U1565Z1;Davle,obec;49.89989;14.58121
20260624_164149_L480;20260624_164149;24.06.2026;16:29:00;480;29;7221;11;U7887Z2;Příbram,aut.nádr.;49.66687;13.99873
20260624_164149_L322;20260624_164149;24.06.2026;16:31:00;322;13;8794;10;U4392Z1;Praha,Nádraží Veleslavín;50.1435;14.19004
20260624_164149_L332;20260624_164149;24.06.2026;16:30:00;332;24;9133;11;U4176Z2;Jílové u Prahy,náměstí;49.9835;14.49548
20260624_164149_L456;20260624_164149;24.06.2026;16:31:00;456;45;7077;10;U32143Z2;Miličín;49.57238;14.80735
20260624_164149_L309;20260624_164149;24.06.2026;16:28:00;309;84;9562;11;U1634Z1;Praha,Zličín;49.98066;14.28663
20260624_164149_L311;20260624_164149;24.06.2026;16:29:00;311;74;9597;12;U1643Z2;Praha,Zličín;50.05145;14.27404
20260624_164149_L183;20260624_164149;24.06.2026;16:32:00;183;15;6929;10;U552Z1P;Háje;50.07;14.53713
20260624_164149_L125;20260624_164149;24.06.2026;16:31:00;125;12;5058;10;U338Z1P;Skalka;50.03316;14.55951
20260624_164149_L620;20260624_164149;24.06.2026;16:29:00;620;20;7329;10;U3094Z2;Kladno,autobusové nádraží;50.1465;14.10638
20260624_164149_L136;20260624_164149;24.06.2026;16:27:00;136;51;6883;14;U743Z2P;Jižní Město;50.08607;14.45549
20260624_164149_L136;20260624_164149;24.06.2026;16:28:00;136;58;6945;13;U106Z2P;Jižní Město;50.0275;14.50777
20260624_164149_L650;20260624_164149;24.06.2026;16:28:00;650;24;12557;11;U31428Z2;Litoměřice,aut.nádr.;50.42285;14.15902
20260624_164149_L470;20260624_164149;24.06.2026;16:27:00;470;51;8122;13;U1793Z2;Kralupy n.Vlt.,žel.st.;50.35066;14.48854
20260624_164149_L334;20260624_164149;24.06.2026;16:27:00;334;43;7818;14;U2130Z1;Psáry;49.94915;14.51949
20260624_164149_L345;20260624_164149;24.06.2026;16:27:00;345;18;8672;14;U6213Z1;Liberec,aut.nádr.;50.47313;14.9445
20260624_164149_L170;20260624_164149;24.06.2026;16:31:00;170;1;4058;10;U590Z1P;Jižní Město;50.0355;14.52068
20260624_164149_L349;20260624_164149;24.06.2026;15:45:00;349;22;8208;52;U2334Z2;Mělník,Podolí;50.29092;14.49675
20260624_164149_L369;20260624_164149;24.06.2026;16:25:00;369;45;8282;14;U1963Z1;Štětí,záv.;50.27423;14.49587
20260624_164149_L370;20260624_164149;24.06.2026;16:29:00;370;2;8002;11;U2346Z1;Kralupy n.Vlt.,žel.st.;50.26993;14.32035
20260624_164149_L375;20260624_164149;24.06.2026;16:30:00;375;8;8256;10;U3001Z2;Brandýs n.L.-St.Bol.,žel.st.;50.20628;14.69238
20260624_164149_L380;20260624_164149;24.06.2026;16:28:00;380;3;9971;11;U1643Z2;Praha,Vypich;50.05178;14.27443
20260624_164149_L136;20260624_164149;24.06.2026;16:28:00;136;13;5140;13;U29Z1P;Jižní Město;50.07258;14.4705
20260624_164149_L181;20260624_164149;24.06.2026;16:27:00;181;8;6703;14;U823Z1P;Opatov;50.0455;14.51962
20260624_164149_L484;20260624_164149;24.06.2026;16:04:00;484;31;8034;35;U2315Z1;Úvaly,žel.st.;50.0742;14.72301
20260624_164149_L765;20260624_164149;24.06.2026;16:28:00;765;36;1485;13;U2141Z3;Sibřina;49.99109;14.67523
20260624_164149_L180;20260624_164149;24.06.2026;16:29:00;180;16;6993;12;U1141Z5P;Dejvická;50.05489;14.29062
20260624_164549_L136;20260624_164549;24.06.2026;16:32:00;136;58;6945;13;U353Z1P;Jižní Město;50.02622;14.52148
20260624_164549_L154;20260624_164549;24.06.2026;16:36:00;154;7;4037;10;U151Z1P;Strašnická;50.03204;14.53455
20260624_164549_L370;20260624_164549;24.06.2026;16:33:00;370;2;8002;11;U2231Z1;Kralupy n.Vlt.,žel.st.;50.25052;14.31999
20260624_164549_L489;20260624_164549;24.06.2026;16:35:00;489;26;1647;10;U2008Z3;Strančice,žel.st.;49.98937;14.7425
20260624_164549_L177;20260624_164549;24.06.2026;16:34:00;177;1;6974;10;U13Z1P;Poliklinika Mazurská;50.09826;14.49466
20260624_164549_L136;20260624_164549;24.06.2026;16:34:00;136;24;6776;11;U344Z1P;Jižní Město;50.0315;14.5055
20260624_164549_L136;20260624_164549;24.06.2026;16:35:00;136;22;6879;10;U516Z3P;Jižní Město;50.0821;14.4594
20260624_164549_L136;20260624_164549;24.06.2026;16:33:00;136;13;5140;12;U37Z1P;Jižní Město;50.06045;14.46959
20260624_164549_L149;20260624_164549;24.06.2026;16:33:00;149;5;4088;13;U573Z1P;Stodůlky-Bavorská;50.06146;14.37528
20260624_164549_L336;20260624_164549;24.06.2026;16:35:00;336;16;8867;10;U1142Z1;Jeneč,Lidická;50.05255;14.275
20260624_164549_L406;20260624_164549;24.06.2026;16:34:00;406;13;7943;11;U9384Z1;Čechtice;49.76227;14.75072
20260624_164549_L470;20260624_164549;24.06.2026;16:27:00;470;51;8122;18;U1793Z2;Kralupy n.Vlt.,žel.st.;50.35055;14.48825
20260624_164549_L182;20260624_164549;24.06.2026;16:33:00;182;3;3988;12;U160Z1P;Opatov;50.05066;14.52533
20260624_164549_L401;20260624_164549;24.06.2026;16:31:00;401;61;7774;14;U4555Z1;Jindřichův Hradec,aut.nádr.;49.74064;14.66648
20260624_164549_L348;20260624_164549;24.06.2026;16:16:00;348;14;8286;25;U1955Z1;Obříství;50.28639;14.49578
20260624_164549_L471;20260624_164549;24.06.2026;16:35:00;471;33;8079;10;U1242Z1;Mělník,aut.nádr.;50.23073;14.58826
20260624_164549_L365;20260624_164549;24.06.2026;16:34:00;365;12;8832;11;U364Z4;Praha,Motol;50.07604;14.33247
20260624_164549_L381;20260624_164549;24.06.2026;16:32:00;381;13;1682;12;U2145Z1;Zásmuky,nám.;49.9635;14.99124
20260624_164549_L133;20260624_164549;24.06.2026;16:36:00;133;3;3973;10;U1064Z1P;Sídliště Malešice;50.08744;14.47741
20260624_164549_L180;20260624_164549;24.06.2026;16:34:00;180;16;6993;12;U913Z1P;Dejvická;50.06231;14.2873
20260624_164549_L136;20260624_164549;24.06.2026;16:32:00;136;51;6883;13;U118Z4P;Jižní Město;50.07812;14.46081
20260624_164549_L204;20260624_164549;24.06.2026;16:35:00;204;73;9015;10;U1161Z2P;Sídliště Petrovice;50.07716;14.56626
20260624_164549_L228;20260624_164549;24.06.2026;16:34:00;228;12;9402;10;U107Z1P;Poliklinika Malešice;50.06423;14.5852
20260624_164549_L300;20260624_164549;24.06.2026;16:34:00;300;2;8993;11;U3094Z1;Smečno;50.14239;14.09777
20260624_164549_L309;20260624_164549;24.06.2026;16:31:00;309;84;9562;11;U1635Z1;Praha,Zličín;49.97887;14.26422
20260624_164549_L400;20260624_164549;24.06.2026;16:31:00;400;6;11628;12;U6060Z2;Praha,Střížkov;50.41181;14.4588
20260624_164549_L620;20260624_164549;24.06.2026;16:23:00;620;19;7329;20;U4314Z6;Kralupy n.Vlt.,žel.st.;50.14103;14.09896
20260624_164549_L125;20260624_164549;24.06.2026;16:36:00;125;12;5058;10;U3052Z2P;Skalka;50.04053;14.55242
20260624_164549_L770;20260624_164549;24.06.2026;16:35:00;770;50;47819;10;U4073Z2;Benešov,Terminál;49.78604;14.6888
20260624_164549_L322;20260624_164549;24.06.2026;16:31:00;322;13;8794;11;U4392Z1;Praha,Nádraží Veleslavín;50.15286;14.19716
20260624_164549_L332;20260624_164549;24.06.2026;16:33:00;332;24;9133;12;U1332Z1;Jílové u Prahy,náměstí;49.9699;14.50891
20260624_164549_L335;20260624_164549;24.06.2026;16:27:00;335;5;9127;17;U1330Z1;Kamenice,kult.dům;49.96343;14.52025
20260624_164549_L336;20260624_164549;24.06.2026;16:35:00;336;20;1440;10;U1643Z2;Praha,Zličín;50.0508;14.27267
20260624_164549_L345;20260624_164549;24.06.2026;16:27:00;345;18;8672;15;U6213Z1;Liberec,aut.nádr.;50.48997;14.96248
20260624_164549_L348;20260624_164549;24.06.2026;16:33:00;348;6;8295;12;U1806Z2;Praha,Ládví;50.17321;14.48398
20260624_164549_L381;20260624_164549;24.06.2026;16:33:00;381;14;9944;11;U1476Z1;Čáslav,obchodní centrum;49.9468;15.24797
20260624_164549_L381;20260624_164549;24.06.2026;16:33:00;381;2;9373;10;U2006Z2;Praha,Háje;49.99202;14.69165
20260624_164549_L382;20260624_164549;24.06.2026;16:32:00;382;7;9375;13;U2018Z1;Sázava,aut.st.;49.97428;14.79637
20260624_164549_L692;20260624_164549;24.06.2026;16:33:00;692;28;8093;11;U3315Z1;Kokořín;50.40643;14.44714
20260624_164549_L493;20260624_164549;24.06.2026;16:33:00;493;20;8601;11;U2578Z2;Nymburk,hl.nádr.;50.13932;15.11344
20260624_164549_L511;20260624_164549;24.06.2026;16:32:00;511;14;9616;11;U7973Z2;Příbram,aut.nádr.;49.57993;13.9879
20260624_164549_L471;20260624_164549;24.06.2026;16:21:00;471;34;8124;23;U1955Z1;Mělník,aut.nádr.;50.28417;14.49578
20260624_164549_L136;20260624_164549;24.06.2026;16:34:00;136;12;6957;11;U417Z1P;Jižní Město;50.04289;14.48779
20260624_164549_L398;20260624_164549;24.06.2026;16:34:00;398;25;8268;10;U2578Z2;Praha,Černý Most;50.14244;15.12098
20260624_164549_L170;20260624_164549;24.06.2026;16:31:00;170;1;4058;13;U590Z1P;Jižní Město;50.03172;14.52335
20260624_164549_L349;20260624_164549;24.06.2026;15:45:00;349;22;8208;56;U2334Z2;Mělník,Podolí;50.29095;14.49675
20260624_164549_L163;20260624_164549;24.06.2026;16:35:00;163;53;9467;10;U1014Z2P;Depo Hostivař;50.07173;14.54141
20260624_164549_L480;20260624_164549;24.06.2026;16:34:00;480;29;7221;10;U9751Z2;Příbram,aut.nádr.;49.6766;14.00174
20260624_164549_L155;20260624_164549;24.06.2026;16:31:00;155;1;9466;13;U834Z2P;Nemocnice Vinohrady;50.08694;14.48173
20260624_164549_L183;20260624_164549;24.06.2026;16:35:00;183;15;6929;10;U677Z1P;Háje;50.0572;14.5364
20260624_164549_L136;20260624_164549;24.06.2026;16:31:00;136;14;5545;14;U855Z1P;Jižní Město;50.07444;14.46395
20260624_164549_L181;20260624_164549;24.06.2026;16:31:00;181;8;6703;14;U99Z1P;Opatov;50.0373;14.50891
20260624_164549_L765;20260624_164549;24.06.2026;16:34:00;765;36;1485;11;U2085Z1;Sibřina;49.99239;14.69003
20260624_164950_L136;20260624_164950;24.06.2026;16:35:00;136;58;6945;14;U151Z1P;Jižní Město;50.03207;14.53451
20260624_164950_L170;20260624_164950;24.06.2026;16:35:00;170;1;4058;15;U151Z1P;Jižní Město;50.032;14.5345
20260624_164950_L183;20260624_164950;24.06.2026;16:37:00;183;15;6929;11;U453Z10P;Háje;50.05261;14.54265
20260624_164950_L181;20260624_164950;24.06.2026;16:38:00;181;4;6958;10;U403Z8P;Opatov;50.05123;14.52378
20260624_164950_L706;20260624_164950;24.06.2026;16:39:00;706;59;1643;10;U2151Z1;Žiželice,nám.;49.95397;15.03027
20260624_164950_L136;20260624_164950;24.06.2026;16:38:00;136;22;6879;11;U118Z4P;Jižní Město;50.078;14.46088
20260624_164950_L208;20260624_164950;24.06.2026;16:37:00;208;58;9468;11;U389Z1P;Vinice Dolní Počernice;50.07003;14.54175
20260624_164950_L300;20260624_164950;24.06.2026;16:34:00;300;2;8993;14;U3094Z1;Smečno;50.1456;14.09498
20260624_164950_L365;20260624_164950;24.06.2026;16:36:00;365;12;8832;13;U872Z7;Praha,Motol;50.07789;14.34585
20260624_164950_L370;20260624_164950;24.06.2026;16:35:00;370;2;8002;14;U2235Z1;Kralupy n.Vlt.,žel.st.;50.24584;14.31481
20260624_164950_L650;20260624_164950;24.06.2026;16:39:00;650;24;12557;10;U31424Z1;Litoměřice,aut.nádr.;50.45423;14.14631
20260624_164950_L770;20260624_164950;24.06.2026;16:37:00;770;50;47819;11;U4483Z3;Benešov,Terminál;49.78;14.6834
20260624_164950_L387;20260624_164950;24.06.2026;16:37:00;387;16;9362;10;U2006Z1;Uhlířské Janovice,nám.;49.98976;14.73272
20260624_164950_L307;20260624_164950;24.06.2026;16:35:00;307;10;8991;13;U1141Z2;Unhošť,nám.;50.05448;14.28178
20260624_164950_L320;20260624_164950;24.06.2026;16:38:00;320;8;7961;11;U2122Z1;Mníšek p.Brdy,Stříbrná Lhota;49.89008;14.28961
20260624_164950_L333;20260624_164950;24.06.2026;16:37:00;333;13;7453;11;U488Z1;Zvole,Nová Zvole;50.02519;14.45951
20260624_164950_L336;20260624_164950;24.06.2026;16:35:00;336;17;8836;14;U1147Z2;Jeneč,Lidická;50.08107;14.24988
20260624_164950_L336;20260624_164950;24.06.2026;16:35:00;336;20;1440;13;U1643Z2;Praha,Zličín;50.05282;14.27577
20260624_164950_L336;20260624_164950;24.06.2026;16:36:00;336;16;8867;11;U1643Z1;Jeneč,Lidická;50.05879;14.24652
20260624_164950_L345;20260624_164950;24.06.2026;16:27:00;345;18;8672;16;U6213Z1;Liberec,aut.nádr.;50.51796;14.97315
20260624_164950_L346;20260624_164950;24.06.2026;16:35:00;346;2;8277;14;U897Z31;Praha,Černý Most;50.10974;14.57472
20260624_164950_L332;20260624_164950;24.06.2026;16:38:00;332;20;9934;11;U488Z7;Praha,Budějovická;50.03133;14.45501
20260624_164950_L348;20260624_164950;24.06.2026;16:36:00;348;6;8295;12;U3242Z2;Praha,Ládví;50.1535;14.48544
20260624_164950_L180;20260624_164950;24.06.2026;16:40:00;180;16;6993;10;U47Z4P;Dejvická;50.06569;14.30163
20260624_164950_L480;20260624_164950;24.06.2026;16:39:00;480;29;7221;10;U9731Z2;Příbram,aut.nádr.;49.68723;14.00653
20260624_164950_L489;20260624_164950;24.06.2026;16:37:00;489;26;1647;10;U2082Z1;Strančice,žel.st.;49.97549;14.73691
20260624_164950_L154;20260624_164950;24.06.2026;16:40:00;154;3;4040;10;U799Z2P;Sídliště Libuš;50.01252;14.47824
20260624_164950_L204;20260624_164950;24.06.2026;16:39:00;204;73;9015;10;U794Z2P;Sídliště Petrovice;50.07151;14.54932
20260624_164950_L228;20260624_164950;24.06.2026;16:34:00;228;12;9402;11;U107Z1P;Poliklinika Malešice;50.07371;14.55858
20260624_164950_L349;20260624_164950;24.06.2026;15:45:00;349;22;8208;59;U2334Z2;Mělník,Podolí;50.29957;14.50826
20260624_164950_L381;20260624_164950;24.06.2026;16:36:00;381;14;9944;11;U2479Z1;Čáslav,obchodní centrum;49.95249;15.26979
20260624_164950_L381;20260624_164950;24.06.2026;16:39:00;381;2;9373;10;U1878Z2;Praha,Háje;49.99964;14.66633
20260624_164950_L382;20260624_164950;24.06.2026;16:35:00;382;7;9375;12;U2019Z1;Sázava,aut.st.;49.9633;14.81219
20260624_164950_L493;20260624_164950;24.06.2026;16:38:00;493;20;8601;11;U3160Z1;Nymburk,hl.nádr.;50.14128;15.09339
20260624_164950_L718;20260624_164950;24.06.2026;16:38:00;718;43;8606;11;U6365Z2;Mnichovo Hradiště,dopravní terminál;50.50648;15.02196
20260624_164950_L641;20260624_164950;24.06.2026;16:39:00;641;19;9406;10;U9855Z55;Beroun,autobusové nádraží;49.86919;13.94745
20260624_164950_L136;20260624_164950;24.06.2026;16:35:00;136;24;6776;13;U106Z2P;Jižní Město;50.02421;14.5088
20260624_164950_L483;20260624_164950;24.06.2026;16:38:00;483;47;7876;11;U6028Z1;Vlašim,žel.st.;49.74754;14.97215
20260624_164950_L406;20260624_164950;24.06.2026;16:37:00;406;13;7943;12;U7856Z1;Čechtice;49.74656;14.79345
20260624_164950_L136;20260624_164950;24.06.2026;16:36:00;136;13;5140;13;U751Z2P;Jižní Město;50.05259;14.47517
20260624_164950_L133;20260624_164950;24.06.2026;16:38:00;133;3;3973;10;U767Z1P;Sídliště Malešice;50.08059;14.48748
20260624_164950_L722;20260624_164950;24.06.2026;16:38:00;722;36;8609;10;U3253Z1;Český Dub,nám.;50.52245;14.97441
20260624_164950_L139;20260624_164950;24.06.2026;16:36:00;139;12;5136;14;U62Z2P;Želivského;49.9989;14.40643
20260624_164950_L120;20260624_164950;24.06.2026;16:38:00;120;3;4185;11;U608Z1P;Nádraží Radotín;49.98396;14.35756
20260624_164950_L398;20260624_164950;24.06.2026;16:37:00;398;25;8268;12;U4125Z1;Praha,Černý Most;50.13332;15.09939
20260624_164950_L471;20260624_164950;24.06.2026;16:21:00;471;34;8124;25;U1955Z1;Mělník,aut.nádr.;50.28492;14.49577
20260624_164950_L170;20260624_164950;24.06.2026;16:39:00;170;12;3837;10;U590Z1P;Jižní Město;50.0317;14.52333
20260624_164950_L136;20260624_164950;24.06.2026;16:40:00;136;12;6957;10;U344Z1P;Jižní Město;50.03177;14.50439
20260624_164950_L149;20260624_164950;24.06.2026;16:37:00;149;5;4088;12;U846Z1P;Stodůlky-Bavorská;50.05554;14.36505
20260624_164950_L125;20260624_164950;24.06.2026;16:39:00;125;20;6711;11;U286Z5P;Skalka;50.0307;14.5299
20260624_164950_L332;20260624_164950;24.06.2026;16:35:00;332;24;9133;14;U1330Z1;Jílové u Prahy,náměstí;49.96514;14.51831
20260624_164950_L471;20260624_164950;24.06.2026;16:38:00;471;33;8079;10;U1801Z2;Mělník,aut.nádr.;50.23107;14.56732
20260624_164950_L736;20260624_164950;24.06.2026;16:38:00;736;11;1816;11;U6306Z1;Dobšín;50.48918;15.05974
20260624_164950_L136;20260624_164950;24.06.2026;16:36:00;136;14;5545;13;U680Z3P;Jižní Město;50.06836;14.46919
20260624_164950_L667;20260624_164950;24.06.2026;16:38:00;667;21;8052;10;U3001Z2;Předměřice n.Jiz.;50.20425;14.70494
20260624_164950_L182;20260624_164950;24.06.2026;16:36:00;182;3;3988;11;U219Z1P;Opatov;50.0404;14.51104
20260624_164950_L125;20260624_164950;24.06.2026;16:40:00;125;17;5528;10;U978Z2P;Skalka;50.04009;14.55772
20260624_164950_L381;20260624_164950;24.06.2026;16:37:00;381;13;1682;11;U2166Z1;Zásmuky,nám.;49.95628;15.03027
20260624_164950_L133;20260624_164950;24.06.2026;16:38:00;133;1;3018;11;U512Z8P;Sídliště Malešice;50.09016;14.46644
20260624_164950_L136;20260624_164950;24.06.2026;16:35:00;136;51;6883;14;U518Z3P;Jižní Město;50.07589;14.45911
20260624_164950_L125;20260624_164950;24.06.2026;16:39:00;125;12;5058;10;U154Z4P;Skalka;50.04772;14.55552
20260624_164950_L765;20260624_164950;24.06.2026;16:38:00;765;36;1485;11;U1888Z2;Sibřina;49.99908;14.66812
20260624_165351_L139;20260624_165351;24.06.2026;16:39:00;139;12;5136;14;U1158Z2P;Želivského;50.00551;14.40442
20260624_165351_L246;20260624_165351;24.06.2026;16:42:00;246;9;4085;11;U3051Z1P;Poliklinika Modřany;50.02674;14.29936
20260624_165351_L136;20260624_165351;24.06.2026;16:42:00;136;14;5545;11;U751Z2P;Jižní Město;50.05258;14.47514
20260624_165351_L406;20260624_165351;24.06.2026;16:42:00;406;34;7813;10;U5898Z1;Vlašim,žel.st.;49.78295;14.7013
20260624_165351_L473;20260624_165351;24.06.2026;16:42:00;473;18;8014;10;U1955Z1;Kralupy n.Vlt.,žel.st.;50.28311;14.49576
20260624_165351_L149;20260624_165351;24.06.2026;16:42:00;149;5;4088;11;U238Z1P;Stodůlky-Bavorská;50.05258;14.35968
20260624_165351_L136;20260624_165351;24.06.2026;16:44:00;136;5;6961;10;U763Z1P;Sídliště Čakovice;50.09823;14.48151
20260624_165351_L180;20260624_165351;24.06.2026;16:43:00;180;16;6993;10;U113Z4P;Dejvická;50.06391;14.31644
20260624_165351_L316;20260624_165351;24.06.2026;16:42:00;316;9;8977;11;U1202Z2;Praha,Bořislavka;50.14853;14.32957
20260624_165351_L511;20260624_165351;24.06.2026;16:43:00;511;14;9616;10;U9162Z2;Příbram,aut.nádr.;49.61054;14.01166
20260624_165351_L650;20260624_165351;24.06.2026;16:40:00;650;24;12557;10;U31423Z2;Litoměřice,aut.nádr.;50.47789;14.14416
20260624_165351_L662;20260624_165351;24.06.2026;16:41:00;662;11;1688;10;U2422Z2;Kounice;50.10766;14.83761
20260624_165351_L133;20260624_165351;24.06.2026;16:39:00;133;1;3018;15;U34Z1P;Sídliště Malešice;50.08916;14.46846
20260624_165351_L136;20260624_165351;24.06.2026;16:40:00;136;13;5140;14;U417Z1P;Jižní Město;50.0429;14.48779
20260624_165351_L181;20260624_165351;24.06.2026;16:43:00;181;4;6958;11;U219Z1P;Opatov;50.04314;14.51589
20260624_165351_L183;20260624_165351;24.06.2026;16:42:00;183;15;6929;11;U154Z2P;Háje;50.04826;14.55705
20260624_165351_L136;20260624_165351;24.06.2026;16:43:00;136;22;6879;10;U855Z1P;Jižní Město;50.07443;14.46387
20260624_165351_L493;20260624_165351;24.06.2026;16:42:00;493;20;8601;10;U3029Z1;Nymburk,hl.nádr.;50.16635;15.07676
20260624_165351_L136;20260624_165351;24.06.2026;16:40:00;136;51;6883;14;U29Z1P;Jižní Město;50.07259;14.47047
20260624_165351_L133;20260624_165351;24.06.2026;16:42:00;133;3;3973;12;U548Z1P;Sídliště Malešice;50.08212;14.50192
20260624_165351_L180;20260624_165351;24.06.2026;16:39:00;180;10;6899;15;U394Z4P;Dejvická;50.06807;14.33548
20260624_165351_L489;20260624_165351;24.06.2026;16:42:00;489;26;1647;10;U2167Z1;Strančice,žel.st.;49.96063;14.72712
20260624_165351_L332;20260624_165351;24.06.2026;16:41:00;332;1;9162;12;U1939Z1;Neveklov;49.85996;14.51459
20260624_165351_L324;20260624_165351;24.06.2026;16:43:00;324;26;8971;10;U4320Z1;Slaný,Rabasova;50.13237;14.11215
20260624_165351_L333;20260624_165351;24.06.2026;16:42:00;333;13;7453;12;U799Z4;Zvole,Nová Zvole;50.01114;14.47701
20260624_165351_L320;20260624_165351;24.06.2026;16:42:00;320;8;7961;12;U1848Z1;Mníšek p.Brdy,Stříbrná Lhota;49.86817;14.26677
20260624_165351_L347;20260624_165351;24.06.2026;16:43:00;347;19;1444;10;U1968Z2;Praha,Zličín;50.05006;14.27014
20260624_165351_L336;20260624_165351;24.06.2026;16:41:00;336;16;8867;12;U11006Z2;Jeneč,Lidická;50.05492;14.22836
20260624_165351_L348;20260624_165351;24.06.2026;16:41:00;348;6;8295;13;U651Z6;Praha,Ládví;50.13276;14.47853
20260624_165351_L319;20260624_165351;24.06.2026;16:42:00;319;45;7916;12;U1848Z1;Mníšek p.Brdy,u Šibence;49.86785;14.26616
20260624_165351_L349;20260624_165351;24.06.2026;15:45:00;349;22;8208;60;U2334Z2;Mělník,Podolí;50.32708;14.50156
20260624_165351_L380;20260624_165351;24.06.2026;16:40:00;380;3;9971;13;U113Z4;Praha,Vypich;50.06386;14.31626
20260624_165351_L381;20260624_165351;24.06.2026;16:40:00;381;14;9944;11;U2480Z7;Čáslav,obchodní centrum;49.95198;15.27299
20260624_165351_L382;20260624_165351;24.06.2026;16:41:00;382;7;9375;12;U2022Z1;Sázava,aut.st.;49.94564;14.83217
20260624_165351_L400;20260624_165351;24.06.2026;16:39:00;400;56;1091;14;U31048Z1;Nový Bor,aut.nádr.;50.52096;14.50689
20260624_165351_L387;20260624_165351;24.06.2026;16:42:00;387;16;9362;11;U1909Z1;Uhlířské Janovice,nám.;49.98848;14.76448
20260624_165351_L406;20260624_165351;24.06.2026;16:40:00;406;13;7943;13;U7609Z1;Čechtice;49.73138;14.82864
20260624_165351_L398;20260624_165351;24.06.2026;16:40:00;398;25;8268;12;U2576Z4;Praha,Černý Most;50.12332;15.07433
20260624_165351_L718;20260624_165351;24.06.2026;16:43:00;718;43;8606;10;U6364Z2;Mnichovo Hradiště,dopravní terminál;50.51952;14.9825
20260624_165351_L736;20260624_165351;24.06.2026;16:40:00;736;11;1816;12;U6305Z1;Dobšín;50.48833;15.08204
20260624_165351_L154;20260624_165351;24.06.2026;16:44:00;154;3;4040;10;U335Z1P;Sídliště Libuš;50.00823;14.46271
20260624_165351_L471;20260624_165351;24.06.2026;16:40:00;471;33;8079;11;U1800Z2;Mělník,aut.nádr.;50.24917;14.53315
20260624_165351_L472;20260624_165351;24.06.2026;16:41:00;472;35;8067;10;U2188Z1;Kostelec n.L.,nám.;50.23362;14.59072
20260624_165351_L349;20260624_165351;24.06.2026;16:40:00;349;28;8207;13;U78Z6;Mělník,Podolí;50.12658;14.47193
20260624_165351_L722;20260624_165351;24.06.2026;16:39:00;722;36;8609;14;U6324Z1;Český Dub,nám.;50.52731;14.96932
20260624_165351_L170;20260624_165351;24.06.2026;16:42:00;170;12;3837;11;U286Z5P;Jižní Město;50.03056;14.52881
20260624_165351_L449;20260624_165351;24.06.2026;16:40:00;449;52;7911;12;U1726Z2;Jíloviště;49.86881;14.34611
20260624_165351_L204;20260624_165351;24.06.2026;16:41:00;204;73;9015;11;U1014Z2P;Sídliště Petrovice;50.07069;14.54184
20260624_165351_L483;20260624_165351;24.06.2026;16:43:00;483;47;7876;11;U7018Z1;Vlašim,žel.st.;49.74283;14.93399
20260624_165351_L546;20260624_165351;24.06.2026;16:42:00;546;18;9599;11;U32223Z1;Hořovice,nám.B.Němcové;49.73991;13.59853
20260624_165351_L317;20260624_165351;24.06.2026;16:40:00;317;12;7960;10;U315Z1;Dobříš,nám.;49.96717;14.37592
20260624_165351_L209;20260624_165351;24.06.2026;16:42:00;209;43;9168;10;U432Z1P;Nádraží Uhříněves;50.07906;14.64313
20260624_165351_L300;20260624_165351;24.06.2026;16:40:00;300;2;8993;13;U2889Z1;Smečno;50.14082;14.0814
20260624_165351_L307;20260624_165351;24.06.2026;16:40:00;307;10;8991;14;U1190Z1;Unhošť,nám.;50.04483;14.25908
20260624_165351_L208;20260624_165351;24.06.2026;16:41:00;208;58;9468;12;U1014Z1P;Vinice Dolní Počernice;50.07221;14.54299
20260624_165351_L146;20260624_165351;24.06.2026;16:42:00;146;5;9189;12;U357Z2P;Habrová;50.08717;14.48192
20260624_165351_L177;20260624_165351;24.06.2026;16:40:00;177;1;6974;10;U474Z4P;Poliklinika Mazurská;50.11541;14.49943
20260624_165351_L136;20260624_165351;24.06.2026;16:41:00;136;12;6957;11;U106Z2P;Jižní Město;50.02392;14.50937
20260624_165351_L177;20260624_165351;24.06.2026;16:42:00;177;20;5038;10;U596Z4P;Chodov;50.05116;14.52376
20260624_165351_L310;20260624_165351;24.06.2026;16:40:00;310;9;9763;13;U1643Z2;Praha,Zličín;50.05294;14.27636
20260624_165351_L136;20260624_165351;24.06.2026;16:39:00;136;24;6776;13;U353Z1P;Jižní Město;50.03024;14.52745
20260624_165351_L686;20260624_165351;24.06.2026;16:43:00;686;33;8144;10;U2315Z1;Úvaly,žel.st.;50.07325;14.72526
20260624_165351_L125;20260624_165351;24.06.2026;16:43:00;125;20;6711;10;U338Z1P;Skalka;50.03319;14.55951
20260624_165351_L228;20260624_165351;24.06.2026;16:41:00;228;12;9402;11;U794Z2P;Poliklinika Malešice;50.07061;14.54618
20260624_165351_L332;20260624_165351;24.06.2026;16:35:00;332;24;9133;16;U1330Z1;Jílové u Prahy,náměstí;49.95713;14.51795
20260624_165351_L667;20260624_165351;24.06.2026;16:38:00;667;21;8052;14;U3001Z2;Předměřice n.Jiz.;50.20424;14.70494
20260624_165351_L125;20260624_165351;24.06.2026;16:44:00;125;12;5058;10;U453Z12P;Skalka;50.05409;14.53803
20260624_165351_L765;20260624_165351;24.06.2026;16:43:00;765;36;1485;10;U1813Z1;Sibřina;50.01295;14.67581
20260624_165751_L101;20260624_165751;24.06.2026;16:46:00;101;5;2323;11;U851Z1P;Viktoria Žižkov;50.07546;14.44915
20260624_165751_L120;20260624_165751;24.06.2026;16:45:00;120;3;4185;12;U456Z2P;Na Knížecí;49.98344;14.36207
20260624_165751_L125;20260624_165751;24.06.2026;16:48:00;125;17;5528;10;U654Z2P;Skalka;50.05034;14.54349
20260624_165751_L125;20260624_165751;24.06.2026;16:47:00;125;20;6711;11;U770Z2P;Skalka;50.04017;14.55557
20260624_165751_L126;20260624_165751;24.06.2026;16:47:00;126;7;3705;10;U542Z2P;Nádraží Uhříněves;50.03469;14.59447
20260624_165751_L133;20260624_165751;24.06.2026;16:48:00;133;7;3802;10;U1064Z1P;Sídliště Malešice;50.08743;14.47737
20260624_165751_L133;20260624_165751;24.06.2026;16:39:00;133;1;3018;18;U34Z1P;Sídliště Malešice;50.08738;14.46932
20260624_165751_L136;20260624_165751;24.06.2026;16:47:00;136;6;5025;11;U512Z4P;Sídliště Čakovice;50.09082;14.46814
20260624_165751_L136;20260624_165751;24.06.2026;16:45:00;136;16;5020;10;U1074Z4P;Jižní Město;50.09147;14.46858
20260624_165751_L136;20260624_165751;24.06.2026;16:46:00;136;13;5140;12;U344Z1P;Jižní Město;50.03176;14.50449
20260624_165751_L136;20260624_165751;24.06.2026;16:46:00;136;14;5545;10;U417Z1P;Jižní Město;50.041;14.48885
20260624_165751_L136;20260624_165751;24.06.2026;16:45:00;136;51;6883;13;U37Z1P;Jižní Město;50.06044;14.46958
20260624_165751_L136;20260624_165751;24.06.2026;16:48:00;136;22;6879;10;U680Z3P;Jižní Město;50.06837;14.4692
20260624_165751_L136;20260624_165751;24.06.2026;16:45:00;136;12;6957;11;U353Z1P;Jižní Město;50.02926;14.52592
20260624_165751_L139;20260624_165751;24.06.2026;16:43:00;139;12;5136;14;U927Z2P;Želivského;50.01234;14.41715
20260624_165751_L146;20260624_165751;24.06.2026;16:45:00;146;5;9189;12;U128Z2P;Želivského;50.08782;14.49077
20260624_165751_L149;20260624_165751;24.06.2026;16:44:00;149;4;3697;12;U254Z5P;Stodůlky-Bavorská;50.06988;14.38047
20260624_165751_L149;20260624_165751;24.06.2026;16:45:00;149;5;4088;12;U602Z1P;Stodůlky-Bavorská;50.0512;14.35371
20260624_165751_L163;20260624_165751;24.06.2026;16:44:00;163;56;9483;11;U97Z2P;Sídliště Rohožník;50.08128;14.59673
20260624_165751_L177;20260624_165751;24.06.2026;16:47:00;177;20;5038;11;U166Z1P;Chodov;50.04785;14.51996
20260624_165751_L177;20260624_165751;24.06.2026;16:47:00;177;1;6974;11;U332Z2P;Poliklinika Mazurská;50.12592;14.48948
20260624_165751_L181;20260624_165751;24.06.2026;16:47:00;181;4;6958;10;U344Z4P;Opatov;50.03192;14.50733
20260624_165751_L182;20260624_165751;24.06.2026;16:48:00;182;4;4096;10;U160Z1P;Opatov;50.05086;14.52428
20260624_165751_L183;20260624_165751;24.06.2026;16:46:00;183;15;6929;12;U1013Z1P;Háje;50.04032;14.56687
20260624_165751_L199;20260624_165751;24.06.2026;16:44:00;199;5;3964;12;U418Z2P;Želivského;50.07697;14.48852
20260624_165751_L199;20260624_165751;24.06.2026;16:44:00;199;3;4162;13;U921Z6P;Sídliště Malešice;50.07718;14.48474
20260624_165751_L203;20260624_165751;24.06.2026;16:47:00;203;4;1915;10;U386Z1P;Háje;50.02896;14.52581
20260624_165751_L204;20260624_165751;24.06.2026;16:44:00;204;73;9015;13;U741Z1P;Sídliště Petrovice;50.06576;14.54932
20260624_165751_L208;20260624_165751;24.06.2026;16:45:00;208;58;9468;12;U793Z1P;Vinice Dolní Počernice;50.07252;14.55495
20260624_165751_L209;20260624_165751;24.06.2026;16:47:00;209;43;9168;10;U811Z14P;Nádraží Uhříněves;50.07485;14.65697
20260624_165751_L228;20260624_165751;24.06.2026;16:46:00;228;12;9402;11;U741Z2P;Poliklinika Malešice;50.06973;14.5426
20260624_165751_L246;20260624_165751;24.06.2026;16:42:00;246;9;4085;12;U3051Z1P;Poliklinika Modřany;50.02142;14.31668
20260624_165751_L248;20260624_165751;24.06.2026;16:48:00;248;1;2060;10;U3220Z1P;Viničky;49.97815;14.34979
20260624_165751_L300;20260624_165751;24.06.2026;16:44:00;300;2;8993;12;U1918Z1;Smečno;50.14844;14.05395
20260624_165751_L307;20260624_165751;24.06.2026;16:43:00;307;10;8991;14;U1646Z1;Unhošť,nám.;50.03653;14.23859
20260624_165751_L316;20260624_165751;24.06.2026;16:46:00;316;9;8977;11;U1137Z2;Praha,Bořislavka;50.13377;14.33623
20260624_165751_L317;20260624_165751;24.06.2026;16:40:00;317;12;7960;12;U315Z1;Dobříš,nám.;49.94798;14.37395
20260624_165751_L319;20260624_165751;24.06.2026;16:43:00;319;45;7916;12;U1709Z1;Mníšek p.Brdy,u Šibence;49.86134;14.25764
20260624_165751_L320;20260624_165751;24.06.2026;16:47:00;320;8;7961;10;U1715Z1;Mníšek p.Brdy,Stříbrná Lhota;49.87078;14.25652
20260624_165751_L332;20260624_165751;24.06.2026;16:46:00;332;1;9162;11;U1941Z1;Neveklov;49.86131;14.53869
20260624_165751_L336;20260624_165751;24.06.2026;16:43:00;336;16;8867;13;U1178Z4;Jeneč,Lidická;50.06907;14.22421
20260624_165751_L347;20260624_165751;24.06.2026;16:44:00;347;19;1444;13;U1643Z2;Praha,Zličín;50.05134;14.27391
20260624_165751_L347;20260624_165751;24.06.2026;16:43:00;347;20;1440;14;U1141Z3;Hostivice,nádraží;50.05435;14.29089
20260624_165751_L380;20260624_165751;24.06.2026;16:46:00;380;3;9971;11;U306Z1;Praha,Vypich;50.07486;14.3408
20260624_165751_L381;20260624_165751;24.06.2026;16:45:00;381;14;9944;12;U2482Z1;Čáslav,obchodní centrum;49.95695;15.28032
20260624_165751_L382;20260624_165751;24.06.2026;16:44:00;382;7;9375;13;U2023Z1;Sázava,aut.st.;49.92581;14.83015
20260624_165751_L387;20260624_165751;24.06.2026;16:45:00;387;16;9362;11;U2011Z1;Uhlířské Janovice,nám.;49.99164;14.81104
20260624_165751_L400;20260624_165751;24.06.2026;16:43:00;400;6;11628;12;U1794Z2;Praha,Střížkov;50.34955;14.48826
20260624_165751_L401;20260624_165751;24.06.2026;16:43:00;401;61;7774;14;U6525Z3;Jindřichův Hradec,aut.nádr.;49.67335;14.63864
20260624_165751_L406;20260624_165751;24.06.2026;16:44:00;406;13;7943;12;U5797Z1;Čechtice;49.71316;14.8693
20260624_165751_L406;20260624_165751;24.06.2026;16:47:00;406;34;7813;10;U7983Z1;Vlašim,žel.st.;49.76836;14.73985
20260624_165751_L406;20260624_165751;24.06.2026;16:45:00;406;1;7934;11;U2139Z2;Pelhřimov,aut.nádr.;49.78399;14.68104
20260624_165751_L449;20260624_165751;24.06.2026;16:44:00;449;52;7911;13;U1724Z2;Jíloviště;49.88103;14.34804
20260624_165751_L471;20260624_165751;24.06.2026;16:46:00;471;33;8079;10;U1303Z2;Mělník,aut.nádr.;50.25436;14.51424
20260624_165751_L473;20260624_165751;24.06.2026;16:42:00;473;18;8014;13;U1955Z1;Kralupy n.Vlt.,žel.st.;50.28536;14.49576
20260624_165751_L493;20260624_165751;24.06.2026;16:45:00;493;20;8601;11;U3100Z1;Nymburk,hl.nádr.;50.17835;15.04584
20260624_165751_L511;20260624_165751;24.06.2026;16:46:00;511;14;9616;11;U7697Z2;Příbram,aut.nádr.;49.62329;14.00073
20260624_165751_L546;20260624_165751;24.06.2026;16:44:00;546;18;9599;12;U31960Z1;Hořovice,nám.B.Němcové;49.73701;13.6077
20260624_165751_L548;20260624_165751;24.06.2026;16:43:00;548;12;9511;14;U31962Z1;Zbiroh,nám.;49.86856;13.79398
20260624_165751_L638;20260624_165751;24.06.2026;16:46:00;638;46;9769;10;U2494Z1;Beroun,autobusové nádraží;49.903;14.07774
20260624_165751_L667;20260624_165751;24.06.2026;16:38:00;667;21;8052;18;U3001Z2;Předměřice n.Jiz.;50.20428;14.70499
20260624_165751_L722;20260624_165751;24.06.2026;16:43:00;722;36;8609;13;U6348Z1;Český Dub,nám.;50.53411;14.94489
20260624_165751_L736;20260624_165751;24.06.2026;16:43:00;736;11;1816;14;U6303Z1;Dobšín;50.48399;15.09042
20260624_170152_L246;20260624_170152;24.06.2026;16:49:00;246;9;4085;13;U888Z1P;Poliklinika Modřany;50.00656;14.313
20260624_170152_L180;20260624_170152;24.06.2026;16:51:00;180;16;6993;11;U872Z1P;Dejvická;50.07994;14.34786
20260624_170152_L177;20260624_170152;24.06.2026;16:49:00;177;20;5038;11;U195Z1P;Chodov;50.04217;14.51302
20260624_170152_L173;20260624_170152;24.06.2026;16:48:00;173;1;3010;12;U741Z1P;Kardausova;50.06646;14.55127
20260624_170152_L139;20260624_170152;24.06.2026;16:49:00;139;12;5136;12;U329Z2P;Želivského;50.0203;14.43788
20260624_170152_L199;20260624_170152;24.06.2026;16:44:00;199;5;3964;16;U418Z2P;Želivského;50.07722;14.48634
20260624_170152_L120;20260624_170152;24.06.2026;16:48:00;120;3;4185;13;U637Z2P;Na Knížecí;49.98993;14.3502
20260624_170152_L125;20260624_170152;24.06.2026;16:49:00;125;52;6948;10;U386Z1P;Skalka;50.03044;14.52445
20260624_170152_L369;20260624_170152;24.06.2026;16:50:00;369;47;8276;10;U1786Z2;Praha,Ládví;50.29583;14.50186
20260624_170152_L317;20260624_170152;24.06.2026;16:49:00;317;12;7960;12;U1703Z1;Dobříš,nám.;49.92912;14.34272
20260624_170152_L400;20260624_170152;24.06.2026;16:48:00;400;56;1091;12;U31046Z4;Nový Bor,aut.nádr.;50.55626;14.54231
20260624_170152_L248;20260624_170152;24.06.2026;16:51:00;248;1;2060;10;U3224Z1P;Nádraží Radotín;49.97663;14.34836
20260624_170152_L164;20260624_170152;24.06.2026;16:50:00;164;2;1953;11;U3021Z1P;Malovanka;50.07387;14.31606
20260624_170152_L182;20260624_170152;24.06.2026;16:52:00;182;9;3967;10;U1103Z1P;Kbelský hřbitov;50.13797;14.54695
20260624_170152_L133;20260624_170152;24.06.2026;16:51:00;133;51;3888;11;U34Z1P;Sídliště Malešice;50.08857;14.46885
20260624_170152_L180;20260624_170152;24.06.2026;16:47:00;180;10;6899;15;U44Z2P;Dejvická;50.08512;14.36394
20260624_170152_L149;20260624_170152;24.06.2026;16:49:00;149;5;4088;13;U1130Z1P;Stodůlky-Bavorská;50.05406;14.339
20260624_170152_L188;20260624_170152;24.06.2026;16:49:00;188;13;6911;11;U418Z2P;Želivského;50.07717;14.48744
20260624_170152_L449;20260624_170152;24.06.2026;16:51:00;449;60;1135;10;U1729Z1;Mníšek p.Brdy,náměstí;49.86354;14.31089
20260624_170152_L333;20260624_170152;24.06.2026;16:48:00;333;13;7453;14;U1522Z1;Zvole,Nová Zvole;49.98543;14.49408
20260624_170152_L736;20260624_170152;24.06.2026;16:47:00;736;11;1816;14;U6301Z1;Dobšín;50.49001;15.11166
20260624_170152_L336;20260624_170152;24.06.2026;16:47:00;336;16;8867;13;U1179Z1;Jeneč,Lidická;50.06725;14.26021
20260624_170152_L398;20260624_170152;24.06.2026;16:47:00;398;25;8268;12;U2590Z51;Praha,Černý Most;50.10805;15.03411
20260624_170152_L316;20260624_170152;24.06.2026;16:47:00;316;9;8977;11;U1136Z2;Praha,Bořislavka;50.11522;14.36042
20260624_170152_L307;20260624_170152;24.06.2026;16:47:00;307;10;8991;14;U1648Z1;Unhošť,nám.;50.02927;14.21919
20260624_170152_L307;20260624_170152;24.06.2026;16:50:00;307;13;8954;10;U1142Z2;Praha,Zličín;50.05514;14.28963
20260624_170152_L347;20260624_170152;24.06.2026;16:43:00;347;20;1440;15;U1141Z3;Hostivice,nádraží;50.05434;14.29091
20260624_170152_L209;20260624_170152;24.06.2026;16:51:00;209;43;9168;10;U311Z3P;Nádraží Uhříněves;50.065;14.6417
20260624_170152_L228;20260624_170152;24.06.2026;16:51:00;228;12;9402;10;U1071Z2P;Poliklinika Malešice;50.07665;14.51624
20260624_170152_L300;20260624_170152;24.06.2026;16:48:00;300;2;8993;14;U4794Z1;Smečno;50.16719;14.05361
20260624_170152_L204;20260624_170152;24.06.2026;16:48:00;204;73;9015;12;U1099Z1P;Sídliště Petrovice;50.05227;14.56642
20260624_170152_L722;20260624_170152;24.06.2026;16:47:00;722;36;8609;12;U6370Z1;Český Dub,nám.;50.56702;14.9531
20260624_170152_L146;20260624_170152;24.06.2026;16:49:00;146;6;9472;12;U357Z2P;Habrová;50.08716;14.48241
20260624_170152_L208;20260624_170152;24.06.2026;16:49:00;208;58;9468;13;U318Z1P;Vinice Dolní Počernice;50.08867;14.55115
20260624_170152_L332;20260624_170152;24.06.2026;16:50:00;332;23;9950;10;U1330Z1;Jílové u Prahy,náměstí;49.96001;14.52322
20260624_170152_L406;20260624_170152;24.06.2026;16:49:00;406;13;7943;12;U5786Z2;Čechtice;49.70984;14.89767
20260624_170152_L493;20260624_170152;24.06.2026;16:49:00;493;20;8601;11;U2969Z1;Nymburk,hl.nádr.;50.18734;15.0385
20260624_170152_L380;20260624_170152;24.06.2026;16:47:00;380;3;9971;13;U444Z1;Praha,Vypich;50.07884;14.34448
20260624_170152_L381;20260624_170152;24.06.2026;16:48:00;381;14;9944;13;U6692Z1;Čáslav,obchodní centrum;49.96347;15.29789
20260624_170152_L381;20260624_170152;24.06.2026;16:48:00;381;20;9937;13;U1978Z1;Čáslav,obchodní centrum;49.98676;14.86686
20260624_170152_L382;20260624_170152;24.06.2026;16:50:00;382;7;9375;12;U2091Z1;Sázava,aut.st.;49.9029;14.8386
20260624_170152_L387;20260624_170152;24.06.2026;16:52:00;387;16;9362;10;U2015Z1;Uhlířské Janovice,nám.;49.99174;14.85463
20260624_170152_L369;20260624_170152;24.06.2026;16:52:00;369;43;8275;10;U2343Z2;Mělník,Mlazice;50.23633;14.49462
20260624_170152_L332;20260624_170152;24.06.2026;16:50:00;332;1;9162;10;U5018Z2;Neveklov;49.84524;14.53403
20260624_170152_L339;20260624_170152;24.06.2026;16:50:00;339;11;9952;11;U1534Z1;Týnec n.Sáz.,žel.st.;49.93033;14.56418
20260624_170152_L353;20260624_170152;24.06.2026;16:48:00;353;20;8132;10;U4427Z1;Horoušany,Horoušánky,U Tří svatých;50.12292;14.69941
20260624_170152_L483;20260624_170152;24.06.2026;16:50:00;483;47;7876;11;U6031Z2;Vlašim,žel.st.;49.71922;14.96955
20260624_170152_L546;20260624_170152;24.06.2026;16:51:00;546;18;9599;11;U31956Z2;Hořovice,nám.B.Němcové;49.72178;13.64751
20260624_170152_L163;20260624_170152;24.06.2026;16:50:00;163;56;9483;12;U28Z1P;Sídliště Rohožník;50.0809;14.61749
20260624_170152_L136;20260624_170152;24.06.2026;16:50:00;136;13;5140;12;U916Z1P;Jižní Město;50.02516;14.51472
20260624_170152_L177;20260624_170152;24.06.2026;16:52:00;177;1;6974;10;U78Z3P;Poliklinika Mazurská;50.12657;14.47013
20260624_170152_L182;20260624_170152;24.06.2026;16:50:00;182;4;4096;12;U823Z1P;Opatov;50.04503;14.51914
20260624_170152_L136;20260624_170152;24.06.2026;16:50:00;136;51;6883;11;U697Z3P;Jižní Město;50.04822;14.48134
20260624_170152_L133;20260624_170152;24.06.2026;16:50:00;133;7;3802;11;U767Z1P;Sídliště Malešice;50.08373;14.48195
20260624_170152_L199;20260624_170152;24.06.2026;16:44:00;199;3;4162;16;U921Z6P;Sídliště Malešice;50.07936;14.4879
20260624_170152_L511;20260624_170152;24.06.2026;16:51:00;511;14;9616;11;U7721Z1;Příbram,aut.nádr.;49.63425;14.0391
20260624_170152_L473;20260624_170152;24.06.2026;16:42:00;473;18;8014;17;U1955Z1;Kralupy n.Vlt.,žel.st.;50.28536;14.49576
20260624_170152_L183;20260624_170152;24.06.2026;16:49:00;183;15;6929;12;U338Z2P;Háje;50.03331;14.55965
20260624_170152_L136;20260624_170152;24.06.2026;16:50:00;136;16;5020;12;U2787Z2P;Jižní Město;50.08774;14.45671
20260624_170152_L638;20260624_170152;24.06.2026;16:49:00;638;46;9769;10;U9052Z1;Beroun,autobusové nádraží;49.91648;14.07504
20260624_170152_L125;20260624_170152;24.06.2026;16:51:00;125;20;6711;11;U154Z4P;Skalka;50.04776;14.5555
20260624_170152_L136;20260624_170152;24.06.2026;16:51:00;136;6;5025;10;U678Z1P;Sídliště Čakovice;50.10021;14.48712
20260624_170152_L667;20260624_170152;24.06.2026;16:38:00;667;21;8052;22;U3001Z2;Předměřice n.Jiz.;50.20444;14.70532
20260624_170152_L199;20260624_170152;24.06.2026;16:51:00;199;6;3866;10;U418Z2P;Želivského;50.078;14.48864
20260624_170552_L182;20260624_170552;24.06.2026;16:55:00;182;4;4096;10;U344Z4P;Opatov;50.03262;14.5076
20260624_170552_L133;20260624_170552;24.06.2026;16:55:00;133;8;3751;10;U512Z5P;Florenc;50.09015;14.46647
20260624_170552_L173;20260624_170552;24.06.2026;16:48:00;173;1;3010;16;U741Z1P;Kardausova;50.06646;14.55127
20260624_170552_L139;20260624_170552;24.06.2026;16:51:00;139;12;5136;14;U722Z1P;Želivského;50.02658;14.44607
20260624_170552_L511;20260624_170552;24.06.2026;16:53:00;511;14;9616;11;U7719Z4;Příbram,aut.nádr.;49.64167;14.0373
20260624_170552_L125;20260624_170552;24.06.2026;16:54:00;125;20;6711;11;U654Z2P;Skalka;50.05058;14.54333
20260624_170552_L136;20260624_170552;24.06.2026;16:53:00;136;13;5140;12;U286Z5P;Jižní Město;50.03061;14.52879
20260624_170552_L163;20260624_170552;24.06.2026;16:53:00;163;56;9483;12;U36Z1P;Sídliště Rohožník;50.0785;14.64717
20260624_170552_L339;20260624_170552;24.06.2026;16:54:00;339;11;9952;11;U1536Z1;Týnec n.Sáz.,žel.st.;49.91491;14.58217
20260624_170552_L126;20260624_170552;24.06.2026;16:54:00;126;11;3735;11;U542Z2P;Nádraží Uhříněves;50.03466;14.5945
20260624_170552_L197;20260624_170552;24.06.2026;16:56:00;197;11;3943;10;U245Z1P;Roztyly;50.0349;14.41369
20260624_170552_L546;20260624_170552;24.06.2026;16:55:00;546;18;9599;10;U31953Z2;Hořovice,nám.B.Němcové;49.71545;13.68429
20260624_170552_L136;20260624_170552;24.06.2026;16:53:00;136;16;5020;12;U516Z3P;Jižní Město;50.08207;14.45931
20260624_170552_L120;20260624_170552;24.06.2026;16:53:00;120;3;4185;12;U347Z2P;Na Knížecí;50.00326;14.35253
20260624_170552_L133;20260624_170552;24.06.2026;16:55:00;133;51;3888;10;U357Z1P;Sídliště Malešice;50.08623;14.48203
20260624_170552_L146;20260624_170552;24.06.2026;16:53:00;146;6;9472;12;U834Z2P;Želivského;50.08696;14.48567
20260624_170552_L307;20260624_170552;24.06.2026;16:51:00;307;10;8991;14;U1675Z1;Unhošť,nám.;50.03161;14.20214
20260624_170552_L316;20260624_170552;24.06.2026;16:53:00;316;9;8977;11;U199Z3;Praha,Bořislavka;50.10344;14.35454
20260624_170552_L395;20260624_170552;24.06.2026;16:55:00;395;34;9858;10;U9730Z1;Příbram,Drkolnov;49.68272;14.00606
20260624_170552_L228;20260624_170552;24.06.2026;16:53:00;228;12;9402;11;U1071Z7P;Poliklinika Malešice;50.07793;14.51003
20260624_170552_L204;20260624_170552;24.06.2026;16:52:00;204;73;9015;13;U154Z1P;Sídliště Petrovice;50.0466;14.55617
20260624_170552_L300;20260624_170552;24.06.2026;16:52:00;300;2;8993;13;U1400Z1;Smečno;50.17337;14.05608
20260624_170552_L471;20260624_170552;24.06.2026;16:54:00;471;33;8079;10;U2335Z1;Mělník,aut.nádr.;50.26425;14.51042
20260624_170552_L248;20260624_170552;24.06.2026;16:54:00;248;1;2060;11;U524Z2P;Nádraží Radotín;49.98253;14.35621
20260624_170552_L449;20260624_170552;24.06.2026;16:51:00;449;60;1135;11;U1729Z1;Mníšek p.Brdy,náměstí;49.86696;14.27071
20260624_170552_L722;20260624_170552;24.06.2026;16:55:00;722;36;8609;10;U6372Z1;Český Dub,nám.;50.59382;14.92823
20260624_170552_L448;20260624_170552;24.06.2026;16:51:00;448;90;1110;13;U1853Z2;Lety,obchodní centrum;49.92511;14.27753
20260624_170552_L449;20260624_170552;24.06.2026;16:53:00;449;52;7911;11;U1721Z2;Jíloviště;49.91231;14.33897
20260624_170552_L398;20260624_170552;24.06.2026;16:53:00;398;25;8268;12;U1497Z2;Praha,Černý Most;50.12999;15.01947
20260624_170552_L401;20260624_170552;24.06.2026;16:51:00;401;61;7774;10;U6489Z4;Jindřichův Hradec,aut.nádr.;49.6386;14.64284
20260624_170552_L795;20260624_170552;24.06.2026;16:55:00;795;55;7839;10;U9391Z3;Zruč n.Sáz.,Sázavan;49.70013;14.89876
20260624_170552_L483;20260624_170552;24.06.2026;16:54:00;483;47;7876;11;U6036Z2;Vlašim,žel.st.;49.72178;14.949
20260624_170552_L638;20260624_170552;24.06.2026;16:54:00;638;46;9769;11;U9017Z1;Beroun,autobusové nádraží;49.93845;14.07206
20260624_170552_L155;20260624_170552;24.06.2026;16:55:00;155;2;9120;10;U359Z2P;Nemocnice Vinohrady;50.08512;14.51122
20260624_170552_L332;20260624_170552;24.06.2026;16:54:00;332;1;9162;11;U4506Z2;Neveklov;49.83942;14.5283
20260624_170552_L336;20260624_170552;24.06.2026;16:51:00;336;16;8867;14;U1143Z1;Jeneč,Lidická;50.07704;14.25729
20260624_170552_L336;20260624_170552;24.06.2026;16:55:00;336;18;8890;10;U1643Z2;Praha,Zličín;50.05219;14.27483
20260624_170552_L347;20260624_170552;24.06.2026;16:43:00;347;20;1440;22;U1141Z3;Hostivice,nádraží;50.05442;14.29081
20260624_170552_L369;20260624_170552;24.06.2026;16:54:00;369;43;8275;11;U2334Z2;Mělník,Mlazice;50.26407;14.49594
20260624_170552_L369;20260624_170552;24.06.2026;16:52:00;369;47;8276;12;U1785Z4;Praha,Ládví;50.28138;14.49574
20260624_170552_L381;20260624_170552;24.06.2026;16:53:00;381;20;9937;12;U1980Z1;Čáslav,obchodní centrum;49.97275;14.91211
20260624_170552_L353;20260624_170552;24.06.2026;16:55:00;353;20;8132;10;U6056Z1;Horoušany,Horoušánky,U Tří svatých;50.11082;14.70274
20260624_170552_L336;20260624_170552;24.06.2026;16:53:00;336;19;1444;12;U1141Z3;Jeneč,Lidická;50.05461;14.29076
20260624_170552_L181;20260624_170552;24.06.2026;16:56:00;181;1;5063;10;U641Z4P;Opatov;50.04557;14.52514
20260624_170552_L188;20260624_170552;24.06.2026;16:49:00;188;13;6911;13;U418Z2P;Želivského;50.07815;14.47683
20260624_170552_L473;20260624_170552;24.06.2026;16:42:00;473;18;8014;21;U1955Z1;Kralupy n.Vlt.,žel.st.;50.28536;14.49576
20260624_170552_L208;20260624_170552;24.06.2026;16:53:00;208;58;9468;12;U801Z1P;Vinice Dolní Počernice;50.086;14.57514
20260624_170552_L180;20260624_170552;24.06.2026;16:51:00;180;10;6899;14;U182Z2P;Dejvická;50.08781;14.38187
20260624_170552_L177;20260624_170552;24.06.2026;16:53:00;177;20;5038;12;U344Z4P;Chodov;50.03196;14.50729
20260624_170552_L125;20260624_170552;24.06.2026;16:54:00;125;1;6804;11;U604Z1P;Skalka;50.03247;14.52178
20260624_170552_L149;20260624_170552;24.06.2026;16:55:00;149;9;4197;10;U786Z2P;Dejvická;50.05549;14.32973
20260624_170552_L136;20260624_170552;24.06.2026;16:51:00;136;17;5024;11;U1074Z4P;Jižní Město;50.09108;14.46825
20260624_170552_L765;20260624_170552;24.06.2026;16:53:00;765;36;1485;11;U1812Z2;Sibřina;50.03319;14.67441
20260624_170552_L136;20260624_170552;24.06.2026;16:52:00;136;51;6883;12;U417Z1P;Jižní Město;50.0414;14.48701
20260624_170552_L125;20260624_170552;24.06.2026;16:52:00;125;52;6948;11;U151Z1P;Skalka;50.03173;14.55416
20260624_170552_L382;20260624_170552;24.06.2026;16:54:00;382;7;9375;10;U2027Z1;Sázava,aut.st.;49.89518;14.85973
20260624_170552_L400;20260624_170552;24.06.2026;16:52:00;400;56;1091;12;U31348Z1;Nový Bor,aut.nádr.;50.58323;14.54625
20260624_170552_L317;20260624_170552;24.06.2026;16:52:00;317;12;7960;13;U1705Z1;Dobříš,nám.;49.90602;14.3316
20260624_170552_L823;20260624_170552;24.06.2026;16:53:00;823;38;8043;11;U2315Z1;Úvaly,žel.st.;50.07327;14.72553
20260624_170552_L133;20260624_170552;24.06.2026;16:54:00;133;7;3802;12;U548Z1P;Sídliště Malešice;50.08198;14.501
20260624_170552_L667;20260624_170552;24.06.2026;16:38:00;667;21;8052;25;U3001Z2;Předměřice n.Jiz.;50.2049;14.70608
20260624_170552_L199;20260624_170552;24.06.2026;16:51:00;199;6;3866;13;U418Z2P;Želivského;50.07705;14.48793
