ID Záznamu;Timestamp;Den;Čas příjezdu;Linka;Oběh;Vozidlo;Zpoždění (min);Zastávka;Směr;Zeměpisná šířka (Lat);Zeměpisná délka (Lon)
20260703_104850_L414;20260703_104850;03.07.2026;10:33:00;414;20;1290;12;U4259Z12;Praha,Terminál 1;50.10987;14.27644
20260703_104850_L700;20260703_104850;03.07.2026;10:27:00;700;18;10272;10;U9443Z3;Praha,Černý Most;50.58669;15.09579
20260703_104850_L345;20260703_104850;03.07.2026;10:38:00;345;16;1864;10;U3392Z2;Praha,Černý Most;50.43108;14.92281
20260703_104850_L311;20260703_104850;03.07.2026;10:31:00;311;77;9763;16;U1643Z2;Praha,Zličín;50.05285;14.27588
20260703_104850_L459;20260703_104850;03.07.2026;10:37:00;459;71;7880;10;U31276Z1;Tábor,aut.nádr.;49.41324;14.66376
20260703_104850_L400;20260703_104850;03.07.2026;10:14:00;400;5;11656;15;U6078Z2;Praha,Střížkov;50.35036;14.48697
20260703_104850_L825;20260703_104850;03.07.2026;10:28:00;825;43;9581;15;U4256Z1;Mořinka;49.93824;14.23251
20260703_104850_L400;20260703_104850;03.07.2026;10:38:00;400;54;1091;10;U31355Z2;Praha,Střížkov;50.69494;14.5412
20260703_104850_L387;20260703_104850;03.07.2026;10:33:00;387;2;9374;13;U2006Z2;Praha,Háje;49.99187;14.69224
20260703_104850_L731;20260703_104850;03.07.2026;10:30:00;731;5;9590;18;U6251Z1;Bělá p.Bezd.,Bezdědice;50.48294;14.70492
20260703_104850_L400;20260703_104850;03.07.2026;10:26:00;400;58;1084;22;U31358Z1;Rumburk,žel.st.;50.74326;14.5513
20260703_104850_L741;20260703_104850;03.07.2026;10:37:00;741;12;7626;11;U7284Z2;Zbýšov,Chlum;49.83596;15.40561
20260703_104850_L405;20260703_104850;03.07.2026;10:25:00;405;61;1419;18;U31024Z1;Praha,Černý Most;50.6204;15.61947
20260703_104850_L740;20260703_104850;03.07.2026;10:35:00;740;21;7621;13;U6978Z1;Čáslav,žel.st.;49.88961;15.41322
20260703_104850_L497;20260703_104850;03.07.2026;10:36:00;497;6;8556;12;U3151Z2;Milovice,žel.st.;50.17561;15.01257
20260703_105250_L511;20260703_105250;03.07.2026;10:42:00;511;3;9587;10;U9162Z1;Tochovice,ObÚ;49.60959;14.0107
20260703_105250_L405;20260703_105250;03.07.2026;10:25:00;405;61;1419;21;U31024Z1;Praha,Černý Most;50.62082;15.59682
20260703_105250_L381;20260703_105250;03.07.2026;10:43:00;381;11;9944;10;U2481Z1;Kutná Hora,hlavní nádraží;49.95262;15.27557
20260703_105250_L382;20260703_105250;03.07.2026;10:42:00;382;20;9937;10;U336Z1;Sázava,aut.st.;50.03029;14.60063
20260703_105250_L387;20260703_105250;03.07.2026;10:39:00;387;2;9374;13;U1878Z2;Praha,Háje;49.99952;14.66705
20260703_105250_L400;20260703_105250;03.07.2026;10:41:00;400;54;1091;11;U32490Z1;Praha,Střížkov;50.68075;14.53667
20260703_105250_L459;20260703_105250;03.07.2026;10:40:00;459;71;7880;11;U31281Z1;Tábor,aut.nádr.;49.41169;14.67716
20260703_105250_L741;20260703_105250;03.07.2026;10:42:00;741;12;7626;11;U7281Z2;Zbýšov,Chlum;49.80934;15.40421
20260703_105250_L497;20260703_105250;03.07.2026;10:41:00;497;6;8556;10;U2912Z2;Milovice,žel.st.;50.1716;14.96942
20260703_105250_L770;20260703_105250;03.07.2026;10:43:00;770;50;7815;10;U7915Z2;Benešov,Terminál;49.8496;14.90057
20260703_105250_L345;20260703_105250;03.07.2026;10:38:00;345;16;1864;11;U3392Z2;Praha,Černý Most;50.41881;14.91722
20260703_105250_L369;20260703_105250;03.07.2026;10:42:00;369;32;8269;10;U1792Z1;Praha,Ládví;50.34293;14.48836
20260703_105250_L798;20260703_105250;03.07.2026;10:41:00;798;72;7858;10;U4073Z2;Benešov,Terminál;49.78579;14.68989
20260703_105250_L740;20260703_105250;03.07.2026;10:39:00;740;21;7621;13;U6973Z1;Čáslav,žel.st.;49.90658;15.39706
20260703_105651_L897;20260703_105651;03.07.2026;10:45:00;897;3;8553;10;U1333Z2;Lysá n.L.,žel.st.;50.18477;14.95383
20260703_105651_L324;20260703_105651;03.07.2026;10:46:00;324;27;8996;10;U4310Z1;Slaný,Rabasova;50.13655;14.1037
20260703_105651_L232;20260703_105651;03.07.2026;10:43:00;232;12;3728;11;U817Z2P;Na Knížecí;50.06466;14.40413
20260703_105651_L798;20260703_105651;03.07.2026;10:41:00;798;72;7858;14;U4073Z2;Benešov,Terminál;49.78582;14.68995
20260703_105651_L387;20260703_105651;03.07.2026;10:42:00;387;2;9374;14;U1885Z2;Praha,Háje;50.00645;14.65434
20260703_105651_L628;20260703_105651;03.07.2026;10:44:00;628;25;8793;10;U9322Z1;Kladno,autobusové nádraží;50.20223;13.90254
20260703_105651_L741;20260703_105651;03.07.2026;10:43:00;741;12;7626;11;U9480Z2;Zbýšov,Chlum;49.80424;15.38928
20260703_105651_L311;20260703_105651;03.07.2026;10:44:00;311;75;9579;10;U1659Z2;Praha,Zličín;49.99005;14.20271
20260703_105651_L345;20260703_105651;03.07.2026;10:42:00;345;16;1864;11;U2987Z7;Praha,Černý Most;50.41881;14.91686
20260703_105651_L369;20260703_105651;03.07.2026;10:45:00;369;32;8269;11;U1790Z2;Praha,Ládví;50.32569;14.50268
20260703_105651_L381;20260703_105651;03.07.2026;10:45:00;381;11;9944;10;U2482Z1;Kutná Hora,hlavní nádraží;49.95972;15.28769
20260703_110051_L400;20260703_110051;03.07.2026;10:45:00;400;54;1091;10;U31354Z5;Praha,Střížkov;50.6758;14.53757
20260703_110051_L369;20260703_110051;03.07.2026;10:50:00;369;32;8269;10;U1786Z2;Praha,Ládví;50.30133;14.51096
20260703_110051_L311;20260703_110051;03.07.2026;10:48:00;311;75;9579;12;U1657Z2;Praha,Zličín;49.99699;14.20915
20260703_110051_L405;20260703_110051;03.07.2026;10:51:00;405;63;1431;10;U31014Z4;Špindlerův Mlýn,aut.st.;50.49465;15.51878
20260703_110051_L897;20260703_110051;03.07.2026;10:50:00;897;3;8553;11;U3009Z2;Lysá n.L.,žel.st.;50.18874;14.93106
20260703_110051_L741;20260703_110051;03.07.2026;10:51:00;741;12;7626;10;U6996Z4;Zbýšov,Chlum;49.81152;15.35318
20260703_110051_L406;20260703_110051;03.07.2026;10:45:00;406;13;7943;15;U2139Z2;Vlašim,žel.st.;49.78788;14.68386
20260703_110051_L531;20260703_110051;03.07.2026;10:50:00;531;1;9548;10;U9618Z5;Hořovice,žel.st.;49.83355;13.90241
20260703_110051_L129;20260703_110051;03.07.2026;10:48:00;129;14;3641;10;U337Z4P;Smíchovské nádraží;50.06006;14.40914
20260703_110051_L798;20260703_110051;03.07.2026;10:41:00;798;72;7858;18;U4073Z2;Benešov,Terminál;49.78583;14.6899
20260703_110051_L628;20260703_110051;03.07.2026;10:48:00;628;25;8793;11;U9325Z2;Kladno,autobusové nádraží;50.18481;13.91834
20260703_110051_L345;20260703_110051;03.07.2026;10:50:00;345;16;1864;10;U3389Z2;Praha,Černý Most;50.41269;14.91025
20260703_110051_L324;20260703_110051;03.07.2026;10:48:00;324;27;8996;12;U3094Z1;Slaný,Rabasova;50.14531;14.09545
20260703_110452_L531;20260703_110452;03.07.2026;10:53:00;531;1;9548;11;U9616Z1;Hořovice,žel.st.;49.83868;13.89604
20260703_110452_L471;20260703_110452;03.07.2026;10:54:00;471;30;7504;10;U7719Z1;Solenice;49.62902;14.0489
20260703_110452_L324;20260703_110452;03.07.2026;10:53:00;324;27;8996;11;U2889Z1;Slaný,Rabasova;50.14122;14.08326
20260703_110452_L369;20260703_110452;03.07.2026;10:54:00;369;32;8269;10;U1972Z2;Praha,Ládví;50.27433;14.49578
20260703_110452_L153;20260703_110452;03.07.2026;10:53:00;153;2;1908;11;U3231Z2P;U Zvonu;50.0627;14.38948
20260703_110452_L387;20260703_110452;03.07.2026;10:50:00;387;2;9374;13;U336Z2;Praha,Háje;50.03595;14.59273
20260703_110452_L129;20260703_110452;03.07.2026;10:48:00;129;14;3641;14;U337Z4P;Smíchovské nádraží;50.06007;14.40915
20260703_110452_L798;20260703_110452;03.07.2026;10:41:00;798;72;7858;22;U4073Z2;Benešov,Terminál;49.78577;14.6899
20260703_110452_L300;20260703_110452;03.07.2026;10:50:00;300;7;8967;10;U4301Z2;Praha,Nádraží Veleslavín;50.12082;14.27542
20260703_110452_L311;20260703_110452;03.07.2026;10:53:00;311;75;9579;11;U1654Z2;Praha,Zličín;50.01553;14.21939
20260703_110452_L897;20260703_110452;03.07.2026;10:53:00;897;3;8553;10;U3172Z2;Lysá n.L.,žel.st.;50.1865;14.90807
20260703_110452_L345;20260703_110452;03.07.2026;10:54:00;345;16;1864;10;U3063Z2;Praha,Černý Most;50.41036;14.92809
20260703_110852_L387;20260703_110852;03.07.2026;10:55:00;387;2;9374;13;U967Z2;Praha,Háje;50.03428;14.56318
20260703_110852_L311;20260703_110852;03.07.2026;10:56:00;311;75;9579;12;U1652Z2;Praha,Zličín;50.01973;14.23309
20260703_110852_L324;20260703_110852;03.07.2026;10:56:00;324;27;8996;13;U1782Z1;Slaný,Rabasova;50.1409;14.06428
20260703_110852_L345;20260703_110852;03.07.2026;10:54:00;345;16;1864;12;U3063Z2;Praha,Černý Most;50.39032;14.90576
20260703_110852_L369;20260703_110852;03.07.2026;10:56:00;369;32;8269;12;U2334Z1;Praha,Ládví;50.25334;14.49453
20260703_110852_L300;20260703_110852;03.07.2026;10:50:00;300;7;8967;11;U4301Z2;Praha,Nádraží Veleslavín;50.10316;14.29455
20260703_110852_L798;20260703_110852;03.07.2026;10:41:00;798;72;7858;26;U4073Z2;Benešov,Terminál;49.78578;14.68988
20260703_110852_L347;20260703_110852;03.07.2026;10:58:00;347;19;1442;10;U11000Z2;Hostivice,nádraží;50.05683;14.2318
20260703_110852_L369;20260703_110852;03.07.2026;10:57:00;369;34;8275;10;U1795Z2;Praha,Ládví;50.35567;14.47889
20260703_110852_L129;20260703_110852;03.07.2026;10:48:00;129;14;3641;18;U337Z4P;Smíchovské nádraží;50.06007;14.40915
20260703_110852_L412;20260703_110852;03.07.2026;10:55:00;412;42;9902;10;U31000Z2;Praha,Černý Most;50.46371;15.11852
20260703_110852_L897;20260703_110852;03.07.2026;10:55:00;897;3;8553;10;U3157Z2;Lysá n.L.,žel.st.;50.18133;14.89867
20260703_110852_L232;20260703_110852;03.07.2026;10:56:00;232;12;3728;12;U1040Z21P;Smíchovské nádraží;50.0681;14.40261
20260703_111252_L387;20260703_111252;03.07.2026;10:59:00;387;2;9374;13;U151Z2;Praha,Háje;50.0317;14.5336
20260703_111252_L400;20260703_111252;03.07.2026;11:01:00;400;54;1091;11;U31351Z2;Praha,Střížkov;50.60704;14.57461
20260703_111252_L405;20260703_111252;03.07.2026;10:59:00;405;63;1431;11;U31015Z1;Špindlerův Mlýn,aut.st.;50.54392;15.56177
20260703_111252_L798;20260703_111252;03.07.2026;10:41:00;798;72;7858;30;U4073Z2;Benešov,Terminál;49.78578;14.68988
20260703_111252_L382;20260703_111252;03.07.2026;11:00:00;382;10;9377;10;U2008Z2;Praha,Háje;49.98999;14.72918
20260703_111252_L406;20260703_111252;03.07.2026;10:57:00;406;13;7943;15;U5898Z1;Vlašim,žel.st.;49.78749;14.69626
20260703_111252_L580;20260703_111252;03.07.2026;11:00:00;580;30;7738;10;U9331Z2;Rakovník,aut.st.;50.17504;13.77456
20260703_111252_L369;20260703_111252;03.07.2026;11:01:00;369;32;8269;11;U1958Z2;Praha,Ládví;50.20959;14.4989
20260703_111252_L311;20260703_111252;03.07.2026;11:00:00;311;75;9579;12;U2324Z2;Praha,Zličín;50.02521;14.2164
20260703_111252_L342;20260703_111252;03.07.2026;11:00:00;342;20;7701;10;U1363Z2;Praha,Nádraží Veleslavín;50.11202;14.28142
20260703_111252_L347;20260703_111252;03.07.2026;11:02:00;347;19;1442;10;U4141Z1;Hostivice,nádraží;50.05908;14.21269
20260703_111252_L129;20260703_111252;03.07.2026;10:48:00;129;14;3641;22;U337Z4P;Smíchovské nádraží;50.06008;14.40916
20260703_111252_L471;20260703_111252;03.07.2026;11:01:00;471;30;7504;10;U7804Z1;Solenice;49.60793;14.10367
20260703_111252_L300;20260703_111252;03.07.2026;10:59:00;300;7;8967;12;U80Z4;Praha,Nádraží Veleslavín;50.09294;14.31518
20260703_111252_L324;20260703_111252;03.07.2026;10:57:00;324;27;8996;12;U1918Z1;Slaný,Rabasova;50.16137;14.02801
20260703_111252_L382;20260703_111252;03.07.2026;11:01:00;382;20;9937;10;U2007Z1;Sázava,aut.st.;49.99002;14.7265
20260703_111252_L337;20260703_111252;03.07.2026;10:57:00;337;52;7824;11;U1391Z1;Benešov,Terminál;49.80741;14.68082
20260703_111252_L232;20260703_111252;03.07.2026;10:56:00;232;12;3728;15;U1040Z21P;Smíchovské nádraží;50.06654;14.40287
20260703_111653_L342;20260703_111653;03.07.2026;11:04:00;342;20;7701;11;U776Z2;Praha,Nádraží Veleslavín;50.10381;14.28844
20260703_111653_L369;20260703_111653;03.07.2026;11:04:00;369;32;8269;11;U1308Z2;Praha,Ládví;50.19361;14.49316
20260703_111653_L798;20260703_111653;03.07.2026;10:41:00;798;72;7858;34;U4073Z2;Benešov,Terminál;49.78579;14.68987
20260703_111653_L382;20260703_111653;03.07.2026;11:01:00;382;20;9937;14;U2007Z1;Sázava,aut.st.;49.98967;14.73714
20260703_111653_L129;20260703_111653;03.07.2026;10:48:00;129;14;3641;26;U337Z4P;Smíchovské nádraží;50.06007;14.40915
20260703_111653_L700;20260703_111653;03.07.2026;11:02:00;700;18;10272;11;U2987Z12;Praha,Černý Most;50.41761;14.92103
20260703_111653_L580;20260703_111653;03.07.2026;11:06:00;580;30;7738;10;U3143Z1;Rakovník,aut.st.;50.16821;13.74204
20260703_111653_L406;20260703_111653;03.07.2026;11:02:00;406;13;7943;14;U7983Z1;Vlašim,žel.st.;49.76917;14.73856
20260703_111653_L471;20260703_111653;03.07.2026;11:04:00;471;30;7504;11;U7802Z1;Solenice;49.60521;14.11716
20260703_111653_L324;20260703_111653;03.07.2026;11:04:00;324;27;8996;12;U9104Z1;Slaný,Rabasova;50.17974;14.02036
20260703_111653_L300;20260703_111653;03.07.2026;11:01:00;300;7;8967;13;U85Z1;Praha,Nádraží Veleslavín;50.09571;14.34669
20260703_111653_L400;20260703_111653;03.07.2026;11:02:00;400;54;1091;11;U31350Z2;Praha,Střížkov;50.59396;14.55425
20260703_111653_L347;20260703_111653;03.07.2026;11:06:00;347;19;1442;10;U1177Z2;Hostivice,nádraží;50.06349;14.23459
20260703_111653_L474;20260703_111653;03.07.2026;11:05:00;474;22;1057;10;U1792Z1;Mělník,Na Brabčově;50.34502;14.49572
20260703_111653_L311;20260703_111653;03.07.2026;11:05:00;311;75;9579;11;U2323Z2;Praha,Zličín;50.03354;14.23052
20260703_111653_L639;20260703_111653;03.07.2026;11:04:00;639;8;9586;11;U9781Z1;Dobříš,nám.;49.84599;13.93205
20260703_111653_L405;20260703_111653;03.07.2026;11:05:00;405;63;1431;11;U31017Z1;Špindlerův Mlýn,aut.st.;50.56568;15.54451
20260703_111653_L337;20260703_111653;03.07.2026;11:04:00;337;52;7824;13;U2139Z2;Benešov,Terminál;49.78958;14.68308
20260703_111653_L232;20260703_111653;03.07.2026;10:56:00;232;12;3728;18;U1040Z21P;Smíchovské nádraží;50.06334;14.40506
20260703_112053_L400;20260703_112053;03.07.2026;11:06:00;400;54;1091;11;U31348Z2;Praha,Střížkov;50.55158;14.54112
20260703_112053_L588;20260703_112053;03.07.2026;11:05:00;588;18;7695;12;U4842Z2;Slaný,aut.nádr.;50.23923;14.05209
20260703_112053_L639;20260703_112053;03.07.2026;11:07:00;639;8;9586;12;U9847Z2;Dobříš,nám.;49.84846;13.97346
20260703_112053_L324;20260703_112053;03.07.2026;11:08:00;324;27;8996;12;U1915Z2;Slaný,Rabasova;50.18869;14.04274
20260703_112053_L342;20260703_112053;03.07.2026;11:08:00;342;20;7701;12;U218Z2;Praha,Nádraží Veleslavín;50.09534;14.29373
20260703_112053_L700;20260703_112053;03.07.2026;11:02:00;700;18;10272;12;U2987Z12;Praha,Černý Most;50.4;14.91817
20260703_112053_L405;20260703_112053;03.07.2026;11:07:00;405;63;1431;12;U31018Z1;Špindlerův Mlýn,aut.st.;50.59171;15.52538
20260703_112053_L798;20260703_112053;03.07.2026;10:41:00;798;72;7858;38;U4073Z2;Benešov,Terminál;49.7858;14.68988
20260703_112053_L471;20260703_112053;03.07.2026;11:09:00;471;30;7504;12;U7061Z1;Solenice;49.59992;14.12133
20260703_112053_L580;20260703_112053;03.07.2026;11:11:00;580;30;7738;10;U6149Z1;Rakovník,aut.st.;50.14521;13.74919
20260703_112053_L425;20260703_112053;03.07.2026;11:10:00;425;45;7598;10;U897Z6;Hořice,aut.st.;50.10845;14.57522
20260703_112053_L406;20260703_112053;03.07.2026;11:07:00;406;13;7943;13;U7856Z1;Vlašim,žel.st.;49.74802;14.78832
20260703_112053_L382;20260703_112053;03.07.2026;11:05:00;382;20;9937;15;U1909Z1;Sázava,aut.st.;49.98888;14.7588
20260703_112053_L311;20260703_112053;03.07.2026;11:09:00;311;75;9579;11;U1645Z2;Praha,Zličín;50.03945;14.2465
20260703_112053_L129;20260703_112053;03.07.2026;10:48:00;129;14;3641;30;U337Z4P;Smíchovské nádraží;50.06008;14.40913
20260703_112454_L770;20260703_112454;03.07.2026;11:12:00;770;50;7815;10;U7666Z51;Benešov,Terminál;49.81659;14.80192
20260703_112454_L400;20260703_112454;03.07.2026;11:11:00;400;54;1091;13;U31046Z5;Praha,Střížkov;50.54006;14.53889
20260703_112454_L471;20260703_112454;03.07.2026;11:12:00;471;30;7504;12;U7026Z1;Solenice;49.6017;14.14066
20260703_112454_L231;20260703_112454;03.07.2026;11:12:00;231;1;4049;10;U1040Z21P;Dívčí hrady;50.06505;14.40366
20260703_112454_L388;20260703_112454;03.07.2026;11:14:00;388;14;7763;10;U698Z2;Praha,Nádraží Veleslavín;50.09859;14.28918
20260703_112454_L406;20260703_112454;03.07.2026;11:10:00;406;13;7943;14;U7609Z1;Vlašim,žel.st.;49.73215;14.82754
20260703_112454_L416;20260703_112454;03.07.2026;11:13:00;416;9;7227;10;U31649Z1;Sušice,nábřeží;49.4029;13.79591
20260703_112454_L425;20260703_112454;03.07.2026;11:10:00;425;45;7598;11;U897Z6;Hořice,aut.st.;50.10221;14.615
20260703_112454_L369;20260703_112454;03.07.2026;11:14:00;369;34;8275;10;U1791Z2;Praha,Ládví;50.33997;14.49201
20260703_112454_L382;20260703_112454;03.07.2026;11:10:00;382;20;9937;14;U2017Z1;Sázava,aut.st.;49.98414;14.78911
20260703_112454_L342;20260703_112454;03.07.2026;11:10:00;342;20;7701;12;U80Z4;Praha,Nádraží Veleslavín;50.09273;14.32095
20260703_112454_L580;20260703_112454;03.07.2026;11:14:00;580;30;7738;10;U9911Z1;Rakovník,aut.st.;50.12853;13.76695
20260703_112454_L588;20260703_112454;03.07.2026;11:05:00;588;18;7695;16;U4842Z2;Slaný,aut.nádr.;50.234;14.05656
20260703_112454_L798;20260703_112454;03.07.2026;10:41:00;798;72;7858;41;U4073Z2;Benešov,Terminál;49.78515;14.68224
20260703_112454_L639;20260703_112454;03.07.2026;11:11:00;639;8;9586;13;U9842Z1;Dobříš,nám.;49.85306;13.98085
20260703_112454_L562;20260703_112454;03.07.2026;11:12:00;562;64;8382;12;U4340Z2;Rakovník,hasičský záchr.sbor;50.10527;13.72488
20260703_112454_L129;20260703_112454;03.07.2026;10:48:00;129;14;3641;34;U337Z4P;Smíchovské nádraží;50.06007;14.40915
20260703_112454_L311;20260703_112454;03.07.2026;11:13:00;311;75;9579;11;U1643Z2;Praha,Zličín;50.05165;14.27424
20260703_112854_L588;20260703_112854;03.07.2026;11:13:00;588;18;7695;15;U4786Z2;Slaný,aut.nádr.;50.23027;14.08338
20260703_112854_L129;20260703_112854;03.07.2026;10:48:00;129;14;3641;38;U337Z4P;Smíchovské nádraží;50.06007;14.40916
20260703_112854_L311;20260703_112854;03.07.2026;11:14:00;311;75;9579;14;U1142Z2;Praha,Zličín;50.05386;14.27953
20260703_112854_L400;20260703_112854;03.07.2026;11:15:00;400;54;1091;14;U31047Z2;Praha,Střížkov;50.52261;14.51673
20260703_112854_L639;20260703_112854;03.07.2026;11:14:00;639;8;9586;14;U9850Z1;Dobříš,nám.;49.87083;13.99769
20260703_112854_L580;20260703_112854;03.07.2026;11:17:00;580;30;7738;10;U9898Z1;Rakovník,aut.st.;50.1145;13.76473
20260703_112854_L471;20260703_112854;03.07.2026;11:14:00;471;30;7504;12;U7027Z1;Solenice;49.61632;14.16852
20260703_112854_L416;20260703_112854;03.07.2026;11:18:00;416;9;7227;10;U31647Z1;Sušice,nábřeží;49.39227;13.77416
20260703_112854_L231;20260703_112854;03.07.2026;11:17:00;231;1;4049;11;U562Z1P;Dívčí hrady;50.05542;14.40484
20260703_112854_L203;20260703_112854;03.07.2026;11:18:00;203;6;1947;11;U181Z2P;Poliklinika Budějovická;50.03937;14.4909
20260703_112854_L324;20260703_112854;03.07.2026;11:15:00;324;27;8996;14;U4805Z1;Slaný,Rabasova;50.22473;14.08294
20260703_112854_L369;20260703_112854;03.07.2026;11:16:00;369;34;8275;12;U1789Z2;Praha,Ládví;50.31575;14.51334
20260703_112854_L382;20260703_112854;03.07.2026;11:15:00;382;20;9937;13;U2019Z1;Sázava,aut.st.;49.96946;14.80941
20260703_112854_L384;20260703_112854;03.07.2026;11:17:00;384;23;9891;10;U1746Z2;Praha,Zličín;49.96288;14.07009
20260703_112854_L406;20260703_112854;03.07.2026;11:14:00;406;13;7943;14;U5797Z1;Vlašim,žel.st.;49.71328;14.86824
20260703_112854_L388;20260703_112854;03.07.2026;11:17:00;388;14;7763;10;U80Z4;Praha,Nádraží Veleslavín;50.09283;14.31874
20260703_113254_L639;20260703_113254;03.07.2026;11:14:00;639;8;9586;17;U9850Z1;Dobříš,nám.;49.85409;13.98419
20260703_113254_L129;20260703_113254;03.07.2026;10:48:00;129;14;3641;40;U337Z4P;Smíchovské nádraží;50.06003;14.40943
20260703_113254_L375;20260703_113254;03.07.2026;11:23:00;375;6;1504;10;U179Z1;Brandýs n.L.-St.Bol.,žel.st.;50.14536;14.58128
20260703_113254_L406;20260703_113254;03.07.2026;11:20:00;406;13;7943;12;U6042Z4;Vlašim,žel.st.;49.70816;14.90083
20260703_113254_L400;20260703_113254;03.07.2026;11:19:00;400;54;1091;13;U31056Z2;Praha,Střížkov;50.50739;14.48824
20260703_113254_L402;20260703_113254;03.07.2026;11:22:00;402;4;7672;10;U7317Z1;Čáslav,aut.st.;49.72413;15.0477
20260703_113254_L400;20260703_113254;03.07.2026;11:20:00;400;58;1084;12;U31383Z2;Rumburk,žel.st.;50.87672;14.58891
20260703_113254_L369;20260703_113254;03.07.2026;11:20:00;369;34;8275;13;U1786Z2;Praha,Ládví;50.30093;14.51038
20260703_113254_L382;20260703_113254;03.07.2026;11:19:00;382;20;9937;13;U2020Z1;Sázava,aut.st.;49.95821;14.8209
20260703_113254_L384;20260703_113254;03.07.2026;11:19:00;384;23;9891;12;U1745Z2;Praha,Zličín;49.96764;14.07696
20260703_113254_L388;20260703_113254;03.07.2026;11:19:00;388;14;7763;11;U85Z1;Praha,Nádraží Veleslavín;50.09505;14.34314
20260703_113254_L324;20260703_113254;03.07.2026;11:18:00;324;27;8996;14;U4786Z1;Slaný,Rabasova;50.2302;14.08361
20260703_113254_L405;20260703_113254;03.07.2026;11:19:00;405;63;1431;10;U31020Z1;Špindlerův Mlýn,aut.st.;50.62172;15.55046
20260703_113254_L580;20260703_113254;03.07.2026;11:21:00;580;30;7738;11;U6839Z2;Rakovník,aut.st.;50.10714;13.74032
20260703_113254_L231;20260703_113254;03.07.2026;11:21:00;231;1;4049;12;U561Z1P;Na Knížecí;50.05934;14.40293
20260703_113254_L416;20260703_113254;03.07.2026;11:20:00;416;9;7227;10;U32279Z1;Sušice,nábřeží;49.37283;13.74445
20260703_113254_L492;20260703_113254;03.07.2026;11:19:00;492;43;9109;14;U2020Z1;Černé Voděrady;49.9581;14.82098
20260703_113655_L400;20260703_113655;03.07.2026;11:22:00;400;54;1091;14;U6077Z2;Praha,Střížkov;50.48319;14.48549
20260703_113655_L634;20260703_113655;03.07.2026;11:25:00;634;19;9440;11;U9849Z2;Všeradice,žel.zast.;49.85246;14.03628
20260703_113655_L753;20260703_113655;03.07.2026;11:24:00;753;97;7905;11;U1593Z4;Netvořice;49.83095;14.5904
20260703_113655_L580;20260703_113655;03.07.2026;11:24:00;580;30;7738;13;U2009Z1;Rakovník,aut.st.;50.10662;13.73031
20260703_113655_L416;20260703_113655;03.07.2026;11:26:00;416;9;7227;10;U31889Z1;Sušice,nábřeží;49.36127;13.70444
20260703_113655_L400;20260703_113655;03.07.2026;11:26:00;400;58;1084;11;U31385Z2;Rumburk,žel.st.;50.89274;14.62378
20260703_113655_L492;20260703_113655;03.07.2026;11:24:00;492;43;9109;12;U2079Z1;Černé Voděrady;49.94461;14.80847
20260703_113655_L311;20260703_113655;03.07.2026;11:25:00;311;40;9555;11;U2570Z2;Praha,Zličín;49.92506;14.24484
20260703_113655_L369;20260703_113655;03.07.2026;11:24:00;369;34;8275;13;U1972Z2;Praha,Ládví;50.27515;14.49571
20260703_113655_L231;20260703_113655;03.07.2026;11:24:00;231;1;4049;11;U965Z1P;Na Knížecí;50.06385;14.40488
20260703_113655_L442;20260703_113655;03.07.2026;11:26:00;442;6;1842;10;U3387Z1;Mladá Boleslav,aut.st.;50.40858;14.9034
20260703_114055_L400;20260703_114055;03.07.2026;11:30:00;400;25;11695;10;U332Z2;Nový Bor,aut.nádr.;50.12656;14.48843
20260703_114055_L382;20260703_114055;03.07.2026;11:25:00;382;20;9937;16;U2024Z1;Sázava,aut.st.;49.9223;14.82912
20260703_114055_L753;20260703_114055;03.07.2026;11:30:00;753;97;7905;11;U4516Z1;Netvořice;49.83887;14.56214
20260703_114055_L580;20260703_114055;03.07.2026;11:26:00;580;30;7738;14;U4338Z1;Rakovník,aut.st.;50.10125;13.73102
20260703_114055_L410;20260703_114055;03.07.2026;11:26:00;410;9;11646;10;U31491Z14;Praha,Střížkov;50.63026;14.71779
20260703_114055_L410;20260703_114055;03.07.2026;11:26:00;410;14;11688;12;U6070Z1;Doksy,žel.st.;50.46448;14.47365
20260703_114055_L384;20260703_114055;03.07.2026;11:28:00;384;23;9891;12;U2372Z2;Praha,Zličín;49.98626;14.13365
20260703_114055_L400;20260703_114055;03.07.2026;11:30:00;400;58;1084;10;U31387Z2;Rumburk,žel.st.;50.90724;14.62397
20260703_114055_L400;20260703_114055;03.07.2026;11:25:00;400;54;1091;15;U6072Z2;Praha,Střížkov;50.46252;14.47489
20260703_114055_L402;20260703_114055;03.07.2026;11:30:00;402;4;7672;11;U7057Z71;Čáslav,aut.st.;49.74312;15.10287
20260703_114055_L634;20260703_114055;03.07.2026;11:25:00;634;19;9440;15;U9849Z2;Všeradice,žel.zast.;49.85534;14.04214
20260703_114055_L311;20260703_114055;03.07.2026;11:27:00;311;40;9555;11;U2569Z1;Praha,Zličín;49.92581;14.2284
20260703_114055_L369;20260703_114055;03.07.2026;11:26:00;369;34;8275;15;U2334Z1;Praha,Ládví;50.25372;14.49458
20260703_114055_L203;20260703_114055;03.07.2026;11:30:00;203;6;1947;10;U307Z2P;Poliklinika Budějovická;50.01258;14.5032
20260703_114055_L442;20260703_114055;03.07.2026;11:26:00;442;6;1842;14;U3387Z1;Mladá Boleslav,aut.st.;50.40858;14.9034
20260703_114455_L203;20260703_114455;03.07.2026;11:34:00;203;6;1947;10;U309Z2P;Poliklinika Budějovická;50.01353;14.48564
20260703_114455_L511;20260703_114455;03.07.2026;11:33:00;511;3;9587;10;U7719Z4;Příbram,aut.nádr.;49.65108;14.04991
20260703_114455_L410;20260703_114455;03.07.2026;11:32:00;410;14;11688;12;U6077Z1;Doksy,žel.st.;50.48924;14.48513
20260703_114455_L410;20260703_114455;03.07.2026;11:34:00;410;9;11646;10;U31368Z2;Praha,Střížkov;50.61251;14.7092
20260703_114455_L384;20260703_114455;03.07.2026;11:32:00;384;23;9891;12;U2370Z2;Praha,Zličín;49.99452;14.15835
20260703_114455_L311;20260703_114455;03.07.2026;11:30:00;311;40;9555;11;U2377Z1;Praha,Zličín;49.9359;14.23212
20260703_114455_L336;20260703_114455;03.07.2026;11:33:00;336;17;8836;10;U1142Z2;Praha,Zličín;50.05594;14.28529
20260703_114455_L369;20260703_114455;03.07.2026;11:29:00;369;34;8275;15;U1960Z2;Praha,Ládví;50.22958;14.49455
20260703_114455_L382;20260703_114455;03.07.2026;11:30:00;382;20;9937;14;U2091Z1;Sázava,aut.st.;49.90128;14.83969
20260703_114455_L400;20260703_114455;03.07.2026;11:33:00;400;58;1084;10;U31388Z3;Rumburk,žel.st.;50.91223;14.61083
20260703_114455_L402;20260703_114455;03.07.2026;11:33:00;402;4;7672;11;U7159Z71;Čáslav,aut.st.;49.74656;15.09739
20260703_114455_L400;20260703_114455;03.07.2026;11:30:00;400;25;11695;12;U332Z2;Nový Bor,aut.nádr.;50.14113;14.49465
20260703_114455_L787;20260703_114455;03.07.2026;11:33:00;787;6;7551;11;U9921Z1;Uhlířské Janovice,nám.;49.75127;15.09988
20260703_114455_L442;20260703_114455;03.07.2026;11:26:00;442;6;1842;18;U3387Z1;Mladá Boleslav,aut.st.;50.40858;14.9034
20260703_114856_L770;20260703_114856;03.07.2026;11:37:00;770;50;7815;10;U4483Z3;Benešov,Terminál;49.78278;14.6809
20260703_114856_L405;20260703_114856;03.07.2026;11:37:00;405;63;1431;11;U31026Z1;Špindlerův Mlýn,aut.st.;50.62967;15.60742
20260703_114856_L725;20260703_114856;03.07.2026;11:34:00;725;67;9767;13;U31718Z1;Markvartice,pošta;50.43308;15.18543
20260703_114856_L511;20260703_114856;03.07.2026;11:33:00;511;3;9587;13;U7719Z4;Příbram,aut.nádr.;49.64935;14.03355
20260703_114856_L311;20260703_114856;03.07.2026;11:34:00;311;40;9555;10;U1665Z2;Praha,Zličín;49.95183;14.21642
20260703_114856_L410;20260703_114856;03.07.2026;11:36:00;410;14;11688;10;U31056Z1;Doksy,žel.st.;50.51872;14.49537
20260703_114856_L410;20260703_114856;03.07.2026;11:36:00;410;9;11646;10;U32510Z2;Praha,Střížkov;50.5875;14.7038
20260703_114856_L753;20260703_114856;03.07.2026;11:38:00;753;97;7905;11;U4506Z2;Netvořice;49.8434;14.52762
20260703_114856_L382;20260703_114856;03.07.2026;11:36:00;382;20;9937;12;U2028Z1;Sázava,aut.st.;49.89209;14.86083
20260703_114856_L780;20260703_114856;03.07.2026;11:35:00;780;10;7607;13;U7320Z11;Čáslav,žel.st.;49.91211;15.39706
20260703_114856_L787;20260703_114856;03.07.2026;11:38:00;787;6;7551;10;U7156Z2;Uhlířské Janovice,nám.;49.77088;15.10036
20260703_114856_L443;20260703_114856;03.07.2026;11:37:00;443;22;8594;12;U2968Z2;Čelákovice,Toušeňská;50.18031;15.04466
20260703_114856_L679;20260703_114856;03.07.2026;11:36:00;679;54;1645;12;U2819Z2;Kolín,nádraží;50.06701;15.12725
20260703_114856_L406;20260703_114856;03.07.2026;11:35:00;406;13;7943;13;U9391Z7;Čechtice;49.69953;14.90151
20260703_114856_L442;20260703_114856;03.07.2026;11:26:00;442;6;1842;22;U3387Z1;Mladá Boleslav,aut.st.;50.40958;14.90369
20260703_115256_L203;20260703_115256;03.07.2026;11:42:00;203;6;1947;10;U819Z2P;Poliklinika Budějovická;50.02738;14.45781
20260703_115256_L307;20260703_115256;03.07.2026;11:42:00;307;10;8991;11;U1647Z2;Praha,Zličín;50.0342;14.23235
20260703_115256_L634;20260703_115256;03.07.2026;11:41:00;634;19;9440;11;U2939Z1;Hostomice,nám.;49.86796;14.10731
20260703_115256_L639;20260703_115256;03.07.2026;11:37:00;639;8;9586;14;U2895Z1;Dobříš,nám.;49.83823;14.0605
20260703_115256_L369;20260703_115256;03.07.2026;11:37:00;369;34;8275;15;U1807Z2;Praha,Ládví;50.18882;14.49332
20260703_115256_L405;20260703_115256;03.07.2026;11:41:00;405;63;1431;12;U31028Z1;Špindlerův Mlýn,aut.st.;50.64603;15.60784
20260703_115256_L753;20260703_115256;03.07.2026;11:39:00;753;97;7905;11;U4505Z2;Netvořice;49.82801;14.5267
20260703_115256_L780;20260703_115256;03.07.2026;11:35:00;780;10;7607;18;U7320Z11;Čáslav,žel.st.;49.91211;15.39706
20260703_115256_L787;20260703_115256;03.07.2026;11:42:00;787;6;7551;10;U7153Z1;Uhlířské Janovice,nám.;49.76784;15.08163
20260703_115256_L725;20260703_115256;03.07.2026;11:34:00;725;67;9767;17;U31718Z1;Markvartice,pošta;50.43308;15.18543
20260703_115256_L679;20260703_115256;03.07.2026;11:40:00;679;54;1645;10;U9604Z1;Kolín,nádraží;50.05175;15.11884
20260703_115256_L400;20260703_115256;03.07.2026;11:43:00;400;58;1084;10;U31390Z2;Rumburk,žel.st.;50.94479;14.54643
20260703_115256_L406;20260703_115256;03.07.2026;11:41:00;406;13;7943;12;U5794Z1;Čechtice;49.68772;14.92958
20260703_115256_L382;20260703_115256;03.07.2026;11:41:00;382;20;9937;12;U2552Z1;Sázava,aut.st.;49.87925;14.87241
20260703_115256_L136;20260703_115256;03.07.2026;11:42:00;136;13;6972;11;U512Z5P;Jižní Město;50.09034;14.46746
20260703_115256_L391;20260703_115256;03.07.2026;11:38:00;391;35;9169;12;U2315Z1;Úvaly,žel.st.;50.07414;14.72315
20260703_115256_L311;20260703_115256;03.07.2026;11:42:00;311;40;9555;10;U1664Z2;Praha,Zličín;49.95251;14.21379
20260703_115256_L443;20260703_115256;03.07.2026;11:42:00;443;22;8594;10;U2966Z2;Čelákovice,Toušeňská;50.16931;15.02664
20260703_115256_L232;20260703_115256;03.07.2026;11:43:00;232;2;3924;10;U817Z2P;Na Knížecí;50.05955;14.40591
20260703_115256_L511;20260703_115256;03.07.2026;11:37:00;511;3;9587;15;U7886Z2;Příbram,aut.nádr.;49.661;14.01505
20260703_115656_L120;20260703_115656;03.07.2026;11:46:00;120;1;4049;11;U428Z1P;Nádraží Radotín;50.03821;14.40054
20260703_115656_L410;20260703_115656;03.07.2026;11:46:00;410;9;11646;10;U9450Z2;Praha,Střížkov;50.57279;14.64635
20260703_115656_L485;20260703_115656;03.07.2026;11:45:00;485;97;7905;11;U2510Z2;Rabyně,Nová Rabyně;49.8169;14.51233
20260703_115656_L425;20260703_115656;03.07.2026;11:45:00;425;49;1649;10;U31122Z1;Praha,Černý Most;50.2391;15.46868
20260703_115656_L406;20260703_115656;03.07.2026;11:43:00;406;13;7943;11;U9393Z1;Čechtice;49.67301;14.96313
20260703_115656_L311;20260703_115656;03.07.2026;11:43:00;311;40;9555;11;U1663Z2;Praha,Zličín;49.9677;14.22003
20260703_115656_L382;20260703_115656;03.07.2026;11:44:00;382;20;9937;12;U2032Z1;Sázava,aut.st.;49.87469;14.89599
20260703_115656_L210;20260703_115656;03.07.2026;11:44:00;210;1;1700;12;U4105Z2P;Blatov sever;50.08337;14.6479
20260703_115656_L725;20260703_115656;03.07.2026;11:34:00;725;67;9767;21;U31718Z1;Markvartice,pošta;50.43308;15.18543
20260703_115656_L443;20260703_115656;03.07.2026;11:46:00;443;22;8594;10;U2589Z2;Čelákovice,Toušeňská;50.15244;15.00531
20260703_115656_L679;20260703_115656;03.07.2026;11:46:00;679;54;1645;10;U4943Z1;Kolín,nádraží;50.03721;15.132
20260703_115656_L385;20260703_115656;03.07.2026;11:46:00;385;5;1727;10;U1373Z1;Nupaky,hotel;50.00441;14.57491
20260703_115656_L787;20260703_115656;03.07.2026;11:47:00;787;6;7551;10;U7152Z2;Uhlířské Janovice,nám.;49.77703;15.09417
20260703_115656_L136;20260703_115656;03.07.2026;11:45:00;136;13;6972;11;U743Z2P;Jižní Město;50.08614;14.45565
20260703_115656_L405;20260703_115656;03.07.2026;11:44:00;405;63;1431;12;U31030Z1;Špindlerův Mlýn,aut.st.;50.66504;15.59391
20260703_115656_L780;20260703_115656;03.07.2026;11:35:00;780;10;7607;21;U7320Z11;Čáslav,žel.st.;49.91211;15.39706
20260703_115656_L634;20260703_115656;03.07.2026;11:41:00;634;19;9440;15;U2939Z1;Hostomice,nám.;49.86556;14.10937
20260703_115656_L307;20260703_115656;03.07.2026;11:45:00;307;10;8991;11;U1645Z2;Praha,Zličín;50.03969;14.24717
20260703_115656_L639;20260703_115656;03.07.2026;11:42:00;639;8;9586;13;U9042Z2;Dobříš,nám.;49.84784;14.08285
20260703_115656_L391;20260703_115656;03.07.2026;11:38:00;391;35;9169;16;U2315Z1;Úvaly,žel.st.;50.07419;14.72308
20260703_115656_L431;20260703_115656;03.07.2026;11:44:00;431;1;1821;10;U4042Z1;Boreč,Žebice;50.41636;14.71881
20260703_115656_L381;20260703_115656;03.07.2026;11:45:00;381;3;1678;10;U2482Z1;Čáslav,obchodní centrum;49.95972;15.2868
20260703_115656_L337;20260703_115656;03.07.2026;11:43:00;337;12;9956;10;U2158Z2;Benešov,Terminál;49.82835;14.68946
20260703_120056_L485;20260703_120056;03.07.2026;11:48:00;485;97;7905;11;U2511Z2;Rabyně,Nová Rabyně;49.81436;14.47976
20260703_120056_L311;20260703_120056;03.07.2026;11:46:00;311;40;9555;10;U1638Z4;Praha,Zličín;49.97255;14.18318
20260703_120056_L410;20260703_120056;03.07.2026;11:49:00;410;9;11646;10;U31041Z2;Praha,Střížkov;50.56303;14.65043
20260703_120056_L710;20260703_120056;03.07.2026;11:51:00;710;22;7620;10;U31466Z2;Čáslav,žel.st.;49.95669;15.73296
20260703_120056_L203;20260703_120056;03.07.2026;11:49:00;203;6;1947;11;U937Z2P;Poliklinika Budějovická;50.03809;14.45276
20260703_120056_L210;20260703_120056;03.07.2026;11:44:00;210;1;1700;16;U4105Z2P;Blatov sever;50.08337;14.6479
20260703_120056_L406;20260703_120056;03.07.2026;11:48:00;406;13;7943;12;U7689Z1;Čechtice;49.65254;15.00893
20260703_120056_L385;20260703_120056;03.07.2026;11:49:00;385;5;1727;11;U1744Z1;Nupaky,hotel;49.99538;14.5871
20260703_120056_L307;20260703_120056;03.07.2026;11:48:00;307;10;8991;12;U1968Z2;Praha,Zličín;50.04873;14.26641
20260703_120056_L311;20260703_120056;03.07.2026;11:49:00;311;74;9597;11;U1601Z1;Řevnice,nádraží;49.92004;14.24962
20260703_120056_L725;20260703_120056;03.07.2026;11:34:00;725;67;9767;25;U31718Z1;Markvartice,pošta;50.43308;15.18543
20260703_120056_L679;20260703_120056;03.07.2026;11:50:00;679;54;1645;10;U4980Z1;Kolín,nádraží;50.03132;15.1858
20260703_120056_L546;20260703_120056;03.07.2026;11:49:00;546;5;9572;10;U31960Z1;Hořovice,nám.B.Němcové;49.73711;13.60764
20260703_120056_L639;20260703_120056;03.07.2026;11:48:00;639;8;9586;12;U2920Z1;Dobříš,nám.;49.83502;14.08634
20260703_120056_L639;20260703_120056;03.07.2026;11:50:00;639;29;9553;10;U9781Z2;Hořovice,nám.B.Němcové;49.84091;13.91438
20260703_120056_L780;20260703_120056;03.07.2026;11:35:00;780;10;7607;25;U7320Z11;Čáslav,žel.st.;49.91219;15.39718
20260703_120056_L431;20260703_120056;03.07.2026;11:44:00;431;1;1821;14;U4042Z1;Boreč,Žebice;50.41636;14.71881
20260703_120056_L391;20260703_120056;03.07.2026;11:38:00;391;35;9169;20;U2315Z1;Úvaly,žel.st.;50.07419;14.72308
20260703_120056_L136;20260703_120056;03.07.2026;11:47:00;136;13;6972;12;U516Z3P;Jižní Město;50.07896;14.46042
20260703_120056_L405;20260703_120056;03.07.2026;11:47:00;405;63;1431;13;U31031Z1;Špindlerův Mlýn,aut.st.;50.68615;15.57787
20260703_120056_L120;20260703_120056;03.07.2026;11:49:00;120;1;4049;11;U146Z1P;Nádraží Radotín;50.04097;14.39385
20260703_120056_L337;20260703_120056;03.07.2026;11:47:00;337;12;9956;11;U1391Z1;Benešov,Terminál;49.8249;14.68504
20260703_120056_L511;20260703_120056;03.07.2026;11:46:00;511;3;9587;14;U9734Z3;Příbram,aut.nádr.;49.67974;14.00034
20260703_120457_L203;20260703_120457;03.07.2026;11:52:00;203;6;1947;11;U343Z2P;Poliklinika Budějovická;50.04392;14.45074
20260703_120457_L405;20260703_120457;03.07.2026;11:50:00;405;63;1431;13;U31033Z1;Špindlerův Mlýn,aut.st.;50.71192;15.58367
20260703_120457_L546;20260703_120457;03.07.2026;11:54:00;546;5;9572;10;U31957Z2;Hořovice,nám.B.Němcové;49.72559;13.63388
20260703_120457_L485;20260703_120457;03.07.2026;11:50:00;485;97;7905;12;U2509Z2;Rabyně,Nová Rabyně;49.80925;14.47165
20260703_120457_L639;20260703_120457;03.07.2026;11:54:00;639;8;9586;10;U6504Z1;Dobříš,nám.;49.81943;14.0862
20260703_120457_L337;20260703_120457;03.07.2026;11:47:00;337;12;9956;15;U1391Z1;Benešov,Terminál;49.8217;14.68425
20260703_120457_L391;20260703_120457;03.07.2026;11:38:00;391;35;9169;24;U2315Z1;Úvaly,žel.st.;50.07419;14.72308
20260703_120457_L466;20260703_120457;03.07.2026;11:51:00;466;7;8090;13;U4247Z1;Mělník,aut.nádr.;50.28403;14.31402
20260703_120457_L210;20260703_120457;03.07.2026;11:44:00;210;1;1700;20;U4105Z2P;Blatov sever;50.08337;14.6479
20260703_120457_L136;20260703_120457;03.07.2026;11:53:00;136;13;6972;12;U855Z1P;Jižní Město;50.07446;14.46389
20260703_120457_L342;20260703_120457;03.07.2026;11:51:00;342;20;7701;11;U4397Z1;Slaný,žel.st.;50.17042;14.19165
20260703_120457_L780;20260703_120457;03.07.2026;11:35:00;780;10;7607;29;U7320Z11;Čáslav,žel.st.;49.91219;15.39718
20260703_120457_L431;20260703_120457;03.07.2026;11:44:00;431;1;1821;19;U4042Z1;Boreč,Žebice;50.41637;14.71878
20260703_120457_L410;20260703_120457;03.07.2026;11:54:00;410;9;11646;10;U31313Z2;Praha,Střížkov;50.56362;14.61896
20260703_120457_L679;20260703_120457;03.07.2026;11:54:00;679;54;1645;10;U4998Z2;Kolín,nádraží;50.02564;15.20013
20260703_120457_L823;20260703_120457;03.07.2026;11:54:00;823;37;1638;10;U2358Z1;Doubravčice;50.06843;14.7339
20260703_120457_L720;20260703_120457;03.07.2026;11:52:00;720;11;10254;12;U31202Z2;Praha,Černý Most;50.70314;15.42944
20260703_120457_L725;20260703_120457;03.07.2026;11:34:00;725;67;9767;29;U31718Z1;Markvartice,pošta;50.43308;15.18543
20260703_120457_L339;20260703_120457;03.07.2026;11:53:00;339;18;9365;11;U1564Z1;Týnec n.Sáz.,žel.st.;49.90374;14.58771
20260703_120457_L381;20260703_120457;03.07.2026;11:53:00;381;3;1678;10;U6659Z1;Čáslav,obchodní centrum;49.96118;15.31477
20260703_120457_L120;20260703_120457;03.07.2026;11:55:00;120;1;4049;10;U1030Z3P;Nádraží Radotín;50.03363;14.3742
20260703_120457_L639;20260703_120457;03.07.2026;11:53:00;639;29;9553;11;U9784Z1;Hořovice,nám.B.Němcové;49.83487;13.90695
20260703_120857_L120;20260703_120857;03.07.2026;11:58:00;120;1;4049;10;U1127Z1P;Nádraží Radotín;50.02604;14.36838
20260703_120857_L391;20260703_120857;03.07.2026;11:38:00;391;35;9169;28;U2315Z1;Úvaly,žel.st.;50.07419;14.72308
20260703_120857_L191;20260703_120857;03.07.2026;11:58:00;191;3;3939;10;U254Z7P;Obchodní centrum Ruzyně;50.07027;14.38023
20260703_120857_L405;20260703_120857;03.07.2026;11:54:00;405;63;1431;12;U32426Z1;Špindlerův Mlýn,aut.st.;50.72466;15.60265
20260703_120857_L639;20260703_120857;03.07.2026;11:56:00;639;8;9586;12;U7178Z2;Dobříš,nám.;49.8064;14.11175
20260703_120857_L485;20260703_120857;03.07.2026;11:57:00;485;97;7905;12;U2487Z2;Rabyně,Nová Rabyně;49.80066;14.4558
20260703_120857_L210;20260703_120857;03.07.2026;11:44:00;210;1;1700;24;U4105Z2P;Blatov sever;50.08337;14.6479
20260703_120857_L431;20260703_120857;03.07.2026;11:44:00;431;1;1821;23;U4042Z1;Boreč,Žebice;50.41637;14.71878
20260703_120857_L466;20260703_120857;03.07.2026;11:54:00;466;7;8090;13;U2829Z2;Mělník,aut.nádr.;50.3087;14.31349
20260703_120857_L725;20260703_120857;03.07.2026;11:34:00;725;67;9767;33;U31718Z1;Markvartice,pošta;50.43308;15.18543
20260703_120857_L337;20260703_120857;03.07.2026;11:47:00;337;12;9956;19;U1391Z1;Benešov,Terminál;49.81786;14.68328
20260703_120857_L339;20260703_120857;03.07.2026;11:56:00;339;18;9365;11;U1540Z1;Týnec n.Sáz.,žel.st.;49.89565;14.6112
20260703_120857_L324;20260703_120857;03.07.2026;11:57:00;324;27;8996;10;U4786Z2;Praha,Zličín;50.22913;14.09074
20260703_120857_L136;20260703_120857;03.07.2026;11:58:00;136;13;6972;10;U680Z3P;Jižní Město;50.06838;14.46922
20260703_120857_L342;20260703_120857;03.07.2026;11:58:00;342;20;7701;10;U2884Z1;Slaný,žel.st.;50.18509;14.17142
20260703_120857_L410;20260703_120857;03.07.2026;11:56:00;410;9;11646;10;U31343Z1;Praha,Střížkov;50.555;14.59589
20260703_120857_L136;20260703_120857;03.07.2026;11:59:00;136;1;6967;10;U2787Z2P;Jižní Město;50.08776;14.45674
20260703_120857_L780;20260703_120857;03.07.2026;11:35:00;780;10;7607;33;U7320Z11;Čáslav,žel.st.;49.91219;15.39718
20260703_121257_L391;20260703_121257;03.07.2026;11:38:00;391;35;9169;32;U2315Z1;Úvaly,žel.st.;50.07419;14.72308
20260703_121257_L780;20260703_121257;03.07.2026;11:35:00;780;10;7607;37;U7320Z11;Čáslav,žel.st.;49.91219;15.39718
20260703_121257_L136;20260703_121257;03.07.2026;12:02:00;136;1;6967;11;U516Z3P;Jižní Město;50.08211;14.45943
20260703_121257_L324;20260703_121257;03.07.2026;12:02:00;324;27;8996;11;U4805Z2;Praha,Zličín;50.22389;14.08222
20260703_121257_L210;20260703_121257;03.07.2026;11:44:00;210;1;1700;28;U4105Z2P;Blatov sever;50.08337;14.6479
20260703_121257_L725;20260703_121257;03.07.2026;11:34:00;725;67;9767;37;U31718Z1;Markvartice,pošta;50.43308;15.18543
20260703_121257_L639;20260703_121257;03.07.2026;12:00:00;639;8;9586;11;U7176Z2;Dobříš,nám.;49.78937;14.14585
20260703_121257_L485;20260703_121257;03.07.2026;11:59:00;485;97;7905;12;U2488Z2;Rabyně,Nová Rabyně;49.80814;14.43656
20260703_121257_L425;20260703_121257;03.07.2026;12:00:00;425;49;1649;12;U2588Z2;Praha,Černý Most;50.20577;15.29356
20260703_121257_L191;20260703_121257;03.07.2026;11:59:00;191;3;3939;13;U254Z4P;Obchodní centrum Ruzyně;50.07117;14.37985
20260703_121257_L136;20260703_121257;03.07.2026;12:02:00;136;13;6972;11;U183Z3P;Jižní Město;50.05609;14.47156
20260703_121257_L337;20260703_121257;03.07.2026;11:47:00;337;12;9956;22;U1391Z1;Benešov,Terminál;49.81454;14.68245
20260703_121257_L431;20260703_121257;03.07.2026;11:44:00;431;1;1821;27;U4042Z1;Boreč,Žebice;50.41636;14.71878
20260703_121257_L342;20260703_121257;03.07.2026;12:01:00;342;20;7701;11;U4416Z2;Slaný,žel.st.;50.18717;14.15396
20260703_121257_L466;20260703_121257;03.07.2026;11:59:00;466;7;8090;13;U4363Z2;Mělník,aut.nádr.;50.30976;14.31552
20260703_121257_L339;20260703_121257;03.07.2026;12:02:00;339;18;9365;11;U1543Z1;Týnec n.Sáz.,žel.st.;49.88081;14.62333
20260703_121658_L546;20260703_121658;03.07.2026;12:03:00;546;5;9572;10;U31951Z2;Hořovice,nám.B.Němcové;49.72811;13.72223
20260703_121658_L337;20260703_121658;03.07.2026;11:47:00;337;12;9956;25;U1391Z1;Benešov,Terminál;49.81035;14.68141
20260703_121658_L221;20260703_121658;03.07.2026;12:03:00;221;3;1751;13;U2276Z1P;Klánovice;50.08456;14.61662
20260703_121658_L136;20260703_121658;03.07.2026;12:06:00;136;1;6967;11;U518Z3P;Jižní Město;50.07589;14.45911
20260703_121658_L466;20260703_121658;03.07.2026;12:04:00;466;7;8090;12;U4376Z1;Mělník,aut.nádr.;50.32073;14.34313
20260703_121658_L405;20260703_121658;03.07.2026;12:05:00;405;65;1432;10;U31000Z1;Špindlerův Mlýn,aut.st.;50.46328;15.19891
20260703_121658_L408;20260703_121658;03.07.2026;12:03:00;408;64;7904;11;U2139Z1;Praha,Roztyly;49.81262;14.68211
20260703_121658_L823;20260703_121658;03.07.2026;12:07:00;823;37;1638;10;U1424Z2;Doubravčice;50.02514;14.77693
20260703_121658_L780;20260703_121658;03.07.2026;11:35:00;780;10;7607;42;U7320Z11;Čáslav,žel.st.;49.91219;15.39718
20260703_121658_L425;20260703_121658;03.07.2026;12:00:00;425;49;1649;13;U2588Z2;Praha,Černý Most;50.17394;15.2974
20260703_121658_L324;20260703_121658;03.07.2026;12:05:00;324;27;8996;11;U4803Z2;Praha,Zličín;50.20806;14.06647
20260703_121658_L311;20260703_121658;03.07.2026;12:07:00;311;40;9555;10;U1656Z2;Praha,Zličín;50.00423;14.21437
20260703_121658_L339;20260703_121658;03.07.2026;12:06:00;339;18;9365;11;U1588Z1;Týnec n.Sáz.,žel.st.;49.86994;14.59304
20260703_121658_L342;20260703_121658;03.07.2026;12:06:00;342;20;7701;11;U4413Z2;Slaný,žel.st.;50.17012;14.11183
20260703_121658_L391;20260703_121658;03.07.2026;11:38:00;391;35;9169;36;U2315Z1;Úvaly,žel.st.;50.07419;14.72308
20260703_121658_L725;20260703_121658;03.07.2026;11:34:00;725;67;9767;41;U31718Z1;Markvartice,pošta;50.43287;15.18851
20260703_121658_L431;20260703_121658;03.07.2026;11:44:00;431;1;1821;31;U4042Z1;Boreč,Žebice;50.41635;14.71878
20260703_121658_L718;20260703_121658;03.07.2026;12:05:00;718;42;8660;11;U31000Z2;Mnichovo Hradiště,nám.;50.4676;15.17625
20260703_121658_L136;20260703_121658;03.07.2026;12:06:00;136;13;6972;11;U322Z3P;Jižní Město;50.04552;14.48478
20260703_121658_L191;20260703_121658;03.07.2026;12:03:00;191;3;3939;13;U176Z1P;Obchodní centrum Ruzyně;50.07799;14.38062
20260703_122058_L681;20260703_122058;03.07.2026;12:06:00;681;61;1605;11;U7134Z1;Petrovice II,Losiny;49.79826;15.05605
20260703_122058_L391;20260703_122058;03.07.2026;11:38:00;391;35;9169;40;U2315Z1;Úvaly,žel.st.;50.07419;14.72308
20260703_122058_L431;20260703_122058;03.07.2026;11:44:00;431;1;1821;35;U4042Z1;Boreč,Žebice;50.41635;14.71878
20260703_122058_L339;20260703_122058;03.07.2026;12:10:00;339;18;9365;11;U1590Z1;Týnec n.Sáz.,žel.st.;49.85341;14.58865
20260703_122058_L324;20260703_122058;03.07.2026;12:10:00;324;27;8996;11;U1915Z1;Praha,Zličín;50.18889;14.04291
20260703_122058_L466;20260703_122058;03.07.2026;12:09:00;466;7;8090;12;U4372Z1;Mělník,aut.nádr.;50.33649;14.36923
20260703_122058_L718;20260703_122058;03.07.2026;12:05:00;718;42;8660;14;U31000Z2;Mnichovo Hradiště,nám.;50.4595;15.16335
20260703_122058_L337;20260703_122058;03.07.2026;11:47:00;337;12;9956;28;U1391Z1;Benešov,Terminál;49.80929;14.68115
20260703_122058_L546;20260703_122058;03.07.2026;12:08:00;546;5;9572;10;U31496Z1;Hořovice,nám.B.Němcové;49.73374;13.7567
20260703_122058_L856;20260703_122058;03.07.2026;12:08:00;856;9;1280;13;U4213Z1;Velvary,nám.;50.23042;14.26786
20260703_122058_L780;20260703_122058;03.07.2026;11:35:00;780;10;7607;46;U7320Z11;Čáslav,žel.st.;49.91219;15.39718
20260703_122058_L191;20260703_122058;03.07.2026;12:09:00;191;3;3939;12;U626Z1P;Obchodní centrum Ruzyně;50.08012;14.36916
20260703_122058_L136;20260703_122058;03.07.2026;12:11:00;136;13;6972;10;U424Z1P;Jižní Město;50.03348;14.49935
20260703_122458_L466;20260703_122458;03.07.2026;12:13:00;466;7;8090;11;U4385Z2;Mělník,aut.nádr.;50.34604;14.40378
20260703_122458_L546;20260703_122458;03.07.2026;12:14:00;546;5;9572;10;U31499Z1;Hořovice,nám.B.Němcové;49.74545;13.76417
20260703_122458_L431;20260703_122458;03.07.2026;11:44:00;431;1;1821;39;U4042Z1;Boreč,Žebice;50.41635;14.71878
20260703_122458_L718;20260703_122458;03.07.2026;12:10:00;718;42;8660;14;U6298Z1;Mnichovo Hradiště,nám.;50.44361;15.12692
20260703_122458_L391;20260703_122458;03.07.2026;11:38:00;391;35;9169;44;U2315Z1;Úvaly,žel.st.;50.07419;14.72308
20260703_122458_L136;20260703_122458;03.07.2026;12:13:00;136;2;5022;12;U69Z2P;Jižní Město;50.08892;14.46168
20260703_122458_L681;20260703_122458;03.07.2026;12:06:00;681;61;1605;16;U7134Z1;Petrovice II,Losiny;49.79826;15.05605
20260703_122458_L324;20260703_122458;03.07.2026;12:12:00;324;27;8996;12;U9104Z2;Praha,Zličín;50.17653;14.01301
20260703_122458_L337;20260703_122458;03.07.2026;11:47:00;337;12;9956;31;U1391Z1;Benešov,Terminál;49.79579;14.6796
20260703_122458_L780;20260703_122458;03.07.2026;11:35:00;780;10;7607;49;U7320Z11;Čáslav,žel.st.;49.91219;15.39718
20260703_122458_L191;20260703_122458;03.07.2026;12:13:00;191;3;3939;11;U872Z2P;Obchodní centrum Ruzyně;50.07969;14.34658
20260703_122458_L136;20260703_122458;03.07.2026;12:13:00;136;13;6972;11;U106Z2P;Jižní Město;50.02753;14.50774
20260703_122859_L391;20260703_122859;03.07.2026;11:38:00;391;35;9169;48;U2315Z1;Úvaly,žel.st.;50.07419;14.72308
20260703_122859_L484;20260703_122859;03.07.2026;12:16:00;484;31;8142;11;U2315Z1;Úvaly,žel.st.;50.07386;14.72348
20260703_122859_L136;20260703_122859;03.07.2026;12:19:00;136;13;6972;10;U286Z5P;Jižní Město;50.0306;14.52875
20260703_122859_L400;20260703_122859;03.07.2026;12:17:00;400;6;11628;11;U32149Z1;Varnsdorf,aut.nádr.;50.68313;14.53884
20260703_122859_L191;20260703_122859;03.07.2026;12:19:00;191;3;3939;10;U507Z2P;Obchodní centrum Ruzyně;50.08831;14.34504
20260703_122859_L856;20260703_122859;03.07.2026;12:15:00;856;9;1280;13;U9620Z1;Velvary,nám.;50.23381;14.3049
20260703_122859_L487;20260703_122859;03.07.2026;12:15:00;487;60;1641;14;U9418Z2;Vlašim,žel.st.;49.93711;15.0648
20260703_122859_L681;20260703_122859;03.07.2026;12:06:00;681;61;1605;20;U7134Z1;Petrovice II,Losiny;49.79826;15.05605
20260703_122859_L795;20260703_122859;03.07.2026;12:19:00;795;19;7848;10;U6037Z1;Trhový Štěpánov,nám.;49.71478;14.92991
20260703_122859_L136;20260703_122859;03.07.2026;12:17:00;136;2;5022;12;U516Z3P;Jižní Město;50.0825;14.45912
20260703_122859_L431;20260703_122859;03.07.2026;11:44:00;431;1;1821;43;U4042Z1;Boreč,Žebice;50.41632;14.71873
20260703_122859_L540;20260703_122859;03.07.2026;12:16:00;540;15;7647;11;U6713Z1;Záhornice,u Tylů;50.14852;15.13601
20260703_122859_L780;20260703_122859;03.07.2026;11:35:00;780;10;7607;54;U7320Z11;Čáslav,žel.st.;49.91219;15.39718
20260703_122859_L584;20260703_122859;03.07.2026;12:18:00;584;65;8408;11;U2009Z2;Mutějovice,Lhota p.Džbánem;50.10661;13.73006
20260703_122859_L311;20260703_122859;03.07.2026;12:19:00;311;40;9555;10;U1649Z2;Praha,Zličín;50.02666;14.21208
20260703_122859_L324;20260703_122859;03.07.2026;12:15:00;324;27;8996;12;U4932Z2;Praha,Zličín;50.15434;14.03234
20260703_122859_L146;20260703_122859;03.07.2026;12:19:00;146;5;9189;10;U4260Z1P;Vinice Hrdlořezy;50.09341;14.50929
20260703_123259_L391;20260703_123259;03.07.2026;11:38:00;391;35;9169;50;U2315Z1;Úvaly,žel.st.;50.07419;14.72308
20260703_123259_L584;20260703_123259;03.07.2026;12:20:00;584;65;8408;10;U2454Z2;Mutějovice,Lhota p.Džbánem;50.10964;13.73407
20260703_123259_L484;20260703_123259;03.07.2026;12:16:00;484;31;8142;14;U2315Z1;Úvaly,žel.st.;50.07386;14.72348
20260703_123259_L540;20260703_123259;03.07.2026;12:18:00;540;15;7647;11;U6716Z1;Záhornice,u Tylů;50.1563;15.14951
20260703_123259_L681;20260703_123259;03.07.2026;12:06:00;681;61;1605;21;U7134Z1;Petrovice II,Losiny;49.79826;15.05605
20260703_123259_L795;20260703_123259;03.07.2026;12:20:00;795;19;7848;10;U6038Z1;Trhový Štěpánov,nám.;49.71688;14.93759
20260703_123259_L780;20260703_123259;03.07.2026;11:35:00;780;10;7607;55;U7320Z11;Čáslav,žel.st.;49.91219;15.39718
20260703_123259_L400;20260703_123259;03.07.2026;12:17:00;400;6;11628;12;U32149Z1;Varnsdorf,aut.nádr.;50.68465;14.54171
20260703_123259_L311;20260703_123259;03.07.2026;12:20:00;311;40;9555;10;U1648Z2;Praha,Zličín;50.02992;14.22092
20260703_123259_L136;20260703_123259;03.07.2026;12:19:00;136;2;5022;13;U118Z4P;Jižní Město;50.07775;14.45873
20260703_123659_L484;20260703_123659;03.07.2026;12:16:00;484;31;8142;18;U2315Z1;Úvaly,žel.st.;50.07386;14.72348
20260703_123659_L191;20260703_123659;03.07.2026;12:26:00;191;3;3939;10;U85Z2P;Obchodní centrum Ruzyně;50.09275;14.32251
20260703_123659_L136;20260703_123659;03.07.2026;12:24:00;136;3;6879;10;U1074Z4P;Jižní Město;50.0916;14.46863
20260703_123659_L136;20260703_123659;03.07.2026;12:26:00;136;2;5022;10;U29Z1P;Jižní Město;50.0725;14.47048
20260703_123659_L400;20260703_123659;03.07.2026;12:20:00;400;6;11628;16;U31355Z1;Varnsdorf,aut.nádr.;50.69637;14.54134
20260703_123659_L391;20260703_123659;03.07.2026;11:38:00;391;35;9169;56;U2315Z1;Úvaly,žel.st.;50.07419;14.72308
20260703_123659_L307;20260703_123659;03.07.2026;12:20:00;307;10;8991;16;U1647Z1;Unhošť,nám.;50.0334;14.23015
20260703_123659_L311;20260703_123659;03.07.2026;12:26:00;311;40;9555;10;U1645Z2;Praha,Zličín;50.04047;14.249
20260703_123659_L324;20260703_123659;03.07.2026;12:23:00;324;27;8996;13;U2889Z3;Praha,Zličín;50.14114;14.08356
20260703_123659_L861;20260703_123659;03.07.2026;12:26:00;861;87;9063;10;U7031Z2;Beroun,autobusové nádraží;49.95886;14.04965
20260703_123659_L706;20260703_123659;03.07.2026;12:26:00;706;63;1637;10;U6603Z1;Žiželice,nám.;50.13298;15.38595
20260703_123659_L780;20260703_123659;03.07.2026;11:35:00;780;10;7607;61;U7320Z11;Čáslav,žel.st.;49.91219;15.39718
20260703_123659_L856;20260703_123659;03.07.2026;12:21:00;856;9;1280;15;U4224Z1;Velvary,nám.;50.23988;14.30902
20260703_123659_L487;20260703_123659;03.07.2026;12:21:00;487;60;1641;12;U9995Z1;Vlašim,žel.st.;49.9134;15.0795
20260703_123659_L681;20260703_123659;03.07.2026;12:06:00;681;61;1605;27;U7134Z1;Petrovice II,Losiny;49.79826;15.05605
20260703_123659_L500;20260703_123659;03.07.2026;12:26:00;500;28;7217;10;U7631Z2;Příbram,aut.nádr.;49.642;14.24966
20260703_123659_L584;20260703_123659;03.07.2026;12:25:00;584;65;8408;11;U9897Z2;Mutějovice,Lhota p.Džbánem;50.11347;13.76562
20260703_123659_L410;20260703_123659;03.07.2026;12:25:00;410;9;11646;10;U6072Z2;Praha,Střížkov;50.4535;14.47394
20260703_123659_L710;20260703_123659;03.07.2026;12:24:00;710;22;7620;10;U7222Z1;Čáslav,žel.st.;49.94199;15.4981
20260703_124100_L201;20260703_124100;03.07.2026;12:30:00;201;23;4125;10;U2769Z1P;Letňany;50.13534;14.53554
20260703_124100_L136;20260703_124100;03.07.2026;12:30:00;136;2;5022;10;U37Z1P;Jižní Město;50.06043;14.46959
20260703_124100_L391;20260703_124100;03.07.2026;11:38:00;391;35;9169;60;U2315Z1;Úvaly,žel.st.;50.07419;14.72308
20260703_124100_L410;20260703_124100;03.07.2026;12:28:00;410;9;11646;10;U6070Z2;Praha,Střížkov;50.43279;14.46807
20260703_124100_L136;20260703_124100;03.07.2026;12:28:00;136;3;6879;12;U69Z2P;Jižní Město;50.08906;14.46158
20260703_124100_L484;20260703_124100;03.07.2026;12:16:00;484;31;8142;24;U2315Z1;Úvaly,žel.st.;50.07409;14.72321
20260703_124100_L780;20260703_124100;03.07.2026;11:35:00;780;10;7607;65;U7320Z11;Čáslav,žel.st.;49.91219;15.39718
20260703_124100_L474;20260703_124100;03.07.2026;12:28:00;474;45;8087;12;U1793Z9;Dobřeň,Střezivojice;50.34957;14.48863
20260703_124100_L584;20260703_124100;03.07.2026;12:30:00;584;65;8408;10;U9911Z2;Mutějovice,Lhota p.Džbánem;50.12927;13.76634
20260703_124100_L453;20260703_124100;03.07.2026;12:30:00;453;6;7509;10;U4886Z14;Vlašim,žel.st.;49.41424;14.67432
20260703_124100_L710;20260703_124100;03.07.2026;12:27:00;710;22;7620;11;U7223Z1;Čáslav,žel.st.;49.93147;15.49837
20260703_124100_L311;20260703_124100;03.07.2026;12:29:00;311;40;9555;10;U1968Z2;Praha,Zličín;50.0504;14.27139
20260703_124100_L324;20260703_124100;03.07.2026;12:26:00;324;27;8996;13;U4313Z7;Praha,Zličín;50.14532;14.09541
20260703_124100_L381;20260703_124100;03.07.2026;12:27:00;381;2;9374;11;U2006Z1;Čáslav,obchodní centrum;49.98995;14.72839
20260703_124100_L861;20260703_124100;03.07.2026;12:31:00;861;87;9063;10;U1747Z2;Beroun,autobusové nádraží;49.95475;14.05283
20260703_124100_L856;20260703_124100;03.07.2026;12:28:00;856;9;1280;12;U2286Z1;Velvary,nám.;50.24108;14.3129
20260703_124100_L487;20260703_124100;03.07.2026;12:25:00;487;60;1641;14;U9939Z2;Vlašim,žel.st.;49.90381;15.08288
20260703_124100_L706;20260703_124100;03.07.2026;12:26:00;706;63;1637;14;U6603Z1;Žiželice,nám.;50.13298;15.38595
20260703_124100_L467;20260703_124100;03.07.2026;12:30:00;467;15;8116;10;U9166Z2;Mladá Boleslav,aut.st.;50.31108;14.60665
20260703_124501_L706;20260703_124501;03.07.2026;12:26:00;706;63;1637;19;U6603Z1;Žiželice,nám.;50.13297;15.38595
20260703_124501_L484;20260703_124501;03.07.2026;12:16:00;484;31;8142;28;U2315Z1;Úvaly,žel.st.;50.07409;14.72321
20260703_124501_L201;20260703_124501;03.07.2026;12:34:00;201;23;4125;11;U899Z3P;Letňany;50.14159;14.51659
20260703_124501_L136;20260703_124501;03.07.2026;12:32:00;136;3;6879;13;U516Z3P;Jižní Město;50.0825;14.45904
20260703_124501_L845;20260703_124501;03.07.2026;12:33:00;845;14;7836;11;U31603Z2;Ježov;49.60164;15.19085
20260703_124501_L410;20260703_124501;03.07.2026;12:31:00;410;9;11646;12;U6060Z2;Praha,Střížkov;50.41354;14.46009
20260703_124501_L710;20260703_124501;03.07.2026;12:32:00;710;22;7620;12;U7073Z2;Čáslav,žel.st.;49.92569;15.45884
20260703_124501_L467;20260703_124501;03.07.2026;12:30:00;467;15;8116;11;U9166Z2;Mladá Boleslav,aut.st.;50.33111;14.63242
20260703_124501_L584;20260703_124501;03.07.2026;12:34:00;584;65;8408;11;U3390Z2;Mutějovice,Lhota p.Džbánem;50.14791;13.74188
20260703_124501_L453;20260703_124501;03.07.2026;12:30:00;453;6;7509;13;U4886Z14;Vlašim,žel.st.;49.41089;14.67798
20260703_124501_L500;20260703_124501;03.07.2026;12:33:00;500;28;7217;10;U7463Z2;Příbram,aut.nádr.;49.65036;14.17592
20260703_124501_L391;20260703_124501;03.07.2026;11:38:00;391;35;9169;66;U2315Z1;Úvaly,žel.st.;50.07419;14.72308
20260703_124501_L381;20260703_124501;03.07.2026;12:27:00;381;2;9374;15;U2006Z1;Čáslav,obchodní centrum;49.98972;14.73548
20260703_124501_L780;20260703_124501;03.07.2026;11:35:00;780;10;7607;70;U7320Z11;Čáslav,žel.st.;49.91219;15.39718
20260703_124501_L487;20260703_124501;03.07.2026;12:30:00;487;60;1641;13;U9935Z2;Vlašim,žel.st.;49.88031;15.06487
20260703_124501_L491;20260703_124501;03.07.2026;12:34:00;491;9;8653;11;U1908Z2;Český Brod,žel.st.;49.99202;14.74387
20260703_124501_L474;20260703_124501;03.07.2026;12:33:00;474;45;8087;12;U3343Z1;Dobřeň,Střezivojice;50.35681;14.49543
20260703_124501_L856;20260703_124501;03.07.2026;12:34:00;856;9;1280;11;U4227Z1;Velvary,nám.;50.24688;14.31427
20260703_124501_L311;20260703_124501;03.07.2026;12:31:00;311;40;9555;13;U1142Z2;Praha,Zličín;50.0538;14.27936
20260703_124501_L324;20260703_124501;03.07.2026;12:32:00;324;27;8996;13;U4310Z2;Praha,Zličín;50.1363;14.10387
20260703_124501_L336;20260703_124501;03.07.2026;12:33:00;336;20;1445;10;U1142Z2;Praha,Zličín;50.05633;14.28651
20260703_124501_L861;20260703_124501;03.07.2026;12:33:00;861;87;9063;11;U7527Z1;Beroun,autobusové nádraží;49.95723;14.06323
20260703_124901_L429;20260703_124901;03.07.2026;12:36:00;429;19;8881;10;U2835Z2;Hostouň;50.10429;14.18037
20260703_124901_L546;20260703_124901;03.07.2026;12:37:00;546;5;9572;10;U9829Z1;Hořovice,nám.B.Němcové;49.81847;13.86352
20260703_124901_L845;20260703_124901;03.07.2026;12:35:00;845;14;7836;14;U31797Z2;Ježov;49.60328;15.20484
20260703_124901_L453;20260703_124901;03.07.2026;12:36:00;453;6;7509;12;U32043Z2;Vlašim,žel.st.;49.4178;14.69463
20260703_124901_L410;20260703_124901;03.07.2026;12:34:00;410;9;11646;14;U3316Z4;Praha,Střížkov;50.40315;14.44996
20260703_124901_L571;20260703_124901;03.07.2026;12:37:00;571;52;8368;10;U6875Z1;Čistá,Kůzová;50.05539;13.55625
20260703_124901_L307;20260703_124901;03.07.2026;12:38:00;307;10;8991;11;U1678Z1;Unhošť,nám.;50.05193;14.17497
20260703_124901_L584;20260703_124901;03.07.2026;12:38:00;584;65;8408;11;U3143Z2;Mutějovice,Lhota p.Džbánem;50.17187;13.7406
20260703_124901_L381;20260703_124901;03.07.2026;12:39:00;381;16;9375;10;U1878Z2;Praha,Háje;49.9995;14.66709
20260703_124901_L856;20260703_124901;03.07.2026;12:39:00;856;9;1280;10;U4237Z1;Velvary,nám.;50.25372;14.30777
20260703_124901_L136;20260703_124901;03.07.2026;12:34:00;136;3;6879;14;U118Z4P;Jižní Město;50.07812;14.46082
20260703_124901_L487;20260703_124901;03.07.2026;12:30:00;487;60;1641;17;U9935Z2;Vlašim,žel.st.;49.88054;15.06446
20260703_124901_L491;20260703_124901;03.07.2026;12:36:00;491;9;8653;11;U2072Z2;Český Brod,žel.st.;50.00418;14.77346
20260703_124901_L710;20260703_124901;03.07.2026;12:36:00;710;22;7620;11;U7108Z2;Čáslav,žel.st.;49.91291;15.40497
20260703_124901_L467;20260703_124901;03.07.2026;12:38:00;467;15;8116;10;U9174Z1;Mladá Boleslav,aut.st.;50.34694;14.66875
20260703_124901_L324;20260703_124901;03.07.2026;12:35:00;324;27;8996;13;U4320Z2;Praha,Zličín;50.12802;14.11796
20260703_124901_L500;20260703_124901;03.07.2026;12:38:00;500;28;7217;10;U7457Z3;Příbram,aut.nádr.;49.65321;14.1661
20260703_124901_L484;20260703_124901;03.07.2026;12:16:00;484;31;8142;32;U2315Z1;Úvaly,žel.st.;50.07409;14.72321
20260703_124901_L342;20260703_124901;03.07.2026;12:36:00;342;20;7701;13;U4786Z1;Slaný,žel.st.;50.23051;14.08262
20260703_124901_L474;20260703_124901;03.07.2026;12:38:00;474;45;8087;10;U3346Z1;Dobřeň,Střezivojice;50.37274;14.49936
20260703_124901_L780;20260703_124901;03.07.2026;11:35:00;780;10;7607;73;U7320Z11;Čáslav,žel.st.;49.91219;15.39718
20260703_124901_L400;20260703_124901;03.07.2026;12:34:00;400;53;1086;10;U1793Z1;Praha,Střížkov;50.3493;14.48853
20260703_124901_L706;20260703_124901;03.07.2026;12:26:00;706;63;1637;22;U6603Z1;Žiželice,nám.;50.13297;15.38595
20260703_124901_L136;20260703_124901;03.07.2026;12:39:00;136;2;5022;10;U181Z1P;Jižní Město;50.0395;14.49056
20260703_124901_L201;20260703_124901;03.07.2026;12:36:00;201;23;4125;12;U125Z2P;Letňany;50.13888;14.50478
20260703_124901_L443;20260703_124901;03.07.2026;12:38:00;443;22;8594;10;U2428Z2;Nymburk,hl.nádr.;50.16504;14.8299
20260703_125302_L324;20260703_125302;03.07.2026;12:40:00;324;27;8996;13;U4316Z5;Praha,Zličín;50.1306;14.13771
20260703_125302_L307;20260703_125302;03.07.2026;12:42:00;307;10;8991;10;U1681Z1;Unhošť,nám.;50.06553;14.16523
20260703_125302_L209;20260703_125302;03.07.2026;12:40:00;209;47;9117;12;U1120Z1P;Letňany;50.12808;14.55332
20260703_125302_L467;20260703_125302;03.07.2026;12:42:00;467;15;8116;11;U9176Z1;Mladá Boleslav,aut.st.;50.35259;14.69548
20260703_125302_L780;20260703_125302;03.07.2026;11:35:00;780;10;7607;77;U7320Z11;Čáslav,žel.st.;49.91219;15.39718
20260703_125302_L429;20260703_125302;03.07.2026;12:36:00;429;19;8881;14;U2835Z2;Hostouň;50.10429;14.18037
20260703_125302_L201;20260703_125302;03.07.2026;12:40:00;201;23;4125;12;U405Z2P;Letňany;50.1284;14.51267
20260703_125302_L389;20260703_125302;03.07.2026;12:42:00;389;16;7765;10;U80Z4;Praha,Nádraží Veleslavín;50.09308;14.31055
20260703_125302_L136;20260703_125302;03.07.2026;12:38:00;136;3;6879;14;U855Z1P;Jižní Město;50.0745;14.46389
20260703_125302_L571;20260703_125302;03.07.2026;12:37:00;571;52;8368;11;U6875Z1;Čistá,Kůzová;50.0459;13.54621
20260703_125302_L584;20260703_125302;03.07.2026;12:40:00;584;65;8408;11;U3361Z2;Mutějovice,Lhota p.Džbánem;50.17406;13.74008
20260703_125302_L453;20260703_125302;03.07.2026;12:39:00;453;6;7509;14;U32041Z2;Vlašim,žel.st.;49.42955;14.71948
20260703_125302_L484;20260703_125302;03.07.2026;12:16:00;484;31;8142;36;U2315Z1;Úvaly,žel.st.;50.07409;14.72321
20260703_125302_L136;20260703_125302;03.07.2026;12:39:00;136;4;5083;11;U1074Z4P;Jižní Město;50.09169;14.46871
20260703_125302_L474;20260703_125302;03.07.2026;12:42:00;474;45;8087;11;U3350Z1;Dobřeň,Střezivojice;50.36943;14.5101
20260703_125302_L400;20260703_125302;03.07.2026;12:34:00;400;53;1086;11;U1793Z1;Praha,Střížkov;50.33131;14.49855
20260703_125302_L546;20260703_125302;03.07.2026;12:40:00;546;5;9572;11;U9826Z1;Hořovice,nám.B.Němcové;49.82985;13.87912
20260703_125302_L856;20260703_125302;03.07.2026;12:41:00;856;9;1280;10;U4239Z1;Velvary,nám.;50.25187;14.32206
20260703_125302_L491;20260703_125302;03.07.2026;12:41:00;491;9;8653;11;U9608Z2;Český Brod,žel.st.;50.02247;14.7892
20260703_125302_L136;20260703_125302;03.07.2026;12:43:00;136;2;5022;10;U106Z2P;Jižní Město;50.02798;14.5076
20260703_125302_L443;20260703_125302;03.07.2026;12:42:00;443;22;8594;10;U1453Z1;Nymburk,hl.nádr.;50.16548;14.86014
20260703_125702_L136;20260703_125702;03.07.2026;12:47:00;136;2;5022;10;U353Z1P;Jižní Město;50.02627;14.52148
20260703_125702_L136;20260703_125702;03.07.2026;12:43:00;136;3;6879;12;U680Z3P;Jižní Město;50.06228;14.46948
20260703_125702_L136;20260703_125702;03.07.2026;12:43:00;136;4;5083;14;U69Z2P;Jižní Město;50.08895;14.46084
20260703_125702_L209;20260703_125702;03.07.2026;12:40:00;209;47;9117;16;U1120Z1P;Letňany;50.12925;14.55092
20260703_125702_L210;20260703_125702;03.07.2026;12:44:00;210;1;1700;12;U4105Z2P;Blatov sever;50.08329;14.64796
20260703_125702_L856;20260703_125702;03.07.2026;12:45:00;856;9;1280;10;U2231Z2;Velvary,nám.;50.26226;14.31892
20260703_125702_L307;20260703_125702;03.07.2026;12:46:00;307;10;8991;11;U1684Z1;Unhošť,nám.;50.06266;14.15123
20260703_125702_L361;20260703_125702;03.07.2026;12:43:00;361;55;1125;11;U2537Z2;Praha,Smíchovské nádraží;49.78817;14.29329
20260703_125702_L389;20260703_125702;03.07.2026;12:44:00;389;16;7765;10;U85Z1;Praha,Nádraží Veleslavín;50.09491;14.34237
20260703_125702_L415;20260703_125702;03.07.2026;12:46:00;415;33;1061;10;U6428Z2;Kadaň,aut.nádr.;50.19399;13.66811
20260703_125702_L429;20260703_125702;03.07.2026;12:36:00;429;19;8881;18;U2835Z2;Hostouň;50.10429;14.18037
20260703_125702_L443;20260703_125702;03.07.2026;12:46:00;443;22;8594;10;U2282Z1;Nymburk,hl.nádr.;50.1618;14.88188
20260703_125702_L453;20260703_125702;03.07.2026;12:43:00;453;6;7509;13;U32054Z2;Vlašim,žel.st.;49.45146;14.76156
20260703_125702_L474;20260703_125702;03.07.2026;12:43:00;474;45;8087;11;U3349Z2;Dobřeň,Střezivojice;50.38547;14.52032
20260703_125702_L491;20260703_125702;03.07.2026;12:44:00;491;9;8653;13;U4570Z1;Český Brod,žel.st.;50.02934;14.80878
20260703_125702_L546;20260703_125702;03.07.2026;12:45:00;546;5;9572;11;U3270Z3;Hořovice,nám.B.Němcové;49.84297;13.89941
20260703_125702_L571;20260703_125702;03.07.2026;12:43:00;571;52;8368;14;U6871Z1;Čistá,Kůzová;50.04231;13.52247
20260703_125702_L584;20260703_125702;03.07.2026;12:44:00;584;65;8408;11;U3362Z2;Mutějovice,Lhota p.Džbánem;50.19176;13.73967
20260703_125702_L628;20260703_125702;03.07.2026;12:44:00;628;24;8798;10;U9322Z1;Kladno,autobusové nádraží;50.20025;13.90374
20260703_125702_L718;20260703_125702;03.07.2026;12:43:00;718;42;8660;13;U6365Z2;Mnichovo Hradiště,nám.;50.50713;15.0189
20260703_125702_L780;20260703_125702;03.07.2026;11:35:00;780;10;7607;81;U7320Z11;Čáslav,žel.st.;49.91219;15.39718
20260703_125702_L794;20260703_125702;03.07.2026;12:44:00;794;54;7865;12;U6023Z2;Vlašim,žel.st.;49.77984;15.02889
20260703_130102_L406;20260703_130102;03.07.2026;12:48:00;406;34;7939;10;U1384Z16;Vlašim,žel.st.;49.77988;14.68402
20260703_130102_L780;20260703_130102;03.07.2026;11:35:00;780;10;7607;85;U7320Z11;Čáslav,žel.st.;49.91219;15.39718
20260703_130102_L500;20260703_130102;03.07.2026;12:51:00;500;28;7217;10;U7725Z2;Příbram,aut.nádr.;49.64825;14.06051
20260703_130102_L546;20260703_130102;03.07.2026;12:46:00;546;5;9572;12;U9779Z1;Hořovice,nám.B.Němcové;49.83749;13.89479
20260703_130102_L794;20260703_130102;03.07.2026;12:46:00;794;54;7865;13;U6022Z2;Vlašim,žel.st.;49.7824;15.01498
20260703_130102_L474;20260703_130102;03.07.2026;12:48:00;474;45;8087;12;U9196Z1;Dobřeň,Střezivojice;50.40669;14.52031
20260703_130102_L584;20260703_130102;03.07.2026;12:50:00;584;65;8408;11;U3373Z1;Mutějovice,Lhota p.Džbánem;50.19407;13.70755
20260703_130102_L453;20260703_130102;03.07.2026;12:48:00;453;6;7509;12;U32052Z2;Vlašim,žel.st.;49.47125;14.77783
20260703_130102_L136;20260703_130102;03.07.2026;12:47:00;136;4;5083;14;U516Z3P;Jižní Město;50.0825;14.45915
20260703_130102_L307;20260703_130102;03.07.2026;12:48:00;307;10;8991;10;U1685Z1;Unhošť,nám.;50.0858;14.13891
20260703_130102_L361;20260703_130102;03.07.2026;12:43:00;361;55;1125;13;U2537Z2;Praha,Smíchovské nádraží;49.78654;14.30336
20260703_130102_L491;20260703_130102;03.07.2026;12:47:00;491;9;8653;14;U1422Z2;Český Brod,žel.st.;50.04627;14.81067
20260703_130102_L628;20260703_130102;03.07.2026;12:51:00;628;24;8798;10;U9340Z2;Kladno,autobusové nádraží;50.18227;13.92262
20260703_130102_L443;20260703_130102;03.07.2026;12:49:00;443;22;8594;10;U1437Z1;Nymburk,hl.nádr.;50.16092;14.91236
20260703_130102_L718;20260703_130102;03.07.2026;12:48:00;718;42;8660;12;U6364Z2;Mnichovo Hradiště,nám.;50.51938;14.97909
20260703_130102_L307;20260703_130102;03.07.2026;12:50:00;307;11;8952;10;U1142Z2;Praha,Zličín;50.05548;14.28421
20260703_130102_L136;20260703_130102;03.07.2026;12:48:00;136;3;6879;13;U751Z2P;Jižní Město;50.05249;14.47533
20260703_130102_L429;20260703_130102;03.07.2026;12:36:00;429;19;8881;22;U2835Z2;Hostouň;50.10429;14.18037
20260703_130502_L410;20260703_130502;03.07.2026;12:52:00;410;9;11646;13;U1792Z1;Praha,Střížkov;50.34436;14.48639
20260703_130502_L453;20260703_130502;03.07.2026;12:53:00;453;6;7509;12;U32049Z2;Vlašim,žel.st.;49.49328;14.79434
20260703_130502_L571;20260703_130502;03.07.2026;12:55:00;571;52;8368;10;U6870Z2;Rakovník,aut.st.;50.04418;13.53926
20260703_130502_L474;20260703_130502;03.07.2026;12:53:00;474;45;8087;12;U9194Z1;Dobřeň,Střezivojice;50.41663;14.54721
20260703_130502_L780;20260703_130502;03.07.2026;11:35:00;780;10;7607;89;U7320Z11;Čáslav,žel.st.;49.91219;15.39718
20260703_130502_L794;20260703_130502;03.07.2026;12:50:00;794;54;7865;11;U9404Z3;Vlašim,žel.st.;49.79741;15.00713
20260703_130502_L406;20260703_130502;03.07.2026;12:48:00;406;34;7939;13;U1384Z16;Vlašim,žel.st.;49.77897;14.68379
20260703_130502_L741;20260703_130502;03.07.2026;12:54:00;741;12;7626;11;U7292Z2;Čáslav,aut.st.;49.85698;15.37942
20260703_130502_L381;20260703_130502;03.07.2026;12:55:00;381;16;9375;10;U967Z2;Praha,Háje;50.03455;14.56404
20260703_130502_L443;20260703_130502;03.07.2026;12:52:00;443;22;8594;12;U1439Z1;Nymburk,hl.nádr.;50.16102;14.94185
20260703_130502_L584;20260703_130502;03.07.2026;12:53:00;584;65;8408;12;U4001Z2;Mutějovice,Lhota p.Džbánem;50.21061;13.71447
20260703_130502_L311;20260703_130502;03.07.2026;12:52:00;311;77;9763;12;U9217Z1;Řevnice,nádraží;49.92604;14.26768
20260703_130502_L467;20260703_130502;03.07.2026;12:52:00;467;15;8116;11;U9295Z1;Mladá Boleslav,aut.st.;50.36832;14.81758
20260703_130502_L201;20260703_130502;03.07.2026;12:55:00;201;25;3883;10;U243Z6P;Letňany;50.12975;14.55095
20260703_130502_L136;20260703_130502;03.07.2026;12:52:00;136;3;6879;12;U417Z1P;Jižní Město;50.04289;14.48779
20260703_130502_L659;20260703_130502;03.07.2026;12:54:00;659;40;9488;10;U2319Z1;Stříbrná Skalice,náměstí;49.98582;14.86669
20260703_130502_L546;20260703_130502;03.07.2026;12:51:00;546;5;9572;13;U9617Z2;Hořovice,nám.B.Němcové;49.83574;13.90262
20260703_130502_L381;20260703_130502;03.07.2026;12:50:00;381;2;9374;14;U1979Z1;Čáslav,obchodní centrum;49.98167;14.88484
20260703_130502_L136;20260703_130502;03.07.2026;12:51:00;136;4;5083;14;U518Z3P;Jižní Město;50.07659;14.45897
20260703_130502_L429;20260703_130502;03.07.2026;12:36:00;429;19;8881;26;U2835Z2;Hostouň;50.10429;14.18037
20260703_130903_L381;20260703_130903;03.07.2026;12:55:00;381;2;9374;14;U1982Z1;Čáslav,obchodní centrum;49.97002;14.93203
20260703_130903_L467;20260703_130903;03.07.2026;12:57:00;467;15;8116;10;U9296Z1;Mladá Boleslav,aut.st.;50.37211;14.85531
20260703_130903_L443;20260703_130903;03.07.2026;12:56:00;443;22;8594;12;U1441Z1;Nymburk,hl.nádr.;50.14192;14.98416
20260703_130903_L715;20260703_130903;03.07.2026;12:56:00;715;42;8660;11;U6399Z1;Žďár,Žehrov;50.52709;15.01077
20260703_130903_L361;20260703_130903;03.07.2026;12:55:00;361;55;1125;13;U2526Z2;Praha,Smíchovské nádraží;49.78076;14.37989
20260703_130903_L794;20260703_130903;03.07.2026;12:54:00;794;54;7865;11;U7036Z1;Vlašim,žel.st.;49.78702;15.01561
20260703_130903_L453;20260703_130903;03.07.2026;12:57:00;453;6;7509;11;U32025Z2;Vlašim,žel.st.;49.51935;14.7987
20260703_130903_L741;20260703_130903;03.07.2026;12:55:00;741;12;7626;11;U7293Z1;Čáslav,aut.st.;49.86407;15.39466
20260703_130903_L780;20260703_130903;03.07.2026;11:35:00;780;10;7607;94;U7320Z11;Čáslav,žel.st.;49.91219;15.39718
20260703_130903_L429;20260703_130903;03.07.2026;12:36:00;429;19;8881;27;U2835Z2;Hostouň;50.10429;14.18037
20260703_130903_L474;20260703_130903;03.07.2026;12:57:00;474;45;8087;11;U9192Z1;Dobřeň,Střezivojice;50.43081;14.56759
20260703_130903_L136;20260703_130903;03.07.2026;12:56:00;136;4;5083;12;U29Z1P;Jižní Město;50.07257;14.47048
20260703_130903_L369;20260703_130903;03.07.2026;12:58:00;369;47;8233;10;U2343Z1;Praha,Ládví;50.23628;14.49452
20260703_130903_L311;20260703_130903;03.07.2026;12:54:00;311;77;9763;13;U1626Z2;Řevnice,nádraží;49.92801;14.27072
20260703_130903_L201;20260703_130903;03.07.2026;12:59:00;201;25;3883;10;U323Z1P;Letňany;50.135;14.54429
20260703_130903_L381;20260703_130903;03.07.2026;12:59:00;381;16;9375;10;U151Z2;Praha,Háje;50.03212;14.53423
20260703_130903_L136;20260703_130903;03.07.2026;12:57:00;136;3;6879;12;U344Z1P;Jižní Město;50.03178;14.50446
20260703_130903_L136;20260703_130903;03.07.2026;12:58:00;136;23;6843;11;U69Z2P;Jižní Město;50.08916;14.46149
20260703_130903_L232;20260703_130903;03.07.2026;12:59:00;232;12;3728;10;U302Z3P;Smíchovské nádraží;50.06224;14.40569
20260703_131303_L770;20260703_131303;03.07.2026;13:01:00;770;42;7918;10;U7795Z52;Benešov,Terminál;49.8256;14.8362
20260703_131303_L406;20260703_131303;03.07.2026;12:59:00;406;34;7939;13;U5937Z1;Vlašim,žel.st.;49.77856;14.71628
20260703_131303_L136;20260703_131303;03.07.2026;13:00:00;136;23;6843;11;U743Z2P;Jižní Město;50.08319;14.45838
20260703_131303_L381;20260703_131303;03.07.2026;13:00:00;381;2;9374;11;U1984Z1;Čáslav,obchodní centrum;49.9664;14.9753
20260703_131303_L780;20260703_131303;03.07.2026;11:35:00;780;10;7607;98;U7320Z11;Čáslav,žel.st.;49.91219;15.39718
20260703_131303_L136;20260703_131303;03.07.2026;13:00:00;136;4;5083;12;U37Z1P;Jižní Město;50.0604;14.46961
20260703_131303_L201;20260703_131303;03.07.2026;13:03:00;201;25;3883;10;U326Z1P;Letňany;50.13823;14.51713
20260703_131303_L136;20260703_131303;03.07.2026;12:58:00;136;3;6879;12;U106Z2P;Jižní Město;50.02414;14.51104
20260703_131303_L821;20260703_131303;03.07.2026;13:00:00;821;69;1606;12;U1984Z4;Kolín,nádraží;49.96626;14.96428
20260703_131303_L636;20260703_131303;03.07.2026;13:00:00;636;30;9778;10;U4913Z1;Chyňava,škola;50.02911;14.08237
20260703_131303_L741;20260703_131303;03.07.2026;12:59:00;741;12;7626;12;U7289Z1;Čáslav,aut.st.;49.88063;15.40546
20260703_131303_L821;20260703_131303;03.07.2026;13:00:00;821;52;1604;12;U1984Z3;Sázava,aut.st.;49.96635;14.96423
20260703_131303_L741;20260703_131303;03.07.2026;12:59:00;741;21;7621;13;U9480Z2;Zbýšov,Chlum;49.8059;15.40305
20260703_131303_L715;20260703_131303;03.07.2026;13:02:00;715;42;8660;10;U6401Z1;Žďár,Žehrov;50.53791;15.03276
20260703_131303_L474;20260703_131303;03.07.2026;13:03:00;474;45;8087;10;U9188Z1;Dobřeň,Střezivojice;50.4566;14.56785
20260703_131303_L369;20260703_131303;03.07.2026;13:01:00;369;47;8233;12;U1958Z2;Praha,Ládví;50.20893;14.49888
20260703_131303_L453;20260703_131303;03.07.2026;13:00:00;453;6;7509;12;U31254Z3;Vlašim,žel.st.;49.53376;14.80903
20260703_131303_L443;20260703_131303;03.07.2026;12:59:00;443;22;8594;10;U1434Z1;Nymburk,hl.nádr.;50.13787;14.98548
20260703_131303_L467;20260703_131303;03.07.2026;13:00:00;467;53;9824;11;U4717Z4;Roudnice n.L.,ČSAD;50.4232;14.25628
20260703_131303_L300;20260703_131303;03.07.2026;13:01:00;300;8;8957;12;U85Z1;Praha,Nádraží Veleslavín;50.0926;14.32461
20260703_131303_L232;20260703_131303;03.07.2026;13:02:00;232;12;3728;10;U468Z1P;Smíchovské nádraží;50.05267;14.40635
20260703_131704_L136;20260703_131704;03.07.2026;13:04:00;136;3;6879;13;U286Z5P;Jižní Město;50.0307;14.52986
20260703_131704_L406;20260703_131704;03.07.2026;13:04:00;406;34;7939;12;U9384Z1;Vlašim,žel.st.;49.75654;14.76184
20260703_131704_L136;20260703_131704;03.07.2026;13:04:00;136;23;6843;12;U118Z4P;Jižní Město;50.07816;14.46095
20260703_131704_L737;20260703_131704;03.07.2026;13:05:00;737;9;9591;11;U3392Z2;Mladá Boleslav,aut.st.;50.42776;14.9203
20260703_131704_L443;20260703_131704;03.07.2026;13:07:00;443;22;8594;10;U2589Z1;Nymburk,hl.nádr.;50.15564;15.00794
20260703_131704_L821;20260703_131704;03.07.2026;13:05:00;821;52;1604;10;U1314Z1;Sázava,aut.st.;49.94498;14.95079
20260703_131704_L381;20260703_131704;03.07.2026;13:04:00;381;2;9374;12;U2149Z1;Čáslav,obchodní centrum;49.961;15.00786
20260703_131704_L136;20260703_131704;03.07.2026;13:05:00;136;4;5083;12;U697Z3P;Jižní Město;50.04777;14.48184
20260703_131704_L780;20260703_131704;03.07.2026;11:35:00;780;10;7607;102;U7320Z11;Čáslav,žel.st.;49.91219;15.39718
20260703_131704_L384;20260703_131704;03.07.2026;13:07:00;384;17;9866;10;U9617Z2;Hořovice,nám.B.Němcové;49.83611;13.90308
20260703_131704_L369;20260703_131704;03.07.2026;13:04:00;369;47;8233;10;U1308Z2;Praha,Ládví;50.19097;14.49406
20260703_131704_L741;20260703_131704;03.07.2026;13:04:00;741;12;7626;12;U7492Z1;Čáslav,aut.st.;49.89438;15.41207
20260703_131704_L741;20260703_131704;03.07.2026;12:59:00;741;21;7621;16;U9480Z2;Zbýšov,Chlum;49.80405;15.39069
20260703_131704_L467;20260703_131704;03.07.2026;13:07:00;467;15;8116;10;U9300Z1;Mladá Boleslav,aut.st.;50.40714;14.89882
20260703_131704_L400;20260703_131704;03.07.2026;13:06:00;400;6;11628;10;U32675Z1;Varnsdorf,aut.nádr.;50.8634;14.48665
20260703_131704_L201;20260703_131704;03.07.2026;13:05:00;201;25;3883;10;U21Z1P;Letňany;50.14263;14.50605
20260703_131704_L620;20260703_131704;03.07.2026;13:05:00;620;14;7324;12;U4420Z1;Kladno,autobusové nádraží;50.17771;14.15701
20260703_131704_L821;20260703_131704;03.07.2026;13:00:00;821;69;1606;14;U1984Z4;Kolín,nádraží;49.97039;14.9864
20260703_131704_L575;20260703_131704;03.07.2026;13:03:00;575;67;8380;11;U6911Z6;Rakovník,aut.st.;50.0332;13.75046
20260703_131704_L453;20260703_131704;03.07.2026;13:05:00;453;6;7509;11;U32133Z1;Vlašim,žel.st.;49.54471;14.84061
20260703_131704_L467;20260703_131704;03.07.2026;13:05:00;467;53;9824;11;U9877Z1;Roudnice n.L.,ČSAD;50.42456;14.24172
20260703_131704_L718;20260703_131704;03.07.2026;13:03:00;718;32;8588;12;U31000Z2;Mnichovo Hradiště,dopravní terminál;50.45909;15.16273
20260703_132104_L120;20260703_132104;03.07.2026;13:10:00;120;5;4135;10;U302Z3P;Pod Lochkovem;50.0622;14.40571
20260703_132104_L136;20260703_132104;03.07.2026;13:09:00;136;4;5083;12;U181Z1P;Jižní Město;50.03943;14.49055
20260703_132104_L136;20260703_132104;03.07.2026;13:08:00;136;23;6843;11;U855Z1P;Jižní Město;50.07375;14.46863
20260703_132104_L201;20260703_132104;03.07.2026;13:10:00;201;25;3883;11;U405Z2P;Letňany;50.12856;14.51131
20260703_132104_L232;20260703_132104;03.07.2026;13:09:00;232;12;3728;11;U337Z9P;Na Knížecí;50.04924;14.40862
20260703_132104_L821;20260703_132104;03.07.2026;13:07:00;821;69;1606;14;U2934Z1;Kolín,nádraží;49.98651;15.00361
20260703_132104_L361;20260703_132104;03.07.2026;13:06:00;361;55;1125;14;U2516Z2;Praha,Smíchovské nádraží;49.81694;14.39501
20260703_132104_L381;20260703_132104;03.07.2026;13:09:00;381;2;9374;11;U2151Z1;Čáslav,obchodní centrum;49.95336;15.03076
20260703_132104_L394;20260703_132104;03.07.2026;13:10:00;394;27;9924;10;U4976Z1;Zdice,nám.;49.94201;14.0268
20260703_132104_L406;20260703_132104;03.07.2026;13:08:00;406;34;7939;12;U7608Z1;Vlašim,žel.st.;49.74113;14.80885
20260703_132104_L443;20260703_132104;03.07.2026;13:11:00;443;22;8594;10;U2966Z1;Nymburk,hl.nádr.;50.17066;15.02691
20260703_132104_L453;20260703_132104;03.07.2026;13:09:00;453;6;7509;11;U32136Z1;Vlašim,žel.st.;49.56523;14.86494
20260703_132104_L467;20260703_132104;03.07.2026;13:07:00;467;15;8116;11;U9300Z1;Mladá Boleslav,aut.st.;50.41142;14.91197
20260703_132104_L620;20260703_132104;03.07.2026;13:07:00;620;14;7324;11;U4419Z2;Kladno,autobusové nádraží;50.18796;14.1632
20260703_132104_L650;20260703_132104;03.07.2026;13:10:00;650;24;12557;11;U9268Z1;Kladno,autobusové nádraží;50.24069;14.09482
20260703_132104_L718;20260703_132104;03.07.2026;13:08:00;718;32;8588;12;U6298Z1;Mnichovo Hradiště,dopravní terminál;50.44276;15.12685
20260703_132104_L737;20260703_132104;03.07.2026;13:06:00;737;9;9591;11;U6172Z2;Mladá Boleslav,aut.st.;50.41901;14.91595
20260703_132104_L741;20260703_132104;03.07.2026;13:08:00;741;12;7626;13;U5897Z2;Čáslav,aut.st.;49.90703;15.39622
20260703_132104_L767;20260703_132104;03.07.2026;13:07:00;767;21;8562;10;U3389Z1;Mladá Boleslav,aut.st.;50.41943;14.91426
20260703_132104_L780;20260703_132104;03.07.2026;11:35:00;780;10;7607;106;U7320Z11;Čáslav,žel.st.;49.91219;15.39718
20260703_132504_L120;20260703_132504;03.07.2026;13:13:00;120;5;4135;11;U468Z1P;Pod Lochkovem;50.05266;14.40637
20260703_132504_L136;20260703_132504;03.07.2026;13:13:00;136;4;5083;11;U106Z2P;Jižní Město;50.0275;14.50774
20260703_132504_L136;20260703_132504;03.07.2026;13:14:00;136;5;6797;11;U2787Z2P;Jižní Město;50.08806;14.45754
20260703_132504_L136;20260703_132504;03.07.2026;13:15:00;136;23;6843;10;U37Z1P;Jižní Město;50.06112;14.46945
20260703_132504_L209;20260703_132504;03.07.2026;13:13:00;209;43;9168;12;U526Z2P;Letňany;50.12868;14.54251
20260703_132504_L209;20260703_132504;03.07.2026;13:14:00;209;47;9117;10;U1276Z2P;Nádraží Uhříněves;50.12591;14.56806
20260703_132504_L231;20260703_132504;03.07.2026;13:15:00;231;8;3809;10;U302Z3P;Dívčí hrady;50.06285;14.40525
20260703_132504_L232;20260703_132504;03.07.2026;13:13:00;232;12;3728;11;U817Z2P;Na Knížecí;50.05953;14.40589
20260703_132504_L858;20260703_132504;03.07.2026;13:12:00;858;67;8713;12;U4409Z2;Libčice n.Vlt.,žel.zast.Letky;50.19786;14.22389
20260703_132504_L375;20260703_132504;03.07.2026;13:13:00;375;9;8247;12;U1832Z2;Praha,Českomoravská;50.20985;14.69163
20260703_132504_L376;20260703_132504;03.07.2026;13:15:00;376;2;8115;10;U2193Z1;Brandýs n.L.-St.Bol.,nádr.;50.14264;14.63312
20260703_132504_L381;20260703_132504;03.07.2026;13:14:00;381;2;9374;10;U2154Z1;Čáslav,obchodní centrum;49.95729;15.07544
20260703_132504_L406;20260703_132504;03.07.2026;13:13:00;406;34;7939;11;U9389Z1;Vlašim,žel.st.;49.71526;14.84089
20260703_132504_L408;20260703_132504;03.07.2026;13:14:00;408;59;7893;11;U4521Z1;Tábor,aut.nádr.;49.7761;14.68063
20260703_132504_L467;20260703_132504;03.07.2026;13:12:00;467;15;8116;13;U3389Z1;Mladá Boleslav,aut.st.;50.41346;14.90852
20260703_132504_L478;20260703_132504;03.07.2026;13:14:00;478;1;9603;10;U7719Z1;Mirovice,nám.;49.6283;14.0449
20260703_132504_L620;20260703_132504;03.07.2026;13:14:00;620;14;7324;10;U4415Z2;Kladno,autobusové nádraží;50.17992;14.13858
20260703_132504_L650;20260703_132504;03.07.2026;13:14:00;650;24;12557;11;U4786Z2;Kladno,autobusové nádraží;50.23016;14.08356
20260703_132504_L712;20260703_132504;03.07.2026;13:11:00;712;3;9901;10;U3391Z2;Mladá Boleslav,aut.st.;50.41887;14.91641
20260703_132504_L718;20260703_132504;03.07.2026;13:10:00;718;32;8588;14;U6285Z54;Mnichovo Hradiště,dopravní terminál;50.4379;15.12549
20260703_132504_L741;20260703_132504;03.07.2026;13:11:00;741;21;7621;14;U7278Z1;Zbýšov,Chlum;49.792;15.3496
20260703_132504_L770;20260703_132504;03.07.2026;13:12:00;770;42;7918;13;U7666Z51;Benešov,Terminál;49.824;14.79911
20260703_132504_L780;20260703_132504;03.07.2026;11:35:00;780;10;7607;110;U7320Z11;Čáslav,žel.st.;49.91219;15.39718
20260703_132905_L718;20260703_132905;03.07.2026;13:14:00;718;32;8588;14;U9459Z2;Mnichovo Hradiště,dopravní terminál;50.44009;15.10371
20260703_132905_L620;20260703_132905;03.07.2026;13:17:00;620;14;7324;10;U4413Z2;Kladno,autobusové nádraží;50.16838;14.1074
20260703_132905_L136;20260703_132905;03.07.2026;13:17:00;136;4;5083;10;U353Z1P;Jižní Město;50.0291;14.52577
20260703_132905_L136;20260703_132905;03.07.2026;13:17:00;136;5;6797;12;U516Z3P;Jižní Město;50.08248;14.45903
20260703_132905_L821;20260703_132905;03.07.2026;13:15:00;821;69;1606;12;U2300Z1;Kolín,nádraží;50.00562;14.97773
20260703_132905_L375;20260703_132905;03.07.2026;13:16:00;375;9;8247;13;U1830Z2;Praha,Českomoravská;50.20108;14.68478
20260703_132905_L780;20260703_132905;03.07.2026;11:35:00;780;10;7607;114;U7320Z11;Čáslav,žel.st.;49.91219;15.39718
20260703_132905_L406;20260703_132905;03.07.2026;13:17:00;406;34;7939;10;U5796Z1;Vlašim,žel.st.;49.70956;14.89116
20260703_132905_L400;20260703_132905;03.07.2026;13:17:00;400;25;11695;11;U32149Z1;Nový Bor,aut.nádr.;50.68442;14.5419
20260703_132905_L526;20260703_132905;03.07.2026;13:15:00;526;30;9585;12;U9109Z1;Zdice,nám.;49.90746;13.96983
20260703_132905_L381;20260703_132905;03.07.2026;13:17:00;381;2;9374;10;U2178Z1;Čáslav,obchodní centrum;49.95631;15.11566
20260703_132905_L209;20260703_132905;03.07.2026;13:17:00;209;47;9117;11;U4132Z2P;Nádraží Uhříněves;50.12343;14.57998
20260703_132905_L311;20260703_132905;03.07.2026;13:17:00;311;74;9597;11;U1643Z2;Praha,Zličín;50.05282;14.27585
20260703_132905_L511;20260703_132905;03.07.2026;13:16:00;511;14;9618;12;U5916Z1;Březnice,aut.st.;49.5735;14.07773
20260703_132905_L408;20260703_132905;03.07.2026;13:16:00;408;59;7893;11;U5882Z1;Tábor,aut.nádr.;49.75698;14.67341
20260703_132905_L541;20260703_132905;03.07.2026;13:18:00;541;9;7649;11;U6729Z1;Dlouhopolsko;50.16998;15.33154
20260703_132905_L484;20260703_132905;03.07.2026;13:16:00;484;31;8142;12;U2315Z1;Úvaly,žel.st.;50.07408;14.72321
20260703_132905_L120;20260703_132905;03.07.2026;13:17:00;120;5;4135;12;U904Z1P;Pod Lochkovem;50.03907;14.39692
20260703_132905_L231;20260703_132905;03.07.2026;13:18:00;231;8;3809;10;U282Z1P;Dívčí hrady;50.05549;14.39998
20260703_133305_L231;20260703_133305;03.07.2026;13:21:00;231;8;3809;11;U561Z1P;Na Knížecí;50.05932;14.40299
20260703_133305_L136;20260703_133305;03.07.2026;13:19:00;136;5;6797;13;U118Z4P;Jižní Město;50.07833;14.46062
20260703_133305_L560;20260703_133305;03.07.2026;13:22:00;560;35;8330;10;U4338Z1;Rakovník,aut.st.;50.10239;13.7314
20260703_133305_L780;20260703_133305;03.07.2026;11:35:00;780;10;7607;117;U7320Z11;Čáslav,žel.st.;49.91219;15.39718
20260703_133305_L120;20260703_133305;03.07.2026;13:21:00;120;5;4135;12;U682Z2P;Pod Lochkovem;50.03803;14.38899
20260703_133305_L770;20260703_133305;03.07.2026;13:22:00;770;4;7859;10;U2033Z3;Uhlířské Janovice,nám.;49.87512;14.91159
20260703_133305_L770;20260703_133305;03.07.2026;13:20:00;770;42;7918;11;U7667Z2;Benešov,Terminál;49.81165;14.7793
20260703_133305_L718;20260703_133305;03.07.2026;13:19:00;718;32;8588;13;U6409Z1;Mnichovo Hradiště,dopravní terminál;50.44738;15.06452
20260703_133305_L541;20260703_133305;03.07.2026;13:18:00;541;9;7649;15;U6729Z1;Dlouhopolsko;50.16998;15.33154
20260703_133305_L511;20260703_133305;03.07.2026;13:16:00;511;14;9618;14;U5916Z1;Březnice,aut.st.;49.55538;14.04514
20260703_133305_L563;20260703_133305;03.07.2026;13:23:00;563;66;8381;10;U4340Z1;Rakovník,aut.st.;50.10351;13.72596
20260703_133305_L361;20260703_133305;03.07.2026;13:18:00;361;55;1125;14;U2489Z2;Praha,Smíchovské nádraží;49.88683;14.39093
20260703_133305_L408;20260703_133305;03.07.2026;13:21:00;408;59;7893;11;U4555Z1;Tábor,aut.nádr.;49.73971;14.6646
20260703_133305_L375;20260703_133305;03.07.2026;13:21:00;375;9;8247;11;U1829Z1;Praha,Českomoravská;50.19502;14.67362
20260703_133305_L484;20260703_133305;03.07.2026;13:16:00;484;31;8142;16;U2315Z1;Úvaly,žel.st.;50.07408;14.72321
20260703_133305_L406;20260703_133305;03.07.2026;13:22:00;406;34;7939;10;U6043Z2;Vlašim,žel.st.;49.69863;14.90366
20260703_133305_L400;20260703_133305;03.07.2026;13:20:00;400;25;11695;12;U31355Z1;Nový Bor,aut.nádr.;50.69566;14.54129
20260703_133305_L307;20260703_133305;03.07.2026;13:20:00;307;11;8952;12;U1647Z1;Unhošť,nám.;50.033;14.22918
20260703_133305_L311;20260703_133305;03.07.2026;13:18:00;311;74;9597;13;U1142Z2;Praha,Zličín;50.05606;14.28565
20260703_133305_L209;20260703_133305;03.07.2026;13:18:00;209;47;9117;11;U4435Z2P;Nádraží Uhříněves;50.11774;14.60217
20260703_133305_L821;20260703_133305;03.07.2026;13:18:00;821;69;1606;13;U4148Z1;Kolín,nádraží;50.01204;14.99984
20260703_133305_L639;20260703_133305;03.07.2026;13:20:00;639;15;9540;10;U9849Z1;Dobříš,nám.;49.84429;14.01485
20260703_133305_L620;20260703_133305;03.07.2026;13:21:00;620;14;7324;11;U2881Z4;Kladno,autobusové nádraží;50.15864;14.10847
20260703_133705_L136;20260703_133705;03.07.2026;13:24:00;136;6;5536;10;U1074Z4P;Jižní Město;50.09251;14.47072
20260703_133705_L780;20260703_133705;03.07.2026;11:35:00;780;10;7607;120;U7320Z11;Čáslav,žel.st.;49.91219;15.39718
20260703_133705_L718;20260703_133705;03.07.2026;13:23:00;718;32;8588;13;U6295Z1;Mnichovo Hradiště,dopravní terminál;50.45956;15.08201
20260703_133705_L231;20260703_133705;03.07.2026;13:24:00;231;8;3809;12;U965Z1P;Na Knížecí;50.06301;14.40545
20260703_133705_L120;20260703_133705;03.07.2026;13:25:00;120;5;4135;12;U1030Z3P;Pod Lochkovem;50.03361;14.37419
20260703_133705_L136;20260703_133705;03.07.2026;13:26:00;136;5;6797;12;U29Z1P;Jižní Město;50.07324;14.47019
20260703_133705_L858;20260703_133705;03.07.2026;13:24:00;858;67;8713;10;U4410Z2;Libčice n.Vlt.,žel.zast.Letky;50.20109;14.27548
20260703_133705_L668;20260703_133705;03.07.2026;13:23:00;668;38;8117;13;U4351Z1;Mšeno,žel.st.;50.37539;14.54334
20260703_133705_L698;20260703_133705;03.07.2026;13:22:00;698;4;8624;15;U1458Z1;Poříčany,žel.st.;50.159;14.90426
20260703_133705_L821;20260703_133705;03.07.2026;13:26:00;821;52;1604;10;U2390Z1;Sázava,aut.st.;49.91322;14.96929
20260703_133705_L821;20260703_133705;03.07.2026;13:24:00;821;69;1606;13;U4983Z1;Kolín,nádraží;50.01495;15.03118
20260703_133705_L770;20260703_133705;03.07.2026;13:24:00;770;42;7918;13;U7807Z2;Benešov,Terminál;49.80951;14.75342
20260703_133705_L770;20260703_133705;03.07.2026;13:26:00;770;4;7859;11;U2032Z2;Uhlířské Janovice,nám.;49.87587;14.8958
20260703_133705_L408;20260703_133705;03.07.2026;13:24:00;408;59;7893;12;U4557Z1;Tábor,aut.nádr.;49.73505;14.66125
20260703_133705_L639;20260703_133705;03.07.2026;13:26:00;639;15;9540;10;U9813Z2;Dobříš,nám.;49.82879;14.03801
20260703_133705_L580;20260703_133705;03.07.2026;13:26:00;580;18;7745;10;U4338Z1;Rakovník,aut.st.;50.10207;13.73129
20260703_133705_L620;20260703_133705;03.07.2026;13:25:00;620;14;7324;11;U4313Z9;Kladno,autobusové nádraží;50.14544;14.09518
20260703_133705_L381;20260703_133705;03.07.2026;13:27:00;381;18;9931;10;U2006Z1;Čáslav,obchodní centrum;49.98859;14.71226
20260703_133705_L400;20260703_133705;03.07.2026;13:20:00;400;25;11695;13;U31355Z1;Nový Bor,aut.nádr.;50.71887;14.54554
20260703_133705_L402;20260703_133705;03.07.2026;13:22:00;402;3;7673;14;U7317Z1;Čáslav,aut.st.;49.72799;15.04584
20260703_133705_L385;20260703_133705;03.07.2026;13:26:00;385;8;1728;10;U1861Z1;Zvánovice;49.98697;14.62743
20260703_133705_L541;20260703_133705;03.07.2026;13:18:00;541;9;7649;19;U6729Z1;Dlouhopolsko;50.16998;15.33154
20260703_133705_L484;20260703_133705;03.07.2026;13:16:00;484;31;8142;20;U2315Z1;Úvaly,žel.st.;50.07408;14.72321
20260703_133705_L511;20260703_133705;03.07.2026;13:23:00;511;10;9567;11;U7719Z4;Příbram,aut.nádr.;49.64936;14.03361
20260703_133705_L361;20260703_133705;03.07.2026;13:23:00;361;55;1125;14;U1753Z2;Praha,Smíchovské nádraží;49.90814;14.39276
20260703_133705_L209;20260703_133705;03.07.2026;13:25:00;209;47;9117;11;U1348Z2P;Nádraží Uhříněves;50.12175;14.62098
20260703_134106_L136;20260703_134106;03.07.2026;13:28:00;136;23;6843;11;U106Z2P;Jižní Město;50.0246;14.50871
20260703_134106_L136;20260703_134106;03.07.2026;13:30:00;136;5;6797;10;U37Z1P;Jižní Město;50.06045;14.46962
20260703_134106_L136;20260703_134106;03.07.2026;13:27:00;136;6;5536;13;U512Z5P;Jižní Město;50.09033;14.46746
20260703_134106_L821;20260703_134106;03.07.2026;13:28:00;821;69;1606;12;U4981Z4;Kolín,nádraží;50.00345;15.04337
20260703_134106_L408;20260703_134106;03.07.2026;13:29:00;408;59;7893;11;U6559Z2;Tábor,aut.nádr.;49.70923;14.65508
20260703_134106_L120;20260703_134106;03.07.2026;13:29:00;120;5;4135;12;U720Z1P;Pod Lochkovem;50.02636;14.36031
20260703_134106_L453;20260703_134106;03.07.2026;13:30:00;453;6;7509;10;U6784Z1;Vlašim,žel.st.;49.669;14.88329
20260703_134106_L511;20260703_134106;03.07.2026;13:28:00;511;10;9567;11;U7887Z2;Příbram,aut.nádr.;49.66589;14.00113
20260703_134106_L858;20260703_134106;03.07.2026;13:29:00;858;67;8713;11;U1693Z1;Libčice n.Vlt.,žel.zast.Letky;50.20054;14.2994
20260703_134106_L620;20260703_134106;03.07.2026;13:27:00;620;14;7324;12;U3094Z2;Kladno,autobusové nádraží;50.14428;14.10465
20260703_134106_L541;20260703_134106;03.07.2026;13:18:00;541;9;7649;23;U6729Z1;Dlouhopolsko;50.16998;15.33154
20260703_134106_L484;20260703_134106;03.07.2026;13:16:00;484;31;8142;24;U2315Z1;Úvaly,žel.st.;50.07408;14.72321
20260703_134106_L209;20260703_134106;03.07.2026;13:26:00;209;47;9117;12;U1347Z2P;Nádraží Uhříněves;50.11804;14.6254
20260703_134106_L336;20260703_134106;03.07.2026;13:31:00;336;19;1442;10;U3206Z2;Praha,Zličín;50.05924;14.24489
20260703_134106_L668;20260703_134106;03.07.2026;13:23:00;668;38;8117;17;U4351Z1;Mšeno,žel.st.;50.37539;14.54334
20260703_134106_L718;20260703_134106;03.07.2026;13:27:00;718;32;8588;11;U6312Z2;Mnichovo Hradiště,dopravní terminál;50.48804;15.04075
20260703_134106_L400;20260703_134106;03.07.2026;13:30:00;400;58;1084;10;U31387Z1;Praha,Střížkov;50.90514;14.62874
20260703_134106_L402;20260703_134106;03.07.2026;13:22:00;402;3;7673;15;U7317Z1;Čáslav,aut.st.;49.7336;15.06604
20260703_134106_L369;20260703_134106;03.07.2026;13:31:00;369;42;8269;10;U1958Z2;Praha,Ládví;50.21022;14.49893
20260703_134106_L380;20260703_134106;03.07.2026;13:28:00;380;4;9981;11;U1141Z5;Praha,Vypich;50.05952;14.29425
20260703_134106_L381;20260703_134106;03.07.2026;13:30:00;381;18;9931;10;U2008Z1;Čáslav,obchodní centrum;49.98948;14.74052
20260703_134106_L385;20260703_134106;03.07.2026;13:31:00;385;8;1728;10;U1889Z1;Zvánovice;49.99034;14.65035
20260703_134506_L136;20260703_134506;03.07.2026;13:32:00;136;23;6843;12;U353Z1P;Jižní Město;50.02619;14.52149
20260703_134506_L120;20260703_134506;03.07.2026;13:33:00;120;5;4135;11;U470Z1P;Pod Lochkovem;50.02017;14.35569
20260703_134506_L484;20260703_134506;03.07.2026;13:16:00;484;31;8142;28;U2315Z1;Úvaly,žel.st.;50.07418;14.72303
20260703_134506_L511;20260703_134506;03.07.2026;13:33:00;511;10;9567;10;U9751Z2;Příbram,aut.nádr.;49.67716;14.0013
20260703_134506_L136;20260703_134506;03.07.2026;13:30:00;136;6;5536;15;U743Z2P;Jižní Město;50.08656;14.4555
20260703_134506_L136;20260703_134506;03.07.2026;13:35:00;136;5;6797;10;U697Z3P;Jižní Město;50.04771;14.48191
20260703_134506_L381;20260703_134506;03.07.2026;13:32:00;381;18;9931;12;U1909Z1;Čáslav,obchodní centrum;49.98901;14.75611
20260703_134506_L400;20260703_134506;03.07.2026;13:34:00;400;56;1088;11;U3316Z4;Praha,Střížkov;50.40809;14.44781
20260703_134506_L400;20260703_134506;03.07.2026;13:34:00;400;58;1084;11;U31385Z1;Praha,Střížkov;50.89196;14.62308
20260703_134506_L400;20260703_134506;03.07.2026;13:31:00;400;25;11695;13;U31360Z1;Nový Bor,aut.nádr.;50.76014;14.55655
20260703_134506_L408;20260703_134506;03.07.2026;13:32:00;408;59;7893;12;U6531Z2;Tábor,aut.nádr.;49.68213;14.64272
20260703_134506_L453;20260703_134506;03.07.2026;13:33:00;453;6;7509;10;U6787Z1;Vlašim,žel.st.;49.68828;14.87022
20260703_134506_L541;20260703_134506;03.07.2026;13:18:00;541;9;7649;26;U6729Z1;Dlouhopolsko;50.17307;15.31951
20260703_134506_L361;20260703_134506;03.07.2026;13:30:00;361;55;1125;13;U520Z2;Praha,Smíchovské nádraží;49.95469;14.39232
20260703_134506_L369;20260703_134506;03.07.2026;13:34:00;369;42;8269;10;U1308Z2;Praha,Ládví;50.19366;14.49319
20260703_134506_L821;20260703_134506;03.07.2026;13:30:00;821;69;1606;15;U9000Z1;Kolín,nádraží;50.00573;15.05914
20260703_134506_L858;20260703_134506;03.07.2026;13:31:00;858;67;8713;11;U1692Z2;Libčice n.Vlt.,žel.zast.Letky;50.19086;14.31182
20260703_134506_L770;20260703_134506;03.07.2026;13:32:00;770;42;7918;12;U7004Z2;Benešov,Terminál;49.79248;14.70667
20260703_134506_L770;20260703_134506;03.07.2026;13:32:00;770;4;7859;12;U4080Z2;Uhlířské Janovice,nám.;49.88822;14.94118
20260703_134506_L668;20260703_134506;03.07.2026;13:23:00;668;38;8117;21;U4351Z1;Mšeno,žel.st.;50.37539;14.54334
20260703_134506_L209;20260703_134506;03.07.2026;13:33:00;209;47;9117;11;U883Z1P;Nádraží Uhříněves;50.10047;14.62546
20260703_134506_L336;20260703_134506;03.07.2026;13:34:00;336;19;1442;10;U1643Z2;Praha,Zličín;50.05285;14.2759
20260703_134506_L337;20260703_134506;03.07.2026;13:32:00;337;8;9175;10;U488Z7;Praha,Budějovická;50.04259;14.45925
20260703_134907_L400;20260703_134907;03.07.2026;13:36:00;400;58;1084;11;U32489Z1;Praha,Střížkov;50.87935;14.60551
20260703_134907_L120;20260703_134907;03.07.2026;13:37:00;120;5;4135;12;U885Z1P;Pod Lochkovem;50.00515;14.35607
20260703_134907_L467;20260703_134907;03.07.2026;13:37:00;467;14;8011;11;U1795Z1;Roudnice n.L.,ČSAD;50.36096;14.46932
20260703_134907_L484;20260703_134907;03.07.2026;13:16:00;484;31;8142;32;U2315Z1;Úvaly,žel.st.;50.07418;14.72303
20260703_134907_L770;20260703_134907;03.07.2026;13:35:00;770;42;7918;13;U4073Z2;Benešov,Terminál;49.78612;14.68866
20260703_134907_L770;20260703_134907;03.07.2026;13:35:00;770;4;7859;13;U6052Z1;Uhlířské Janovice,nám.;49.87951;14.94827
20260703_134907_L668;20260703_134907;03.07.2026;13:23:00;668;38;8117;25;U4351Z1;Mšeno,žel.st.;50.37539;14.54334
20260703_134907_L136;20260703_134907;03.07.2026;13:39:00;136;5;6797;10;U181Z1P;Jižní Město;50.03947;14.49061
20260703_134907_L209;20260703_134907;03.07.2026;13:38:00;209;47;9117;11;U880Z2P;Nádraží Uhříněves;50.08929;14.61229
20260703_134907_L304;20260703_134907;03.07.2026;13:38:00;304;3;8351;10;U306Z1;Praha,Vypich;50.07523;14.34168
20260703_134907_L332;20260703_134907;03.07.2026;13:39:00;332;4;9162;10;U2107Z1;Neveklov;49.9074;14.49197
20260703_134907_L336;20260703_134907;03.07.2026;13:35:00;336;19;1442;12;U1142Z2;Praha,Zličín;50.05572;14.2883
20260703_134907_L361;20260703_134907;03.07.2026;13:35:00;361;55;1125;13;U392Z1;Praha,Smíchovské nádraží;49.97457;14.39519
20260703_134907_L405;20260703_134907;03.07.2026;13:36:00;405;65;1432;13;U32429Z1;Špindlerův Mlýn,aut.st.;50.6232;15.61256
20260703_134907_L381;20260703_134907;03.07.2026;13:36:00;381;2;9374;12;U2479Z1;Čáslav,obchodní centrum;49.95106;15.26162
20260703_134907_L381;20260703_134907;03.07.2026;13:35:00;381;18;9931;14;U2011Z1;Čáslav,obchodní centrum;49.98722;14.78877
20260703_134907_L585;20260703_134907;03.07.2026;13:35:00;585;22;7014;11;U31013Z16;Poděbrady,žel.st.;50.42304;15.36584
20260703_134907_L408;20260703_134907;03.07.2026;13:37:00;408;59;7893;12;U6511Z1;Tábor,aut.nádr.;49.66062;14.63323
20260703_134907_L453;20260703_134907;03.07.2026;13:38:00;453;6;7509;10;U6760Z1;Vlašim,žel.st.;49.7049;14.89507
20260703_134907_L400;20260703_134907;03.07.2026;13:34:00;400;56;1088;13;U3316Z4;Praha,Střížkov;50.39586;14.45986
20260703_134907_L580;20260703_134907;03.07.2026;13:37:00;580;18;7745;10;U6840Z1;Slaný,aut.nádr.;50.10514;13.74288
20260703_134907_L858;20260703_134907;03.07.2026;13:36:00;858;67;8713;11;U5036Z1;Libčice n.Vlt.,žel.zast.Letky;50.18752;14.34418
20260703_134907_L617;20260703_134907;03.07.2026;13:34:00;617;15;7328;14;U9159Z1;Kladno,autobusové nádraží;50.24818;14.14589
20260703_135307_L209;20260703_135307;03.07.2026;13:40:00;209;47;9117;11;U2276Z1P;Nádraží Uhříněves;50.0813;14.61641
20260703_135307_L858;20260703_135307;03.07.2026;13:41:00;858;67;8713;12;U1916Z1;Libčice n.Vlt.,žel.zast.Letky;50.19784;14.36485
20260703_135307_L841;20260703_135307;03.07.2026;13:42:00;841;27;7845;10;U6043Z2;Vlašim,záv.;49.69879;14.90254
20260703_135307_L770;20260703_135307;03.07.2026;13:39:00;770;4;7859;13;U9945Z1;Uhlířské Janovice,nám.;49.86653;14.95573
20260703_135307_L668;20260703_135307;03.07.2026;13:23:00;668;38;8117;29;U4351Z1;Mšeno,žel.st.;50.37539;14.54334
20260703_135307_L484;20260703_135307;03.07.2026;13:16:00;484;31;8142;36;U2315Z1;Úvaly,žel.st.;50.07418;14.72303
20260703_135307_L209;20260703_135307;03.07.2026;13:43:00;209;41;9191;10;U526Z2P;Letňany;50.1289;14.54296
20260703_135307_L381;20260703_135307;03.07.2026;13:40:00;381;2;9374;12;U2480Z7;Čáslav,obchodní centrum;49.9553;15.2737
20260703_135307_L400;20260703_135307;03.07.2026;13:42:00;400;58;1084;10;U32677Z2;Praha,Střížkov;50.87576;14.56643
20260703_135307_L402;20260703_135307;03.07.2026;13:42:00;402;3;7673;11;U7159Z1;Čáslav,aut.st.;49.7461;15.09782
20260703_135307_L389;20260703_135307;03.07.2026;13:42:00;389;8;7762;10;U80Z4;Praha,Nádraží Veleslavín;50.09296;14.31427
20260703_135307_L136;20260703_135307;03.07.2026;13:43:00;136;5;6797;10;U106Z2P;Jižní Město;50.02753;14.50779
20260703_135307_L408;20260703_135307;03.07.2026;13:40:00;408;59;7893;12;U6492Z1;Tábor,aut.nádr.;49.64308;14.63891
20260703_135307_L405;20260703_135307;03.07.2026;13:38:00;405;65;1432;14;U31026Z1;Špindlerův Mlýn,aut.st.;50.63083;15.60601
20260703_135708_L405;20260703_135708;03.07.2026;13:44:00;405;65;1432;12;U31028Z1;Špindlerův Mlýn,aut.st.;50.65024;15.60512
20260703_135708_L369;20260703_135708;03.07.2026;13:46:00;369;42;8269;10;U1393Z2;Praha,Ládví;50.14282;14.48321
20260703_135708_L353;20260703_135708;03.07.2026;13:43:00;353;18;8062;13;U897Z5;Brandýs n.L.-St.Bol.,nádr.;50.10849;14.57605
20260703_135708_L408;20260703_135708;03.07.2026;13:42:00;408;59;7893;15;U6489Z4;Tábor,aut.nádr.;49.63875;14.64298
20260703_135708_L668;20260703_135708;03.07.2026;13:23:00;668;38;8117;33;U4351Z1;Mšeno,žel.st.;50.37539;14.54334
20260703_135708_L467;20260703_135708;03.07.2026;13:46:00;467;14;8011;11;U4441Z1;Roudnice n.L.,ČSAD;50.37149;14.39975
20260703_135708_L770;20260703_135708;03.07.2026;13:42:00;770;4;7859;14;U9968Z1;Uhlířské Janovice,nám.;49.87297;14.97429
20260703_135708_L484;20260703_135708;03.07.2026;13:16:00;484;31;8142;40;U2315Z1;Úvaly,žel.st.;50.07418;14.72303
20260703_135708_L858;20260703_135708;03.07.2026;13:42:00;858;67;8713;11;U2825Z1;Libčice n.Vlt.,žel.zast.Letky;50.19004;14.37089
20260703_135708_L617;20260703_135708;03.07.2026;13:44:00;617;15;7328;13;U4786Z2;Kladno,autobusové nádraží;50.22989;14.08397
20260703_135708_L385;20260703_135708;03.07.2026;13:44:00;385;19;1620;10;U1371Z3;Praha,Opatov;50.00812;14.55226
20260703_135708_L381;20260703_135708;03.07.2026;13:44:00;381;2;9374;12;U7345Z1;Čáslav,obchodní centrum;49.95601;15.27926
20260703_135708_L381;20260703_135708;03.07.2026;13:42:00;381;18;9931;15;U2015Z1;Čáslav,obchodní centrum;49.99183;14.85354
20260703_135708_L402;20260703_135708;03.07.2026;13:45:00;402;3;7673;10;U7057Z1;Čáslav,aut.st.;49.74253;15.11404
20260703_135708_L313;20260703_135708;03.07.2026;13:45:00;313;81;9827;11;U524Z1;Černošice,žel.zast.;49.98143;14.35176
20260703_135708_L347;20260703_135708;03.07.2026;13:44:00;347;19;1442;11;U1141Z3;Hostivice,nádraží;50.05539;14.28388
20260703_135708_L209;20260703_135708;03.07.2026;13:42:00;209;47;9117;13;U432Z1P;Nádraží Uhříněves;50.07879;14.64517
20260703_140108_L136;20260703_140108;03.07.2026;13:47:00;136;6;5536;14;U183Z3P;Jižní Město;50.05669;14.47132
20260703_140108_L405;20260703_140108;03.07.2026;13:47:00;405;65;1432;13;U31030Z1;Špindlerův Mlýn,aut.st.;50.66652;15.59447
20260703_140108_L639;20260703_140108;03.07.2026;13:48:00;639;8;9586;11;U7179Z2;Hořovice,nám.B.Němcové;49.84699;13.921
20260703_140108_L381;20260703_140108;03.07.2026;13:48:00;381;2;9374;12;U6692Z1;Čáslav,obchodní centrum;49.96289;15.29638
20260703_140108_L381;20260703_140108;03.07.2026;13:45:00;381;18;9931;15;U2016Z1;Čáslav,obchodní centrum;49.99366;14.86102
20260703_140108_L395;20260703_140108;03.07.2026;13:51:00;395;23;9875;10;U9661Z2;Praha,Smíchovské nádraží;49.69086;14.03539
20260703_140108_L406;20260703_140108;03.07.2026;13:45:00;406;33;7919;15;U2139Z2;Vlašim,žel.st.;49.788;14.68383
20260703_140108_L369;20260703_140108;03.07.2026;13:48:00;369;42;8269;10;U651Z6;Praha,Ládví;50.12748;14.47504
20260703_140108_L770;20260703_140108;03.07.2026;13:47:00;770;4;7859;13;U2175Z1;Uhlířské Janovice,nám.;49.8756;15.00474
20260703_140108_L484;20260703_140108;03.07.2026;13:16:00;484;31;8142;44;U2315Z1;Úvaly,žel.st.;50.07418;14.72303
20260703_140108_L467;20260703_140108;03.07.2026;13:47:00;467;14;8011;11;U4728Z1;Roudnice n.L.,ČSAD;50.38174;14.35134
20260703_140108_L361;20260703_140108;03.07.2026;13:46:00;361;55;1125;13;U337Z4;Praha,Smíchovské nádraží;50.05838;14.40965
20260703_140108_L209;20260703_140108;03.07.2026;13:47:00;209;47;9117;14;U811Z14P;Nádraží Uhříněves;50.07524;14.65754
20260703_140108_L668;20260703_140108;03.07.2026;13:23:00;668;38;8117;35;U4351Z1;Mšeno,žel.st.;50.37539;14.54334
20260703_140108_L347;20260703_140108;03.07.2026;13:46:00;347;19;1442;14;U1142Z1;Hostivice,nádraží;50.05094;14.273
20260703_140108_L491;20260703_140108;03.07.2026;13:50:00;491;10;8575;11;U2273Z2;Český Brod,žel.st.;50.05959;14.82518
20260703_140508_L491;20260703_140508;03.07.2026;13:54:00;491;10;8575;10;U1416Z3;Český Brod,žel.st.;50.07191;14.85641
20260703_140508_L821;20260703_140508;03.07.2026;13:51:00;821;69;1606;14;U4996Z1;Kolín,nádraží;50.02115;15.19822
20260703_140508_L136;20260703_140508;03.07.2026;13:51:00;136;6;5536;14;U322Z3P;Jižní Město;50.04608;14.48395
20260703_140508_L332;20260703_140508;03.07.2026;13:53:00;332;19;9955;10;U1330Z1;Jílové u Prahy,náměstí;49.96413;14.51967
20260703_140508_L405;20260703_140508;03.07.2026;13:50:00;405;65;1432;14;U31032Z1;Špindlerův Mlýn,aut.st.;50.68767;15.57873
20260703_140508_L209;20260703_140508;03.07.2026;13:51:00;209;47;9117;13;U311Z3P;Nádraží Uhříněves;50.06505;14.64167
20260703_140508_L471;20260703_140508;03.07.2026;13:51:00;471;25;7526;13;U7719Z1;Klučenice;49.63237;14.04617
20260703_140508_L381;20260703_140508;03.07.2026;13:48:00;381;2;9374;16;U6692Z1;Čáslav,obchodní centrum;49.96408;15.29858
20260703_140508_L702;20260703_140508;03.07.2026;13:55:00;702;54;1645;10;U6667Z2;Kolín,nádraží;50.01807;15.2172
20260703_140508_L639;20260703_140508;03.07.2026;13:50:00;639;8;9586;14;U9781Z2;Hořovice,nám.B.Němcové;49.83849;13.91267
20260703_140508_L345;20260703_140508;03.07.2026;13:54:00;345;16;1864;10;U31059Z1;Liberec,aut.nádr.;50.63835;15.10495
20260703_140508_L381;20260703_140508;03.07.2026;13:50:00;381;18;9931;14;U1979Z1;Čáslav,obchodní centrum;49.97944;14.89003
20260703_140508_L395;20260703_140508;03.07.2026;13:53:00;395;23;9875;10;U9647Z2;Praha,Smíchovské nádraží;49.70447;14.08082
20260703_140508_L400;20260703_140508;03.07.2026;13:54:00;400;58;1084;10;U32675Z2;Praha,Střížkov;50.86247;14.48126
20260703_140508_L402;20260703_140508;03.07.2026;13:55:00;402;3;7673;10;U7094Z1;Čáslav,aut.st.;49.78595;15.1776
20260703_140508_L770;20260703_140508;03.07.2026;13:52:00;770;4;7859;11;U2177Z1;Uhlířské Janovice,nám.;49.87956;15.04932
20260703_140508_L773;20260703_140508;03.07.2026;13:53:00;773;1;7546;10;U7917Z1;Sázava,aut.st.;49.83784;14.91046
20260703_140508_L467;20260703_140508;03.07.2026;13:51:00;467;14;8011;11;U4712Z1;Roudnice n.L.,ČSAD;50.40193;14.30938
20260703_140508_L617;20260703_140508;03.07.2026;13:55:00;617;15;7328;10;U4802Z1;Kladno,autobusové nádraží;50.20507;14.07111
20260703_140508_L430;20260703_140508;03.07.2026;13:50:00;430;8;8566;11;U2467Z1;Lipník;50.25255;14.90778
20260703_140909_L650;20260703_140909;03.07.2026;13:59:00;650;18;1260;10;U31416Z1;Litoměřice,žel.st.hor.;50.52558;14.13759
20260703_140909_L335;20260703_140909;03.07.2026;13:57:00;335;7;9172;10;U1330Z1;Kamenice,kult.dům;49.95707;14.52999
20260703_140909_L332;20260703_140909;03.07.2026;13:53:00;332;19;9955;13;U1330Z1;Jílové u Prahy,náměstí;49.95399;14.51791
20260703_140909_L408;20260703_140909;03.07.2026;13:54:00;408;59;7893;15;U6482Z2;Tábor,aut.nádr.;49.61308;14.5669
20260703_140909_L416;20260703_140909;03.07.2026;13:59:00;416;9;7227;10;U31533Z1;Praha,Smíchovské nádraží;49.41751;13.88525
20260703_140909_L499;20260703_140909;03.07.2026;13:57:00;499;13;8690;10;U9359Z2;Mladá Boleslav,aut.st.;50.40957;14.94248
20260703_140909_L467;20260703_140909;03.07.2026;13:56:00;467;14;8011;12;U4714Z1;Roudnice n.L.,ČSAD;50.416;14.27669
20260703_140909_L755;20260703_140909;03.07.2026;13:57:00;755;91;7860;11;U4457Z1;Benešov,Terminál;49.76176;14.45951
20260703_140909_L773;20260703_140909;03.07.2026;13:56:00;773;1;7546;12;U7915Z2;Sázava,aut.st.;49.85035;14.89603
20260703_140909_L395;20260703_140909;03.07.2026;13:56:00;395;23;9875;10;U9646Z2;Praha,Smíchovské nádraží;49.72555;14.12453
20260703_140909_L311;20260703_140909;03.07.2026;13:57:00;311;41;9614;10;U1601Z1;Řevnice,nádraží;49.91751;14.24353
20260703_140909_L136;20260703_140909;03.07.2026;13:54:00;136;6;5536;15;U181Z1P;Jižní Město;50.03946;14.49057
20260703_140909_L430;20260703_140909;03.07.2026;13:50:00;430;8;8566;13;U2467Z1;Lipník;50.25256;14.90778
20260703_140909_L129;20260703_140909;03.07.2026;13:55:00;129;14;3641;11;U337Z4P;Smíchovské nádraží;50.0598;14.40913
20260703_141309_L687;20260703_141309;03.07.2026;14:03:00;687;3;7549;10;U7063Z1;Ledeč n.Sáz.,Podolí;49.81925;15.19901
20260703_141309_L499;20260703_141309;03.07.2026;14:00:00;499;13;8690;12;U3063Z1;Mladá Boleslav,aut.st.;50.41081;14.92318
20260703_141309_L136;20260703_141309;03.07.2026;13:58:00;136;6;5536;14;U106Z2P;Jižní Město;50.02798;14.50763
20260703_141309_L857;20260703_141309;03.07.2026;14:01:00;857;19;7332;11;U4190Z2;Dolany n.Vlt.,Debrno;50.24129;14.29756
20260703_141309_L773;20260703_141309;03.07.2026;14:00:00;773;1;7546;11;U5851Z2;Sázava,aut.st.;49.83991;14.87581
20260703_141309_L311;20260703_141309;03.07.2026;13:57:00;311;41;9614;14;U1601Z1;Řevnice,nádraží;49.91752;14.24353
20260703_141309_L430;20260703_141309;03.07.2026;13:50:00;430;8;8566;19;U2467Z1;Lipník;50.25256;14.90777
20260703_141309_L345;20260703_141309;03.07.2026;13:59:00;345;16;1864;12;U32718Z1;Liberec,aut.nádr.;50.6652;15.09797
20260703_141309_L332;20260703_141309;03.07.2026;13:59:00;332;19;9955;13;U2129Z1;Jílové u Prahy,náměstí;49.93974;14.51461
20260703_141309_L209;20260703_141309;03.07.2026;13:59:00;209;47;9117;13;U490Z2P;Nádraží Uhříněves;50.03364;14.60963
20260703_141309_L381;20260703_141309;03.07.2026;14:00:00;381;18;9931;13;U1984Z1;Čáslav,obchodní centrum;49.96666;14.96411
20260703_141309_L786;20260703_141309;03.07.2026;14:01:00;786;14;7610;10;U7334Z1;Kutná Hora,aut.st.;49.95779;15.28615
20260703_141309_L471;20260703_141309;03.07.2026;13:58:00;471;25;7526;12;U7804Z1;Klučenice;49.60253;14.10453
20260703_141309_L463;20260703_141309;03.07.2026;13:59:00;463;6;9577;12;U9889Z2;Městec Králové,nám.;50.32214;15.13938
20260703_141309_L467;20260703_141309;03.07.2026;13:58:00;467;14;8011;13;U4715Z1;Roudnice n.L.,ČSAD;50.4238;14.26262
20260703_141309_L821;20260703_141309;03.07.2026;14:00:00;821;70;1611;13;U1984Z4;Kolín,nádraží;49.9664;14.96446
20260703_141309_L714;20260703_141309;03.07.2026;14:02:00;714;21;9087;10;U6172Z1;Kněžmost,nám.;50.42762;14.92037
20260703_141309_L821;20260703_141309;03.07.2026;14:00:00;821;73;1640;12;U1984Z3;Horní Kruty;49.96637;14.96422
20260703_141309_L129;20260703_141309;03.07.2026;13:55:00;129;14;3641;15;U337Z4P;Smíchovské nádraží;50.05981;14.40914
20260703_141709_L687;20260703_141709;03.07.2026;14:05:00;687;3;7549;10;U7064Z2;Ledeč n.Sáz.,Podolí;49.81617;15.21515
20260703_141709_L714;20260703_141709;03.07.2026;14:02:00;714;21;9087;14;U6172Z1;Kněžmost,nám.;50.42958;14.92191
20260703_141709_L773;20260703_141709;03.07.2026;14:04:00;773;1;7546;11;U7604Z2;Sázava,aut.st.;49.85618;14.8707
20260703_141709_L324;20260703_141709;03.07.2026;14:04:00;324;21;8948;12;U416Z2;Praha,Zličín;50.09953;14.28794
20260703_141709_L430;20260703_141709;03.07.2026;13:50:00;430;8;8566;23;U2467Z1;Lipník;50.25257;14.90776
20260703_141709_L332;20260703_141709;03.07.2026;14:03:00;332;19;9955;13;U2127Z1;Jílové u Prahy,náměstí;49.92942;14.50854
20260703_141709_L482;20260703_141709;03.07.2026;14:02:00;482;8;1496;14;U3339Z1;Mělník,Rožkovo údolí;50.37978;14.47546
20260703_141709_L416;20260703_141709;03.07.2026;14:05:00;416;9;7227;10;U32325Z2;Praha,Smíchovské nádraží;49.40329;13.96188
20260703_141709_L345;20260703_141709;03.07.2026;13:59:00;345;16;1864;13;U32718Z1;Liberec,aut.nádr.;50.69367;15.10519
20260703_141709_L335;20260703_141709;03.07.2026;14:06:00;335;7;9172;10;U1581Z1;Kamenice,kult.dům;49.94718;14.5749
20260703_141709_L821;20260703_141709;03.07.2026;14:05:00;821;73;1640;10;U1314Z1;Horní Kruty;49.946;14.95153
20260703_141709_L786;20260703_141709;03.07.2026;14:06:00;786;14;7610;10;U2481Z2;Kutná Hora,aut.st.;49.95113;15.2738
20260703_141709_L209;20260703_141709;03.07.2026;14:04:00;209;47;9117;13;U542Z2P;Nádraží Uhříněves;50.03414;14.59521
20260703_141709_L381;20260703_141709;03.07.2026;14:05:00;381;2;9374;11;U7327Z1;Čáslav,obchodní centrum;49.91619;15.3926
20260703_141709_L381;20260703_141709;03.07.2026;14:04:00;381;18;9931;12;U2149Z1;Čáslav,obchodní centrum;49.96098;15.0109
20260703_141709_L499;20260703_141709;03.07.2026;14:03:00;499;13;8690;12;U3389Z1;Mladá Boleslav,aut.st.;50.41443;14.90969
20260703_141709_L467;20260703_141709;03.07.2026;14:02:00;467;14;8011;14;U4716Z2;Roudnice n.L.,ČSAD;50.42271;14.25341
20260703_141709_L129;20260703_141709;03.07.2026;13:55:00;129;14;3641;19;U337Z4P;Smíchovské nádraží;50.05981;14.40915
20260703_142110_L773;20260703_142110;03.07.2026;14:08:00;773;1;7546;13;U7918Z1;Sázava,aut.st.;49.86821;14.87221
20260703_142110_L687;20260703_142110;03.07.2026;14:08:00;687;3;7549;12;U6964Z1;Ledeč n.Sáz.,Podolí;49.80414;15.2082
20260703_142110_L467;20260703_142110;03.07.2026;14:06:00;467;14;8011;15;U9903Z1;Roudnice n.L.,ČSAD;50.42684;14.24488
20260703_142110_L560;20260703_142110;03.07.2026;14:11:00;560;19;8350;10;U6812Z1;Rakovník,aut.st.;50.14623;13.66519
20260703_142110_L408;20260703_142110;03.07.2026;14:07:00;408;84;7903;12;U2139Z2;Tábor,aut.nádr.;49.78231;14.68116
20260703_142110_L136;20260703_142110;03.07.2026;14:05:00;136;6;5536;16;U151Z1P;Jižní Město;50.03151;14.53371
20260703_142110_L345;20260703_142110;03.07.2026;14:05:00;345;15;8671;16;U31058Z2;Praha,Černý Most;50.61746;15.11018
20260703_142110_L408;20260703_142110;03.07.2026;14:05:00;408;59;7893;16;U6766Z1;Tábor,aut.nádr.;49.57772;14.53889
20260703_142110_L499;20260703_142110;03.07.2026;14:03:00;499;13;8690;14;U3389Z1;Mladá Boleslav,aut.st.;50.41956;14.91706
20260703_142110_L209;20260703_142110;03.07.2026;14:10:00;209;46;9188;10;U1120Z1P;Letňany;50.12974;14.55094
20260703_142110_L471;20260703_142110;03.07.2026;14:06:00;471;25;7526;13;U7061Z1;Klučenice;49.60061;14.13287
20260703_142110_L381;20260703_142110;03.07.2026;14:09:00;381;18;9931;11;U2151Z1;Čáslav,obchodní centrum;49.95385;15.03018
20260703_142110_L416;20260703_142110;03.07.2026;14:09:00;416;9;7227;10;U32324Z2;Praha,Smíchovské nádraží;49.4143;14.01231
20260703_142110_L332;20260703_142110;03.07.2026;14:07:00;332;19;9955;13;U2106Z1;Jílové u Prahy,náměstí;49.9104;14.49494
20260703_142110_L337;20260703_142110;03.07.2026;14:08:00;337;15;9364;11;U1330Z1;Benešov,Terminál;49.96071;14.52534
20260703_142110_L342;20260703_142110;03.07.2026;14:10:00;342;1;7702;10;U4806Z1;Slaný,žel.st.;50.19146;14.11316
20260703_142110_L324;20260703_142110;03.07.2026;14:06:00;324;21;8948;11;U218Z2;Praha,Zličín;50.074;14.28868
20260703_142110_L714;20260703_142110;03.07.2026;14:05:00;714;21;9087;15;U3393Z1;Kněžmost,nám.;50.43607;14.92897
20260703_142110_L463;20260703_142110;03.07.2026;14:07:00;463;6;9577;14;U9884Z1;Městec Králové,nám.;50.30344;15.17041
20260703_142110_L821;20260703_142110;03.07.2026;14:07:00;821;70;1611;12;U2934Z1;Kolín,nádraží;49.98615;14.99607
20260703_142110_L381;20260703_142110;03.07.2026;14:08:00;381;2;9374;12;U7320Z9;Čáslav,obchodní centrum;49.91048;15.39525
20260703_142110_L544;20260703_142110;03.07.2026;14:09:00;544;5;9572;12;U9793Z1;Komárov,Buzuluk;49.79955;13.87241
20260703_142110_L400;20260703_142110;03.07.2026;14:11:00;400;25;11695;10;U32490Z1;Praha,Střížkov;50.68193;14.53654
20260703_142110_L129;20260703_142110;03.07.2026;13:55:00;129;14;3641;23;U337Z4P;Smíchovské nádraží;50.0598;14.40914
20260703_142110_L136;20260703_142110;03.07.2026;14:08:00;136;8;5043;11;U474Z6P;Jižní Město;50.10597;14.50252
20260703_142510_L377;20260703_142510;03.07.2026;14:12:00;377;26;8190;12;U1248Z1;Kostelec n.L.,Martinská;50.22752;14.58828
20260703_142510_L560;20260703_142510;03.07.2026;14:12:00;560;19;8350;10;U6810Z1;Rakovník,aut.st.;50.13403;13.69079
20260703_142510_L773;20260703_142510;03.07.2026;14:11:00;773;1;7546;14;U5917Z1;Sázava,aut.st.;49.86982;14.89511
20260703_142510_L337;20260703_142510;03.07.2026;14:13:00;337;15;9364;11;U1532Z1;Benešov,Terminál;49.94077;14.54992
20260703_142510_L821;20260703_142510;03.07.2026;14:07:00;821;70;1611;13;U2934Z1;Kolín,nádraží;49.9986;14.97847
20260703_142510_L311;20260703_142510;03.07.2026;14:13:00;311;41;9614;10;U2280Z1;Praha,Zličín;49.9165;14.24295
20260703_142510_L120;20260703_142510;03.07.2026;14:14:00;120;6;4174;10;U1191Z1P;Nádraží Radotín;50.03654;14.38325
20260703_142510_L400;20260703_142510;03.07.2026;14:11:00;400;58;1084;14;U32674Z1;Praha,Střížkov;50.77546;14.46672
20260703_142510_L408;20260703_142510;03.07.2026;14:10:00;408;84;7903;14;U1384Z16;Tábor,aut.nádr.;49.77893;14.68392
20260703_142510_L639;20260703_142510;03.07.2026;14:14:00;639;26;9601;10;U9850Z1;Hostomice,nám.;49.8602;13.98958
20260703_142510_L463;20260703_142510;03.07.2026;14:10:00;463;6;9577;13;U4164Z1;Městec Králové,nám.;50.29673;15.20671
20260703_142510_L345;20260703_142510;03.07.2026;14:13:00;345;16;1864;12;U31065Z1;Liberec,aut.nádr.;50.74662;15.06227
20260703_142510_L332;20260703_142510;03.07.2026;14:14:00;332;3;9161;10;U1522Z1;Neveklov;49.98417;14.49505
20260703_142510_L687;20260703_142510;03.07.2026;14:08:00;687;3;7549;14;U6964Z1;Ledeč n.Sáz.,Podolí;49.7912;15.21441
20260703_142510_L821;20260703_142510;03.07.2026;14:14:00;821;73;1640;10;U2382Z1;Horní Kruty;49.94046;14.97452
20260703_142510_L544;20260703_142510;03.07.2026;14:11:00;544;5;9572;13;U9833Z1;Komárov,Buzuluk;49.80341;13.86228
20260703_142510_L209;20260703_142510;03.07.2026;14:13:00;209;46;9188;11;U526Z2P;Letňany;50.12718;14.53885
20260703_142510_L381;20260703_142510;03.07.2026;14:14:00;381;18;9931;10;U2154Z1;Čáslav,obchodní centrum;49.95663;15.07062
20260703_142510_L389;20260703_142510;03.07.2026;14:12:00;389;15;7755;11;U32406Z12;Chomutov,žel.st.;50.45689;13.40098
20260703_142510_L471;20260703_142510;03.07.2026;14:11:00;471;25;7526;12;U7027Z1;Klučenice;49.61452;14.16574
20260703_142510_L416;20260703_142510;03.07.2026;14:12:00;416;9;7227;10;U32330Z2;Praha,Smíchovské nádraží;49.42592;14.03669
20260703_142510_L546;20260703_142510;03.07.2026;14:14:00;546;8;9586;10;U3270Z2;Rokycany,aut.nádr.;49.84397;13.90299
20260703_142510_L332;20260703_142510;03.07.2026;14:10:00;332;19;9955;15;U5931Z1;Jílové u Prahy,náměstí;49.90196;14.49495
20260703_142510_L129;20260703_142510;03.07.2026;13:55:00;129;14;3641;27;U337Z4P;Smíchovské nádraží;50.0598;14.40914
20260703_142510_L136;20260703_142510;03.07.2026;14:08:00;136;8;5043;15;U474Z6P;Jižní Město;50.10598;14.50249
20260703_142910_L773;20260703_142910;03.07.2026;14:13:00;773;1;7546;15;U2033Z2;Sázava,Čeřenice;49.87477;14.91167
20260703_142910_L345;20260703_142910;03.07.2026;14:15:00;345;16;1864;13;U31067Z1;Liberec,aut.nádr.;50.75679;15.0577
20260703_142910_L394;20260703_142910;03.07.2026;14:19:00;394;17;9866;10;U1746Z2;Praha,Nové Butovice;49.96049;14.06512
20260703_142910_L463;20260703_142910;03.07.2026;14:17:00;463;6;9577;11;U6704Z1;Městec Králové,nám.;50.2798;15.25839
20260703_142910_L546;20260703_142910;03.07.2026;14:17:00;546;8;9586;11;U9616Z3;Rokycany,aut.nádr.;49.83866;13.89657
20260703_142910_L471;20260703_142910;03.07.2026;14:16:00;471;25;7526;12;U7966Z1;Klučenice;49.61504;14.19524
20260703_142910_L560;20260703_142910;03.07.2026;14:16:00;560;19;8350;12;U6789Z1;Rakovník,aut.st.;50.12429;13.70608
20260703_142910_L337;20260703_142910;03.07.2026;14:14:00;337;15;9364;14;U1533Z3;Benešov,Terminál;49.93695;14.55511
20260703_142910_L209;20260703_142910;03.07.2026;14:16:00;209;46;9188;10;U803Z2P;Letňany;50.12498;14.5166
20260703_142910_L687;20260703_142910;03.07.2026;14:15:00;687;3;7549;13;U6969Z2;Ledeč n.Sáz.,Podolí;49.7797;15.22463
20260703_142910_L120;20260703_142910;03.07.2026;14:18:00;120;6;4174;11;U1125Z1P;Nádraží Radotín;50.03195;14.37369
20260703_142910_L650;20260703_142910;03.07.2026;14:18:00;650;22;12536;10;U9004Z2;Litoměřice,žel.st.hor.;50.36528;14.12492
20260703_142910_L408;20260703_142910;03.07.2026;14:14:00;408;59;7893;14;U5957Z1;Tábor,aut.nádr.;49.55766;14.49115
20260703_142910_L408;20260703_142910;03.07.2026;14:16:00;408;84;7903;13;U5882Z1;Tábor,aut.nádr.;49.7704;14.67828
20260703_142910_L416;20260703_142910;03.07.2026;14:15:00;416;9;7227;12;U31734Z2;Praha,Smíchovské nádraží;49.43835;14.05175
20260703_142910_L332;20260703_142910;03.07.2026;14:18:00;332;3;9161;10;U1332Z1;Neveklov;49.96986;14.50897
20260703_142910_L628;20260703_142910;03.07.2026;14:18:00;628;24;8798;10;U9322Z1;Řevničov,ObÚ;50.20832;13.88555
20260703_142910_L821;20260703_142910;03.07.2026;14:15:00;821;70;1611;12;U2300Z1;Kolín,nádraží;50.00528;14.97861
20260703_142910_L695;20260703_142910;03.07.2026;14:18:00;695;39;8013;10;U4351Z1;Mšeno;50.37505;14.54384
20260703_142910_L311;20260703_142910;03.07.2026;14:17:00;311;41;9614;11;U9217Z1;Praha,Zličín;49.92592;14.26726
20260703_142910_L639;20260703_142910;03.07.2026;14:17:00;639;26;9601;12;U2916Z2;Hostomice,nám.;49.8499;14.01303
20260703_142910_L377;20260703_142910;03.07.2026;14:12:00;377;26;8190;16;U1248Z1;Kostelec n.L.,Martinská;50.22752;14.58828
20260703_142910_L381;20260703_142910;03.07.2026;14:17:00;381;18;9931;11;U2178Z1;Čáslav,obchodní centrum;49.95616;15.1052
20260703_142910_L381;20260703_142910;03.07.2026;14:18:00;381;1;9373;11;U1885Z1;Čáslav,obchodní centrum;50.00499;14.65671
20260703_142910_L388;20260703_142910;03.07.2026;14:19:00;388;11;7764;10;U85Z1;Praha,Nádraží Veleslavín;50.09264;14.32328
20260703_142910_L389;20260703_142910;03.07.2026;14:12:00;389;15;7755;15;U32406Z12;Chomutov,žel.st.;50.45689;13.40098
20260703_142910_L129;20260703_142910;03.07.2026;13:55:00;129;14;3641;32;U337Z4P;Smíchovské nádraží;50.05913;14.4095
20260703_142910_L136;20260703_142910;03.07.2026;14:08:00;136;8;5043;19;U474Z6P;Jižní Město;50.10598;14.50249
20260703_143311_L311;20260703_143311;03.07.2026;14:17:00;311;41;9614;15;U9217Z1;Praha,Zličín;49.92592;14.26725
20260703_143311_L345;20260703_143311;03.07.2026;14:19:00;345;16;1864;14;U31069Z12;Liberec,aut.nádr.;50.7649;15.05685
20260703_143311_L394;20260703_143311;03.07.2026;14:21:00;394;17;9866;12;U1745Z2;Praha,Nové Butovice;49.96538;14.07215
20260703_143311_L377;20260703_143311;03.07.2026;14:12:00;377;26;8190;20;U1248Z1;Kostelec n.L.,Martinská;50.22752;14.58828
20260703_143311_L120;20260703_143311;03.07.2026;14:21:00;120;6;4174;12;U720Z1P;Nádraží Radotín;50.02649;14.36157
20260703_143311_L307;20260703_143311;03.07.2026;14:21:00;307;14;8975;10;U1142Z2;Praha,Zličín;50.05505;14.28893
20260703_143311_L639;20260703_143311;03.07.2026;14:20:00;639;26;9601;11;U9849Z1;Hostomice,nám.;49.85009;14.02295
20260703_143311_L650;20260703_143311;03.07.2026;14:18:00;650;22;12536;11;U9004Z2;Litoměřice,žel.st.hor.;50.3875;14.12296
20260703_143311_L332;20260703_143311;03.07.2026;14:20:00;332;3;9161;12;U1330Z1;Neveklov;49.96665;14.51635
20260703_143311_L335;20260703_143311;03.07.2026;14:23:00;335;7;9172;10;U1573Z1;Kamenice,kult.dům;49.90725;14.55761
20260703_143311_L546;20260703_143311;03.07.2026;14:19:00;546;8;9586;13;U9787Z2;Rokycany,aut.nádr.;49.82901;13.87717
20260703_143311_L471;20260703_143311;03.07.2026;14:18:00;471;25;7526;14;U7970Z2;Klučenice;49.63105;14.18057
20260703_143311_L408;20260703_143311;03.07.2026;14:18:00;408;84;7903;13;U4554Z1;Tábor,aut.nádr.;49.74437;14.67361
20260703_143311_L416;20260703_143311;03.07.2026;14:21:00;416;9;7227;12;U31569Z2;Praha,Smíchovské nádraží;49.46516;14.06884
20260703_143311_L560;20260703_143311;03.07.2026;14:22:00;560;19;8350;10;U2009Z1;Rakovník,aut.st.;50.1064;13.72639
20260703_143311_L545;20260703_143311;03.07.2026;14:22:00;545;5;9572;11;U9830Z2;Olešná;49.80575;13.85777
20260703_143311_L365;20260703_143311;03.07.2026;14:18:00;365;11;8815;13;U4110Z1;Stochov,nám.;50.11345;14.03939
20260703_143311_L381;20260703_143311;03.07.2026;14:21:00;381;1;9373;12;U1878Z1;Čáslav,obchodní centrum;49.99897;14.66842
20260703_143311_L389;20260703_143311;03.07.2026;14:12:00;389;15;7755;19;U32406Z12;Chomutov,žel.st.;50.4569;13.40097
20260703_143311_L695;20260703_143311;03.07.2026;14:18:00;695;39;8013;14;U4351Z1;Mšeno;50.37505;14.54384
20260703_143311_L737;20260703_143311;03.07.2026;14:20:00;737;7;9510;12;U3392Z1;Bělá p.Bezd.,Atmos;50.43534;14.9154
20260703_143311_L463;20260703_143311;03.07.2026;14:22:00;463;6;9577;11;U6709Z1;Městec Králové,nám.;50.26691;15.28166
20260703_143311_L300;20260703_143311;03.07.2026;14:21:00;300;7;8967;10;U85Z1;Praha,Nádraží Veleslavín;50.09381;14.33636
20260703_143311_L628;20260703_143311;03.07.2026;14:18:00;628;24;8798;11;U9322Z1;Řevničov,ObÚ;50.22278;13.88552
20260703_143311_L687;20260703_143311;03.07.2026;14:20:00;687;3;7549;13;U6971Z2;Ledeč n.Sáz.,Podolí;49.77056;15.2693
20260703_143311_L773;20260703_143311;03.07.2026;14:13:00;773;1;7546;16;U2033Z2;Sázava,Čeřenice;49.8591;14.89813
20260703_143311_L821;20260703_143311;03.07.2026;14:18:00;821;70;1611;12;U4148Z1;Kolín,nádraží;50.01314;15.00434
20260703_143311_L136;20260703_143311;03.07.2026;14:08:00;136;8;5043;23;U474Z6P;Jižní Město;50.10598;14.50249
20260703_143311_L406;20260703_143311;03.07.2026;14:23:00;406;4;7936;10;U31783Z2;Vlašim,žel.st.;49.42419;15.22429
20260703_143711_L639;20260703_143711;03.07.2026;14:25:00;639;26;9601;11;U5953Z2;Hostomice,nám.;49.83525;14.02486
20260703_143711_L385;20260703_143711;03.07.2026;14:26:00;385;3;1722;10;U1925Z1;Zvánovice;49.98819;14.6401
20260703_143711_L201;20260703_143711;03.07.2026;14:26:00;201;23;4125;12;U243Z3P;Letňany;50.13166;14.55103
20260703_143711_L546;20260703_143711;03.07.2026;14:24:00;546;8;9586;13;U9829Z2;Rokycany,aut.nádr.;49.81193;13.86063
20260703_143711_L201;20260703_143711;03.07.2026;14:26:00;201;27;4092;10;U1276Z2P;Černý Most;50.125;14.5677
20260703_143711_L120;20260703_143711;03.07.2026;14:23:00;120;6;4174;14;U3209Z1P;Nádraží Radotín;50.02287;14.35866
20260703_143711_L307;20260703_143711;03.07.2026;14:26:00;307;10;8991;11;U1677Z2;Kladno,autobusové nádraží;50.04518;14.18523
20260703_143711_L687;20260703_143711;03.07.2026;14:23:00;687;3;7549;13;U31398Z2;Ledeč n.Sáz.,Podolí;49.75856;15.24738
20260703_143711_L484;20260703_143711;03.07.2026;14:24:00;484;31;8142;11;U2315Z1;Úvaly,žel.st.;50.07419;14.72304
20260703_143711_L408;20260703_143711;03.07.2026;14:24:00;408;84;7903;13;U4557Z1;Tábor,aut.nádr.;49.73209;14.66678
20260703_143711_L821;20260703_143711;03.07.2026;14:24:00;821;70;1611;13;U4983Z1;Kolín,nádraží;50.01538;15.03132
20260703_143711_L416;20260703_143711;03.07.2026;14:24:00;416;9;7227;12;U32512Z2;Praha,Smíchovské nádraží;49.48926;14.07206
20260703_143711_L650;20260703_143711;03.07.2026;14:26:00;650;22;12536;10;U31429Z1;Litoměřice,žel.st.hor.;50.40501;14.13107
20260703_143711_L545;20260703_143711;03.07.2026;14:22:00;545;5;9572;12;U9830Z2;Olešná;49.79048;13.84523
20260703_143711_L332;20260703_143711;03.07.2026;14:20:00;332;3;9161;16;U1330Z1;Neveklov;49.96508;14.51836
20260703_143711_L463;20260703_143711;03.07.2026;14:25:00;463;6;9577;12;U6952Z1;Městec Králové,nám.;50.24566;15.29196
20260703_143711_L381;20260703_143711;03.07.2026;14:24:00;381;1;9373;12;U1886Z1;Čáslav,obchodní centrum;49.99198;14.69154
20260703_143711_L695;20260703_143711;03.07.2026;14:18:00;695;39;8013;18;U4351Z1;Mšeno;50.37505;14.54384
20260703_143711_L737;20260703_143711;03.07.2026;14:20:00;737;7;9510;15;U3392Z1;Bělá p.Bezd.,Atmos;50.43702;14.89782
20260703_143711_L394;20260703_143711;03.07.2026;14:23:00;394;17;9866;13;U4273Z1;Praha,Nové Butovice;49.97333;14.0921
20260703_143711_L389;20260703_143711;03.07.2026;14:12:00;389;15;7755;23;U32406Z12;Chomutov,žel.st.;50.4569;13.40097
20260703_143711_L136;20260703_143711;03.07.2026;14:08:00;136;8;5043;27;U474Z6P;Jižní Město;50.10598;14.50249
20260703_143711_L406;20260703_143711;03.07.2026;14:25:00;406;4;7936;12;U31784Z2;Vlašim,žel.st.;49.4319;15.22743
20260703_144111_L120;20260703_144111;03.07.2026;14:26:00;120;6;4174;14;U2728Z1P;Nádraží Radotín;50.01903;14.35483
20260703_144111_L377;20260703_144111;03.07.2026;14:27:00;377;27;8192;11;U1248Z1;Kostelec n.L.,Martinská;50.2275;14.58849
20260703_144111_L201;20260703_144111;03.07.2026;14:28:00;201;23;4125;13;U323Z1P;Letňany;50.13503;14.54431
20260703_144111_L408;20260703_144111;03.07.2026;14:29:00;408;84;7903;11;U6559Z2;Tábor,aut.nádr.;49.70442;14.65499
20260703_144111_L444;20260703_144111;03.07.2026;14:29:00;444;7;9172;11;U1564Z1;Davle,obec;49.90332;14.58302
20260703_144111_L650;20260703_144111;03.07.2026;14:31:00;650;22;12536;10;U31427Z2;Litoměřice,žel.st.hor.;50.42419;14.16046
20260703_144111_L311;20260703_144111;03.07.2026;14:29:00;311;77;9763;11;U1142Z2;Praha,Zličín;50.05552;14.2844
20260703_144111_L484;20260703_144111;03.07.2026;14:24:00;484;31;8142;15;U2315Z1;Úvaly,žel.st.;50.07419;14.72304
20260703_144111_L109;20260703_144111;03.07.2026;14:31:00;109;1;4114;10;U694Z3P;VÚ Běchovice;50.09057;14.50275
20260703_144111_L687;20260703_144111;03.07.2026;14:26:00;687;3;7549;12;U31399Z2;Ledeč n.Sáz.,Podolí;49.74191;15.2362
20260703_144111_L620;20260703_144111;03.07.2026;14:29:00;620;12;8431;10;U3094Z2;Kladno,autobusové nádraží;50.14418;14.10454
20260703_144111_L156;20260703_144111;03.07.2026;14:29:00;156;1;2035;11;U3034Z2P;Nádraží Holešovice;50.10513;14.44934
20260703_144111_L209;20260703_144111;03.07.2026;14:30:00;209;41;9191;10;U408Z1P;Nádraží Uhříněves;50.11384;14.62585
20260703_144111_L332;20260703_144111;03.07.2026;14:26:00;332;2;9192;11;U2130Z2;Praha,Budějovická;49.96543;14.51799
20260703_144111_L335;20260703_144111;03.07.2026;14:30:00;335;8;9175;10;U1330Z1;Kamenice,kult.dům;49.96673;14.51624
20260703_144111_L545;20260703_144111;03.07.2026;14:28:00;545;5;9572;13;U9862Z2;Olešná;49.771;13.8418
20260703_144111_L463;20260703_144111;03.07.2026;14:28:00;463;6;9577;11;U6710Z1;Městec Králové,nám.;50.21887;15.29364
20260703_144111_L307;20260703_144111;03.07.2026;14:30:00;307;10;8991;11;U1680Z1;Kladno,autobusové nádraží;50.05911;14.16642
20260703_144111_L821;20260703_144111;03.07.2026;14:28:00;821;70;1611;11;U4981Z4;Kolín,nádraží;50.00572;15.05576
20260703_144111_L628;20260703_144111;03.07.2026;14:30:00;628;24;8798;10;U4206Z2;Řevničov,ObÚ;50.21283;13.84304
20260703_144111_L546;20260703_144111;03.07.2026;14:26:00;546;8;9586;13;U9830Z2;Rokycany,aut.nádr.;49.80119;13.84866
20260703_144111_L692;20260703_144111;03.07.2026;14:29:00;692;40;7984;10;U3313Z1;Kokořín;50.391;14.46359
20260703_144111_L695;20260703_144111;03.07.2026;14:18:00;695;39;8013;22;U4351Z1;Mšeno;50.37505;14.54384
20260703_144111_L400;20260703_144111;03.07.2026;14:29:00;400;58;1084;12;U31359Z2;Praha,Střížkov;50.75532;14.55375
20260703_144111_L400;20260703_144111;03.07.2026;14:26:00;400;5;11656;12;U6070Z1;Nový Bor,aut.nádr.;50.46553;14.47308
20260703_144111_L416;20260703_144111;03.07.2026;14:27:00;416;9;7227;13;U31702Z2;Praha,Smíchovské nádraží;49.53143;14.0781
20260703_144111_L381;20260703_144111;03.07.2026;14:27:00;381;1;9373;12;U2006Z1;Čáslav,obchodní centrum;49.98997;14.7265
20260703_144111_L365;20260703_144111;03.07.2026;14:30:00;365;11;8815;11;U9922Z2;Stochov,nám.;50.13326;14.00306
20260703_144111_L385;20260703_144111;03.07.2026;14:29:00;385;3;1722;11;U1889Z1;Zvánovice;49.991;14.65338
20260703_144111_L332;20260703_144111;03.07.2026;14:20:00;332;3;9161;20;U1330Z1;Neveklov;49.96414;14.51973
20260703_144111_L136;20260703_144111;03.07.2026;14:08:00;136;8;5043;31;U474Z6P;Jižní Město;50.10598;14.50249
20260703_144111_L406;20260703_144111;03.07.2026;14:27:00;406;4;7936;13;U31787Z2;Vlašim,žel.st.;49.43704;15.21481
20260703_144512_L408;20260703_144512;03.07.2026;14:31:00;408;59;7893;13;U32648Z1;Tábor,aut.nádr.;49.51038;14.46397
20260703_144512_L136;20260703_144512;03.07.2026;14:34:00;136;54;6885;10;U516Z3P;Jižní Město;50.08216;14.45948
20260703_144512_L385;20260703_144512;03.07.2026;14:31:00;385;3;1722;13;U1881Z1;Zvánovice;49.99171;14.65589
20260703_144512_L307;20260703_144512;03.07.2026;14:33:00;307;10;8991;10;U1682Z1;Kladno,autobusové nádraží;50.06412;14.15535
20260703_144512_L109;20260703_144512;03.07.2026;14:33:00;109;1;4114;12;U574Z1P;VÚ Běchovice;50.09219;14.51213
20260703_144512_L377;20260703_144512;03.07.2026;14:27:00;377;27;8192;15;U1248Z1;Kostelec n.L.,Martinská;50.2275;14.58849
20260703_144512_L156;20260703_144512;03.07.2026;14:35:00;156;1;2035;10;U3031Z1P;Nádraží Holešovice;50.1101;14.45213
20260703_144512_L737;20260703_144512;03.07.2026;14:30:00;737;7;9510;14;U6199Z1;Bělá p.Bezd.,Atmos;50.48961;14.83993
20260703_144512_L381;20260703_144512;03.07.2026;14:30:00;381;1;9373;14;U2008Z1;Čáslav,obchodní centrum;49.98946;14.742
20260703_144512_L491;20260703_144512;03.07.2026;14:34:00;491;9;8653;10;U1908Z2;Český Brod,žel.st.;49.99239;14.74426
20260703_144512_L400;20260703_144512;03.07.2026;14:31:00;400;58;1084;13;U31358Z2;Praha,Střížkov;50.74331;14.55107
20260703_144512_L444;20260703_144512;03.07.2026;14:33:00;444;7;9172;11;U1566Z1;Davle,obec;49.89487;14.56561
20260703_144512_L408;20260703_144512;03.07.2026;14:32:00;408;84;7903;12;U6531Z2;Tábor,aut.nádr.;49.67422;14.63892
20260703_144512_L416;20260703_144512;03.07.2026;14:30:00;416;9;7227;13;U5854Z2;Praha,Smíchovské nádraží;49.55529;14.08151
20260703_144512_L650;20260703_144512;03.07.2026;14:35:00;650;22;12536;10;U31426Z2;Litoměřice,žel.st.hor.;50.45232;14.16722
20260703_144512_L365;20260703_144512;03.07.2026;14:32:00;365;11;8815;10;U9920Z2;Stochov,nám.;50.13861;13.97493
20260703_144512_L400;20260703_144512;03.07.2026;14:30:00;400;5;11656;13;U6073Z1;Nový Bor,aut.nádr.;50.48365;14.48497
20260703_144512_L628;20260703_144512;03.07.2026;14:32:00;628;24;8798;11;U9329Z2;Řevničov,ObÚ;50.20687;13.84675
20260703_144512_L821;20260703_144512;03.07.2026;14:33:00;821;70;1611;11;U5000Z1;Kolín,nádraží;50.00436;15.08788
20260703_144512_L463;20260703_144512;03.07.2026;14:32:00;463;6;9577;12;U6712Z1;Městec Králové,nám.;50.20595;15.29348
20260703_144512_L546;20260703_144512;03.07.2026;14:30:00;546;8;9586;12;U9867Z2;Rokycany,aut.nádr.;49.78865;13.81485
20260703_144512_L324;20260703_144512;03.07.2026;14:33:00;324;26;8971;10;U4804Z2;Praha,Zličín;50.21159;14.07154
20260703_144512_L332;20260703_144512;03.07.2026;14:20:00;332;3;9161;23;U1330Z1;Neveklov;49.95971;14.52225
20260703_144512_L332;20260703_144512;03.07.2026;14:33:00;332;2;9192;12;U1332Z2;Praha,Budějovická;49.97224;14.50338
20260703_144512_L617;20260703_144512;03.07.2026;14:32:00;617;36;7391;13;U4717Z2;Roudnice n.L.,žel.st.;50.42469;14.26086
20260703_144512_L335;20260703_144512;03.07.2026;14:30:00;335;8;9175;13;U1330Z1;Kamenice,kult.dům;49.96516;14.51821
20260703_144512_L201;20260703_144512;03.07.2026;14:31:00;201;23;4125;13;U327Z1P;Letňany;50.13712;14.51684
20260703_144512_L136;20260703_144512;03.07.2026;14:08:00;136;8;5043;35;U474Z6P;Jižní Město;50.10598;14.50249
20260703_144512_L406;20260703_144512;03.07.2026;14:31:00;406;4;7936;13;U31789Z2;Vlašim,žel.st.;49.46122;15.18385
20260703_144912_L109;20260703_144912;03.07.2026;14:37:00;109;1;4114;12;U695Z1P;VÚ Běchovice;50.09064;14.54158
20260703_144912_L136;20260703_144912;03.07.2026;14:08:00;136;8;5043;39;U474Z6P;Jižní Město;50.10598;14.50249
20260703_144912_L136;20260703_144912;03.07.2026;14:38:00;136;54;6885;11;U518Z3P;Jižní Město;50.07661;14.45882
20260703_144912_L136;20260703_144912;03.07.2026;14:39:00;136;15;6772;10;U2787Z2P;Jižní Město;50.08812;14.45754
20260703_144912_L156;20260703_144912;03.07.2026;14:36:00;156;1;2035;10;U3036Z2P;Nádraží Holešovice;50.108;14.44139
20260703_144912_L201;20260703_144912;03.07.2026;14:34:00;201;23;4125;15;U21Z1P;Letňany;50.14262;14.50618
20260703_144912_L821;20260703_144912;03.07.2026;14:36:00;821;70;1611;11;U4991Z1;Kolín,nádraží;49.99523;15.10582
20260703_144912_L324;20260703_144912;03.07.2026;14:35:00;324;26;8971;11;U4803Z2;Praha,Zličín;50.19878;14.05676
20260703_144912_L332;20260703_144912;03.07.2026;14:35:00;332;2;9192;14;U4176Z1;Praha,Budějovická;49.98421;14.49505
20260703_144912_L335;20260703_144912;03.07.2026;14:30:00;335;8;9175;18;U1330Z1;Kamenice,kult.dům;49.9634;14.52026
20260703_144912_L365;20260703_144912;03.07.2026;14:38:00;365;11;8815;11;U9292Z1;Stochov,nám.;50.14824;13.96283
20260703_144912_L377;20260703_144912;03.07.2026;14:27:00;377;27;8192;19;U1248Z1;Kostelec n.L.,Martinská;50.2275;14.58849
20260703_144912_L381;20260703_144912;03.07.2026;14:36:00;381;18;9931;12;U2479Z1;Čáslav,obchodní centrum;49.95302;15.26427
20260703_144912_L391;20260703_144912;03.07.2026;14:38:00;391;35;9169;10;U2315Z1;Úvaly,žel.st.;50.07413;14.72319
20260703_144912_L398;20260703_144912;03.07.2026;14:37:00;398;23;8267;11;U4125Z1;Praha,Černý Most;50.13553;15.09673
20260703_144912_L400;20260703_144912;03.07.2026;14:36:00;400;5;11656;12;U31056Z1;Nový Bor,aut.nádr.;50.51037;14.49154
20260703_144912_L400;20260703_144912;03.07.2026;14:36:00;400;58;1084;13;U32150Z2;Praha,Střížkov;50.7082;14.54425
20260703_144912_L402;20260703_144912;03.07.2026;14:38:00;402;1;7671;10;U7317Z1;Praha,Roztyly;49.72359;15.04567
20260703_144912_L406;20260703_144912;03.07.2026;14:35:00;406;4;7936;13;U31560Z2;Vlašim,žel.st.;49.5058;15.17864
20260703_144912_L408;20260703_144912;03.07.2026;14:38:00;408;84;7903;11;U6516Z1;Tábor,aut.nádr.;49.65043;14.6323
20260703_144912_L408;20260703_144912;03.07.2026;14:34:00;408;59;7893;13;U31750Z1;Tábor,aut.nádr.;49.49728;14.48473
20260703_144912_L416;20260703_144912;03.07.2026;14:34:00;416;9;7227;12;U7616Z2;Praha,Smíchovské nádraží;49.5945;14.06826
20260703_144912_L444;20260703_144912;03.07.2026;14:38:00;444;7;9172;11;U1569Z1;Davle,obec;49.89367;14.53854
20260703_144912_L509;20260703_144912;03.07.2026;14:37:00;509;20;9616;10;U9767Z1;Láz,Horní;49.6562;13.94643
20260703_144912_L546;20260703_144912;03.07.2026;14:34:00;546;8;9586;13;U9868Z2;Rokycany,aut.nádr.;49.78618;13.79758
20260703_144912_L617;20260703_144912;03.07.2026;14:32:00;617;36;7391;17;U4717Z2;Roudnice n.L.,žel.st.;50.42469;14.26086
20260703_144912_L650;20260703_144912;03.07.2026;14:39:00;650;22;12536;10;U31424Z1;Litoměřice,žel.st.hor.;50.4542;14.14629
20260703_144912_L699;20260703_144912;03.07.2026;14:37:00;699;25;8564;10;U3385Z2;Hrušov;50.38043;14.89102
20260703_144912_L713;20260703_144912;03.07.2026;14:36:00;713;44;9916;11;U9359Z1;Sobotka,nám.;50.41028;14.97259
20260703_144912_L737;20260703_144912;03.07.2026;14:38:00;737;5;9590;10;U6194Z1;Čistá,hřiště;50.45977;14.86898
20260703_144912_L737;20260703_144912;03.07.2026;14:34:00;737;7;9510;15;U6162Z1;Bělá p.Bezd.,Atmos;50.5009;14.80942
20260703_144912_L770;20260703_144912;03.07.2026;14:38:00;770;4;7859;10;U2033Z2;Benešov,Terminál;49.87386;14.90916
20260703_145312_L113;20260703_145312;03.07.2026;14:42:00;113;6;4047;11;U488Z1P;Sídliště Písnice;50.03037;14.45489
20260703_145312_L546;20260703_145312;03.07.2026;14:39:00;546;8;9586;14;U31501Z2;Rokycany,aut.nádr.;49.77711;13.78415
20260703_145312_L324;20260703_145312;03.07.2026;14:41:00;324;20;8999;11;U4315Z2;Praha,Zličín;50.13822;14.13717
20260703_145312_L332;20260703_145312;03.07.2026;14:40:00;332;21;9940;12;U1330Z1;Jílové u Prahy,náměstí;49.96401;14.51993
20260703_145312_L509;20260703_145312;03.07.2026;14:42:00;509;20;9616;11;U9771Z1;Láz,Horní;49.66021;13.9347
20260703_145312_L377;20260703_145312;03.07.2026;14:27:00;377;27;8192;23;U1248Z1;Kostelec n.L.,Martinská;50.2275;14.58849
20260703_145312_L617;20260703_145312;03.07.2026;14:32:00;617;36;7391;21;U4717Z2;Roudnice n.L.,žel.st.;50.42469;14.26086
20260703_145312_L590;20260703_145312;03.07.2026;14:38:00;590;20;7701;10;U1915Z2;Vraný;50.20783;14.06633
20260703_145312_L491;20260703_145312;03.07.2026;14:43:00;491;9;8653;10;U1423Z2;Český Brod,žel.st.;50.02309;14.79637
20260703_145312_L315;20260703_145312;03.07.2026;14:40:00;315;5;8679;10;U3384Z1;Praha,Černý Most;50.34868;14.87045
20260703_145312_L400;20260703_145312;03.07.2026;14:38:00;400;58;1084;15;U31355Z2;Praha,Střížkov;50.69486;14.54126
20260703_145312_L332;20260703_145312;03.07.2026;14:38:00;332;2;9192;14;U4861Z2;Praha,Budějovická;49.99752;14.48575
20260703_145312_L324;20260703_145312;03.07.2026;14:41:00;324;27;8996;11;U4318Z1;Slaný,Rabasova;50.12794;14.11809
20260703_145312_L324;20260703_145312;03.07.2026;14:40:00;324;26;8971;11;U1915Z1;Praha,Zličín;50.18084;14.02298
20260703_145312_L136;20260703_145312;03.07.2026;14:43:00;136;54;6885;10;U29Z1P;Jižní Město;50.07258;14.47047
20260703_145312_L444;20260703_145312;03.07.2026;14:42:00;444;7;9172;10;U1571Z1;Davle,obec;49.89667;14.50749
20260703_145312_L448;20260703_145312;03.07.2026;14:39:00;448;61;1129;12;U2570Z2;Lety,K Libří;49.9249;14.24135
20260703_145312_L385;20260703_145312;03.07.2026;14:38:00;385;3;1722;15;U6794Z1;Zvánovice;49.99591;14.67456
20260703_145312_L398;20260703_145312;03.07.2026;14:40:00;398;23;8267;11;U2576Z4;Praha,Černý Most;50.12162;15.07137
20260703_145312_L412;20260703_145312;03.07.2026;14:40:00;412;42;9902;13;U9359Z1;Jičín,aut.st.;50.40851;14.95782
20260703_145312_L400;20260703_145312;03.07.2026;14:41:00;400;5;11656;10;U31047Z1;Nový Bor,aut.nádr.;50.52838;14.52079
20260703_145312_L389;20260703_145312;03.07.2026;14:42:00;389;17;7752;10;U80Z4;Praha,Nádraží Veleslavín;50.09288;14.31626
20260703_145312_L391;20260703_145312;03.07.2026;14:38:00;391;35;9169;14;U2315Z1;Úvaly,žel.st.;50.07413;14.72319
20260703_145312_L381;20260703_145312;03.07.2026;14:40:00;381;18;9931;12;U2480Z7;Čáslav,obchodní centrum;49.95516;15.27176
20260703_145312_L737;20260703_145312;03.07.2026;14:38:00;737;7;9510;15;U6164Z1;Bělá p.Bezd.,Atmos;50.50546;14.79481
20260703_145312_L467;20260703_145312;03.07.2026;14:41:00;467;15;8116;10;U6439Z1;Roudnice n.L.,ČSAD;50.37562;14.87479
20260703_145312_L737;20260703_145312;03.07.2026;14:42:00;737;3;9901;10;U6175Z1;Bělá p.Bezd.,Atmos;50.42396;14.89912
20260703_145312_L821;20260703_145312;03.07.2026;14:40:00;821;70;1611;11;U4992Z1;Kolín,nádraží;50.00686;15.1352
20260703_145312_L307;20260703_145312;03.07.2026;14:42:00;307;10;8991;11;U4926Z1;Kladno,autobusové nádraží;50.09087;14.13571
20260703_145312_L687;20260703_145312;03.07.2026;14:42:00;687;3;7549;10;U31494Z3;Ledeč n.Sáz.,Podolí;49.69464;15.27408
20260703_145312_L713;20260703_145312;03.07.2026;14:41:00;713;44;9916;11;U9456Z1;Sobotka,nám.;50.41893;15.00836
20260703_145312_L770;20260703_145312;03.07.2026;14:43:00;770;4;7859;10;U7916Z2;Benešov,Terminál;49.85448;14.89905
20260703_145312_L725;20260703_145312;03.07.2026;14:41:00;725;67;9767;10;U9359Z1;Markvartice,pošta;50.40974;14.97025
20260703_145312_L408;20260703_145312;03.07.2026;14:42:00;408;84;7903;11;U6489Z4;Tábor,aut.nádr.;49.6386;14.64281
20260703_145312_L109;20260703_145312;03.07.2026;14:42:00;109;1;4114;11;U801Z1P;VÚ Běchovice;50.08717;14.57148
20260703_145312_L416;20260703_145312;03.07.2026;14:40:00;416;9;7227;12;U7720Z2;Praha,Smíchovské nádraží;49.62493;14.05016
20260703_145312_L408;20260703_145312;03.07.2026;14:39:00;408;59;7893;13;U31645Z1;Tábor,aut.nádr.;49.48874;14.50952
20260703_145312_L136;20260703_145312;03.07.2026;14:42:00;136;15;6772;11;U516Z3P;Jižní Město;50.0825;14.45907
20260703_145312_L136;20260703_145312;03.07.2026;14:08:00;136;8;5043;42;U474Z6P;Jižní Město;50.10598;14.50249
20260703_145713_L109;20260703_145713;03.07.2026;14:44:00;109;1;4114;11;U97Z2P;VÚ Běchovice;50.08145;14.59416
20260703_145713_L546;20260703_145713;03.07.2026;14:42:00;546;8;9586;13;U31500Z2;Rokycany,aut.nádr.;49.75302;13.77349
20260703_145713_L113;20260703_145713;03.07.2026;14:42:00;113;6;4047;15;U488Z1P;Sídliště Písnice;50.03037;14.45489
20260703_145713_L590;20260703_145713;03.07.2026;14:43:00;590;20;7701;14;U4803Z1;Vraný;50.21045;14.07015
20260703_145713_L136;20260703_145713;03.07.2026;14:47:00;136;54;6885;10;U37Z1P;Jižní Město;50.06042;14.46961
20260703_145713_L471;20260703_145713;03.07.2026;14:45:00;471;25;7526;12;U7714Z2;Klučenice;49.58918;14.22119
20260703_145713_L332;20260703_145713;03.07.2026;14:42:00;332;2;9192;14;U799Z3;Praha,Budějovická;50.01425;14.47244
20260703_145713_L324;20260703_145713;03.07.2026;14:43:00;324;27;8996;12;U4320Z1;Slaný,Rabasova;50.13232;14.11068
20260703_145713_L389;20260703_145713;03.07.2026;14:44:00;389;17;7752;11;U85Z1;Praha,Nádraží Veleslavín;50.094;14.33742
20260703_145713_L177;20260703_145713;03.07.2026;14:47:00;177;16;5109;10;U467Z2P;Poliklinika Mazurská;50.1292;14.48236
20260703_145713_L209;20260703_145713;03.07.2026;14:47:00;209;41;9191;10;U811Z14P;Nádraží Uhříněves;50.07527;14.65759
20260703_145713_L650;20260703_145713;03.07.2026;14:45:00;650;22;12536;10;U31421Z2;Litoměřice,žel.st.hor.;50.49214;14.14814
20260703_145713_L324;20260703_145713;03.07.2026;14:45:00;324;26;8971;11;U4932Z2;Praha,Zličín;50.15857;14.03074
20260703_145713_L332;20260703_145713;03.07.2026;14:44:00;332;21;9940;13;U2130Z1;Jílové u Prahy,náměstí;49.94899;14.51962
20260703_145713_L339;20260703_145713;03.07.2026;14:43:00;339;25;9361;13;U1330Z1;Týnec n.Sáz.,žel.st.;49.96248;14.52282
20260703_145713_L737;20260703_145713;03.07.2026;14:42:00;737;3;9901;13;U6175Z1;Bělá p.Bezd.,Atmos;50.42771;14.89743
20260703_145713_L725;20260703_145713;03.07.2026;14:46:00;725;67;9767;10;U9456Z1;Markvartice,pošta;50.42084;15.0131
20260703_145713_L764;20260703_145713;03.07.2026;14:47:00;764;31;9800;10;U9359Z1;Mcely;50.4086;14.95655
20260703_145713_L348;20260703_145713;03.07.2026;14:42:00;348;11;8285;14;U1784Z1;Praha,Ládví;50.29516;14.48238
20260703_145713_L209;20260703_145713;03.07.2026;14:47:00;209;46;9188;10;U4132Z2P;Nádraží Uhříněves;50.12367;14.57816
20260703_145713_L307;20260703_145713;03.07.2026;14:46:00;307;10;8991;11;U4790Z2;Kladno,autobusové nádraží;50.11086;14.13496
20260703_145713_L408;20260703_145713;03.07.2026;14:44:00;408;59;7893;12;U31639Z1;Tábor,aut.nádr.;49.48393;14.53067
20260703_145713_L821;20260703_145713;03.07.2026;14:44:00;821;70;1611;11;U4993Z1;Kolín,nádraží;50.01384;15.16235
20260703_145713_L713;20260703_145713;03.07.2026;14:46:00;713;44;9916;11;U6283Z1;Sobotka,nám.;50.43342;15.04535
20260703_145713_L416;20260703_145713;03.07.2026;14:43:00;416;9;7227;13;U7719Z2;Praha,Smíchovské nádraží;49.64453;14.05071
20260703_145713_L560;20260703_145713;03.07.2026;14:45:00;560;19;8350;11;U2926Z1;Kryry,Strojetice,křiž.;50.10258;13.73134
20260703_145713_L650;20260703_145713;03.07.2026;14:47:00;650;19;1252;10;U9269Z2;Litoměřice,žel.st.hor.;50.23417;14.08747
20260703_145713_L723;20260703_145713;03.07.2026;14:46:00;723;20;7036;10;U9359Z1;Kopidlno,nám.;50.40827;14.9629
20260703_145713_L381;20260703_145713;03.07.2026;14:44:00;381;18;9931;12;U7345Z1;Čáslav,obchodní centrum;49.95574;15.27894
20260703_145713_L400;20260703_145713;03.07.2026;14:38:00;400;58;1084;16;U31355Z2;Praha,Střížkov;50.6827;14.53662
20260703_145713_L412;20260703_145713;03.07.2026;14:40:00;412;42;9902;15;U9359Z1;Jičín,aut.st.;50.41055;14.97514
20260703_145713_L617;20260703_145713;03.07.2026;14:32:00;617;36;7391;25;U4717Z2;Roudnice n.L.,žel.st.;50.42469;14.26086
20260703_145713_L491;20260703_145713;03.07.2026;14:44:00;491;9;8653;12;U4570Z1;Český Brod,žel.st.;50.03492;14.8088
20260703_145713_L686;20260703_145713;03.07.2026;14:43:00;686;33;8034;12;U2315Z1;Úvaly,žel.st.;50.07416;14.72308
20260703_145713_L136;20260703_145713;03.07.2026;14:44:00;136;15;6772;13;U118Z4P;Jižní Město;50.07813;14.46093
20260703_150113_L109;20260703_150113;03.07.2026;14:47:00;109;1;4114;13;U448Z1P;VÚ Běchovice;50.08068;14.6065
20260703_150113_L113;20260703_150113;03.07.2026;14:42:00;113;6;4047;19;U488Z1P;Sídliště Písnice;50.03037;14.45489
20260703_150113_L120;20260703_150113;03.07.2026;14:47:00;120;6;4174;14;U608Z2P;Na Knížecí;49.9853;14.3571
20260703_150113_L136;20260703_150113;03.07.2026;14:50:00;136;54;6885;10;U751Z2P;Jižní Město;50.05256;14.47515
20260703_150113_L136;20260703_150113;03.07.2026;14:48:00;136;15;6772;12;U855Z1P;Jižní Město;50.07445;14.46398
20260703_150113_L821;20260703_150113;03.07.2026;14:48:00;821;70;1611;11;U4995Z1;Kolín,nádraží;50.01986;15.19038
20260703_150113_L307;20260703_150113;03.07.2026;14:51:00;307;10;8991;10;U4594Z3;Kladno,autobusové nádraží;50.12145;14.12464
20260703_150113_L324;20260703_150113;03.07.2026;14:49:00;324;20;8999;12;U4304Z1;Praha,Zličín;50.15161;14.18197
20260703_150113_L324;20260703_150113;03.07.2026;14:49:00;324;26;8971;11;U1918Z2;Praha,Zličín;50.14083;14.06411
20260703_150113_L324;20260703_150113;03.07.2026;14:48:00;324;27;8996;12;U3094Z1;Slaný,Rabasova;50.14338;14.09678
20260703_150113_L332;20260703_150113;03.07.2026;14:48:00;332;21;9940;11;U2128Z1;Jílové u Prahy,náměstí;49.93348;14.51005
20260703_150113_L339;20260703_150113;03.07.2026;14:48:00;339;25;9361;13;U1532Z1;Týnec n.Sáz.,žel.st.;49.94676;14.54285
20260703_150113_L381;20260703_150113;03.07.2026;14:47:00;381;18;9931;13;U9424Z1;Čáslav,obchodní centrum;49.96174;15.29253
20260703_150113_L398;20260703_150113;03.07.2026;14:47:00;398;23;8267;12;U2590Z51;Praha,Černý Most;50.10801;15.03412
20260703_150113_L400;20260703_150113;03.07.2026;14:48:00;400;5;11656;10;U31046Z4;Nový Bor,aut.nádr.;50.56685;14.54393
20260703_150113_L408;20260703_150113;03.07.2026;14:49:00;408;84;7903;10;U6466Z1;Tábor,aut.nádr.;49.60838;14.59759
20260703_150113_L408;20260703_150113;03.07.2026;14:49:00;408;59;7893;11;U31642Z1;Tábor,aut.nádr.;49.47048;14.56097
20260703_150113_L436;20260703_150113;03.07.2026;14:50:00;436;18;8561;10;U4184Z2;Nymburk,hl.nádr.;50.27003;14.94942
20260703_150113_L444;20260703_150113;03.07.2026;14:46:00;444;7;9172;12;U2109Z2;Davle,obec;49.8963;14.48931
20260703_150113_L471;20260703_150113;03.07.2026;14:47:00;471;25;7526;12;U7716Z3;Klučenice;49.58623;14.19991
20260703_150113_L491;20260703_150113;03.07.2026;14:47:00;491;9;8653;12;U1422Z2;Český Brod,žel.st.;50.05629;14.81521
20260703_150113_L540;20260703_150113;03.07.2026;14:50:00;540;15;7647;10;U6713Z2;Poděbrady,žel.st.;50.14421;15.12743
20260703_150113_L546;20260703_150113;03.07.2026;14:48:00;546;8;9586;13;U31498Z2;Rokycany,aut.nádr.;49.73847;13.75504
20260703_150113_L560;20260703_150113;03.07.2026;14:49:00;560;19;8350;12;U2454Z2;Kryry,Strojetice,křiž.;50.109;13.73432
20260703_150113_L588;20260703_150113;03.07.2026;14:50:00;588;23;7707;11;U9242Z2;Slaný,aut.nádr.;50.2427;13.94432
20260703_150113_L590;20260703_150113;03.07.2026;14:47:00;590;20;7701;11;U4777Z6;Vraný;50.22872;14.08881
20260703_150113_L617;20260703_150113;03.07.2026;14:32:00;617;36;7391;29;U4717Z2;Roudnice n.L.,žel.st.;50.42469;14.26086
20260703_150113_L650;20260703_150113;03.07.2026;14:48:00;650;18;1260;11;U31412Z1;Kladno,autobusové nádraží;50.54112;14.12896
20260703_150113_L650;20260703_150113;03.07.2026;14:50:00;650;19;1252;11;U9272Z2;Litoměřice,žel.st.hor.;50.25742;14.09705
20260703_150113_L650;20260703_150113;03.07.2026;14:50:00;650;22;12536;11;U31419Z2;Litoměřice,žel.st.hor.;50.49759;14.14623
20260703_150113_L686;20260703_150113;03.07.2026;14:43:00;686;33;8034;15;U2315Z1;Úvaly,žel.st.;50.07416;14.72308
20260703_150113_L713;20260703_150113;03.07.2026;14:51:00;713;44;9916;10;U6294Z1;Sobotka,nám.;50.45572;15.08713
20260703_150113_L723;20260703_150113;03.07.2026;14:48:00;723;20;7036;11;U6233Z1;Kopidlno,nám.;50.41095;14.99133
20260703_150113_L737;20260703_150113;03.07.2026;14:47:00;737;3;9901;13;U6193Z1;Bělá p.Bezd.,Atmos;50.45012;14.87626
20260703_150113_L764;20260703_150113;03.07.2026;14:47:00;764;31;9800;12;U9359Z1;Mcely;50.41031;14.97267
20260703_150113_L765;20260703_150113;03.07.2026;14:50:00;765;20;1629;10;U1532Z1;Sibřina;49.94258;14.54725
20260703_150514_L109;20260703_150514;03.07.2026;14:50:00;109;1;4114;14;U2276Z2P;VÚ Běchovice;50.08462;14.61671
20260703_150514_L113;20260703_150514;03.07.2026;14:42:00;113;6;4047;23;U488Z1P;Sídliště Písnice;50.03037;14.45489
20260703_150514_L120;20260703_150514;03.07.2026;14:50:00;120;6;4174;15;U57Z2P;Na Knížecí;49.99398;14.34262
20260703_150514_L136;20260703_150514;03.07.2026;14:54:00;136;54;6885;10;U417Z1P;Jižní Město;50.04291;14.48778
20260703_150514_L136;20260703_150514;03.07.2026;14:53:00;136;15;6772;12;U680Z3P;Jižní Město;50.06885;14.46903
20260703_150514_L167;20260703_150514;03.07.2026;14:53:00;167;3;6841;12;U1040Z14P;Na Knížecí;50.0718;14.40265
20260703_150514_L229;20260703_150514;03.07.2026;14:54:00;229;1;4517;11;U336Z1P;Královice;50.03146;14.59893
20260703_150514_L821;20260703_150514;03.07.2026;14:53:00;821;70;1611;11;U4998Z1;Kolín,nádraží;50.02558;15.20018
20260703_150514_L300;20260703_150514;03.07.2026;14:50:00;300;11;8977;10;U4301Z2;Praha,Nádraží Veleslavín;50.12197;14.27354
20260703_150514_L307;20260703_150514;03.07.2026;14:54:00;307;10;8991;11;U4362Z1;Kladno,autobusové nádraží;50.13023;14.12597
20260703_150514_L311;20260703_150514;03.07.2026;14:52:00;311;41;9614;13;U4168Z1;Praha,Zličín;49.97475;14.16348
20260703_150514_L311;20260703_150514;03.07.2026;14:54:00;311;74;9597;11;U1626Z2;Řevnice,nádraží;49.92725;14.2702
20260703_150514_L324;20260703_150514;03.07.2026;14:52:00;324;20;8999;13;U4302Z51;Praha,Zličín;50.14582;14.20116
20260703_150514_L324;20260703_150514;03.07.2026;14:51:00;324;26;8971;12;U3095Z2;Praha,Zličín;50.14055;14.08068
20260703_150514_L332;20260703_150514;03.07.2026;14:54:00;332;21;9940;11;U2106Z1;Jílové u Prahy,náměstí;49.91195;14.49801
20260703_150514_L335;20260703_150514;03.07.2026;14:54:00;335;31;9173;10;U1330Z1;Kamenice,kult.dům;49.96331;14.52072
20260703_150514_L339;20260703_150514;03.07.2026;14:48:00;339;25;9361;16;U1532Z1;Týnec n.Sáz.,žel.st.;49.94306;14.5465
20260703_150514_L375;20260703_150514;03.07.2026;14:54:00;375;9;8247;11;U346Z1;Brandýs n.L.-St.Bol.,žel.st.;50.14984;14.58792
20260703_150514_L381;20260703_150514;03.07.2026;14:50:00;381;1;9373;13;U1979Z1;Čáslav,obchodní centrum;49.97706;14.89461
20260703_150514_L381;20260703_150514;03.07.2026;14:50:00;381;18;9931;14;U9367Z1;Čáslav,obchodní centrum;49.96318;15.29621
20260703_150514_L383;20260703_150514;03.07.2026;14:54:00;383;32;9174;10;U808Z5;Chocerady;50.03042;14.60851
20260703_150514_L389;20260703_150514;03.07.2026;14:54:00;389;16;7765;10;U9225Z2;Hořešovice;50.25831;14.03607
20260703_150514_L398;20260703_150514;03.07.2026;14:53:00;398;23;8267;12;U1497Z2;Praha,Černý Most;50.1298;15.02154
20260703_150514_L408;20260703_150514;03.07.2026;14:54:00;408;84;7903;10;U6482Z2;Tábor,aut.nádr.;49.61311;14.56685
20260703_150514_L408;20260703_150514;03.07.2026;14:55:00;408;59;7893;10;U32032Z1;Tábor,aut.nádr.;49.45209;14.59309
20260703_150514_L415;20260703_150514;03.07.2026;14:54:00;415;15;8347;10;U3372Z2;Kadaň,aut.nádr.;50.19687;13.70602
20260703_150514_L444;20260703_150514;03.07.2026;14:53:00;444;7;9172;11;U1360Z1;Davle,obec;49.89014;14.45228
20260703_150514_L463;20260703_150514;03.07.2026;14:54:00;463;7;9822;10;U6182Z1;Městec Králové,nám.;50.36962;14.99339
20260703_150514_L471;20260703_150514;03.07.2026;14:51:00;471;25;7526;12;U7643Z1;Klučenice;49.56423;14.2192
20260703_150514_L491;20260703_150514;03.07.2026;14:51:00;491;9;8653;13;U4134Z2;Český Brod,žel.st.;50.06239;14.83553
20260703_150514_L546;20260703_150514;03.07.2026;14:50:00;546;8;9586;15;U31497Z2;Rokycany,aut.nádr.;49.73475;13.75712
20260703_150514_L560;20260703_150514;03.07.2026;14:52:00;560;19;8350;10;U6811Z2;Kryry,Strojetice,křiž.;50.12748;13.70102
20260703_150514_L590;20260703_150514;03.07.2026;14:47:00;590;20;7701;15;U4777Z6;Vraný;50.2284;14.0879
20260703_150514_L617;20260703_150514;03.07.2026;14:32:00;617;36;7391;33;U4717Z2;Roudnice n.L.,žel.st.;50.42469;14.26086
20260703_150514_L650;20260703_150514;03.07.2026;14:52:00;650;19;1252;10;U9200Z2;Litoměřice,žel.st.hor.;50.2821;14.09264
20260703_150514_L686;20260703_150514;03.07.2026;14:43:00;686;33;8034;19;U2315Z1;Úvaly,žel.st.;50.07416;14.72308
20260703_150514_L713;20260703_150514;03.07.2026;14:54:00;713;44;9916;10;U6296Z1;Sobotka,nám.;50.46252;15.11056
20260703_150514_L723;20260703_150514;03.07.2026;14:52:00;723;20;7036;12;U6262Z1;Kopidlno,nám.;50.40439;15.02412
20260703_150514_L724;20260703_150514;03.07.2026;14:55:00;724;65;9513;10;U6261Z1;Libáň,aut.st.;50.41236;14.99675
20260703_150514_L737;20260703_150514;03.07.2026;14:52:00;737;3;9901;13;U6196Z1;Bělá p.Bezd.,Atmos;50.47434;14.85026
20260703_150514_L764;20260703_150514;03.07.2026;14:50:00;764;31;9800;13;U9455Z1;Mcely;50.39414;14.97798
20260703_150514_L765;20260703_150514;03.07.2026;14:50:00;765;20;1629;14;U1532Z1;Sibřina;49.93931;14.55192
20260703_150914_L396;20260703_150914;03.07.2026;14:54:00;396;12;7988;13;U1672Z2;Přezletice,Vinořská;50.15458;14.58225
20260703_150914_L335;20260703_150914;03.07.2026;14:57:00;335;31;9173;11;U1531Z1;Kamenice,kult.dům;49.95091;14.53925
20260703_150914_L686;20260703_150914;03.07.2026;14:43:00;686;33;8034;23;U2315Z1;Úvaly,žel.st.;50.07416;14.72308
20260703_150914_L348;20260703_150914;03.07.2026;14:54:00;348;11;8285;15;U3310Z1;Praha,Ládví;50.25868;14.51516
20260703_150914_L229;20260703_150914;03.07.2026;14:55:00;229;1;4517;13;U808Z1P;Královice;50.03014;14.60556
20260703_150914_L136;20260703_150914;03.07.2026;14:59:00;136;54;6885;10;U344Z1P;Jižní Město;50.03149;14.50545
20260703_150914_L113;20260703_150914;03.07.2026;14:42:00;113;6;4047;26;U488Z1P;Sídliště Písnice;50.03037;14.45489
20260703_150914_L304;20260703_150914;03.07.2026;14:55:00;304;3;8351;12;U9291Z5;Rakovník,aut.st.;50.13877;13.94683
20260703_150914_L324;20260703_150914;03.07.2026;14:59:00;324;27;8996;10;U1782Z1;Slaný,Rabasova;50.14098;14.06359
20260703_150914_L300;20260703_150914;03.07.2026;14:50:00;300;11;8977;13;U4301Z2;Praha,Nádraží Veleslavín;50.11461;14.28546
20260703_150914_L444;20260703_150914;03.07.2026;14:59:00;444;7;9172;10;U1357Z1;Davle,obec;49.88833;14.41374
20260703_150914_L650;20260703_150914;03.07.2026;14:57:00;650;22;12536;10;U32720Z2;Litoměřice,žel.st.hor.;50.52233;14.13762
20260703_150914_L723;20260703_150914;03.07.2026;14:55:00;723;20;7036;11;U6269Z1;Kopidlno,nám.;50.40186;15.07616
20260703_150914_L713;20260703_150914;03.07.2026;14:58:00;713;44;9916;11;U6293Z1;Sobotka,nám.;50.46006;15.13067
20260703_150914_L718;20260703_150914;03.07.2026;14:58:00;718;32;8588;11;U6298Z2;Sobotka,nám.;50.44499;15.12697
20260703_150914_L324;20260703_150914;03.07.2026;14:59:00;324;26;8971;10;U3094Z2;Praha,Zličín;50.14191;14.09799
20260703_150914_L398;20260703_150914;03.07.2026;14:57:00;398;23;8267;12;U1434Z2;Praha,Černý Most;50.13322;14.98618
20260703_150914_L136;20260703_150914;03.07.2026;14:57:00;136;15;6772;12;U183Z3P;Jižní Město;50.0567;14.47131
20260703_150914_L737;20260703_150914;03.07.2026;14:54:00;737;3;9901;13;U6198Z1;Bělá p.Bezd.,Atmos;50.48525;14.83837
20260703_150914_L324;20260703_150914;03.07.2026;14:54:00;324;20;8999;12;U4301Z2;Praha,Zličín;50.13352;14.25257
20260703_150914_L337;20260703_150914;03.07.2026;14:58:00;337;13;9366;10;U423Z1;Benešov,Terminál;49.99973;14.48413
20260703_150914_L428;20260703_150914;03.07.2026;14:59:00;428;10;7232;10;U32512Z2;Praha,Smíchovské nádraží;49.48495;14.07071
20260703_150914_L408;20260703_150914;03.07.2026;14:57:00;408;59;7893;10;U31508Z1;Tábor,aut.nádr.;49.4327;14.61098
20260703_150914_L408;20260703_150914;03.07.2026;14:57:00;408;84;7903;12;U9374Z1;Tábor,aut.nádr.;49.60497;14.58248
20260703_150914_L209;20260703_150914;03.07.2026;14:56:00;209;46;9188;11;U1347Z2P;Nádraží Uhříněves;50.12036;14.62494
20260703_150914_L226;20260703_150914;03.07.2026;14:57:00;226;1;1654;10;U808Z1P;Benice;50.02658;14.60843
20260703_150914_L307;20260703_150914;03.07.2026;14:55:00;307;10;8991;12;U4306Z3;Kladno,autobusové nádraží;50.13327;14.11545
20260703_150914_L311;20260703_150914;03.07.2026;14:57:00;311;41;9614;12;U1660Z2;Praha,Zličín;49.97471;14.19277
20260703_150914_L389;20260703_150914;03.07.2026;14:58:00;389;16;7765;11;U9227Z2;Hořešovice;50.26133;14.01805
20260703_150914_L412;20260703_150914;03.07.2026;14:57:00;412;41;9882;10;U9461Z2;Praha,Černý Most;50.46014;15.13925
20260703_150914_L383;20260703_150914;03.07.2026;14:57:00;383;32;9174;12;U838Z1;Chocerady;50.01489;14.62227
20260703_150914_L617;20260703_150914;03.07.2026;14:32:00;617;36;7391;37;U4717Z2;Roudnice n.L.,žel.st.;50.42469;14.26086
20260703_150914_L491;20260703_150914;03.07.2026;14:54:00;491;9;8653;15;U1416Z3;Český Brod,žel.st.;50.07218;14.85699
20260703_150914_L382;20260703_150914;03.07.2026;14:58:00;382;38;9139;10;U435Z3;Sázava,aut.st.;50.03668;14.59167
20260703_150914_L332;20260703_150914;03.07.2026;14:56:00;332;21;9940;12;U2107Z1;Jílové u Prahy,náměstí;49.90292;14.49601
20260703_150914_L311;20260703_150914;03.07.2026;14:57:00;311;74;9597;10;U1601Z1;Řevnice,nádraží;49.91671;14.24297
