ID Záznamu;Timestamp;Den;Čas příjezdu;Linka;Oběh;Vozidlo;Zpoždění (min);Zastávka;Směr;Zeměpisná šířka (Lat);Zeměpisná délka (Lon)
20260611_100144_L201;20260611_100144;11.06.2026;09:52:00;201;4;3895;10;U622Z2P;Nádraží Holešovice;50.11765;14.45667
20260611_100144_L136;20260611_100144;11.06.2026;09:49:00;136;33;6838;12;U417Z1P;Jižní Město;50.04293;14.48776
20260611_100144_L389;20260611_100144;11.06.2026;08:12:00;389;16;7765;106;U32406Z12;Chomutov,žel.st.;50.4568;13.40062
20260611_100144_L487;20260611_100144;11.06.2026;08:57:00;487;55;1648;62;U5896Z2;Kolín,nádraží;50.02399;15.21328
20260611_100144_L146;20260611_100144;11.06.2026;09:48:00;146;4;9122;13;U357Z1P;Želivského;50.0853;14.48232
20260611_100144_L493;20260611_100144;11.06.2026;09:51:00;493;32;8593;10;U2970Z2;Nymburk,hl.nádr.;50.188;15.03776
20260611_100144_L427;20260611_100144;11.06.2026;09:50:00;427;3;11611;10;U31493Z1;Mimoň,Žitavská;50.65562;14.72521
20260611_100144_L136;20260611_100144;11.06.2026;09:45:00;136;29;6868;16;U353Z1P;Jižní Město;50.02624;14.52149
20260611_100144_L620;20260611_100144;11.06.2026;09:51:00;620;12;8432;10;U4423Z2;Kladno,autobusové nádraží;50.22551;14.23746
20260611_100144_L630;20260611_100144;11.06.2026;09:51:00;630;34;8827;10;U4899Z2;Beroun,Jarov,náves;50.07992;14.10004
20260611_100144_L108;20260611_100144;11.06.2026;09:45:00;108;6;2081;16;U906Z2P;Dejvická;50.10695;14.39558
20260611_100144_L400;20260611_100144;11.06.2026;09:41:00;400;51;1091;20;U1795Z2;Praha,Střížkov;50.35715;14.47554
20260611_100144_L413;20260611_100144;11.06.2026;09:37:00;413;61;8211;10;U1000Z15;Litoměřice,aut.nádr.;50.25219;14.37176
20260611_100144_L691;20260611_100144;11.06.2026;09:51:00;691;31;7983;10;U1795Z1;Vidim;50.35886;14.47225
20260611_100144_L443;20260611_100144;11.06.2026;09:46:00;443;22;8594;13;U2589Z2;Čelákovice,Toušeňská;50.14129;14.98805
20260611_100144_L705;20260611_100144;11.06.2026;09:50:00;705;38;8688;10;U2816Z4;Čáslav,obchodní centrum;50.02272;15.2114
20260611_100144_L166;20260611_100144;11.06.2026;09:46:00;166;3;1943;15;U3007Z1P;Domov seniorů Ďáblice;50.1168;14.46273
20260611_100144_L227;20260611_100144;11.06.2026;09:37:00;227;1;1590;24;U151Z2P;Háje;50.03113;14.53234
20260611_100144_L400;20260611_100144;11.06.2026;09:04:00;400;25;11696;45;U1793Z1;Praha,Střížkov;50.30512;14.51376
20260611_100144_L641;20260611_100144;11.06.2026;09:46:00;641;14;9573;13;U9618Z6;Hořovice,nemocnice;49.83636;13.90652
20260611_100144_L659;20260611_100144;11.06.2026;09:47:00;659;36;9194;12;U2319Z1;Stříbrná Skalice,Náměstí;49.98012;14.88267
20260611_100144_L183;20260611_100144;11.06.2026;09:44:00;183;10;5558;16;U338Z2P;Háje;50.03267;14.54621
20260611_100144_L375;20260611_100144;11.06.2026;09:51:00;375;2;8250;10;U474Z7;Praha,Českomoravská;50.11012;14.50187
20260611_100144_L136;20260611_100144;11.06.2026;09:50:00;136;16;5081;11;U118Z4P;Jižní Město;50.07807;14.46082
20260611_100144_L125;20260611_100144;11.06.2026;09:43:00;125;2;5506;13;U181Z2P;Smíchovské nádraží;50.03427;14.44188
20260611_100144_L183;20260611_100144;11.06.2026;09:42:00;183;12;5541;20;U39Z1P;Vozovna Kobylisy;50.13252;14.46251
20260611_100144_L167;20260611_100144;11.06.2026;09:30:00;167;1;6903;31;U306Z1P;Nemocnice Na Homolce;50.07567;14.34542
20260611_100144_L136;20260611_100144;11.06.2026;09:44:00;136;15;6735;17;U855Z1P;Jižní Město;50.07449;14.46388
20260611_100144_L473;20260611_100144;11.06.2026;09:26:00;473;7;8122;34;U2286Z1;Kralupy n.Vlt.,žel.st.;50.24053;14.31542
20260611_100144_L177;20260611_100144;11.06.2026;09:48:00;177;24;6883;13;U581Z1P;Poliklinika Mazurská;50.13001;14.43097
20260611_100144_L755;20260611_100144;11.06.2026;09:50:00;755;98;7827;10;U3303Z1;Neveklov,Jablonná;49.75274;14.52855
20260611_100144_L125;20260611_100144;11.06.2026;09:45:00;125;21;5113;17;U654Z2P;Skalka;50.04983;14.54375
20260611_100144_L183;20260611_100144;11.06.2026;09:51:00;183;3;5547;11;U332Z2P;Vozovna Kobylisy;50.12535;14.49023
20260611_100144_L167;20260611_100144;11.06.2026;09:27:00;167;5;6937;33;U1094Z2P;Na Knížecí;50.07569;14.35415
20260611_100144_L136;20260611_100144;11.06.2026;09:41:00;136;13;6809;21;U286Z5P;Jižní Město;50.03056;14.52872
20260611_100144_L369;20260611_100144;11.06.2026;09:51:00;369;34;8269;10;U1796Z1;Mělník,Mlazice;50.36286;14.4682
20260611_100144_L356;20260611_100144;11.06.2026;09:13:00;356;31;8824;48;U5971Z2;Praha,Obchodní centrum Ruzyně;50.12366;14.28209
20260611_100545_L166;20260611_100545;11.06.2026;09:51:00;166;3;1943;14;U54Z4P;Domov seniorů Ďáblice;50.11723;14.46875
20260611_100545_L146;20260611_100545;11.06.2026;09:51:00;146;4;9122;13;U575Z2P;Želivského;50.07837;14.47636
20260611_100545_L136;20260611_100545;11.06.2026;09:54:00;136;33;6838;11;U344Z1P;Jižní Město;50.02876;14.50757
20260611_100545_L705;20260611_100545;11.06.2026;09:53:00;705;38;8688;10;U5896Z1;Čáslav,obchodní centrum;50.02611;15.20024
20260611_100545_L389;20260611_100545;11.06.2026;08:12:00;389;16;7765;110;U32406Z12;Chomutov,žel.st.;50.45677;13.40061
20260611_100545_L473;20260611_100545;11.06.2026;09:26:00;473;7;8122;36;U2286Z1;Kralupy n.Vlt.,žel.st.;50.24053;14.31542
20260611_100545_L650;20260611_100545;11.06.2026;09:55:00;650;25;12541;10;U31417Z3;Litoměřice,žel.st.hor.;50.51188;14.14818
20260611_100545_L443;20260611_100545;11.06.2026;09:52:00;443;22;8594;13;U1434Z2;Čelákovice,Toušeňská;50.1336;14.98559
20260611_100545_L755;20260611_100545;11.06.2026;09:55:00;755;98;7827;10;U4453Z1;Neveklov,Jablonná;49.75387;14.49541
20260611_100545_L136;20260611_100545;11.06.2026;09:54:00;136;16;5081;11;U855Z1P;Jižní Město;50.07521;14.46349
20260611_100545_L659;20260611_100545;11.06.2026;09:51:00;659;36;9194;13;U1985Z2;Stříbrná Skalice,Náměstí;49.97325;14.86142
20260611_100545_L177;20260611_100545;11.06.2026;09:52:00;177;24;6883;14;U371Z1P;Poliklinika Mazurská;50.12846;14.41699
20260611_100545_L356;20260611_100545;11.06.2026;09:13:00;356;31;8824;50;U5971Z2;Praha,Obchodní centrum Ruzyně;50.11028;14.27857
20260611_100945_L659;20260611_100945;11.06.2026;09:57:00;659;36;9194;12;U1988Z1;Stříbrná Skalice,Náměstí;49.94836;14.85114
20260611_100945_L705;20260611_100945;11.06.2026;09:58:00;705;38;8688;10;U9983Z2;Čáslav,obchodní centrum;50.01928;15.197
20260611_100945_L136;20260611_100945;11.06.2026;09:58:00;136;33;6838;12;U916Z1P;Jižní Město;50.02514;14.51472
20260611_100945_L650;20260611_100945;11.06.2026;09:59:00;650;25;12541;10;U31416Z1;Litoměřice,žel.st.hor.;50.52558;14.1376
20260611_100945_L443;20260611_100945;11.06.2026;09:55:00;443;22;8594;13;U1441Z2;Čelákovice,Toušeňská;50.14844;14.97369
20260611_100945_L389;20260611_100945;11.06.2026;08:12:00;389;16;7765;114;U32406Z12;Chomutov,žel.st.;50.45677;13.40058
20260611_100945_L589;20260611_100945;11.06.2026;09:55:00;589;8;7761;13;U4858Z1;Louny,ČSAD;50.35559;13.77893
20260611_100945_L136;20260611_100945;11.06.2026;09:54:00;136;15;6735;15;U751Z2P;Jižní Město;50.05303;14.47429
20260611_100945_L136;20260611_100945;11.06.2026;10:00:00;136;17;6778;10;U118Z4P;Jižní Město;50.07814;14.4609
20260611_100945_L356;20260611_100945;11.06.2026;09:55:00;356;31;8824;14;U218Z3;Praha,Bořislavka;50.09566;14.29336
20260611_100945_L381;20260611_100945;11.06.2026;09:55:00;381;5;9130;11;U967Z2;Praha,Háje;50.03331;14.54186
20260611_100945_L630;20260611_100945;11.06.2026;09:58:00;630;34;8827;10;U4903Z4;Beroun,Jarov,náves;50.05472;14.09517
20260611_100945_L166;20260611_100945;11.06.2026;09:55:00;166;3;1943;14;U78Z3P;Domov seniorů Ďáblice;50.12659;14.47013
20260611_100945_L473;20260611_100945;11.06.2026;09:26:00;473;7;8122;42;U2286Z1;Kralupy n.Vlt.,žel.st.;50.24053;14.31542
20260611_100945_L640;20260611_100945;11.06.2026;09:57:00;640;15;9540;10;U9812Z2;Hostomice,nám.;49.82616;14.04359
20260611_101356_L443;20260611_101356;11.06.2026;10:00:00;443;22;8594;13;U1439Z2;Čelákovice,Toušeňská;50.16722;14.93589
20260611_101356_L620;20260611_101356;11.06.2026;10:03:00;620;12;8432;10;U4421Z2;Kladno,autobusové nádraží;50.20044;14.17925
20260611_101356_L389;20260611_101356;11.06.2026;08:12:00;389;16;7765;118;U32406Z12;Chomutov,žel.st.;50.45677;13.40059
20260611_101356_L589;20260611_101356;11.06.2026;09:55:00;589;8;7761;17;U4858Z1;Louny,ČSAD;50.35557;13.77891
20260611_101356_L659;20260611_101356;11.06.2026;09:59:00;659;36;9194;12;U1989Z1;Stříbrná Skalice,Náměstí;49.92615;14.86539
20260611_101356_L126;20260611_101356;11.06.2026;10:04:00;126;2;4040;10;U3053Z2P;Nádraží Uhříněves;50.02995;14.59545
20260611_101356_L166;20260611_101356;11.06.2026;09:59:00;166;3;1943;14;U39Z2P;Domov seniorů Ďáblice;50.13246;14.46242
20260611_101356_L194;20260611_101356;11.06.2026;10:02:00;194;5;1913;11;U3249Z1P;Nemocnice pod Petřínem;50.08889;14.40487
20260611_101356_L473;20260611_101356;11.06.2026;09:26:00;473;7;8122;46;U2286Z1;Kralupy n.Vlt.,žel.st.;50.24053;14.31542
20260611_101356_L136;20260611_101356;11.06.2026;10:02:00;136;33;6838;12;U151Z1P;Jižní Město;50.03151;14.53373
20260611_101356_L630;20260611_101356;11.06.2026;10:00:00;630;34;8827;11;U4904Z2;Beroun,Jarov,náves;50.03945;14.08447
20260611_101356_L705;20260611_101356;11.06.2026;09:58:00;705;38;8688;11;U9983Z2;Čáslav,obchodní centrum;50.01074;15.19983
20260611_101356_L640;20260611_101356;11.06.2026;09:57:00;640;15;9540;14;U9812Z2;Hostomice,nám.;49.82616;14.04359
20260611_101756_L136;20260611_101756;11.06.2026;10:03:00;136;15;6735;15;U344Z1P;Jižní Město;50.03211;14.50323
20260611_101756_L194;20260611_101756;11.06.2026;10:03:00;194;5;1913;12;U361Z6P;Nemocnice pod Petřínem;50.08751;14.40122
20260611_101756_L126;20260611_101756;11.06.2026;10:04:00;126;2;4040;13;U3053Z2P;Nádraží Uhříněves;50.03084;14.59736
20260611_101756_L589;20260611_101756;11.06.2026;09:55:00;589;8;7761;21;U4858Z1;Louny,ČSAD;50.35558;13.77896
20260611_101756_L650;20260611_101756;11.06.2026;10:07:00;650;25;12541;10;U31414Z2;Litoměřice,žel.st.hor.;50.53707;14.1317
20260611_101756_L406;20260611_101756;11.06.2026;10:06:00;406;4;7936;10;U2139Z1;Praha,Roztyly;49.80755;14.68089
20260611_101756_L356;20260611_101756;11.06.2026;10:03:00;356;31;8824;15;U5971Z1;Praha,Bořislavka;50.12356;14.28271
20260611_101756_L630;20260611_101756;11.06.2026;10:06:00;630;34;8827;12;U4910Z1;Beroun,Jarov,náves;50.02742;14.07387
20260611_101756_L659;20260611_101756;11.06.2026;10:06:00;659;36;9194;11;U1993Z1;Stříbrná Skalice,Náměstí;49.9304;14.89242
20260611_101756_L641;20260611_101756;11.06.2026;10:07:00;641;16;9447;10;U9856Z1;Beroun,autobusové nádraží;49.88164;13.92623
20260611_101756_L443;20260611_101756;11.06.2026;10:04:00;443;22;8594;13;U1458Z2;Čelákovice,Toušeňská;50.15845;14.89904
20260611_101756_L473;20260611_101756;11.06.2026;09:26:00;473;7;8122;50;U2286Z1;Kralupy n.Vlt.,žel.st.;50.24053;14.31542
20260611_101756_L640;20260611_101756;11.06.2026;09:57:00;640;15;9540;20;U9812Z2;Hostomice,nám.;49.82616;14.04359
20260611_102157_L126;20260611_102157;11.06.2026;10:04:00;126;2;4040;16;U3053Z2P;Nádraží Uhříněves;50.03137;14.59841
20260611_102157_L315;20260611_102157;11.06.2026;10:08:00;315;9;8678;11;U5985Z2;Benátky n.Jiz.,aut.st.;50.28267;14.82232
20260611_102157_L356;20260611_102157;11.06.2026;10:07:00;356;31;8824;14;U1317Z1;Praha,Bořislavka;50.13116;14.27602
20260611_102157_L443;20260611_102157;11.06.2026;10:08:00;443;22;8594;13;U1452Z2;Čelákovice,Toušeňská;50.1641;14.86936
20260611_102157_L473;20260611_102157;11.06.2026;09:26:00;473;7;8122;55;U2286Z1;Kralupy n.Vlt.,žel.st.;50.24052;14.31537
20260611_102157_L589;20260611_102157;11.06.2026;09:55:00;589;8;7761;25;U4858Z1;Louny,ČSAD;50.35558;13.77896
20260611_102157_L617;20260611_102157;11.06.2026;10:10:00;617;15;7325;10;U4801Z1;Roudnice n.L.,žel.st.;50.20356;14.07141
20260611_102157_L620;20260611_102157;11.06.2026;10:10:00;620;12;8432;10;U4420Z1;Kladno,autobusové nádraží;50.18153;14.15451
20260611_102157_L630;20260611_102157;11.06.2026;10:10:00;630;34;8827;11;U4913Z2;Beroun,Jarov,náves;50.02107;14.09969
20260611_102157_L640;20260611_102157;11.06.2026;09:57:00;640;15;9540;24;U9812Z2;Hostomice,nám.;49.82552;14.04581
20260611_102157_L641;20260611_102157;11.06.2026;10:07:00;641;16;9447;14;U9856Z1;Beroun,autobusové nádraží;49.88231;13.94483
20260611_102157_L659;20260611_102157;11.06.2026;10:10:00;659;36;9194;10;U2550Z1;Stříbrná Skalice,Náměstí;49.90729;14.90346
20260611_102557_L136;20260611_102557;11.06.2026;10:10:00;136;15;6735;15;U286Z5P;Jižní Město;50.0306;14.52888
20260611_102557_L136;20260611_102557;11.06.2026;10:13:00;136;18;6975;12;U512Z5P;Jižní Město;50.09034;14.4674
20260611_102557_L167;20260611_102557;11.06.2026;10:14:00;167;5;4041;10;U1040Z2P;Nemocnice Na Homolce;50.07194;14.40262
20260611_102557_L315;20260611_102557;11.06.2026;10:08:00;315;9;8678;16;U5985Z2;Benátky n.Jiz.,aut.st.;50.28493;14.8282
20260611_102557_L332;20260611_102557;11.06.2026;10:12:00;332;2;9127;10;U2109Z1;Neveklov;49.89274;14.49362
20260611_102557_L356;20260611_102557;11.06.2026;10:11:00;356;31;8824;15;U1362Z2;Praha,Bořislavka;50.13543;14.30157
20260611_102557_L413;20260611_102557;11.06.2026;10:10:00;413;61;8211;15;U31439Z2;Litoměřice,aut.nádr.;50.36844;14.24471
20260611_102557_L433;20260611_102557;11.06.2026;10:14:00;433;26;8547;12;U2969Z1;Pečky,žel.st.;50.18599;15.04159
20260611_102557_L443;20260611_102557;11.06.2026;10:12:00;443;22;8594;12;U2429Z1;Čelákovice,Toušeňská;50.16371;14.8274
20260611_102557_L589;20260611_102557;11.06.2026;09:55:00;589;8;7761;29;U4858Z1;Louny,ČSAD;50.35556;13.77894
20260611_102557_L617;20260611_102557;11.06.2026;10:13:00;617;15;7325;11;U4803Z1;Roudnice n.L.,žel.st.;50.21746;14.07469
20260611_102557_L620;20260611_102557;11.06.2026;10:15:00;620;12;8432;10;U4417Z2;Kladno,autobusové nádraží;50.18884;14.16021
20260611_102557_L630;20260611_102557;11.06.2026;10:14:00;630;34;8827;11;U4916Z2;Beroun,Jarov,náves;49.99123;14.08816
20260611_102557_L641;20260611_102557;11.06.2026;10:09:00;641;16;9447;17;U9855Z55;Beroun,autobusové nádraží;49.86919;13.94758
20260611_102557_L659;20260611_102557;11.06.2026;10:13:00;659;36;9194;12;U2050Z1;Stříbrná Skalice,Náměstí;49.89005;14.8868
20260611_102557_L768;20260611_102557;11.06.2026;10:15:00;768;26;8559;11;U3379Z3;Byšice;50.286;14.8273
20260611_102958_L126;20260611_102958;11.06.2026;10:17:00;126;3;3824;11;U3053Z2P;Nádraží Uhříněves;50.03117;14.59798
20260611_102958_L136;20260611_102958;11.06.2026;10:16:00;136;18;6975;14;U743Z2P;Jižní Město;50.08606;14.45552
20260611_102958_L167;20260611_102958;11.06.2026;10:20:00;167;5;4041;10;U240Z5P;Nemocnice Na Homolce;50.07015;14.37206
20260611_102958_L332;20260611_102958;11.06.2026;10:18:00;332;2;9127;11;U1936Z1;Neveklov;49.87707;14.50203
20260611_102958_L356;20260611_102958;11.06.2026;10:15:00;356;31;8824;14;U1213Z2;Praha,Bořislavka;50.14379;14.32097
20260611_102958_L413;20260611_102958;11.06.2026;10:15:00;413;61;8211;14;U31437Z2;Litoměřice,aut.nádr.;50.40924;14.20769
20260611_102958_L433;20260611_102958;11.06.2026;10:19:00;433;26;8547;11;U2967Z2;Pečky,žel.st.;50.17776;15.03821
20260611_102958_L443;20260611_102958;11.06.2026;10:14:00;443;22;8594;13;U2428Z1;Čelákovice,Toušeňská;50.1594;14.8118
20260611_102958_L589;20260611_102958;11.06.2026;09:55:00;589;8;7761;33;U4858Z1;Louny,ČSAD;50.35557;13.77894
20260611_102958_L630;20260611_102958;11.06.2026;10:19:00;630;34;8827;11;U4918Z2;Beroun,Jarov,náves;49.97815;14.07523
20260611_102958_L659;20260611_102958;11.06.2026;10:18:00;659;36;9194;11;U2029Z2;Stříbrná Skalice,Náměstí;49.88792;14.85734
20260611_102958_L768;20260611_102958;11.06.2026;10:19:00;768;26;8559;10;U4348Z2;Byšice;50.29197;14.82673
20260611_103358_L110;20260611_103358;11.06.2026;10:24:00;110;3;1478;10;U970Z2P;Dolní Počernice;50.10606;14.55438
20260611_103358_L126;20260611_103358;11.06.2026;10:20:00;126;3;3824;13;U542Z2P;Nádraží Uhříněves;50.03427;14.59504
20260611_103358_L136;20260611_103358;11.06.2026;10:20:00;136;19;6798;12;U1074Z4P;Jižní Město;50.09362;14.47307
20260611_103358_L149;20260611_103358;11.06.2026;10:20:00;149;5;3937;13;U254Z5P;Stodůlky-Bavorská;50.07087;14.37997
20260611_103358_L149;20260611_103358;11.06.2026;10:23:00;149;8;4200;10;U563Z1P;Dejvická;50.08644;14.37874
20260611_103358_L324;20260611_103358;11.06.2026;10:24:00;324;20;8999;10;U4325Z2;Praha,Zličín;50.1429;14.08881
20260611_103358_L413;20260611_103358;11.06.2026;10:19:00;413;61;8211;14;U32274Z2;Litoměřice,aut.nádr.;50.42867;14.18609
20260611_103358_L443;20260611_103358;11.06.2026;10:21:00;443;22;8594;13;U4292Z2;Čelákovice,Toušeňská;50.1631;14.75764
20260611_103358_L589;20260611_103358;11.06.2026;09:55:00;589;8;7761;37;U4858Z1;Louny,ČSAD;50.35557;13.77897
20260611_103358_L617;20260611_103358;11.06.2026;10:22:00;617;15;7325;11;U4786Z1;Roudnice n.L.,žel.st.;50.2308;14.08305
20260611_103358_L630;20260611_103358;11.06.2026;10:23:00;630;34;8827;10;U1745Z1;Beroun,Jarov,náves;49.9652;14.07148
20260611_103358_L768;20260611_103358;11.06.2026;10:20:00;768;26;8559;11;U4347Z2;Byšice;50.30695;14.81877
20260611_103758_L149;20260611_103758;11.06.2026;10:20:00;149;5;3937;17;U254Z5P;Stodůlky-Bavorská;50.07021;14.38042
20260611_103758_L149;20260611_103758;11.06.2026;10:27:00;149;8;4200;10;U867Z1P;Dejvická;50.09402;14.39015
20260611_103758_L768;20260611_103758;11.06.2026;10:24:00;768;26;8559;12;U2979Z1;Byšice;50.31053;14.78778
20260611_103758_L630;20260611_103758;11.06.2026;10:25:00;630;34;8827;12;U1746Z1;Beroun,Jarov,náves;49.95878;14.06164
20260611_103758_L197;20260611_103758;11.06.2026;10:27:00;197;3;5026;10;U337Z13P;Smíchovské nádraží;50.05033;14.40981
20260611_103758_L136;20260611_103758;11.06.2026;10:24:00;136;18;6975;14;U855Z1P;Jižní Město;50.07446;14.46394
20260611_103758_L641;20260611_103758;11.06.2026;10:23:00;641;16;9447;14;U9106Z1;Beroun,autobusové nádraží;49.918;13.98006
20260611_103758_L589;20260611_103758;11.06.2026;09:55:00;589;8;7761;41;U4858Z1;Louny,ČSAD;50.35561;13.7789
20260611_103758_L167;20260611_103758;11.06.2026;10:28:00;167;5;4041;10;U1123Z1P;Nemocnice Na Homolce;50.06954;14.33585
20260611_103758_L136;20260611_103758;11.06.2026;10:20:00;136;19;6798;15;U1074Z4P;Jižní Město;50.09183;14.46895
20260611_103758_L413;20260611_103758;11.06.2026;10:23:00;413;61;8211;14;U31426Z2;Litoměřice,aut.nádr.;50.45276;14.16697
20260611_103758_L617;20260611_103758;11.06.2026;10:27:00;617;15;7325;10;U9198Z2;Roudnice n.L.,žel.st.;50.24086;14.1341
20260611_103758_L742;20260611_103758;11.06.2026;10:26:00;742;11;7615;10;U6998Z1;Čáslav,aut.st.;49.83783;15.36206
20260611_103758_L110;20260611_103758;11.06.2026;10:26:00;110;3;1478;11;U1197Z1P;Dolní Počernice;50.10116;14.55419
20260611_103758_L443;20260611_103758;11.06.2026;10:26:00;443;22;8594;12;U4179Z1;Nymburk,hl.nádr.;50.15593;14.74457
20260611_104159_L110;20260611_104159;11.06.2026;10:29:00;110;3;1478;12;U207Z3P;Dolní Počernice;50.08963;14.54696
20260611_104159_L136;20260611_104159;11.06.2026;10:29:00;136;18;6975;13;U680Z3P;Jižní Město;50.06837;14.46926
20260611_104159_L149;20260611_104159;11.06.2026;10:30:00;149;8;4200;11;U321Z4P;Dejvická;50.10001;14.3955
20260611_104159_L167;20260611_104159;11.06.2026;10:32:00;167;1;6903;10;U240Z5P;Nemocnice Na Homolce;50.07019;14.37093
20260611_104159_L167;20260611_104159;11.06.2026;10:30:00;167;5;4041;11;U306Z1P;Nemocnice Na Homolce;50.07503;14.34114
20260611_104159_L228;20260611_104159;11.06.2026;10:31:00;228;12;9016;11;U542Z2P;Poliklinika Malešice;50.03422;14.59507
20260611_104159_L356;20260611_104159;11.06.2026;10:28:00;356;31;8824;14;U199Z3;Praha,Bořislavka;50.10676;14.35325
20260611_104159_L413;20260611_104159;11.06.2026;10:27:00;413;61;8211;14;U31435Z2;Litoměřice,aut.nádr.;50.47916;14.17045
20260611_104159_L474;20260611_104159;11.06.2026;10:30:00;474;21;8068;11;U3341Z1;Dobřeň,Střezivojice;50.35039;14.49434
20260611_104159_L589;20260611_104159;11.06.2026;09:55:00;589;8;7761;45;U4858Z1;Louny,ČSAD;50.35568;13.7787
20260611_104159_L617;20260611_104159;11.06.2026;10:31:00;617;15;7325;10;U9158Z2;Roudnice n.L.,žel.st.;50.26029;14.17527
20260611_104159_L630;20260611_104159;11.06.2026;10:29:00;630;34;8827;12;U2848Z5;Beroun,Jarov,náves;49.9576;14.07243
20260611_104159_L641;20260611_104159;11.06.2026;10:29:00;641;16;9447;12;U9112Z1;Beroun,autobusové nádraží;49.9336;13.99648
20260611_104159_L731;20260611_104159;11.06.2026;10:30:00;731;5;9765;11;U6251Z1;Bělá p.Bezd.,Bezdědice;50.48247;14.7017
20260611_104159_L742;20260611_104159;11.06.2026;10:32:00;742;11;7615;10;U7000Z1;Čáslav,aut.st.;49.86035;15.36196
20260611_104159_L768;20260611_104159;11.06.2026;10:27:00;768;26;8559;12;U7271Z52;Byšice;50.2963;14.77804
20260611_104559_L731;20260611_104559;11.06.2026;10:30:00;731;5;9765;15;U6251Z1;Bělá p.Bezd.,Bezdědice;50.48247;14.7017
20260611_104559_L742;20260611_104559;11.06.2026;10:35:00;742;11;7615;10;U7010Z1;Čáslav,aut.st.;49.88546;15.36822
20260611_104559_L641;20260611_104559;11.06.2026;10:34:00;641;16;9447;12;U4976Z2;Beroun,autobusové nádraží;49.94291;14.0285
20260611_104559_L110;20260611_104559;11.06.2026;10:34:00;110;3;1478;11;U158Z1P;Dolní Počernice;50.09021;14.56372
20260611_104559_L342;20260611_104559;11.06.2026;10:36:00;342;2;7682;10;U4786Z1;Slaný,žel.st.;50.23018;14.08354
20260611_104559_L228;20260611_104559;11.06.2026;10:33:00;228;12;9016;12;U542Z12P;Poliklinika Malešice;50.03759;14.59168
20260611_104559_L630;20260611_104559;11.06.2026;10:32:00;630;34;8827;13;U4967Z4;Beroun,Jarov,náves;49.94725;14.06569
20260611_104559_L126;20260611_104559;11.06.2026;10:34:00;126;4;4023;11;U336Z2P;Nádraží Uhříněves;50.03224;14.59784
20260611_104559_L136;20260611_104559;11.06.2026;10:33:00;136;18;6975;12;U183Z3P;Jižní Město;50.05609;14.47154
20260611_104559_L589;20260611_104559;11.06.2026;09:55:00;589;8;7761;49;U4858Z1;Louny,ČSAD;50.35562;13.77888
20260611_104559_L493;20260611_104559;11.06.2026;10:36:00;493;24;8658;10;U2577Z2;Nymburk,hl.nádr.;50.13373;15.10301
20260611_104559_L620;20260611_104559;11.06.2026;10:32:00;620;12;8432;11;U3094Z2;Kladno,autobusové nádraží;50.14619;14.10689
20260611_104559_L520;20260611_104559;11.06.2026;10:35:00;520;1;9785;10;U1851Z7;Hřiměždice,Vestec;49.78098;14.16862
20260611_104559_L474;20260611_104559;11.06.2026;10:33:00;474;21;8068;11;U3343Z1;Dobřeň,Střezivojice;50.35837;14.48923
20260611_104959_L338;20260611_104959;11.06.2026;10:36:00;338;54;1140;10;U902Z4;Praha,Smíchovské nádraží;50.00231;14.39541
20260611_104959_L332;20260611_104959;11.06.2026;10:38:00;332;2;9127;11;U3305Z2;Neveklov;49.84401;14.52738
20260611_104959_L136;20260611_104959;11.06.2026;10:37:00;136;18;6975;12;U322Z3P;Jižní Město;50.0455;14.48477
20260611_104959_L742;20260611_104959;11.06.2026;10:39:00;742;11;7615;10;U7316Z1;Čáslav,aut.st.;49.91073;15.38628
20260611_104959_L520;20260611_104959;11.06.2026;10:37:00;520;1;9785;10;U9621Z1;Hřiměždice,Vestec;49.74834;14.15378
20260611_104959_L136;20260611_104959;11.06.2026;10:36:00;136;32;6951;13;U743Z2P;Jižní Město;50.08603;14.45559
20260611_104959_L589;20260611_104959;11.06.2026;09:55:00;589;8;7761;53;U4858Z1;Louny,ČSAD;50.35563;13.77887
20260611_104959_L731;20260611_104959;11.06.2026;10:30:00;731;5;9765;19;U6251Z1;Bělá p.Bezd.,Bezdědice;50.48247;14.7017
20260611_104959_L474;20260611_104959;11.06.2026;10:38:00;474;21;8068;12;U3346Z1;Dobřeň,Střezivojice;50.37151;14.49811
20260611_104959_L641;20260611_104959;11.06.2026;10:38:00;641;16;9447;12;U4965Z2;Beroun,autobusové nádraží;49.95242;14.04804
20260611_104959_L641;20260611_104959;11.06.2026;10:37:00;641;17;9449;10;U9855Z55;Hořovice,nemocnice;49.86661;13.93144
20260611_104959_L228;20260611_104959;11.06.2026;10:37:00;228;12;9016;12;U7040Z2P;Poliklinika Malešice;50.05595;14.5799
20260611_104959_L110;20260611_104959;11.06.2026;10:36:00;110;3;1478;13;U801Z1P;Dolní Počernice;50.08654;14.57368
20260611_105401_L136;20260611_105401;11.06.2026;10:40:00;136;32;6951;14;U118Z4P;Jižní Město;50.07875;14.46064
20260611_105401_L136;20260611_105401;11.06.2026;10:43:00;136;1;6882;11;U512Z5P;Jižní Město;50.09036;14.46742
20260611_105401_L136;20260611_105401;11.06.2026;10:42:00;136;18;6975;12;U424Z1P;Jižní Město;50.03301;14.50031
20260611_105401_L167;20260611_105401;11.06.2026;10:43:00;167;1;6903;10;U1100Z1P;Nemocnice Na Homolce;50.07546;14.34775
20260611_105401_L228;20260611_105401;11.06.2026;10:41:00;228;12;9016;11;U107Z1P;Poliklinika Malešice;50.06491;14.58244
20260611_105401_L332;20260611_105401;11.06.2026;10:40:00;332;2;9127;11;U4505Z2;Neveklov;49.82765;14.52639
20260611_105401_L443;20260611_105401;11.06.2026;10:38:00;443;22;8594;16;U2428Z2;Nymburk,hl.nádr.;50.16151;14.8254
20260611_105401_L474;20260611_105401;11.06.2026;10:41:00;474;21;8068;13;U3349Z1;Dobřeň,Střezivojice;50.37253;14.51249
20260611_105401_L493;20260611_105401;11.06.2026;10:44:00;493;24;8658;10;U3028Z1;Nymburk,hl.nádr.;50.1709;15.06898
20260611_105401_L520;20260611_105401;11.06.2026;10:42:00;520;1;9785;10;U7993Z1;Hřiměždice,Vestec;49.73339;14.16524
20260611_105401_L548;20260611_105401;11.06.2026;10:43:00;548;12;9511;10;U9616Z1;Hořovice,žel.st.;49.83895;13.89412
20260611_105401_L589;20260611_105401;11.06.2026;09:55:00;589;8;7761;57;U4858Z1;Louny,ČSAD;50.35563;13.77887
20260611_105401_L617;20260611_105401;11.06.2026;10:42:00;617;15;7325;12;U2936Z2;Roudnice n.L.,žel.st.;50.2823;14.24292
20260611_105401_L641;20260611_105401;11.06.2026;10:41:00;641;16;9447;11;U4971Z2;Beroun,autobusové nádraží;49.96164;14.061
20260611_105401_L641;20260611_105401;11.06.2026;10:42:00;641;17;9449;11;U9857Z2;Hořovice,nemocnice;49.85842;13.92279
20260611_105401_L742;20260611_105401;11.06.2026;10:43:00;742;11;7615;10;U9370Z71;Čáslav,aut.st.;49.91451;15.39489
20260611_105801_L641;20260611_105801;11.06.2026;10:43:00;641;17;9449;12;U9860Z2;Hořovice,nemocnice;49.84467;13.90784
20260611_105801_L332;20260611_105801;11.06.2026;10:45:00;332;2;9127;12;U2510Z4;Neveklov;49.81537;14.51706
20260611_105801_L480;20260611_105801;11.06.2026;10:47:00;480;30;7504;11;U7887Z1;Solenice;49.66053;14.01557
20260611_105801_L589;20260611_105801;11.06.2026;09:55:00;589;8;7761;61;U4858Z1;Louny,ČSAD;50.35561;13.77891
20260611_105801_L641;20260611_105801;11.06.2026;10:45:00;641;16;9447;12;U4336Z1;Beroun,autobusové nádraží;49.96183;14.06809
20260611_105801_L617;20260611_105801;11.06.2026;10:43:00;617;15;7325;14;U9149Z2;Roudnice n.L.,žel.st.;50.28404;14.25664
20260611_105801_L474;20260611_105801;11.06.2026;10:43:00;474;21;8068;14;U3349Z2;Dobřeň,Střezivojice;50.37739;14.52083
20260611_105801_L520;20260611_105801;11.06.2026;10:47:00;520;1;9785;10;U7438Z1;Hřiměždice,Vestec;49.7277;14.1826
20260611_105801_L146;20260611_105801;11.06.2026;10:46:00;146;4;9122;12;U834Z2P;Želivského;50.08703;14.48441
20260611_105801_L228;20260611_105801;11.06.2026;10:46:00;228;12;9016;11;U820Z2P;Poliklinika Malešice;50.07251;14.55476
20260611_105801_L324;20260611_105801;11.06.2026;10:47:00;324;20;8999;10;U4303Z51;Praha,Zličín;50.15342;14.18524
20260611_105801_L191;20260611_105801;11.06.2026;10:46:00;191;6;4015;10;U254Z7P;Letiště / Airport ✈;50.07042;14.38011
20260611_105801_L136;20260611_105801;11.06.2026;10:47:00;136;18;6975;10;U916Z1P;Jižní Město;50.02514;14.51482
20260611_105801_L126;20260611_105801;11.06.2026;10:47:00;126;5;4110;10;U3053Z2P;Nádraží Uhříněves;50.03056;14.59665
20260611_105801_L136;20260611_105801;11.06.2026;10:46:00;136;1;6882;11;U743Z2P;Jižní Město;50.08608;14.4555
20260611_110201_L126;20260611_110201;11.06.2026;10:51:00;126;2;4040;10;U969Z1P;Koleje Jižní Město;50.02639;14.49474
20260611_110201_L126;20260611_110201;11.06.2026;10:47:00;126;5;4110;13;U3053Z2P;Nádraží Uhříněves;50.03148;14.5985
20260611_110201_L136;20260611_110201;11.06.2026;10:47:00;136;32;6951;14;U29Z1P;Jižní Město;50.07253;14.47048
20260611_110201_L136;20260611_110201;11.06.2026;10:48:00;136;1;6882;12;U516Z3P;Jižní Město;50.0793;14.46046
20260611_110201_L136;20260611_110201;11.06.2026;10:50:00;136;18;6975;11;U286Z5P;Jižní Město;50.03072;14.52991
20260611_110201_L146;20260611_110201;11.06.2026;10:51:00;146;4;9122;11;U575Z2P;Želivského;50.08086;14.48443
20260611_110201_L167;20260611_110201;11.06.2026;10:50:00;167;4;3994;12;U1040Z2P;Nemocnice Na Homolce;50.072;14.40382
20260611_110201_L191;20260611_110201;11.06.2026;10:51:00;191;6;4015;11;U176Z1P;Letiště / Airport ✈;50.0781;14.37958
20260611_110201_L228;20260611_110201;11.06.2026;10:50:00;228;12;9016;11;U1014Z2P;Poliklinika Malešice;50.0717;14.54115
20260611_110201_L324;20260611_110201;11.06.2026;10:52:00;324;20;8999;10;U4302Z51;Praha,Zličín;50.14601;14.20157
20260611_110201_L332;20260611_110201;11.06.2026;10:48:00;332;2;9127;13;U4504Z2;Neveklov;49.80179;14.49111
20260611_110201_L443;20260611_110201;11.06.2026;10:46:00;443;22;8594;14;U2282Z1;Nymburk,hl.nádr.;50.15822;14.89463
20260611_110201_L480;20260611_110201;11.06.2026;10:50:00;480;30;7504;11;U7730Z1;Solenice;49.6388;14.03941
20260611_110201_L589;20260611_110201;11.06.2026;09:55:00;589;8;7761;65;U4858Z1;Louny,ČSAD;50.3556;13.77894
20260611_110201_L617;20260611_110201;11.06.2026;10:48:00;617;15;7325;13;U9142Z2;Roudnice n.L.,žel.st.;50.29514;14.26951
20260611_110201_L641;20260611_110201;11.06.2026;10:49:00;641;17;9449;13;U9617Z2;Hořovice,nemocnice;49.83626;13.90321
20260611_110602_L149;20260611_110602;11.06.2026;10:51:00;149;5;3937;13;U786Z2P;Dejvická;50.0536;14.33612
20260611_110602_L136;20260611_110602;11.06.2026;10:53:00;136;2;6916;13;U512Z5P;Jižní Město;50.0902;14.46646
20260611_110602_L167;20260611_110602;11.06.2026;10:53:00;167;4;3994;13;U805Z2P;Nemocnice Na Homolce;50.07162;14.38736
20260611_110602_L191;20260611_110602;11.06.2026;10:56:00;191;6;4015;10;U748Z1P;Letiště / Airport ✈;50.08038;14.37551
20260611_110602_L136;20260611_110602;11.06.2026;10:52:00;136;1;6882;14;U518Z3P;Jižní Město;50.07588;14.45917
20260611_110602_L474;20260611_110602;11.06.2026;10:51:00;474;21;8068;14;U9195Z1;Dobřeň,Střezivojice;50.41474;14.54073
20260611_110602_L796;20260611_110602;11.06.2026;10:54:00;796;6;7825;11;U4073Z2;Benešov,Terminál;49.78595;14.68895
20260611_110602_L589;20260611_110602;11.06.2026;09:55:00;589;8;7761;69;U4858Z1;Louny,ČSAD;50.35559;13.77893
20260611_110602_L617;20260611_110602;11.06.2026;10:52:00;617;15;7325;13;U9145Z2;Roudnice n.L.,žel.st.;50.30656;14.29231
20260611_110602_L401;20260611_110602;11.06.2026;10:55:00;401;61;7772;10;U31269Z2;Praha,Roztyly;49.51653;14.65754
20260611_110602_L228;20260611_110602;11.06.2026;10:55:00;228;12;9016;11;U389Z2P;Poliklinika Malešice;50.07338;14.53534
20260611_110602_L332;20260611_110602;11.06.2026;10:53:00;332;2;9127;12;U4466Z2;Neveklov;49.79021;14.51053
20260611_110602_L443;20260611_110602;11.06.2026;10:52:00;443;22;8594;14;U1439Z1;Nymburk,hl.nádr.;50.1666;14.9366
20260611_110602_L480;20260611_110602;11.06.2026;10:54:00;480;30;7504;12;U7719Z1;Solenice;49.63208;14.04618
20260611_110602_L136;20260611_110602;11.06.2026;10:51:00;136;32;6951;14;U37Z1P;Jižní Město;50.06041;14.46957
20260611_111002_L149;20260611_111002;11.06.2026;10:56:00;149;5;3937;14;U602Z3P;Dejvická;50.051;14.35283
20260611_111002_L136;20260611_111002;11.06.2026;10:56:00;136;2;6916;13;U743Z2P;Jižní Město;50.08607;14.45549
20260611_111002_L191;20260611_111002;11.06.2026;10:59:00;191;6;4015;10;U737Z1P;Letiště / Airport ✈;50.07974;14.35309
20260611_111002_L136;20260611_111002;11.06.2026;10:57:00;136;1;6882;12;U29Z1P;Jižní Město;50.07256;14.47044
20260611_111002_L401;20260611_111002;11.06.2026;10:59:00;401;61;7772;10;U6443Z2;Praha,Roztyly;49.54933;14.66507
20260611_111002_L796;20260611_111002;11.06.2026;10:56:00;796;6;7825;14;U4483Z3;Benešov,Terminál;49.7875;14.68332
20260611_111002_L589;20260611_111002;11.06.2026;09:55:00;589;8;7761;73;U4858Z1;Louny,ČSAD;50.3556;13.77896
20260611_111002_L228;20260611_111002;11.06.2026;10:58:00;228;12;9016;10;U1071Z2P;Poliklinika Malešice;50.07697;14.51874
20260611_111002_L325;20260611_111002;11.06.2026;11:00:00;325;40;1633;10;U542Z2;Praha,Nádraží Uhříněves;50.0347;14.59446
20260611_111002_L474;20260611_111002;11.06.2026;10:57:00;474;21;8068;12;U9192Z1;Dobřeň,Střezivojice;50.43011;14.5675
20260611_111002_L167;20260611_111002;11.06.2026;10:56:00;167;4;3994;13;U240Z5P;Nemocnice Na Homolce;50.07021;14.37091
20260611_111002_L136;20260611_111002;11.06.2026;10:56:00;136;32;6951;14;U697Z3P;Jižní Město;50.04869;14.48084
20260611_111402_L521;20260611_111402;11.06.2026;11:02:00;521;13;9770;11;U7906Z1;Věšín,Buková;49.6121;13.84582
20260611_111402_L191;20260611_111402;11.06.2026;11:03:00;191;6;4015;10;U872Z8P;Letiště / Airport ✈;50.0795;14.34416
20260611_111402_L402;20260611_111402;11.06.2026;11:00:00;402;4;7673;10;U7318Z1;Čáslav,aut.st.;49.83517;14.84566
20260611_111402_L770;20260611_111402;11.06.2026;11:01:00;770;50;47819;10;U7795Z52;Benešov,Terminál;49.82346;14.83529
20260611_111402_L136;20260611_111402;11.06.2026;11:00:00;136;3;6922;11;U1074Z4P;Jižní Město;50.09132;14.46843
20260611_111402_L332;20260611_111402;11.06.2026;11:01:00;332;2;9127;11;U4462Z2;Neveklov;49.75308;14.53072
20260611_111402_L311;20260611_111402;11.06.2026;10:59:00;311;40;9555;11;U1601Z1;Řevnice,nádraží;49.91582;14.23501
20260611_111402_L126;20260611_111402;11.06.2026;11:02:00;126;6;4114;10;U3053Z2P;Nádraží Uhříněves;50.03139;14.59819
20260611_111402_L136;20260611_111402;11.06.2026;11:00:00;136;32;6951;14;U181Z1P;Jižní Město;50.04015;14.4901
20260611_111402_L589;20260611_111402;11.06.2026;09:55:00;589;8;7761;77;U4858Z1;Louny,ČSAD;50.3556;13.77897
20260611_111402_L480;20260611_111402;11.06.2026;11:01:00;480;30;7504;12;U7804Z1;Solenice;49.61207;14.10418
20260611_111402_L443;20260611_111402;11.06.2026;10:59:00;443;22;8594;13;U1434Z1;Nymburk,hl.nádr.;50.13326;14.98643
20260611_111402_L401;20260611_111402;11.06.2026;11:03:00;401;61;7772;10;U6438Z4;Praha,Roztyly;49.57544;14.6616
20260611_111402_L228;20260611_111402;11.06.2026;11:03:00;228;12;9016;10;U1387Z1P;Poliklinika Malešice;50.07985;14.50456
20260611_111402_L825;20260611_111402;11.06.2026;11:01:00;825;59;9580;11;U2849Z1;Králův Dvůr,Popovice;49.94174;14.02924
20260611_111402_L580;20260611_111402;11.06.2026;11:04:00;580;19;7693;10;U9332Z1;Slaný,aut.nádr.;50.16802;13.84209
20260611_111402_L315;20260611_111402;11.06.2026;11:03:00;315;8;1865;10;U9478Z2;Praha,Černý Most;50.51938;14.97909
20260611_111402_L136;20260611_111402;11.06.2026;11:03:00;136;1;6882;11;U183Z3P;Jižní Město;50.05667;14.47128
20260611_111402_L149;20260611_111402;11.06.2026;11:01:00;149;5;3937;13;U27Z2P;Dejvická;50.05123;14.36643
20260611_111402_L136;20260611_111402;11.06.2026;11:00:00;136;2;6916;14;U118Z4P;Jižní Město;50.07875;14.46061
20260611_111402_L796;20260611_111402;11.06.2026;10:56:00;796;6;7825;15;U4483Z3;Benešov,Terminál;49.78;14.68342
20260611_111402_L167;20260611_111402;11.06.2026;11:00:00;167;4;3994;14;U150Z1P;Nemocnice Na Homolce;50.0735;14.35523
20260611_111803_L401;20260611_111803;11.06.2026;11:07:00;401;61;7772;10;U6497Z2;Praha,Roztyly;49.61562;14.6597
20260611_111803_L136;20260611_111803;11.06.2026;11:06:00;136;3;6922;11;U743Z2P;Jižní Město;50.08613;14.45561
20260611_111803_L136;20260611_111803;11.06.2026;11:04:00;136;32;6951;14;U106Z2P;Jižní Město;50.02839;14.5076
20260611_111803_L149;20260611_111803;11.06.2026;11:05:00;149;5;3937;12;U174Z2P;Dejvická;50.05663;14.3699
20260611_111803_L167;20260611_111803;11.06.2026;11:04:00;167;4;3994;14;U1123Z1P;Nemocnice Na Homolce;50.06966;14.33685
20260611_111803_L443;20260611_111803;11.06.2026;11:04:00;443;22;8594;10;U2591Z1;Nymburk,hl.nádr.;50.15188;15.00509
20260611_111803_L589;20260611_111803;11.06.2026;09:55:00;589;8;7761;81;U4858Z1;Louny,ČSAD;50.35558;13.77896
20260611_111803_L483;20260611_111803;11.06.2026;11:08:00;483;36;7839;10;U7602Z2;Chocerady;49.8634;14.82094
20260611_111803_L639;20260611_111803;11.06.2026;11:04:00;639;8;9586;12;U9781Z1;Dobříš,nám.;49.84513;13.93201
20260611_111803_L770;20260611_111803;11.06.2026;11:01:00;770;50;47819;11;U7795Z52;Benešov,Terminál;49.80932;14.8201
20260611_111803_L480;20260611_111803;11.06.2026;11:04:00;480;30;7504;13;U7802Z1;Solenice;49.60488;14.1068
20260611_111803_L521;20260611_111803;11.06.2026;11:05:00;521;13;9770;10;U5768Z1;Věšín,Buková;49.62354;13.8258
20260611_111803_L416;20260611_111803;11.06.2026;11:07:00;416;9;7227;10;U32327Z1;Sušice,nábřeží;49.42032;13.85614
20260611_111803_L474;20260611_111803;11.06.2026;11:05:00;474;21;8068;12;U9187Z1;Dobřeň,Střezivojice;50.4663;14.56987
20260611_111803_L354;20260611_111803;11.06.2026;11:07:00;354;12;1677;10;U188Z2;Praha,Černý Most;50.11079;14.58758
20260611_111803_L686;20260611_111803;11.06.2026;11:07:00;686;34;8142;11;U1255Z2;Říčany,Podhradí;50.04024;14.70938
20260611_111803_L136;20260611_111803;11.06.2026;11:06:00;136;1;6882;11;U697Z3P;Jižní Město;50.04822;14.48136
20260611_111803_L191;20260611_111803;11.06.2026;11:06:00;191;6;4015;12;U844Z3P;Letiště / Airport ✈;50.08918;14.34841
20260611_112203_L639;20260611_112203;11.06.2026;11:09:00;639;8;9586;12;U9841Z2;Dobříš,nám.;49.84868;13.97452
20260611_112203_L686;20260611_112203;11.06.2026;11:10:00;686;34;8142;10;U5928Z1;Říčany,Podhradí;50.03365;14.67532
20260611_112203_L443;20260611_112203;11.06.2026;11:11:00;443;22;8594;10;U2966Z1;Nymburk,hl.nádr.;50.17505;15.02648
20260611_112203_L167;20260611_112203;11.06.2026;11:11:00;167;1;6903;10;U1040Z14P;Na Knížecí;50.07109;14.4029
20260611_112203_L315;20260611_112203;11.06.2026;11:11:00;315;8;1865;11;U3251Z2;Praha,Černý Most;50.50898;14.96948
20260611_112203_L136;20260611_112203;11.06.2026;11:08:00;136;32;6951;13;U353Z1P;Jižní Město;50.02621;14.52149
20260611_112203_L474;20260611_112203;11.06.2026;11:09:00;474;21;8068;11;U9185Z1;Dobřeň,Střezivojice;50.48462;14.55677
20260611_112203_L381;20260611_112203;11.06.2026;11:11:00;381;8;9367;11;U336Z1;Kutná Hora,hlavní nádraží;50.03112;14.59932
20260611_112203_L136;20260611_112203;11.06.2026;11:10:00;136;3;6922;12;U118Z4P;Jižní Město;50.07815;14.46093
20260611_112203_L136;20260611_112203;11.06.2026;11:07:00;136;2;6916;14;U29Z1P;Jižní Město;50.07257;14.47049
20260611_112203_L149;20260611_112203;11.06.2026;11:08:00;149;5;3937;13;U788Z2P;Dejvická;50.0649;14.37874
20260611_112203_L641;20260611_112203;11.06.2026;11:09:00;641;14;9573;13;U9855Z55;Beroun,autobusové nádraží;49.86927;13.94793
20260611_112203_L136;20260611_112203;11.06.2026;11:10:00;136;4;5071;10;U1074Z4P;Jižní Město;50.09193;14.46909
20260611_112203_L589;20260611_112203;11.06.2026;09:55:00;589;8;7761;85;U4858Z1;Louny,ČSAD;50.35559;13.77895
20260611_112203_L191;20260611_112203;11.06.2026;11:11:00;191;6;4015;11;U334Z1P;Letiště / Airport ✈;50.08682;14.32934
20260611_112203_L136;20260611_112203;11.06.2026;11:10:00;136;1;6882;12;U181Z1P;Jižní Město;50.04015;14.4901
20260611_112604_L617;20260611_112604;11.06.2026;11:13:00;617;15;7325;10;U1479Z1;Roudnice n.L.,žel.st.;50.36174;14.30653
20260611_112604_L480;20260611_112604;11.06.2026;11:11:00;480;30;7504;15;U5918Z1;Solenice;49.60191;14.13826
20260611_112604_L416;20260611_112604;11.06.2026;11:16:00;416;9;7227;10;U31646Z1;Sušice,nábřeží;49.40317;13.7751
20260611_112604_L650;20260611_112604;11.06.2026;11:14:00;650;22;12536;11;U4786Z2;Kladno,autobusové nádraží;50.22951;14.08461
20260611_112604_L324;20260611_112604;11.06.2026;11:16:00;324;27;8953;10;U4777Z17;Slaný,Rabasova;50.22831;14.08928
20260611_112604_L381;20260611_112604;11.06.2026;11:12:00;381;8;9367;11;U808Z5;Kutná Hora,hlavní nádraží;50.02202;14.62626
20260611_112604_L146;20260611_112604;11.06.2026;11:16:00;146;3;9467;10;U834Z2P;Želivského;50.08704;14.48453
20260611_112604_L228;20260611_112604;11.06.2026;11:16:00;228;12;9016;10;U1071Z6P;Benice;50.07738;14.51864
20260611_112604_L639;20260611_112604;11.06.2026;11:11:00;639;8;9586;14;U9842Z1;Dobříš,nám.;49.85476;13.98464
20260611_112604_L692;20260611_112604;11.06.2026;11:12:00;692;2;1358;10;U9190Z1;Kokořín,Šemanovice;50.45453;14.55325
20260611_112604_L315;20260611_112604;11.06.2026;11:12:00;315;8;1865;10;U6359Z2;Praha,Černý Most;50.50157;14.96939
20260611_112604_L686;20260611_112604;11.06.2026;11:15:00;686;34;8142;11;U1930Z1;Říčany,Podhradí;50.02564;14.67924
20260611_112604_L149;20260611_112604;11.06.2026;11:10:00;149;5;3937;15;U254Z6P;Dejvická;50.06969;14.3804
20260611_112604_L770;20260611_112604;11.06.2026;11:12:00;770;50;47819;14;U7666Z51;Benešov,Terminál;49.82344;14.79809
20260611_112604_L136;20260611_112604;11.06.2026;11:13:00;136;2;6916;13;U183Z3P;Jižní Město;50.05673;14.47126
20260611_112604_L136;20260611_112604;11.06.2026;11:14:00;136;4;5071;12;U69Z2P;Jižní Město;50.08893;14.4609
20260611_112604_L641;20260611_112604;11.06.2026;11:13:00;641;14;9573;10;U3268Z1;Beroun,autobusové nádraží;49.89097;13.95661
20260611_112604_L520;20260611_112604;11.06.2026;11:14:00;520;1;9785;10;U7505Z2;Hřiměždice,Vestec;49.68127;14.27969
20260611_112604_L136;20260611_112604;11.06.2026;11:11:00;136;32;6951;13;U151Z1P;Jižní Město;50.03207;14.53449
20260611_112604_L589;20260611_112604;11.06.2026;09:55:00;589;8;7761;89;U4858Z1;Louny,ČSAD;50.3556;13.77899
20260611_112604_L191;20260611_112604;11.06.2026;11:12:00;191;6;4015;12;U1198Z1P;Letiště / Airport ✈;50.09073;14.32477
20260611_112604_L136;20260611_112604;11.06.2026;11:13:00;136;1;6882;12;U344Z1P;Jižní Město;50.0315;14.50544
20260611_113004_L443;20260611_113004;11.06.2026;11:20:00;443;22;8594;10;U2970Z2;Nymburk,hl.nádr.;50.18841;15.03737
20260611_113004_L315;20260611_113004;11.06.2026;11:18:00;315;8;1865;11;U9475Z2;Praha,Černý Most;50.47917;14.93887
20260611_113004_L429;20260611_113004;11.06.2026;11:16:00;429;18;8802;11;U2835Z1;Unhošť,Nám.;50.08706;14.15038
20260611_113004_L617;20260611_113004;11.06.2026;11:19:00;617;15;7325;11;U7484Z1;Roudnice n.L.,žel.st.;50.3755;14.30727
20260611_113004_L692;20260611_113004;11.06.2026;11:12:00;692;2;1358;14;U9190Z1;Kokořín,Šemanovice;50.45453;14.55324
20260611_113004_L526;20260611_113004;11.06.2026;11:17:00;526;30;9585;12;U9611Z2;Bzová;49.89725;13.86711
20260611_113004_L686;20260611_113004;11.06.2026;11:18:00;686;34;8142;11;U2456Z2;Říčany,Podhradí;50.01377;14.68056
20260611_113004_L541;20260611_113004;11.06.2026;11:18:00;541;1;7649;12;U6729Z1;Dlouhopolsko;50.17001;15.33138
20260611_113004_L770;20260611_113004;11.06.2026;11:17:00;770;50;47819;12;U5725Z2;Benešov,Terminál;49.80491;14.80153
20260611_113004_L136;20260611_113004;11.06.2026;11:16:00;136;2;6916;13;U697Z3P;Jižní Město;50.04822;14.48133
20260611_113004_L416;20260611_113004;11.06.2026;11:20:00;416;9;7227;10;U32279Z1;Sušice,nábřeží;49.38172;13.75668
20260611_113004_L589;20260611_113004;11.06.2026;09:55:00;589;8;7761;93;U4858Z1;Louny,ČSAD;50.35559;13.77899
20260611_113004_L136;20260611_113004;11.06.2026;11:16:00;136;4;5071;12;U743Z2P;Jižní Město;50.08352;14.45816
20260611_113004_L381;20260611_113004;11.06.2026;11:18:00;381;8;9367;11;U1885Z1;Kutná Hora,hlavní nádraží;50.00396;14.65862
20260611_113004_L149;20260611_113004;11.06.2026;11:15:00;149;5;3937;14;U579Z3P;Dejvická;50.07584;14.37179
20260611_113004_L191;20260611_113004;11.06.2026;11:15:00;191;6;4015;15;U1046Z2P;Letiště / Airport ✈;50.09123;14.31628
20260611_113004_L136;20260611_113004;11.06.2026;11:18:00;136;1;6882;12;U353Z1P;Jižní Město;50.02623;14.5215
20260611_113404_L136;20260611_113404;11.06.2026;11:21:00;136;1;6882;12;U151Z1P;Jižní Město;50.03211;14.53455
20260611_113404_L136;20260611_113404;11.06.2026;11:20:00;136;2;6916;13;U181Z1P;Jižní Město;50.03947;14.49055
20260611_113404_L136;20260611_113404;11.06.2026;11:20:00;136;4;5071;13;U118Z4P;Jižní Město;50.07774;14.4587
20260611_113404_L136;20260611_113404;11.06.2026;11:20:00;136;5;6974;11;U1074Z4P;Jižní Město;50.09121;14.46833
20260611_113404_L149;20260611_113404;11.06.2026;11:20:00;149;5;3937;14;U981Z1P;Dejvická;50.08013;14.39008
20260611_113404_L191;20260611_113404;11.06.2026;11:19:00;191;6;4015;14;U554Z5P;Letiště / Airport ✈;50.0903;14.3011
20260611_113404_L311;20260611_113404;11.06.2026;11:21:00;311;40;9555;10;U1852Z51;Praha,Zličín;49.92518;14.26417
20260611_113404_L315;20260611_113404;11.06.2026;11:20:00;315;8;1865;11;U3397Z2;Praha,Černý Most;50.45994;14.93152
20260611_113404_L324;20260611_113404;11.06.2026;11:23:00;324;27;8953;11;U4785Z2;Slaný,Rabasova;50.23205;14.06745
20260611_113404_L381;20260611_113404;11.06.2026;11:21:00;381;8;9367;11;U1878Z1;Kutná Hora,hlavní nádraží;49.99697;14.67518
20260611_113404_L416;20260611_113404;11.06.2026;11:22:00;416;9;7227;10;U31866Z1;Sušice,nábřeží;49.36836;13.72977
20260611_113404_L429;20260611_113404;11.06.2026;11:16:00;429;18;8802;15;U2835Z1;Unhošť,Nám.;50.08706;14.15038
20260611_113404_L442;20260611_113404;11.06.2026;11:23:00;442;6;1842;10;U3385Z1;Mladá Boleslav,aut.st.;50.38858;14.8995
20260611_113404_L526;20260611_113404;11.06.2026;11:17:00;526;30;9585;16;U9611Z2;Bzová;49.89725;13.86711
20260611_113404_L541;20260611_113404;11.06.2026;11:18:00;541;1;7649;16;U6729Z1;Dlouhopolsko;50.17001;15.33138
20260611_113404_L589;20260611_113404;11.06.2026;09:55:00;589;8;7761;97;U4858Z1;Louny,ČSAD;50.35558;13.77894
20260611_113404_L617;20260611_113404;11.06.2026;11:20:00;617;15;7325;11;U4432Z2;Roudnice n.L.,žel.st.;50.40145;14.30366
20260611_113404_L641;20260611_113404;11.06.2026;11:22:00;641;14;9573;10;U9105Z1;Beroun,autobusové nádraží;49.92325;13.97878
20260611_113404_L686;20260611_113404;11.06.2026;11:22:00;686;34;8142;12;U1891Z1;Říčany,Podhradí;50.00115;14.66217
20260611_113404_L692;20260611_113404;11.06.2026;11:12:00;692;2;1358;18;U9190Z1;Kokořín,Šemanovice;50.45444;14.55314
20260611_113404_L770;20260611_113404;11.06.2026;11:23:00;770;50;47819;11;U7809Z2;Benešov,Terminál;49.81143;14.75907
20260611_113804_L136;20260611_113804;11.06.2026;11:24:00;136;2;6916;13;U106Z2P;Jižní Město;50.02752;14.50779
20260611_113804_L136;20260611_113804;11.06.2026;11:24:00;136;4;5071;12;U855Z1P;Jižní Město;50.07413;14.46748
20260611_113804_L136;20260611_113804;11.06.2026;11:26:00;136;5;6974;12;U743Z2P;Jižní Město;50.08657;14.45528
20260611_113804_L149;20260611_113804;11.06.2026;11:25:00;149;5;3937;13;U182Z2P;Dejvická;50.08784;14.38186
20260611_113804_L191;20260611_113804;11.06.2026;11:24:00;191;6;4015;14;U698Z1P;Letiště / Airport ✈;50.09864;14.28944
20260611_113804_L315;20260611_113804;11.06.2026;11:27:00;315;8;1865;10;U3394Z2;Praha,Černý Most;50.43991;14.92819
20260611_113804_L369;20260611_113804;11.06.2026;11:26:00;369;34;8269;10;U2334Z1;Praha,Ládví;50.24485;14.49449
20260611_113804_L381;20260611_113804;11.06.2026;11:24:00;381;8;9367;12;U1886Z1;Kutná Hora,hlavní nádraží;49.98905;14.70035
20260611_113804_L442;20260611_113804;11.06.2026;11:26:00;442;6;1842;12;U3387Z1;Mladá Boleslav,aut.st.;50.40891;14.9034
20260611_113804_L526;20260611_113804;11.06.2026;11:17:00;526;30;9585;20;U9611Z2;Bzová;49.89725;13.86711
20260611_113804_L541;20260611_113804;11.06.2026;11:18:00;541;1;7649;19;U6729Z1;Dlouhopolsko;50.17001;15.33138
20260611_113804_L548;20260611_113804;11.06.2026;11:27:00;548;13;9546;11;U4275Z2;Hořovice,nemocnice;49.83558;13.91251
20260611_113804_L580;20260611_113804;11.06.2026;11:26:00;580;30;7685;12;U4338Z1;Rakovník,aut.st.;50.10255;13.73113
20260611_113804_L589;20260611_113804;11.06.2026;09:55:00;589;8;7761;101;U4858Z1;Louny,ČSAD;50.35561;13.77896
20260611_113804_L617;20260611_113804;11.06.2026;11:25:00;617;15;7325;11;U4714Z1;Roudnice n.L.,žel.st.;50.41595;14.2774
20260611_113804_L634;20260611_113804;11.06.2026;11:25:00;634;19;9440;12;U9849Z2;Všeradice,žel.zast.;49.85317;14.03698
20260611_113804_L641;20260611_113804;11.06.2026;11:27:00;641;14;9573;11;U9006Z1;Beroun,autobusové nádraží;49.93517;14.01196
20260611_113804_L686;20260611_113804;11.06.2026;11:26:00;686;34;8142;12;U7038Z2;Říčany,Podhradí;49.99455;14.66733
20260611_113804_L692;20260611_113804;11.06.2026;11:12:00;692;2;1358;22;U9190Z1;Kokořín,Šemanovice;50.45445;14.55315
20260611_113804_L770;20260611_113804;11.06.2026;11:24:00;770;50;47819;11;U7807Z2;Benešov,Terminál;49.80951;14.73444
20260611_114205_L381;20260611_114205;11.06.2026;11:30:00;381;8;9367;12;U2008Z1;Kutná Hora,hlavní nádraží;49.9895;14.74057
20260611_114205_L770;20260611_114205;11.06.2026;11:28:00;770;50;47819;12;U7005Z2;Benešov,Terminál;49.80261;14.71085
20260611_114205_L442;20260611_114205;11.06.2026;11:28:00;442;6;1842;13;U3388Z1;Mladá Boleslav,aut.st.;50.41102;14.92041
20260611_114205_L686;20260611_114205;11.06.2026;11:31:00;686;34;8142;10;U1881Z2;Říčany,Podhradí;49.99153;14.65421
20260611_114205_L136;20260611_114205;11.06.2026;11:29:00;136;4;5071;12;U680Z3P;Jižní Město;50.06838;14.46918
20260611_114205_L617;20260611_114205;11.06.2026;11:29:00;617;15;7325;11;U4716Z1;Roudnice n.L.,žel.st.;50.42358;14.26203
20260611_114205_L692;20260611_114205;11.06.2026;11:12:00;692;2;1358;26;U9190Z1;Kokořín,Šemanovice;50.45446;14.55316
20260611_114205_L136;20260611_114205;11.06.2026;11:28:00;136;5;6974;12;U516Z3P;Jižní Město;50.07929;14.46034
20260611_114205_L634;20260611_114205;11.06.2026;11:25:00;634;19;9440;14;U9849Z2;Všeradice,žel.zast.;49.85817;14.0628
20260611_114205_L136;20260611_114205;11.06.2026;11:28:00;136;2;6916;14;U353Z1P;Jižní Město;50.02604;14.52107
20260611_114205_L541;20260611_114205;11.06.2026;11:18:00;541;1;7649;24;U6729Z1;Dlouhopolsko;50.17001;15.33138
20260611_114205_L369;20260611_114205;11.06.2026;11:31:00;369;34;8269;11;U1958Z2;Praha,Ládví;50.21043;14.49889
20260611_114205_L311;20260611_114205;11.06.2026;11:31:00;311;40;9555;10;U2377Z1;Praha,Zličín;49.92593;14.22859
20260611_114205_L526;20260611_114205;11.06.2026;11:17:00;526;30;9585;24;U9611Z2;Bzová;49.89725;13.86711
20260611_114205_L315;20260611_114205;11.06.2026;11:28:00;315;8;1865;12;U3393Z2;Praha,Černý Most;50.43003;14.93193
20260611_114205_L589;20260611_114205;11.06.2026;09:55:00;589;8;7761;105;U4858Z1;Louny,ČSAD;50.35562;13.77891
20260611_114205_L149;20260611_114205;11.06.2026;11:30:00;149;5;3937;12;U321Z4P;Dejvická;50.09937;14.39562
20260611_114205_L191;20260611_114205;11.06.2026;11:27:00;191;6;4015;13;U776Z1P;Letiště / Airport ✈;50.1093;14.27245
20260611_114605_L442;20260611_114605;11.06.2026;11:31:00;442;6;1842;13;U3389Z1;Mladá Boleslav,aut.st.;50.41636;14.91154
20260611_114605_L381;20260611_114605;11.06.2026;11:33:00;381;8;9367;13;U2010Z1;Kutná Hora,hlavní nádraží;49.98833;14.76714
20260611_114605_L311;20260611_114605;11.06.2026;11:35:00;311;40;9555;10;U1665Z2;Praha,Zličín;49.93994;14.23012
20260611_114605_L369;20260611_114605;11.06.2026;11:34:00;369;34;8269;11;U1308Z2;Praha,Ládví;50.19429;14.49319
20260611_114605_L634;20260611_114605;11.06.2026;11:30:00;634;19;9440;15;U9043Z2;Všeradice,žel.zast.;49.86229;14.0925
20260611_114605_L639;20260611_114605;11.06.2026;11:30:00;639;8;9586;11;U9811Z1;Dobříš,nám.;49.82566;14.04546
20260611_114605_L443;20260611_114605;11.06.2026;11:35:00;443;22;8594;10;U2969Z1;Čelákovice,Toušeňská;50.1847;15.04133
20260611_114605_L770;20260611_114605;11.06.2026;11:35:00;770;50;47819;11;U4073Z2;Benešov,Terminál;49.7859;14.68999
20260611_114605_L541;20260611_114605;11.06.2026;11:18:00;541;1;7649;26;U6729Z1;Dlouhopolsko;50.1749;15.31147
20260611_114605_L725;20260611_114605;11.06.2026;11:34:00;725;67;9768;10;U31718Z1;Markvartice,pošta;50.43297;15.18546
20260611_114605_L136;20260611_114605;11.06.2026;11:34:00;136;5;6974;12;U855Z1P;Jižní Město;50.07446;14.46387
20260611_114605_L589;20260611_114605;11.06.2026;09:55:00;589;8;7761;109;U4858Z1;Louny,ČSAD;50.35557;13.77889
20260611_114605_L526;20260611_114605;11.06.2026;11:17:00;526;30;9585;28;U9611Z2;Bzová;49.89725;13.86711
20260611_114605_L617;20260611_114605;11.06.2026;11:32:00;617;15;7325;11;U4717Z2;Roudnice n.L.,žel.st.;50.42642;14.26085
20260611_114605_L181;20260611_114605;11.06.2026;11:36:00;181;2;5552;10;U641Z4P;Opatov;50.04563;14.52556
20260611_114605_L136;20260611_114605;11.06.2026;11:34:00;136;4;5071;12;U751Z2P;Jižní Město;50.05304;14.47423
20260611_114605_L136;20260611_114605;11.06.2026;11:31:00;136;2;6916;15;U151Z1P;Jižní Město;50.03147;14.53371
20260611_115005_L136;20260611_115005;11.06.2026;11:37:00;136;4;5071;12;U322Z3P;Jižní Město;50.04554;14.4847
20260611_115005_L136;20260611_115005;11.06.2026;11:39:00;136;5;6974;10;U680Z3P;Jižní Město;50.06838;14.46925
20260611_115005_L136;20260611_115005;11.06.2026;11:38:00;136;6;5540;10;U516Z3P;Jižní Město;50.07916;14.46044
20260611_115005_L181;20260611_115005;11.06.2026;11:38:00;181;2;5552;11;U219Z1P;Opatov;50.04285;14.51499
20260611_115005_L369;20260611_115005;11.06.2026;11:37:00;369;34;8269;10;U1807Z2;Praha,Ládví;50.17902;14.48512
20260611_115005_L381;20260611_115005;11.06.2026;11:35:00;381;8;9367;13;U2011Z1;Kutná Hora,hlavní nádraží;49.99176;14.81287
20260611_115005_L391;20260611_115005;11.06.2026;11:38:00;391;35;9471;11;U2315Z1;Úvaly,žel.st.;50.07409;14.72319
20260611_115005_L413;20260611_115005;11.06.2026;11:39:00;413;63;7092;10;U31417Z4;Litoměřice,aut.nádr.;50.51166;14.14694
20260611_115005_L526;20260611_115005;11.06.2026;11:17:00;526;30;9585;32;U9611Z2;Bzová;49.89725;13.86711
20260611_115005_L531;20260611_115005;11.06.2026;11:39:00;531;6;9548;10;U9672Z1;Příbram,aut.nádr. (ul. Čs.armády);49.73942;14.02401
20260611_115005_L589;20260611_115005;11.06.2026;09:55:00;589;8;7761;113;U4858Z1;Louny,ČSAD;50.35557;13.7789
20260611_115005_L639;20260611_115005;11.06.2026;11:37:00;639;8;9586;13;U2895Z1;Dobříš,nám.;49.83106;14.0459
20260611_115005_L725;20260611_115005;11.06.2026;11:34:00;725;67;9768;14;U31718Z1;Markvartice,pošta;50.43297;15.18546
20260611_115005_L770;20260611_115005;11.06.2026;11:37:00;770;50;47819;12;U4483Z3;Benešov,Terminál;49.78269;14.68089
20260611_115405_L589;20260611_115405;11.06.2026;09:55:00;589;8;7761;117;U4858Z1;Louny,ČSAD;50.35557;13.77889
20260611_115405_L136;20260611_115405;11.06.2026;11:44:00;136;6;5540;10;U855Z1P;Jižní Město;50.07449;14.46386
20260611_115405_L136;20260611_115405;11.06.2026;11:43:00;136;4;5071;11;U344Z1P;Jižní Město;50.03179;14.50435
20260611_115405_L639;20260611_115405;11.06.2026;11:42:00;639;8;9586;12;U9042Z2;Dobříš,nám.;49.84572;14.08022
20260611_115405_L526;20260611_115405;11.06.2026;11:17:00;526;30;9585;36;U9611Z2;Bzová;49.89725;13.86711
20260611_115405_L136;20260611_115405;11.06.2026;11:44:00;136;5;6974;10;U751Z2P;Jižní Město;50.05258;14.47517
20260611_115405_L732;20260611_115405;11.06.2026;11:40:00;732;5;9765;13;U6251Z1;Bělá p.Bezd.,Bezdědice;50.48248;14.70162
20260611_115405_L369;20260611_115405;11.06.2026;11:43:00;369;34;8269;10;U3242Z2;Praha,Ládví;50.15716;14.48506
20260611_115405_L381;20260611_115405;11.06.2026;11:41:00;381;8;9367;12;U2014Z1;Kutná Hora,hlavní nádraží;49.99203;14.85192
20260611_115405_L149;20260611_115405;11.06.2026;11:43:00;149;6;4193;11;U443Z1P;Dejvická;50.07288;14.37804
20260611_115405_L725;20260611_115405;11.06.2026;11:34:00;725;67;9768;18;U31718Z1;Markvartice,pošta;50.43297;15.18546
20260611_115405_L857;20260611_115405;11.06.2026;11:41:00;857;2;7309;11;U4239Z1;Kralupy n.Vlt.,obchodní centrum;50.25196;14.32204
20260611_115806_L136;20260611_115806;11.06.2026;11:44:00;136;4;5071;13;U106Z2P;Jižní Město;50.02754;14.50777
20260611_115806_L146;20260611_115806;11.06.2026;11:46:00;146;4;9122;12;U834Z2P;Želivského;50.08699;14.4855
20260611_115806_L149;20260611_115806;11.06.2026;11:46:00;149;6;4193;11;U992Z1P;Dejvická;50.0774;14.36821
20260611_115806_L228;20260611_115806;11.06.2026;11:48:00;228;12;9016;10;U336Z3P;Benice;50.03294;14.59685
20260611_115806_L315;20260611_115806;11.06.2026;11:46:00;315;8;1865;10;U3256Z1;Praha,Černý Most;50.41085;14.92159
20260611_115806_L365;20260611_115806;11.06.2026;11:47:00;365;13;8769;10;U364Z4;Praha,Motol;50.07799;14.34072
20260611_115806_L369;20260611_115806;11.06.2026;11:46:00;369;34;8269;11;U1393Z2;Praha,Ládví;50.14284;14.48316
20260611_115806_L381;20260611_115806;11.06.2026;11:45:00;381;8;9367;12;U2016Z1;Kutná Hora,hlavní nádraží;49.99379;14.86096
20260611_115806_L389;20260611_115806;11.06.2026;11:44:00;389;11;7759;10;U85Z1;Praha,Nádraží Veleslavín;50.09522;14.34512
20260611_115806_L526;20260611_115806;11.06.2026;11:17:00;526;30;9585;40;U9611Z2;Bzová;49.89725;13.86711
20260611_115806_L589;20260611_115806;11.06.2026;09:55:00;589;8;7761;119;U4858Z1;Louny,ČSAD;50.35557;13.77889
20260611_115806_L639;20260611_115806;11.06.2026;11:44:00;639;8;9586;12;U9041Z1;Dobříš,nám.;49.84748;14.0797
20260611_115806_L725;20260611_115806;11.06.2026;11:34:00;725;67;9768;22;U31718Z1;Markvartice,pošta;50.43299;15.1854
20260611_115806_L732;20260611_115806;11.06.2026;11:40:00;732;5;9765;17;U6251Z1;Bělá p.Bezd.,Bezdědice;50.48248;14.70162
20260611_120207_L146;20260611_120207;11.06.2026;11:51:00;146;4;9122;11;U575Z2P;Želivského;50.08099;14.48553
20260611_120207_L228;20260611_120207;11.06.2026;11:50:00;228;12;9016;11;U136Z1P;Benice;50.0259;14.60122
20260611_120207_L365;20260611_120207;11.06.2026;11:50:00;365;13;8769;12;U444Z2;Praha,Motol;50.07594;14.34509
20260611_120207_L380;20260611_120207;11.06.2026;11:50:00;380;1;9984;10;U2322Z1;Králův Dvůr,Počaply,Obchodní centrum;50.00955;14.19812
20260611_120207_L126;20260611_120207;11.06.2026;11:50:00;126;2;4040;12;U542Z2P;Nádraží Uhříněves;50.03468;14.5945
20260611_120207_L149;20260611_120207;11.06.2026;11:50:00;149;6;4193;12;U981Z1P;Dejvická;50.08086;14.39003
20260611_120207_L136;20260611_120207;11.06.2026;11:48:00;136;4;5071;13;U353Z1P;Jižní Město;50.0262;14.52149
20260611_120207_L389;20260611_120207;11.06.2026;11:44:00;389;11;7759;14;U85Z1;Praha,Nádraží Veleslavín;50.09522;14.34512
20260611_120207_L526;20260611_120207;11.06.2026;11:17:00;526;30;9585;44;U9611Z2;Bzová;49.89725;13.86711
20260611_120207_L369;20260611_120207;11.06.2026;11:51:00;369;37;8278;10;U1796Z1;Mělník,Mlazice;50.36349;14.46732
20260611_120207_L639;20260611_120207;11.06.2026;11:52:00;639;8;9586;10;U6503Z1;Dobříš,nám.;49.82824;14.08668
20260611_120207_L369;20260611_120207;11.06.2026;11:48:00;369;34;8269;11;U651Z6;Praha,Ládví;50.12775;14.47603
20260611_120207_L732;20260611_120207;11.06.2026;11:40:00;732;5;9765;21;U6251Z1;Bělá p.Bezd.,Bezdědice;50.48248;14.70162
20260611_120207_L725;20260611_120207;11.06.2026;11:34:00;725;67;9768;26;U31718Z1;Markvartice,pošta;50.433;15.1854
20260611_120207_L633;20260611_120207;11.06.2026;11:47:00;633;53;9809;13;U4956Z1;Beroun,Zdejcina;49.97677;14.0517
20260611_120207_L315;20260611_120207;11.06.2026;11:48:00;315;8;1865;12;U3063Z2;Praha,Černý Most;50.40522;14.93116
20260611_120608_L136;20260611_120608;11.06.2026;11:54:00;136;8;6782;12;U69Z2P;Jižní Město;50.08886;14.46094
20260611_120608_L149;20260611_120608;11.06.2026;11:53:00;149;6;4193;13;U563Z1P;Dejvická;50.08607;14.37881
20260611_120608_L315;20260611_120608;11.06.2026;11:54:00;315;8;1865;11;U3258Z1;Praha,Černý Most;50.37308;14.88419
20260611_120608_L380;20260611_120608;11.06.2026;11:54:00;380;1;9984;11;U2369Z1;Králův Dvůr,Počaply,Obchodní centrum;49.99823;14.16182
20260611_120608_L389;20260611_120608;11.06.2026;11:44:00;389;11;7759;18;U85Z1;Praha,Nádraží Veleslavín;50.09523;14.34514
20260611_120608_L526;20260611_120608;11.06.2026;11:17:00;526;30;9585;48;U9611Z2;Bzová;49.89725;13.86711
20260611_120608_L634;20260611_120608;11.06.2026;11:54:00;634;19;9440;10;U9849Z1;Hostomice,nám.;49.84011;14.04616
20260611_120608_L639;20260611_120608;11.06.2026;11:54:00;639;8;9586;11;U6504Z1;Dobříš,nám.;49.81468;14.0882
20260611_120608_L725;20260611_120608;11.06.2026;11:34:00;725;67;9768;30;U31718Z1;Markvartice,pošta;50.433;15.1854
20260611_120608_L732;20260611_120608;11.06.2026;11:40:00;732;5;9765;25;U6251Z1;Bělá p.Bezd.,Bezdědice;50.48248;14.7016
20260611_121008_L136;20260611_121008;11.06.2026;11:56:00;136;8;6782;12;U743Z2P;Jižní Město;50.08282;14.45882
20260611_121008_L149;20260611_121008;11.06.2026;11:57:00;149;6;4193;13;U867Z1P;Dejvická;50.094;14.39011
20260611_121008_L380;20260611_121008;11.06.2026;11:57:00;380;1;9984;12;U2371Z1;Králův Dvůr,Počaply,Obchodní centrum;49.99052;14.14653
20260611_121008_L389;20260611_121008;11.06.2026;11:44:00;389;11;7759;22;U85Z1;Praha,Nádraží Veleslavín;50.09525;14.34509
20260611_121008_L526;20260611_121008;11.06.2026;11:17:00;526;30;9585;52;U9611Z2;Bzová;49.89725;13.86711
20260611_121008_L589;20260611_121008;11.06.2026;11:55:00;589;13;7751;13;U4858Z1;Louny,ČSAD;50.35562;13.77891
20260611_121008_L634;20260611_121008;11.06.2026;11:57:00;634;19;9440;10;U2895Z2;Hostomice,nám.;49.82577;14.04514
20260611_121008_L639;20260611_121008;11.06.2026;11:58:00;639;8;9586;10;U7177Z2;Dobříš,nám.;49.79483;14.13135
20260611_121008_L725;20260611_121008;11.06.2026;11:34:00;725;67;9768;34;U31718Z1;Markvartice,pošta;50.433;15.1854
20260611_121008_L732;20260611_121008;11.06.2026;11:40:00;732;5;9765;29;U6251Z1;Bělá p.Bezd.,Bezdědice;50.48248;14.7016
20260611_121408_L136;20260611_121408;11.06.2026;12:00:00;136;8;6782;12;U118Z4P;Jižní Město;50.0781;14.4608
20260611_121408_L149;20260611_121408;11.06.2026;12:00:00;149;6;4193;14;U321Z4P;Dejvická;50.10001;14.3955
20260611_121408_L315;20260611_121408;11.06.2026;12:02:00;315;8;1865;10;U3383Z1;Praha,Černý Most;50.31741;14.8593
20260611_121408_L380;20260611_121408;11.06.2026;12:01:00;380;1;9984;12;U2373Z1;Králův Dvůr,Počaply,Obchodní centrum;49.97996;14.11886
20260611_121408_L389;20260611_121408;11.06.2026;11:44:00;389;11;7759;27;U85Z1;Praha,Nádraží Veleslavín;50.09498;14.34485
20260611_121408_L401;20260611_121408;11.06.2026;12:04:00;401;59;7771;10;U6438Z5;Jindřichův Hradec,aut.nádr.;49.57218;14.65876
20260611_121408_L526;20260611_121408;11.06.2026;11:17:00;526;30;9585;56;U9611Z2;Bzová;49.89725;13.86711
20260611_121408_L589;20260611_121408;11.06.2026;11:55:00;589;13;7751;17;U4858Z1;Louny,ČSAD;50.35562;13.77891
20260611_121408_L633;20260611_121408;11.06.2026;12:00:00;633;53;9809;12;U4958Z2;Beroun,autobusové nádraží;49.97687;14.04641
20260611_121408_L634;20260611_121408;11.06.2026;11:57:00;634;19;9440;14;U2895Z2;Hostomice,nám.;49.82572;14.04513
20260611_121408_L639;20260611_121408;11.06.2026;12:02:00;639;8;9586;10;U7175Z2;Dobříš,nám.;49.78681;14.16407
20260611_121408_L698;20260611_121408;11.06.2026;12:00:00;698;4;8624;12;U1450Z1;Semice,střed;50.11483;14.93402
20260611_121408_L725;20260611_121408;11.06.2026;11:34:00;725;67;9768;38;U31718Z1;Markvartice,pošta;50.43306;15.18537
20260611_121408_L732;20260611_121408;11.06.2026;11:40:00;732;5;9765;33;U6251Z1;Bělá p.Bezd.,Bezdědice;50.48256;14.70164
20260611_121809_L401;20260611_121809;11.06.2026;12:08:00;401;59;7771;10;U6442Z1;Jindřichův Hradec,aut.nádr.;49.53451;14.65873
20260611_121809_L315;20260611_121809;11.06.2026;12:07:00;315;8;1865;10;U3380Z2;Praha,Černý Most;50.28934;14.83821
20260611_121809_L633;20260611_121809;11.06.2026;12:04:00;633;53;9809;14;U4956Z2;Beroun,autobusové nádraží;49.97703;14.05674
20260611_121809_L641;20260611_121809;11.06.2026;12:07:00;641;17;9449;10;U9856Z1;Beroun,autobusové nádraží;49.87372;13.92346
20260611_121809_L464;20260611_121809;11.06.2026;12:07:00;464;26;7982;11;U4371Z2;Horní Beřkovice,točna;50.33433;14.36109
20260611_121809_L191;20260611_121809;11.06.2026;12:06:00;191;21;3931;10;U629Z3P;Letiště / Airport ✈;50.10554;14.27176
20260611_121809_L634;20260611_121809;11.06.2026;11:57:00;634;19;9440;18;U2895Z2;Hostomice,nám.;49.82573;14.04512
20260611_121809_L732;20260611_121809;11.06.2026;11:40:00;732;5;9765;37;U6251Z1;Bělá p.Bezd.,Bezdědice;50.48256;14.70164
20260611_121809_L725;20260611_121809;11.06.2026;11:34:00;725;67;9768;42;U31718Z1;Markvartice,pošta;50.43306;15.18537
20260611_121809_L136;20260611_121809;11.06.2026;12:07:00;136;8;6782;12;U29Z1P;Jižní Město;50.07324;14.4702
20260611_121809_L641;20260611_121809;11.06.2026;12:05:00;641;10;9547;10;U9855Z55;Hořovice,nemocnice;49.88231;13.94484
20260611_121809_L589;20260611_121809;11.06.2026;11:55:00;589;13;7751;21;U4858Z1;Louny,ČSAD;50.35562;13.77892
20260611_121809_L526;20260611_121809;11.06.2026;11:17:00;526;30;9585;60;U9611Z2;Bzová;49.89725;13.86711
20260611_121809_L699;20260611_121809;11.06.2026;12:04:00;699;22;8548;10;U3383Z1;Hrušov;50.32607;14.8557
20260611_122209_L136;20260611_122209;11.06.2026;12:11:00;136;8;6782;11;U37Z1P;Jižní Město;50.06044;14.46957
20260611_122209_L136;20260611_122209;11.06.2026;12:10:00;136;10;6783;10;U1074Z4P;Jižní Město;50.09213;14.46966
20260611_122209_L191;20260611_122209;11.06.2026;12:06:00;191;21;3931;14;U629Z3P;Letiště / Airport ✈;50.10554;14.27176
20260611_122209_L339;20260611_122209;11.06.2026;12:10:00;339;17;9939;10;U1590Z1;Týnec n.Sáz.,žel.st.;49.83592;14.59244
20260611_122209_L380;20260611_122209;11.06.2026;12:08:00;380;1;9984;14;U1745Z1;Králův Dvůr,Počaply,Obchodní centrum;49.96561;14.0725
20260611_122209_L381;20260611_122209;11.06.2026;12:11:00;381;2;9372;11;U336Z1;Čáslav,obchodní centrum;50.03113;14.59932
20260611_122209_L464;20260611_122209;11.06.2026;12:10:00;464;26;7982;12;U4370Z2;Horní Beřkovice,točna;50.34626;14.33811
20260611_122209_L526;20260611_122209;11.06.2026;11:17:00;526;30;9585;64;U9611Z2;Bzová;49.89725;13.86711
20260611_122209_L589;20260611_122209;11.06.2026;11:55:00;589;13;7751;25;U4858Z1;Louny,ČSAD;50.35562;13.77892
20260611_122209_L633;20260611_122209;11.06.2026;12:09:00;633;53;9809;13;U4960Z2;Beroun,autobusové nádraží;49.96669;14.06127
20260611_122209_L634;20260611_122209;11.06.2026;11:57:00;634;19;9440;22;U2895Z2;Hostomice,nám.;49.82573;14.04514
20260611_122209_L641;20260611_122209;11.06.2026;12:07:00;641;17;9449;13;U9856Z1;Beroun,autobusové nádraží;49.88461;13.94977
20260611_122209_L641;20260611_122209;11.06.2026;12:07:00;641;10;9547;15;U9856Z2;Hořovice,nemocnice;49.86584;13.93285
20260611_122209_L651;20260611_122209;11.06.2026;12:09:00;651;51;7879;11;U1550Z2;Pyšely,Nám.;49.89099;14.68028
20260611_122209_L698;20260611_122209;11.06.2026;12:09:00;698;4;8624;12;U1431Z3;Semice,střed;50.13852;14.90176
20260611_122209_L699;20260611_122209;11.06.2026;12:12:00;699;22;8548;10;U2984Z51;Hrušov;50.33773;14.8014
20260611_122209_L725;20260611_122209;11.06.2026;11:34:00;725;67;9768;46;U31718Z1;Markvartice,pošta;50.43295;15.18837
20260611_122209_L732;20260611_122209;11.06.2026;11:40:00;732;5;9765;41;U6251Z1;Bělá p.Bezd.,Bezdědice;50.48256;14.70164
20260611_122609_L136;20260611_122609;11.06.2026;12:16:00;136;8;6782;10;U697Z3P;Jižní Město;50.04874;14.48079
20260611_122609_L136;20260611_122609;11.06.2026;12:10:00;136;10;6783;13;U1074Z4P;Jižní Město;50.09083;14.46811
20260611_122609_L191;20260611_122609;11.06.2026;12:06:00;191;21;3931;18;U629Z3P;Letiště / Airport ✈;50.10554;14.27176
20260611_122609_L311;20260611_122609;11.06.2026;12:14:00;311;40;9555;10;U1652Z2;Praha,Zličín;50.01706;14.23222
20260611_122609_L381;20260611_122609;11.06.2026;12:12:00;381;2;9372;13;U808Z5;Čáslav,obchodní centrum;50.02726;14.61697
20260611_122609_L526;20260611_122609;11.06.2026;11:17:00;526;30;9585;68;U9611Z2;Bzová;49.89725;13.86711
20260611_122609_L560;20260611_122609;11.06.2026;12:14:00;560;35;8332;10;U6827Z1;Kolešov;50.17581;13.55677
20260611_122609_L589;20260611_122609;11.06.2026;11:55:00;589;13;7751;29;U4858Z1;Louny,ČSAD;50.35562;13.77892
20260611_122609_L633;20260611_122609;11.06.2026;12:12:00;633;53;9809;13;U4182Z2;Beroun,autobusové nádraží;49.96308;14.07032
20260611_122609_L634;20260611_122609;11.06.2026;11:57:00;634;19;9440;26;U2895Z2;Hostomice,nám.;49.82574;14.04514
20260611_122609_L641;20260611_122609;11.06.2026;12:07:00;641;17;9449;16;U9856Z1;Beroun,autobusové nádraží;49.86958;13.948
20260611_122609_L641;20260611_122609;11.06.2026;12:11:00;641;10;9547;14;U9860Z2;Hořovice,nemocnice;49.85065;13.91829
20260611_122609_L651;20260611_122609;11.06.2026;12:09:00;651;51;7879;15;U1550Z2;Pyšely,Nám.;49.89099;14.68027
20260611_122609_L698;20260611_122609;11.06.2026;12:13:00;698;4;8624;11;U1436Z1;Semice,střed;50.16059;14.91094
20260611_122609_L732;20260611_122609;11.06.2026;11:40:00;732;5;9765;45;U6251Z1;Bělá p.Bezd.,Bezdědice;50.48256;14.70164
20260611_123009_L311;20260611_123009;11.06.2026;12:17:00;311;40;9555;13;U1650Z2;Praha,Zličín;50.02411;14.22431
20260611_123009_L381;20260611_123009;11.06.2026;12:18:00;381;2;9372;12;U1885Z1;Čáslav,obchodní centrum;50.00478;14.65711
20260611_123009_L560;20260611_123009;11.06.2026;12:17:00;560;35;8332;10;U6826Z2;Kolešov;50.16859;13.53352
20260611_123009_L464;20260611_123009;11.06.2026;12:15:00;464;26;7982;11;U4367Z2;Horní Beřkovice,točna;50.36197;14.33773
20260611_123009_L641;20260611_123009;11.06.2026;12:15:00;641;10;9547;15;U9616Z7;Hořovice,nemocnice;49.83783;13.89765
20260611_123009_L821;20260611_123009;11.06.2026;12:17:00;821;70;1611;10;U2383Z1;Horní Kruty,Bohouňovice II;49.92741;14.9609
20260611_123009_L732;20260611_123009;11.06.2026;11:40:00;732;5;9765;48;U6251Z1;Bělá p.Bezd.,Bezdědice;50.48319;14.69716
20260611_123009_L191;20260611_123009;11.06.2026;12:06:00;191;21;3931;22;U629Z3P;Letiště / Airport ✈;50.10553;14.27175
20260611_123009_L650;20260611_123009;11.06.2026;12:20:00;650;24;12557;10;U31424Z1;Kladno,autobusové nádraží;50.4543;14.1462
20260611_123009_L589;20260611_123009;11.06.2026;11:55:00;589;13;7751;33;U4858Z1;Louny,ČSAD;50.35562;13.77892
20260611_123010_L798;20260611_123010;11.06.2026;12:17:00;798;46;7821;12;U5937Z1;Ostředek;49.77967;14.70969
20260611_123010_L136;20260611_123010;11.06.2026;12:16:00;136;10;6783;14;U743Z2P;Jižní Město;50.08605;14.45547
20260611_123010_L396;20260611_123010;11.06.2026;12:15:00;396;4;7991;13;U1672Z2;Přezletice,Vinořská;50.15384;14.58408
20260611_123010_L634;20260611_123010;11.06.2026;11:57:00;634;19;9440;30;U2895Z2;Hostomice,nám.;49.82576;14.04516
20260611_123010_L651;20260611_123010;11.06.2026;12:09:00;651;51;7879;19;U1550Z2;Pyšely,Nám.;49.89099;14.68027
20260611_123010_L136;20260611_123010;11.06.2026;12:20:00;136;8;6782;10;U181Z1P;Jižní Město;50.04015;14.49012
20260611_123010_L526;20260611_123010;11.06.2026;11:17:00;526;30;9585;72;U9611Z2;Bzová;49.89725;13.86711
20260611_123010_L805;20260611_123010;11.06.2026;12:19:00;805;18;7636;10;U7111Z2;Zruč n.Sáz.,Sázavan;49.77123;15.10622
20260611_123410_L136;20260611_123410;11.06.2026;12:24:00;136;8;6782;10;U106Z2P;Jižní Město;50.02793;14.50763
20260611_123410_L136;20260611_123410;11.06.2026;12:20:00;136;10;6783;14;U118Z4P;Jižní Město;50.07874;14.46053
20260611_123410_L136;20260611_123410;11.06.2026;12:20:00;136;11;6877;12;U1074Z4P;Jižní Město;50.09151;14.46857
20260611_123410_L191;20260611_123410;11.06.2026;12:06:00;191;21;3931;27;U629Z3P;Letiště / Airport ✈;50.10553;14.27175
20260611_123410_L805;20260611_123410;11.06.2026;12:19:00;805;18;7636;12;U7111Z2;Zruč n.Sáz.,Sázavan;49.75974;15.10104
20260611_123410_L821;20260611_123410;11.06.2026;12:21:00;821;70;1611;12;U2385Z1;Horní Kruty,Bohouňovice II;49.92198;14.9649
20260611_123410_L311;20260611_123410;11.06.2026;12:21:00;311;40;9555;13;U1648Z2;Praha,Zličín;50.03033;14.22205
20260611_123410_L315;20260611_123410;11.06.2026;12:21:00;315;8;1865;11;U3261Z51;Praha,Černý Most;50.24676;14.75013
20260611_123410_L345;20260611_123410;11.06.2026;12:23:00;345;36;10654;10;U3253Z1;Praha,Černý Most;50.52069;14.97338
20260611_123410_L361;20260611_123410;11.06.2026;12:21:00;361;58;1124;11;U421Z1;Dobříš,nám.;49.96123;14.39511
20260611_123410_L381;20260611_123410;11.06.2026;12:23:00;381;2;9372;11;U1882Z1;Čáslav,obchodní centrum;49.99612;14.67806
20260611_123410_L396;20260611_123410;11.06.2026;12:15:00;396;4;7991;17;U1672Z2;Přezletice,Vinořská;50.15384;14.58408
20260611_123410_L401;20260611_123410;11.06.2026;12:23:00;401;59;7771;10;U31276Z1;Jindřichův Hradec,aut.nádr.;49.4165;14.66254
20260611_123410_L406;20260611_123410;11.06.2026;12:22:00;406;3;7933;11;U7012Z2;Benešov,Terminál;49.77839;14.71755
20260611_123410_L464;20260611_123410;11.06.2026;12:22:00;464;26;7982;11;U4429Z1;Horní Beřkovice,točna;50.3559;14.35934
20260611_123410_L526;20260611_123410;11.06.2026;11:17:00;526;30;9585;76;U9611Z2;Bzová;49.89725;13.86711
20260611_123410_L560;20260611_123410;11.06.2026;12:23:00;560;35;8332;11;U6829Z2;Kolešov;50.15572;13.5306
20260611_123410_L589;20260611_123410;11.06.2026;11:55:00;589;13;7751;37;U4858Z1;Louny,ČSAD;50.35559;13.77889
20260611_123410_L650;20260611_123410;11.06.2026;12:23:00;650;24;12557;11;U31425Z1;Kladno,autobusové nádraží;50.45455;14.16086
20260611_123410_L651;20260611_123410;11.06.2026;12:09:00;651;51;7879;23;U1550Z2;Pyšely,Nám.;49.891;14.68026
20260611_123410_L760;20260611_123410;11.06.2026;12:20:00;760;8;8388;13;U31987Z1;Podbořany,aut.nádr.;50.22255;13.40712
20260611_123410_L798;20260611_123410;11.06.2026;12:17:00;798;46;7821;16;U5937Z1;Ostředek;49.77965;14.70968
20260611_123810_L136;20260611_123810;11.06.2026;12:28:00;136;8;6782;10;U353Z1P;Jižní Město;50.02625;14.52149
20260611_123810_L136;20260611_123810;11.06.2026;12:26:00;136;11;6877;12;U743Z2P;Jižní Město;50.08658;14.4554
20260611_123810_L191;20260611_123810;11.06.2026;12:06:00;191;21;3931;30;U629Z3P;Letiště / Airport ✈;50.10553;14.27175
20260611_123810_L805;20260611_123810;11.06.2026;12:25:00;805;18;7636;13;U7057Z71;Zruč n.Sáz.,Sázavan;49.74279;15.1036
20260611_123810_L311;20260611_123810;11.06.2026;12:26:00;311;40;9555;12;U1646Z2;Praha,Zličín;50.0371;14.24007
20260611_123810_L345;20260611_123810;11.06.2026;12:23:00;345;36;10654;12;U3253Z1;Praha,Černý Most;50.50048;14.97006
20260611_123810_L361;20260611_123810;11.06.2026;12:25:00;361;58;1124;11;U716Z1;Dobříš,nám.;49.9382;14.37232
20260611_123810_L381;20260611_123810;11.06.2026;12:24:00;381;2;9372;11;U1886Z1;Čáslav,obchodní centrum;49.98818;14.70868
20260611_123810_L396;20260611_123810;11.06.2026;12:15:00;396;4;7991;21;U1672Z2;Přezletice,Vinořská;50.15384;14.58408
20260611_123810_L401;20260611_123810;11.06.2026;12:25:00;401;59;7771;10;U31279Z1;Jindřichův Hradec,aut.nádr.;49.41113;14.67787
20260611_123810_L406;20260611_123810;11.06.2026;12:22:00;406;3;7933;15;U7012Z2;Benešov,Terminál;49.77839;14.71752
20260611_123810_L443;20260611_123810;11.06.2026;12:28:00;443;22;8594;10;U2349Z2;Nymburk,hl.nádr.;50.15821;14.75378
20260611_123810_L526;20260611_123810;11.06.2026;11:17:00;526;30;9585;80;U9611Z2;Bzová;49.89725;13.86711
20260611_123810_L560;20260611_123810;11.06.2026;12:26:00;560;35;8332;12;U6832Z3;Kolešov;50.1441;13.50378
20260611_123810_L589;20260611_123810;11.06.2026;11:55:00;589;13;7751;41;U4858Z1;Louny,ČSAD;50.35561;13.7789
20260611_123810_L650;20260611_123810;11.06.2026;12:24:00;650;24;12557;10;U31426Z1;Kladno,autobusové nádraží;50.42605;14.16234
20260611_123810_L651;20260611_123810;11.06.2026;12:09:00;651;51;7879;27;U1550Z2;Pyšely,Nám.;49.89102;14.68029
20260611_123810_L655;20260611_123810;11.06.2026;12:24:00;655;44;8130;11;U5242Z1;Úvaly,žel.st.;50.07421;14.72303
20260611_123810_L760;20260611_123810;11.06.2026;12:20:00;760;8;8388;15;U31987Z1;Podbořany,aut.nádr.;50.22254;13.4072
20260611_123810_L798;20260611_123810;11.06.2026;12:17:00;798;46;7821;20;U5937Z1;Ostředek;49.77966;14.70968
20260611_124210_L589;20260611_124210;11.06.2026;11:55:00;589;13;7751;45;U4858Z1;Louny,ČSAD;50.35562;13.77889
20260611_124210_L406;20260611_124210;11.06.2026;12:22:00;406;3;7933;19;U7012Z2;Benešov,Terminál;49.77839;14.71753
20260611_124210_L650;20260611_124210;11.06.2026;12:31:00;650;24;12557;11;U31428Z1;Kladno,autobusové nádraží;50.40563;14.13196
20260611_124210_L467;20260611_124210;11.06.2026;12:30:00;467;15;8116;12;U9166Z2;Mladá Boleslav,aut.st.;50.31169;14.60785
20260611_124210_L191;20260611_124210;11.06.2026;12:06:00;191;21;3931;35;U629Z3P;Letiště / Airport ✈;50.10531;14.27178
20260611_124210_L381;20260611_124210;11.06.2026;12:30:00;381;2;9372;12;U2008Z1;Čáslav,obchodní centrum;49.98951;14.74055
20260611_124210_L361;20260611_124210;11.06.2026;12:31:00;361;58;1124;11;U1753Z1;Dobříš,nám.;49.90801;14.39287
20260611_124210_L342;20260611_124210;11.06.2026;12:32:00;342;20;7701;10;U4776Z1;Slaný,žel.st.;50.22843;14.09485
20260611_124210_L311;20260611_124210;11.06.2026;12:29:00;311;40;9555;13;U1190Z2;Praha,Zličín;50.0446;14.25863
20260611_124210_L406;20260611_124210;11.06.2026;12:27:00;406;4;7936;12;U5898Z1;Pelhřimov,aut.nádr.;49.78066;14.70378
20260611_124210_L798;20260611_124210;11.06.2026;12:17:00;798;46;7821;24;U5937Z1;Ostředek;49.77966;14.70968
20260611_124210_L110;20260611_124210;11.06.2026;12:29:00;110;3;1477;12;U207Z3P;Dolní Počernice;50.08984;14.54708
20260611_124210_L194;20260611_124210;11.06.2026;12:30:00;194;5;1913;11;U360Z10P;Nemocnice pod Petřínem;50.09155;14.40935
20260611_124210_L401;20260611_124210;11.06.2026;12:29:00;401;59;7771;11;U4886Z7;Jindřichův Hradec,aut.nádr.;49.4128;14.67567
20260611_124210_L760;20260611_124210;11.06.2026;12:20:00;760;8;8388;19;U31987Z1;Podbořany,aut.nádr.;50.22254;13.40727
20260611_124210_L396;20260611_124210;11.06.2026;12:15:00;396;4;7991;25;U1672Z2;Přezletice,Vinořská;50.15384;14.58408
20260611_124210_L651;20260611_124210;11.06.2026;12:09:00;651;51;7879;31;U1550Z2;Pyšely,Nám.;49.89102;14.68029
20260611_124210_L136;20260611_124210;11.06.2026;12:28:00;136;11;6877;13;U516Z3P;Jižní Město;50.07923;14.46024
20260611_124210_L228;20260611_124210;11.06.2026;12:30:00;228;12;9016;12;U336Z2P;Poliklinika Malešice;50.03175;14.59865
20260611_124210_L136;20260611_124210;11.06.2026;12:27:00;136;10;6783;15;U29Z1P;Jižní Město;50.07256;14.4705
20260611_124210_L180;20260611_124210;11.06.2026;12:32:00;180;7;5127;10;U321Z4P;Dejvická;50.09999;14.39549
20260611_124210_L526;20260611_124210;11.06.2026;11:17:00;526;30;9585;84;U9611Z2;Bzová;49.89725;13.86711
20260611_124611_L110;20260611_124611;11.06.2026;12:34:00;110;3;1477;12;U158Z1P;Dolní Počernice;50.09029;14.5636
20260611_124611_L126;20260611_124611;11.06.2026;12:34:00;126;5;4110;13;U336Z2P;Nádraží Uhříněves;50.03161;14.59856
20260611_124611_L136;20260611_124611;11.06.2026;12:31:00;136;10;6783;15;U37Z1P;Jižní Město;50.06039;14.46963
20260611_124611_L136;20260611_124611;11.06.2026;12:32:00;136;11;6877;14;U518Z3P;Jižní Město;50.07657;14.45876
20260611_124611_L136;20260611_124611;11.06.2026;12:36:00;136;12;5542;10;U743Z2P;Jižní Město;50.08609;14.45556
20260611_124611_L177;20260611_124611;11.06.2026;12:35:00;177;4;6781;11;U166Z1P;Chodov;50.04777;14.51886
20260611_124611_L194;20260611_124611;11.06.2026;12:33:00;194;5;1913;12;U361Z6P;Nemocnice pod Petřínem;50.08713;14.40358
20260611_124611_L228;20260611_124611;11.06.2026;12:32:00;228;12;9016;14;U461Z2P;Poliklinika Malešice;50.03317;14.59328
20260611_124611_L311;20260611_124611;11.06.2026;12:32:00;311;40;9555;13;U1142Z2;Praha,Zličín;50.05457;14.28193
20260611_124611_L342;20260611_124611;11.06.2026;12:34:00;342;20;7701;11;U4777Z15;Slaný,žel.st.;50.22852;14.08835
20260611_124611_L361;20260611_124611;11.06.2026;12:35:00;361;58;1124;10;U1764Z1;Dobříš,nám.;49.88901;14.39772
20260611_124611_L381;20260611_124611;11.06.2026;12:33:00;381;2;9372;13;U2010Z1;Čáslav,obchodní centrum;49.98831;14.76806
20260611_124611_L396;20260611_124611;11.06.2026;12:15:00;396;4;7991;29;U1672Z2;Přezletice,Vinořská;50.15384;14.58408
20260611_124611_L401;20260611_124611;11.06.2026;12:33:00;401;59;7771;13;U32435Z2;Jindřichův Hradec,aut.nádr.;49.40218;14.68601
20260611_124611_L406;20260611_124611;11.06.2026;12:35:00;406;13;7943;10;U5786Z1;Praha,Roztyly;49.70997;14.89404
20260611_124611_L406;20260611_124611;11.06.2026;12:22:00;406;3;7933;24;U7012Z2;Benešov,Terminál;49.77835;14.7174
20260611_124611_L406;20260611_124611;11.06.2026;12:27:00;406;4;7936;16;U5898Z1;Pelhřimov,aut.nádr.;49.78067;14.70378
20260611_124611_L491;20260611_124611;11.06.2026;12:34:00;491;9;8653;10;U1908Z2;Český Brod,žel.st.;49.99962;14.75738
20260611_124611_L526;20260611_124611;11.06.2026;11:17:00;526;30;9585;88;U9611Z2;Bzová;49.89725;13.86711
20260611_124611_L578;20260611_124611;11.06.2026;12:35:00;578;72;8377;10;U4016Z1;Rakovník,aut.st.;50.03412;13.83339
20260611_124611_L589;20260611_124611;11.06.2026;11:55:00;589;13;7751;49;U4858Z1;Louny,ČSAD;50.35562;13.77889
20260611_124611_L641;20260611_124611;11.06.2026;12:31:00;641;17;9449;15;U9006Z1;Beroun,autobusové nádraží;49.93448;14.01073
20260611_124611_L650;20260611_124611;11.06.2026;12:33:00;650;24;12557;10;U31429Z1;Kladno,autobusové nádraží;50.39945;14.12329
20260611_124611_L651;20260611_124611;11.06.2026;12:09:00;651;51;7879;35;U1550Z2;Pyšely,Nám.;49.89102;14.68029
20260611_124611_L760;20260611_124611;11.06.2026;12:20:00;760;8;8388;23;U31987Z1;Podbořany,aut.nádr.;50.22249;13.40695
20260611_124611_L798;20260611_124611;11.06.2026;12:17:00;798;46;7821;28;U5937Z1;Ostředek;49.77967;14.70972
20260611_125011_L194;20260611_125011;11.06.2026;12:36:00;194;5;1913;14;U2952Z1P;Nemocnice pod Petřínem;50.08717;14.39738
20260611_125011_L429;20260611_125011;11.06.2026;12:36:00;429;18;8857;13;U462Z14;Unhošť,Nám.;50.09523;14.34487
20260611_125011_L589;20260611_125011;11.06.2026;11:55:00;589;13;7751;53;U4858Z1;Louny,ČSAD;50.35563;13.77889
20260611_125011_L650;20260611_125011;11.06.2026;12:36:00;650;24;12557;10;U31430Z1;Kladno,autobusové nádraží;50.36816;14.12252
20260611_125011_L406;20260611_125011;11.06.2026;12:38:00;406;13;7943;12;U5799Z2;Praha,Roztyly;49.71314;14.86974
20260611_125011_L381;20260611_125011;11.06.2026;12:35:00;381;2;9372;13;U2011Z1;Čáslav,obchodní centrum;49.9917;14.81118
20260611_125011_L406;20260611_125011;11.06.2026;12:27:00;406;4;7936;20;U5898Z1;Pelhřimov,aut.nádr.;49.78067;14.70378
20260611_125011_L342;20260611_125011;11.06.2026;12:36:00;342;20;7701;12;U4786Z1;Slaný,žel.st.;50.23011;14.08169
20260611_125011_L228;20260611_125011;11.06.2026;12:37:00;228;12;9016;13;U7040Z2P;Poliklinika Malešice;50.05169;14.58094
20260611_125011_L361;20260611_125011;11.06.2026;12:37:00;361;58;1124;10;U4279Z1;Dobříš,nám.;49.85418;14.39988
20260611_125011_L491;20260611_125011;11.06.2026;12:40:00;491;9;8653;10;U9609Z2;Český Brod,žel.st.;50.01502;14.78303
20260611_125011_L177;20260611_125011;11.06.2026;12:40:00;177;4;6781;10;U99Z1P;Chodov;50.03787;14.5093
20260611_125011_L396;20260611_125011;11.06.2026;12:15:00;396;4;7991;33;U1672Z2;Přezletice,Vinořská;50.15384;14.58408
20260611_125011_L760;20260611_125011;11.06.2026;12:20:00;760;8;8388;27;U31987Z1;Podbořany,aut.nádr.;50.2225;13.40703
20260611_125011_L345;20260611_125011;11.06.2026;12:35:00;345;36;10654;14;U3395Z2;Praha,Černý Most;50.44272;14.92908
20260611_125011_L798;20260611_125011;11.06.2026;12:17:00;798;46;7821;32;U5937Z1;Ostředek;49.77966;14.70973
20260611_125011_L406;20260611_125011;11.06.2026;12:22:00;406;3;7933;26;U7012Z2;Benešov,Terminál;49.77787;14.71914
20260611_125011_L136;20260611_125011;11.06.2026;12:38:00;136;12;5542;10;U516Z3P;Jižní Město;50.07929;14.4605
20260611_125011_L651;20260611_125011;11.06.2026;12:09:00;651;51;7879;39;U1550Z2;Pyšely,Nám.;49.89102;14.68029
20260611_125011_L826;20260611_125011;11.06.2026;12:38:00;826;37;8618;11;U2437Z1;Tuklaty,Tlustovousy;50.08824;14.76448
20260611_125011_L136;20260611_125011;11.06.2026;12:36:00;136;10;6783;14;U697Z3P;Jižní Město;50.04868;14.48084
20260611_125011_L324;20260611_125011;11.06.2026;12:40:00;324;27;8953;10;U4316Z5;Praha,Zličín;50.13055;14.13733
20260611_125011_L136;20260611_125011;11.06.2026;12:37:00;136;11;6877;14;U29Z1P;Jižní Město;50.07325;14.47022
20260611_125011_L400;20260611_125011;11.06.2026;12:38:00;400;56;1082;10;U31355Z2;Praha,Střížkov;50.69138;14.54147
20260611_125411_L110;20260611_125411;11.06.2026;12:41:00;110;4;8099;11;U65Z2P;Dolní Počernice;50.11018;14.53112
20260611_125411_L136;20260611_125411;11.06.2026;12:41:00;136;11;6877;13;U37Z1P;Jižní Město;50.06113;14.46942
20260611_125411_L136;20260611_125411;11.06.2026;12:42:00;136;12;5542;12;U518Z3P;Jižní Město;50.07654;14.4588
20260611_125411_L136;20260611_125411;11.06.2026;12:44:00;136;13;6809;10;U69Z2P;Jižní Město;50.08896;14.46159
20260611_125411_L177;20260611_125411;11.06.2026;12:43:00;177;4;6781;11;U106Z2P;Chodov;50.02793;14.50765
20260611_125411_L228;20260611_125411;11.06.2026;12:40:00;228;12;9016;13;U1115Z1P;Poliklinika Malešice;50.0626;14.59068
20260611_125411_L826;20260611_125411;11.06.2026;12:38:00;826;37;8618;13;U2437Z1;Tuklaty,Tlustovousy;50.08824;14.76448
20260611_125411_L324;20260611_125411;11.06.2026;12:41:00;324;27;8953;12;U4315Z2;Praha,Zličín;50.13875;14.14005
20260611_125411_L381;20260611_125411;11.06.2026;12:41:00;381;2;9372;13;U2014Z1;Čáslav,obchodní centrum;49.99282;14.84525
20260611_125411_L382;20260611_125411;11.06.2026;12:42:00;382;5;9953;12;U336Z1;Sázava,aut.st.;50.03111;14.59932
20260611_125411_L396;20260611_125411;11.06.2026;12:15:00;396;4;7991;38;U1672Z2;Přezletice,Vinořská;50.15396;14.58407
20260611_125411_L400;20260611_125411;11.06.2026;12:41:00;400;56;1082;11;U32490Z1;Praha,Střížkov;50.67985;14.53665
20260611_125411_L406;20260611_125411;11.06.2026;12:42:00;406;13;7943;11;U7610Z2;Praha,Roztyly;49.73332;14.82579
20260611_125411_L406;20260611_125411;11.06.2026;12:27:00;406;4;7936;24;U5898Z1;Pelhřimov,aut.nádr.;49.78062;14.7038
20260611_125411_L410;20260611_125411;11.06.2026;12:43:00;410;9;11646;10;U1794Z2;Praha,Střížkov;50.35346;14.48217
20260611_125411_L429;20260611_125411;11.06.2026;12:36:00;429;18;8857;17;U462Z14;Unhošť,Nám.;50.09526;14.34311
20260611_125411_L448;20260611_125411;11.06.2026;12:39:00;448;61;1129;12;U2570Z2;Lety,K Libří;49.92465;14.24179
20260611_125411_L467;20260611_125411;11.06.2026;12:42:00;467;15;8116;10;U9176Z1;Mladá Boleslav,aut.st.;50.35033;14.71253
20260611_125411_L491;20260611_125411;11.06.2026;12:43:00;491;9;8653;10;U1423Z2;Český Brod,žel.st.;50.02314;14.79726
20260611_125411_L589;20260611_125411;11.06.2026;11:55:00;589;13;7751;57;U4858Z1;Louny,ČSAD;50.35562;13.7789
20260611_125411_L628;20260611_125411;11.06.2026;12:44:00;628;24;8741;10;U9322Z1;Kladno,autobusové nádraží;50.20637;13.89942
20260611_125411_L650;20260611_125411;11.06.2026;12:44:00;650;24;12557;10;U31431Z1;Kladno,autobusové nádraží;50.36447;14.1311
20260611_125411_L651;20260611_125411;11.06.2026;12:09:00;651;51;7879;43;U1550Z2;Pyšely,Nám.;49.89102;14.68029
20260611_125411_L724;20260611_125411;11.06.2026;12:43:00;724;64;9800;10;U6233Z1;Libáň,aut.st.;50.41004;14.98246
20260611_125411_L760;20260611_125411;11.06.2026;12:20:00;760;8;8388;31;U31987Z1;Podbořany,aut.nádr.;50.22252;13.40718
20260611_125411_L798;20260611_125411;11.06.2026;12:17:00;798;46;7821;36;U5937Z1;Ostředek;49.77967;14.70973
20260611_125812_L110;20260611_125812;11.06.2026;12:43:00;110;4;8099;11;U499Z5P;Dolní Počernice;50.10642;14.53133
20260611_125812_L126;20260611_125812;11.06.2026;12:46:00;126;6;4114;10;U220Z2P;Nádraží Uhříněves;50.0292;14.59425
20260611_125812_L136;20260611_125812;11.06.2026;12:43:00;136;10;6783;15;U344Z1P;Jižní Město;50.03178;14.50445
20260611_125812_L136;20260611_125812;11.06.2026;12:46:00;136;11;6877;12;U697Z3P;Jižní Město;50.04868;14.48083
20260611_125812_L136;20260611_125812;11.06.2026;12:47:00;136;12;5542;10;U29Z1P;Jižní Město;50.07256;14.47049
20260611_125812_L136;20260611_125812;11.06.2026;12:46:00;136;13;6809;10;U743Z2P;Jižní Město;50.08305;14.45862
20260611_125812_L177;20260611_125812;11.06.2026;12:47:00;177;4;6781;11;U982Z2P;Chodov;50.02148;14.494
20260611_125812_L228;20260611_125812;11.06.2026;12:46:00;228;11;9044;11;U461Z2P;Benice;50.03373;14.59569
20260611_125812_L826;20260611_125812;11.06.2026;12:38:00;826;37;8618;19;U2437Z1;Tuklaty,Tlustovousy;50.08823;14.76447
20260611_125812_L311;20260611_125812;11.06.2026;12:45:00;311;77;9583;10;U2377Z1;Řevnice,nádraží;49.92492;14.23999
20260611_125812_L342;20260611_125812;11.06.2026;12:47:00;342;1;7702;10;U4398Z52;Praha,Nádraží Veleslavín;50.16988;14.19276
20260611_125812_L365;20260611_125812;11.06.2026;12:48:00;365;11;8815;10;U610Z4;Praha,Motol;50.0787;14.34335
20260611_125812_L381;20260611_125812;11.06.2026;12:45:00;381;2;9372;13;U2016Z1;Čáslav,obchodní centrum;49.9942;14.86077
20260611_125812_L382;20260611_125812;11.06.2026;12:45:00;382;5;9953;12;U2137Z1;Sázava,aut.st.;50.02381;14.62304
20260611_125812_L401;20260611_125812;11.06.2026;12:44:00;401;59;7771;13;U31441Z1;Jindřichův Hradec,aut.nádr.;49.3464;14.7091
20260611_125812_L406;20260611_125812;11.06.2026;12:46:00;406;13;7943;12;U7856Z2;Praha,Roztyly;49.74963;14.77808
20260611_125812_L406;20260611_125812;11.06.2026;12:27:00;406;4;7936;28;U5898Z1;Pelhřimov,aut.nádr.;49.78062;14.70381
20260611_125812_L448;20260611_125812;11.06.2026;12:39:00;448;61;1129;16;U2570Z2;Lety,K Libří;49.92465;14.2418
20260611_125812_L491;20260611_125812;11.06.2026;12:47:00;491;9;8653;11;U1422Z2;Český Brod,žel.st.;50.04628;14.81078
20260611_125812_L589;20260611_125812;11.06.2026;11:55:00;589;13;7751;59;U4858Z1;Louny,ČSAD;50.35562;13.7789
20260611_125812_L628;20260611_125812;11.06.2026;12:48:00;628;24;8741;10;U9325Z2;Kladno,autobusové nádraží;50.19644;13.90999
20260611_125812_L650;20260611_125812;11.06.2026;12:46:00;650;24;12557;10;U31432Z1;Kladno,autobusové nádraží;50.34572;14.14698
20260611_125812_L651;20260611_125812;11.06.2026;12:09:00;651;51;7879;47;U1550Z2;Pyšely,Nám.;49.89102;14.68029
20260611_125812_L724;20260611_125812;11.06.2026;12:47:00;724;64;9800;11;U6262Z1;Libáň,aut.st.;50.40614;15.00599
20260611_125812_L798;20260611_125812;11.06.2026;12:17:00;798;46;7821;40;U5937Z1;Ostředek;49.77967;14.70973
20260611_130212_L149;20260611_130212;11.06.2026;12:52:00;149;8;4200;10;U362Z12P;Dejvická;50.08557;14.38174
20260611_130212_L406;20260611_130212;11.06.2026;12:51:00;406;13;7943;11;U7982Z2;Praha,Roztyly;49.77311;14.72629
20260611_130212_L719;20260611_130212;11.06.2026;12:49:00;719;22;9087;12;U6207Z1;Bítouchov;50.47554;14.90812
20260611_130212_L637;20260611_130212;11.06.2026;12:47:00;637;61;9571;13;U9085Z2;Kublov,Slovanka;49.94499;13.87518
20260611_130212_L136;20260611_130212;11.06.2026;12:50:00;136;11;6877;12;U181Z1P;Jižní Město;50.04016;14.4901
20260611_130212_L136;20260611_130212;11.06.2026;12:50:00;136;13;6809;12;U118Z4P;Jižní Město;50.07813;14.46086
20260611_130212_L136;20260611_130212;11.06.2026;12:47:00;136;10;6783;15;U916Z1P;Jižní Město;50.02519;14.51478
20260611_130212_L452;20260611_130212;11.06.2026;12:51:00;452;26;7073;10;U6516Z1;Mladá Vožice,aut.st.;49.64898;14.6336
20260611_130212_L177;20260611_130212;11.06.2026;12:49:00;177;4;6781;12;U1116Z2P;Chodov;50.02995;14.48781
20260611_130212_L589;20260611_130212;11.06.2026;11:55:00;589;13;7751;64;U4858Z1;Louny,ČSAD;50.35622;13.77834
20260611_130212_L324;20260611_130212;11.06.2026;12:49:00;324;27;8953;12;U4304Z1;Praha,Zličín;50.14937;14.18119
20260611_130212_L560;20260611_130212;11.06.2026;12:50:00;560;35;8332;10;U6818Z1;Rakovník,aut.st.;50.13166;13.60693
20260611_130212_L228;20260611_130212;11.06.2026;12:49:00;228;11;9044;13;U3053Z1P;Benice;50.02881;14.59356
20260611_130212_L311;20260611_130212;11.06.2026;12:52:00;311;77;9583;10;U9217Z1;Řevnice,nádraží;49.92359;14.25884
20260611_130212_L228;20260611_130212;11.06.2026;12:48:00;228;12;9016;13;U794Z2P;Poliklinika Malešice;50.07136;14.54888
20260611_130212_L491;20260611_130212;11.06.2026;12:50:00;491;9;8653;12;U2273Z2;Český Brod,žel.st.;50.05949;14.82505
20260611_130212_L826;20260611_130212;11.06.2026;12:38:00;826;37;8618;23;U2437Z1;Tuklaty,Tlustovousy;50.08823;14.76447
20260611_130212_L631;20260611_130212;11.06.2026;12:52:00;631;51;9563;10;U9774Z1;Nižbor,u lípy;49.99528;14.0255
20260611_130212_L798;20260611_130212;11.06.2026;12:17:00;798;46;7821;45;U5937Z1;Ostředek;49.77981;14.70863
20260611_130212_L406;20260611_130212;11.06.2026;12:27:00;406;4;7936;35;U5898Z1;Pelhřimov,aut.nádr.;49.78773;14.69687
20260611_130212_L651;20260611_130212;11.06.2026;12:09:00;651;51;7879;50;U1550Z2;Pyšely,Nám.;49.88665;14.67614
20260611_130212_L401;20260611_130212;11.06.2026;12:48:00;401;59;7771;14;U31442Z1;Jindřichův Hradec,aut.nádr.;49.30173;14.72068
20260611_130212_L724;20260611_130212;11.06.2026;12:50:00;724;64;9800;12;U9456Z1;Libáň,aut.st.;50.41604;15.00341
20260611_130212_L467;20260611_130212;11.06.2026;12:52:00;467;15;8116;10;U9295Z1;Mladá Boleslav,aut.st.;50.36711;14.79508
20260611_130212_L443;20260611_130212;11.06.2026;12:52:00;443;22;8594;10;U1439Z1;Nymburk,hl.nádr.;50.16518;14.93691
20260611_130212_L628;20260611_130212;11.06.2026;12:51:00;628;24;8741;11;U9340Z2;Kladno,autobusové nádraží;50.18218;13.92278
20260611_130212_L130;20260611_130212;11.06.2026;12:49:00;130;6;3856;10;U944Z1P;Zličín;50.02177;14.33131
20260611_130212_L381;20260611_130212;11.06.2026;12:50:00;381;2;9372;11;U1979Z1;Čáslav,obchodní centrum;49.97961;14.88978
20260611_130212_L382;20260611_130212;11.06.2026;12:50:00;382;5;9953;11;U1885Z1;Sázava,aut.st.;50.00418;14.65818
20260611_130212_L365;20260611_130212;11.06.2026;12:51:00;365;11;8815;11;U306Z2;Praha,Motol;50.07423;14.33918
20260611_130212_L110;20260611_130212;11.06.2026;12:50:00;110;4;8099;11;U652Z3P;Dolní Počernice;50.10636;14.54376
20260611_130212_L394;20260611_130212;11.06.2026;12:51:00;394;26;9918;11;U4273Z1;Praha,Nové Butovice;49.96884;14.08049
20260611_130212_L126;20260611_130212;11.06.2026;12:47:00;126;6;4114;14;U3053Z2P;Nádraží Uhříněves;50.0304;14.59631
20260611_130612_L110;20260611_130612;11.06.2026;12:54:00;110;4;8099;12;U137Z1P;Dolní Počernice;50.10538;14.55688
20260611_130612_L126;20260611_130612;11.06.2026;12:47:00;126;6;4114;16;U3053Z2P;Nádraží Uhříněves;50.03122;14.59802
20260611_130612_L130;20260611_130612;11.06.2026;12:49:00;130;6;3856;11;U944Z1P;Zličín;50.02247;14.32932
20260611_130612_L136;20260611_130612;11.06.2026;12:52:00;136;11;6877;12;U424Z1P;Jižní Město;50.03303;14.50027
20260611_130612_L136;20260611_130612;11.06.2026;12:54:00;136;13;6809;11;U855Z1P;Jižní Město;50.0746;14.46276
20260611_130612_L149;20260611_130612;11.06.2026;12:53:00;149;8;4200;11;U563Z1P;Dejvická;50.08605;14.37883
20260611_130612_L228;20260611_130612;11.06.2026;12:51:00;228;11;9044;14;U1385Z1P;Benice;50.02443;14.60256
20260611_130612_L826;20260611_130612;11.06.2026;12:38:00;826;37;8618;27;U2437Z1;Tuklaty,Tlustovousy;50.08825;14.76398
20260611_130612_L858;20260611_130612;11.06.2026;12:51:00;858;68;8712;13;U2867Z1;Slaný,gymnázium;50.22813;14.09594
20260611_130612_L311;20260611_130612;11.06.2026;12:52:00;311;77;9583;12;U9217Z1;Řevnice,nádraží;49.92587;14.26691
20260611_130612_L316;20260611_130612;11.06.2026;12:56:00;316;8;8982;10;U1692Z1;Kralupy n.Vlt.,žel.st.;50.19677;14.29504
20260611_130612_L324;20260611_130612;11.06.2026;12:54:00;324;27;8953;12;U4301Z2;Praha,Zličín;50.14741;14.21503
20260611_130612_L325;20260611_130612;11.06.2026;12:53:00;325;16;1636;12;U3053Z2;Praha,Nádraží Uhříněves;50.03075;14.5971
20260611_130612_L452;20260611_130612;11.06.2026;12:55:00;452;26;7073;10;U6489Z4;Mladá Vožice,aut.st.;49.63857;14.64283
20260611_130612_L381;20260611_130612;11.06.2026;12:55:00;381;2;9372;10;U1982Z1;Čáslav,obchodní centrum;49.96933;14.9406
20260611_130612_L382;20260611_130612;11.06.2026;12:53:00;382;5;9953;11;U1878Z1;Sázava,aut.st.;49.99715;14.67451
20260611_130612_L383;20260611_130612;11.06.2026;12:55:00;383;33;9109;10;U542Z1;Chocerady;50.0339;14.59549
20260611_130612_L394;20260611_130612;11.06.2026;12:51:00;394;26;9918;13;U4273Z1;Praha,Nové Butovice;49.975;14.10054
20260611_130612_L401;20260611_130612;11.06.2026;12:51:00;401;59;7771;14;U31443Z1;Jindřichův Hradec,aut.nádr.;49.27314;14.71514
20260611_130612_L406;20260611_130612;11.06.2026;12:52:00;406;13;7943;13;U7012Z2;Praha,Roztyly;49.7771;14.72023
20260611_130612_L432;20260611_130612;11.06.2026;12:54:00;432;1;8693;11;U1490Z1;Lysá n.L.,žel.st.;50.22759;14.83877
20260611_130612_L443;20260611_130612;11.06.2026;12:56:00;443;22;8594;10;U1441Z1;Nymburk,hl.nádr.;50.14447;14.98182
20260611_130612_L491;20260611_130612;11.06.2026;12:53:00;491;9;8653;12;U1417Z2;Český Brod,žel.st.;50.06946;14.8522
20260611_130612_L560;20260611_130612;11.06.2026;12:50:00;560;35;8332;11;U6818Z1;Rakovník,aut.st.;50.11461;13.59772
20260611_130612_L637;20260611_130612;11.06.2026;12:47:00;637;61;9571;17;U9085Z2;Kublov,Slovanka;49.94499;13.87518
20260611_130612_L640;20260611_130612;11.06.2026;12:51:00;640;27;9406;11;U9810Z1;Hostomice,nám.;49.82583;14.04498
20260611_130612_L649;20260611_130612;11.06.2026;12:56:00;649;51;9563;10;U9776Z1;Nižbor,Žloukovice;50.00043;14.00104
20260611_130612_L650;20260611_130612;11.06.2026;12:56:00;650;24;12557;10;U9125Z1;Kladno,autobusové nádraží;50.3108;14.12226
20260611_130612_L711;20260611_130612;11.06.2026;12:55:00;711;4;12940;10;U2926Z15;Louny,Aut.nádr.;50.1006;13.73443
20260611_130612_L724;20260611_130612;11.06.2026;12:53:00;724;64;9800;11;U6282Z1;Libáň,aut.st.;50.43066;15.03819
20260611_130612_L773;20260611_130612;11.06.2026;12:55:00;773;1;7546;10;U2157Z2;Sázava,aut.st.;49.87907;15.05341
20260611_130612_L798;20260611_130612;11.06.2026;12:17:00;798;46;7821;48;U5937Z1;Ostředek;49.7784;14.71713
20260611_131013_L130;20260611_131013;11.06.2026;12:49:00;130;6;3856;17;U944Z1P;Zličín;50.02382;14.32138
20260611_131013_L149;20260611_131013;11.06.2026;12:57:00;149;8;4200;11;U867Z1P;Dejvická;50.09491;14.39635
20260611_131013_L821;20260611_131013;11.06.2026;13:00:00;821;69;1584;10;U1984Z4;Kolín,nádraží;49.96627;14.96424
20260611_131013_L136;20260611_131013;11.06.2026;13:00:00;136;14;5546;10;U118Z4P;Jižní Město;50.07812;14.46078
20260611_131013_L151;20260611_131013;11.06.2026;12:59:00;151;1;2333;11;U474Z7P;Českomoravská;50.11002;14.50178
20260611_131013_L136;20260611_131013;11.06.2026;12:57:00;136;11;6877;13;U916Z1P;Jižní Město;50.02514;14.51477
20260611_131013_L136;20260611_131013;11.06.2026;12:59:00;136;13;6809;10;U680Z3P;Jižní Město;50.06833;14.46921
20260611_131013_L382;20260611_131013;11.06.2026;12:56:00;382;5;9953;12;U1886Z1;Sázava,aut.st.;49.9883;14.70308
20260611_131013_L467;20260611_131013;11.06.2026;12:58:00;467;53;9824;10;U4715Z1;Roudnice n.L.,ČSAD;50.42308;14.25574
20260611_131013_L650;20260611_131013;11.06.2026;12:57:00;650;24;12557;10;U9123Z1;Kladno,autobusové nádraží;50.29473;14.09596
20260611_131013_L406;20260611_131013;11.06.2026;12:52:00;406;13;7943;17;U7012Z2;Praha,Roztyly;49.77778;14.71926
20260611_131013_L110;20260611_131013;11.06.2026;12:57:00;110;4;8099;12;U313Z1P;Dolní Počernice;50.09719;14.54787
20260611_131013_L342;20260611_131013;11.06.2026;12:59:00;342;1;7702;10;U2135Z2;Praha,Nádraží Veleslavín;50.12208;14.26275
20260611_131013_L383;20260611_131013;11.06.2026;12:57:00;383;33;9109;12;U336Z1;Chocerady;50.02952;14.60336
20260611_131013_L773;20260611_131013;11.06.2026;13:00:00;773;1;7546;10;U2159Z2;Sázava,aut.st.;49.87546;15.01589
20260611_131013_L316;20260611_131013;11.06.2026;12:59:00;316;8;8982;10;U1693Z2;Kralupy n.Vlt.,žel.st.;50.20145;14.29481
20260611_131013_L325;20260611_131013;11.06.2026;12:53:00;325;16;1636;15;U3053Z2;Praha,Nádraží Uhříněves;50.03141;14.59837
20260611_131013_L228;20260611_131013;11.06.2026;12:56:00;228;12;9016;14;U404Z4P;Poliklinika Malešice;50.07683;14.52888
20260611_131013_L311;20260611_131013;11.06.2026;12:56:00;311;77;9583;14;U1852Z51;Řevnice,nádraží;49.92722;14.27589
20260611_131013_L620;20260611_131013;11.06.2026;12:58:00;620;14;7324;10;U4421Z2;Kladno,autobusové nádraží;50.19361;14.17063
20260611_131013_L630;20260611_131013;11.06.2026;12:58:00;630;40;8793;11;U4595Z1;Beroun,Jarov,náves;50.11808;14.12574
20260611_131013_L711;20260611_131013;11.06.2026;12:55:00;711;4;12940;15;U2926Z15;Louny,Aut.nádr.;50.1006;13.73443
20260611_131013_L560;20260611_131013;11.06.2026;12:50:00;560;35;8332;13;U6818Z1;Rakovník,aut.st.;50.09564;13.62931
20260611_131013_L452;20260611_131013;11.06.2026;12:56:00;452;26;7073;12;U6491Z1;Mladá Vožice,aut.st.;49.62734;14.65091
20260611_131013_L432;20260611_131013;11.06.2026;12:58:00;432;1;8693;10;U2445Z2;Lysá n.L.,žel.st.;50.20261;14.84288
20260611_131013_L724;20260611_131013;11.06.2026;13:00:00;724;64;9800;10;U9457Z1;Libáň,aut.st.;50.42023;15.04047
20260611_131013_L636;20260611_131013;11.06.2026;13:00:00;636;30;9778;10;U4913Z1;Chyňava,škola;50.02758;14.09384
20260611_131013_L640;20260611_131013;11.06.2026;12:51:00;640;27;9406;15;U9810Z1;Hostomice,nám.;49.82584;14.04498
20260611_131416_L724;20260611_131416;11.06.2026;13:04:00;724;64;9800;10;U4492Z1;Libáň,aut.st.;50.41394;15.0693
20260611_131416_L650;20260611_131416;11.06.2026;13:03:00;650;24;12557;10;U4878Z1;Kladno,autobusové nádraží;50.27645;14.09346
20260611_131416_L130;20260611_131416;11.06.2026;12:49:00;130;6;3856;20;U944Z1P;Zličín;50.02406;14.3173
20260611_131416_L110;20260611_131416;11.06.2026;13:01:00;110;4;8099;13;U193Z1P;Dolní Počernice;50.0876;14.559
20260611_131416_L136;20260611_131416;11.06.2026;13:00:00;136;33;6813;11;U1074Z4P;Jižní Město;50.09119;14.46833
20260611_131416_L382;20260611_131416;11.06.2026;13:03:00;382;5;9953;11;U2008Z1;Sázava,aut.st.;49.98949;14.74027
20260611_131416_L383;20260611_131416;11.06.2026;13:00:00;383;33;9109;12;U2137Z1;Chocerady;50.01923;14.63127
20260611_131416_L136;20260611_131416;11.06.2026;13:04:00;136;13;6809;10;U751Z2P;Jižní Město;50.05256;14.47517
20260611_131416_L640;20260611_131416;11.06.2026;12:51:00;640;27;9406;21;U9810Z1;Hostomice,nám.;49.82597;14.04431
20260611_131416_L620;20260611_131416;11.06.2026;13:02:00;620;14;7324;11;U4418Z1;Kladno,autobusové nádraží;50.18602;14.16067
20260611_131416_L630;20260611_131416;11.06.2026;13:02:00;630;40;8793;12;U4888Z1;Beroun,Jarov,náves;50.11728;14.10768
20260611_131416_L858;20260611_131416;11.06.2026;13:01:00;858;68;8712;11;U4776Z1;Slaný,gymnázium;50.22883;14.09076
20260611_131416_L711;20260611_131416;11.06.2026;12:55:00;711;4;12940;19;U2926Z15;Louny,Aut.nádr.;50.1006;13.73443
20260611_131416_L452;20260611_131416;11.06.2026;13:01:00;452;26;7073;11;U6498Z1;Mladá Vožice,aut.st.;49.6177;14.6915
20260611_131416_L821;20260611_131416;11.06.2026;13:00:00;821;69;1584;11;U1984Z4;Kolín,nádraží;49.96994;14.98568
20260611_131416_L325;20260611_131416;11.06.2026;13:00:00;325;16;1636;13;U461Z2;Čestlice,aquapark;50.03296;14.5939
20260611_131416_L311;20260611_131416;11.06.2026;12:59:00;311;77;9583;15;U9217Z2;Řevnice,nádraží;49.92417;14.26103
20260611_131416_L342;20260611_131416;11.06.2026;13:00:00;342;1;7702;11;U1363Z2;Praha,Nádraží Veleslavín;50.11028;14.27418
20260611_131416_L467;20260611_131416;11.06.2026;13:02:00;467;53;9824;12;U4716Z2;Roudnice n.L.,ČSAD;50.4227;14.25364
20260611_131416_L467;20260611_131416;11.06.2026;13:04:00;467;15;8116;10;U6439Z2;Mladá Boleslav,aut.st.;50.40217;14.88067
20260611_131416_L560;20260611_131416;11.06.2026;12:50:00;560;35;8332;15;U6818Z1;Rakovník,aut.st.;50.11689;13.62837
20260611_131416_L126;20260611_131416;11.06.2026;13:02:00;126;7;3850;11;U3053Z2P;Nádraží Uhříněves;50.03061;14.59684
20260611_131416_L316;20260611_131416;11.06.2026;13:00:00;316;8;8982;10;U5002Z1;Kralupy n.Vlt.,žel.st.;50.21707;14.31583
20260611_131416_L406;20260611_131416;11.06.2026;12:52:00;406;13;7943;21;U7012Z2;Praha,Roztyly;49.77778;14.71926
20260611_131416_L136;20260611_131416;11.06.2026;13:00:00;136;11;6877;14;U286Z5P;Jižní Město;50.03071;14.52984
20260611_131416_L718;20260611_131416;11.06.2026;13:03:00;718;32;8608;10;U31000Z2;Mnichovo Hradiště,dopravní terminál;50.46166;15.16569
20260611_131816_L136;20260611_131816;11.06.2026;13:06:00;136;33;6813;11;U743Z2P;Jižní Město;50.08609;14.45553
20260611_131816_L110;20260611_131816;11.06.2026;13:04:00;110;4;8099;13;U349Z1P;Dolní Počernice;50.08751;14.56546
20260611_131816_L130;20260611_131816;11.06.2026;12:49:00;130;6;3856;23;U944Z1P;Zličín;50.02448;14.3102
20260611_131816_L535;20260611_131816;11.06.2026;13:06:00;535;22;7581;12;U6429Z1;Hlavečník;50.09002;15.40865
20260611_131816_L324;20260611_131816;11.06.2026;13:05:00;324;27;8953;12;U698Z2;Praha,Zličín;50.09803;14.29002
20260611_131816_L467;20260611_131816;11.06.2026;13:07:00;467;15;8116;10;U9300Z1;Mladá Boleslav,aut.st.;50.40931;14.90305
20260611_131816_L641;20260611_131816;11.06.2026;13:07:00;641;17;9449;10;U1748Z1;Hořovice,nemocnice;49.94872;14.03843
20260611_131816_L181;20260611_131816;11.06.2026;13:08:00;181;1;5106;10;U219Z1P;Opatov;50.04314;14.51596
20260611_131816_L791;20260611_131816;11.06.2026;13:03:00;791;48;7829;14;U7976Z1;Český Šternberk,Čejkovice;49.76863;14.76349
20260611_131816_L452;20260611_131816;11.06.2026;13:07:00;452;26;7073;11;U6578Z1;Mladá Vožice,aut.st.;49.60272;14.71854
20260611_131816_L406;20260611_131816;11.06.2026;12:52:00;406;13;7943;25;U7012Z2;Praha,Roztyly;49.77778;14.71925
20260611_131816_L383;20260611_131816;11.06.2026;13:05:00;383;33;9109;12;U1885Z1;Chocerady;50.00477;14.65708
20260611_131816_L126;20260611_131816;11.06.2026;13:04:00;126;7;3850;15;U336Z2P;Nádraží Uhříněves;50.03167;14.59871
20260611_131816_L467;20260611_131816;11.06.2026;13:05:00;467;53;9824;12;U9877Z1;Roudnice n.L.,ČSAD;50.42472;14.24071
20260611_131816_L372;20260611_131816;11.06.2026;13:06:00;372;2;8081;11;U2346Z1;Kralupy n.Vlt.,žel.st.;50.27012;14.32028
20260611_131816_L316;20260611_131816;11.06.2026;13:07:00;316;8;8982;11;U4220Z1;Kralupy n.Vlt.,žel.st.;50.22759;14.29719
20260611_131816_L401;20260611_131816;11.06.2026;13:04:00;401;59;7771;14;U31445Z1;Jindřichův Hradec,aut.nádr.;49.19413;14.71555
20260611_131816_L315;20260611_131816;11.06.2026;13:06:00;315;6;8673;10;U3389Z1;Mnichovo Hradiště,dopravní terminál;50.41921;14.91368
20260611_131816_L650;20260611_131816;11.06.2026;13:08:00;650;24;12557;10;U9272Z1;Kladno,autobusové nádraží;50.25788;14.09674
20260611_131816_L641;20260611_131816;11.06.2026;13:07:00;641;16;9447;10;U9856Z1;Beroun,autobusové nádraží;49.88113;13.92344
20260611_131816_L136;20260611_131816;11.06.2026;13:08:00;136;12;5542;10;U353Z1P;Jižní Město;50.02625;14.52148
20260611_131816_L630;20260611_131816;11.06.2026;13:06:00;630;40;8793;11;U4890Z1;Beroun,Jarov,náves;50.10442;14.10227
20260611_131816_L630;20260611_131816;11.06.2026;13:03:00;630;36;8831;14;U4594Z3;Kladno,autobusové nádraží;50.12467;14.11928
20260611_131816_L325;20260611_131816;11.06.2026;13:03:00;325;16;1636;15;U3053Z1;Čestlice,aquapark;50.02828;14.59318
20260611_131816_L342;20260611_131816;11.06.2026;13:07:00;342;1;7702;11;U698Z2;Praha,Nádraží Veleslavín;50.09897;14.28869
20260611_131816_L718;20260611_131816;11.06.2026;13:08:00;718;32;8608;10;U6298Z1;Mnichovo Hradiště,dopravní terminál;50.44486;15.12697
20260611_131816_L620;20260611_131816;11.06.2026;13:05:00;620;14;7324;12;U4420Z1;Kladno,autobusové nádraží;50.17947;14.15682
20260611_131816_L737;20260611_131816;11.06.2026;13:06:00;737;9;9591;11;U6172Z52;Mladá Boleslav,aut.st.;50.42467;14.91627
20260611_131816_L400;20260611_131816;11.06.2026;13:04:00;400;56;1082;12;U31349Z2;Praha,Střížkov;50.58016;14.5451
20260611_131816_L155;20260611_131816;11.06.2026;13:07:00;155;1;9466;10;U660Z4P;Poliklinika Malešice;50.08059;14.50845
20260611_131816_L382;20260611_131816;11.06.2026;13:06:00;382;5;9953;12;U2010Z1;Sázava,aut.st.;49.98835;14.76735
20260611_132216_L535;20260611_132216;11.06.2026;13:06:00;535;22;7581;16;U6429Z1;Hlavečník;50.09002;15.40865
20260611_132216_L325;20260611_132216;11.06.2026;13:07:00;325;16;1636;15;U159Z4;Čestlice,aquapark;50.0131;14.60469
20260611_132216_L382;20260611_132216;11.06.2026;13:10:00;382;5;9953;12;U2017Z1;Sázava,aut.st.;49.98249;14.7898
20260611_132216_L369;20260611_132216;11.06.2026;13:11:00;369;34;8269;11;U3336Z1;Mělník,Mlazice;50.35077;14.47878
20260611_132216_L372;20260611_132216;11.06.2026;13:10:00;372;2;8081;10;U2231Z1;Kralupy n.Vlt.,žel.st.;50.24947;14.31884
20260611_132216_L452;20260611_132216;11.06.2026;13:11:00;452;26;7073;10;U31264Z1;Mladá Vožice,aut.st.;49.58258;14.75249
20260611_132216_L650;20260611_132216;11.06.2026;13:10:00;650;24;12557;11;U9268Z1;Kladno,autobusové nádraží;50.23878;14.09392
20260611_132216_L858;20260611_132216;11.06.2026;13:12:00;858;67;8713;10;U4409Z2;Libčice n.Vlt.,Žel.zast.Letky;50.19787;14.2239
20260611_132216_L718;20260611_132216;11.06.2026;13:10:00;718;32;8608;12;U6285Z54;Mnichovo Hradiště,dopravní terminál;50.43806;15.12842
20260611_132216_L737;20260611_132216;11.06.2026;13:06:00;737;9;9591;12;U6172Z52;Mladá Boleslav,aut.st.;50.41886;14.91653
20260611_132216_L763;20260611_132216;11.06.2026;13:11:00;763;31;9790;10;U3388Z1;Mladá Boleslav,Zalužany ŠKODA;50.41054;14.92073
20260611_132216_L791;20260611_132216;11.06.2026;13:09:00;791;48;7829;13;U7442Z1;Český Šternberk,Čejkovice;49.77845;14.80433
20260611_132216_L631;20260611_132216;11.06.2026;13:11:00;631;59;9580;11;U9013Z2;Všeradice,žel.zast.;49.93813;14.03711
20260611_132216_L641;20260611_132216;11.06.2026;13:07:00;641;16;9447;13;U9856Z1;Beroun,autobusové nádraží;49.88322;13.95603
20260611_132216_L620;20260611_132216;11.06.2026;13:10:00;620;14;7324;12;U4417Z2;Kladno,autobusové nádraží;50.18885;14.16029
20260611_132216_L630;20260611_132216;11.06.2026;13:10:00;630;40;8793;11;U4893Z1;Beroun,Jarov,náves;50.08797;14.11467
20260611_132216_L383;20260611_132216;11.06.2026;13:08:00;383;33;9109;13;U1878Z1;Chocerady;49.99815;14.67126
20260611_132216_L401;20260611_132216;11.06.2026;13:07:00;401;59;7771;14;U32452Z2;Jindřichův Hradec,aut.nádr.;49.18537;14.70969
20260611_132216_L342;20260611_132216;11.06.2026;13:10:00;342;1;7702;12;U80Z4;Praha,Nádraží Veleslavín;50.09334;14.3048
20260611_132216_L228;20260611_132216;11.06.2026;13:10:00;228;12;9016;12;U548Z1P;Benice;50.08203;14.50128
20260611_132216_L136;20260611_132216;11.06.2026;13:10:00;136;33;6813;12;U118Z4P;Jižní Město;50.07812;14.46086
20260611_132216_L181;20260611_132216;11.06.2026;13:11:00;181;1;5106;11;U344Z4P;Opatov;50.03196;14.50732
20260611_132216_L630;20260611_132216;11.06.2026;13:03:00;630;36;8831;18;U4594Z3;Kladno,autobusové nádraží;50.12579;14.11803
20260611_132216_L821;20260611_132216;11.06.2026;13:07:00;821;69;1584;10;U2934Z1;Kolín,nádraží;49.99971;14.97611
20260611_132216_L641;20260611_132216;11.06.2026;13:10:00;641;17;9449;12;U4977Z2;Hořovice,nemocnice;49.94143;14.02206
20260611_132216_L412;20260611_132216;11.06.2026;13:10:00;412;43;9917;11;U9359Z2;Praha,Černý Most;50.40911;14.94968
20260611_132216_L149;20260611_132216;11.06.2026;13:12:00;149;6;4193;10;U786Z1P;Stodůlky-Bavorská;50.05593;14.32915
20260611_132216_L467;20260611_132216;11.06.2026;13:11:00;467;15;8116;11;U3256Z2;Mladá Boleslav,aut.st.;50.41126;14.91481
20260611_132216_L406;20260611_132216;11.06.2026;12:52:00;406;13;7943;29;U7012Z2;Praha,Roztyly;49.77778;14.71925
20260611_132216_L316;20260611_132216;11.06.2026;13:09:00;316;8;8982;11;U9620Z1;Kralupy n.Vlt.,žel.st.;50.23659;14.30876
20260611_132216_L315;20260611_132216;11.06.2026;13:06:00;315;6;8673;12;U3389Z1;Mnichovo Hradiště,dopravní terminál;50.42028;14.91761
20260611_132216_L561;20260611_132216;11.06.2026;13:11:00;561;62;8360;11;U4765Z1;Rakovník,hasičský záchr.sbor;50.10226;13.71496
20260611_132617_L136;20260611_132617;11.06.2026;13:14:00;136;13;6809;11;U106Z2P;Jižní Město;50.02749;14.50778
20260611_132617_L448;20260611_132617;11.06.2026;13:14:00;448;61;1129;11;U1856Z1;Mníšek p.Brdy,náměstí;49.92227;14.30509
20260611_132617_L405;20260611_132617;11.06.2026;13:12:00;405;65;1420;10;U31019Z3;Špindlerův Mlýn,aut.st.;50.60911;15.50948
20260611_132617_L650;20260611_132617;11.06.2026;13:14:00;650;24;12557;12;U4786Z2;Kladno,autobusové nádraží;50.23043;14.08318
20260611_132617_L858;20260611_132617;11.06.2026;13:14:00;858;67;8713;11;U4407Z2;Libčice n.Vlt.,Žel.zast.Letky;50.1977;14.24369
20260611_132617_L311;20260611_132617;11.06.2026;13:14:00;311;77;9583;12;U1601Z2;Praha,Zličín;49.92173;14.25228
20260611_132617_L316;20260611_132617;11.06.2026;13:11:00;316;8;8982;15;U2285Z1;Kralupy n.Vlt.,žel.st.;50.23805;14.30647
20260611_132617_L316;20260611_132617;11.06.2026;13:13:00;316;9;8952;10;U199Z3;Praha,Bořislavka;50.09944;14.36408
20260611_132617_L325;20260611_132617;11.06.2026;13:13:00;325;16;1636;12;U1744Z1;Čestlice,aquapark;49.99715;14.5818
20260611_132617_L342;20260611_132617;11.06.2026;13:12:00;342;1;7702;13;U85Z1;Praha,Nádraží Veleslavín;50.09326;14.33268
20260611_132617_L535;20260611_132617;11.06.2026;13:06:00;535;22;7581;20;U6429Z1;Hlavečník;50.09002;15.40865
20260611_132617_L382;20260611_132617;11.06.2026;13:15:00;382;5;9953;11;U2019Z1;Sázava,aut.st.;49.96944;14.80964
20260611_132617_L641;20260611_132617;11.06.2026;13:12:00;641;17;9449;13;U9091Z2;Hořovice,nemocnice;49.94073;13.99287
20260611_132617_L631;20260611_132617;11.06.2026;13:13:00;631;59;9580;12;U9014Z2;Všeradice,žel.zast.;49.92171;14.03797
20260611_132617_L620;20260611_132617;11.06.2026;13:14:00;620;14;7324;10;U4415Z2;Kladno,autobusové nádraží;50.17551;14.12748
20260611_132617_L400;20260611_132617;11.06.2026;13:11:00;400;56;1082;14;U31046Z5;Praha,Střížkov;50.54163;14.52898
20260611_132617_L467;20260611_132617;11.06.2026;13:12:00;467;15;8116;12;U3389Z1;Mladá Boleslav,aut.st.;50.41943;14.91431
20260611_132617_L692;20260611_132617;11.06.2026;13:12:00;692;2;1358;11;U9190Z1;Kokořín,Šemanovice;50.45453;14.55316
20260611_132617_L718;20260611_132617;11.06.2026;13:12:00;718;32;8608;12;U6284Z2;Mnichovo Hradiště,dopravní terminál;50.43701;15.10676
20260611_132617_L228;20260611_132617;11.06.2026;13:13:00;228;12;9016;13;U827Z1P;Benice;50.07847;14.50805
20260611_132617_L791;20260611_132617;11.06.2026;13:15:00;791;48;7829;11;U7447Z1;Český Šternberk,Čejkovice;49.78786;14.85249
20260611_132617_L136;20260611_132617;11.06.2026;13:14:00;136;15;6735;12;U69Z2P;Jižní Město;50.08887;14.46088
20260611_132617_L383;20260611_132617;11.06.2026;13:11:00;383;33;9109;15;U1886Z1;Chocerady;49.99422;14.68424
20260611_132617_L561;20260611_132617;11.06.2026;13:15:00;561;62;8360;11;U4340Z2;Rakovník,hasičský záchr.sbor;50.10454;13.72523
20260611_132617_L763;20260611_132617;11.06.2026;13:14:00;763;31;9790;10;U3389Z1;Mladá Boleslav,Zalužany ŠKODA;50.41525;14.91048
20260611_132617_L452;20260611_132617;11.06.2026;13:15:00;452;26;7073;10;U31262Z1;Mladá Vožice,aut.st.;49.57056;14.77115
20260611_132617_L136;20260611_132617;11.06.2026;13:14:00;136;33;6813;12;U855Z1P;Jižní Město;50.07459;14.46286
20260611_132617_L183;20260611_132617;11.06.2026;13:15:00;183;2;6874;11;U708Z1P;Háje;50.07585;14.53766
20260611_132617_L406;20260611_132617;11.06.2026;12:52:00;406;13;7943;33;U7012Z2;Praha,Roztyly;49.77778;14.71925
20260611_132617_L372;20260611_132617;11.06.2026;13:14:00;372;2;8081;12;U2286Z1;Kralupy n.Vlt.,žel.st.;50.24131;14.31261
20260611_132617_L546;20260611_132617;11.06.2026;13:14:00;546;9;9458;11;U3270Z2;Rokycany,aut.nádr.;49.84471;13.90437
