ID Záznamu;Timestamp;Den;Čas příjezdu;Linka;Oběh;Vozidlo;Zpoždění (min);Zastávka;Směr;Zeměpisná šířka (Lat);Zeměpisná délka (Lon)
20260609_092405_L108;20260609_092405;09.06.2026;09:07:00;108;4;2078;17;U2757Z1P;Dejvická;50.09615;14.38729
20260609_092405_L110;20260609_092405;09.06.2026;08:45:00;110;3;1477;39;U135Z5P;Obchodní centrum Čakovice;50.10629;14.53686
20260609_092405_L110;20260609_092405;09.06.2026;08:57:00;110;7;8106;25;U242Z3P;Dolní Počernice;50.10512;14.53266
20260609_092405_L110;20260609_092405;09.06.2026;09:06:00;110;6;8102;18;U65Z1P;Obchodní centrum Čakovice;50.11888;14.51827
20260609_092405_L117;20260609_092405;09.06.2026;09:11:00;117;7;1952;11;U17Z2P;Nové Komořany;50.01048;14.40329
20260609_092405_L125;20260609_092405;09.06.2026;09:06:00;125;8;5507;16;U151Z1P;Skalka;50.03337;14.54323
20260609_092405_L125;20260609_092405;09.06.2026;09:07:00;125;11;6846;10;U181Z2P;Smíchovské nádraží;50.03194;14.41626
20260609_092405_L126;20260609_092405;09.06.2026;08:51:00;126;6;3803;31;U3053Z2P;Nádraží Uhříněves;50.03139;14.59837
20260609_092405_L126;20260609_092405;09.06.2026;09:05:00;126;11;3002;17;U3053Z2P;Nádraží Uhříněves;50.03068;14.59689
20260609_092405_L126;20260609_092405;09.06.2026;09:00:00;126;53;3846;21;U6Z2P;Koleje Jižní Město;50.03117;14.55124
20260609_092405_L136;20260609_092405;09.06.2026;09:09:00;136;10;6784;14;U353Z1P;Jižní Město;50.02623;14.52147
20260609_092405_L136;20260609_092405;09.06.2026;09:00:00;136;58;6866;23;U183Z3P;Jižní Město;50.05607;14.47158
20260609_092405_L136;20260609_092405;09.06.2026;09:04:00;136;11;6970;20;U37Z1P;Jižní Město;50.06111;14.46945
20260609_092405_L136;20260609_092405;09.06.2026;09:09:00;136;12;4100;14;U855Z1P;Jižní Město;50.07446;14.46387
20260609_092405_L136;20260609_092405;09.06.2026;09:10:00;136;29;6865;14;U512Z5P;Jižní Město;50.09016;14.46645
20260609_092405_L136;20260609_092405;09.06.2026;09:03:00;136;22;6749;20;U353Z1P;Jižní Město;50.02602;14.52105
20260609_092405_L136;20260609_092405;09.06.2026;08:54:00;136;26;6711;30;U151Z1P;Jižní Město;50.03149;14.53379
20260609_092405_L136;20260609_092405;09.06.2026;09:13:00;136;13;6918;11;U518Z3P;Jižní Město;50.07591;14.45914
20260609_092405_L136;20260609_092405;09.06.2026;09:06:00;136;28;5504;18;U29Z1P;Jižní Město;50.07254;14.47047
20260609_092405_L154;20260609_092405;09.06.2026;09:12:00;154;5;3850;12;U604Z1P;Strašnická;50.03223;14.51756
20260609_092405_L155;20260609_092405;09.06.2026;09:04:00;155;1;9466;20;U1018Z2P;Poliklinika Malešice;50.08748;14.50688
20260609_092405_L170;20260609_092405;09.06.2026;09:13:00;170;2;3674;10;U286Z5P;Jižní Město;50.03075;14.52985
20260609_092405_L171;20260609_092405;09.06.2026;09:10:00;171;10;1484;13;U897Z1P;Ve Žlíbku;50.10967;14.58262
20260609_092405_L175;20260609_092405;09.06.2026;09:10:00;175;3;4112;13;U738Z2P;Florenc;50.07207;14.50021
20260609_092405_L175;20260609_092405;09.06.2026;09:06:00;175;10;3859;18;U398Z1P;Strašnická;50.07303;14.48095
20260609_092405_L177;20260609_092405;09.06.2026;09:10:00;177;24;6887;14;U1222Z1P;Poliklinika Mazurská;50.07221;14.5083
20260609_092405_L181;20260609_092405;09.06.2026;09:11:00;181;4;5542;12;U313Z2P;Černý Most;50.09789;14.54941
20260609_092405_L181;20260609_092405;09.06.2026;09:01:00;181;7;6722;21;U1022Z1P;Opatov;50.08711;14.53703
20260609_092405_L183;20260609_092405;09.06.2026;09:07:00;183;6;6790;16;U633Z2P;Háje;50.04806;14.5446
20260609_092405_L183;20260609_092405;09.06.2026;09:13:00;183;10;5108;11;U13Z2P;Háje;50.0945;14.49615
20260609_092405_L183;20260609_092405;09.06.2026;09:11:00;183;11;5544;12;U134Z5P;Vozovna Kobylisy;50.10122;14.50269
20260609_092405_L201;20260609_092405;09.06.2026;09:11:00;201;15;4099;13;U89Z1P;Černý Most;50.13053;14.5084
20260609_092405_L201;20260609_092405;09.06.2026;08:59:00;201;20;4129;25;U89Z1P;Černý Most;50.13047;14.50846
20260609_092405_L226;20260609_092405;09.06.2026;09:05:00;226;2;1588;19;U336Z3P;Lipany;50.03268;14.59703
20260609_092405_L226;20260609_092405;09.06.2026;08:54:00;226;9;1592;30;U151Z2P;Háje;50.03146;14.53337
20260609_092405_L228;20260609_092405;09.06.2026;08:40:00;228;13;9012;43;U542Z12P;Poliklinika Malešice;50.03882;14.59063
20260609_092405_L250;20260609_092405;09.06.2026;09:12:00;250;5;6889;12;U432Z1P;Sídliště Rohožník;50.08013;14.62651
20260609_092405_L821;20260609_092405;09.06.2026;09:12:00;821;51;1615;11;U2381Z1;Sázava,aut.st.;49.94789;14.96181
20260609_092405_L821;20260609_092405;09.06.2026;09:07:00;821;73;1610;11;U2934Z1;Kolín,nádraží;49.99984;14.97608
20260609_092405_L300;20260609_092405;09.06.2026;09:12:00;300;93;8875;10;U4306Z1;Kladno,u kostela;50.13405;14.1179
20260609_092405_L304;20260609_092405;09.06.2026;09:13:00;304;21;8409;11;U306Z1;Praha,Vypich;50.07482;14.34087
20260609_092405_L315;20260609_092405;09.06.2026;09:07:00;315;1;8667;14;U3380Z2;Praha,Černý Most;50.28661;14.82621
20260609_092405_L315;20260609_092405;09.06.2026;08:20:00;315;6;8673;63;U3253Z2;Mnichovo Hradiště,dopravní terminál;50.5224;14.97434
20260609_092405_L324;20260609_092405;09.06.2026;09:08:00;324;20;8972;16;U1915Z2;Slaný,Rabasova;50.1888;14.04422
20260609_092405_L332;20260609_092405;09.06.2026;09:09:00;332;19;9133;13;U908Z1;Jílové u Prahy,Náměstí;50.01508;14.47107
20260609_092405_L335;20260609_092405;09.06.2026;09:12:00;335;1;9171;11;U4861Z2;Praha,Budějovická;49.99598;14.48682
20260609_092405_L345;20260609_092405;09.06.2026;08:56:00;345;39;10643;20;U3063Z2;Praha,Černý Most;50.33507;14.87507
20260609_092405_L369;20260609_092405;09.06.2026;09:07:00;369;31;8232;15;U1807Z2;Praha,Ládví;50.18395;14.48994
20260609_092405_L380;20260609_092405;09.06.2026;08:52:00;380;3;9979;29;U4979Z2;Králův Dvůr,Počaply,Obchodní centrum;49.93567;14.02206
20260609_092405_L380;20260609_092405;09.06.2026;09:12:00;380;4;9981;10;U444Z1;Praha,Vypich;50.07898;14.34439
20260609_092405_L381;20260609_092405;09.06.2026;09:10:00;381;7;9931;14;U5897Z1;Čáslav,obchodní centrum;49.90675;15.39685
20260609_092405_L381;20260609_092405;09.06.2026;09:11:00;381;17;9362;10;U2153Z1;Čáslav,obchodní centrum;49.95616;15.06661
20260609_092405_L382;20260609_092405;09.06.2026;09:06:00;382;19;9371;15;U2022Z1;Sázava,aut.st.;49.92917;14.83554
20260609_092405_L387;20260609_092405;09.06.2026;09:11:00;387;1;9374;13;U2014Z1;Uhlířské Janovice,nám.;49.99284;14.84481
20260609_092405_L395;20260609_092405;09.06.2026;09:06:00;395;36;9863;10;U1977Z2;Praha,Smíchovské nádraží;49.85915;14.26207
20260609_092405_L400;20260609_092405;09.06.2026;08:34:00;400;6;11628;43;U3316Z4;Praha,Střížkov;50.3603;14.47046
20260609_092405_L401;20260609_092405;09.06.2026;08:53:00;401;60;7773;13;U2139Z1;Praha,Roztyly;49.94563;14.65271
20260609_092405_L402;20260609_092405;09.06.2026;08:55:00;402;3;7673;20;U1372Z2;Praha,Roztyly;50.04076;14.4889
20260609_092405_L406;20260609_092405;09.06.2026;09:11:00;406;4;7936;12;U7421Z1;Praha,Roztyly;49.62649;15.04503
20260609_092405_L410;20260609_092405;09.06.2026;09:12:00;410;9;11646;11;U1795Z1;Mimoň,aut.st.;50.35967;14.47107
20260609_092405_L467;20260609_092405;09.06.2026;09:07:00;467;59;8065;15;U9296Z1;Mladá Boleslav,aut.st.;50.37161;14.85839
20260609_092405_L506;20260609_092405;09.06.2026;08:40:00;506;3;9535;43;U9708Z2;Příbram,Svatá Hora areál;49.68706;14.02209
20260609_092405_L585;20260609_092405;09.06.2026;07:32:00;585;18;7035;109;U4201Z1;Poděbrady,žel.st.;50.14914;15.12325
20260609_092405_L588;20260609_092405;09.06.2026;09:05:00;588;29;7703;16;U4842Z2;Slaný,aut.nádr.;50.23824;14.05258
20260609_092405_L589;20260609_092405;09.06.2026;07:29:00;589;11;7759;113;U4858Z1;Louny,ČSAD;50.35487;13.77849
20260609_092405_L650;20260609_092405;09.06.2026;09:12:00;650;19;1254;12;U4835Z1;Kladno,autobusové nádraží;50.23228;14.08476
20260609_092405_L679;20260609_092405;09.06.2026;07:25:00;679;31;8545;116;U5896Z2;Kolín,nádraží;50.02424;15.2135
20260609_092405_L705;20260609_092405;09.06.2026;08:58:00;705;37;8697;26;U9983Z2;Čáslav,obchodní centrum;50.0189;15.19649
20260609_092405_L706;20260609_092405;09.06.2026;09:05:00;706;46;8652;17;U6614Z1;Žiželice,nám.;50.10403;15.26833
20260609_092405_L770;20260609_092405;09.06.2026;09:07:00;770;41;7810;15;U4483Z3;Benešov,Terminál;49.7808;14.68246
20260609_092806_L108;20260609_092806;09.06.2026;09:07:00;108;4;2078;18;U2757Z1P;Dejvická;50.09944;14.38745
20260609_092806_L110;20260609_092806;09.06.2026;09:15:00;110;8;8105;11;U499Z5P;Dolní Počernice;50.10789;14.53148
20260609_092806_L117;20260609_092806;09.06.2026;09:16:00;117;7;1952;12;U939Z4P;Nové Komořany;50.00607;14.40929
20260609_092806_L125;20260609_092806;09.06.2026;09:12:00;125;8;5507;16;U978Z2P;Skalka;50.0401;14.55884
20260609_092806_L125;20260609_092806;09.06.2026;09:17:00;125;11;6846;10;U337Z4P;Smíchovské nádraží;50.05112;14.40964
20260609_092806_L126;20260609_092806;09.06.2026;09:00:00;126;53;3846;24;U6Z2P;Koleje Jižní Město;50.03342;14.54217
20260609_092806_L136;20260609_092806;09.06.2026;09:14:00;136;12;4100;14;U680Z3P;Jižní Město;50.06889;14.4689
20260609_092806_L136;20260609_092806;09.06.2026;09:13:00;136;29;6865;13;U743Z2P;Jižní Město;50.08279;14.45885
20260609_092806_L136;20260609_092806;09.06.2026;09:18:00;136;14;5536;10;U2787Z2P;Jižní Město;50.08811;14.45755
20260609_092806_L136;20260609_092806;09.06.2026;09:15:00;136;13;6918;12;U855Z1P;Jižní Město;50.07445;14.464
20260609_092806_L154;20260609_092806;09.06.2026;09:16:00;154;5;3850;12;U151Z1P;Strašnická;50.0315;14.53377
20260609_092806_L171;20260609_092806;09.06.2026;09:12:00;171;10;1484;12;U897Z5P;Ve Žlíbku;50.11226;14.59394
20260609_092806_L175;20260609_092806;09.06.2026;09:14:00;175;3;4112;14;U570Z2P;Florenc;50.07213;14.48487
20260609_092806_L177;20260609_092806;09.06.2026;09:14:00;177;24;6887;14;U660Z5P;Poliklinika Mazurská;50.08318;14.50897
20260609_092806_L181;20260609_092806;09.06.2026;09:16:00;181;4;5542;12;U818Z1P;Černý Most;50.10618;14.55891
20260609_092806_L183;20260609_092806;09.06.2026;09:15:00;183;10;5108;11;U694Z3P;Háje;50.09076;14.50631
20260609_092806_L183;20260609_092806;09.06.2026;09:11:00;183;11;5544;15;U134Z5P;Vozovna Kobylisy;50.1065;14.50256
20260609_092806_L201;20260609_092806;09.06.2026;09:17:00;201;15;4099;11;U899Z4P;Černý Most;50.1417;14.51553
20260609_092806_L250;20260609_092806;09.06.2026;09:15:00;250;5;6889;12;U3008Z1P;Sídliště Rohožník;50.07711;14.65537
20260609_092806_L821;20260609_092806;09.06.2026;09:17:00;821;51;1615;10;U2383Z1;Sázava,aut.st.;49.93565;14.98257
20260609_092806_L821;20260609_092806;09.06.2026;09:15:00;821;73;1610;11;U2300Z1;Kolín,nádraží;50.00429;14.98128
20260609_092806_L332;20260609_092806;09.06.2026;09:13:00;332;19;9133;13;U423Z1;Jílové u Prahy,Náměstí;49.99894;14.48472
20260609_092806_L335;20260609_092806;09.06.2026;09:18:00;335;1;9171;10;U909Z2;Praha,Budějovická;50.01623;14.46925
20260609_092806_L335;20260609_092806;09.06.2026;09:13:00;335;6;9131;11;U1579Z1;Kamenice,Kult.dům;49.9245;14.61351
20260609_092806_L341;20260609_092806;09.06.2026;09:17:00;341;21;7416;10;U2105Z1;Jílové u Prahy,Náměstí;49.91985;14.48055
20260609_092806_L356;20260609_092806;09.06.2026;09:13:00;356;31;8859;13;U5971Z2;Praha,Obchodní centrum Ruzyně;50.11076;14.27986
20260609_092806_L369;20260609_092806;09.06.2026;09:13:00;369;31;8232;15;U3242Z2;Praha,Ládví;50.16113;14.48345
20260609_092806_L382;20260609_092806;09.06.2026;09:15:00;382;19;9371;13;U2091Z1;Sázava,aut.st.;49.90157;14.8396
20260609_092806_L383;20260609_092806;09.06.2026;09:12:00;383;32;9128;13;U967Z2;Praha,Háje;50.03341;14.54124
20260609_092806_L387;20260609_092806;09.06.2026;09:18:00;387;1;9374;10;U1978Z1;Uhlířské Janovice,nám.;49.98903;14.86456
20260609_092806_L400;20260609_092806;09.06.2026;08:34:00;400;6;11628;47;U3316Z4;Praha,Střížkov;50.3603;14.47046
20260609_092806_L401;20260609_092806;09.06.2026;08:53:00;401;60;7773;15;U2139Z1;Praha,Roztyly;49.95461;14.63803
20260609_092806_L406;20260609_092806;09.06.2026;09:14:00;406;4;7936;13;U7035Z2;Praha,Roztyly;49.65389;15.00724
20260609_092806_L418;20260609_092806;09.06.2026;09:14:00;418;39;9753;13;U5948Z1;Jinočany,Logport;50.03129;14.27977
20260609_092806_L467;20260609_092806;09.06.2026;09:12:00;467;59;8065;15;U9298Z1;Mladá Boleslav,aut.st.;50.38531;14.87684
20260609_092806_L506;20260609_092806;09.06.2026;08:40:00;506;3;9535;47;U9708Z2;Příbram,Svatá Hora areál;49.68706;14.02209
20260609_092806_L585;20260609_092806;09.06.2026;07:32:00;585;18;7035;113;U4201Z1;Poděbrady,žel.st.;50.14914;15.12325
20260609_092806_L588;20260609_092806;09.06.2026;09:05:00;588;29;7703;19;U4842Z2;Slaný,aut.nádr.;50.23381;14.05376
20260609_092806_L589;20260609_092806;09.06.2026;07:29:00;589;11;7759;117;U4858Z1;Louny,ČSAD;50.35487;13.77849
20260609_092806_L650;20260609_092806;09.06.2026;09:18:00;650;25;12555;10;U9004Z2;Litoměřice,žel.st.hor.;50.36377;14.123
20260609_092806_L679;20260609_092806;09.06.2026;07:25:00;679;31;8545;120;U5896Z2;Kolín,nádraží;50.02427;15.21356
20260609_092806_L706;20260609_092806;09.06.2026;09:15:00;706;64;1687;10;U9420Z2;Uhlířské Janovice,nám.;49.8823;15.06633
20260609_093206_L110;20260609_093206;09.06.2026;09:15:00;110;8;8105;13;U499Z5P;Dolní Počernice;50.10495;14.53135
20260609_093206_L117;20260609_093206;09.06.2026;09:20:00;117;7;1952;12;U1006Z51P;Nové Komořany;50.00234;14.41046
20260609_093206_L125;20260609_093206;09.06.2026;09:17:00;125;8;5507;15;U154Z4P;Skalka;50.04702;14.55592
20260609_093206_L126;20260609_093206;09.06.2026;09:20:00;126;7;3826;11;U3053Z2P;Nádraží Uhříněves;50.02994;14.59544
20260609_093206_L126;20260609_093206;09.06.2026;09:20:00;126;11;3002;10;U461Z2P;Koleje Jižní Město;50.03304;14.59667
20260609_093206_L136;20260609_093206;09.06.2026;09:18:00;136;12;4100;13;U183Z3P;Jižní Město;50.05605;14.47157
20260609_093206_L136;20260609_093206;09.06.2026;09:17:00;136;29;6865;14;U118Z4P;Jižní Město;50.07812;14.46074
20260609_093206_L136;20260609_093206;09.06.2026;09:21:00;136;14;5536;11;U516Z3P;Jižní Město;50.08211;14.4594
20260609_093206_L136;20260609_093206;09.06.2026;09:22:00;136;13;6918;10;U37Z1P;Jižní Město;50.06113;14.46943
20260609_093206_L154;20260609_093206;09.06.2026;09:19:00;154;5;3850;12;U491Z2P;Strašnická;50.03513;14.55218
20260609_093206_L155;20260609_093206;09.06.2026;09:18:00;155;1;9466;14;U660Z1P;Nemocnice Vinohrady;50.08266;14.50527
20260609_093206_L171;20260609_093206;09.06.2026;09:19:00;171;10;1484;13;U452Z1P;Ve Žlíbku;50.11546;14.61348
20260609_093206_L175;20260609_093206;09.06.2026;09:17:00;175;3;4112;14;U2751Z2P;Florenc;50.07361;14.47225
20260609_093206_L177;20260609_093206;09.06.2026;09:17:00;177;24;6887;14;U2703Z2P;Poliklinika Mazurská;50.08885;14.51383
20260609_093206_L183;20260609_093206;09.06.2026;09:19:00;183;10;5108;12;U276Z1P;Háje;50.09337;14.52576
20260609_093206_L197;20260609_093206;09.06.2026;09:22:00;197;6;6844;10;U619Z2P;Smíchovské nádraží;50.03605;14.41174
20260609_093206_L201;20260609_093206;09.06.2026;09:20:00;201;14;4130;10;U993Z2P;Nádraží Holešovice;50.11689;14.47131
20260609_093206_L201;20260609_093206;09.06.2026;09:21:00;201;15;4099;11;U2769Z2P;Černý Most;50.13525;14.53629
20260609_093206_L203;20260609_093206;09.06.2026;09:19:00;203;8;1940;10;U2794Z1P;Háje;50.01088;14.50359
20260609_093206_L821;20260609_093206;09.06.2026;09:17:00;821;51;1615;11;U2383Z1;Sázava,aut.st.;49.92407;14.9595
20260609_093206_L821;20260609_093206;09.06.2026;09:18:00;821;73;1610;10;U4148Z1;Kolín,nádraží;49.99942;15.02449
20260609_093206_L332;20260609_093206;09.06.2026;09:18:00;332;19;9133;14;U4176Z2;Jílové u Prahy,Náměstí;49.9835;14.49548
20260609_093206_L335;20260609_093206;09.06.2026;09:20:00;335;1;9171;10;U819Z2;Praha,Budějovická;50.02897;14.4558
20260609_093206_L335;20260609_093206;09.06.2026;09:13:00;335;6;9131;15;U1579Z1;Kamenice,Kult.dům;49.92424;14.61615
20260609_093206_L341;20260609_093206;09.06.2026;09:21:00;341;21;7416;11;U2107Z1;Jílové u Prahy,Náměstí;49.90774;14.4922
20260609_093206_L356;20260609_093206;09.06.2026;09:19:00;356;31;8859;13;U698Z2;Praha,Obchodní centrum Ruzyně;50.09924;14.28835
20260609_093206_L382;20260609_093206;09.06.2026;09:19:00;382;19;9371;12;U2027Z1;Sázava,aut.st.;49.89757;14.85614
20260609_093206_L387;20260609_093206;09.06.2026;09:19:00;387;20;9937;13;U808Z2;Praha,Háje;50.02968;14.60228
20260609_093206_L387;20260609_093206;09.06.2026;09:22:00;387;1;9374;10;U2165Z1;Uhlířské Janovice,nám.;49.96982;14.88141
20260609_093206_L400;20260609_093206;09.06.2026;08:34:00;400;6;11628;51;U3316Z4;Praha,Střížkov;50.36032;14.47043
20260609_093206_L401;20260609_093206;09.06.2026;08:53:00;401;60;7773;17;U2139Z1;Praha,Roztyly;49.98408;14.60239
20260609_093206_L410;20260609_093206;09.06.2026;09:19:00;410;9;11646;12;U3316Z3;Mimoň,aut.st.;50.40901;14.45156
20260609_093206_L418;20260609_093206;09.06.2026;09:14:00;418;39;9753;17;U5948Z1;Jinočany,Logport;50.03127;14.27982
20260609_093206_L467;20260609_093206;09.06.2026;09:17:00;467;59;8065;15;U9300Z1;Mladá Boleslav,aut.st.;50.40698;14.89823
20260609_093206_L506;20260609_093206;09.06.2026;08:40:00;506;3;9535;51;U9708Z2;Příbram,Svatá Hora areál;49.68706;14.02209
20260609_093206_L585;20260609_093206;09.06.2026;07:32:00;585;18;7035;117;U4201Z1;Poděbrady,žel.st.;50.14914;15.12325
20260609_093206_L589;20260609_093206;09.06.2026;07:29:00;589;11;7759;119;U4858Z1;Louny,ČSAD;50.35487;13.77849
20260609_093206_L650;20260609_093206;09.06.2026;09:17:00;650;19;1254;11;U4777Z15;Kladno,autobusové nádraží;50.22512;14.08329
20260609_093206_L650;20260609_093206;09.06.2026;09:18:00;650;25;12555;12;U9004Z2;Litoměřice,žel.st.hor.;50.37434;14.11829
20260609_093607_L110;20260609_093607;09.06.2026;09:22:00;110;8;8105;13;U652Z3P;Dolní Počernice;50.10455;14.54702
20260609_093607_L117;20260609_093607;09.06.2026;09:25:00;117;7;1952;11;U280Z2P;Nové Komořany;49.99041;14.41067
20260609_093607_L125;20260609_093607;09.06.2026;09:26:00;125;9;5112;10;U967Z4P;Skalka;50.03462;14.56287
20260609_093607_L126;20260609_093607;09.06.2026;09:20:00;126;7;3826;14;U3053Z2P;Nádraží Uhříněves;50.03102;14.59767
20260609_093607_L126;20260609_093607;09.06.2026;09:25:00;126;11;3002;11;U220Z1P;Koleje Jižní Město;50.02433;14.59038
20260609_093607_L136;20260609_093607;09.06.2026;09:23:00;136;12;4100;13;U417Z1P;Jižní Město;50.04292;14.48775
20260609_093607_L136;20260609_093607;09.06.2026;09:21:00;136;29;6865;13;U855Z1P;Jižní Město;50.07355;14.46922
20260609_093607_L136;20260609_093607;09.06.2026;09:23:00;136;14;5536;12;U118Z4P;Jižní Město;50.07809;14.4607
20260609_093607_L136;20260609_093607;09.06.2026;09:25:00;136;13;6918;10;U751Z2P;Jižní Město;50.05258;14.4751
20260609_093607_L136;20260609_093607;09.06.2026;09:26:00;136;33;5031;10;U2787Z2P;Jižní Město;50.08779;14.45665
20260609_093607_L154;20260609_093607;09.06.2026;09:25:00;154;5;3850;11;U1013Z2P;Strašnická;50.04089;14.56702
20260609_093607_L155;20260609_093607;09.06.2026;09:21:00;155;1;9466;14;U359Z1P;Nemocnice Vinohrady;50.08474;14.50867
20260609_093607_L171;20260609_093607;09.06.2026;09:22:00;171;10;1484;14;U408Z1P;Ve Žlíbku;50.11574;14.62599
20260609_093607_L177;20260609_093607;09.06.2026;09:21:00;177;24;6887;15;U694Z4P;Poliklinika Mazurská;50.09271;14.49758
20260609_093607_L181;20260609_093607;09.06.2026;09:25:00;181;2;5064;10;U747Z1P;Opatov;50.07907;14.53789
20260609_093607_L183;20260609_093607;09.06.2026;09:22:00;183;10;5108;13;U538Z2P;Háje;50.08387;14.53801
20260609_093607_L183;20260609_093607;09.06.2026;09:21:00;183;11;5544;15;U332Z2P;Vozovna Kobylisy;50.12537;14.49016
20260609_093607_L201;20260609_093607;09.06.2026;09:20:00;201;14;4130;14;U993Z2P;Nádraží Holešovice;50.11658;14.47011
20260609_093607_L201;20260609_093607;09.06.2026;09:26:00;201;15;4099;10;U243Z5P;Černý Most;50.13055;14.55095
20260609_093607_L203;20260609_093607;09.06.2026;09:26:00;203;8;1940;10;U982Z2P;Háje;50.02159;14.49321
20260609_093607_L220;20260609_093607;09.06.2026;09:26:00;220;28;9378;10;U1378Z1P;Černý Most;50.12022;14.5983
20260609_093607_L821;20260609_093607;09.06.2026;09:21:00;821;51;1615;13;U2385Z1;Sázava,aut.st.;49.92118;14.96705
20260609_093607_L821;20260609_093607;09.06.2026;09:24:00;821;73;1610;11;U4983Z1;Kolín,nádraží;50.0154;15.03304
20260609_093607_L309;20260609_093607;09.06.2026;09:26:00;309;76;9769;10;U1631Z2;Praha,Nádraží Radotín;49.97567;14.30489
20260609_093607_L315;20260609_093607;09.06.2026;09:21:00;315;1;8667;14;U3261Z51;Praha,Černý Most;50.24922;14.7611
20260609_093607_L322;20260609_093607;09.06.2026;09:22:00;322;17;8744;11;U5971Z2;Praha,Nádraží Veleslavín;50.11321;14.28275
20260609_093607_L332;20260609_093607;09.06.2026;09:23:00;332;19;9133;13;U1330Z1;Jílové u Prahy,Náměstí;49.96769;14.51427
20260609_093607_L335;20260609_093607;09.06.2026;09:22:00;335;1;9171;11;U488Z7;Praha,Budějovická;50.04249;14.45953
20260609_093607_L335;20260609_093607;09.06.2026;09:21:00;335;6;9131;15;U1560Z12;Kamenice,Kult.dům;49.91697;14.59956
20260609_093607_L349;20260609_093607;09.06.2026;09:25:00;349;24;8209;11;U1791Z1;Mělník,Podolí;50.34077;14.49114
20260609_093607_L382;20260609_093607;09.06.2026;09:24:00;382;19;9371;11;U2030Z1;Sázava,aut.st.;49.87956;14.86147
20260609_093607_L384;20260609_093607;09.06.2026;09:23:00;384;20;9888;12;U1748Z2;Praha,Zličín;49.94984;14.0387
20260609_093607_L400;20260609_093607;09.06.2026;08:34:00;400;6;11628;55;U3316Z4;Praha,Střížkov;50.36032;14.47042
20260609_093607_L406;20260609_093607;09.06.2026;09:22:00;406;4;7936;12;U5794Z2;Praha,Roztyly;49.68891;14.91915
20260609_093607_L410;20260609_093607;09.06.2026;09:23:00;410;9;11646;12;U6060Z1;Mimoň,aut.st.;50.4261;14.46483
20260609_093607_L418;20260609_093607;09.06.2026;09:14:00;418;39;9753;21;U5948Z1;Jinočany,Logport;50.03205;14.27838
20260609_093607_L467;20260609_093607;09.06.2026;09:17:00;467;59;8065;17;U9300Z1;Mladá Boleslav,aut.st.;50.40964;14.91328
20260609_093607_L506;20260609_093607;09.06.2026;08:40:00;506;3;9535;55;U9708Z2;Příbram,Svatá Hora areál;49.68706;14.02209
20260609_093607_L585;20260609_093607;09.06.2026;07:32:00;585;18;7035;120;U4201Z1;Poděbrady,žel.st.;50.14914;15.12325
20260609_093607_L650;20260609_093607;09.06.2026;09:25:00;650;19;1254;10;U4803Z2;Kladno,autobusové nádraží;50.20673;14.06505
20260609_093607_L650;20260609_093607;09.06.2026;09:18:00;650;25;12555;13;U9004Z2;Litoměřice,žel.st.hor.;50.39513;14.12311
20260609_093607_L767;20260609_093607;09.06.2026;09:24:00;767;23;8607;10;U6086Z2;Dolní Slivno;50.30326;14.72787
20260609_094007_L110;20260609_094007;09.06.2026;09:27:00;110;8;8105;13;U1197Z1P;Dolní Počernice;50.10218;14.55469
20260609_094007_L124;20260609_094007;09.06.2026;09:28:00;124;9;5109;10;U263Z1P;Želivského;50.06468;14.45257
20260609_094007_L125;20260609_094007;09.06.2026;09:27:00;125;8;5507;13;U1066Z2P;Skalka;50.06325;14.52684
20260609_094007_L125;20260609_094007;09.06.2026;09:30:00;125;9;5112;10;U3052Z2P;Skalka;50.04118;14.55182
20260609_094007_L126;20260609_094007;09.06.2026;09:28:00;126;11;3002;11;U169Z2P;Koleje Jižní Město;50.02074;14.57977
20260609_094007_L136;20260609_094007;09.06.2026;09:28:00;136;12;4100;11;U344Z1P;Jižní Město;50.0315;14.50547
20260609_094007_L136;20260609_094007;09.06.2026;09:26:00;136;29;6865;12;U680Z3P;Jižní Město;50.06159;14.4695
20260609_094007_L136;20260609_094007;09.06.2026;09:27:00;136;14;5536;11;U855Z1P;Jižní Město;50.07393;14.46835
20260609_094007_L136;20260609_094007;09.06.2026;09:29:00;136;13;6918;10;U417Z1P;Jižní Město;50.04289;14.48775
20260609_094007_L149;20260609_094007;09.06.2026;09:30:00;149;6;4193;10;U981Z1P;Dejvická;50.08087;14.39008
20260609_094007_L154;20260609_094007;09.06.2026;09:29:00;154;5;3850;11;U2707Z2P;Strašnická;50.04693;14.55152
20260609_094007_L155;20260609_094007;09.06.2026;09:29:00;155;6;9151;10;U128Z1P;Poliklinika Malešice;50.08779;14.49058
20260609_094007_L155;20260609_094007;09.06.2026;09:25:00;155;1;9466;14;U359Z2P;Nemocnice Vinohrady;50.08471;14.50925
20260609_094007_L183;20260609_094007;09.06.2026;09:25:00;183;10;5108;15;U708Z1P;Háje;50.07656;14.53776
20260609_094007_L201;20260609_094007;09.06.2026;09:25:00;201;14;4130;15;U622Z2P;Nádraží Holešovice;50.11741;14.45748
20260609_094007_L201;20260609_094007;09.06.2026;09:28:00;201;15;4099;12;U1276Z2P;Černý Most;50.12615;14.56554
20260609_094007_L203;20260609_094007;09.06.2026;09:29:00;203;8;1940;10;U1116Z2P;Háje;50.03317;14.48832
20260609_094007_L228;20260609_094007;09.06.2026;09:28:00;228;11;9044;10;U3053Z2P;Poliklinika Malešice;50.03104;14.59759
20260609_094007_L821;20260609_094007;09.06.2026;09:30:00;821;73;1610;10;U9000Z1;Kolín,nádraží;50.00581;15.05887
20260609_094007_L322;20260609_094007;09.06.2026;09:26:00;322;17;8744;11;U628Z10;Praha,Nádraží Veleslavín;50.10781;14.27758
20260609_094007_L335;20260609_094007;09.06.2026;09:25:00;335;6;9131;15;U1583Z1;Kamenice,Kult.dům;49.90948;14.56218
20260609_094007_L349;20260609_094007;09.06.2026;09:29:00;349;24;8209;10;U1793Z3;Mělník,Podolí;50.35043;14.48895
20260609_094007_L381;20260609_094007;09.06.2026;09:30:00;381;11;9944;10;U2008Z1;Kutná Hora,hlavní nádraží;49.98949;14.74057
20260609_094007_L382;20260609_094007;09.06.2026;09:27:00;382;19;9371;11;U2031Z1;Sázava,aut.st.;49.87536;14.89565
20260609_094007_L387;20260609_094007;09.06.2026;09:25:00;387;20;9937;14;U967Z2;Praha,Háje;50.03427;14.56324
20260609_094007_L400;20260609_094007;09.06.2026;08:34:00;400;6;11628;59;U3316Z4;Praha,Střížkov;50.36032;14.47042
20260609_094007_L410;20260609_094007;09.06.2026;09:23:00;410;9;11646;15;U6060Z1;Mimoň,aut.st.;50.43709;14.47275
20260609_094007_L460;20260609_094007;09.06.2026;09:28:00;460;68;1609;10;U4981Z4;Bečváry,Červený Hrádek;49.99594;15.04615
20260609_094007_L506;20260609_094007;09.06.2026;08:40:00;506;3;9535;59;U9708Z2;Příbram,Svatá Hora areál;49.68706;14.02209
20260609_094007_L650;20260609_094007;09.06.2026;09:26:00;650;25;12555;14;U31429Z1;Litoměřice,žel.st.hor.;50.40445;14.12967
20260609_094007_L767;20260609_094007;09.06.2026;09:24:00;767;23;8607;14;U6086Z2;Dolní Slivno;50.30327;14.72786
20260609_094407_L110;20260609_094407;09.06.2026;09:27:00;110;8;8105;15;U1197Z1P;Dolní Počernice;50.09906;14.55177
20260609_094407_L124;20260609_094407;09.06.2026;09:31:00;124;9;5109;12;U508Z2P;Želivského;50.06732;14.46003
20260609_094407_L125;20260609_094407;09.06.2026;09:34:00;125;9;5112;10;U2707Z2P;Skalka;50.04691;14.55151
20260609_094407_L125;20260609_094407;09.06.2026;09:34:00;125;21;5063;10;U338Z1P;Skalka;50.03285;14.55829
20260609_094407_L126;20260609_094407;09.06.2026;09:32:00;126;11;3002;10;U6Z2P;Koleje Jižní Město;50.0293;14.55536
20260609_094407_L136;20260609_094407;09.06.2026;09:32:00;136;12;4100;12;U916Z1P;Jižní Město;50.02529;14.51592
20260609_094407_L136;20260609_094407;09.06.2026;09:31:00;136;29;6865;13;U751Z2P;Jižní Město;50.05255;14.47515
20260609_094407_L136;20260609_094407;09.06.2026;09:34:00;136;14;5536;10;U37Z1P;Jižní Město;50.06112;14.46946
20260609_094407_L136;20260609_094407;09.06.2026;09:33:00;136;15;5534;11;U512Z5P;Jižní Město;50.09006;14.46645
20260609_094407_L149;20260609_094407;09.06.2026;09:33:00;149;6;4193;10;U563Z1P;Dejvická;50.08547;14.37913
20260609_094407_L154;20260609_094407;09.06.2026;09:34:00;154;5;3850;10;U453Z6P;Strašnická;50.05296;14.53485
20260609_094407_L155;20260609_094407;09.06.2026;09:31:00;155;6;9151;12;U4572Z2P;Poliklinika Malešice;50.08526;14.50222
20260609_094407_L175;20260609_094407;09.06.2026;09:34:00;175;5;4071;10;U889Z3P;Háje;50.06024;14.5068
20260609_094407_L183;20260609_094407;09.06.2026;09:29:00;183;11;5544;14;U864Z6P;Vozovna Kobylisy;50.1335;14.45425
20260609_094407_L201;20260609_094407;09.06.2026;09:33:00;201;15;4099;11;U51Z2P;Černý Most;50.12367;14.56688
20260609_094407_L203;20260609_094407;09.06.2026;09:33:00;203;8;1940;10;U601Z3P;Háje;50.03834;14.47867
20260609_094407_L228;20260609_094407;09.06.2026;09:31:00;228;11;9044;13;U542Z2P;Poliklinika Malešice;50.03411;14.59528
20260609_094407_L250;20260609_094407;09.06.2026;09:29:00;250;1;6793;10;U1235Z1P;Sídliště Rohožník;50.08037;14.59135
20260609_094407_L821;20260609_094407;09.06.2026;09:30:00;821;73;1610;11;U9000Z1;Kolín,nádraží;50.00448;15.08375
20260609_094407_L322;20260609_094407;09.06.2026;09:32:00;322;17;8744;12;U698Z2;Praha,Nádraží Veleslavín;50.09846;14.28944
20260609_094407_L332;20260609_094407;09.06.2026;09:29:00;332;19;9133;14;U2129Z1;Jílové u Prahy,Náměstí;49.93984;14.5146
20260609_094407_L335;20260609_094407;09.06.2026;09:30:00;335;6;9131;14;U1565Z2;Kamenice,Kult.dům;49.8998;14.58096
20260609_094407_L349;20260609_094407;09.06.2026;09:31:00;349;24;8209;11;U1794Z1;Mělník,Podolí;50.3562;14.47811
20260609_094407_L369;20260609_094407;09.06.2026;09:30:00;369;33;8233;13;U1959Z2;Praha,Ládví;50.21374;14.49793
20260609_094407_L381;20260609_094407;09.06.2026;09:33:00;381;11;9944;11;U2010Z1;Kutná Hora,hlavní nádraží;49.9883;14.76797
20260609_094407_L387;20260609_094407;09.06.2026;09:25:00;387;20;9937;16;U967Z2;Praha,Háje;50.03345;14.54226
20260609_094407_L406;20260609_094407;09.06.2026;09:32:00;406;4;7936;12;U6043Z1;Praha,Roztyly;49.70159;14.90447
20260609_094407_L506;20260609_094407;09.06.2026;08:40:00;506;3;9535;63;U9708Z2;Příbram,Svatá Hora areál;49.68706;14.02209
20260609_094407_L641;20260609_094407;09.06.2026;09:33:00;641;14;9584;10;U9855Z55;Hořovice,nemocnice;49.8827;13.93935
20260609_094407_L650;20260609_094407;09.06.2026;09:32:00;650;19;1254;10;U9104Z2;Kladno,autobusové nádraží;50.17152;14.01072
20260609_094407_L767;20260609_094407;09.06.2026;09:24:00;767;23;8607;18;U6086Z2;Dolní Slivno;50.30327;14.72785
20260609_094808_L124;20260609_094808;09.06.2026;09:35:00;124;9;5109;13;U189Z1P;Želivského;50.06954;14.46566
20260609_094808_L125;20260609_094808;09.06.2026;09:38:00;125;9;5112;10;U453Z12P;Skalka;50.05365;14.53902
20260609_094808_L125;20260609_094808;09.06.2026;09:38:00;125;21;5063;10;U770Z2P;Skalka;50.04016;14.55556
20260609_094808_L126;20260609_094808;09.06.2026;09:32:00;126;11;3002;12;U6Z2P;Koleje Jižní Město;50.03329;14.54438
20260609_094808_L136;20260609_094808;09.06.2026;09:35:00;136;29;6865;12;U417Z1P;Jižní Město;50.04288;14.48778
20260609_094808_L136;20260609_094808;09.06.2026;09:37:00;136;14;5536;11;U751Z2P;Jižní Město;50.0526;14.47513
20260609_094808_L136;20260609_094808;09.06.2026;09:36:00;136;15;5534;11;U743Z2P;Jižní Město;50.08609;14.45554
20260609_094808_L149;20260609_094808;09.06.2026;09:35:00;149;6;4193;11;U182Z2P;Dejvická;50.09213;14.38679
20260609_094808_L155;20260609_094808;09.06.2026;09:34:00;155;6;9151;13;U1018Z2P;Poliklinika Malešice;50.08593;14.5095
20260609_094808_L168;20260609_094808;09.06.2026;09:35:00;168;7;2081;10;U3296Z2P;Nové Butovice;50.05212;14.35093
20260609_094808_L175;20260609_094808;09.06.2026;09:37:00;175;5;4071;11;U1224Z1P;Háje;50.0579;14.52152
20260609_094808_L177;20260609_094808;09.06.2026;09:33:00;177;24;6887;15;U603Z3P;Poliklinika Mazurská;50.11899;14.49853
20260609_094808_L181;20260609_094808;09.06.2026;09:37:00;181;2;5064;11;U160Z1P;Opatov;50.05088;14.52428
20260609_094808_L201;20260609_094808;09.06.2026;09:37:00;201;11;4134;10;U870Z4P;Nádraží Holešovice;50.11768;14.46439
20260609_094808_L201;20260609_094808;09.06.2026;09:36:00;201;15;4099;11;U342Z2P;Černý Most;50.11202;14.55883
20260609_094808_L203;20260609_094808;09.06.2026;09:36:00;203;8;1940;10;U181Z1P;Háje;50.03357;14.49918
20260609_094808_L220;20260609_094808;09.06.2026;09:38:00;220;28;9378;10;U897Z11P;Černý Most;50.10949;14.5769
20260609_094808_L228;20260609_094808;09.06.2026;09:33:00;228;11;9044;14;U542Z12P;Poliklinika Malešice;50.03883;14.59063
20260609_094808_L250;20260609_094808;09.06.2026;09:38:00;250;1;6793;10;U28Z1P;Sídliště Rohožník;50.08099;14.61666
20260609_094808_L821;20260609_094808;09.06.2026;09:36:00;821;73;1610;10;U4991Z1;Kolín,nádraží;49.99513;15.10563
20260609_094808_L300;20260609_094808;09.06.2026;09:38:00;300;22;8998;10;U4325Z1;Smečno;50.1426;14.08768
20260609_094808_L322;20260609_094808;09.06.2026;09:35:00;322;17;8744;12;U80Z4;Praha,Nádraží Veleslavín;50.09293;14.31529
20260609_094808_L332;20260609_094808;09.06.2026;09:33:00;332;19;9133;13;U2127Z1;Jílové u Prahy,Náměstí;49.92591;14.50346
20260609_094808_L348;20260609_094808;09.06.2026;09:37:00;348;1;8286;11;U1960Z1;Obříství;50.22949;14.49472
20260609_094808_L381;20260609_094808;09.06.2026;09:35:00;381;11;9944;11;U2011Z1;Kutná Hora,hlavní nádraží;49.99125;14.80384
20260609_094808_L406;20260609_094808;09.06.2026;09:35:00;406;4;7936;12;U5786Z1;Praha,Roztyly;49.7117;14.88531
20260609_094808_L506;20260609_094808;09.06.2026;08:40:00;506;3;9535;67;U9708Z2;Příbram,Svatá Hora areál;49.68706;14.02209
20260609_094808_L619;20260609_094808;09.06.2026;09:36:00;619;25;8741;10;U9330Z2;Řevničov;50.18263;13.81167
20260609_094808_L641;20260609_094808;09.06.2026;09:33:00;641;14;9584;13;U9855Z55;Hořovice,nemocnice;49.86909;13.9298
20260609_094808_L650;20260609_094808;09.06.2026;09:35:00;650;19;1254;10;U4932Z2;Kladno,autobusové nádraží;50.15311;14.03343
20260609_094808_L767;20260609_094808;09.06.2026;09:24:00;767;23;8607;22;U6086Z2;Dolní Slivno;50.30327;14.72785
20260609_095208_L136;20260609_095208;09.06.2026;09:40:00;136;15;5534;12;U118Z4P;Jižní Město;50.07812;14.46083
20260609_095208_L124;20260609_095208;09.06.2026;09:38:00;124;9;5109;12;U29Z3P;Želivského;50.0753;14.46845
20260609_095208_L136;20260609_095208;09.06.2026;09:40:00;136;29;6865;12;U344Z1P;Jižní Město;50.03149;14.50552
20260609_095208_L181;20260609_095208;09.06.2026;09:40:00;181;2;5064;12;U219Z1P;Opatov;50.04285;14.51494
20260609_095208_L506;20260609_095208;09.06.2026;08:40:00;506;3;9535;71;U9708Z2;Příbram,Svatá Hora areál;49.68706;14.02209
20260609_095208_L406;20260609_095208;09.06.2026;09:38:00;406;4;7936;13;U5799Z2;Praha,Roztyly;49.71444;14.85682
20260609_095208_L619;20260609_095208;09.06.2026;09:36:00;619;25;8741;14;U9330Z2;Řevničov;50.18263;13.81167
20260609_095208_L322;20260609_095208;09.06.2026;09:37:00;322;17;8744;15;U85Z1;Praha,Nádraží Veleslavín;50.09266;14.3235
20260609_095208_L332;20260609_095208;09.06.2026;09:39:00;332;19;9133;13;U2107Z1;Jílové u Prahy,Náměstí;49.90663;14.49186
20260609_095208_L348;20260609_095208;09.06.2026;09:41:00;348;1;8286;10;U3308Z2;Obříství;50.25528;14.49791
20260609_095208_L155;20260609_095208;09.06.2026;09:37:00;155;6;9151;13;U660Z4P;Poliklinika Malešice;50.08076;14.50846
20260609_095208_L166;20260609_095208;09.06.2026;09:41:00;166;3;1943;10;U54Z5P;Domov seniorů Ďáblice;50.11573;14.46542
20260609_095208_L125;20260609_095208;09.06.2026;09:42:00;125;21;5063;10;U154Z4P;Skalka;50.04702;14.55598
20260609_095208_L228;20260609_095208;09.06.2026;09:38:00;228;11;9044;13;U108Z1P;Poliklinika Malešice;50.05711;14.58281
20260609_095208_L349;20260609_095208;09.06.2026;09:40:00;349;25;8205;12;U2334Z2;Mělník,Podolí;50.25553;14.49547
20260609_095208_L821;20260609_095208;09.06.2026;09:40:00;821;73;1610;10;U4992Z1;Kolín,nádraží;50.00666;15.1348
20260609_095208_L250;20260609_095208;09.06.2026;09:41:00;250;1;6793;11;U36Z1P;Sídliště Rohožník;50.07848;14.6465
20260609_095208_L580;20260609_095208;09.06.2026;09:40:00;580;18;7681;12;U4787Z2;Slaný,aut.nádr.;50.2329;14.08058
20260609_095208_L149;20260609_095208;09.06.2026;09:40:00;149;6;4193;12;U321Z4P;Dejvická;50.10006;14.3955
20260609_095208_L126;20260609_095208;09.06.2026;09:39:00;126;11;3002;13;U286Z3P;Koleje Jižní Město;50.0304;14.52644
20260609_095208_L201;20260609_095208;09.06.2026;09:40:00;201;15;4099;12;U818Z1P;Černý Most;50.1062;14.55889
20260609_095208_L136;20260609_095208;09.06.2026;09:41:00;136;14;5536;10;U417Z1P;Jižní Město;50.04293;14.48774
20260609_095208_L126;20260609_095208;09.06.2026;09:40:00;126;13;3827;11;U3053Z2P;Nádraží Uhříněves;50.03042;14.59635
20260609_095208_L767;20260609_095208;09.06.2026;09:24:00;767;23;8607;26;U6086Z2;Dolní Slivno;50.30328;14.72782
20260609_095208_L381;20260609_095208;09.06.2026;09:40:00;381;11;9944;11;U2013Z1;Kutná Hora,hlavní nádraží;49.99309;14.84214
20260609_095208_L175;20260609_095208;09.06.2026;09:41:00;175;5;4071;10;U472Z3P;Háje;50.05265;14.52876
20260609_095208_L125;20260609_095208;09.06.2026;09:42:00;125;9;5112;10;U226Z2P;Skalka;50.06229;14.53443
20260609_095208_L201;20260609_095208;09.06.2026;09:40:00;201;11;4134;12;U196Z2P;Nádraží Holešovice;50.10879;14.44383
20260609_095610_L110;20260609_095610;09.06.2026;09:44:00;110;2;8101;11;U499Z5P;Dolní Počernice;50.10843;14.53137
20260609_095610_L125;20260609_095610;09.06.2026;09:46:00;125;9;5112;10;U1076Z2P;Skalka;50.06996;14.51055
20260609_095610_L125;20260609_095610;09.06.2026;09:45:00;125;21;5063;11;U654Z2P;Skalka;50.04987;14.54376
20260609_095610_L126;20260609_095610;09.06.2026;09:42:00;126;11;3002;14;U735Z1P;Koleje Jižní Město;50.03421;14.51068
20260609_095610_L126;20260609_095610;09.06.2026;09:40:00;126;13;3827;14;U3053Z2P;Nádraží Uhříněves;50.03135;14.59835
20260609_095610_L136;20260609_095610;09.06.2026;09:46:00;136;16;6969;10;U743Z2P;Jižní Město;50.08611;14.45558
20260609_095610_L136;20260609_095610;09.06.2026;09:44:00;136;29;6865;12;U916Z1P;Jižní Město;50.02523;14.51593
20260609_095610_L136;20260609_095610;09.06.2026;09:44:00;136;15;5534;12;U855Z1P;Jižní Město;50.07447;14.46387
20260609_095610_L166;20260609_095610;09.06.2026;09:45:00;166;3;1943;10;U3006Z1P;Domov seniorů Ďáblice;50.11629;14.46102
20260609_095610_L181;20260609_095610;09.06.2026;09:43:00;181;2;5064;12;U344Z4P;Opatov;50.03194;14.50734
20260609_095610_L228;20260609_095610;09.06.2026;09:41:00;228;11;9044;14;U107Z1P;Poliklinika Malešice;50.06424;14.58526
20260609_095610_L250;20260609_095610;09.06.2026;09:46:00;250;1;6793;10;U903Z1P;Sídliště Rohožník;50.07401;14.67215
20260609_095610_L821;20260609_095610;09.06.2026;09:44:00;821;73;1610;11;U4993Z1;Kolín,nádraží;50.01028;15.15562
20260609_095610_L348;20260609_095610;09.06.2026;09:45:00;348;10;8288;10;U1959Z2;Praha,Ládví;50.21751;14.49662
20260609_095610_L348;20260609_095610;09.06.2026;09:46:00;348;1;8286;10;U1303Z1;Obříství;50.25284;14.51968
20260609_095610_L381;20260609_095610;09.06.2026;09:45:00;381;11;9944;11;U2016Z1;Kutná Hora,hlavní nádraží;49.99411;14.86022
20260609_095610_L382;20260609_095610;09.06.2026;09:43:00;382;18;9370;10;U967Z2;Praha,Háje;50.03328;14.54445
20260609_095610_L406;20260609_095610;09.06.2026;09:43:00;406;4;7936;13;U7609Z2;Praha,Roztyly;49.73705;14.81719
20260609_095610_L410;20260609_095610;09.06.2026;09:41:00;410;9;11646;15;U31047Z1;Mimoň,aut.st.;50.52319;14.51769
20260609_095610_L506;20260609_095610;09.06.2026;08:40:00;506;3;9535;75;U9708Z2;Příbram,Svatá Hora areál;49.68706;14.02209
20260609_095610_L619;20260609_095610;09.06.2026;09:36:00;619;25;8741;18;U9330Z2;Řevničov;50.18263;13.81167
20260609_095610_L640;20260609_095610;09.06.2026;09:42:00;640;29;9553;11;U9810Z1;Hostomice,nám.;49.82582;14.04497
20260609_095610_L641;20260609_095610;09.06.2026;09:42:00;641;14;9584;13;U9779Z3;Hořovice,nemocnice;49.84081;13.90247
20260609_095610_L650;20260609_095610;09.06.2026;09:41:00;650;19;1254;14;U3095Z2;Kladno,autobusové nádraží;50.14074;14.07042
20260609_095610_L767;20260609_095610;09.06.2026;09:24:00;767;23;8607;30;U6086Z2;Dolní Slivno;50.30325;14.72781
20260609_100010_L348;20260609_100010;09.06.2026;09:45:00;348;10;8288;13;U1959Z2;Praha,Ládví;50.21666;14.49691
20260609_100010_L767;20260609_100010;09.06.2026;09:24:00;767;23;8607;34;U6086Z2;Dolní Slivno;50.30325;14.72781
20260609_100010_L125;20260609_100010;09.06.2026;09:48:00;125;21;5063;11;U677Z2P;Skalka;50.05754;14.53699
20260609_100010_L659;20260609_100010;09.06.2026;09:47:00;659;36;9179;12;U2319Z1;Stříbrná Skalice,Náměstí;49.98637;14.85913
20260609_100010_L641;20260609_100010;09.06.2026;09:45:00;641;14;9584;13;U9617Z2;Hořovice,nemocnice;49.8333;13.90278
20260609_100010_L640;20260609_100010;09.06.2026;09:42:00;640;29;9553;15;U9810Z1;Hostomice,nám.;49.82582;14.04497
20260609_100010_L136;20260609_100010;09.06.2026;09:49:00;136;15;5534;11;U680Z3P;Jižní Město;50.06839;14.46933
20260609_100010_L136;20260609_100010;09.06.2026;09:47:00;136;29;6865;13;U286Z5P;Jižní Město;50.03072;14.52993
20260609_100010_L126;20260609_100010;09.06.2026;09:48:00;126;11;3002;12;U23Z1P;Koleje Jižní Město;50.03787;14.49873
20260609_100010_L126;20260609_100010;09.06.2026;09:49:00;126;13;3827;11;U461Z2P;Koleje Jižní Město;50.03345;14.59276
20260609_100010_L136;20260609_100010;09.06.2026;09:48:00;136;16;6969;10;U516Z3P;Jižní Město;50.07895;14.46058
20260609_100010_L126;20260609_100010;09.06.2026;09:46:00;126;7;3826;10;U6Z2P;Koleje Jižní Město;50.0334;14.54162
20260609_100010_L588;20260609_100010;09.06.2026;09:48:00;588;18;7681;11;U4777Z2;Milý,Bor;50.22929;14.08963
20260609_100010_L619;20260609_100010;09.06.2026;09:36:00;619;25;8741;22;U9330Z2;Řevničov;50.18263;13.81167
20260609_100010_L821;20260609_100010;09.06.2026;09:48:00;821;73;1610;12;U4995Z1;Kolín,nádraží;50.01973;15.18228
20260609_100010_L740;20260609_100010;09.06.2026;09:47:00;740;21;7621;10;U6987Z2;Golčův Jeníkov,nám.TGM;49.83256;15.44864
20260609_100010_L410;20260609_100010;09.06.2026;09:46:00;410;9;11646;13;U31046Z4;Mimoň,aut.st.;50.54058;14.54148
20260609_100010_L650;20260609_100010;09.06.2026;09:45:00;650;25;12555;14;U31421Z2;Litoměřice,žel.st.hor.;50.49087;14.14624
20260609_100010_L382;20260609_100010;09.06.2026;09:47:00;382;18;9370;13;U151Z2;Praha,Háje;50.03173;14.53368
20260609_100010_L406;20260609_100010;09.06.2026;09:45:00;406;4;7936;14;U7608Z2;Praha,Roztyly;49.74749;14.7905
20260609_100010_L348;20260609_100010;09.06.2026;09:49:00;348;1;8286;10;U3310Z2;Obříství;50.2594;14.51295
20260609_100010_L324;20260609_100010;09.06.2026;09:47:00;324;20;8972;12;U4780Z1;Praha,Zličín;50.22535;14.06552
20260609_100010_L381;20260609_100010;09.06.2026;09:50:00;381;11;9944;10;U1979Z1;Kutná Hora,hlavní nádraží;49.9829;14.87961
20260609_100010_L339;20260609_100010;09.06.2026;09:50:00;339;25;9956;10;U4176Z1;Praha,Budějovická;49.98397;14.49537
20260609_100010_L110;20260609_100010;09.06.2026;09:44:00;110;2;8101;13;U499Z5P;Dolní Počernice;50.10595;14.53137
20260609_100010_L166;20260609_100010;09.06.2026;09:49:00;166;3;1943;10;U54Z3P;Domov seniorů Ďáblice;50.11602;14.46815
20260609_100010_L203;20260609_100010;09.06.2026;09:49:00;203;8;1940;11;U4133Z1P;Háje;50.02695;14.53056
20260609_100010_L228;20260609_100010;09.06.2026;09:46:00;228;11;9044;14;U820Z2P;Poliklinika Malešice;50.0726;14.55529
20260609_100010_L136;20260609_100010;09.06.2026;09:50:00;136;14;5536;10;U916Z1P;Jižní Město;50.02524;14.51588
20260609_100410_L348;20260609_100410;09.06.2026;09:45:00;348;10;8288;17;U1959Z2;Praha,Ládví;50.21666;14.49691
20260609_100410_L767;20260609_100410;09.06.2026;09:24:00;767;23;8607;38;U6086Z2;Dolní Slivno;50.30325;14.72781
20260609_100410_L126;20260609_100410;09.06.2026;09:51:00;126;1;4040;11;U220Z2P;Nádraží Uhříněves;50.02905;14.59401
20260609_100410_L136;20260609_100410;09.06.2026;09:53:00;136;14;5536;10;U286Z5P;Jižní Město;50.03067;14.52984
20260609_100410_L311;20260609_100410;09.06.2026;09:52:00;311;75;9579;10;U1601Z1;Řevnice,nádraží;49.91791;14.24433
20260609_100410_L136;20260609_100410;09.06.2026;09:53:00;136;15;5534;10;U183Z3P;Jižní Město;50.05613;14.47167
20260609_100410_L640;20260609_100410;09.06.2026;09:42:00;640;29;9553;19;U9810Z1;Hostomice,nám.;49.82582;14.04496
20260609_100410_L125;20260609_100410;09.06.2026;09:53:00;125;21;5063;10;U1068Z2P;Skalka;50.06853;14.51651
20260609_100410_L136;20260609_100410;09.06.2026;09:54:00;136;17;6777;10;U69Z2P;Jižní Město;50.08906;14.46158
20260609_100410_L349;20260609_100410;09.06.2026;09:50:00;349;25;8205;13;U1791Z1;Mělník,Podolí;50.34124;14.491
20260609_100410_L136;20260609_100410;09.06.2026;09:52:00;136;16;6969;12;U518Z3P;Jižní Město;50.07591;14.45912
20260609_100410_L126;20260609_100410;09.06.2026;09:52:00;126;11;3002;12;U969Z1P;Koleje Jižní Město;50.02687;14.49342
20260609_100410_L160;20260609_100410;09.06.2026;09:52:00;160;6;2089;12;U233Z1P;Výhledy;50.13002;14.3828
20260609_100410_L619;20260609_100410;09.06.2026;09:36:00;619;25;8741;26;U9330Z2;Řevničov;50.18263;13.81167
20260609_100410_L410;20260609_100410;09.06.2026;09:50:00;410;9;11646;13;U31310Z1;Mimoň,aut.st.;50.54805;14.55851
20260609_100410_L650;20260609_100410;09.06.2026;09:50:00;650;25;12555;14;U31419Z2;Litoměřice,žel.st.hor.;50.49686;14.14635
20260609_100410_L406;20260609_100410;09.06.2026;09:49:00;406;4;7936;14;U9384Z2;Praha,Roztyly;49.76682;14.74219
20260609_100410_L399;20260609_100410;09.06.2026;09:52:00;399;1;1298;10;U80Z3;Kladno,Energie;50.10691;14.29316
20260609_100410_L546;20260609_100410;09.06.2026;09:53:00;546;5;9572;10;U31495Z2;Rokycany,aut.nádr.;49.73164;13.74421
20260609_100410_L821;20260609_100410;09.06.2026;09:53:00;821;73;1610;11;U4998Z1;Kolín,nádraží;50.02519;15.20016
20260609_100410_L641;20260609_100410;09.06.2026;09:49:00;641;14;9584;14;U9780Z2;Hořovice,nemocnice;49.84025;13.9128
20260609_100410_L588;20260609_100410;09.06.2026;09:53:00;588;18;7681;11;U4836Z1;Milý,Bor;50.23604;14.07356
20260609_100410_L785;20260609_100410;09.06.2026;09:51:00;785;11;7614;11;U9405Z1;Kácov,nám.;49.77803;15.02929
20260609_100410_L805;20260609_100410;09.06.2026;09:53:00;805;10;7622;11;U2816Z3;Kutná Hora,aut.st.;50.02486;15.21364
20260609_100410_L324;20260609_100410;09.06.2026;09:50:00;324;20;8972;13;U4784Z1;Praha,Zličín;50.23154;14.07238
20260609_100410_L339;20260609_100410;09.06.2026;09:53:00;339;25;9956;11;U4861Z2;Praha,Budějovická;49.99474;14.48774
20260609_100410_L348;20260609_100410;09.06.2026;09:54:00;348;1;8286;10;U1964Z1;Obříství;50.27389;14.50283
20260609_100410_L381;20260609_100410;09.06.2026;09:53:00;381;11;9944;10;U1980Z1;Kutná Hora,hlavní nádraží;49.97099;14.92089
20260609_100410_L300;20260609_100410;09.06.2026;09:51:00;300;12;8797;11;U80Z3;Hřebeč;50.10869;14.29195
20260609_100410_L110;20260609_100410;09.06.2026;09:51:00;110;2;8101;12;U652Z3P;Dolní Počernice;50.10636;14.54379
20260609_100410_L228;20260609_100410;09.06.2026;09:50:00;228;11;9044;12;U1014Z2P;Poliklinika Malešice;50.07061;14.54505
20260609_100410_L166;20260609_100410;09.06.2026;09:52:00;166;3;1943;12;U881Z1P;Domov seniorů Ďáblice;50.1206;14.47103
20260609_100410_L126;20260609_100410;09.06.2026;09:54:00;126;7;3826;10;U386Z2P;Koleje Jižní Město;50.03147;14.52366
20260609_100410_L126;20260609_100410;09.06.2026;09:54:00;126;13;3827;10;U220Z1P;Koleje Jižní Město;50.02438;14.59038
20260609_100811_L125;20260609_100811;09.06.2026;09:55:00;125;21;5063;10;U1076Z2P;Skalka;50.07033;14.50943
20260609_100811_L767;20260609_100811;09.06.2026;09:24:00;767;23;8607;42;U6086Z2;Dolní Slivno;50.30325;14.72781
20260609_100811_L399;20260609_100811;09.06.2026;09:52:00;399;1;1298;12;U80Z3;Kladno,Energie;50.10912;14.29167
20260609_100811_L126;20260609_100811;09.06.2026;09:57:00;126;13;3827;10;U169Z2P;Koleje Jižní Město;50.02074;14.57977
20260609_100811_L175;20260609_100811;09.06.2026;09:54:00;175;5;4071;11;U338Z2P;Háje;50.03344;14.54241
20260609_100811_L640;20260609_100811;09.06.2026;09:42:00;640;29;9553;23;U9810Z1;Hostomice,nám.;49.82582;14.04495
20260609_100811_L136;20260609_100811;09.06.2026;09:56:00;136;17;6777;11;U743Z2P;Jižní Město;50.08525;14.45557
20260609_100811_L136;20260609_100811;09.06.2026;09:57:00;136;15;5534;11;U322Z3P;Jižní Město;50.04548;14.48476
20260609_100811_L136;20260609_100811;09.06.2026;09:57:00;136;16;6969;11;U29Z1P;Jižní Město;50.07252;14.47048
20260609_100811_L381;20260609_100811;09.06.2026;09:55:00;381;5;9953;10;U967Z2;Praha,Háje;50.03326;14.54446
20260609_100811_L160;20260609_100811;09.06.2026;09:52:00;160;6;2089;16;U233Z1P;Výhledy;50.13004;14.38282
20260609_100811_L126;20260609_100811;09.06.2026;09:58:00;126;7;3826;10;U99Z2P;Koleje Jižní Město;50.03593;14.50835
20260609_100811_L410;20260609_100811;09.06.2026;09:54:00;410;9;11646;14;U31312Z1;Mimoň,aut.st.;50.55461;14.59023
20260609_100811_L650;20260609_100811;09.06.2026;09:53:00;650;25;12555;13;U32106Z2;Litoměřice,žel.st.hor.;50.51061;14.14898
20260609_100811_L406;20260609_100811;09.06.2026;09:55:00;406;4;7936;13;U5898Z2;Praha,Roztyly;49.78754;14.69621
20260609_100811_L805;20260609_100811;09.06.2026;09:53:00;805;10;7622;14;U2816Z3;Kutná Hora,aut.st.;50.0229;15.2116
20260609_100811_L546;20260609_100811;09.06.2026;09:58:00;546;5;9572;10;U31952Z1;Rokycany,aut.nádr.;49.71804;13.6951
20260609_100811_L825;20260609_100811;09.06.2026;09:57:00;825;43;9581;10;U2370Z2;Mořinka;49.99374;14.15931
20260609_100811_L588;20260609_100811;09.06.2026;09:53:00;588;18;7681;13;U4836Z1;Milý,Bor;50.23302;14.05589
20260609_100811_L589;20260609_100811;09.06.2026;09:55:00;589;8;7761;11;U4858Z1;Louny,ČSAD;50.35564;13.77893
20260609_100811_L619;20260609_100811;09.06.2026;09:36:00;619;25;8741;30;U9330Z2;Řevničov;50.18263;13.81167
20260609_100811_L821;20260609_100811;09.06.2026;09:55:00;821;73;1610;13;U5896Z2;Kolín,nádraží;50.02234;15.20637
20260609_100811_L311;20260609_100811;09.06.2026;09:52:00;311;75;9579;13;U1601Z1;Řevnice,nádraží;49.91383;14.23508
20260609_100811_L339;20260609_100811;09.06.2026;09:57:00;339;25;9956;11;U799Z3;Praha,Budějovická;50.01162;14.4767
20260609_100811_L348;20260609_100811;09.06.2026;09:45:00;348;10;8288;22;U1959Z2;Praha,Ládví;50.21659;14.49695
20260609_100811_L349;20260609_100811;09.06.2026;09:54:00;349;25;8205;13;U1793Z3;Mělník,Podolí;50.3495;14.48828
20260609_100811_L300;20260609_100811;09.06.2026;09:51:00;300;12;8797;15;U80Z3;Hřebeč;50.111;14.29
20260609_100811_L324;20260609_100811;09.06.2026;09:53:00;324;20;8972;15;U4789Z2;Praha,Zličín;50.23421;14.07218
20260609_100811_L325;20260609_100811;09.06.2026;09:57:00;325;40;1633;10;U3053Z2;Praha,Nádraží Uhříněves;50.02981;14.59518
20260609_100811_L228;20260609_100811;09.06.2026;09:56:00;228;11;9044;11;U358Z4P;Poliklinika Malešice;50.07745;14.52169
20260609_100811_L110;20260609_100811;09.06.2026;09:56:00;110;2;8101;12;U1197Z1P;Dolní Počernice;50.10216;14.55466
20260609_100811_L166;20260609_100811;09.06.2026;09:57:00;166;3;1943;11;U4128Z1P;Domov seniorů Ďáblice;50.12695;14.46056
20260609_101211_L381;20260609_101211;09.06.2026;09:59:00;381;5;9953;13;U151Z2;Praha,Háje;50.03124;14.53264
20260609_101211_L546;20260609_101211;09.06.2026;10:02:00;546;5;9572;10;U31955Z1;Rokycany,aut.nádr.;49.71892;13.66461
20260609_101211_L588;20260609_101211;09.06.2026;09:53:00;588;18;7681;15;U4836Z1;Milý,Bor;50.2486;14.0407
20260609_101211_L619;20260609_101211;09.06.2026;09:36:00;619;25;8741;34;U9330Z2;Řevničov;50.18263;13.81167
20260609_101211_L620;20260609_101211;09.06.2026;10:00:00;620;12;8432;10;U4409Z3;Kladno,autobusové nádraží;50.20131;14.19147
20260609_101211_L425;20260609_101211;09.06.2026;10:00:00;425;43;7586;10;U2588Z2;Praha,Černý Most;50.18948;15.30185
20260609_101211_L589;20260609_101211;09.06.2026;09:55:00;589;8;7761;15;U4858Z1;Louny,ČSAD;50.3556;13.77894
20260609_101211_L805;20260609_101211;09.06.2026;09:58:00;805;10;7622;13;U6668Z1;Kutná Hora,aut.st.;50.00669;15.23048
20260609_101211_L705;20260609_101211;09.06.2026;09:57:00;705;37;8697;15;U7320Z9;Čáslav,obchodní centrum;49.91187;15.39644
20260609_101211_L228;20260609_101211;09.06.2026;10:00:00;228;11;9044;12;U1071Z7P;Poliklinika Malešice;50.07772;14.51678
20260609_101211_L324;20260609_101211;09.06.2026;09:57:00;324;20;8972;15;U4786Z2;Praha,Zličín;50.2301;14.08356
20260609_101211_L339;20260609_101211;09.06.2026;10:00:00;339;25;9956;11;U908Z2;Praha,Budějovická;50.02695;14.4583
20260609_101211_L399;20260609_101211;09.06.2026;09:52:00;399;1;1298;17;U80Z3;Kladno,Energie;50.1127;14.2882
20260609_101211_L300;20260609_101211;09.06.2026;09:51:00;300;12;8797;19;U80Z3;Hřebeč;50.11444;14.28587
20260609_101211_L110;20260609_101211;09.06.2026;09:59:00;110;2;8101;13;U207Z3P;Dolní Počernice;50.09327;14.54685
20260609_101211_L155;20260609_101211;09.06.2026;10:01:00;155;6;9151;11;U834Z2P;Nemocnice Vinohrady;50.08701;14.48449
20260609_101211_L166;20260609_101211;09.06.2026;10:00:00;166;3;1943;10;U55Z2P;Domov seniorů Ďáblice;50.1334;14.47596
20260609_101211_L369;20260609_101211;09.06.2026;10:01:00;369;36;8272;10;U1787Z2;Mělník,Mlazice;50.31157;14.51711
20260609_101211_L640;20260609_101211;09.06.2026;09:42:00;640;29;9553;29;U9810Z1;Hostomice,nám.;49.82582;14.04495
20260609_101211_L325;20260609_101211;09.06.2026;09:57:00;325;40;1633;14;U3053Z2;Praha,Nádraží Uhříněves;50.03083;14.59731
20260609_101211_L160;20260609_101211;09.06.2026;09:52:00;160;6;2089;20;U233Z1P;Výhledy;50.13001;14.38281
20260609_101211_L136;20260609_101211;09.06.2026;10:01:00;136;16;6969;11;U37Z1P;Jižní Město;50.06041;14.46955
20260609_101211_L136;20260609_101211;09.06.2026;10:02:00;136;15;5534;10;U424Z1P;Jižní Město;50.0335;14.49929
20260609_101211_L136;20260609_101211;09.06.2026;10:00:00;136;17;6777;12;U118Z4P;Jižní Město;50.07812;14.46089
20260609_101211_L767;20260609_101211;09.06.2026;09:24:00;767;23;8607;46;U6086Z2;Dolní Slivno;50.30325;14.72781
20260609_101211_L369;20260609_101211;09.06.2026;10:00:00;369;37;8269;12;U1959Z2;Praha,Ládví;50.22375;14.49523
20260609_101617_L339;20260609_101617;09.06.2026;10:02:00;339;25;9956;11;U488Z7;Praha,Budějovická;50.04031;14.45853
20260609_101617_L369;20260609_101617;09.06.2026;10:00:00;369;37;8269;15;U1959Z2;Praha,Ládví;50.21987;14.49587
20260609_101617_L640;20260609_101617;09.06.2026;09:42:00;640;29;9553;31;U9810Z1;Hostomice,nám.;49.82582;14.04495
20260609_101617_L136;20260609_101617;09.06.2026;10:04:00;136;17;6777;11;U855Z1P;Jižní Město;50.07438;14.46389
20260609_101617_L126;20260609_101617;09.06.2026;10:06:00;126;7;3826;10;U969Z1P;Koleje Jižní Město;50.02689;14.49341
20260609_101617_L126;20260609_101617;09.06.2026;10:04:00;126;2;3858;10;U3053Z2P;Nádraží Uhříněves;50.03044;14.5966
20260609_101617_L410;20260609_101617;09.06.2026;10:03:00;410;9;11646;12;U31041Z2;Mimoň,aut.st.;50.56338;14.65421
20260609_101617_L406;20260609_101617;09.06.2026;10:01:00;406;4;7936;13;U1384Z1;Praha,Roztyly;49.77965;14.68337
20260609_101617_L399;20260609_101617;09.06.2026;09:52:00;399;1;1298;19;U80Z3;Kladno,Energie;50.12796;14.26372
20260609_101617_L825;20260609_101617;09.06.2026;10:04:00;825;44;9595;10;U9008Z1;Králův Dvůr,Popovice;49.92954;14.01999
20260609_101617_L589;20260609_101617;09.06.2026;09:55:00;589;8;7761;19;U4858Z1;Louny,ČSAD;50.35555;13.77885
20260609_101617_L619;20260609_101617;09.06.2026;09:36:00;619;25;8741;38;U9330Z2;Řevničov;50.18263;13.81167
20260609_101617_L369;20260609_101617;09.06.2026;10:04:00;369;36;8272;11;U1789Z1;Mělník,Mlazice;50.32478;14.50351
20260609_101617_L110;20260609_101617;09.06.2026;10:02:00;110;2;8101;14;U193Z1P;Dolní Počernice;50.08751;14.55823
20260609_101617_L659;20260609_101617;09.06.2026;10:04:00;659;36;9179;10;U1992Z1;Stříbrná Skalice,Náměstí;49.92459;14.88247
20260609_101617_L160;20260609_101617;09.06.2026;09:52:00;160;6;2089;24;U233Z1P;Výhledy;50.13001;14.38282
20260609_101617_L136;20260609_101617;09.06.2026;10:06:00;136;16;6969;10;U697Z3P;Jižní Město;50.04874;14.48079
20260609_101617_L126;20260609_101617;09.06.2026;10:04:00;126;1;4040;12;U461Z2P;Koleje Jižní Město;50.03363;14.59246
20260609_101617_L126;20260609_101617;09.06.2026;10:01:00;126;13;3827;11;U6Z2P;Koleje Jižní Město;50.03324;14.54462
20260609_101617_L767;20260609_101617;09.06.2026;09:24:00;767;23;8607;50;U6086Z2;Dolní Slivno;50.30325;14.72781
20260609_102017_L406;20260609_102017;09.06.2026;10:06:00;406;4;7936;13;U2139Z1;Praha,Roztyly;49.79092;14.68239
20260609_102017_L126;20260609_102017;09.06.2026;10:07:00;126;2;3858;13;U542Z2P;Nádraží Uhříněves;50.03423;14.59512
20260609_102017_L136;20260609_102017;09.06.2026;10:10:00;136;16;6969;10;U181Z1P;Jižní Město;50.03944;14.49057
20260609_102017_L369;20260609_102017;09.06.2026;10:00:00;369;37;8269;19;U1959Z2;Praha,Ládví;50.21425;14.49777
20260609_102017_L488;20260609_102017;09.06.2026;10:08:00;488;30;9569;10;U5857Z1;Mirovice,nám.;49.58652;14.07759
20260609_102017_L410;20260609_102017;09.06.2026;10:07:00;410;9;11646;12;U9450Z1;Mimoň,aut.st.;50.56865;14.6539
20260609_102017_L650;20260609_102017;09.06.2026;10:07:00;650;25;12555;13;U31414Z2;Litoměřice,žel.st.hor.;50.53628;14.13221
20260609_102017_L324;20260609_102017;09.06.2026;10:05:00;324;20;8972;14;U4803Z2;Praha,Zličín;50.20651;14.06477
20260609_102017_L369;20260609_102017;09.06.2026;10:07:00;369;36;8272;13;U1791Z1;Mělník,Mlazice;50.33993;14.49221
20260609_102017_L300;20260609_102017;09.06.2026;10:06:00;300;2;8955;13;U80Z3;Kladno,u kostela;50.09777;14.29584
20260609_102017_L300;20260609_102017;09.06.2026;10:10:00;300;11;8975;10;U4145Z2;Praha,Nádraží Veleslavín;50.16901;14.05683
20260609_102017_L767;20260609_102017;09.06.2026;09:24:00;767;23;8607;56;U6086Z2;Dolní Slivno;50.30335;14.72836
20260609_102017_L538;20260609_102017;09.06.2026;10:08:00;538;3;7653;11;U9932Z53;Křinec,náměstí;50.27469;15.18476
20260609_102017_L640;20260609_102017;09.06.2026;09:42:00;640;29;9553;37;U9810Z1;Hostomice,nám.;49.82582;14.04494
20260609_102017_L641;20260609_102017;09.06.2026;10:07:00;641;16;9447;12;U9856Z1;Beroun,autobusové nádraží;49.88723;13.95288
20260609_102017_L588;20260609_102017;09.06.2026;10:08:00;588;18;7681;12;U9230Z2;Milý,Bor;50.25457;13.98498
20260609_102017_L619;20260609_102017;09.06.2026;09:36:00;619;25;8741;42;U9330Z2;Řevničov;50.18263;13.81167
20260609_102017_L620;20260609_102017;09.06.2026;10:10:00;620;12;8432;10;U4420Z1;Kladno,autobusové nádraží;50.17905;14.15678
20260609_102017_L589;20260609_102017;09.06.2026;09:55:00;589;8;7761;23;U4858Z1;Louny,ČSAD;50.3556;13.77892
20260609_102017_L160;20260609_102017;09.06.2026;09:52:00;160;6;2089;28;U233Z1P;Výhledy;50.13003;14.38283
20260609_102017_L126;20260609_102017;09.06.2026;10:06:00;126;1;4040;13;U336Z3P;Koleje Jižní Město;50.03157;14.59853
20260609_102017_L126;20260609_102017;09.06.2026;10:08:00;126;13;3827;12;U286Z3P;Koleje Jižní Město;50.0304;14.52647
20260609_102417_L126;20260609_102417;09.06.2026;10:11:00;126;1;4040;12;U919Z2P;Koleje Jižní Město;50.01715;14.58444
20260609_102417_L126;20260609_102417;09.06.2026;10:11:00;126;13;3827;13;U735Z1P;Koleje Jižní Město;50.03423;14.5107
20260609_102417_L136;20260609_102417;09.06.2026;10:14:00;136;16;6969;10;U106Z2P;Jižní Město;50.02748;14.50774
20260609_102417_L136;20260609_102417;09.06.2026;10:13:00;136;18;6966;11;U512Z5P;Jižní Město;50.09035;14.4674
20260609_102417_L160;20260609_102417;09.06.2026;09:52:00;160;6;2089;32;U233Z1P;Výhledy;50.13001;14.38282
20260609_102417_L406;20260609_102417;09.06.2026;10:06:00;406;4;7936;14;U2139Z1;Praha,Roztyly;49.82971;14.68665
20260609_102417_L805;20260609_102417;09.06.2026;10:12:00;805;10;7622;12;U5934Z1;Kutná Hora,aut.st.;49.96196;15.28425
20260609_102417_L538;20260609_102417;09.06.2026;10:08:00;538;3;7653;13;U9932Z53;Křinec,náměstí;50.27672;15.16349
20260609_102417_L488;20260609_102417;09.06.2026;10:12:00;488;30;9569;10;U7614Z1;Mirovice,nám.;49.57549;14.07731
20260609_102417_L410;20260609_102417;09.06.2026;10:12:00;410;9;11646;11;U31346Z1;Mimoň,aut.st.;50.58074;14.69414
20260609_102417_L300;20260609_102417;09.06.2026;10:06:00;300;2;8955;17;U80Z3;Kladno,u kostela;50.10446;14.29432
20260609_102417_L300;20260609_102417;09.06.2026;10:13:00;300;11;8975;10;U4793Z2;Praha,Nádraží Veleslavín;50.15757;14.04945
20260609_102417_L640;20260609_102417;09.06.2026;09:42:00;640;29;9553;41;U9810Z1;Hostomice,nám.;49.82582;14.04495
20260609_102417_L641;20260609_102417;09.06.2026;10:09:00;641;16;9447;15;U9855Z55;Beroun,autobusové nádraží;49.8703;13.94811
20260609_102417_L324;20260609_102417;09.06.2026;10:10:00;324;20;8972;14;U1915Z1;Praha,Zličín;50.18873;14.04158
20260609_102417_L588;20260609_102417;09.06.2026;10:13:00;588;18;7681;11;U9241Z2;Milý,Bor;50.24192;13.94321
20260609_102417_L619;20260609_102417;09.06.2026;09:36:00;619;25;8741;46;U9330Z2;Řevničov;50.18263;13.81167
20260609_102417_L620;20260609_102417;09.06.2026;10:14:00;620;12;8432;10;U4418Z2;Kladno,autobusové nádraží;50.18915;14.16221
20260609_102417_L356;20260609_102417;09.06.2026;10:13:00;356;38;8886;10;U5971Z2;Praha,Obchodní centrum Ruzyně;50.11609;14.28629
20260609_102417_L369;20260609_102417;09.06.2026;10:11:00;369;36;8272;13;U3336Z1;Mělník,Mlazice;50.35068;14.47877
20260609_102417_L240;20260609_102417;09.06.2026;10:13:00;240;11;1764;10;U4117Z1P;Háje;50.06365;14.59503
20260609_102417_L589;20260609_102417;09.06.2026;09:55:00;589;8;7761;27;U4858Z1;Louny,ČSAD;50.35561;13.77895
20260609_102818_L488;20260609_102818;09.06.2026;10:15:00;488;30;9569;10;U7617Z1;Mirovice,nám.;49.57479;14.10015
20260609_102818_L640;20260609_102818;09.06.2026;09:42:00;640;29;9553;43;U9810Z1;Hostomice,nám.;49.82582;14.04495
20260609_102818_L126;20260609_102818;09.06.2026;10:17:00;126;3;3864;10;U3053Z2P;Nádraží Uhříněves;50.03139;14.59836
20260609_102818_L369;20260609_102818;09.06.2026;10:15:00;369;36;8272;12;U1793Z3;Mělník,Mlazice;50.34946;14.48833
20260609_102818_L589;20260609_102818;09.06.2026;09:55:00;589;8;7761;31;U4858Z1;Louny,ČSAD;50.35561;13.77893
20260609_102818_L620;20260609_102818;09.06.2026;10:17:00;620;12;8432;10;U4416Z2;Kladno,autobusové nádraží;50.18707;14.15318
20260609_102818_L410;20260609_102818;09.06.2026;10:13:00;410;9;11646;12;U31347Z1;Mimoň,aut.st.;50.60302;14.7178
20260609_102818_L160;20260609_102818;09.06.2026;09:52:00;160;6;2089;36;U233Z1P;Výhledy;50.13003;14.38282
20260609_102818_L126;20260609_102818;09.06.2026;10:15:00;126;1;4040;13;U382Z2P;Koleje Jižní Město;50.02366;14.56577
20260609_102818_L136;20260609_102818;09.06.2026;10:16:00;136;18;6966;12;U743Z2P;Jižní Město;50.08606;14.45552
20260609_102818_L641;20260609_102818;09.06.2026;10:16:00;641;16;9447;12;U9854Z1;Beroun,autobusové nádraží;49.8939;13.95952
20260609_102818_L588;20260609_102818;09.06.2026;10:17:00;588;18;7681;11;U9239Z2;Milý,Bor;50.23105;13.91472
20260609_102818_L805;20260609_102818;09.06.2026;10:17:00;805;10;7622;10;U7342Z2;Kutná Hora,aut.st.;49.95703;15.27757
20260609_102818_L718;20260609_102818;09.06.2026;10:16:00;718;32;8608;10;U9458Z2;Mnichovo Hradiště,dopravní terminál;50.44716;15.0741
20260609_102818_L324;20260609_102818;09.06.2026;10:14:00;324;20;8972;14;U4933Z2;Praha,Zličín;50.16802;14.01751
20260609_102818_L356;20260609_102818;09.06.2026;10:13:00;356;38;8886;13;U5971Z2;Praha,Obchodní centrum Ruzyně;50.11488;14.28429
20260609_102818_L126;20260609_102818;09.06.2026;10:18:00;126;5;4157;10;U989Z2P;Nádraží Uhříněves;50.02241;14.50005
20260609_102818_L126;20260609_102818;09.06.2026;10:18:00;126;13;3827;10;U1131Z1P;Koleje Jižní Město;50.03536;14.49339
20260609_102818_L240;20260609_102818;09.06.2026;10:17:00;240;11;1764;10;U1059Z2P;Háje;50.05643;14.58115
20260609_102818_L300;20260609_102818;09.06.2026;10:06:00;300;2;8955;20;U80Z3;Kladno,u kostela;50.11242;14.28849
20260609_102818_L300;20260609_102818;09.06.2026;10:17:00;300;11;8975;10;U1918Z2;Praha,Nádraží Veleslavín;50.14094;14.06361
20260609_103218_L240;20260609_103218;09.06.2026;10:20:00;240;11;1764;11;U215Z2P;Háje;50.05335;14.56531
20260609_103218_L389;20260609_103218;09.06.2026;10:20:00;389;13;7751;10;U80Z3;Hořešovice;50.10791;14.29252
20260609_103218_L369;20260609_103218;09.06.2026;10:19:00;369;36;8272;12;U1795Z1;Mělník,Mlazice;50.35888;14.47228
20260609_103218_L641;20260609_103218;09.06.2026;10:18:00;641;16;9447;11;U1229Z1;Beroun,autobusové nádraží;49.90748;13.96982
20260609_103218_L805;20260609_103218;09.06.2026;10:21:00;805;10;7622;10;U2481Z2;Kutná Hora,aut.st.;49.95116;15.27394
20260609_103218_L300;20260609_103218;09.06.2026;10:06:00;300;2;8955;21;U80Z3;Kladno,u kostela;50.13135;14.25759
20260609_103218_L348;20260609_103218;09.06.2026;10:22:00;348;3;8289;10;U1974Z1;Libiš,Obec;50.2653;14.51045
20260609_103218_L383;20260609_103218;09.06.2026;10:21:00;383;33;9109;11;U336Z2;Praha,Háje;50.03189;14.59843
20260609_103218_L136;20260609_103218;09.06.2026;10:20:00;136;18;6966;12;U118Z4P;Jižní Město;50.07877;14.46054
20260609_103218_L718;20260609_103218;09.06.2026;10:21:00;718;32;8608;11;U6295Z1;Mnichovo Hradiště,dopravní terminál;50.4601;15.08214
20260609_103218_L589;20260609_103218;09.06.2026;09:55:00;589;8;7761;35;U4858Z1;Louny,ČSAD;50.35558;13.77897
20260609_103218_L160;20260609_103218;09.06.2026;09:52:00;160;6;2089;40;U233Z1P;Výhledy;50.13003;14.38284
20260609_103218_L410;20260609_103218;09.06.2026;10:20:00;410;9;11646;11;U31369Z52;Mimoň,aut.st.;50.63008;14.71835
20260609_103218_L640;20260609_103218;09.06.2026;09:42:00;640;29;9553;47;U9810Z1;Hostomice,nám.;49.82582;14.04494
20260609_103218_L300;20260609_103218;09.06.2026;10:21:00;300;11;8975;11;U3095Z2;Praha,Nádraží Veleslavín;50.14064;14.07206
20260609_103218_L126;20260609_103218;09.06.2026;10:21:00;126;5;4157;10;U52Z4P;Nádraží Uhříněves;50.03081;14.49154
20260609_103218_L126;20260609_103218;09.06.2026;10:21:00;126;13;3827;10;U969Z1P;Koleje Jižní Město;50.02648;14.49442
20260609_103618_L324;20260609_103618;09.06.2026;10:21:00;324;20;8972;15;U3095Z2;Praha,Zličín;50.14065;14.07083
20260609_103618_L649;20260609_103618;09.06.2026;10:22:00;649;58;9575;10;U3273Z1;Nižbor,u lípy;50.00523;13.9799
20260609_103618_L718;20260609_103618;09.06.2026;10:24:00;718;32;8608;11;U6309Z2;Mnichovo Hradiště,dopravní terminál;50.47039;15.07611
20260609_103618_L240;20260609_103618;09.06.2026;10:26:00;240;11;1764;10;U973Z1P;Háje;50.04585;14.55729
20260609_103618_L641;20260609_103618;09.06.2026;10:23:00;641;16;9447;11;U9106Z1;Beroun,autobusové nádraží;49.92497;13.97743
20260609_103618_L589;20260609_103618;09.06.2026;09:55:00;589;8;7761;39;U4858Z1;Louny,ČSAD;50.35562;13.77894
20260609_103618_L383;20260609_103618;09.06.2026;10:24:00;383;33;9109;11;U435Z4;Praha,Háje;50.03722;14.58356
20260609_103618_L389;20260609_103618;09.06.2026;10:20:00;389;13;7751;13;U80Z3;Hořešovice;50.11359;14.28702
20260609_103618_L136;20260609_103618;09.06.2026;10:22:00;136;18;6966;14;U518Z3P;Jižní Město;50.07585;14.4591
20260609_103618_L160;20260609_103618;09.06.2026;09:52:00;160;6;2089;44;U233Z1P;Výhledy;50.13003;14.38282
20260609_103618_L640;20260609_103618;09.06.2026;09:42:00;640;29;9553;53;U9810Z1;Hostomice,nám.;49.82581;14.04493
20260609_103618_L126;20260609_103618;09.06.2026;10:21:00;126;1;4040;15;U151Z2P;Koleje Jižní Město;50.03221;14.53439
20260609_103618_L300;20260609_103618;09.06.2026;10:26:00;300;11;8975;10;U4313Z7;Praha,Nádraží Veleslavín;50.14451;14.09298
20260609_103618_L126;20260609_103618;09.06.2026;10:23:00;126;13;3827;10;U989Z1P;Koleje Jižní Město;50.02177;14.49999
20260609_103618_L136;20260609_103618;09.06.2026;10:26:00;136;19;6874;10;U743Z2P;Jižní Město;50.08606;14.45556
20260609_103618_L322;20260609_103618;09.06.2026;10:21:00;322;12;8797;15;U4310Z1;Kladno,autobusové nádraží;50.13738;14.10232
20260609_104018_L488;20260609_104018;09.06.2026;10:27:00;488;30;9569;10;U5856Z1;Mirovice,nám.;49.51922;14.07139
20260609_104018_L400;20260609_104018;09.06.2026;10:29:00;400;54;1086;10;U31359Z2;Praha,Střížkov;50.75151;14.55108
20260609_104018_L383;20260609_104018;09.06.2026;10:27:00;383;33;9109;12;U967Z2;Praha,Háje;50.0329;14.5582
20260609_104018_L389;20260609_104018;09.06.2026;10:20:00;389;13;7751;14;U80Z3;Hořešovice;50.13829;14.24182
20260609_104018_L825;20260609_104018;09.06.2026;10:28:00;825;43;9581;10;U4256Z1;Mořinka;49.95159;14.21779
20260609_104018_L589;20260609_104018;09.06.2026;09:55:00;589;8;7761;43;U4858Z1;Louny,ČSAD;50.35562;13.77894
20260609_104018_L718;20260609_104018;09.06.2026;10:27:00;718;32;8608;10;U6312Z2;Mnichovo Hradiště,dopravní terminál;50.4883;15.04025
20260609_104018_L136;20260609_104018;09.06.2026;10:27:00;136;18;6966;12;U29Z1P;Jižní Město;50.07258;14.47048
20260609_104018_L160;20260609_104018;09.06.2026;09:52:00;160;6;2089;48;U233Z1P;Výhledy;50.13003;14.38281
20260609_104018_L410;20260609_104018;09.06.2026;10:25:00;410;9;11646;12;U31491Z11;Mimoň,aut.st.;50.64778;14.73769
20260609_104018_L640;20260609_104018;09.06.2026;09:42:00;640;29;9553;55;U9810Z1;Hostomice,nám.;49.82581;14.04493
20260609_104018_L300;20260609_104018;09.06.2026;10:29:00;300;11;8975;10;U3094Z2;Praha,Nádraží Veleslavín;50.13918;14.10046
20260609_104018_L136;20260609_104018;09.06.2026;10:30:00;136;19;6874;10;U118Z4P;Jižní Město;50.07857;14.46075
20260609_104018_L322;20260609_104018;09.06.2026;10:25:00;322;12;8797;15;U4313Z8;Kladno,autobusové nádraží;50.14621;14.0967
20260609_104429_L136;20260609_104429;09.06.2026;10:35:00;136;32;5101;10;U2787Z2P;Jižní Město;50.08815;14.45756
20260609_104429_L136;20260609_104429;09.06.2026;10:33:00;136;18;6966;12;U183Z3P;Jižní Město;50.05671;14.47127
20260609_104429_L136;20260609_104429;09.06.2026;10:34:00;136;19;6874;10;U855Z1P;Jižní Město;50.07446;14.46397
20260609_104429_L160;20260609_104429;09.06.2026;09:52:00;160;6;2089;52;U233Z1P;Výhledy;50.13003;14.38281
20260609_104429_L324;20260609_104429;09.06.2026;10:29:00;324;20;8972;13;U3094Z2;Praha,Zličín;50.13891;14.10071
20260609_104429_L383;20260609_104429;09.06.2026;10:27:00;383;33;9109;14;U967Z2;Praha,Háje;50.03404;14.53737
20260609_104429_L399;20260609_104429;09.06.2026;10:34:00;399;1;1298;10;U4328Z2;Praha,Nádraží Veleslavín;50.14772;14.06982
20260609_104429_L410;20260609_104429;09.06.2026;10:29:00;410;9;11646;12;U31371Z1;Mimoň,aut.st.;50.66063;14.72345
20260609_104429_L589;20260609_104429;09.06.2026;09:55:00;589;8;7761;47;U4858Z1;Louny,ČSAD;50.35561;13.77894
20260609_104429_L640;20260609_104429;09.06.2026;09:42:00;640;29;9553;59;U9810Z1;Hostomice,nám.;49.82581;14.04493
20260609_104830_L136;20260609_104830;09.06.2026;10:38:00;136;32;5101;10;U516Z3P;Jižní Město;50.08252;14.45908
20260609_104830_L136;20260609_104830;09.06.2026;10:37:00;136;18;6966;11;U322Z3P;Jižní Město;50.04607;14.48394
20260609_104830_L160;20260609_104830;09.06.2026;09:52:00;160;6;2089;56;U233Z1P;Výhledy;50.13001;14.38283
20260609_104830_L240;20260609_104830;09.06.2026;10:37:00;240;11;1764;11;U151Z2P;Háje;50.03166;14.53365
20260609_104830_L300;20260609_104830;09.06.2026;10:36:00;300;5;8966;10;U80Z3;Libušín,náměstí;50.11388;14.28663
20260609_104830_L300;20260609_104830;09.06.2026;10:37:00;300;11;8975;10;U4306Z2;Praha,Nádraží Veleslavín;50.13854;14.1394
20260609_104830_L324;20260609_104830;09.06.2026;10:35:00;324;20;8972;12;U4320Z2;Praha,Zličín;50.12771;14.11837
20260609_104830_L399;20260609_104830;09.06.2026;10:36:00;399;1;1298;12;U3095Z2;Praha,Nádraží Veleslavín;50.14066;14.07085
20260609_104830_L589;20260609_104830;09.06.2026;09:55:00;589;8;7761;51;U4858Z1;Louny,ČSAD;50.35561;13.77894
20260609_104830_L640;20260609_104830;09.06.2026;09:42:00;640;29;9553;63;U9810Z1;Hostomice,nám.;49.82581;14.04493
20260609_105230_L136;20260609_105230;09.06.2026;10:40:00;136;32;5101;11;U118Z4P;Jižní Město;50.07811;14.46084
20260609_105230_L136;20260609_105230;09.06.2026;10:40:00;136;18;6966;12;U181Z1P;Jižní Město;50.03946;14.49058
20260609_105230_L160;20260609_105230;09.06.2026;09:52:00;160;6;2089;60;U233Z1P;Výhledy;50.13003;14.38283
20260609_105230_L300;20260609_105230;09.06.2026;10:36:00;300;5;8966;12;U80Z3;Libušín,náměstí;50.12739;14.26465
20260609_105230_L324;20260609_105230;09.06.2026;10:40:00;324;20;8972;12;U4316Z5;Praha,Zličín;50.13226;14.13801
20260609_105230_L389;20260609_105230;09.06.2026;10:39:00;389;13;7751;13;U2867Z1;Hořešovice;50.22692;14.10113
20260609_105230_L399;20260609_105230;09.06.2026;10:41:00;399;1;1298;10;U4313Z7;Praha,Nádraží Veleslavín;50.14535;14.09531
20260609_105230_L400;20260609_105230;09.06.2026;10:38:00;400;54;1086;13;U31355Z2;Praha,Střížkov;50.68852;14.54147
20260609_105230_L448;20260609_105230;09.06.2026;10:39:00;448;90;1110;11;U2570Z2;Lety,K Libří;49.92486;14.2412
20260609_105230_L589;20260609_105230;09.06.2026;09:55:00;589;8;7761;55;U4858Z1;Louny,ČSAD;50.35561;13.77893
20260609_105230_L640;20260609_105230;09.06.2026;09:42:00;640;29;9553;67;U9810Z1;Hostomice,nám.;49.82581;14.04493
20260609_105230_L740;20260609_105230;09.06.2026;10:42:00;740;21;7621;10;U7320Z11;Čáslav,žel.st.;49.91198;15.39694
20260609_105230_L798;20260609_105230;09.06.2026;10:41:00;798;72;7885;10;U4073Z2;Benešov,Terminál;49.78584;14.68984
20260609_105631_L126;20260609_105631;09.06.2026;10:46:00;126;5;4157;10;U220Z2P;Nádraží Uhříněves;50.02505;14.59132
20260609_105631_L136;20260609_105631;09.06.2026;10:44:00;136;32;5101;10;U855Z1P;Jižní Město;50.0736;14.46914
20260609_105631_L136;20260609_105631;09.06.2026;10:44:00;136;18;6966;12;U106Z2P;Jižní Město;50.02749;14.50777
20260609_105631_L160;20260609_105631;09.06.2026;09:52:00;160;6;2089;64;U233Z1P;Výhledy;50.13003;14.38282
20260609_105631_L823;20260609_105631;09.06.2026;10:43:00;823;37;1638;12;U2315Z1;Úvaly,žel.st.;50.07364;14.72371
20260609_105631_L300;20260609_105631;09.06.2026;10:44:00;300;5;8966;12;U4301Z1;Libušín,náměstí;50.14714;14.21227
20260609_105631_L300;20260609_105631;09.06.2026;10:45:00;300;11;8975;11;U4304Z1;Praha,Nádraží Veleslavín;50.15164;14.18193
20260609_105631_L324;20260609_105631;09.06.2026;10:41:00;324;20;8972;13;U4315Z2;Praha,Zličín;50.14664;14.15647
20260609_105631_L346;20260609_105631;09.06.2026;10:45:00;346;3;8292;10;U897Z31;Praha,Černý Most;50.10859;14.57345
20260609_105631_L389;20260609_105631;09.06.2026;10:42:00;389;13;7751;13;U4777Z2;Hořešovice;50.2286;14.088
20260609_105631_L448;20260609_105631;09.06.2026;10:39:00;448;90;1110;15;U2570Z2;Lety,K Libří;49.92486;14.2412
20260609_105631_L472;20260609_105631;09.06.2026;10:46:00;472;33;8016;10;U2187Z2;Mělník,aut.nádr.;50.28727;14.57654
20260609_105631_L506;20260609_105631;09.06.2026;10:45:00;506;13;9530;10;U9708Z2;Příbram,Svatá Hora areál;49.687;14.02196
20260609_105631_L589;20260609_105631;09.06.2026;09:55:00;589;8;7761;59;U4858Z1;Louny,ČSAD;50.35561;13.77893
20260609_105631_L640;20260609_105631;09.06.2026;09:42:00;640;29;9553;71;U9810Z1;Hostomice,nám.;49.82581;14.04493
20260609_105631_L740;20260609_105631;09.06.2026;10:42:00;740;21;7621;14;U7320Z11;Čáslav,žel.st.;49.91198;15.39694
20260609_105631_L798;20260609_105631;09.06.2026;10:41:00;798;72;7885;14;U4073Z2;Benešov,Terminál;49.78584;14.68985
20260609_110031_L309;20260609_110031;09.06.2026;10:48:00;309;76;9769;10;U1667Z2;Praha,Zličín;50.01978;14.25453
20260609_110031_L589;20260609_110031;09.06.2026;09:55:00;589;8;7761;63;U4858Z1;Louny,ČSAD;50.35561;13.77892
20260609_110031_L472;20260609_110031;09.06.2026;10:50:00;472;33;8016;10;U2183Z2;Mělník,aut.nádr.;50.28577;14.54074
20260609_110031_L448;20260609_110031;09.06.2026;10:39:00;448;90;1110;19;U2570Z2;Lety,K Libří;49.92486;14.2412
20260609_110031_L640;20260609_110031;09.06.2026;09:42:00;640;29;9553;75;U9810Z1;Hostomice,nám.;49.82581;14.04493
20260609_110031_L126;20260609_110031;09.06.2026;10:47:00;126;5;4157;13;U3053Z2P;Nádraží Uhříněves;50.03055;14.59669
20260609_110031_L136;20260609_110031;09.06.2026;10:49:00;136;32;5101;10;U680Z3P;Jižní Město;50.0684;14.46928
20260609_110031_L136;20260609_110031;09.06.2026;10:48:00;136;18;6966;11;U353Z1P;Jižní Město;50.0262;14.52152
20260609_110031_L300;20260609_110031;09.06.2026;10:49:00;300;5;8966;11;U4303Z52;Libušín,náměstí;50.15292;14.18794
20260609_110031_L324;20260609_110031;09.06.2026;10:47:00;324;20;8972;13;U4303Z51;Praha,Zličín;50.15328;14.18826
20260609_110031_L311;20260609_110031;09.06.2026;10:48:00;311;75;9579;12;U1658Z2;Praha,Zličín;49.99271;14.20696
20260609_110031_L160;20260609_110031;09.06.2026;09:52:00;160;6;2089;68;U233Z1P;Výhledy;50.13003;14.38282
20260609_110031_L506;20260609_110031;09.06.2026;10:45:00;506;13;9530;14;U9708Z2;Příbram,Svatá Hora areál;49.687;14.02196
20260609_110031_L399;20260609_110031;09.06.2026;10:50:00;399;1;1298;10;U4320Z2;Praha,Nádraží Veleslavín;50.12923;14.11579
20260609_110031_L400;20260609_110031;09.06.2026;10:45:00;400;54;1086;10;U31354Z5;Praha,Střížkov;50.67748;14.53558
20260609_110031_L740;20260609_110031;09.06.2026;10:42:00;740;21;7621;18;U7320Z11;Čáslav,žel.st.;49.91199;15.39691
20260609_110031_L798;20260609_110031;09.06.2026;10:41:00;798;72;7885;18;U4073Z2;Benešov,Terminál;49.78582;14.68986
20260609_110031_L389;20260609_110031;09.06.2026;10:45:00;389;13;7751;15;U4786Z1;Hořešovice;50.23152;14.0836
20260609_110031_L539;20260609_110031;09.06.2026;10:45:00;539;13;7625;13;U2578Z1;Poděbrady,žel.st.;50.14834;15.12499
20260609_110031_L300;20260609_110031;09.06.2026;10:48:00;300;11;8975;12;U4302Z51;Praha,Nádraží Veleslavín;50.14603;14.20176
20260609_110431_L126;20260609_110431;09.06.2026;10:49:00;126;5;4157;16;U336Z2P;Nádraží Uhříněves;50.03166;14.59864
20260609_110431_L136;20260609_110431;09.06.2026;10:54:00;136;32;5101;10;U751Z2P;Jižní Město;50.05306;14.47423
20260609_110431_L160;20260609_110431;09.06.2026;09:52:00;160;6;2089;72;U233Z1P;Výhledy;50.13003;14.38281
20260609_110431_L300;20260609_110431;09.06.2026;10:51:00;300;5;8966;13;U4304Z1;Libušín,náměstí;50.15022;14.17749
20260609_110431_L300;20260609_110431;09.06.2026;10:50:00;300;11;8975;11;U4301Z2;Praha,Nádraží Veleslavín;50.13129;14.25727
20260609_110431_L309;20260609_110431;09.06.2026;10:53:00;309;76;9769;10;U4253Z2;Praha,Zličín;50.03151;14.26538
20260609_110431_L311;20260609_110431;09.06.2026;10:51:00;311;75;9579;12;U1656Z2;Praha,Zličín;50.00717;14.21376
20260609_110431_L324;20260609_110431;09.06.2026;10:49:00;324;20;8972;14;U4304Z1;Praha,Zličín;50.1501;14.17805
20260609_110431_L371;20260609_110431;09.06.2026;10:53:00;371;3;8085;10;U2325Z1;Praha,Kobylisy;50.18347;14.42409
20260609_110431_L399;20260609_110431;09.06.2026;10:53:00;399;1;1298;10;U4317Z2;Praha,Nádraží Veleslavín;50.12895;14.13132
20260609_110431_L399;20260609_110431;09.06.2026;10:52:00;399;11;1263;11;U80Z3;Kladno,Energie;50.09941;14.29551
20260609_110431_L400;20260609_110431;09.06.2026;10:53:00;400;54;1086;11;U31353Z2;Praha,Střížkov;50.65539;14.53431
20260609_110431_L448;20260609_110431;09.06.2026;10:39:00;448;90;1110;23;U2570Z2;Lety,K Libří;49.92486;14.2412
20260609_110431_L472;20260609_110431;09.06.2026;10:54:00;472;33;8016;10;U1922Z1;Mělník,aut.nádr.;50.29507;14.51608
20260609_110431_L506;20260609_110431;09.06.2026;10:45:00;506;13;9530;18;U9708Z2;Příbram,Svatá Hora areál;49.68701;14.02196
20260609_110431_L539;20260609_110431;09.06.2026;10:45:00;539;13;7625;17;U2578Z1;Poděbrady,žel.st.;50.14834;15.12499
20260609_110431_L589;20260609_110431;09.06.2026;09:55:00;589;8;7761;67;U4858Z1;Louny,ČSAD;50.35564;13.77892
20260609_110431_L640;20260609_110431;09.06.2026;09:42:00;640;29;9553;79;U9810Z1;Hostomice,nám.;49.82581;14.04492
20260609_110431_L740;20260609_110431;09.06.2026;10:42:00;740;21;7621;22;U7320Z11;Čáslav,žel.st.;49.91205;15.39684
20260609_110431_L798;20260609_110431;09.06.2026;10:41:00;798;72;7885;22;U4073Z2;Benešov,Terminál;49.78582;14.68986
20260609_110832_L640;20260609_110832;09.06.2026;09:42:00;640;29;9553;83;U9810Z1;Hostomice,nám.;49.82582;14.04492
20260609_110832_L309;20260609_110832;09.06.2026;10:56:00;309;76;9769;11;U4254Z2;Praha,Zličín;50.03902;14.26203
20260609_110832_L311;20260609_110832;09.06.2026;10:55:00;311;75;9579;12;U1653Z2;Praha,Zličín;50.01534;14.22902
20260609_110832_L324;20260609_110832;09.06.2026;10:57:00;324;27;8996;11;U1918Z1;Slaný,Rabasova;50.14364;14.05698
20260609_110832_L324;20260609_110832;09.06.2026;10:54:00;324;20;8972;14;U4301Z2;Praha,Zličín;50.14807;14.22172
20260609_110832_L399;20260609_110832;09.06.2026;10:52:00;399;11;1263;13;U80Z3;Kladno,Energie;50.11785;14.28068
20260609_110832_L387;20260609_110832;09.06.2026;10:55:00;387;2;9372;10;U967Z2;Praha,Háje;50.03403;14.53734
20260609_110832_L506;20260609_110832;09.06.2026;10:45:00;506;13;9530;22;U9708Z2;Příbram,Svatá Hora areál;49.68701;14.02194
20260609_110832_L136;20260609_110832;09.06.2026;10:58:00;136;32;5101;10;U417Z1P;Jižní Město;50.04291;14.48779
20260609_110832_L389;20260609_110832;09.06.2026;10:54:00;389;13;7751;14;U9225Z2;Hořešovice;50.26127;14.04957
20260609_110832_L400;20260609_110832;09.06.2026;10:57:00;400;54;1086;11;U31352Z2;Praha,Střížkov;50.62247;14.53611
20260609_110832_L445;20260609_110832;09.06.2026;10:58:00;445;15;7414;10;U2109Z2;Březová-Oleško,Oleško;49.89493;14.49352
20260609_110832_L399;20260609_110832;09.06.2026;10:56:00;399;1;1298;12;U4315Z2;Praha,Nádraží Veleslavín;50.13816;14.13716
20260609_110832_L740;20260609_110832;09.06.2026;10:42:00;740;21;7621;26;U7320Z11;Čáslav,žel.st.;49.91205;15.39671
20260609_110832_L798;20260609_110832;09.06.2026;10:41:00;798;72;7885;26;U4073Z2;Benešov,Terminál;49.78582;14.68983
20260609_110832_L371;20260609_110832;09.06.2026;10:53:00;371;3;8085;15;U2325Z1;Praha,Kobylisy;50.18347;14.42409
20260609_110832_L589;20260609_110832;09.06.2026;09:55:00;589;8;7761;71;U4858Z1;Louny,ČSAD;50.35565;13.77886
20260609_110832_L472;20260609_110832;09.06.2026;10:57:00;472;33;8016;11;U1787Z2;Mělník,aut.nádr.;50.30857;14.51902
20260609_110832_L718;20260609_110832;09.06.2026;10:55:00;718;42;8660;12;U6285Z55;Sobotka,nám.;50.44221;15.1268
20260609_110832_L448;20260609_110832;09.06.2026;10:39:00;448;90;1110;27;U2570Z2;Lety,K Libří;49.92488;14.24117
20260609_110832_L539;20260609_110832;09.06.2026;10:45:00;539;13;7625;21;U2578Z1;Poděbrady,žel.st.;50.14834;15.12499
20260609_111232_L136;20260609_111232;09.06.2026;11:02:00;136;32;5101;10;U424Z1P;Jižní Město;50.03308;14.50023
20260609_111232_L228;20260609_111232;09.06.2026;11:02:00;228;12;9481;10;U827Z2P;Poliklinika Malešice;50.08063;14.50848
20260609_111232_L300;20260609_111232;09.06.2026;10:59:00;300;5;8966;12;U4308Z3;Libušín,náměstí;50.1334;14.10887
20260609_111232_L300;20260609_111232;09.06.2026;10:59:00;300;11;8975;13;U80Z4;Praha,Nádraží Veleslavín;50.09323;14.30643
20260609_111232_L309;20260609_111232;09.06.2026;11:00:00;309;76;9769;11;U1968Z2;Praha,Zličín;50.04961;14.26805
20260609_111232_L311;20260609_111232;09.06.2026;10:59:00;311;40;9555;11;U1601Z1;Řevnice,nádraží;49.91729;14.24332
20260609_111232_L311;20260609_111232;09.06.2026;11:00:00;311;75;9579;12;U1650Z2;Praha,Zličín;50.02407;14.2241
20260609_111232_L332;20260609_111232;09.06.2026;11:00:00;332;19;9133;12;U50Z4;Jílové u Prahy,Náměstí;50.04486;14.44831
20260609_111232_L368;20260609_111232;09.06.2026;11:00:00;368;31;1245;11;U7399Z2;Praha,Ládví;50.21837;14.47169
20260609_111232_L371;20260609_111232;09.06.2026;10:53:00;371;3;8085;19;U2325Z1;Praha,Kobylisy;50.18347;14.42409
20260609_111232_L400;20260609_111232;09.06.2026;11:01:00;400;54;1086;11;U31351Z2;Praha,Střížkov;50.60926;14.57976
20260609_111232_L445;20260609_111232;09.06.2026;10:58:00;445;15;7414;14;U2109Z2;Březová-Oleško,Oleško;49.89821;14.49388
20260609_111232_L448;20260609_111232;09.06.2026;10:39:00;448;90;1110;31;U2570Z2;Lety,K Libří;49.92488;14.24118
20260609_111232_L472;20260609_111232;09.06.2026;11:00:00;472;33;8016;11;U1788Z1;Mělník,aut.nádr.;50.32033;14.5069
20260609_111232_L539;20260609_111232;09.06.2026;10:45:00;539;13;7625;25;U2578Z1;Poděbrady,žel.st.;50.14834;15.12499
20260609_111232_L580;20260609_111232;09.06.2026;11:01:00;580;19;7693;10;U9331Z1;Slaný,aut.nádr.;50.17951;13.8153
20260609_111232_L589;20260609_111232;09.06.2026;09:55:00;589;8;7761;75;U4858Z1;Louny,ČSAD;50.35561;13.77891
20260609_111232_L640;20260609_111232;09.06.2026;09:42:00;640;29;9553;87;U9810Z1;Hostomice,nám.;49.82581;14.04492
20260609_111232_L740;20260609_111232;09.06.2026;10:42:00;740;21;7621;30;U7320Z11;Čáslav,žel.st.;49.912;15.39684
20260609_111232_L798;20260609_111232;09.06.2026;10:41:00;798;72;7885;30;U4073Z2;Benešov,Terminál;49.78582;14.68982
20260609_111633_L400;20260609_111633;09.06.2026;11:02:00;400;54;1086;12;U31350Z2;Praha,Střížkov;50.59196;14.55257
20260609_111633_L798;20260609_111633;09.06.2026;10:41:00;798;72;7885;34;U4073Z2;Benešov,Terminál;49.78582;14.68981
20260609_111633_L300;20260609_111633;09.06.2026;11:04:00;300;5;8966;12;U3094Z1;Libušín,náměstí;50.14213;14.09802
20260609_111633_L472;20260609_111633;09.06.2026;11:04:00;472;33;8016;12;U1791Z1;Mělník,aut.nádr.;50.34114;14.49122
20260609_111633_L324;20260609_111633;09.06.2026;11:02:00;324;20;8972;14;U776Z2;Praha,Zličín;50.10822;14.27819
20260609_111633_L650;20260609_111633;09.06.2026;11:06:00;650;22;12536;10;U9200Z1;Kladno,autobusové nádraží;50.2641;14.095
20260609_111633_L740;20260609_111633;09.06.2026;10:42:00;740;21;7621;34;U7320Z11;Čáslav,žel.st.;49.91201;15.39683
20260609_111633_L448;20260609_111633;09.06.2026;10:39:00;448;90;1110;35;U2570Z2;Lety,K Libří;49.92489;14.24118
20260609_111633_L445;20260609_111633;09.06.2026;11:03:00;445;15;7414;13;U2598Z1;Březová-Oleško,Oleško;49.89925;14.47827
20260609_111633_L639;20260609_111633;09.06.2026;11:04:00;639;8;9586;10;U9781Z1;Dobříš,nám.;49.84747;13.93144
20260609_111633_L589;20260609_111633;09.06.2026;09:55:00;589;8;7761;79;U4858Z1;Louny,ČSAD;50.35561;13.77892
20260609_111633_L640;20260609_111633;09.06.2026;09:42:00;640;29;9553;91;U9810Z1;Hostomice,nám.;49.82581;14.04491
20260609_111633_L401;20260609_111633;09.06.2026;11:03:00;401;61;7771;11;U6438Z4;Praha,Roztyly;49.59545;14.66171
20260609_111633_L389;20260609_111633;09.06.2026;11:03:00;389;13;7751;13;U9231Z2;Hořešovice;50.27013;13.99393
20260609_111633_L332;20260609_111633;09.06.2026;11:00:00;332;19;9133;14;U50Z4;Jílové u Prahy,Náměstí;50.04223;14.4596
20260609_111633_L339;20260609_111633;09.06.2026;11:02:00;339;20;9934;10;U488Z7;Praha,Budějovická;50.04372;14.45138
20260609_111633_L300;20260609_111633;09.06.2026;11:01:00;300;11;8975;15;U85Z1;Praha,Nádraží Veleslavín;50.09258;14.3249
20260609_111633_L311;20260609_111633;09.06.2026;11:04:00;311;75;9579;12;U1648Z2;Praha,Zličín;50.03011;14.22157
20260609_111633_L110;20260609_111633;09.06.2026;11:06:00;110;4;8103;10;U801Z1P;Dolní Počernice;50.08609;14.57495
20260609_111633_L539;20260609_111633;09.06.2026;10:45:00;539;13;7625;29;U2578Z1;Poděbrady,žel.st.;50.14834;15.12499
20260609_112033_L136;20260609_112033;09.06.2026;11:10:00;136;3;5067;10;U118Z4P;Jižní Město;50.07813;14.46086
20260609_112033_L136;20260609_112033;09.06.2026;11:10:00;136;32;5101;10;U286Z5P;Jižní Město;50.03069;14.52985
20260609_112033_L300;20260609_112033;09.06.2026;11:06:00;300;5;8966;13;U4313Z3;Libušín,náměstí;50.14366;14.09034
20260609_112033_L311;20260609_112033;09.06.2026;11:07:00;311;75;9579;12;U1647Z2;Praha,Zličín;50.03564;14.23612
20260609_112033_L324;20260609_112033;09.06.2026;11:06:00;324;20;8972;14;U218Z2;Praha,Zličín;50.09582;14.293
20260609_112033_L332;20260609_112033;09.06.2026;11:00:00;332;19;9133;16;U50Z4;Jílové u Prahy,Náměstí;50.03602;14.45605
20260609_112033_L400;20260609_112033;09.06.2026;11:06:00;400;54;1086;11;U31348Z2;Praha,Střížkov;50.55157;14.54155
20260609_112033_L401;20260609_112033;09.06.2026;11:08:00;401;61;7771;10;U6499Z2;Praha,Roztyly;49.63732;14.65189
20260609_112033_L407;20260609_112033;09.06.2026;11:09:00;407;39;7530;10;U7616Z2;Praha,Smíchovské nádraží;49.58557;14.07112
20260609_112033_L445;20260609_112033;09.06.2026;11:05:00;445;15;7414;12;U1586Z2;Březová-Oleško,Oleško;49.90841;14.46213
20260609_112033_L448;20260609_112033;09.06.2026;10:39:00;448;90;1110;41;U2570Z2;Lety,K Libří;49.92284;14.25019
20260609_112033_L472;20260609_112033;09.06.2026;11:08:00;472;33;8016;12;U3336Z1;Mělník,aut.nádr.;50.35044;14.47884
20260609_112033_L480;20260609_112033;09.06.2026;11:09:00;480;30;7504;10;U7061Z1;Solenice;49.6005;14.13275
20260609_112033_L539;20260609_112033;09.06.2026;10:45:00;539;13;7625;33;U2578Z1;Poděbrady,žel.st.;50.14834;15.12499
20260609_112033_L589;20260609_112033;09.06.2026;09:55:00;589;8;7761;83;U4858Z1;Louny,ČSAD;50.35562;13.77893
20260609_112033_L589;20260609_112033;09.06.2026;11:09:00;589;13;7751;11;U9232Z2;Louny,ČSAD;50.26968;13.96199
20260609_112033_L639;20260609_112033;09.06.2026;11:07:00;639;8;9586;12;U9847Z2;Dobříš,nám.;49.84834;13.97298
20260609_112033_L640;20260609_112033;09.06.2026;09:42:00;640;29;9553;95;U9810Z1;Hostomice,nám.;49.82581;14.04492
20260609_112033_L650;20260609_112033;09.06.2026;11:10:00;650;22;12536;10;U9268Z1;Kladno,autobusové nádraží;50.23842;14.09376
20260609_112033_L740;20260609_112033;09.06.2026;10:42:00;740;21;7621;38;U7320Z11;Čáslav,žel.st.;49.91204;15.39683
20260609_112033_L795;20260609_112033;09.06.2026;11:06:00;795;17;7837;12;U5868Z1;Zruč n.Sáz.,Sázavan;49.7336;15.06917
20260609_112033_L798;20260609_112033;09.06.2026;10:41:00;798;72;7885;38;U4073Z2;Benešov,Terminál;49.78582;14.68981
20260609_112434_L136;20260609_112434;09.06.2026;11:14:00;136;3;5067;10;U855Z1P;Jižní Město;50.07447;14.46393
20260609_112434_L136;20260609_112434;09.06.2026;11:11:00;136;32;5101;10;U151Z1P;Jižní Město;50.03208;14.5345
20260609_112434_L136;20260609_112434;09.06.2026;11:14:00;136;4;5136;10;U69Z2P;Jižní Město;50.08886;14.46093
20260609_112434_L204;20260609_112434;09.06.2026;11:10:00;204;73;9048;11;U1347Z2P;Sídliště Petrovice;50.1177;14.62548
20260609_112434_L300;20260609_112434;09.06.2026;11:13:00;300;5;8966;11;U1782Z1;Libušín,náměstí;50.14061;14.06581
20260609_112434_L311;20260609_112434;09.06.2026;11:11:00;311;75;9579;13;U1644Z2;Praha,Zličín;50.04219;14.25363
20260609_112434_L356;20260609_112434;09.06.2026;11:13:00;356;31;8859;10;U5971Z2;Praha,Obchodní centrum Ruzyně;50.1166;14.28749
20260609_112434_L368;20260609_112434;09.06.2026;11:14:00;368;31;1245;10;U1807Z2;Praha,Ládví;50.18969;14.49358
20260609_112434_L399;20260609_112434;09.06.2026;11:11:00;399;11;1263;13;U4318Z1;Kladno,Energie;50.12732;14.1236
20260609_112434_L400;20260609_112434;09.06.2026;11:11:00;400;54;1086;12;U31046Z5;Praha,Střížkov;50.54098;14.52968
20260609_112434_L407;20260609_112434;09.06.2026;11:14:00;407;39;7530;10;U5820Z2;Praha,Smíchovské nádraží;49.61311;14.05711
20260609_112434_L445;20260609_112434;09.06.2026;11:11:00;445;15;7414;13;U1520Z2;Březová-Oleško,Oleško;49.91888;14.44757
20260609_112434_L480;20260609_112434;09.06.2026;11:12:00;480;30;7504;11;U7026Z1;Solenice;49.60613;14.14957
20260609_112434_L539;20260609_112434;09.06.2026;10:45:00;539;13;7625;37;U2578Z1;Poděbrady,žel.st.;50.14834;15.12499
20260609_112434_L562;20260609_112434;09.06.2026;11:10:00;562;64;8390;13;U2926Z17;Rakovník,hasičský záchr.sbor;50.10267;13.73033
20260609_112434_L580;20260609_112434;09.06.2026;11:14:00;580;19;7693;10;U9322Z1;Slaný,aut.nádr.;50.20737;13.9039
20260609_112434_L589;20260609_112434;09.06.2026;09:55:00;589;8;7761;87;U4858Z1;Louny,ČSAD;50.35564;13.77889
20260609_112434_L639;20260609_112434;09.06.2026;11:12:00;639;8;9586;11;U9844Z1;Dobříš,nám.;49.86091;13.99028
20260609_112434_L640;20260609_112434;09.06.2026;09:42:00;640;29;9553;99;U9810Z1;Hostomice,nám.;49.82582;14.04492
20260609_112434_L650;20260609_112434;09.06.2026;11:14:00;650;22;12536;10;U4786Z2;Kladno,autobusové nádraží;50.23012;14.0835
20260609_112434_L740;20260609_112434;09.06.2026;10:42:00;740;21;7621;42;U7320Z11;Čáslav,žel.st.;49.91204;15.39683
20260609_112434_L798;20260609_112434;09.06.2026;10:41:00;798;72;7885;42;U4073Z2;Benešov,Terminál;49.78586;14.68989
20260609_112834_L650;20260609_112834;09.06.2026;11:14:00;650;22;12536;12;U4786Z2;Kladno,autobusové nádraží;50.22914;14.09024
20260609_112834_L324;20260609_112834;09.06.2026;11:18:00;324;27;8996;10;U4786Z1;Slaný,Rabasova;50.23158;14.08352
20260609_112834_L136;20260609_112834;09.06.2026;11:16:00;136;4;5136;11;U743Z2P;Jižní Město;50.08281;14.45887
20260609_112834_L580;20260609_112834;09.06.2026;11:16:00;580;19;7693;10;U9279Z1;Slaný,aut.nádr.;50.21913;13.95558
20260609_112834_L617;20260609_112834;09.06.2026;11:16:00;617;15;7325;10;U4367Z2;Roudnice n.L.,žel.st.;50.37157;14.30686
20260609_112834_L740;20260609_112834;09.06.2026;10:42:00;740;21;7621;46;U7320Z11;Čáslav,žel.st.;49.91215;15.39677
20260609_112834_L589;20260609_112834;09.06.2026;09:55:00;589;8;7761;91;U4858Z1;Louny,ČSAD;50.3557;13.77891
20260609_112834_L480;20260609_112834;09.06.2026;11:17:00;480;30;7504;11;U7967Z1;Solenice;49.61732;14.18107
20260609_112834_L406;20260609_112834;09.06.2026;11:18:00;406;1;7934;10;U31559Z1;Pelhřimov,aut.nádr.;49.50924;15.1789
20260609_112834_L399;20260609_112834;09.06.2026;11:14:00;399;1;1298;13;U85Z1;Praha,Nádraží Veleslavín;50.09275;14.32903
20260609_112834_L311;20260609_112834;09.06.2026;11:14:00;311;75;9579;14;U1643Z2;Praha,Zličín;50.05107;14.27333
20260609_112834_L385;20260609_112834;09.06.2026;11:18:00;385;29;1622;10;U1374Z1;Mukařov;50.00072;14.58365
20260609_112834_L356;20260609_112834;09.06.2026;11:13:00;356;31;8859;14;U5971Z2;Praha,Obchodní centrum Ruzyně;50.11612;14.28623
20260609_112834_L445;20260609_112834;09.06.2026;11:16:00;445;15;7414;11;U1513Z2;Březová-Oleško,Oleško;49.93408;14.4227
20260609_112834_L562;20260609_112834;09.06.2026;11:10:00;562;64;8390;17;U2926Z17;Rakovník,hasičský záchr.sbor;50.10053;13.7342
20260609_112834_L447;20260609_112834;09.06.2026;11:13:00;447;61;1129;13;U1730Z2;Mníšek p.Brdy,náměstí;49.86949;14.26752
20260609_112834_L204;20260609_112834;09.06.2026;11:17:00;204;73;9048;10;U3024Z1P;Sídliště Petrovice;50.11106;14.61391
20260609_112834_L639;20260609_112834;09.06.2026;11:14:00;639;8;9586;13;U9850Z1;Dobříš,nám.;49.86339;14.00396
20260609_112834_L300;20260609_112834;09.06.2026;11:16:00;300;5;8966;12;U4791Z1;Libušín,náměstí;50.15569;14.05082
20260609_112834_L368;20260609_112834;09.06.2026;11:16:00;368;31;1245;12;U1806Z2;Praha,Ládví;50.17311;14.48396
20260609_112834_L640;20260609_112834;09.06.2026;09:42:00;640;29;9553;102;U9810Z1;Hostomice,nám.;49.82571;14.04275
20260609_112834_L400;20260609_112834;09.06.2026;11:17:00;400;54;1086;11;U31048Z2;Praha,Střížkov;50.51786;14.49409
20260609_112834_L646;20260609_112834;09.06.2026;11:18:00;646;2;8077;10;U2286Z1;Kralupy n.Vlt.,žel.st.;50.23928;14.3129
20260609_112834_L798;20260609_112834;09.06.2026;10:41:00;798;72;7885;46;U4073Z2;Benešov,Terminál;49.78586;14.68988
20260609_112834_L407;20260609_112834;09.06.2026;11:18:00;407;39;7530;10;U7719Z2;Praha,Smíchovské nádraží;49.63739;14.04828
20260609_112834_L413;20260609_112834;09.06.2026;11:17:00;413;63;7092;10;U31438Z2;Litoměřice,aut.nádr.;50.40238;14.21396
20260609_112834_L399;20260609_112834;09.06.2026;11:13:00;399;11;1263;13;U4320Z1;Kladno,Energie;50.13414;14.10782
20260609_112834_L526;20260609_112834;09.06.2026;11:17:00;526;30;9585;10;U9611Z2;Bzová;49.89722;13.86712
20260609_112834_L686;20260609_112834;09.06.2026;11:13:00;686;33;8034;13;U2315Z1;Úvaly,žel.st.;50.0741;14.72313
20260609_112834_L305;20260609_112834;09.06.2026;11:18:00;305;2;8352;10;U32131Z2;Praha,Zličín;50.1326;13.31477
20260609_112834_L348;20260609_112834;09.06.2026;11:16:00;348;10;8288;10;U1303Z1;Libiš,Obec;50.25924;14.51719
20260609_112834_L369;20260609_112834;09.06.2026;11:14:00;369;31;8232;13;U3324Z3;Štětí,záv.;50.45564;14.37032
20260609_112834_L539;20260609_112834;09.06.2026;10:45:00;539;13;7625;41;U2578Z1;Poděbrady,žel.st.;50.14834;15.12499
20260609_113234_L399;20260609_113234;09.06.2026;11:18:00;399;11;1263;14;U3094Z1;Kladno,Energie;50.1424;14.09782
20260609_113234_L447;20260609_113234;09.06.2026;11:13:00;447;61;1129;17;U1730Z2;Mníšek p.Brdy,náměstí;49.86949;14.26752
20260609_113234_L541;20260609_113234;09.06.2026;11:18:00;541;1;7587;14;U6729Z1;Dlouhopolsko;50.17197;15.32372
20260609_113234_L136;20260609_113234;09.06.2026;11:20:00;136;4;5136;12;U118Z4P;Jižní Město;50.0783;14.46079
20260609_113234_L369;20260609_113234;09.06.2026;11:14:00;369;31;8232;15;U3324Z3;Štětí,záv.;50.45564;14.37032
20260609_113234_L410;20260609_113234;09.06.2026;11:20:00;410;9;11646;12;U31050Z3;Praha,Střížkov;50.6617;14.72176
20260609_113234_L775;20260609_113234;09.06.2026;11:22:00;775;31;9790;10;U3389Z1;Mladá Boleslav,aut.st.;50.41329;14.90902
20260609_113234_L369;20260609_113234;09.06.2026;11:21:00;369;33;8233;11;U1796Z1;Mělník,Mlazice;50.36607;14.466
20260609_113234_L686;20260609_113234;09.06.2026;11:13:00;686;33;8034;17;U2315Z1;Úvaly,žel.st.;50.0741;14.72313
20260609_113234_L798;20260609_113234;09.06.2026;10:41:00;798;72;7885;50;U4073Z2;Benešov,Terminál;49.78579;14.68986
20260609_113234_L740;20260609_113234;09.06.2026;10:42:00;740;21;7621;50;U7320Z11;Čáslav,žel.st.;49.91204;15.397
20260609_113234_L356;20260609_113234;09.06.2026;11:13:00;356;31;8859;17;U5971Z2;Praha,Obchodní centrum Ruzyně;50.11389;14.28324
20260609_113234_L406;20260609_113234;09.06.2026;11:20:00;406;1;7934;11;U31560Z1;Pelhřimov,aut.nádr.;49.48683;15.1791
20260609_113234_L400;20260609_113234;09.06.2026;11:22:00;400;54;1086;10;U6077Z2;Praha,Střížkov;50.48723;14.48498
20260609_113234_L204;20260609_113234;09.06.2026;11:22:00;204;73;9048;10;U253Z1P;Sídliště Petrovice;50.11042;14.60274
20260609_113234_L650;20260609_113234;09.06.2026;11:21:00;650;22;12536;11;U4805Z2;Kladno,autobusové nádraží;50.22326;14.08167
20260609_113234_L324;20260609_113234;09.06.2026;11:22:00;324;27;8996;10;U4789Z1;Slaný,Rabasova;50.23279;14.06768
20260609_113234_L348;20260609_113234;09.06.2026;11:20:00;348;10;8288;11;U2335Z1;Libiš,Obec;50.2646;14.511
20260609_113234_L368;20260609_113234;09.06.2026;11:20:00;368;31;1245;12;U962Z2;Praha,Ládví;50.15311;14.48542
20260609_113234_L385;20260609_113234;09.06.2026;11:22:00;385;29;1622;10;U2097Z1;Mukařov;49.99399;14.59831
20260609_113234_L305;20260609_113234;09.06.2026;11:18:00;305;2;8352;11;U32131Z2;Praha,Zličín;50.1522;13.33599
20260609_113234_L311;20260609_113234;09.06.2026;11:21:00;311;40;9555;10;U1852Z51;Praha,Zličín;49.92958;14.27507
20260609_113234_L639;20260609_113234;09.06.2026;11:17:00;639;8;9586;13;U2916Z2;Dobříš,nám.;49.85052;14.02808
20260609_113234_L617;20260609_113234;09.06.2026;11:20:00;617;15;7325;10;U4432Z2;Roudnice n.L.,žel.st.;50.39499;14.30476
20260609_113234_L526;20260609_113234;09.06.2026;11:17:00;526;30;9585;14;U9611Z2;Bzová;49.89722;13.86712
20260609_113234_L589;20260609_113234;09.06.2026;09:55:00;589;8;7761;95;U4858Z1;Louny,ČSAD;50.35563;13.77897
20260609_113234_L539;20260609_113234;09.06.2026;10:45:00;539;13;7625;45;U2578Z1;Poděbrady,žel.st.;50.14834;15.12499
20260609_113635_L136;20260609_113635;09.06.2026;11:24:00;136;4;5136;12;U855Z1P;Jižní Město;50.07449;14.46386
20260609_113635_L245;20260609_113635;09.06.2026;11:26:00;245;1;2060;10;U1181Z1P;Nádraží Radotín;49.99203;14.36555
20260609_113635_L304;20260609_113635;09.06.2026;11:25:00;304;6;8371;10;U9316Z1;Praha,Vypich;50.14363;13.9133
20260609_113635_L311;20260609_113635;09.06.2026;11:24:00;311;40;9555;12;U9217Z2;Praha,Zličín;49.92349;14.25824
20260609_113635_L316;20260609_113635;09.06.2026;11:26:00;316;1;8980;10;U1692Z1;Holubice;50.19675;14.29508
20260609_113635_L368;20260609_113635;09.06.2026;11:23:00;368;31;1245;13;U167Z2;Praha,Ládví;50.13666;14.47862
20260609_113635_L385;20260609_113635;09.06.2026;11:26:00;385;29;1622;10;U1861Z1;Mukařov;49.9878;14.62135
20260609_113635_L399;20260609_113635;09.06.2026;11:23:00;399;11;1263;13;U4325Z1;Kladno,Energie;50.14285;14.08828
20260609_113635_L400;20260609_113635;09.06.2026;11:22:00;400;54;1086;14;U6077Z2;Praha,Střížkov;50.48505;14.48386
20260609_113635_L406;20260609_113635;09.06.2026;11:26:00;406;1;7934;10;U31790Z1;Pelhřimov,aut.nádr.;49.44289;15.20162
20260609_113635_L410;20260609_113635;09.06.2026;11:22:00;410;9;11646;13;U31372Z1;Praha,Střížkov;50.65329;14.73246
20260609_113635_L447;20260609_113635;09.06.2026;11:13:00;447;61;1129;21;U1730Z2;Mníšek p.Brdy,náměstí;49.86948;14.26749
20260609_113635_L526;20260609_113635;09.06.2026;11:17:00;526;30;9585;18;U9611Z2;Bzová;49.89722;13.86712
20260609_113635_L539;20260609_113635;09.06.2026;10:45:00;539;13;7625;49;U2578Z1;Poděbrady,žel.st.;50.14834;15.12499
20260609_113635_L589;20260609_113635;09.06.2026;09:55:00;589;8;7761;99;U4858Z1;Louny,ČSAD;50.35567;13.77888
20260609_113635_L617;20260609_113635;09.06.2026;11:25:00;617;15;7325;11;U4714Z1;Roudnice n.L.,žel.st.;50.41364;14.28391
20260609_113635_L740;20260609_113635;09.06.2026;10:42:00;740;21;7621;54;U7320Z11;Čáslav,žel.st.;49.91196;15.3969
20260609_113635_L798;20260609_113635;09.06.2026;10:41:00;798;72;7885;54;U4073Z2;Benešov,Terminál;49.78581;14.68984
20260609_114036_L136;20260609_114036;09.06.2026;11:27:00;136;4;5136;12;U29Z1P;Jižní Město;50.06954;14.46873
20260609_114036_L245;20260609_114036;09.06.2026;11:29:00;245;1;2060;10;U608Z1P;Nádraží Radotín;49.98497;14.35719
20260609_114036_L304;20260609_114036;09.06.2026;11:30:00;304;6;8371;10;U9291Z6;Praha,Vypich;50.13854;13.96738
20260609_114036_L311;20260609_114036;09.06.2026;11:28:00;311;40;9555;11;U2569Z1;Praha,Zličín;49.92565;14.24193
20260609_114036_L335;20260609_114036;09.06.2026;11:28:00;335;3;9175;10;U1565Z2;Kamenice,Kult.dům;49.90472;14.58734
20260609_114036_L368;20260609_114036;09.06.2026;11:26:00;368;31;1245;14;U740Z3;Praha,Ládví;50.1274;14.47468
20260609_114036_L399;20260609_114036;09.06.2026;11:26:00;399;11;1263;14;U3095Z1;Kladno,Energie;50.14109;14.06944
20260609_114036_L400;20260609_114036;09.06.2026;11:25:00;400;54;1086;14;U6072Z2;Praha,Střížkov;50.46757;14.4738
20260609_114036_L406;20260609_114036;09.06.2026;11:28:00;406;1;7934;10;U31787Z1;Pelhřimov,aut.nádr.;49.43219;15.22646
20260609_114036_L410;20260609_114036;09.06.2026;11:26:00;410;9;11646;13;U31491Z14;Praha,Střížkov;50.629;14.74546
20260609_114036_L410;20260609_114036;09.06.2026;11:30:00;410;14;11651;10;U6073Z1;Doksy,žel.st.;50.47464;14.4765
20260609_114036_L447;20260609_114036;09.06.2026;11:13:00;447;61;1129;25;U1730Z2;Mníšek p.Brdy,náměstí;49.86948;14.26749
20260609_114036_L526;20260609_114036;09.06.2026;11:17:00;526;30;9585;22;U9611Z2;Bzová;49.89722;13.86712
20260609_114036_L539;20260609_114036;09.06.2026;10:45:00;539;13;7625;53;U2578Z1;Poděbrady,žel.st.;50.14834;15.12499
20260609_114036_L589;20260609_114036;09.06.2026;09:55:00;589;8;7761;103;U4858Z1;Louny,ČSAD;50.35562;13.7789
20260609_114036_L617;20260609_114036;09.06.2026;11:29:00;617;15;7325;11;U4716Z1;Roudnice n.L.,žel.st.;50.42292;14.25519
20260609_114036_L639;20260609_114036;09.06.2026;11:25:00;639;8;9586;14;U5953Z2;Dobříš,nám.;49.83356;14.02695
20260609_114036_L724;20260609_114036;09.06.2026;11:30:00;724;65;9513;10;U2987Z23;Libáň,aut.st.;50.42016;14.91705
20260609_114036_L740;20260609_114036;09.06.2026;10:42:00;740;21;7621;58;U7320Z11;Čáslav,žel.st.;49.91208;15.39681
20260609_114036_L798;20260609_114036;09.06.2026;10:41:00;798;72;7885;58;U4073Z2;Benešov,Terminál;49.78581;14.68984
20260609_114436_L136;20260609_114436;09.06.2026;11:33:00;136;6;6773;12;U512Z5P;Jižní Město;50.09017;14.46639
20260609_114436_L136;20260609_114436;09.06.2026;11:32:00;136;5;5537;12;U518Z3P;Jižní Město;50.07589;14.45904
20260609_114436_L399;20260609_114436;09.06.2026;11:34:00;399;11;1263;10;U4328Z2;Praha,Nádraží Veleslavín;50.14733;14.06936
20260609_114436_L798;20260609_114436;09.06.2026;10:41:00;798;72;7885;62;U4073Z2;Benešov,Terminál;49.78581;14.68984
20260609_114436_L136;20260609_114436;09.06.2026;11:33:00;136;4;5136;12;U183Z3P;Jižní Město;50.05671;14.47129
20260609_114436_L410;20260609_114436;09.06.2026;11:31:00;410;9;11646;13;U31369Z51;Praha,Střížkov;50.63012;14.71604
20260609_114436_L724;20260609_114436;09.06.2026;11:30:00;724;65;9513;14;U2987Z23;Libáň,aut.st.;50.42005;14.91727
20260609_114436_L431;20260609_114436;09.06.2026;11:32:00;431;1;1800;11;U9295Z1;Boreč,Žebice;50.36817;14.7951
20260609_114436_L526;20260609_114436;09.06.2026;11:17:00;526;30;9585;26;U9611Z2;Bzová;49.89722;13.86712
20260609_114436_L447;20260609_114436;09.06.2026;11:13:00;447;61;1129;29;U1730Z2;Mníšek p.Brdy,náměstí;49.86948;14.26749
20260609_114436_L589;20260609_114436;09.06.2026;09:55:00;589;8;7761;107;U4858Z1;Louny,ČSAD;50.35562;13.7789
20260609_114436_L401;20260609_114436;09.06.2026;11:33:00;401;61;7771;11;U4557Z2;Praha,Roztyly;49.73223;14.66741
20260609_114436_L311;20260609_114436;09.06.2026;11:31:00;311;40;9555;12;U2377Z1;Praha,Zličín;49.92749;14.23344
20260609_114436_L335;20260609_114436;09.06.2026;11:28:00;335;3;9175;14;U1565Z2;Kamenice,Kult.dům;49.90472;14.58734
20260609_114436_L337;20260609_114436;09.06.2026;11:32:00;337;15;9364;10;U488Z7;Praha,Budějovická;50.04023;14.45847
20260609_114436_L304;20260609_114436;09.06.2026;11:30:00;304;6;8371;11;U9291Z6;Praha,Vypich;50.13912;14.00287
20260609_114436_L322;20260609_114436;09.06.2026;11:32:00;322;12;8797;10;U5971Z2;Praha,Nádraží Veleslavín;50.11615;14.28655
20260609_114436_L410;20260609_114436;09.06.2026;11:30:00;410;14;11651;12;U6073Z1;Doksy,žel.st.;50.48511;14.48394
20260609_114436_L369;20260609_114436;09.06.2026;11:30:00;369;34;8276;13;U1959Z2;Praha,Ládví;50.21744;14.49662
20260609_114436_L740;20260609_114436;09.06.2026;10:42:00;740;21;7621;62;U7320Z11;Čáslav,žel.st.;49.91202;15.39685
20260609_114436_L539;20260609_114436;09.06.2026;10:45:00;539;13;7625;57;U2578Z1;Poděbrady,žel.st.;50.14834;15.12499
20260609_114836_L300;20260609_114836;09.06.2026;11:36:00;300;11;8975;10;U80Z3;Libušín,náměstí;50.1158;14.28583
20260609_114836_L136;20260609_114836;09.06.2026;11:36:00;136;6;6773;12;U743Z2P;Jižní Město;50.08605;14.4555
20260609_114836_L798;20260609_114836;09.06.2026;10:41:00;798;72;7885;66;U4073Z2;Benešov,Terminál;49.78581;14.68984
20260609_114836_L335;20260609_114836;09.06.2026;11:28:00;335;3;9175;18;U1565Z2;Kamenice,Kult.dům;49.90464;14.58728
20260609_114836_L526;20260609_114836;09.06.2026;11:17:00;526;30;9585;30;U9611Z2;Bzová;49.89722;13.86712
20260609_114836_L410;20260609_114836;09.06.2026;11:36:00;410;14;11651;11;U31056Z1;Doksy,žel.st.;50.51002;14.49092
20260609_114836_L410;20260609_114836;09.06.2026;11:34:00;410;9;11646;14;U31368Z2;Praha,Střížkov;50.61722;14.70675
20260609_114836_L401;20260609_114836;09.06.2026;11:37:00;401;61;7771;11;U4525Z2;Praha,Roztyly;49.74233;14.67468
20260609_114836_L770;20260609_114836;09.06.2026;11:37:00;770;50;47819;10;U4483Z3;Benešov,Terminál;49.78165;14.68209
20260609_114836_L589;20260609_114836;09.06.2026;09:55:00;589;8;7761;111;U4858Z1;Louny,ČSAD;50.35561;13.7789
20260609_114836_L431;20260609_114836;09.06.2026;11:34:00;431;1;1800;14;U4038Z1;Boreč,Žebice;50.37406;14.78762
20260609_114836_L311;20260609_114836;09.06.2026;11:35:00;311;40;9555;11;U1665Z2;Praha,Zličín;49.9427;14.22619
20260609_114836_L322;20260609_114836;09.06.2026;11:32:00;322;12;8797;14;U5971Z2;Praha,Nádraží Veleslavín;50.11531;14.28494
20260609_114836_L348;20260609_114836;09.06.2026;11:35:00;348;4;8273;13;U1958Z1;Neratovice,U Vojtěcha;50.21484;14.49757
20260609_114836_L447;20260609_114836;09.06.2026;11:13:00;447;61;1129;33;U1730Z2;Mníšek p.Brdy,náměstí;49.86948;14.2675
20260609_114836_L136;20260609_114836;09.06.2026;11:36:00;136;4;5136;12;U697Z3P;Jižní Město;50.04826;14.48133
20260609_114836_L383;20260609_114836;09.06.2026;11:38:00;383;32;9128;10;U435Z3;Chocerady;50.03768;14.58783
20260609_114836_L399;20260609_114836;09.06.2026;11:36:00;399;11;1263;12;U3095Z2;Praha,Nádraží Veleslavín;50.14067;14.07138
20260609_114836_L724;20260609_114836;09.06.2026;11:30:00;724;65;9513;18;U2987Z23;Libáň,aut.st.;50.42003;14.91719
20260609_114836_L725;20260609_114836;09.06.2026;11:34:00;725;67;9768;12;U31718Z1;Markvartice,pošta;50.43301;15.18547
20260609_114836_L369;20260609_114836;09.06.2026;11:30:00;369;34;8276;17;U1959Z2;Praha,Ládví;50.21744;14.49662
20260609_114836_L136;20260609_114836;09.06.2026;11:37:00;136;5;5537;11;U29Z1P;Jižní Město;50.07255;14.47049
20260609_114836_L740;20260609_114836;09.06.2026;10:42:00;740;21;7621;66;U7320Z11;Čáslav,žel.st.;49.91208;15.3968
20260609_114836_L539;20260609_114836;09.06.2026;10:45:00;539;13;7625;61;U2578Z1;Poděbrady,žel.st.;50.14834;15.12499
20260609_115237_L136;20260609_115237;09.06.2026;11:40:00;136;4;5136;13;U181Z1P;Jižní Město;50.04013;14.49012
20260609_115237_L136;20260609_115237;09.06.2026;11:41:00;136;5;5537;11;U37Z1P;Jižní Město;50.06043;14.46959
20260609_115237_L136;20260609_115237;09.06.2026;11:38:00;136;6;6773;12;U516Z3P;Jižní Město;50.07975;14.46024
20260609_115237_L136;20260609_115237;09.06.2026;11:40:00;136;7;5545;10;U1074Z4P;Jižní Město;50.09222;14.46981
20260609_115237_L300;20260609_115237;09.06.2026;11:36:00;300;11;8975;12;U80Z3;Libušín,náměstí;50.13001;14.26009
20260609_115237_L311;20260609_115237;09.06.2026;11:41:00;311;40;9555;11;U4256Z2;Praha,Zličín;49.95466;14.20293
20260609_115237_L335;20260609_115237;09.06.2026;11:28:00;335;3;9175;22;U1565Z2;Kamenice,Kult.dům;49.90464;14.58728
20260609_115237_L348;20260609_115237;09.06.2026;11:38:00;348;4;8273;14;U2343Z2;Neratovice,U Vojtěcha;50.24064;14.4946
20260609_115237_L383;20260609_115237;09.06.2026;11:40:00;383;32;9128;12;U542Z1;Chocerady;50.03523;14.59363
20260609_115237_L391;20260609_115237;09.06.2026;11:38:00;391;35;9169;13;U2315Z1;Úvaly,žel.st.;50.07413;14.72317
20260609_115237_L399;20260609_115237;09.06.2026;11:41:00;399;11;1263;11;U4313Z7;Praha,Nádraží Veleslavín;50.14458;14.09314
20260609_115237_L401;20260609_115237;09.06.2026;11:39:00;401;61;7771;11;U4554Z2;Praha,Roztyly;49.76984;14.67783
20260609_115237_L413;20260609_115237;09.06.2026;11:39:00;413;63;7092;10;U31417Z4;Litoměřice,aut.nádr.;50.52149;14.13741
20260609_115237_L428;20260609_115237;09.06.2026;11:42:00;428;10;7232;10;U32640Z1;Strakonice,aut.nádr.;49.41314;14.03664
20260609_115237_L431;20260609_115237;09.06.2026;11:40:00;431;1;1800;12;U4040Z1;Boreč,Žebice;50.38286;14.74963
20260609_115237_L447;20260609_115237;09.06.2026;11:13:00;447;61;1129;37;U1730Z2;Mníšek p.Brdy,náměstí;49.86948;14.26749
20260609_115237_L481;20260609_115237;09.06.2026;11:41:00;481;93;7635;11;U9368Z1;Čáslav,aut.st.;49.94182;15.32996
20260609_115237_L526;20260609_115237;09.06.2026;11:17:00;526;30;9585;34;U9611Z2;Bzová;49.89722;13.86712
20260609_115237_L539;20260609_115237;09.06.2026;10:45:00;539;13;7625;65;U2578Z1;Poděbrady,žel.st.;50.14834;15.12499
20260609_115237_L589;20260609_115237;09.06.2026;09:55:00;589;8;7761;115;U4858Z1;Louny,ČSAD;50.35561;13.77891
20260609_115237_L650;20260609_115237;09.06.2026;11:40:00;650;22;12536;11;U1782Z2;Kladno,autobusové nádraží;50.14068;14.06853
20260609_115237_L724;20260609_115237;09.06.2026;11:30:00;724;65;9513;22;U2987Z23;Libáň,aut.st.;50.42019;14.91733
20260609_115237_L725;20260609_115237;09.06.2026;11:34:00;725;67;9768;16;U31718Z1;Markvartice,pošta;50.43301;15.18547
20260609_115237_L740;20260609_115237;09.06.2026;10:42:00;740;21;7621;70;U7320Z11;Čáslav,žel.st.;49.91206;15.39687
20260609_115237_L798;20260609_115237;09.06.2026;10:41:00;798;72;7885;70;U4073Z2;Benešov,Terminál;49.78581;14.68984
20260609_115637_L311;20260609_115637;09.06.2026;11:44:00;311;40;9555;11;U1663Z2;Praha,Zličín;49.95898;14.21961
20260609_115637_L760;20260609_115637;09.06.2026;11:42:00;760;60;8386;11;U6829Z1;Rakovník,aut.st.;50.15804;13.5492
20260609_115637_L428;20260609_115637;09.06.2026;11:44:00;428;10;7232;11;U32639Z1;Strakonice,aut.nádr.;49.37845;14.0506
20260609_115637_L342;20260609_115637;09.06.2026;11:46:00;342;20;7701;10;U4396Z1;Slaný,žel.st.;50.13272;14.23718
20260609_115637_L136;20260609_115637;09.06.2026;11:46:00;136;5;5537;10;U697Z3P;Jižní Město;50.04823;14.48133
20260609_115637_L399;20260609_115637;09.06.2026;11:44:00;399;11;1263;10;U3094Z2;Praha,Nádraží Veleslavín;50.13783;14.10176
20260609_115637_L798;20260609_115637;09.06.2026;10:41:00;798;72;7885;74;U4073Z2;Benešov,Terminál;49.78581;14.68984
20260609_115637_L305;20260609_115637;09.06.2026;11:43:00;305;2;8352;12;U6829Z1;Praha,Zličín;50.15619;13.5351
20260609_115637_L589;20260609_115637;09.06.2026;09:55:00;589;8;7761;119;U4858Z1;Louny,ČSAD;50.35562;13.77891
20260609_115637_L383;20260609_115637;09.06.2026;11:42:00;383;32;9128;14;U336Z1;Chocerady;50.03113;14.59931
20260609_115637_L858;20260609_115637;09.06.2026;11:42:00;858;66;8711;11;U2825Z1;Libčice n.Vlt.,Žel.zast.Letky;50.1922;14.3695
20260609_115637_L481;20260609_115637;09.06.2026;11:41:00;481;93;7635;14;U9368Z1;Čáslav,aut.st.;49.94182;15.32996
20260609_115637_L725;20260609_115637;09.06.2026;11:34:00;725;67;9768;20;U31718Z1;Markvartice,pošta;50.43301;15.18547
20260609_115637_L136;20260609_115637;09.06.2026;11:43:00;136;4;5136;13;U344Z1P;Jižní Město;50.03149;14.50543
20260609_115637_L650;20260609_115637;09.06.2026;11:44:00;650;22;12536;12;U4325Z2;Kladno,autobusové nádraží;50.14255;14.08804
20260609_115637_L401;20260609_115637;09.06.2026;11:44:00;401;61;7771;11;U4442Z2;Praha,Roztyly;49.78122;14.6823
20260609_115637_L447;20260609_115637;09.06.2026;11:13:00;447;61;1129;41;U1730Z2;Mníšek p.Brdy,náměstí;49.86948;14.26749
20260609_115637_L391;20260609_115637;09.06.2026;11:38:00;391;35;9169;17;U2315Z1;Úvaly,žel.st.;50.07413;14.72317
20260609_115637_L740;20260609_115637;09.06.2026;10:42:00;740;21;7621;74;U7320Z11;Čáslav,žel.st.;49.91205;15.39679
20260609_115637_L431;20260609_115637;09.06.2026;11:43:00;431;1;1800;13;U4041Z1;Boreč,Žebice;50.40762;14.73194
20260609_115637_L724;20260609_115637;09.06.2026;11:30:00;724;65;9513;26;U2987Z23;Libáň,aut.st.;50.42027;14.91713
20260609_115637_L176;20260609_115637;09.06.2026;11:46:00;176;1;4090;11;U2607Z1P;Stadion Strahov;50.07355;14.38979
20260609_115637_L526;20260609_115637;09.06.2026;11:17:00;526;30;9585;38;U9611Z2;Bzová;49.89722;13.86712
20260609_115637_L300;20260609_115637;09.06.2026;11:44:00;300;11;8975;11;U4301Z1;Libušín,náměstí;50.14655;14.20607
20260609_115637_L335;20260609_115637;09.06.2026;11:28:00;335;3;9175;26;U1565Z2;Kamenice,Kult.dům;49.90464;14.58728
20260609_115637_L348;20260609_115637;09.06.2026;11:41:00;348;4;8273;14;U3308Z2;Neratovice,U Vojtěcha;50.25507;14.50236
20260609_115637_L136;20260609_115637;09.06.2026;11:43:00;136;7;5545;13;U512Z5P;Jižní Město;50.09005;14.46641
20260609_115637_L539;20260609_115637;09.06.2026;10:45:00;539;13;7625;69;U2578Z1;Poděbrady,žel.st.;50.14834;15.12499
