ID Záznamu;Timestamp;Den;Čas příjezdu;Linka;Oběh;Vozidlo;Zpoždění (min);Zastávka;Směr;Zeměpisná šířka (Lat);Zeměpisná délka (Lon)
20260608_085538_L101;20260608_085538;08.06.2026;08:44:00;101;2;2327;11;U680Z3P;Skalka;50.06882;14.46894
20260608_085538_L108;20260608_085538;08.06.2026;08:14:00;108;3;2074;41;U630Z1P;Dejvická;50.08596;14.32529
20260608_085538_L108;20260608_085538;08.06.2026;08:37:00;108;4;2034;18;U1167Z1P;Dejvická;50.08839;14.3233
20260608_085538_L108;20260608_085538;08.06.2026;08:14:00;108;2;2075;40;U3218Z2P;Dejvická;50.10486;14.39131
20260608_085538_L110;20260608_085538;08.06.2026;08:42:00;110;2;8101;13;U89Z1P;Obchodní centrum Čakovice;50.13146;14.50757
20260608_085538_L110;20260608_085538;08.06.2026;08:30:00;110;3;1477;25;U158Z2P;Obchodní centrum Čakovice;50.08783;14.56315
20260608_085538_L110;20260608_085538;08.06.2026;08:44:00;110;1;1490;11;U652Z3P;Dolní Počernice;50.10632;14.54153
20260608_085538_L110;20260608_085538;08.06.2026;08:36:00;110;4;8103;18;U1197Z1P;Dolní Počernice;50.10026;14.55425
20260608_085538_L110;20260608_085538;08.06.2026;08:24:00;110;5;8102;31;U1197Z1P;Dolní Počernice;50.10034;14.55426
20260608_085538_L110;20260608_085538;08.06.2026;08:43:00;110;6;8106;12;U97Z3P;Obchodní centrum Čakovice;50.08503;14.57724
20260608_085538_L110;20260608_085538;08.06.2026;08:29:00;110;8;8105;26;U405Z1P;Obchodní centrum Čakovice;50.12872;14.51128
20260608_085538_L113;20260608_085538;08.06.2026;08:45:00;113;6;3674;11;U546Z2P;Kačerov;49.99428;14.46763
20260608_085538_L114;20260608_085538;08.06.2026;08:38:00;114;9;6820;17;U50Z15P;Zelený pruh;50.04455;14.44867
20260608_085538_L117;20260608_085538;08.06.2026;08:43:00;117;1;1936;12;U76Z3P;Nové Komořany;50.00973;14.403
20260608_085538_L117;20260608_085538;08.06.2026;08:37:00;117;8;1940;17;U343Z2P;Poliklinika Budějovická;50.04388;14.45091
20260608_085538_L121;20260608_085538;08.06.2026;08:34:00;121;7;3734;21;U50Z6P;Nádraží Braník;50.04336;14.45023
20260608_085538_L124;20260608_085538;08.06.2026;08:40:00;124;4;5032;15;U508Z2P;Želivského;50.06631;14.45565
20260608_085538_L124;20260608_085538;08.06.2026;08:34:00;124;13;6698;19;U269Z4P;Želivského;50.06853;14.46623
20260608_085538_L125;20260608_085538;08.06.2026;08:46:00;125;4;5101;10;U1076Z2P;Skalka;50.07001;14.5105
20260608_085538_L125;20260608_085538;08.06.2026;08:35:00;125;19;6987;13;U181Z2P;Smíchovské nádraží;50.03294;14.42679
20260608_085538_L125;20260608_085538;08.06.2026;08:42:00;125;22;5061;13;U633Z1P;Skalka;50.04811;14.54473
20260608_085538_L126;20260608_085538;08.06.2026;08:11:00;126;1;3825;42;U6Z2P;Koleje Jižní Město;50.0297;14.55337
20260608_085538_L126;20260608_085538;08.06.2026;08:41:00;126;4;4023;14;U3053Z1P;Koleje Jižní Město;50.02925;14.59409
20260608_085538_L126;20260608_085538;08.06.2026;08:35:00;126;5;4113;19;U919Z1P;Nádraží Uhříněves;50.02378;14.58962
20260608_085538_L126;20260608_085538;08.06.2026;08:40:00;126;6;3959;15;U2729Z1P;Nádraží Uhříněves;50.03331;14.54003
20260608_085538_L126;20260608_085538;08.06.2026;08:16:00;126;13;3845;39;U52Z2P;Koleje Jižní Město;50.03054;14.49169
20260608_085538_L126;20260608_085538;08.06.2026;08:23:00;126;12;3824;32;U52Z2P;Koleje Jižní Město;50.03133;14.49108
20260608_085538_L126;20260608_085538;08.06.2026;08:26:00;126;53;3831;29;U3053Z2P;Nádraží Uhříněves;50.02991;14.59546
20260608_085538_L126;20260608_085538;08.06.2026;08:34:00;126;3;4036;20;U919Z2P;Koleje Jižní Město;50.0195;14.58235
20260608_085538_L126;20260608_085538;08.06.2026;08:30:00;126;2;3853;24;U6Z2P;Koleje Jižní Město;50.0243;14.56063
20260608_085538_L126;20260608_085538;08.06.2026;08:20:00;126;10;3838;34;U6Z2P;Koleje Jižní Město;50.02556;14.55974
20260608_085538_L133;20260608_085538;08.06.2026;08:46:00;133;11;4064;10;U1064Z1P;Sídliště Malešice;50.08745;14.47739
20260608_085538_L133;20260608_085538;08.06.2026;08:38:00;133;1;3007;16;U2787Z2P;Florenc;50.08738;14.45428
20260608_085538_L133;20260608_085538;08.06.2026;08:44:00;133;6;3738;11;U745Z2P;Florenc;50.08736;14.45243
20260608_085538_L135;20260608_085538;08.06.2026;08:35:00;135;4;5071;20;U29Z2P;Florenc;50.07142;14.47078
20260608_085538_L136;20260608_085538;08.06.2026;08:27:00;136;31;6730;28;U417Z1P;Jižní Město;50.04292;14.48777
20260608_085538_L136;20260608_085538;08.06.2026;08:33:00;136;9;6920;21;U855Z1P;Jižní Město;50.07445;14.46401
20260608_085538_L136;20260608_085538;08.06.2026;08:24:00;136;10;6756;31;U134Z4P;Jižní Město;50.10135;14.50273
20260608_085538_L136;20260608_085538;08.06.2026;08:39:00;136;58;6871;16;U512Z5P;Jižní Město;50.09017;14.46638
20260608_085538_L136;20260608_085538;08.06.2026;08:42:00;136;11;5545;11;U1074Z4P;Jižní Město;50.09339;14.47272
20260608_085538_L136;20260608_085538;08.06.2026;08:44:00;136;21;6792;12;U405Z1P;Sídliště Čakovice;50.12845;14.51263
20260608_085538_L136;20260608_085538;08.06.2026;08:37:00;136;22;5082;19;U518Z3P;Jižní Město;50.07659;14.45881
20260608_085538_L136;20260608_085538;08.06.2026;08:30:00;136;26;6836;24;U29Z1P;Jižní Město;50.07254;14.47046
20260608_085538_L136;20260608_085538;08.06.2026;08:32:00;136;27;5058;23;U751Z2P;Jižní Město;50.05256;14.47508
20260608_085538_L136;20260608_085538;08.06.2026;08:33:00;136;8;5018;22;U181Z1P;Jižní Město;50.03946;14.49052
20260608_085538_L136;20260608_085538;08.06.2026;08:32:00;136;7;5015;22;U353Z1P;Jižní Město;50.02849;14.52484
20260608_085538_L138;20260608_085538;08.06.2026;08:39:00;138;6;2321;16;U760Z1P;Ústavy Akademie věd;50.05359;14.50773
20260608_085538_L138;20260608_085538;08.06.2026;08:43:00;138;8;2316;11;U953Z1P;Ústavy Akademie věd;50.06523;14.50555
20260608_085538_L138;20260608_085538;08.06.2026;08:26:00;138;1;2305;28;U784Z3P;Sídliště Skalka;50.05183;14.49488
20260608_085538_L138;20260608_085538;08.06.2026;08:34:00;138;2;2320;21;U784Z3P;Skalka;50.05182;14.49493
20260608_085538_L138;20260608_085538;08.06.2026;08:38:00;138;3;2322;17;U375Z1P;Sídliště Skalka;50.05015;14.48802
20260608_085538_L138;20260608_085538;08.06.2026;08:41:00;138;9;2303;14;U624Z2P;Ústavy Akademie věd;50.04484;14.47908
20260608_085538_L138;20260608_085538;08.06.2026;08:40:00;138;10;2312;15;U908Z1P;Ústavy Akademie věd;50.02059;14.46355
20260608_085538_L139;20260608_085538;08.06.2026;08:43:00;139;15;6928;12;U29Z3P;Želivského;50.07183;14.46914
20260608_085538_L146;20260608_085538;08.06.2026;08:37:00;146;4;9121;18;U128Z2P;Želivského;50.08698;14.48873
20260608_085538_L146;20260608_085538;08.06.2026;08:43:00;146;5;9189;11;U834Z1P;Habrová;50.08688;14.48787
20260608_085538_L146;20260608_085538;08.06.2026;08:28:00;146;6;9124;26;U575Z2P;Želivského;50.07982;14.4785
20260608_085538_L146;20260608_085538;08.06.2026;08:45:00;146;6;9124;10;U921Z6P;Habrová;50.07982;14.4785
20260608_085538_L149;20260608_085538;08.06.2026;08:26:00;149;2;3817;28;U867Z1P;Dejvická;50.09455;14.39309
20260608_085538_L149;20260608_085538;08.06.2026;08:36:00;149;10;3693;19;U362Z12P;Dejvická;50.08528;14.37957
20260608_085538_L150;20260608_085538;08.06.2026;08:44:00;150;14;5063;10;U29Z2P;Želivského;50.0736;14.46938
20260608_085538_L150;20260608_085538;08.06.2026;08:45:00;150;15;5078;10;U183Z2P;Želivského;50.05683;14.47088
20260608_085538_L154;20260608_085538;08.06.2026;08:32:00;154;5;3019;23;U1009Z2P;Sídliště Libuš;50.00602;14.45836
20260608_085538_L154;20260608_085538;08.06.2026;08:42:00;154;6;3863;13;U335Z1P;Sídliště Libuš;50.00825;14.46268
20260608_085538_L154;20260608_085538;08.06.2026;08:39:00;154;4;3744;16;U151Z1P;Strašnická;50.03207;14.53454
20260608_085538_L154;20260608_085538;08.06.2026;08:34:00;154;8;3023;20;U599Z1P;Strašnická;50.07123;14.4878
20260608_085538_L155;20260608_085538;08.06.2026;08:30:00;155;1;9466;23;U128Z2P;Nemocnice Vinohrady;50.08705;14.48905
20260608_085538_L163;20260608_085538;08.06.2026;08:37:00;163;55;9401;16;U1014Z2P;Depo Hostivař;50.07053;14.54509
20260608_085538_L163;20260608_085538;08.06.2026;08:37:00;163;57;9154;17;U28Z2P;Depo Hostivař;50.0812;14.60905
20260608_085538_L164;20260608_085538;08.06.2026;08:36:00;164;1;1953;18;U2608Z2P;Malovanka;50.08714;14.37021
20260608_085538_L166;20260608_085538;08.06.2026;08:39:00;166;7;1939;15;U993Z2P;Domov seniorů Ďáblice;50.11649;14.46957
20260608_085538_L168;20260608_085538;08.06.2026;08:39:00;168;1;2088;16;U1077Z2P;Nové Butovice;50.08314;14.34659
20260608_085538_L168;20260608_085538;08.06.2026;08:37:00;168;4;2080;19;U3296Z2P;Nové Butovice;50.05109;14.34582
20260608_085538_L170;20260608_085538;08.06.2026;08:44:00;170;11;3826;11;U950Z1P;Pražská čtvrť;50.04149;14.44341
20260608_085538_L170;20260608_085538;08.06.2026;08:46:00;170;15;3921;10;U1050Z1P;Pražská čtvrť;50.03506;14.37846
20260608_085538_L171;20260608_085538;08.06.2026;08:41:00;171;15;8140;14;U313Z1P;Depo Hostivař;50.09776;14.54884
20260608_085538_L171;20260608_085538;08.06.2026;08:33:00;171;10;1484;22;U1022Z1P;Depo Hostivař;50.09182;14.53305
20260608_085538_L171;20260608_085538;08.06.2026;08:37:00;171;9;1493;18;U188Z1P;Ve Žlíbku;50.11289;14.59849
20260608_085538_L171;20260608_085538;08.06.2026;08:35:00;171;12;8137;19;U1197Z2P;Ve Žlíbku;50.10345;14.55967
20260608_085538_L171;20260608_085538;08.06.2026;08:39:00;171;13;1482;16;U538Z1P;Ve Žlíbku;50.08797;14.53685
20260608_085538_L175;20260608_085538;08.06.2026;08:45:00;175;52;3843;10;U3014Z2P;Háje;50.0503;14.53748
20260608_085538_L175;20260608_085538;08.06.2026;08:43:00;175;2;4107;12;U2751Z2P;Florenc;50.07363;14.47225
20260608_085538_L175;20260608_085538;08.06.2026;08:42:00;175;8;3751;13;U745Z2P;Florenc;50.08737;14.4524
20260608_085538_L177;20260608_085538;08.06.2026;08:45:00;177;21;6802;10;U1116Z2P;Chodov;50.03057;14.48771
20260608_085538_L177;20260608_085538;08.06.2026;08:44:00;177;56;6924;11;U827Z1P;Chodov;50.07879;14.50832
20260608_085538_L177;20260608_085538;08.06.2026;08:44:00;177;10;6838;11;U675Z3P;Poliklinika Mazurská;50.12501;14.45601
20260608_085538_L177;20260608_085538;08.06.2026;08:43:00;177;11;5062;12;U660Z5P;Poliklinika Mazurská;50.08315;14.50899
20260608_085538_L177;20260608_085538;08.06.2026;08:35:00;177;15;6875;18;U78Z3P;Poliklinika Mazurská;50.12551;14.45736
20260608_085538_L180;20260608_085538;08.06.2026;08:43:00;180;6;5005;12;U867Z2P;Obchodní centrum Zličín;50.09399;14.38996
20260608_085538_L180;20260608_085538;08.06.2026;08:25:00;180;7;5562;29;U44Z2P;Dejvická;50.08576;14.36675
20260608_085538_L180;20260608_085538;08.06.2026;08:29:00;180;8;6937;24;U872Z1P;Dejvická;50.08447;14.36191
20260608_085538_L180;20260608_085538;08.06.2026;08:23:00;180;9;6994;32;U182Z2P;Dejvická;50.08785;14.38189
20260608_085538_L180;20260608_085538;08.06.2026;08:41:00;180;10;6898;12;U872Z1P;Dejvická;50.08417;14.36091
20260608_085538_L180;20260608_085538;08.06.2026;08:07:00;180;13;6933;47;U44Z2P;Dejvická;50.086;14.36818
20260608_085538_L180;20260608_085538;08.06.2026;08:03:00;180;15;5051;52;U229Z2P;Dejvická;50.08651;14.37162
20260608_085538_L180;20260608_085538;08.06.2026;08:37:00;180;52;6858;18;U44Z2P;Dejvická;50.08522;14.36415
20260608_085538_L181;20260608_085538;08.06.2026;08:16:00;181;3;5108;38;U219Z2P;Černý Most;50.04335;14.5167
20260608_085538_L181;20260608_085538;08.06.2026;08:29:00;181;6;6763;24;U99Z2P;Černý Most;50.04235;14.51365
20260608_085538_L181;20260608_085538;08.06.2026;08:03:00;181;7;5507;52;U219Z2P;Černý Most;50.04335;14.5167
20260608_085538_L181;20260608_085538;08.06.2026;07:59:00;181;2;5111;55;U453Z7P;Černý Most;50.0556;14.53657
20260608_085538_L181;20260608_085538;08.06.2026;08:12:00;181;5;6764;43;U1056Z2P;Černý Most;50.10726;14.57289
20260608_085538_L181;20260608_085538;08.06.2026;08:22:00;181;4;6960;32;U219Z1P;Opatov;50.04045;14.51104
20260608_085538_L181;20260608_085538;08.06.2026;08:09:00;181;8;5998;46;U313Z1P;Opatov;50.09476;14.54691
20260608_085538_L182;20260608_085538;08.06.2026;08:27:00;182;3;3988;24;U1104Z2P;Letňany;50.1434;14.54674
20260608_085538_L182;20260608_085538;08.06.2026;08:39:00;182;8;4168;16;U823Z2P;Kablo;50.04501;14.5192
20260608_085538_L182;20260608_085538;08.06.2026;08:22:00;182;6;4072;33;U472Z4P;Opatov;50.05295;14.52771
20260608_085538_L182;20260608_085538;08.06.2026;08:38:00;182;9;3888;17;U641Z4P;Opatov;50.04558;14.52506
20260608_085538_L182;20260608_085538;08.06.2026;08:24:00;182;12;3712;30;U823Z2P;Kablo;50.04622;14.52162
20260608_085538_L183;20260608_085538;08.06.2026;08:32:00;183;3;6797;23;U2707Z1P;Háje;50.04655;14.54977
20260608_085538_L183;20260608_085538;08.06.2026;08:42:00;183;4;6824;13;U538Z2P;Háje;50.08341;14.53806
20260608_085538_L183;20260608_085538;08.06.2026;08:38:00;183;7;6973;16;U677Z1P;Háje;50.05385;14.53698
20260608_085538_L183;20260608_085538;08.06.2026;08:20:00;183;1;5083;35;U538Z1P;Vozovna Kobylisy;50.08577;14.53791
20260608_085538_L183;20260608_085538;08.06.2026;08:36:00;183;2;6788;19;U677Z2P;Vozovna Kobylisy;50.05752;14.53694
20260608_085538_L183;20260608_085538;08.06.2026;08:21:00;183;5;5546;34;U134Z5P;Vozovna Kobylisy;50.10174;14.5032
20260608_085538_L183;20260608_085538;08.06.2026;08:26:00;183;8;5096;29;U975Z2P;Vozovna Kobylisy;50.06515;14.5375
20260608_085538_L183;20260608_085538;08.06.2026;08:40:00;183;11;5547;14;U967Z1P;Vozovna Kobylisy;50.03448;14.56422
20260608_085538_L188;20260608_085538;08.06.2026;08:45:00;188;7;5044;11;U183Z1P;Kavčí hory;50.05698;14.46928
20260608_085538_L191;20260608_085538;08.06.2026;08:44:00;191;1;4019;10;U1077Z2P;Klamovka;50.08265;14.34608
20260608_085538_L191;20260608_085538;08.06.2026;08:38:00;191;6;4021;17;U699Z2P;Klamovka;50.07809;14.3878
20260608_085538_L191;20260608_085538;08.06.2026;08:42:00;191;11;3995;13;U61Z2P;Obchodní centrum Ruzyně;50.08783;14.30658
20260608_085538_L195;20260608_085538;08.06.2026;08:43:00;195;1;5011;12;U405Z1P;Sídliště Letňany;50.12851;14.51262
20260608_085538_L195;20260608_085538;08.06.2026;08:41:00;195;16;6829;14;U899Z3P;Sídliště Letňany;50.14181;14.51558
20260608_085538_L195;20260608_085538;08.06.2026;08:44:00;195;18;6883;11;U603Z1P;Sídliště Letňany;50.11864;14.49971
20260608_085538_L201;20260608_085538;08.06.2026;08:34:00;201;8;3883;21;U196Z2P;Nádraží Holešovice;50.10876;14.44378
20260608_085538_L201;20260608_085538;08.06.2026;08:43:00;201;9;3882;12;U870Z4P;Nádraží Holešovice;50.11777;14.46441
20260608_085538_L201;20260608_085538;08.06.2026;08:39:00;201;12;4130;16;U305Z2P;Nádraží Holešovice;50.11663;14.44865
20260608_085538_L201;20260608_085538;08.06.2026;08:28:00;201;22;3990;26;U196Z2P;Nádraží Holešovice;50.10875;14.44376
20260608_085538_L201;20260608_085538;08.06.2026;08:45:00;201;6;4092;10;U762Z1P;Černý Most;50.12524;14.57285
20260608_085538_L201;20260608_085538;08.06.2026;08:32:00;201;16;3907;23;U639Z2P;Černý Most;50.12651;14.5747
20260608_085538_L201;20260608_085538;08.06.2026;08:42:00;201;20;3880;11;U54Z3P;Černý Most;50.11507;14.47166
20260608_085538_L203;20260608_085538;08.06.2026;08:42:00;203;9;1954;13;U43Z2P;Háje;50.03559;14.51798
20260608_085538_L204;20260608_085538;08.06.2026;08:35:00;204;71;9011;20;U1161Z2P;Sídliště Petrovice;50.08135;14.57125
20260608_085538_L204;20260608_085538;08.06.2026;08:43:00;204;73;9048;12;U862Z2P;Sídliště Petrovice;50.11664;14.62033
20260608_085538_L204;20260608_085538;08.06.2026;08:41:00;204;70;9018;14;U1031Z1P;Stavební zóna Horní Počernice;50.11605;14.61713
20260608_085538_L208;20260608_085538;08.06.2026;08:42:00;208;58;9472;12;U794Z2P;Depo Hostivař;50.07102;14.54759
20260608_085538_L209;20260608_085538;08.06.2026;08:40:00;209;43;9481;14;U2276Z1P;Nádraží Uhříněves;50.08484;14.6167
20260608_085538_L209;20260608_085538;08.06.2026;08:19:00;209;44;9118;36;U1367Z1P;Letňany;50.08836;14.61886
20260608_085538_L209;20260608_085538;08.06.2026;08:43:00;209;45;9461;10;U432Z2P;Letňany;50.0809;14.61826
20260608_085538_L209;20260608_085538;08.06.2026;08:33:00;209;47;9468;22;U336Z2P;Nádraží Uhříněves;50.03207;14.59827
20260608_085538_L215;20260608_085538;08.06.2026;08:38:00;215;13;6803;18;U488Z3P;Kačerov;50.0303;14.45512
20260608_085538_L215;20260608_085538;08.06.2026;08:46:00;215;14;5068;10;U749Z1P;Sídliště Libuš;50.02044;14.45166
20260608_085538_L221;20260608_085538;08.06.2026;08:42:00;221;4;1751;13;U28Z2P;Černý Most;50.08104;14.61703
20260608_085538_L224;20260608_085538;08.06.2026;08:39:00;224;75;9042;16;U3015Z1P;Ve Žlíbku;50.08703;14.57647
20260608_085538_L224;20260608_085538;08.06.2026;07:49:00;224;77;9046;66;U3013Z1P;Dolnopočernický hřbitov;50.08966;14.56932
20260608_085538_L224;20260608_085538;08.06.2026;07:40:00;224;79;9015;74;U3011Z2P;Ve Žlíbku;50.10936;14.59148
20260608_085538_L224;20260608_085538;08.06.2026;08:20:00;224;79;9015;33;U188Z2P;Dolnopočernický hřbitov;50.10936;14.59148
20260608_085538_L226;20260608_085538;08.06.2026;08:31:00;226;3;1581;22;U525Z2P;Lipany;49.99999;14.6187
20260608_085538_L226;20260608_085538;08.06.2026;08:31:00;226;8;1573;23;U967Z1P;Lipany;50.03651;14.57164
20260608_085538_L226;20260608_085538;08.06.2026;08:38:00;226;9;1592;14;U828Z2P;Háje;50.02966;14.60414
20260608_085538_L227;20260608_085538;08.06.2026;08:20:00;227;11;1589;35;U445Z2P;Háje;50.01163;14.6317
20260608_085538_L227;20260608_085538;08.06.2026;08:34:00;227;13;1650;21;U1054Z2P;Háje;50.01489;14.65162
20260608_085538_L227;20260608_085538;08.06.2026;08:25:00;227;1;1588;30;U336Z1P;Nedvězí;50.03081;14.59976
20260608_085538_L227;20260608_085538;08.06.2026;08:37:00;227;12;1591;16;U151Z1P;Nedvězí;50.03143;14.5492
20260608_085538_L228;20260608_085538;08.06.2026;08:37:00;228;13;9033;18;U336Z2P;Poliklinika Malešice;50.03215;14.59815
20260608_085538_L228;20260608_085538;08.06.2026;08:18:00;228;14;9014;32;U107Z1P;Poliklinika Malešice;50.07344;14.55741
20260608_085538_L228;20260608_085538;08.06.2026;08:41:00;228;11;9044;14;U7040Z1P;Benice;50.05107;14.58144
20260608_085538_L228;20260608_085538;08.06.2026;08:00:00;228;12;9013;55;U741Z2P;Poliklinika Malešice;50.06991;14.54226
20260608_085538_L229;20260608_085538;08.06.2026;08:25:00;229;10;3718;23;U358Z4P;Depo Hostivař;50.07701;14.5172
20260608_085538_L240;20260608_085538;08.06.2026;08:36:00;240;11;1764;19;U448Z2P;Černý Most;50.07982;14.59418
20260608_085538_L240;20260608_085538;08.06.2026;08:45:00;240;13;1762;10;U107Z1P;Černý Most;50.06352;14.59386
20260608_085538_L240;20260608_085538;08.06.2026;08:36:00;240;14;1755;17;U1235Z1P;Háje;50.09755;14.59239
20260608_085538_L240;20260608_085538;08.06.2026;08:30:00;240;15;1758;25;U4117Z1P;Háje;50.06488;14.59495
20260608_085538_L250;20260608_085538;08.06.2026;08:42:00;250;6;6962;11;U28Z2P;Černý Most;50.08092;14.60154
20260608_085538_L250;20260608_085538;08.06.2026;08:30:00;250;1;6963;19;U448Z2P;Černý Most;50.10024;14.58932
20260608_085538_L250;20260608_085538;08.06.2026;08:27:00;250;7;6965;25;U1235Z1P;Sídliště Rohožník;50.08949;14.59471
20260608_085538_L821;20260608_085538;08.06.2026;07:40:00;821;69;1584;72;U5896Z2;Kolín,nádraží;50.02424;15.21344
20260608_085538_L857;20260608_085538;08.06.2026;08:42:00;857;9;1273;10;U2888Z1;Zákolany;50.21509;14.31758
20260608_085538_L300;20260608_085538;08.06.2026;08:44:00;300;3;8973;10;U4301Z1;Kladno,u kostela;50.14662;14.2068
20260608_085538_L300;20260608_085538;08.06.2026;08:45:00;300;93;8875;10;U462Z12;Kladno,u kostela;50.09525;14.34593
20260608_085538_L304;20260608_085538;08.06.2026;08:36:00;304;5;8354;15;U1141Z6;Rakovník,aut.st.;50.05452;14.28182
20260608_085538_L306;20260608_085538;08.06.2026;08:39:00;306;2;8858;15;U4390Z1;Kladno,autobusové nádraží;50.13396;14.15606
20260608_085538_L307;20260608_085538;08.06.2026;08:41:00;307;12;8991;12;U3094Z1;Kladno,autobusové nádraží;50.14534;14.09537
20260608_085538_L316;20260608_085538;08.06.2026;08:45:00;316;7;8977;10;U7011Z2;Praha,Bořislavka;50.13914;14.33589
20260608_085538_L319;20260608_085538;08.06.2026;08:17:00;319;45;7916;19;U1848Z2;Praha,Smíchovské nádraží;50.03333;14.40127
20260608_085538_L323;20260608_085538;08.06.2026;08:45:00;323;14;8837;10;U2094Z2;Koleč,zámek;50.16276;14.25784
20260608_085538_L324;20260608_085538;08.06.2026;08:40:00;324;27;8996;15;U4316Z5;Praha,Zličín;50.13052;14.13728
20260608_085538_L332;20260608_085538;08.06.2026;08:42:00;332;8;9175;11;U4467Z2;Neveklov;49.79004;14.50245
20260608_085538_L332;20260608_085538;08.06.2026;08:32:00;332;19;9955;22;U488Z7;Praha,Budějovická;50.03529;14.45596
20260608_085538_L334;20260608_085538;08.06.2026;08:37:00;334;41;7819;10;U1330Z2;Praha,Smíchovské nádraží;49.97966;14.4626
20260608_085538_L334;20260608_085538;08.06.2026;08:31:00;334;42;7891;21;U1330Z1;Psáry;49.951;14.51814
20260608_085538_L334;20260608_085538;08.06.2026;08:07:00;334;43;7818;35;U1330Z2;Praha,Smíchovské nádraží;49.98443;14.39636
20260608_085538_L335;20260608_085538;08.06.2026;08:37:00;335;32;9173;15;U488Z7;Praha,Budějovická;50.04279;14.45623
20260608_085538_L337;20260608_085538;08.06.2026;08:43:00;337;14;9364;11;U2158Z2;Benešov,Terminál;49.83418;14.67722
20260608_085538_L339;20260608_085538;08.06.2026;08:44:00;339;5;9181;11;U1533Z3;Kamenice,Kult.dům;49.93799;14.55364
20260608_085538_L345;20260608_085538;08.06.2026;08:30:00;345;39;10643;21;U6213Z2;Praha,Černý Most;50.44899;14.93018
20260608_085538_L349;20260608_085538;08.06.2026;08:25:00;349;30;8214;13;U2334Z1;Praha,Ládví;50.12959;14.48673
20260608_085538_L356;20260608_085538;08.06.2026;08:43:00;356;34;8790;11;U5971Z2;Praha,Obchodní centrum Ruzyně;50.11622;14.2868
20260608_085538_L364;20260608_085538;08.06.2026;07:59:00;364;4;4528;55;U310Z2;Praha,Depo Hostivař;50.06943;14.54305
20260608_085538_L364;20260608_085538;08.06.2026;08:31:00;364;5;4514;20;U1885Z2;Praha,Depo Hostivař;50.0271;14.61723
20260608_085538_L364;20260608_085538;08.06.2026;08:37:00;364;1;4070;18;U1813Z1;Doubek;50.01273;14.67456
20260608_085538_L366;20260608_085538;08.06.2026;08:29:00;366;2;4518;25;U310Z2;Praha,Depo Hostivař;50.0664;14.54852
20260608_085538_L366;20260608_085538;08.06.2026;08:35:00;366;7;4513;19;U367Z2;Praha,Depo Hostivař;50.05165;14.56752
20260608_085538_L367;20260608_085538;08.06.2026;08:34:00;367;2;8292;21;U1293Z1;Praha,Černý Most;50.13273;14.61905
20260608_085538_L372;20260608_085538;08.06.2026;08:42:00;372;36;8051;12;U1779Z2;Kralupy n.Vlt.,žel.st.;50.29721;14.38407
20260608_085538_L375;20260608_085538;08.06.2026;08:11:00;375;4;8246;44;U2365Z2;Praha,Českomoravská;50.17423;14.6481
20260608_085538_L375;20260608_085538;08.06.2026;08:37:00;375;5;8297;18;U1826Z2;Praha,Českomoravská;50.18231;14.65702
20260608_085538_L375;20260608_085538;08.06.2026;07:54:00;375;8;8247;60;U1824Z2;Praha,Českomoravská;50.17675;14.65211
20260608_085538_L375;20260608_085538;08.06.2026;08:24:00;375;9;8298;30;U1824Z2;Praha,Českomoravská;50.17673;14.6522
20260608_085538_L375;20260608_085538;08.06.2026;08:02:00;375;12;8253;53;U526Z2;Praha,Českomoravská;50.12852;14.54217
20260608_085538_L379;20260608_085538;08.06.2026;08:28:00;379;14;1240;18;U3001Z2;Praha,Černý Most;50.13058;14.63018
20260608_085538_L379;20260608_085538;08.06.2026;08:03:00;379;13;1486;39;U3001Z2;Praha,Černý Most;50.11008;14.58197
20260608_085538_L380;20260608_085538;08.06.2026;08:40:00;380;5;9983;15;U395Z3;Praha,Vypich;50.06666;14.32774
20260608_085538_L380;20260608_085538;08.06.2026;08:37:00;380;7;9978;18;U1645Z1;Králův Dvůr,Počaply,Obchodní centrum;50.03854;14.2437
20260608_085538_L381;20260608_085538;08.06.2026;08:12:00;381;4;9363;37;U1885Z2;Praha,Háje;50.03023;14.61171
20260608_085538_L381;20260608_085538;08.06.2026;08:24:00;381;17;9931;31;U1886Z1;Čáslav,obchodní centrum;49.99447;14.68329
20260608_085538_L382;20260608_085538;08.06.2026;08:04:00;382;11;9371;49;U402Z2;Praha,Háje;50.03614;14.56779
20260608_085538_L382;20260608_085538;08.06.2026;08:26:00;382;38;9139;29;U2137Z2;Praha,Háje;50.02836;14.61494
20260608_085538_L382;20260608_085538;08.06.2026;08:20:00;382;19;9947;35;U967Z1;Sázava,aut.st.;50.03518;14.56486
20260608_085538_L383;20260608_085538;08.06.2026;08:44:00;383;33;9490;11;U2046Z1;Chocerady;49.9043;14.78479
20260608_085538_L385;20260608_085538;08.06.2026;08:35:00;385;18;1620;18;U1371Z3;Praha,Opatov;50.00686;14.5592
20260608_085538_L386;20260608_085538;08.06.2026;08:42:00;386;32;8759;13;U4198Z1;Kladno,autobusové nádraží;50.08435;14.03544
20260608_085538_L387;20260608_085538;08.06.2026;07:57:00;387;14;9944;52;U1885Z2;Praha,Háje;50.03074;14.60655
20260608_085538_L387;20260608_085538;08.06.2026;08:38:00;387;2;9372;17;U2163Z1;Uhlířské Janovice,nám.;49.88959;14.95541
20260608_085538_L387;20260608_085538;08.06.2026;08:42:00;387;1;9373;13;U808Z5;Uhlířské Janovice,nám.;50.03059;14.60645
20260608_085538_L392;20260608_085538;08.06.2026;08:23:00;392;47;9913;10;U2191Z2;Praha,Smíchovské nádraží;49.99771;14.3966
20260608_085538_L392;20260608_085538;08.06.2026;08:08:00;392;34;9856;22;U2191Z2;Praha,Smíchovské nádraží;50.0294;14.39799
20260608_085538_L393;20260608_085538;08.06.2026;08:01:00;393;51;9922;16;U9646Z2;Praha,Smíchovské nádraží;50.02985;14.39827
20260608_085538_L394;20260608_085538;08.06.2026;08:28:00;394;15;9903;19;U4273Z1;Praha,Nové Butovice;50.00367;14.17128
20260608_085538_L394;20260608_085538;08.06.2026;08:13:00;394;28;9891;19;U4273Z1;Praha,Nové Butovice;50.05593;14.33956
20260608_085538_L394;20260608_085538;08.06.2026;08:38:00;394;29;9887;16;U1746Z1;Zdice,nám.;49.95838;14.05979
20260608_085538_L395;20260608_085538;08.06.2026;08:11:00;395;53;9864;18;U1977Z2;Praha,Smíchovské nádraží;50.01699;14.39425
20260608_085538_L398;20260608_085538;08.06.2026;08:43:00;398;23;8267;10;U1278Z2;Praha,Černý Most;50.13772;14.76633
20260608_085538_L406;20260608_085538;08.06.2026;08:06:00;406;2;7944;24;U2139Z1;Praha,Roztyly;50.00324;14.57049
20260608_085538_L406;20260608_085538;08.06.2026;08:21:00;406;34;7858;10;U2139Z1;Praha,Roztyly;50.00034;14.57554
20260608_085538_L428;20260608_085538;08.06.2026;08:03:00;428;42;7209;16;U7719Z2;Praha,Smíchovské nádraží;49.9947;14.39759
20260608_085538_L435;20260608_085538;08.06.2026;08:42:00;435;7;8664;10;U2395Z2;Klučov,Skramníky;50.05835;14.81466
20260608_085538_L478;20260608_085538;08.06.2026;08:10:00;478;16;8072;45;U1950Z1;Kostelec n.L.,Nám.;50.17609;14.65917
20260608_085538_L499;20260608_085538;08.06.2026;08:44:00;499;13;8698;11;U3087Z2;Nymburk,hl.nádr.;50.19657;15.03765
20260608_085538_L506;20260608_085538;08.06.2026;07:43:00;506;13;9530;71;U9708Z2;Příbram,Svatá Hora areál;49.68687;14.02222
20260608_085538_L523;20260608_085538;08.06.2026;08:41:00;523;1;59507;12;U5960Z2;Rožmitál p.Tř.,aut.st.;49.62229;13.75935
20260608_085538_L585;20260608_085538;08.06.2026;07:32:00;585;18;7034;80;U4201Z1;Poděbrady,žel.st.;50.14866;15.12386
20260608_085538_L617;20260608_085538;08.06.2026;08:42:00;617;15;7325;13;U3094Z2;Kladno,autobusové nádraží;50.14091;14.09931
20260608_085538_L641;20260608_085538;08.06.2026;08:26:00;641;10;9547;29;U9107Z1;Beroun,autobusové nádraží;49.92768;13.97481
20260608_085538_L641;20260608_085538;08.06.2026;08:42:00;641;16;9449;13;U9857Z2;Hořovice,nemocnice;49.85894;13.92306
20260608_085538_L686;20260608_085538;08.06.2026;08:40:00;686;34;8142;15;U2358Z1;Úvaly,žel.st.;50.06902;14.73333
20260608_085538_L754;20260608_085538;08.06.2026;08:39:00;754;19;7215;15;U4530Z1;Příbram,aut.nádr.;49.75029;14.55417
20260608_085538_L756;20260608_085538;08.06.2026;08:44:00;756;3;7833;11;U3303Z1;Křečovice,Nová Živohošť;49.75295;14.53375
20260608_085538_L765;20260608_085538;08.06.2026;08:41:00;765;35;1898;12;U1531Z2;Jesenice;49.96138;14.52504
20260608_085538_L770;20260608_085538;08.06.2026;08:42:00;770;41;7810;11;U7666Z51;Benešov,Terminál;49.81443;14.80168
20260608_085938_L101;20260608_085938;08.06.2026;08:46:00;101;2;2327;11;U37Z1P;Skalka;50.0574;14.47098
20260608_085938_L106;20260608_085938;08.06.2026;08:48:00;106;8;3862;11;U663Z4P;Pražského povstání;50.04871;14.43637
20260608_085938_L108;20260608_085938;08.06.2026;08:14:00;108;3;2074;44;U630Z1P;Dejvická;50.08733;14.32583
20260608_085938_L110;20260608_085938;08.06.2026;08:48:00;110;1;1490;10;U137Z1P;Dolní Počernice;50.10533;14.55691
20260608_085938_L113;20260608_085938;08.06.2026;08:48:00;113;6;3674;11;U369Z2P;Kačerov;50.00148;14.46643
20260608_085938_L117;20260608_085938;08.06.2026;08:46:00;117;1;1936;12;U939Z4P;Nové Komořany;50.00613;14.40912
20260608_085938_L121;20260608_085938;08.06.2026;08:34:00;121;7;3734;25;U50Z6P;Nádraží Braník;50.04444;14.45005
20260608_085938_L124;20260608_085938;08.06.2026;08:49:00;124;5;5070;10;U269Z4P;Želivského;50.06761;14.46179
20260608_085938_L125;20260608_085938;08.06.2026;08:49:00;125;6;6946;10;U842Z2P;Skalka;50.03868;14.56168
20260608_085938_L125;20260608_085938;08.06.2026;08:46:00;125;8;5505;10;U337Z3P;Skalka;50.03158;14.41497
20260608_085938_L125;20260608_085938;08.06.2026;08:35:00;125;19;6987;15;U181Z2P;Smíchovské nádraží;50.04347;14.40788
20260608_085938_L125;20260608_085938;08.06.2026;08:46:00;125;22;5061;13;U677Z2P;Skalka;50.05753;14.53692
20260608_085938_L126;20260608_085938;08.06.2026;08:11:00;126;1;3825;44;U6Z2P;Koleje Jižní Město;50.0334;14.54017
20260608_085938_L126;20260608_085938;08.06.2026;08:46:00;126;4;4023;12;U169Z2P;Koleje Jižní Město;50.02074;14.57975
20260608_085938_L126;20260608_085938;08.06.2026;08:40:00;126;6;3959;17;U2729Z1P;Nádraží Uhříněves;50.02947;14.55428
20260608_085938_L126;20260608_085938;08.06.2026;08:26:00;126;53;3831;33;U3053Z2P;Nádraží Uhříněves;50.03061;14.59697
20260608_085938_L126;20260608_085938;08.06.2026;08:30:00;126;2;3853;28;U6Z2P;Koleje Jižní Město;50.02682;14.55916
20260608_085938_L126;20260608_085938;08.06.2026;08:20:00;126;10;3838;38;U6Z2P;Koleje Jižní Město;50.02768;14.55831
20260608_085938_L133;20260608_085938;08.06.2026;08:46:00;133;6;3738;13;U789Z2P;Florenc;50.08705;14.44484
20260608_085938_L136;20260608_085938;08.06.2026;08:24:00;136;10;6756;35;U134Z4P;Jižní Město;50.10135;14.50273
20260608_085938_L136;20260608_085938;08.06.2026;08:42:00;136;11;5545;13;U1074Z4P;Jižní Město;50.09234;14.47019
20260608_085938_L136;20260608_085938;08.06.2026;08:48:00;136;21;6792;11;U125Z1P;Sídliště Čakovice;50.13949;14.50484
20260608_085938_L136;20260608_085938;08.06.2026;08:50:00;136;19;5019;10;U474Z5P;Sídliště Čakovice;50.1103;14.50216
20260608_085938_L138;20260608_085938;08.06.2026;08:47:00;138;4;2330;11;U375Z1P;Skalka;50.04886;14.49127
20260608_085938_L138;20260608_085938;08.06.2026;08:48:00;138;8;2316;11;U890Z2P;Ústavy Akademie věd;50.0558;14.50697
20260608_085938_L138;20260608_085938;08.06.2026;08:45:00;138;9;2303;13;U832Z2P;Ústavy Akademie věd;50.04606;14.4611
20260608_085938_L139;20260608_085938;08.06.2026;08:49:00;139;9;6949;10;U813Z2P;Želivského;50.06497;14.45242
20260608_085938_L139;20260608_085938;08.06.2026;08:43:00;139;15;6928;13;U29Z3P;Želivského;50.07764;14.47326
20260608_085938_L146;20260608_085938;08.06.2026;08:37:00;146;4;9121;19;U128Z2P;Želivského;50.08692;14.48783
20260608_085938_L146;20260608_085938;08.06.2026;08:43:00;146;5;9189;15;U834Z1P;Habrová;50.08705;14.48932
20260608_085938_L146;20260608_085938;08.06.2026;08:45:00;146;5;9189;13;U128Z2P;Želivského;50.08705;14.48932
20260608_085938_L146;20260608_085938;08.06.2026;08:45:00;146;6;9124;13;U921Z6P;Habrová;50.07829;14.47639
20260608_085938_L151;20260608_085938;08.06.2026;08:48:00;151;2;2336;11;U790Z2P;Českomoravská;50.11272;14.50426
20260608_085938_L154;20260608_085938;08.06.2026;08:42:00;154;6;3863;16;U335Z1P;Sídliště Libuš;50.00675;14.46339
20260608_085938_L154;20260608_085938;08.06.2026;08:48:00;154;5;3019;11;U1009Z1P;Strašnická;50.00593;14.45975
20260608_085938_L164;20260608_085938;08.06.2026;08:36:00;164;1;1953;21;U2608Z2P;Malovanka;50.08701;14.37133
20260608_085938_L164;20260608_085938;08.06.2026;08:47:00;164;4;1958;11;U362Z12P;Sídliště Řepy;50.08526;14.37953
20260608_085938_L166;20260608_085938;08.06.2026;08:47:00;166;5;1945;11;U606Z5P;Sídliště Čakovice;50.1231;14.50791
20260608_085938_L170;20260608_085938;08.06.2026;08:47:00;170;11;3826;11;U936Z1P;Pražská čtvrť;50.03593;14.44258
20260608_085938_L170;20260608_085938;08.06.2026;08:49:00;170;15;3921;10;U1126Z1P;Pražská čtvrť;50.03014;14.37004
20260608_085938_L171;20260608_085938;08.06.2026;08:33:00;171;10;1484;24;U1022Z1P;Depo Hostivař;50.09083;14.53393
20260608_085938_L175;20260608_085938;08.06.2026;08:49:00;175;52;3843;10;U154Z1P;Háje;50.04763;14.55547
20260608_085938_L175;20260608_085938;08.06.2026;08:46:00;175;2;4107;13;U855Z2P;Florenc;50.07429;14.46619
20260608_085938_L175;20260608_085938;08.06.2026;08:45:00;175;8;3751;14;U3018Z2P;Florenc;50.08918;14.44333
20260608_085938_L177;20260608_085938;08.06.2026;08:49:00;177;56;6924;10;U673Z3P;Chodov;50.06438;14.50497
20260608_085938_L177;20260608_085938;08.06.2026;08:47:00;177;10;6838;12;U544Z1P;Poliklinika Mazurská;50.12752;14.43521
20260608_085938_L177;20260608_085938;08.06.2026;08:46:00;177;11;5062;13;U2703Z2P;Poliklinika Mazurská;50.08885;14.51384
20260608_085938_L180;20260608_085938;08.06.2026;08:47:00;180;6;5005;12;U229Z1P;Obchodní centrum Zličín;50.08651;14.37046
20260608_085938_L180;20260608_085938;08.06.2026;08:29:00;180;8;6937;28;U872Z1P;Dejvická;50.08447;14.36191
20260608_085938_L180;20260608_085938;08.06.2026;08:41:00;180;10;6898;16;U872Z1P;Dejvická;50.08418;14.36096
20260608_085938_L180;20260608_085938;08.06.2026;08:37:00;180;52;6858;22;U44Z2P;Dejvická;50.08546;14.36524
20260608_085938_L188;20260608_085938;08.06.2026;08:49:00;188;7;5044;10;U559Z1P;Kavčí hory;50.0585;14.44993
20260608_085938_L195;20260608_085938;08.06.2026;08:46:00;195;1;5011;13;U326Z1P;Sídliště Letňany;50.13888;14.51716
20260608_085938_L195;20260608_085938;08.06.2026;08:46:00;195;18;6883;12;U606Z1P;Sídliště Letňany;50.12423;14.51209
20260608_085938_L201;20260608_085938;08.06.2026;08:46:00;201;9;3882;13;U196Z2P;Nádraží Holešovice;50.10883;14.44378
20260608_085938_L201;20260608_085938;08.06.2026;08:49:00;201;17;4128;10;U870Z4P;Nádraží Holešovice;50.11778;14.46217
20260608_085938_L201;20260608_085938;08.06.2026;08:50:00;201;6;4092;10;U1414Z2P;Černý Most;50.11603;14.56164
20260608_085938_L201;20260608_085938;08.06.2026;08:42:00;201;20;3880;16;U54Z3P;Černý Most;50.11523;14.47102
20260608_085938_L203;20260608_085938;08.06.2026;08:46:00;203;9;1954;12;U1020Z2P;Háje;50.0339;14.52761
20260608_085938_L204;20260608_085938;08.06.2026;08:47:00;204;73;9048;11;U3024Z1P;Sídliště Petrovice;50.11301;14.61016
20260608_085938_L209;20260608_085938;08.06.2026;08:40:00;209;43;9481;17;U2276Z1P;Nádraží Uhříněves;50.08133;14.6164
20260608_085938_L209;20260608_085938;08.06.2026;08:46:00;209;45;9461;11;U2276Z2P;Letňany;50.08705;14.61636
20260608_085938_L215;20260608_085938;08.06.2026;08:49:00;215;14;5068;11;U533Z1P;Sídliště Libuš;50.00984;14.45531
20260608_085938_L221;20260608_085938;08.06.2026;08:45:00;221;4;1751;13;U926Z2P;Černý Most;50.09335;14.62451
20260608_085938_L227;20260608_085938;08.06.2026;08:37:00;227;12;1591;18;U151Z1P;Nedvězí;50.03185;14.55455
20260608_085938_L240;20260608_085938;08.06.2026;08:48:00;240;13;1762;10;U1342Z1P;Černý Most;50.07619;14.60305
20260608_085938_L240;20260608_085938;08.06.2026;08:36:00;240;14;1755;20;U1235Z1P;Háje;50.09594;14.59355
20260608_085938_L250;20260608_085938;08.06.2026;08:48:00;250;2;6765;11;U448Z1P;Sídliště Rohožník;50.08093;14.60057
20260608_085938_L250;20260608_085938;08.06.2026;08:27:00;250;7;6965;29;U1235Z1P;Sídliště Rohožník;50.08786;14.59466
20260608_085938_L821;20260608_085938;08.06.2026;07:40:00;821;69;1584;76;U5896Z2;Kolín,nádraží;50.02424;15.21344
20260608_085938_L300;20260608_085938;08.06.2026;08:46:00;300;3;8973;10;U4302Z52;Kladno,u kostela;50.1485;14.18417
20260608_085938_L300;20260608_085938;08.06.2026;08:45:00;300;93;8875;11;U462Z12;Kladno,u kostela;50.0943;14.33755
20260608_085938_L316;20260608_085938;08.06.2026;08:46:00;316;7;8977;12;U1137Z2;Praha,Bořislavka;50.13489;14.33649
20260608_085938_L317;20260608_085938;08.06.2026;08:45:00;317;3;7959;12;U458Z7;Mníšek p.Brdy,U Šibence;50.06261;14.40879
20260608_085938_L323;20260608_085938;08.06.2026;08:47:00;323;16;8898;10;U85Z1;Praha,Nádraží Veleslavín;50.09333;14.33327
20260608_085938_L332;20260608_085938;08.06.2026;08:32:00;332;19;9955;23;U488Z7;Praha,Budějovická;50.04257;14.45934
20260608_085938_L333;20260608_085938;08.06.2026;08:46:00;333;2;7419;11;U488Z7;Praha,Kačerov;50.03577;14.4561
20260608_085938_L334;20260608_085938;08.06.2026;08:37:00;334;41;7819;14;U1330Z2;Praha,Smíchovské nádraží;49.97968;14.46259
20260608_085938_L335;20260608_085938;08.06.2026;08:37:00;335;32;9173;17;U488Z7;Praha,Budějovická;50.04515;14.44894
20260608_085938_L337;20260608_085938;08.06.2026;08:47:00;337;14;9364;11;U1391Z1;Benešov,Terminál;49.83003;14.69015
20260608_085938_L339;20260608_085938;08.06.2026;08:47:00;339;5;9181;11;U1535Z1;Kamenice,Kult.dům;49.92533;14.57113
20260608_085938_L356;20260608_085938;08.06.2026;08:43:00;356;34;8790;14;U5971Z2;Praha,Obchodní centrum Ruzyně;50.1161;14.28596
20260608_085938_L381;20260608_085938;08.06.2026;08:12:00;381;4;9363;40;U1885Z2;Praha,Háje;50.03121;14.60913
20260608_085938_L381;20260608_085938;08.06.2026;08:24:00;381;17;9931;32;U1886Z1;Čáslav,obchodní centrum;49.98818;14.70911
20260608_085938_L382;20260608_085938;08.06.2026;08:26:00;382;38;9139;32;U2137Z2;Praha,Háje;50.02899;14.61381
20260608_085938_L383;20260608_085938;08.06.2026;08:46:00;383;33;9490;10;U2089Z1;Chocerady;49.88787;14.79465
20260608_085938_L385;20260608_085938;08.06.2026;08:35:00;385;18;1620;21;U1371Z3;Praha,Opatov;50.00809;14.55188
20260608_085938_L394;20260608_085938;08.06.2026;08:13:00;394;28;9891;22;U4273Z1;Praha,Nové Butovice;50.05466;14.34709
20260608_085938_L395;20260608_085938;08.06.2026;08:11:00;395;53;9864;19;U1977Z2;Praha,Smíchovské nádraží;50.03631;14.40358
20260608_085938_L398;20260608_085938;08.06.2026;08:48:00;398;23;8267;10;U1559Z2;Praha,Černý Most;50.13212;14.73623
20260608_085938_L406;20260608_085938;08.06.2026;08:06:00;406;2;7944;27;U2139Z1;Praha,Roztyly;50.00761;14.55502
20260608_085938_L406;20260608_085938;08.06.2026;08:21:00;406;34;7858;11;U2139Z1;Praha,Roztyly;50.00719;14.55712
20260608_085938_L428;20260608_085938;08.06.2026;08:03:00;428;42;7209;18;U7719Z2;Praha,Smíchovské nádraží;50.02056;14.39427
20260608_085938_L435;20260608_085938;08.06.2026;08:47:00;435;7;8664;11;U4335Z2;Klučov,Skramníky;50.05147;14.82858
20260608_085938_L499;20260608_085938;08.06.2026;08:47:00;499;13;8698;11;U3078Z2;Nymburk,hl.nádr.;50.18938;15.04077
20260608_085938_L506;20260608_085938;08.06.2026;07:43:00;506;13;9530;74;U9708Z2;Příbram,Svatá Hora areál;49.68687;14.02223
20260608_085938_L523;20260608_085938;08.06.2026;08:45:00;523;1;59507;13;U5958Z2;Rožmitál p.Tř.,aut.st.;49.6163;13.8167
20260608_085938_L585;20260608_085938;08.06.2026;07:32:00;585;18;7034;84;U4201Z1;Poděbrady,žel.st.;50.14866;15.12386
20260608_085938_L641;20260608_085938;08.06.2026;08:46:00;641;16;9449;12;U9779Z3;Hořovice,nemocnice;49.84267;13.9034
20260608_085938_L756;20260608_085938;08.06.2026;08:44:00;756;3;7833;13;U3303Z1;Křečovice,Nová Živohošť;49.75295;14.53375
20260608_085938_L770;20260608_085938;08.06.2026;08:47:00;770;41;7810;10;U5725Z2;Benešov,Terminál;49.80654;14.79856
20260608_090340_L201;20260608_090340;08.06.2026;08:42:00;201;20;3880;19;U54Z3P;Černý Most;50.11699;14.47204
20260608_090340_L126;20260608_090340;08.06.2026;08:20:00;126;10;3838;41;U6Z2P;Koleje Jižní Město;50.03131;14.55063
20260608_090340_L126;20260608_090340;08.06.2026;08:30:00;126;2;3853;31;U6Z2P;Koleje Jižní Město;50.02993;14.55238
20260608_090340_L177;20260608_090340;08.06.2026;08:52:00;177;11;5062;12;U13Z1P;Poliklinika Mazurská;50.09547;14.49605
20260608_090340_L180;20260608_090340;08.06.2026;08:29:00;180;8;6937;31;U872Z1P;Dejvická;50.08447;14.36191
20260608_090340_L138;20260608_090340;08.06.2026;08:49:00;138;9;2303;14;U228Z2P;Ústavy Akademie věd;50.04164;14.46048
20260608_090340_L170;20260608_090340;08.06.2026;08:53:00;170;1;4184;10;U151Z1P;Jižní Město;50.03209;14.53448
20260608_090340_L125;20260608_090340;08.06.2026;08:50:00;125;22;5061;13;U1066Z2P;Skalka;50.0639;14.52637
20260608_090340_L177;20260608_090340;08.06.2026;08:52:00;177;10;6838;11;U912Z4P;Poliklinika Mazurská;50.13097;14.41725
20260608_090340_L300;20260608_090340;08.06.2026;08:51:00;300;3;8973;12;U4304Z1;Kladno,u kostela;50.15041;14.17818
20260608_090340_L138;20260608_090340;08.06.2026;08:51:00;138;4;2330;12;U784Z3P;Skalka;50.05183;14.49489
20260608_090340_L135;20260608_090340;08.06.2026;08:53:00;135;54;6866;10;U1062Z2P;Florenc;50.0768;14.43551
20260608_090340_L164;20260608_090340;08.06.2026;08:51:00;164;3;1969;10;U2608Z2P;Malovanka;50.08712;14.37041
20260608_090340_L208;20260608_090340;08.06.2026;08:51:00;208;58;9472;10;U358Z4P;Depo Hostivař;50.07761;14.51914
20260608_090340_L117;20260608_090340;08.06.2026;08:51:00;117;7;1952;10;U441Z2P;Nové Komořany;50.03488;14.45482
20260608_090340_L821;20260608_090340;08.06.2026;07:40:00;821;69;1584;81;U5896Z2;Kolín,nádraží;50.02424;15.21343
20260608_090340_L146;20260608_090340;08.06.2026;08:45:00;146;6;9124;17;U921Z6P;Habrová;50.07928;14.47563
20260608_090340_L406;20260608_090340;08.06.2026;08:21:00;406;34;7858;16;U2139Z1;Praha,Roztyly;50.00956;14.54369
20260608_090340_L188;20260608_090340;08.06.2026;08:53:00;188;7;5044;11;U640Z1P;Kavčí hory;50.05408;14.44231
20260608_090340_L136;20260608_090340;08.06.2026;08:52:00;136;21;6792;11;U451Z1P;Sídliště Čakovice;50.15082;14.5143
20260608_090340_L175;20260608_090340;08.06.2026;08:53:00;175;52;3843;10;U1001Z1P;Háje;50.04378;14.56702
20260608_090340_L250;20260608_090340;08.06.2026;08:53:00;250;6;6962;10;U897Z11P;Černý Most;50.10968;14.57826
20260608_090340_L195;20260608_090340;08.06.2026;08:53:00;195;2;6878;10;U606Z1P;Sídliště Letňany;50.12264;14.50718
20260608_090340_L195;20260608_090340;08.06.2026;08:53:00;195;23;6888;10;U673Z3P;Jesenická;50.0644;14.505
20260608_090340_L101;20260608_090340;08.06.2026;08:51:00;101;2;2327;12;U576Z2P;Skalka;50.05573;14.48263
20260608_090340_L435;20260608_090340;08.06.2026;08:51:00;435;7;8664;11;U1418Z2;Klučov,Skramníky;50.05885;14.8473
20260608_090340_L216;20260608_090340;08.06.2026;08:54:00;216;1;2049;10;U858Z2P;Poliklinika Petřiny;50.09176;14.36076
20260608_090340_L110;20260608_090340;08.06.2026;08:53:00;110;7;8094;10;U499Z5P;Dolní Počernice;50.10885;14.53126
20260608_090340_L117;20260608_090340;08.06.2026;08:50:00;117;1;1936;13;U1006Z51P;Nové Komořany;50.00223;14.4084
20260608_090340_L163;20260608_090340;08.06.2026;08:50:00;163;56;9151;12;U432Z2P;Depo Hostivař;50.08018;14.62619
20260608_090340_L215;20260608_090340;08.06.2026;08:49:00;215;13;6803;14;U488Z1P;Sídliště Libuš;50.03103;14.45491
20260608_090340_L138;20260608_090340;08.06.2026;08:51:00;138;5;2313;12;U704Z1P;Sídliště Skalka;50.04268;14.47402
20260608_090340_L641;20260608_090340;08.06.2026;08:50:00;641;16;9449;13;U9618Z6;Hořovice,nemocnice;49.83347;13.90239
20260608_090340_L191;20260608_090340;08.06.2026;08:54:00;191;2;4196;10;U579Z1P;Letiště / Airport ✈;50.07519;14.37392
20260608_090340_L138;20260608_090340;08.06.2026;08:50:00;138;8;2316;12;U887Z2P;Ústavy Akademie věd;50.05311;14.50263
20260608_090340_L204;20260608_090340;08.06.2026;08:52:00;204;73;9048;10;U253Z1P;Sídliště Petrovice;50.11027;14.60045
20260608_090340_L379;20260608_090340;08.06.2026;08:50:00;379;13;1486;12;U897Z9;Brandýs n.L.-St.Bol.,Aut.st.;50.10959;14.58888
20260608_090340_L585;20260608_090340;08.06.2026;07:32:00;585;18;7034;89;U4201Z1;Poděbrady,žel.st.;50.14866;15.12386
20260608_090340_L339;20260608_090340;08.06.2026;08:51:00;339;16;9936;11;U488Z7;Praha,Budějovická;50.03693;14.45677
20260608_090340_L382;20260608_090340;08.06.2026;08:26:00;382;38;9139;36;U2137Z2;Praha,Háje;50.03056;14.61105
20260608_090340_L392;20260608_090340;08.06.2026;08:51:00;392;47;9913;12;U337Z4;Praha,Smíchovské nádraží;50.05322;14.40903
20260608_090340_L372;20260608_090340;08.06.2026;08:52:00;372;36;8051;11;U2228Z1;Kralupy n.Vlt.,žel.st.;50.26759;14.33264
20260608_090340_L126;20260608_090340;08.06.2026;08:49:00;126;4;4023;14;U382Z2P;Koleje Jižní Město;50.02344;14.56264
20260608_090340_L204;20260608_090340;08.06.2026;08:51:00;204;70;9018;12;U1288Z1P;Stavební zóna Horní Počernice;50.1177;14.60201
20260608_090340_L240;20260608_090340;08.06.2026;08:48:00;240;13;1762;14;U1342Z1P;Černý Most;50.08016;14.60442
20260608_090340_L317;20260608_090340;08.06.2026;08:45:00;317;3;7959;17;U458Z7;Mníšek p.Brdy,U Šibence;50.05524;14.40898
20260608_090340_L110;20260608_090340;08.06.2026;08:49:00;110;1;1490;13;U1197Z1P;Dolní Počernice;50.09921;14.55197
20260608_090340_L180;20260608_090340;08.06.2026;08:49:00;180;53;6856;12;U872Z1P;Dejvická;50.08364;14.35947
20260608_090340_L180;20260608_090340;08.06.2026;08:53:00;180;6;5005;10;U872Z7P;Obchodní centrum Zličín;50.07874;14.3443
20260608_090340_L139;20260608_090340;08.06.2026;08:52:00;139;9;6949;10;U269Z4P;Želivského;50.06861;14.46668
20260608_090340_L150;20260608_090340;08.06.2026;08:51:00;150;15;5078;12;U29Z2P;Želivského;50.07143;14.47075
20260608_090340_L170;20260608_090340;08.06.2026;08:52:00;170;11;3826;12;U245Z2P;Pražská čtvrť;50.03426;14.41533
20260608_090340_L149;20260608_090340;08.06.2026;08:53:00;149;5;3937;11;U563Z1P;Dejvická;50.08533;14.37911
20260608_090340_L154;20260608_090340;08.06.2026;08:49:00;154;4;3744;15;U1001Z2P;Strašnická;50.04378;14.56718
20260608_090340_L523;20260608_090340;08.06.2026;08:50:00;523;1;59507;13;U7906Z2;Rožmitál p.Tř.,aut.st.;49.6072;13.85321
20260608_090340_L175;20260608_090340;08.06.2026;08:50:00;175;2;4107;13;U118Z3P;Florenc;50.07861;14.4606
20260608_090340_L164;20260608_090340;08.06.2026;08:51:00;164;4;1958;12;U2608Z1P;Sídliště Řepy;50.08754;14.36562
20260608_090340_L136;20260608_090340;08.06.2026;08:52:00;136;28;6702;11;U69Z2P;Jižní Město;50.08888;14.46094
20260608_090340_L183;20260608_090340;08.06.2026;08:51:00;183;6;6785;10;U276Z1P;Háje;50.08807;14.53645
20260608_090340_L339;20260608_090340;08.06.2026;08:52:00;339;5;9181;11;U1539Z1;Kamenice,Kult.dům;49.90403;14.59112
20260608_090340_L356;20260608_090340;08.06.2026;08:43:00;356;34;8790;18;U5971Z2;Praha,Obchodní centrum Ruzyně;50.11118;14.28051
20260608_090340_L770;20260608_090340;08.06.2026;08:53:00;770;41;7810;10;U7809Z2;Benešov,Terminál;49.81144;14.75913
20260608_090340_L151;20260608_090340;08.06.2026;08:53:00;151;5;4098;10;U683Z1P;Novoborská;50.12545;14.48617
20260608_090340_L221;20260608_090340;08.06.2026;08:51:00;221;4;1751;12;U407Z2P;Černý Most;50.11145;14.59923
20260608_090340_L240;20260608_090340;08.06.2026;08:36:00;240;14;1755;23;U1235Z1P;Háje;50.08257;14.59344
20260608_090340_L240;20260608_090340;08.06.2026;08:52:00;240;16;1748;11;U1069Z3P;Černý Most;50.04997;14.56539
20260608_090340_L316;20260608_090340;08.06.2026;08:51:00;316;7;8977;12;U1214Z2;Praha,Bořislavka;50.11243;14.35809
20260608_090340_L209;20260608_090340;08.06.2026;08:52:00;209;45;9461;10;U883Z2P;Letňany;50.10818;14.62418
20260608_090340_L300;20260608_090340;08.06.2026;08:51:00;300;93;8875;12;U80Z3;Kladno,u kostela;50.09373;14.30159
20260608_090340_L323;20260608_090340;08.06.2026;08:53:00;323;14;8837;10;U4405Z1;Koleč,zámek;50.19186;14.2512
20260608_090340_L330;20260608_090340;08.06.2026;08:52:00;330;17;1254;10;U80Z4;Praha,Nádraží Veleslavín;50.09275;14.31891
20260608_090340_L154;20260608_090340;08.06.2026;08:53:00;154;5;3019;10;U91Z2P;Strašnická;50.01114;14.4728
20260608_090340_L756;20260608_090340;08.06.2026;08:44:00;756;3;7833;17;U3303Z1;Křečovice,Nová Živohošť;49.75435;14.51628
20260608_090340_L369;20260608_090340;08.06.2026;08:52:00;369;36;8282;11;U167Z2;Praha,Ládví;50.13748;14.47863
20260608_090340_L398;20260608_090340;08.06.2026;08:51:00;398;23;8267;11;U2921Z2;Praha,Černý Most;50.12679;14.70142
20260608_090340_L406;20260608_090340;08.06.2026;08:06:00;406;2;7944;30;U2139Z1;Praha,Roztyly;50.01139;14.53726
20260608_090340_L381;20260608_090340;08.06.2026;08:12:00;381;4;9363;45;U1885Z2;Praha,Háje;50.02993;14.60515
20260608_090340_L381;20260608_090340;08.06.2026;08:53:00;381;7;9375;10;U6659Z1;Čáslav,obchodní centrum;49.96698;15.31242
20260608_090340_L385;20260608_090340;08.06.2026;08:35:00;385;18;1620;25;U1371Z3;Praha,Opatov;50.01108;14.5382
20260608_090340_L146;20260608_090340;08.06.2026;08:45:00;146;5;9189;18;U128Z2P;Želivského;50.08786;14.49083
20260608_090340_L166;20260608_090340;08.06.2026;08:52:00;166;5;1945;10;U771Z1P;Sídliště Čakovice;50.13882;14.50855
20260608_090340_L171;20260608_090340;08.06.2026;08:33:00;171;10;1484;29;U1022Z1P;Depo Hostivař;50.08744;14.53679
20260608_090340_L171;20260608_090340;08.06.2026;08:50:00;171;13;1482;13;U1070Z1P;Ve Žlíbku;50.10285;14.56363
20260608_090340_L203;20260608_090340;08.06.2026;08:49:00;203;9;1954;14;U4133Z1P;Háje;50.02695;14.53061
20260608_090340_L300;20260608_090340;08.06.2026;08:51:00;300;11;8997;10;U85Z1;Praha,Nádraží Veleslavín;50.09571;14.34694
20260608_090340_L191;20260608_090340;08.06.2026;08:53:00;191;11;3995;10;U554Z6P;Klamovka;50.08978;14.30156
20260608_090340_L136;20260608_090340;08.06.2026;08:24:00;136;10;6756;38;U134Z4P;Jižní Město;50.10135;14.50272
20260608_090340_L201;20260608_090340;08.06.2026;08:52:00;201;17;4128;11;U196Z2P;Nádraží Holešovice;50.1088;14.44383
20260608_090340_L151;20260608_090340;08.06.2026;08:50:00;151;2;2336;13;U474Z7P;Českomoravská;50.11001;14.50179
20260608_090340_L478;20260608_090340;08.06.2026;08:50:00;478;16;8072;13;U1947Z1;Brandýs n.L.-St.Bol.,Žel.st.;50.18868;14.65671
20260608_090340_L334;20260608_090340;08.06.2026;08:37:00;334;41;7819;18;U1330Z2;Praha,Smíchovské nádraží;49.97969;14.46259
20260608_090340_L126;20260608_090340;08.06.2026;08:26:00;126;53;3831;35;U3053Z2P;Nádraží Uhříněves;50.03119;14.5981
20260608_090340_L506;20260608_090340;08.06.2026;07:43:00;506;13;9530;78;U9708Z2;Příbram,Svatá Hora areál;49.68687;14.02223
20260608_090340_L195;20260608_090340;08.06.2026;08:52:00;195;18;6883;12;U325Z1P;Sídliště Letňany;50.13492;14.51401
20260608_090340_L339;20260608_090340;08.06.2026;08:51:00;339;22;9365;11;U1522Z2;Praha,Budějovická;49.99295;14.48897
20260608_090340_L121;20260608_090340;08.06.2026;08:49:00;121;6;4034;14;U441Z2P;Poliklinika Budějovická;50.03507;14.45303
20260608_090340_L113;20260608_090340;08.06.2026;08:52:00;113;6;3674;11;U804Z2P;Kačerov;50.01062;14.46003
20260608_090340_L106;20260608_090340;08.06.2026;08:53:00;106;8;3862;10;U2784Z1P;Pražského povstání;50.05452;14.43666
20260608_090340_L250;20260608_090340;08.06.2026;08:27:00;250;7;6965;32;U1235Z1P;Sídliště Rohožník;50.08634;14.59446
20260608_090741_L101;20260608_090741;08.06.2026;08:56:00;101;2;2327;11;U887Z1P;Skalka;50.05308;14.50312
20260608_090741_L110;20260608_090741;08.06.2026;08:53:00;110;7;8094;11;U499Z5P;Dolní Počernice;50.10508;14.53127
20260608_090741_L113;20260608_090741;08.06.2026;08:56:00;113;6;3674;11;U656Z2P;Kačerov;50.02307;14.45154
20260608_090741_L117;20260608_090741;08.06.2026;08:54:00;117;1;1936;13;U280Z1P;Nové Komořany;49.9907;14.41004
20260608_090741_L117;20260608_090741;08.06.2026;08:54:00;117;7;1952;13;U488Z2P;Nové Komořany;50.02998;14.4549
20260608_090741_L121;20260608_090741;08.06.2026;08:49:00;121;6;4034;17;U441Z2P;Poliklinika Budějovická;50.03509;14.4532
20260608_090741_L124;20260608_090741;08.06.2026;08:54:00;124;5;5070;12;U29Z3P;Želivského;50.07362;14.46939
20260608_090741_L125;20260608_090741;08.06.2026;08:57:00;125;6;6946;10;U633Z1P;Skalka;50.04819;14.5445
20260608_090741_L125;20260608_090741;08.06.2026;08:57:00;125;21;6722;10;U337Z4P;Smíchovské nádraží;50.05112;14.4097
20260608_090741_L125;20260608_090741;08.06.2026;08:53:00;125;22;5061;13;U1076Z2P;Skalka;50.0703;14.50941
20260608_090741_L133;20260608_090741;08.06.2026;08:57:00;133;1;3007;10;U689Z6P;Sídliště Malešice;50.09027;14.44094
20260608_090741_L135;20260608_090741;08.06.2026;08:56:00;135;54;6866;11;U821Z2P;Florenc;50.08402;14.4403
20260608_090741_L136;20260608_090741;08.06.2026;08:54:00;136;12;5540;11;U1074Z4P;Jižní Město;50.09137;14.46852
20260608_090741_L136;20260608_090741;08.06.2026;08:57:00;136;19;5019;10;U606Z1P;Sídliště Čakovice;50.12262;14.50716
20260608_090741_L136;20260608_090741;08.06.2026;08:57:00;136;28;6702;10;U516Z3P;Jižní Město;50.08215;14.45946
20260608_090741_L138;20260608_090741;08.06.2026;08:51:00;138;5;2313;15;U704Z1P;Sídliště Skalka;50.04268;14.47402
20260608_090741_L138;20260608_090741;08.06.2026;08:55:00;138;4;2330;12;U890Z3P;Skalka;50.05707;14.50701
20260608_090741_L138;20260608_090741;08.06.2026;08:55:00;138;8;2316;12;U669Z2P;Ústavy Akademie věd;50.04764;14.48912
20260608_090741_L138;20260608_090741;08.06.2026;08:53:00;138;9;2303;14;U257Z1P;Ústavy Akademie věd;50.02755;14.45757
20260608_090741_L139;20260608_090741;08.06.2026;08:57:00;139;9;6949;10;U29Z3P;Želivského;50.07175;14.46906
20260608_090741_L146;20260608_090741;08.06.2026;08:45:00;146;6;9124;21;U921Z6P;Habrová;50.07928;14.47563
20260608_090741_L149;20260608_090741;08.06.2026;08:55:00;149;5;3937;12;U182Z2P;Dejvická;50.08781;14.38184
20260608_090741_L151;20260608_090741;08.06.2026;08:58:00;151;5;4098;10;U1170Z1P;Novoborská;50.12684;14.50138
20260608_090741_L154;20260608_090741;08.06.2026;08:57:00;154;14;3842;10;U151Z1P;Strašnická;50.03207;14.53452
20260608_090741_L155;20260608_090741;08.06.2026;08:53:00;155;1;9466;14;U921Z6P;Poliklinika Malešice;50.07836;14.47568
20260608_090741_L163;20260608_090741;08.06.2026;08:50:00;163;56;9151;15;U432Z2P;Depo Hostivař;50.08091;14.61807
20260608_090741_L164;20260608_090741;08.06.2026;08:53:00;164;3;1969;13;U229Z2P;Malovanka;50.08647;14.37141
20260608_090741_L164;20260608_090741;08.06.2026;08:54:00;164;4;1958;12;U3045Z3P;Sídliště Řepy;50.0902;14.35255
20260608_090741_L170;20260608_090741;08.06.2026;08:54:00;170;11;3826;13;U614Z4P;Pražská čtvrť;50.03942;14.41079
20260608_090741_L171;20260608_090741;08.06.2026;08:54:00;171;11;1488;12;U1197Z1P;Depo Hostivař;50.09871;14.55111
20260608_090741_L171;20260608_090741;08.06.2026;08:54:00;171;13;1482;13;U1129Z1P;Ve Žlíbku;50.10614;14.57494
20260608_090741_L175;20260608_090741;08.06.2026;08:57:00;175;52;3843;11;U338Z2P;Háje;50.03357;14.56068
20260608_090741_L175;20260608_090741;08.06.2026;08:55:00;175;2;4107;12;U745Z2P;Florenc;50.08736;14.4524
20260608_090741_L177;20260608_090741;08.06.2026;08:55:00;177;11;5062;12;U134Z5P;Poliklinika Mazurská;50.10175;14.50328
20260608_090741_L180;20260608_090741;08.06.2026;08:29:00;180;8;6937;35;U872Z1P;Dejvická;50.08447;14.36191
20260608_090741_L183;20260608_090741;08.06.2026;08:54:00;183;6;6785;13;U538Z2P;Háje;50.08317;14.538
20260608_090741_L188;20260608_090741;08.06.2026;08:57:00;188;7;5044;10;U663Z1P;Kavčí hory;50.04884;14.43449
20260608_090741_L195;20260608_090741;08.06.2026;08:57:00;195;2;6878;10;U405Z1P;Sídliště Letňany;50.12869;14.51151
20260608_090741_L195;20260608_090741;08.06.2026;08:54:00;195;18;6883;13;U899Z3P;Sídliště Letňany;50.14181;14.51556
20260608_090741_L207;20260608_090741;08.06.2026;08:56:00;207;18;3963;11;U620Z1P;Ohrada;50.09286;14.4209
20260608_090741_L209;20260608_090741;08.06.2026;08:55:00;209;45;9461;12;U408Z2P;Letňany;50.11713;14.62587
20260608_090741_L221;20260608_090741;08.06.2026;08:55:00;221;4;1751;12;U897Z11P;Černý Most;50.10967;14.57473
20260608_090741_L226;20260608_090741;08.06.2026;08:57:00;226;2;1590;10;U26Z1P;Lipany;50.03663;14.57837
20260608_090741_L240;20260608_090741;08.06.2026;08:52:00;240;16;1748;14;U1069Z3P;Černý Most;50.0525;14.56627
20260608_090741_L250;20260608_090741;08.06.2026;08:56:00;250;3;6793;11;U432Z2P;Černý Most;50.0802;14.62859
20260608_090741_L250;20260608_090741;08.06.2026;08:27:00;250;7;6965;36;U1235Z1P;Sídliště Rohožník;50.08359;14.59377
20260608_090741_L821;20260608_090741;08.06.2026;07:40:00;821;69;1584;85;U5896Z2;Kolín,nádraží;50.02424;15.21343
20260608_090741_L300;20260608_090741;08.06.2026;08:51:00;300;93;8875;15;U80Z3;Kladno,u kostela;50.10269;14.29488
20260608_090741_L316;20260608_090741;08.06.2026;08:53:00;316;7;8977;13;U199Z3;Praha,Bořislavka;50.1031;14.35746
20260608_090741_L323;20260608_090741;08.06.2026;08:57:00;323;14;8837;10;U4407Z1;Koleč,zámek;50.19871;14.23895
20260608_090741_L325;20260608_090741;08.06.2026;08:56:00;325;16;1636;10;U136Z2;Praha,Nádraží Uhříněves;50.02815;14.59333
20260608_090741_L330;20260608_090741;08.06.2026;08:54:00;330;17;1254;13;U85Z1;Praha,Nádraží Veleslavín;50.09266;14.3279
20260608_090741_L334;20260608_090741;08.06.2026;08:37:00;334;41;7819;21;U1330Z2;Praha,Smíchovské nádraží;49.98224;14.43211
20260608_090741_L337;20260608_090741;08.06.2026;08:54:00;337;14;9364;12;U2139Z2;Benešov,Terminál;49.78601;14.68352
20260608_090741_L339;20260608_090741;08.06.2026;08:51:00;339;16;9936;13;U488Z7;Praha,Budějovická;50.04281;14.45626
20260608_090741_L339;20260608_090741;08.06.2026;08:56:00;339;22;9365;11;U423Z2;Praha,Budějovická;50.01033;14.47759
20260608_090741_L356;20260608_090741;08.06.2026;08:56:00;356;34;8790;11;U698Z3;Praha,Bořislavka;50.09973;14.28744
20260608_090741_L370;20260608_090741;08.06.2026;08:56:00;370;11;1248;10;U864Z9;Praha,Kobylisy;50.12817;14.45207
20260608_090741_L372;20260608_090741;08.06.2026;08:54:00;372;36;8051;13;U2346Z1;Kralupy n.Vlt.,žel.st.;50.27175;14.32395
20260608_090741_L382;20260608_090741;08.06.2026;08:26:00;382;38;9139;40;U2137Z2;Praha,Háje;50.03154;14.60871
20260608_090741_L385;20260608_090741;08.06.2026;08:35:00;385;18;1620;28;U1371Z3;Praha,Opatov;50.01573;14.52612
20260608_090741_L387;20260608_090741;08.06.2026;08:54:00;387;1;9373;13;U1886Z1;Uhlířské Janovice,nám.;49.99386;14.68535
20260608_090741_L393;20260608_090741;08.06.2026;08:56:00;393;12;9560;11;U337Z4;Praha,Smíchovské nádraží;50.05571;14.40913
20260608_090741_L395;20260608_090741;08.06.2026;08:56:00;395;35;9911;10;U337Z4;Praha,Smíchovské nádraží;50.05589;14.40917
20260608_090741_L398;20260608_090741;08.06.2026;08:55:00;398;23;8267;11;U2451Z2;Praha,Černý Most;50.12238;14.67143
20260608_090741_L400;20260608_090741;08.06.2026;08:53:00;400;51;1089;11;U31353Z2;Praha,Střížkov;50.63035;14.53626
20260608_090741_L402;20260608_090741;08.06.2026;08:55:00;402;3;7672;11;U1372Z2;Praha,Roztyly;50.00777;14.55404
20260608_090741_L406;20260608_090741;08.06.2026;08:06:00;406;2;7944;33;U2139Z1;Praha,Roztyly;50.01765;14.52129
20260608_090741_L406;20260608_090741;08.06.2026;08:21:00;406;34;7858;19;U2139Z1;Praha,Roztyly;50.01138;14.53734
20260608_090741_L406;20260608_090741;08.06.2026;08:54:00;406;9;7942;12;U31789Z1;Pelhřimov,aut.nádr.;49.44986;15.19268
20260608_090741_L435;20260608_090741;08.06.2026;08:55:00;435;7;8664;12;U2397Z2;Klučov,Skramníky;50.07458;14.8529
20260608_090741_L444;20260608_090741;08.06.2026;08:57:00;444;5;9181;10;U1565Z1;Davle,obec;49.9003;14.58156
20260608_090741_L506;20260608_090741;08.06.2026;07:43:00;506;13;9530;82;U9708Z2;Příbram,Svatá Hora areál;49.68687;14.02223
20260608_090741_L585;20260608_090741;08.06.2026;07:32:00;585;18;7034;93;U4201Z1;Poděbrady,žel.st.;50.14866;15.12386
20260608_090741_L770;20260608_090741;08.06.2026;08:54:00;770;41;7810;13;U7807Z2;Benešov,Terminál;49.80993;14.74834
20260608_091141_L146;20260608_091141;08.06.2026;09:00:00;146;4;9121;11;U921Z6P;Vinice Hrdlořezy;50.07841;14.47548
20260608_091141_L135;20260608_091141;08.06.2026;08:56:00;135;54;6866;14;U821Z2P;Florenc;50.08626;14.43831
20260608_091141_L175;20260608_091141;08.06.2026;08:58:00;175;2;4107;13;U3018Z2P;Florenc;50.08914;14.44337
20260608_091141_L110;20260608_091141;08.06.2026;09:00:00;110;7;8094;10;U652Z3P;Dolní Počernice;50.10454;14.547
20260608_091141_L110;20260608_091141;08.06.2026;09:00:00;110;5;8102;11;U97Z3P;Obchodní centrum Čakovice;50.08502;14.57745
20260608_091141_L171;20260608_091141;08.06.2026;08:58:00;171;13;1482;13;U897Z5P;Ve Žlíbku;50.10879;14.57758
20260608_091141_L209;20260608_091141;08.06.2026;08:59:00;209;45;9461;12;U1348Z1P;Letňany;50.11948;14.60991
20260608_091141_L300;20260608_091141;08.06.2026;08:51:00;300;93;8875;18;U80Z3;Kladno,u kostela;50.11338;14.28738
20260608_091141_L316;20260608_091141;08.06.2026;09:00:00;316;6;8968;11;U2152Z2;Praha,Bořislavka;50.15589;14.31637
20260608_091141_L316;20260608_091141;08.06.2026;08:53:00;316;7;8977;16;U199Z3;Praha,Bořislavka;50.10067;14.36264
20260608_091141_L444;20260608_091141;08.06.2026;09:00:00;444;5;9181;11;U1567Z1;Davle,obec;49.89237;14.56076
20260608_091141_L585;20260608_091141;08.06.2026;07:32:00;585;18;7034;97;U4201Z1;Poděbrady,žel.st.;50.14866;15.12386
20260608_091141_L360;20260608_091141;08.06.2026;09:01:00;360;6;7201;10;U421Z1;Sedlčany,aut.st.;49.96638;14.39436
20260608_091141_L180;20260608_091141;08.06.2026;08:29:00;180;8;6937;39;U872Z1P;Dejvická;50.08447;14.36191
20260608_091141_L382;20260608_091141;08.06.2026;08:26:00;382;38;9139;43;U2137Z2;Praha,Háje;50.02952;14.60329
20260608_091141_L383;20260608_091141;08.06.2026;08:58:00;383;32;9128;10;U1885Z2;Praha,Háje;50.02561;14.62003
20260608_091141_L385;20260608_091141;08.06.2026;08:35:00;385;18;1620;30;U1371Z3;Praha,Opatov;50.02669;14.50839
20260608_091141_L387;20260608_091141;08.06.2026;08:57:00;387;1;9373;12;U2006Z1;Uhlířské Janovice,nám.;49.98981;14.7322
20260608_091141_L402;20260608_091141;08.06.2026;08:55:00;402;3;7672;14;U1372Z2;Praha,Roztyly;50.00901;14.54675
20260608_091141_L406;20260608_091141;08.06.2026;08:21:00;406;34;7858;21;U2139Z1;Praha,Roztyly;50.02333;14.50684
20260608_091141_L195;20260608_091141;08.06.2026;09:00:00;195;2;6878;10;U326Z1P;Sídliště Letňany;50.13821;14.51709
20260608_091141_L177;20260608_091141;08.06.2026;08:58:00;177;11;5062;13;U474Z4P;Poliklinika Mazurská;50.11268;14.50242
20260608_091141_L400;20260608_091141;08.06.2026;08:57:00;400;51;1089;11;U31352Z2;Praha,Střížkov;50.61181;14.57617
20260608_091141_L101;20260608_091141;08.06.2026;08:58:00;101;2;2327;13;U890Z3P;Skalka;50.05712;14.50697
20260608_091141_L146;20260608_091141;08.06.2026;08:45:00;146;6;9124;26;U921Z6P;Habrová;50.07925;14.4763
20260608_091141_L363;20260608_091141;08.06.2026;09:01:00;363;23;1602;10;U916Z4;Praha,Opatov;50.02422;14.51488
20260608_091141_L300;20260608_091141;08.06.2026;08:59:00;300;3;8973;12;U4308Z3;Kladno,u kostela;50.13314;14.11493
20260608_091141_L146;20260608_091141;08.06.2026;08:58:00;146;6;9124;12;U575Z2P;Želivského;50.07925;14.4763
20260608_091141_L164;20260608_091141;08.06.2026;08:58:00;164;4;1958;13;U541Z6P;Sídliště Řepy;50.08491;14.33806
20260608_091141_L149;20260608_091141;08.06.2026;08:57:00;149;5;3937;13;U867Z1P;Dejvická;50.09486;14.39618
20260608_091141_L398;20260608_091141;08.06.2026;08:58:00;398;23;8267;10;U1743Z2;Praha,Černý Most;50.11821;14.63463
20260608_091141_L170;20260608_091141;08.06.2026;09:01:00;170;7;3850;10;U619Z2P;Pražská čtvrť;50.03599;14.41175
20260608_091141_L207;20260608_091141;08.06.2026;08:56:00;207;18;3963;15;U620Z1P;Ohrada;50.09286;14.4209
20260608_091141_L175;20260608_091141;08.06.2026;09:00:00;175;9;4040;11;U2751Z2P;Florenc;50.07357;14.4708
20260608_091141_L125;20260608_091141;08.06.2026;09:01:00;125;6;6946;10;U677Z2P;Skalka;50.05683;14.53673
20260608_091141_L821;20260608_091141;08.06.2026;07:40:00;821;69;1584;88;U5896Z2;Kolín,nádraží;50.02424;15.21343
20260608_091141_L155;20260608_091141;08.06.2026;08:53:00;155;1;9466;18;U921Z6P;Poliklinika Malešice;50.07868;14.47634
20260608_091141_L113;20260608_091141;08.06.2026;09:00:00;113;6;3674;11;U488Z3P;Kačerov;50.03116;14.45504
20260608_091141_L175;20260608_091141;08.06.2026;09:00:00;175;52;3843;11;U151Z2P;Háje;50.03225;14.53442
20260608_091141_L138;20260608_091141;08.06.2026;08:57:00;138;8;2316;14;U697Z7P;Ústavy Akademie věd;50.05049;14.48339
20260608_091141_L138;20260608_091141;08.06.2026;08:59:00;138;4;2330;12;U673Z4P;Skalka;50.06551;14.50594
20260608_091141_L180;20260608_091141;08.06.2026;09:01:00;180;6;5005;10;U113Z3P;Obchodní centrum Zličín;50.06387;14.31577
20260608_091141_L317;20260608_091141;08.06.2026;09:00:00;317;12;7960;10;U337Z4;Praha,Smíchovské nádraží;50.05914;14.40971
20260608_091141_L435;20260608_091141;08.06.2026;08:59:00;435;7;8664;12;U2398Z1;Klučov,Skramníky;50.07196;14.85856
20260608_091141_L191;20260608_091141;08.06.2026;09:01:00;191;2;4196;10;U626Z1P;Letiště / Airport ✈;50.08006;14.36791
20260608_091141_L406;20260608_091141;08.06.2026;08:06:00;406;2;7944;35;U2139Z1;Praha,Roztyly;50.02809;14.49628
20260608_091141_L372;20260608_091141;08.06.2026;08:58:00;372;36;8051;12;U2231Z1;Kralupy n.Vlt.,žel.st.;50.25119;14.32064
20260608_091141_L180;20260608_091141;08.06.2026;09:00:00;180;1;5049;10;U44Z2P;Dejvická;50.08564;14.366
20260608_091141_L139;20260608_091141;08.06.2026;08:57:00;139;9;6949;12;U29Z3P;Želivského;50.07423;14.46799
20260608_091141_L325;20260608_091141;08.06.2026;08:56:00;325;16;1636;14;U136Z2;Praha,Nádraží Uhříněves;50.02906;14.59384
20260608_091141_L151;20260608_091141;08.06.2026;09:02:00;151;5;4098;10;U2704Z2P;Českomoravská;50.12886;14.49593
20260608_091141_L170;20260608_091141;08.06.2026;08:54:00;170;11;3826;16;U614Z4P;Pražská čtvrť;50.03763;14.40844
20260608_091141_L113;20260608_091141;08.06.2026;09:01:00;113;1;3915;10;U783Z1P;Písnice;50.00414;14.46462
20260608_091141_L395;20260608_091141;08.06.2026;09:00:00;395;36;9863;11;U1851Z4;Praha,Smíchovské nádraží;49.78234;14.17125
20260608_091141_L164;20260608_091141;08.06.2026;08:53:00;164;3;1969;18;U229Z2P;Malovanka;50.08646;14.37149
20260608_091141_L770;20260608_091141;08.06.2026;08:58:00;770;41;7810;13;U7005Z2;Benešov,Terminál;49.80791;14.71664
20260608_091141_L821;20260608_091141;08.06.2026;09:00:00;821;73;1610;10;U1984Z4;Kolín,nádraží;49.96622;14.96422
20260608_091141_L136;20260608_091141;08.06.2026;09:01:00;136;12;5540;10;U743Z2P;Jižní Město;50.0865;14.45533
20260608_091141_L168;20260608_091141;08.06.2026;08:57:00;168;1;2088;14;U786Z2P;Nové Butovice;50.05597;14.3288
20260608_091141_L250;20260608_091141;08.06.2026;08:56:00;250;3;6793;14;U432Z2P;Černý Most;50.0803;14.62228
20260608_091141_L406;20260608_091141;08.06.2026;08:58:00;406;9;7942;12;U31787Z1;Pelhřimov,aut.nádr.;49.43359;15.22186
20260608_091141_L177;20260608_091141;08.06.2026;09:02:00;177;56;6924;10;U409Z1P;Chodov;50.04719;14.51595
20260608_091141_L339;20260608_091141;08.06.2026;09:00:00;339;22;9365;11;U908Z2;Praha,Budějovická;50.02516;14.45962
20260608_091141_L121;20260608_091141;08.06.2026;08:49:00;121;6;4034;20;U441Z2P;Poliklinika Budějovická;50.03552;14.45622
20260608_091542_L124;20260608_091542;08.06.2026;09:02:00;124;13;6698;14;U67Z7P;Smíchovské nádraží;50.06812;14.45963
20260608_091542_L125;20260608_091542;08.06.2026;09:06:00;125;8;5505;10;U151Z1P;Skalka;50.03204;14.53455
20260608_091542_L360;20260608_091542;08.06.2026;09:05:00;360;6;7201;10;U716Z1;Sedlčany,aut.st.;49.94239;14.39137
20260608_091542_L209;20260608_091542;08.06.2026;09:01:00;209;45;9461;13;U1291Z1P;Letňany;50.12456;14.60329
20260608_091542_L240;20260608_091542;08.06.2026;09:02:00;240;12;1759;13;U448Z1P;Háje;50.08097;14.6
20260608_091542_L316;20260608_091542;08.06.2026;09:03:00;316;6;8968;12;U1201Z2;Praha,Bořislavka;50.1451;14.3337
20260608_091542_L180;20260608_091542;08.06.2026;08:29:00;180;8;6937;40;U872Z1P;Dejvická;50.08447;14.36191
20260608_091542_L110;20260608_091542;08.06.2026;09:01:00;110;5;8102;14;U801Z2P;Obchodní centrum Čakovice;50.08752;14.56594
20260608_091542_L163;20260608_091542;08.06.2026;09:04:00;163;60;9411;10;U432Z2P;Depo Hostivař;50.08055;14.62027
20260608_091542_L164;20260608_091542;08.06.2026;08:53:00;164;3;1969;21;U229Z2P;Malovanka;50.08709;14.37653
20260608_091542_L164;20260608_091542;08.06.2026;09:04:00;164;4;1958;10;U364Z3P;Sídliště Řepy;50.07544;14.32663
20260608_091542_L171;20260608_091542;08.06.2026;09:02:00;171;13;1482;13;U188Z1P;Ve Žlíbku;50.11297;14.59872
20260608_091542_L381;20260608_091542;08.06.2026;09:02:00;381;11;9371;11;U151Z1;Kutná Hora,hlavní nádraží;50.03318;14.55954
20260608_091542_L136;20260608_091542;08.06.2026;09:01:00;136;13;5136;12;U1074Z4P;Jižní Město;50.09193;14.46915
20260608_091542_L402;20260608_091542;08.06.2026;08:55:00;402;3;7672;17;U1372Z2;Praha,Roztyly;50.0119;14.53592
20260608_091542_L406;20260608_091542;08.06.2026;08:21:00;406;34;7858;23;U2139Z1;Praha,Roztyly;50.0411;14.4866
20260608_091542_L385;20260608_091542;08.06.2026;09:04:00;385;18;1620;11;U106Z1;Mukařov;50.02737;14.50768
20260608_091542_L387;20260608_091542;08.06.2026;09:02:00;387;1;9373;13;U1909Z1;Uhlířské Janovice,nám.;49.98871;14.76147
20260608_091542_L395;20260608_091542;08.06.2026;09:03:00;395;36;9863;11;U2860Z2;Praha,Smíchovské nádraží;49.79291;14.18588
20260608_091542_L398;20260608_091542;08.06.2026;09:01:00;398;23;8267;14;U155Z2;Praha,Černý Most;50.11764;14.62617
20260608_091542_L821;20260608_091542;08.06.2026;09:00:00;821;73;1610;15;U1984Z4;Kolín,nádraží;49.96655;14.96525
20260608_091542_L637;20260608_091542;08.06.2026;09:05:00;637;54;9582;10;U4965Z1;Kublov,Slovanka;49.95233;14.0475
20260608_091542_L617;20260608_091542;08.06.2026;09:03:00;617;17;7326;10;U4364Z2;Roudnice n.L.,žel.st.;50.32314;14.29312
20260608_091542_L435;20260608_091542;08.06.2026;09:02:00;435;7;8664;12;U2269Z4;Klučov,Skramníky;50.07695;14.87118
20260608_091542_L131;20260608_091542;08.06.2026;09:03:00;131;2;3948;12;U3215Z1P;Hradčanská;50.1156;14.38456
20260608_091542_L110;20260608_091542;08.06.2026;09:01:00;110;6;8106;15;U135Z5P;Obchodní centrum Čakovice;50.10625;14.53668
20260608_091542_L444;20260608_091542;08.06.2026;09:05:00;444;5;9181;10;U4167Z1;Davle,obec;49.89962;14.5292
20260608_091542_L125;20260608_091542;08.06.2026;09:01:00;125;6;6946;12;U677Z2P;Skalka;50.06144;14.53724
20260608_091542_L101;20260608_091542;08.06.2026;09:02:00;101;2;2327;12;U673Z4P;Skalka;50.06546;14.50599
20260608_091542_L177;20260608_091542;08.06.2026;09:04:00;177;11;5062;11;U665Z2P;Poliklinika Mazurská;50.12311;14.49319
20260608_091542_L138;20260608_091542;08.06.2026;09:04:00;138;8;2316;11;U832Z2P;Ústavy Akademie věd;50.04598;14.46764
20260608_091542_L383;20260608_091542;08.06.2026;08:58:00;383;32;9128;12;U1885Z2;Praha,Háje;50.02657;14.6183
20260608_091542_L170;20260608_091542;08.06.2026;09:02:00;170;7;3850;12;U614Z4P;Pražská čtvrť;50.03985;14.41009
20260608_091542_L585;20260608_091542;08.06.2026;07:32:00;585;18;7034;101;U4201Z1;Poděbrady,žel.st.;50.14866;15.12386
20260608_091542_L126;20260608_091542;08.06.2026;09:04:00;126;11;3852;11;U220Z2P;Nádraží Uhříněves;50.0257;14.59224
20260608_091542_L207;20260608_091542;08.06.2026;08:56:00;207;18;3963;19;U620Z1P;Ohrada;50.09286;14.4209
20260608_091542_L413;20260608_091542;08.06.2026;09:03:00;413;64;8212;10;U4364Z2;Litoměřice,aut.nádr.;50.32618;14.2908
20260608_091542_L146;20260608_091542;08.06.2026;09:01:00;146;4;9121;14;U575Z1P;Vinice Hrdlořezy;50.08155;14.48735
20260608_091542_L300;20260608_091542;08.06.2026;09:02:00;300;3;8973;12;U4310Z1;Kladno,u kostela;50.14048;14.09948
20260608_091542_L332;20260608_091542;08.06.2026;09:03:00;332;21;9954;11;U2127Z1;Jílové u Prahy,Náměstí;49.92703;14.50752
20260608_091542_L406;20260608_091542;08.06.2026;08:06:00;406;2;7944;38;U2139Z1;Praha,Roztyly;50.04111;14.48651
20260608_091542_L229;20260608_091542;08.06.2026;09:04:00;229;6;4515;12;U1099Z2P;Depo Hostivař;50.05675;14.56203
20260608_091542_L191;20260608_091542;08.06.2026;09:05:00;191;2;4196;10;U872Z2P;Letiště / Airport ✈;50.07986;14.3475
20260608_091542_L400;20260608_091542;08.06.2026;09:02:00;400;51;1089;12;U31350Z2;Praha,Střížkov;50.59618;14.55851
20260608_091542_L180;20260608_091542;08.06.2026;09:00:00;180;1;5049;14;U44Z2P;Dejvická;50.08572;14.36642
20260608_091542_L821;20260608_091542;08.06.2026;07:40:00;821;69;1584;92;U5896Z2;Kolín,nádraží;50.02424;15.21343
20260608_091542_L151;20260608_091542;08.06.2026;09:04:00;151;5;4098;11;U332Z4P;Českomoravská;50.12724;14.48956
20260608_091542_L117;20260608_091542;08.06.2026;09:02:00;117;7;1952;13;U60Z2P;Nové Komořany;50.01656;14.44325
20260608_091542_L182;20260608_091542;08.06.2026;09:03:00;182;9;3888;12;U641Z3P;Radiová;50.04599;14.52313
20260608_091542_L770;20260608_091542;08.06.2026;09:02:00;770;41;7810;12;U7004Z2;Benešov,Terminál;49.78813;14.69881
20260608_091542_L335;20260608_091542;08.06.2026;09:05:00;335;1;9162;10;U1330Z2;Praha,Budějovická;49.96816;14.51325
20260608_091542_L110;20260608_091542;08.06.2026;09:04:00;110;7;8094;11;U137Z1P;Dolní Počernice;50.10336;14.55673
20260608_091542_L170;20260608_091542;08.06.2026;09:02:00;170;11;3826;14;U1050Z1P;Pražská čtvrť;50.03506;14.3784
20260608_091542_L136;20260608_091542;08.06.2026;09:05:00;136;12;5540;10;U118Z4P;Jižní Město;50.07813;14.46084
20260608_091542_L168;20260608_091542;08.06.2026;09:01:00;168;1;2088;14;U1369Z1P;Nové Butovice;50.05115;14.33721
20260608_091542_L167;20260608_091542;08.06.2026;09:03:00;167;2;5124;11;U254Z6P;Na Knížecí;50.07102;14.38875
20260608_091542_L138;20260608_091542;08.06.2026;09:05:00;138;1;2305;11;U674Z2P;Ústavy Akademie věd;50.06572;14.51503
20260608_091542_L250;20260608_091542;08.06.2026;09:02:00;250;5;6964;10;U1235Z1P;Sídliště Rohožník;50.09164;14.59449
20260608_091542_L339;20260608_091542;08.06.2026;09:02:00;339;22;9365;12;U488Z7;Praha,Budějovická;50.0376;14.45736
20260608_091542_L121;20260608_091542;08.06.2026;08:49:00;121;6;4034;22;U441Z2P;Poliklinika Budějovická;50.03865;14.45571
20260608_091542_L195;20260608_091542;08.06.2026;09:06:00;195;3;5536;10;U827Z2P;Sídliště Letňany;50.07805;14.50768
20260608_091942_L182;20260608_091942;08.06.2026;09:03:00;182;9;3888;15;U641Z3P;Radiová;50.04566;14.52424
20260608_091942_L136;20260608_091942;08.06.2026;09:06:00;136;11;5545;13;U183Z3P;Jižní Město;50.05605;14.47155
20260608_091942_L125;20260608_091942;08.06.2026;09:06:00;125;8;5505;11;U151Z1P;Skalka;50.03123;14.55147
20260608_091942_L125;20260608_091942;08.06.2026;09:09:00;125;7;5103;10;U154Z4P;Skalka;50.04771;14.55548
20260608_091942_L164;20260608_091942;08.06.2026;09:06:00;164;5;1951;11;U2608Z2P;Malovanka;50.08708;14.37055
20260608_091942_L151;20260608_091942;08.06.2026;09:07:00;151;5;4098;12;U990Z2P;Českomoravská;50.12005;14.48423
20260608_091942_L250;20260608_091942;08.06.2026;09:08:00;250;5;6964;11;U448Z1P;Sídliště Rohožník;50.08095;14.60053
20260608_091942_L126;20260608_091942;08.06.2026;09:04:00;126;11;3852;14;U220Z2P;Nádraží Uhříněves;50.02638;14.5932
20260608_091942_L131;20260608_091942;08.06.2026;09:03:00;131;2;3948;15;U3215Z1P;Hradčanská;50.1156;14.38456
20260608_091942_L209;20260608_091942;08.06.2026;09:07:00;209;45;9461;12;U762Z2P;Letňany;50.12622;14.56551
20260608_091942_L316;20260608_091942;08.06.2026;09:06:00;316;6;8968;12;U1137Z2;Praha,Bořislavka;50.13141;14.33961
20260608_091942_L240;20260608_091942;08.06.2026;09:05:00;240;12;1759;14;U4117Z1P;Háje;50.06524;14.59609
20260608_091942_L324;20260608_091942;08.06.2026;09:05:00;324;27;8996;14;U698Z2;Praha,Zličín;50.09881;14.2889
20260608_091942_L226;20260608_091942;08.06.2026;09:09:00;226;3;1581;10;U542Z2P;Háje;50.03472;14.59425
20260608_091942_L304;20260608_091942;08.06.2026;09:05:00;304;5;8354;10;U9291Z5;Rakovník,aut.st.;50.14102;13.92149
20260608_091942_L435;20260608_091942;08.06.2026;09:06:00;435;7;8664;11;U2406Z1;Klučov,Skramníky;50.07639;14.89589
20260608_091942_L641;20260608_091942;08.06.2026;09:09:00;641;14;9573;10;U9855Z55;Zdice,nám.;49.86996;13.94808
20260608_091942_L770;20260608_091942;08.06.2026;09:07:00;770;41;7810;12;U4483Z3;Benešov,Terminál;49.78744;14.68316
20260608_091942_L385;20260608_091942;08.06.2026;09:04:00;385;18;1620;15;U106Z1;Mukařov;50.02289;14.50868
20260608_091942_L395;20260608_091942;08.06.2026;09:06:00;395;36;9863;13;U1977Z2;Praha,Smíchovské nádraží;49.80093;14.20045
20260608_091942_L400;20260608_091942;08.06.2026;09:06:00;400;51;1089;11;U31348Z2;Praha,Střížkov;50.56259;14.5408
20260608_091942_L406;20260608_091942;08.06.2026;09:06:00;406;33;7919;10;U2139Z1;Praha,Roztyly;49.82244;14.68458
20260608_091942_L136;20260608_091942;08.06.2026;09:05:00;136;13;5136;14;U69Z2P;Jižní Město;50.08899;14.46167
20260608_091942_L110;20260608_091942;08.06.2026;09:05:00;110;7;8094;13;U1197Z1P;Dolní Počernice;50.09949;14.55259
20260608_091942_L146;20260608_091942;08.06.2026;09:05:00;146;4;9121;13;U834Z1P;Vinice Hrdlořezy;50.08723;14.49001
20260608_091942_L163;20260608_091942;08.06.2026;09:08:00;163;60;9411;11;U448Z2P;Depo Hostivař;50.08142;14.59633
20260608_091942_L171;20260608_091942;08.06.2026;09:06:00;171;13;1482;13;U1031Z1P;Ve Žlíbku;50.11608;14.61725
20260608_091942_L203;20260608_091942;08.06.2026;09:09:00;203;8;1940;10;U488Z6P;Háje;50.03036;14.45486
20260608_091942_L176;20260608_091942;08.06.2026;09:09:00;176;7;3818;10;U2713Z2P;Karlovo náměstí;50.07466;14.40886
20260608_091942_L637;20260608_091942;08.06.2026;09:09:00;637;54;9582;10;U4972Z4;Kublov,Slovanka;49.94694;14.03405
20260608_091942_L117;20260608_091942;08.06.2026;09:05:00;117;7;1952;14;U658Z1P;Nové Komořany;50.01657;14.43091
20260608_091942_L207;20260608_091942;08.06.2026;08:56:00;207;18;3963;23;U620Z1P;Ohrada;50.09284;14.42095
20260608_091942_L229;20260608_091942;08.06.2026;09:05:00;229;6;4515;14;U96Z2P;Depo Hostivař;50.06075;14.55678
20260608_091942_L383;20260608_091942;08.06.2026;08:58:00;383;32;9128;16;U1885Z2;Praha,Háje;50.0275;14.61654
20260608_091942_L191;20260608_091942;08.06.2026;09:07:00;191;2;4196;12;U872Z8P;Letiště / Airport ✈;50.08023;14.34424
20260608_091942_L413;20260608_091942;08.06.2026;09:08:00;413;64;8212;11;U4366Z2;Litoměřice,aut.nádr.;50.3395;14.28861
20260608_091942_L375;20260608_091942;08.06.2026;09:05:00;375;5;8297;14;U606Z2;Praha,Českomoravská;50.12308;14.50767
20260608_091942_L180;20260608_091942;08.06.2026;09:00:00;180;1;5049;18;U44Z2P;Dejvická;50.08616;14.369
20260608_091942_L124;20260608_091942;08.06.2026;09:05:00;124;13;6698;14;U813Z1P;Smíchovské nádraží;50.06432;14.45268
20260608_091942_L177;20260608_091942;08.06.2026;09:06:00;177;11;5062;13;U467Z2P;Poliklinika Mazurská;50.12924;14.48235
20260608_091942_L154;20260608_091942;08.06.2026;09:06:00;154;5;3019;11;U730Z2P;Strašnická;50.02442;14.50896
20260608_091942_L175;20260608_091942;08.06.2026;09:09:00;175;9;4040;10;U516Z4P;Florenc;50.08336;14.45844
20260608_091942_L166;20260608_091942;08.06.2026;09:08:00;166;4;7979;10;U990Z2P;Domov seniorů Ďáblice;50.11734;14.47532
20260608_091942_L226;20260608_091942;08.06.2026;09:07:00;226;2;1590;10;U808Z1P;Lipany;50.02734;14.60828
20260608_091942_L136;20260608_091942;08.06.2026;09:07:00;136;29;5556;10;U1074Z4P;Jižní Město;50.09185;14.46895
20260608_091942_L332;20260608_091942;08.06.2026;09:07:00;332;21;9954;11;U2106Z1;Jílové u Prahy,Náměstí;49.90988;14.49425
20260608_091942_L617;20260608_091942;08.06.2026;09:08:00;617;17;7326;11;U4366Z1;Roudnice n.L.,žel.st.;50.3409;14.29386
20260608_091942_L227;20260608_091942;08.06.2026;09:06:00;227;1;1588;13;U487Z2P;Háje;50.01673;14.65551
20260608_091942_L801;20260608_091942;08.06.2026;09:09:00;801;1;1822;10;U7339Z2;Kutná Hora,Žižkov,poliklinika;49.94865;15.26222
20260608_091942_L125;20260608_091942;08.06.2026;09:06:00;125;6;6946;12;U1068Z2P;Skalka;50.06852;14.51648
20260608_091942_L170;20260608_091942;08.06.2026;09:07:00;170;7;3850;12;U49Z1P;Pražská čtvrť;50.03647;14.38686
20260608_091942_L204;20260608_091942;08.06.2026;09:09:00;204;73;9048;10;U794Z2P;Sídliště Petrovice;50.0719;14.55069
20260608_091942_L585;20260608_091942;08.06.2026;07:32:00;585;18;7034;104;U4201Z1;Poděbrady,žel.st.;50.14866;15.12386
20260608_091942_L335;20260608_091942;08.06.2026;09:07:00;335;1;9162;11;U1332Z2;Praha,Budějovická;49.97572;14.50103
20260608_091942_L381;20260608_091942;08.06.2026;09:05:00;381;11;9371;11;U967Z1;Kutná Hora,hlavní nádraží;50.03711;14.58343
20260608_091942_L387;20260608_091942;08.06.2026;09:05:00;387;1;9373;13;U2011Z1;Uhlířské Janovice,nám.;49.99123;14.80384
20260608_091942_L402;20260608_091942;08.06.2026;08:55:00;402;3;7672;19;U1372Z2;Praha,Roztyly;50.0208;14.51328
20260608_091942_L712;20260608_091942;08.06.2026;09:09:00;712;7;9590;10;U6473Z1;Březovice;50.45992;14.74977
20260608_091942_L168;20260608_091942;08.06.2026;09:05:00;168;1;2088;14;U3296Z2P;Nové Butovice;50.05118;14.34581
20260608_091942_L821;20260608_091942;08.06.2026;07:40:00;821;69;1584;97;U5896Z2;Kolín,nádraží;50.02423;15.21346
20260608_091942_L167;20260608_091942;08.06.2026;09:08:00;167;2;5124;11;U1040Z14P;Na Knížecí;50.07181;14.40272
20260608_091942_L154;20260608_091942;08.06.2026;09:08:00;154;11;3847;11;U335Z1P;Sídliště Libuš;50.00693;14.46334
20260608_091942_L138;20260608_091942;08.06.2026;09:09:00;138;1;2305;10;U953Z1P;Ústavy Akademie věd;50.06813;14.50769
20260608_091942_L136;20260608_091942;08.06.2026;09:07:00;136;12;5540;12;U518Z3P;Jižní Město;50.07658;14.45878
20260608_091942_L170;20260608_091942;08.06.2026;09:05:00;170;11;3826;14;U1126Z1P;Pražská čtvrť;50.03011;14.37001
20260608_091942_L183;20260608_091942;08.06.2026;09:07:00;183;12;6777;12;U227Z4P;Vozovna Kobylisy;50.06312;14.53735
20260608_091942_L240;20260608_091942;08.06.2026;09:05:00;240;15;1758;12;U286Z3P;Černý Most;50.03037;14.52657
20260608_091942_L150;20260608_091942;08.06.2026;09:09:00;150;11;6805;10;U183Z2P;Želivského;50.05685;14.4684
20260608_091942_L177;20260608_091942;08.06.2026;09:09:00;177;56;6924;10;U106Z2P;Chodov;50.02751;14.50777
20260608_091942_L201;20260608_091942;08.06.2026;09:07:00;201;3;3814;11;U990Z2P;Nádraží Holešovice;50.11735;14.47665
20260608_092343_L183;20260608_092343;08.06.2026;09:11:00;183;9;5544;12;U708Z1P;Háje;50.07584;14.53765
20260608_092343_L170;20260608_092343;08.06.2026;09:13:00;170;4;3834;10;U936Z2P;Jižní Město;50.03571;14.44222
20260608_092343_L754;20260608_092343;08.06.2026;09:09:00;754;19;7215;13;U4763Z1;Příbram,aut.nádr.;49.66005;14.42694
20260608_092343_L191;20260608_092343;08.06.2026;09:10:00;191;2;4196;13;U844Z3P;Letiště / Airport ✈;50.08912;14.3484
20260608_092343_L154;20260608_092343;08.06.2026;09:08:00;154;4;3744;15;U920Z2P;Strašnická;50.06106;14.49453
20260608_092343_L330;20260608_092343;08.06.2026;09:10:00;330;7;1282;12;U4317Z1;Kladno,autobusové nádraží;50.1316;14.12548
20260608_092343_L221;20260608_092343;08.06.2026;09:12:00;221;5;1753;11;U28Z2P;Černý Most;50.08105;14.61719
20260608_092343_L117;20260608_092343;08.06.2026;09:09:00;117;7;1952;14;U772Z2P;Nové Komořany;50.01408;14.41019
20260608_092343_L136;20260608_092343;08.06.2026;09:11:00;136;11;5545;13;U417Z1P;Jižní Město;50.04291;14.48776
20260608_092343_L177;20260608_092343;08.06.2026;09:14:00;177;56;6924;10;U972Z2P;Chodov;50.02341;14.48844
20260608_092343_L126;20260608_092343;08.06.2026;09:04:00;126;11;3852;18;U220Z2P;Nádraží Uhříněves;50.02849;14.59328
20260608_092343_L224;20260608_092343;08.06.2026;09:08:00;224;75;9042;15;U1235Z1P;Ve Žlíbku;50.10723;14.58774
20260608_092343_L637;20260608_092343;08.06.2026;09:13:00;637;54;9582;10;U9063Z2;Kublov,Slovanka;49.9578;14.00916
20260608_092343_L445;20260608_092343;08.06.2026;09:08:00;445;17;7401;14;U4264Z1;Březová-Oleško,Oleško;49.92654;14.39224
20260608_092343_L821;20260608_092343;08.06.2026;07:40:00;821;69;1584;101;U5896Z2;Kolín,nádraží;50.02422;15.21345
20260608_092343_L356;20260608_092343;08.06.2026;09:09:00;356;34;8790;14;U4205Z1;Praha,Bořislavka;50.13244;14.28488
20260608_092343_L360;20260608_092343;08.06.2026;09:13:00;360;6;7201;10;U1763Z1;Sedlčany,aut.st.;49.89411;14.40142
20260608_092343_L387;20260608_092343;08.06.2026;09:12:00;387;1;9373;11;U2015Z1;Uhlířské Janovice,nám.;49.99184;14.85343
20260608_092343_L226;20260608_092343;08.06.2026;09:13:00;226;2;1590;10;U725Z1P;Lipany;50.01291;14.62275
20260608_092343_L226;20260608_092343;08.06.2026;09:12:00;226;3;1581;11;U402Z2P;Háje;50.03608;14.57956
20260608_092343_L227;20260608_092343;08.06.2026;09:08:00;227;1;1588;14;U1054Z2P;Háje;50.00876;14.65139
20260608_092343_L240;20260608_092343;08.06.2026;09:10:00;240;12;1759;13;U108Z2P;Háje;50.05568;14.57872
20260608_092343_L304;20260608_092343;08.06.2026;09:13:00;304;5;8354;10;U4298Z1;Rakovník,aut.st.;50.15243;13.89951
20260608_092343_L176;20260608_092343;08.06.2026;09:11:00;176;7;3818;11;U208Z4P;Karlovo náměstí;50.07563;14.41566
20260608_092343_L335;20260608_092343;08.06.2026;09:10:00;335;1;9162;13;U1522Z2;Praha,Budějovická;49.98649;14.49352
20260608_092343_L110;20260608_092343;08.06.2026;09:10:00;110;6;8106;13;U89Z1P;Obchodní centrum Čakovice;50.12997;14.50902
20260608_092343_L110;20260608_092343;08.06.2026;09:08:00;110;5;8102;15;U313Z2P;Obchodní centrum Čakovice;50.09775;14.54912
20260608_092343_L163;20260608_092343;08.06.2026;09:11:00;163;60;9411;12;U97Z3P;Depo Hostivař;50.08574;14.57608
20260608_092343_L164;20260608_092343;08.06.2026;09:08:00;164;5;1951;15;U229Z2P;Malovanka;50.08665;14.37146
20260608_092343_L203;20260608_092343;08.06.2026;09:12:00;203;8;1940;11;U908Z1P;Háje;50.02109;14.46294
20260608_092343_L131;20260608_092343;08.06.2026;09:03:00;131;2;3948;20;U3215Z1P;Hradčanská;50.1156;14.38456
20260608_092343_L177;20260608_092343;08.06.2026;09:06:00;177;11;5062;16;U467Z2P;Poliklinika Mazurská;50.12818;14.4777
20260608_092343_L250;20260608_092343;08.06.2026;09:12:00;250;5;6964;11;U432Z1P;Sídliště Rohožník;50.08012;14.62647
20260608_092343_L204;20260608_092343;08.06.2026;09:12:00;204;74;9016;11;U1099Z2P;Stavební zóna Horní Počernice;50.0577;14.56091
20260608_092343_L136;20260608_092343;08.06.2026;09:11:00;136;29;5556;13;U69Z2P;Jižní Město;50.08895;14.46168
20260608_092343_L183;20260608_092343;08.06.2026;09:08:00;183;12;6777;15;U975Z2P;Vozovna Kobylisy;50.06593;14.53754
20260608_092343_L146;20260608_092343;08.06.2026;09:08:00;146;4;9121;15;U266Z3P;Vinice Hrdlořezy;50.09208;14.49331
20260608_092343_L138;20260608_092343;08.06.2026;09:12:00;138;1;2305;11;U889Z3P;Ústavy Akademie věd;50.06027;14.50674
20260608_092343_L166;20260608_092343;08.06.2026;09:09:00;166;4;7979;14;U993Z2P;Domov seniorů Ďáblice;50.11699;14.47163
20260608_092343_L209;20260608_092343;08.06.2026;09:10:00;209;45;9461;13;U243Z16P;Letňany;50.13071;14.55096
20260608_092343_L207;20260608_092343;08.06.2026;08:56:00;207;18;3963;27;U620Z1P;Ohrada;50.09284;14.42095
20260608_092343_L170;20260608_092343;08.06.2026;09:13:00;170;7;3850;11;U1126Z1P;Pražská čtvrť;50.03011;14.37008
20260608_092343_L139;20260608_092343;08.06.2026;09:10:00;139;4;6896;14;U497Z3P;Komořany;50.02406;14.44143
20260608_092343_L125;20260608_092343;08.06.2026;09:11:00;125;8;5505;12;U842Z2P;Skalka;50.03796;14.56191
20260608_092343_L149;20260608_092343;08.06.2026;09:12:00;149;11;4197;11;U362Z12P;Dejvická;50.08538;14.38012
20260608_092343_L183;20260608_092343;08.06.2026;09:14:00;183;5;5546;10;U55Z2P;Háje;50.13252;14.4696
20260608_092343_L646;20260608_092343;08.06.2026;09:09:00;646;28;8093;13;U2346Z1;Kralupy n.Vlt.,žel.st.;50.27273;14.31928
20260608_092343_L400;20260608_092343;08.06.2026;09:11:00;400;51;1089;12;U31046Z5;Praha,Střížkov;50.54074;14.54142
20260608_092343_L316;20260608_092343;08.06.2026;09:11:00;316;6;8968;12;U1214Z2;Praha,Bořislavka;50.11172;14.35656
20260608_092343_L171;20260608_092343;08.06.2026;09:13:00;171;14;8136;10;U313Z1P;Depo Hostivař;50.09823;14.5501
20260608_092343_L151;20260608_092343;08.06.2026;09:12:00;151;5;4098;12;U603Z4P;Českomoravská;50.1196;14.49735
20260608_092343_L180;20260608_092343;08.06.2026;09:00:00;180;1;5049;23;U44Z2P;Dejvická;50.08626;14.37007
20260608_092343_L124;20260608_092343;08.06.2026;09:11:00;124;13;6698;13;U376Z3P;Smíchovské nádraží;50.05457;14.45295
20260608_092343_L138;20260608_092343;08.06.2026;09:13:00;138;8;2316;10;U819Z1P;Ústavy Akademie věd;50.02433;14.46013
20260608_092343_L154;20260608_092343;08.06.2026;09:12:00;154;5;3019;12;U604Z1P;Strašnická;50.03223;14.51766
20260608_092343_L801;20260608_092343;08.06.2026;09:12:00;801;1;1822;11;U7337Z1;Kutná Hora,Žižkov,poliklinika;49.94672;15.25546
20260608_092343_L229;20260608_092343;08.06.2026;09:13:00;229;11;4525;11;U542Z2P;Depo Hostivař;50.03466;14.59451
20260608_092343_L204;20260608_092343;08.06.2026;09:11:00;204;73;9048;11;U1014Z2P;Sídliště Petrovice;50.07103;14.54309
20260608_092343_L585;20260608_092343;08.06.2026;07:32:00;585;18;7034;109;U4201Z1;Poděbrady,žel.st.;50.14866;15.12386
20260608_092343_L381;20260608_092343;08.06.2026;09:05:00;381;11;9371;13;U967Z1;Kutná Hora,hlavní nádraží;50.03286;14.59693
20260608_092343_L712;20260608_092343;08.06.2026;09:09:00;712;7;9590;14;U6473Z1;Březovice;50.45992;14.74977
20260608_092343_L136;20260608_092343;08.06.2026;09:14:00;136;12;5540;10;U680Z3P;Jižní Město;50.06886;14.46903
20260608_092343_L250;20260608_092343;08.06.2026;09:09:00;250;3;6793;14;U897Z11P;Černý Most;50.10961;14.57845
20260608_092343_L150;20260608_092343;08.06.2026;09:12:00;150;11;6805;11;U37Z2P;Želivského;50.06171;14.46956
20260608_092343_L201;20260608_092343;08.06.2026;09:08:00;201;3;3814;15;U993Z2P;Nádraží Holešovice;50.11716;14.47245
20260608_092343_L177;20260608_092343;08.06.2026;09:10:00;177;24;6886;13;U1222Z1P;Poliklinika Mazurská;50.07275;14.5082
20260608_092744_L110;20260608_092744;08.06.2026;09:13:00;110;6;8106;14;U766Z1P;Obchodní centrum Čakovice;50.1478;14.50598
20260608_092744_L117;20260608_092744;08.06.2026;09:13:00;117;7;1952;14;U76Z3P;Nové Komořany;50.01019;14.40289
20260608_092744_L124;20260608_092744;08.06.2026;09:14:00;124;13;6698;13;U1402Z1P;Smíchovské nádraží;50.04842;14.45793
20260608_092744_L125;20260608_092744;08.06.2026;09:15:00;125;7;5103;12;U677Z2P;Skalka;50.05753;14.53688
20260608_092744_L125;20260608_092744;08.06.2026;09:15:00;125;8;5505;12;U732Z2P;Skalka;50.04308;14.55666
20260608_092744_L126;20260608_092744;08.06.2026;09:04:00;126;11;3852;23;U220Z2P;Nádraží Uhříněves;50.02917;14.59413
20260608_092744_L131;20260608_092744;08.06.2026;09:03:00;131;2;3948;23;U3215Z1P;Hradčanská;50.1156;14.38456
20260608_092744_L135;20260608_092744;08.06.2026;09:16:00;135;4;5071;11;U427Z1P;Chodov;50.07982;14.43764
20260608_092744_L136;20260608_092744;08.06.2026;09:16:00;136;11;5545;12;U344Z1P;Jižní Město;50.03175;14.50442
20260608_092744_L136;20260608_092744;08.06.2026;09:15:00;136;29;5556;13;U516Z3P;Jižní Město;50.08251;14.45905
20260608_092744_L136;20260608_092744;08.06.2026;09:18:00;136;14;5089;10;U2787Z2P;Jižní Město;50.08808;14.45762
20260608_092744_L138;20260608_092744;08.06.2026;09:16:00;138;1;2305;11;U887Z2P;Ústavy Akademie věd;50.05313;14.50262
20260608_092744_L138;20260608_092744;08.06.2026;09:17:00;138;10;2312;11;U760Z2P;Skalka;50.05389;14.50766
20260608_092744_L139;20260608_092744;08.06.2026;09:13:00;139;4;6896;14;U658Z1P;Komořany;50.01707;14.43251
20260608_092744_L149;20260608_092744;08.06.2026;09:12:00;149;11;4197;15;U362Z12P;Dejvická;50.0852;14.37938
20260608_092744_L150;20260608_092744;08.06.2026;09:15:00;150;11;6805;13;U29Z2P;Želivského;50.0707;14.47014
20260608_092744_L151;20260608_092744;08.06.2026;09:15:00;151;5;4098;12;U260Z2P;Českomoravská;50.11801;14.50832
20260608_092744_L154;20260608_092744;08.06.2026;09:18:00;154;7;3732;10;U91Z1P;Sídliště Libuš;50.01115;14.47247
20260608_092744_L154;20260608_092744;08.06.2026;09:15:00;154;5;3019;12;U286Z5P;Strašnická;50.03058;14.52879
20260608_092744_L163;20260608_092744;08.06.2026;09:16:00;163;60;9411;11;U820Z2P;Depo Hostivař;50.07248;14.5547
20260608_092744_L164;20260608_092744;08.06.2026;09:08:00;164;5;1951;18;U229Z2P;Malovanka;50.08716;14.37734
20260608_092744_L166;20260608_092744;08.06.2026;09:09:00;166;4;7979;17;U993Z2P;Domov seniorů Ďáblice;50.11608;14.46867
20260608_092744_L171;20260608_092744;08.06.2026;09:14:00;171;14;8136;13;U207Z1P;Depo Hostivař;50.09416;14.54655
20260608_092744_L177;20260608_092744;08.06.2026;09:18:00;177;12;6988;10;U78Z3P;Poliklinika Mazurská;50.12669;14.47138
20260608_092744_L177;20260608_092744;08.06.2026;09:16:00;177;13;6784;11;U474Z4P;Poliklinika Mazurská;50.11271;14.50216
20260608_092744_L180;20260608_092744;08.06.2026;09:00:00;180;1;5049;27;U44Z2P;Dejvická;50.08626;14.37006
20260608_092744_L183;20260608_092744;08.06.2026;09:15:00;183;9;5544;12;U227Z3P;Háje;50.06126;14.53619
20260608_092744_L183;20260608_092744;08.06.2026;09:08:00;183;12;6777;18;U975Z2P;Vozovna Kobylisy;50.06864;14.53732
20260608_092744_L201;20260608_092744;08.06.2026;09:08:00;201;3;3814;18;U993Z2P;Nádraží Holešovice;50.11656;14.46986
20260608_092744_L203;20260608_092744;08.06.2026;09:14:00;203;8;1940;13;U909Z1P;Háje;50.01494;14.47123
20260608_092744_L204;20260608_092744;08.06.2026;09:14:00;204;73;9048;13;U741Z1P;Sídliště Petrovice;50.06841;14.54459
20260608_092744_L204;20260608_092744;08.06.2026;09:14:00;204;74;9016;13;U310Z2P;Stavební zóna Horní Počernice;50.0648;14.55086
20260608_092744_L207;20260608_092744;08.06.2026;08:56:00;207;18;3963;31;U620Z1P;Ohrada;50.09284;14.42095
20260608_092744_L209;20260608_092744;08.06.2026;09:16:00;209;42;9119;12;U2276Z2P;Letňany;50.08439;14.61674
20260608_092744_L209;20260608_092744;08.06.2026;09:15:00;209;45;9461;11;U803Z2P;Letňany;50.11999;14.5207
20260608_092744_L221;20260608_092744;08.06.2026;09:16:00;221;5;1753;12;U7612Z2P;Černý Most;50.0978;14.62566
20260608_092744_L224;20260608_092744;08.06.2026;09:13:00;224;75;9042;14;U188Z1P;Ve Žlíbku;50.11219;14.59823
20260608_092744_L226;20260608_092744;08.06.2026;09:16:00;226;3;1581;10;U338Z2P;Háje;50.03228;14.54694
20260608_092744_L227;20260608_092744;08.06.2026;09:14:00;227;1;1588;13;U445Z2P;Háje;50.01161;14.63184
20260608_092744_L229;20260608_092744;08.06.2026;09:16:00;229;11;4525;12;U123Z2P;Depo Hostivař;50.04403;14.5806
20260608_092744_L240;20260608_092744;08.06.2026;09:15:00;240;12;1759;12;U1069Z4P;Háje;50.0483;14.56314
20260608_092744_L250;20260608_092744;08.06.2026;09:18:00;250;5;6964;10;U719Z1P;Sídliště Rohožník;50.07528;14.6654
20260608_092744_L821;20260608_092744;08.06.2026;07:40:00;821;69;1584;105;U5896Z2;Kolín,nádraží;50.02423;15.21345
20260608_092744_L821;20260608_092744;08.06.2026;09:15:00;821;73;1610;11;U2300Z1;Kolín,nádraží;50.00452;14.97947
20260608_092744_L857;20260608_092744;08.06.2026;09:17:00;857;9;1273;11;U2888Z1;Kralupy n.Vlt.,obchodní centrum;50.22346;14.2998
20260608_092744_L304;20260608_092744;08.06.2026;09:14:00;304;5;8354;11;U9312Z2;Rakovník,aut.st.;50.15033;13.87718
20260608_092744_L316;20260608_092744;08.06.2026;09:13:00;316;6;8968;12;U199Z3;Praha,Bořislavka;50.10257;14.36086
20260608_092744_L325;20260608_092744;08.06.2026;09:18:00;325;16;1636;10;U336Z3;Čestlice,aquapark;50.03237;14.59758
20260608_092744_L330;20260608_092744;08.06.2026;09:15:00;330;7;1282;12;U1264Z1;Kladno,autobusové nádraží;50.14273;14.1175
20260608_092744_L332;20260608_092744;08.06.2026;09:18:00;332;19;9955;10;U4176Z2;Jílové u Prahy,Náměstí;49.98338;14.49557
20260608_092744_L356;20260608_092744;08.06.2026;09:13:00;356;34;8790;14;U5091Z2;Praha,Bořislavka;50.14014;14.31448
20260608_092744_L360;20260608_092744;08.06.2026;09:15:00;360;6;7201;12;U1764Z1;Sedlčany,aut.st.;49.88177;14.38792
20260608_092744_L384;20260608_092744;08.06.2026;09:16:00;384;24;9904;12;U1745Z1;Zdice,nám.;49.96546;14.07215
20260608_092744_L387;20260608_092744;08.06.2026;09:15:00;387;1;9373;10;U2016Z1;Uhlířské Janovice,nám.;49.9904;14.8632
20260608_092744_L395;20260608_092744;08.06.2026;09:15:00;395;32;9920;12;U458Z16;Příbram,Drkolnov;50.0612;14.40917
20260608_092744_L400;20260608_092744;08.06.2026;09:11:00;400;51;1089;14;U31046Z5;Praha,Střížkov;50.52822;14.52081
20260608_092744_L445;20260608_092744;08.06.2026;09:14:00;445;17;7401;13;U1515Z1;Březová-Oleško,Oleško;49.91501;14.41492
20260608_092744_L585;20260608_092744;08.06.2026;07:32:00;585;18;7034;113;U4201Z1;Poděbrady,žel.st.;50.14866;15.12386
20260608_092744_L617;20260608_092744;08.06.2026;09:13:00;617;17;7326;12;U1479Z1;Roudnice n.L.,žel.st.;50.36173;14.30639
20260608_092744_L637;20260608_092744;08.06.2026;09:16:00;637;54;9582;11;U9065Z2;Kublov,Slovanka;49.96371;13.97736
20260608_092744_L639;20260608_092744;08.06.2026;09:14:00;639;19;9440;11;U9850Z1;Hostomice,nám.;49.85222;14.00977
20260608_092744_L646;20260608_092744;08.06.2026;09:16:00;646;37;8088;12;U1794Z2;Mělník,aut.nádr.;50.35355;14.48204
20260608_092744_L646;20260608_092744;08.06.2026;09:14:00;646;28;8093;12;U4248Z1;Kralupy n.Vlt.,žel.st.;50.24971;14.31908
20260608_092744_L712;20260608_092744;08.06.2026;09:09:00;712;7;9590;18;U6473Z1;Březovice;50.45992;14.74977
20260608_093144_L183;20260608_093144;08.06.2026;09:21:00;183;3;6797;10;U677Z2P;Vozovna Kobylisy;50.05998;14.53721
20260608_093144_L183;20260608_093144;08.06.2026;09:18:00;183;9;5544;12;U453Z10P;Háje;50.05271;14.54267
20260608_093144_L639;20260608_093144;08.06.2026;09:20:00;639;19;9440;11;U9849Z1;Hostomice,nám.;49.85257;14.03587
20260608_093144_L240;20260608_093144;08.06.2026;09:18:00;240;9;1770;13;U1342Z1P;Černý Most;50.07832;14.60381
20260608_093144_L136;20260608_093144;08.06.2026;09:20:00;136;11;5545;11;U916Z1P;Jižní Město;50.02525;14.5159
20260608_093144_L207;20260608_093144;08.06.2026;08:56:00;207;18;3963;34;U620Z1P;Ohrada;50.09284;14.42095
20260608_093144_L195;20260608_093144;08.06.2026;09:22:00;195;3;5536;10;U474Z5P;Sídliště Letňany;50.11033;14.50228
20260608_093144_L384;20260608_093144;08.06.2026;09:20:00;384;24;9904;11;U1747Z1;Zdice,nám.;49.95471;14.05266
20260608_093144_L821;20260608_093144;08.06.2026;09:18:00;821;73;1610;10;U4148Z1;Kolín,nádraží;50.0001;15.02597
20260608_093144_L395;20260608_093144;08.06.2026;09:15:00;395;32;9920;15;U458Z16;Příbram,Drkolnov;50.05968;14.40946
20260608_093144_L646;20260608_093144;08.06.2026;09:18:00;646;28;8093;13;U2286Z1;Kralupy n.Vlt.,žel.st.;50.24048;14.31275
20260608_093144_L304;20260608_093144;08.06.2026;09:18:00;304;5;8354;12;U9901Z1;Rakovník,aut.st.;50.14059;13.85886
20260608_093144_L400;20260608_093144;08.06.2026;09:17:00;400;51;1089;14;U31048Z2;Praha,Střížkov;50.51767;14.49378
20260608_093144_L637;20260608_093144;08.06.2026;09:21:00;637;54;9582;10;U9070Z2;Kublov,Slovanka;49.98285;13.95775
20260608_093144_L240;20260608_093144;08.06.2026;09:21:00;240;12;1759;10;U3052Z1P;Háje;50.04088;14.55185
20260608_093144_L316;20260608_093144;08.06.2026;09:13:00;316;6;8968;16;U199Z3;Praha,Bořislavka;50.10005;14.36301
20260608_093144_L325;20260608_093144;08.06.2026;09:21:00;325;16;1636;10;U1385Z1;Čestlice,aquapark;50.02463;14.6023
20260608_093144_L224;20260608_093144;08.06.2026;09:18:00;224;75;9042;13;U2603Z1P;Ve Žlíbku;50.11173;14.61119
20260608_093144_L171;20260608_093144;08.06.2026;09:17:00;171;14;8136;14;U884Z2P;Depo Hostivař;50.09329;14.52902
20260608_093144_L163;20260608_093144;08.06.2026;09:20:00;163;60;9411;11;U1014Z2P;Depo Hostivař;50.07168;14.54148
20260608_093144_L203;20260608_093144;08.06.2026;09:19:00;203;8;1940;12;U729Z1P;Háje;50.01081;14.49206
20260608_093144_L204;20260608_093144;08.06.2026;09:17:00;204;74;9016;14;U741Z3P;Stavební zóna Horní Počernice;50.06993;14.54435
20260608_093144_L209;20260608_093144;08.06.2026;09:19:00;209;42;9119;12;U1367Z1P;Letňany;50.08788;14.61814
20260608_093144_L221;20260608_093144;08.06.2026;09:20:00;221;5;1753;11;U438Z2P;Černý Most;50.11077;14.60008
20260608_093144_L136;20260608_093144;08.06.2026;09:21:00;136;14;5089;10;U516Z3P;Jižní Město;50.08209;14.45939
20260608_093144_L138;20260608_093144;08.06.2026;09:21:00;138;1;2305;11;U669Z2P;Ústavy Akademie věd;50.04769;14.48949
20260608_093144_L125;20260608_093144;08.06.2026;09:19:00;125;8;5505;13;U633Z1P;Skalka;50.04771;14.54572
20260608_093144_L617;20260608_093144;08.06.2026;09:19:00;617;17;7326;12;U7484Z1;Roudnice n.L.,žel.st.;50.37629;14.30701
20260608_093144_L227;20260608_093144;08.06.2026;09:19:00;227;1;1588;12;U838Z2P;Háje;50.01613;14.62153
20260608_093144_L170;20260608_093144;08.06.2026;09:21:00;170;4;3834;10;U265Z2P;Jižní Město;50.04793;14.45501
20260608_093144_L151;20260608_093144;08.06.2026;09:18:00;151;5;4098;13;U790Z2P;Českomoravská;50.11273;14.50454
20260608_093144_L857;20260608_093144;08.06.2026;09:18:00;857;9;1273;12;U4220Z1;Kralupy n.Vlt.,obchodní centrum;50.23169;14.29118
20260608_093144_L135;20260608_093144;08.06.2026;09:18:00;135;4;5071;12;U1062Z1P;Chodov;50.075;14.43579
20260608_093144_L136;20260608_093144;08.06.2026;09:17:00;136;29;5556;14;U118Z4P;Jižní Město;50.07807;14.46076
20260608_093144_L227;20260608_093144;08.06.2026;09:19:00;227;11;1589;11;U286Z3P;Nedvězí;50.03026;14.5265
20260608_093144_L131;20260608_093144;08.06.2026;09:03:00;131;2;3948;27;U3215Z1P;Hradčanská;50.1156;14.38456
20260608_093144_L176;20260608_093144;08.06.2026;09:20:00;176;2;3801;10;U208Z4P;Karlovo náměstí;50.0757;14.41592
20260608_093144_L180;20260608_093144;08.06.2026;09:19:00;180;14;6902;12;U44Z2P;Dejvická;50.08538;14.36511
20260608_093144_L821;20260608_093144;08.06.2026;07:40:00;821;69;1584;108;U5896Z2;Kolín,nádraží;50.02423;15.21345
20260608_093144_L177;20260608_093144;08.06.2026;09:17:00;177;24;6886;15;U2703Z2P;Poliklinika Mazurská;50.08885;14.51385
20260608_093144_L124;20260608_093144;08.06.2026;09:17:00;124;13;6698;15;U50Z2P;Smíchovské nádraží;50.0445;14.44731
20260608_093144_L138;20260608_093144;08.06.2026;09:21:00;138;10;2312;10;U2781Z1P;Skalka;50.06221;14.50422
20260608_093144_L139;20260608_093144;08.06.2026;09:18:00;139;4;6896;13;U928Z1P;Komořany;50.00864;14.41525
20260608_093144_L154;20260608_093144;08.06.2026;09:17:00;154;5;3019;14;U2729Z1P;Strašnická;50.03333;14.54011
20260608_093144_L110;20260608_093144;08.06.2026;09:18:00;110;5;8102;14;U135Z5P;Obchodní centrum Čakovice;50.10632;14.53676
20260608_093144_L125;20260608_093144;08.06.2026;09:15:00;125;7;5103;14;U677Z2P;Skalka;50.06189;14.53725
20260608_093144_L126;20260608_093144;08.06.2026;09:19:00;126;7;4037;12;U220Z2P;Nádraží Uhříněves;50.02677;14.5937
20260608_093144_L229;20260608_093144;08.06.2026;09:17:00;229;11;4525;14;U367Z2P;Depo Hostivař;50.04897;14.57202
20260608_093144_L204;20260608_093144;08.06.2026;09:18:00;204;73;9048;13;U1099Z1P;Sídliště Petrovice;50.05467;14.56389
20260608_093144_L585;20260608_093144;08.06.2026;07:32:00;585;18;7034;117;U4201Z1;Poděbrady,žel.st.;50.14866;15.12386
20260608_093144_L201;20260608_093144;08.06.2026;09:20:00;201;14;3979;10;U993Z2P;Nádraží Holešovice;50.11716;14.47252
20260608_093144_L317;20260608_093144;08.06.2026;09:18:00;317;3;7959;12;U1709Z1;Mníšek p.Brdy,U Šibence;49.86499;14.2582
20260608_093545_L110;20260608_093545;08.06.2026;09:21:00;110;5;8102;13;U499Z6P;Obchodní centrum Čakovice;50.11355;14.52834
20260608_093545_L124;20260608_093545;08.06.2026;09:22:00;124;13;6698;14;U569Z1P;Smíchovské nádraží;50.04359;14.42543
20260608_093545_L125;20260608_093545;08.06.2026;09:22:00;125;8;5505;13;U453Z12P;Skalka;50.05404;14.53798
20260608_093545_L125;20260608_093545;08.06.2026;09:25:00;125;9;5109;11;U338Z1P;Skalka;50.0332;14.55951
20260608_093545_L126;20260608_093545;08.06.2026;09:19:00;126;7;4037;16;U220Z2P;Nádraží Uhříněves;50.02877;14.59359
20260608_093545_L131;20260608_093545;08.06.2026;09:03:00;131;2;3948;31;U3215Z1P;Hradčanská;50.1156;14.38456
20260608_093545_L135;20260608_093545;08.06.2026;09:23:00;135;4;5071;13;U301Z2P;Chodov;50.07197;14.44673
20260608_093545_L136;20260608_093545;08.06.2026;09:23:00;136;11;5545;12;U286Z5P;Jižní Město;50.0307;14.52984
20260608_093545_L136;20260608_093545;08.06.2026;09:21:00;136;29;5556;14;U855Z1P;Jižní Město;50.07445;14.46388
20260608_093545_L136;20260608_093545;08.06.2026;09:23:00;136;14;5089;12;U118Z4P;Jižní Město;50.07811;14.46078
20260608_093545_L136;20260608_093545;08.06.2026;09:24:00;136;33;5518;11;U512Z5P;Jižní Město;50.09015;14.46639
20260608_093545_L138;20260608_093545;08.06.2026;09:22:00;138;1;2305;14;U375Z2P;Ústavy Akademie věd;50.05014;14.48803
20260608_093545_L139;20260608_093545;08.06.2026;09:22:00;139;11;5522;10;U29Z3P;Želivského;50.07754;14.47307
20260608_093545_L139;20260608_093545;08.06.2026;09:22:00;139;4;6896;13;U388Z3P;Komořany;50.00367;14.40375
20260608_093545_L151;20260608_093545;08.06.2026;09:23:00;151;5;4098;13;U464Z5P;Českomoravská;50.10893;14.49459
20260608_093545_L154;20260608_093545;08.06.2026;09:23:00;154;5;3019;12;U967Z1P;Strašnická;50.03451;14.56428
20260608_093545_L163;20260608_093545;08.06.2026;09:25:00;163;60;9411;10;U389Z2P;Depo Hostivař;50.07232;14.53573
20260608_093545_L170;20260608_093545;08.06.2026;09:26:00;170;4;3834;10;U832Z1P;Jižní Město;50.04625;14.46822
20260608_093545_L177;20260608_093545;08.06.2026;09:21:00;177;24;6886;14;U694Z4P;Poliklinika Mazurská;50.09208;14.49806
20260608_093545_L183;20260608_093545;08.06.2026;09:23:00;183;9;5544;13;U154Z2P;Háje;50.04795;14.5558
20260608_093545_L183;20260608_093545;08.06.2026;09:24:00;183;10;5558;11;U747Z1P;Háje;50.07805;14.53779
20260608_093545_L183;20260608_093545;08.06.2026;09:22:00;183;3;6797;13;U227Z4P;Vozovna Kobylisy;50.06447;14.5374
20260608_093545_L195;20260608_093545;08.06.2026;09:24:00;195;3;5536;11;U442Z1P;Sídliště Letňany;50.11534;14.49713
20260608_093545_L201;20260608_093545;08.06.2026;09:20:00;201;14;3979;14;U993Z2P;Nádraží Holešovice;50.1167;14.47042
20260608_093545_L203;20260608_093545;08.06.2026;09:19:00;203;8;1940;14;U2794Z1P;Háje;50.01086;14.50361
20260608_093545_L204;20260608_093545;08.06.2026;09:22:00;204;73;9048;13;U154Z1P;Sídliště Petrovice;50.04708;14.55569
20260608_093545_L208;20260608_093545;08.06.2026;09:25:00;208;51;9473;10;U193Z1P;Vinice Dolní Počernice;50.08759;14.55912
20260608_093545_L209;20260608_093545;08.06.2026;09:24:00;209;42;9119;10;U1041Z14P;Letňany;50.11307;14.62581
20260608_093545_L221;20260608_093545;08.06.2026;09:23:00;221;5;1753;11;U188Z2P;Černý Most;50.11071;14.58687
20260608_093545_L227;20260608_093545;08.06.2026;09:22:00;227;1;1588;12;U828Z2P;Háje;50.03077;14.60747
20260608_093545_L227;20260608_093545;08.06.2026;09:19:00;227;11;1589;15;U286Z3P;Nedvězí;50.03026;14.52649
20260608_093545_L228;20260608_093545;08.06.2026;09:24:00;228;11;9044;10;U22Z2P;Poliklinika Malešice;50.02213;14.60423
20260608_093545_L240;20260608_093545;08.06.2026;09:25:00;240;12;1759;10;U1012Z1P;Háje;50.0349;14.5572
20260608_093545_L240;20260608_093545;08.06.2026;09:18:00;240;9;1770;16;U1342Z1P;Černý Most;50.08039;14.60454
20260608_093545_L821;20260608_093545;08.06.2026;07:40:00;821;69;1584;112;U5896Z2;Kolín,nádraží;50.02423;15.21345
20260608_093545_L821;20260608_093545;08.06.2026;09:24:00;821;73;1610;10;U4983Z1;Kolín,nádraží;50.01398;15.03508
20260608_093545_L857;20260608_093545;08.06.2026;09:24:00;857;9;1273;11;U4226Z1;Kralupy n.Vlt.,obchodní centrum;50.23891;14.30412
20260608_093545_L325;20260608_093545;08.06.2026;09:23:00;325;16;1636;11;U159Z4;Čestlice,aquapark;50.01033;14.60244
20260608_093545_L356;20260608_093545;08.06.2026;09:21:00;356;34;8790;14;U1137Z2;Praha,Bořislavka;50.13547;14.33642
20260608_093545_L381;20260608_093545;08.06.2026;09:21:00;381;11;9371;14;U1878Z1;Kutná Hora,hlavní nádraží;49.99914;14.6679
20260608_093545_L384;20260608_093545;08.06.2026;09:23:00;384;24;9904;12;U1748Z1;Zdice,nám.;49.94669;14.0355
20260608_093545_L385;20260608_093545;08.06.2026;09:22:00;385;29;1622;11;U1371Z3;Praha,Opatov;50.00724;14.55682
20260608_093545_L395;20260608_093545;08.06.2026;09:25:00;395;70;9860;10;U1843Z2;Praha,Smíchovské nádraží;49.79679;14.19298
20260608_093545_L398;20260608_093545;08.06.2026;09:23:00;398;26;1684;12;U2452Z2;Praha,Černý Most;50.12572;14.69427
20260608_093545_L399;20260608_093545;08.06.2026;09:22:00;399;2;1295;11;U80Z3;Kladno,Energie;50.11081;14.29016
20260608_093545_L400;20260608_093545;08.06.2026;09:21:00;400;51;1089;14;U6078Z2;Praha,Střížkov;50.49309;14.48595
20260608_093545_L415;20260608_093545;08.06.2026;09:23:00;415;1;12425;11;U32300Z1;Praha,Zličín;50.32646;13.54399
20260608_093545_L438;20260608_093545;08.06.2026;09:25:00;438;4;7859;10;U2490Z2;Benešov,Terminál;49.85209;14.40587
20260608_093545_L548;20260608_093545;08.06.2026;09:21:00;548;13;9546;13;U9779Z1;Zbiroh,nám.;49.83823;13.89896
20260608_093545_L585;20260608_093545;08.06.2026;07:32:00;585;18;7034;120;U4201Z1;Poděbrady,žel.st.;50.14866;15.12386
20260608_093545_L617;20260608_093545;08.06.2026;09:23:00;617;17;7326;12;U7494Z1;Roudnice n.L.,žel.st.;50.40309;14.30362
20260608_093545_L631;20260608_093545;08.06.2026;09:23:00;631;48;9784;10;U9774Z1;Nižbor,Šnárová;50.00027;14.01267
20260608_093545_L637;20260608_093545;08.06.2026;09:23:00;637;54;9582;11;U9072Z4;Kublov,Slovanka;49.97802;13.93331
20260608_093545_L639;20260608_093545;08.06.2026;09:24:00;639;19;9440;11;U2946Z2;Hostomice,nám.;49.83924;14.02004
20260608_093545_L754;20260608_093545;08.06.2026;09:22:00;754;19;7215;10;U7925Z1;Příbram,aut.nádr.;49.66894;14.39627
20260608_093945_L154;20260608_093945;08.06.2026;09:27:00;154;14;3842;12;U198Z2P;Strašnická;50.06537;14.49275
20260608_093945_L154;20260608_093945;08.06.2026;09:27:00;154;5;3019;12;U1069Z2P;Strašnická;50.0482;14.56471
20260608_093945_L204;20260608_093945;08.06.2026;09:26:00;204;73;9048;13;U770Z1P;Sídliště Petrovice;50.04006;14.55471
20260608_093945_L227;20260608_093945;08.06.2026;09:25:00;227;1;1588;14;U808Z2P;Háje;50.02962;14.6026
20260608_093945_L131;20260608_093945;08.06.2026;09:03:00;131;2;3948;35;U3215Z1P;Hradčanská;50.1156;14.38456
20260608_093945_L136;20260608_093945;08.06.2026;09:30:00;136;14;5089;10;U29Z1P;Jižní Město;50.07253;14.47049
20260608_093945_L181;20260608_093945;08.06.2026;09:28:00;181;1;5110;11;U552Z2P;Černý Most;50.06924;14.53738
20260608_093945_L170;20260608_093945;08.06.2026;09:30:00;170;4;3834;10;U322Z3P;Jižní Město;50.04606;14.48395
20260608_093945_L304;20260608_093945;08.06.2026;09:28:00;304;5;8354;11;U9898Z1;Rakovník,aut.st.;50.11757;13.76661
20260608_093945_L177;20260608_093945;08.06.2026;09:25:00;177;24;6886;14;U134Z5P;Poliklinika Mazurská;50.1011;14.50273
20260608_093945_L399;20260608_093945;08.06.2026;09:22:00;399;2;1295;13;U80Z3;Kladno,Energie;50.1191;14.27857
20260608_093945_L438;20260608_093945;08.06.2026;09:29:00;438;4;7859;10;U2497Z1;Benešov,Terminál;49.86479;14.41108
20260608_093945_L183;20260608_093945;08.06.2026;09:25:00;183;10;5558;14;U708Z1P;Háje;50.07587;14.53764
20260608_093945_L138;20260608_093945;08.06.2026;09:26:00;138;1;2305;13;U624Z2P;Ústavy Akademie věd;50.0444;14.47814
20260608_093945_L754;20260608_093945;08.06.2026;09:28:00;754;19;7215;11;U7890Z1;Příbram,aut.nádr.;49.66365;14.38229
20260608_093945_L110;20260608_093945;08.06.2026;09:25:00;110;5;8102;14;U1000Z12P;Obchodní centrum Čakovice;50.12662;14.5162
20260608_093945_L203;20260608_093945;08.06.2026;09:26:00;203;8;1940;13;U982Z2P;Háje;50.0216;14.49325
20260608_093945_L204;20260608_093945;08.06.2026;09:26:00;204;74;9016;13;U1390Z1P;Stavební zóna Horní Počernice;50.08347;14.57423
20260608_093945_L208;20260608_093945;08.06.2026;09:29:00;208;51;9473;10;U97Z1P;Vinice Dolní Počernice;50.08541;14.57703
20260608_093945_L209;20260608_093945;08.06.2026;09:28:00;209;42;9119;11;U1347Z1P;Letňany;50.12133;14.61884
20260608_093945_L228;20260608_093945;08.06.2026;09:27:00;228;11;9044;12;U136Z2P;Poliklinika Malešice;50.02697;14.59373
20260608_093945_L325;20260608_093945;08.06.2026;09:28:00;325;16;1636;11;U1374Z1;Čestlice,aquapark;50.00004;14.58418
20260608_093945_L332;20260608_093945;08.06.2026;09:29:00;332;19;9955;10;U2129Z1;Jílové u Prahy,Náměstí;49.94107;14.51594
20260608_093945_L384;20260608_093945;08.06.2026;09:25:00;384;24;9904;13;U4976Z1;Zdice,nám.;49.94087;14.02465
20260608_093945_L385;20260608_093945;08.06.2026;09:22:00;385;29;1622;13;U1371Z3;Praha,Opatov;50.01629;14.5246
20260608_093945_L398;20260608_093945;08.06.2026;09:28:00;398;26;1684;11;U1743Z2;Praha,Černý Most;50.12017;14.65666
20260608_093945_L548;20260608_093945;08.06.2026;09:27:00;548;13;9546;12;U9788Z1;Zbiroh,nám.;49.84051;13.87289
20260608_093945_L631;20260608_093945;08.06.2026;09:26:00;631;48;9784;13;U9776Z1;Nižbor,Šnárová;50.00089;14.00255
20260608_093945_L637;20260608_093945;08.06.2026;09:25:00;637;54;9582;11;U9073Z2;Kublov,Slovanka;49.97835;13.89722
20260608_093945_L639;20260608_093945;08.06.2026;09:28:00;639;19;9440;11;U9812Z2;Hostomice,nám.;49.82559;14.04346
20260608_093945_L617;20260608_093945;08.06.2026;09:27:00;617;17;7326;12;U4715Z1;Roudnice n.L.,žel.st.;50.41949;14.26559
20260608_093945_L821;20260608_093945;08.06.2026;07:40:00;821;69;1584;117;U5896Z2;Kolín,nádraží;50.02428;15.21342
20260608_093945_L821;20260608_093945;08.06.2026;09:28:00;821;73;1610;10;U4981Z4;Kolín,nádraží;50.00409;15.04952
20260608_093945_L136;20260608_093945;08.06.2026;09:26:00;136;29;5556;13;U680Z3P;Jižní Město;50.06838;14.46921
20260608_093945_L135;20260608_093945;08.06.2026;09:27:00;135;4;5071;13;U413Z2P;Chodov;50.07086;14.4622
20260608_093945_L136;20260608_093945;08.06.2026;09:25:00;136;13;5136;14;U751Z2P;Jižní Město;50.05306;14.47422
20260608_093945_L124;20260608_093945;08.06.2026;09:25:00;124;13;6698;14;U110Z12P;Smíchovské nádraží;50.04771;14.41445
20260608_093945_L183;20260608_093945;08.06.2026;09:26:00;183;9;5544;13;U1001Z1P;Háje;50.04377;14.56706
20260608_093945_L183;20260608_093945;08.06.2026;09:29:00;183;4;6824;10;U338Z1P;Vozovna Kobylisy;50.0332;14.55951
20260608_093945_L460;20260608_093945;08.06.2026;09:28:00;460;68;1609;11;U4981Z4;Bečváry,Červený Hrádek;50.00328;15.04321
20260608_093945_L136;20260608_093945;08.06.2026;09:27:00;136;33;5518;11;U743Z2P;Jižní Město;50.08608;14.45556
20260608_093945_L182;20260608_093945;08.06.2026;09:29:00;182;8;4168;11;U99Z2P;Radiová;50.03591;14.5083
20260608_093945_L125;20260608_093945;08.06.2026;09:28:00;125;9;5109;11;U978Z2P;Skalka;50.04009;14.5589
20260608_094346_L110;20260608_094346;08.06.2026;09:30:00;110;8;8105;12;U207Z3P;Dolní Počernice;50.08964;14.54714
20260608_094346_L110;20260608_094346;08.06.2026;09:29:00;110;5;8102;14;U125Z1P;Obchodní centrum Čakovice;50.14041;14.50503
20260608_094346_L125;20260608_094346;08.06.2026;09:32:00;125;9;5109;12;U973Z2P;Skalka;50.04507;14.55796
20260608_094346_L131;20260608_094346;08.06.2026;09:03:00;131;2;3948;40;U3215Z1P;Hradčanská;50.1156;14.38456
20260608_094346_L135;20260608_094346;08.06.2026;09:31:00;135;4;5071;13;U680Z3P;Chodov;50.0689;14.46901
20260608_094346_L136;20260608_094346;08.06.2026;09:31:00;136;29;5556;12;U751Z2P;Jižní Město;50.05257;14.47514
20260608_094346_L136;20260608_094346;08.06.2026;09:29:00;136;13;5136;15;U417Z1P;Jižní Město;50.04293;14.48776
20260608_094346_L136;20260608_094346;08.06.2026;09:31:00;136;33;5518;13;U118Z4P;Jižní Město;50.07811;14.46072
20260608_094346_L136;20260608_094346;08.06.2026;09:30:00;136;15;6806;11;U1074Z4P;Jižní Město;50.09119;14.46836
20260608_094346_L138;20260608_094346;08.06.2026;09:30:00;138;1;2305;12;U832Z2P;Ústavy Akademie věd;50.04602;14.46111
20260608_094346_L154;20260608_094346;08.06.2026;09:31:00;154;5;3019;13;U654Z2P;Strašnická;50.04982;14.54381
20260608_094346_L154;20260608_094346;08.06.2026;09:30:00;154;14;3842;11;U599Z1P;Strašnická;50.07212;14.48985
20260608_094346_L170;20260608_094346;08.06.2026;09:33:00;170;4;3834;10;U181Z1P;Jižní Město;50.03946;14.49052
20260608_094346_L181;20260608_094346;08.06.2026;09:32:00;181;1;5110;11;U747Z2P;Černý Most;50.08167;14.53824
20260608_094346_L182;20260608_094346;08.06.2026;09:33:00;182;8;4168;11;U641Z3P;Radiová;50.04625;14.5218
20260608_094346_L183;20260608_094346;08.06.2026;09:30:00;183;9;5544;13;U338Z2P;Háje;50.0333;14.55968
20260608_094346_L183;20260608_094346;08.06.2026;09:30:00;183;10;5558;13;U677Z1P;Háje;50.0572;14.53643
20260608_094346_L183;20260608_094346;08.06.2026;09:34:00;183;4;6824;10;U1069Z2P;Vozovna Kobylisy;50.04778;14.5653
20260608_094346_L203;20260608_094346;08.06.2026;09:29:00;203;8;1940;13;U1116Z2P;Háje;50.03317;14.48838
20260608_094346_L208;20260608_094346;08.06.2026;09:32:00;208;51;9473;11;U1163Z1P;Vinice Dolní Počernice;50.08857;14.58083
20260608_094346_L209;20260608_094346;08.06.2026;09:30:00;209;41;9191;12;U1233Z2P;Nádraží Uhříněves;50.02968;14.60398
20260608_094346_L209;20260608_094346;08.06.2026;09:31:00;209;42;9119;11;U1291Z1P;Letňany;50.12203;14.60288
20260608_094346_L228;20260608_094346;08.06.2026;09:27:00;228;11;9044;15;U136Z2P;Poliklinika Malešice;50.02871;14.59343
20260608_094346_L821;20260608_094346;08.06.2026;07:40:00;821;69;1584;120;U5896Z2;Kolín,nádraží;50.02428;15.21342
20260608_094346_L821;20260608_094346;08.06.2026;09:30:00;821;73;1610;11;U9000Z1;Kolín,nádraží;50.00452;15.08352
20260608_094346_L304;20260608_094346;08.06.2026;09:33:00;304;5;8354;10;U9895Z1;Rakovník,aut.st.;50.10253;13.73818
20260608_094346_L328;20260608_094346;08.06.2026;09:29:00;328;9;1721;10;U1372Z2;Praha,Opatov;50.0179;14.52063
20260608_094346_L347;20260608_094346;08.06.2026;09:32:00;347;21;8890;11;U872Z7;Praha,Motol;50.07734;14.34865
20260608_094346_L382;20260608_094346;08.06.2026;09:29:00;382;18;9370;10;U1885Z2;Praha,Háje;50.02685;14.61769
20260608_094346_L385;20260608_094346;08.06.2026;09:22:00;385;29;1622;15;U1371Z3;Praha,Opatov;50.02102;14.51263
20260608_094346_L398;20260608_094346;08.06.2026;09:31:00;398;26;1684;12;U155Z2;Praha,Černý Most;50.11801;14.62908
20260608_094346_L401;20260608_094346;08.06.2026;09:33:00;401;66;7931;10;U4557Z2;Praha,Roztyly;49.73335;14.66764
20260608_094346_L411;20260608_094346;08.06.2026;09:33:00;411;1;2065;10;U864Z11;Zdiby,Brnky;50.13275;14.45314
20260608_094346_L438;20260608_094346;08.06.2026;09:29:00;438;4;7859;12;U2497Z1;Benešov,Terminál;49.85546;14.42862
20260608_094346_L460;20260608_094346;08.06.2026;09:33:00;460;68;1609;10;U4197Z1;Bečváry,Červený Hrádek;49.9896;15.03414
20260608_094346_L474;20260608_094346;08.06.2026;09:30:00;474;43;8070;10;U1792Z1;Mělník,Slovany;50.34458;14.49465
20260608_094346_L548;20260608_094346;08.06.2026;09:30:00;548;13;9546;10;U9823Z4;Zbiroh,nám.;49.85337;13.84239
20260608_094346_L617;20260608_094346;08.06.2026;09:32:00;617;17;7326;11;U4717Z2;Roudnice n.L.,žel.st.;50.4253;14.26029
20260608_094346_L620;20260608_094346;08.06.2026;09:33:00;620;12;8432;10;U4224Z2;Kladno,autobusové nádraží;50.239;14.30706
20260608_094346_L631;20260608_094346;08.06.2026;09:30:00;631;48;9784;13;U9775Z2;Beroun,autobusové nádraží;50.00998;14.0011
20260608_094346_L639;20260608_094346;08.06.2026;09:28:00;639;19;9440;13;U9812Z2;Hostomice,nám.;49.82577;14.04513
20260608_094346_L754;20260608_094346;08.06.2026;09:31:00;754;19;7215;11;U7493Z1;Příbram,aut.nádr.;49.67389;14.34051
20260608_094746_L382;20260608_094746;08.06.2026;09:29:00;382;18;9370;14;U1885Z2;Praha,Háje;50.02794;14.61575
20260608_094746_L136;20260608_094746;08.06.2026;09:36:00;136;15;6806;11;U743Z2P;Jižní Město;50.08608;14.45554
20260608_094746_L177;20260608_094746;08.06.2026;09:34:00;177;24;6886;13;U665Z2P;Poliklinika Mazurská;50.12307;14.49323
20260608_094746_L209;20260608_094746;08.06.2026;09:37:00;209;42;9119;11;U762Z2P;Letňany;50.12586;14.57067
20260608_094746_L474;20260608_094746;08.06.2026;09:30:00;474;43;8070;14;U1792Z1;Mělník,Slovany;50.34458;14.49465
20260608_094746_L131;20260608_094746;08.06.2026;09:03:00;131;2;3948;42;U3215Z1P;Hradčanská;50.1156;14.38456
20260608_094746_L366;20260608_094746;08.06.2026;09:37:00;366;3;4521;10;U336Z2;Praha,Depo Hostivař;50.03223;14.5979
20260608_094746_L181;20260608_094746;08.06.2026;09:35:00;181;1;5110;12;U884Z3P;Černý Most;50.09253;14.53615
20260608_094746_L489;20260608_094746;08.06.2026;09:35:00;489;30;1626;11;U2008Z3;Strančice,žel.st.;49.98636;14.7416
20260608_094746_L582;20260608_094746;08.06.2026;09:37:00;582;22;1625;10;U2141Z3;Říčany,Olivovna;49.99107;14.6742
20260608_094746_L620;20260608_094746;08.06.2026;09:37:00;620;12;8432;11;U4222Z2;Kladno,autobusové nádraží;50.23683;14.29291
20260608_094746_L460;20260608_094746;08.06.2026;09:38:00;460;68;1609;10;U4981Z3;Bečváry,Červený Hrádek;50.00311;15.04376
20260608_094746_L389;20260608_094746;08.06.2026;09:36:00;389;17;7755;12;U4774Z1;Chomutov,žel.st.;50.21498;14.12367
20260608_094746_L400;20260608_094746;08.06.2026;09:35:00;400;58;1084;12;U6078Z1;Rumburk,žel.st.;50.4991;14.48618
20260608_094746_L438;20260608_094746;08.06.2026;09:35:00;438;4;7859;11;U2504Z1;Benešov,Terminál;49.85029;14.47023
20260608_094746_L548;20260608_094746;08.06.2026;09:37:00;548;13;9546;10;U5003Z2;Zbiroh,nám.;49.8641;13.83961
20260608_094746_L203;20260608_094746;08.06.2026;09:33:00;203;8;1940;13;U601Z3P;Háje;50.03937;14.48113
20260608_094746_L204;20260608_094746;08.06.2026;09:34:00;204;74;9016;14;U986Z2P;Stavební zóna Horní Počernice;50.1031;14.60998
20260608_094746_L369;20260608_094746;08.06.2026;09:37:00;369;33;8269;10;U1807Z2;Praha,Ládví;50.18625;14.4917
20260608_094746_L300;20260608_094746;08.06.2026;09:36:00;300;10;8965;10;U80Z3;Kladno,u kostela;50.11105;14.2899
20260608_094746_L135;20260608_094746;08.06.2026;09:35:00;135;4;5071;12;U183Z3P;Chodov;50.05609;14.47156
20260608_094746_L183;20260608_094746;08.06.2026;09:37:00;183;4;6824;11;U633Z1P;Vozovna Kobylisy;50.0477;14.54573
20260608_094746_L328;20260608_094746;08.06.2026;09:29:00;328;9;1721;13;U1372Z2;Praha,Opatov;50.02383;14.50836
20260608_094746_L177;20260608_094746;08.06.2026;09:37:00;177;7;6880;10;U195Z1P;Chodov;50.04453;14.51235
20260608_094746_L154;20260608_094746;08.06.2026;09:35:00;154;5;3019;13;U472Z4P;Strašnická;50.05294;14.52774
20260608_094746_L191;20260608_094746;08.06.2026;09:33:00;191;2;4196;15;U628Z1P;Letiště / Airport ✈;50.10822;14.26962
20260608_094746_L821;20260608_094746;08.06.2026;09:36:00;821;73;1610;11;U4991Z1;Kolín,nádraží;49.99399;15.0962
20260608_094746_L183;20260608_094746;08.06.2026;09:37:00;183;5;5546;10;U574Z1P;Háje;50.0921;14.51186
20260608_094746_L201;20260608_094746;08.06.2026;09:37:00;201;11;3900;10;U870Z4P;Nádraží Holešovice;50.11779;14.46338
20260608_094746_L138;20260608_094746;08.06.2026;09:35:00;138;1;2305;12;U377Z1P;Ústavy Akademie věd;50.03594;14.45595
20260608_094746_L209;20260608_094746;08.06.2026;09:34:00;209;41;9191;13;U542Z2P;Nádraží Uhříněves;50.03554;14.59327
20260608_094746_L136;20260608_094746;08.06.2026;09:35:00;136;29;5556;12;U417Z1P;Jižní Město;50.04292;14.48777
20260608_094746_L383;20260608_094746;08.06.2026;09:35:00;383;31;9139;11;U967Z1;Chocerady;50.03672;14.57411
20260608_094746_L754;20260608_094746;08.06.2026;09:37:00;754;19;7215;10;U5714Z1;Příbram,aut.nádr.;49.67676;14.2875
20260608_094746_L110;20260608_094746;08.06.2026;09:35:00;110;8;8105;12;U158Z1P;Dolní Počernice;50.08929;14.56308
20260608_094746_L398;20260608_094746;08.06.2026;09:31:00;398;26;1684;14;U155Z2;Praha,Černý Most;50.11546;14.61308
20260608_094746_L136;20260608_094746;08.06.2026;09:34:00;136;13;5136;14;U344Z1P;Jižní Město;50.03178;14.50445
20260608_094746_L411;20260608_094746;08.06.2026;09:35:00;411;1;2065;11;U92Z1;Zdiby,Brnky;50.15371;14.4511
20260608_094746_L228;20260608_094746;08.06.2026;09:27:00;228;11;9044;18;U136Z2P;Poliklinika Malešice;50.02943;14.59443
20260608_094746_L631;20260608_094746;08.06.2026;09:34:00;631;48;9784;12;U9776Z2;Beroun,autobusové nádraží;50.00021;14.01284
20260608_094746_L136;20260608_094746;08.06.2026;09:35:00;136;33;5518;13;U855Z1P;Jižní Město;50.07456;14.46283
20260608_094746_L183;20260608_094746;08.06.2026;09:35:00;183;10;5558;12;U633Z2P;Háje;50.04803;14.54461
20260608_094746_L182;20260608_094746;08.06.2026;09:34:00;182;8;4168;13;U160Z2P;Radiová;50.04998;14.52648
20260608_094746_L125;20260608_094746;08.06.2026;09:35:00;125;9;5109;12;U633Z1P;Skalka;50.04814;14.54471
20260608_095147_L125;20260608_095147;08.06.2026;09:39:00;125;9;5109;13;U677Z2P;Skalka;50.05689;14.53674
20260608_095147_L126;20260608_095147;08.06.2026;09:39:00;126;13;3845;12;U220Z2P;Nádraží Uhříněves;50.02931;14.59441
20260608_095147_L135;20260608_095147;08.06.2026;09:40:00;135;4;5071;12;U141Z2P;Chodov;50.047;14.48696
20260608_095147_L136;20260608_095147;08.06.2026;09:40:00;136;16;6882;10;U1074Z4P;Jižní Město;50.09246;14.47063
20260608_095147_L136;20260608_095147;08.06.2026;09:40:00;136;29;5556;11;U344Z1P;Jižní Město;50.03148;14.50549
20260608_095147_L136;20260608_095147;08.06.2026;09:38:00;136;13;5136;13;U916Z1P;Jižní Město;50.02517;14.5148
20260608_095147_L136;20260608_095147;08.06.2026;09:40:00;136;33;5518;11;U680Z3P;Jižní Město;50.06838;14.4692
20260608_095147_L136;20260608_095147;08.06.2026;09:40:00;136;15;6806;11;U118Z4P;Jižní Město;50.07811;14.46072
20260608_095147_L138;20260608_095147;08.06.2026;09:40:00;138;1;2305;12;U908Z1P;Ústavy Akademie věd;50.02113;14.46279
20260608_095147_L154;20260608_095147;08.06.2026;09:37:00;154;5;3019;14;U596Z3P;Strašnická;50.05397;14.51912
20260608_095147_L177;20260608_095147;08.06.2026;09:38:00;177;24;6886;13;U740Z3P;Poliklinika Mazurská;50.1277;14.47593
20260608_095147_L180;20260608_095147;08.06.2026;09:40:00;180;3;5120;12;U229Z2P;Dejvická;50.08649;14.37158
20260608_095147_L181;20260608_095147;08.06.2026;09:42:00;181;1;5110;10;U1197Z2P;Černý Most;50.10145;14.55431
20260608_095147_L181;20260608_095147;08.06.2026;09:42:00;181;5;5034;10;U344Z3P;Černý Most;50.03186;14.50735
20260608_095147_L182;20260608_095147;08.06.2026;09:38:00;182;8;4168;13;U453Z7P;Radiová;50.05351;14.53619
20260608_095147_L183;20260608_095147;08.06.2026;09:42:00;183;5;5546;10;U538Z2P;Háje;50.08599;14.53748
20260608_095147_L183;20260608_095147;08.06.2026;09:40:00;183;10;5558;12;U1001Z1P;Háje;50.04455;14.56711
20260608_095147_L183;20260608_095147;08.06.2026;09:40:00;183;4;6824;11;U453Z12P;Vozovna Kobylisy;50.05404;14.53803
20260608_095147_L188;20260608_095147;08.06.2026;09:42:00;188;7;5044;10;U548Z2P;Želivského;50.0823;14.5026
20260608_095147_L201;20260608_095147;08.06.2026;09:39:00;201;11;3900;13;U305Z2P;Nádraží Holešovice;50.11697;14.44963
20260608_095147_L201;20260608_095147;08.06.2026;09:37:00;201;9;3882;13;U54Z3P;Černý Most;50.11522;14.47114
20260608_095147_L204;20260608_095147;08.06.2026;09:38:00;204;74;9016;13;U2603Z1P;Stavební zóna Horní Počernice;50.11028;14.61048
20260608_095147_L209;20260608_095147;08.06.2026;09:40:00;209;42;9119;11;U243Z16P;Letňany;50.13008;14.55093
20260608_095147_L250;20260608_095147;08.06.2026;09:42:00;250;1;6963;10;U3008Z1P;Sídliště Rohožník;50.07735;14.6541
20260608_095147_L821;20260608_095147;08.06.2026;09:40:00;821;73;1610;11;U4992Z1;Kolín,nádraží;50.00155;15.12774
20260608_095147_L366;20260608_095147;08.06.2026;09:40:00;366;3;4521;11;U435Z2;Praha,Depo Hostivař;50.03991;14.58718
20260608_095147_L369;20260608_095147;08.06.2026;09:41:00;369;33;8269;10;U1976Z2;Praha,Ládví;50.16912;14.48386
20260608_095147_L383;20260608_095147;08.06.2026;09:40:00;383;31;9139;11;U542Z1;Chocerady;50.03532;14.59344
20260608_095147_L389;20260608_095147;08.06.2026;09:40:00;389;17;7755;11;U4776Z1;Chomutov,žel.st.;50.22853;14.09424
20260608_095147_L398;20260608_095147;08.06.2026;09:37:00;398;26;1684;14;U188Z2;Praha,Černý Most;50.11261;14.59485
20260608_095147_L399;20260608_095147;08.06.2026;09:40:00;399;2;1295;11;U4317Z1;Kladno,Energie;50.12805;14.12787
20260608_095147_L404;20260608_095147;08.06.2026;09:40:00;404;14;8349;10;U1141Z6;Kralovice;50.05435;14.29089
20260608_095147_L438;20260608_095147;08.06.2026;09:40:00;438;4;7859;10;U2507Z1;Benešov,Terminál;49.83628;14.47286
20260608_095147_L474;20260608_095147;08.06.2026;09:30:00;474;43;8070;18;U1792Z1;Mělník,Slovany;50.34458;14.49465
20260608_095147_L489;20260608_095147;08.06.2026;09:40:00;489;30;1626;11;U2036Z1;Strančice,žel.st.;49.97109;14.73858
20260608_095147_L620;20260608_095147;08.06.2026;09:40:00;620;12;8432;10;U4214Z2;Kladno,autobusové nádraží;50.23366;14.27054
20260608_095147_L631;20260608_095147;08.06.2026;09:38:00;631;48;9784;12;U9773Z2;Beroun,autobusové nádraží;49.98884;14.04159
20260608_095147_L754;20260608_095147;08.06.2026;09:40:00;754;19;7215;10;U7509Z1;Příbram,aut.nádr.;49.67815;14.23456
20260608_095548_L125;20260608_095548;08.06.2026;09:43:00;125;9;5109;12;U1066Z2P;Skalka;50.06387;14.52636
20260608_095548_L135;20260608_095548;08.06.2026;09:44:00;135;4;5071;12;U322Z3P;Chodov;50.04553;14.48474
20260608_095548_L136;20260608_095548;08.06.2026;09:40:00;136;16;6882;13;U1074Z4P;Jižní Město;50.091;14.46819
20260608_095548_L136;20260608_095548;08.06.2026;09:45:00;136;29;5556;11;U353Z1P;Jižní Město;50.02624;14.52152
20260608_095548_L136;20260608_095548;08.06.2026;09:41:00;136;13;5136;14;U286Z5P;Jižní Město;50.03058;14.52876
20260608_095548_L136;20260608_095548;08.06.2026;09:44:00;136;33;5518;11;U183Z3P;Jižní Město;50.05612;14.47164
20260608_095548_L136;20260608_095548;08.06.2026;09:44:00;136;15;6806;10;U855Z1P;Jižní Město;50.07449;14.46386
20260608_095548_L137;20260608_095548;08.06.2026;09:43:00;137;5;3698;12;U835Z1P;U Waltrovky;50.06531;14.39359
20260608_095548_L154;20260608_095548;08.06.2026;09:42:00;154;5;3019;13;U784Z2P;Strašnická;50.05317;14.49423
20260608_095548_L166;20260608_095548;08.06.2026;09:45:00;166;3;1943;10;U3006Z1P;Domov seniorů Ďáblice;50.11627;14.46097
20260608_095548_L170;20260608_095548;08.06.2026;09:46:00;170;4;3834;10;U151Z1P;Jižní Město;50.03149;14.53372
20260608_095548_L177;20260608_095548;08.06.2026;09:43:00;177;24;6886;12;U675Z3P;Poliklinika Mazurská;50.12473;14.45517
20260608_095548_L180;20260608_095548;08.06.2026;09:42:00;180;3;5120;14;U182Z2P;Dejvická;50.08756;14.38073
20260608_095548_L181;20260608_095548;08.06.2026;09:45:00;181;1;5110;10;U818Z1P;Černý Most;50.10619;14.55884
20260608_095548_L183;20260608_095548;08.06.2026;09:44:00;183;5;5546;11;U747Z1P;Háje;50.07796;14.53775
20260608_095548_L183;20260608_095548;08.06.2026;09:44:00;183;10;5558;11;U338Z2P;Háje;50.03325;14.55963
20260608_095548_L183;20260608_095548;08.06.2026;09:41:00;183;4;6824;13;U677Z2P;Vozovna Kobylisy;50.06197;14.53731
20260608_095548_L188;20260608_095548;08.06.2026;09:45:00;188;7;5044;11;U575Z2P;Želivského;50.08096;14.48538
20260608_095548_L201;20260608_095548;08.06.2026;09:41:00;201;9;3882;15;U990Z1P;Černý Most;50.12049;14.48472
20260608_095548_L203;20260608_095548;08.06.2026;09:41:00;203;8;1940;14;U735Z2P;Háje;50.03415;14.51089
20260608_095548_L204;20260608_095548;08.06.2026;09:42:00;204;74;9016;13;U862Z1P;Stavební zóna Horní Počernice;50.11706;14.62304
20260608_095548_L209;20260608_095548;08.06.2026;09:44:00;209;42;9119;12;U109Z2P;Letňany;50.12471;14.53246
20260608_095548_L240;20260608_095548;08.06.2026;09:42:00;240;13;1762;13;U1344Z1P;Háje;50.07593;14.60293
20260608_095548_L240;20260608_095548;08.06.2026;09:42:00;240;14;1755;13;U1069Z3P;Černý Most;50.05062;14.56602
20260608_095548_L821;20260608_095548;08.06.2026;09:44:00;821;73;1610;10;U4993Z1;Kolín,nádraží;50.01357;15.1618
20260608_095548_L825;20260608_095548;08.06.2026;09:45:00;825;44;9575;10;U4272Z1;Králův Dvůr,Popovice;49.96842;14.07857
20260608_095548_L300;20260608_095548;08.06.2026;09:46:00;300;10;8965;10;U4302Z52;Kladno,u kostela;50.14593;14.19998
20260608_095548_L357;20260608_095548;08.06.2026;09:45:00;357;29;1622;10;U106Z1;Čestlice;50.02741;14.50768
20260608_095548_L366;20260608_095548;08.06.2026;09:42:00;366;3;4521;12;U367Z2;Praha,Depo Hostivař;50.05018;14.57003
20260608_095548_L369;20260608_095548;08.06.2026;09:45:00;369;33;8269;11;U287Z6;Praha,Ládví;50.14768;14.4864
20260608_095548_L383;20260608_095548;08.06.2026;09:44:00;383;31;9139;12;U808Z5;Chocerady;50.03061;14.60644
20260608_095548_L385;20260608_095548;08.06.2026;09:44:00;385;19;1623;10;U1371Z3;Praha,Opatov;50.00637;14.56214
20260608_095548_L389;20260608_095548;08.06.2026;09:42:00;389;17;7755;12;U4777Z2;Chomutov,žel.st.;50.22893;14.09095
20260608_095548_L398;20260608_095548;08.06.2026;09:37:00;398;26;1684;15;U188Z2;Praha,Černý Most;50.10887;14.57506
20260608_095548_L399;20260608_095548;08.06.2026;09:43:00;399;2;1295;12;U4320Z1;Kladno,Energie;50.13211;14.1124
20260608_095548_L404;20260608_095548;08.06.2026;09:40:00;404;14;8349;15;U1141Z6;Kralovice;50.05461;14.29055
20260608_095548_L438;20260608_095548;08.06.2026;09:43:00;438;4;7859;11;U2508Z1;Benešov,Terminál;49.81982;14.47104
20260608_095548_L474;20260608_095548;08.06.2026;09:30:00;474;43;8070;22;U1792Z1;Mělník,Slovany;50.34458;14.49465
20260608_095548_L506;20260608_095548;08.06.2026;09:46:00;506;16;9533;10;U9708Z2;Příbram,Svatá Hora areál;49.68718;14.02163
20260608_095548_L620;20260608_095548;08.06.2026;09:42:00;620;12;8432;12;U2942Z2;Kladno,autobusové nádraží;50.23226;14.25882
20260608_095548_L631;20260608_095548;08.06.2026;09:42:00;631;48;9784;13;U9883Z2;Beroun,autobusové nádraží;49.9892;14.05702
20260608_095548_L659;20260608_095548;08.06.2026;09:42:00;659;36;9178;10;U2016Z2;Stříbrná Skalice,Náměstí;49.99415;14.8602
20260608_095548_L754;20260608_095548;08.06.2026;09:44:00;754;19;7215;11;U7786Z1;Příbram,aut.nádr.;49.68521;14.20386
20260608_095948_L125;20260608_095948;08.06.2026;09:46:00;125;9;5109;13;U1076Z2P;Skalka;50.07031;14.50943
20260608_095948_L135;20260608_095948;08.06.2026;09:49:00;135;4;5071;11;U1032Z1P;Chodov;50.03399;14.4828
20260608_095948_L136;20260608_095948;08.06.2026;09:45:00;136;16;6882;15;U2787Z2P;Jižní Město;50.08809;14.45758
20260608_095948_L136;20260608_095948;08.06.2026;09:48:00;136;33;5518;12;U322Z3P;Jižní Město;50.04605;14.48397
20260608_095948_L136;20260608_095948;08.06.2026;09:49:00;136;15;6806;10;U680Z3P;Jižní Město;50.06835;14.46916
20260608_095948_L137;20260608_095948;08.06.2026;09:43:00;137;5;3698;16;U835Z1P;U Waltrovky;50.06532;14.3936
20260608_095948_L154;20260608_095948;08.06.2026;09:45:00;154;5;3019;14;U920Z2P;Strašnická;50.06398;14.49433
20260608_095948_L166;20260608_095948;08.06.2026;09:49:00;166;3;1943;10;U54Z3P;Domov seniorů Ďáblice;50.11607;14.46819
20260608_095948_L177;20260608_095948;08.06.2026;09:46:00;177;24;6886;13;U544Z1P;Poliklinika Mazurská;50.12749;14.4351
20260608_095948_L181;20260608_095948;08.06.2026;09:49:00;181;5;5034;10;U160Z2P;Černý Most;50.04933;14.52715
20260608_095948_L183;20260608_095948;08.06.2026;09:49:00;183;5;5546;10;U227Z3P;Háje;50.06197;14.53628
20260608_095948_L183;20260608_095948;08.06.2026;09:47:00;183;10;5558;12;U151Z2P;Háje;50.03166;14.5336
20260608_095948_L201;20260608_095948;08.06.2026;09:45:00;201;9;3882;15;U351Z1P;Černý Most;50.12786;14.49141
20260608_095948_L203;20260608_095948;08.06.2026;09:45:00;203;8;1940;14;U217Z2P;Háje;50.03558;14.53094
20260608_095948_L204;20260608_095948;08.06.2026;09:49:00;204;71;9011;10;U1014Z1P;Stavební zóna Horní Počernice;50.07174;14.54137
20260608_095948_L204;20260608_095948;08.06.2026;09:47:00;204;74;9016;12;U1351Z2P;Stavební zóna Horní Počernice;50.12168;14.60529
20260608_095948_L209;20260608_095948;08.06.2026;09:49:00;209;47;9468;10;U1367Z1P;Letňany;50.08959;14.62102
20260608_095948_L240;20260608_095948;08.06.2026;09:46:00;240;13;1762;14;U107Z2P;Háje;50.06262;14.59057
20260608_095948_L240;20260608_095948;08.06.2026;09:42:00;240;14;1755;16;U1069Z3P;Černý Most;50.05468;14.56397
20260608_095948_L825;20260608_095948;08.06.2026;09:48:00;825;44;9575;12;U4182Z1;Králův Dvůr,Popovice;49.96568;14.07046
20260608_095948_L300;20260608_095948;08.06.2026;09:49:00;300;10;8965;10;U4303Z52;Kladno,u kostela;50.15346;14.18537
20260608_095948_L300;20260608_095948;08.06.2026;09:49:00;300;22;8998;10;U4145Z1;Smečno;50.17026;14.06023
20260608_095948_L311;20260608_095948;08.06.2026;09:48:00;311;75;9579;10;U1852Z51;Řevnice,nádraží;49.92664;14.26898
20260608_095948_L357;20260608_095948;08.06.2026;09:48:00;357;29;1622;11;U730Z1;Čestlice;50.01748;14.51097
20260608_095948_L383;20260608_095948;08.06.2026;09:45:00;383;31;9139;13;U2137Z1;Chocerady;50.01907;14.63151
20260608_095948_L385;20260608_095948;08.06.2026;09:44:00;385;19;1623;14;U1371Z3;Praha,Opatov;50.00644;14.56136
20260608_095948_L389;20260608_095948;08.06.2026;09:46:00;389;17;7755;13;U4787Z1;Chomutov,žel.st.;50.23328;14.08005
20260608_095948_L399;20260608_095948;08.06.2026;09:46:00;399;2;1295;12;U4310Z1;Kladno,Energie;50.13972;14.10011
20260608_095948_L404;20260608_095948;08.06.2026;09:40:00;404;14;8349;18;U1141Z6;Kralovice;50.05533;14.28995
20260608_095948_L411;20260608_095948;08.06.2026;09:49:00;411;1;2065;10;U5016Z2;Praha,Kobylisy;50.15939;14.4179
20260608_095948_L438;20260608_095948;08.06.2026;09:46:00;438;4;7859;11;U2509Z1;Benešov,Terminál;49.81429;14.48357
20260608_095948_L474;20260608_095948;08.06.2026;09:30:00;474;43;8070;26;U1792Z1;Mělník,Slovany;50.34458;14.49465
20260608_095948_L488;20260608_095948;08.06.2026;09:49:00;488;21;7223;10;U7665Z2;Příbram,aut.nádr.;49.56641;14.11328
20260608_095948_L506;20260608_095948;08.06.2026;09:50:00;506;13;9530;10;U9756Z1;Příbram,Zdaboř,Červená;49.66947;13.99576
20260608_095948_L620;20260608_095948;08.06.2026;09:45:00;620;12;8432;13;U2918Z2;Kladno,autobusové nádraží;50.23243;14.24166
20260608_095948_L631;20260608_095948;08.06.2026;09:46:00;631;48;9784;12;U4274Z2;Beroun,autobusové nádraží;49.9702;14.0771
20260608_095948_L659;20260608_095948;08.06.2026;09:42:00;659;36;9178;14;U2016Z2;Stříbrná Skalice,Náměstí;49.99415;14.8602
20260608_100348_L177;20260608_100348;08.06.2026;09:51:00;177;24;6886;13;U912Z4P;Poliklinika Mazurská;50.131;14.41724
20260608_100348_L136;20260608_100348;08.06.2026;09:51:00;136;33;5518;11;U181Z1P;Jižní Město;50.03453;14.49757
20260608_100348_L181;20260608_100348;08.06.2026;09:52:00;181;5;5034;11;U472Z3P;Černý Most;50.05267;14.52877
20260608_100348_L383;20260608_100348;08.06.2026;09:50:00;383;31;9139;13;U1885Z1;Chocerady;50.00477;14.65707
20260608_100348_L401;20260608_100348;08.06.2026;09:53:00;401;66;7931;10;U2139Z1;Praha,Roztyly;49.78835;14.68374
20260608_100348_L474;20260608_100348;08.06.2026;09:30:00;474;43;8070;30;U1792Z1;Mělník,Slovany;50.34458;14.49465
20260608_100348_L154;20260608_100348;08.06.2026;09:49:00;154;5;3019;14;U599Z1P;Strašnická;50.07058;14.48855
20260608_100348_L180;20260608_100348;08.06.2026;09:54:00;180;5;6943;10;U867Z1P;Dejvická;50.09359;14.38922
20260608_100348_L385;20260608_100348;08.06.2026;09:44:00;385;19;1623;17;U1371Z3;Praha,Opatov;50.00746;14.55562
20260608_100348_L620;20260608_100348;08.06.2026;09:49:00;620;12;8432;14;U4424Z1;Kladno,autobusové nádraží;50.22565;14.22306
20260608_100348_L631;20260608_100348;08.06.2026;09:50:00;631;48;9784;13;U4272Z1;Beroun,autobusové nádraží;49.96891;14.07943
20260608_100348_L404;20260608_100348;08.06.2026;09:40:00;404;14;8349;22;U1141Z6;Kralovice;50.05993;14.27685
20260608_100348_L389;20260608_100348;08.06.2026;09:51:00;389;17;7755;12;U4860Z1;Chomutov,žel.st.;50.25168;14.06115
20260608_100348_L204;20260608_100348;08.06.2026;09:53:00;204;71;9011;10;U820Z1P;Stavební zóna Horní Počernice;50.07283;14.55632
20260608_100348_L240;20260608_100348;08.06.2026;09:49:00;240;13;1762;13;U108Z2P;Háje;50.0565;14.57043
20260608_100348_L357;20260608_100348;08.06.2026;09:51:00;357;29;1622;12;U2715Z1;Čestlice;50.00261;14.51593
20260608_100348_L311;20260608_100348;08.06.2026;09:52:00;311;75;9579;10;U1601Z1;Řevnice,nádraží;49.91723;14.24331
20260608_100348_L785;20260608_100348;08.06.2026;09:51:00;785;11;7610;11;U9405Z1;Kácov,nám.;49.77806;15.02914
20260608_100348_L411;20260608_100348;08.06.2026;09:52:00;411;1;2065;10;U5013Z1;Praha,Kobylisy;50.16481;14.4329
20260608_100348_L339;20260608_100348;08.06.2026;09:53:00;339;25;9956;10;U4861Z2;Praha,Budějovická;49.99475;14.48772
20260608_100348_L739;20260608_100348;08.06.2026;09:50:00;739;74;9762;10;U9475Z1;Kněžmost,nám.;50.47673;14.95887
20260608_100348_L754;20260608_100348;08.06.2026;09:52:00;754;19;7215;11;U7479Z1;Příbram,aut.nádr.;49.70411;14.10353
20260608_100348_L488;20260608_100348;08.06.2026;09:51:00;488;21;7223;11;U7060Z2;Příbram,aut.nádr.;49.57354;14.09252
20260608_100348_L126;20260608_100348;08.06.2026;09:52:00;126;1;3825;12;U3053Z2P;Nádraží Uhříněves;50.02998;14.59544
20260608_100348_L399;20260608_100348;08.06.2026;09:51:00;399;2;1295;12;U4313Z3;Kladno,Energie;50.14436;14.09192
20260608_100348_L137;20260608_100348;08.06.2026;09:43:00;137;5;3698;20;U835Z1P;U Waltrovky;50.06532;14.3936
20260608_100749_L136;20260608_100749;08.06.2026;09:55:00;136;33;5518;12;U106Z2P;Jižní Město;50.02754;14.50774
20260608_100749_L311;20260608_100749;08.06.2026;09:52:00;311;75;9579;13;U1601Z1;Řevnice,nádraží;49.91404;14.23555
20260608_100749_L136;20260608_100749;08.06.2026;09:54:00;136;16;6882;14;U855Z1P;Jižní Město;50.07459;14.46279
20260608_100749_L357;20260608_100749;08.06.2026;09:56:00;357;29;1622;11;U1227Z1;Čestlice;49.99502;14.54513
20260608_100749_L240;20260608_100749;08.06.2026;09:54:00;240;13;1762;12;U1069Z4P;Háje;50.04891;14.5592
20260608_100749_L126;20260608_100749;08.06.2026;09:52:00;126;1;3825;14;U3053Z2P;Nádraží Uhříněves;50.03099;14.59755
20260608_100749_L183;20260608_100749;08.06.2026;09:58:00;183;5;5546;10;U1069Z1P;Háje;50.04801;14.56459
20260608_100749_L739;20260608_100749;08.06.2026;09:55:00;739;74;9762;10;U6212Z1;Kněžmost,nám.;50.48313;14.98444
20260608_100749_L163;20260608_100749;08.06.2026;09:56:00;163;52;9467;10;U28Z2P;Depo Hostivař;50.08128;14.60988
20260608_100749_L339;20260608_100749;08.06.2026;09:57:00;339;25;9956;10;U799Z3;Praha,Budějovická;50.01108;14.47716
20260608_100749_L180;20260608_100749;08.06.2026;09:54:00;180;5;6943;12;U867Z1P;Dejvická;50.09486;14.39628
20260608_100749_L181;20260608_100749;08.06.2026;09:55:00;181;5;5034;12;U677Z2P;Černý Most;50.06134;14.53729
20260608_100749_L478;20260608_100749;08.06.2026;09:57:00;478;16;8072;10;U2457Z1;Kostelec n.L.,Nám.;50.17601;14.66619
20260608_100749_L383;20260608_100749;08.06.2026;09:53:00;383;31;9139;14;U1878Z1;Chocerady;49.999;14.66828
20260608_100749_L389;20260608_100749;08.06.2026;09:54:00;389;17;7755;12;U9225Z2;Chomutov,žel.st.;50.25869;14.03808
20260608_100749_L401;20260608_100749;08.06.2026;09:53:00;401;66;7931;12;U2139Z1;Praha,Roztyly;49.81825;14.68354
20260608_100749_L399;20260608_100749;08.06.2026;09:56:00;399;2;1295;11;U3095Z1;Kladno,Energie;50.14279;14.0695
20260608_100749_L631;20260608_100749;08.06.2026;09:54:00;631;48;9784;13;U4336Z1;Beroun,autobusové nádraží;49.96254;14.06952
20260608_100749_L325;20260608_100749;08.06.2026;09:56:00;325;40;1633;11;U136Z2;Praha,Nádraží Uhříněves;50.02727;14.59357
20260608_100749_L385;20260608_100749;08.06.2026;09:44:00;385;19;1623;18;U1371Z3;Praha,Opatov;50.0187;14.51864
20260608_100749_L474;20260608_100749;08.06.2026;09:30:00;474;43;8070;34;U1792Z1;Mělník,Slovany;50.34458;14.49465
20260608_100749_L204;20260608_100749;08.06.2026;09:56:00;204;71;9011;11;U1390Z1P;Stavební zóna Horní Počernice;50.08599;14.57575
20260608_100749_L754;20260608_100749;08.06.2026;09:54:00;754;19;7215;11;U9646Z5;Příbram,aut.nádr.;49.70155;14.05848
20260608_100749_L488;20260608_100749;08.06.2026;09:54:00;488;21;7223;12;U7616Z4;Příbram,aut.nádr.;49.57907;14.07201
20260608_100749_L201;20260608_100749;08.06.2026;09:53:00;201;9;3882;15;U405Z1P;Černý Most;50.12869;14.51154
20260608_100749_L825;20260608_100749;08.06.2026;09:56:00;825;44;9575;10;U4965Z1;Králův Dvůr,Popovice;49.94989;14.04135
20260608_100749_L381;20260608_100749;08.06.2026;09:53:00;381;11;9371;14;U1980Z1;Kutná Hora,hlavní nádraží;49.97276;14.91265
20260608_100749_L137;20260608_100749;08.06.2026;09:43:00;137;5;3698;24;U835Z1P;U Waltrovky;50.06533;14.3936
20260608_101149_L136;20260608_101149;08.06.2026;09:59:00;136;33;5518;12;U353Z1P;Jižní Město;50.02625;14.52149
20260608_101149_L209;20260608_101149;08.06.2026;10:01:00;209;47;9468;10;U1291Z1P;Letňany;50.11748;14.60135
20260608_101149_L640;20260608_101149;08.06.2026;09:57:00;640;15;9540;13;U9812Z2;Hostomice,nám.;49.82579;14.04238
20260608_101149_L136;20260608_101149;08.06.2026;09:57:00;136;16;6882;13;U29Z1P;Jižní Město;50.06956;14.46867
20260608_101149_L181;20260608_101149;08.06.2026;09:57:00;181;5;5034;14;U975Z2P;Černý Most;50.06592;14.53757
20260608_101149_L136;20260608_101149;08.06.2026;10:00:00;136;17;5088;10;U118Z4P;Jižní Město;50.07772;14.45891
20260608_101149_L754;20260608_101149;08.06.2026;10:00:00;754;19;7215;11;U9661Z1;Příbram,aut.nádr.;49.69078;14.03433
20260608_101149_L163;20260608_101149;08.06.2026;09:58:00;163;52;9467;11;U448Z2P;Depo Hostivař;50.08385;14.58247
20260608_101149_L339;20260608_101149;08.06.2026;10:00:00;339;25;9956;11;U908Z2;Praha,Budějovická;50.02277;14.46131
20260608_101149_L427;20260608_101149;08.06.2026;09:59:00;427;3;11611;12;U31050Z13;Mimoň,Žitavská;50.6619;14.72219
20260608_101149_L425;20260608_101149;08.06.2026;10:00:00;425;43;7586;12;U2588Z2;Praha,Černý Most;50.20696;15.29681
20260608_101149_L201;20260608_101149;08.06.2026;09:57:00;201;9;3882;14;U125Z1P;Černý Most;50.13958;14.50492
20260608_101149_L204;20260608_101149;08.06.2026;09:58:00;204;71;9011;10;U1163Z1P;Stavební zóna Horní Počernice;50.09669;14.60174
20260608_101149_L325;20260608_101149;08.06.2026;09:56:00;325;40;1633;15;U136Z2;Praha,Nádraží Uhříněves;50.02906;14.59392
20260608_101149_L357;20260608_101149;08.06.2026;10:00:00;357;29;1622;11;U1371Z1;Čestlice;50.00175;14.56143
20260608_101149_L240;20260608_101149;08.06.2026;09:59:00;240;13;1762;12;U732Z1P;Háje;50.04275;14.55367
20260608_101149_L413;20260608_101149;08.06.2026;09:59:00;413;61;8211;13;U4364Z2;Litoměřice,aut.nádr.;50.31291;14.30974
20260608_101149_L389;20260608_101149;08.06.2026;10:00:00;389;17;7755;12;U9229Z2;Chomutov,žel.st.;50.25874;14.00573
20260608_101149_L488;20260608_101149;08.06.2026;09:58:00;488;21;7223;13;U7615Z2;Příbram,aut.nádr.;49.5859;14.0764
20260608_101149_L638;20260608_101149;08.06.2026;10:00:00;638;48;9784;12;U2848Z5;Koněprusy,jeskyně;49.95762;14.07424
20260608_101149_L825;20260608_101149;08.06.2026;10:01:00;825;44;9575;11;U2849Z1;Králův Dvůr,Popovice;49.94533;14.03796
20260608_101550_L126;20260608_101550;08.06.2026;10:04:00;126;2;3853;11;U3053Z2P;Nádraží Uhříněves;50.02968;14.59496
20260608_101550_L364;20260608_101550;08.06.2026;10:04:00;364;1;4522;10;U2137Z2;Praha,Depo Hostivař;50.03107;14.60988
20260608_101550_L381;20260608_101550;08.06.2026;10:02:00;381;11;9371;13;U2145Z1;Kutná Hora,hlavní nádraží;49.96614;14.98082
20260608_101550_L478;20260608_101550;08.06.2026;10:05:00;478;16;8072;11;U1944Z2;Kostelec n.L.,Nám.;50.18721;14.64731
20260608_101550_L488;20260608_101550;08.06.2026;10:00:00;488;21;7223;15;U5857Z2;Příbram,aut.nádr.;49.59035;14.08418
20260608_101550_L339;20260608_101550;08.06.2026;10:02:00;339;25;9956;12;U488Z7;Praha,Budějovická;50.03337;14.45533
20260608_101550_L754;20260608_101550;08.06.2026;10:04:00;754;19;7215;10;U9712Z3;Příbram,aut.nádr.;49.6897;14.01338
20260608_101550_L181;20260608_101550;08.06.2026;09:57:00;181;5;5034;18;U975Z2P;Černý Most;50.06858;14.53746
20260608_101550_L389;20260608_101550;08.06.2026;10:03:00;389;17;7755;10;U9231Z2;Chomutov,žel.st.;50.27366;13.97391
20260608_101550_L650;20260608_101550;08.06.2026;10:04:00;650;22;12536;10;U31417Z4;Kladno,autobusové nádraží;50.50827;14.14673
20260608_101550_L383;20260608_101550;08.06.2026;10:01:00;383;31;9139;13;U2007Z1;Chocerady;49.98971;14.73546
20260608_101550_L485;20260608_101550;08.06.2026;10:01:00;485;7;7856;14;U4495Z2;Chářovice,II;49.83011;14.58726
20260608_101550_L638;20260608_101550;08.06.2026;10:02:00;638;48;9784;13;U4966Z2;Koněprusy,jeskyně;49.9506;14.06972
20260608_101550_L413;20260608_101550;08.06.2026;10:02:00;413;61;8211;12;U4365Z2;Litoměřice,aut.nádr.;50.33864;14.28702
20260608_101550_L204;20260608_101550;08.06.2026;10:06:00;204;71;9011;10;U845Z1P;Stavební zóna Horní Počernice;50.1091;14.60246
20260608_101550_L163;20260608_101550;08.06.2026;10:05:00;163;52;9467;10;U742Z4P;Depo Hostivař;50.07416;14.56013
20260608_101550_L166;20260608_101550;08.06.2026;10:01:00;166;2;7977;14;U326Z1P;Sídliště Čakovice;50.13847;14.5172
20260608_101550_L315;20260608_101550;08.06.2026;10:03:00;315;4;1861;10;U9478Z2;Praha,Černý Most;50.52099;14.97903
20260608_101550_L357;20260608_101550;08.06.2026;10:05:00;357;29;1622;10;U1382Z1;Čestlice;50.00342;14.57964
20260608_101550_L226;20260608_101550;08.06.2026;10:04:00;226;2;1590;10;U151Z2P;Háje;50.03111;14.53181
20260608_101550_L240;20260608_101550;08.06.2026;10:04:00;240;13;1762;11;U1012Z1P;Háje;50.03518;14.55944
20260608_101550_L183;20260608_101550;08.06.2026;10:04:00;183;5;5546;10;U338Z2P;Háje;50.0318;14.54824
20260608_101550_L427;20260608_101550;08.06.2026;09:59:00;427;3;11611;16;U31050Z13;Mimoň,Žitavská;50.6619;14.7222
20260608_101550_L136;20260608_101550;08.06.2026;10:01:00;136;16;6882;14;U37Z1P;Jižní Město;50.06043;14.46954
20260608_101550_L640;20260608_101550;08.06.2026;09:57:00;640;15;9540;17;U9812Z2;Hostomice,nám.;49.82579;14.04238
20260608_101550_L825;20260608_101550;08.06.2026;10:04:00;825;44;9575;11;U9008Z1;Králův Dvůr,Popovice;49.93297;14.02442
20260608_101550_L136;20260608_101550;08.06.2026;10:04:00;136;30;6982;12;U69Z2P;Jižní Město;50.08898;14.4616
20260608_101550_L201;20260608_101550;08.06.2026;10:01:00;201;9;3882;15;U326Z2P;Černý Most;50.13762;14.51681
20260608_101550_L135;20260608_101550;08.06.2026;10:05:00;135;8;5543;10;U1062Z2P;Florenc;50.07679;14.43542
20260608_101550_L177;20260608_101550;08.06.2026;10:06:00;177;2;5098;10;U694Z4P;Poliklinika Mazurská;50.09271;14.49761
20260608_101550_L136;20260608_101550;08.06.2026;10:04:00;136;17;5088;11;U855Z1P;Jižní Město;50.07446;14.46393
20260608_101950_L240;20260608_101950;08.06.2026;10:06:00;240;13;1762;11;U491Z1P;Háje;50.03334;14.54422
20260608_101950_L126;20260608_101950;08.06.2026;10:06:00;126;1;3825;13;U336Z3P;Koleje Jižní Město;50.03249;14.59747
20260608_101950_L201;20260608_101950;08.06.2026;10:05:00;201;9;3882;14;U323Z3P;Černý Most;50.13498;14.54355
20260608_101950_L364;20260608_101950;08.06.2026;10:04:00;364;1;4522;14;U2137Z2;Praha,Depo Hostivař;50.03032;14.60566
20260608_101950_L136;20260608_101950;08.06.2026;10:08:00;136;30;6982;11;U516Z3P;Jižní Město;50.08249;14.45907
20260608_101950_L383;20260608_101950;08.06.2026;10:07:00;383;31;9139;13;U2384Z1;Chocerady;49.97591;14.73519
20260608_101950_L427;20260608_101950;08.06.2026;09:59:00;427;3;11611;20;U31050Z13;Mimoň,Žitavská;50.6619;14.7222
20260608_101950_L650;20260608_101950;08.06.2026;10:09:00;650;22;12536;10;U31419Z1;Kladno,autobusové nádraží;50.49501;14.14714
20260608_101950_L759;20260608_101950;08.06.2026;10:09:00;759;5;7877;10;U5882Z1;Neveklov;49.76777;14.67989
20260608_101950_L315;20260608_101950;08.06.2026;10:03:00;315;4;1861;16;U9478Z2;Praha,Černý Most;50.51873;14.97761
20260608_101950_L183;20260608_101950;08.06.2026;10:07:00;183;5;5546;13;U151Z2P;Háje;50.03214;14.53432
20260608_101950_L485;20260608_101950;08.06.2026;10:05:00;485;7;7856;14;U4493Z2;Týnec n.Sáz.,žel.st.;49.82192;14.5762
20260608_101950_L641;20260608_101950;08.06.2026;10:07:00;641;16;9449;12;U9856Z1;Beroun,autobusové nádraží;49.88111;13.92342
20260608_101950_L754;20260608_101950;08.06.2026;10:04:00;754;19;7215;13;U9712Z3;Příbram,aut.nádr.;49.69272;14.0037
20260608_101950_L488;20260608_101950;08.06.2026;10:00:00;488;21;7223;16;U5857Z2;Příbram,aut.nádr.;49.59948;14.06523
20260608_101950_L412;20260608_101950;08.06.2026;10:10:00;412;41;9909;10;U9359Z2;Praha,Černý Most;50.40877;14.95466
20260608_101950_L381;20260608_101950;08.06.2026;10:06:00;381;11;9371;13;U2150Z1;Kutná Hora,hlavní nádraží;49.95959;15.0232
20260608_101950_L389;20260608_101950;08.06.2026;10:09:00;389;17;7755;10;U9233Z2;Chomutov,žel.st.;50.27579;13.95629
20260608_101950_L166;20260608_101950;08.06.2026;10:05:00;166;2;7977;15;U21Z1P;Sídliště Čakovice;50.1428;14.5072
20260608_101950_L300;20260608_101950;08.06.2026;10:06:00;300;2;8955;11;U80Z3;Kladno,u kostela;50.1136;14.28707
20260608_101950_L638;20260608_101950;08.06.2026;10:09:00;638;48;9784;11;U9054Z2;Koněprusy,jeskyně;49.92465;14.07005
20260608_101950_L126;20260608_101950;08.06.2026;10:04:00;126;2;3853;16;U3053Z2P;Nádraží Uhříněves;50.03016;14.59599
20260608_101950_L478;20260608_101950;08.06.2026;10:08:00;478;16;8072;11;U1947Z2;Kostelec n.L.,Nám.;50.18943;14.65758
20260608_101950_L366;20260608_101950;08.06.2026;10:09:00;366;3;4521;10;U1071Z4;Křenice;50.07679;14.51669
20260608_101950_L136;20260608_101950;08.06.2026;10:06:00;136;16;6882;13;U697Z3P;Jižní Město;50.04821;14.48135
20260608_101950_L640;20260608_101950;08.06.2026;09:57:00;640;15;9540;23;U9812Z2;Hostomice,nám.;49.82579;14.04238
20260608_101950_L135;20260608_101950;08.06.2026;10:08:00;135;8;5543;10;U821Z2P;Florenc;50.08569;14.43917
20260608_102351_L126;20260608_102351;08.06.2026;10:11:00;126;1;3825;13;U919Z2P;Koleje Jižní Město;50.01716;14.58443
20260608_102351_L126;20260608_102351;08.06.2026;10:04:00;126;2;3853;18;U3053Z2P;Nádraží Uhříněves;50.03118;14.59798
20260608_102351_L136;20260608_102351;08.06.2026;10:12:00;136;30;6982;12;U518Z3P;Jižní Město;50.07656;14.45886
20260608_102351_L136;20260608_102351;08.06.2026;10:14:00;136;18;5542;10;U69Z2P;Jižní Město;50.08891;14.46094
20260608_102351_L177;20260608_102351;08.06.2026;10:13:00;177;2;5098;10;U474Z4P;Poliklinika Mazurská;50.1121;14.5024
20260608_102351_L201;20260608_102351;08.06.2026;10:09:00;201;9;3882;14;U243Z5P;Černý Most;50.12981;14.55086
20260608_102351_L240;20260608_102351;08.06.2026;10:09:00;240;13;1762;14;U151Z2P;Háje;50.03116;14.53225
20260608_102351_L300;20260608_102351;08.06.2026;10:06:00;300;2;8955;12;U80Z3;Kladno,u kostela;50.13811;14.24253
20260608_102351_L366;20260608_102351;08.06.2026;10:13:00;366;3;4521;10;U389Z1;Křenice;50.07225;14.53553
20260608_102351_L381;20260608_102351;08.06.2026;10:09:00;381;11;9371;14;U2151Z1;Kutná Hora,hlavní nádraží;49.95413;15.03026
20260608_102351_L383;20260608_102351;08.06.2026;10:10:00;383;31;9139;13;U2037Z1;Chocerady;49.96062;14.74726
20260608_102351_L413;20260608_102351;08.06.2026;10:10:00;413;61;8211;13;U31439Z2;Litoměřice,aut.nádr.;50.36415;14.24989
20260608_102351_L427;20260608_102351;08.06.2026;09:59:00;427;3;11611;24;U31050Z13;Mimoň,Žitavská;50.6619;14.7222
20260608_102351_L478;20260608_102351;08.06.2026;10:11:00;478;16;8072;11;U11010Z2;Kostelec n.L.,Nám.;50.21246;14.63524
20260608_102351_L485;20260608_102351;08.06.2026;10:09:00;485;7;7856;14;U4495Z1;Týnec n.Sáz.,žel.st.;49.8336;14.5901
20260608_102351_L488;20260608_102351;08.06.2026;10:14:00;488;30;9785;10;U7616Z3;Mirovice,nám.;49.57231;14.07781
20260608_102351_L640;20260608_102351;08.06.2026;09:57:00;640;15;9540;25;U9812Z2;Hostomice,nám.;49.8259;14.04457
20260608_102351_L641;20260608_102351;08.06.2026;10:07:00;641;16;9449;15;U9856Z1;Beroun,autobusové nádraží;49.88154;13.9546
20260608_102351_L759;20260608_102351;08.06.2026;10:13:00;759;5;7877;10;U4525Z1;Neveklov;49.74121;14.6744
20260608_102751_L126;20260608_102751;08.06.2026;10:15:00;126;1;3825;12;U382Z2P;Koleje Jižní Město;50.02344;14.56473
20260608_102751_L126;20260608_102751;08.06.2026;10:16:00;126;3;4036;11;U220Z2P;Nádraží Uhříněves;50.02802;14.59339
20260608_102751_L136;20260608_102751;08.06.2026;10:13:00;136;16;6882;14;U344Z1P;Jižní Město;50.0315;14.50545
20260608_102751_L136;20260608_102751;08.06.2026;10:17:00;136;30;6982;10;U29Z1P;Jižní Město;50.07251;14.47048
20260608_102751_L146;20260608_102751;08.06.2026;10:15:00;146;3;9123;11;U128Z2P;Želivského;50.08785;14.49073
20260608_102751_L163;20260608_102751;08.06.2026;10:16:00;163;52;9467;10;U358Z4P;Depo Hostivař;50.07702;14.51679
20260608_102751_L166;20260608_102751;08.06.2026;10:16:00;166;5;1945;11;U3007Z1P;Domov seniorů Ďáblice;50.11681;14.46277
20260608_102751_L201;20260608_102751;08.06.2026;10:13:00;201;9;3882;14;U762Z1P;Černý Most;50.12546;14.57204
20260608_102751_L209;20260608_102751;08.06.2026;10:16:00;209;43;9481;10;U2276Z2P;Letňany;50.08885;14.61348
20260608_102751_L228;20260608_102751;08.06.2026;10:15:00;228;11;9044;12;U70Z7P;Benice;50.07784;14.51456
20260608_102751_L300;20260608_102751;08.06.2026;10:16:00;300;2;8955;11;U4302Z52;Kladno,u kostela;50.14597;14.1994
20260608_102751_L356;20260608_102751;08.06.2026;10:16:00;356;38;8818;11;U776Z2;Praha,Obchodní centrum Ruzyně;50.10889;14.27873
20260608_102751_L366;20260608_102751;08.06.2026;10:13:00;366;3;4521;12;U389Z1;Křenice;50.06995;14.54183
20260608_102751_L383;20260608_102751;08.06.2026;10:15:00;383;31;9139;12;U2040Z1;Chocerady;49.93491;14.75934
20260608_102751_L413;20260608_102751;08.06.2026;10:13:00;413;61;8211;13;U31438Z2;Litoměřice,aut.nádr.;50.40318;14.21321
20260608_102751_L427;20260608_102751;08.06.2026;09:59:00;427;3;11611;28;U31050Z13;Mimoň,Žitavská;50.6619;14.7222
20260608_102751_L478;20260608_102751;08.06.2026;10:15:00;478;16;8072;11;U2189Z2;Kostelec n.L.,Nám.;50.21289;14.61675
20260608_102751_L638;20260608_102751;08.06.2026;10:15:00;638;48;9784;10;U9052Z3;Beroun,autobusové nádraží;49.91932;14.06729
20260608_102751_L759;20260608_102751;08.06.2026;10:17:00;759;5;7877;10;U4557Z1;Neveklov;49.73206;14.6668
20260608_103151_L125;20260608_103151;08.06.2026;10:20:00;125;7;5103;10;U338Z2P;Smíchovské nádraží;50.03336;14.54332
20260608_103151_L126;20260608_103151;08.06.2026;10:16:00;126;1;3825;13;U6Z2P;Koleje Jižní Město;50.03165;14.54865
20260608_103151_L126;20260608_103151;08.06.2026;10:19:00;126;2;3853;12;U461Z2P;Koleje Jižní Město;50.03393;14.59196
20260608_103151_L126;20260608_103151;08.06.2026;10:16:00;126;3;4036;15;U220Z2P;Nádraží Uhříněves;50.02884;14.59362
20260608_103151_L136;20260608_103151;08.06.2026;10:17:00;136;16;6882;15;U916Z1P;Jižní Město;50.02514;14.51473
20260608_103151_L136;20260608_103151;08.06.2026;10:21:00;136;30;6982;10;U37Z1P;Jižní Město;50.06043;14.46956
20260608_103151_L136;20260608_103151;08.06.2026;10:22:00;136;18;5542;10;U518Z3P;Jižní Město;50.07661;14.45882
20260608_103151_L146;20260608_103151;08.06.2026;10:18:00;146;3;9123;13;U357Z1P;Želivského;50.08537;14.48232
20260608_103151_L166;20260608_103151;08.06.2026;10:19:00;166;5;1945;12;U54Z3P;Domov seniorů Ďáblice;50.11616;14.46799
20260608_103151_L177;20260608_103151;08.06.2026;10:21:00;177;2;5098;11;U467Z2P;Poliklinika Mazurská;50.12925;14.48235
20260608_103151_L181;20260608_103151;08.06.2026;10:21:00;181;4;4070;10;U538Z2P;Opatov;50.08273;14.53797
20260608_103151_L201;20260608_103151;08.06.2026;10:22:00;201;2;3889;10;U622Z2P;Nádraží Holešovice;50.11742;14.45767
20260608_103151_L201;20260608_103151;08.06.2026;10:16:00;201;9;3882;15;U51Z2P;Černý Most;50.12366;14.56686
20260608_103151_L209;20260608_103151;08.06.2026;10:20:00;209;43;9481;11;U926Z2P;Letňany;50.09578;14.62589
20260608_103151_L240;20260608_103151;08.06.2026;10:19:00;240;12;1759;12;U1342Z1P;Černý Most;50.07973;14.6043
20260608_103151_L300;20260608_103151;08.06.2026;10:19:00;300;2;8955;12;U4303Z52;Kladno,u kostela;50.15296;14.18797
20260608_103151_L311;20260608_103151;08.06.2026;10:20:00;311;75;9579;10;U2569Z1;Praha,Zličín;49.92758;14.234
20260608_103151_L325;20260608_103151;08.06.2026;10:16:00;325;40;1633;15;U461Z2;Čestlice,aquapark;50.03299;14.59397
20260608_103151_L332;20260608_103151;08.06.2026;10:17:00;332;21;9954;10;U488Z7;Praha,Budějovická;50.04512;14.44913
20260608_103151_L366;20260608_103151;08.06.2026;10:19:00;366;3;4521;12;U1099Z1;Křenice;50.05632;14.56229
20260608_103151_L381;20260608_103151;08.06.2026;10:17:00;381;11;9371;14;U2178Z1;Kutná Hora,hlavní nádraží;49.95614;15.1026
20260608_103151_L383;20260608_103151;08.06.2026;10:20:00;383;31;9139;11;U2042Z1;Chocerady;49.93194;14.77809
20260608_103151_L383;20260608_103151;08.06.2026;10:20:00;383;33;9490;11;U808Z2;Praha,Háje;50.03125;14.59934
20260608_103151_L413;20260608_103151;08.06.2026;10:19:00;413;61;8211;12;U32274Z2;Litoměřice,aut.nádr.;50.42513;14.18865
20260608_103151_L427;20260608_103151;08.06.2026;09:59:00;427;3;11611;32;U31050Z13;Mimoň,Žitavská;50.66174;14.72179
20260608_103151_L478;20260608_103151;08.06.2026;10:20:00;478;16;8072;11;U1248Z4;Kostelec n.L.,Nám.;50.22452;14.586
20260608_103151_L488;20260608_103151;08.06.2026;10:16:00;488;21;7223;15;U7721Z2;Příbram,aut.nádr.;49.63424;14.03957
20260608_103151_L502;20260608_103151;08.06.2026;10:21:00;502;7;9532;10;U3287Z12;Příbram,Zdaboř,Žežická;49.69041;14.00367
20260608_103151_L511;20260608_103151;08.06.2026;10:20:00;511;3;9828;11;U9734Z1;Tochovice,ObÚ;49.67957;13.99992
20260608_103151_L638;20260608_103151;08.06.2026;10:20:00;638;48;9784;11;U9017Z1;Beroun,autobusové nádraží;49.93858;14.07195
20260608_103151_L641;20260608_103151;08.06.2026;10:16:00;641;16;9449;15;U9854Z1;Beroun,autobusové nádraží;49.89432;13.95969
20260608_103552_L125;20260608_103552;08.06.2026;10:23:00;125;6;6946;10;U181Z2P;Smíchovské nádraží;50.03928;14.46833
20260608_103552_L125;20260608_103552;08.06.2026;10:23:00;125;7;5103;11;U151Z2P;Smíchovské nádraží;50.03166;14.53358
20260608_103552_L126;20260608_103552;08.06.2026;10:16:00;126;1;3825;16;U6Z2P;Koleje Jižní Město;50.03338;14.5432
20260608_103552_L126;20260608_103552;08.06.2026;10:21:00;126;2;3853;14;U336Z3P;Koleje Jižní Město;50.03246;14.59745
20260608_103552_L126;20260608_103552;08.06.2026;10:16:00;126;3;4036;19;U220Z2P;Nádraží Uhříněves;50.02937;14.59442
20260608_103552_L146;20260608_103552;08.06.2026;10:21:00;146;3;9123;13;U575Z2P;Želivského;50.07829;14.47636
20260608_103552_L155;20260608_103552;08.06.2026;10:24:00;155;5;9189;11;U1018Z1P;Nemocnice Vinohrady;50.086;14.50935
20260608_103552_L166;20260608_103552;08.06.2026;10:25:00;166;2;7977;10;U293Z1P;Domov seniorů Ďáblice;50.16052;14.52339
20260608_103552_L166;20260608_103552;08.06.2026;10:23:00;166;5;1945;11;U985Z1P;Domov seniorů Ďáblice;50.12659;14.4726
20260608_103552_L180;20260608_103552;08.06.2026;10:24:00;180;8;6860;10;U229Z2P;Dejvická;50.0868;14.37428
20260608_103552_L181;20260608_103552;08.06.2026;10:24:00;181;4;4070;10;U708Z1P;Opatov;50.07174;14.5373
20260608_103552_L209;20260608_103552;08.06.2026;10:25:00;209;43;9481;10;U408Z2P;Letňany;50.11632;14.62598
20260608_103552_L240;20260608_103552;08.06.2026;10:21:00;240;12;1759;13;U448Z2P;Černý Most;50.08382;14.5942
20260608_103552_L840;20260608_103552;08.06.2026;10:23:00;840;12;7853;10;U6760Z1;Vlašim,žel.st.;49.70082;14.89719
20260608_103552_L300;20260608_103552;08.06.2026;10:21:00;300;2;8955;13;U4304Z1;Kladno,u kostela;50.14919;14.16954
20260608_103552_L311;20260608_103552;08.06.2026;10:23:00;311;75;9579;12;U2377Z1;Praha,Zličín;49.92673;14.23086
20260608_103552_L366;20260608_103552;08.06.2026;10:24:00;366;3;4521;12;U435Z1;Křenice;50.03938;14.5879
20260608_103552_L369;20260608_103552;08.06.2026;10:24:00;369;32;8276;11;U1797Z2;Praha,Ládví;50.3686;14.46536
20260608_103552_L381;20260608_103552;08.06.2026;10:21:00;381;11;9371;13;U2179Z1;Kutná Hora,hlavní nádraží;49.95317;15.15231
20260608_103552_L383;20260608_103552;08.06.2026;10:24:00;383;31;9139;11;U2044Z1;Chocerady;49.91534;14.76407
20260608_103552_L383;20260608_103552;08.06.2026;10:22:00;383;33;9490;12;U542Z2;Praha,Háje;50.03677;14.59163
20260608_103552_L413;20260608_103552;08.06.2026;10:23:00;413;61;8211;12;U31426Z2;Litoměřice,aut.nádr.;50.45261;14.16705
20260608_103552_L488;20260608_103552;08.06.2026;10:25:00;488;30;9785;10;U5855Z1;Mirovice,nám.;49.5428;14.08583
20260608_103552_L502;20260608_103552;08.06.2026;10:25:00;502;7;9532;10;U9731Z1;Příbram,Zdaboř,Žežická;49.68181;14.00424
20260608_103552_L511;20260608_103552;08.06.2026;10:20:00;511;3;9828;15;U9734Z1;Tochovice,ObÚ;49.67957;13.99992
20260608_103552_L565;20260608_103552;08.06.2026;10:26:00;565;9;9526;10;U9717Z2;Příbram,Jiráskovy sady;49.68891;14.00992
20260608_103952_L125;20260608_103952;08.06.2026;10:27:00;125;7;5103;11;U604Z2P;Smíchovské nádraží;50.03243;14.51863
20260608_103952_L126;20260608_103952;08.06.2026;10:26:00;126;2;3853;13;U919Z2P;Koleje Jižní Město;50.01726;14.58558
20260608_103952_L166;20260608_103952;08.06.2026;10:27:00;166;5;1945;12;U4128Z1P;Domov seniorů Ďáblice;50.1277;14.46014
20260608_103952_L177;20260608_103952;08.06.2026;10:29:00;177;2;5098;10;U267Z1P;Poliklinika Mazurská;50.1248;14.44875
20260608_103952_L180;20260608_103952;08.06.2026;10:28:00;180;8;6860;12;U867Z1P;Dejvická;50.09353;14.38915
20260608_103952_L181;20260608_103952;08.06.2026;10:28:00;181;2;5111;11;U552Z2P;Černý Most;50.07003;14.53743
20260608_103952_L181;20260608_103952;08.06.2026;10:30:00;181;4;4070;10;U453Z6P;Opatov;50.05342;14.53567
20260608_103952_L209;20260608_103952;08.06.2026;10:28:00;209;43;9481;11;U1347Z1P;Letňany;50.12076;14.61601
20260608_103952_L228;20260608_103952;08.06.2026;10:27:00;228;12;9013;10;U136Z2P;Poliklinika Malešice;50.02845;14.59325
20260608_103952_L240;20260608_103952;08.06.2026;10:27:00;240;12;1759;12;U1235Z2P;Černý Most;50.10795;14.58757
20260608_103952_L311;20260608_103952;08.06.2026;10:27:00;311;75;9579;12;U1665Z2;Praha,Zličín;49.93873;14.23535
20260608_103952_L366;20260608_103952;08.06.2026;10:26:00;366;3;4521;12;U542Z1;Křenice;50.03519;14.59367
20260608_103952_L369;20260608_103952;08.06.2026;10:27:00;369;32;8276;12;U1795Z2;Praha,Ládví;50.35821;14.47332
20260608_103952_L381;20260608_103952;08.06.2026;10:25:00;381;11;9371;14;U2156Z2;Kutná Hora,hlavní nádraží;49.95294;15.16707
20260608_103952_L383;20260608_103952;08.06.2026;10:29:00;383;31;9139;10;U2046Z1;Chocerady;49.90431;14.78476
20260608_103952_L383;20260608_103952;08.06.2026;10:25:00;383;33;9490;13;U402Z2;Praha,Háje;50.03613;14.56771
20260608_103952_L413;20260608_103952;08.06.2026;10:27:00;413;61;8211;12;U31435Z2;Litoměřice,aut.nádr.;50.47443;14.16612
20260608_103952_L443;20260608_103952;08.06.2026;10:28:00;443;22;8594;11;U2349Z2;Nymburk,hl.nádr.;50.16131;14.75414
20260608_103952_L488;20260608_103952;08.06.2026;10:27:00;488;30;9785;10;U5856Z1;Mirovice,nám.;49.51934;14.07277
20260608_103952_L502;20260608_103952;08.06.2026;10:28:00;502;7;9532;10;U9735Z1;Příbram,Zdaboř,Žežická;49.67835;13.99378
20260608_103952_L565;20260608_103952;08.06.2026;10:26:00;565;9;9526;13;U9717Z2;Příbram,Jiráskovy sady;49.68891;14.00992
20260608_104352_L125;20260608_104352;08.06.2026;10:31:00;125;7;5103;12;U424Z2P;Smíchovské nádraží;50.0335;14.49957
20260608_104352_L126;20260608_104352;08.06.2026;10:30:00;126;2;3853;14;U382Z2P;Koleje Jižní Město;50.02364;14.56569
20260608_104352_L126;20260608_104352;08.06.2026;10:31:00;126;4;4023;12;U220Z2P;Nádraží Uhříněves;50.02871;14.59351
20260608_104352_L166;20260608_104352;08.06.2026;10:33:00;166;2;7977;11;U3212Z2P;Domov seniorů Ďáblice;50.15143;14.52024
20260608_104352_L166;20260608_104352;08.06.2026;10:30:00;166;5;1945;12;U55Z2P;Domov seniorů Ďáblice;50.1334;14.47596
20260608_104352_L177;20260608_104352;08.06.2026;10:33:00;177;2;5098;10;U581Z1P;Poliklinika Mazurská;50.13007;14.43101
20260608_104352_L180;20260608_104352;08.06.2026;10:28:00;180;8;6860;14;U867Z1P;Dejvická;50.09484;14.39629
20260608_104352_L181;20260608_104352;08.06.2026;10:32:00;181;2;5111;12;U747Z2P;Černý Most;50.08165;14.53826
20260608_104352_L181;20260608_104352;08.06.2026;10:33:00;181;4;4070;10;U403Z8P;Opatov;50.05123;14.52364
20260608_104352_L209;20260608_104352;08.06.2026;10:31:00;209;43;9481;12;U1291Z1P;Letňany;50.11837;14.60278
20260608_104352_L228;20260608_104352;08.06.2026;10:27:00;228;12;9013;16;U136Z2P;Poliklinika Malešice;50.02949;14.59462
20260608_104352_L240;20260608_104352;08.06.2026;10:29:00;240;12;1759;13;U897Z11P;Černý Most;50.10864;14.57351
20260608_104352_L300;20260608_104352;08.06.2026;10:29:00;300;2;8955;14;U4308Z3;Kladno,u kostela;50.13231;14.11226
20260608_104352_L306;20260608_104352;08.06.2026;10:33:00;306;2;8858;10;U4103Z2;Praha,Zličín;50.10722;14.21305
20260608_104352_L366;20260608_104352;08.06.2026;10:30:00;366;3;4521;13;U808Z1;Křenice;50.02982;14.60489
20260608_104352_L369;20260608_104352;08.06.2026;10:29:00;369;32;8276;11;U1794Z2;Praha,Ládví;50.3503;14.48693
20260608_104352_L381;20260608_104352;08.06.2026;10:33:00;381;3;1678;10;U2010Z1;Čáslav,obchodní centrum;49.98832;14.76799
20260608_104352_L381;20260608_104352;08.06.2026;10:30:00;381;11;9371;14;U1475Z1;Kutná Hora,hlavní nádraží;49.94644;15.20671
20260608_104352_L382;20260608_104352;08.06.2026;10:30:00;382;20;9937;13;U286Z4;Sázava,aut.st.;50.02993;14.52498
20260608_104352_L413;20260608_104352;08.06.2026;10:30:00;413;61;8211;11;U32614Z1;Litoměřice,aut.nádr.;50.51211;14.16842
20260608_104352_L431;20260608_104352;08.06.2026;10:32:00;431;1;1800;10;U6106Z1;Benátky n.Jiz.,aut.st.;50.28554;14.82805
20260608_104352_L460;20260608_104352;08.06.2026;10:30:00;460;68;1609;11;U9996Z1;Bečváry,Červený Hrádek;49.9392;15.09987
20260608_104352_L731;20260608_104352;08.06.2026;10:30:00;731;5;9765;13;U6251Z1;Bělá p.Bezd.,Bezdědice;50.48249;14.70164
20260608_104753_L125;20260608_104753;08.06.2026;10:33:00;125;7;5103;12;U181Z2P;Smíchovské nádraží;50.04019;14.471
20260608_104753_L126;20260608_104753;08.06.2026;10:32:00;126;4;4023;15;U3053Z2P;Nádraží Uhříněves;50.03034;14.59616
20260608_104753_L166;20260608_104753;08.06.2026;10:36:00;166;2;7977;11;U368Z2P;Domov seniorů Ďáblice;50.14949;14.50593
20260608_104753_L177;20260608_104753;08.06.2026;10:37:00;177;2;5098;11;U371Z1P;Poliklinika Mazurská;50.12846;14.41696
20260608_104753_L181;20260608_104753;08.06.2026;10:35:00;181;2;5111;12;U884Z3P;Černý Most;50.0926;14.5364
20260608_104753_L181;20260608_104753;08.06.2026;10:36:00;181;4;4070;12;U641Z4P;Opatov;50.04564;14.52529
20260608_104753_L300;20260608_104753;08.06.2026;10:32:00;300;2;8955;14;U4310Z1;Kladno,u kostela;50.13951;14.10035
20260608_104753_L306;20260608_104753;08.06.2026;10:33:00;306;2;8858;12;U4103Z2;Praha,Zličín;50.09809;14.2107
20260608_104753_L311;20260608_104753;08.06.2026;10:35:00;311;75;9579;12;U1664Z2;Praha,Zličín;49.95168;14.21785
20260608_104753_L366;20260608_104753;08.06.2026;10:34:00;366;3;4521;13;U490Z1;Křenice;50.04152;14.61337
20260608_104753_L369;20260608_104753;08.06.2026;10:36:00;369;32;8276;11;U1793Z1;Praha,Ládví;50.35021;14.48859
20260608_104753_L381;20260608_104753;08.06.2026;10:35:00;381;3;1678;12;U2011Z1;Čáslav,obchodní centrum;49.98861;14.79369
20260608_104753_L381;20260608_104753;08.06.2026;10:33:00;381;11;9371;14;U1476Z1;Kutná Hora,hlavní nádraží;49.94682;15.24755
20260608_104753_L382;20260608_104753;08.06.2026;10:32:00;382;20;9937;14;U151Z1;Sázava,aut.st.;50.03373;14.53845
20260608_104753_L389;20260608_104753;08.06.2026;10:37:00;389;17;7755;10;U4858Z1;Chomutov,žel.st.;50.35687;13.78395
20260608_104753_L413;20260608_104753;08.06.2026;10:35:00;413;61;8211;12;U31417Z4;Litoměřice,aut.nádr.;50.5113;14.14882
20260608_104753_L431;20260608_104753;08.06.2026;10:32:00;431;1;1800;13;U6106Z1;Benátky n.Jiz.,aut.st.;50.28556;14.82804
20260608_104753_L460;20260608_104753;08.06.2026;10:30:00;460;68;1609;15;U9996Z1;Bečváry,Červený Hrádek;49.94025;15.09925
20260608_104753_L502;20260608_104753;08.06.2026;10:35:00;502;7;9532;12;U9754Z2;Příbram,Svatá Hora;49.67464;13.99044
20260608_104753_L641;20260608_104753;08.06.2026;10:32:00;641;16;9449;15;U4979Z1;Beroun,autobusové nádraží;49.94024;14.02358
20260608_104753_L731;20260608_104753;08.06.2026;10:30:00;731;5;9765;17;U6251Z1;Bělá p.Bezd.,Bezdědice;50.48249;14.70164
20260608_105602_L229;20260608_105602;08.06.2026;10:44:00;229;4;4528;12;U1099Z2P;Depo Hostivař;50.05723;14.56153
20260608_105602_L136;20260608_105602;08.06.2026;10:46:00;136;1;6778;10;U743Z2P;Jižní Město;50.08657;14.45553
20260608_105602_L460;20260608_105602;08.06.2026;10:30:00;460;68;1609;23;U9996Z1;Bečváry,Červený Hrádek;49.94026;15.09925
20260608_105602_L369;20260608_105602;08.06.2026;10:41:00;369;32;8276;14;U3335Z2;Praha,Ládví;50.34762;14.48295
20260608_105602_L502;20260608_105602;08.06.2026;10:46:00;502;7;9532;10;U3287Z13;Příbram,Svatá Hora;49.69109;14.0033
20260608_105602_L366;20260608_105602;08.06.2026;10:41:00;366;3;4521;14;U1272Z1;Křenice;50.03824;14.63827
20260608_105602_L126;20260608_105602;08.06.2026;10:38:00;126;3;4036;18;U3053Z1P;Koleje Jižní Město;50.02923;14.59413
20260608_105602_L136;20260608_105602;08.06.2026;10:44:00;136;32;6825;10;U855Z1P;Jižní Město;50.07408;14.46787
20260608_105602_L311;20260608_105602;08.06.2026;10:43:00;311;75;9579;11;U1660Z2;Praha,Zličín;49.98342;14.19466
20260608_105602_L641;20260608_105602;08.06.2026;10:41:00;641;16;9449;14;U4971Z2;Beroun,autobusové nádraží;49.96108;14.06171
20260608_105602_L798;20260608_105602;08.06.2026;10:41:00;798;72;7885;14;U4073Z2;Benešov,Terminál;49.78576;14.68975
20260608_105602_L381;20260608_105602;08.06.2026;10:45:00;381;3;1678;10;U2016Z1;Čáslav,obchodní centrum;49.99409;14.86092
20260608_105602_L181;20260608_105602;08.06.2026;10:46:00;181;2;5111;10;U650Z1P;Černý Most;50.1072;14.56585
20260608_105602_L389;20260608_105602;08.06.2026;10:45:00;389;13;7751;11;U4786Z1;Hořešovice;50.23014;14.08375
20260608_105602_L650;20260608_105602;08.06.2026;10:46:00;650;22;12536;10;U31432Z1;Kladno,autobusové nádraží;50.36118;14.14795
20260608_105602_L306;20260608_105602;08.06.2026;10:44:00;306;2;8858;12;U2115Z2;Praha,Zličín;50.08329;14.23199
20260608_105602_L307;20260608_105602;08.06.2026;10:46:00;307;12;8991;10;U1644Z2;Praha,Zličín;50.04238;14.25408
20260608_105602_L315;20260608_105602;08.06.2026;10:36:00;315;4;1861;16;U2987Z8;Praha,Černý Most;50.41974;14.91591
20260608_105602_L381;20260608_105602;08.06.2026;10:40:00;381;11;9371;15;U2480Z7;Kutná Hora,hlavní nádraží;49.95537;15.27364
20260608_105602_L382;20260608_105602;08.06.2026;10:40:00;382;20;9937;16;U542Z1;Sázava,aut.st.;50.03527;14.59345
20260608_105602_L300;20260608_105602;08.06.2026;10:36:00;300;2;8955;19;U4313Z3;Kladno,u kostela;50.14353;14.09007
20260608_105602_L300;20260608_105602;08.06.2026;10:46:00;300;5;8967;10;U4302Z52;Libušín,náměstí;50.146;14.19941
20260608_105602_L181;20260608_105602;08.06.2026;10:46:00;181;3;5108;10;U219Z2P;Černý Most;50.04304;14.51571
20260608_105602_L628;20260608_105602;08.06.2026;10:44:00;628;25;8741;11;U9322Z1;Kladno,autobusové nádraží;50.20613;13.89673
20260608_105602_L491;20260608_105602;08.06.2026;10:44:00;491;21;8582;11;U4570Z1;Český Brod,žel.st.;50.03466;14.80845
20260608_105602_L229;20260608_105602;08.06.2026;10:43:00;229;1;4522;12;U389Z1P;Sídliště Uhříněves;50.07226;14.53552
20260608_105602_L126;20260608_105602;08.06.2026;10:41:00;126;2;3853;15;U735Z1P;Koleje Jižní Město;50.03421;14.51072
20260608_110002_L126;20260608_110002;08.06.2026;10:47:00;126;2;3853;13;U23Z1P;Koleje Jižní Město;50.03793;14.49993
20260608_110002_L126;20260608_110002;08.06.2026;10:49:00;126;4;4023;10;U461Z2P;Koleje Jižní Město;50.03349;14.59272
20260608_110002_L126;20260608_110002;08.06.2026;10:47:00;126;5;4113;12;U3053Z2P;Nádraží Uhříněves;50.03021;14.59589
20260608_110002_L136;20260608_110002;08.06.2026;10:49:00;136;32;6825;10;U680Z3P;Jižní Město;50.06837;14.46919
20260608_110002_L136;20260608_110002;08.06.2026;10:48:00;136;1;6778;11;U516Z3P;Jižní Město;50.08209;14.45938
20260608_110002_L177;20260608_110002;08.06.2026;10:50:00;177;4;6873;10;U332Z2P;Poliklinika Mazurská;50.12536;14.49022
20260608_110002_L181;20260608_110002;08.06.2026;10:49:00;181;3;5108;11;U160Z2P;Černý Most;50.04998;14.52645
20260608_110002_L229;20260608_110002;08.06.2026;10:45:00;229;1;4522;15;U741Z1P;Sídliště Uhříněves;50.06876;14.54407
20260608_110002_L229;20260608_110002;08.06.2026;10:47:00;229;4;4528;12;U310Z2P;Depo Hostivař;50.06455;14.55127
20260608_110002_L844;20260608_110002;08.06.2026;10:46:00;844;23;7793;10;U7476Z2;Dolní Kralovice;49.64383;15.17896
20260608_110002_L300;20260608_110002;08.06.2026;10:46:00;300;5;8967;13;U4302Z52;Libušín,náměstí;50.14705;14.18909
20260608_110002_L306;20260608_110002;08.06.2026;10:48:00;306;2;8858;12;U1146Z2;Praha,Zličín;50.07966;14.24529
20260608_110002_L307;20260608_110002;08.06.2026;10:50:00;307;12;8991;10;U1142Z2;Praha,Zličín;50.05319;14.27727
20260608_110002_L311;20260608_110002;08.06.2026;10:45:00;311;75;9579;12;U1659Z2;Praha,Zličín;49.99005;14.20275
20260608_110002_L324;20260608_110002;08.06.2026;10:50:00;324;27;8996;10;U4313Z3;Slaný,Rabasova;50.14433;14.09196
20260608_110002_L381;20260608_110002;08.06.2026;10:45:00;381;11;9371;14;U2482Z1;Kutná Hora,hlavní nádraží;49.95915;15.28274
20260608_110002_L382;20260608_110002;08.06.2026;10:40:00;382;20;9937;18;U542Z1;Sázava,aut.st.;50.03281;14.59699
20260608_110002_L389;20260608_110002;08.06.2026;10:46:00;389;13;7751;13;U4787Z1;Hořešovice;50.23354;14.07942
20260608_110002_L460;20260608_110002;08.06.2026;10:30:00;460;68;1609;27;U9996Z1;Bečváry,Červený Hrádek;49.94026;15.09925
20260608_110002_L491;20260608_110002;08.06.2026;10:47:00;491;21;8582;11;U1422Z2;Český Brod,žel.st.;50.05587;14.81367
20260608_110002_L502;20260608_110002;08.06.2026;10:48:00;502;7;9532;11;U9717Z2;Příbram,Svatá Hora;49.68898;14.0101
20260608_110002_L627;20260608_110002;08.06.2026;10:49:00;627;13;8794;10;U4787Z1;Smečno;50.23426;14.07738
20260608_110002_L628;20260608_110002;08.06.2026;10:48:00;628;25;8741;11;U9325Z2;Kladno,autobusové nádraží;50.19253;13.90868
20260608_110002_L641;20260608_110002;08.06.2026;10:45:00;641;16;9449;14;U4336Z1;Beroun,autobusové nádraží;49.96199;14.06815
20260608_110002_L650;20260608_110002;08.06.2026;10:49:00;650;22;12536;10;U4438Z1;Kladno,autobusové nádraží;50.33462;14.14456
20260608_110002_L798;20260608_110002;08.06.2026;10:41:00;798;72;7885;18;U4073Z2;Benešov,Terminál;49.78577;14.68976
20260608_110402_L650;20260608_110402;08.06.2026;10:54:00;650;22;12536;10;U9127Z1;Kladno,autobusové nádraží;50.31272;14.13752
20260608_110402_L229;20260608_110402;08.06.2026;10:51:00;229;4;4528;13;U389Z2P;Depo Hostivař;50.07293;14.53554
20260608_110402_L460;20260608_110402;08.06.2026;10:30:00;460;68;1609;31;U9996Z1;Bečváry,Červený Hrádek;49.94031;15.09922
20260608_110402_L126;20260608_110402;08.06.2026;10:54:00;126;4;4023;10;U220Z1P;Koleje Jižní Město;50.02501;14.59117
20260608_110402_L136;20260608_110402;08.06.2026;10:50:00;136;2;6735;11;U1074Z4P;Jižní Město;50.09097;14.46817
20260608_110402_L181;20260608_110402;08.06.2026;10:53:00;181;3;5108;11;U453Z7P;Černý Most;50.05351;14.53619
20260608_110402_L491;20260608_110402;08.06.2026;10:51:00;491;21;8582;12;U4134Z2;Český Brod,žel.st.;50.06443;14.8414
20260608_110402_L628;20260608_110402;08.06.2026;10:54:00;628;25;8741;10;U9337Z1;Kladno,autobusové nádraží;50.18677;13.93872
20260608_110402_L300;20260608_110402;08.06.2026;10:51:00;300;5;8967;13;U4304Z1;Libušín,náměstí;50.15146;14.18114
20260608_110402_L389;20260608_110402;08.06.2026;10:51:00;389;13;7751;12;U4860Z1;Hořešovice;50.2519;14.06128
20260608_110402_L306;20260608_110402;08.06.2026;10:50:00;306;2;8858;12;U1144Z4;Praha,Zličín;50.07928;14.25693
20260608_110402_L311;20260608_110402;08.06.2026;10:49:00;311;75;9579;14;U1657Z2;Praha,Zličín;49.99757;14.21149
20260608_110402_L324;20260608_110402;08.06.2026;10:53:00;324;27;8996;11;U2889Z1;Slaný,Rabasova;50.14129;14.08386
20260608_110402_L387;20260608_110402;08.06.2026;10:50:00;387;2;9372;11;U336Z2;Praha,Háje;50.03624;14.58134
20260608_110402_L136;20260608_110402;08.06.2026;10:50:00;136;1;6778;12;U118Z4P;Jižní Město;50.07791;14.45869
20260608_110402_L177;20260608_110402;08.06.2026;10:53:00;177;4;6873;10;U740Z3P;Poliklinika Mazurská;50.1277;14.47598
20260608_110402_L126;20260608_110402;08.06.2026;10:47:00;126;5;4113;15;U3053Z2P;Nádraží Uhříněves;50.03141;14.59843
20260608_110402_L844;20260608_110402;08.06.2026;10:46:00;844;23;7793;14;U7476Z2;Dolní Kralovice;49.64385;15.17896
20260608_110402_L798;20260608_110402;08.06.2026;10:41:00;798;72;7885;22;U4073Z2;Benešov,Terminál;49.78578;14.68982
20260608_110402_L126;20260608_110402;08.06.2026;10:50:00;126;2;3853;14;U52Z2P;Koleje Jižní Město;50.03054;14.49171
20260608_110803_L311;20260608_110803;08.06.2026;10:55:00;311;40;9555;11;U1852Z51;Řevnice,nádraží;49.92813;14.27177
20260608_110803_L460;20260608_110803;08.06.2026;10:30:00;460;68;1609;35;U9996Z1;Bečváry,Červený Hrádek;49.94031;15.09922
20260608_110803_L798;20260608_110803;08.06.2026;10:41:00;798;72;7885;26;U4073Z2;Benešov,Terminál;49.78578;14.68982
20260608_110803_L325;20260608_110803;08.06.2026;10:56:00;325;40;1633;11;U136Z2;Praha,Nádraží Uhříněves;50.02857;14.59326
20260608_110803_L434;20260608_110803;08.06.2026;10:55:00;434;10;8570;11;U2476Z1;Benátky n.Jiz.,aut.st.;50.26391;14.83318
20260608_110803_L387;20260608_110803;08.06.2026;10:55:00;387;2;9372;11;U967Z2;Praha,Háje;50.03149;14.55276
20260608_110803_L389;20260608_110803;08.06.2026;10:54:00;389;13;7751;12;U9225Z2;Hořešovice;50.25829;14.03593
20260608_110803_L345;20260608_110803;08.06.2026;10:56:00;345;16;1864;10;U3063Z2;Praha,Černý Most;50.40134;14.9216
20260608_110803_L311;20260608_110803;08.06.2026;10:54:00;311;75;9579;13;U1654Z2;Praha,Zličín;50.0155;14.21914
20260608_110803_L324;20260608_110803;08.06.2026;10:57:00;324;27;8996;11;U1918Z1;Slaný,Rabasova;50.14277;14.05833
20260608_110803_L306;20260608_110803;08.06.2026;10:56:00;306;2;8858;12;U1148Z2;Praha,Zličín;50.0662;14.26617
20260608_110803_L155;20260608_110803;08.06.2026;10:57:00;155;1;9466;10;U357Z2P;Poliklinika Malešice;50.08721;14.48263
20260608_110803_L491;20260608_110803;08.06.2026;10:54:00;491;21;8582;14;U1416Z3;Český Brod,žel.st.;50.07186;14.85633
20260608_110803_L166;20260608_110803;08.06.2026;10:57:00;166;2;7977;10;U606Z2P;Domov seniorů Ďáblice;50.12374;14.5057
20260608_110803_L364;20260608_110803;08.06.2026;10:55:00;364;2;4518;10;U9364Z2;Praha,Depo Hostivař;50.00271;14.66513
20260608_110803_L136;20260608_110803;08.06.2026;10:54:00;136;1;6778;12;U855Z1P;Jižní Město;50.07411;14.46749
20260608_110803_L136;20260608_110803;08.06.2026;10:56:00;136;2;6735;12;U743Z2P;Jižní Město;50.08654;14.45549
20260608_110803_L126;20260608_110803;08.06.2026;10:57:00;126;4;4023;10;U169Z2P;Koleje Jižní Město;50.02071;14.5798
20260608_110803_L650;20260608_110803;08.06.2026;10:57:00;650;22;12536;11;U9123Z1;Kladno,autobusové nádraží;50.31355;14.10902
20260608_110803_L181;20260608_110803;08.06.2026;10:55:00;181;3;5108;12;U677Z2P;Černý Most;50.06128;14.53728
20260608_110803_L844;20260608_110803;08.06.2026;10:46:00;844;23;7793;18;U7476Z2;Dolní Kralovice;49.64385;15.17899
20260608_111204_L300;20260608_111204;08.06.2026;10:59:00;300;5;8967;12;U4308Z3;Libušín,náměstí;50.13252;14.1131
20260608_111204_L332;20260608_111204;08.06.2026;11:00:00;332;19;9955;11;U50Z4;Jílové u Prahy,Náměstí;50.04401;14.45054
20260608_111204_L325;20260608_111204;08.06.2026;10:57:00;325;40;1633;15;U3053Z2;Praha,Nádraží Uhříněves;50.02996;14.59547
20260608_111204_L798;20260608_111204;08.06.2026;10:41:00;798;72;7885;30;U4073Z2;Benešov,Terminál;49.78586;14.68982
20260608_111204_L460;20260608_111204;08.06.2026;10:30:00;460;68;1609;39;U9996Z1;Bečváry,Červený Hrádek;49.94031;15.09922
20260608_111204_L136;20260608_111204;08.06.2026;11:01:00;136;1;6778;11;U37Z1P;Jižní Město;50.06113;14.46945
20260608_111204_L381;20260608_111204;08.06.2026;11:00:00;381;8;9367;10;U286Z4;Kutná Hora,hlavní nádraží;50.03028;14.52526
20260608_111204_L387;20260608_111204;08.06.2026;10:55:00;387;2;9372;13;U967Z2;Praha,Háje;50.03242;14.53455
20260608_111204_L389;20260608_111204;08.06.2026;10:58:00;389;13;7751;13;U9227Z2;Hořešovice;50.26048;14.01219
20260608_111204_L166;20260608_111204;08.06.2026;11:00:00;166;2;7977;10;U351Z2P;Domov seniorů Ďáblice;50.12709;14.48925
20260608_111204_L650;20260608_111204;08.06.2026;11:01:00;650;22;12536;10;U9202Z1;Kladno,autobusové nádraží;50.28737;14.09187
20260608_111204_L311;20260608_111204;08.06.2026;10:59:00;311;40;9555;13;U1601Z1;Řevnice,nádraží;49.92073;14.25064
20260608_111204_L324;20260608_111204;08.06.2026;11:01:00;324;27;8996;11;U4932Z1;Slaný,Rabasova;50.16361;14.02455
20260608_111204_L300;20260608_111204;08.06.2026;10:56:00;300;10;8965;13;U4313Z7;Praha,Nádraží Veleslavín;50.14306;14.09629
20260608_111204_L306;20260608_111204;08.06.2026;11:00:00;306;2;8858;12;U913Z2;Praha,Zličín;50.06233;14.28718
20260608_111204_L311;20260608_111204;08.06.2026;10:58:00;311;75;9579;13;U1651Z2;Praha,Zličín;50.02102;14.22973
20260608_111204_L533;20260608_111204;08.06.2026;11:02:00;533;20;7599;10;U2480Z3;Chlumec n.Cidl.,žel.st.;49.95434;15.272
20260608_111204_L844;20260608_111204;08.06.2026;10:46:00;844;23;7793;22;U7476Z2;Dolní Kralovice;49.64385;15.17899
20260608_111204_L136;20260608_111204;08.06.2026;10:58:00;136;2;6735;13;U516Z3P;Jižní Město;50.08208;14.45941
20260608_111204_L304;20260608_111204;08.06.2026;11:02:00;304;73;8337;10;U33Z4;Praha,Vypich;50.06165;14.30872
20260608_111204_L181;20260608_111204;08.06.2026;10:56:00;181;3;5108;16;U227Z4P;Černý Most;50.06337;14.53742
20260608_111204_L364;20260608_111204;08.06.2026;10:58:00;364;2;4518;14;U1875Z2;Praha,Depo Hostivař;50.00139;14.66338
20260608_111204_L229;20260608_111204;08.06.2026;10:56:00;229;1;4522;15;U542Z1P;Sídliště Uhříněves;50.03517;14.59368
20260608_111604_L306;20260608_111604;08.06.2026;11:01:00;306;2;8858;12;U178Z2;Praha,Zličín;50.05639;14.287
20260608_111604_L136;20260608_111604;08.06.2026;11:02:00;136;2;6735;14;U518Z3P;Jižní Město;50.0766;14.45875
20260608_111604_L136;20260608_111604;08.06.2026;11:04:00;136;1;6778;12;U751Z2P;Jižní Město;50.05255;14.47515
20260608_111604_L639;20260608_111604;08.06.2026;11:06:00;639;8;9586;10;U7179Z1;Dobříš,nám.;49.84149;13.93631
20260608_111604_L798;20260608_111604;08.06.2026;10:41:00;798;72;7885;34;U4073Z2;Benešov,Terminál;49.78586;14.68982
20260608_111604_L389;20260608_111604;08.06.2026;11:03:00;389;13;7751;12;U9231Z2;Hořešovice;50.27122;13.98506
20260608_111604_L136;20260608_111604;08.06.2026;11:06:00;136;3;6718;10;U743Z2P;Jižní Město;50.08653;14.45538
20260608_111604_L770;20260608_111604;08.06.2026;11:01:00;770;50;47819;10;U7795Z52;Benešov,Terminál;49.81231;14.83194
20260608_111604_L126;20260608_111604;08.06.2026;11:02:00;126;6;3959;13;U3053Z2P;Nádraží Uhříněves;50.03018;14.5958
20260608_111604_L533;20260608_111604;08.06.2026;11:05:00;533;20;7599;10;U2481Z1;Chlumec n.Cidl.,žel.st.;49.95466;15.27773
20260608_111604_L300;20260608_111604;08.06.2026;11:04:00;300;5;8967;12;U3094Z1;Libušín,náměstí;50.14274;14.0974
20260608_111604_L325;20260608_111604;08.06.2026;10:57:00;325;40;1633;17;U3053Z2;Praha,Nádraží Uhříněves;50.03102;14.59765
20260608_111604_L311;20260608_111604;08.06.2026;11:01:00;311;75;9579;14;U2324Z2;Praha,Zličín;50.02544;14.21338
20260608_111604_L381;20260608_111604;08.06.2026;11:02:00;381;8;9367;13;U151Z1;Kutná Hora,hlavní nádraží;50.03264;14.53851
20260608_111604_L650;20260608_111604;08.06.2026;11:03:00;650;22;12536;10;U4878Z1;Kladno,autobusové nádraží;50.26883;14.09855
20260608_111604_L177;20260608_111604;08.06.2026;11:06:00;177;4;6873;10;U912Z4P;Poliklinika Mazurská;50.13043;14.41721
20260608_111604_L460;20260608_111604;08.06.2026;10:30:00;460;68;1609;43;U9996Z1;Bečváry,Červený Hrádek;49.9403;15.09922
20260608_111604_L844;20260608_111604;08.06.2026;10:46:00;844;23;7793;26;U7476Z2;Dolní Kralovice;49.64385;15.17898
20260608_111604_L166;20260608_111604;08.06.2026;11:04:00;166;2;7977;11;U665Z1P;Domov seniorů Ďáblice;50.12111;14.49542
20260608_111604_L126;20260608_111604;08.06.2026;11:06:00;126;4;4023;10;U151Z2P;Koleje Jižní Město;50.03165;14.53356
20260608_112004_L136;20260608_112004;08.06.2026;11:08:00;136;3;6718;10;U516Z3P;Jižní Město;50.0791;14.46045
20260608_112004_L686;20260608_112004;08.06.2026;11:10:00;686;34;8142;10;U5928Z1;Říčany,Podhradí;50.03684;14.68445
20260608_112004_L650;20260608_112004;08.06.2026;11:08:00;650;22;12536;10;U9272Z1;Kladno,autobusové nádraží;50.24298;14.09528
20260608_112004_L300;20260608_112004;08.06.2026;11:08:00;300;5;8967;12;U4325Z1;Libušín,náměstí;50.14269;14.08776
20260608_112004_L300;20260608_112004;08.06.2026;11:05:00;300;10;8965;15;U4308Z2;Praha,Nádraží Veleslavín;50.13281;14.11419
20260608_112004_L311;20260608_112004;08.06.2026;11:07:00;311;75;9579;13;U1647Z2;Praha,Zličín;50.03399;14.23173
20260608_112004_L136;20260608_112004;08.06.2026;11:08:00;136;1;6778;12;U417Z1P;Jižní Město;50.04294;14.48776
20260608_112004_L381;20260608_112004;08.06.2026;11:02:00;381;8;9367;15;U151Z1;Kutná Hora,hlavní nádraží;50.03394;14.56232
20260608_112004_L844;20260608_112004;08.06.2026;10:46:00;844;23;7793;30;U7476Z2;Dolní Kralovice;49.64386;15.17898
20260608_112004_L641;20260608_112004;08.06.2026;11:09:00;641;14;9573;10;U9855Z55;Beroun,autobusové nádraží;49.87016;13.94806
20260608_112004_L600;20260608_112004;08.06.2026;11:10:00;600;23;8817;10;U2889Z3;Kladno,autobusové nádraží;50.14101;14.08251
20260608_112004_L483;20260608_112004;08.06.2026;11:08:00;483;36;7839;10;U7602Z2;Chocerady;49.8682;14.8088
20260608_112004_L853;20260608_112004;08.06.2026;11:10:00;853;31;7002;10;U31118Z2;Městec Králové,nám.;50.24416;15.43954
20260608_112004_L332;20260608_112004;08.06.2026;11:06:00;332;19;9955;13;U488Z6;Jílové u Prahy,Náměstí;50.02793;14.45706
20260608_112004_L798;20260608_112004;08.06.2026;10:41:00;798;72;7885;38;U4073Z2;Benešov,Terminál;49.78585;14.68981
20260608_112004_L126;20260608_112004;08.06.2026;11:02:00;126;6;3959;16;U3053Z2P;Nádraží Uhříněves;50.03128;14.59816
20260608_112004_L639;20260608_112004;08.06.2026;11:09:00;639;8;9586;10;U9841Z2;Dobříš,nám.;49.84873;13.97485
20260608_112004_L136;20260608_112004;08.06.2026;11:07:00;136;2;6735;13;U29Z1P;Jižní Město;50.07255;14.47048
20260608_112004_L460;20260608_112004;08.06.2026;10:30:00;460;68;1609;47;U9996Z1;Bečváry,Červený Hrádek;49.9403;15.09921
20260608_112004_L166;20260608_112004;08.06.2026;11:08:00;166;2;7977;11;U990Z2P;Domov seniorů Ďáblice;50.11758;14.48039
20260608_112004_L324;20260608_112004;08.06.2026;11:08:00;324;27;8996;10;U1915Z2;Slaný,Rabasova;50.19729;14.05542
20260608_112004_L304;20260608_112004;08.06.2026;11:08:00;304;73;8337;11;U306Z1;Praha,Vypich;50.07485;14.34091
20260608_112004_L533;20260608_112004;08.06.2026;11:09:00;533;20;7599;11;U9424Z1;Chlumec n.Cidl.,žel.st.;49.96116;15.29111
20260608_112004_L126;20260608_112004;08.06.2026;11:10:00;126;4;4023;10;U43Z1P;Koleje Jižní Město;50.03556;14.51704
20260608_112404_L126;20260608_112404;08.06.2026;11:13:00;126;7;4037;10;U169Z1P;Nádraží Uhříněves;50.02072;14.57965
20260608_112404_L136;20260608_112404;08.06.2026;11:10:00;136;3;6718;13;U118Z4P;Jižní Město;50.07775;14.45865
20260608_112404_L136;20260608_112404;08.06.2026;11:12:00;136;1;6778;12;U424Z1P;Jižní Město;50.03345;14.49938
20260608_112404_L136;20260608_112404;08.06.2026;11:13:00;136;2;6735;11;U183Z3P;Jižní Město;50.05607;14.47152
20260608_112404_L136;20260608_112404;08.06.2026;11:14:00;136;4;6823;10;U69Z2P;Jižní Město;50.08898;14.46093
20260608_112404_L166;20260608_112404;08.06.2026;11:11:00;166;2;7977;11;U54Z5P;Domov seniorů Ďáblice;50.11598;14.46423
20260608_112404_L853;20260608_112404;08.06.2026;11:12:00;853;31;7002;10;U31117Z2;Městec Králové,nám.;50.2335;15.42005
20260608_112404_L300;20260608_112404;08.06.2026;11:13:00;300;5;8967;11;U1782Z1;Libušín,náměstí;50.14063;14.06584
20260608_112404_L311;20260608_112404;08.06.2026;11:10:00;311;75;9579;13;U1645Z2;Praha,Zličín;50.04174;14.25234
20260608_112404_L324;20260608_112404;08.06.2026;11:14:00;324;27;8996;10;U4804Z1;Slaný,Rabasova;50.21901;14.07663
20260608_112404_L332;20260608_112404;08.06.2026;11:09:00;332;19;9955;14;U908Z1;Jílové u Prahy,Náměstí;50.01685;14.46829
20260608_112404_L389;20260608_112404;08.06.2026;11:12:00;389;17;7755;10;U32406Z12;Chomutov,žel.st.;50.45676;13.40036
20260608_112404_L460;20260608_112404;08.06.2026;10:30:00;460;68;1609;52;U9996Z1;Bečváry,Červený Hrádek;49.9403;15.09921
20260608_112404_L480;20260608_112404;08.06.2026;11:12:00;480;30;7504;10;U7026Z1;Solenice;49.60625;14.14966
20260608_112404_L639;20260608_112404;08.06.2026;11:12:00;639;8;9586;10;U9844Z1;Dobříš,nám.;49.86611;13.99368
20260608_112404_L650;20260608_112404;08.06.2026;11:12:00;650;22;12536;11;U4835Z1;Kladno,autobusové nádraží;50.23191;14.0839
20260608_112404_L686;20260608_112404;08.06.2026;11:13:00;686;34;8142;10;U1812Z1;Říčany,Podhradí;50.03095;14.66876
20260608_112404_L770;20260608_112404;08.06.2026;11:12:00;770;50;47819;12;U7666Z51;Benešov,Terminál;49.82405;14.79928
20260608_112404_L798;20260608_112404;08.06.2026;10:41:00;798;72;7885;42;U4073Z2;Benešov,Terminál;49.78586;14.68984
20260608_112805_L136;20260608_112805;08.06.2026;11:17:00;136;3;6718;11;U29Z1P;Jižní Město;50.07326;14.47022
20260608_112805_L356;20260608_112805;08.06.2026;11:13:00;356;31;8795;13;U5971Z2;Praha,Obchodní centrum Ruzyně;50.1148;14.28418
20260608_112805_L126;20260608_112805;08.06.2026;11:16:00;126;7;4037;12;U220Z2P;Nádraží Uhříněves;50.02506;14.59139
20260608_112805_L166;20260608_112805;08.06.2026;11:16:00;166;2;7977;11;U3007Z1P;Domov seniorů Ďáblice;50.11701;14.46153
20260608_112805_L460;20260608_112805;08.06.2026;10:30:00;460;68;1609;55;U9996Z1;Bečváry,Červený Hrádek;49.94031;15.09922
20260608_112805_L480;20260608_112805;08.06.2026;11:17:00;480;30;7504;11;U7967Z1;Solenice;49.61901;14.17919
20260608_112805_L686;20260608_112805;08.06.2026;11:13:00;686;33;8144;12;U2315Z1;Úvaly,žel.st.;50.07404;14.72322
20260608_112805_L565;20260608_112805;08.06.2026;11:16:00;565;9;9526;10;U9717Z2;Příbram,Jiráskovy sady;49.68895;14.00989
20260608_112805_L136;20260608_112805;08.06.2026;11:14:00;136;1;6778;13;U106Z2P;Jižní Město;50.0275;14.50778
20260608_112805_L639;20260608_112805;08.06.2026;11:14:00;639;8;9586;12;U9850Z1;Dobříš,nám.;49.85528;14.00855
20260608_112805_L369;20260608_112805;08.06.2026;11:13:00;369;32;8276;14;U3242Z2;Praha,Ládví;50.16012;14.48378
20260608_112805_L136;20260608_112805;08.06.2026;11:17:00;136;2;6735;11;U322Z3P;Jižní Město;50.04603;14.48395
20260608_112805_L183;20260608_112805;08.06.2026;11:18:00;183;1;5083;10;U747Z2P;Vozovna Kobylisy;50.08162;14.5383
20260608_112805_L300;20260608_112805;08.06.2026;11:13:00;300;10;8965;15;U4303Z51;Praha,Nádraží Veleslavín;50.15306;14.18812
20260608_112805_L311;20260608_112805;08.06.2026;11:14:00;311;75;9579;14;U1643Z2;Praha,Zličín;50.05096;14.27303
20260608_112805_L650;20260608_112805;08.06.2026;11:14:00;650;22;12536;13;U4786Z2;Kladno,autobusové nádraží;50.2292;14.08671
20260608_112805_L399;20260608_112805;08.06.2026;11:17:00;399;12;1262;11;U4310Z2;Praha,Nádraží Veleslavín;50.1361;14.10425
20260608_112805_L770;20260608_112805;08.06.2026;11:17:00;770;50;47819;10;U5725Z2;Benešov,Terminál;49.80475;14.80161
20260608_112805_L646;20260608_112805;08.06.2026;11:16:00;646;28;8093;11;U1794Z2;Mělník,aut.nádr.;50.34957;14.48812
20260608_112805_L492;20260608_112805;08.06.2026;11:15:00;492;43;9138;12;U2019Z3;Černé Voděrady;49.96763;14.8107
20260608_112805_L686;20260608_112805;08.06.2026;11:18:00;686;34;8142;10;U2456Z2;Říčany,Podhradí;50.01346;14.68256
20260608_112805_L798;20260608_112805;08.06.2026;10:41:00;798;72;7885;46;U4073Z2;Benešov,Terminál;49.78585;14.68986
20260608_112805_L300;20260608_112805;08.06.2026;11:17:00;300;5;8967;11;U4793Z1;Libušín,náměstí;50.16011;14.04851
20260608_112805_L389;20260608_112805;08.06.2026;11:12:00;389;17;7755;13;U32406Z12;Chomutov,žel.st.;50.45675;13.40036
20260608_112805_L324;20260608_112805;08.06.2026;11:16:00;324;27;8996;11;U4777Z17;Slaný,Rabasova;50.22886;14.09086
20260608_112805_L332;20260608_112805;08.06.2026;11:13:00;332;19;9955;14;U423Z1;Jílové u Prahy,Náměstí;50.00433;14.48084
20260608_113205_L126;20260608_113205;08.06.2026;11:16:00;126;7;4037;15;U220Z2P;Nádraží Uhříněves;50.02842;14.59331
20260608_113205_L136;20260608_113205;08.06.2026;11:21:00;136;3;6718;10;U37Z1P;Jižní Město;50.06041;14.4696
20260608_113205_L136;20260608_113205;08.06.2026;11:20:00;136;1;6778;12;U286Z5P;Jižní Město;50.03056;14.52876
20260608_113205_L136;20260608_113205;08.06.2026;11:20:00;136;2;6735;11;U181Z1P;Jižní Město;50.03946;14.49048
20260608_113205_L136;20260608_113205;08.06.2026;11:22:00;136;4;6823;10;U518Z3P;Jižní Město;50.07591;14.45911
20260608_113205_L166;20260608_113205;08.06.2026;11:19:00;166;2;7977;11;U54Z3P;Domov seniorů Ďáblice;50.11612;14.46885
20260608_113205_L181;20260608_113205;08.06.2026;11:17:00;181;3;5108;15;U1056Z2P;Černý Most;50.10726;14.57287
20260608_113205_L183;20260608_113205;08.06.2026;11:21:00;183;1;5083;10;U884Z2P;Vozovna Kobylisy;50.09228;14.53353
20260608_113205_L805;20260608_113205;08.06.2026;11:21:00;805;18;7636;10;U2481Z2;Zruč n.Sáz.,Sázavan;49.95121;15.27404
20260608_113205_L853;20260608_113205;08.06.2026;11:21:00;853;31;7002;10;U31115Z2;Městec Králové,nám.;50.2212;15.40726
20260608_113205_L324;20260608_113205;08.06.2026;11:20:00;324;27;8996;11;U4787Z1;Slaný,Rabasova;50.23347;14.07956
20260608_113205_L332;20260608_113205;08.06.2026;11:17:00;332;19;9955;15;U1522Z1;Jílové u Prahy,Náměstí;49.98533;14.49411
20260608_113205_L356;20260608_113205;08.06.2026;11:13:00;356;31;8795;14;U5971Z2;Praha,Obchodní centrum Ruzyně;50.10994;14.27344
20260608_113205_L384;20260608_113205;08.06.2026;11:21:00;384;23;9893;11;U4273Z1;Praha,Zličín;49.96853;14.08069
20260608_113205_L389;20260608_113205;08.06.2026;11:12:00;389;17;7755;17;U32406Z12;Chomutov,žel.st.;50.45676;13.4004
20260608_113205_L406;20260608_113205;08.06.2026;11:18:00;406;1;7934;13;U31559Z1;Pelhřimov,aut.nádr.;49.50372;15.17972
20260608_113205_L445;20260608_113205;08.06.2026;11:22:00;445;16;7404;10;U1518Z2;Jílové u Prahy,Náměstí;49.93782;14.37685
20260608_113205_L460;20260608_113205;08.06.2026;10:30:00;460;68;1609;59;U9996Z1;Bečváry,Červený Hrádek;49.94029;15.09922
20260608_113205_L467;20260608_113205;08.06.2026;11:22:00;467;4;8011;10;U3389Z1;Mladá Boleslav,aut.st.;50.41296;14.90973
20260608_113205_L492;20260608_113205;08.06.2026;11:15:00;492;43;9138;16;U2019Z3;Černé Voděrady;49.96611;14.80888
20260608_113205_L565;20260608_113205;08.06.2026;11:16:00;565;9;9526;14;U9717Z2;Příbram,Jiráskovy sady;49.68895;14.00989
20260608_113205_L639;20260608_113205;08.06.2026;11:20:00;639;8;9586;12;U9849Z1;Dobříš,nám.;49.85257;14.03578
20260608_113205_L650;20260608_113205;08.06.2026;11:21:00;650;22;12536;11;U4805Z2;Kladno,autobusové nádraží;50.22392;14.08223
20260608_113205_L686;20260608_113205;08.06.2026;11:20:00;686;34;8142;12;U9364Z2;Říčany,Podhradí;50.00942;14.6684
20260608_113205_L798;20260608_113205;08.06.2026;10:41:00;798;72;7885;50;U4073Z2;Benešov,Terminál;49.78586;14.68986
20260608_113605_L467;20260608_113605;08.06.2026;11:22:00;467;4;8011;11;U3389Z1;Mladá Boleslav,aut.st.;50.41876;14.91674
20260608_113605_L136;20260608_113605;08.06.2026;11:24:00;136;2;6735;11;U106Z2P;Jižní Město;50.02792;14.50763
20260608_113605_L126;20260608_113605;08.06.2026;11:16:00;126;7;4037;19;U220Z2P;Nádraží Uhříněves;50.02947;14.59461
20260608_113605_L565;20260608_113605;08.06.2026;11:16:00;565;9;9526;18;U9717Z2;Příbram,Jiráskovy sady;49.68894;14.0099
20260608_113605_L163;20260608_113605;08.06.2026;11:26:00;163;51;9473;10;U3008Z1P;Sídliště Rohožník;50.07722;14.65485
20260608_113605_L311;20260608_113605;08.06.2026;11:21:00;311;40;9555;12;U1852Z51;Praha,Zličín;49.92466;14.26266
20260608_113605_L306;20260608_113605;08.06.2026;11:26:00;306;3;8812;10;U2120Z2;Kladno,autobusové nádraží;50.11631;14.2008
20260608_113605_L166;20260608_113605;08.06.2026;11:25:00;166;2;7977;11;U78Z3P;Domov seniorů Ďáblice;50.12664;14.47026
20260608_113605_L102;20260608_113605;08.06.2026;11:24:00;102;1;3872;10;U912Z3P;Sídliště Bohnice;50.1316;14.41032
20260608_113605_L406;20260608_113605;08.06.2026;11:22:00;406;1;7934;12;U31505Z1;Pelhřimov,aut.nádr.;49.46044;15.18341
20260608_113605_L798;20260608_113605;08.06.2026;10:41:00;798;72;7885;54;U4073Z2;Benešov,Terminál;49.78582;14.68987
20260608_113605_L460;20260608_113605;08.06.2026;10:30:00;460;68;1609;63;U9996Z1;Bečváry,Červený Hrádek;49.94026;15.09926
20260608_113605_L170;20260608_113605;08.06.2026;11:26:00;170;10;3923;10;U286Z5P;Jižní Město;50.03072;14.52983
20260608_113605_L389;20260608_113605;08.06.2026;11:12:00;389;17;7755;21;U32406Z12;Chomutov,žel.st.;50.45679;13.40045
20260608_113605_L853;20260608_113605;08.06.2026;11:25:00;853;31;7002;10;U31763Z1;Městec Králové,nám.;50.23425;15.39441
20260608_113605_L650;20260608_113605;08.06.2026;11:25:00;650;22;12536;10;U4803Z2;Kladno,autobusové nádraží;50.2078;14.06619
20260608_113605_L686;20260608_113605;08.06.2026;11:25:00;686;34;8142;11;U2142Z2;Říčany,Podhradí;49.99654;14.66223
20260608_113605_L805;20260608_113605;08.06.2026;11:26:00;805;18;7636;10;U7129Z2;Zruč n.Sáz.,Sázavan;49.94826;15.28275
20260608_113605_L580;20260608_113605;08.06.2026;11:25:00;580;30;7685;11;U4340Z1;Rakovník,aut.st.;50.10392;13.72554
20260608_113605_L324;20260608_113605;08.06.2026;11:22:00;324;27;8996;13;U4789Z1;Slaný,Rabasova;50.2328;14.06746
20260608_113605_L384;20260608_113605;08.06.2026;11:21:00;384;23;9893;14;U4273Z1;Praha,Zličín;49.96995;14.08176
20260608_114006_L324;20260608_114006;08.06.2026;11:26:00;324;27;8996;14;U4783Z2;Slaný,Rabasova;50.22874;14.06938
20260608_114006_L136;20260608_114006;08.06.2026;11:28:00;136;2;6735;11;U353Z1P;Jižní Město;50.02621;14.52146
20260608_114006_L389;20260608_114006;08.06.2026;11:12:00;389;17;7755;25;U32406Z12;Chomutov,žel.st.;50.45678;13.40044
20260608_114006_L580;20260608_114006;08.06.2026;11:26:00;580;30;7685;13;U4338Z1;Rakovník,aut.st.;50.10067;13.73161
20260608_114006_L228;20260608_114006;08.06.2026;11:28:00;228;11;9044;11;U3053Z2P;Poliklinika Malešice;50.03055;14.59656
20260608_114006_L166;20260608_114006;08.06.2026;11:28:00;166;2;7977;12;U4129Z1P;Domov seniorů Ďáblice;50.13095;14.46078
20260608_114006_L163;20260608_114006;08.06.2026;11:29:00;163;51;9473;11;U903Z1P;Sídliště Rohožník;50.07415;14.67152
20260608_114006_L406;20260608_114006;08.06.2026;11:26:00;406;1;7934;12;U31790Z1;Pelhřimov,aut.nádr.;49.43666;15.21545
20260608_114006_L565;20260608_114006;08.06.2026;11:16:00;565;9;9526;22;U9717Z2;Příbram,Jiráskovy sady;49.68894;14.00989
20260608_114006_L482;20260608_114006;08.06.2026;11:28:00;482;6;9589;10;U5755Z2;Příbram,aut.nádr.;49.63385;13.95293
20260608_114006_L102;20260608_114006;08.06.2026;11:24:00;102;1;3872;14;U912Z3P;Sídliště Bohnice;50.13159;14.41032
20260608_114006_L798;20260608_114006;08.06.2026;10:41:00;798;72;7885;58;U4073Z2;Benešov,Terminál;49.78582;14.68987
20260608_114006_L136;20260608_114006;08.06.2026;11:30:00;136;3;6718;10;U181Z1P;Jižní Město;50.03948;14.49058
20260608_114006_L306;20260608_114006;08.06.2026;11:26:00;306;3;8812;11;U2120Z2;Kladno,autobusové nádraží;50.11327;14.17005
20260608_114006_L311;20260608_114006;08.06.2026;11:28:00;311;40;9555;12;U2569Z1;Praha,Zličín;49.92489;14.24131
20260608_114006_L650;20260608_114006;08.06.2026;11:30:00;650;22;12536;10;U1915Z1;Kladno,autobusové nádraží;50.1888;14.04297
20260608_114006_L384;20260608_114006;08.06.2026;11:26:00;384;23;9893;13;U2373Z2;Praha,Zličín;49.98362;14.12684
20260608_114006_L400;20260608_114006;08.06.2026;11:28:00;400;54;1091;11;U6070Z2;Praha,Střížkov;50.43701;14.47232
20260608_114006_L805;20260608_114006;08.06.2026;11:30:00;805;18;7636;10;U7127Z2;Zruč n.Sáz.,Sázavan;49.93359;15.2755
20260608_114006_L460;20260608_114006;08.06.2026;10:30:00;460;68;1609;67;U9996Z1;Bečváry,Červený Hrádek;49.94027;15.09925
20260608_114006_L639;20260608_114006;08.06.2026;11:26:00;639;8;9586;13;U9813Z2;Dobříš,nám.;49.83137;14.03293
20260608_114406_L102;20260608_114406;08.06.2026;11:24:00;102;1;3872;18;U912Z3P;Sídliště Bohnice;50.13159;14.41032
20260608_114406_L126;20260608_114406;08.06.2026;11:32:00;126;1;3825;11;U3053Z2P;Nádraží Uhříněves;50.03008;14.59573
20260608_114406_L126;20260608_114406;08.06.2026;11:31:00;126;6;3959;10;U6Z2P;Koleje Jižní Město;50.03285;14.5459
20260608_114406_L136;20260608_114406;08.06.2026;11:34:00;136;3;6718;10;U106Z2P;Jižní Město;50.02752;14.50777
20260608_114406_L166;20260608_114406;08.06.2026;11:30:00;166;2;7977;12;U55Z2P;Domov seniorů Ďáblice;50.1335;14.47581
20260608_114406_L183;20260608_114406;08.06.2026;11:34:00;183;1;5083;10;U474Z4P;Vozovna Kobylisy;50.10997;14.50202
20260608_114406_L228;20260608_114406;08.06.2026;11:28:00;228;11;9044;13;U3053Z2P;Poliklinika Malešice;50.03116;14.59784
20260608_114406_L306;20260608_114406;08.06.2026;11:31:00;306;3;8812;11;U4389Z1;Kladno,autobusové nádraží;50.1279;14.15062
20260608_114406_L311;20260608_114406;08.06.2026;11:31:00;311;40;9555;12;U2377Z1;Praha,Zličín;49.9257;14.22832
20260608_114406_L369;20260608_114406;08.06.2026;11:30:00;369;32;8276;14;U78Z6;Mělník,Mlazice;50.12635;14.47017
20260608_114406_L382;20260608_114406;08.06.2026;11:30:00;382;20;9937;13;U2091Z1;Sázava,aut.st.;49.90122;14.83967
20260608_114406_L384;20260608_114406;08.06.2026;11:30:00;384;23;9893;13;U2371Z2;Praha,Zličín;49.99164;14.15258
20260608_114406_L389;20260608_114406;08.06.2026;11:12:00;389;17;7755;29;U32406Z12;Chomutov,žel.st.;50.45675;13.40044
20260608_114406_L400;20260608_114406;08.06.2026;11:31:00;400;54;1091;11;U6060Z2;Praha,Střížkov;50.4139;14.46031
20260608_114406_L406;20260608_114406;08.06.2026;11:30:00;406;1;7934;13;U31784Z1;Pelhřimov,aut.nádr.;49.42808;15.2268
20260608_114406_L460;20260608_114406;08.06.2026;10:30:00;460;68;1609;72;U9996Z1;Bečváry,Červený Hrádek;49.94023;15.09927
20260608_114406_L482;20260608_114406;08.06.2026;11:32:00;482;6;9589;10;U5838Z2;Příbram,aut.nádr.;49.63994;13.96569
20260608_114406_L565;20260608_114406;08.06.2026;11:16:00;565;9;9526;26;U9717Z2;Příbram,Jiráskovy sady;49.68893;14.00989
20260608_114406_L617;20260608_114406;08.06.2026;11:32:00;617;15;7325;10;U4717Z2;Roudnice n.L.,žel.st.;50.42472;14.26088
20260608_114406_L650;20260608_114406;08.06.2026;11:34:00;650;22;12536;10;U4933Z2;Kladno,autobusové nádraží;50.16729;14.01848
20260608_114406_L770;20260608_114406;08.06.2026;11:32:00;770;42;7918;10;U4080Z2;Uhlířské Janovice,nám.;49.88738;14.95087
20260608_114406_L798;20260608_114406;08.06.2026;10:41:00;798;72;7885;62;U4073Z2;Benešov,Terminál;49.78578;14.68985
20260608_114806_L102;20260608_114806;08.06.2026;11:24:00;102;1;3872;22;U912Z3P;Sídliště Bohnice;50.13159;14.41032
20260608_114806_L126;20260608_114806;08.06.2026;11:32:00;126;1;3825;14;U3053Z2P;Nádraží Uhříněves;50.03081;14.59718
20260608_114806_L126;20260608_114806;08.06.2026;11:36:00;126;6;3959;12;U151Z2P;Koleje Jižní Město;50.03167;14.53357
20260608_114806_L136;20260608_114806;08.06.2026;11:38:00;136;3;6718;10;U353Z1P;Jižní Město;50.02623;14.52147
20260608_114806_L300;20260608_114806;08.06.2026;11:38:00;300;1;8992;10;U4325Z1;Smečno;50.14233;14.08712
20260608_114806_L300;20260608_114806;08.06.2026;11:36:00;300;11;8997;10;U80Z3;Libušín,náměstí;50.1122;14.28866
20260608_114806_L300;20260608_114806;08.06.2026;11:37:00;300;22;8998;11;U4306Z2;Praha,Nádraží Veleslavín;50.13603;14.12625
20260608_114806_L306;20260608_114806;08.06.2026;11:35:00;306;3;8812;11;U4391Z3;Kladno,autobusové nádraží;50.14211;14.14562
20260608_114806_L311;20260608_114806;08.06.2026;11:35:00;311;40;9555;12;U1665Z2;Praha,Zličín;49.93855;14.2344
20260608_114806_L369;20260608_114806;08.06.2026;11:34:00;369;32;8276;14;U167Z1;Mělník,Mlazice;50.13735;14.47866
20260608_114806_L382;20260608_114806;08.06.2026;11:36:00;382;20;9937;12;U2028Z1;Sázava,aut.st.;49.89105;14.86015
20260608_114806_L389;20260608_114806;08.06.2026;11:12:00;389;17;7755;33;U32406Z12;Chomutov,žel.st.;50.45674;13.40043
20260608_114806_L400;20260608_114806;08.06.2026;11:34:00;400;54;1091;11;U3316Z4;Praha,Střížkov;50.39276;14.4626
20260608_114806_L400;20260608_114806;08.06.2026;11:35:00;400;6;11628;10;U6078Z1;Varnsdorf,aut.nádr.;50.51031;14.49154
20260608_114806_L460;20260608_114806;08.06.2026;10:30:00;460;68;1609;75;U9996Z1;Bečváry,Červený Hrádek;49.94027;15.09925
20260608_114806_L565;20260608_114806;08.06.2026;11:16:00;565;9;9526;30;U9717Z2;Příbram,Jiráskovy sady;49.68892;14.00989
20260608_114806_L628;20260608_114806;08.06.2026;11:35:00;628;25;8741;13;U4314Z11;Řevničov,ObÚ;50.14587;14.10625
20260608_114806_L770;20260608_114806;08.06.2026;11:35:00;770;42;7918;10;U6052Z1;Uhlířské Janovice,nám.;49.8736;14.94496
20260608_114806_L798;20260608_114806;08.06.2026;10:41:00;798;72;7885;66;U4073Z2;Benešov,Terminál;49.78578;14.68985
20260608_115206_L382;20260608_115206;08.06.2026;11:42:00;382;20;9937;10;U2031Z1;Sázava,aut.st.;49.87836;14.88292
20260608_115206_L633;20260608_115206;08.06.2026;11:39:00;633;55;9552;11;U9022Z2;Liteň,nám.;49.90475;14.15538
20260608_115206_L389;20260608_115206;08.06.2026;11:12:00;389;17;7755;37;U32406Z12;Chomutov,žel.st.;50.45674;13.40043
20260608_115206_L369;20260608_115206;08.06.2026;11:37:00;369;32;8276;14;U287Z5;Mělník,Mlazice;50.15294;14.48544
20260608_115206_L460;20260608_115206;08.06.2026;10:30:00;460;68;1609;79;U9996Z1;Bečváry,Červený Hrádek;49.94027;15.09925
20260608_115206_L102;20260608_115206;08.06.2026;11:24:00;102;1;3872;26;U912Z3P;Sídliště Bohnice;50.13158;14.41037
20260608_115206_L126;20260608_115206;08.06.2026;11:40:00;126;6;3959;12;U43Z1P;Koleje Jižní Město;50.03558;14.51794
20260608_115206_L798;20260608_115206;08.06.2026;10:41:00;798;72;7885;70;U4073Z2;Benešov,Terminál;49.78577;14.68989
20260608_115206_L565;20260608_115206;08.06.2026;11:16:00;565;9;9526;34;U9717Z2;Příbram,Jiráskovy sady;49.68892;14.00989
20260608_115206_L306;20260608_115206;08.06.2026;11:39:00;306;3;8812;11;U4306Z1;Kladno,autobusové nádraží;50.13292;14.11435
20260608_115206_L770;20260608_115206;08.06.2026;11:39:00;770;42;7918;10;U9945Z1;Uhlířské Janovice,nám.;49.8714;14.96969
20260608_115206_L634;20260608_115206;08.06.2026;11:41:00;634;19;9440;11;U2939Z1;Hostomice,nám.;49.86796;14.10729
20260608_115206_L183;20260608_115206;08.06.2026;11:42:00;183;1;5083;10;U467Z2P;Vozovna Kobylisy;50.12916;14.48338
20260608_115206_L732;20260608_115206;08.06.2026;11:40:00;732;5;9765;11;U6251Z1;Bělá p.Bezd.,Bezdědice;50.48251;14.70158
20260608_115607_L400;20260608_115607;08.06.2026;11:41:00;400;54;1091;13;U1795Z2;Praha,Střížkov;50.35381;14.48167
20260608_115607_L633;20260608_115607;08.06.2026;11:39:00;633;55;9552;15;U9022Z2;Liteň,nám.;49.90475;14.15538
20260608_115607_L858;20260608_115607;08.06.2026;11:42:00;858;66;8711;11;U2825Z1;Libčice n.Vlt.,Žel.zast.Letky;50.19215;14.36945
20260608_115607_L389;20260608_115607;08.06.2026;11:12:00;389;17;7755;41;U32406Z12;Chomutov,žel.st.;50.45674;13.40044
20260608_115607_L628;20260608_115607;08.06.2026;11:42:00;628;25;8741;13;U4325Z1;Řevničov,ObÚ;50.14204;14.08624
20260608_115607_L460;20260608_115607;08.06.2026;10:30:00;460;68;1609;83;U9996Z1;Bečváry,Červený Hrádek;49.94027;15.09925
20260608_115607_L300;20260608_115607;08.06.2026;11:43:00;300;22;8998;12;U4303Z51;Praha,Nádraží Veleslavín;50.15418;14.18668
20260608_115607_L369;20260608_115607;08.06.2026;11:41:00;369;32;8276;15;U1976Z1;Mělník,Mlazice;50.17086;14.48389
20260608_115607_L311;20260608_115607;08.06.2026;11:44:00;311;40;9555;11;U1663Z2;Praha,Zličín;49.95502;14.21779
20260608_115607_L300;20260608_115607;08.06.2026;11:46:00;300;11;8997;10;U4302Z52;Libušín,náměstí;50.1459;14.19937
20260608_115607_L406;20260608_115607;08.06.2026;11:45:00;406;4;7936;10;U601Z2;Pelhřimov,aut.nádr.;50.03767;14.47858
20260608_115607_L634;20260608_115607;08.06.2026;11:41:00;634;19;9440;14;U2939Z1;Hostomice,nám.;49.86716;14.10809
20260608_115607_L102;20260608_115607;08.06.2026;11:24:00;102;1;3872;30;U912Z3P;Sídliště Bohnice;50.13158;14.41037
20260608_115607_L798;20260608_115607;08.06.2026;10:41:00;798;72;7885;74;U4073Z2;Benešov,Terminál;49.78578;14.6899
20260608_115607_L306;20260608_115607;08.06.2026;11:44:00;306;3;8812;10;U4310Z1;Kladno,autobusové nádraží;50.14032;14.09951
20260608_115607_L126;20260608_115607;08.06.2026;11:43:00;126;6;3959;12;U99Z2P;Koleje Jižní Město;50.03668;14.50866
20260608_115607_L313;20260608_115607;08.06.2026;11:43:00;313;81;9827;12;U456Z3;Černošice,žel.zast.;49.98403;14.36204
20260608_115607_L732;20260608_115607;08.06.2026;11:40:00;732;5;9765;15;U6251Z1;Bělá p.Bezd.,Bezdědice;50.48251;14.70158
20260608_120007_L126;20260608_120007;08.06.2026;11:47:00;126;2;3853;11;U3053Z2P;Nádraží Uhříněves;50.03137;14.59832
20260608_120007_L313;20260608_120007;08.06.2026;11:47:00;313;81;9827;12;U1633Z1;Černošice,žel.zast.;49.98072;14.34794
20260608_120007_L322;20260608_120007;08.06.2026;11:47:00;322;12;8797;11;U85Z1;Praha,Nádraží Veleslavín;50.0955;14.34701
20260608_120007_L628;20260608_120007;08.06.2026;11:47:00;628;25;8741;12;U1918Z1;Řevničov,ObÚ;50.14464;14.05466
20260608_120007_L460;20260608_120007;08.06.2026;10:30:00;460;68;1609;87;U9996Z1;Bečváry,Červený Hrádek;49.94027;15.09924
20260608_120007_L300;20260608_120007;08.06.2026;11:48:00;300;22;8998;12;U4302Z51;Praha,Nádraží Veleslavín;50.14586;14.20108
20260608_120007_L300;20260608_120007;08.06.2026;11:49:00;300;11;8997;10;U4303Z52;Libušín,náměstí;50.15368;14.18756
20260608_120007_L389;20260608_120007;08.06.2026;11:12:00;389;17;7755;45;U32406Z12;Chomutov,žel.st.;50.45674;13.40044
20260608_120007_L798;20260608_120007;08.06.2026;10:41:00;798;72;7885;78;U4073Z2;Benešov,Terminál;49.78578;14.6899
20260608_120007_L126;20260608_120007;08.06.2026;11:48:00;126;6;3959;11;U1131Z1P;Koleje Jižní Město;50.03531;14.49337
20260608_120007_L240;20260608_120007;08.06.2026;11:50:00;240;9;1770;10;U448Z2P;Černý Most;50.08124;14.59783
20260608_120007_L406;20260608_120007;08.06.2026;11:45:00;406;4;7936;15;U601Z2;Pelhřimov,aut.nádr.;50.03783;14.47862
20260608_120007_L633;20260608_120007;08.06.2026;11:39:00;633;55;9552;19;U9022Z2;Liteň,nám.;49.90475;14.15538
20260608_120007_L311;20260608_120007;08.06.2026;11:47:00;311;40;9555;10;U1638Z4;Praha,Zličín;49.97271;14.19662
20260608_120007_L102;20260608_120007;08.06.2026;11:24:00;102;1;3872;34;U912Z3P;Sídliště Bohnice;50.13158;14.41037
20260608_120007_L125;20260608_120007;08.06.2026;11:50:00;125;9;5109;10;U732Z2P;Skalka;50.04313;14.55666
20260608_120007_L858;20260608_120007;08.06.2026;11:42:00;858;66;8711;15;U2825Z1;Libčice n.Vlt.,Žel.zast.Letky;50.19215;14.36945
20260608_120007_L732;20260608_120007;08.06.2026;11:40:00;732;5;9765;19;U6251Z1;Bělá p.Bezd.,Bezdědice;50.48251;14.70158
20260608_120407_L125;20260608_120407;08.06.2026;11:54:00;125;9;5109;10;U633Z1P;Skalka;50.0477;14.54575
20260608_120407_L126;20260608_120407;08.06.2026;11:51:00;126;6;3959;12;U969Z1P;Koleje Jižní Město;50.02646;14.49445
20260608_120407_L300;20260608_120407;08.06.2026;11:50:00;300;22;8998;12;U4301Z2;Praha,Nádraží Veleslavín;50.13989;14.23794
20260608_120407_L798;20260608_120407;08.06.2026;10:41:00;798;72;7885;82;U4073Z2;Benešov,Terminál;49.78579;14.6899
20260608_120407_L389;20260608_120407;08.06.2026;11:12:00;389;17;7755;49;U32406Z12;Chomutov,žel.st.;50.45673;13.40043
20260608_120407_L705;20260608_120407;08.06.2026;11:53:00;705;39;8692;10;U5896Z1;Čáslav,obchodní centrum;50.02313;15.20247
20260608_120407_L858;20260608_120407;08.06.2026;11:42:00;858;66;8711;19;U2825Z1;Libčice n.Vlt.,Žel.zast.Letky;50.19215;14.36945
20260608_120407_L460;20260608_120407;08.06.2026;10:30:00;460;68;1609;91;U9996Z1;Bečváry,Červený Hrádek;49.94027;15.09926
20260608_120407_L400;20260608_120407;08.06.2026;11:52:00;400;54;1091;10;U1792Z1;Praha,Střížkov;50.33502;14.49441
20260608_120407_L406;20260608_120407;08.06.2026;11:45:00;406;4;7936;17;U601Z2;Pelhřimov,aut.nádr.;50.02926;14.49462
20260608_120407_L622;20260608_120407;08.06.2026;11:50:00;622;72;8703;13;U4314Z3;Velké Přílepy;50.14562;14.10626
20260608_120407_L300;20260608_120407;08.06.2026;11:51:00;300;11;8997;10;U4304Z1;Libušín,náměstí;50.14675;14.15633
20260608_120407_L394;20260608_120407;08.06.2026;11:51:00;394;27;9918;10;U4273Z1;Praha,Nové Butovice;49.97816;14.11636
20260608_120407_L313;20260608_120407;08.06.2026;11:52:00;313;81;9827;12;U1629Z1;Černošice,žel.zast.;49.98596;14.32697
20260608_120407_L136;20260608_120407;08.06.2026;11:54:00;136;8;5018;10;U69Z2P;Jižní Město;50.089;14.46158
20260608_120407_L732;20260608_120407;08.06.2026;11:40:00;732;5;9765;23;U6251Z1;Bělá p.Bezd.,Bezdědice;50.48251;14.70158
20260608_120407_L102;20260608_120407;08.06.2026;11:24:00;102;1;3872;38;U912Z3P;Sídliště Bohnice;50.13151;14.41143
20260608_120407_L155;20260608_120407;08.06.2026;11:54:00;155;2;9484;10;U1018Z1P;Nemocnice Vinohrady;50.08745;14.50694
20260608_120407_L633;20260608_120407;08.06.2026;11:39:00;633;55;9552;23;U9022Z2;Liteň,nám.;49.90475;14.15538
20260608_120808_L633;20260608_120808;08.06.2026;11:39:00;633;55;9552;27;U9022Z2;Liteň,nám.;49.90475;14.15538
20260608_120808_L589;20260608_120808;08.06.2026;11:55:00;589;13;7751;10;U4858Z1;Louny,ČSAD;50.35557;13.77899
20260608_120808_L705;20260608_120808;08.06.2026;11:53:00;705;39;8692;13;U5896Z1;Čáslav,obchodní centrum;50.02508;15.20005
20260608_120808_L381;20260608_120808;08.06.2026;11:53:00;381;8;9367;14;U1980Z1;Kutná Hora,hlavní nádraží;49.97149;14.91791
20260608_120808_L798;20260608_120808;08.06.2026;10:41:00;798;72;7885;86;U4073Z2;Benešov,Terminál;49.78578;14.68988
20260608_120808_L125;20260608_120808;08.06.2026;11:58:00;125;9;5109;10;U677Z2P;Skalka;50.0569;14.53674
20260608_120808_L136;20260608_120808;08.06.2026;11:56:00;136;8;5018;11;U743Z2P;Jižní Město;50.08426;14.45684
20260608_120808_L240;20260608_120808;08.06.2026;11:56:00;240;9;1770;10;U1235Z2P;Černý Most;50.11049;14.58129
20260608_120808_L767;20260608_120808;08.06.2026;11:54:00;767;21;8558;11;U6086Z2;Dolní Slivno;50.3077;14.73137
20260608_120808_L634;20260608_120808;08.06.2026;11:54:00;634;19;9440;13;U9849Z1;Hostomice,nám.;49.85169;14.0352
20260608_120808_L628;20260608_120808;08.06.2026;11:56:00;628;25;8741;12;U2898Z1;Řevničov,ObÚ;50.16245;13.988
20260608_120808_L389;20260608_120808;08.06.2026;11:12:00;389;17;7755;53;U32406Z12;Chomutov,žel.st.;50.45669;13.4004
20260608_120808_L732;20260608_120808;08.06.2026;11:40:00;732;5;9765;27;U6251Z1;Bělá p.Bezd.,Bezdědice;50.48251;14.70158
20260608_120808_L325;20260608_120808;08.06.2026;11:57:00;325;16;1636;10;U3053Z2;Praha,Nádraží Uhříněves;50.03077;14.59723
20260608_120808_L383;20260608_120808;08.06.2026;11:56:00;383;32;9128;11;U1886Z1;Chocerady;49.99164;14.69278
20260608_120808_L406;20260608_120808;08.06.2026;11:56:00;406;25;7929;10;U4073Z2;Praha,Roztyly;49.78711;14.6839
20260608_120808_L300;20260608_120808;08.06.2026;11:57:00;300;11;8997;10;U4306Z1;Libušín,náměstí;50.13532;14.12235
20260608_121208_L389;20260608_121208;08.06.2026;11:12:00;389;17;7755;57;U32406Z12;Chomutov,žel.st.;50.45669;13.4004
20260608_121208_L821;20260608_121208;08.06.2026;12:00:00;821;70;1611;11;U1984Z3;Horní Kruty,Bohouňovice II;49.96636;14.96427
20260608_121208_L732;20260608_121208;08.06.2026;11:40:00;732;5;9765;31;U6251Z1;Bělá p.Bezd.,Bezdědice;50.48251;14.70158
20260608_121208_L705;20260608_121208;08.06.2026;11:58:00;705;39;8692;12;U9983Z2;Čáslav,obchodní centrum;50.0116;15.19894
20260608_121208_L313;20260608_121208;08.06.2026;11:58:00;313;81;9827;13;U1634Z1;Černošice,žel.zast.;49.97516;14.28613
20260608_121208_L325;20260608_121208;08.06.2026;12:00:00;325;16;1636;12;U542Z2;Praha,Nádraží Uhříněves;50.03542;14.59315
20260608_121208_L381;20260608_121208;08.06.2026;12:00:00;381;8;9367;12;U1984Z1;Kutná Hora,hlavní nádraží;49.96663;14.96379
20260608_121208_L634;20260608_121208;08.06.2026;11:57:00;634;19;9440;14;U2895Z2;Hostomice,nám.;49.8281;14.04598
20260608_121208_L628;20260608_121208;08.06.2026;11:59:00;628;25;8741;10;U9284Z2;Řevničov,ObÚ;50.18108;13.97557
20260608_121208_L798;20260608_121208;08.06.2026;10:41:00;798;72;7885;90;U4073Z2;Benešov,Terminál;49.78578;14.68988
20260608_121208_L633;20260608_121208;08.06.2026;11:39:00;633;55;9552;31;U9022Z2;Liteň,nám.;49.90475;14.15538
20260608_121208_L136;20260608_121208;08.06.2026;12:00:00;136;8;5018;11;U118Z4P;Jižní Město;50.07812;14.46083
20260608_121208_L589;20260608_121208;08.06.2026;11:55:00;589;13;7751;14;U4858Z1;Louny,ČSAD;50.35557;13.77899
20260608_121208_L767;20260608_121208;08.06.2026;11:54:00;767;21;8558;15;U6086Z2;Dolní Slivno;50.30769;14.73138
20260608_121208_L300;20260608_121208;08.06.2026;12:02:00;300;11;8997;10;U4310Z1;Libušín,náměstí;50.13617;14.10414
20260608_121608_L496;20260608_121608;08.06.2026;12:05:00;496;12;9459;11;U7045Z2;Bělčice,Záhrobí;49.559;13.94655
20260608_121608_L389;20260608_121608;08.06.2026;11:12:00;389;17;7755;61;U32406Z12;Chomutov,žel.st.;50.45672;13.4004
20260608_121608_L650;20260608_121608;08.06.2026;12:04:00;650;24;12557;11;U31417Z4;Kladno,autobusové nádraží;50.50773;14.14896
20260608_121608_L406;20260608_121608;08.06.2026;12:06:00;406;25;7929;10;U2139Z1;Praha,Roztyly;49.78886;14.6835
20260608_121608_L381;20260608_121608;08.06.2026;12:06:00;381;8;9367;10;U2150Z1;Kutná Hora,hlavní nádraží;49.95993;15.01958
20260608_121608_L705;20260608_121608;08.06.2026;12:02:00;705;39;8692;11;U6677Z1;Čáslav,obchodní centrum;49.99129;15.20707
20260608_121608_L311;20260608_121608;08.06.2026;12:06:00;311;40;9555;10;U1657Z2;Praha,Zličín;49.99606;14.20689
20260608_121608_L313;20260608_121608;08.06.2026;12:01:00;313;81;9827;13;U1635Z1;Černošice,žel.zast.;49.98387;14.27625
20260608_121608_L300;20260608_121608;08.06.2026;12:01:00;300;22;8998;14;U85Z1;Praha,Nádraží Veleslavín;50.09302;14.33122
20260608_121608_L545;20260608_121608;08.06.2026;12:04:00;545;21;9061;11;U31501Z1;Olešná;49.7786;13.78628
20260608_121608_L821;20260608_121608;08.06.2026;12:00:00;821;70;1611;12;U1984Z3;Horní Kruty,Bohouňovice II;49.95786;14.95651
20260608_121608_L136;20260608_121608;08.06.2026;12:04:00;136;8;5018;12;U855Z1P;Jižní Město;50.07445;14.46389
20260608_121608_L589;20260608_121608;08.06.2026;11:55:00;589;13;7751;18;U4858Z1;Louny,ČSAD;50.35557;13.77899
20260608_121608_L633;20260608_121608;08.06.2026;11:39:00;633;55;9552;35;U9022Z2;Liteň,nám.;49.90475;14.15538
20260608_121608_L767;20260608_121608;08.06.2026;11:54:00;767;21;8558;19;U6086Z2;Dolní Slivno;50.30768;14.73138
20260608_121608_L634;20260608_121608;08.06.2026;11:57:00;634;19;9440;16;U2895Z2;Hostomice,nám.;49.82576;14.04499
20260608_121608_L732;20260608_121608;08.06.2026;11:40:00;732;5;9765;35;U6251Z1;Bělá p.Bezd.,Bezdědice;50.48251;14.70158
20260608_121608_L300;20260608_121608;08.06.2026;12:04:00;300;11;8997;11;U3094Z1;Libušín,náměstí;50.14487;14.09564
20260608_121608_L798;20260608_121608;08.06.2026;10:41:00;798;72;7885;94;U4073Z2;Benešov,Terminál;49.78578;14.68989
20260608_121608_L126;20260608_121608;08.06.2026;12:06:00;126;1;3825;10;U151Z2P;Koleje Jižní Město;50.03165;14.53362
20260608_121608_L126;20260608_121608;08.06.2026;12:02:00;126;3;4036;12;U3053Z2P;Nádraží Uhříněves;50.03102;14.59767
20260608_122009_L126;20260608_122009;08.06.2026;12:08:00;126;1;3825;12;U286Z3P;Koleje Jižní Město;50.03034;14.52565
20260608_122009_L126;20260608_122009;08.06.2026;12:05:00;126;3;4036;15;U542Z2P;Nádraží Uhříněves;50.03466;14.59451
20260608_122009_L136;20260608_122009;08.06.2026;12:07:00;136;8;5018;11;U29Z1P;Jižní Město;50.06934;14.46877
20260608_122009_L821;20260608_122009;08.06.2026;12:05:00;821;70;1611;12;U1314Z1;Horní Kruty,Bohouňovice II;49.93946;14.94667
20260608_122009_L300;20260608_122009;08.06.2026;12:08:00;300;11;8997;11;U4325Z1;Libušín,náměstí;50.14223;14.08687
20260608_122009_L311;20260608_122009;08.06.2026;12:10:00;311;40;9555;10;U1655Z2;Praha,Zličín;50.01469;14.21333
20260608_122009_L381;20260608_122009;08.06.2026;12:09:00;381;8;9367;10;U2151Z1;Kutná Hora,hlavní nádraží;49.95342;15.03045
20260608_122009_L389;20260608_122009;08.06.2026;11:12:00;389;17;7755;65;U32406Z12;Chomutov,žel.st.;50.4567;13.40038
20260608_122009_L496;20260608_122009;08.06.2026;12:08:00;496;12;9459;10;U5812Z1;Bělčice,Záhrobí;49.54098;13.92375
20260608_122009_L560;20260608_122009;08.06.2026;12:10:00;560;35;8342;10;U6825Z2;Kolešov;50.17241;13.5551
20260608_122009_L589;20260608_122009;08.06.2026;11:55:00;589;13;7751;22;U4858Z1;Louny,ČSAD;50.35555;13.77896
20260608_122009_L633;20260608_122009;08.06.2026;11:39:00;633;55;9552;39;U9022Z2;Liteň,nám.;49.90475;14.15538
20260608_122009_L634;20260608_122009;08.06.2026;11:57:00;634;19;9440;20;U2895Z2;Hostomice,nám.;49.82584;14.04505
20260608_122009_L641;20260608_122009;08.06.2026;12:07:00;641;17;9447;11;U9856Z1;Beroun,autobusové nádraží;49.88316;13.95596
20260608_122009_L650;20260608_122009;08.06.2026;12:09:00;650;24;12557;11;U31419Z1;Kladno,autobusové nádraží;50.49598;14.14647
20260608_122009_L681;20260608_122009;08.06.2026;12:06:00;681;61;1613;10;U7134Z1;Petrovice II,Losiny;49.79961;15.05377
20260608_122009_L705;20260608_122009;08.06.2026;12:09:00;705;39;8692;11;U6679Z1;Čáslav,obchodní centrum;49.9805;15.20808
20260608_122009_L706;20260608_122009;08.06.2026;12:09:00;706;62;1605;10;U2151Z1;Žiželice,nám.;49.95357;15.03013
20260608_122009_L732;20260608_122009;08.06.2026;11:40:00;732;5;9765;39;U6251Z1;Bělá p.Bezd.,Bezdědice;50.48251;14.70158
20260608_122009_L798;20260608_122009;08.06.2026;10:41:00;798;72;7885;98;U4073Z2;Benešov,Terminál;49.78578;14.6899
20260608_122409_L126;20260608_122409;08.06.2026;12:08:00;126;1;3825;16;U286Z3P;Koleje Jižní Město;50.0303;14.52574
20260608_122409_L136;20260608_122409;08.06.2026;12:11:00;136;8;5018;11;U37Z1P;Jižní Město;50.05736;14.47096
20260608_122409_L228;20260608_122409;08.06.2026;12:10:00;228;11;9044;14;U548Z3P;Benice;50.08039;14.50122
20260608_122409_L821;20260608_122409;08.06.2026;12:09:00;821;70;1611;12;U2394Z1;Horní Kruty,Bohouňovice II;49.94699;14.95172
20260608_122409_L300;20260608_122409;08.06.2026;12:13:00;300;11;8997;11;U1782Z1;Libušín,náměstí;50.14068;14.06547
20260608_122409_L313;20260608_122409;08.06.2026;12:11:00;313;81;9827;12;U9050Z1;Černošice,žel.zast.;49.97221;14.23397
20260608_122409_L389;20260608_122409;08.06.2026;11:12:00;389;17;7755;69;U32406Z12;Chomutov,žel.st.;50.45669;13.40044
20260608_122409_L399;20260608_122409;08.06.2026;12:14:00;399;2;1295;10;U3094Z2;Praha,Nádraží Veleslavín;50.14198;14.09793
20260608_122409_L496;20260608_122409;08.06.2026;12:13:00;496;12;9459;10;U7511Z1;Bělčice,Záhrobí;49.52211;13.91371
20260608_122409_L560;20260608_122409;08.06.2026;12:14:00;560;35;8342;10;U6827Z1;Kolešov;50.18413;13.56643
20260608_122409_L589;20260608_122409;08.06.2026;11:55:00;589;13;7751;26;U4858Z1;Louny,ČSAD;50.35553;13.77899
20260608_122409_L633;20260608_122409;08.06.2026;11:39:00;633;55;9552;43;U9022Z2;Liteň,nám.;49.90475;14.15538
20260608_122409_L634;20260608_122409;08.06.2026;11:57:00;634;19;9440;24;U2895Z2;Hostomice,nám.;49.82547;14.04484
20260608_122409_L641;20260608_122409;08.06.2026;12:07:00;641;17;9447;12;U9856Z1;Beroun,autobusové nádraží;49.87618;13.95118
20260608_122409_L650;20260608_122409;08.06.2026;12:11:00;650;24;12557;10;U31420Z1;Kladno,autobusové nádraží;50.48969;14.14587
20260608_122409_L651;20260608_122409;08.06.2026;12:09:00;651;51;7879;12;U1550Z2;Pyšely,Nám.;49.89121;14.68063
20260608_122409_L681;20260608_122409;08.06.2026;12:06:00;681;61;1613;15;U7134Z1;Petrovice II,Losiny;49.79959;15.05376
20260608_122409_L705;20260608_122409;08.06.2026;12:11:00;705;39;8692;11;U6673Z2;Čáslav,obchodní centrum;49.97966;15.22832
20260608_122409_L732;20260608_122409;08.06.2026;11:40:00;732;5;9765;43;U6251Z1;Bělá p.Bezd.,Bezdědice;50.48251;14.70158
20260608_122409_L798;20260608_122409;08.06.2026;10:41:00;798;72;7885;102;U4073Z2;Benešov,Terminál;49.78578;14.6899
20260608_122809_L732;20260608_122809;08.06.2026;11:40:00;732;5;9765;47;U6251Z1;Bělá p.Bezd.,Bezdědice;50.48251;14.70158
20260608_122809_L399;20260608_122809;08.06.2026;12:17:00;399;2;1295;11;U4310Z2;Praha,Nádraží Veleslavín;50.13532;14.10526
20260608_122809_L633;20260608_122809;08.06.2026;11:39:00;633;55;9552;47;U9022Z2;Liteň,nám.;49.90475;14.15538
20260608_122809_L163;20260608_122809;08.06.2026;12:16:00;163;56;9151;10;U97Z2P;Sídliště Rohožník;50.0817;14.5903
20260608_122809_L400;20260608_122809;08.06.2026;12:14:00;400;53;1087;10;U6078Z2;Praha,Střížkov;50.46955;14.47227
20260608_122809_L136;20260608_122809;08.06.2026;12:17:00;136;8;5018;11;U322Z3P;Jižní Město;50.04602;14.48398
20260608_122809_L634;20260608_122809;08.06.2026;11:57:00;634;19;9440;28;U2895Z2;Hostomice,nám.;49.82563;14.045
20260608_122809_L589;20260608_122809;08.06.2026;11:55:00;589;13;7751;30;U4858Z1;Louny,ČSAD;50.35561;13.77893
20260608_122809_L650;20260608_122809;08.06.2026;12:15:00;650;24;12557;10;U31422Z1;Kladno,autobusové nádraží;50.46614;14.13541
20260608_122809_L313;20260608_122809;08.06.2026;12:14:00;313;81;9827;13;U1639Z1;Černošice,žel.zast.;49.96384;14.26104
20260608_122809_L651;20260608_122809;08.06.2026;12:09:00;651;51;7879;16;U1550Z2;Pyšely,Nám.;49.8912;14.6806
20260608_122809_L399;20260608_122809;08.06.2026;12:14:00;399;11;1264;10;U85Z1;Praha,Nádraží Veleslavín;50.09549;14.34556
20260608_122809_L641;20260608_122809;08.06.2026;12:16:00;641;17;9447;11;U9854Z1;Beroun,autobusové nádraží;49.89569;13.9608
20260608_122809_L389;20260608_122809;08.06.2026;11:12:00;389;17;7755;74;U32406Z12;Chomutov,žel.st.;50.45669;13.40044
20260608_122809_L628;20260608_122809;08.06.2026;12:18:00;628;25;8741;10;U9322Z1;Řevničov,ObÚ;50.20639;13.90011
20260608_122809_L228;20260608_122809;08.06.2026;12:13:00;228;11;9044;15;U827Z1P;Benice;50.07885;14.50836
20260608_122809_L560;20260608_122809;08.06.2026;12:17:00;560;35;8342;10;U6826Z2;Kolešov;50.16912;13.55256
20260608_122809_L821;20260608_122809;08.06.2026;12:14:00;821;70;1611;13;U2382Z1;Horní Kruty,Bohouňovice II;49.9405;14.9743
20260608_122809_L681;20260608_122809;08.06.2026;12:06:00;681;61;1613;19;U7134Z1;Petrovice II,Losiny;49.79964;15.05375
20260608_122809_L719;20260608_122809;08.06.2026;12:15:00;719;22;9087;12;U2987Z18;Bítouchov;50.4189;14.91711
20260608_122809_L433;20260608_122809;08.06.2026;12:18:00;433;15;8545;10;U3074Z2;Pečky,žel.st.;50.17899;15.04412
20260608_122809_L705;20260608_122809;08.06.2026;12:16:00;705;39;8692;10;U6682Z1;Čáslav,obchodní centrum;49.96457;15.25378
20260608_122809_L126;20260608_122809;08.06.2026;12:19:00;126;4;4023;10;U336Z2P;Nádraží Uhříněves;50.03168;14.59864
20260608_122809_L622;20260608_122809;08.06.2026;12:13:00;622;72;8703;15;U4819Z1;Velké Přílepy;50.16576;14.22028
20260608_122809_L300;20260608_122809;08.06.2026;12:17:00;300;11;8997;11;U4793Z1;Libušín,náměstí;50.16048;14.04886
20260608_122809_L798;20260608_122809;08.06.2026;10:41:00;798;72;7885;106;U4073Z2;Benešov,Terminál;49.78579;14.6899
20260608_123210_L136;20260608_123210;08.06.2026;12:20:00;136;8;5018;11;U181Z1P;Jižní Město;50.03945;14.49054
20260608_123210_L136;20260608_123210;08.06.2026;12:22:00;136;10;5081;10;U518Z3P;Jižní Město;50.0759;14.45907
20260608_123210_L163;20260608_123210;08.06.2026;12:16:00;163;56;9151;13;U97Z2P;Sídliště Rohožník;50.08168;14.5905
20260608_123210_L228;20260608_123210;08.06.2026;12:18:00;228;11;9044;13;U1071Z3P;Benice;50.07722;14.51871
20260608_123210_L313;20260608_123210;08.06.2026;12:19:00;313;81;9827;12;U1641Z1;Černošice,žel.zast.;49.96182;14.29265
20260608_123210_L389;20260608_123210;08.06.2026;11:12:00;389;17;7755;78;U32406Z12;Chomutov,žel.st.;50.4567;13.40045
20260608_123210_L399;20260608_123210;08.06.2026;12:22:00;399;2;1295;10;U4318Z2;Praha,Nádraží Veleslavín;50.12708;14.12316
20260608_123210_L400;20260608_123210;08.06.2026;12:20:00;400;6;11628;11;U31355Z1;Varnsdorf,aut.nádr.;50.70378;14.54327
20260608_123210_L560;20260608_123210;08.06.2026;12:21:00;560;35;8342;10;U6828Z2;Kolešov;50.1629;13.52745
20260608_123210_L589;20260608_123210;08.06.2026;11:55:00;589;13;7751;34;U4858Z1;Louny,ČSAD;50.35561;13.77893
20260608_123210_L628;20260608_123210;08.06.2026;12:18:00;628;25;8741;11;U9322Z1;Řevničov,ObÚ;50.21274;13.8741
20260608_123210_L633;20260608_123210;08.06.2026;11:39:00;633;55;9552;51;U9022Z2;Liteň,nám.;49.90475;14.15538
20260608_123210_L641;20260608_123210;08.06.2026;12:22:00;641;17;9447;10;U9105Z1;Beroun,autobusové nádraží;49.91243;13.97944
20260608_123210_L650;20260608_123210;08.06.2026;12:20:00;650;24;12557;12;U31424Z1;Kladno,autobusové nádraží;50.45422;14.14624
20260608_123210_L651;20260608_123210;08.06.2026;12:09:00;651;51;7879;20;U1550Z2;Pyšely,Nám.;49.89122;14.68059
20260608_123210_L681;20260608_123210;08.06.2026;12:06:00;681;61;1613;23;U7134Z1;Petrovice II,Losiny;49.79965;15.05376
20260608_123210_L705;20260608_123210;08.06.2026;12:20:00;705;39;8692;10;U5861Z1;Čáslav,obchodní centrum;49.95258;15.26532
20260608_123210_L719;20260608_123210;08.06.2026;12:20:00;719;22;9087;11;U3391Z1;Bítouchov;50.4154;14.90455
20260608_123210_L798;20260608_123210;08.06.2026;10:41:00;798;72;7885;110;U4073Z2;Benešov,Terminál;49.78578;14.68991
20260608_123610_L589;20260608_123610;08.06.2026;11:55:00;589;13;7751;38;U4858Z1;Louny,ČSAD;50.35561;13.77893
20260608_123610_L136;20260608_123610;08.06.2026;12:24:00;136;8;5018;12;U106Z2P;Jižní Město;50.02751;14.50774
20260608_123610_L798;20260608_123610;08.06.2026;10:41:00;798;72;7885;114;U4073Z2;Benešov,Terminál;49.78579;14.68991
20260608_123610_L389;20260608_123610;08.06.2026;11:12:00;389;17;7755;82;U32406Z12;Chomutov,žel.st.;50.4567;13.40045
20260608_123610_L651;20260608_123610;08.06.2026;12:09:00;651;51;7879;24;U1550Z2;Pyšely,Nám.;49.89122;14.68061
20260608_123610_L345;20260608_123610;08.06.2026;12:23:00;345;36;10654;10;U3253Z1;Praha,Černý Most;50.49754;14.96887
20260608_123610_L399;20260608_123610;08.06.2026;12:25:00;399;2;1295;10;U4316Z5;Praha,Nádraží Veleslavín;50.13231;14.13802
20260608_123610_L400;20260608_123610;08.06.2026;12:26:00;400;6;11628;10;U31358Z1;Varnsdorf,aut.nádr.;50.74306;14.55117
20260608_123610_L588;20260608_123610;08.06.2026;12:22:00;588;23;7745;11;U9326Z2;Milý,Bor;50.22858;13.8834
20260608_123610_L622;20260608_123610;08.06.2026;12:23:00;622;72;8703;13;U2885Z1;Velké Přílepy;50.18461;14.20859
20260608_123610_L228;20260608_123610;08.06.2026;12:22:00;228;11;9044;12;U389Z1P;Benice;50.07133;14.53653
20260608_123610_L719;20260608_123610;08.06.2026;12:24:00;719;22;9087;11;U6176Z1;Bítouchov;50.43513;14.89558
20260608_123610_L681;20260608_123610;08.06.2026;12:06:00;681;61;1613;27;U7134Z1;Petrovice II,Losiny;49.79964;15.05376
20260608_123610_L560;20260608_123610;08.06.2026;12:23:00;560;35;8342;13;U6829Z2;Kolešov;50.1555;13.52955
20260608_123610_L650;20260608_123610;08.06.2026;12:24:00;650;24;12557;12;U31426Z1;Kladno,autobusové nádraží;50.45195;14.16729
20260608_123610_L163;20260608_123610;08.06.2026;12:16:00;163;56;9151;17;U97Z2P;Sídliště Rohožník;50.08153;14.59335
20260608_123610_L633;20260608_123610;08.06.2026;11:39:00;633;55;9552;55;U9022Z2;Liteň,nám.;49.90475;14.15538
20260608_124011_L540;20260608_124011;08.06.2026;12:30:00;540;15;7587;10;U6698Z51;Záhornice,U Tylů;50.19443;15.1488
20260608_124011_L560;20260608_124011;08.06.2026;12:23:00;560;35;8342;15;U6829Z2;Kolešov;50.14928;13.50957
20260608_124011_L651;20260608_124011;08.06.2026;12:09:00;651;51;7879;28;U1550Z2;Pyšely,Nám.;49.89122;14.6806
20260608_124011_L588;20260608_124011;08.06.2026;12:28:00;588;23;7745;11;U9038Z2;Milý,Bor;50.23506;13.86399
20260608_124011_L589;20260608_124011;08.06.2026;11:55:00;589;13;7751;42;U4858Z1;Louny,ČSAD;50.35558;13.77897
20260608_124011_L798;20260608_124011;08.06.2026;10:41:00;798;72;7885;118;U4073Z2;Benešov,Terminál;49.78576;14.68989
20260608_124011_L705;20260608_124011;08.06.2026;12:29:00;705;39;8692;11;U7345Z2;Čáslav,obchodní centrum;49.95486;15.2779
20260608_124011_L300;20260608_124011;08.06.2026;12:29:00;300;3;8973;10;U3094Z2;Praha,Nádraží Veleslavín;50.13966;14.10004
20260608_124011_L381;20260608_124011;08.06.2026;12:30:00;381;2;9372;10;U2008Z1;Čáslav,obchodní centrum;49.98946;14.7405
20260608_124011_L136;20260608_124011;08.06.2026;12:28:00;136;8;5018;11;U353Z1P;Jižní Město;50.02623;14.52149
20260608_124011_L650;20260608_124011;08.06.2026;12:28:00;650;24;12557;12;U31427Z1;Kladno,autobusové nádraží;50.42277;14.15882
20260608_124011_L114;20260608_124011;08.06.2026;12:29:00;114;4;5033;10;U796Z2P;Šeberák;50.03968;14.4311
20260608_124011_L719;20260608_124011;08.06.2026;12:28:00;719;22;9087;10;U9349Z1;Bítouchov;50.45196;14.88941
20260608_124011_L324;20260608_124011;08.06.2026;12:26:00;324;27;8996;11;U4313Z7;Praha,Zličín;50.14274;14.09534
20260608_124011_L228;20260608_124011;08.06.2026;12:27:00;228;12;9483;12;U136Z2P;Poliklinika Malešice;50.02704;14.59357
20260608_124011_L487;20260608_124011;08.06.2026;12:27:00;487;60;1635;10;U9940Z2;Vlašim,žel.st.;49.88866;15.06922
20260608_124011_L345;20260608_124011;08.06.2026;12:30:00;345;36;10654;10;U6213Z2;Praha,Černý Most;50.47302;14.94419
20260608_124011_L399;20260608_124011;08.06.2026;12:26:00;399;2;1295;11;U4315Z2;Praha,Nádraží Veleslavín;50.14821;14.1634
20260608_124011_L622;20260608_124011;08.06.2026;12:27:00;622;72;8703;12;U2839Z2;Velké Přílepy;50.17881;14.24044
20260608_124011_L401;20260608_124011;08.06.2026;12:29:00;401;59;7774;10;U4886Z7;Jindřichův Hradec,aut.nádr.;49.4141;14.67491
20260608_124011_L163;20260608_124011;08.06.2026;12:16:00;163;56;9151;21;U97Z2P;Sídliště Rohožník;50.0812;14.5975
20260608_124411_L126;20260608_124411;08.06.2026;12:32:00;126;5;4113;11;U3053Z2P;Nádraží Uhříněves;50.03098;14.59754
20260608_124411_L719;20260608_124411;08.06.2026;12:32:00;719;22;9087;10;U6208Z1;Bítouchov;50.46241;14.91257
20260608_124411_L588;20260608_124411;08.06.2026;12:31:00;588;23;7745;11;U9039Z1;Slaný,aut.nádr.;50.23612;13.86833
20260608_124411_L589;20260608_124411;08.06.2026;11:55:00;589;13;7751;46;U4858Z1;Louny,ČSAD;50.35559;13.77901
20260608_124411_L651;20260608_124411;08.06.2026;12:09:00;651;51;7879;32;U1550Z2;Pyšely,Nám.;49.89122;14.6806
20260608_124411_L401;20260608_124411;08.06.2026;12:29:00;401;59;7774;12;U4886Z7;Jindřichův Hradec,aut.nádr.;49.41072;14.68073
20260608_124411_L491;20260608_124411;08.06.2026;12:33:00;491;10;8686;10;U2273Z1;Mukařov;50.05859;14.82062
20260608_124411_L628;20260608_124411;08.06.2026;12:32:00;628;25;8741;10;U9329Z2;Řevničov,ObÚ;50.20693;13.84676
20260608_124411_L628;20260608_124411;08.06.2026;12:33:00;628;24;8798;10;U4206Z1;Kladno,autobusové nádraží;50.21698;13.84648
20260608_124411_L622;20260608_124411;08.06.2026;12:29:00;622;72;8703;11;U4404Z2;Velké Přílepy;50.1619;14.25252
20260608_124411_L324;20260608_124411;08.06.2026;12:29:00;324;27;8996;15;U3094Z2;Praha,Zličín;50.14182;14.09807
20260608_124411_L541;20260608_124411;08.06.2026;12:30:00;541;9;7649;11;U9576Z2;Dlouhopolsko;50.21433;15.14324
20260608_124411_L650;20260608_124411;08.06.2026;12:33:00;650;24;12557;11;U31429Z1;Kladno,autobusové nádraží;50.40433;14.12878
20260608_124411_L705;20260608_124411;08.06.2026;12:32:00;705;39;8692;11;U9425Z2;Čáslav,obchodní centrum;49.94893;15.27513
20260608_124411_L487;20260608_124411;08.06.2026;12:27:00;487;60;1635;13;U9940Z2;Vlašim,žel.st.;49.88868;15.06921
20260608_124411_L381;20260608_124411;08.06.2026;12:33:00;381;2;9372;11;U2010Z1;Čáslav,obchodní centrum;49.98831;14.76733
20260608_124411_L114;20260608_124411;08.06.2026;12:33:00;114;4;5033;10;U50Z5P;Šeberák;50.04329;14.45029
20260608_124811_L521;20260608_124811;08.06.2026;12:37:00;521;17;9781;10;U7694Z1;Věšín,Buková;49.65173;13.91068
20260608_124811_L589;20260608_124811;08.06.2026;11:55:00;589;13;7751;50;U4858Z1;Louny,ČSAD;50.35557;13.77901
20260608_124811_L126;20260608_124811;08.06.2026;12:35:00;126;5;4113;13;U542Z2P;Nádraží Uhříněves;50.03422;14.5951
20260608_124811_L114;20260608_124811;08.06.2026;12:37:00;114;4;5033;11;U1402Z2P;Šeberák;50.04839;14.45886
20260608_124811_L651;20260608_124811;08.06.2026;12:09:00;651;51;7879;36;U1550Z2;Pyšely,Nám.;49.89121;14.6806
20260608_124811_L650;20260608_124811;08.06.2026;12:33:00;650;24;12557;13;U31429Z1;Kladno,autobusové nádraží;50.40288;14.12423
20260608_124811_L705;20260608_124811;08.06.2026;12:34:00;705;39;8692;13;U7129Z2;Čáslav,obchodní centrum;49.94816;15.2833
20260608_124811_L553;20260608_124811;08.06.2026;12:35:00;553;83;7843;12;U1384Z7;Jankov,Odlochovice;49.77931;14.68371
20260608_124811_L541;20260608_124811;08.06.2026;12:38:00;541;1;7625;10;U9557Z1;Nymburk,hl.nádr.;50.20584;15.11629
20260608_124811_L541;20260608_124811;08.06.2026;12:36:00;541;9;7649;12;U6698Z52;Dlouhopolsko;50.19315;15.15076
20260608_124811_L401;20260608_124811;08.06.2026;12:33:00;401;59;7774;13;U32435Z2;Jindřichův Hradec,aut.nádr.;49.38885;14.6909
20260608_124811_L381;20260608_124811;08.06.2026;12:35:00;381;2;9372;11;U2011Z1;Čáslav,obchodní centrum;49.99166;14.8112
20260608_124811_L345;20260608_124811;08.06.2026;12:35:00;345;36;10654;11;U3395Z2;Praha,Černý Most;50.4358;14.92874
20260608_124811_L622;20260608_124811;08.06.2026;12:33:00;622;72;8703;11;U2094Z2;Velké Přílepy;50.15312;14.28357
20260608_124811_L491;20260608_124811;08.06.2026;12:36:00;491;10;8686;11;U1422Z1;Mukařov;50.04264;14.807
20260608_124811_L588;20260608_124811;08.06.2026;12:34:00;588;23;7745;11;U9038Z1;Slaný,aut.nádr.;50.22822;13.8836
20260608_124811_L628;20260608_124811;08.06.2026;12:34:00;628;24;8798;10;U4985Z1;Kladno,autobusové nádraží;50.22497;13.87854
20260608_124811_L300;20260608_124811;08.06.2026;12:37:00;300;3;8973;11;U4306Z2;Praha,Nádraží Veleslavín;50.13611;14.12688
20260608_124811_L311;20260608_124811;08.06.2026;12:37:00;311;77;9583;10;U4256Z1;Řevnice,nádraží;49.95308;14.20844
20260608_124811_L324;20260608_124811;08.06.2026;12:32:00;324;27;8996;15;U4310Z2;Praha,Zličín;50.13542;14.1053
20260608_124811_L250;20260608_124811;08.06.2026;12:38:00;250;1;6963;10;U28Z1P;Sídliště Rohožník;50.08087;14.61788
20260608_124811_L311;20260608_124811;08.06.2026;12:37:00;311;74;9597;10;U4256Z2;Praha,Zličín;49.95473;14.2044
20260608_124811_L400;20260608_124811;08.06.2026;12:38:00;400;56;1086;10;U31355Z2;Praha,Střížkov;50.69374;14.54134
20260608_125212_L541;20260608_125212;08.06.2026;12:39:00;541;9;7649;12;U7788Z2;Dlouhopolsko;50.19116;15.19078
20260608_125212_L521;20260608_125212;08.06.2026;12:39:00;521;17;9781;11;U7693Z2;Věšín,Buková;49.64827;13.92288
20260608_125212_L311;20260608_125212;08.06.2026;12:42:00;311;77;9583;10;U1665Z1;Řevnice,nádraží;49.93861;14.23548
20260608_125212_L324;20260608_125212;08.06.2026;12:37:00;324;27;8996;15;U4318Z2;Praha,Zličín;50.12721;14.12381
20260608_125212_L381;20260608_125212;08.06.2026;12:37:00;381;2;9372;13;U2012Z1;Čáslav,obchodní centrum;49.99234;14.83165
20260608_125212_L553;20260608_125212;08.06.2026;12:38:00;553;83;7843;13;U4521Z1;Jankov,Odlochovice;49.77493;14.68233
20260608_125212_L628;20260608_125212;08.06.2026;12:39:00;628;24;8798;11;U9326Z1;Kladno,autobusové nádraží;50.21866;13.88187
20260608_125212_L491;20260608_125212;08.06.2026;12:40:00;491;10;8686;12;U1423Z1;Mukařov;50.02308;14.796
20260608_125212_L401;20260608_125212;08.06.2026;12:37:00;401;59;7774;15;U31450Z1;Jindřichův Hradec,aut.nádr.;49.37668;14.6996
20260608_125212_L589;20260608_125212;08.06.2026;11:55:00;589;13;7751;54;U4858Z1;Louny,ČSAD;50.35557;13.77894
20260608_125212_L651;20260608_125212;08.06.2026;12:09:00;651;51;7879;40;U1550Z2;Pyšely,Nám.;49.89121;14.6806
20260608_125212_L400;20260608_125212;08.06.2026;12:41:00;400;56;1086;11;U32490Z1;Praha,Střížkov;50.68179;14.53659
20260608_125212_L705;20260608_125212;08.06.2026;12:39:00;705;39;8692;13;U7192Z1;Čáslav,obchodní centrum;49.93582;15.31065
20260608_125212_L240;20260608_125212;08.06.2026;12:41:00;240;9;1770;11;U1344Z1P;Háje;50.07702;14.6033
20260608_125212_L622;20260608_125212;08.06.2026;12:41:00;622;72;8703;10;U7691Z2;Velké Přílepy;50.15976;14.3101
20260608_125212_L311;20260608_125212;08.06.2026;12:40:00;311;74;9597;11;U1663Z2;Praha,Zličín;49.95681;14.21426
20260608_125212_L250;20260608_125212;08.06.2026;12:42:00;250;1;6963;10;U3008Z1P;Sídliště Rohožník;50.07711;14.65536
20260608_125212_L136;20260608_125212;08.06.2026;12:40:00;136;12;5540;11;U118Z4P;Jižní Město;50.07759;14.4585
20260608_125212_L724;20260608_125212;08.06.2026;12:42:00;724;65;9513;10;U6275Z2;Mladá Boleslav,aut.st.;50.39841;15.12003
20260608_125612_L109;20260608_125612;08.06.2026;12:42:00;109;1;3951;12;U97Z2P;VÚ Běchovice;50.08179;14.59003
20260608_125612_L136;20260608_125612;08.06.2026;12:44:00;136;13;5136;12;U69Z2P;Jižní Město;50.08897;14.46165
20260608_125612_L240;20260608_125612;08.06.2026;12:45:00;240;9;1770;11;U107Z2P;Háje;50.06264;14.59062
20260608_125612_L300;20260608_125612;08.06.2026;12:43:00;300;3;8973;12;U4303Z51;Praha,Nádraží Veleslavín;50.15331;14.18514
20260608_125612_L311;20260608_125612;08.06.2026;12:42:00;311;77;9583;11;U1665Z1;Řevnice,nádraží;49.92669;14.23052
20260608_125612_L372;20260608_125612;08.06.2026;12:45:00;372;2;8081;10;U2340Z1;Kralupy n.Vlt.,žel.st.;50.2758;14.40471
20260608_125612_L381;20260608_125612;08.06.2026;12:42:00;381;2;9372;12;U2015Z1;Čáslav,obchodní centrum;49.9933;14.85719
20260608_125612_L399;20260608_125612;08.06.2026;12:44:00;399;2;1295;12;U85Z1;Praha,Nádraží Veleslavín;50.09259;14.32429
20260608_125612_L399;20260608_125612;08.06.2026;12:41:00;399;3;1297;12;U4313Z7;Praha,Nádraží Veleslavín;50.14303;14.09645
20260608_125612_L410;20260608_125612;08.06.2026;12:43:00;410;9;11646;11;U1794Z2;Praha,Střížkov;50.35013;14.48713
20260608_125612_L491;20260608_125612;08.06.2026;12:42:00;491;10;8686;13;U9608Z1;Mukařov;50.0189;14.7873
20260608_125612_L521;20260608_125612;08.06.2026;12:45:00;521;17;9781;11;U5826Z1;Věšín,Buková;49.62334;13.89858
20260608_125612_L553;20260608_125612;08.06.2026;12:42:00;553;83;7843;13;U4554Z1;Jankov,Odlochovice;49.75069;14.67249
20260608_125612_L589;20260608_125612;08.06.2026;11:55:00;589;13;7751;58;U4858Z1;Louny,ČSAD;50.35559;13.77895
20260608_125612_L628;20260608_125612;08.06.2026;12:44:00;628;24;8798;12;U9322Z1;Kladno,autobusové nádraží;50.20635;13.9002
20260608_125612_L650;20260608_125612;08.06.2026;12:41:00;650;24;12557;14;U9004Z1;Kladno,autobusové nádraží;50.36375;14.12298
20260608_125612_L651;20260608_125612;08.06.2026;12:09:00;651;51;7879;44;U1550Z2;Pyšely,Nám.;49.8912;14.68061
20260608_125612_L705;20260608_125612;08.06.2026;12:42:00;705;39;8692;12;U7193Z1;Čáslav,obchodní centrum;49.92029;15.33094
20260608_125612_L706;20260608_125612;08.06.2026;12:43:00;706;62;1605;10;U2816Z6;Žiželice,nám.;50.03016;15.20781
20260608_125612_L719;20260608_125612;08.06.2026;12:42:00;719;22;9087;13;U6210Z2;Bítouchov;50.48222;14.93286
20260608_130012_L163;20260608_130012;08.06.2026;12:46:00;163;53;9190;12;U97Z2P;Sídliště Rohožník;50.08161;14.59131
20260608_130012_L324;20260608_130012;08.06.2026;12:48:00;324;20;8972;11;U3094Z1;Smečno;50.1456;14.09489
20260608_130012_L311;20260608_130012;08.06.2026;12:48:00;311;77;9583;12;U2569Z1;Řevnice,nádraží;49.92456;14.24046
20260608_130012_L109;20260608_130012;08.06.2026;12:42:00;109;1;3951;16;U97Z2P;VÚ Běchovice;50.08174;14.5903
20260608_130012_L136;20260608_130012;08.06.2026;12:46:00;136;13;5136;12;U743Z2P;Jižní Město;50.08392;14.45765
20260608_130012_L521;20260608_130012;08.06.2026;12:47:00;521;17;9781;12;U5828Z1;Věšín,Buková;49.60413;13.87974
20260608_130012_L126;20260608_130012;08.06.2026;12:47:00;126;6;3959;12;U3053Z2P;Nádraží Uhříněves;50.03092;14.59754
20260608_130012_L345;20260608_130012;08.06.2026;12:45:00;345;36;10654;11;U2987Z7;Praha,Černý Most;50.41952;14.91424
20260608_130012_L399;20260608_130012;08.06.2026;12:44:00;399;3;1297;13;U3094Z2;Praha,Nádraží Veleslavín;50.13781;14.10181
20260608_130012_L443;20260608_130012;08.06.2026;12:50:00;443;22;8594;10;U1438Z1;Nymburk,hl.nádr.;50.16181;14.92869
20260608_130012_L651;20260608_130012;08.06.2026;12:09:00;651;51;7879;48;U1550Z2;Pyšely,Nám.;49.89119;14.68059
20260608_130012_L136;20260608_130012;08.06.2026;12:50:00;136;10;5081;10;U286Z5P;Jižní Město;50.03069;14.52991
20260608_130012_L650;20260608_130012;08.06.2026;12:44:00;650;24;12557;15;U31431Z1;Kladno,autobusové nádraží;50.3625;14.13839
20260608_130012_L400;20260608_130012;08.06.2026;12:45:00;400;56;1086;10;U31354Z5;Praha,Střížkov;50.67754;14.5368
20260608_130012_L401;20260608_130012;08.06.2026;12:44:00;401;59;7774;16;U31441Z1;Jindřichův Hradec,aut.nádr.;49.35312;14.70287
20260608_130012_L372;20260608_130012;08.06.2026;12:48:00;372;2;8081;11;U2341Z2;Kralupy n.Vlt.,žel.st.;50.27687;14.40817
20260608_130012_L381;20260608_130012;08.06.2026;12:48:00;381;2;9372;11;U1978Z1;Čáslav,obchodní centrum;49.98711;14.86651
20260608_130012_L541;20260608_130012;08.06.2026;12:47:00;541;9;7649;11;U6625Z3;Dlouhopolsko;50.16578;15.20589
20260608_130012_L705;20260608_130012;08.06.2026;12:46:00;705;39;8692;12;U7296Z1;Čáslav,obchodní centrum;49.9081;15.34285
20260608_130012_L553;20260608_130012;08.06.2026;12:46:00;553;83;7843;13;U6553Z1;Jankov,Odlochovice;49.7429;14.67677
20260608_130012_L491;20260608_130012;08.06.2026;12:45:00;491;10;8686;14;U2071Z2;Mukařov;50.00418;14.77342
20260608_130012_L706;20260608_130012;08.06.2026;12:50:00;706;62;1605;10;U6610Z1;Žiželice,nám.;50.04102;15.21342
20260608_130012_L628;20260608_130012;08.06.2026;12:44:00;628;24;8798;13;U9322Z1;Kladno,autobusové nádraží;50.2002;13.90378
20260608_130012_L163;20260608_130012;08.06.2026;12:48:00;163;56;9151;12;U903Z2P;Depo Hostivař;50.07466;14.66907
20260608_130012_L228;20260608_130012;08.06.2026;12:44:00;228;11;9044;15;U9690Z1P;Benice;50.03851;14.58912
20260608_130012_L240;20260608_130012;08.06.2026;12:48:00;240;9;1770;11;U108Z2P;Háje;50.05684;14.57449
20260608_130012_L240;20260608_130012;08.06.2026;12:48:00;240;10;1754;10;U1342Z1P;Černý Most;50.08082;14.6022
20260608_130012_L300;20260608_130012;08.06.2026;12:48:00;300;3;8973;12;U4302Z51;Praha,Nádraží Veleslavín;50.14587;14.20112
20260608_130413_L109;20260608_130413;08.06.2026;12:42:00;109;1;3951;20;U97Z2P;VÚ Běchovice;50.08152;14.59256
20260608_130413_L126;20260608_130413;08.06.2026;12:50:00;126;6;3959;14;U542Z2P;Nádraží Uhříněves;50.03468;14.59446
20260608_130413_L136;20260608_130413;08.06.2026;12:50:00;136;13;5136;13;U118Z4P;Jižní Město;50.0781;14.46077
20260608_130413_L163;20260608_130413;08.06.2026;12:46:00;163;53;9190;14;U97Z2P;Sídliště Rohožník;50.08131;14.59613
20260608_130413_L163;20260608_130413;08.06.2026;12:50:00;163;56;9151;13;U3008Z2P;Depo Hostivař;50.07832;14.64899
20260608_130413_L240;20260608_130413;08.06.2026;12:52:00;240;9;1770;11;U1069Z4P;Háje;50.04884;14.56351
20260608_130413_L240;20260608_130413;08.06.2026;12:50:00;240;10;1754;11;U448Z2P;Černý Most;50.09472;14.5943
20260608_130413_L300;20260608_130413;08.06.2026;12:50:00;300;3;8973;12;U4301Z2;Praha,Nádraží Veleslavín;50.13907;14.23985
20260608_130413_L311;20260608_130413;08.06.2026;12:50:00;311;77;9583;12;U2570Z1;Řevnice,nádraží;49.9234;14.25761
20260608_130413_L324;20260608_130413;08.06.2026;12:53:00;324;20;8972;11;U2889Z1;Smečno;50.14098;14.0822
20260608_130413_L324;20260608_130413;08.06.2026;12:49:00;324;27;8996;14;U4304Z1;Praha,Zličín;50.15108;14.18012
20260608_130413_L325;20260608_130413;08.06.2026;12:53:00;325;16;1636;10;U3053Z2;Praha,Nádraží Uhříněves;50.03012;14.5958
20260608_130413_L345;20260608_130413;08.06.2026;12:52:00;345;36;10654;12;U3389Z2;Praha,Černý Most;50.41253;14.9105
20260608_130413_L372;20260608_130413;08.06.2026;12:51:00;372;2;8081;12;U1780Z2;Kralupy n.Vlt.,žel.st.;50.287;14.39557
20260608_130413_L381;20260608_130413;08.06.2026;12:53:00;381;2;9372;10;U1980Z1;Čáslav,obchodní centrum;49.9715;14.91795
20260608_130413_L399;20260608_130413;08.06.2026;12:50:00;399;3;1297;14;U4320Z2;Praha,Nádraží Veleslavín;50.1289;14.11636
20260608_130413_L401;20260608_130413;08.06.2026;12:44:00;401;59;7774;17;U31441Z1;Jindřichův Hradec,aut.nádr.;49.31339;14.72418
20260608_130413_L443;20260608_130413;08.06.2026;12:52:00;443;22;8594;10;U1439Z1;Nymburk,hl.nádr.;50.15047;14.95832
20260608_130413_L450;20260608_130413;08.06.2026;12:52:00;450;24;7505;10;U7838Z2;Sedlčany,aut.st.;49.60753;14.38442
20260608_130413_L491;20260608_130413;08.06.2026;12:49:00;491;10;8686;15;U1908Z1;Mukařov;49.99195;14.74374
20260608_130413_L491;20260608_130413;08.06.2026;12:53:00;491;9;8653;10;U1417Z2;Český Brod,žel.st.;50.06925;14.85189
20260608_130413_L521;20260608_130413;08.06.2026;12:50:00;521;17;9781;13;U7899Z2;Věšín,Buková;49.60623;13.8597
20260608_130413_L541;20260608_130413;08.06.2026;12:53:00;541;9;7649;11;U6627Z1;Dlouhopolsko;50.18429;15.23158
20260608_130413_L553;20260608_130413;08.06.2026;12:50:00;553;83;7843;13;U4557Z1;Jankov,Odlochovice;49.73245;14.66724
20260608_130413_L560;20260608_130413;08.06.2026;12:50:00;560;35;8342;12;U6818Z1;Rakovník,aut.st.;50.12514;13.60593
20260608_130413_L628;20260608_130413;08.06.2026;12:51:00;628;24;8798;13;U9340Z2;Kladno,autobusové nádraží;50.18287;13.92248
20260608_130413_L640;20260608_130413;08.06.2026;12:51:00;640;27;9406;11;U9810Z1;Hostomice,nám.;49.82587;14.04497
20260608_130413_L650;20260608_130413;08.06.2026;12:50:00;650;23;12559;12;U31414Z1;Kladno,autobusové nádraží;50.5342;14.1382
20260608_130413_L650;20260608_130413;08.06.2026;12:49:00;650;24;12557;15;U4438Z1;Kladno,autobusové nádraží;50.34135;14.14601
20260608_130413_L651;20260608_130413;08.06.2026;12:09:00;651;51;7879;53;U1550Z2;Pyšely,Nám.;49.88877;14.67653
20260608_130413_L705;20260608_130413;08.06.2026;12:49:00;705;39;8692;11;U7297Z1;Čáslav,obchodní centrum;49.91153;15.38286
20260608_130813_L705;20260608_130813;08.06.2026;12:55:00;705;39;8692;12;U9370Z1;Čáslav,obchodní centrum;49.91377;15.39585
20260608_130813_L384;20260608_130813;08.06.2026;12:58:00;384;17;9866;10;U9613Z2;Hořovice,nám.B.Němcové;49.86083;13.89328
20260608_130813_L109;20260608_130813;08.06.2026;12:42:00;109;1;3951;23;U97Z2P;VÚ Běchovice;50.08144;14.59345
20260608_130813_L640;20260608_130813;08.06.2026;12:51:00;640;27;9406;15;U9810Z1;Hostomice,nám.;49.82589;14.04499
20260608_130813_L372;20260608_130813;08.06.2026;12:54:00;372;2;8081;13;U1779Z2;Kralupy n.Vlt.,žel.st.;50.29722;14.38402
20260608_130813_L521;20260608_130813;08.06.2026;12:55:00;521;17;9781;13;U5768Z1;Věšín,Buková;49.61534;13.82477
20260608_130813_L560;20260608_130813;08.06.2026;12:50:00;560;35;8342;13;U6818Z1;Rakovník,aut.st.;50.10609;13.60373
20260608_130813_L163;20260608_130813;08.06.2026;12:54:00;163;56;9151;12;U432Z2P;Depo Hostivař;50.0807;14.61942
20260608_130813_L240;20260608_130813;08.06.2026;12:58:00;240;9;1770;10;U3052Z1P;Háje;50.04153;14.55176
20260608_130813_L240;20260608_130813;08.06.2026;12:55:00;240;11;1764;13;U2729Z1P;Černý Most;50.0334;14.54345
20260608_130813_L311;20260608_130813;08.06.2026;12:52:00;311;77;9583;14;U9217Z1;Řevnice,nádraží;49.92596;14.26717
20260608_130813_L324;20260608_130813;08.06.2026;12:54:00;324;27;8996;14;U4301Z2;Praha,Zličín;50.1476;14.21643
20260608_130813_L325;20260608_130813;08.06.2026;12:53:00;325;16;1636;13;U3053Z2;Praha,Nádraží Uhříněves;50.03134;14.59832
20260608_130813_L443;20260608_130813;08.06.2026;12:58:00;443;22;8594;10;U1435Z1;Nymburk,hl.nádr.;50.13701;14.98514
20260608_130813_L541;20260608_130813;08.06.2026;12:55:00;541;9;7649;10;U6630Z1;Dlouhopolsko;50.20451;15.27365
20260608_130813_L628;20260608_130813;08.06.2026;12:55:00;628;24;8798;13;U9338Z1;Kladno,autobusové nádraží;50.1866;13.94819
20260608_130813_L491;20260608_130813;08.06.2026;12:56:00;491;9;8653;11;U2270Z2;Český Brod,žel.st.;50.07529;14.86327
20260608_130813_L399;20260608_130813;08.06.2026;12:53:00;399;3;1297;14;U4317Z2;Praha,Nádraží Veleslavín;50.12928;14.132
20260608_130813_L553;20260608_130813;08.06.2026;12:55:00;553;83;7843;13;U6555Z2;Jankov,Odlochovice;49.71289;14.67349
20260608_130813_L324;20260608_130813;08.06.2026;12:56:00;324;20;8972;12;U1782Z1;Smečno;50.14063;14.06584
20260608_130813_L240;20260608_130813;08.06.2026;12:56:00;240;10;1754;11;U1235Z2P;Černý Most;50.10926;14.5868
20260608_130813_L432;20260608_130813;08.06.2026;12:57:00;432;2;8696;10;U3256Z2;Mladá Boleslav,aut.st.;50.41176;14.91227
20260608_130813_L480;20260608_130813;08.06.2026;12:57:00;480;30;7504;10;U7698Z2;Příbram,aut.nádr.;49.65;14.02402
20260608_130813_L450;20260608_130813;08.06.2026;12:56:00;450;24;7505;10;U5839Z2;Sedlčany,aut.st.;49.61891;14.40251
20260608_130813_L345;20260608_130813;08.06.2026;12:56:00;345;36;10654;11;U3063Z2;Praha,Černý Most;50.41001;14.93354
20260608_130813_L136;20260608_130813;08.06.2026;12:54:00;136;13;5136;13;U855Z1P;Jižní Město;50.07448;14.46388
20260608_130813_L620;20260608_130813;08.06.2026;12:55:00;620;14;7324;10;U4409Z3;Kladno,autobusové nádraží;50.20222;14.18079
20260608_130813_L381;20260608_130813;08.06.2026;12:55:00;381;16;9362;10;U967Z2;Praha,Háje;50.03175;14.54828
20260608_131213_L432;20260608_131213;08.06.2026;12:58:00;432;2;8696;10;U3389Z1;Mladá Boleslav,aut.st.;50.41898;14.91595
20260608_131213_L553;20260608_131213;08.06.2026;13:01:00;553;83;7843;10;U6557Z2;Jankov,Odlochovice;49.69549;14.69175
20260608_131213_L135;20260608_131213;08.06.2026;13:02:00;135;8;5543;10;U413Z2P;Chodov;50.07108;14.46329
20260608_131213_L628;20260608_131213;08.06.2026;12:59:00;628;24;8798;12;U9277Z1;Kladno,autobusové nádraží;50.19112;13.97088
20260608_131213_L324;20260608_131213;08.06.2026;12:57:00;324;20;8972;11;U1918Z1;Smečno;50.14761;14.04705
20260608_131213_L339;20260608_131213;08.06.2026;13:02:00;339;18;9932;10;U488Z7;Praha,Budějovická;50.03052;14.45513
20260608_131213_L109;20260608_131213;08.06.2026;12:42:00;109;1;3951;27;U97Z2P;VÚ Běchovice;50.08138;14.59567
20260608_131213_L821;20260608_131213;08.06.2026;13:00:00;821;69;1584;10;U1984Z4;Kolín,nádraží;49.96658;14.97829
20260608_131213_L620;20260608_131213;08.06.2026;12:58:00;620;14;7324;10;U4421Z2;Kladno,autobusové nádraží;50.18904;14.16225
20260608_131213_L384;20260608_131213;08.06.2026;13:02:00;384;17;9866;10;U9615Z2;Hořovice,nám.B.Němcové;49.84393;13.88956
20260608_131213_L345;20260608_131213;08.06.2026;12:56:00;345;36;10654;12;U3063Z2;Praha,Černý Most;50.38354;14.89663
20260608_131213_L400;20260608_131213;08.06.2026;13:02:00;400;56;1086;10;U31350Z2;Praha,Střížkov;50.60218;14.56568
20260608_131213_L467;20260608_131213;08.06.2026;13:02:00;467;53;9824;10;U4716Z2;Roudnice n.L.,ČSAD;50.42278;14.25466
20260608_131213_L764;20260608_131213;08.06.2026;13:00:00;764;56;8113;11;U3389Z1;Mladá Boleslav,aut.st.;50.41523;14.9104
20260608_131213_L705;20260608_131213;08.06.2026;12:59:00;705;39;8692;13;U5897Z1;Čáslav,obchodní centrum;49.90662;15.39722
20260608_131213_L461;20260608_131213;08.06.2026;13:01:00;461;25;1627;10;U1539Z1;Kamenice,Kult.dům;49.90472;14.58731
20260608_131213_L541;20260608_131213;08.06.2026;13:01:00;541;9;7649;10;U2588Z1;Dlouhopolsko;50.20852;15.30389
20260608_131213_L480;20260608_131213;08.06.2026;12:59:00;480;30;7504;12;U7887Z2;Příbram,aut.nádr.;49.66315;14.01153
20260608_131213_L521;20260608_131213;08.06.2026;13:00:00;521;17;9781;12;U1965Z1;Příbram,aut.nádr.;49.6266;13.8241
20260608_131213_L136;20260608_131213;08.06.2026;13:02:00;136;14;5089;10;U518Z3P;Jižní Město;50.07592;14.45912
20260608_131213_L240;20260608_131213;08.06.2026;12:58:00;240;10;1754;12;U897Z11P;Černý Most;50.10867;14.57346
20260608_131213_L325;20260608_131213;08.06.2026;13:00:00;325;16;1636;12;U461Z2;Čestlice,aquapark;50.03327;14.59308
20260608_131213_L136;20260608_131213;08.06.2026;12:59:00;136;13;5136;14;U680Z3P;Jižní Město;50.06887;14.46909
20260608_131213_L125;20260608_131213;08.06.2026;13:01:00;125;2;6768;11;U226Z2P;Skalka;50.06227;14.53471
20260608_131213_L560;20260608_131213;08.06.2026;12:50:00;560;35;8342;14;U6818Z1;Rakovník,aut.st.;50.09912;13.62852
20260608_131213_L450;20260608_131213;08.06.2026;13:01:00;450;24;7505;10;U7932Z2;Sedlčany,aut.st.;49.62849;14.42515
20260608_131213_L381;20260608_131213;08.06.2026;12:55:00;381;16;9362;14;U967Z2;Praha,Háje;50.03332;14.54414
20260608_131614_L588;20260608_131614;08.06.2026;13:04:00;588;25;7689;11;U9242Z2;Milý,Bor;50.24257;13.93948
20260608_131614_L480;20260608_131614;08.06.2026;13:02:00;480;30;7504;13;U9753Z4;Příbram,aut.nádr.;49.67103;13.99335
20260608_131614_L135;20260608_131614;08.06.2026;13:02:00;135;8;5543;14;U413Z2P;Chodov;50.07112;14.46331
20260608_131614_L650;20260608_131614;08.06.2026;13:06:00;650;23;12559;10;U32106Z1;Kladno,autobusové nádraží;50.50658;14.14119
20260608_131614_L109;20260608_131614;08.06.2026;12:42:00;109;1;3951;31;U97Z2P;VÚ Běchovice;50.08122;14.59753
20260608_131614_L628;20260608_131614;08.06.2026;13:06:00;628;24;8798;10;U2898Z1;Kladno,autobusové nádraží;50.16243;13.98802
20260608_131614_L452;20260608_131614;08.06.2026;13:03:00;452;80;7822;12;U1384Z7;Mladá Vožice,aut.st.;49.77938;14.6837
20260608_131614_L553;20260608_131614;08.06.2026;13:04:00;553;83;7843;10;U6560Z2;Jankov,Odlochovice;49.68426;14.71946
20260608_131614_L620;20260608_131614;08.06.2026;13:05:00;620;14;7324;11;U4420Z1;Kladno,autobusové nádraží;50.17743;14.15697
20260608_131614_L401;20260608_131614;08.06.2026;13:04:00;401;62;7771;10;U32452Z1;Praha,Roztyly;49.19111;14.71416
20260608_131614_L386;20260608_131614;08.06.2026;13:05:00;386;28;8773;10;U4314Z6;Praha,Zličín;50.14941;14.10313
20260608_131614_L381;20260608_131614;08.06.2026;13:02:00;381;18;9370;12;U151Z1;Čáslav,obchodní centrum;50.03124;14.55092
20260608_131614_L163;20260608_131614;08.06.2026;13:01:00;163;56;9151;15;U97Z3P;Depo Hostivař;50.08564;14.57642
20260608_131614_L125;20260608_131614;08.06.2026;13:05:00;125;10;6818;11;U286Z3P;Smíchovské nádraží;50.03033;14.52572
20260608_131614_L467;20260608_131614;08.06.2026;13:06:00;467;53;9824;10;U9876Z1;Roudnice n.L.,ČSAD;50.42556;14.23996
20260608_131614_L719;20260608_131614;08.06.2026;13:05:00;719;22;9087;10;U6204Z52;Mladá Boleslav,aut.st.;50.47981;14.91554
20260608_131614_L300;20260608_131614;08.06.2026;13:01:00;300;3;8973;15;U85Z1;Praha,Nádraží Veleslavín;50.09264;14.32327
20260608_131614_L324;20260608_131614;08.06.2026;13:02:00;324;27;8996;14;U776Z2;Praha,Zličín;50.10788;14.27771
20260608_131614_L325;20260608_131614;08.06.2026;13:03:00;325;16;1636;13;U3053Z1;Čestlice,aquapark;50.02962;14.59464
20260608_131614_L339;20260608_131614;08.06.2026;13:02:00;339;18;9932;11;U488Z7;Praha,Budějovická;50.0416;14.45923
20260608_131614_L499;20260608_131614;08.06.2026;13:03:00;499;36;8690;10;U3389Z1;Mladá Boleslav,aut.st.;50.41941;14.9143
20260608_131614_L450;20260608_131614;08.06.2026;13:04:00;450;24;7505;11;U7926Z2;Sedlčany,aut.st.;49.65448;14.4264
20260608_131614_L650;20260608_131614;08.06.2026;13:01:00;650;24;12557;14;U9202Z1;Kladno,autobusové nádraží;50.28752;14.09193
20260608_131614_L125;20260608_131614;08.06.2026;13:03:00;125;5;6714;12;U424Z1P;Skalka;50.03315;14.49999
20260608_131614_L126;20260608_131614;08.06.2026;13:04:00;126;5;4113;12;U151Z2P;Koleje Jižní Město;50.03167;14.5337
20260608_131614_L136;20260608_131614;08.06.2026;13:03:00;136;13;5136;13;U183Z3P;Jižní Město;50.0561;14.47158
20260608_131614_L126;20260608_131614;08.06.2026;13:02:00;126;7;4037;13;U3053Z2P;Nádraží Uhříněves;50.03145;14.59857
20260608_131614_L125;20260608_131614;08.06.2026;13:01:00;125;2;6768;12;U226Z2P;Skalka;50.06227;14.53471
20260608_131614_L461;20260608_131614;08.06.2026;13:01:00;461;25;1627;14;U1539Z1;Kamenice,Kult.dům;49.90473;14.58727
20260608_131614_L384;20260608_131614;08.06.2026;13:05:00;384;17;9866;10;U9616Z5;Hořovice,nám.B.Němcové;49.83749;13.89836
20260608_131614_L718;20260608_131614;08.06.2026;13:03:00;718;32;8663;12;U31000Z2;Mnichovo Hradiště,dopravní terminál;50.46766;15.17634
20260608_131614_L521;20260608_131614;08.06.2026;13:03:00;521;17;9781;13;U5768Z2;Příbram,aut.nádr.;49.61522;13.82589
20260608_131614_L324;20260608_131614;08.06.2026;13:04:00;324;20;8972;12;U9104Z1;Smečno;50.17878;14.0182
20260608_131614_L183;20260608_131614;08.06.2026;13:04:00;183;1;5083;10;U338Z2P;Háje;50.03265;14.54623
20260608_131614_L126;20260608_131614;08.06.2026;13:06:00;126;1;3825;10;U2729Z1P;Nádraží Uhříněves;50.03334;14.54006
20260608_132014_L125;20260608_132014;08.06.2026;13:03:00;125;5;6714;15;U424Z1P;Skalka;50.03315;14.5
20260608_132014_L125;20260608_132014;08.06.2026;13:08:00;125;10;6818;12;U379Z2P;Smíchovské nádraží;50.03198;14.51423
20260608_132014_L126;20260608_132014;08.06.2026;13:06:00;126;1;3825;11;U2729Z1P;Nádraží Uhříněves;50.02588;14.55961
20260608_132014_L126;20260608_132014;08.06.2026;13:09:00;126;5;4113;11;U735Z1P;Koleje Jižní Město;50.03431;14.51182
20260608_132014_L135;20260608_132014;08.06.2026;13:02:00;135;8;5543;16;U413Z2P;Chodov;50.07116;14.46331
20260608_132014_L136;20260608_132014;08.06.2026;13:07:00;136;13;5136;13;U322Z3P;Jižní Město;50.04607;14.48399
20260608_132014_L163;20260608_132014;08.06.2026;13:05:00;163;56;9151;15;U742Z4P;Depo Hostivař;50.0744;14.56079
20260608_132014_L183;20260608_132014;08.06.2026;13:04:00;183;1;5083;15;U338Z2P;Háje;50.03264;14.54624
20260608_132014_L227;20260608_132014;08.06.2026;13:06:00;227;10;1578;12;U338Z2P;Háje;50.03254;14.54648
20260608_132014_L324;20260608_132014;08.06.2026;13:06:00;324;27;8996;14;U218Z2;Praha,Zličín;50.09555;14.29342
20260608_132014_L325;20260608_132014;08.06.2026;13:05:00;325;16;1636;15;U1385Z1;Čestlice,aquapark;50.02467;14.60236
20260608_132014_L372;20260608_132014;08.06.2026;13:06:00;372;2;8081;14;U2346Z1;Kralupy n.Vlt.,žel.st.;50.27184;14.32426
20260608_132014_L381;20260608_132014;08.06.2026;13:05:00;381;18;9370;12;U967Z1;Čáslav,obchodní centrum;50.03757;14.58591
20260608_132014_L386;20260608_132014;08.06.2026;13:10:00;386;28;8773;10;U3094Z2;Praha,Zličín;50.14209;14.09786
20260608_132014_L391;20260608_132014;08.06.2026;13:08:00;391;34;9186;10;U2315Z1;Úvaly,OC Pražská;50.07419;14.72308
20260608_132014_L401;20260608_132014;08.06.2026;13:07:00;401;62;7771;11;U31445Z1;Praha,Roztyly;49.20863;14.71781
20260608_132014_L452;20260608_132014;08.06.2026;13:03:00;452;80;7822;16;U1384Z7;Mladá Vožice,aut.st.;49.77935;14.68367
20260608_132014_L461;20260608_132014;08.06.2026;13:01:00;461;25;1627;18;U1539Z1;Kamenice,Kult.dům;49.90473;14.58722
20260608_132014_L480;20260608_132014;08.06.2026;13:07:00;480;30;7504;12;U9734Z3;Příbram,aut.nádr.;49.68061;14.0021
20260608_132014_L511;20260608_132014;08.06.2026;13:08:00;511;14;9616;10;U7504Z1;Březnice,aut.st.;49.57721;14.00196
20260608_132014_L521;20260608_132014;08.06.2026;13:06:00;521;17;9781;12;U7906Z2;Příbram,aut.nádr.;49.60455;13.8645
20260608_132014_L541;20260608_132014;08.06.2026;13:05:00;541;3;7647;15;U2588Z2;Nymburk,hl.nádr.;50.20728;15.29782
20260608_132014_L553;20260608_132014;08.06.2026;13:09:00;553;83;7843;11;U6572Z2;Jankov,Odlochovice;49.67692;14.73642
20260608_132014_L620;20260608_132014;08.06.2026;13:09:00;620;14;7324;11;U4418Z2;Kladno,autobusové nádraží;50.18918;14.16208
20260608_132014_L627;20260608_132014;08.06.2026;13:07:00;627;20;8972;13;U1915Z1;Slaný,aut.nádr.;50.1889;14.04268
20260608_132014_L641;20260608_132014;08.06.2026;13:07:00;641;16;9449;11;U9856Z1;Beroun,autobusové nádraží;49.87478;13.94987
20260608_132014_L668;20260608_132014;08.06.2026;13:07:00;668;38;8015;12;U3341Z1;Mšeno,žel.st.;50.34889;14.49798
20260608_132014_L718;20260608_132014;08.06.2026;13:03:00;718;32;8663;14;U31000Z2;Mnichovo Hradiště,dopravní terminál;50.45224;15.15038
