ID Záznamu;Timestamp;Den;Čas příjezdu;Linka;Oběh;Vozidlo;Zpoždění (min);Zastávka;Směr;Zeměpisná šířka (Lat);Zeměpisná délka (Lon)
20260520_100357_L405;20260520_100357;20.05.2026;09:19:00;405;66;1421;37;U31020Z1;Špindlerův Mlýn,aut.st.;50.6199;15.60703
20260520_100357_L619;20260520_100357;20.05.2026;09:36:00;619;25;8741;26;U9330Z2;Řevničov;50.18263;13.81164
20260520_100357_L375;20260520_100357;20.05.2026;09:53:00;375;5;8257;10;U179Z1;Brandýs n.L.-St.Bol.,Žel.st.;50.14807;14.58539
20260520_100357_L380;20260520_100357;20.05.2026;09:48:00;380;3;9973;15;U4273Z1;Praha,Vypich;49.96852;14.08074
20260520_100357_L384;20260520_100357;20.05.2026;09:43:00;384;20;9888;12;U2370Z2;Praha,Zličín;50.03997;14.22984
20260520_100357_L117;20260520_100357;20.05.2026;09:50:00;117;4;1915;12;U1006Z51P;Nové Komořany;50.00123;14.40541
20260520_100357_L166;20260520_100357;20.05.2026;09:52:00;166;3;1943;12;U881Z1P;Domov seniorů Ďáblice;50.12084;14.47121
20260520_100357_L337;20260520_100357;20.05.2026;09:45:00;337;12;9956;15;U50Z9;Kamenice,Kult.dům;50.03931;14.45789
20260520_100357_L316;20260520_100357;20.05.2026;09:53:00;316;10;8889;10;U1691Z1;Holubice;50.19106;14.31923
20260520_100357_L360;20260520_100357;20.05.2026;09:50:00;360;3;7205;12;U4762Z2;Praha,Smíchovské nádraží;49.68634;14.40335
20260520_100357_L332;20260520_100357;20.05.2026;09:53:00;332;2;9192;11;U1330Z1;Neveklov;49.96752;14.5148
20260520_100357_L540;20260520_100357;20.05.2026;08:39:00;540;15;7594;82;U6701Z1;Dymokury;50.24359;15.20829
20260520_100357_L136;20260520_100357;20.05.2026;09:50:00;136;14;5079;13;U916Z1P;Jižní Město;50.02521;14.51513
20260520_100357_L136;20260520_100357;20.05.2026;09:51:00;136;33;5515;12;U181Z1P;Jižní Město;50.03945;14.49048
20260520_100357_L195;20260520_100357;20.05.2026;09:51:00;195;23;6772;12;U474Z5P;Sídliště Letňany;50.11097;14.50257
20260520_100357_L315;20260520_100357;20.05.2026;09:48:00;315;4;1861;16;U3400Z1;Mnichovo Hradiště,dopravní terminál;50.49687;14.96781
20260520_100357_L775;20260520_100357;20.05.2026;09:31:00;775;31;9790;33;U3058Z1;Luštěnice,Sluneční;50.31658;14.91201
20260520_100357_L546;20260520_100357;20.05.2026;09:50:00;546;5;9572;13;U31497Z2;Rokycany,aut.nádr.;49.73479;13.75716
20260520_100357_L125;20260520_100357;20.05.2026;09:53:00;125;21;6837;11;U1068Z2P;Skalka;50.06845;14.5177
20260520_100357_L201;20260520_100357;20.05.2026;09:52:00;201;4;4127;12;U622Z2P;Nádraží Holešovice;50.11745;14.45772
20260520_100357_L395;20260520_100357;20.05.2026;09:46:00;395;45;9855;12;U9646Z2;Praha,Smíchovské nádraží;49.74752;14.15165
20260520_100357_L389;20260520_100357;20.05.2026;08:12:00;389;16;7765;110;U32406Z12;Chomutov,žel.st.;50.45668;13.40016
20260520_100357_L858;20260520_100357;20.05.2026;08:42:00;858;68;8711;79;U2825Z1;Libčice n.Vlt.,Žel.zast.Letky;50.19221;14.36955
20260520_100357_L303;20260520_100357;20.05.2026;09:31:00;303;8;8040;30;U1743Z2;Praha,Černý Most;50.11811;14.63244
20260520_100357_L204;20260520_100357;20.05.2026;09:51:00;204;70;9033;13;U154Z3P;Sídliště Petrovice;50.04821;14.5565
20260520_100357_L322;20260520_100357;20.05.2026;09:48:00;322;15;8806;14;U4306Z1;Kladno,autobusové nádraží;50.13469;14.12005
20260520_100357_L339;20260520_100357;20.05.2026;09:38:00;339;16;9170;23;U1330Z1;Týnec n.Sáz.,žel.st.;49.95518;14.53286
20260520_100357_L405;20260520_100357;20.05.2026;09:37:00;405;63;1432;17;U2987Z20;Špindlerův Mlýn,aut.st.;50.41054;14.98777
20260520_100357_L722;20260520_100357;20.05.2026;09:48:00;722;30;10759;15;U31490Z1;Mnichovo Hradiště,dopravní terminál;50.63247;14.92189
20260520_100357_L375;20260520_100357;20.05.2026;09:51:00;375;2;8261;13;U474Z7;Praha,Českomoravská;50.11014;14.50188
20260520_100357_L337;20260520_100357;20.05.2026;09:00:00;337;15;9938;62;U4861Z1;Benešov,Terminál;49.98877;14.49187
20260520_100357_L125;20260520_100357;20.05.2026;09:54:00;125;11;6846;10;U338Z1P;Skalka;50.03284;14.55826
20260520_100357_L136;20260520_100357;20.05.2026;09:45:00;136;29;6832;19;U353Z1P;Jižní Město;50.02606;14.52111
20260520_100357_L345;20260520_100357;20.05.2026;09:41:00;345;36;10654;20;U6398Z1;Liberec,aut.nádr.;50.54519;15.03168
20260520_100357_L640;20260520_100357;20.05.2026;09:42:00;640;29;9553;20;U9810Z1;Hostomice,nám.;49.82584;14.04496
20260520_100357_L720;20260520_100357;20.05.2026;09:45:00;720;7;10252;17;U31184Z1;Semily,Terminál;50.65485;15.21483
20260520_100357_L450;20260520_100357;20.05.2026;09:54:00;450;8;7506;10;U31903Z1;Milevsko,aut.st.;49.4905;14.36431
20260520_100357_L155;20260520_100357;20.05.2026;09:09:00;155;2;9185;55;U921Z7P;Nemocnice Vinohrady;50.07901;14.47435
20260520_100357_L767;20260520_100357;20.05.2026;09:24:00;767;23;8652;39;U6086Z2;Dolní Slivno;50.30331;14.72775
20260520_100357_L445;20260520_100357;20.05.2026;09:46:00;445;16;7404;16;U1521Z1;Jílové u Prahy,Náměstí;49.90335;14.46725
20260520_100357_L101;20260520_100357;20.05.2026;09:53:00;101;4;2324;10;U67Z8P;Zentiva;50.06917;14.46039
20260520_100357_L380;20260520_100357;20.05.2026;09:52:00;380;5;9983;10;U2368Z1;Králův Dvůr,Počaply,Obchodní centrum;50.00181;14.16854
20260520_100357_L177;20260520_100357;20.05.2026;09:43:00;177;14;5535;20;U474Z4P;Poliklinika Mazurská;50.11065;14.50224
20260520_100758_L101;20260520_100758;20.05.2026;09:57:00;101;4;2324;11;U680Z3P;Zentiva;50.06888;14.46896
20260520_100758_L117;20260520_100758;20.05.2026;09:55:00;117;4;1915;12;U280Z2P;Nové Komořany;49.9901;14.4128
20260520_100758_L125;20260520_100758;20.05.2026;09:58:00;125;11;6846;10;U770Z2P;Skalka;50.0402;14.55551
20260520_100758_L125;20260520_100758;20.05.2026;09:55:00;125;21;6837;11;U1076Z2P;Skalka;50.07033;14.50948
20260520_100758_L136;20260520_100758;20.05.2026;09:54:00;136;14;5079;14;U151Z1P;Jižní Město;50.03207;14.5345
20260520_100758_L136;20260520_100758;20.05.2026;09:55:00;136;33;5515;12;U106Z2P;Jižní Město;50.02798;14.50766
20260520_100758_L155;20260520_100758;20.05.2026;09:09:00;155;2;9185;59;U921Z7P;Nemocnice Vinohrady;50.07901;14.47435
20260520_100758_L166;20260520_100758;20.05.2026;09:55:00;166;3;1943;12;U78Z3P;Domov seniorů Ďáblice;50.12642;14.46784
20260520_100758_L195;20260520_100758;20.05.2026;09:57:00;195;23;6772;11;U500Z1P;Sídliště Letňany;50.12061;14.50325
20260520_100758_L201;20260520_100758;20.05.2026;09:54:00;201;4;4127;13;U196Z2P;Nádraží Holešovice;50.10885;14.44385
20260520_100758_L204;20260520_100758;20.05.2026;09:56:00;204;70;9033;12;U770Z1P;Sídliště Petrovice;50.04006;14.55464
20260520_100758_L858;20260520_100758;20.05.2026;08:42:00;858;68;8711;82;U2825Z1;Libčice n.Vlt.,Žel.zast.Letky;50.19221;14.36955
20260520_100758_L315;20260520_100758;20.05.2026;09:53:00;315;4;1861;14;U3254Z1;Mnichovo Hradiště,dopravní terminál;50.51935;14.97333
20260520_100758_L316;20260520_100758;20.05.2026;09:57:00;316;10;8889;10;U2125Z1;Holubice;50.19975;14.29864
20260520_100758_L322;20260520_100758;20.05.2026;09:53:00;322;15;8806;13;U4310Z1;Kladno,autobusové nádraží;50.14008;14.09988
20260520_100758_L360;20260520_100758;20.05.2026;09:57:00;360;3;7205;10;U4752Z2;Praha,Smíchovské nádraží;49.69993;14.37268
20260520_100758_L380;20260520_100758;20.05.2026;09:56:00;380;5;9983;11;U2370Z1;Králův Dvůr,Počaply,Obchodní centrum;49.99205;14.15358
20260520_100758_L380;20260520_100758;20.05.2026;09:48:00;380;3;9973;16;U4273Z1;Praha,Vypich;49.97798;14.11106
20260520_100758_L389;20260520_100758;20.05.2026;08:12:00;389;16;7765;114;U32406Z12;Chomutov,žel.st.;50.4567;13.40019
20260520_100758_L395;20260520_100758;20.05.2026;09:55:00;395;45;9855;10;U9621Z2;Praha,Smíchovské nádraží;49.77829;14.16863
20260520_100758_L412;20260520_100758;20.05.2026;09:55:00;412;41;9883;12;U31000Z2;Praha,Černý Most;50.46676;15.1758
20260520_100758_L540;20260520_100758;20.05.2026;08:39:00;540;15;7594;86;U6701Z1;Dymokury;50.24359;15.20829
20260520_100758_L546;20260520_100758;20.05.2026;09:53:00;546;5;9572;14;U31495Z2;Rokycany,aut.nádr.;49.73106;13.74566
20260520_100758_L589;20260520_100758;20.05.2026;09:55:00;589;8;7762;10;U4858Z1;Louny,ČSAD;50.35563;13.77917
20260520_100758_L619;20260520_100758;20.05.2026;09:36:00;619;25;8741;30;U9330Z2;Řevničov;50.18263;13.81164
20260520_100758_L640;20260520_100758;20.05.2026;09:57:00;640;15;9540;10;U9812Z2;Hostomice,nám.;49.82602;14.04416
20260520_100758_L640;20260520_100758;20.05.2026;09:42:00;640;29;9553;22;U9810Z1;Hostomice,nám.;49.82584;14.04496
20260520_100758_L722;20260520_100758;20.05.2026;09:53:00;722;30;10759;13;U6373Z2;Mnichovo Hradiště,dopravní terminál;50.60324;14.92377
20260520_100758_L767;20260520_100758;20.05.2026;09:24:00;767;23;8652;43;U6086Z2;Dolní Slivno;50.30331;14.72771
20260520_100758_L775;20260520_100758;20.05.2026;09:31:00;775;31;9790;36;U3058Z1;Luštěnice,Sluneční;50.31658;14.91201
20260520_101158_L195;20260520_101158;20.05.2026;10:02:00;195;23;6772;10;U405Z1P;Sídliště Letňany;50.12871;14.51159
20260520_101158_L136;20260520_101158;20.05.2026;09:59:00;136;33;5515;12;U353Z1P;Jižní Město;50.02623;14.52144
20260520_101158_L640;20260520_101158;20.05.2026;09:42:00;640;29;9553;26;U9810Z1;Hostomice,nám.;49.82583;14.04497
20260520_101158_L412;20260520_101158;20.05.2026;09:57:00;412;41;9883;12;U9461Z2;Praha,Černý Most;50.46374;15.11836
20260520_101158_L389;20260520_101158;20.05.2026;08:12:00;389;16;7765;118;U32406Z12;Chomutov,žel.st.;50.45669;13.40017
20260520_101158_L155;20260520_101158;20.05.2026;09:09:00;155;2;9185;63;U921Z7P;Nemocnice Vinohrady;50.07901;14.47435
20260520_101158_L540;20260520_101158;20.05.2026;08:39:00;540;15;7594;90;U6701Z1;Dymokury;50.24359;15.20829
20260520_101158_L589;20260520_101158;20.05.2026;09:55:00;589;8;7762;14;U4858Z1;Louny,ČSAD;50.35568;13.77894
20260520_101158_L640;20260520_101158;20.05.2026;09:57:00;640;15;9540;14;U9812Z2;Hostomice,nám.;49.82602;14.04416
20260520_101158_L354;20260520_101158;20.05.2026;10:01:00;354;13;8108;10;U155Z2;Praha,Černý Most;50.11761;14.62602
20260520_101158_L445;20260520_101158;20.05.2026;09:59:00;445;16;7404;12;U2108Z2;Vrané n.Vlt.,Žel.st.;49.90013;14.49402
20260520_101158_L380;20260520_101158;20.05.2026;09:57:00;380;3;9973;14;U2371Z2;Praha,Vypich;49.99161;14.15252
20260520_101158_L395;20260520_101158;20.05.2026;10:00:00;395;45;9855;11;U1851Z4;Praha,Smíchovské nádraží;49.78157;14.171
20260520_101158_L384;20260520_101158;20.05.2026;09:58:00;384;24;9904;13;U9105Z1;Praha,Zličín;49.91198;13.97923
20260520_101158_L125;20260520_101158;20.05.2026;10:02:00;125;11;6846;10;U154Z4P;Skalka;50.04774;14.5555
20260520_101158_L166;20260520_101158;20.05.2026;09:59:00;166;3;1943;12;U39Z2P;Domov seniorů Ďáblice;50.13261;14.46435
20260520_101158_L720;20260520_101158;20.05.2026;09:57:00;720;7;10252;15;U31188Z1;Semily,Terminál;50.63549;15.27702
20260520_101158_L322;20260520_101158;20.05.2026;09:57:00;322;15;8806;12;U4313Z8;Kladno,autobusové nádraží;50.14777;14.1058
20260520_101158_L332;20260520_101158;20.05.2026;10:01:00;332;2;9192;10;U2128Z1;Neveklov;49.93663;14.51422
20260520_101158_L546;20260520_101158;20.05.2026;09:57:00;546;5;9572;15;U31951Z1;Rokycany,aut.nádr.;49.7219;13.70443
20260520_101158_L619;20260520_101158;20.05.2026;09:36:00;619;25;8741;34;U9330Z2;Řevničov;50.18263;13.81164
20260520_101158_L858;20260520_101158;20.05.2026;08:42:00;858;68;8711;87;U2825Z1;Libčice n.Vlt.,Žel.zast.Letky;50.19221;14.36955
20260520_101158_L531;20260520_101158;20.05.2026;10:02:00;531;1;9548;10;U9663Z2;Hořovice,žel.st.;49.6904;14.01545
20260520_101158_L722;20260520_101158;20.05.2026;09:57:00;722;30;10759;11;U6372Z2;Mnichovo Hradiště,dopravní terminál;50.57445;14.94419
20260520_101158_L767;20260520_101158;20.05.2026;09:24:00;767;23;8652;47;U6086Z2;Dolní Slivno;50.3033;14.72765
20260520_101158_L339;20260520_101158;20.05.2026;10:02:00;339;25;9361;10;U488Z7;Praha,Budějovická;50.03052;14.45517
20260520_101158_L360;20260520_101158;20.05.2026;09:59:00;360;3;7205;11;U4750Z2;Praha,Smíchovské nádraží;49.70635;14.33027
20260520_101158_L380;20260520_101158;20.05.2026;09:59:00;380;5;9983;12;U2372Z1;Králův Dvůr,Počaply,Obchodní centrum;49.98514;14.13051
20260520_101559_L722;20260520_101559;20.05.2026;10:05:00;722;30;10759;11;U6370Z2;Mnichovo Hradiště,dopravní terminál;50.55463;14.94644
20260520_101559_L136;20260520_101559;20.05.2026;10:06:00;136;30;5109;10;U743Z2P;Jižní Město;50.08657;14.45539
20260520_101559_L640;20260520_101559;20.05.2026;09:42:00;640;29;9553;32;U9810Z1;Hostomice,nám.;49.82583;14.04498
20260520_101559_L445;20260520_101559;20.05.2026;10:03:00;445;16;7404;12;U2598Z1;Vrané n.Vlt.,Žel.st.;49.89726;14.476
20260520_101559_L767;20260520_101559;20.05.2026;09:24:00;767;23;8652;51;U6086Z2;Dolní Slivno;50.30325;14.72768
20260520_101559_L858;20260520_101559;20.05.2026;08:42:00;858;68;8711;91;U2825Z1;Libčice n.Vlt.,Žel.zast.Letky;50.19221;14.36955
20260520_101559_L195;20260520_101559;20.05.2026;10:06:00;195;23;6772;10;U899Z3P;Sídliště Letňany;50.14165;14.51658
20260520_101559_L619;20260520_101559;20.05.2026;09:36:00;619;25;8741;38;U9330Z2;Řevničov;50.18263;13.81164
20260520_101559_L332;20260520_101559;20.05.2026;10:03:00;332;2;9192;11;U2127Z1;Neveklov;49.92429;14.50372
20260520_101559_L354;20260520_101559;20.05.2026;10:05:00;354;13;8108;10;U452Z2;Praha,Černý Most;50.11508;14.61089
20260520_101559_L360;20260520_101559;20.05.2026;10:06:00;360;3;7205;10;U4747Z2;Praha,Smíchovské nádraží;49.72559;14.32995
20260520_101559_L340;20260520_101559;20.05.2026;10:05:00;340;44;8888;11;U350Z4;Praha,Dejvická;50.10497;14.39469
20260520_101559_L380;20260520_101559;20.05.2026;10:01:00;380;3;9973;14;U2369Z2;Praha,Vypich;50.00498;14.17969
20260520_101559_L395;20260520_101559;20.05.2026;10:03:00;395;45;9855;13;U2860Z2;Praha,Smíchovské nádraží;49.79007;14.17798
20260520_101559_L540;20260520_101559;20.05.2026;08:39:00;540;15;7594;94;U6701Z1;Dymokury;50.24359;15.20829
20260520_101559_L383;20260520_101559;20.05.2026;10:03:00;383;31;9138;10;U2008Z1;Chocerady;49.97896;14.73745
20260520_101559_L125;20260520_101559;20.05.2026;10:05:00;125;11;6846;10;U654Z2P;Skalka;50.05047;14.54337
20260520_101559_L589;20260520_101559;20.05.2026;09:55:00;589;8;7762;18;U4858Z1;Louny,ČSAD;50.35567;13.77892
20260520_101559_L634;20260520_101559;20.05.2026;10:03:00;634;19;9440;11;U2895Z2;Hostomice,nám.;49.82578;14.0453
20260520_101559_L640;20260520_101559;20.05.2026;09:57:00;640;15;9540;18;U9812Z2;Hostomice,nám.;49.82602;14.04416
20260520_101559_L380;20260520_101559;20.05.2026;10:01:00;380;5;9983;10;U2373Z1;Králův Dvůr,Počaply,Obchodní centrum;49.97159;14.08597
20260520_101959_L110;20260520_101959;20.05.2026;10:07:00;110;1;1490;12;U499Z6P;Třeboradický hřbitov;50.11201;14.53141
20260520_101959_L117;20260520_101959;20.05.2026;10:10:00;117;5;1918;10;U727Z2P;Nové Komořany;50.01077;14.40999
20260520_101959_L136;20260520_101959;20.05.2026;10:10:00;136;30;5109;10;U118Z4P;Jižní Město;50.0781;14.46085
20260520_101959_L209;20260520_101959;20.05.2026;10:10:00;209;47;9118;10;U243Z16P;Letňany;50.1305;14.55102
20260520_101959_L858;20260520_101959;20.05.2026;08:42:00;858;68;8711;94;U2825Z1;Libčice n.Vlt.,Žel.zast.Letky;50.19221;14.36955
20260520_101959_L332;20260520_101959;20.05.2026;10:09:00;332;2;9192;10;U2107Z1;Neveklov;49.9025;14.49565
20260520_101959_L354;20260520_101959;20.05.2026;10:07:00;354;13;8108;11;U188Z2;Praha,Černý Most;50.11052;14.58533
20260520_101959_L380;20260520_101959;20.05.2026;10:06:00;380;5;9983;13;U4272Z1;Králův Dvůr,Počaply,Obchodní centrum;49.96824;14.07815
20260520_101959_L380;20260520_101959;20.05.2026;10:06:00;380;3;9973;13;U2322Z2;Praha,Vypich;50.01637;14.19882
20260520_101959_L383;20260520_101959;20.05.2026;10:08:00;383;31;9138;11;U2035Z1;Chocerady;49.9793;14.73156
20260520_101959_L394;20260520_101959;20.05.2026;10:08:00;394;15;9915;11;U1748Z1;Zdice,nám.;49.94929;14.03797
20260520_101959_L395;20260520_101959;20.05.2026;10:03:00;395;45;9855;15;U2860Z2;Praha,Smíchovské nádraží;49.79491;14.19056
20260520_101959_L405;20260520_101959;20.05.2026;10:05:00;405;63;1432;14;U31000Z1;Špindlerův Mlýn,aut.st.;50.46789;15.17745
20260520_101959_L445;20260520_101959;20.05.2026;10:08:00;445;16;7404;11;U1521Z2;Vrané n.Vlt.,Žel.st.;49.91069;14.46027
20260520_101959_L540;20260520_101959;20.05.2026;08:39:00;540;15;7594;98;U6701Z1;Dymokury;50.24359;15.2083
20260520_101959_L589;20260520_101959;20.05.2026;09:55:00;589;8;7762;22;U4858Z1;Louny,ČSAD;50.35567;13.77892
20260520_101959_L619;20260520_101959;20.05.2026;09:36:00;619;25;8741;42;U9330Z2;Řevničov;50.18263;13.81164
20260520_101959_L630;20260520_101959;20.05.2026;10:09:00;630;39;8805;10;U4918Z1;Kladno,autobusové nádraží;49.98215;14.07504
20260520_101959_L631;20260520_101959;20.05.2026;10:08:00;631;47;9565;10;U1745Z2;Nižbor,Šnárová;49.9653;14.07194
20260520_101959_L634;20260520_101959;20.05.2026;10:03:00;634;19;9440;13;U2895Z2;Hostomice,nám.;49.82575;14.04522
20260520_101959_L640;20260520_101959;20.05.2026;09:57:00;640;15;9540;20;U9812Z2;Hostomice,nám.;49.82602;14.04416
20260520_101959_L640;20260520_101959;20.05.2026;09:42:00;640;29;9553;34;U9810Z1;Hostomice,nám.;49.82583;14.04498
20260520_101959_L641;20260520_101959;20.05.2026;10:07:00;641;16;9450;11;U9856Z1;Beroun,autobusové nádraží;49.8837;13.94817
20260520_101959_L655;20260520_101959;20.05.2026;10:07:00;655;45;8129;10;U2921Z2;Úvaly,žel.st.;50.12646;14.69933
20260520_101959_L767;20260520_101959;20.05.2026;09:24:00;767;23;8652;55;U6086Z2;Dolní Slivno;50.3033;14.72764
20260520_102400_L655;20260520_102400;20.05.2026;10:13:00;655;45;8129;10;U1606Z1;Úvaly,žel.st.;50.11472;14.69911
20260520_102400_L125;20260520_102400;20.05.2026;10:13:00;125;11;6846;10;U1068Z2P;Skalka;50.06909;14.51278
20260520_102400_L433;20260520_102400;20.05.2026;10:12:00;433;26;8593;11;U2970Z51;Pečky,žel.st.;50.18818;15.03667
20260520_102400_L767;20260520_102400;20.05.2026;09:24:00;767;23;8652;59;U6086Z2;Dolní Slivno;50.30328;14.72761
20260520_102400_L589;20260520_102400;20.05.2026;09:55:00;589;8;7762;26;U4858Z1;Louny,ČSAD;50.35567;13.77892
20260520_102400_L460;20260520_102400;20.05.2026;10:12:00;460;67;1634;11;U2941Z1;Plaňany,Náměstí;49.96481;15.03086
20260520_102400_L380;20260520_102400;20.05.2026;10:10:00;380;3;9973;13;U1674Z2;Praha,Vypich;50.02495;14.20852
20260520_102400_L110;20260520_102400;20.05.2026;10:11:00;110;1;1490;13;U1000Z12P;Třeboradický hřbitov;50.12573;14.5168
20260520_102400_L136;20260520_102400;20.05.2026;10:10:00;136;18;6974;11;U1074Z4P;Jižní Město;50.0921;14.46944
20260520_102400_L634;20260520_102400;20.05.2026;10:03:00;634;19;9440;17;U2895Z2;Hostomice,nám.;49.82576;14.04523
20260520_102400_L383;20260520_102400;20.05.2026;10:13:00;383;31;9138;11;U2037Z1;Chocerady;49.96288;14.7453
20260520_102400_L401;20260520_102400;20.05.2026;10:12:00;401;65;7904;10;U31269Z1;Tábor,aut.nádr.;49.49458;14.65654
20260520_102400_L412;20260520_102400;20.05.2026;10:10:00;412;41;9883;14;U9359Z2;Praha,Černý Most;50.4088;14.95433
20260520_102400_L641;20260520_102400;20.05.2026;10:07:00;641;16;9450;13;U9856Z1;Beroun,autobusové nádraží;49.88323;13.95601
20260520_102400_L619;20260520_102400;20.05.2026;09:36:00;619;25;8741;46;U9330Z2;Řevničov;50.18263;13.81164
20260520_102400_L733;20260520_102400;20.05.2026;10:14:00;733;37;8656;10;U32564Z2;Turnov,Na Lukách;50.60035;15.11077
20260520_102400_L405;20260520_102400;20.05.2026;10:05:00;405;63;1432;16;U31000Z1;Špindlerův Mlýn,aut.st.;50.46018;15.21038
20260520_102400_L445;20260520_102400;20.05.2026;10:11:00;445;16;7404;10;U1520Z2;Vrané n.Vlt.,Žel.st.;49.92919;14.42596
20260520_102400_L640;20260520_102400;20.05.2026;09:42:00;640;29;9553;38;U9810Z1;Hostomice,nám.;49.82583;14.04499
20260520_102400_L640;20260520_102400;20.05.2026;09:57:00;640;15;9540;25;U9812Z2;Hostomice,nám.;49.82595;14.04444
20260520_102400_L540;20260520_102400;20.05.2026;08:39:00;540;15;7594;101;U6701Z1;Dymokury;50.24739;15.20509
20260520_102400_L631;20260520_102400;20.05.2026;10:08:00;631;47;9565;14;U1745Z2;Nižbor,Šnárová;49.9682;14.07813
20260520_102400_L858;20260520_102400;20.05.2026;08:42:00;858;68;8711;99;U2825Z1;Libčice n.Vlt.,Žel.zast.Letky;50.19221;14.36955
20260520_102400_L394;20260520_102400;20.05.2026;10:12:00;394;15;9903;11;U4979Z2;Zdice,nám.;49.93821;14.01977
20260520_102400_L380;20260520_102400;20.05.2026;10:09:00;380;5;9983;14;U4964Z1;Králův Dvůr,Počaply,Obchodní centrum;49.96526;14.06581
20260520_102801_L110;20260520_102801;20.05.2026;10:14:00;110;1;1490;13;U771Z1P;Třeboradický hřbitov;50.13583;14.50548
20260520_102801_L117;20260520_102801;20.05.2026;10:17:00;117;5;1918;10;U2724Z2P;Nové Komořany;50.00583;14.41628
20260520_102801_L136;20260520_102801;20.05.2026;10:15:00;136;18;6974;13;U2787Z2P;Jižní Město;50.08803;14.45762
20260520_102801_L858;20260520_102801;20.05.2026;08:42:00;858;68;8711;103;U2825Z1;Libčice n.Vlt.,Žel.zast.Letky;50.19221;14.36955
20260520_102801_L332;20260520_102801;20.05.2026;10:18:00;332;2;9192;10;U1936Z1;Neveklov;49.87905;14.50143
20260520_102801_L360;20260520_102801;20.05.2026;10:14:00;360;3;7205;10;U2556Z2;Praha,Smíchovské nádraží;49.77096;14.34757
20260520_102801_L380;20260520_102801;20.05.2026;10:15:00;380;5;9983;12;U4766Z1;Králův Dvůr,Počaply,Obchodní centrum;49.9559;14.04944
20260520_102801_L380;20260520_102801;20.05.2026;10:16:00;380;3;9973;12;U1647Z2;Praha,Vypich;50.03416;14.23242
20260520_102801_L383;20260520_102801;20.05.2026;10:16:00;383;31;9138;10;U2039Z1;Chocerady;49.93995;14.75547
20260520_102801_L401;20260520_102801;20.05.2026;10:17:00;401;65;7904;10;U31273Z1;Tábor,aut.nádr.;49.46819;14.66012
20260520_102801_L433;20260520_102801;20.05.2026;10:14:00;433;26;8593;14;U2969Z1;Pečky,žel.st.;50.18536;15.04123
20260520_102801_L460;20260520_102801;20.05.2026;10:16:00;460;67;1634;10;U4986Z1;Plaňany,Náměstí;49.97822;15.03421
20260520_102801_L546;20260520_102801;20.05.2026;10:13:00;546;5;9572;13;U32509Z1;Rokycany,aut.nádr.;49.7413;13.59248
20260520_102801_L589;20260520_102801;20.05.2026;09:55:00;589;8;7762;30;U4858Z1;Louny,ČSAD;50.35567;13.77892
20260520_102801_L630;20260520_102801;20.05.2026;10:18:00;630;39;8805;10;U4913Z1;Kladno,autobusové nádraží;50.02686;14.09499
20260520_102801_L634;20260520_102801;20.05.2026;10:03:00;634;19;9440;21;U2895Z2;Hostomice,nám.;49.82575;14.04521
20260520_102801_L640;20260520_102801;20.05.2026;09:42:00;640;29;9553;44;U9810Z1;Hostomice,nám.;49.82582;14.04499
20260520_102801_L641;20260520_102801;20.05.2026;10:07:00;641;16;9450;19;U9856Z1;Beroun,autobusové nádraží;49.88661;13.95691
20260520_102801_L655;20260520_102801;20.05.2026;10:16:00;655;46;8128;11;U1973Z1;Brandýs n.L.-St.Bol.,Nádr.;50.1857;14.66245
20260520_102801_L655;20260520_102801;20.05.2026;10:18:00;655;45;8129;10;U1499Z1;Úvaly,žel.st.;50.09965;14.7125
20260520_103202_L380;20260520_103202;20.05.2026;10:20:00;380;3;9973;11;U1644Z2;Praha,Vypich;50.0426;14.25506
20260520_103202_L433;20260520_103202;20.05.2026;10:17:00;433;26;8593;15;U2968Z2;Pečky,žel.st.;50.18032;15.04476
20260520_103202_L186;20260520_103202;20.05.2026;10:21:00;186;4;7991;10;U51Z1P;Nádraží Satalice;50.12375;14.56884
20260520_103202_L389;20260520_103202;20.05.2026;10:20:00;389;13;7751;12;U80Z3;Hořešovice;50.09346;14.30344
20260520_103202_L633;20260520_103202;20.05.2026;10:20:00;633;53;9784;12;U2848Z6;Tetín,křižovatka;49.95767;14.07432
20260520_103202_L631;20260520_103202;20.05.2026;10:17:00;631;47;9565;14;U7180Z1;Nižbor,Šnárová;49.99084;14.04763
20260520_103202_L634;20260520_103202;20.05.2026;10:03:00;634;19;9440;27;U2895Z2;Hostomice,nám.;49.82572;14.04535
20260520_103202_L640;20260520_103202;20.05.2026;09:42:00;640;29;9553;48;U9810Z1;Hostomice,nám.;49.82582;14.04499
20260520_103202_L641;20260520_103202;20.05.2026;10:18:00;641;16;9450;14;U1229Z1;Beroun,autobusové nádraží;49.90082;13.96124
20260520_103202_L460;20260520_103202;20.05.2026;10:22:00;460;67;1634;10;U4988Z1;Plaňany,Náměstí;49.98059;15.06867
20260520_103202_L655;20260520_103202;20.05.2026;10:20:00;655;45;8129;10;U2355Z1;Úvaly,žel.st.;50.07623;14.70968
20260520_103202_L360;20260520_103202;20.05.2026;10:21:00;360;3;7205;10;U2533Z2;Praha,Smíchovské nádraží;49.79018;14.34741
20260520_103202_L383;20260520_103202;20.05.2026;10:21:00;383;31;9138;10;U2041Z1;Chocerady;49.92989;14.77128
20260520_103202_L136;20260520_103202;20.05.2026;10:20:00;136;18;6974;12;U118Z4P;Jižní Město;50.07872;14.46059
20260520_103202_L589;20260520_103202;20.05.2026;09:55:00;589;8;7762;34;U4858Z1;Louny,ČSAD;50.35567;13.77892
20260520_103202_L110;20260520_103202;20.05.2026;10:18:00;110;1;1490;13;U368Z1P;Třeboradický hřbitov;50.15177;14.51256
20260520_103202_L117;20260520_103202;20.05.2026;10:20:00;117;5;1918;10;U1006Z51P;Nové Komořany;50.00212;14.40563
20260520_103202_L858;20260520_103202;20.05.2026;08:42:00;858;68;8711;107;U2825Z1;Libčice n.Vlt.,Žel.zast.Letky;50.19221;14.36955
20260520_103202_L380;20260520_103202;20.05.2026;10:18:00;380;5;9983;14;U1748Z1;Králův Dvůr,Počaply,Obchodní centrum;49.94869;14.03846
20260520_103602_L110;20260520_103602;20.05.2026;10:24:00;110;1;1490;12;U2778Z2P;Třeboradický hřbitov;50.16622;14.52327
20260520_103602_L117;20260520_103602;20.05.2026;10:25:00;117;5;1918;10;U280Z2P;Nové Komořany;49.99011;14.4128
20260520_103602_L136;20260520_103602;20.05.2026;10:24:00;136;18;6974;11;U855Z1P;Jižní Město;50.07445;14.46401
20260520_103602_L136;20260520_103602;20.05.2026;10:25:00;136;19;5538;11;U2787Z2P;Jižní Město;50.08777;14.45666
20260520_103602_L186;20260520_103602;20.05.2026;10:21:00;186;4;7991;14;U51Z1P;Nádraží Satalice;50.12375;14.56884
20260520_103602_L858;20260520_103602;20.05.2026;08:42:00;858;68;8711;111;U2825Z1;Libčice n.Vlt.,Žel.zast.Letky;50.19221;14.36955
20260520_103602_L359;20260520_103602;20.05.2026;10:23:00;359;61;8704;12;U721Z1;Praha,Suchdol;50.13842;14.38067
20260520_103602_L380;20260520_103602;20.05.2026;10:22:00;380;5;9983;14;U4979Z2;Králův Dvůr,Počaply,Obchodní centrum;49.93867;14.02055
20260520_103602_L380;20260520_103602;20.05.2026;10:24:00;380;3;9973;12;U1142Z2;Praha,Vypich;50.0531;14.27698
20260520_103602_L383;20260520_103602;20.05.2026;10:23:00;383;31;9138;10;U2042Z1;Chocerady;49.92623;14.76374
20260520_103602_L401;20260520_103602;20.05.2026;10:23:00;401;65;7904;11;U31276Z1;Tábor,aut.nádr.;49.41374;14.66285
20260520_103602_L402;20260520_103602;20.05.2026;10:25:00;402;4;7672;10;U601Z2;Čáslav,aut.st.;50.04024;14.48726
20260520_103602_L433;20260520_103602;20.05.2026;10:22:00;433;26;8593;14;U2966Z2;Pečky,žel.st.;50.16957;15.02674
20260520_103602_L467;20260520_103602;20.05.2026;10:22:00;467;4;8011;10;U1793Z4;Mladá Boleslav,aut.st.;50.34941;14.48848
20260520_103602_L589;20260520_103602;20.05.2026;09:55:00;589;8;7762;38;U4858Z1;Louny,ČSAD;50.35567;13.77892
20260520_103602_L617;20260520_103602;20.05.2026;10:25:00;617;26;8971;10;U3094Z2;Kladno,autobusové nádraží;50.14293;14.10225
20260520_103602_L630;20260520_103602;20.05.2026;10:24:00;630;39;8805;10;U4910Z1;Kladno,autobusové nádraží;50.03728;14.08375
20260520_103602_L631;20260520_103602;20.05.2026;10:22:00;631;47;9565;13;U9774Z1;Nižbor,Šnárová;49.99721;14.02163
20260520_103602_L633;20260520_103602;20.05.2026;10:20:00;633;53;9784;16;U2848Z6;Tetín,křižovatka;49.95767;14.07432
20260520_103602_L634;20260520_103602;20.05.2026;10:03:00;634;19;9440;29;U2895Z2;Hostomice,nám.;49.82573;14.04533
20260520_103602_L640;20260520_103602;20.05.2026;09:42:00;640;29;9553;50;U9810Z1;Hostomice,nám.;49.82582;14.04499
20260520_103602_L641;20260520_103602;20.05.2026;10:22:00;641;16;9450;14;U9105Z1;Beroun,autobusové nádraží;49.91213;13.97923
20260520_104003_L359;20260520_104003;20.05.2026;10:23:00;359;61;8704;16;U721Z1;Praha,Suchdol;50.13848;14.38078
20260520_104003_L380;20260520_104003;20.05.2026;10:28:00;380;3;9973;12;U1141Z5;Praha,Vypich;50.05503;14.29047
20260520_104003_L401;20260520_104003;20.05.2026;10:25:00;401;65;7904;13;U31279Z1;Tábor,aut.nádr.;49.41108;14.67575
20260520_104003_L410;20260520_104003;20.05.2026;10:28:00;410;4;11698;10;U6070Z2;Praha,Střížkov;50.43455;14.47038
20260520_104003_L631;20260520_104003;20.05.2026;10:25:00;631;47;9565;14;U9776Z1;Nižbor,Šnárová;50.00347;14.00247
20260520_104003_L641;20260520_104003;20.05.2026;10:26:00;641;16;9450;13;U9107Z1;Beroun,autobusové nádraží;49.92945;13.97834
20260520_104003_L400;20260520_104003;20.05.2026;10:30:00;400;58;1081;10;U6073Z1;Rumburk,žel.st.;50.47437;14.47604
20260520_104003_L467;20260520_104003;20.05.2026;10:29:00;467;4;8011;10;U3326Z3;Mladá Boleslav,aut.st.;50.33497;14.52075
20260520_104003_L633;20260520_104003;20.05.2026;10:20:00;633;53;9784;18;U2848Z6;Tetín,křižovatka;49.95513;14.07441
20260520_104003_L136;20260520_104003;20.05.2026;10:30:00;136;19;5538;10;U118Z4P;Jižní Město;50.07875;14.46053
20260520_104003_L825;20260520_104003;20.05.2026;10:28:00;825;43;9581;10;U4256Z1;Mořinka;49.95272;14.2143
20260520_104003_L589;20260520_104003;20.05.2026;09:55:00;589;8;7762;42;U4858Z1;Louny,ČSAD;50.35564;13.77894
20260520_104003_L186;20260520_104003;20.05.2026;10:21:00;186;4;7991;18;U51Z1P;Nádraží Satalice;50.12375;14.56884
20260520_104003_L634;20260520_104003;20.05.2026;10:03:00;634;19;9440;33;U2895Z2;Hostomice,nám.;49.82573;14.04529
20260520_104003_L640;20260520_104003;20.05.2026;09:42:00;640;29;9553;54;U9810Z1;Hostomice,nám.;49.82582;14.04498
20260520_104003_L858;20260520_104003;20.05.2026;08:42:00;858;68;8711;115;U2825Z1;Libčice n.Vlt.,Žel.zast.Letky;50.19221;14.36955
20260520_104404_L425;20260520_104404;20.05.2026;10:32:00;425;49;1649;11;U32462Z1;Praha,Černý Most;50.56397;15.90502
20260520_104404_L634;20260520_104404;20.05.2026;10:03:00;634;19;9440;37;U2895Z2;Hostomice,nám.;49.82576;14.04527
20260520_104404_L589;20260520_104404;20.05.2026;09:55:00;589;8;7762;46;U4858Z1;Louny,ČSAD;50.35564;13.77894
20260520_104404_L136;20260520_104404;20.05.2026;10:32:00;136;19;5538;12;U518Z3P;Jižní Město;50.0759;14.45915
20260520_104404_L662;20260520_104404;20.05.2026;10:31:00;662;18;8618;11;U2349Z1;Čelákovice,Toušeňská;50.156;14.75234
20260520_104404_L410;20260520_104404;20.05.2026;10:31:00;410;4;11698;10;U6060Z2;Praha,Střížkov;50.40965;14.45395
20260520_104404_L359;20260520_104404;20.05.2026;10:23:00;359;61;8704;20;U721Z1;Praha,Suchdol;50.13844;14.38079
20260520_104404_L400;20260520_104404;20.05.2026;10:30:00;400;58;1081;12;U6073Z1;Rumburk,žel.st.;50.48417;14.48434
20260520_104404_L641;20260520_104404;20.05.2026;10:32:00;641;16;9450;12;U4979Z1;Beroun,autobusové nádraží;49.93918;14.02167
20260520_104404_L825;20260520_104404;20.05.2026;10:28:00;825;43;9581;14;U4256Z1;Mořinka;49.95165;14.21739
20260520_104404_L731;20260520_104404;20.05.2026;10:30:00;731;5;9510;13;U6251Z1;Bělá p.Bezd.,Bezdědice;50.4825;14.70164
20260520_104404_L467;20260520_104404;20.05.2026;10:31:00;467;4;8011;11;U2910Z1;Mladá Boleslav,aut.st.;50.32641;14.54455
20260520_104404_L167;20260520_104404;20.05.2026;10:30:00;167;2;5126;10;U254Z6P;Na Knížecí;50.07211;14.39762
20260520_104404_L345;20260520_104404;20.05.2026;10:30:00;345;16;1865;12;U6213Z2;Praha,Černý Most;50.47216;14.94313
20260520_104404_L640;20260520_104404;20.05.2026;09:42:00;640;29;9553;60;U9810Z1;Hostomice,nám.;49.82582;14.04498
20260520_104404_L186;20260520_104404;20.05.2026;10:21:00;186;4;7991;22;U51Z1P;Nádraží Satalice;50.12375;14.56884
20260520_104404_L631;20260520_104404;20.05.2026;10:34:00;631;47;9565;10;U3272Z2;Beroun,autobusové nádraží;50.00289;14.00261
20260520_104404_L380;20260520_104404;20.05.2026;10:33:00;380;3;9973;11;U33Z4;Praha,Vypich;50.06172;14.30908
20260520_104404_L858;20260520_104404;20.05.2026;08:42:00;858;68;8711;119;U2825Z1;Libčice n.Vlt.,Žel.zast.Letky;50.19221;14.36955
20260520_104804_L425;20260520_104804;20.05.2026;10:32:00;425;49;1649;13;U32462Z1;Praha,Černý Most;50.55716;15.90248
20260520_104804_L186;20260520_104804;20.05.2026;10:21:00;186;4;7991;26;U51Z1P;Nádraží Satalice;50.12375;14.56884
20260520_104804_L136;20260520_104804;20.05.2026;10:37:00;136;19;5538;11;U29Z1P;Jižní Město;50.07252;14.47051
20260520_104804_L731;20260520_104804;20.05.2026;10:30:00;731;5;9510;17;U6251Z1;Bělá p.Bezd.,Bezdědice;50.4825;14.70164
20260520_104804_L631;20260520_104804;20.05.2026;10:36:00;631;47;9565;10;U9776Z2;Beroun,autobusové nádraží;49.99662;14.02331
20260520_104804_L640;20260520_104804;20.05.2026;09:42:00;640;29;9553;62;U9810Z1;Hostomice,nám.;49.82582;14.04498
20260520_104804_L641;20260520_104804;20.05.2026;10:37:00;641;16;9450;10;U1748Z2;Beroun,autobusové nádraží;49.94951;14.04071
20260520_104804_L662;20260520_104804;20.05.2026;10:31:00;662;18;8618;16;U2349Z1;Čelákovice,Toušeňská;50.15566;14.75233
20260520_104804_L467;20260520_104804;20.05.2026;10:38:00;467;4;8011;10;U9165Z1;Mladá Boleslav,aut.st.;50.31305;14.59029
20260520_104804_L306;20260520_104804;20.05.2026;10:38:00;306;2;8881;10;U2118Z2;Praha,Zličín;50.09394;14.2125
20260520_104804_L345;20260520_104804;20.05.2026;10:35:00;345;16;1865;12;U3395Z2;Praha,Černý Most;50.43948;14.9299
20260520_104804_L381;20260520_104804;20.05.2026;10:37:00;381;3;1678;10;U2012Z1;Čáslav,obchodní centrum;49.99205;14.81851
20260520_104804_L400;20260520_104804;20.05.2026;10:36:00;400;58;1081;12;U31056Z1;Rumburk,žel.st.;50.50694;14.48828
20260520_104804_L412;20260520_104804;20.05.2026;10:35:00;412;42;9882;11;U31013Z12;Praha,Černý Most;50.43875;15.35721
20260520_104804_L410;20260520_104804;20.05.2026;10:34:00;410;4;11698;11;U3316Z4;Praha,Střížkov;50.38896;14.46474
20260520_104804_L136;20260520_104804;20.05.2026;10:38:00;136;32;5556;10;U516Z3P;Jižní Město;50.0821;14.45939
20260520_104804_L634;20260520_104804;20.05.2026;10:03:00;634;19;9440;41;U2895Z2;Hostomice,nám.;49.82575;14.04529
20260520_104804_L641;20260520_104804;20.05.2026;10:37:00;641;17;9449;10;U9855Z55;Hořovice,nemocnice;49.88349;13.95633
20260520_104804_L589;20260520_104804;20.05.2026;09:55:00;589;8;7762;50;U4858Z1;Louny,ČSAD;50.35564;13.77893
20260520_104804_L380;20260520_104804;20.05.2026;10:36:00;380;3;9973;11;U395Z3;Praha,Vypich;50.06671;14.32786
20260520_104804_L858;20260520_104804;20.05.2026;08:42:00;858;68;8711;120;U2825Z1;Libčice n.Vlt.,Žel.zast.Letky;50.19221;14.36955
20260520_105205_L345;20260520_105205;20.05.2026;10:37:00;345;16;1865;13;U3393Z2;Praha,Černý Most;50.42797;14.93831
20260520_105205_L306;20260520_105205;20.05.2026;10:40:00;306;2;8881;12;U1216Z1;Praha,Zličín;50.08943;14.21447
20260520_105205_L381;20260520_105205;20.05.2026;10:42:00;381;3;1678;10;U2015Z1;Čáslav,obchodní centrum;49.99172;14.85428
20260520_105205_L400;20260520_105205;20.05.2026;10:41:00;400;58;1081;11;U31047Z1;Rumburk,žel.st.;50.52289;14.51717
20260520_105205_L412;20260520_105205;20.05.2026;10:39:00;412;42;9882;13;U31011Z2;Praha,Černý Most;50.44177;15.34317
20260520_105205_L309;20260520_105205;20.05.2026;10:39:00;309;76;9596;11;U1637Z1;Praha,Zličín;49.98773;14.24746
20260520_105205_L375;20260520_105205;20.05.2026;10:41:00;375;1;8252;11;U1828Z1;Brandýs n.L.-St.Bol.,Žel.st.;50.19454;14.67275
20260520_105205_L136;20260520_105205;20.05.2026;10:41:00;136;19;5538;10;U37Z1P;Jižní Město;50.06046;14.4696
20260520_105205_L209;20260520_105205;20.05.2026;10:42:00;209;43;9168;10;U526Z2P;Letňany;50.12904;14.54326
20260520_105205_L731;20260520_105205;20.05.2026;10:30:00;731;5;9510;21;U6251Z1;Bělá p.Bezd.,Bezdědice;50.4825;14.70164
20260520_105205_L631;20260520_105205;20.05.2026;10:40:00;631;47;9565;10;U9773Z2;Beroun,autobusové nádraží;49.98821;14.04435
20260520_105205_L640;20260520_105205;20.05.2026;09:42:00;640;29;9553;68;U9810Z1;Hostomice,nám.;49.82582;14.04497
20260520_105205_L641;20260520_105205;20.05.2026;10:41:00;641;16;9450;11;U4971Z2;Beroun,autobusové nádraží;49.95779;14.05874
20260520_105205_L380;20260520_105205;20.05.2026;10:41:00;380;3;9973;10;U306Z1;Praha,Vypich;50.0752;14.34162
20260520_105205_L136;20260520_105205;20.05.2026;10:40:00;136;32;5556;12;U118Z4P;Jižní Město;50.07855;14.46055
20260520_105205_L634;20260520_105205;20.05.2026;10:03:00;634;19;9440;48;U2895Z2;Hostomice,nám.;49.82574;14.04532
20260520_105205_L799;20260520_105205;20.05.2026;10:42:00;799;47;7876;10;U5799Z1;Vlašim,žel.st.;49.71291;14.87182
20260520_105205_L641;20260520_105205;20.05.2026;10:37:00;641;17;9449;13;U9855Z55;Hořovice,nemocnice;49.88149;13.9252
20260520_105205_L589;20260520_105205;20.05.2026;09:55:00;589;8;7762;54;U4858Z1;Louny,ČSAD;50.35564;13.77893
20260520_105606_L136;20260520_105606;20.05.2026;10:42:00;136;32;5556;14;U518Z3P;Jižní Město;50.07592;14.45914
20260520_105606_L136;20260520_105606;20.05.2026;10:46:00;136;19;5538;10;U697Z3P;Jižní Město;50.04825;14.48134
20260520_105606_L209;20260520_105606;20.05.2026;10:45:00;209;43;9168;11;U803Z2P;Letňany;50.12258;14.5271
20260520_105606_L306;20260520_105606;20.05.2026;10:41:00;306;2;8881;12;U1215Z1;Praha,Zličín;50.08366;14.23208
20260520_105606_L309;20260520_105606;20.05.2026;10:43:00;309;76;9596;11;U1199Z2;Praha,Zličín;50.00359;14.25453
20260520_105606_L375;20260520_105606;20.05.2026;10:45:00;375;1;8252;10;U3001Z2;Brandýs n.L.-St.Bol.,Žel.st.;50.20425;14.68981
20260520_105606_L394;20260520_105606;20.05.2026;10:45:00;394;15;9903;10;U1747Z2;Praha,Nové Butovice;49.95697;14.05702
20260520_105606_L410;20260520_105606;20.05.2026;10:43:00;410;4;11698;13;U1794Z2;Praha,Střížkov;50.35337;14.4823
20260520_105606_L412;20260520_105606;20.05.2026;10:43:00;412;42;9882;12;U31008Z2;Praha,Černý Most;50.45489;15.29281
20260520_105606_L521;20260520_105606;20.05.2026;10:46:00;521;13;9558;10;U7696Z1;Věšín,Buková;49.65229;13.91277
20260520_105606_L559;20260520_105606;20.05.2026;10:44:00;559;37;7202;10;U7924Z2;Sedlčany,aut.st.;49.65701;14.42842
20260520_105606_L589;20260520_105606;20.05.2026;09:55:00;589;8;7762;58;U4858Z1;Louny,ČSAD;50.35564;13.77893
20260520_105606_L634;20260520_105606;20.05.2026;10:03:00;634;19;9440;50;U2895Z2;Hostomice,nám.;49.82565;14.04547
20260520_105606_L640;20260520_105606;20.05.2026;09:42:00;640;29;9553;70;U9810Z1;Hostomice,nám.;49.82582;14.04497
20260520_105606_L641;20260520_105606;20.05.2026;10:43:00;641;16;9450;13;U4964Z2;Beroun,autobusové nádraží;49.96563;14.06792
20260520_105606_L641;20260520_105606;20.05.2026;10:37:00;641;17;9449;17;U9855Z55;Hořovice,nemocnice;49.86689;13.92922
20260520_110006_L136;20260520_110006;20.05.2026;10:47:00;136;32;5556;13;U29Z1P;Jižní Město;50.07252;14.47044
20260520_110006_L400;20260520_110006;20.05.2026;10:48:00;400;58;1081;10;U31046Z4;Rumburk,žel.st.;50.55392;14.54237
20260520_110006_L146;20260520_110006;20.05.2026;10:49:00;146;4;9482;11;U767Z1P;Želivského;50.08342;14.48207
20260520_110006_L306;20260520_110006;20.05.2026;10:47:00;306;2;8881;13;U1218Z1;Praha,Zličín;50.07846;14.24276
20260520_110006_L345;20260520_110006;20.05.2026;10:45:00;345;16;1865;12;U2987Z7;Praha,Černý Most;50.41883;14.91691
20260520_110006_L394;20260520_110006;20.05.2026;10:49:00;394;15;9903;11;U1745Z2;Praha,Nové Butovice;49.96532;14.07197
20260520_110006_L521;20260520_110006;20.05.2026;10:49:00;521;13;9558;10;U7693Z2;Věšín,Buková;49.65106;13.92285
20260520_110006_L641;20260520_110006;20.05.2026;10:46:00;641;16;9450;13;U1746Z1;Beroun,autobusové nádraží;49.95953;14.06322
20260520_110006_L136;20260520_110006;20.05.2026;10:50:00;136;19;5538;10;U181Z1P;Jižní Město;50.03945;14.49058
20260520_110006_L412;20260520_110006;20.05.2026;10:48:00;412;42;9882;12;U31004Z2;Praha,Černý Most;50.45326;15.23723
20260520_110006_L640;20260520_110006;20.05.2026;09:42:00;640;29;9553;76;U9810Z1;Hostomice,nám.;49.82581;14.04498
20260520_110006_L634;20260520_110006;20.05.2026;10:03:00;634;19;9440;56;U2895Z2;Hostomice,nám.;49.82576;14.04538
20260520_110006_L589;20260520_110006;20.05.2026;09:55:00;589;8;7762;62;U4858Z1;Louny,ČSAD;50.35566;13.77893
20260520_110006_L897;20260520_110006;20.05.2026;10:50:00;897;3;8553;10;U3009Z2;Lysá n.L.,žel.st.;50.18876;14.93106
20260520_110006_L480;20260520_110006;20.05.2026;10:49:00;480;30;7504;10;U7698Z1;Solenice;49.64997;14.02386
20260520_110406_L136;20260520_110406;20.05.2026;10:51:00;136;32;5556;12;U37Z1P;Jižní Město;50.06043;14.46959
20260520_110406_L412;20260520_110406;20.05.2026;10:52:00;412;42;9882;11;U31002Z2;Praha,Černý Most;50.46759;15.18433
20260520_110406_L394;20260520_110406;20.05.2026;10:51:00;394;15;9903;12;U4273Z1;Praha,Nové Butovice;49.96853;14.08076
20260520_110406_L467;20260520_110406;20.05.2026;10:52:00;467;4;8011;10;U9176Z1;Mladá Boleslav,aut.st.;50.34968;14.70812
20260520_110406_L480;20260520_110406;20.05.2026;10:50:00;480;30;7504;13;U7730Z1;Solenice;49.64249;14.03606
20260520_110406_L521;20260520_110406;20.05.2026;10:53:00;521;13;9558;10;U5827Z1;Věšín,Buková;49.63058;13.90134
20260520_110406_L640;20260520_110406;20.05.2026;09:42:00;640;29;9553;78;U9810Z1;Hostomice,nám.;49.82581;14.04498
20260520_110406_L306;20260520_110406;20.05.2026;10:50:00;306;2;8881;12;U1144Z4;Praha,Zličín;50.07904;14.25698
20260520_110406_L632;20260520_110406;20.05.2026;10:49:00;632;73;9598;13;U9814Z1;Hostomice,nám.;49.82433;14.05258
20260520_110406_L634;20260520_110406;20.05.2026;10:03:00;634;19;9440;58;U2895Z2;Hostomice,nám.;49.82576;14.04538
20260520_110406_L589;20260520_110406;20.05.2026;09:55:00;589;8;7762;66;U4858Z1;Louny,ČSAD;50.35566;13.77892
20260520_110406_L345;20260520_110406;20.05.2026;10:52:00;345;16;1865;11;U3389Z2;Praha,Černý Most;50.41283;14.90983
20260520_110406_L400;20260520_110406;20.05.2026;10:52:00;400;58;1081;10;U31348Z1;Rumburk,žel.st.;50.58759;14.55194
20260520_110807_L311;20260520_110807;20.05.2026;10:55:00;311;40;9555;12;U1852Z51;Řevnice,nádraží;49.92765;14.27652
20260520_110807_L628;20260520_110807;20.05.2026;10:55:00;628;25;8741;10;U9338Z1;Kladno,autobusové nádraží;50.18943;13.97092
20260520_110807_L589;20260520_110807;20.05.2026;09:55:00;589;8;7762;70;U4858Z1;Louny,ČSAD;50.35566;13.77892
20260520_110807_L136;20260520_110807;20.05.2026;10:56:00;136;32;5556;11;U697Z3P;Jižní Město;50.04824;14.48135
20260520_110807_L434;20260520_110807;20.05.2026;10:55:00;434;10;8570;12;U2476Z1;Benátky n.Jiz.,aut.st.;50.25435;14.83283
20260520_110807_L474;20260520_110807;20.05.2026;10:57:00;474;44;8016;11;U4257Z1;Mělník,Na Brabčově;50.35124;14.47681
20260520_110807_L521;20260520_110807;20.05.2026;10:57:00;521;13;9558;10;U1775Z1;Věšín,Buková;49.6162;13.87368
20260520_110807_L425;20260520_110807;20.05.2026;10:55:00;425;49;1649;13;U32463Z2;Praha,Černý Most;50.43247;15.81651
20260520_110807_L640;20260520_110807;20.05.2026;09:42:00;640;29;9553;84;U9810Z1;Hostomice,nám.;49.82582;14.04498
20260520_110807_L394;20260520_110807;20.05.2026;10:51:00;394;15;9903;14;U4273Z1;Praha,Nové Butovice;49.97739;14.11375
20260520_110807_L400;20260520_110807;20.05.2026;10:57:00;400;58;1081;10;U31351Z1;Rumburk,žel.st.;50.61366;14.57125
20260520_110807_L412;20260520_110807;20.05.2026;10:55:00;412;42;9882;12;U31000Z2;Praha,Černý Most;50.46453;15.16904
20260520_110807_L417;20260520_110807;20.05.2026;10:56:00;417;19;1463;10;U9323Z1;Mšec;50.20545;13.8982
20260520_110807_L306;20260520_110807;20.05.2026;10:56:00;306;2;8881;11;U1148Z2;Praha,Zličín;50.06438;14.26996
20260520_110807_L324;20260520_110807;20.05.2026;10:56:00;324;27;8996;11;U1782Z1;Slaný,Rabasova;50.14164;14.06081
20260520_110807_L340;20260520_110807;20.05.2026;10:58:00;340;41;8823;10;U506Z2;Praha,Dejvická;50.12054;14.39308
20260520_110807_L396;20260520_110807;20.05.2026;10:56:00;396;3;8137;11;U1957Z3;Praha,Vinoř;50.15351;14.58088
20260520_110807_L345;20260520_110807;20.05.2026;10:56:00;345;16;1865;11;U3063Z2;Praha,Černý Most;50.41042;14.92797
20260520_110807_L632;20260520_110807;20.05.2026;10:49:00;632;73;9598;17;U9814Z1;Hostomice,nám.;49.82433;14.05258
20260520_110807_L634;20260520_110807;20.05.2026;10:03:00;634;19;9440;64;U2895Z2;Hostomice,nám.;49.82575;14.04539
20260520_110807_L480;20260520_110807;20.05.2026;10:52:00;480;30;7504;15;U7721Z1;Solenice;49.63377;14.04331
20260520_111207_L136;20260520_111207;20.05.2026;11:00:00;136;32;5556;11;U181Z1P;Jižní Město;50.03946;14.49056
20260520_111207_L306;20260520_111207;20.05.2026;11:00:00;306;2;8881;12;U913Z2;Praha,Zličín;50.06227;14.28729
20260520_111207_L311;20260520_111207;20.05.2026;10:55:00;311;40;9555;15;U1852Z51;Řevnice,nádraží;49.92968;14.27409
20260520_111207_L324;20260520_111207;20.05.2026;10:57:00;324;27;8996;11;U1918Z1;Slaný,Rabasova;50.16004;14.02968
20260520_111207_L340;20260520_111207;20.05.2026;11:01:00;340;41;8823;10;U162Z6;Praha,Dejvická;50.10738;14.39451
20260520_111207_L345;20260520_111207;20.05.2026;10:56:00;345;16;1865;12;U3063Z2;Praha,Černý Most;50.39484;14.91007
20260520_111207_L396;20260520_111207;20.05.2026;10:58:00;396;3;8137;14;U1672Z1;Praha,Vinoř;50.15493;14.58111
20260520_111207_L400;20260520_111207;20.05.2026;11:01:00;400;58;1081;10;U31352Z1;Rumburk,žel.st.;50.63184;14.53731
20260520_111207_L402;20260520_111207;20.05.2026;11:00:00;402;4;7672;11;U7318Z1;Čáslav,aut.st.;49.83655;14.83772
20260520_111207_L412;20260520_111207;20.05.2026;10:55:00;412;42;9882;13;U31000Z2;Praha,Černý Most;50.46369;15.11849
20260520_111207_L417;20260520_111207;20.05.2026;10:56:00;417;19;1463;14;U9323Z1;Mšec;50.20614;13.89996
20260520_111207_L425;20260520_111207;20.05.2026;10:55:00;425;49;1649;14;U32463Z2;Praha,Černý Most;50.42176;15.79528
20260520_111207_L467;20260520_111207;20.05.2026;11:02:00;467;4;8011;10;U9295Z1;Mladá Boleslav,aut.st.;50.36712;14.7951
20260520_111207_L474;20260520_111207;20.05.2026;11:00:00;474;44;8016;11;U1792Z1;Mělník,Na Brabčově;50.34109;14.49079
20260520_111207_L521;20260520_111207;20.05.2026;11:00:00;521;13;9558;11;U7899Z2;Věšín,Buková;49.60619;13.8597
20260520_111207_L589;20260520_111207;20.05.2026;09:55:00;589;8;7762;74;U4858Z1;Louny,ČSAD;50.35566;13.77892
20260520_111207_L632;20260520_111207;20.05.2026;10:49:00;632;73;9598;21;U9814Z1;Hostomice,nám.;49.82433;14.05258
20260520_111207_L634;20260520_111207;20.05.2026;10:03:00;634;19;9440;66;U2895Z2;Hostomice,nám.;49.82574;14.04538
20260520_111207_L640;20260520_111207;20.05.2026;09:42:00;640;29;9553;86;U9810Z1;Hostomice,nám.;49.82581;14.04498
20260520_111607_L402;20260520_111607;20.05.2026;11:00:00;402;4;7672;12;U7318Z1;Čáslav,aut.st.;49.83128;14.85962
20260520_111607_L417;20260520_111607;20.05.2026;10:56:00;417;19;1463;18;U9323Z1;Mšec;50.20614;13.89996
20260520_111607_L324;20260520_111607;20.05.2026;11:04:00;324;27;8996;10;U9104Z1;Slaný,Rabasova;50.18303;14.02814
20260520_111607_L306;20260520_111607;20.05.2026;11:01:00;306;2;8881;11;U178Z2;Praha,Zličín;50.05523;14.28937
20260520_111607_L480;20260520_111607;20.05.2026;11:01:00;480;30;7504;15;U7804Z1;Solenice;49.61593;14.10253
20260520_111607_L589;20260520_111607;20.05.2026;09:55:00;589;8;7762;78;U4858Z1;Louny,ČSAD;50.35566;13.77892
20260520_111607_L634;20260520_111607;20.05.2026;10:03:00;634;19;9440;70;U2895Z2;Hostomice,nám.;49.82574;14.04539
20260520_111607_L632;20260520_111607;20.05.2026;10:49:00;632;73;9598;25;U9814Z1;Hostomice,nám.;49.82433;14.05258
20260520_111607_L521;20260520_111607;20.05.2026;11:04:00;521;13;9558;11;U1777Z1;Věšín,Buková;49.61525;13.82986
20260520_111607_L136;20260520_111607;20.05.2026;11:04:00;136;32;5556;12;U106Z2P;Jižní Město;50.0275;14.50776
20260520_112008_L136;20260520_112008;20.05.2026;11:10:00;136;3;6724;10;U118Z4P;Jižní Město;50.0781;14.46081
20260520_112008_L136;20260520_112008;20.05.2026;11:08:00;136;32;5556;11;U353Z1P;Jižní Město;50.02623;14.52147
20260520_112008_L324;20260520_112008;20.05.2026;11:08:00;324;27;8996;12;U1915Z2;Slaný,Rabasova;50.18878;14.0428
20260520_112008_L417;20260520_112008;20.05.2026;10:56:00;417;19;1463;22;U9323Z1;Mšec;50.20614;13.89996
20260520_112008_L467;20260520_112008;20.05.2026;11:07:00;467;4;8011;10;U9296Z1;Mladá Boleslav,aut.st.;50.37193;14.85967
20260520_112008_L480;20260520_112008;20.05.2026;11:04:00;480;30;7504;16;U7802Z1;Solenice;49.60099;14.10584
20260520_112008_L483;20260520_112008;20.05.2026;11:08:00;483;36;7846;10;U7602Z2;Chocerady;49.86972;14.80801
20260520_112008_L589;20260520_112008;20.05.2026;09:55:00;589;8;7762;82;U4858Z1;Louny,ČSAD;50.35566;13.77892
20260520_112008_L632;20260520_112008;20.05.2026;10:49:00;632;73;9598;29;U9814Z1;Hostomice,nám.;49.82433;14.05257
20260520_112008_L634;20260520_112008;20.05.2026;10:03:00;634;19;9440;75;U2895Z2;Hostomice,nám.;49.82589;14.04472
20260520_112008_L641;20260520_112008;20.05.2026;11:07:00;641;14;9573;11;U9856Z1;Beroun,autobusové nádraží;49.8816;13.95472
20260520_112008_L719;20260520_112008;20.05.2026;11:10:00;719;52;9593;10;U9475Z2;Bakov n.Jiz.,Zvířetice;50.47911;14.93875
20260520_112008_L754;20260520_112008;20.05.2026;11:09:00;754;13;7225;10;U4763Z1;Příbram,aut.nádr.;49.66245;14.4235
20260520_112008_L775;20260520_112008;20.05.2026;11:10:00;775;31;9790;10;U1220Z2;Mladá Boleslav,aut.st.;50.37516;14.97907
20260520_112408_L467;20260520_112408;20.05.2026;11:12:00;467;4;8011;11;U9298Z1;Mladá Boleslav,aut.st.;50.39081;14.87641
20260520_112408_L136;20260520_112408;20.05.2026;11:11:00;136;32;5556;12;U151Z1P;Jižní Město;50.03209;14.53452
20260520_112408_L425;20260520_112408;20.05.2026;11:12:00;425;49;1649;12;U32464Z2;Praha,Černý Most;50.4039;15.6823
20260520_112408_L412;20260520_112408;20.05.2026;11:10:00;412;42;9882;13;U9359Z2;Praha,Černý Most;50.40904;14.95025
20260520_112408_L316;20260520_112408;20.05.2026;11:13:00;316;2;8969;10;U199Z3;Praha,Bořislavka;50.10558;14.35396
20260520_112408_L589;20260520_112408;20.05.2026;09:55:00;589;8;7762;86;U4858Z1;Louny,ČSAD;50.35566;13.77892
20260520_112408_L686;20260520_112408;20.05.2026;11:13:00;686;33;8142;10;U2315Z1;Úvaly,žel.st.;50.07323;14.72446
20260520_112408_L562;20260520_112408;20.05.2026;11:10:00;562;64;8382;13;U2926Z17;Rakovník,hasičský záchr.sbor;50.10257;13.73063
20260520_112408_L641;20260520_112408;20.05.2026;11:09:00;641;14;9573;11;U9855Z55;Beroun,autobusové nádraží;49.88171;13.95477
20260520_112408_L801;20260520_112408;20.05.2026;11:14:00;801;5;1825;10;U7342Z2;Kutná Hora,Žižkov,poliklinika;49.95831;15.27642
20260520_112408_L634;20260520_112408;20.05.2026;10:03:00;634;19;9440;79;U2895Z2;Hostomice,nám.;49.82976;14.0459
20260520_112408_L639;20260520_112408;20.05.2026;11:12:00;639;8;9586;10;U9844Z1;Dobříš,nám.;49.86745;13.99463
20260520_112408_L630;20260520_112408;20.05.2026;11:14:00;630;39;8805;10;U4313Z8;Kladno,autobusové nádraží;50.14644;14.09709
20260520_112408_L632;20260520_112408;20.05.2026;10:49:00;632;73;9598;33;U9814Z1;Hostomice,nám.;49.82432;14.05257
20260520_112808_L617;20260520_112808;20.05.2026;11:16:00;617;15;7325;10;U4367Z2;Roudnice n.L.,žel.st.;50.36548;14.30743
20260520_112808_L473;20260520_112808;20.05.2026;11:18:00;473;7;8122;10;U1971Z2;Neratovice,Kojetická;50.25343;14.51149
20260520_112808_L425;20260520_112808;20.05.2026;11:12:00;425;49;1649;13;U32464Z2;Praha,Černý Most;50.39319;15.6588
20260520_112808_L641;20260520_112808;20.05.2026;11:16:00;641;14;9573;11;U9854Z1;Beroun,autobusové nádraží;49.89621;13.9607
20260520_112808_L467;20260520_112808;20.05.2026;11:17:00;467;4;8011;11;U9300Z1;Mladá Boleslav,aut.st.;50.40719;14.89885
20260520_112808_L194;20260520_112808;20.05.2026;11:18:00;194;5;1911;10;U361Z6P;Nemocnice pod Petřínem;50.08791;14.40417
20260520_112808_L360;20260520_112808;20.05.2026;11:18:00;360;6;7215;10;U2555Z1;Praha,Smíchovské nádraží;49.77177;14.35222
20260520_112808_L562;20260520_112808;20.05.2026;11:10:00;562;64;8382;17;U2926Z17;Rakovník,hasičský záchr.sbor;50.10067;13.73452
20260520_112808_L639;20260520_112808;20.05.2026;11:14:00;639;8;9586;11;U9850Z1;Dobříš,nám.;49.85548;14.0085
20260520_112808_L526;20260520_112808;20.05.2026;11:17:00;526;30;9585;11;U9611Z2;Bzová;49.89722;13.86718
20260520_112808_L632;20260520_112808;20.05.2026;10:49:00;632;73;9598;37;U9814Z1;Hostomice,nám.;49.82432;14.05257
20260520_112808_L589;20260520_112808;20.05.2026;09:55:00;589;8;7762;90;U4858Z1;Louny,ČSAD;50.35566;13.77892
20260520_113209_L384;20260520_113209;20.05.2026;11:19:00;384;23;9891;11;U1745Z2;Praha,Zličín;49.96768;14.07715
20260520_113209_L639;20260520_113209;20.05.2026;11:20:00;639;8;9586;12;U9849Z1;Dobříš,nám.;49.85262;14.03602
20260520_113209_L467;20260520_113209;20.05.2026;11:17:00;467;4;8011;13;U9300Z1;Mladá Boleslav,aut.st.;50.40962;14.91382
20260520_113209_L775;20260520_113209;20.05.2026;11:21:00;775;31;9790;10;U3256Z2;Mladá Boleslav,aut.st.;50.41225;14.91124
20260520_113209_L632;20260520_113209;20.05.2026;10:49:00;632;73;9598;41;U9814Z1;Hostomice,nám.;49.82432;14.05258
20260520_113209_L526;20260520_113209;20.05.2026;11:17:00;526;30;9585;15;U9611Z2;Bzová;49.89722;13.86718
20260520_113209_L641;20260520_113209;20.05.2026;11:18:00;641;14;9573;12;U1229Z1;Beroun,autobusové nádraží;49.90681;13.9672
20260520_113209_L617;20260520_113209;20.05.2026;11:20:00;617;15;7325;10;U4432Z2;Roudnice n.L.,žel.st.;50.38721;14.30458
20260520_113209_L801;20260520_113209;20.05.2026;11:21:00;801;5;1825;11;U6683Z1;Kutná Hora,Žižkov,poliklinika;49.9522;15.26271
20260520_113209_L324;20260520_113209;20.05.2026;11:21:00;324;27;8996;10;U4836Z2;Slaný,Rabasova;50.23425;14.07752
20260520_113209_L360;20260520_113209;20.05.2026;11:22:00;360;6;7215;10;U2529Z2;Praha,Smíchovské nádraží;49.79219;14.34497
20260520_113209_L369;20260520_113209;20.05.2026;11:22:00;369;33;8270;10;U1797Z1;Mělník,Mlazice;50.37109;14.46597
20260520_113209_L402;20260520_113209;20.05.2026;11:22:00;402;4;7672;10;U7317Z1;Čáslav,aut.st.;49.72568;15.05319
20260520_113209_L400;20260520_113209;20.05.2026;11:20:00;400;58;1081;12;U31355Z1;Rumburk,žel.st.;50.69444;14.54149
20260520_113209_L562;20260520_113209;20.05.2026;11:10:00;562;64;8382;21;U2926Z17;Rakovník,hasičský záchr.sbor;50.10067;13.73452
20260520_113209_L410;20260520_113209;20.05.2026;11:20:00;410;9;11646;10;U31050Z3;Praha,Střížkov;50.66105;14.72264
20260520_113209_L311;20260520_113209;20.05.2026;11:21:00;311;40;9555;10;U1852Z51;Praha,Zličín;49.93013;14.27467
20260520_113209_L136;20260520_113209;20.05.2026;11:22:00;136;4;6803;10;U518Z3P;Jižní Město;50.07661;14.4589
20260520_113209_L589;20260520_113209;20.05.2026;09:55:00;589;8;7762;94;U4858Z1;Louny,ČSAD;50.35565;13.77893
20260520_113609_L526;20260520_113609;20.05.2026;11:17:00;526;30;9585;19;U9611Z2;Bzová;49.89722;13.86718
20260520_113609_L562;20260520_113609;20.05.2026;11:10:00;562;64;8382;25;U2926Z17;Rakovník,hasičský záchr.sbor;50.10068;13.73453
20260520_113609_L467;20260520_113609;20.05.2026;11:22:00;467;4;8011;13;U3389Z1;Mladá Boleslav,aut.st.;50.41375;14.90883
20260520_113609_L410;20260520_113609;20.05.2026;11:20:00;410;9;11646;14;U31050Z3;Praha,Střížkov;50.66106;14.72264
20260520_113609_L775;20260520_113609;20.05.2026;11:22:00;775;31;9790;11;U3389Z1;Mladá Boleslav,aut.st.;50.41883;14.91671
20260520_113609_L641;20260520_113609;20.05.2026;11:22:00;641;14;9573;12;U9105Z1;Beroun,autobusové nádraží;49.92332;13.97888
20260520_113609_L617;20260520_113609;20.05.2026;11:24:00;617;15;7325;11;U4713Z1;Roudnice n.L.,žel.st.;50.40558;14.3013
20260520_113609_L425;20260520_113609;20.05.2026;11:22:00;425;49;1649;14;U32465Z3;Praha,Černý Most;50.36668;15.62954
20260520_113609_L384;20260520_113609;20.05.2026;11:21:00;384;23;9891;14;U4273Z1;Praha,Zličín;49.97187;14.08691
20260520_113609_L311;20260520_113609;20.05.2026;11:24:00;311;40;9555;11;U9217Z2;Praha,Zličín;49.92327;14.25456
20260520_113609_L186;20260520_113609;20.05.2026;11:21:00;186;3;8137;15;U457Z2P;Černý Most;50.12419;14.57138
20260520_113609_L640;20260520_113609;20.05.2026;11:22:00;640;15;9540;13;U9812Z2;Hostomice,nám.;49.82574;14.04254
20260520_113609_L324;20260520_113609;20.05.2026;11:24:00;324;27;8996;11;U4786Z2;Slaný,Rabasova;50.2266;14.08231
20260520_113609_L801;20260520_113609;20.05.2026;11:24:00;801;5;1825;12;U7339Z2;Kutná Hora,Žižkov,poliklinika;49.94886;15.26311
20260520_113609_L136;20260520_113609;20.05.2026;11:24:00;136;4;6803;10;U855Z1P;Jižní Město;50.0742;14.46706
20260520_113609_L136;20260520_113609;20.05.2026;11:26:00;136;5;5543;10;U743Z2P;Jižní Město;50.08657;14.45552
20260520_113609_L400;20260520_113609;20.05.2026;11:20:00;400;58;1081;13;U31355Z1;Rumburk,žel.st.;50.71498;14.54523
20260520_113609_L589;20260520_113609;20.05.2026;09:55:00;589;8;7762;98;U4858Z1;Louny,ČSAD;50.35565;13.77894
20260520_113609_L632;20260520_113609;20.05.2026;10:49:00;632;73;9598;45;U9814Z1;Hostomice,nám.;49.82432;14.05258
20260520_114009_L641;20260520_114009;20.05.2026;11:27:00;641;14;9573;13;U9006Z1;Beroun,autobusové nádraží;49.93537;14.01235
20260520_114009_L425;20260520_114009;20.05.2026;11:22:00;425;49;1649;15;U32465Z3;Praha,Černý Most;50.35015;15.63082
20260520_114009_L639;20260520_114009;20.05.2026;11:28:00;639;8;9586;11;U9812Z2;Dobříš,nám.;49.82545;14.04392
20260520_114009_L632;20260520_114009;20.05.2026;10:49:00;632;73;9598;49;U9814Z1;Hostomice,nám.;49.82432;14.05258
20260520_114009_L324;20260520_114009;20.05.2026;11:28:00;324;27;8996;12;U4786Z1;Slaný,Rabasova;50.23012;14.08364
20260520_114009_L311;20260520_114009;20.05.2026;11:28:00;311;40;9555;10;U2569Z1;Praha,Zličín;49.92757;14.23389
20260520_114009_L360;20260520_114009;20.05.2026;11:29:00;360;6;7215;10;U2515Z4;Praha,Smíchovské nádraží;49.82623;14.39312
20260520_114009_L526;20260520_114009;20.05.2026;11:17:00;526;30;9585;23;U9611Z2;Bzová;49.89722;13.86718
20260520_114009_L617;20260520_114009;20.05.2026;11:27:00;617;15;7325;12;U4715Z1;Roudnice n.L.,žel.st.;50.42043;14.26124
20260520_114009_L410;20260520_114009;20.05.2026;11:20:00;410;9;11646;18;U31050Z3;Praha,Střížkov;50.66105;14.7226
20260520_114009_L384;20260520_114009;20.05.2026;11:26:00;384;23;9891;13;U2373Z2;Praha,Zličín;49.98379;14.12716
20260520_114009_L402;20260520_114009;20.05.2026;11:30:00;402;4;7672;10;U7057Z71;Čáslav,aut.st.;49.7429;15.10307
20260520_114009_L562;20260520_114009;20.05.2026;11:10:00;562;64;8382;29;U2926Z17;Rakovník,hasičský záchr.sbor;50.10068;13.73453
20260520_114009_L640;20260520_114009;20.05.2026;11:22:00;640;15;9540;17;U9812Z2;Hostomice,nám.;49.82574;14.04254
20260520_114009_L801;20260520_114009;20.05.2026;11:25:00;801;5;1825;15;U2478Z2;Kutná Hora,Žižkov,poliklinika;49.94779;15.25742
20260520_114009_L136;20260520_114009;20.05.2026;11:29:00;136;4;6803;10;U680Z3P;Jižní Město;50.0684;14.46927
20260520_114009_L136;20260520_114009;20.05.2026;11:28:00;136;5;5543;11;U516Z3P;Jižní Město;50.08207;14.45929
20260520_114009_L589;20260520_114009;20.05.2026;09:55:00;589;8;7762;102;U4858Z1;Louny,ČSAD;50.35565;13.77893
20260520_114410_L136;20260520_114410;20.05.2026;11:34:00;136;4;6803;10;U751Z2P;Jižní Město;50.05259;14.47512
20260520_114410_L136;20260520_114410;20.05.2026;11:32:00;136;5;5543;13;U518Z3P;Jižní Město;50.0766;14.45891
20260520_114410_L136;20260520_114410;20.05.2026;11:34:00;136;6;5021;10;U69Z2P;Jižní Město;50.08887;14.46089
20260520_114410_L311;20260520_114410;20.05.2026;11:31:00;311;40;9555;10;U2377Z1;Praha,Zličín;49.93259;14.23429
20260520_114410_L324;20260520_114410;20.05.2026;11:32:00;324;27;8996;12;U4789Z1;Slaný,Rabasova;50.23313;14.07207
20260520_114410_L384;20260520_114410;20.05.2026;11:32:00;384;23;9891;12;U2370Z2;Praha,Zličín;49.99424;14.15752
20260520_114410_L400;20260520_114410;20.05.2026;11:31:00;400;58;1081;13;U31360Z1;Rumburk,žel.st.;50.75966;14.55646
20260520_114410_L410;20260520_114410;20.05.2026;11:20:00;410;9;11646;23;U31050Z3;Praha,Střížkov;50.66008;14.72456
20260520_114410_L526;20260520_114410;20.05.2026;11:17:00;526;30;9585;27;U9611Z2;Bzová;49.89722;13.86718
20260520_114410_L562;20260520_114410;20.05.2026;11:10:00;562;64;8382;33;U2926Z17;Rakovník,hasičský záchr.sbor;50.10068;13.73454
20260520_114410_L589;20260520_114410;20.05.2026;09:55:00;589;8;7762;106;U4858Z1;Louny,ČSAD;50.35563;13.77892
20260520_114410_L617;20260520_114410;20.05.2026;11:32:00;617;15;7325;12;U4717Z2;Roudnice n.L.,žel.st.;50.42499;14.26062
20260520_114410_L640;20260520_114410;20.05.2026;11:22:00;640;15;9540;21;U9812Z2;Hostomice,nám.;49.82574;14.04254
20260520_114410_L641;20260520_114410;20.05.2026;11:33:00;641;14;9573;10;U1748Z2;Beroun,autobusové nádraží;49.94976;14.04105
20260520_114810_L562;20260520_114810;20.05.2026;11:10:00;562;64;8382;37;U2926Z17;Rakovník,hasičský záchr.sbor;50.10069;13.73454
20260520_114810_L360;20260520_114810;20.05.2026;11:35:00;360;6;7215;11;U2490Z2;Praha,Smíchovské nádraží;49.8521;14.40593
20260520_114810_L322;20260520_114810;20.05.2026;11:35:00;322;14;8859;11;U4392Z2;Kladno,autobusové nádraží;50.14943;14.1818
20260520_114810_L324;20260520_114810;20.05.2026;11:35:00;324;27;8996;13;U4784Z2;Slaný,Rabasova;50.23033;14.0725
20260520_114810_L719;20260520_114810;20.05.2026;11:35:00;719;52;9593;13;U9444Z4;Mladá Boleslav,aut.st.;50.48606;14.92567
20260520_114810_L725;20260520_114810;20.05.2026;11:34:00;725;67;9760;12;U31718Z1;Markvartice,pošta;50.43302;15.18553
20260520_114810_L641;20260520_114810;20.05.2026;11:37:00;641;14;9573;10;U4971Z2;Beroun,autobusové nádraží;49.95824;14.0596
20260520_114810_L640;20260520_114810;20.05.2026;11:22:00;640;15;9540;25;U9812Z2;Hostomice,nám.;49.82574;14.04254
20260520_114810_L136;20260520_114810;20.05.2026;11:38:00;136;6;5021;10;U516Z3P;Jižní Město;50.08211;14.45943
20260520_114810_L589;20260520_114810;20.05.2026;09:55:00;589;8;7762;110;U4858Z1;Louny,ČSAD;50.35563;13.77892
20260520_114810_L526;20260520_114810;20.05.2026;11:17:00;526;30;9585;31;U9611Z2;Bzová;49.89722;13.86718
20260520_114810_L136;20260520_114810;20.05.2026;11:37:00;136;5;5543;11;U29Z1P;Jižní Město;50.07322;14.47015
20260520_114810_L780;20260520_114810;20.05.2026;11:35:00;780;10;7607;13;U7320Z11;Čáslav,žel.st.;49.912;15.39693
20260520_115211_L136;20260520_115211;20.05.2026;11:41:00;136;5;5543;11;U37Z1P;Jižní Město;50.06113;14.46948
20260520_115211_L322;20260520_115211;20.05.2026;11:40:00;322;14;8859;12;U4304Z1;Kladno,autobusové nádraží;50.15147;14.18126
20260520_115211_L360;20260520_115211;20.05.2026;11:40:00;360;6;7215;11;U2489Z2;Praha,Smíchovské nádraží;49.87936;14.38948
20260520_115211_L640;20260520_115211;20.05.2026;11:22:00;640;15;9540;29;U9812Z2;Hostomice,nám.;49.82574;14.04254
20260520_115211_L136;20260520_115211;20.05.2026;11:40:00;136;6;5021;11;U118Z4P;Jižní Město;50.07813;14.46088
20260520_115211_L725;20260520_115211;20.05.2026;11:34:00;725;67;9760;16;U31718Z1;Markvartice,pošta;50.43302;15.18553
20260520_115211_L589;20260520_115211;20.05.2026;09:55:00;589;8;7762;114;U4858Z1;Louny,ČSAD;50.35563;13.77893
20260520_115211_L526;20260520_115211;20.05.2026;11:17:00;526;30;9585;35;U9611Z2;Bzová;49.89722;13.86718
20260520_115211_L780;20260520_115211;20.05.2026;11:35:00;780;10;7607;17;U7320Z11;Čáslav,žel.st.;49.912;15.39693
20260520_115611_L120;20260520_115611;20.05.2026;11:43:00;120;8;3920;12;U468Z1P;Nádraží Radotín;50.04862;14.40858
20260520_115611_L136;20260520_115611;20.05.2026;11:44:00;136;5;5543;12;U751Z2P;Jižní Město;50.05264;14.47501
20260520_115611_L136;20260520_115611;20.05.2026;11:44:00;136;6;5021;11;U855Z1P;Jižní Město;50.07445;14.46397
20260520_115611_L322;20260520_115611;20.05.2026;11:44:00;322;14;8859;12;U4391Z1;Kladno,autobusové nádraží;50.13761;14.15997
20260520_115611_L360;20260520_115611;20.05.2026;11:42:00;360;6;7215;12;U1764Z2;Praha,Smíchovské nádraží;49.8904;14.39911
20260520_115611_L391;20260520_115611;20.05.2026;11:40:00;391;35;9169;11;U5242Z1;Úvaly,žel.st.;50.0742;14.72309
20260520_115611_L526;20260520_115611;20.05.2026;11:17:00;526;30;9585;39;U9611Z2;Bzová;49.89722;13.86718
20260520_115611_L550;20260520_115611;20.05.2026;11:43:00;550;76;7803;11;U6757Z1;Vlašim,žel.st.;49.70326;14.89323
20260520_115611_L589;20260520_115611;20.05.2026;09:55:00;589;8;7762;117;U4858Z1;Louny,ČSAD;50.35563;13.77892
20260520_115611_L589;20260520_115611;20.05.2026;11:41:00;589;13;7751;15;U32417Z1;Louny,ČSAD;50.30876;13.84895
20260520_115611_L640;20260520_115611;20.05.2026;11:22:00;640;15;9540;33;U9812Z2;Hostomice,nám.;49.82574;14.04254
20260520_115611_L725;20260520_115611;20.05.2026;11:34:00;725;67;9760;20;U31718Z1;Markvartice,pošta;50.43302;15.18553
20260520_115611_L780;20260520_115611;20.05.2026;11:35:00;780;10;7607;21;U7320Z11;Čáslav,žel.st.;49.912;15.39693
20260520_120011_L120;20260520_120011;20.05.2026;11:44:00;120;8;3920;16;U914Z2P;Nádraží Radotín;50.04563;14.40757
20260520_120011_L136;20260520_120011;20.05.2026;11:48:00;136;5;5543;12;U417Z1P;Jižní Město;50.04289;14.4878
20260520_120011_L136;20260520_120011;20.05.2026;11:49:00;136;6;5021;10;U680Z3P;Jižní Město;50.06834;14.46929
20260520_120011_L141;20260520_120011;20.05.2026;11:48:00;141;2;4161;12;U135Z3P;Bazén Hloubětín;50.10567;14.53874
20260520_120011_L322;20260520_120011;20.05.2026;11:48:00;322;14;8859;12;U4306Z1;Kladno,autobusové nádraží;50.136;14.12581
20260520_120011_L360;20260520_120011;20.05.2026;11:45:00;360;6;7215;14;U1753Z2;Praha,Smíchovské nádraží;49.90797;14.39305
20260520_120011_L391;20260520_120011;20.05.2026;11:40:00;391;35;9169;15;U5242Z1;Úvaly,žel.st.;50.0742;14.72309
20260520_120011_L400;20260520_120011;20.05.2026;11:48:00;400;58;1081;11;U31365Z1;Rumburk,žel.st.;50.79783;14.60053
20260520_120011_L425;20260520_120011;20.05.2026;11:45:00;425;49;1649;14;U31122Z1;Praha,Černý Most;50.24297;15.48545
20260520_120011_L526;20260520_120011;20.05.2026;11:17:00;526;30;9585;43;U9611Z2;Bzová;49.89722;13.86718
20260520_120011_L550;20260520_120011;20.05.2026;11:43:00;550;76;7803;15;U6757Z1;Vlašim,žel.st.;49.70326;14.89322
20260520_120011_L589;20260520_120011;20.05.2026;09:55:00;589;8;7762;119;U4858Z1;Louny,ČSAD;50.35563;13.77892
20260520_120011_L589;20260520_120011;20.05.2026;11:44:00;589;13;7751;16;U4853Z1;Louny,ČSAD;50.33178;13.8407
20260520_120011_L640;20260520_120011;20.05.2026;11:22:00;640;15;9540;37;U9812Z2;Hostomice,nám.;49.82574;14.04254
20260520_120011_L641;20260520_120011;20.05.2026;11:46:00;641;16;9450;12;U9855Z55;Hořovice,nemocnice;49.88195;13.92716
20260520_120011_L725;20260520_120011;20.05.2026;11:34:00;725;67;9760;24;U31718Z1;Markvartice,pošta;50.43302;15.18553
20260520_120011_L780;20260520_120011;20.05.2026;11:35:00;780;10;7607;25;U7320Z11;Čáslav,žel.st.;49.912;15.39693
20260520_120412_L120;20260520_120412;20.05.2026;11:49:00;120;8;3920;15;U146Z1P;Nádraží Radotín;50.041;14.39375
20260520_120412_L136;20260520_120412;20.05.2026;11:53:00;136;5;5543;11;U344Z1P;Jižní Město;50.03153;14.50543
20260520_120412_L136;20260520_120412;20.05.2026;11:53:00;136;6;5021;10;U183Z3P;Jižní Město;50.05609;14.47158
20260520_120412_L322;20260520_120412;20.05.2026;11:53:00;322;14;8859;11;U4310Z1;Kladno,autobusové nádraží;50.13648;14.10373
20260520_120412_L332;20260520_120412;20.05.2026;11:53:00;332;1;9111;10;U1330Z1;Neveklov;49.96425;14.51953
20260520_120412_L391;20260520_120412;20.05.2026;11:40:00;391;35;9169;21;U5242Z1;Úvaly,žel.st.;50.0742;14.72309
20260520_120412_L400;20260520_120412;20.05.2026;11:48:00;400;58;1081;12;U31365Z1;Rumburk,žel.st.;50.81055;14.59315
20260520_120412_L526;20260520_120412;20.05.2026;11:17:00;526;30;9585;47;U9611Z2;Bzová;49.89722;13.86718
20260520_120412_L550;20260520_120412;20.05.2026;11:43:00;550;76;7803;19;U6757Z1;Vlašim,žel.st.;49.70324;14.89322
20260520_120412_L640;20260520_120412;20.05.2026;11:22:00;640;15;9540;41;U9812Z2;Hostomice,nám.;49.82574;14.04254
20260520_120412_L641;20260520_120412;20.05.2026;11:46:00;641;16;9450;16;U9855Z55;Hořovice,nemocnice;49.86803;13.92705
20260520_120412_L691;20260520_120412;20.05.2026;11:53:00;691;40;7984;11;U1796Z1;Liběchov;50.36238;14.46859
20260520_120412_L725;20260520_120412;20.05.2026;11:34:00;725;67;9760;28;U31718Z1;Markvartice,pošta;50.43302;15.18553
20260520_120412_L780;20260520_120412;20.05.2026;11:35:00;780;10;7607;29;U7320Z11;Čáslav,žel.st.;49.912;15.39693
20260520_120812_L705;20260520_120812;20.05.2026;11:56:00;705;39;8692;11;U4997Z2;Čáslav,obchodní centrum;50.02281;15.1993
20260520_120812_L550;20260520_120812;20.05.2026;11:43:00;550;76;7803;23;U6757Z1;Vlašim,žel.st.;49.70324;14.89322
20260520_120812_L691;20260520_120812;20.05.2026;11:56:00;691;40;7984;12;U1798Z1;Liběchov;50.3744;14.4668
20260520_120812_L780;20260520_120812;20.05.2026;11:35:00;780;10;7607;33;U7320Z11;Čáslav,žel.st.;49.912;15.39693
20260520_120812_L825;20260520_120812;20.05.2026;11:56:00;825;43;9581;10;U4965Z1;Králův Dvůr,Popovice;49.95017;14.04149
20260520_120812_L400;20260520_120812;20.05.2026;11:54:00;400;58;1081;11;U31366Z1;Rumburk,žel.st.;50.84711;14.59097
20260520_120812_L383;20260520_120812;20.05.2026;11:56:00;383;32;9174;11;U1886Z1;Chocerady;49.99413;14.68449
20260520_120812_L322;20260520_120812;20.05.2026;11:55:00;322;14;8859;13;U3094Z1;Kladno,autobusové nádraží;50.14218;14.09793
20260520_120812_L332;20260520_120812;20.05.2026;11:57:00;332;1;9111;10;U2130Z1;Neveklov;49.94595;14.51733
20260520_120812_L640;20260520_120812;20.05.2026;11:22:00;640;15;9540;45;U9812Z2;Hostomice,nám.;49.82574;14.04254
20260520_120812_L725;20260520_120812;20.05.2026;11:34:00;725;67;9760;32;U31718Z1;Markvartice,pošta;50.43302;15.18553
20260520_120812_L120;20260520_120812;20.05.2026;11:54:00;120;8;3920;14;U1050Z1P;Nádraží Radotín;50.03535;14.37732
20260520_120812_L360;20260520_120812;20.05.2026;11:52:00;360;6;7215;16;U520Z2;Praha,Smíchovské nádraží;49.94604;14.39436
20260520_120812_L526;20260520_120812;20.05.2026;11:17:00;526;30;9585;51;U9611Z2;Bzová;49.89722;13.86718
20260520_120812_L398;20260520_120812;20.05.2026;11:57:00;398;24;8298;10;U1434Z2;Praha,Černý Most;50.13403;14.98588
20260520_120812_L391;20260520_120812;20.05.2026;11:40:00;391;35;9169;23;U5242Z1;Úvaly,žel.st.;50.0742;14.72309
20260520_120812_L136;20260520_120812;20.05.2026;11:58:00;136;6;5021;10;U417Z1P;Jižní Město;50.04357;14.48725
20260520_120812_L136;20260520_120812;20.05.2026;11:57:00;136;5;5543;10;U916Z1P;Jižní Město;50.02515;14.51479
20260520_121212_L383;20260520_121212;20.05.2026;11:59:00;383;32;9174;12;U2006Z1;Chocerady;49.98974;14.71968
20260520_121212_L398;20260520_121212;20.05.2026;11:59:00;398;24;8298;10;U1433Z2;Praha,Černý Most;50.13706;14.91291
20260520_121212_L322;20260520_121212;20.05.2026;11:57:00;322;14;8859;15;U4313Z8;Kladno,autobusové nádraží;50.14583;14.09595
20260520_121212_L300;20260520_121212;20.05.2026;11:59:00;300;22;8998;11;U80Z4;Praha,Nádraží Veleslavín;50.09271;14.32184
20260520_121212_L550;20260520_121212;20.05.2026;11:43:00;550;76;7803;27;U6757Z1;Vlašim,žel.st.;49.70326;14.89319
20260520_121212_L640;20260520_121212;20.05.2026;11:22:00;640;15;9540;49;U9812Z2;Hostomice,nám.;49.82574;14.04254
20260520_121212_L332;20260520_121212;20.05.2026;12:01:00;332;1;9111;10;U2128Z1;Neveklov;49.93484;14.51237
20260520_121212_L825;20260520_121212;20.05.2026;11:59:00;825;43;9581;11;U4972Z2;Králův Dvůr,Popovice;49.94531;14.0349
20260520_121212_L725;20260520_121212;20.05.2026;11:34:00;725;67;9760;36;U31718Z1;Markvartice,pošta;50.43302;15.18553
20260520_121212_L780;20260520_121212;20.05.2026;11:35:00;780;10;7607;37;U7320Z11;Čáslav,žel.st.;49.912;15.39693
20260520_121212_L705;20260520_121212;20.05.2026;11:58:00;705;39;8692;13;U9983Z2;Čáslav,obchodní centrum;50.01786;15.19593
20260520_121212_L794;20260520_121212;20.05.2026;12:02:00;794;54;7919;10;U9395Z1;Kácov,nám.;49.70797;15.00923
20260520_121212_L400;20260520_121212;20.05.2026;11:59:00;400;58;1081;12;U31382Z2;Rumburk,žel.st.;50.86863;14.58753
20260520_121212_L634;20260520_121212;20.05.2026;11:57:00;634;19;9440;12;U2895Z2;Hostomice,nám.;49.8258;14.04488
20260520_121212_L526;20260520_121212;20.05.2026;11:17:00;526;30;9585;55;U9611Z2;Bzová;49.89722;13.86718
20260520_121212_L391;20260520_121212;20.05.2026;11:40:00;391;35;9169;29;U5242Z1;Úvaly,žel.st.;50.0742;14.72309
20260520_121212_L136;20260520_121212;20.05.2026;12:00:00;136;5;5543;12;U286Z5P;Jižní Město;50.0307;14.52983
20260520_121212_L136;20260520_121212;20.05.2026;12:02:00;136;6;5021;10;U424Z1P;Jižní Město;50.03346;14.49933
20260520_121212_L120;20260520_121212;20.05.2026;11:58:00;120;8;3920;14;U1127Z1P;Nádraží Radotín;50.02604;14.36839
20260520_121212_L691;20260520_121212;20.05.2026;11:57:00;691;40;7984;12;U3312Z1;Liběchov;50.38035;14.46505
20260520_121613_L640;20260520_121613;20.05.2026;11:22:00;640;15;9540;53;U9812Z2;Hostomice,nám.;49.82574;14.04254
20260520_121613_L691;20260520_121613;20.05.2026;12:02:00;691;40;7984;12;U3315Z1;Liběchov;50.40399;14.44924
20260520_121613_L136;20260520_121613;20.05.2026;12:04:00;136;6;5021;11;U106Z2P;Jižní Město;50.02751;14.50775
20260520_121613_L120;20260520_121613;20.05.2026;12:02:00;120;8;3920;14;U216Z1P;Nádraží Radotín;50.02029;14.3586
20260520_121613_L634;20260520_121613;20.05.2026;11:57:00;634;19;9440;16;U2895Z2;Hostomice,nám.;49.82586;14.04509
20260520_121613_L725;20260520_121613;20.05.2026;11:34:00;725;67;9760;40;U31718Z1;Markvartice,pošta;50.43302;15.18553
20260520_121613_L641;20260520_121613;20.05.2026;12:05:00;641;10;9547;10;U9855Z55;Hořovice,nemocnice;49.88209;13.92798
20260520_121613_L391;20260520_121613;20.05.2026;11:40:00;391;35;9169;33;U5242Z1;Úvaly,žel.st.;50.0742;14.72309
20260520_121613_L400;20260520_121613;20.05.2026;12:04:00;400;58;1081;11;U31384Z2;Rumburk,žel.st.;50.87932;14.60467
20260520_121613_L383;20260520_121613;20.05.2026;12:03:00;383;32;9174;12;U2008Z1;Chocerady;49.98757;14.74192
20260520_121613_L780;20260520_121613;20.05.2026;11:35:00;780;10;7607;41;U7320Z11;Čáslav,žel.st.;49.912;15.39693
20260520_121613_L705;20260520_121613;20.05.2026;12:02:00;705;39;8692;13;U6677Z1;Čáslav,obchodní centrum;50.00108;15.20557
20260520_121613_L322;20260520_121613;20.05.2026;11:57:00;322;14;8859;18;U4313Z8;Kladno,autobusové nádraží;50.14758;14.09941
20260520_121613_L300;20260520_121613;20.05.2026;12:01:00;300;22;8998;12;U85Z1;Praha,Nádraží Veleslavín;50.09576;14.34698
20260520_121613_L332;20260520_121613;20.05.2026;12:03:00;332;1;9111;10;U2127Z1;Neveklov;49.91814;14.50021
20260520_121613_L550;20260520_121613;20.05.2026;11:43:00;550;76;7803;32;U6757Z1;Vlašim,žel.st.;49.70268;14.89496
20260520_121613_L526;20260520_121613;20.05.2026;11:17:00;526;30;9585;59;U9611Z2;Bzová;49.89722;13.86718
20260520_121613_L825;20260520_121613;20.05.2026;12:03:00;825;43;9581;12;U9009Z1;Králův Dvůr,Popovice;49.93696;14.02807
20260520_122013_L805;20260520_122013;20.05.2026;12:08:00;805;15;7641;10;U7096Z1;Kolín,nádraží;49.84628;15.25288
20260520_122013_L400;20260520_122013;20.05.2026;12:08:00;400;58;1081;10;U31385Z2;Rumburk,žel.st.;50.90125;14.63115
20260520_122013_L383;20260520_122013;20.05.2026;12:06:00;383;32;9174;14;U2384Z2;Chocerady;49.97612;14.7348
20260520_122013_L526;20260520_122013;20.05.2026;11:17:00;526;30;9585;63;U9611Z2;Bzová;49.89722;13.86718
20260520_122013_L313;20260520_122013;20.05.2026;12:09:00;313;82;9754;10;U1637Z1;Mořina,u Pěchotů;49.97945;14.23345
20260520_122013_L332;20260520_122013;20.05.2026;12:10:00;332;1;9111;10;U5931Z1;Neveklov;49.90144;14.49429
20260520_122013_L391;20260520_122013;20.05.2026;11:40:00;391;35;9169;37;U5242Z1;Úvaly,žel.st.;50.0742;14.72309
20260520_122013_L641;20260520_122013;20.05.2026;12:05:00;641;10;9547;13;U9855Z55;Hořovice,nemocnice;49.86807;13.92694
20260520_122013_L641;20260520_122013;20.05.2026;12:07:00;641;17;9449;12;U9856Z1;Beroun,autobusové nádraží;49.87933;13.91998
20260520_122013_L136;20260520_122013;20.05.2026;12:10:00;136;6;5021;10;U286Z5P;Jižní Město;50.03071;14.52986
20260520_122013_L692;20260520_122013;20.05.2026;12:09:00;692;40;7984;10;U6059Z1;Kokořín,Truskavna;50.42024;14.46294
20260520_122013_L164;20260520_122013;20.05.2026;12:06:00;164;4;1958;12;U2608Z2P;Malovanka;50.08679;14.3714
20260520_122013_L640;20260520_122013;20.05.2026;11:22:00;640;15;9540;57;U9812Z2;Hostomice,nám.;49.82574;14.04254
20260520_122013_L120;20260520_122013;20.05.2026;12:06:00;120;8;3920;14;U120Z1P;Nádraží Radotín;50.01065;14.35683
20260520_122013_L634;20260520_122013;20.05.2026;11:57:00;634;19;9440;20;U2895Z2;Hostomice,nám.;49.82587;14.04508
20260520_122013_L705;20260520_122013;20.05.2026;12:08:00;705;39;8692;11;U6678Z1;Čáslav,obchodní centrum;49.98242;15.20098
20260520_122013_L780;20260520_122013;20.05.2026;11:35:00;780;10;7607;45;U7320Z11;Čáslav,žel.st.;49.912;15.39693
20260520_122013_L725;20260520_122013;20.05.2026;11:34:00;725;67;9760;44;U31718Z1;Markvartice,pošta;50.43302;15.18553
20260520_122413_L120;20260520_122413;20.05.2026;12:11:00;120;8;3920;13;U214Z1P;Nádraží Radotín;49.99813;14.34138
20260520_122413_L180;20260520_122413;20.05.2026;12:13:00;180;6;5120;10;U229Z2P;Dejvická;50.08662;14.37277
20260520_122413_L805;20260520_122413;20.05.2026;12:12:00;805;15;7641;10;U7311Z2;Kolín,nádraží;49.86692;15.24331
20260520_122413_L383;20260520_122413;20.05.2026;12:10:00;383;32;9174;13;U2384Z1;Chocerady;49.97408;14.73777
20260520_122413_L391;20260520_122413;20.05.2026;11:40:00;391;35;9169;41;U5242Z1;Úvaly,žel.st.;50.0742;14.72309
20260520_122413_L400;20260520_122413;20.05.2026;12:10:00;400;58;1081;13;U31386Z2;Rumburk,žel.st.;50.90503;14.62854
20260520_122413_L526;20260520_122413;20.05.2026;11:17:00;526;30;9585;67;U9611Z2;Bzová;49.89722;13.86718
20260520_122413_L634;20260520_122413;20.05.2026;11:57:00;634;19;9440;24;U2895Z2;Hostomice,nám.;49.82589;14.04504
20260520_122413_L640;20260520_122413;20.05.2026;11:22:00;640;15;9540;62;U9812Z2;Hostomice,nám.;49.82588;14.04459
20260520_122413_L641;20260520_122413;20.05.2026;12:07:00;641;17;9449;15;U9856Z1;Beroun,autobusové nádraží;49.88413;13.95711
20260520_122413_L641;20260520_122413;20.05.2026;12:10:00;641;10;9547;14;U9857Z2;Hořovice,nemocnice;49.85859;13.92294
20260520_122413_L705;20260520_122413;20.05.2026;12:11:00;705;39;8692;11;U6673Z2;Čáslav,obchodní centrum;49.9797;15.22832
20260520_122413_L780;20260520_122413;20.05.2026;11:35:00;780;10;7607;49;U7320Z11;Čáslav,žel.st.;49.912;15.39693
20260520_122413_L794;20260520_122413;20.05.2026;12:14:00;794;54;7919;10;U5752Z2;Kácov,nám.;49.75436;15.01515
20260520_122813_L641;20260520_122813;20.05.2026;12:07:00;641;17;9449;17;U9856Z1;Beroun,autobusové nádraží;49.87477;13.94991
20260520_122813_L634;20260520_122813;20.05.2026;11:57:00;634;19;9440;28;U2895Z2;Hostomice,nám.;49.82589;14.04501
20260520_122813_L180;20260520_122813;20.05.2026;12:15:00;180;6;5120;13;U182Z2P;Dejvická;50.08785;14.38185
20260520_122813_L120;20260520_122813;20.05.2026;12:15:00;120;8;3920;13;U608Z1P;Nádraží Radotín;49.98566;14.35709
20260520_122813_L136;20260520_122813;20.05.2026;12:18:00;136;10;5018;10;U516Z3P;Jižní Město;50.08243;14.45928
20260520_122813_L526;20260520_122813;20.05.2026;11:17:00;526;30;9585;69;U9611Z2;Bzová;49.89722;13.86718
20260520_122813_L760;20260520_122813;20.05.2026;12:17:00;760;8;8375;10;U31474Z1;Podbořany,aut.nádr.;50.22785;13.41493
20260520_122813_L705;20260520_122813;20.05.2026;12:16:00;705;39;8692;10;U6682Z1;Čáslav,obchodní centrum;49.96621;15.25134
20260520_122813_L641;20260520_122813;20.05.2026;12:14:00;641;10;9547;14;U9779Z3;Hořovice,nemocnice;49.84336;13.90399
20260520_122813_L360;20260520_122813;20.05.2026;12:18:00;360;7;7228;10;U2555Z1;Praha,Smíchovské nádraží;49.76989;14.35253
20260520_122813_L391;20260520_122813;20.05.2026;11:40:00;391;35;9169;43;U5242Z1;Úvaly,žel.st.;50.0742;14.72309
20260520_122813_L400;20260520_122813;20.05.2026;12:15:00;400;58;1081;13;U31388Z3;Rumburk,žel.st.;50.91258;14.61902
20260520_122813_L383;20260520_122813;20.05.2026;12:13:00;383;32;9174;13;U2037Z1;Chocerady;49.95839;14.74908
20260520_122813_L400;20260520_122813;20.05.2026;12:14:00;400;53;1089;11;U6078Z2;Praha,Střížkov;50.47099;14.47239
20260520_122813_L383;20260520_122813;20.05.2026;12:16:00;383;31;9138;10;U2006Z2;Praha,Háje;49.9918;14.6922
20260520_122813_L805;20260520_122813;20.05.2026;12:16:00;805;15;7641;10;U9432Z2;Kolín,nádraží;49.88389;15.24487
20260520_122813_L780;20260520_122813;20.05.2026;11:35:00;780;10;7607;52;U7320Z11;Čáslav,žel.st.;49.91221;15.39719
20260520_123214_L369;20260520_123214;20.05.2026;12:22:00;369;32;8275;10;U1797Z1;Mělník,Mlazice;50.37114;14.46597
20260520_123214_L136;20260520_123214;20.05.2026;12:20:00;136;11;6798;10;U1074Z4P;Jižní Město;50.09212;14.46926
20260520_123214_L391;20260520_123214;20.05.2026;11:40:00;391;35;9169;47;U5242Z1;Úvaly,žel.st.;50.0742;14.72309
20260520_123214_L400;20260520_123214;20.05.2026;12:20:00;400;58;1081;12;U31389Z2;Rumburk,žel.st.;50.90958;14.56965
20260520_123214_L116;20260520_123214;20.05.2026;12:19:00;116;1;2083;10;U199Z3P;Bořislavka;50.10022;14.36301
20260520_123214_L400;20260520_123214;20.05.2026;12:21:00;400;6;11628;10;U32150Z1;Varnsdorf,aut.nádr.;50.71468;14.54512
20260520_123214_L204;20260520_123214;20.05.2026;12:20:00;204;70;9033;11;U1069Z4P;Sídliště Petrovice;50.04928;14.5608
20260520_123214_L180;20260520_123214;20.05.2026;12:17:00;180;6;5120;14;U867Z1P;Dejvická;50.09467;14.39379
20260520_123214_L526;20260520_123214;20.05.2026;11:17:00;526;30;9585;75;U9611Z2;Bzová;49.89722;13.86718
20260520_123214_L641;20260520_123214;20.05.2026;12:17:00;641;10;9547;14;U9617Z2;Hořovice,nemocnice;49.83374;13.90235
20260520_123214_L760;20260520_123214;20.05.2026;12:20:00;760;8;8375;10;U31987Z1;Podbořany,aut.nádr.;50.22272;13.40841
20260520_123214_L383;20260520_123214;20.05.2026;12:18:00;383;32;9174;13;U2040Z1;Chocerady;49.93487;14.75936
20260520_123214_L337;20260520_123214;20.05.2026;12:21:00;337;15;9364;10;U1522Z2;Praha,Budějovická;49.98882;14.49191
20260520_123214_L339;20260520_123214;20.05.2026;12:21:00;339;32;9136;10;U488Z6;Kamenice,Kult.dům;50.02796;14.45716
20260520_123214_L360;20260520_123214;20.05.2026;12:20:00;360;7;7228;11;U2534Z4;Praha,Smíchovské nádraží;49.78532;14.35368
20260520_123214_L136;20260520_123214;20.05.2026;12:20:00;136;10;5018;12;U118Z4P;Jižní Město;50.07878;14.46067
20260520_123214_L383;20260520_123214;20.05.2026;12:20:00;383;31;9138;12;U1882Z2;Praha,Háje;49.99621;14.67765
20260520_123214_L544;20260520_123214;20.05.2026;12:22:00;544;22;9067;10;U9830Z1;Komárov,Buzuluk;49.8058;13.85754
20260520_123214_L780;20260520_123214;20.05.2026;11:35:00;780;10;7607;56;U7320Z11;Čáslav,žel.st.;49.91221;15.39719
20260520_123614_L391;20260520_123614;20.05.2026;11:40:00;391;35;9169;51;U5242Z1;Úvaly,žel.st.;50.0742;14.72309
20260520_123614_L526;20260520_123614;20.05.2026;11:17:00;526;30;9585;79;U9611Z2;Bzová;49.89722;13.86718
20260520_123614_L136;20260520_123614;20.05.2026;12:25:00;136;11;6798;11;U2787Z2P;Jižní Město;50.08776;14.4566
20260520_123614_L350;20260520_123614;20.05.2026;12:25:00;350;55;8821;10;U2833Z1;Kladno,OAZA;50.15665;14.28036
20260520_123614_L136;20260520_123614;20.05.2026;12:24:00;136;10;5018;12;U855Z1P;Jižní Město;50.0745;14.46388
20260520_123614_L360;20260520_123614;20.05.2026;12:25:00;360;7;7228;10;U2528Z2;Praha,Smíchovské nádraží;49.80231;14.36737
20260520_123614_L705;20260520_123614;20.05.2026;12:25:00;705;39;8692;10;U2480Z7;Čáslav,obchodní centrum;49.95544;15.27383
20260520_123614_L400;20260520_123614;20.05.2026;12:20:00;400;58;1081;13;U31389Z2;Rumburk,žel.st.;50.93807;14.55887
20260520_123614_L383;20260520_123614;20.05.2026;12:21:00;383;32;9174;14;U2041Z1;Chocerady;49.92987;14.77123
20260520_123614_L383;20260520_123614;20.05.2026;12:22:00;383;31;9138;13;U1878Z2;Praha,Háje;50.00147;14.66315
20260520_123614_L706;20260520_123614;20.05.2026;12:26:00;706;62;1605;10;U9980Z1;Žiželice,nám.;49.98702;15.15292
20260520_123614_L467;20260520_123614;20.05.2026;12:26:00;467;53;9824;10;U3326Z4;Roudnice n.L.,ČSAD;50.33927;14.51215
20260520_123614_L117;20260520_123614;20.05.2026;12:26:00;117;6;1917;10;U722Z2P;Nové Komořany;50.02669;14.44612
20260520_123614_L204;20260520_123614;20.05.2026;12:24:00;204;70;9033;11;U732Z1P;Sídliště Petrovice;50.04274;14.55357
20260520_123614_L337;20260520_123614;20.05.2026;12:26:00;337;15;9364;10;U423Z2;Praha,Budějovická;50.00744;14.47968
20260520_123614_L315;20260520_123614;20.05.2026;12:23:00;315;7;8669;12;U3393Z2;Praha,Černý Most;50.43087;14.92278
20260520_123614_L705;20260520_123614;20.05.2026;12:23:00;705;43;8687;11;U5896Z1;Kutná Hora,Karlov,Na Rovinách;50.0251;15.20006
20260520_123614_L180;20260520_123614;20.05.2026;12:25:00;180;7;6939;10;U229Z2P;Dejvická;50.08729;14.37792
20260520_123614_L544;20260520_123614;20.05.2026;12:22:00;544;22;9067;13;U9830Z1;Komárov,Buzuluk;49.8064;13.85824
20260520_123614_L120;20260520_123614;20.05.2026;12:24:00;120;8;3920;12;U608Z2P;Na Knížecí;49.98606;14.35721
20260520_123614_L780;20260520_123614;20.05.2026;11:35:00;780;10;7607;60;U7320Z11;Čáslav,žel.st.;49.91221;15.39719
20260520_124015_L467;20260520_124015;20.05.2026;12:30:00;467;15;8116;10;U9166Z2;Mladá Boleslav,aut.st.;50.31155;14.6076
20260520_124015_L383;20260520_124015;20.05.2026;12:25:00;383;31;9138;14;U1885Z2;Praha,Háje;50.0046;14.65762
20260520_124015_L136;20260520_124015;20.05.2026;12:29:00;136;10;5018;11;U680Z3P;Jižní Město;50.06885;14.46903
20260520_124015_L149;20260520_124015;20.05.2026;12:30:00;149;7;3708;10;U321Z4P;Dejvická;50.09938;14.39561
20260520_124015_L180;20260520_124015;20.05.2026;12:29:00;180;7;6939;10;U867Z1P;Dejvická;50.09401;14.3901
20260520_124015_L337;20260520_124015;20.05.2026;12:27:00;337;15;9364;10;U799Z3;Praha,Budějovická;50.02104;14.46313
20260520_124015_L339;20260520_124015;20.05.2026;12:28:00;339;32;9136;11;U423Z1;Kamenice,Kult.dům;50.00111;14.48321
20260520_124015_L350;20260520_124015;20.05.2026;12:28:00;350;55;8821;10;U1320Z12;Kladno,OAZA;50.15942;14.2693
20260520_124015_L356;20260520_124015;20.05.2026;12:28:00;356;31;8824;11;U199Z3;Praha,Bořislavka;50.10562;14.35392
20260520_124015_L360;20260520_124015;20.05.2026;12:29:00;360;7;7228;10;U2515Z4;Praha,Smíchovské nádraží;49.82313;14.38763
20260520_124015_L499;20260520_124015;20.05.2026;12:30:00;499;13;8690;10;U3047Z2;Nymburk,hl.nádr.;50.27473;15.01309
20260520_124015_L526;20260520_124015;20.05.2026;11:17:00;526;30;9585;83;U9611Z2;Bzová;49.89722;13.86718
20260520_124015_L705;20260520_124015;20.05.2026;12:28:00;705;43;8687;11;U9983Z2;Kutná Hora,Karlov,Na Rovinách;50.01803;15.196
20260520_124015_L400;20260520_124015;20.05.2026;12:25:00;400;58;1081;13;U31390Z2;Rumburk,žel.st.;50.94918;14.55702
20260520_124015_L400;20260520_124015;20.05.2026;12:29:00;400;56;1088;10;U31359Z2;Praha,Střížkov;50.74902;14.55001
20260520_124015_L474;20260520_124015;20.05.2026;12:30:00;474;43;8087;10;U3341Z1;Dobřeň,Střezivojice;50.34968;14.49364
20260520_124015_L467;20260520_124015;20.05.2026;12:27:00;467;53;9824;10;U3328Z2;Roudnice n.L.,ČSAD;50.34952;14.48871
20260520_124015_L136;20260520_124015;20.05.2026;12:28:00;136;11;6798;11;U516Z3P;Jižní Město;50.08004;14.46006
20260520_124015_L391;20260520_124015;20.05.2026;11:40:00;391;35;9169;55;U5242Z1;Úvaly,žel.st.;50.0742;14.72309
20260520_124015_L120;20260520_124015;20.05.2026;12:27:00;120;8;3920;12;U214Z2P;Na Knížecí;49.99802;14.34161
20260520_124015_L780;20260520_124015;20.05.2026;11:35:00;780;10;7607;64;U7320Z11;Čáslav,žel.st.;49.91221;15.39719
20260520_124415_L136;20260520_124415;20.05.2026;12:33:00;136;12;5022;10;U512Z5P;Jižní Město;50.09031;14.46645
20260520_124415_L391;20260520_124415;20.05.2026;11:40:00;391;35;9169;61;U5242Z1;Úvaly,žel.st.;50.0742;14.72309
20260520_124415_L120;20260520_124415;20.05.2026;12:32:00;120;8;3920;12;U120Z2P;Na Knížecí;50.01045;14.35693
20260520_124415_L381;20260520_124415;20.05.2026;12:33:00;381;2;9373;10;U2010Z1;Čáslav,obchodní centrum;49.98745;14.7809
20260520_124415_L136;20260520_124415;20.05.2026;12:30:00;136;11;6798;13;U118Z4P;Jižní Město;50.07833;14.45916
20260520_124415_L136;20260520_124415;20.05.2026;12:33:00;136;10;5018;11;U183Z3P;Jižní Město;50.05672;14.47127
20260520_124415_L801;20260520_124415;20.05.2026;12:33:00;801;3;1823;11;U2481Z2;Kutná Hora,Žižkov,poliklinika;49.95119;15.27373
20260520_124415_L705;20260520_124415;20.05.2026;12:32:00;705;43;8687;11;U6677Z1;Kutná Hora,Karlov,Na Rovinách;50.00079;15.20559
20260520_124415_L337;20260520_124415;20.05.2026;12:30:00;337;15;9364;12;U908Z2;Praha,Budějovická;50.02901;14.45576
20260520_124415_L339;20260520_124415;20.05.2026;12:30:00;339;32;9136;12;U4861Z1;Kamenice,Kult.dům;49.98923;14.49155
20260520_124415_L383;20260520_124415;20.05.2026;12:31:00;383;32;9174;12;U7142Z1;Chocerady;49.90538;14.78106
20260520_124415_L861;20260520_124415;20.05.2026;12:32:00;861;87;9063;12;U4971Z2;Beroun,autobusové nádraží;49.95732;14.05772
20260520_124415_L474;20260520_124415;20.05.2026;12:33:00;474;43;8087;10;U3343Z1;Dobřeň,Střezivojice;50.3574;14.49314
20260520_124415_L383;20260520_124415;20.05.2026;12:25:00;383;31;9138;16;U1885Z2;Praha,Háje;50.01844;14.63272
20260520_124415_L526;20260520_124415;20.05.2026;11:17:00;526;30;9585;87;U9611Z2;Bzová;49.89722;13.86718
20260520_124415_L320;20260520_124415;20.05.2026;12:30:00;320;55;7907;13;U1709Z2;Praha,Smíchovské nádraží;49.86662;14.25955
20260520_124415_L780;20260520_124415;20.05.2026;11:35:00;780;10;7607;69;U7320Z11;Čáslav,žel.st.;49.91221;15.39719
20260520_124815_L337;20260520_124815;20.05.2026;12:32:00;337;15;9364;13;U488Z7;Praha,Budějovická;50.04259;14.45933
20260520_124815_L400;20260520_124815;20.05.2026;12:38:00;400;56;1088;10;U31355Z2;Praha,Střížkov;50.69471;14.54132
20260520_124815_L383;20260520_124815;20.05.2026;12:34:00;383;32;9174;13;U2089Z1;Chocerady;49.89326;14.7915
20260520_124815_L467;20260520_124815;20.05.2026;12:37:00;467;53;9824;10;U1795Z1;Roudnice n.L.,ČSAD;50.35935;14.47136
20260520_124815_L474;20260520_124815;20.05.2026;12:38:00;474;43;8087;10;U3346Z1;Dobřeň,Střezivojice;50.37149;14.49817
20260520_124815_L401;20260520_124815;20.05.2026;12:37:00;401;59;7771;11;U31450Z1;Jindřichův Hradec,aut.nádr.;49.37669;14.69963
20260520_124815_L586;20260520_124815;20.05.2026;12:37:00;586;27;7684;10;U4606Z51;Nové Strašecí,Palackého;50.22289;14.04061
20260520_124815_L706;20260520_124815;20.05.2026;12:38:00;706;62;1605;10;U4998Z1;Žiželice,nám.;50.02537;15.2003
20260520_124815_L801;20260520_124815;20.05.2026;12:38:00;801;3;1823;10;U7344Z1;Kutná Hora,Žižkov,poliklinika;49.94983;15.26537
20260520_124815_L641;20260520_124815;20.05.2026;12:32:00;641;17;9449;16;U4979Z1;Beroun,autobusové nádraží;49.93942;14.02205
20260520_124815_L339;20260520_124815;20.05.2026;12:34:00;339;32;9136;12;U1331Z1;Kamenice,Kult.dům;49.97097;14.5061
20260520_124815_L679;20260520_124815;20.05.2026;12:37:00;679;31;8545;11;U2577Z2;Poděbrady,žel.st.;50.13369;15.10203
20260520_124815_L705;20260520_124815;20.05.2026;12:35:00;705;43;8687;10;U9413Z1;Kutná Hora,Karlov,Na Rovinách;49.98506;15.19714
20260520_124815_L136;20260520_124815;20.05.2026;12:36:00;136;12;5022;10;U743Z2P;Jižní Město;50.08609;14.45555
20260520_124815_L385;20260520_124815;20.05.2026;12:37:00;385;19;1584;10;U2142Z12;Říčany,Olivovna;49.99536;14.66601
20260520_124815_L526;20260520_124815;20.05.2026;11:17:00;526;30;9585;91;U9611Z2;Bzová;49.89722;13.86718
20260520_124815_L391;20260520_124815;20.05.2026;11:40:00;391;35;9169;63;U5242Z1;Úvaly,žel.st.;50.07426;14.72298
20260520_124815_L402;20260520_124815;20.05.2026;12:38:00;402;23;7928;10;U7317Z1;Praha,Roztyly;49.72404;15.05585
20260520_124815_L120;20260520_124815;20.05.2026;12:37:00;120;8;3920;11;U517Z1P;Na Knížecí;50.02147;14.36307
20260520_124815_L320;20260520_124815;20.05.2026;12:30:00;320;55;7907;18;U1709Z2;Praha,Smíchovské nádraží;49.86643;14.26183
20260520_124815_L136;20260520_124815;20.05.2026;12:36:00;136;10;5018;12;U697Z3P;Jižní Město;50.04821;14.48138
20260520_124815_L136;20260520_124815;20.05.2026;12:34:00;136;11;6798;12;U855Z1P;Jižní Město;50.07423;14.46746
20260520_124815_L780;20260520_124815;20.05.2026;11:35:00;780;10;7607;73;U7320Z11;Čáslav,žel.st.;49.91221;15.39719
20260520_125215_L474;20260520_125215;20.05.2026;12:41:00;474;43;8087;11;U3349Z1;Dobřeň,Střezivojice;50.37249;14.5125
20260520_125215_L780;20260520_125215;20.05.2026;11:35:00;780;10;7607;77;U7320Z11;Čáslav,žel.st.;49.91221;15.39719
20260520_125215_L467;20260520_125215;20.05.2026;12:37:00;467;53;9824;14;U1795Z1;Roudnice n.L.,ČSAD;50.36186;14.46908
20260520_125215_L679;20260520_125215;20.05.2026;12:41:00;679;31;8545;11;U3159Z1;Poděbrady,žel.st.;50.14265;15.10245
20260520_125215_L705;20260520_125215;20.05.2026;12:41:00;705;43;8687;10;U6673Z2;Kutná Hora,Karlov,Na Rovinách;49.97915;15.21228
20260520_125215_L385;20260520_125215;20.05.2026;12:41:00;385;19;1584;11;U1882Z1;Říčany,Olivovna;49.99623;14.67755
20260520_125215_L400;20260520_125215;20.05.2026;12:41:00;400;56;1088;10;U32490Z1;Praha,Střížkov;50.6794;14.53675
20260520_125215_L339;20260520_125215;20.05.2026;12:38:00;339;32;9136;13;U1330Z1;Kamenice,Kult.dům;49.96537;14.51795
20260520_125215_L448;20260520_125215;20.05.2026;12:39:00;448;61;1129;10;U2570Z2;Lety,K Libří;49.92464;14.24185
20260520_125215_L641;20260520_125215;20.05.2026;12:37:00;641;17;9449;15;U1748Z2;Beroun,autobusové nádraží;49.94939;14.03996
20260520_125215_L586;20260520_125215;20.05.2026;12:42:00;586;27;7684;10;U9263Z2;Nové Strašecí,Palackého;50.21599;14.00534
20260520_125215_L706;20260520_125215;20.05.2026;12:40:00;706;62;1605;12;U5896Z2;Žiželice,nám.;50.02233;15.20638
20260520_125215_L136;20260520_125215;20.05.2026;12:40:00;136;12;5022;12;U118Z4P;Jižní Město;50.07812;14.46092
20260520_125215_L120;20260520_125215;20.05.2026;12:41:00;120;8;3920;11;U1125Z2P;Na Knížecí;50.03274;14.3731
20260520_125215_L136;20260520_125215;20.05.2026;12:40:00;136;1;5536;12;U678Z1P;Sídliště Čakovice;50.10026;14.48688
20260520_125215_L108;20260520_125215;20.05.2026;12:41:00;108;2;2075;11;U3218Z2P;Dejvická;50.10316;14.3906
20260520_125215_L136;20260520_125215;20.05.2026;12:40:00;136;10;5018;12;U181Z1P;Jižní Město;50.03947;14.49057
20260520_125215_L136;20260520_125215;20.05.2026;12:41:00;136;11;6798;11;U37Z1P;Jižní Město;50.06112;14.46945
20260520_125616_L448;20260520_125616;20.05.2026;12:39:00;448;61;1129;14;U2570Z2;Lety,K Libří;49.92464;14.24185
20260520_125616_L136;20260520_125616;20.05.2026;12:40:00;136;1;5536;15;U678Z1P;Sídliště Čakovice;50.10025;14.48687
20260520_125616_L136;20260520_125616;20.05.2026;12:44:00;136;12;5022;10;U855Z1P;Jižní Město;50.07417;14.46729
20260520_125616_L136;20260520_125616;20.05.2026;12:46:00;136;2;6735;10;U512Z4P;Sídliště Čakovice;50.09154;14.46875
20260520_125616_L706;20260520_125616;20.05.2026;12:43:00;706;62;1605;12;U2816Z6;Žiželice,nám.;50.02464;15.21396
20260520_125616_L120;20260520_125616;20.05.2026;12:45:00;120;8;3920;11;U1191Z2P;Na Knížecí;50.03665;14.38293
20260520_125616_L780;20260520_125616;20.05.2026;11:35:00;780;10;7607;81;U7320Z11;Čáslav,žel.st.;49.91221;15.39719
20260520_125616_L474;20260520_125616;20.05.2026;12:43:00;474;43;8087;11;U3349Z2;Dobřeň,Střezivojice;50.38016;14.5197
20260520_125616_L563;20260520_125616;20.05.2026;12:43:00;563;66;8383;12;U6322Z1;Rakovník,aut.st.;50.18648;13.62775
20260520_125616_L641;20260520_125616;20.05.2026;12:41:00;641;17;9449;15;U4971Z2;Beroun,autobusové nádraží;49.95734;14.05771
20260520_125616_L401;20260520_125616;20.05.2026;12:44:00;401;59;7771;12;U31441Z1;Jindřichův Hradec,aut.nádr.;49.35094;14.70506
20260520_125616_L380;20260520_125616;20.05.2026;12:46:00;380;4;9978;10;U1745Z2;Praha,Vypich;49.96593;14.07347
20260520_125616_L705;20260520_125616;20.05.2026;12:44:00;705;43;8687;11;U6681Z1;Kutná Hora,Karlov,Na Rovinách;49.97863;15.23442
20260520_125616_L477;20260520_125616;20.05.2026;12:46:00;477;37;1496;10;U1946Z1;Brandýs n.L.-St.Bol.,Nádr.;50.19066;14.6567
20260520_125616_L679;20260520_125616;20.05.2026;12:45:00;679;31;8545;11;U2578Z1;Poděbrady,žel.st.;50.14256;15.12201
20260520_125616_L339;20260520_125616;20.05.2026;12:43:00;339;32;9136;13;U1532Z1;Kamenice,Kult.dům;49.94658;14.54297
20260520_125616_L136;20260520_125616;20.05.2026;12:46:00;136;11;6798;10;U697Z3P;Jižní Město;50.04828;14.48137
20260520_125616_L136;20260520_125616;20.05.2026;12:44:00;136;10;5018;12;U106Z2P;Jižní Město;50.02754;14.50774
20260520_125616_L108;20260520_125616;20.05.2026;12:44:00;108;2;2075;11;U906Z2P;Dejvická;50.10504;14.39741
20260520_130016_L136;20260520_130016;20.05.2026;12:40:00;136;1;5536;16;U678Z1P;Sídliště Čakovice;50.10048;14.48875
20260520_130016_L136;20260520_130016;20.05.2026;12:49:00;136;12;5022;10;U680Z3P;Jižní Město;50.06836;14.46924
20260520_130016_L108;20260520_130016;20.05.2026;12:48:00;108;2;2075;12;U646Z2P;Dejvická;50.10439;14.40586
20260520_130016_L136;20260520_130016;20.05.2026;12:50:00;136;13;5033;10;U118Z4P;Jižní Město;50.0781;14.46074
20260520_130016_L120;20260520_130016;20.05.2026;12:49:00;120;8;3920;11;U904Z2P;Na Knížecí;50.03963;14.39717
20260520_130016_L474;20260520_130016;20.05.2026;12:48:00;474;43;8087;11;U9196Z1;Dobřeň,Střezivojice;50.40658;14.52026
20260520_130016_L586;20260520_130016;20.05.2026;12:46:00;586;27;7684;10;U9247Z2;Nové Strašecí,Palackého;50.19797;13.97087
20260520_130016_L136;20260520_130016;20.05.2026;12:48:00;136;10;5018;12;U353Z1P;Jižní Město;50.02623;14.5215
20260520_130016_L780;20260520_130016;20.05.2026;11:35:00;780;10;7607;85;U7320Z11;Čáslav,žel.st.;49.91221;15.39719
20260520_130016_L380;20260520_130016;20.05.2026;12:48:00;380;4;9978;10;U4273Z1;Praha,Vypich;49.97486;14.10034
20260520_130016_L369;20260520_130016;20.05.2026;12:49:00;369;35;8282;10;U1795Z1;Štětí,záv.;50.35889;14.47225
20260520_130016_L705;20260520_130016;20.05.2026;12:46:00;705;43;8687;11;U6682Z1;Kutná Hora,Karlov,Na Rovinách;49.9615;15.25546
20260520_130016_L467;20260520_130016;20.05.2026;12:46:00;467;53;9824;14;U4441Z1;Roudnice n.L.,ČSAD;50.37195;14.39819
20260520_130016_L448;20260520_130016;20.05.2026;12:39:00;448;61;1129;19;U2570Z2;Lety,K Libří;49.92455;14.2398
20260520_130016_L224;20260520_130016;20.05.2026;12:50:00;224;77;9015;10;U6005Z1P;Ve Žlíbku;50.11283;14.61871
20260520_130016_L339;20260520_130016;20.05.2026;12:45:00;339;32;9136;14;U1534Z1;Kamenice,Kult.dům;49.93017;14.56432
20260520_130016_L401;20260520_130016;20.05.2026;12:48:00;401;59;7771;12;U31442Z1;Jindřichův Hradec,aut.nádr.;49.30176;14.72074
20260520_130016_L491;20260520_130016;20.05.2026;12:50:00;491;9;8575;10;U2273Z2;Český Brod,žel.st.;50.05943;14.82461
20260520_130016_L706;20260520_130016;20.05.2026;12:43:00;706;62;1605;13;U2816Z6;Žiželice,nám.;50.03158;15.20745
20260520_130016_L821;20260520_130016;20.05.2026;12:47:00;821;52;1615;10;U2301Z4;Sázava,aut.st.;49.99079;14.98785
20260520_130416_L120;20260520_130416;20.05.2026;12:52:00;120;8;3920;11;U914Z1P;Na Knížecí;50.04671;14.40816
20260520_130416_L136;20260520_130416;20.05.2026;12:54:00;136;13;5033;10;U855Z1P;Jižní Město;50.07446;14.4639
20260520_130416_L640;20260520_130416;20.05.2026;12:51:00;640;27;9406;11;U9810Z1;Hostomice,nám.;49.82582;14.04517
20260520_130416_L136;20260520_130416;20.05.2026;12:53:00;136;12;5022;11;U183Z3P;Jižní Město;50.05607;14.47157
20260520_130416_L705;20260520_130416;20.05.2026;12:50:00;705;43;8687;13;U5861Z1;Kutná Hora,Karlov,Na Rovinách;49.9526;15.26201
20260520_130416_L478;20260520_130416;20.05.2026;12:52:00;478;17;8118;10;U1924Z2;Kostelec n.L.,Nám.;50.18548;14.66344
20260520_130416_L369;20260520_130416;20.05.2026;12:54:00;369;35;8282;10;U1798Z1;Štětí,záv.;50.3742;14.46676
20260520_130416_L372;20260520_130416;20.05.2026;12:54:00;372;2;8051;10;U1779Z2;Kralupy n.Vlt.,žel.st.;50.29616;14.39533
20260520_130416_L401;20260520_130416;20.05.2026;12:51:00;401;59;7771;12;U31443Z1;Jindřichův Hradec,aut.nádr.;49.27271;14.71514
20260520_130416_L474;20260520_130416;20.05.2026;12:53:00;474;43;8087;11;U9194Z1;Dobřeň,Střezivojice;50.41623;14.54577
20260520_130416_L743;20260520_130416;20.05.2026;12:51:00;743;24;7605;10;U7316Z1;Petrovice I;49.90705;15.35715
20260520_130416_L780;20260520_130416;20.05.2026;11:35:00;780;10;7607;89;U7320Z11;Čáslav,žel.st.;49.91221;15.39719
20260520_130416_L339;20260520_130416;20.05.2026;12:49:00;339;32;9136;14;U1536Z1;Kamenice,Kult.dům;49.91248;14.58281
20260520_130416_L491;20260520_130416;20.05.2026;12:53:00;491;9;8575;10;U1417Z2;Český Brod,žel.st.;50.07128;14.85483
20260520_130416_L706;20260520_130416;20.05.2026;12:50:00;706;62;1605;14;U6610Z1;Žiželice,nám.;50.04117;15.21361
20260520_130817_L311;20260520_130817;20.05.2026;12:56:00;311;77;9583;10;U1852Z51;Řevnice,nádraží;49.93012;14.27467
20260520_130817_L136;20260520_130817;20.05.2026;12:57:00;136;12;5022;11;U322Z3P;Jižní Město;50.04552;14.48478
20260520_130817_L640;20260520_130817;20.05.2026;12:51:00;640;27;9406;15;U9810Z1;Hostomice,nám.;49.82583;14.04517
20260520_130817_L120;20260520_130817;20.05.2026;12:55:00;120;8;3920;12;U817Z2P;Na Knížecí;50.06168;14.40579
20260520_130817_L369;20260520_130817;20.05.2026;12:58:00;369;35;8282;10;U3314Z1;Štětí,záv.;50.39233;14.46293
20260520_130817_L372;20260520_130817;20.05.2026;12:56:00;372;2;8051;12;U1778Z2;Kralupy n.Vlt.,žel.st.;50.2965;14.37616
20260520_130817_L367;20260520_130817;20.05.2026;12:58:00;367;1;8292;10;U1827Z1;Brandýs n.L.-St.Bol.,Aut.st.;50.18564;14.6602
20260520_130817_L481;20260520_130817;20.05.2026;12:57:00;481;93;7635;11;U1476Z2;Uhlířské Janovice,nám.;49.94766;15.23823
20260520_130817_L743;20260520_130817;20.05.2026;12:56:00;743;24;7605;10;U7298Z1;Petrovice I;49.90098;15.34254
20260520_130817_L780;20260520_130817;20.05.2026;11:35:00;780;10;7607;93;U7320Z11;Čáslav,žel.st.;49.91221;15.39719
20260520_130817_L706;20260520_130817;20.05.2026;12:55:00;706;62;1605;13;U6612Z1;Žiželice,nám.;50.06017;15.23215
20260520_130817_L384;20260520_130817;20.05.2026;12:57:00;384;17;9866;10;U9612Z2;Hořovice,nám.B.Němcové;49.86226;13.89366
20260520_130817_L401;20260520_130817;20.05.2026;12:54:00;401;59;7771;14;U31444Z1;Jindřichův Hradec,aut.nádr.;49.25542;14.71755
20260520_130817_L480;20260520_130817;20.05.2026;12:57:00;480;30;7504;11;U7698Z2;Příbram,aut.nádr.;49.6504;14.0238
20260520_130817_L705;20260520_130817;20.05.2026;12:55:00;705;43;8687;13;U2480Z7;Kutná Hora,Karlov,Na Rovinách;49.95413;15.27187
20260520_130817_L705;20260520_130817;20.05.2026;12:58:00;705;41;8691;10;U9983Z2;Čáslav,obchodní centrum;50.01902;15.19661
20260520_130817_L478;20260520_130817;20.05.2026;12:57:00;478;17;8118;11;U2457Z1;Kostelec n.L.,Nám.;50.17643;14.66918
20260520_130817_L467;20260520_130817;20.05.2026;12:57:00;467;15;8116;10;U9296Z1;Mladá Boleslav,aut.st.;50.37161;14.85837
20260520_130817_L474;20260520_130817;20.05.2026;12:57:00;474;43;8087;10;U9192Z1;Dobřeň,Střezivojice;50.43071;14.56758
20260520_131217_L136;20260520_131217;20.05.2026;13:02:00;136;12;5022;10;U424Z1P;Jižní Město;50.03307;14.50022
20260520_131217_L743;20260520_131217;20.05.2026;13:00:00;743;24;7605;10;U7299Z1;Petrovice I;49.89691;15.3381
20260520_131217_L578;20260520_131217;20.05.2026;13:01:00;578;72;8377;10;U3278Z2;Rakovník,aut.st.;50.0371;13.87069
20260520_131217_L367;20260520_131217;20.05.2026;13:01:00;367;1;8292;11;U1828Z1;Brandýs n.L.-St.Bol.,Aut.st.;50.19541;14.6745
20260520_131217_L369;20260520_131217;20.05.2026;13:02:00;369;35;8282;10;U3316Z1;Štětí,záv.;50.40898;14.44651
20260520_131217_L369;20260520_131217;20.05.2026;13:01:00;369;47;8269;10;U1958Z2;Praha,Ládví;50.20635;14.49875
20260520_131217_L372;20260520_131217;20.05.2026;13:00:00;372;2;8051;12;U1776Z1;Kralupy n.Vlt.,žel.st.;50.27818;14.36521
20260520_131217_L480;20260520_131217;20.05.2026;12:57:00;480;30;7504;14;U7698Z2;Příbram,aut.nádr.;49.65543;14.02128
20260520_131217_L705;20260520_131217;20.05.2026;12:58:00;705;43;8687;14;U2482Z2;Kutná Hora,Karlov,Na Rovinách;49.95701;15.28024
20260520_131217_L540;20260520_131217;20.05.2026;13:00:00;540;15;7594;10;U6709Z1;Záhornice,U Tylů;50.24743;15.28581
20260520_131217_L481;20260520_131217;20.05.2026;13:00:00;481;93;7635;10;U1475Z2;Uhlířské Janovice,nám.;49.94017;15.19778
20260520_131217_L780;20260520_131217;20.05.2026;11:35:00;780;10;7607;97;U7320Z11;Čáslav,žel.st.;49.91221;15.39719
20260520_131217_L706;20260520_131217;20.05.2026;12:57:00;706;62;1605;12;U6613Z1;Žiželice,nám.;50.07994;15.253
20260520_131217_L402;20260520_131217;20.05.2026;13:00:00;402;23;7928;10;U7318Z2;Praha,Roztyly;49.84003;14.82296
20260520_131217_L406;20260520_131217;20.05.2026;13:00:00;406;19;7848;10;U9391Z2;Benešov,Terminál;49.69886;14.90453
20260520_131217_L384;20260520_131217;20.05.2026;13:00:00;384;17;9866;11;U9614Z2;Hořovice,nám.B.Němcové;49.84843;13.88437
20260520_131217_L332;20260520_131217;20.05.2026;13:01:00;332;19;9955;11;U1330Z2;Praha,Budějovická;49.9684;14.51269
20260520_131217_L311;20260520_131217;20.05.2026;12:59:00;311;77;9583;13;U9217Z2;Řevnice,nádraží;49.924;14.26035
20260520_131217_L136;20260520_131217;20.05.2026;13:00:00;136;33;5515;10;U1074Z4P;Jižní Město;50.09186;14.46899
20260520_131617_L586;20260520_131617;20.05.2026;13:06:00;586;27;7684;10;U9312Z1;Nové Strašecí,Palackého;50.1568;13.89823
20260520_131617_L177;20260520_131617;20.05.2026;13:06:00;177;14;5535;10;U694Z4P;Poliklinika Mazurská;50.09224;14.4977
20260520_131617_L384;20260520_131617;20.05.2026;13:05:00;384;17;9866;11;U9616Z5;Hořovice,nám.B.Němcové;49.83808;13.8971
20260520_131617_L593;20260520_131617;20.05.2026;13:03:00;593;9;7303;13;U4830Z1;Slaný,aut.nádr.;50.28162;14.23535
20260520_131617_L369;20260520_131617;20.05.2026;13:04:00;369;47;8269;10;U1308Z2;Praha,Ládví;50.19366;14.49315
20260520_131617_L136;20260520_131617;20.05.2026;13:03:00;136;33;5515;13;U512Z5P;Jižní Město;50.0901;14.46649
20260520_131617_L706;20260520_131617;20.05.2026;13:02:00;706;62;1605;12;U6647Z2;Žiželice,nám.;50.09105;15.25434
20260520_131617_L743;20260520_131617;20.05.2026;13:04:00;743;24;7605;10;U7298Z2;Petrovice I;49.90622;15.33215
20260520_131617_L641;20260520_131617;20.05.2026;13:05:00;641;17;9449;11;U4965Z1;Hořovice,nemocnice;49.95228;14.04732
20260520_131617_L737;20260520_131617;20.05.2026;13:06:00;737;9;9541;10;U6172Z52;Mladá Boleslav,aut.st.;50.4254;14.9169
20260520_131617_L705;20260520_131617;20.05.2026;13:02:00;705;43;8687;14;U9425Z2;Kutná Hora,Karlov,Na Rovinách;49.94857;15.2749
20260520_131617_L540;20260520_131617;20.05.2026;13:00:00;540;15;7594;14;U6709Z1;Záhornice,U Tylů;50.24744;15.2858
20260520_131617_L383;20260520_131617;20.05.2026;13:05:00;383;33;9109;10;U1885Z1;Chocerady;50.00396;14.65862
20260520_131617_L401;20260520_131617;20.05.2026;13:04:00;401;59;7771;11;U31445Z1;Jindřichův Hradec,aut.nádr.;49.19061;14.71399
20260520_131617_L406;20260520_131617;20.05.2026;13:05:00;406;19;7848;11;U5786Z1;Benešov,Terminál;49.70964;14.8915
20260520_131617_L372;20260520_131617;20.05.2026;13:04:00;372;2;8051;11;U2228Z1;Kralupy n.Vlt.,žel.st.;50.26754;14.33266
20260520_131617_L332;20260520_131617;20.05.2026;13:04:00;332;19;9955;12;U1331Z2;Praha,Budějovická;49.9786;14.49903
20260520_131617_L337;20260520_131617;20.05.2026;13:06:00;337;12;9933;10;U1332Z1;Benešov,Terminál;49.96981;14.50923
20260520_131617_L478;20260520_131617;20.05.2026;13:04:00;478;17;8118;11;U1943Z1;Kostelec n.L.,Nám.;50.18629;14.64831
20260520_131617_L666;20260520_131617;20.05.2026;13:05:00;666;1;8292;11;U1829Z3;Káraný,Pošta;50.19697;14.6776
20260520_131617_L780;20260520_131617;20.05.2026;11:35:00;780;10;7607;101;U7320Z11;Čáslav,žel.st.;49.91221;15.39719
20260520_132018_L669;20260520_132018;20.05.2026;13:08:00;669;27;8007;10;U2363Z1;Kostelní Hlavno,U Kostela;50.22038;14.65394
20260520_132018_L540;20260520_132018;20.05.2026;13:00:00;540;15;7594;18;U6709Z1;Záhornice,U Tylů;50.24744;15.28581
20260520_132018_L478;20260520_132018;20.05.2026;13:08:00;478;17;8118;11;U1947Z2;Kostelec n.L.,Nám.;50.18857;14.65667
20260520_132018_L439;20260520_132018;20.05.2026;13:10:00;439;52;1133;10;U4740Z1;Chotilsko,Živohošť;49.76484;14.35839
20260520_132018_L706;20260520_132018;20.05.2026;13:05:00;706;62;1605;12;U6614Z1;Žiželice,nám.;50.10407;15.26832
20260520_132018_L369;20260520_132018;20.05.2026;13:09:00;369;34;8276;10;U3335Z1;Mělník,Mlazice;50.34823;14.48226
20260520_132018_L369;20260520_132018;20.05.2026;13:10:00;369;47;8269;10;U1806Z2;Praha,Ládví;50.17601;14.48416
20260520_132018_L354;20260520_132018;20.05.2026;13:07:00;354;8;8066;10;U188Z2;Praha,Černý Most;50.10931;14.58188
20260520_132018_L467;20260520_132018;20.05.2026;13:05:00;467;53;9824;14;U9877Z1;Roudnice n.L.,ČSAD;50.42498;14.23912
20260520_132018_L737;20260520_132018;20.05.2026;13:06:00;737;9;9541;11;U6172Z52;Mladá Boleslav,aut.st.;50.41995;14.91425
20260520_132018_L641;20260520_132018;20.05.2026;13:08:00;641;17;9449;12;U4972Z2;Hořovice,nemocnice;49.94596;14.03406
20260520_132018_L641;20260520_132018;20.05.2026;13:07:00;641;16;9450;11;U9856Z1;Beroun,autobusové nádraží;49.88347;13.95602
20260520_132018_L383;20260520_132018;20.05.2026;13:08:00;383;33;9109;12;U1878Z1;Chocerady;49.99874;14.66931
20260520_132018_L401;20260520_132018;20.05.2026;13:07:00;401;59;7771;10;U32452Z2;Jindřichův Hradec,aut.nádr.;49.17911;14.72598
20260520_132018_L406;20260520_132018;20.05.2026;13:08:00;406;19;7848;11;U5799Z2;Benešov,Terminál;49.71487;14.84871
20260520_132018_L372;20260520_132018;20.05.2026;13:06:00;372;2;8051;12;U2346Z1;Kralupy n.Vlt.,žel.st.;50.27005;14.32029
20260520_132018_L315;20260520_132018;20.05.2026;13:07:00;315;7;8669;10;U3380Z2;Praha,Černý Most;50.28486;14.82855
20260520_132018_L332;20260520_132018;20.05.2026;13:06:00;332;19;9955;13;U1522Z2;Praha,Budějovická;49.99089;14.49043
20260520_132018_L136;20260520_132018;20.05.2026;13:06:00;136;33;5515;14;U743Z2P;Jižní Město;50.0861;14.45555
20260520_132018_L337;20260520_132018;20.05.2026;13:08:00;337;12;9933;10;U1330Z1;Benešov,Terminál;49.9613;14.52481
20260520_132018_L467;20260520_132018;20.05.2026;13:07:00;467;15;8116;11;U9300Z1;Mladá Boleslav,aut.st.;50.41139;14.91202
20260520_132018_L401;20260520_132018;20.05.2026;13:06:00;401;71;7903;11;U6487Z2;Benešov,Terminál;49.62757;14.65114
20260520_132018_L743;20260520_132018;20.05.2026;13:09:00;743;24;7605;11;U7300Z1;Petrovice I;49.90333;15.31104
20260520_132018_L177;20260520_132018;20.05.2026;13:09:00;177;14;5535;10;U225Z2P;Poliklinika Mazurská;50.09925;14.49687
20260520_132018_L158;20260520_132018;20.05.2026;13:07:00;158;3;6963;11;U405Z2P;Letňany;50.12595;14.51586
20260520_132018_L666;20260520_132018;20.05.2026;13:10:00;666;1;8292;10;U1835Z1;Káraný,Pošta;50.19405;14.70179
20260520_132018_L780;20260520_132018;20.05.2026;11:35:00;780;10;7607;104;U7320Z11;Čáslav,žel.st.;49.91221;15.39719
20260520_132418_L369;20260520_132418;20.05.2026;13:13:00;369;47;8269;10;U3242Z2;Praha,Ládví;50.15692;14.4852
20260520_132418_L630;20260520_132418;20.05.2026;13:11:00;630;36;8831;11;U3094Z1;Kladno,autobusové nádraží;50.14531;14.09528
20260520_132418_L641;20260520_132418;20.05.2026;13:11:00;641;17;9449;12;U4979Z2;Hořovice,nemocnice;49.93977;14.01901
20260520_132418_L641;20260520_132418;20.05.2026;13:09:00;641;16;9450;13;U9855Z55;Beroun,autobusové nádraží;49.87692;13.9519
20260520_132418_L593;20260520_132418;20.05.2026;13:11:00;593;9;7303;12;U9138Z1;Slaný,aut.nádr.;50.28273;14.19836
20260520_132418_L383;20260520_132418;20.05.2026;13:11:00;383;33;9109;13;U1886Z1;Chocerady;49.99447;14.6833
20260520_132418_L380;20260520_132418;20.05.2026;13:13:00;380;4;9978;10;U1648Z2;Praha,Vypich;50.0306;14.22289
20260520_132418_L389;20260520_132418;20.05.2026;13:12:00;389;12;7761;10;U32406Z12;Chomutov,žel.st.;50.45671;13.40027
20260520_132418_L401;20260520_132418;20.05.2026;13:07:00;401;59;7771;11;U32452Z2;Jindřichův Hradec,aut.nádr.;49.17591;14.75923
20260520_132418_L406;20260520_132418;20.05.2026;13:13:00;406;19;7848;10;U7609Z2;Benešov,Terminál;49.73948;14.81329
20260520_132418_L372;20260520_132418;20.05.2026;13:10:00;372;2;8051;14;U2231Z1;Kralupy n.Vlt.,žel.st.;50.25461;14.32094
20260520_132418_L354;20260520_132418;20.05.2026;13:07:00;354;8;8066;14;U188Z2;Praha,Černý Most;50.10931;14.58188
20260520_132418_L480;20260520_132418;20.05.2026;13:10:00;480;30;7504;14;U9730Z2;Příbram,aut.nádr.;49.68779;14.00618
20260520_132418_L478;20260520_132418;20.05.2026;13:11:00;478;17;8118;12;U11010Z2;Kostelec n.L.,Nám.;50.20357;14.64156
20260520_132418_L823;20260520_132418;20.05.2026;13:14:00;823;38;8126;10;U5954Z2;Doubravčice;50.02266;14.7841
20260520_132418_L337;20260520_132418;20.05.2026;13:13:00;337;12;9933;10;U1532Z1;Benešov,Terminál;49.94563;14.54361
20260520_132418_L311;20260520_132418;20.05.2026;13:11:00;311;77;9583;12;U2280Z1;Praha,Zličín;49.91632;14.24275
20260520_132418_L433;20260520_132418;20.05.2026;13:14:00;433;14;8602;10;U2969Z1;Nymburk,Zálabí PVT;50.18583;15.0419
20260520_132418_L826;20260520_132418;20.05.2026;13:14:00;826;36;8583;10;U1448Z1;Pečky,žel.st.;50.10549;14.91802
20260520_132418_L706;20260520_132418;20.05.2026;13:13:00;706;62;1605;11;U6619Z1;Žiželice,nám.;50.13429;15.26921
20260520_132418_L540;20260520_132418;20.05.2026;13:00:00;540;15;7594;22;U6709Z1;Záhornice,U Tylů;50.24743;15.2858
20260520_132418_L401;20260520_132418;20.05.2026;13:06:00;401;71;7903;13;U6487Z2;Benešov,Terminál;49.63366;14.6514
20260520_132418_L332;20260520_132418;20.05.2026;13:12:00;332;19;9955;12;U799Z3;Praha,Budějovická;50.01076;14.47737
20260520_132418_L177;20260520_132418;20.05.2026;13:13:00;177;14;5535;11;U474Z4P;Poliklinika Mazurská;50.11;14.50227
20260520_132418_L467;20260520_132418;20.05.2026;13:12:00;467;15;8116;12;U3389Z1;Mladá Boleslav,aut.st.;50.41334;14.90854
20260520_132418_L133;20260520_132418;20.05.2026;13:13:00;133;8;4157;11;U2787Z2P;Florenc;50.08783;14.45667
20260520_132418_L439;20260520_132418;20.05.2026;13:11:00;439;52;1133;12;U4741Z1;Chotilsko,Živohošť;49.76616;14.37351
20260520_132418_L136;20260520_132418;20.05.2026;13:14:00;136;15;6809;10;U69Z2P;Jižní Město;50.08898;14.46168
20260520_132418_L561;20260520_132418;20.05.2026;13:11:00;561;62;8360;10;U4765Z1;Rakovník,hasičský záchr.sbor;50.10165;13.72536
20260520_132418_L666;20260520_132418;20.05.2026;13:13:00;666;1;8292;10;U1837Z1;Káraný,Pošta;50.18244;14.72574
20260520_132418_L780;20260520_132418;20.05.2026;11:35:00;780;10;7607;109;U7320Z11;Čáslav,žel.st.;49.91221;15.39719
20260520_132418_L798;20260520_132418;20.05.2026;13:13:00;798;8;7827;10;U1384Z8;Benešov,Dlouhé Pole;49.77892;14.684
20260520_132818_L400;20260520_132818;20.05.2026;13:17:00;400;56;1088;10;U31048Z2;Praha,Střížkov;50.51522;14.49211
20260520_132818_L770;20260520_132818;20.05.2026;13:17:00;770;42;7918;10;U7807Z2;Benešov,Terminál;49.80991;14.74825
20260520_132818_L133;20260520_132818;20.05.2026;13:17:00;133;8;4157;11;U3018Z2P;Florenc;50.08914;14.44339
20260520_132818_L467;20260520_132818;20.05.2026;13:12:00;467;15;8116;13;U3389Z1;Mladá Boleslav,aut.st.;50.41942;14.91702
20260520_132818_L383;20260520_132818;20.05.2026;13:14:00;383;33;9109;14;U2006Z1;Chocerady;49.98861;14.71216
20260520_132818_L337;20260520_132818;20.05.2026;13:15:00;337;12;9933;12;U1534Z1;Benešov,Terminál;49.9314;14.56264
20260520_132818_L540;20260520_132818;20.05.2026;13:00:00;540;15;7594;26;U6709Z1;Záhornice,U Tylů;50.24743;15.2858
20260520_132818_L478;20260520_132818;20.05.2026;13:15:00;478;17;8118;12;U2189Z2;Kostelec n.L.,Nám.;50.22064;14.62583
20260520_132818_L669;20260520_132818;20.05.2026;13:17:00;669;27;8007;10;U1465Z1;Kostelní Hlavno,U Kostela;50.24881;14.64071
20260520_132818_L484;20260520_132818;20.05.2026;13:16:00;484;31;8144;11;U2315Z1;Úvaly,žel.st.;50.0742;14.72303
20260520_132818_L369;20260520_132818;20.05.2026;13:17:00;369;47;8269;11;U167Z2;Praha,Ládví;50.13776;14.47858
20260520_132818_L389;20260520_132818;20.05.2026;13:12:00;389;12;7761;14;U32406Z12;Chomutov,žel.st.;50.4567;13.40026
20260520_132818_L401;20260520_132818;20.05.2026;13:07:00;401;59;7771;12;U32452Z2;Jindřichův Hradec,aut.nádr.;49.17652;14.79632
20260520_132818_L406;20260520_132818;20.05.2026;13:16:00;406;19;7848;11;U7856Z2;Benešov,Terminál;49.75138;14.77201
20260520_132818_L367;20260520_132818;20.05.2026;13:18:00;367;4;8264;10;U1821Z1;Brandýs n.L.-St.Bol.,Aut.st.;50.15371;14.61193
20260520_132818_L706;20260520_132818;20.05.2026;13:16:00;706;62;1605;11;U6620Z1;Žiželice,nám.;50.13672;15.29751
20260520_132818_L826;20260520_132818;20.05.2026;13:17:00;826;36;8583;11;U1447Z1;Pečky,žel.st.;50.09643;14.94526
20260520_132818_L332;20260520_132818;20.05.2026;13:15:00;332;19;9955;13;U908Z2;Praha,Budějovická;50.02354;14.46073
20260520_132818_L311;20260520_132818;20.05.2026;13:11:00;311;77;9583;16;U2280Z1;Praha,Zličín;49.91634;14.24277
20260520_132818_L439;20260520_132818;20.05.2026;13:11:00;439;52;1133;14;U4741Z1;Chotilsko,Živohošť;49.76548;14.38913
20260520_132818_L450;20260520_132818;20.05.2026;13:17:00;450;24;7505;11;U7924Z1;Petrovice;49.65379;14.42666
20260520_132818_L533;20260520_132818;20.05.2026;13:17:00;533;20;7616;10;U6433Z2;Kutná Hora,aut.st.;50.06291;15.37152
20260520_132818_L641;20260520_132818;20.05.2026;13:13:00;641;17;9449;13;U9091Z2;Hořovice,nemocnice;49.93931;13.98199
20260520_132818_L641;20260520_132818;20.05.2026;13:16:00;641;16;9450;11;U9854Z1;Beroun,autobusové nádraží;49.89773;13.96076
20260520_132818_L743;20260520_132818;20.05.2026;13:17:00;743;24;7605;10;U7302Z1;Petrovice I;49.88169;15.32191
20260520_132818_L354;20260520_132818;20.05.2026;13:07:00;354;8;8066;18;U188Z2;Praha,Černý Most;50.10931;14.58188
20260520_132818_L136;20260520_132818;20.05.2026;13:18:00;136;15;6809;10;U516Z3P;Jižní Město;50.08248;14.45909
20260520_132818_L561;20260520_132818;20.05.2026;13:18:00;561;62;8360;10;U6843Z1;Rakovník,hasičský záchr.sbor;50.10743;13.71669
20260520_132818_L666;20260520_132818;20.05.2026;13:16:00;666;1;8292;11;U1840Z1;Káraný,Pošta;50.17735;14.73241
20260520_132818_L780;20260520_132818;20.05.2026;11:35:00;780;10;7607;113;U7320Z11;Čáslav,žel.st.;49.91221;15.39719
20260520_132818_L798;20260520_132818;20.05.2026;13:13:00;798;8;7827;14;U1384Z8;Benešov,Dlouhé Pole;49.77892;14.68402
20260520_133219_L332;20260520_133219;20.05.2026;13:17:00;332;19;9955;13;U488Z7;Praha,Budějovická;50.03653;14.45643
20260520_133219_L401;20260520_133219;20.05.2026;13:07:00;401;59;7771;13;U32452Z2;Jindřichův Hradec,aut.nádr.;49.17572;14.83045
20260520_133219_L389;20260520_133219;20.05.2026;13:12:00;389;12;7761;18;U32406Z12;Chomutov,žel.st.;50.45665;13.40021
20260520_133219_L484;20260520_133219;20.05.2026;13:16:00;484;31;8144;15;U2315Z1;Úvaly,žel.st.;50.0742;14.72303
20260520_133219_L315;20260520_133219;20.05.2026;13:21:00;315;7;8669;10;U3261Z51;Praha,Černý Most;50.24914;14.76071
20260520_133219_L706;20260520_133219;20.05.2026;13:19:00;706;62;1605;10;U6652Z1;Žiželice,nám.;50.13888;15.34834
20260520_133219_L511;20260520_133219;20.05.2026;13:22:00;511;14;9618;10;U4293Z1;Březnice,aut.st.;49.5555;13.99935
20260520_133219_L367;20260520_133219;20.05.2026;13:21:00;367;4;8264;10;U1822Z1;Brandýs n.L.-St.Bol.,Aut.st.;50.16848;14.6313
20260520_133219_L369;20260520_133219;20.05.2026;13:18:00;369;47;8269;11;U651Z6;Praha,Ládví;50.12741;14.47473
20260520_133219_L821;20260520_133219;20.05.2026;13:18:00;821;69;1583;11;U4148Z1;Kolín,nádraží;49.99933;15.01439
20260520_133219_L641;20260520_133219;20.05.2026;13:22:00;641;16;9450;10;U9105Z1;Beroun,autobusové nádraží;49.91176;13.97892
20260520_133219_L587;20260520_133219;20.05.2026;13:20:00;587;29;7703;11;U4606Z52;Slaný,aut.nádr.;50.23293;14.04194
20260520_133219_L337;20260520_133219;20.05.2026;13:18:00;337;12;9933;13;U2288Z1;Benešov,Terminál;49.91725;14.58139
20260520_133219_L593;20260520_133219;20.05.2026;13:17:00;593;9;7303;14;U9153Z1;Slaný,aut.nádr.;50.26988;14.16149
20260520_133219_L380;20260520_133219;20.05.2026;13:21:00;380;4;9978;10;U1190Z2;Praha,Vypich;50.04672;14.26278
20260520_133219_L383;20260520_133219;20.05.2026;13:18:00;383;33;9109;13;U2008Z1;Chocerady;49.98953;14.74052
20260520_133219_L387;20260520_133219;20.05.2026;13:20:00;387;1;9372;10;U336Z2;Praha,Háje;50.03807;14.58848
20260520_133219_L400;20260520_133219;20.05.2026;13:21:00;400;56;1088;10;U6078Z2;Praha,Střížkov;50.48938;14.48499
20260520_133219_L401;20260520_133219;20.05.2026;13:19:00;401;71;7903;13;U6516Z2;Benešov,Terminál;49.65231;14.63154
20260520_133219_L406;20260520_133219;20.05.2026;13:22:00;406;19;7848;10;U7012Z2;Benešov,Terminál;49.77743;14.71957
20260520_133219_L540;20260520_133219;20.05.2026;13:00:00;540;15;7594;30;U6709Z1;Záhornice,U Tylů;50.24743;15.2858
20260520_133219_L439;20260520_133219;20.05.2026;13:17:00;439;52;1133;15;U4744Z1;Chotilsko,Živohošť;49.76124;14.39492
20260520_133219_L450;20260520_133219;20.05.2026;13:20:00;450;24;7505;11;U7933Z1;Petrovice;49.62838;14.42506
20260520_133219_L478;20260520_133219;20.05.2026;13:19:00;478;17;8118;12;U1292Z2;Kostelec n.L.,Nám.;50.22346;14.5895
20260520_133219_L742;20260520_133219;20.05.2026;13:17:00;742;5;7622;13;U31494Z7;Ledeč n.Sáz.,Podolí;49.69811;15.26597
20260520_133219_L718;20260520_133219;20.05.2026;13:22:00;718;32;8608;10;U6294Z1;Mnichovo Hradiště,dopravní terminál;50.45604;15.08617
20260520_133219_L136;20260520_133219;20.05.2026;13:22:00;136;15;6809;10;U518Z3P;Jižní Město;50.07592;14.45912
20260520_133219_L853;20260520_133219;20.05.2026;13:20:00;853;31;7002;12;U32228Z2;Nový Bydžov,Terminál HD;50.26187;15.40016
20260520_133219_L770;20260520_133219;20.05.2026;13:21:00;770;42;7918;11;U7005Z2;Benešov,Terminál;49.80789;14.71756
20260520_133219_L641;20260520_133219;20.05.2026;13:17:00;641;17;9449;15;U9089Z2;Hořovice,nemocnice;49.93865;13.95495
20260520_133219_L354;20260520_133219;20.05.2026;13:07:00;354;8;8066;22;U188Z2;Praha,Černý Most;50.10931;14.58188
20260520_133219_L136;20260520_133219;20.05.2026;13:20:00;136;16;5546;10;U1074Z4P;Jižní Město;50.0921;14.46948
20260520_133219_L177;20260520_133219;20.05.2026;13:20:00;177;14;5535;11;U332Z2P;Poliklinika Mazurská;50.12591;14.48966
20260520_133219_L136;20260520_133219;20.05.2026;13:17:00;136;33;5515;15;U29Z1P;Jižní Město;50.07254;14.4705
20260520_133219_L780;20260520_133219;20.05.2026;11:35:00;780;10;7607;117;U7320Z11;Čáslav,žel.st.;49.91221;15.39719
20260520_133219_L798;20260520_133219;20.05.2026;13:13:00;798;8;7827;17;U1384Z8;Benešov,Dlouhé Pole;49.77879;14.68385
20260520_133619_L853;20260520_133619;20.05.2026;13:21:00;853;31;7002;15;U32229Z1;Nový Bydžov,Terminál HD;50.26199;15.4043
20260520_133619_L587;20260520_133619;20.05.2026;13:25:00;587;29;7703;11;U4787Z2;Slaný,aut.nádr.;50.23339;14.07962
20260520_133619_L540;20260520_133619;20.05.2026;13:00:00;540;15;7594;34;U6709Z1;Záhornice,U Tylů;50.24744;15.28581
20260520_133619_L337;20260520_133619;20.05.2026;13:22:00;337;12;9933;14;U1539Z1;Benešov,Terminál;49.90418;14.59111
20260520_133619_L532;20260520_133619;20.05.2026;13:22:00;532;76;7803;12;U5956Z2;Votice,aut.st.;49.63843;14.63427
20260520_133619_L821;20260520_133619;20.05.2026;13:18:00;821;69;1583;12;U4148Z1;Kolín,nádraží;50.01314;15.02948
20260520_133619_L826;20260520_133619;20.05.2026;13:25:00;826;36;8583;10;U2414Z2;Pečky,žel.st.;50.08335;14.95938
20260520_133619_L742;20260520_133619;20.05.2026;13:17:00;742;5;7622;17;U31494Z7;Ledeč n.Sáz.,Podolí;49.69811;15.26597
20260520_133619_L770;20260520_133619;20.05.2026;13:25:00;770;42;7918;10;U7004Z2;Benešov,Terminál;49.79452;14.71097
20260520_133619_L639;20260520_133619;20.05.2026;13:26:00;639;15;9540;10;U9813Z2;Dobříš,nám.;49.83288;14.02962
20260520_133619_L641;20260520_133619;20.05.2026;13:23:00;641;17;9449;13;U9107Z2;Hořovice,nemocnice;49.92761;13.97452
20260520_133619_L641;20260520_133619;20.05.2026;13:23:00;641;16;9450;10;U9106Z1;Beroun,autobusové nádraží;49.92499;13.97734
20260520_133619_L177;20260520_133619;20.05.2026;13:25:00;177;14;5535;12;U78Z3P;Poliklinika Mazurská;50.12668;14.47131
20260520_133619_L450;20260520_133619;20.05.2026;13:26:00;450;24;7505;10;U7840Z1;Petrovice;49.60217;14.40444
20260520_133619_L511;20260520_133619;20.05.2026;13:26:00;511;14;9618;10;U7051Z1;Březnice,aut.st.;49.557;13.96611
20260520_133619_L387;20260520_133619;20.05.2026;13:25:00;387;1;9372;11;U967Z2;Praha,Háje;50.03411;14.56252
20260520_133619_L389;20260520_133619;20.05.2026;13:12:00;389;12;7761;22;U32406Z12;Chomutov,žel.st.;50.45663;13.40026
20260520_133619_L401;20260520_133619;20.05.2026;13:22:00;401;71;7903;14;U6525Z1;Benešov,Terminál;49.67151;14.63974
20260520_133619_L406;20260520_133619;20.05.2026;13:26:00;406;19;7848;10;U4073Z2;Benešov,Terminál;49.78586;14.69018
20260520_133619_L367;20260520_133619;20.05.2026;13:24:00;367;4;8264;10;U1824Z1;Brandýs n.L.-St.Bol.,Aut.st.;50.18157;14.65665
20260520_133619_L401;20260520_133619;20.05.2026;13:22:00;401;59;7771;14;U31454Z1;Jindřichův Hradec,aut.nádr.;49.18458;14.85091
20260520_133619_L484;20260520_133619;20.05.2026;13:16:00;484;31;8144;19;U2315Z1;Úvaly,žel.st.;50.0742;14.72303
20260520_133619_L380;20260520_133619;20.05.2026;13:24:00;380;4;9978;10;U1142Z2;Praha,Vypich;50.05558;14.28447
20260520_133619_L136;20260520_133619;20.05.2026;13:24:00;136;15;6809;10;U855Z1P;Jižní Město;50.07418;14.46698
20260520_133619_L305;20260520_133619;20.05.2026;13:26:00;305;36;8402;10;U32130Z1;Karlovy Vary,terminál;50.13236;13.31456
20260520_133619_L521;20260520_133619;20.05.2026;13:26:00;521;17;9617;10;U7696Z2;Příbram,aut.nádr.;49.65229;13.91281
20260520_133619_L332;20260520_133619;20.05.2026;13:17:00;332;19;9955;14;U488Z7;Praha,Budějovická;50.04512;14.44903
20260520_133619_L354;20260520_133619;20.05.2026;13:07:00;354;8;8066;26;U188Z2;Praha,Černý Most;50.10931;14.58188
20260520_133619_L136;20260520_133619;20.05.2026;13:21:00;136;33;5515;14;U37Z1P;Jižní Město;50.0604;14.46958
20260520_133619_L383;20260520_133619;20.05.2026;13:18:00;383;33;9109;14;U2008Z1;Chocerady;49.98098;14.73784
20260520_133619_L400;20260520_133619;20.05.2026;13:22:00;400;56;1088;12;U6077Z2;Praha,Střížkov;50.48512;14.48392
20260520_133619_L136;20260520_133619;20.05.2026;13:24:00;136;16;5546;12;U69Z2P;Jižní Město;50.08884;14.4609
20260520_133619_L780;20260520_133619;20.05.2026;11:35:00;780;10;7607;120;U7320Z11;Čáslav,žel.st.;49.91221;15.39719
20260520_133619_L798;20260520_133619;20.05.2026;13:13:00;798;8;7827;21;U1384Z8;Benešov,Dlouhé Pole;49.77887;14.68396
20260520_134019_L641;20260520_134019;20.05.2026;13:26:00;641;17;9449;13;U9106Z2;Hořovice,nemocnice;49.91513;13.97981
20260520_134019_L532;20260520_134019;20.05.2026;13:22:00;532;76;7803;16;U5956Z2;Votice,aut.st.;49.63845;14.63425
20260520_134019_L620;20260520_134019;20.05.2026;13:27:00;620;14;7321;11;U3094Z2;Kladno,autobusové nádraží;50.14531;14.1074
20260520_134019_L389;20260520_134019;20.05.2026;13:12:00;389;12;7761;26;U32406Z12;Chomutov,žel.st.;50.45663;13.40023
20260520_134019_L484;20260520_134019;20.05.2026;13:16:00;484;31;8144;23;U2315Z1;Úvaly,žel.st.;50.0742;14.72303
20260520_134019_L770;20260520_134019;20.05.2026;13:28:00;770;42;7918;11;U4073Z2;Benešov,Terminál;49.78589;14.69023
20260520_134019_L367;20260520_134019;20.05.2026;13:28:00;367;4;8264;11;U1827Z1;Brandýs n.L.-St.Bol.,Aut.st.;50.18568;14.6602
20260520_134019_L354;20260520_134019;20.05.2026;13:07:00;354;8;8066;30;U188Z2;Praha,Černý Most;50.10931;14.58188
20260520_134019_L177;20260520_134019;20.05.2026;13:28:00;177;14;5535;12;U675Z3P;Poliklinika Mazurská;50.12462;14.45531
20260520_134019_L380;20260520_134019;20.05.2026;13:28:00;380;4;9978;11;U1141Z5;Praha,Vypich;50.0552;14.28898
20260520_134019_L521;20260520_134019;20.05.2026;13:29:00;521;17;9617;11;U9624Z2;Příbram,aut.nádr.;49.65387;13.94312
20260520_134019_L761;20260520_134019;20.05.2026;13:29:00;761;42;1570;11;U1688Z1;Velké Popovice,Todice;49.91018;14.64329
20260520_134019_L450;20260520_134019;20.05.2026;13:26:00;450;24;7505;11;U7840Z1;Petrovice;49.61836;14.40832
20260520_134019_L511;20260520_134019;20.05.2026;13:30:00;511;10;9567;10;U9755Z2;Příbram,aut.nádr.;49.66892;13.99489
20260520_134019_L136;20260520_134019;20.05.2026;13:29:00;136;15;6809;11;U680Z3P;Jižní Město;50.06839;14.46923
20260520_134019_L593;20260520_134019;20.05.2026;13:28:00;593;9;7303;12;U4834Z1;Slaný,aut.nádr.;50.23675;14.14846
20260520_134019_L600;20260520_134019;20.05.2026;13:30:00;600;22;8772;10;U4298Z2;Kladno,autobusové nádraží;50.1528;13.89872
20260520_134019_L639;20260520_134019;20.05.2026;13:28:00;639;15;9540;11;U9812Z2;Dobříš,nám.;49.82588;14.04454
20260520_134019_L587;20260520_134019;20.05.2026;13:26:00;587;29;7703;12;U4786Z2;Slaný,aut.nádr.;50.22858;14.09045
20260520_134019_L821;20260520_134019;20.05.2026;13:28:00;821;69;1583;11;U4981Z4;Kolín,nádraží;50.00358;15.04346
20260520_134019_L826;20260520_134019;20.05.2026;13:28:00;826;36;8583;11;U1446Z1;Pečky,žel.st.;50.09116;14.97634
20260520_134019_L533;20260520_134019;20.05.2026;13:29:00;533;20;7616;10;U4124Z2;Kutná Hora,aut.st.;50.02878;15.35067
20260520_134019_L742;20260520_134019;20.05.2026;13:17:00;742;5;7622;21;U31494Z7;Ledeč n.Sáz.,Podolí;49.69811;15.26597
20260520_134019_L782;20260520_134019;20.05.2026;13:29:00;782;20;7630;10;U7073Z1;Vrdy,kult.dům;49.92366;15.46855
20260520_134019_L540;20260520_134019;20.05.2026;13:00:00;540;15;7594;38;U6709Z1;Záhornice,U Tylů;50.24744;15.2858
20260520_134019_L433;20260520_134019;20.05.2026;13:30:00;433;14;8602;10;U3088Z2;Pečky,žel.st.;50.18675;15.02511
20260520_134019_L381;20260520_134019;20.05.2026;13:30:00;381;7;9362;10;U2008Z2;Praha,Háje;49.98962;14.74033
20260520_134019_L387;20260520_134019;20.05.2026;13:29:00;387;1;9372;10;U151Z2;Praha,Háje;50.0309;14.5302
20260520_134019_L400;20260520_134019;20.05.2026;13:25:00;400;52;1085;10;U6060Z1;Varnsdorf,aut.nádr.;50.45605;14.47522
20260520_134019_L401;20260520_134019;20.05.2026;13:22:00;401;59;7771;17;U31454Z1;Jindřichův Hradec,aut.nádr.;49.18109;14.85905
20260520_134019_L401;20260520_134019;20.05.2026;13:27:00;401;71;7903;12;U4884Z1;Benešov,Terminál;49.70607;14.65528
20260520_134019_L136;20260520_134019;20.05.2026;13:26:00;136;33;5515;13;U697Z3P;Jižní Město;50.04869;14.48084
20260520_134019_L444;20260520_134019;20.05.2026;13:29:00;444;32;9136;10;U1564Z1;Jílové u Prahy,Náměstí;49.90409;14.58678
20260520_134019_L136;20260520_134019;20.05.2026;13:28:00;136;16;5546;12;U516Z3P;Jižní Město;50.0825;14.4591
20260520_134019_L798;20260520_134019;20.05.2026;13:13:00;798;8;7827;26;U1384Z8;Benešov,Dlouhé Pole;49.77882;14.68421
20260520_134420_L401;20260520_134420;20.05.2026;13:33:00;401;71;7903;10;U4557Z2;Benešov,Terminál;49.73562;14.66763
20260520_134420_L593;20260520_134420;20.05.2026;13:32:00;593;9;7303;12;U4775Z1;Slaný,aut.nádr.;50.22537;14.11391
20260520_134420_L600;20260520_134420;20.05.2026;13:32:00;600;22;8772;11;U9316Z1;Kladno,autobusové nádraží;50.14222;13.91614
20260520_134420_L337;20260520_134420;20.05.2026;13:30:00;337;12;9933;12;U1542Z1;Benešov,Terminál;49.88319;14.62263
20260520_134420_L410;20260520_134420;20.05.2026;13:32:00;410;4;11698;11;U6077Z1;Mimoň,aut.st.;50.49248;14.4851
20260520_134420_L448;20260520_134420;20.05.2026;13:30:00;448;60;1135;12;U1853Z2;Lety,K Libří;49.92516;14.27668
20260520_134420_L853;20260520_134420;20.05.2026;13:30:00;853;31;7002;13;U31114Z1;Nový Bydžov,Terminál HD;50.22338;15.40133
20260520_134420_L380;20260520_134420;20.05.2026;13:33:00;380;4;9978;11;U33Z4;Praha,Vypich;50.06183;14.30955
20260520_134420_L381;20260520_134420;20.05.2026;13:33:00;381;7;9362;11;U2006Z2;Praha,Háje;49.98815;14.70808
20260520_134420_L484;20260520_134420;20.05.2026;13:16:00;484;31;8144;27;U2315Z1;Úvaly,žel.st.;50.0742;14.72303
20260520_134420_L799;20260520_134420;20.05.2026;13:32:00;799;72;7885;12;U7023Z2;Chotýšany;49.75998;14.83998
20260520_134420_L617;20260520_134420;20.05.2026;13:32:00;617;16;7335;10;U4717Z2;Roudnice n.L.,žel.st.;50.42481;14.2608
20260520_134420_L467;20260520_134420;20.05.2026;13:33:00;467;14;8011;10;U1793Z5;Roudnice n.L.,ČSAD;50.34952;14.48823
20260520_134420_L770;20260520_134420;20.05.2026;13:30:00;770;42;7918;13;U4483Z3;Benešov,Terminál;49.78519;14.68232
20260520_134420_L782;20260520_134420;20.05.2026;13:29:00;782;20;7630;14;U7073Z1;Vrdy,kult.dům;49.92367;15.46855
20260520_134420_L821;20260520_134420;20.05.2026;13:30:00;821;69;1583;12;U9000Z1;Kolín,nádraží;50.00831;15.06824
20260520_134420_L826;20260520_134420;20.05.2026;13:32:00;826;36;8583;12;U1445Z1;Pečky,žel.st.;50.10459;14.99336
20260520_134420_L742;20260520_134420;20.05.2026;13:17:00;742;5;7622;25;U31494Z7;Ledeč n.Sáz.,Podolí;49.69811;15.26597
20260520_134420_L672;20260520_134420;20.05.2026;13:31:00;672;92;1109;12;U1626Z52;Všenory,Horní Mokropsy;49.9262;14.27305
20260520_134420_L540;20260520_134420;20.05.2026;13:00:00;540;15;7594;42;U6709Z1;Záhornice,U Tylů;50.24745;15.28581
20260520_134420_L532;20260520_134420;20.05.2026;13:22:00;532;76;7803;18;U5956Z2;Votice,aut.st.;49.63845;14.63427
20260520_134420_L450;20260520_134420;20.05.2026;13:32:00;450;24;7505;12;U5841Z1;Petrovice;49.61289;14.38625
20260520_134420_L367;20260520_134420;20.05.2026;13:31:00;367;4;8264;13;U1828Z1;Brandýs n.L.-St.Bol.,Aut.st.;50.19454;14.67281
20260520_134420_L431;20260520_134420;20.05.2026;13:29:00;431;1;1813;12;U3262Z1;Benátky n.Jiz.,Husovo nám.;50.26668;14.80358
20260520_134420_L354;20260520_134420;20.05.2026;13:07:00;354;8;8066;34;U188Z2;Praha,Černý Most;50.10931;14.58188
20260520_134420_L177;20260520_134420;20.05.2026;13:31:00;177;14;5535;13;U544Z1P;Poliklinika Mazurská;50.12747;14.43518
20260520_134420_L533;20260520_134420;20.05.2026;13:30:00;533;20;7616;11;U6663Z2;Kutná Hora,aut.st.;50.00811;15.34049
20260520_134420_L521;20260520_134420;20.05.2026;13:32:00;521;17;9617;12;U9765Z2;Příbram,aut.nádr.;49.66458;13.96474
20260520_134420_L136;20260520_134420;20.05.2026;13:34:00;136;15;6809;10;U751Z2P;Jižní Město;50.05301;14.47432
20260520_134420_L444;20260520_134420;20.05.2026;13:34:00;444;32;9136;10;U1567Z1;Jílové u Prahy,Náměstí;49.89285;14.56482
20260520_134420_L136;20260520_134420;20.05.2026;13:30:00;136;16;5546;12;U118Z4P;Jižní Město;50.0778;14.45877
20260520_134821_L136;20260520_134821;20.05.2026;13:33:00;136;33;5515;15;U344Z1P;Jižní Město;50.03155;14.50524
20260520_134821_L136;20260520_134821;20.05.2026;13:38:00;136;15;6809;10;U417Z1P;Jižní Město;50.04292;14.48772
20260520_134821_L136;20260520_134821;20.05.2026;13:34:00;136;16;5546;13;U855Z1P;Jižní Město;50.07415;14.46711
20260520_134821_L177;20260520_134821;20.05.2026;13:35:00;177;14;5535;13;U511Z1P;Poliklinika Mazurská;50.13088;14.42456
20260520_134821_L821;20260520_134821;20.05.2026;13:36:00;821;69;1583;12;U4991Z1;Kolín,nádraží;49.99425;15.09457
20260520_134821_L825;20260520_134821;20.05.2026;13:38:00;825;43;9581;10;U2357Z2;Mořinka;49.96099;14.12906
20260520_134821_L826;20260520_134821;20.05.2026;13:35:00;826;36;8583;11;U1444Z1;Pečky,žel.st.;50.0945;15.02447
20260520_134821_L853;20260520_134821;20.05.2026;13:34:00;853;31;7002;14;U31116Z1;Nový Bydžov,Terminál HD;50.21345;15.41359
20260520_134821_L337;20260520_134821;20.05.2026;13:35:00;337;12;9933;12;U1544Z1;Benešov,Terminál;49.86557;14.65425
20260520_134821_L354;20260520_134821;20.05.2026;13:07:00;354;8;8066;36;U188Z2;Praha,Černý Most;50.10931;14.58188
20260520_134821_L354;20260520_134821;20.05.2026;13:37:00;354;27;1679;10;U188Z2;Praha,Černý Most;50.11115;14.59
20260520_134821_L380;20260520_134821;20.05.2026;13:36:00;380;4;9978;10;U395Z3;Praha,Vypich;50.06761;14.3349
20260520_134821_L381;20260520_134821;20.05.2026;13:37:00;381;7;9362;11;U1882Z2;Praha,Háje;49.99608;14.67829
20260520_134821_L405;20260520_134821;20.05.2026;13:36:00;405;65;1420;11;U32429Z1;Špindlerův Mlýn,aut.st.;50.62579;15.61217
20260520_134821_L410;20260520_134821;20.05.2026;13:36:00;410;4;11698;10;U31056Z1;Mimoň,aut.st.;50.51026;14.49144
20260520_134821_L412;20260520_134821;20.05.2026;13:35:00;412;41;9883;12;U31013Z12;Sobotka,nám.;50.43258;15.35906
20260520_134821_L448;20260520_134821;20.05.2026;13:33:00;448;60;1135;15;U1626Z51;Lety,K Libří;49.92721;14.27167
20260520_134821_L450;20260520_134821;20.05.2026;13:35:00;450;24;7505;13;U7838Z1;Petrovice;49.59393;14.38074
20260520_134821_L454;20260520_134821;20.05.2026;13:35:00;454;5;7067;11;U6767Z2;Sedlčany,aut.st.;49.57593;14.5266
20260520_134821_L467;20260520_134821;20.05.2026;13:35:00;467;14;8011;12;U1794Z1;Roudnice n.L.,ČSAD;50.35633;14.47779
20260520_134821_L478;20260520_134821;20.05.2026;13:38:00;478;17;8118;10;U11010Z1;Brandýs n.L.-St.Bol.,Žel.st.;50.19669;14.6484
20260520_134821_L484;20260520_134821;20.05.2026;13:16:00;484;31;8144;31;U2315Z1;Úvaly,žel.st.;50.0742;14.72303
20260520_134821_L521;20260520_134821;20.05.2026;13:36:00;521;17;9617;11;U9737Z1;Příbram,aut.nádr.;49.67773;13.98868
20260520_134821_L533;20260520_134821;20.05.2026;13:36:00;533;20;7616;11;U6662Z2;Kutná Hora,aut.st.;49.98833;15.34184
20260520_134821_L540;20260520_134821;20.05.2026;13:00:00;540;15;7594;46;U6709Z1;Záhornice,U Tylů;50.24745;15.2858
20260520_134821_L593;20260520_134821;20.05.2026;13:34:00;593;9;7303;12;U4776Z1;Slaný,aut.nádr.;50.22847;14.08994
20260520_134821_L600;20260520_134821;20.05.2026;13:37:00;600;22;8772;10;U9291Z1;Kladno,autobusové nádraží;50.13863;13.97302
20260520_134821_L623;20260520_134821;20.05.2026;13:36:00;623;18;7332;11;U4423Z2;Kladno,autobusové nádraží;50.22714;14.23645
20260520_134821_L624;20260520_134821;20.05.2026;13:38:00;624;32;8896;10;U3094Z1;Družec,náves;50.14314;14.09706
20260520_134821_L641;20260520_134821;20.05.2026;13:38:00;641;16;9450;10;U4965Z2;Beroun,autobusové nádraží;49.9525;14.04811
20260520_134821_L662;20260520_134821;20.05.2026;13:38:00;662;11;1688;10;U2423Z2;Kounice;50.11895;14.81704
20260520_134821_L667;20260520_134821;20.05.2026;13:37:00;667;22;8052;10;U5985Z1;Předměřice n.Jiz.;50.27782;14.81964
20260520_134821_L721;20260520_134821;20.05.2026;13:36:00;721;30;10759;11;U31486Z2;Mnichovo Hradiště,dopravní terminál;50.65483;14.99046
20260520_134821_L742;20260520_134821;20.05.2026;13:17:00;742;5;7622;29;U31494Z7;Ledeč n.Sáz.,Podolí;49.69811;15.26597
20260520_134821_L799;20260520_134821;20.05.2026;13:32:00;799;72;7885;16;U7023Z2;Chotýšany;49.76002;14.83999
20260520_135222_L136;20260520_135222;20.05.2026;13:40:00;136;18;6974;10;U1074Z4P;Jižní Město;50.09178;14.46886
20260520_135222_L136;20260520_135222;20.05.2026;13:43:00;136;15;6809;10;U344Z1P;Jižní Město;50.0318;14.50436
20260520_135222_L136;20260520_135222;20.05.2026;13:39:00;136;16;5546;13;U680Z3P;Jižní Město;50.06834;14.46915
20260520_135222_L136;20260520_135222;20.05.2026;13:42:00;136;17;6965;10;U518Z3P;Jižní Město;50.07589;14.459
20260520_135222_L183;20260520_135222;20.05.2026;13:41:00;183;5;5542;11;U332Z2P;Sídliště Ďáblice;50.12539;14.49021
20260520_135222_L203;20260520_135222;20.05.2026;13:42:00;203;8;1940;10;U908Z1P;Háje;50.02087;14.46319
20260520_135222_L825;20260520_135222;20.05.2026;13:41:00;825;43;9581;10;U2393Z2;Mořinka;49.97037;14.12928
20260520_135222_L853;20260520_135222;20.05.2026;13:34:00;853;31;7002;15;U31116Z1;Nový Bydžov,Terminál HD;50.21409;15.41106
20260520_135222_L337;20260520_135222;20.05.2026;13:40:00;337;12;9933;12;U1911Z2;Benešov,Terminál;49.85128;14.6753
20260520_135222_L345;20260520_135222;20.05.2026;13:41:00;345;16;1865;10;U6398Z1;Liberec,aut.nádr.;50.53804;15.01638
20260520_135222_L380;20260520_135222;20.05.2026;13:41:00;380;4;9978;11;U306Z1;Praha,Vypich;50.07499;14.341
20260520_135222_L381;20260520_135222;20.05.2026;13:42:00;381;7;9362;10;U1885Z2;Praha,Háje;50.00456;14.65777
20260520_135222_L401;20260520_135222;20.05.2026;13:39:00;401;62;7775;12;U4886Z5;Praha,Roztyly;49.41393;14.67448
20260520_135222_L405;20260520_135222;20.05.2026;13:38:00;405;65;1420;14;U31026Z1;Špindlerův Mlýn,aut.st.;50.62852;15.60952
20260520_135222_L410;20260520_135222;20.05.2026;13:41:00;410;4;11698;11;U31047Z1;Mimoň,aut.st.;50.52322;14.51767
20260520_135222_L412;20260520_135222;20.05.2026;13:35:00;412;41;9883;15;U31013Z12;Sobotka,nám.;50.43872;15.35218
20260520_135222_L433;20260520_135222;20.05.2026;13:41:00;433;14;8602;10;U2968Z2;Pečky,žel.st.;50.17925;15.04514
20260520_135222_L448;20260520_135222;20.05.2026;13:37:00;448;60;1135;13;U9217Z2;Lety,K Libří;49.92328;14.25348
20260520_135222_L454;20260520_135222;20.05.2026;13:41:00;454;5;7067;11;U7624Z2;Sedlčany,aut.st.;49.5971;14.4949
20260520_135222_L466;20260520_135222;20.05.2026;13:41:00;466;23;8019;10;U4245Z1;Kralupy n.Vlt.,obchodní centrum;50.27191;14.30662
20260520_135222_L467;20260520_135222;20.05.2026;13:37:00;467;14;8011;14;U1795Z1;Roudnice n.L.,ČSAD;50.36163;14.46886
20260520_135222_L484;20260520_135222;20.05.2026;13:16:00;484;31;8144;35;U2315Z1;Úvaly,žel.st.;50.0742;14.72303
20260520_135222_L521;20260520_135222;20.05.2026;13:40:00;521;17;9617;11;U9734Z3;Příbram,aut.nádr.;49.68039;14.00153
20260520_135222_L540;20260520_135222;20.05.2026;13:00:00;540;15;7594;50;U6709Z1;Záhornice,U Tylů;50.24745;15.2858
20260520_135222_L623;20260520_135222;20.05.2026;13:40:00;623;18;7332;12;U4422Z2;Kladno,autobusové nádraží;50.20968;14.23542
20260520_135222_L641;20260520_135222;20.05.2026;13:41:00;641;16;9450;10;U4971Z2;Beroun,autobusové nádraží;49.96006;14.06349
20260520_135222_L662;20260520_135222;20.05.2026;13:41:00;662;11;1688;10;U2422Z2;Kounice;50.10318;14.82317
20260520_135222_L721;20260520_135222;20.05.2026;13:41:00;721;30;10759;11;U31489Z2;Mnichovo Hradiště,dopravní terminál;50.62837;14.98521
20260520_135222_L742;20260520_135222;20.05.2026;13:17:00;742;5;7622;33;U31494Z7;Ledeč n.Sáz.,Podolí;49.69811;15.26597
20260520_135222_L799;20260520_135222;20.05.2026;13:32:00;799;72;7885;20;U7023Z2;Chotýšany;49.76;14.83998
20260520_135622_L136;20260520_135622;20.05.2026;13:43:00;136;18;6974;12;U512Z5P;Jižní Město;50.09012;14.4664
20260520_135622_L136;20260520_135622;20.05.2026;13:44:00;136;15;6809;11;U106Z2P;Jižní Město;50.02743;14.5078
20260520_135622_L136;20260520_135622;20.05.2026;13:44:00;136;16;5546;12;U751Z2P;Jižní Město;50.05303;14.47426
20260520_135622_L203;20260520_135622;20.05.2026;13:46:00;203;8;1940;10;U799Z1P;Háje;50.01237;14.47795
20260520_135622_L841;20260520_135622;20.05.2026;13:42:00;841;27;7845;13;U6043Z2;Vlašim,záv.;49.70018;14.90043
20260520_135622_L316;20260520_135622;20.05.2026;13:46:00;316;2;8969;10;U1692Z1;Kralupy n.Vlt.,žel.st.;50.19675;14.29509
20260520_135622_L337;20260520_135622;20.05.2026;13:43:00;337;12;9933;13;U2158Z2;Benešov,Terminál;49.8359;14.67533
20260520_135622_L345;20260520_135622;20.05.2026;13:44:00;345;16;1865;10;U9440Z3;Liberec,aut.nádr.;50.54598;15.03771
20260520_135622_L385;20260520_135622;20.05.2026;13:44:00;385;19;1584;11;U1371Z3;Praha,Opatov;50.00476;14.56424
20260520_135622_L398;20260520_135622;20.05.2026;13:46:00;398;22;8267;10;U155Z2;Praha,Černý Most;50.11805;14.62856
20260520_135622_L401;20260520_135622;20.05.2026;13:39:00;401;62;7775;16;U4886Z5;Praha,Roztyly;49.41333;14.67483
20260520_135622_L405;20260520_135622;20.05.2026;13:44:00;405;65;1420;12;U31028Z1;Špindlerův Mlýn,aut.st.;50.64577;15.60791
20260520_135622_L454;20260520_135622;20.05.2026;13:45:00;454;5;7067;10;U7623Z2;Sedlčany,aut.st.;49.60675;14.47641
20260520_135622_L466;20260520_135622;20.05.2026;13:45:00;466;23;8019;10;U4243Z1;Kralupy n.Vlt.,obchodní centrum;50.26068;14.29764
20260520_135622_L470;20260520_135622;20.05.2026;13:43:00;470;51;8017;12;U2235Z1;Kralupy n.Vlt.,žel.st.;50.24576;14.3147
20260520_135622_L474;20260520_135622;20.05.2026;13:45:00;474;41;8056;11;U1792Z1;Mělník,Na Brabčově;50.34397;14.48707
20260520_135622_L480;20260520_135622;20.05.2026;13:45:00;480;25;7526;10;U7886Z1;Klučenice;49.65091;14.0234
20260520_135622_L484;20260520_135622;20.05.2026;13:16:00;484;31;8144;39;U2315Z1;Úvaly,žel.st.;50.0742;14.72303
20260520_135622_L540;20260520_135622;20.05.2026;13:00:00;540;15;7594;54;U6709Z1;Záhornice,U Tylů;50.24745;15.2858
20260520_135622_L550;20260520_135622;20.05.2026;13:43:00;550;75;7889;10;U6757Z1;Vlašim,žel.st.;49.70086;14.89716
20260520_135622_L617;20260520_135622;20.05.2026;13:45:00;617;15;7325;10;U4836Z1;Kladno,autobusové nádraží;50.23639;14.07119
20260520_135622_L623;20260520_135622;20.05.2026;13:44:00;623;18;7332;11;U4409Z3;Kladno,autobusové nádraží;50.19861;14.20981
20260520_135622_L639;20260520_135622;20.05.2026;13:45:00;639;8;9586;10;U9841Z1;Hořovice,nám.B.Němcové;49.84634;13.96319
20260520_135622_L640;20260520_135622;20.05.2026;13:42:00;640;28;9424;12;U9810Z1;Hostomice,nám.;49.82578;14.04502
20260520_135622_L641;20260520_135622;20.05.2026;13:43:00;641;16;9450;12;U4964Z2;Beroun,autobusové nádraží;49.96512;14.07073
20260520_135622_L662;20260520_135622;20.05.2026;13:41:00;662;11;1688;11;U2422Z2;Kounice;50.11027;14.85186
20260520_135622_L706;20260520_135622;20.05.2026;13:43:00;706;46;8573;10;U2816Z6;Jestřabí Lhota;50.0297;15.20781
20260520_135622_L721;20260520_135622;20.05.2026;13:45:00;721;30;10759;11;U31103Z2;Mnichovo Hradiště,dopravní terminál;50.63299;14.97242
20260520_135622_L742;20260520_135622;20.05.2026;13:17:00;742;5;7622;37;U31494Z7;Ledeč n.Sáz.,Podolí;49.69811;15.26597
20260520_135622_L799;20260520_135622;20.05.2026;13:32:00;799;72;7885;24;U7023Z2;Chotýšany;49.75998;14.84003
20260520_140023_L136;20260520_140023;20.05.2026;13:46:00;136;18;6974;13;U743Z2P;Jižní Město;50.08606;14.45557
20260520_140023_L136;20260520_140023;20.05.2026;13:50:00;136;15;6809;10;U286Z5P;Jižní Město;50.03056;14.52873
20260520_140023_L136;20260520_140023;20.05.2026;13:47:00;136;16;5546;13;U322Z3P;Jižní Město;50.04553;14.48473
20260520_140023_L203;20260520_140023;20.05.2026;13:49:00;203;8;1940;11;U2794Z1P;Háje;50.00933;14.49321
20260520_140023_L821;20260520_140023;20.05.2026;13:47:00;821;69;1583;12;U4994Z1;Kolín,nádraží;50.01916;15.17691
20260520_140023_L825;20260520_140023;20.05.2026;13:48:00;825;43;9581;12;U2388Z2;Mořinka;49.99068;14.15071
20260520_140023_L300;20260520_140023;20.05.2026;13:49:00;300;22;8998;11;U4145Z1;Smečno;50.16932;14.058
20260520_140023_L316;20260520_140023;20.05.2026;13:50:00;316;2;8969;10;U5002Z1;Kralupy n.Vlt.,žel.st.;50.2008;14.30109
20260520_140023_L337;20260520_140023;20.05.2026;13:43:00;337;12;9933;14;U2158Z2;Benešov,Terminál;49.82838;14.68754
20260520_140023_L345;20260520_140023;20.05.2026;13:50:00;345;16;1865;10;U31057Z1;Liberec,aut.nádr.;50.57503;15.06904
20260520_140023_L381;20260520_140023;20.05.2026;13:50:00;381;7;9362;10;U336Z2;Praha,Háje;50.03218;14.59806
20260520_140023_L392;20260520_140023;20.05.2026;13:50:00;392;12;9560;10;U9629Z1;Příbram,aut.nádr.;49.75075;14.08981
20260520_140023_L398;20260520_140023;20.05.2026;13:49:00;398;22;8267;11;U452Z2;Praha,Černý Most;50.11509;14.61069
20260520_140023_L405;20260520_140023;20.05.2026;13:47:00;405;65;1420;13;U31030Z1;Špindlerův Mlýn,aut.st.;50.66245;15.59617
20260520_140023_L406;20260520_140023;20.05.2026;13:50:00;406;2;7944;10;U6042Z4;Pelhřimov,aut.nádr.;49.70661;14.90171
20260520_140023_L410;20260520_140023;20.05.2026;13:49:00;410;4;11698;10;U31309Z1;Mimoň,aut.st.;50.55168;14.54559
20260520_140023_L433;20260520_140023;20.05.2026;13:50:00;433;14;8602;10;U2589Z2;Pečky,žel.st.;50.15377;15.00631
20260520_140023_L448;20260520_140023;20.05.2026;13:50:00;448;60;1135;10;U9217Z1;Mníšek p.Brdy,náměstí;49.92456;14.26244
20260520_140023_L450;20260520_140023;20.05.2026;13:45:00;450;24;7505;14;U7826Z1;Petrovice;49.5791;14.35201
20260520_140023_L454;20260520_140023;20.05.2026;13:47:00;454;5;7067;12;U7763Z2;Sedlčany,aut.st.;49.6138;14.45943
20260520_140023_L466;20260520_140023;20.05.2026;13:50:00;466;23;8019;10;U4242Z1;Kralupy n.Vlt.,obchodní centrum;50.25602;14.28541
20260520_140023_L467;20260520_140023;20.05.2026;13:47:00;467;14;8011;13;U4728Z1;Roudnice n.L.,ČSAD;50.37371;14.39034
20260520_140023_L473;20260520_140023;20.05.2026;13:49:00;473;7;8122;11;U2286Z1;Kralupy n.Vlt.,žel.st.;50.2414;14.31172
20260520_140023_L474;20260520_140023;20.05.2026;13:48:00;474;41;8056;11;U3330Z2;Mělník,Na Brabčově;50.34067;14.49594
20260520_140023_L480;20260520_140023;20.05.2026;13:49:00;480;25;7526;10;U7721Z1;Klučenice;49.63419;14.03972
20260520_140023_L484;20260520_140023;20.05.2026;13:16:00;484;31;8144;43;U2315Z1;Úvaly,žel.st.;50.0742;14.72303
20260520_140023_L540;20260520_140023;20.05.2026;13:00:00;540;15;7594;58;U6709Z1;Záhornice,U Tylů;50.24745;15.28581
20260520_140023_L639;20260520_140023;20.05.2026;13:49:00;639;8;9586;11;U5989Z1;Hořovice,nám.B.Němcové;49.83915;13.91839
20260520_140023_L640;20260520_140023;20.05.2026;13:42:00;640;28;9424;16;U9810Z1;Hostomice,nám.;49.8258;14.04499
20260520_140023_L641;20260520_140023;20.05.2026;13:46:00;641;16;9450;12;U1746Z1;Beroun,autobusové nádraží;49.95663;14.06424
20260520_140023_L706;20260520_140023;20.05.2026;13:47:00;706;46;8573;13;U6608Z1;Jestřabí Lhota;50.03355;15.20714
20260520_140023_L721;20260520_140023;20.05.2026;13:50:00;721;30;10759;10;U31106Z2;Mnichovo Hradiště,dopravní terminál;50.62956;14.95596
20260520_140023_L742;20260520_140023;20.05.2026;13:17:00;742;5;7622;41;U31494Z7;Ledeč n.Sáz.,Podolí;49.69811;15.26597
20260520_140023_L799;20260520_140023;20.05.2026;13:32:00;799;72;7885;28;U7023Z2;Chotýšany;49.75998;14.84002
20260520_140424_L136;20260520_140424;20.05.2026;13:50:00;136;18;6974;14;U118Z4P;Jižní Město;50.07811;14.46086
20260520_140424_L136;20260520_140424;20.05.2026;13:52:00;136;16;5546;12;U424Z1P;Jižní Město;50.03347;14.49934
20260520_140424_L203;20260520_140424;20.05.2026;13:52:00;203;8;1940;11;U307Z1P;Háje;50.01682;14.50126
20260520_140424_L821;20260520_140424;20.05.2026;13:52:00;821;69;1583;12;U4997Z1;Kolín,nádraží;50.02298;15.19949
20260520_140424_L345;20260520_140424;20.05.2026;13:50:00;345;16;1865;11;U31057Z1;Liberec,aut.nádr.;50.59665;15.11908
20260520_140424_L381;20260520_140424;20.05.2026;13:50:00;381;7;9362;11;U336Z2;Praha,Háje;50.03626;14.58136
20260520_140424_L384;20260520_140424;20.05.2026;13:54:00;384;15;9903;10;U4972Z2;Hořovice,nám.B.Němcové;49.94598;14.03405
20260520_140424_L385;20260520_140424;20.05.2026;13:54:00;385;7;1727;10;U3355Z1;Mukařov;49.99207;14.60653
20260520_140424_L405;20260520_140424;20.05.2026;13:49:00;405;65;1420;14;U31031Z1;Špindlerův Mlýn,aut.st.;50.68433;15.57801
20260520_140424_L410;20260520_140424;20.05.2026;13:52:00;410;4;11698;10;U31311Z1;Mimoň,aut.st.;50.55394;14.58443
20260520_140424_L439;20260520_140424;20.05.2026;13:49:00;439;52;1133;13;U4737Z2;Nový Knín;49.76184;14.32384
20260520_140424_L448;20260520_140424;20.05.2026;13:52:00;448;60;1135;12;U1626Z52;Mníšek p.Brdy,náměstí;49.92693;14.27185
20260520_140424_L450;20260520_140424;20.05.2026;13:49:00;450;24;7505;13;U7825Z1;Petrovice;49.55501;14.34071
20260520_140424_L454;20260520_140424;20.05.2026;13:52:00;454;5;7067;12;U7765Z2;Sedlčany,aut.st.;49.60543;14.43906
20260520_140424_L466;20260520_140424;20.05.2026;13:52:00;466;23;8019;10;U4241Z1;Kralupy n.Vlt.,obchodní centrum;50.24946;14.29902
20260520_140424_L467;20260520_140424;20.05.2026;13:51:00;467;14;8011;13;U4712Z1;Roudnice n.L.,ČSAD;50.38775;14.33591
20260520_140424_L480;20260520_140424;20.05.2026;13:51:00;480;25;7526;12;U7719Z1;Klučenice;49.63259;14.04621
20260520_140424_L540;20260520_140424;20.05.2026;13:00:00;540;15;7594;62;U6709Z1;Záhornice,U Tylů;50.24745;15.2858
20260520_140424_L639;20260520_140424;20.05.2026;13:53:00;639;8;9586;11;U9784Z1;Hořovice,nám.B.Němcové;49.83491;13.90696
20260520_140424_L640;20260520_140424;20.05.2026;13:42:00;640;28;9424;20;U9810Z1;Hostomice,nám.;49.82581;14.045
20260520_140424_L706;20260520_140424;20.05.2026;13:50:00;706;46;8573;13;U6610Z1;Jestřabí Lhota;50.04523;15.217
20260520_140424_L721;20260520_140424;20.05.2026;13:52:00;721;30;10759;10;U31107Z2;Mnichovo Hradiště,dopravní terminál;50.61243;14.94486
20260520_140424_L742;20260520_140424;20.05.2026;13:17:00;742;5;7622;45;U31494Z7;Ledeč n.Sáz.,Podolí;49.69811;15.26597
20260520_140424_L799;20260520_140424;20.05.2026;13:32:00;799;72;7885;31;U7023Z2;Chotýšany;49.74884;14.82351
20260520_140824_L136;20260520_140824;20.05.2026;13:54:00;136;18;6974;14;U855Z1P;Jižní Město;50.07447;14.46391
20260520_140824_L136;20260520_140824;20.05.2026;13:54:00;136;16;5546;14;U106Z2P;Jižní Město;50.02751;14.5078
20260520_140824_L163;20260520_140824;20.05.2026;13:58:00;163;51;9190;10;U621Z1P;Sídliště Rohožník;50.07313;14.67987
20260520_140824_L203;20260520_140824;20.05.2026;13:57:00;203;8;1940;11;U972Z2P;Háje;50.02333;14.48851
20260520_140824_L821;20260520_140824;20.05.2026;13:53:00;821;69;1583;14;U4998Z1;Kolín,nádraží;50.02319;15.20209
20260520_140824_L823;20260520_140824;20.05.2026;13:53:00;823;38;8126;13;U2315Z1;Úvaly,žel.st.;50.07401;14.72328
20260520_140824_L316;20260520_140824;20.05.2026;13:57:00;316;2;8969;10;U4220Z1;Kralupy n.Vlt.,žel.st.;50.23079;14.2914
20260520_140824_L337;20260520_140824;20.05.2026;13:54:00;337;12;9933;12;U2139Z2;Benešov,Terminál;49.78247;14.68094
20260520_140824_L345;20260520_140824;20.05.2026;13:50:00;345;16;1865;14;U31057Z1;Liberec,aut.nádr.;50.60643;15.11841
20260520_140824_L381;20260520_140824;20.05.2026;13:55:00;381;7;9362;11;U967Z2;Praha,Háje;50.03215;14.54742
20260520_140824_L384;20260520_140824;20.05.2026;13:57:00;384;15;9903;11;U4979Z2;Hořovice,nám.B.Němcové;49.93641;14.01943
20260520_140824_L385;20260520_140824;20.05.2026;13:58:00;385;7;1727;10;U1925Z1;Mukařov;49.98799;14.63825
20260520_140824_L406;20260520_140824;20.05.2026;13:54:00;406;2;7944;13;U9391Z7;Pelhřimov,aut.nádr.;49.69996;14.90086
20260520_140824_L410;20260520_140824;20.05.2026;13:56:00;410;4;11698;10;U31343Z1;Mimoň,aut.st.;50.56117;14.6183
20260520_140824_L412;20260520_140824;20.05.2026;13:53:00;412;41;9883;15;U31001Z2;Sobotka,nám.;50.46791;15.1803
20260520_140824_L430;20260520_140824;20.05.2026;13:55:00;430;8;8566;11;U2467Z1;Lipník;50.25256;14.90777
20260520_140824_L439;20260520_140824;20.05.2026;13:53:00;439;52;1133;13;U4736Z2;Nový Knín;49.77297;14.30739
20260520_140824_L448;20260520_140824;20.05.2026;13:53:00;448;60;1135;14;U1852Z51;Mníšek p.Brdy,náměstí;49.92682;14.27509
20260520_140824_L454;20260520_140824;20.05.2026;13:54:00;454;5;7067;12;U7769Z2;Sedlčany,aut.st.;49.62282;14.43662
20260520_140824_L466;20260520_140824;20.05.2026;13:57:00;466;23;8019;11;U4224Z3;Kralupy n.Vlt.,obchodní centrum;50.23954;14.30647
20260520_140824_L467;20260520_140824;20.05.2026;13:54:00;467;14;8011;14;U4713Z1;Roudnice n.L.,ČSAD;50.40627;14.30073
20260520_140824_L478;20260520_140824;20.05.2026;13:57:00;478;17;8118;11;U1924Z1;Brandýs n.L.-St.Bol.,Žel.st.;50.19211;14.66904
20260520_140824_L540;20260520_140824;20.05.2026;13:00:00;540;15;7594;65;U6709Z1;Záhornice,U Tylů;50.24745;15.2858
20260520_140824_L588;20260520_140824;20.05.2026;13:58:00;588;23;7724;10;U4842Z1;Milý;50.25324;14.029
20260520_140824_L640;20260520_140824;20.05.2026;13:42:00;640;28;9424;24;U9810Z1;Hostomice,nám.;49.82581;14.04499
20260520_140824_L679;20260520_140824;20.05.2026;13:55:00;679;31;8545;10;U5896Z2;Kolín,nádraží;50.02454;15.21431
20260520_140824_L706;20260520_140824;20.05.2026;13:57:00;706;46;8573;11;U6613Z1;Jestřabí Lhota;50.06281;15.23849
20260520_140824_L742;20260520_140824;20.05.2026;13:17:00;742;5;7622;49;U31494Z7;Ledeč n.Sáz.,Podolí;49.69811;15.26597
20260520_141225_L345;20260520_141225;20.05.2026;13:50:00;345;16;1865;18;U31057Z1;Liberec,aut.nádr.;50.6098;15.11597
20260520_141225_L634;20260520_141225;20.05.2026;13:57:00;634;27;9406;13;U2895Z2;Hostomice,nám.;49.82573;14.04504
20260520_141225_L480;20260520_141225;20.05.2026;13:58:00;480;25;7526;13;U7804Z1;Klučenice;49.61184;14.1041
20260520_141225_L430;20260520_141225;20.05.2026;13:55:00;430;8;8566;15;U2467Z1;Lipník;50.25256;14.90777
20260520_141225_L136;20260520_141225;20.05.2026;13:59:00;136;18;6974;13;U680Z3P;Jižní Město;50.06885;14.46898
20260520_141225_L136;20260520_141225;20.05.2026;14:01:00;136;1;6968;11;U512Z5P;Jižní Město;50.08996;14.46593
20260520_141225_L410;20260520_141225;20.05.2026;13:58:00;410;4;11698;10;U31313Z1;Mimoň,aut.st.;50.56271;14.64578
20260520_141225_L392;20260520_141225;20.05.2026;14:01:00;392;12;9560;11;U9636Z1;Příbram,aut.nádr.;49.7353;14.09366
20260520_141225_L617;20260520_141225;20.05.2026;13:58:00;617;15;7325;10;U1915Z2;Kladno,autobusové nádraží;50.18989;14.06172
20260520_141225_L136;20260520_141225;20.05.2026;13:58:00;136;16;5546;14;U353Z1P;Jižní Město;50.02624;14.5215
20260520_141225_L499;20260520_141225;20.05.2026;14:02:00;499;13;8690;10;U3256Z2;Mladá Boleslav,aut.st.;50.41117;14.91671
20260520_141225_L316;20260520_141225;20.05.2026;14:02:00;316;2;8969;10;U4190Z1;Kralupy n.Vlt.,žel.st.;50.24013;14.30092
20260520_141225_L478;20260520_141225;20.05.2026;14:02:00;478;17;8118;10;U3001Z2;Brandýs n.L.-St.Bol.,Žel.st.;50.20446;14.69025
20260520_141225_L203;20260520_141225;20.05.2026;14:01:00;203;8;1940;11;U1032Z2P;Háje;50.03413;14.48338
20260520_141225_L466;20260520_141225;20.05.2026;13:59:00;466;23;8019;13;U2286Z1;Kralupy n.Vlt.,obchodní centrum;50.2414;14.31171
20260520_141225_L467;20260520_141225;20.05.2026;13:58:00;467;14;8011;13;U4715Z1;Roudnice n.L.,ČSAD;50.4201;14.26608
20260520_141225_L406;20260520_141225;20.05.2026;13:59:00;406;2;7944;13;U5784Z1;Pelhřimov,aut.nádr.;49.69088;14.91413
20260520_141225_L387;20260520_141225;20.05.2026;14:02:00;387;15;9369;10;U1909Z1;Uhlířské Janovice,nám.;49.98897;14.75748
20260520_141225_L463;20260520_141225;20.05.2026;13:59:00;463;6;9577;13;U9889Z2;Městec Králové,nám.;50.31601;15.13547
20260520_141225_L400;20260520_141225;20.05.2026;13:59:00;400;25;11695;11;U31359Z2;Praha,Střížkov;50.7412;14.55143
20260520_141225_L742;20260520_141225;20.05.2026;13:17:00;742;5;7622;53;U31494Z7;Ledeč n.Sáz.,Podolí;49.69811;15.26597
20260520_141225_L823;20260520_141225;20.05.2026;13:53:00;823;38;8126;17;U2315Z1;Úvaly,žel.st.;50.07401;14.72328
20260520_141225_L454;20260520_141225;20.05.2026;14:01:00;454;5;7067;11;U7930Z2;Sedlčany,aut.st.;49.64189;14.43459
20260520_141225_L585;20260520_141225;20.05.2026;14:02:00;585;29;7659;10;U31996Z1;Jičín,aut.st.;50.32486;15.27972
20260520_141626_L630;20260520_141626;20.05.2026;14:06:00;630;36;8831;10;U4892Z1;Beroun,Jarov,náves;50.09814;14.08753
20260520_141626_L617;20260520_141626;20.05.2026;14:06:00;617;15;7325;10;U4797Z2;Kladno,autobusové nádraží;50.18276;14.07708
20260520_141626_L634;20260520_141626;20.05.2026;13:57:00;634;27;9406;17;U2895Z2;Hostomice,nám.;49.82579;14.04512
20260520_141626_L497;20260520_141626;20.05.2026;14:05:00;497;9;8565;11;U2970Z51;Nymburk,hl.nádr.;50.1881;15.03756
20260520_141626_L531;20260520_141626;20.05.2026;14:05:00;531;6;9574;11;U9618Z5;Příbram,Archiv;49.83323;13.90371
20260520_141626_L430;20260520_141626;20.05.2026;13:55:00;430;8;8566;19;U2467Z1;Lipník;50.25256;14.90777
20260520_141626_L452;20260520_141626;20.05.2026;14:06:00;452;80;7822;10;U6582Z1;Mladá Vožice,aut.st.;49.60468;14.71501
20260520_141626_L136;20260520_141626;20.05.2026;14:03:00;136;18;6974;13;U183Z3P;Jižní Město;50.05607;14.47161
20260520_141626_L136;20260520_141626;20.05.2026;14:04:00;136;1;6968;12;U743Z2P;Jižní Město;50.08516;14.45552
20260520_141626_L627;20260520_141626;20.05.2026;14:06:00;627;22;8998;10;U9286Z2;Slaný,aut.nádr.;50.18658;13.99714
20260520_141626_L401;20260520_141626;20.05.2026;14:01:00;401;69;7875;12;U6487Z1;Tábor,aut.nádr.;49.57392;14.66121
20260520_141626_L499;20260520_141626;20.05.2026;14:03:00;499;13;8690;11;U3389Z1;Mladá Boleslav,aut.st.;50.41796;14.91281
20260520_141626_L633;20260520_141626;20.05.2026;14:05:00;633;54;9582;11;U4957Z2;Liteň,nám.;49.97638;14.04897
20260520_141626_L387;20260520_141626;20.05.2026;14:05:00;387;15;9369;11;U2011Z1;Uhlířské Janovice,nám.;49.98733;14.78891
20260520_141626_L203;20260520_141626;20.05.2026;14:03:00;203;8;1940;12;U601Z3P;Háje;50.04011;14.48207
20260520_141626_L385;20260520_141626;20.05.2026;14:05:00;385;7;1727;10;U1883Z1;Mukařov;49.99614;14.66
20260520_141626_L345;20260520_141626;20.05.2026;13:50:00;345;16;1865;22;U31057Z1;Liberec,aut.nádr.;50.61198;15.11432
20260520_141626_L316;20260520_141626;20.05.2026;14:05:00;316;2;8969;10;U4224Z1;Kralupy n.Vlt.,žel.st.;50.2409;14.30959
20260520_141626_L410;20260520_141626;20.05.2026;14:03:00;410;4;11698;11;U31041Z2;Mimoň,aut.st.;50.56745;14.64724
20260520_141626_L585;20260520_141626;20.05.2026;14:05:00;585;29;7659;11;U32506Z2;Jičín,aut.st.;50.32754;15.32295
20260520_141626_L133;20260520_141626;20.05.2026;14:02:00;133;8;3714;14;U660Z4P;Florenc;50.08327;14.50904
20260520_141626_L706;20260520_141626;20.05.2026;14:02:00;706;46;8573;12;U6647Z2;Jestřabí Lhota;50.09132;15.25267
20260520_141626_L742;20260520_141626;20.05.2026;13:17:00;742;5;7622;57;U31494Z7;Ledeč n.Sáz.,Podolí;49.69811;15.26597
20260520_141626_L466;20260520_141626;20.05.2026;14:04:00;466;23;8019;11;U2286Z2;Kralupy n.Vlt.,obchodní centrum;50.24155;14.31102
20260520_141626_L332;20260520_141626;20.05.2026;14:03:00;332;3;9162;11;U488Z6;Neveklov;50.02291;14.46112
20260520_141626_L658;20260520_141626;20.05.2026;14:06:00;658;8;8059;10;U1304Z1;Neratovice,Žel.st.;50.26139;14.51642
20260520_141626_L467;20260520_141626;20.05.2026;14:02:00;467;14;8011;14;U4716Z2;Roudnice n.L.,ČSAD;50.42265;14.25388
20260520_141626_L463;20260520_141626;20.05.2026;14:01:00;463;6;9577;12;U9888Z2;Městec Králové,nám.;50.31218;15.16328
20260520_141626_L823;20260520_141626;20.05.2026;13:53:00;823;38;8126;20;U2315Z1;Úvaly,žel.st.;50.0742;14.72305
20260520_141626_L480;20260520_141626;20.05.2026;14:01:00;480;25;7526;14;U7802Z1;Klučenice;49.60508;14.11032
20260520_141626_L454;20260520_141626;20.05.2026;14:03:00;454;5;7067;11;U7924Z2;Sedlčany,aut.st.;49.65722;14.42974
20260520_141626_L650;20260520_141626;20.05.2026;14:03:00;650;18;1253;10;U31415Z5;Litoměřice,žel.st.hor.;50.53597;14.13335
20260520_141626_L384;20260520_141626;20.05.2026;14:05:00;384;15;9903;11;U9105Z2;Hořovice,nám.B.Němcové;49.91181;13.97896
20260520_141626_L392;20260520_141626;20.05.2026;14:05:00;392;12;9560;10;U9638Z1;Příbram,aut.nádr.;49.71575;14.06908
20260520_141626_L406;20260520_141626;20.05.2026;14:03:00;406;2;7944;13;U9393Z1;Pelhřimov,aut.nádr.;49.68059;14.94769
20260520_142027_L322;20260520_142027;20.05.2026;14:06:00;322;14;8837;10;U4816Z1;Praha,Nádraží Veleslavín;50.15012;14.17861
20260520_142027_L658;20260520_142027;20.05.2026;14:06:00;658;8;8059;12;U1304Z1;Neratovice,Žel.st.;50.26139;14.51642
20260520_142027_L133;20260520_142027;20.05.2026;14:05:00;133;8;3714;15;U161Z2P;Florenc;50.0814;14.49653
20260520_142027_L410;20260520_142027;20.05.2026;14:07:00;410;4;11698;12;U9450Z1;Mimoň,aut.st.;50.56767;14.65468
20260520_142027_L466;20260520_142027;20.05.2026;14:08:00;466;23;8019;11;U2235Z2;Kralupy n.Vlt.,obchodní centrum;50.25149;14.32119
20260520_142027_L742;20260520_142027;20.05.2026;13:17:00;742;5;7622;61;U31494Z7;Ledeč n.Sáz.,Podolí;49.69811;15.26597
20260520_142027_L136;20260520_142027;20.05.2026;14:07:00;136;18;6974;13;U322Z3P;Jižní Město;50.04604;14.48399
20260520_142027_L823;20260520_142027;20.05.2026;13:53:00;823;38;8126;24;U2315Z1;Úvaly,žel.st.;50.0742;14.72304
20260520_142027_L497;20260520_142027;20.05.2026;14:08:00;497;27;8569;11;U1325Z2;Milovice,žel.st.;50.18664;14.95558
20260520_142027_L467;20260520_142027;20.05.2026;14:06:00;467;14;8011;14;U9876Z1;Roudnice n.L.,ČSAD;50.42586;14.24153
20260520_142027_L332;20260520_142027;20.05.2026;14:09:00;332;3;9162;11;U799Z4;Neveklov;50.01073;14.47726
20260520_142027_L203;20260520_142027;20.05.2026;14:08:00;203;8;1940;11;U424Z1P;Háje;50.0334;14.50361
20260520_142027_L585;20260520_142027;20.05.2026;14:08:00;585;29;7659;10;U32504Z1;Jičín,aut.st.;50.35361;15.33059
20260520_142027_L452;20260520_142027;20.05.2026;14:10:00;452;80;7822;10;U31265Z1;Mladá Vožice,aut.st.;49.58531;14.74308
20260520_142027_L136;20260520_142027;20.05.2026;14:08:00;136;1;6968;12;U118Z4P;Jižní Město;50.07862;14.46059
20260520_142027_L463;20260520_142027;20.05.2026;14:09:00;463;6;9577;11;U6730Z1;Městec Králové,nám.;50.30144;15.17815
20260520_142027_L480;20260520_142027;20.05.2026;14:06:00;480;25;7526;14;U7061Z1;Klučenice;49.59993;14.12142
20260520_142027_L627;20260520_142027;20.05.2026;14:10:00;627;22;8998;10;U9282Z1;Slaný,aut.nádr.;50.19489;14.00648
20260520_142027_L531;20260520_142027;20.05.2026;14:09:00;531;6;9574;10;U9782Z2;Příbram,Archiv;49.83906;13.91779
20260520_142027_L630;20260520_142027;20.05.2026;14:08:00;630;36;8831;10;U4891Z1;Beroun,Jarov,náves;50.09211;14.10508
20260520_142027_L617;20260520_142027;20.05.2026;14:09:00;617;15;7325;10;U2803Z2;Kladno,autobusové nádraží;50.17226;14.08994
20260520_142027_L634;20260520_142027;20.05.2026;13:57:00;634;27;9406;21;U2895Z2;Hostomice,nám.;49.8258;14.04515
20260520_142027_L344;20260520_142027;20.05.2026;14:05:00;344;2;8062;13;U188Z2;Praha,Černý Most;50.10973;14.5815
20260520_142027_L354;20260520_142027;20.05.2026;14:07:00;354;12;1680;11;U188Z2;Praha,Černý Most;50.10918;14.58105
20260520_142027_L387;20260520_142027;20.05.2026;14:07:00;387;15;9369;11;U2012Z1;Uhlířské Janovice,nám.;49.99251;14.83065
20260520_142027_L406;20260520_142027;20.05.2026;14:07:00;406;2;7944;13;U7733Z1;Pelhřimov,aut.nádr.;49.66464;14.98153
20260520_142027_L400;20260520_142027;20.05.2026;14:08:00;400;25;11695;11;U31355Z2;Praha,Střížkov;50.69339;14.54143
20260520_142027_L384;20260520_142027;20.05.2026;14:08:00;384;15;9903;12;U1229Z2;Hořovice,nám.B.Němcové;49.89984;13.96059
20260520_142027_L385;20260520_142027;20.05.2026;14:08:00;385;7;1727;12;U7038Z2;Mukařov;49.99452;14.66733
20260520_142027_L136;20260520_142027;20.05.2026;14:09:00;136;20;6797;11;U512Z5P;Jižní Město;50.09037;14.46746
20260520_142027_L467;20260520_142027;20.05.2026;14:10:00;467;53;9824;10;U1794Z2;Mladá Boleslav,aut.st.;50.35349;14.48219
20260520_142427_L136;20260520_142427;20.05.2026;14:14:00;136;19;5538;10;U751Z2P;Jižní Město;50.0526;14.47512
20260520_142427_L658;20260520_142427;20.05.2026;14:06:00;658;8;8059;16;U1304Z1;Neratovice,Žel.st.;50.26139;14.51642
20260520_142427_L344;20260520_142427;20.05.2026;14:05:00;344;2;8062;16;U188Z2;Praha,Černý Most;50.10904;14.57988
20260520_142427_L136;20260520_142427;20.05.2026;14:12:00;136;26;6946;12;U512Z4P;Sídliště Čakovice;50.0915;14.46869
20260520_142427_L136;20260520_142427;20.05.2026;14:12:00;136;1;6968;11;U855Z1P;Jižní Město;50.07441;14.4646
20260520_142427_L463;20260520_142427;20.05.2026;14:14:00;463;6;9577;10;U6731Z1;Městec Králové,nám.;50.28835;15.22984
20260520_142427_L400;20260520_142427;20.05.2026;14:12:00;400;58;1081;11;U31365Z1;Praha,Střížkov;50.78286;14.58726
20260520_142427_L641;20260520_142427;20.05.2026;14:12:00;641;23;9561;11;U9856Z1;Zdice,nám.;49.88264;13.94296
20260520_142427_L400;20260520_142427;20.05.2026;14:11:00;400;25;11695;12;U32490Z1;Praha,Střížkov;50.68011;14.53686
20260520_142427_L630;20260520_142427;20.05.2026;14:13:00;630;36;8831;11;U4895Z1;Beroun,Jarov,náves;50.0853;14.13027
20260520_142427_L773;20260520_142427;20.05.2026;14:13:00;773;1;7546;10;U2033Z2;Sázava,Čeřenice;49.8736;14.9067
20260520_142427_L410;20260520_142427;20.05.2026;14:09:00;410;4;11698;12;U31345Z1;Mimoň,aut.st.;50.57412;14.69112
20260520_142427_L332;20260520_142427;20.05.2026;14:10:00;332;3;9162;12;U423Z1;Neveklov;49.9989;14.48471
20260520_142427_L203;20260520_142427;20.05.2026;14:12:00;203;8;1940;12;U43Z2P;Háje;50.03568;14.51835
20260520_142427_L531;20260520_142427;20.05.2026;14:12:00;531;6;9574;12;U9806Z2;Příbram,Archiv;49.8317;13.93678
20260520_142427_L655;20260520_142427;20.05.2026;14:13:00;655;46;8128;11;U1606Z1;Úvaly,žel.st.;50.11586;14.6983
20260520_142427_L477;20260520_142427;20.05.2026;14:13:00;477;21;8008;11;U1947Z1;Brandýs n.L.-St.Bol.,Nádr.;50.18886;14.65713
20260520_142427_L480;20260520_142427;20.05.2026;14:09:00;480;25;7526;15;U7026Z1;Klučenice;49.60172;14.14066
20260520_142427_L823;20260520_142427;20.05.2026;13:53:00;823;38;8126;28;U2315Z1;Úvaly,žel.st.;50.0742;14.72304
20260520_142427_L383;20260520_142427;20.05.2026;14:14:00;383;31;9138;10;U2006Z1;Chocerady;49.98861;14.71217
20260520_142427_L585;20260520_142427;20.05.2026;14:13:00;585;29;7659;10;U32356Z1;Jičín,aut.st.;50.38246;15.33758
20260520_142427_L387;20260520_142427;20.05.2026;14:12:00;387;15;9369;10;U2015Z1;Uhlířské Janovice,nám.;49.9931;14.85677
20260520_142427_L385;20260520_142427;20.05.2026;14:12:00;385;7;1727;12;U1886Z1;Mukařov;49.99401;14.68487
20260520_142427_L406;20260520_142427;20.05.2026;14:09:00;406;2;7944;15;U7035Z1;Pelhřimov,aut.nádr.;49.64891;15.01322
20260520_142427_L353;20260520_142427;20.05.2026;14:09:00;353;21;8026;10;U4427Z1;Horoušany,Horoušánky,U Tří svatých;50.11648;14.69715
20260520_142427_L354;20260520_142427;20.05.2026;14:07:00;354;12;1680;15;U188Z2;Praha,Černý Most;50.10913;14.58105
20260520_142427_L742;20260520_142427;20.05.2026;13:17:00;742;5;7622;65;U31494Z7;Ledeč n.Sáz.,Podolí;49.69811;15.26597
20260520_142427_L634;20260520_142427;20.05.2026;13:57:00;634;27;9406;25;U2895Z2;Hostomice,nám.;49.82591;14.0446
20260520_142427_L136;20260520_142427;20.05.2026;14:10:00;136;18;6974;14;U181Z1P;Jižní Město;50.03945;14.49054
20260520_142427_L136;20260520_142427;20.05.2026;14:12:00;136;20;6797;12;U743Z2P;Jižní Město;50.08608;14.4555
20260520_142427_L497;20260520_142427;20.05.2026;14:08:00;497;27;8569;14;U1325Z2;Milovice,žel.st.;50.18669;14.95569
20260520_142427_L617;20260520_142427;20.05.2026;14:14:00;617;15;7325;10;U4603Z2;Kladno,autobusové nádraží;50.16391;14.1031
20260520_142828_L344;20260520_142828;20.05.2026;14:05:00;344;2;8062;21;U188Z2;Praha,Černý Most;50.10904;14.57988
20260520_142828_L445;20260520_142828;20.05.2026;14:18:00;445;15;7402;10;U1586Z1;Jílové u Prahy,Náměstí;49.89786;14.4692
20260520_142828_L136;20260520_142828;20.05.2026;14:15:00;136;1;6968;13;U29Z1P;Jižní Město;50.07205;14.47058
20260520_142828_L466;20260520_142828;20.05.2026;14:15:00;466;27;1055;11;U4246Z2;Spomyšl;50.28202;14.31531
20260520_142828_L136;20260520_142828;20.05.2026;14:17:00;136;2;6735;11;U512Z5P;Jižní Město;50.09003;14.46646
20260520_142828_L410;20260520_142828;20.05.2026;14:13:00;410;4;11698;13;U31347Z1;Mimoň,aut.st.;50.58813;14.72702
20260520_142828_L400;20260520_142828;20.05.2026;14:17:00;400;58;1081;11;U31363Z2;Praha,Střížkov;50.76114;14.55714
20260520_142828_L385;20260520_142828;20.05.2026;14:15:00;385;7;1727;12;U2006Z1;Mukařov;49.98935;14.71681
20260520_142828_L136;20260520_142828;20.05.2026;14:16:00;136;26;6946;12;U678Z1P;Sídliště Čakovice;50.10025;14.48712
20260520_142828_L630;20260520_142828;20.05.2026;14:14:00;630;36;8831;10;U1686Z2;Beroun,Jarov,náves;50.08541;14.12997
20260520_142828_L136;20260520_142828;20.05.2026;14:18:00;136;19;5538;10;U417Z1P;Jižní Město;50.04291;14.4878
20260520_142828_L136;20260520_142828;20.05.2026;14:18:00;136;20;6797;11;U518Z3P;Jižní Město;50.07657;14.4589
20260520_142828_L203;20260520_142828;20.05.2026;14:16:00;203;8;1940;12;U1020Z2P;Háje;50.0324;14.52257
20260520_142828_L353;20260520_142828;20.05.2026;14:14:00;353;21;8026;12;U1606Z1;Horoušany,Horoušánky,U Tří svatých;50.11382;14.70233
20260520_142828_L354;20260520_142828;20.05.2026;14:07:00;354;12;1680;19;U188Z2;Praha,Černý Most;50.10905;14.58081
20260520_142828_L531;20260520_142828;20.05.2026;14:15:00;531;6;9574;12;U9804Z2;Příbram,Archiv;49.81902;13.94105
20260520_142828_L641;20260520_142828;20.05.2026;14:12:00;641;23;9561;14;U9856Z1;Zdice,nám.;49.87123;13.94784
20260520_142828_L383;20260520_142828;20.05.2026;14:18:00;383;31;9138;10;U2008Z1;Chocerady;49.98954;14.74113
20260520_142828_L387;20260520_142828;20.05.2026;14:18:00;387;15;9369;10;U1978Z1;Uhlířské Janovice,nám.;49.98896;14.86464
20260520_142828_L392;20260520_142828;20.05.2026;14:17:00;392;12;9560;10;U9712Z3;Příbram,aut.nádr.;49.68971;14.008
20260520_142828_L655;20260520_142828;20.05.2026;14:15:00;655;46;8128;13;U6056Z1;Úvaly,žel.st.;50.10988;14.70351
20260520_142828_L765;20260520_142828;20.05.2026;14:15:00;765;35;1898;10;U1814Z1;Sibřina;50.01815;14.69279
20260520_142828_L322;20260520_142828;20.05.2026;14:18:00;322;14;8837;10;U4302Z2;Praha,Nádraží Veleslavín;50.14618;14.19958
20260520_142828_L332;20260520_142828;20.05.2026;14:15:00;332;3;9162;13;U4176Z2;Neveklov;49.98352;14.49542
20260520_142828_L646;20260520_142828;20.05.2026;14:16:00;646;24;8084;12;U2235Z1;Kralupy n.Vlt.,žel.st.;50.24586;14.31483
20260520_142828_L194;20260520_142828;20.05.2026;14:18:00;194;2;1907;10;U361Z6P;Nemocnice pod Petřínem;50.08788;14.40429
20260520_142828_L742;20260520_142828;20.05.2026;13:17:00;742;5;7622;69;U31494Z7;Ledeč n.Sáz.,Podolí;49.69811;15.26597
20260520_142828_L590;20260520_142828;20.05.2026;14:18:00;590;24;7745;10;U9119Z2;Vraný;50.31295;14.04911
20260520_142828_L633;20260520_142828;20.05.2026;14:18:00;633;54;9582;10;U1746Z1;Liteň,nám.;49.9596;14.06351
20260520_142828_L773;20260520_142828;20.05.2026;14:17:00;773;1;7546;10;U7916Z2;Sázava,Čeřenice;49.85156;14.90142
20260520_142828_L826;20260520_142828;20.05.2026;14:16:00;826;36;8583;10;U2448Z2;Tuklaty,Tlustovousy;50.0988;14.90672
20260520_142828_L658;20260520_142828;20.05.2026;14:06:00;658;8;8059;20;U1304Z1;Neratovice,Žel.st.;50.26139;14.51642
20260520_142828_L384;20260520_142828;20.05.2026;14:15:00;384;15;9903;12;U1230Z2;Hořovice,nám.B.Němcové;49.87427;13.89345
20260520_142828_L136;20260520_142828;20.05.2026;14:13:00;136;18;6974;14;U344Z1P;Jižní Město;50.02899;14.50748
20260520_142828_L823;20260520_142828;20.05.2026;13:53:00;823;38;8126;32;U2315Z1;Úvaly,žel.st.;50.0742;14.72304
20260520_142828_L637;20260520_142828;20.05.2026;14:18:00;637;55;9552;10;U9067Z2;Kublov,Slovanka;49.96209;13.96804
20260520_143228_L456;20260520_143228;20.05.2026;14:20:00;456;36;7072;11;U31254Z3;Miličín;49.53358;14.80887
20260520_143228_L450;20260520_143228;20.05.2026;14:21:00;450;24;7505;10;U7772Z2;Sedlčany,aut.st.;49.56632;14.39013
20260520_143228_L369;20260520_143228;20.05.2026;14:21:00;369;33;8270;11;U1796Z1;Mělník,Mlazice;50.36318;14.46774
20260520_143228_L136;20260520_143228;20.05.2026;14:19:00;136;1;6968;12;U37Z1P;Jižní Město;50.05994;14.46979
20260520_143228_L136;20260520_143228;20.05.2026;14:20:00;136;20;6797;10;U855Z1P;Jižní Město;50.07418;14.46747
20260520_143228_L203;20260520_143228;20.05.2026;14:19:00;203;8;1940;12;U4133Z1P;Háje;50.02699;14.53046
20260520_143228_L136;20260520_143228;20.05.2026;14:20:00;136;2;6735;11;U743Z2P;Jižní Město;50.08285;14.4588
20260520_143228_L531;20260520_143228;20.05.2026;14:20:00;531;6;9574;12;U3284Z2;Příbram,Archiv;49.80706;13.96908
20260520_143228_L580;20260520_143228;20.05.2026;14:21:00;580;20;7701;11;U4787Z1;Rakovník,aut.st.;50.23324;14.0801
20260520_143228_L383;20260520_143228;20.05.2026;14:18:00;383;31;9138;12;U2008Z1;Chocerady;49.97771;14.7371
20260520_143228_L384;20260520_143228;20.05.2026;14:18:00;384;15;9903;13;U9613Z2;Hořovice,nám.B.Němcové;49.85522;13.88971
20260520_143228_L387;20260520_143228;20.05.2026;14:22:00;387;15;9369;10;U2165Z1;Uhlířské Janovice,nám.;49.96644;14.88278
20260520_143228_L528;20260520_143228;20.05.2026;14:22:00;528;2;9549;10;U9614Z1;Broumy,radnice;49.85074;13.88705
20260520_143228_L823;20260520_143228;20.05.2026;13:53:00;823;38;8126;36;U2315Z1;Úvaly,žel.st.;50.0742;14.72304
20260520_143228_L445;20260520_143228;20.05.2026;14:21:00;445;15;7402;10;U2606Z2;Jílové u Prahy,Náměstí;49.90535;14.49313
20260520_143228_L410;20260520_143228;20.05.2026;14:18:00;410;4;11698;14;U31368Z1;Mimoň,aut.st.;50.61767;14.7067
20260520_143228_L646;20260520_143228;20.05.2026;14:18:00;646;24;8084;14;U2286Z1;Kralupy n.Vlt.,žel.st.;50.24122;14.3129
20260520_143228_L332;20260520_143228;20.05.2026;14:18:00;332;3;9162;13;U1332Z1;Neveklov;49.96821;14.51307
20260520_143228_L405;20260520_143228;20.05.2026;14:17:00;405;66;1421;10;U2987Z42;Praha,Černý Most;50.40281;14.92591
20260520_143228_L650;20260520_143228;20.05.2026;14:18:00;650;22;12536;10;U9004Z2;Litoměřice,žel.st.hor.;50.38816;14.1228
20260520_143228_L466;20260520_143228;20.05.2026;14:19:00;466;27;1055;13;U2346Z2;Spomyšl;50.27185;14.3238
20260520_143228_L663;20260520_143228;20.05.2026;14:22:00;663;51;8017;10;U2215Z3;Odolena Voda,Dolní náměstí;50.22039;14.40824
20260520_143228_L136;20260520_143228;20.05.2026;14:21:00;136;26;6946;11;U134Z5P;Sídliště Čakovice;50.10154;14.50319
20260520_143228_L354;20260520_143228;20.05.2026;14:07:00;354;12;1680;24;U188Z2;Praha,Černý Most;50.1099;14.5815
20260520_143228_L641;20260520_143228;20.05.2026;14:18:00;641;23;9561;14;U3268Z1;Zdice,nám.;49.88469;13.95698
20260520_143228_L616;20260520_143228;20.05.2026;14:20:00;616;31;8873;10;U4836Z1;Kladno,Sítná;50.23407;14.05604
20260520_143228_L463;20260520_143228;20.05.2026;14:22:00;463;6;9577;10;U6709Z1;Městec Králové,nám.;50.26015;15.28451
20260520_143228_L655;20260520_143228;20.05.2026;14:19:00;655;46;8128;13;U2354Z1;Úvaly,žel.st.;50.09233;14.71796
20260520_143228_L401;20260520_143228;20.05.2026;14:17:00;401;69;7875;13;U31273Z1;Tábor,aut.nádr.;49.45806;14.65837
20260520_143228_L406;20260520_143228;20.05.2026;14:17:00;406;2;7944;14;U7425Z1;Pelhřimov,aut.nádr.;49.59832;15.06617
20260520_143228_L630;20260520_143228;20.05.2026;14:21:00;630;36;8831;11;U4899Z2;Beroun,Jarov,náves;50.07972;14.09932
20260520_143228_L617;20260520_143228;20.05.2026;14:20:00;617;15;7325;10;U4313Z9;Kladno,autobusové nádraží;50.14262;14.09738
20260520_143228_L826;20260520_143228;20.05.2026;14:20:00;826;36;8583;10;U2412Z2;Tuklaty,Tlustovousy;50.08388;14.90857
20260520_143228_L773;20260520_143228;20.05.2026;14:21:00;773;1;7546;11;U7917Z1;Sázava,aut.st.;49.83525;14.91763
20260520_143228_L387;20260520_143228;20.05.2026;14:20:00;387;9;1686;11;U336Z2;Praha,Háje;50.03675;14.59169
20260520_143228_L742;20260520_143228;20.05.2026;13:17:00;742;5;7622;73;U31494Z7;Ledeč n.Sáz.,Podolí;49.69811;15.26597
20260520_143228_L633;20260520_143228;20.05.2026;14:22:00;633;54;9582;10;U2848Z6;Liteň,nám.;49.95754;14.07252
20260520_143228_L136;20260520_143228;20.05.2026;14:18:00;136;18;6974;14;U353Z1P;Jižní Město;50.02604;14.5211
20260520_143228_L856;20260520_143228;20.05.2026;14:21:00;856;9;1273;10;U4227Z2;Kralupy n.Vlt.,Zeměchy;50.24417;14.31305
20260520_143228_L658;20260520_143228;20.05.2026;14:06:00;658;8;8059;24;U1304Z1;Neratovice,Žel.st.;50.26139;14.51642
20260520_143228_L637;20260520_143228;20.05.2026;14:19:00;637;55;9552;11;U9066Z1;Kublov,Slovanka;49.9618;13.97554
20260520_143629_L630;20260520_143629;20.05.2026;14:25:00;630;4;8803;10;U4320Z2;Beroun,Jarov,náves;50.12768;14.11817
20260520_143629_L773;20260520_143629;20.05.2026;14:21:00;773;1;7546;13;U7917Z1;Sázava,aut.st.;49.84298;14.90418
20260520_143629_L493;20260520_143629;20.05.2026;14:26:00;493;26;8593;10;U2578Z1;Poděbrady,žel.st.;50.14264;15.122
20260520_143629_L136;20260520_143629;20.05.2026;14:25:00;136;20;6797;10;U680Z3P;Jižní Město;50.0684;14.46928
20260520_143629_L580;20260520_143629;20.05.2026;14:23:00;580;20;7701;12;U4836Z1;Rakovník,aut.st.;50.23602;14.06855
20260520_143629_L136;20260520_143629;20.05.2026;14:24:00;136;2;6735;11;U118Z4P;Jižní Město;50.07871;14.46052
20260520_143629_L369;20260520_143629;20.05.2026;14:26:00;369;44;8276;10;U2334Z1;Praha,Ládví;50.25411;14.49466
20260520_143629_L381;20260520_143629;20.05.2026;14:24:00;381;1;9372;10;U1886Z1;Čáslav,obchodní centrum;49.98898;14.70059
20260520_143629_L383;20260520_143629;20.05.2026;14:23:00;383;31;9138;13;U2035Z1;Chocerady;49.98109;14.72944
20260520_143629_L384;20260520_143629;20.05.2026;14:22:00;384;15;9903;14;U9615Z2;Hořovice,nám.B.Němcové;49.84394;13.88957
20260520_143629_L401;20260520_143629;20.05.2026;14:17:00;401;69;7875;14;U31273Z1;Tábor,aut.nádr.;49.43297;14.65805
20260520_143629_L406;20260520_143629;20.05.2026;14:22:00;406;2;7944;13;U31624Z1;Pelhřimov,aut.nádr.;49.57707;15.10026
20260520_143629_L531;20260520_143629;20.05.2026;14:25:00;531;6;9574;11;U9798Z2;Příbram,Archiv;49.7901;13.977
20260520_143629_L637;20260520_143629;20.05.2026;14:24:00;637;55;9552;10;U9068Z2;Kublov,Slovanka;49.97975;13.96909
20260520_143629_L641;20260520_143629;20.05.2026;14:21:00;641;23;9561;13;U9854Z1;Zdice,nám.;49.89985;13.9607
20260520_143629_L825;20260520_143629;20.05.2026;14:26:00;825;43;9581;10;U4256Z1;Mořinka;49.95485;14.20326
20260520_143629_L590;20260520_143629;20.05.2026;14:24:00;590;24;7745;10;U9117Z2;Vraný;50.33249;14.0338
20260520_143629_L616;20260520_143629;20.05.2026;14:20:00;616;31;8873;13;U4836Z1;Kladno,Sítná;50.23407;14.05604
20260520_143629_L625;20260520_143629;20.05.2026;14:26:00;625;23;8817;10;U2009Z1;Rakovník,aut.st.;50.10674;13.72926
20260520_143629_L856;20260520_143629;20.05.2026;14:24:00;856;9;1273;11;U2236Z2;Kralupy n.Vlt.,Zeměchy;50.23978;14.31364
20260520_143629_L742;20260520_143629;20.05.2026;13:17:00;742;5;7622;77;U31494Z7;Ledeč n.Sáz.,Podolí;49.69811;15.26597
20260520_143629_L430;20260520_143629;20.05.2026;14:24:00;430;7;8554;10;U1490Z1;Lysá n.L.,žel.st.;50.21744;14.84359
20260520_143629_L463;20260520_143629;20.05.2026;14:25:00;463;6;9577;11;U6952Z1;Městec Králové,nám.;50.24532;15.29183
20260520_143629_L765;20260520_143629;20.05.2026;14:23:00;765;35;1898;13;U1812Z2;Sibřina;50.03204;14.66832
20260520_143629_L450;20260520_143629;20.05.2026;14:23:00;450;24;7505;12;U7770Z1;Sedlčany,aut.st.;49.57499;14.39474
20260520_143629_L456;20260520_143629;20.05.2026;14:23:00;456;36;7072;12;U31268Z2;Miličín;49.55607;14.81979
20260520_143629_L650;20260520_143629;20.05.2026;14:26:00;650;22;12536;10;U31429Z1;Litoměřice,žel.st.hor.;50.40432;14.1289
20260520_143629_L853;20260520_143629;20.05.2026;14:25:00;853;31;7002;11;U31122Z2;Městec Králové,nám.;50.24311;15.4855
20260520_143629_L826;20260520_143629;20.05.2026;14:23:00;826;36;8583;11;U2407Z2;Tuklaty,Tlustovousy;50.07518;14.88953
20260520_143629_L136;20260520_143629;20.05.2026;14:24:00;136;26;6946;11;U474Z5P;Sídliště Čakovice;50.11099;14.50256
20260520_143629_L823;20260520_143629;20.05.2026;13:53:00;823;38;8126;40;U2315Z1;Úvaly,žel.st.;50.0742;14.72304
20260520_143629_L466;20260520_143629;20.05.2026;14:19:00;466;27;1055;15;U2346Z2;Spomyšl;50.27417;14.31906
20260520_143629_L658;20260520_143629;20.05.2026;14:06:00;658;8;8059;28;U1304Z1;Neratovice,Žel.st.;50.26139;14.51642
20260520_143629_L136;20260520_143629;20.05.2026;14:25:00;136;54;6885;11;U69Z2P;Jižní Město;50.08899;14.4616
20260520_143629_L484;20260520_143629;20.05.2026;14:24:00;484;31;8144;10;U2315Z1;Úvaly,žel.st.;50.07409;14.72319
20260520_143629_L136;20260520_143629;20.05.2026;14:24:00;136;1;6968;11;U697Z3P;Jižní Město;50.04782;14.48179
20260520_143629_L136;20260520_143629;20.05.2026;14:21:00;136;18;6974;15;U151Z1P;Jižní Město;50.03206;14.53446
20260520_143629_L617;20260520_143629;20.05.2026;14:22:00;617;15;7325;12;U3094Z2;Kladno,autobusové nádraží;50.14432;14.10473
20260520_143629_L663;20260520_143629;20.05.2026;14:24:00;663;51;8017;11;U2260Z1;Odolena Voda,Dolní náměstí;50.22699;14.41057
20260520_143629_L167;20260520_143629;20.05.2026;14:22:00;167;5;6935;11;U254Z6P;Na Knížecí;50.07146;14.39302
20260520_144029_L369;20260520_144029;20.05.2026;14:30:00;369;44;8276;10;U1959Z2;Praha,Ládví;50.21758;14.49655
20260520_144029_L136;20260520_144029;20.05.2026;14:30:00;136;20;6797;10;U751Z2P;Jižní Město;50.05306;14.47422
20260520_144029_L136;20260520_144029;20.05.2026;14:31:00;136;19;5538;10;U151Z1P;Jižní Město;50.03143;14.53376
20260520_144029_L136;20260520_144029;20.05.2026;14:28:00;136;2;6735;13;U855Z1P;Jižní Město;50.07459;14.46271
20260520_144029_L324;20260520_144029;20.05.2026;14:27:00;324;26;8971;10;U4836Z1;Praha,Zličín;50.234;14.0549
20260520_144029_L826;20260520_144029;20.05.2026;14:30:00;826;36;8583;10;U2269Z6;Tuklaty,Tlustovousy;50.07624;14.86641
20260520_144029_L201;20260520_144029;20.05.2026;14:30:00;201;4;4127;10;U606Z2P;Nádraží Holešovice;50.12369;14.50915
20260520_144029_L765;20260520_144029;20.05.2026;14:27:00;765;35;1898;13;U1254Z2;Sibřina;50.03914;14.68533
20260520_144029_L315;20260520_144029;20.05.2026;14:28:00;315;11;1864;10;U3393Z1;Mnichovo Hradiště,dopravní terminál;50.43877;14.92965
20260520_144029_L456;20260520_144029;20.05.2026;14:28:00;456;36;7072;12;U32142Z1;Miličín;49.57417;14.79655
20260520_144029_L400;20260520_144029;20.05.2026;14:30:00;400;5;11656;10;U6073Z1;Nový Bor,aut.nádr.;50.47456;14.47633
20260520_144029_L369;20260520_144029;20.05.2026;14:30:00;369;47;8269;10;U1786Z1;Štětí,záv.;50.30562;14.51404
20260520_144029_L370;20260520_144029;20.05.2026;14:28:00;370;23;8198;11;U2235Z1;Kralupy n.Vlt.,žel.st.;50.24161;14.31097
20260520_144029_L463;20260520_144029;20.05.2026;14:28:00;463;6;9577;10;U6710Z1;Městec Králové,nám.;50.21355;15.29151
20260520_144029_L493;20260520_144029;20.05.2026;14:30:00;493;26;8593;10;U2579Z2;Nymburk,hl.nádr.;50.14859;15.12455
20260520_144029_L497;20260520_144029;20.05.2026;14:27:00;497;27;8569;13;U1494Z2;Nymburk,hl.nádr.;50.22854;14.88639
20260520_144029_L484;20260520_144029;20.05.2026;14:24:00;484;31;8144;14;U2315Z1;Úvaly,žel.st.;50.07409;14.72319
20260520_144029_L823;20260520_144029;20.05.2026;13:53:00;823;38;8126;44;U2315Z1;Úvaly,žel.st.;50.0742;14.72304
20260520_144029_L450;20260520_144029;20.05.2026;14:23:00;450;24;7505;13;U7770Z1;Sedlčany,aut.st.;49.59057;14.38183
20260520_144029_L136;20260520_144029;20.05.2026;14:30:00;136;26;6946;10;U500Z1P;Sídliště Čakovice;50.12099;14.50417
20260520_144029_L630;20260520_144029;20.05.2026;14:30:00;630;4;8803;10;U4596Z1;Beroun,Jarov,náves;50.11677;14.12094
20260520_144029_L630;20260520_144029;20.05.2026;14:29:00;630;39;8805;10;U4904Z1;Kladno,autobusové nádraží;50.05504;14.09523
20260520_144029_L856;20260520_144029;20.05.2026;14:29:00;856;9;1273;11;U4230Z1;Kralupy n.Vlt.,Zeměchy;50.24215;14.30972
20260520_144029_L773;20260520_144029;20.05.2026;14:25:00;773;1;7546;14;U7916Z1;Sázava,aut.st.;49.85832;14.89876
20260520_144029_L400;20260520_144029;20.05.2026;14:29:00;400;58;1081;10;U31359Z2;Praha,Střížkov;50.74863;14.54955
20260520_144029_L381;20260520_144029;20.05.2026;14:30:00;381;1;9372;10;U2008Z1;Čáslav,obchodní centrum;49.98951;14.74054
20260520_144029_L383;20260520_144029;20.05.2026;14:28:00;383;31;9138;12;U2037Z1;Chocerady;49.9629;14.74521
20260520_144029_L384;20260520_144029;20.05.2026;14:25:00;384;15;9903;15;U9616Z5;Hořovice,nám.B.Němcové;49.83751;13.89836
20260520_144029_L387;20260520_144029;20.05.2026;14:25:00;387;9;1686;12;U967Z2;Praha,Háje;50.03358;14.53713
20260520_144029_L650;20260520_144029;20.05.2026;14:28:00;650;22;12536;10;U31428Z2;Litoměřice,žel.st.hor.;50.41414;14.15115
20260520_144029_L531;20260520_144029;20.05.2026;14:27:00;531;6;9574;12;U3285Z2;Příbram,Archiv;49.77754;13.99689
20260520_144029_L616;20260520_144029;20.05.2026;14:20:00;616;31;8873;18;U4836Z1;Kladno,Sítná;50.23407;14.05561
20260520_144029_L663;20260520_144029;20.05.2026;14:26:00;663;51;8017;13;U2221Z1;Odolena Voda,Dolní náměstí;50.23181;14.41424
20260520_144029_L637;20260520_144029;20.05.2026;14:29:00;637;55;9552;11;U9072Z4;Kublov,Slovanka;49.98091;13.94329
20260520_144029_L406;20260520_144029;20.05.2026;14:27:00;406;2;7944;13;U31660Z1;Pelhřimov,aut.nádr.;49.55823;15.11626
20260520_144029_L466;20260520_144029;20.05.2026;14:19:00;466;27;1055;19;U2346Z2;Spomyšl;50.27775;14.31773
20260520_144029_L658;20260520_144029;20.05.2026;14:06:00;658;8;8059;34;U1304Z1;Neratovice,Žel.st.;50.26139;14.51642
20260520_144029_L690;20260520_144029;20.05.2026;14:30:00;690;1;1815;10;U4356Z2;Chorušice;50.43715;14.63846
20260520_144029_L853;20260520_144029;20.05.2026;14:25:00;853;31;7002;15;U31122Z2;Městec Králové,nám.;50.24311;15.4855
20260520_144029_L332;20260520_144029;20.05.2026;14:28:00;332;3;9162;12;U2128Z1;Neveklov;49.93638;14.51289
20260520_144029_L630;20260520_144029;20.05.2026;14:30:00;630;36;8831;10;U4904Z2;Beroun,Jarov,náves;50.05036;14.09527
20260520_144029_L430;20260520_144029;20.05.2026;14:29:00;430;7;8554;11;U2430Z2;Lysá n.L.,žel.st.;50.20424;14.84163
20260520_144029_L474;20260520_144029;20.05.2026;14:28:00;474;41;8056;12;U1793Z9;Kokořín;50.34958;14.48862
20260520_144029_L311;20260520_144029;20.05.2026;14:29:00;311;41;9614;10;U2377Z1;Praha,Zličín;49.92597;14.22858
20260520_144029_L316;20260520_144029;20.05.2026;14:30:00;316;10;8889;10;U11013Z1;Holubice;50.16655;14.31476
20260520_144029_L526;20260520_144029;20.05.2026;14:30:00;526;23;9561;10;U9105Z2;Žebrák,nám.;49.91179;13.97898
20260520_144029_L136;20260520_144029;20.05.2026;14:28:00;136;1;6968;12;U181Z1P;Jižní Město;50.0392;14.4908
20260520_144029_L625;20260520_144029;20.05.2026;14:28:00;625;23;8817;12;U4338Z1;Rakovník,aut.st.;50.10151;13.73105
20260520_144029_L821;20260520_144029;20.05.2026;14:30:00;821;57;1618;10;U9000Z2;Sázava,aut.st.;50.00605;15.05791
20260520_144029_L742;20260520_144029;20.05.2026;13:17:00;742;5;7622;81;U31494Z7;Ledeč n.Sáz.,Podolí;49.69811;15.26597
20260520_144029_L580;20260520_144029;20.05.2026;14:23:00;580;20;7701;15;U4836Z1;Rakovník,aut.st.;50.23402;14.05611
20260520_144029_L633;20260520_144029;20.05.2026;14:28:00;633;54;9582;10;U4140Z1;Liteň,nám.;49.93688;14.08384
20260520_144029_L136;20260520_144029;20.05.2026;14:27:00;136;54;6885;12;U743Z2P;Jižní Město;50.0861;14.45558
20260520_144029_L167;20260520_144029;20.05.2026;14:27:00;167;5;6935;13;U1040Z14P;Na Knížecí;50.07105;14.40287
20260520_144430_L136;20260520_144430;20.05.2026;14:32:00;136;1;6968;12;U106Z2P;Jižní Město;50.02752;14.50775
20260520_144430_L410;20260520_144430;20.05.2026;14:32:00;410;3;11611;11;U31372Z1;Praha,Střížkov;50.65389;14.73135
20260520_144430_L650;20260520_144430;20.05.2026;14:34:00;650;23;12559;10;U1915Z1;Kladno,autobusové nádraží;50.18877;14.04164
20260520_144430_L400;20260520_144430;20.05.2026;14:32:00;400;25;11695;10;U31350Z2;Praha,Střížkov;50.59117;14.55225
20260520_144430_L136;20260520_144430;20.05.2026;14:34:00;136;20;6797;11;U417Z1P;Jižní Město;50.04355;14.4873
20260520_144430_L316;20260520_144430;20.05.2026;14:33:00;316;10;8889;10;U1691Z1;Holubice;50.19094;14.31092
20260520_144430_L335;20260520_144430;20.05.2026;14:34:00;335;8;9175;10;U1533Z3;Kamenice,Kult.dům;49.93804;14.55361
20260520_144430_L493;20260520_144430;20.05.2026;14:33:00;493;26;8593;11;U2578Z2;Nymburk,hl.nádr.;50.14306;15.12203
20260520_144430_L461;20260520_144430;20.05.2026;14:31:00;461;33;1600;12;U1539Z1;Kamenice,Kult.dům;49.90474;14.58704
20260520_144430_L383;20260520_144430;20.05.2026;14:31:00;383;31;9138;11;U2039Z1;Chocerady;49.93969;14.75555
20260520_144430_L300;20260520_144430;20.05.2026;14:34:00;300;25;8948;10;U3094Z1;Smečno;50.14348;14.09673
20260520_144430_L456;20260520_144430;20.05.2026;14:31:00;456;36;7072;12;U32143Z2;Miličín;49.57845;14.80477
20260520_144430_L450;20260520_144430;20.05.2026;14:32:00;450;24;7505;12;U5839Z2;Sedlčany,aut.st.;49.61773;14.38966
20260520_144430_L474;20260520_144430;20.05.2026;14:30:00;474;41;8056;13;U3341Z1;Kokořín;50.35132;14.49526
20260520_144430_L637;20260520_144430;20.05.2026;14:31:00;637;55;9552;12;U9073Z2;Kublov,Slovanka;49.9769;13.91764
20260520_144430_L856;20260520_144430;20.05.2026;14:32:00;856;9;1273;12;U4224Z2;Kralupy n.Vlt.,Zeměchy;50.23839;14.30654
20260520_144430_L400;20260520_144430;20.05.2026;14:32:00;400;5;11656;11;U6077Z1;Nový Bor,aut.nádr.;50.49262;14.48527
20260520_144430_L658;20260520_144430;20.05.2026;14:06:00;658;8;8059;36;U1304Z1;Neratovice,Žel.st.;50.26139;14.51642
20260520_144430_L381;20260520_144430;20.05.2026;14:32:00;381;1;9372;11;U1909Z1;Čáslav,obchodní centrum;49.98873;14.76166
20260520_144430_L136;20260520_144430;20.05.2026;14:34:00;136;26;6946;10;U1000Z12P;Sídliště Čakovice;50.1258;14.51675
20260520_144430_L324;20260520_144430;20.05.2026;14:34:00;324;29;8994;10;U4788Z1;Slaný,Rabasova;50.23423;14.07664
20260520_144430_L369;20260520_144430;20.05.2026;14:33:00;369;47;8269;11;U1788Z1;Štětí,záv.;50.31421;14.51502
20260520_144430_L509;20260520_144430;20.05.2026;14:33:00;509;20;9616;11;U9741Z1;Láz,Horní;49.67746;13.98355
20260520_144430_L369;20260520_144430;20.05.2026;14:34:00;369;44;8276;10;U1308Z2;Praha,Ládví;50.19544;14.49628
20260520_144430_L765;20260520_144430;20.05.2026;14:30:00;765;35;1898;14;U1912Z4;Sibřina;50.05662;14.67999
20260520_144430_L531;20260520_144430;20.05.2026;14:31:00;531;6;9574;11;U9794Z2;Příbram,Archiv;49.77578;14.00726
20260520_144430_L627;20260520_144430;20.05.2026;14:34:00;627;22;8998;10;U4812Z1;Slaný,aut.nádr.;50.22543;14.0837
20260520_144430_L826;20260520_144430;20.05.2026;14:32:00;826;36;8583;12;U2399Z1;Tuklaty,Tlustovousy;50.07474;14.85746
20260520_144430_L742;20260520_144430;20.05.2026;13:17:00;742;5;7622;85;U31494Z7;Ledeč n.Sáz.,Podolí;49.69811;15.26597
20260520_144430_L136;20260520_144430;20.05.2026;14:31:00;136;54;6885;13;U118Z4P;Jižní Město;50.07808;14.46072
20260520_144430_L332;20260520_144430;20.05.2026;14:30:00;332;3;9162;11;U2127Z1;Neveklov;49.91645;14.50084
20260520_144430_L136;20260520_144430;20.05.2026;14:31:00;136;2;6735;11;U29Z1P;Jižní Město;50.06964;14.46862
20260520_144430_L201;20260520_144430;20.05.2026;14:33:00;201;4;4127;11;U2704Z2P;Nádraží Holešovice;50.12878;14.49474
20260520_144430_L311;20260520_144430;20.05.2026;14:33:00;311;41;9614;10;U1665Z2;Praha,Zličín;49.93828;14.23109
20260520_144430_L690;20260520_144430;20.05.2026;14:30:00;690;1;1815;12;U4356Z2;Chorušice;50.43169;14.6554
20260520_144430_L406;20260520_144430;20.05.2026;14:31:00;406;2;7944;13;U31692Z1;Pelhřimov,aut.nádr.;49.54496;15.15729
20260520_144430_L392;20260520_144430;20.05.2026;14:34:00;392;3;9588;10;U4157Z2;Praha,Smíchovské nádraží;49.78489;14.1819
20260520_144430_L398;20260520_144430;20.05.2026;14:31:00;398;25;8271;11;U155Z2;Praha,Černý Most;50.11603;14.6163
20260520_144430_L430;20260520_144430;20.05.2026;14:31:00;430;7;8554;11;U2431Z2;Lysá n.L.,žel.st.;50.19593;14.84251
20260520_144830_L221;20260520_144830;20.05.2026;14:33:00;221;6;1747;13;U686Z1P;Klánovice;50.09517;14.66907
20260520_144830_L821;20260520_144830;20.05.2026;14:36:00;821;57;1618;10;U4983Z2;Sázava,aut.st.;50.00363;15.03108
20260520_144830_L410;20260520_144830;20.05.2026;14:36:00;410;3;11611;11;U31491Z14;Praha,Střížkov;50.63087;14.75207
20260520_144830_L136;20260520_144830;20.05.2026;14:37:00;136;26;6946;11;U771Z1P;Sídliště Čakovice;50.13486;14.50592
20260520_144830_L332;20260520_144830;20.05.2026;14:37:00;332;3;9162;11;U5931Z1;Neveklov;49.90184;14.49472
20260520_144830_L332;20260520_144830;20.05.2026;14:38:00;332;2;9192;10;U488Z7;Praha,Budějovická;50.03038;14.45509
20260520_144830_L400;20260520_144830;20.05.2026;14:36:00;400;5;11656;10;U31056Z1;Nový Bor,aut.nádr.;50.5116;14.49367
20260520_144830_L826;20260520_144830;20.05.2026;14:35:00;826;36;8583;11;U2397Z1;Tuklaty,Tlustovousy;50.07353;14.83545
20260520_144830_L369;20260520_144830;20.05.2026;14:37:00;369;44;8276;10;U1807Z2;Praha,Ládví;50.18628;14.4917
20260520_144830_L531;20260520_144830;20.05.2026;14:33:00;531;6;9574;12;U9795Z2;Příbram,Archiv;49.76097;14.00947
20260520_144830_L637;20260520_144830;20.05.2026;14:35:00;637;55;9552;12;U9074Z2;Kublov,Slovanka;49.97935;13.89102
20260520_144830_L509;20260520_144830;20.05.2026;14:36:00;509;20;9616;12;U9765Z1;Láz,Horní;49.66374;13.96202
20260520_144830_L663;20260520_144830;20.05.2026;14:38:00;663;51;8017;10;U2215Z1;Kralupy n.Vlt.,žel.st.;50.2213;14.40797
20260520_144830_L467;20260520_144830;20.05.2026;14:37:00;467;58;8069;10;U1795Z1;Roudnice n.L.,ČSAD;50.36187;14.46908
20260520_144830_L136;20260520_144830;20.05.2026;14:37:00;136;2;6735;11;U183Z3P;Jižní Město;50.05609;14.47158
20260520_144830_L306;20260520_144830;20.05.2026;14:38:00;306;4;8811;10;U4306Z3;Kladno,autobusové nádraží;50.13556;14.1247
20260520_144830_L630;20260520_144830;20.05.2026;14:37:00;630;36;8831;10;U4907Z2;Beroun,Jarov,náves;50.02899;14.0817
20260520_144830_L316;20260520_144830;20.05.2026;14:37:00;316;10;8889;10;U2125Z1;Holubice;50.20071;14.29881
20260520_144830_L324;20260520_144830;20.05.2026;14:36:00;324;29;8994;12;U4785Z2;Slaný,Rabasova;50.23204;14.06746
20260520_144830_L335;20260520_144830;20.05.2026;14:37:00;335;8;9175;11;U1535Z3;Kamenice,Kult.dům;49.92643;14.5681
20260520_144830_L345;20260520_144830;20.05.2026;14:37:00;345;15;8671;11;U3393Z2;Praha,Černý Most;50.43379;14.92648
20260520_144830_L369;20260520_144830;20.05.2026;14:35:00;369;47;8269;13;U1790Z1;Štětí,záv.;50.33289;14.49683
20260520_144830_L381;20260520_144830;20.05.2026;14:35:00;381;1;9372;13;U2011Z1;Čáslav,obchodní centrum;49.98777;14.79046
20260520_144830_L383;20260520_144830;20.05.2026;14:36:00;383;31;9138;11;U2041Z1;Chocerady;49.92682;14.76472
20260520_144830_L395;20260520_144830;20.05.2026;14:37:00;395;46;9868;10;U9661Z2;Praha,Smíchovské nádraží;49.6922;14.03916
20260520_144830_L398;20260520_144830;20.05.2026;14:37:00;398;25;8271;11;U188Z2;Praha,Černý Most;50.1125;14.5943
20260520_144830_L400;20260520_144830;20.05.2026;14:36:00;400;58;1081;10;U32150Z2;Praha,Střížkov;50.69943;14.54204
20260520_144830_L586;20260520_144830;20.05.2026;14:37:00;586;30;7749;11;U4606Z51;Nové Strašecí,Palackého;50.22434;14.04406
20260520_144830_L630;20260520_144830;20.05.2026;14:38:00;630;4;8803;10;U4891Z1;Beroun,Jarov,náves;50.10155;14.10088
20260520_144830_L856;20260520_144830;20.05.2026;14:36:00;856;9;1273;12;U2444Z1;Kralupy n.Vlt.,Zeměchy;50.23408;14.30893
20260520_144830_L474;20260520_144830;20.05.2026;14:35:00;474;41;8056;13;U3344Z1;Kokořín;50.35917;14.48682
20260520_144830_L690;20260520_144830;20.05.2026;14:35:00;690;1;1815;11;U6123Z2;Chorušice;50.42052;14.65759
20260520_144830_L412;20260520_144830;20.05.2026;14:37:00;412;41;9883;11;U31012Z2;Praha,Černý Most;50.43916;15.35047
20260520_144830_L406;20260520_144830;20.05.2026;14:35:00;406;2;7944;12;U31689Z1;Pelhřimov,aut.nádr.;49.52328;15.17062
20260520_144830_L493;20260520_144830;20.05.2026;14:36:00;493;26;8593;12;U2577Z2;Nymburk,hl.nádr.;50.13372;15.10354
20260520_144830_L742;20260520_144830;20.05.2026;13:17:00;742;5;7622;89;U31494Z7;Ledeč n.Sáz.,Podolí;49.69474;15.27218
20260520_144830_L450;20260520_144830;20.05.2026;14:35:00;450;24;7505;12;U5879Z2;Sedlčany,aut.st.;49.62184;14.42172
20260520_144830_L456;20260520_144830;20.05.2026;14:37:00;456;36;7072;10;U32141Z2;Miličín;49.60152;14.77446
20260520_144830_L650;20260520_144830;20.05.2026;14:38:00;650;23;12559;10;U4933Z2;Kladno,autobusové nádraží;50.16787;14.01776
20260520_144830_L650;20260520_144830;20.05.2026;14:36:00;650;22;12536;10;U31425Z2;Litoměřice,žel.st.hor.;50.45619;14.15027
20260520_144830_L197;20260520_144830;20.05.2026;14:37:00;197;3;5528;10;U337Z13P;Smíchovské nádraží;50.05256;14.40913
20260520_144830_L136;20260520_144830;20.05.2026;14:35:00;136;54;6885;12;U855Z1P;Jižní Město;50.07413;14.46747
20260520_144830_L136;20260520_144830;20.05.2026;14:36:00;136;1;6968;12;U353Z1P;Jižní Město;50.02667;14.52228
20260520_144830_L646;20260520_144830;20.05.2026;14:36:00;646;12;8077;11;U4247Z2;Kralupy n.Vlt.,žel.st.;50.27746;14.31773
20260520_144830_L515;20260520_144830;20.05.2026;14:36:00;515;13;9781;10;U9712Z3;Příbram,aut.nádr.;49.69226;14.00433
20260520_144830_L136;20260520_144830;20.05.2026;14:39:00;136;20;6797;10;U344Z1P;Jižní Město;50.0318;14.50437
20260520_144830_L121;20260520_144830;20.05.2026;14:36:00;121;8;2320;10;U441Z2P;Poliklinika Budějovická;50.03489;14.45479
20260520_144830_L201;20260520_144830;20.05.2026;14:36:00;201;4;4127;11;U683Z2P;Nádraží Holešovice;50.12532;14.48609
20260520_145231_L366;20260520_145231;20.05.2026;14:39:00;366;2;4517;10;U2072Z3;Mukařov;49.99762;14.75406
20260520_145231_L136;20260520_145231;20.05.2026;14:42:00;136;26;6946;10;U368Z1P;Sídliště Čakovice;50.14956;14.50665
20260520_145231_L737;20260520_145231;20.05.2026;14:42:00;737;5;9510;10;U6196Z1;Čistá,hřiště;50.47639;14.84729
20260520_145231_L625;20260520_145231;20.05.2026;14:42:00;625;23;8817;10;U4340Z2;Kladno,autobusové nádraží;50.10517;13.72486
20260520_145231_L856;20260520_145231;20.05.2026;14:40:00;856;9;1273;12;U4220Z1;Kralupy n.Vlt.,Zeměchy;50.22817;14.29665
20260520_145231_L670;20260520_145231;20.05.2026;14:41:00;670;27;8007;10;U1830Z2;Brandýs n.L.-St.Bol.,Aut.st.;50.19957;14.68255
20260520_145231_L395;20260520_145231;20.05.2026;14:39:00;395;46;9868;10;U9647Z2;Praha,Smíchovské nádraží;49.70422;14.08893
20260520_145231_L389;20260520_145231;20.05.2026;14:40:00;389;16;7754;11;U4776Z1;Hořešovice;50.22877;14.09267
20260520_145231_L324;20260520_145231;20.05.2026;14:39:00;324;29;8994;12;U4783Z2;Slaný,Rabasova;50.22757;14.06779
20260520_145231_L203;20260520_145231;20.05.2026;14:42:00;203;6;1917;10;U908Z1P;Háje;50.02114;14.46284
20260520_145231_L332;20260520_145231;20.05.2026;14:39:00;332;3;9162;10;U2109Z1;Neveklov;49.88774;14.49693
20260520_145231_L821;20260520_145231;20.05.2026;14:36:00;821;57;1618;11;U4983Z2;Sázava,aut.st.;50.0036;14.99199
20260520_145231_L201;20260520_145231;20.05.2026;14:41:00;201;4;4127;12;U54Z4P;Nádraží Holešovice;50.11694;14.46857
20260520_145231_L531;20260520_145231;20.05.2026;14:39:00;531;6;9574;12;U9672Z1;Příbram,Archiv;49.74599;14.02056
20260520_145231_L121;20260520_145231;20.05.2026;14:36:00;121;8;2320;11;U441Z2P;Poliklinika Budějovická;50.03748;14.44935
20260520_145231_L586;20260520_145231;20.05.2026;14:42:00;586;30;7749;10;U9263Z2;Nové Strašecí,Palackého;50.21686;14.00482
20260520_145231_L650;20260520_145231;20.05.2026;14:40:00;650;22;12536;10;U31423Z2;Litoměřice,žel.st.hor.;50.46978;14.13816
20260520_145231_L324;20260520_145231;20.05.2026;14:40:00;324;26;8971;12;U1915Z1;Praha,Zličín;50.18891;14.04287
20260520_145231_L221;20260520_145231;20.05.2026;14:33:00;221;6;1747;15;U686Z1P;Klánovice;50.09517;14.66907
20260520_145231_L506;20260520_145231;20.05.2026;14:39:00;506;3;9535;13;U9712Z4;Příbram,Svatá Hora areál;49.68967;14.013
20260520_145231_L456;20260520_145231;20.05.2026;14:41:00;456;36;7072;10;U32146Z2;Miličín;49.59831;14.74358
20260520_145231_L410;20260520_145231;20.05.2026;14:41:00;410;3;11611;11;U31369Z51;Praha,Střížkov;50.63002;14.71526
20260520_145231_L637;20260520_145231;20.05.2026;14:40:00;637;55;9552;12;U9077Z2;Kublov,Slovanka;49.96373;13.85422
20260520_145231_L641;20260520_145231;20.05.2026;14:41:00;641;14;9573;10;U9855Z55;Hořovice,nemocnice;49.88278;13.93027
20260520_145231_L646;20260520_145231;20.05.2026;14:39:00;646;12;8077;12;U2346Z1;Kralupy n.Vlt.,žel.st.;50.27282;14.31925
20260520_145231_L663;20260520_145231;20.05.2026;14:41:00;663;51;8017;10;U2259Z2;Kralupy n.Vlt.,žel.st.;50.23298;14.38518
20260520_145231_L690;20260520_145231;20.05.2026;14:40:00;690;1;1815;11;U9476Z1;Chorušice;50.4044;14.69358
20260520_145231_L449;20260520_145231;20.05.2026;14:42:00;449;60;1135;10;U1728Z2;Řitka;49.86351;14.31621
20260520_145231_L450;20260520_145231;20.05.2026;14:40:00;450;24;7505;11;U7926Z2;Sedlčany,aut.st.;49.65416;14.42673
20260520_145231_L509;20260520_145231;20.05.2026;14:40:00;509;20;9616;12;U9770Z1;Láz,Horní;49.65784;13.93799
20260520_145231_L385;20260520_145231;20.05.2026;14:41:00;385;3;1729;10;U2085Z3;Zvánovice;49.99062;14.69545
20260520_145231_L826;20260520_145231;20.05.2026;14:40:00;826;36;8583;12;U2396Z1;Tuklaty,Tlustovousy;50.07223;14.80209
20260520_145231_L630;20260520_145231;20.05.2026;14:42:00;630;36;8831;10;U4915Z2;Beroun,Jarov,náves;50.00899;14.0919
20260520_145231_L630;20260520_145231;20.05.2026;14:40:00;630;4;8803;11;U4893Z1;Beroun,Jarov,náves;50.08738;14.11872
20260520_145231_L332;20260520_145231;20.05.2026;14:38:00;332;2;9192;12;U488Z7;Praha,Budějovická;50.03983;14.45814
20260520_145231_L335;20260520_145231;20.05.2026;14:39:00;335;8;9175;10;U1578Z1;Kamenice,Kult.dům;49.9187;14.53605
20260520_145231_L474;20260520_145231;20.05.2026;14:39:00;474;41;8056;13;U3347Z1;Kokořín;50.37389;14.50298
20260520_145231_L400;20260520_145231;20.05.2026;14:38:00;400;58;1081;12;U31355Z2;Praha,Střížkov;50.68573;14.54149
20260520_145231_L412;20260520_145231;20.05.2026;14:37:00;412;41;9883;15;U31012Z2;Praha,Černý Most;50.43954;15.34992
20260520_145231_L400;20260520_145231;20.05.2026;14:41:00;400;25;11695;11;U31046Z5;Praha,Střížkov;50.54064;14.54039
20260520_145231_L406;20260520_145231;20.05.2026;14:38:00;406;2;7944;13;U31559Z1;Pelhřimov,aut.nádr.;49.50585;15.17844
20260520_145231_L369;20260520_145231;20.05.2026;14:42:00;369;44;8276;10;U826Z2;Praha,Ládví;50.1638;14.48357
20260520_145231_L448;20260520_145231;20.05.2026;14:39:00;448;61;1129;10;U2570Z2;Lety,K Libří;49.92466;14.24183
20260520_145231_L383;20260520_145231;20.05.2026;14:38:00;383;31;9138;11;U2042Z1;Chocerady;49.92232;14.76377
20260520_145231_L373;20260520_145231;20.05.2026;14:38:00;373;1;4549;13;U1975Z1;Veliká Ves;50.25962;14.43311
20260520_145231_L136;20260520_145231;20.05.2026;14:38:00;136;54;6885;12;U29Z1P;Jižní Město;50.06956;14.4687
20260520_145231_L311;20260520_145231;20.05.2026;14:42:00;311;41;9614;10;U1663Z2;Praha,Zličín;49.95255;14.21747
20260520_145231_L136;20260520_145231;20.05.2026;14:42:00;136;2;6735;11;U417Z1P;Jižní Město;50.04359;14.48722
20260520_145631_L167;20260520_145631;20.05.2026;14:42:00;167;1;5053;10;U254Z6P;Na Knížecí;50.07184;14.40043
20260520_145631_L385;20260520_145631;20.05.2026;14:45:00;385;3;1729;10;U2007Z1;Zvánovice;49.98989;14.72908
20260520_145631_L508;20260520_145631;20.05.2026;14:46:00;508;15;9532;10;U9732Z1;Příbram,Svatá Hora;49.68617;14.0001
20260520_145631_L381;20260520_145631;20.05.2026;14:45:00;381;1;9372;11;U2016Z1;Čáslav,obchodní centrum;49.99411;14.85977
20260520_145631_L641;20260520_145631;20.05.2026;14:41:00;641;14;9573;13;U9855Z55;Hořovice,nemocnice;49.86812;13.92685
20260520_145631_L303;20260520_145631;20.05.2026;14:42:00;303;8;8040;13;U1253Z3;Praha,Černý Most;50.05622;14.67006
20260520_145631_L670;20260520_145631;20.05.2026;14:41:00;670;27;8007;14;U1830Z2;Brandýs n.L.-St.Bol.,Aut.st.;50.19957;14.68255
20260520_145631_L456;20260520_145631;20.05.2026;14:44:00;456;36;7072;11;U6581Z3;Miličín;49.59148;14.71912
20260520_145631_L324;20260520_145631;20.05.2026;14:42:00;324;26;8971;13;U9104Z2;Praha,Zličín;50.17137;14.01103
20260520_145631_L432;20260520_145631;20.05.2026;14:45:00;432;1;8696;10;U2316Z1;Mladá Boleslav,aut.st.;50.35752;14.91049
20260520_145631_L821;20260520_145631;20.05.2026;14:45:00;821;57;1618;11;U2300Z2;Sázava,aut.st.;50.00476;14.97301
20260520_145631_L369;20260520_145631;20.05.2026;14:41:00;369;47;8269;15;U3336Z1;Štětí,záv.;50.35063;14.47879
20260520_145631_L136;20260520_145631;20.05.2026;14:44:00;136;54;6885;12;U183Z3P;Jižní Město;50.05608;14.47155
20260520_145631_L400;20260520_145631;20.05.2026;14:45:00;400;25;11695;11;U31047Z2;Praha,Střížkov;50.52297;14.51725
20260520_145631_L389;20260520_145631;20.05.2026;14:42:00;389;16;7754;12;U4777Z2;Hořešovice;50.22924;14.09083
20260520_145631_L412;20260520_145631;20.05.2026;14:41:00;412;41;9883;15;U31009Z2;Praha,Černý Most;50.44716;15.32285
20260520_145631_L221;20260520_145631;20.05.2026;14:33:00;221;6;1747;21;U686Z1P;Klánovice;50.09517;14.66907
20260520_145631_L474;20260520_145631;20.05.2026;14:42:00;474;41;8056;14;U3350Z1;Kokořín;50.36897;14.50972
20260520_145631_L856;20260520_145631;20.05.2026;14:41:00;856;9;1273;11;U4219Z2;Kralupy n.Vlt.,Zeměchy;50.23363;14.2675
20260520_145631_L531;20260520_145631;20.05.2026;14:43:00;531;6;9574;12;U9670Z1;Příbram,Archiv;49.72492;14.01584
20260520_145631_L204;20260520_145631;20.05.2026;14:45:00;204;70;9033;11;U310Z1P;Sídliště Petrovice;50.06307;14.55324
20260520_145631_L136;20260520_145631;20.05.2026;14:46:00;136;4;6803;10;U118Z4P;Jižní Město;50.07868;14.4604
20260520_145631_L339;20260520_145631;20.05.2026;14:46:00;339;17;9952;10;U1531Z1;Týnec n.Sáz.,žel.st.;49.95197;14.53784
20260520_145631_L201;20260520_145631;20.05.2026;14:45:00;201;4;4127;11;U305Z2P;Nádraží Holešovice;50.11694;14.44959
20260520_145631_L121;20260520_145631;20.05.2026;14:45:00;121;8;2320;11;U950Z2P;Poliklinika Budějovická;50.04176;14.44512
20260520_145631_L136;20260520_145631;20.05.2026;14:44:00;136;5;5543;10;U1074Z4P;Jižní Město;50.09119;14.46833
20260520_145631_L203;20260520_145631;20.05.2026;14:46:00;203;6;1917;10;U799Z1P;Háje;50.01241;14.47801
20260520_145631_L637;20260520_145631;20.05.2026;14:44:00;637;55;9552;12;U9079Z2;Kublov,Slovanka;49.94983;13.85645
20260520_145631_L650;20260520_145631;20.05.2026;14:45:00;650;23;12559;10;U3095Z2;Kladno,autobusové nádraží;50.14079;14.08169
20260520_145631_L650;20260520_145631;20.05.2026;14:45:00;650;22;12536;11;U31421Z2;Litoměřice,žel.st.hor.;50.48771;14.14599
20260520_145631_L625;20260520_145631;20.05.2026;14:44:00;625;23;8817;11;U2454Z2;Kladno,autobusové nádraží;50.11424;13.73391
20260520_145631_L646;20260520_145631;20.05.2026;14:44:00;646;12;8077;12;U4248Z1;Kralupy n.Vlt.,žel.st.;50.25239;14.32056
20260520_145631_L690;20260520_145631;20.05.2026;14:42:00;690;1;1815;12;U9477Z1;Chorušice;50.38694;14.70407
20260520_145631_L433;20260520_145631;20.05.2026;14:46:00;433;25;8616;10;U2968Z2;Pečky,žel.st.;50.18081;15.04435
20260520_145631_L509;20260520_145631;20.05.2026;14:45:00;509;20;9616;11;U9768Z1;Láz,Horní;49.65616;13.94673
20260520_145631_L335;20260520_145631;20.05.2026;14:42:00;335;8;9175;12;U4120Z1;Kamenice,Kult.dům;49.92227;14.54755
20260520_145631_L383;20260520_145631;20.05.2026;14:46:00;383;31;9138;10;U7142Z1;Chocerady;49.9054;14.77941
20260520_145631_L395;20260520_145631;20.05.2026;14:42:00;395;46;9868;10;U9646Z2;Praha,Smíchovské nádraží;49.73218;14.13731
20260520_145631_L400;20260520_145631;20.05.2026;14:41:00;400;58;1081;12;U32490Z1;Praha,Střížkov;50.67821;14.53611
20260520_145631_L406;20260520_145631;20.05.2026;14:44:00;406;2;7944;12;U31789Z1;Pelhřimov,aut.nádr.;49.45778;15.18442
20260520_145631_L311;20260520_145631;20.05.2026;14:45:00;311;41;9614;10;U1638Z4;Praha,Zličín;49.97195;14.2048
20260520_145631_L452;20260520_145631;20.05.2026;14:45:00;452;26;7073;10;U4885Z1;Mladá Vožice,aut.st.;49.66993;14.62741
20260520_145631_L410;20260520_145631;20.05.2026;14:44:00;410;3;11611;10;U31368Z2;Praha,Střížkov;50.60771;14.71311
20260520_145631_L449;20260520_145631;20.05.2026;14:43:00;449;60;1135;12;U1727Z2;Řitka;49.86404;14.33017
20260520_145631_L300;20260520_145631;20.05.2026;14:46:00;300;25;8948;10;U4791Z1;Smečno;50.15817;14.04903
20260520_145631_L580;20260520_145631;20.05.2026;14:42:00;580;20;7701;14;U9248Z2;Rakovník,aut.st.;50.21907;13.95536
20260520_145631_L491;20260520_145631;20.05.2026;14:44:00;491;9;8575;10;U4570Z1;Český Brod,žel.st.;50.04058;14.80662
20260520_145631_L826;20260520_145631;20.05.2026;14:43:00;826;36;8583;13;U2449Z1;Tuklaty,Tlustovousy;50.08957;14.80539
20260520_145631_L630;20260520_145631;20.05.2026;14:46:00;630;36;8831;10;U4917Z1;Beroun,Jarov,náves;49.99542;14.09358
20260520_145631_L732;20260520_145631;20.05.2026;14:46:00;732;5;9510;10;U6197Z1;Bělá p.Bezd.,Bezdědice;50.47105;14.84619
20260520_145631_L136;20260520_145631;20.05.2026;14:43:00;136;26;6946;11;U451Z1P;Sídliště Čakovice;50.15082;14.51432
20260520_145631_L656;20260520_145631;20.05.2026;14:41:00;656;50;8089;11;U1312Z2;Hovorčovice,U Kostela;50.18038;14.5185
20260520_145631_L136;20260520_145631;20.05.2026;14:46:00;136;2;6735;10;U424Z1P;Jižní Město;50.03304;14.50025
20260520_150032_L228;20260520_150032;20.05.2026;14:49:00;228;12;9013;10;U358Z4P;Poliklinika Malešice;50.0776;14.51908
20260520_150032_L345;20260520_150032;20.05.2026;14:45:00;345;15;8671;12;U2987Z7;Praha,Černý Most;50.41878;14.91702
20260520_150032_L452;20260520_150032;20.05.2026;14:48:00;452;26;7073;10;U6525Z2;Mladá Vožice,aut.st.;49.66244;14.63376
20260520_150032_L456;20260520_150032;20.05.2026;14:48:00;456;36;7072;10;U6593Z1;Miličín;49.57771;14.68626
20260520_150032_L364;20260520_150032;20.05.2026;14:49:00;364;3;4521;11;U1891Z2;Doubek;50.00192;14.66386
20260520_150032_L136;20260520_150032;20.05.2026;14:48:00;136;2;6735;12;U106Z2P;Jižní Město;50.02751;14.50775
20260520_150032_L136;20260520_150032;20.05.2026;14:48:00;136;54;6885;12;U322Z3P;Jižní Město;50.04606;14.48395
20260520_150032_L449;20260520_150032;20.05.2026;14:45:00;449;60;1135;14;U1726Z2;Řitka;49.86874;14.34582
20260520_150032_L737;20260520_150032;20.05.2026;14:48:00;737;3;9919;10;U6194Z1;Bělá p.Bezd.,Atmos;50.46497;14.86576
20260520_150032_L410;20260520_150032;20.05.2026;14:49:00;410;3;11611;11;U31347Z2;Praha,Střížkov;50.58215;14.69354
20260520_150032_L650;20260520_150032;20.05.2026;14:47:00;650;22;12536;11;U31420Z1;Litoměřice,žel.st.hor.;50.49317;14.14783
20260520_150032_L723;20260520_150032;20.05.2026;14:50:00;723;20;7036;10;U6261Z3;Kopidlno,nám.;50.41092;14.9987
20260520_150032_L406;20260520_150032;20.05.2026;14:46:00;406;2;7944;12;U31790Z1;Pelhřimov,aut.nádr.;49.43597;15.21693
20260520_150032_L400;20260520_150032;20.05.2026;14:45:00;400;58;1081;10;U31354Z5;Praha,Střížkov;50.6758;14.53796
20260520_150032_L770;20260520_150032;20.05.2026;14:50:00;770;42;7918;10;U5725Z1;Uhlířské Janovice,nám.;49.8087;14.80322
20260520_150032_L826;20260520_150032;20.05.2026;14:45:00;826;36;8583;13;U2453Z1;Tuklaty,Tlustovousy;50.08645;14.78506
20260520_150032_L339;20260520_150032;20.05.2026;14:49:00;339;17;9952;11;U1533Z3;Týnec n.Sáz.,žel.st.;49.93736;14.55465
20260520_150032_L381;20260520_150032;20.05.2026;14:48:00;381;12;9374;11;U1885Z1;Zásmuky,nám.;50.00275;14.66086
20260520_150032_L369;20260520_150032;20.05.2026;14:48:00;369;44;8276;10;U651Z6;Praha,Ládví;50.12775;14.47605
20260520_150032_L691;20260520_150032;20.05.2026;14:47:00;691;28;8143;13;U1793Z3;Vidim;50.35028;14.48875
20260520_150032_L474;20260520_150032;20.05.2026;14:47:00;474;43;8087;12;U4257Z1;Mělník,Na Brabčově;50.34977;14.47952
20260520_150032_L663;20260520_150032;20.05.2026;14:48:00;663;51;8017;11;U2224Z3;Kralupy n.Vlt.,žel.st.;50.23635;14.37026
20260520_150032_L478;20260520_150032;20.05.2026;14:50:00;478;17;8118;10;U1248Z4;Kostelec n.L.,Nám.;50.22495;14.58461
20260520_150032_L480;20260520_150032;20.05.2026;14:45:00;480;25;7526;14;U7714Z2;Klučenice;49.59169;14.21209
20260520_150032_L432;20260520_150032;20.05.2026;14:47:00;432;1;8696;10;U3071Z1;Mladá Boleslav,aut.st.;50.38431;14.89856
20260520_150032_L433;20260520_150032;20.05.2026;14:48:00;433;25;8616;10;U2967Z2;Pečky,žel.st.;50.17339;15.02636
20260520_150032_L385;20260520_150032;20.05.2026;14:47:00;385;3;1729;11;U2008Z1;Zvánovice;49.97607;14.7369
20260520_150032_L204;20260520_150032;20.05.2026;14:48:00;204;70;9033;12;U1099Z1P;Sídliště Petrovice;50.05578;14.56259
20260520_150032_L221;20260520_150032;20.05.2026;14:33:00;221;6;1747;27;U686Z1P;Klánovice;50.09517;14.66907
20260520_150032_L228;20260520_150032;20.05.2026;14:49:00;228;11;9044;11;U3053Z1P;Benice;50.0288;14.59351
20260520_150032_L203;20260520_150032;20.05.2026;14:49:00;203;6;1917;10;U2794Z1P;Háje;50.00629;14.49654
20260520_150032_L369;20260520_150032;20.05.2026;14:45:00;369;47;8269;15;U1793Z3;Štětí,záv.;50.35054;14.48905
20260520_150032_L764;20260520_150032;20.05.2026;14:50:00;764;31;9800;10;U9455Z1;Mcely;50.40076;14.97909
20260520_150032_L775;20260520_150032;20.05.2026;14:50:00;775;38;9605;10;U1171Z2;Horky n.Jiz.;50.36876;14.96287
20260520_150032_L590;20260520_150032;20.05.2026;14:47:00;590;31;7728;10;U4836Z1;Nové Strašecí,Palackého;50.23313;14.04414
20260520_150032_L491;20260520_150032;20.05.2026;14:50:00;491;9;8575;10;U2273Z2;Český Brod,žel.st.;50.05928;14.82391
20260520_150032_L536;20260520_150032;20.05.2026;14:47:00;536;19;7609;11;U6018Z1;Kolín,nádraží;50.02415;15.2136
20260520_150032_L641;20260520_150032;20.05.2026;14:46:00;641;14;9573;14;U9857Z2;Hořovice,nemocnice;49.85875;13.92298
20260520_150032_L580;20260520_150032;20.05.2026;14:47:00;580;20;7701;13;U9322Z1;Rakovník,aut.st.;50.20628;13.90012
20260520_150032_L389;20260520_150032;20.05.2026;14:46:00;389;16;7754;12;U4787Z1;Hořešovice;50.23329;14.08005
20260520_150032_L706;20260520_150032;20.05.2026;14:47:00;706;64;1687;12;U2816Z5;Uhlířské Janovice,nám.;50.02354;15.21214
20260520_150032_L821;20260520_150032;20.05.2026;14:47:00;821;57;1618;11;U2301Z4;Sázava,aut.st.;49.99484;14.98232
20260520_150032_L625;20260520_150032;20.05.2026;14:50:00;625;23;8817;10;U3390Z2;Kladno,autobusové nádraží;50.14771;13.74256
20260520_150032_L646;20260520_150032;20.05.2026;14:44:00;646;12;8077;14;U4248Z1;Kralupy n.Vlt.,žel.st.;50.24827;14.3175
20260520_150032_L221;20260520_150032;20.05.2026;14:47:00;221;6;1747;13;U686Z2P;Nádraží Klánovice-sever;50.09517;14.66907
20260520_150032_L136;20260520_150032;20.05.2026;14:48:00;136;4;6803;12;U518Z3P;Jižní Město;50.07593;14.45915
20260520_150032_L324;20260520_150032;20.05.2026;14:45:00;324;26;8971;13;U4932Z2;Praha,Zličín;50.16087;14.02854
20260520_150032_L300;20260520_150032;20.05.2026;14:49:00;300;25;8948;11;U4145Z1;Smečno;50.16949;14.0584
20260520_150032_L303;20260520_150032;20.05.2026;14:42:00;303;8;8040;17;U1253Z3;Praha,Černý Most;50.05622;14.67006
20260520_150032_L400;20260520_150032;20.05.2026;14:47:00;400;25;11695;11;U31048Z2;Praha,Střížkov;50.50778;14.49066
20260520_150032_L181;20260520_150032;20.05.2026;14:50:00;181;6;6790;10;U552Z2P;Černý Most;50.07108;14.53755
20260520_150032_L335;20260520_150032;20.05.2026;14:45:00;335;8;9175;13;U1578Z2;Kamenice,Kult.dům;49.92679;14.56883
20260520_150032_L670;20260520_150032;20.05.2026;14:41:00;670;27;8007;18;U1830Z2;Brandýs n.L.-St.Bol.,Aut.st.;50.19957;14.68255
20260520_150032_L324;20260520_150032;20.05.2026;14:48:00;324;20;8972;12;U3094Z1;Slaný,Rabasova;50.14253;14.09759
20260520_150032_L136;20260520_150032;20.05.2026;14:49:00;136;5;5543;11;U2787Z2P;Jižní Město;50.08772;14.45669
20260520_150032_L163;20260520_150032;20.05.2026;14:47:00;163;55;9483;10;U448Z1P;Sídliště Rohožník;50.08103;14.61574
20260520_150032_L728;20260520_150032;20.05.2026;14:49:00;728;36;9592;11;U4063Z2;Mladá Boleslav,aut.st.;50.40437;14.80348
20260520_150032_L508;20260520_150032;20.05.2026;14:50:00;508;15;9532;10;U9739Z1;Příbram,Svatá Hora;49.68263;13.98958
20260520_150032_L381;20260520_150032;20.05.2026;14:48:00;381;1;9372;12;U1978Z1;Čáslav,obchodní centrum;49.98969;14.8639
20260520_150032_L136;20260520_150032;20.05.2026;14:47:00;136;14;5079;11;U69Z1P;Sídliště Čakovice;50.09021;14.46731
20260520_150433_L493;20260520_150433;20.05.2026;14:49:00;493;26;8593;15;U2969Z1;Nymburk,hl.nádr.;50.18597;15.04166
20260520_150433_L167;20260520_150433;20.05.2026;14:52:00;167;3;6936;10;U254Z6P;Na Knížecí;50.07101;14.39108
20260520_150433_L324;20260520_150433;20.05.2026;14:50:00;324;26;8971;14;U1782Z2;Praha,Zličín;50.14044;14.06557
20260520_150433_L181;20260520_150433;20.05.2026;14:53:00;181;6;6790;11;U708Z2P;Černý Most;50.07715;14.53806
20260520_150433_L136;20260520_150433;20.05.2026;14:51:00;136;2;6735;13;U916Z1P;Jižní Město;50.02527;14.51586
20260520_150433_L450;20260520_150433;20.05.2026;14:53:00;450;24;7505;11;U7926Z1;Petrovice;49.65073;14.4291
20260520_150433_L204;20260520_150433;20.05.2026;14:51:00;204;70;9033;13;U154Z3P;Sídliště Petrovice;50.04831;14.55657
20260520_150433_L641;20260520_150433;20.05.2026;14:50:00;641;14;9573;14;U9779Z3;Hořovice,nemocnice;49.84091;13.90249
20260520_150433_L480;20260520_150433;20.05.2026;14:51:00;480;25;7526;13;U7643Z1;Klučenice;49.57347;14.21147
20260520_150433_L646;20260520_150433;20.05.2026;14:51:00;646;24;8084;12;U2346Z2;Mělník,aut.nádr.;50.27794;14.31758
20260520_150433_L221;20260520_150433;20.05.2026;14:33:00;221;6;1747;31;U686Z1P;Klánovice;50.09517;14.66907
20260520_150433_L228;20260520_150433;20.05.2026;14:51:00;228;12;9013;11;U1071Z2P;Poliklinika Malešice;50.07709;14.51872
20260520_150433_L345;20260520_150433;20.05.2026;14:45:00;345;15;8671;14;U2987Z7;Praha,Černý Most;50.40108;14.92087
20260520_150433_L625;20260520_150433;20.05.2026;14:52:00;625;23;8817;11;U9919Z1;Kladno,autobusové nádraží;50.13428;13.76281
20260520_150433_L764;20260520_150433;20.05.2026;14:53:00;764;31;9800;10;U6234Z1;Mcely;50.38492;14.98988
20260520_150433_L410;20260520_150433;20.05.2026;14:53:00;410;3;11611;10;U31345Z2;Praha,Střížkov;50.56659;14.66206
20260520_150433_L136;20260520_150433;20.05.2026;14:53:00;136;4;6803;10;U29Z1P;Jižní Město;50.06974;14.46882
20260520_150433_L303;20260520_150433;20.05.2026;14:42:00;303;8;8040;21;U1253Z3;Praha,Černý Most;50.05622;14.67006
20260520_150433_L650;20260520_150433;20.05.2026;14:53:00;650;22;12536;11;U32106Z2;Litoměřice,žel.st.hor.;50.50704;14.1427
20260520_150433_L723;20260520_150433;20.05.2026;14:52:00;723;20;7036;10;U6262Z1;Kopidlno,nám.;50.40577;15.03743
20260520_150433_L690;20260520_150433;20.05.2026;14:51:00;690;1;1815;13;U9176Z3;Chorušice;50.35408;14.69261
20260520_150433_L691;20260520_150433;20.05.2026;14:49:00;691;28;8143;14;U1794Z1;Vidim;50.3547;14.48048
20260520_150433_L770;20260520_150433;20.05.2026;14:54:00;770;42;7918;10;U7666Z1;Uhlířské Janovice,nám.;49.82607;14.79687
20260520_150433_L136;20260520_150433;20.05.2026;14:51:00;136;54;6885;12;U181Z1P;Jižní Město;50.03944;14.49053
20260520_150433_L452;20260520_150433;20.05.2026;14:53:00;452;26;7073;10;U6492Z1;Mladá Vožice,aut.st.;49.63918;14.64125
20260520_150433_L457;20260520_150433;20.05.2026;14:53:00;457;36;7072;11;U6438Z5;Sudoměřice u Tábora,žel.st.;49.57283;14.65911
20260520_150433_L694;20260520_150433;20.05.2026;14:53:00;694;2;1358;11;U6065Z2;Liběchov;50.40692;14.51457
20260520_150433_L432;20260520_150433;20.05.2026;14:52:00;432;1;8696;12;U3386Z1;Mladá Boleslav,aut.st.;50.40278;14.90367
20260520_150433_L467;20260520_150433;20.05.2026;14:54:00;467;58;8069;10;U4713Z1;Roudnice n.L.,ČSAD;50.40625;14.30073
20260520_150433_L474;20260520_150433;20.05.2026;14:51:00;474;41;8056;13;U9195Z1;Kokořín;50.4124;14.53654
20260520_150433_L663;20260520_150433;20.05.2026;14:54:00;663;51;8017;10;U2227Z1;Kralupy n.Vlt.,žel.st.;50.23575;14.34507
20260520_150433_L474;20260520_150433;20.05.2026;14:50:00;474;43;8087;12;U1792Z1;Mělník,Na Brabčově;50.34436;14.49442
20260520_150433_L203;20260520_150433;20.05.2026;14:54:00;203;6;1917;10;U271Z2P;Háje;50.01731;14.5011
20260520_150433_L228;20260520_150433;20.05.2026;14:52:00;228;11;9044;12;U22Z1P;Benice;50.01584;14.60645
20260520_150433_L670;20260520_150433;20.05.2026;14:41:00;670;27;8007;21;U1830Z2;Brandýs n.L.-St.Bol.,Aut.st.;50.19957;14.68255
20260520_150433_L163;20260520_150433;20.05.2026;14:51:00;163;55;9483;11;U432Z1P;Sídliště Rohožník;50.07911;14.64303
20260520_150433_L381;20260520_150433;20.05.2026;14:50:00;381;1;9372;12;U1979Z1;Čáslav,obchodní centrum;49.97361;14.90471
20260520_150433_L381;20260520_150433;20.05.2026;14:53:00;381;12;9374;11;U1882Z1;Zásmuky,nám.;49.99637;14.67703
20260520_150433_L385;20260520_150433;20.05.2026;14:54:00;385;3;1729;10;U2384Z1;Zvánovice;49.97593;14.73509
20260520_150433_L400;20260520_150433;20.05.2026;14:52:00;400;25;11695;11;U6077Z2;Praha,Střížkov;50.4781;14.48435
20260520_150433_L728;20260520_150433;20.05.2026;14:49:00;728;36;9592;13;U4063Z2;Mladá Boleslav,aut.st.;50.40437;14.80348
20260520_150433_L497;20260520_150433;20.05.2026;14:52:00;497;27;8569;12;U1337Z1;Nymburk,hl.nádr.;50.1715;14.96999
20260520_150433_L580;20260520_150433;20.05.2026;14:47:00;580;20;7701;15;U9322Z1;Rakovník,aut.st.;50.20084;13.89057
20260520_150433_L630;20260520_150433;20.05.2026;14:52:00;630;36;8831;10;U4274Z2;Beroun,Jarov,náves;49.96823;14.07808
20260520_150433_L491;20260520_150433;20.05.2026;14:53:00;491;9;8575;11;U1417Z2;Český Brod,žel.st.;50.06947;14.85211
20260520_150433_L706;20260520_150433;20.05.2026;14:52:00;706;64;1687;12;U4998Z2;Uhlířské Janovice,nám.;50.02547;15.20013
20260520_150433_L821;20260520_150433;20.05.2026;14:53:00;821;57;1618;11;U2934Z1;Sázava,aut.st.;49.98665;15.00335
20260520_150433_L335;20260520_150433;20.05.2026;14:49:00;335;8;9175;15;U1536Z1;Kamenice,Kult.dům;49.916;14.58181
20260520_150433_L339;20260520_150433;20.05.2026;14:52:00;339;17;9952;11;U1535Z1;Týnec n.Sáz.,žel.st.;49.92437;14.57298
20260520_150433_L221;20260520_150433;20.05.2026;14:47:00;221;6;1747;17;U686Z2P;Nádraží Klánovice-sever;50.09517;14.66907
20260520_150433_L136;20260520_150433;20.05.2026;14:54:00;136;5;5543;10;U118Z4P;Jižní Město;50.07876;14.46056
20260520_150433_L536;20260520_150433;20.05.2026;14:47:00;536;19;7609;14;U6018Z1;Kolín,nádraží;50.02415;15.2136
20260520_150433_L183;20260520_150433;20.05.2026;14:53:00;183;15;6848;11;U747Z2P;Sídliště Ďáblice;50.08306;14.53834
20260520_150433_L364;20260520_150433;20.05.2026;14:54:00;364;3;4521;10;U2456Z1;Doubek;50.01349;14.68265
20260520_150433_L531;20260520_150433;20.05.2026;14:53:00;531;6;9574;10;U9712Z3;Příbram,Archiv;49.689;14.01019
20260520_150433_L250;20260520_150433;20.05.2026;14:53:00;250;52;6888;11;U448Z1P;Sídliště Rohožník;50.08095;14.60051
20260520_150433_L180;20260520_150433;20.05.2026;14:54:00;180;10;5122;10;U229Z2P;Dejvická;50.08663;14.37278
20260520_150433_L136;20260520_150433;20.05.2026;14:52:00;136;14;5079;13;U1074Z3P;Sídliště Čakovice;50.09538;14.47595
20260520_150433_L631;20260520_150433;20.05.2026;14:54:00;631;46;9594;10;U4965Z2;Nižbor,Šnárová;49.95294;14.04912
20260520_150834_L136;20260520_150834;20.05.2026;14:55:00;136;54;6885;12;U106Z2P;Jižní Město;50.02751;14.50774
20260520_150834_L167;20260520_150834;20.05.2026;14:52:00;167;3;6936;13;U254Z6P;Na Knížecí;50.07163;14.3937
20260520_150834_L136;20260520_150834;20.05.2026;14:55:00;136;33;5515;11;U69Z1P;Sídliště Čakovice;50.08997;14.46649
20260520_150834_L136;20260520_150834;20.05.2026;14:55:00;136;2;6735;13;U151Z1P;Jižní Město;50.03151;14.53375
20260520_150834_L303;20260520_150834;20.05.2026;14:42:00;303;8;8040;25;U1253Z3;Praha,Černý Most;50.05622;14.67006
20260520_150834_L646;20260520_150834;20.05.2026;14:53:00;646;24;8084;12;U4247Z1;Mělník,aut.nádr.;50.29991;14.31393
20260520_150834_L630;20260520_150834;20.05.2026;14:55:00;630;36;8831;11;U1745Z1;Beroun,Jarov,náves;49.96053;14.06514
20260520_150834_L457;20260520_150834;20.05.2026;14:56:00;457;36;7072;12;U6443Z1;Sudoměřice u Tábora,žel.st.;49.54136;14.66189
20260520_150834_L136;20260520_150834;20.05.2026;14:57:00;136;4;6803;11;U37Z1P;Jižní Město;50.06045;14.46955
20260520_150834_L650;20260520_150834;20.05.2026;14:55:00;650;22;12536;13;U31417Z3;Litoměřice,žel.st.hor.;50.5119;14.14821
20260520_150834_L694;20260520_150834;20.05.2026;14:56:00;694;2;1358;11;U6064Z2;Liběchov;50.42492;14.52555
20260520_150834_L717;20260520_150834;20.05.2026;14:58:00;717;39;8603;10;U6398Z1;Turnov,Na Lukách;50.53258;15.00299
20260520_150834_L432;20260520_150834;20.05.2026;14:58:00;432;2;8693;10;U1492Z1;Lysá n.L.,žel.st.;50.22859;14.8732
20260520_150834_L443;20260520_150834;20.05.2026;14:58:00;443;22;8594;10;U2349Z2;Nymburk,hl.nádr.;50.15821;14.75373
20260520_150834_L339;20260520_150834;20.05.2026;14:54:00;339;17;9952;13;U1536Z1;Týnec n.Sáz.,žel.st.;49.91468;14.58224
20260520_150834_L412;20260520_150834;20.05.2026;14:55:00;412;41;9883;13;U31000Z2;Praha,Černý Most;50.46771;15.17627
20260520_150834_L428;20260520_150834;20.05.2026;14:56:00;428;10;7232;11;U31569Z2;Praha,Smíchovské nádraží;49.47208;14.07092
20260520_150834_L452;20260520_150834;20.05.2026;14:56:00;452;26;7073;11;U6491Z1;Mladá Vožice,aut.st.;49.63896;14.65931
20260520_150834_L410;20260520_150834;20.05.2026;14:56:00;410;3;11611;11;U9450Z2;Praha,Střížkov;50.56943;14.64547
20260520_150834_L324;20260520_150834;20.05.2026;14:58:00;324;20;8972;10;U3095Z1;Slaný,Rabasova;50.14085;14.07157
20260520_150834_L324;20260520_150834;20.05.2026;14:53:00;324;26;8971;15;U2889Z3;Praha,Zličín;50.14143;14.08462
20260520_150834_L670;20260520_150834;20.05.2026;14:41:00;670;27;8007;25;U1830Z2;Brandýs n.L.-St.Bol.,Aut.st.;50.19957;14.68255
20260520_150834_L181;20260520_150834;20.05.2026;14:53:00;181;6;6790;15;U708Z2P;Černý Most;50.07941;14.53815
20260520_150834_L381;20260520_150834;20.05.2026;14:55:00;381;1;9372;12;U1982Z1;Čáslav,obchodní centrum;49.97134;14.94514
20260520_150834_L381;20260520_150834;20.05.2026;14:54:00;381;12;9374;12;U1886Z1;Zásmuky,nám.;49.98804;14.70663
20260520_150834_L149;20260520_150834;20.05.2026;14:57:00;149;8;4015;11;U563Z1P;Dejvická;50.08668;14.37869
20260520_150834_L394;20260520_150834;20.05.2026;14:56:00;394;25;9870;11;U4273Z1;Praha,Nové Butovice;49.9738;14.09466
20260520_150834_L221;20260520_150834;20.05.2026;14:47:00;221;6;1747;21;U686Z2P;Nádraží Klánovice-sever;50.09517;14.66907
20260520_150834_L221;20260520_150834;20.05.2026;14:33:00;221;6;1747;35;U686Z1P;Klánovice;50.09517;14.66907
20260520_150834_L204;20260520_150834;20.05.2026;14:55:00;204;70;9033;13;U3052Z1P;Sídliště Petrovice;50.04018;14.55297
20260520_150834_L203;20260520_150834;20.05.2026;14:57:00;203;6;1917;10;U972Z2P;Háje;50.02729;14.48793
20260520_150834_L228;20260520_150834;20.05.2026;14:54:00;228;12;9013;14;U70Z6P;Poliklinika Malešice;50.07784;14.50755
20260520_150834_L311;20260520_150834;20.05.2026;14:56:00;311;74;9597;12;U1852Z51;Řevnice,nádraží;49.92725;14.27597
20260520_150834_L474;20260520_150834;20.05.2026;14:55:00;474;41;8056;13;U9193Z1;Kokořín;50.42426;14.55999
20260520_150834_L663;20260520_150834;20.05.2026;14:57:00;663;51;8017;10;U4233Z3;Kralupy n.Vlt.,žel.st.;50.24203;14.32395
20260520_150834_L728;20260520_150834;20.05.2026;14:49:00;728;36;9592;19;U4063Z2;Mladá Boleslav,aut.st.;50.40437;14.80348
20260520_150834_L737;20260520_150834;20.05.2026;14:57:00;737;3;9919;10;U6199Z1;Bělá p.Bezd.,Atmos;50.4919;14.83614
20260520_150834_L764;20260520_150834;20.05.2026;14:57:00;764;31;9800;10;U1173Z1;Mcely;50.3708;14.96716
20260520_150834_L432;20260520_150834;20.05.2026;14:53:00;432;1;8696;14;U3387Z1;Mladá Boleslav,aut.st.;50.40966;14.91461
20260520_150834_L493;20260520_150834;20.05.2026;14:53:00;493;26;8593;14;U3146Z1;Nymburk,hl.nádr.;50.19253;15.04041
20260520_150834_L497;20260520_150834;20.05.2026;14:55:00;497;27;8569;11;U4573Z1;Nymburk,hl.nádr.;50.17312;15.00111
20260520_150834_L705;20260520_150834;20.05.2026;14:58:00;705;37;8697;10;U9983Z2;Čáslav,obchodní centrum;50.01896;15.19673
20260520_150834_L163;20260520_150834;20.05.2026;14:55:00;163;55;9483;13;U811Z1P;Sídliště Rohožník;50.07619;14.66034
20260520_150834_L625;20260520_150834;20.05.2026;14:56:00;625;23;8817;11;U9909Z1;Kladno,autobusové nádraží;50.11951;13.77499
20260520_150834_L536;20260520_150834;20.05.2026;14:47:00;536;19;7609;18;U6018Z1;Kolín,nádraží;50.02415;15.2136
20260520_150834_L706;20260520_150834;20.05.2026;14:55:00;706;64;1687;12;U9983Z2;Uhlířské Janovice,nám.;50.01383;15.19736
20260520_150834_L544;20260520_150834;20.05.2026;14:58:00;544;22;9067;10;U9826Z2;Zaječov;49.82438;13.87159
20260520_150834_L546;20260520_150834;20.05.2026;14:58:00;546;8;9586;10;U31952Z1;Rokycany,aut.nádr.;49.71725;13.69333
20260520_150834_L400;20260520_150834;20.05.2026;14:55:00;400;25;11695;11;U6072Z2;Praha,Střížkov;50.44735;14.47352
20260520_150834_L631;20260520_150834;20.05.2026;14:57:00;631;46;9594;10;U4971Z2;Nižbor,Šnárová;49.95773;14.06289
20260520_150834_L641;20260520_150834;20.05.2026;14:54:00;641;14;9573;14;U9618Z6;Hořovice,nemocnice;49.83309;13.90244
20260520_150834_L450;20260520_150834;20.05.2026;14:56:00;450;24;7505;11;U7932Z1;Petrovice;49.62274;14.42362
20260520_150834_L136;20260520_150834;20.05.2026;14:58:00;136;5;5543;11;U855Z1P;Jižní Město;50.07462;14.46277
20260520_150834_L183;20260520_150834;20.05.2026;14:54:00;183;15;6848;14;U538Z1P;Sídliště Ďáblice;50.08577;14.53793
20260520_150834_L364;20260520_150834;20.05.2026;14:58:00;364;3;4521;10;U1816Z3;Doubek;50.01535;14.69736
20260520_150834_L395;20260520_150834;20.05.2026;14:56:00;395;46;9868;12;U1851Z4;Praha,Smíchovské nádraží;49.78228;14.17123
20260520_150834_L531;20260520_150834;20.05.2026;14:56:00;531;6;9574;12;U3287Z12;Příbram,Archiv;49.69035;14.00377
20260520_150834_L250;20260520_150834;20.05.2026;14:57:00;250;52;6888;11;U432Z1P;Sídliště Rohožník;50.08013;14.62656
20260520_150834_L180;20260520_150834;20.05.2026;14:54:00;180;10;5122;13;U229Z2P;Dejvická;50.08701;14.37584
20260520_150834_L136;20260520_150834;20.05.2026;14:56:00;136;14;5079;12;U498Z1P;Sídliště Čakovice;50.10056;14.491
20260520_151234_L167;20260520_151234;20.05.2026;14:52:00;167;3;6936;16;U254Z6P;Na Knížecí;50.07169;14.39545
20260520_151234_L136;20260520_151234;20.05.2026;14:59:00;136;54;6885;12;U353Z1P;Jižní Město;50.02904;14.52552
20260520_151234_L136;20260520_151234;20.05.2026;14:58:00;136;33;5515;15;U512Z4P;Sídliště Čakovice;50.0908;14.46823
20260520_151234_L452;20260520_151234;20.05.2026;14:56:00;452;26;7073;12;U6491Z1;Mladá Vožice,aut.st.;49.63363;14.68685
20260520_151234_L311;20260520_151234;20.05.2026;14:56:00;311;74;9597;14;U1852Z51;Řevnice,nádraží;49.92932;14.2737
20260520_151234_L617;20260520_151234;20.05.2026;14:58:00;617;28;8892;10;U4363Z1;Roudnice n.L.,žel.st.;50.309;14.31455
20260520_151234_L590;20260520_151234;20.05.2026;15:02:00;590;31;7728;10;U9104Z2;Nové Strašecí,Palackého;50.17828;14.01697
20260520_151234_L136;20260520_151234;20.05.2026;15:01:00;136;5;5543;10;U29Z1P;Jižní Město;50.0696;14.46859
20260520_151234_L303;20260520_151234;20.05.2026;14:42:00;303;8;8040;29;U1253Z3;Praha,Černý Most;50.05622;14.67006
20260520_151234_L432;20260520_151234;20.05.2026;15:01:00;432;2;8693;10;U1493Z2;Lysá n.L.,žel.st.;50.23498;14.86237
20260520_151234_L625;20260520_151234;20.05.2026;14:56:00;625;23;8817;12;U9909Z1;Kladno,autobusové nádraží;50.12286;13.78428
20260520_151234_L324;20260520_151234;20.05.2026;15:00:00;324;20;8972;10;U1918Z1;Slaný,Rabasova;50.14769;14.04691
20260520_151234_L232;20260520_151234;20.05.2026;15:01:00;232;12;4186;11;U562Z2P;Smíchovské nádraží;50.05601;14.40536
20260520_151234_L694;20260520_151234;20.05.2026;15:00:00;694;2;1358;11;U6062Z2;Liběchov;50.42601;14.4942
20260520_151234_L182;20260520_151234;20.05.2026;15:00:00;182;4;3881;12;U708Z2P;Kbelský hřbitov;50.07903;14.53815
20260520_151234_L221;20260520_151234;20.05.2026;14:33:00;221;6;1747;36;U686Z1P;Klánovice;50.09517;14.66907
20260520_151234_L483;20260520_151234;20.05.2026;15:00:00;483;47;7876;10;U7318Z2;Chocerady;49.83888;14.82533
20260520_151234_L381;20260520_151234;20.05.2026;15:00:00;381;12;9374;12;U2008Z1;Zásmuky,nám.;49.9895;14.74053
20260520_151234_L412;20260520_151234;20.05.2026;14:57:00;412;41;9883;14;U9461Z2;Praha,Černý Most;50.46151;15.14311
20260520_151234_L413;20260520_151234;20.05.2026;14:58:00;413;65;7091;10;U4363Z2;Praha,Letňany;50.31023;14.31523
20260520_151234_L706;20260520_151234;20.05.2026;15:01:00;706;64;1687;11;U9982Z2;Uhlířské Janovice,nám.;50.0006;15.15782
20260520_151234_L821;20260520_151234;20.05.2026;15:00:00;821;57;1618;12;U1984Z3;Sázava,aut.st.;49.96613;14.96388
20260520_151234_L821;20260520_151234;20.05.2026;15:00:00;821;52;1615;12;U1984Z4;Kolín,nádraží;49.96624;14.96422
20260520_151234_L428;20260520_151234;20.05.2026;15:00:00;428;10;7232;11;U32513Z2;Praha,Smíchovské nádraží;49.51327;14.07411
20260520_151234_L457;20260520_151234;20.05.2026;14:57:00;457;36;7072;11;U6442Z1;Sudoměřice u Tábora,žel.st.;49.51448;14.65866
20260520_151234_L650;20260520_151234;20.05.2026;14:59:00;650;22;12536;13;U31416Z1;Litoměřice,žel.st.hor.;50.52602;14.13605
20260520_151234_L508;20260520_151234;20.05.2026;15:02:00;508;15;9532;10;U9753Z1;Příbram,Svatá Hora;49.67057;13.99185
20260520_151234_L400;20260520_151234;20.05.2026;14:58:00;400;25;11695;11;U6070Z2;Praha,Střížkov;50.42522;14.46425
20260520_151234_L546;20260520_151234;20.05.2026;15:02:00;546;8;9586;10;U31955Z1;Rokycany,aut.nádr.;49.71883;13.66508
20260520_151234_L136;20260520_151234;20.05.2026;15:02:00;136;4;6803;10;U697Z3P;Jižní Město;50.04819;14.48134
20260520_151234_L167;20260520_151234;20.05.2026;15:00:00;167;4;5047;10;U254Z6P;Na Knížecí;50.07102;14.38831
20260520_151234_L728;20260520_151234;20.05.2026;14:49:00;728;36;9592;23;U4063Z2;Mladá Boleslav,aut.st.;50.40437;14.80348
20260520_151234_L646;20260520_151234;20.05.2026;14:57:00;646;24;8084;10;U4363Z2;Mělník,aut.nádr.;50.31035;14.31506
20260520_151234_L737;20260520_151234;20.05.2026;15:01:00;737;3;9919;11;U6162Z1;Bělá p.Bezd.,Atmos;50.50092;14.80916
20260520_151234_L663;20260520_151234;20.05.2026;15:00:00;663;51;8017;12;U4231Z2;Kralupy n.Vlt.,žel.st.;50.24597;14.31658
20260520_151234_L764;20260520_151234;20.05.2026;14:59:00;764;31;9800;10;U1171Z2;Mcely;50.35303;14.96314
20260520_151234_L776;20260520_151234;20.05.2026;14:59:00;776;17;7837;11;U7057Z1;Zruč n.Sáz.,Sázavan;49.73361;15.08953
20260520_151234_L690;20260520_151234;20.05.2026;14:59:00;690;1;1815;13;U9178Z1;Mšeno;50.3903;14.67243
20260520_151234_L117;20260520_151234;20.05.2026;15:02:00;117;9;1954;10;U60Z2P;Nové Komořany;50.01618;14.44176
20260520_151234_L163;20260520_151234;20.05.2026;14:58:00;163;55;9483;14;U621Z1P;Sídliště Rohožník;50.07312;14.67992
20260520_151234_L163;20260520_151234;20.05.2026;15:02:00;163;57;9151;10;U793Z2P;Depo Hostivař;50.07234;14.55312
20260520_151234_L487;20260520_151234;20.05.2026;14:57:00;487;66;1603;13;U5896Z2;Kolín,nádraží;50.024;15.21331
20260520_151234_L580;20260520_151234;20.05.2026;14:57:00;580;20;7701;15;U9332Z2;Rakovník,aut.st.;50.16838;13.84121
20260520_151234_L638;20260520_151234;20.05.2026;15:01:00;638;47;9565;10;U9017Z1;Beroun,autobusové nádraží;49.94091;14.06762
20260520_151234_L641;20260520_151234;20.05.2026;14:54:00;641;14;9573;16;U9618Z6;Hořovice,nemocnice;49.83649;13.90715
20260520_151234_L630;20260520_151234;20.05.2026;15:01:00;630;36;8831;11;U2848Z5;Beroun,Jarov,náves;49.95777;14.0746
20260520_151234_L705;20260520_151234;20.05.2026;15:02:00;705;37;8697;10;U6677Z1;Čáslav,obchodní centrum;50.0054;15.20519
20260520_151234_L432;20260520_151234;20.05.2026;14:57:00;432;1;8696;15;U3256Z2;Mladá Boleslav,aut.st.;50.41122;14.91589
20260520_151234_L434;20260520_151234;20.05.2026;15:01:00;434;10;8570;10;U1493Z2;Benátky n.Jiz.,aut.st.;50.2351;14.86227
20260520_151234_L497;20260520_151234;20.05.2026;15:00:00;497;27;8569;12;U3148Z1;Nymburk,hl.nádr.;50.17978;15.0239
20260520_151234_L443;20260520_151234;20.05.2026;15:02:00;443;22;8594;10;U2441Z1;Nymburk,hl.nádr.;50.16434;14.7666
20260520_151234_L374;20260520_151234;20.05.2026;14:59:00;374;5;8125;10;U2258Z1;Odolena Voda,Závod;50.22667;14.37629
20260520_151234_L381;20260520_151234;20.05.2026;15:00:00;381;1;9372;11;U1984Z1;Čáslav,obchodní centrum;49.96646;14.97581
20260520_151234_L381;20260520_151234;20.05.2026;15:02:00;381;3;1678;10;U1983Z2;Praha,Háje;49.96722;14.95662
20260520_151234_L385;20260520_151234;20.05.2026;15:02:00;385;3;1729;10;U2040Z1;Zvánovice;49.93458;14.75957
20260520_151234_L450;20260520_151234;20.05.2026;15:01:00;450;24;7505;11;U5839Z1;Petrovice;49.61772;14.38847
20260520_151234_L488;20260520_151234;20.05.2026;15:02:00;488;8;9609;10;U7721Z1;Mirovice,nám.;49.63428;14.03912
20260520_151234_L136;20260520_151234;20.05.2026;14:59:00;136;14;5079;13;U134Z5P;Sídliště Čakovice;50.10174;14.5033
20260520_151234_L143;20260520_151234;20.05.2026;15:02:00;143;4;6864;10;U867Z2P;Stadion Strahov;50.09123;14.38547
20260520_151234_L149;20260520_151234;20.05.2026;14:57:00;149;8;4015;14;U563Z1P;Dejvická;50.08723;14.37868
20260520_151234_L410;20260520_151234;20.05.2026;14:59:00;410;3;11611;12;U31041Z2;Praha,Střížkov;50.56357;14.65366
20260520_151234_L339;20260520_151234;20.05.2026;14:58:00;339;17;9952;14;U1564Z1;Týnec n.Sáz.,žel.st.;49.90371;14.58732
20260520_151234_L670;20260520_151234;20.05.2026;14:41:00;670;27;8007;29;U1830Z2;Brandýs n.L.-St.Bol.,Aut.st.;50.19957;14.68255
20260520_151234_L467;20260520_151234;20.05.2026;15:02:00;467;58;8069;10;U4716Z2;Roudnice n.L.,ČSAD;50.42272;14.25345
20260520_151234_L536;20260520_151234;20.05.2026;14:47:00;536;19;7609;22;U6018Z1;Kolín,nádraží;50.02415;15.2136
20260520_151234_L822;20260520_151234;20.05.2026;14:58:00;822;19;8582;10;U5896Z2;Kolín,nádraží;50.02426;15.21361
20260520_151234_L352;20260520_151234;20.05.2026;15:02:00;352;8;4169;10;U1185Z1;Praha,Luka;50.02075;14.29516
20260520_151234_L364;20260520_151234;20.05.2026;15:02:00;364;3;4521;10;U1815Z1;Doubek;50.0032;14.70241
20260520_151234_L395;20260520_151234;20.05.2026;14:59:00;395;46;9868;12;U2860Z2;Praha,Smíchovské nádraží;49.7924;14.18755
20260520_151234_L531;20260520_151234;20.05.2026;14:59:00;531;6;9574;13;U9734Z1;Příbram,Archiv;49.67962;13.99995
20260520_151234_L250;20260520_151234;20.05.2026;15:00:00;250;52;6888;11;U3008Z1P;Sídliště Rohožník;50.07676;14.65746
20260520_151234_L180;20260520_151234;20.05.2026;14:54:00;180;10;5122;17;U229Z2P;Dejvická;50.08722;14.37769
20260520_151234_L136;20260520_151234;20.05.2026;15:01:00;136;6;5021;10;U118Z4P;Jižní Město;50.07755;14.45843
20260520_151635_L135;20260520_151635;20.05.2026;15:05:00;135;4;5138;11;U29Z2P;Florenc;50.07137;14.47071
20260520_151635_L136;20260520_151635;20.05.2026;15:02:00;136;33;5515;14;U678Z1P;Sídliště Čakovice;50.1002;14.48598
20260520_151635_L117;20260520_151635;20.05.2026;15:06:00;117;9;1954;10;U446Z1P;Nové Komořany;50.01548;14.42715
20260520_151635_L163;20260520_151635;20.05.2026;15:05:00;163;57;9151;11;U1014Z2P;Depo Hostivař;50.07191;14.54178
20260520_151635_L822;20260520_151635;20.05.2026;14:58:00;822;19;8582;16;U5896Z2;Kolín,nádraží;50.02429;15.21445
20260520_151635_L136;20260520_151635;20.05.2026;15:02:00;136;14;5079;14;U474Z5P;Sídliště Čakovice;50.111;14.50257
20260520_151635_L663;20260520_151635;20.05.2026;15:00:00;663;51;8017;14;U4231Z2;Kralupy n.Vlt.,žel.st.;50.24294;14.31167
20260520_151635_L737;20260520_151635;20.05.2026;15:05:00;737;3;9919;11;U6164Z1;Bělá p.Bezd.,Atmos;50.50549;14.7948
20260520_151635_L497;20260520_151635;20.05.2026;15:02:00;497;27;8569;13;U3088Z1;Nymburk,hl.nádr.;50.1878;15.02759
20260520_151635_L670;20260520_151635;20.05.2026;14:41:00;670;27;8007;33;U1830Z2;Brandýs n.L.-St.Bol.,Aut.st.;50.19957;14.68255
20260520_151635_L232;20260520_151635;20.05.2026;15:04:00;232;12;4186;12;U337Z10P;Smíchovské nádraží;50.05198;14.40914
20260520_151635_L149;20260520_151635;20.05.2026;15:01:00;149;8;4015;16;U867Z1P;Dejvická;50.09353;14.38913
20260520_151635_L497;20260520_151635;20.05.2026;15:06:00;497;31;8574;10;U1333Z2;Milovice,žel.st.;50.18438;14.9608
20260520_151635_L303;20260520_151635;20.05.2026;14:42:00;303;8;8040;33;U1253Z3;Praha,Černý Most;50.05622;14.67006
20260520_151635_L180;20260520_151635;20.05.2026;15:02:00;180;16;5570;13;U229Z2P;Dejvická;50.08736;14.37582
20260520_151635_L136;20260520_151635;20.05.2026;15:04:00;136;4;6803;11;U417Z1P;Jižní Město;50.04144;14.48704
20260520_151635_L352;20260520_151635;20.05.2026;15:05:00;352;8;4169;11;U3051Z2;Praha,Luka;50.02804;14.30137
20260520_151635_L639;20260520_151635;20.05.2026;15:03:00;639;15;9540;11;U2895Z2;Hořovice,nám.B.Němcové;49.82582;14.04509
20260520_151635_L381;20260520_151635;20.05.2026;15:06:00;381;1;9372;10;U2150Z1;Čáslav,obchodní centrum;49.95987;15.02052
20260520_151635_L450;20260520_151635;20.05.2026;15:05:00;450;24;7505;11;U7838Z1;Petrovice;49.59544;14.3822
20260520_151635_L139;20260520_151635;20.05.2026;15:04:00;139;5;6818;11;U802Z3P;Sídliště Zbraslav;49.96883;14.38404
20260520_151635_L136;20260520_151635;20.05.2026;15:05:00;136;5;5543;11;U37Z1P;Jižní Město;50.06041;14.46955
20260520_151635_L650;20260520_151635;20.05.2026;14:59:00;650;22;12536;14;U31416Z1;Litoměřice,žel.st.hor.;50.53329;14.13967
20260520_151635_L400;20260520_151635;20.05.2026;15:04:00;400;25;11695;12;U3316Z4;Praha,Střížkov;50.40803;14.4478
20260520_151635_L590;20260520_151635;20.05.2026;15:05:00;590;6;7690;11;U9266Z2;Vraný;50.2545;14.11619
20260520_151635_L487;20260520_151635;20.05.2026;14:57:00;487;66;1603;17;U5896Z2;Kolín,nádraží;50.02402;15.2133
20260520_151635_L382;20260520_151635;20.05.2026;15:05:00;382;38;9193;10;U2137Z1;Sázava,aut.st.;50.02043;14.62915
20260520_151635_L136;20260520_151635;20.05.2026;15:02:00;136;54;6885;14;U151Z1P;Jižní Město;50.03206;14.53447
20260520_151635_L183;20260520_151635;20.05.2026;15:04:00;183;13;6734;10;U552Z2P;Sídliště Ďáblice;50.07473;14.53781
20260520_151635_L167;20260520_151635;20.05.2026;15:00:00;167;4;5047;14;U254Z6P;Na Knížecí;50.0711;14.39042
20260520_151635_L182;20260520_151635;20.05.2026;15:01:00;182;4;3881;15;U747Z2P;Kbelský hřbitov;50.08203;14.5383
20260520_151635_L143;20260520_151635;20.05.2026;15:03:00;143;4;6864;13;U140Z6P;Stadion Strahov;50.08951;14.38611
20260520_151635_L163;20260520_151635;20.05.2026;15:06:00;163;56;9484;10;U432Z1P;Sídliště Rohožník;50.08017;14.63388
20260520_151635_L536;20260520_151635;20.05.2026;14:47:00;536;19;7609;26;U6018Z1;Kolín,nádraží;50.02415;15.2136
20260520_151635_L706;20260520_151635;20.05.2026;15:04:00;706;64;1687;11;U9980Z2;Uhlířské Janovice,nám.;49.97845;15.14073
20260520_151635_L311;20260520_151635;20.05.2026;14:56:00;311;74;9597;20;U1852Z51;Řevnice,nádraží;49.92775;14.27432
20260520_151635_L428;20260520_151635;20.05.2026;15:02:00;428;10;7232;12;U31702Z2;Praha,Smíchovské nádraží;49.53682;14.08159
20260520_151635_L452;20260520_151635;20.05.2026;15:03:00;452;26;7073;13;U6577Z1;Mladá Vožice,aut.st.;49.61492;14.6985
20260520_151635_L508;20260520_151635;20.05.2026;15:05:00;508;15;9532;11;U9751Z2;Příbram,Svatá Hora;49.67518;14.00059
20260520_151635_L410;20260520_151635;20.05.2026;15:04:00;410;3;11611;12;U31313Z2;Praha,Střížkov;50.56391;14.61947
20260520_151635_L853;20260520_151635;20.05.2026;15:05:00;853;31;7002;11;U2588Z4;Nový Bydžov,Terminál HD;50.20811;15.30158
20260520_151635_L221;20260520_151635;20.05.2026;15:04:00;221;6;1755;12;U18Z1P;Klánovice;50.09946;14.67233
20260520_151635_L434;20260520_151635;20.05.2026;15:06:00;434;10;8570;10;U2464Z2;Benátky n.Jiz.,aut.st.;50.23141;14.83969
20260520_151635_L443;20260520_151635;20.05.2026;15:04:00;443;22;8594;12;U2442Z1;Nymburk,hl.nádr.;50.16206;14.78937
20260520_151635_L728;20260520_151635;20.05.2026;14:49:00;728;36;9592;27;U4063Z2;Mladá Boleslav,aut.st.;50.40437;14.80348
20260520_151635_L484;20260520_151635;20.05.2026;15:04:00;484;31;8144;11;U2315Z1;Úvaly,žel.st.;50.07408;14.72318
20260520_151635_L395;20260520_151635;20.05.2026;15:02:00;395;46;9868;10;U1977Z2;Praha,Smíchovské nádraží;49.82788;14.23301
20260520_151635_L531;20260520_151635;20.05.2026;15:06:00;531;4;9839;10;U9784Z2;Příbram,Archiv;49.83436;13.90773
20260520_151635_L544;20260520_151635;20.05.2026;15:06:00;544;22;9067;10;U9835Z2;Zaječov;49.79213;13.86819
20260520_151635_L617;20260520_151635;20.05.2026;15:03:00;617;28;8892;12;U4364Z2;Roudnice n.L.,žel.st.;50.3198;14.29726
20260520_151635_L625;20260520_151635;20.05.2026;15:06:00;625;23;8817;10;U9901Z2;Kladno,autobusové nádraží;50.1403;13.86951
20260520_151635_L587;20260520_151635;20.05.2026;15:06:00;587;27;7684;10;U9257Z2;Libušín,náměstí;50.23486;14.01398
20260520_151635_L590;20260520_151635;20.05.2026;15:05:00;590;31;7728;11;U2898Z1;Nové Strašecí,Palackého;50.16498;13.98824
20260520_151635_L483;20260520_151635;20.05.2026;15:05:00;483;47;7876;10;U5808Z2;Chocerady;49.85865;14.83266
20260520_151635_L690;20260520_151635;20.05.2026;14:59:00;690;1;1815;14;U9178Z1;Mšeno;50.35816;14.69158
20260520_151635_L467;20260520_151635;20.05.2026;15:06:00;467;58;8069;10;U9903Z1;Roudnice n.L.,ČSAD;50.42683;14.24486
20260520_151635_L717;20260520_151635;20.05.2026;15:05:00;717;39;8603;10;U9441Z1;Turnov,Na Lukách;50.57037;15.06266
20260520_151635_L324;20260520_151635;20.05.2026;15:05:00;324;20;8972;10;U4933Z1;Slaný,Rabasova;50.17664;14.01318
20260520_151635_L381;20260520_151635;20.05.2026;15:02:00;381;12;9374;13;U1909Z1;Zásmuky,nám.;49.98872;14.76173
20260520_151635_L383;20260520_151635;20.05.2026;15:06:00;383;32;9174;10;U1886Z1;Chocerady;49.99447;14.68333
20260520_151635_L374;20260520_151635;20.05.2026;15:04:00;374;5;8125;10;U2259Z1;Odolena Voda,Závod;50.22525;14.40207
20260520_151635_L136;20260520_151635;20.05.2026;15:05:00;136;15;6809;10;U512Z4P;Sídliště Čakovice;50.09485;14.47506
20260520_152036_L112;20260520_152036;20.05.2026;15:08:00;112;23;5545;11;U241Z2P;Nádraží Holešovice;50.11739;14.43118
20260520_152036_L117;20260520_152036;20.05.2026;15:09:00;117;9;1954;11;U772Z2P;Nové Komořany;50.01325;14.40951
20260520_152036_L135;20260520_152036;20.05.2026;15:09:00;135;4;5138;11;U1067Z2P;Florenc;50.07093;14.45798
20260520_152036_L136;20260520_152036;20.05.2026;15:10:00;136;6;5021;10;U680Z3P;Jižní Město;50.06738;14.46962
20260520_152036_L136;20260520_152036;20.05.2026;15:08:00;136;14;5079;13;U500Z1P;Sídliště Čakovice;50.12064;14.50329
20260520_152036_L136;20260520_152036;20.05.2026;15:09:00;136;15;6809;10;U678Z1P;Sídliště Čakovice;50.10054;14.48972
20260520_152036_L136;20260520_152036;20.05.2026;15:09:00;136;4;6803;11;U344Z1P;Jižní Město;50.03149;14.50545
20260520_152036_L136;20260520_152036;20.05.2026;15:08:00;136;5;5543;12;U751Z2P;Jižní Město;50.05259;14.47516
20260520_152036_L136;20260520_152036;20.05.2026;15:10:00;136;7;5537;10;U518Z3P;Jižní Město;50.07591;14.45915
20260520_152036_L143;20260520_152036;20.05.2026;15:05:00;143;4;6864;14;U362Z10P;Stadion Strahov;50.08274;14.38913
20260520_152036_L163;20260520_152036;20.05.2026;15:10:00;163;56;9484;10;U811Z1P;Sídliště Rohožník;50.07617;14.66032
20260520_152036_L163;20260520_152036;20.05.2026;15:10:00;163;57;9151;10;U389Z2P;Depo Hostivař;50.07221;14.5358
20260520_152036_L164;20260520_152036;20.05.2026;15:08:00;164;5;1968;12;U229Z2P;Malovanka;50.0869;14.37522
20260520_152036_L166;20260520_152036;20.05.2026;15:09:00;166;4;7986;10;U993Z2P;Domov seniorů Ďáblice;50.11653;14.46983
20260520_152036_L167;20260520_152036;20.05.2026;15:00:00;167;4;5047;17;U254Z6P;Na Knížecí;50.07157;14.39338
20260520_152036_L167;20260520_152036;20.05.2026;15:08:00;167;8;5052;10;U254Z6P;Na Knížecí;50.07087;14.38766
20260520_152036_L180;20260520_152036;20.05.2026;15:10:00;180;1;5008;10;U229Z2P;Dejvická;50.0866;14.3728
20260520_152036_L180;20260520_152036;20.05.2026;15:06:00;180;16;5570;15;U867Z1P;Dejvická;50.09356;14.38914
20260520_152036_L181;20260520_152036;20.05.2026;15:08:00;181;8;5061;12;U708Z2P;Černý Most;50.07962;14.53816
20260520_152036_L183;20260520_152036;20.05.2026;15:07:00;183;13;6734;13;U708Z2P;Sídliště Ďáblice;50.07708;14.53805
20260520_152036_L183;20260520_152036;20.05.2026;15:05:00;183;15;6848;15;U225Z2P;Sídliště Ďáblice;50.09952;14.49701
20260520_152036_L201;20260520_152036;20.05.2026;15:10:00;201;2;3976;10;U622Z2P;Nádraží Holešovice;50.11746;14.45772
20260520_152036_L204;20260520_152036;20.05.2026;15:09:00;204;72;9016;11;U794Z2P;Sídliště Petrovice;50.07135;14.54877
20260520_152036_L228;20260520_152036;20.05.2026;15:09:00;228;13;9014;11;U820Z2P;Poliklinika Malešice;50.07258;14.55516
20260520_152036_L231;20260520_152036;20.05.2026;15:10:00;231;6;3689;10;U319Z4P;Dívčí hrady;50.06138;14.39918
20260520_152036_L232;20260520_152036;20.05.2026;15:08:00;232;12;4186;12;U458Z11P;Na Knížecí;50.05959;14.40962
20260520_152036_L821;20260520_152036;20.05.2026;15:07:00;821;52;1615;11;U2934Z1;Kolín,nádraží;49.98929;14.99089
20260520_152036_L853;20260520_152036;20.05.2026;15:06:00;853;31;7002;14;U6722Z1;Nový Bydžov,Terminál HD;50.20931;15.31211
20260520_152036_L306;20260520_152036;20.05.2026;15:09:00;306;9;8853;11;U1215Z2;Kladno,autobusové nádraží;50.08731;14.2148
20260520_152036_L337;20260520_152036;20.05.2026;15:10:00;337;13;9364;10;U1330Z1;Benešov,Terminál;49.96444;14.51921
20260520_152036_L339;20260520_152036;20.05.2026;15:07:00;339;17;9952;13;U1543Z1;Týnec n.Sáz.,žel.st.;49.87804;14.62223
20260520_152036_L344;20260520_152036;20.05.2026;15:09:00;344;5;8024;10;U1606Z1;Horoušany,U Rybníka;50.1136;14.70255
20260520_152036_L452;20260520_152036;20.05.2026;15:08:00;452;26;7073;12;U6581Z1;Mladá Vožice,aut.st.;49.59938;14.72691
20260520_152036_L352;20260520_152036;20.05.2026;15:10:00;352;8;4169;10;U122Z2;Praha,Luka;50.03498;14.31499
20260520_152036_L381;20260520_152036;20.05.2026;15:05:00;381;12;9374;14;U2011Z1;Zásmuky,nám.;49.99166;14.80993
20260520_152036_L381;20260520_152036;20.05.2026;15:09:00;381;1;9372;10;U2151Z1;Čáslav,obchodní centrum;49.95411;15.03028
20260520_152036_L381;20260520_152036;20.05.2026;15:05:00;381;14;9371;10;U967Z1;Čáslav,obchodní centrum;50.03299;14.59681
20260520_152036_L382;20260520_152036;20.05.2026;15:10:00;382;38;9193;10;U1885Z1;Sázava,aut.st.;50.00423;14.65814
20260520_152036_L383;20260520_152036;20.05.2026;15:09:00;383;32;9174;10;U2006Z1;Chocerady;49.98982;14.71984
20260520_152036_L400;20260520_152036;20.05.2026;15:04:00;400;25;11695;14;U3316Z4;Praha,Střížkov;50.39131;14.46337
20260520_152036_L400;20260520_152036;20.05.2026;15:10:00;400;58;1081;10;U31046Z5;Praha,Střížkov;50.54037;14.53498
20260520_152036_L410;20260520_152036;20.05.2026;15:08:00;410;3;11611;12;U31312Z2;Praha,Střížkov;50.5549;14.58857
20260520_152036_L412;20260520_152036;20.05.2026;15:06:00;412;42;9882;14;U31001Z1;Jičín,aut.st.;50.46784;15.18141
20260520_152036_L428;20260520_152036;20.05.2026;15:05:00;428;10;7232;13;U5854Z2;Praha,Smíchovské nádraží;49.56093;14.07873
20260520_152036_L432;20260520_152036;20.05.2026;15:06:00;432;3;8553;10;U2121Z2;Lysá n.L.,žel.st.;50.26112;14.94962
20260520_152036_L432;20260520_152036;20.05.2026;15:07:00;432;2;8693;12;U5914Z1;Lysá n.L.,žel.st.;50.23179;14.8492
20260520_152036_L443;20260520_152036;20.05.2026;15:04:00;443;22;8594;13;U2442Z1;Nymburk,hl.nádr.;50.15841;14.82222
20260520_152036_L450;20260520_152036;20.05.2026;15:05:00;450;24;7505;12;U7838Z1;Petrovice;49.57341;14.38521
20260520_152036_L483;20260520_152036;20.05.2026;15:08:00;483;47;7876;11;U7602Z2;Chocerady;49.86749;14.80978
20260520_152036_L484;20260520_152036;20.05.2026;15:04:00;484;31;8144;15;U2315Z1;Úvaly,žel.st.;50.07408;14.72318
20260520_152036_L493;20260520_152036;20.05.2026;15:10:00;493;26;8593;10;U2969Z1;Poděbrady,žel.st.;50.18534;15.04153
20260520_152036_L497;20260520_152036;20.05.2026;15:10:00;497;31;8574;10;U3025Z2;Milovice,žel.st.;50.1975;14.95602
20260520_152036_L509;20260520_152036;20.05.2026;15:06:00;509;20;9616;14;U9771Z1;Trhové Dušníky;49.66055;13.93433
20260520_152036_L531;20260520_152036;20.05.2026;15:10:00;531;4;9839;10;U5989Z2;Příbram,Archiv;49.8394;13.92086
20260520_152036_L536;20260520_152036;20.05.2026;14:47:00;536;19;7609;30;U6018Z1;Kolín,nádraží;50.02415;15.2136
20260520_152036_L590;20260520_152036;20.05.2026;15:09:00;590;6;7690;11;U9199Z2;Vraný;50.2705;14.12291
20260520_152036_L590;20260520_152036;20.05.2026;15:09:00;590;31;7728;11;U9288Z1;Nové Strašecí,Palackého;50.16809;13.95606
20260520_152036_L617;20260520_152036;20.05.2026;15:08:00;617;28;8892;12;U4366Z1;Roudnice n.L.,žel.st.;50.34085;14.29359
20260520_152036_L625;20260520_152036;20.05.2026;15:10:00;625;23;8817;10;U9312Z1;Kladno,autobusové nádraží;50.15761;13.89648
20260520_152036_L630;20260520_152036;20.05.2026;15:10:00;630;39;8805;10;U4320Z1;Kladno,autobusové nádraží;50.13021;14.11318
20260520_152036_L639;20260520_152036;20.05.2026;15:03:00;639;15;9540;15;U2895Z2;Hořovice,nám.B.Němcové;49.82582;14.04509
20260520_152036_L650;20260520_152036;20.05.2026;15:10:00;650;25;12555;10;U9268Z1;Kladno,autobusové nádraží;50.23848;14.09375
20260520_152036_L672;20260520_152036;20.05.2026;15:09:00;672;92;1109;10;U9217Z1;Všenory,Horní Mokropsy;49.92609;14.26777
20260520_152036_L706;20260520_152036;20.05.2026;15:10:00;706;64;1687;10;U9417Z2;Uhlířské Janovice,nám.;49.96139;15.10781
20260520_152036_L719;20260520_152036;20.05.2026;15:08:00;719;22;9086;12;U6210Z1;Bakov n.Jiz.,Zvířetice;50.47863;14.93865
20260520_152036_L737;20260520_152036;20.05.2026;15:09:00;737;8;9591;10;U6176Z1;Bělá p.Bezd.,Atmos;50.437;14.89474
20260520_152036_L794;20260520_152036;20.05.2026;15:07:00;794;54;7919;10;U7622Z2;Kácov,nám.;49.70058;15.00392
20260520_152436_L136;20260520_152436;20.05.2026;15:14:00;136;15;6809;10;U134Z5P;Sídliště Čakovice;50.10172;14.50317
20260520_152436_L183;20260520_152436;20.05.2026;15:12:00;183;14;6820;11;U538Z2P;Háje;50.0826;14.538
20260520_152436_L590;20260520_152436;20.05.2026;15:12:00;590;6;7690;11;U9209Z2;Vraný;50.2825;14.12315
20260520_152436_L493;20260520_152436;20.05.2026;15:12:00;493;26;8593;12;U2968Z2;Poděbrady,žel.st.;50.18062;15.04448
20260520_152436_L136;20260520_152436;20.05.2026;15:12:00;136;5;5543;12;U417Z1P;Jižní Město;50.04295;14.48775
20260520_152436_L344;20260520_152436;20.05.2026;15:14:00;344;5;8024;10;U1499Z1;Horoušany,U Rybníka;50.10007;14.71243
20260520_152436_L433;20260520_152436;20.05.2026;15:14:00;433;15;8620;10;U2969Z1;Pečky,žel.st.;50.18591;15.04196
20260520_152436_L672;20260520_152436;20.05.2026;15:12:00;672;92;1109;12;U1852Z51;Všenory,Horní Mokropsy;49.92696;14.27459
20260520_152436_L410;20260520_152436;20.05.2026;15:11:00;410;3;11611;11;U31311Z2;Praha,Střížkov;50.54869;14.55496
20260520_152436_L484;20260520_152436;20.05.2026;15:04:00;484;31;8144;19;U2315Z1;Úvaly,žel.st.;50.07408;14.72318
20260520_152436_L466;20260520_152436;20.05.2026;15:12:00;466;23;8019;11;U4244Z2;Mělník,aut.nádr.;50.2681;14.30504
20260520_152436_L452;20260520_152436;20.05.2026;15:11:00;452;26;7073;11;U31264Z1;Mladá Vožice,aut.st.;49.57692;14.762
20260520_152436_L136;20260520_152436;20.05.2026;15:12:00;136;6;5021;12;U37Z1P;Jižní Město;50.06111;14.46945
20260520_152436_L234;20260520_152436;20.05.2026;15:13:00;234;1;3977;11;U241Z2P;Nádraží Holešovice;50.11735;14.42872
20260520_152436_L209;20260520_152436;20.05.2026;15:14:00;209;46;9117;10;U36Z1P;Nádraží Uhříněves;50.07864;14.64626
20260520_152436_L590;20260520_152436;20.05.2026;15:12:00;590;31;7728;11;U9289Z1;Nové Strašecí,Palackého;50.14961;13.95966
20260520_152436_L706;20260520_152436;20.05.2026;15:14:00;706;64;1687;10;U2155Z2;Uhlířské Janovice,nám.;49.95697;15.07761
20260520_152436_L737;20260520_152436;20.05.2026;15:11:00;737;8;9591;10;U6177Z1;Bělá p.Bezd.,Atmos;50.46798;14.86392
20260520_152436_L509;20260520_152436;20.05.2026;15:09:00;509;20;9616;15;U9769Z2;Trhové Dušníky;49.65623;13.94636
20260520_152436_L324;20260520_152436;20.05.2026;15:11:00;324;20;8972;10;U1915Z2;Slaný,Rabasova;50.20367;14.04591
20260520_152436_L650;20260520_152436;20.05.2026;15:11:00;650;25;12555;12;U9269Z1;Kladno,autobusové nádraží;50.23252;14.0868
20260520_152436_L853;20260520_152436;20.05.2026;15:06:00;853;31;7002;17;U6722Z1;Nový Bydžov,Terminál HD;50.21024;15.31515
20260520_152436_L497;20260520_152436;20.05.2026;15:12:00;497;31;8574;10;U3019Z2;Milovice,žel.st.;50.21149;14.93101
20260520_152436_L300;20260520_152436;20.05.2026;15:12:00;300;3;8959;12;U4306Z1;Kladno,Sítná;50.13571;14.12405
20260520_152436_L306;20260520_152436;20.05.2026;15:12:00;306;9;8853;11;U2117Z1;Kladno,autobusové nádraží;50.09088;14.20518
20260520_152436_L164;20260520_152436;20.05.2026;15:08:00;164;5;1968;14;U229Z2P;Malovanka;50.08692;14.37544
20260520_152436_L630;20260520_152436;20.05.2026;15:12:00;630;39;8805;10;U4321Z1;Kladno,autobusové nádraží;50.13541;14.10555
20260520_152436_L617;20260520_152436;20.05.2026;15:08:00;617;28;8892;13;U4366Z1;Roudnice n.L.,žel.st.;50.34911;14.27161
20260520_152436_L639;20260520_152436;20.05.2026;15:03:00;639;15;9540;19;U2895Z2;Hořovice,nám.B.Němcové;49.82582;14.04509
20260520_152436_L821;20260520_152436;20.05.2026;15:13:00;821;52;1615;11;U2301Z3;Kolín,nádraží;50.00236;14.97404
20260520_152436_L589;20260520_152436;20.05.2026;15:11:00;589;16;7754;13;U9233Z2;Louny,ČSAD;50.27456;13.95619
20260520_152436_L794;20260520_152436;20.05.2026;15:12:00;794;54;7919;11;U9395Z1;Kácov,nám.;49.71021;15.00914
20260520_152436_L797;20260520_152436;20.05.2026;15:11:00;797;47;7876;13;U2047Z1;Vranov,Vranovská Lhota;49.87196;14.80357
20260520_152436_L531;20260520_152436;20.05.2026;15:12:00;531;4;9839;12;U9806Z2;Příbram,Archiv;49.83177;13.9368
20260520_152436_L761;20260520_152436;20.05.2026;15:11:00;761;42;1570;11;U1687Z2;Velké Popovice,Todice;49.91226;14.64153
20260520_152436_L450;20260520_152436;20.05.2026;15:11:00;450;24;7505;13;U7773Z1;Petrovice;49.57224;14.39159
20260520_152436_L691;20260520_152436;20.05.2026;15:09:00;691;28;8143;14;U6060Z1;Vidim;50.42638;14.46493
20260520_152436_L625;20260520_152436;20.05.2026;15:13:00;625;23;8817;11;U9316Z1;Kladno,autobusové nádraží;50.14921;13.90438
20260520_152436_L337;20260520_152436;20.05.2026;15:13:00;337;13;9364;10;U1531Z1;Benešov,Terminál;49.95094;14.5392
20260520_152436_L339;20260520_152436;20.05.2026;15:11:00;339;17;9952;13;U1588Z1;Týnec n.Sáz.,žel.st.;49.86968;14.59183
20260520_152436_L117;20260520_152436;20.05.2026;15:13:00;117;9;1954;11;U76Z3P;Nové Komořany;50.00984;14.40295
20260520_152436_L166;20260520_152436;20.05.2026;15:11:00;166;4;7986;10;U54Z5P;Domov seniorů Ďáblice;50.11561;14.46192
20260520_152436_L136;20260520_152436;20.05.2026;15:10:00;136;4;6803;12;U106Z2P;Jižní Město;50.02427;14.50873
20260520_152436_L381;20260520_152436;20.05.2026;15:11:00;381;1;9372;11;U2153Z1;Čáslav,obchodní centrum;49.95498;15.05778
20260520_152436_L381;20260520_152436;20.05.2026;15:11:00;381;12;9374;13;U2014Z1;Zásmuky,nám.;49.99277;14.84561
20260520_152436_L381;20260520_152436;20.05.2026;15:11:00;381;14;9371;13;U336Z1;Čáslav,obchodní centrum;50.02971;14.60145
20260520_152436_L383;20260520_152436;20.05.2026;15:11:00;383;32;9174;11;U2007Z1;Chocerady;49.9896;14.73943
20260520_152436_L389;20260520_152436;20.05.2026;15:12:00;389;33;7760;10;U32406Z12;Chomutov,žel.st.;50.45661;13.40012
20260520_152436_L370;20260520_152436;20.05.2026;15:11:00;370;6;8002;12;U2231Z1;Kralupy n.Vlt.,žel.st.;50.2498;14.31917
20260520_152436_L195;20260520_152436;20.05.2026;15:13:00;195;21;6795;10;U574Z2P;Sídliště Letňany;50.0913;14.4998
20260520_152436_L352;20260520_152436;20.05.2026;15:14:00;352;8;4169;10;U1029Z1;Praha,Luka;50.04192;14.32718
20260520_152436_L135;20260520_152436;20.05.2026;15:14:00;135;4;5138;11;U476Z5P;Florenc;50.07431;14.43874
20260520_152436_L181;20260520_152436;20.05.2026;15:09:00;181;8;5061;14;U747Z2P;Černý Most;50.0819;14.5383
20260520_152436_L181;20260520_152436;20.05.2026;15:11:00;181;5;6761;12;U538Z2P;Opatov;50.07968;14.53783
20260520_152436_L180;20260520_152436;20.05.2026;15:06:00;180;16;5570;17;U867Z1P;Dejvická;50.09486;14.39634
20260520_152436_L183;20260520_152436;20.05.2026;15:09:00;183;15;6848;15;U474Z4P;Sídliště Ďáblice;50.11001;14.50208
20260520_152436_L631;20260520_152436;20.05.2026;15:14:00;631;46;9594;10;U4274Z1;Nižbor,Šnárová;49.97225;14.07633
20260520_152436_L136;20260520_152436;20.05.2026;15:14:00;136;8;5082;10;U69Z2P;Jižní Město;50.08877;14.46103
20260520_152436_L508;20260520_152436;20.05.2026;15:13:00;508;15;9532;10;U9712Z4;Příbram,Svatá Hora;49.6901;14.01625
20260520_152436_L382;20260520_152436;20.05.2026;15:13:00;382;38;9193;11;U1878Z1;Sázava,aut.st.;49.99904;14.6683
20260520_152436_L400;20260520_152436;20.05.2026;15:10:00;400;58;1081;11;U31046Z5;Praha,Střížkov;50.52547;14.52171
20260520_152436_L149;20260520_152436;20.05.2026;15:14:00;149;5;4196;10;U254Z6P;Dejvická;50.06963;14.37781
20260520_152436_L719;20260520_152436;20.05.2026;15:12:00;719;22;9086;12;U6210Z2;Bakov n.Jiz.,Zvířetice;50.48157;14.93501
20260520_152436_L167;20260520_152436;20.05.2026;15:08:00;167;8;5052;13;U254Z6P;Na Knížecí;50.07135;14.39277
20260520_152436_L149;20260520_152436;20.05.2026;15:11:00;149;9;3997;12;U362Z12P;Dejvická;50.08529;14.3796
20260520_152436_L182;20260520_152436;20.05.2026;15:12:00;182;5;4130;10;U552Z2P;Kbelský hřbitov;50.07516;14.53783
20260520_152436_L180;20260520_152436;20.05.2026;15:10:00;180;1;5008;13;U229Z2P;Dejvická;50.08679;14.37423
20260520_152436_L536;20260520_152436;20.05.2026;14:47:00;536;19;7609;34;U6018Z1;Kolín,nádraží;50.02415;15.2136
20260520_152436_L231;20260520_152436;20.05.2026;15:14:00;231;6;3689;10;U84Z3P;Na Knížecí;50.05619;14.39751
20260520_152436_L428;20260520_152436;20.05.2026;15:09:00;428;10;7232;12;U7616Z2;Praha,Smíchovské nádraží;49.5969;14.06678
20260520_152436_L432;20260520_152436;20.05.2026;15:09:00;432;2;8693;11;U1490Z1;Lysá n.L.,žel.st.;50.21079;14.84576
20260520_152436_L204;20260520_152436;20.05.2026;15:11:00;204;72;9016;13;U1014Z2P;Sídliště Petrovice;50.07139;14.54061
20260520_152436_L204;20260520_152436;20.05.2026;15:10:00;204;74;9047;12;U1347Z2P;Sídliště Petrovice;50.11784;14.62544
20260520_152436_L232;20260520_152436;20.05.2026;15:09:00;232;12;4186;14;U337Z9P;Na Knížecí;50.04932;14.40795
20260520_152436_L467;20260520_152436;20.05.2026;15:14:00;467;53;9824;10;U6439Z2;Mladá Boleslav,aut.st.;50.40271;14.88124
20260520_152436_L201;20260520_152436;20.05.2026;15:12:00;201;2;3976;12;U196Z2P;Nádraží Holešovice;50.10877;14.44379
20260520_152436_L136;20260520_152436;20.05.2026;15:09:00;136;14;5079;13;U606Z1P;Sídliště Čakovice;50.12504;14.51622
20260520_152436_L112;20260520_152436;20.05.2026;15:09:00;112;23;5545;15;U765Z1P;Nádraží Holešovice;50.11629;14.43325
20260520_152436_L183;20260520_152436;20.05.2026;15:07:00;183;13;6734;17;U708Z2P;Sídliště Ďáblice;50.07901;14.53817
20260520_152436_L228;20260520_152436;20.05.2026;15:11:00;228;13;9014;13;U794Z2P;Poliklinika Malešice;50.0714;14.54898
20260520_152837_L300;20260520_152837;20.05.2026;15:14:00;300;3;8959;12;U4308Z3;Kladno,Sítná;50.13523;14.10589
20260520_152837_L181;20260520_152837;20.05.2026;15:13:00;181;5;6761;15;U747Z1P;Opatov;50.07717;14.5378
20260520_152837_L143;20260520_152837;20.05.2026;15:18:00;143;6;6897;11;U140Z6P;Stadion Strahov;50.09029;14.38567
20260520_152837_L183;20260520_152837;20.05.2026;15:14:00;183;14;6820;14;U747Z1P;Háje;50.07873;14.53778
20260520_152837_L167;20260520_152837;20.05.2026;15:15:00;167;2;5126;12;U254Z6P;Na Knížecí;50.07043;14.38565
20260520_152837_L375;20260520_152837;20.05.2026;15:17:00;375;8;8251;11;U603Z2;Praha,Českomoravská;50.11859;14.49935
20260520_152837_L484;20260520_152837;20.05.2026;15:04:00;484;31;8144;23;U2315Z1;Úvaly,žel.st.;50.07408;14.72318
20260520_152837_L339;20260520_152837;20.05.2026;15:15:00;339;17;9952;13;U1590Z1;Týnec n.Sáz.,žel.st.;49.85104;14.58875
20260520_152837_L136;20260520_152837;20.05.2026;15:15:00;136;6;5021;13;U751Z2P;Jižní Město;50.05261;14.47512
20260520_152837_L234;20260520_152837;20.05.2026;15:14:00;234;1;3977;14;U765Z1P;Nádraží Holešovice;50.11627;14.43321
20260520_152837_L794;20260520_152837;20.05.2026;15:18:00;794;54;7919;10;U5745Z2;Kácov,nám.;49.71934;15.00932
20260520_152837_L143;20260520_152837;20.05.2026;15:18:00;143;4;6864;10;U362Z13P;Dejvická;50.08621;14.38459
20260520_152837_L428;20260520_152837;20.05.2026;15:15:00;428;10;7232;11;U7720Z2;Praha,Smíchovské nádraží;49.62827;14.04494
20260520_152837_L616;20260520_152837;20.05.2026;15:18:00;616;3;8959;10;U4310Z1;Slaný,aut.nádr.;50.13523;14.10589
20260520_152837_L306;20260520_152837;20.05.2026;15:14:00;306;9;8853;13;U4127Z2;Kladno,autobusové nádraží;50.09427;14.21094
20260520_152837_L577;20260520_152837;20.05.2026;15:13:00;577;10;8354;14;U9307Z1;Stochov,Slovanka II;50.12154;13.93536
20260520_152837_L650;20260520_152837;20.05.2026;15:14:00;650;25;12555;14;U4777Z15;Kladno,autobusové nádraží;50.22799;14.08717
20260520_152837_L381;20260520_152837;20.05.2026;15:17:00;381;1;9372;11;U2178Z1;Čáslav,obchodní centrum;49.95621;15.10761
20260520_152837_L797;20260520_152837;20.05.2026;15:14:00;797;47;7876;14;U7528Z2;Vranov,Vranovská Lhota;49.86683;14.79823
20260520_152837_L631;20260520_152837;20.05.2026;15:18:00;631;46;9594;10;U9883Z1;Nižbor,Šnárová;49.98883;14.05464
20260520_152837_L590;20260520_152837;20.05.2026;15:15:00;590;31;7728;11;U9293Z1;Nové Strašecí,Palackého;50.13852;13.96702
20260520_152837_L590;20260520_152837;20.05.2026;15:18:00;590;6;7690;10;U9202Z4;Vraný;50.2882;14.09197
20260520_152837_L646;20260520_152837;20.05.2026;15:15:00;646;24;8084;13;U1795Z2;Mělník,aut.nádr.;50.35724;14.47507
20260520_152837_L450;20260520_152837;20.05.2026;15:15:00;450;24;7505;13;U7826Z1;Petrovice;49.5788;14.35456
20260520_152837_L452;20260520_152837;20.05.2026;15:17:00;452;26;7073;10;U31259Z1;Mladá Vožice,aut.st.;49.55487;14.79113
20260520_152837_L585;20260520_152837;20.05.2026;15:16:00;585;29;7659;10;U6735Z1;Jičín,aut.st.;50.29629;15.32557
20260520_152837_L577;20260520_152837;20.05.2026;15:17:00;577;78;8341;11;U4300Z1;Rakovník,aut.st.;50.10248;13.73216
20260520_152837_L136;20260520_152837;20.05.2026;15:16:00;136;8;5082;11;U743Z2P;Jižní Město;50.08287;14.45882
20260520_152837_L209;20260520_152837;20.05.2026;15:18:00;209;46;9117;10;U105Z1P;Nádraží Uhříněves;50.07163;14.65166
20260520_152837_L204;20260520_152837;20.05.2026;15:15:00;204;72;9016;13;U310Z1P;Sídliště Petrovice;50.06233;14.55441
20260520_152837_L110;20260520_152837;20.05.2026;15:16:00;110;1;1490;11;U207Z3P;Dolní Počernice;50.0917;14.54694
20260520_152837_L117;20260520_152837;20.05.2026;15:17:00;117;9;1954;11;U2724Z2P;Nové Komořany;50.00572;14.41505
20260520_152837_L163;20260520_152837;20.05.2026;15:17:00;163;58;9473;10;U448Z1P;Sídliště Rohožník;50.08105;14.60811
20260520_152837_L164;20260520_152837;20.05.2026;15:08:00;164;5;1968;19;U229Z2P;Malovanka;50.08722;14.37802
20260520_152837_L412;20260520_152837;20.05.2026;15:13:00;412;42;9882;15;U31006Z1;Jičín,aut.st.;50.45436;15.26022
20260520_152837_L466;20260520_152837;20.05.2026;15:15:00;466;23;8019;13;U4246Z2;Mělník,aut.nádr.;50.28082;14.31488
20260520_152837_L549;20260520_152837;20.05.2026;15:18:00;549;31;7516;10;U7926Z1;Klučenice;49.64462;14.43297
20260520_152837_L337;20260520_152837;20.05.2026;15:17:00;337;13;9364;11;U1534Z1;Benešov,Terminál;49.93392;14.55923
20260520_152837_L344;20260520_152837;20.05.2026;15:17:00;344;5;8024;11;U1612Z1;Horoušany,U Rybníka;50.10303;14.72779
20260520_152837_L354;20260520_152837;20.05.2026;15:17:00;354;11;1688;10;U188Z2;Praha,Černý Most;50.11081;14.58797
20260520_152837_L719;20260520_152837;20.05.2026;15:16:00;719;22;9086;12;U7273Z1;Bakov n.Jiz.,Zvířetice;50.48634;14.90925
20260520_152837_L691;20260520_152837;20.05.2026;15:09:00;691;28;8143;15;U6060Z1;Vidim;50.4372;14.47277
20260520_152837_L737;20260520_152837;20.05.2026;15:17:00;737;8;9591;11;U6199Z1;Bělá p.Bezd.,Atmos;50.48974;14.84042
20260520_152837_L764;20260520_152837;20.05.2026;15:17:00;764;31;9800;10;U6243Z1;Mcely;50.30948;15.02938
20260520_152837_L432;20260520_152837;20.05.2026;15:16:00;432;2;8693;12;U2431Z2;Lysá n.L.,žel.st.;50.20014;14.84121
20260520_152837_L370;20260520_152837;20.05.2026;15:13:00;370;6;8002;15;U2235Z1;Kralupy n.Vlt.,žel.st.;50.2476;14.31671
20260520_152837_L180;20260520_152837;20.05.2026;15:17:00;180;2;6859;11;U44Z2P;Dejvická;50.08609;14.36843
20260520_152837_L381;20260520_152837;20.05.2026;15:18:00;381;12;9374;10;U1978Z1;Zásmuky,nám.;49.9872;14.86645
20260520_152837_L384;20260520_152837;20.05.2026;15:18:00;384;16;9867;10;U9613Z2;Hořovice,nám.B.Němcové;49.86055;13.89332
20260520_152837_L361;20260520_152837;20.05.2026;15:16:00;361;58;1124;11;U902Z4;Praha,Smíchovské nádraží;49.98708;14.39779
20260520_152837_L821;20260520_152837;20.05.2026;15:15:00;821;52;1615;11;U2300Z1;Kolín,nádraží;50.00459;14.98314
20260520_152837_L531;20260520_152837;20.05.2026;15:15:00;531;4;9839;12;U9804Z2;Příbram,Archiv;49.81503;13.94012
20260520_152837_L580;20260520_152837;20.05.2026;15:16:00;580;20;7701;12;U2093Z1;Rakovník,aut.st.;50.11631;13.73393
20260520_152837_L617;20260520_152837;20.05.2026;15:13:00;617;28;8892;14;U1479Z1;Roudnice n.L.,žel.st.;50.36425;14.28891
20260520_152837_L625;20260520_152837;20.05.2026;15:16:00;625;23;8817;11;U4299Z1;Kladno,autobusové nádraží;50.13892;13.92928
20260520_152837_L856;20260520_152837;20.05.2026;15:13:00;856;3;7302;14;U4248Z1;Kralupy n.Vlt.,Zeměchy;50.24821;14.31725
20260520_152837_L136;20260520_152837;20.05.2026;15:17:00;136;5;5543;11;U344Z1P;Jižní Město;50.03178;14.50451
20260520_152837_L497;20260520_152837;20.05.2026;15:15:00;497;31;8574;10;U3020Z2;Milovice,žel.st.;50.22533;14.90901
20260520_152837_L445;20260520_152837;20.05.2026;15:18:00;445;17;7401;10;U1586Z1;Jílové u Prahy,Náměstí;49.89864;14.46876
20260520_152837_L250;20260520_152837;20.05.2026;15:19:00;250;1;5096;10;U903Z1P;Sídliště Rohožník;50.07424;14.67104
20260520_152837_L136;20260520_152837;20.05.2026;15:16:00;136;9;6909;11;U1074Z4P;Jižní Město;50.09289;14.47158
20260520_152837_L655;20260520_152837;20.05.2026;15:18:00;655;45;8129;10;U1499Z1;Úvaly,žel.st.;50.09876;14.71268
20260520_152837_L135;20260520_152837;20.05.2026;15:16:00;135;4;5138;12;U1062Z2P;Florenc;50.07682;14.43541
20260520_152837_L630;20260520_152837;20.05.2026;15:16:00;630;39;8805;11;U3094Z1;Kladno,autobusové nádraží;50.14303;14.09716
20260520_152837_L646;20260520_152837;20.05.2026;15:14:00;646;11;8141;13;U4248Z1;Kralupy n.Vlt.,žel.st.;50.24889;14.31818
20260520_152837_L176;20260520_152837;20.05.2026;15:18:00;176;6;4020;11;U2713Z2P;Karlovo náměstí;50.07445;14.40661
20260520_152837_L136;20260520_152837;20.05.2026;15:14:00;136;4;6803;13;U353Z1P;Jižní Město;50.02624;14.52151
20260520_152837_L382;20260520_152837;20.05.2026;15:13:00;382;38;9193;14;U1878Z1;Sázava,aut.st.;49.99694;14.67536
20260520_152837_L149;20260520_152837;20.05.2026;15:14:00;149;5;4196;14;U254Z6P;Dejvická;50.06974;14.3792
20260520_152837_L383;20260520_152837;20.05.2026;15:13:00;383;32;9174;12;U2008Z1;Chocerady;49.98092;14.73781
20260520_152837_L672;20260520_152837;20.05.2026;15:17:00;672;92;1109;11;U2279Z2;Všenory,Horní Mokropsy;49.93289;14.30561
20260520_152837_L528;20260520_152837;20.05.2026;15:15:00;528;13;9546;13;U9618Z2;Broumy,radnice;49.8336;13.90222
20260520_152837_L480;20260520_152837;20.05.2026;15:16:00;480;29;7219;12;U3287Z12;Solenice;49.69004;14.00321
20260520_152837_L493;20260520_152837;20.05.2026;15:15:00;493;26;8593;13;U3028Z2;Poděbrady,žel.st.;50.16909;15.07187
20260520_152837_L204;20260520_152837;20.05.2026;15:17:00;204;74;9047;11;U3024Z1P;Sídliště Petrovice;50.1124;14.61041
20260520_152837_L180;20260520_152837;20.05.2026;15:10:00;180;1;5008;17;U229Z2P;Dejvická;50.0869;14.3754
20260520_152837_L231;20260520_152837;20.05.2026;15:16:00;231;6;3689;12;U561Z1P;Na Knížecí;50.05934;14.40296
20260520_152837_L182;20260520_152837;20.05.2026;15:15:00;182;5;4130;13;U708Z2P;Kbelský hřbitov;50.07709;14.53805
20260520_152837_L536;20260520_152837;20.05.2026;14:47:00;536;19;7609;39;U6018Z1;Kolín,nádraží;50.02415;15.2136
20260520_152837_L589;20260520_152837;20.05.2026;15:13:00;589;16;7754;13;U9232Z2;Louny,ČSAD;50.26636;13.94346
20260520_152837_L232;20260520_152837;20.05.2026;15:13:00;232;12;4186;15;U817Z2P;Na Knížecí;50.06096;14.40575
20260520_152837_L389;20260520_152837;20.05.2026;15:12:00;389;33;7760;14;U32406Z12;Chomutov,žel.st.;50.45668;13.40018
20260520_152837_L400;20260520_152837;20.05.2026;15:13:00;400;25;11695;15;U1794Z2;Praha,Střížkov;50.35314;14.4826
20260520_152837_L112;20260520_152837;20.05.2026;15:18:00;112;22;5085;10;U241Z2P;Nádraží Holešovice;50.11735;14.42874
20260520_152837_L467;20260520_152837;20.05.2026;15:17:00;467;53;9824;11;U9300Z1;Mladá Boleslav,aut.st.;50.40989;14.90395
20260520_152837_L177;20260520_152837;20.05.2026;15:16:00;177;10;6714;11;U574Z2P;Poliklinika Mazurská;50.09108;14.50025
20260520_152837_L136;20260520_152837;20.05.2026;15:17:00;136;7;5537;12;U680Z3P;Jižní Město;50.06888;14.469
20260520_152837_L191;20260520_152837;20.05.2026;15:14:00;191;7;3804;13;U629Z3P;Letiště / Airport ✈;50.10539;14.27111
20260520_152837_L136;20260520_152837;20.05.2026;15:15:00;136;14;5079;13;U771Z1P;Sídliště Čakovice;50.13404;14.50625
20260520_152837_L228;20260520_152837;20.05.2026;15:13:00;228;13;9014;15;U1014Z2P;Poliklinika Malešice;50.07189;14.54185
20260520_153237_L110;20260520_153237;20.05.2026;15:19:00;110;1;1490;13;U193Z1P;Dolní Počernice;50.08755;14.55823
20260520_153237_L112;20260520_153237;20.05.2026;15:18:00;112;22;5085;14;U241Z2P;Nádraží Holešovice;50.11736;14.4314
20260520_153237_L117;20260520_153237;20.05.2026;15:22:00;117;9;1954;10;U62Z1P;Nové Komořany;49.99884;14.40634
20260520_153237_L135;20260520_153237;20.05.2026;15:19:00;135;4;5138;12;U821Z2P;Florenc;50.084;14.44035
20260520_153237_L136;20260520_153237;20.05.2026;15:19:00;136;6;5021;14;U417Z1P;Jižní Město;50.04356;14.48721
20260520_153237_L136;20260520_153237;20.05.2026;15:18:00;136;5;5543;12;U106Z2P;Jižní Město;50.02447;14.51201
20260520_153237_L136;20260520_153237;20.05.2026;15:17:00;136;7;5537;14;U680Z3P;Jižní Město;50.06495;14.46934
20260520_153237_L136;20260520_153237;20.05.2026;15:20:00;136;8;5082;12;U118Z4P;Jižní Město;50.07815;14.46095
20260520_153237_L136;20260520_153237;20.05.2026;15:16:00;136;9;6909;14;U1074Z4P;Jižní Město;50.09196;14.46916
20260520_153237_L143;20260520_153237;20.05.2026;15:19:00;143;4;6864;12;U140Z5P;Dejvická;50.09212;14.38679
20260520_153237_L143;20260520_153237;20.05.2026;15:20:00;143;6;6897;11;U362Z10P;Stadion Strahov;50.08528;14.38347
20260520_153237_L149;20260520_153237;20.05.2026;15:18:00;149;5;4196;14;U565Z1P;Dejvická;50.07293;14.37296
20260520_153237_L163;20260520_153237;20.05.2026;15:21:00;163;58;9473;10;U432Z1P;Sídliště Rohožník;50.08017;14.63384
20260520_153237_L164;20260520_153237;20.05.2026;15:22:00;164;5;1968;10;U362Z12P;Sídliště Řepy;50.08528;14.38324
20260520_153237_L166;20260520_153237;20.05.2026;15:22:00;166;4;7986;10;U881Z1P;Domov seniorů Ďáblice;50.12084;14.47124
20260520_153237_L167;20260520_153237;20.05.2026;15:15:00;167;2;5126;15;U254Z6P;Na Knížecí;50.07111;14.39123
20260520_153237_L171;20260520_153237;20.05.2026;15:20:00;171;12;8136;11;U707Z2P;Depo Hostivař;50.08331;14.52849
20260520_153237_L174;20260520_153237;20.05.2026;15:22:00;174;8;4169;10;U1130Z2P;Vypich;50.05407;14.339
20260520_153237_L176;20260520_153237;20.05.2026;15:20:00;176;6;4020;12;U208Z4P;Karlovo náměstí;50.07566;14.41394
20260520_153237_L177;20260520_153237;20.05.2026;15:21:00;177;10;6714;11;U225Z2P;Poliklinika Mazurská;50.09943;14.49593
20260520_153237_L180;20260520_153237;20.05.2026;15:18:00;180;2;6859;14;U229Z2P;Dejvická;50.08647;14.37167
20260520_153237_L181;20260520_153237;20.05.2026;15:20:00;181;4;5081;12;U552Z2P;Černý Most;50.0703;14.53743
20260520_153237_L182;20260520_153237;20.05.2026;15:19:00;182;10;3876;11;U538Z2P;Opatov;50.08096;14.53794
20260520_153237_L183;20260520_153237;20.05.2026;15:19:00;183;4;5504;12;U552Z2P;Sídliště Ďáblice;50.07113;14.53753
20260520_153237_L191;20260520_153237;20.05.2026;15:14:00;191;7;3804;17;U629Z3P;Letiště / Airport ✈;50.10539;14.27111
20260520_153237_L195;20260520_153237;20.05.2026;15:22:00;195;21;6795;10;U474Z5P;Sídliště Letňany;50.11095;14.50253
20260520_153237_L195;20260520_153237;20.05.2026;15:20:00;195;4;6756;11;U574Z2P;Sídliště Letňany;50.09082;14.50232
20260520_153237_L203;20260520_153237;20.05.2026;15:22:00;203;1;1950;10;U307Z1P;Háje;50.01286;14.50309
20260520_153237_L204;20260520_153237;20.05.2026;15:18:00;204;72;9016;13;U1099Z1P;Sídliště Petrovice;50.05308;14.56558
20260520_153237_L204;20260520_153237;20.05.2026;15:22:00;204;74;9047;10;U253Z1P;Sídliště Petrovice;50.1102;14.60443
20260520_153237_L209;20260520_153237;20.05.2026;15:21:00;209;46;9117;10;U311Z3P;Nádraží Uhříněves;50.06599;14.63928
20260520_153237_L231;20260520_153237;20.05.2026;15:19:00;231;6;3689;14;U965Z1P;Na Knížecí;50.06102;14.40472
20260520_153237_L821;20260520_153237;20.05.2026;15:18:00;821;52;1615;11;U4148Z1;Kolín,nádraží;49.99887;15.02354
20260520_153237_L856;20260520_153237;20.05.2026;15:19:00;856;3;7302;12;U4236Z2;Kralupy n.Vlt.,Zeměchy;50.2495;14.31029
20260520_153237_L330;20260520_153237;20.05.2026;15:22:00;330;16;1259;10;U85Z1;Praha,Nádraží Veleslavín;50.09255;14.32583
20260520_153237_L337;20260520_153237;20.05.2026;15:20:00;337;13;9364;11;U2288Z1;Benešov,Terminál;49.91825;14.58117
20260520_153237_L343;20260520_153237;20.05.2026;15:20:00;343;5;8024;10;U1810Z1;Nehvizdy,škola;50.11711;14.73621
20260520_153237_L360;20260520_153237;20.05.2026;15:21:00;360;8;7506;10;U1754Z2;Praha,Smíchovské nádraží;49.91705;14.37659
20260520_153237_L370;20260520_153237;20.05.2026;15:13:00;370;6;8002;18;U2235Z1;Kralupy n.Vlt.,žel.st.;50.24419;14.31301
20260520_153237_L375;20260520_153237;20.05.2026;15:21:00;375;8;8251;11;U474Z7;Praha,Českomoravská;50.11011;14.50193
20260520_153237_L381;20260520_153237;20.05.2026;15:18:00;381;14;9371;14;U1885Z1;Čáslav,obchodní centrum;50.0048;14.65706
20260520_153237_L384;20260520_153237;20.05.2026;15:20:00;384;16;9867;10;U9614Z2;Hořovice,nám.B.Němcové;49.84564;13.88809
20260520_153237_L387;20260520_153237;20.05.2026;15:21:00;387;9;1686;10;U336Z1;Uhlířské Janovice,nám.;50.03025;14.60571
20260520_153237_L389;20260520_153237;20.05.2026;15:12:00;389;33;7760;18;U32406Z12;Chomutov,žel.st.;50.45662;13.40019
20260520_153237_L400;20260520_153237;20.05.2026;15:20:00;400;5;11656;11;U31355Z1;Nový Bor,aut.nádr.;50.70214;14.54285
20260520_153237_L400;20260520_153237;20.05.2026;15:19:00;400;58;1081;11;U6078Z2;Praha,Střížkov;50.48521;14.48395
20260520_153237_L410;20260520_153237;20.05.2026;15:20:00;410;12;11697;11;U31369Z51;Doksy,aut.nádr.;50.63615;14.71783
20260520_153237_L428;20260520_153237;20.05.2026;15:18:00;428;10;7232;12;U7719Z2;Praha,Smíchovské nádraží;49.65515;14.05943
20260520_153237_L432;20260520_153237;20.05.2026;15:21:00;432;3;8553;11;U1489Z1;Lysá n.L.,žel.st.;50.22993;14.89155
20260520_153237_L436;20260520_153237;20.05.2026;15:20:00;436;18;8563;10;U3087Z2;Nymburk,hl.nádr.;50.19192;15.03682
20260520_153238_L445;20260520_153238;20.05.2026;15:20:00;445;17;7401;11;U2598Z2;Jílové u Prahy,Náměstí;49.90432;14.48541
20260520_153238_L450;20260520_153238;20.05.2026;15:19:00;450;24;7505;11;U7825Z1;Petrovice;49.5545;14.34021
20260520_153238_L455;20260520_153238;20.05.2026;15:20:00;455;1;7507;10;U7865Z2;Mladá Vožice,aut.st.;49.70157;14.7985
20260520_153238_L467;20260520_153238;20.05.2026;15:19:00;467;53;9824;12;U3388Z1;Mladá Boleslav,aut.st.;50.41098;14.9204
20260520_153238_L484;20260520_153238;20.05.2026;15:04:00;484;31;8144;27;U2315Z1;Úvaly,žel.st.;50.07408;14.72318
20260520_153238_L528;20260520_153238;20.05.2026;15:18:00;528;13;9546;14;U9616Z2;Broumy,radnice;49.8386;13.89662
20260520_153238_L531;20260520_153238;20.05.2026;15:20:00;531;4;9839;12;U3284Z2;Příbram,Archiv;49.80851;13.96906
20260520_153238_L536;20260520_153238;20.05.2026;14:47:00;536;19;7609;42;U6018Z1;Kolín,nádraží;50.02415;15.2136
20260520_153238_L549;20260520_153238;20.05.2026;15:21:00;549;31;7516;11;U7932Z1;Klučenice;49.62256;14.42338
20260520_153238_L580;20260520_153238;20.05.2026;15:20:00;580;20;7701;11;U2009Z1;Rakovník,aut.st.;50.1061;13.72501
20260520_153238_L589;20260520_153238;20.05.2026;15:19:00;589;16;7754;12;U9235Z1;Louny,ČSAD;50.26375;13.91515
20260520_153238_L590;20260520_153238;20.05.2026;15:21:00;590;6;7690;10;U9211Z2;Vraný;50.29867;14.06849
20260520_153238_L590;20260520_153238;20.05.2026;15:19:00;590;31;7728;12;U9305Z2;Nové Strašecí,Palackého;50.12988;13.94989
20260520_153238_L616;20260520_153238;20.05.2026;15:20:00;616;3;8959;12;U3094Z1;Slaný,aut.nádr.;50.14241;14.09779
20260520_153238_L617;20260520_153238;20.05.2026;15:20:00;617;16;7335;10;U4830Z1;Kladno,autobusové nádraží;50.27108;14.23546
20260520_153238_L625;20260520_153238;20.05.2026;15:20:00;625;23;8817;10;U9306Z1;Kladno,autobusové nádraží;50.12891;13.95607
20260520_153238_L630;20260520_153238;20.05.2026;15:19:00;630;39;8805;12;U4313Z8;Kladno,autobusové nádraží;50.14761;14.09934
20260520_153238_L631;20260520_153238;20.05.2026;15:20:00;631;46;9594;10;U7180Z1;Nižbor,Šnárová;49.99089;14.03973
20260520_153238_L650;20260520_153238;20.05.2026;15:18:00;650;25;12555;14;U4786Z1;Kladno,autobusové nádraží;50.23088;14.08306
20260520_153238_L655;20260520_153238;20.05.2026;15:20:00;655;45;8129;11;U2355Z1;Úvaly,žel.st.;50.08253;14.71594
20260520_153238_L718;20260520_153238;20.05.2026;15:21:00;718;32;8608;10;U6409Z1;Mnichovo Hradiště,dopravní terminál;50.44649;15.07172
20260520_153238_L719;20260520_153238;20.05.2026;15:20:00;719;22;9086;12;U6206Z1;Bakov n.Jiz.,Zvířetice;50.47546;14.88854
20260520_153238_L737;20260520_153238;20.05.2026;15:20:00;737;8;9591;11;U6161Z1;Bělá p.Bezd.,Atmos;50.49866;14.81566
20260520_153238_L764;20260520_153238;20.05.2026;15:22:00;764;31;9800;10;U3062Z2;Mcely;50.30021;15.07569
20260520_153238_L794;20260520_153238;20.05.2026;15:20:00;794;54;7919;11;U5747Z2;Kácov,nám.;49.73685;15.01236
20260520_153238_L797;20260520_153238;20.05.2026;15:19:00;797;47;7876;13;U5824Z2;Vranov,Vranovská Lhota;49.85876;14.7848
20260520_153638_L180;20260520_153638;20.05.2026;15:27:00;180;9;6934;10;U872Z2P;Obchodní centrum Zličín;50.07997;14.3476
20260520_153638_L853;20260520_153638;20.05.2026;15:21:00;853;31;7002;14;U31765Z2;Nový Bydžov,Terminál HD;50.25152;15.39496
20260520_153638_L109;20260520_153638;20.05.2026;15:26:00;109;11;4168;10;U318Z1P;VÚ Běchovice;50.08868;14.5514
20260520_153638_L549;20260520_153638;20.05.2026;15:26:00;549;31;7516;10;U5840Z1;Klučenice;49.61463;14.39033
20260520_153638_L149;20260520_153638;20.05.2026;15:22:00;149;5;4196;15;U1407Z2P;Dejvická;50.07946;14.3797
20260520_153638_L143;20260520_153638;20.05.2026;15:24:00;143;4;6864;12;U321Z4P;Dejvická;50.09932;14.3956
20260520_153638_L136;20260520_153638;20.05.2026;15:23:00;136;6;5021;13;U424Z1P;Jižní Město;50.03307;14.5003
20260520_153638_L177;20260520_153638;20.05.2026;15:25:00;177;10;6714;11;U474Z4P;Poliklinika Mazurská;50.11062;14.5023
20260520_153638_L110;20260520_153638;20.05.2026;15:23:00;110;1;1490;13;U801Z1P;Dolní Počernice;50.0867;14.57348
20260520_153638_L616;20260520_153638;20.05.2026;15:23:00;616;3;8959;11;U4313Z8;Slaný,aut.nádr.;50.14921;14.10329
20260520_153638_L337;20260520_153638;20.05.2026;15:24:00;337;13;9364;12;U1539Z1;Benešov,Terminál;49.9039;14.58802
20260520_153638_L316;20260520_153638;20.05.2026;15:26:00;316;1;8980;10;U1692Z1;Holubice;50.1968;14.29505
20260520_153638_L410;20260520_153638;20.05.2026;15:26:00;410;12;11697;10;U32510Z2;Doksy,aut.nádr.;50.59541;14.72389
20260520_153638_L650;20260520_153638;20.05.2026;15:21:00;650;25;12555;15;U4836Z1;Kladno,autobusové nádraží;50.23665;14.07031
20260520_153638_L166;20260520_153638;20.05.2026;15:25:00;166;4;7986;11;U78Z3P;Domov seniorů Ďáblice;50.12641;14.46807
20260520_153638_L171;20260520_153638;20.05.2026;15:22:00;171;12;8136;13;U585Z2P;Depo Hostivař;50.07702;14.51735
20260520_153638_L220;20260520_153638;20.05.2026;15:26:00;220;29;9289;10;U1348Z1P;Černý Most;50.11984;14.61121
20260520_153638_L306;20260520_153638;20.05.2026;15:23:00;306;9;8853;12;U2133Z1;Kladno,autobusové nádraží;50.11436;14.20574
20260520_153638_L163;20260520_153638;20.05.2026;15:24:00;163;58;9473;12;U3008Z1P;Sídliště Rohožník;50.0767;14.65768
20260520_153638_L136;20260520_153638;20.05.2026;15:22:00;136;5;5543;14;U353Z1P;Jižní Město;50.02624;14.52143
20260520_153638_L821;20260520_153638;20.05.2026;15:24:00;821;52;1615;11;U4983Z1;Kolín,nádraží;50.01391;15.03547
20260520_153638_L432;20260520_153638;20.05.2026;15:25:00;432;3;8553;11;U1496Z1;Lysá n.L.,žel.st.;50.22885;14.88255
20260520_153638_L493;20260520_153638;20.05.2026;15:22:00;493;26;8593;14;U3159Z1;Poděbrady,žel.st.;50.14412;15.10601
20260520_153638_L497;20260520_153638;20.05.2026;15:25:00;497;31;8574;11;U1496Z2;Nymburk,hl.nádr.;50.22828;14.88433
20260520_153638_L655;20260520_153638;20.05.2026;15:24:00;655;45;8129;12;U5242Z1;Úvaly,žel.st.;50.07307;14.71721
20260520_153638_L484;20260520_153638;20.05.2026;15:04:00;484;31;8144;31;U2315Z1;Úvaly,žel.st.;50.07408;14.72318
20260520_153638_L400;20260520_153638;20.05.2026;15:19:00;400;58;1081;15;U6078Z2;Praha,Střížkov;50.47745;14.48247
20260520_153638_L324;20260520_153638;20.05.2026;15:26:00;324;20;8972;10;U4787Z2;Slaný,Rabasova;50.23328;14.07999
20260520_153638_L335;20260520_153638;20.05.2026;15:26:00;335;6;9131;10;U1332Z1;Kamenice,Kult.dům;49.96995;14.50891
20260520_153638_L381;20260520_153638;20.05.2026;15:21:00;381;14;9371;14;U1878Z1;Čáslav,obchodní centrum;49.99824;14.67102
20260520_153638_L382;20260520_153638;20.05.2026;15:21:00;382;38;9193;15;U2007Z1;Sázava,aut.st.;49.99001;14.72675
20260520_153638_L383;20260520_153638;20.05.2026;15:21:00;383;32;9174;15;U2036Z1;Chocerady;49.97139;14.73843
20260520_153638_L384;20260520_153638;20.05.2026;15:25:00;384;16;9867;11;U9616Z5;Hořovice,nám.B.Němcové;49.83787;13.89746
20260520_153638_L389;20260520_153638;20.05.2026;15:12:00;389;33;7760;22;U32406Z12;Chomutov,žel.st.;50.45664;13.40018
20260520_153638_L466;20260520_153638;20.05.2026;15:24:00;466;23;8019;12;U4363Z2;Mělník,aut.nádr.;50.30943;14.31526
20260520_153638_L690;20260520_153638;20.05.2026;15:21:00;690;1;1815;15;U6125Z2;Mšeno;50.42895;14.66186
20260520_153638_L467;20260520_153638;20.05.2026;15:22:00;467;53;9824;13;U3389Z1;Mladá Boleslav,aut.st.;50.41756;14.91235
20260520_153638_L718;20260520_153638;20.05.2026;15:25:00;718;32;8608;10;U6295Z1;Mnichovo Hradiště,dopravní terminál;50.46629;15.08089
20260520_153638_L719;20260520_153638;20.05.2026;15:25:00;719;22;9086;11;U6207Z1;Mladá Boleslav,aut.st.;50.47468;14.91008
20260520_153638_L737;20260520_153638;20.05.2026;15:23:00;737;8;9591;12;U6163Z4;Bělá p.Bezd.,Atmos;50.50361;14.79915
20260520_153638_L204;20260520_153638;20.05.2026;15:22:00;204;72;9016;14;U154Z1P;Sídliště Petrovice;50.04704;14.55578
20260520_153638_L345;20260520_153638;20.05.2026;15:23:00;345;39;10643;12;U3253Z1;Praha,Černý Most;50.51375;14.97187
20260520_153638_L400;20260520_153638;20.05.2026;15:22:00;400;25;11695;11;U1792Z1;Praha,Střížkov;50.32485;14.50329
20260520_153638_L794;20260520_153638;20.05.2026;15:24:00;794;54;7919;11;U5752Z2;Kácov,nám.;49.75635;15.01041
20260520_153638_L797;20260520_153638;20.05.2026;15:23:00;797;47;7876;13;U5823Z1;Vranov,Vranovská Lhota;49.85435;14.76621
20260520_153638_L840;20260520_153638;20.05.2026;15:23:00;840;31;7930;12;U6760Z1;Vlašim,žel.st.;49.70337;14.89336
20260520_153638_L182;20260520_153638;20.05.2026;15:21:00;182;10;3876;15;U747Z1P;Opatov;50.07743;14.53772
20260520_153638_L531;20260520_153638;20.05.2026;15:25:00;531;4;9839;11;U9798Z2;Příbram,Archiv;49.7892;13.97693
20260520_153638_L528;20260520_153638;20.05.2026;15:21:00;528;13;9546;15;U9615Z1;Broumy,radnice;49.84638;13.88755
20260520_153638_L856;20260520_153638;20.05.2026;15:21:00;856;3;7302;14;U4227Z2;Kralupy n.Vlt.,Zeměchy;50.24164;14.31057
20260520_153638_L589;20260520_153638;20.05.2026;15:22:00;589;16;7754;12;U9234Z1;Louny,ČSAD;50.28166;13.92311
20260520_153638_L590;20260520_153638;20.05.2026;15:23:00;590;31;7728;12;U9309Z2;Nové Strašecí,Palackého;50.13889;13.92642
20260520_153638_L590;20260520_153638;20.05.2026;15:24:00;590;6;7690;10;U9119Z2;Vraný;50.32031;14.05825
20260520_153638_L195;20260520_153638;20.05.2026;15:25:00;195;4;6756;12;U225Z2P;Sídliště Letňany;50.09952;14.49708
20260520_153638_L195;20260520_153638;20.05.2026;15:27:00;195;21;6795;10;U603Z1P;Sídliště Letňany;50.11867;14.49971
20260520_153638_L366;20260520_153638;20.05.2026;15:27:00;366;5;4515;10;U1930Z1;Mukařov;50.02558;14.67934
20260520_153638_L180;20260520_153638;20.05.2026;15:25:00;180;3;5048;11;U229Z2P;Dejvická;50.08647;14.37169
20260520_153638_L167;20260520_153638;20.05.2026;15:26:00;167;54;5066;10;U289Z8P;Na Knížecí;50.06992;14.36136
20260520_153638_L231;20260520_153638;20.05.2026;15:19:00;231;6;3689;16;U965Z1P;Na Knížecí;50.06245;14.40422
20260520_153638_L203;20260520_153638;20.05.2026;15:26:00;203;1;1950;10;U982Z2P;Háje;50.02169;14.49221
20260520_153638_L112;20260520_153638;20.05.2026;15:23:00;112;21;5014;13;U241Z2P;Nádraží Holešovice;50.11736;14.43126
20260520_153638_L177;20260520_153638;20.05.2026;15:24:00;177;19;5553;12;U574Z2P;Poliklinika Mazurská;50.09221;14.51158
20260520_153638_L480;20260520_153638;20.05.2026;15:22:00;480;29;7219;14;U9751Z1;Solenice;49.67548;14.00098
20260520_153638_L136;20260520_153638;20.05.2026;15:25:00;136;21;5012;11;U37Z1P;Jižní Město;50.06042;14.46959
20260520_153638_L136;20260520_153638;20.05.2026;15:24:00;136;8;5082;12;U855Z1P;Jižní Město;50.07448;14.46391
20260520_153638_L181;20260520_153638;20.05.2026;15:26:00;181;2;5104;10;U538Z2P;Opatov;50.08598;14.53749
20260520_153638_L136;20260520_153638;20.05.2026;15:22:00;136;7;5537;14;U751Z2P;Jižní Město;50.05303;14.47432
20260520_153638_L204;20260520_153638;20.05.2026;15:26:00;204;74;9047;10;U6004Z2P;Sídliště Petrovice;50.10104;14.61208
20260520_153638_L240;20260520_153638;20.05.2026;15:23:00;240;13;1761;11;U1342Z1P;Černý Most;50.08037;14.60448
20260520_153638_L455;20260520_153638;20.05.2026;15:20:00;455;1;7507;15;U7865Z2;Mladá Vožice,aut.st.;49.70137;14.79854
20260520_153638_L387;20260520_153638;20.05.2026;15:22:00;387;9;1686;10;U808Z5;Uhlířské Janovice,nám.;50.01652;14.63979
20260520_153638_L536;20260520_153638;20.05.2026;14:47:00;536;19;7609;46;U6018Z1;Kolín,nádraží;50.02415;15.2136
20260520_153638_L180;20260520_153638;20.05.2026;15:18:00;180;2;6859;17;U229Z2P;Dejvická;50.0872;14.37777
20260520_153638_L381;20260520_153638;20.05.2026;15:25:00;381;1;9372;11;U2156Z2;Čáslav,obchodní centrum;49.9526;15.16709
20260520_153638_L304;20260520_153638;20.05.2026;15:24:00;304;10;8354;12;U9291Z6;Praha,Vypich;50.1386;13.96443
20260520_153638_L487;20260520_153638;20.05.2026;15:26:00;487;66;1603;10;U4997Z2;Vlašim,žel.st.;50.02265;15.19911
20260520_153638_L136;20260520_153638;20.05.2026;15:22:00;136;25;6764;12;U1074Z4P;Jižní Město;50.09215;14.46941
20260520_153638_L182;20260520_153638;20.05.2026;15:26:00;182;6;4072;10;U975Z2P;Kbelský hřbitov;50.06897;14.53739
20260520_153638_L201;20260520_153638;20.05.2026;15:26:00;201;5;3871;10;U622Z2P;Nádraží Holešovice;50.11745;14.45776
20260520_153638_L183;20260520_153638;20.05.2026;15:19:00;183;4;5504;14;U552Z2P;Sídliště Ďáblice;50.07505;14.53785
20260520_153638_L191;20260520_153638;20.05.2026;15:14:00;191;7;3804;18;U629Z3P;Letiště / Airport ✈;50.10539;14.27111
20260520_153638_L136;20260520_153638;20.05.2026;15:22:00;136;33;5515;14;U89Z1P;Sídliště Čakovice;50.12984;14.50918
20260520_153638_L181;20260520_153638;20.05.2026;15:20:00;181;4;5081;14;U552Z2P;Černý Most;50.07419;14.53776
20260520_154039_L183;20260520_154039;20.05.2026;15:29:00;183;8;6962;11;U747Z1P;Háje;50.07865;14.53774
20260520_154039_L180;20260520_154039;20.05.2026;15:29:00;180;9;6934;11;U872Z7P;Obchodní centrum Zličín;50.07827;14.34485
20260520_154039_L332;20260520_154039;20.05.2026;15:30:00;332;26;9943;10;U4176Z2;Jílové u Prahy,Náměstí;49.9835;14.49544
20260520_154039_L856;20260520_154039;20.05.2026;15:26:00;856;3;7302;14;U2286Z2;Kralupy n.Vlt.,Zeměchy;50.24138;14.31157
20260520_154039_L149;20260520_154039;20.05.2026;15:28:00;149;8;4015;11;U867Z2P;Stodůlky-Bavorská;50.0898;14.3836
20260520_154039_L121;20260520_154039;20.05.2026;15:26:00;121;1;2304;11;U441Z2P;Poliklinika Budějovická;50.03917;14.45784
20260520_154039_L234;20260520_154039;20.05.2026;15:28:00;234;4;3978;12;U241Z2P;Nádraží Holešovice;50.11734;14.43144
20260520_154039_L460;20260520_154039;20.05.2026;15:28:00;460;67;1634;11;U4981Z4;Bečváry,Poďousy;50.00093;15.04687
20260520_154039_L410;20260520_154039;20.05.2026;15:30:00;410;12;11697;10;U31346Z2;Doksy,aut.nádr.;50.5719;14.68611
20260520_154039_L181;20260520_154039;20.05.2026;15:26:00;181;2;5104;13;U538Z2P;Opatov;50.08222;14.53797
20260520_154039_L201;20260520_154039;20.05.2026;15:28:00;201;5;3871;12;U196Z2P;Nádraží Holešovice;50.1088;14.4438
20260520_154039_L136;20260520_154039;20.05.2026;15:31:00;136;21;5012;10;U322Z3P;Jižní Město;50.04607;14.48394
20260520_154039_L195;20260520_154039;20.05.2026;15:26:00;195;4;6756;14;U134Z5P;Sídliště Letňany;50.10153;14.50312
20260520_154039_L387;20260520_154039;20.05.2026;15:22:00;387;9;1686;12;U808Z5;Uhlířské Janovice,nám.;50.00556;14.65578
20260520_154039_L180;20260520_154039;20.05.2026;15:27:00;180;3;5048;13;U182Z2P;Dejvická;50.08756;14.38082
20260520_154039_L389;20260520_154039;20.05.2026;15:12:00;389;33;7760;26;U32406Z12;Chomutov,žel.st.;50.45664;13.40009
20260520_154039_L797;20260520_154039;20.05.2026;15:26:00;797;47;7876;13;U5825Z4;Chocerady;49.8487;14.76804
20260520_154039_L306;20260520_154039;20.05.2026;15:27:00;306;9;8853;13;U2120Z2;Kladno,autobusové nádraží;50.11635;14.20087
20260520_154039_L220;20260520_154039;20.05.2026;15:29:00;220;29;9289;11;U9728Z1P;Černý Most;50.11557;14.59306
20260520_154039_L240;20260520_154039;20.05.2026;15:30:00;240;12;1759;10;U151Z2P;Háje;50.03085;14.52948
20260520_154039_L240;20260520_154039;20.05.2026;15:26:00;240;13;1761;11;U448Z2P;Černý Most;50.09472;14.59428
20260520_154039_L204;20260520_154039;20.05.2026;15:27:00;204;72;9016;13;U842Z1P;Sídliště Petrovice;50.03884;14.56162
20260520_154039_L166;20260520_154039;20.05.2026;15:29:00;166;4;7986;11;U39Z2P;Domov seniorů Ďáblice;50.13249;14.46272
20260520_154039_L304;20260520_154039;20.05.2026;15:24:00;304;10;8354;14;U9291Z6;Praha,Vypich;50.14231;13.99934
20260520_154039_L163;20260520_154039;20.05.2026;15:27:00;163;58;9473;13;U903Z1P;Sídliště Rohožník;50.07332;14.67767
20260520_154039_L705;20260520_154039;20.05.2026;15:30:00;705;41;8691;10;U2481Z1;Libice n.Cidl.,u sokolovny;49.95273;15.27575
20260520_154039_L493;20260520_154039;20.05.2026;15:26:00;493;26;8593;14;U2578Z1;Poděbrady,žel.st.;50.14279;15.12201
20260520_154039_L432;20260520_154039;20.05.2026;15:30:00;432;3;8553;10;U4123Z2;Lysá n.L.,žel.st.;50.22934;14.86506
20260520_154039_L484;20260520_154039;20.05.2026;15:04:00;484;31;8144;35;U2315Z1;Úvaly,žel.st.;50.07408;14.72318
20260520_154039_L821;20260520_154039;20.05.2026;15:28:00;821;52;1615;10;U4981Z4;Kolín,nádraží;50.00591;15.05678
20260520_154039_L487;20260520_154039;20.05.2026;15:28:00;487;66;1603;11;U9983Z2;Vlašim,žel.st.;50.01287;15.19814
20260520_154039_L487;20260520_154039;20.05.2026;15:29:00;487;60;1635;10;U6032Z1;Kolín,nádraží;49.72125;14.97159
20260520_154039_L536;20260520_154039;20.05.2026;14:47:00;536;19;7609;50;U6018Z1;Kolín,nádraží;50.02415;15.2136
20260520_154039_L770;20260520_154039;20.05.2026;15:30:00;770;4;7859;10;U4483Z3;Benešov,Terminál;49.78517;14.68235
20260520_154039_L690;20260520_154039;20.05.2026;15:27:00;690;1;1815;13;U9182Z1;Chorušice;50.4374;14.6344
20260520_154039_L719;20260520_154039;20.05.2026;15:29:00;719;22;9086;11;U6206Z2;Mladá Boleslav,aut.st.;50.47553;14.88853
20260520_154039_L549;20260520_154039;20.05.2026;15:30:00;549;31;7516;10;U5848Z1;Klučenice;49.61027;14.35467
20260520_154039_L853;20260520_154039;20.05.2026;15:26:00;853;31;7002;14;U32229Z1;Nový Bydžov,Terminál HD;50.26187;15.40395
20260520_154039_L360;20260520_154039;20.05.2026;15:30:00;360;8;7506;10;U421Z2;Praha,Smíchovské nádraží;49.96655;14.39449
20260520_154039_L370;20260520_154039;20.05.2026;15:30:00;370;6;8002;10;U2286Z2;Praha,Kobylisy;50.24166;14.3109
20260520_154039_L381;20260520_154039;20.05.2026;15:30:00;381;1;9372;10;U1475Z1;Čáslav,obchodní centrum;49.94745;15.21409
20260520_154039_L381;20260520_154039;20.05.2026;15:30:00;381;3;1678;10;U2008Z2;Praha,Háje;49.98957;14.73973
20260520_154039_L383;20260520_154039;20.05.2026;15:26:00;383;32;9174;14;U2039Z1;Chocerady;49.95379;14.75267
20260520_154039_L136;20260520_154039;20.05.2026;15:29:00;136;8;5082;11;U680Z3P;Jižní Město;50.06841;14.4694
20260520_154039_L324;20260520_154039;20.05.2026;15:27:00;324;20;8972;12;U4786Z2;Slaný,Rabasova;50.2267;14.08227
20260520_154039_L335;20260520_154039;20.05.2026;15:28:00;335;6;9131;11;U1330Z1;Kamenice,Kult.dům;49.96338;14.52088
20260520_154039_L136;20260520_154039;20.05.2026;15:28:00;136;10;5018;10;U1074Z4P;Jižní Město;50.09268;14.47103
20260520_154039_L531;20260520_154039;20.05.2026;15:27:00;531;4;9839;13;U3285Z2;Příbram,Archiv;49.78011;13.9898
20260520_154039_L580;20260520_154039;20.05.2026;15:29:00;580;18;7695;11;U9257Z2;Rakovník,aut.st.;50.23493;14.01253
20260520_154039_L589;20260520_154039;20.05.2026;15:27:00;589;16;7754;13;U4849Z2;Louny,ČSAD;50.29443;13.9181
20260520_154039_L590;20260520_154039;20.05.2026;15:28:00;590;31;7728;12;U9316Z2;Nové Strašecí,Palackého;50.14958;13.90336
20260520_154039_L590;20260520_154039;20.05.2026;15:30:00;590;6;7690;10;U9117Z2;Vraný;50.33695;14.05459
20260520_154039_L616;20260520_154039;20.05.2026;15:23:00;616;3;8959;14;U4313Z8;Slaný,aut.nádr.;50.14719;14.10611
20260520_154039_L840;20260520_154039;20.05.2026;15:23:00;840;31;7930;16;U6760Z1;Vlašim,žel.st.;49.70337;14.89336
20260520_154039_L794;20260520_154039;20.05.2026;15:29:00;794;54;7919;11;U5734Z2;Kácov,nám.;49.76643;14.99914
20260520_154039_L585;20260520_154039;20.05.2026;15:28:00;585;29;7659;10;U31161Z1;Jičín,aut.st.;50.33048;15.27051
20260520_154039_L180;20260520_154039;20.05.2026;15:26:00;180;10;5122;13;U867Z2P;Obchodní centrum Zličín;50.08985;14.38373
20260520_154039_L150;20260520_154039;20.05.2026;15:30:00;150;10;6811;11;U893Z1P;Na Beránku;50.02837;14.45167
20260520_154039_L177;20260520_154039;20.05.2026;15:27:00;177;19;5553;12;U13Z1P;Poliklinika Mazurská;50.09864;14.49435
20260520_154039_L195;20260520_154039;20.05.2026;15:28:00;195;22;6779;11;U574Z2P;Sídliště Letňany;50.09117;14.50217
20260520_154039_L201;20260520_154039;20.05.2026;15:29:00;201;4;4127;10;U899Z4P;Černý Most;50.1405;14.51711
20260520_154039_L182;20260520_154039;20.05.2026;15:27:00;182;6;4072;13;U552Z2P;Kbelský hřbitov;50.07103;14.53752
20260520_154039_L466;20260520_154039;20.05.2026;15:24:00;466;23;8019;14;U4363Z2;Mělník,aut.nádr.;50.31714;14.33056
20260520_154039_L231;20260520_154039;20.05.2026;15:31:00;231;3;3677;10;U561Z1P;Na Knížecí;50.05868;14.40373
20260520_154039_L109;20260520_154039;20.05.2026;15:31:00;109;11;4168;10;U97Z2P;VÚ Běchovice;50.08545;14.57709
20260520_154039_L209;20260520_154039;20.05.2026;15:29:00;209;46;9117;11;U490Z2P;Nádraží Uhříněves;50.03642;14.61088
20260520_154039_L155;20260520_154039;20.05.2026;15:29:00;155;2;9185;10;U128Z1P;Poliklinika Malešice;50.08786;14.49087
20260520_154039_L136;20260520_154039;20.05.2026;15:26:00;136;7;5537;15;U417Z1P;Jižní Město;50.04356;14.48734
20260520_154039_L181;20260520_154039;20.05.2026;15:20:00;181;4;5081;18;U552Z2P;Černý Most;50.07585;14.53796
20260520_154440_L109;20260520_154440;20.05.2026;15:34:00;109;11;4168;10;U448Z1P;VÚ Běchovice;50.0811;14.5994
20260520_154440_L110;20260520_154440;20.05.2026;15:33:00;110;4;8101;11;U318Z1P;Dolní Počernice;50.08868;14.55118
20260520_154440_L112;20260520_154440;20.05.2026;15:33:00;112;25;6880;11;U241Z2P;Nádraží Holešovice;50.11736;14.42975
20260520_154440_L116;20260520_154440;20.05.2026;15:32:00;116;1;2083;12;U199Z3P;Bořislavka;50.10721;14.35338
20260520_154440_L121;20260520_154440;20.05.2026;15:34:00;121;1;2304;10;U632Z3P;Poliklinika Budějovická;50.04063;14.44009
20260520_154440_L136;20260520_154440;20.05.2026;15:32:00;136;27;6868;11;U69Z1P;Sídliště Čakovice;50.09015;14.46681
20260520_154440_L136;20260520_154440;20.05.2026;15:32:00;136;18;6974;12;U678Z1P;Sídliště Čakovice;50.10025;14.48689
20260520_154440_L136;20260520_154440;20.05.2026;15:30:00;136;7;5537;14;U424Z1P;Jižní Město;50.03309;14.50025
20260520_154440_L136;20260520_154440;20.05.2026;15:33:00;136;8;5082;11;U183Z3P;Jižní Město;50.05671;14.47127
20260520_154440_L136;20260520_154440;20.05.2026;15:31:00;136;10;5018;13;U512Z5P;Jižní Město;50.0904;14.46746
20260520_154440_L136;20260520_154440;20.05.2026;15:34:00;136;21;5012;10;U181Z1P;Jižní Město;50.03946;14.49054
20260520_154440_L149;20260520_154440;20.05.2026;15:30:00;149;8;4015;14;U182Z1P;Stodůlky-Bavorská;50.08744;14.37869
20260520_154440_L150;20260520_154440;20.05.2026;15:33:00;150;10;6811;11;U329Z1P;Na Beránku;50.02168;14.43883
20260520_154440_L155;20260520_154440;20.05.2026;15:32:00;155;2;9185;12;U1160Z2P;Poliklinika Malešice;50.08513;14.50317
20260520_154440_L155;20260520_154440;20.05.2026;15:34:00;155;1;9120;10;U767Z1P;Nemocnice Vinohrady;50.0835;14.482
20260520_154440_L156;20260520_154440;20.05.2026;15:34:00;156;3;2061;10;U3032Z1P;Malý Berlín;50.10649;14.45588
20260520_154440_L166;20260520_154440;20.05.2026;15:29:00;166;4;7986;15;U39Z2P;Domov seniorů Ďáblice;50.13253;14.46431
20260520_154440_L167;20260520_154440;20.05.2026;15:30:00;167;54;5066;11;U254Z6P;Na Knížecí;50.07154;14.39354
20260520_154440_L176;20260520_154440;20.05.2026;15:33:00;176;1;3809;12;U2713Z2P;Karlovo náměstí;50.0746;14.40666
20260520_154440_L177;20260520_154440;20.05.2026;15:34:00;177;9;6879;10;U267Z1P;Poliklinika Mazurská;50.12478;14.44879
20260520_154440_L177;20260520_154440;20.05.2026;15:32:00;177;10;6714;12;U332Z2P;Poliklinika Mazurská;50.1259;14.48944
20260520_154440_L177;20260520_154440;20.05.2026;15:30:00;177;19;5553;14;U134Z5P;Poliklinika Mazurská;50.10169;14.50326
20260520_154440_L177;20260520_154440;20.05.2026;15:33:00;177;52;6890;11;U694Z4P;Poliklinika Mazurská;50.09211;14.49815
20260520_154440_L180;20260520_154440;20.05.2026;15:34:00;180;5;5055;10;U444Z1P;Dejvická;50.07589;14.34531
20260520_154440_L180;20260520_154440;20.05.2026;15:30:00;180;9;6934;14;U444Z2P;Obchodní centrum Zličín;50.07584;14.34423
20260520_154440_L180;20260520_154440;20.05.2026;15:30:00;180;10;5122;14;U229Z1P;Obchodní centrum Zličín;50.08664;14.3715
20260520_154440_L180;20260520_154440;20.05.2026;15:34:00;180;13;6941;10;U635Z3P;Obchodní centrum Zličín;50.0691;14.29669
20260520_154440_L180;20260520_154440;20.05.2026;15:33:00;180;53;6856;11;U229Z2P;Dejvická;50.08663;14.37268
20260520_154440_L182;20260520_154440;20.05.2026;15:27:00;182;6;4072;16;U552Z2P;Kbelský hřbitov;50.07379;14.53773
20260520_154440_L182;20260520_154440;20.05.2026;15:30:00;182;10;3876;15;U472Z4P;Opatov;50.0529;14.52869
20260520_154440_L183;20260520_154440;20.05.2026;15:30:00;183;8;6962;13;U708Z1P;Háje;50.07581;14.53766
20260520_154440_L194;20260520_154440;20.05.2026;15:33:00;194;2;1907;11;U361Z6P;Nemocnice pod Petřínem;50.08786;14.40433
20260520_154440_L195;20260520_154440;20.05.2026;15:34:00;195;22;6779;10;U134Z5P;Sídliště Letňany;50.10111;14.50274
20260520_154440_L195;20260520_154440;20.05.2026;15:34:00;195;13;6681;10;U827Z1P;Jesenická;50.07878;14.50832
20260520_154440_L201;20260520_154440;20.05.2026;15:34:00;201;4;4127;10;U323Z3P;Černý Most;50.13498;14.54449
20260520_154440_L201;20260520_154440;20.05.2026;15:34:00;201;17;4129;10;U173Z2P;Černý Most;50.10884;14.55667
20260520_154440_L203;20260520_154440;20.05.2026;15:33:00;203;1;1950;10;U601Z3P;Háje;50.03835;14.47871
20260520_154440_L209;20260520_154440;20.05.2026;15:30:00;209;46;9117;13;U1233Z2P;Nádraží Uhříněves;50.0299;14.60492
20260520_154440_L220;20260520_154440;20.05.2026;15:31:00;220;29;9289;13;U1378Z1P;Černý Most;50.12033;14.59884
20260520_154440_L231;20260520_154440;20.05.2026;15:34:00;231;3;3677;10;U965Z1P;Na Knížecí;50.06167;14.40431
20260520_154440_L240;20260520_154440;20.05.2026;15:33:00;240;13;1761;11;U1235Z2P;Černý Most;50.10895;14.58715
20260520_154440_L821;20260520_154440;20.05.2026;15:33:00;821;52;1615;10;U5000Z1;Kolín,nádraží;49.99978;15.08833
20260520_154440_L840;20260520_154440;20.05.2026;15:23:00;840;31;7930;20;U6760Z1;Vlašim,žel.st.;49.70337;14.89336
20260520_154440_L300;20260520_154440;20.05.2026;15:32:00;300;4;8973;11;U4310Z1;Smečno;50.14035;14.09965
20260520_154440_L316;20260520_154440;20.05.2026;15:33:00;316;8;8982;10;U1691Z1;Holubice;50.19103;14.30808
20260520_154440_L322;20260520_154440;20.05.2026;15:34:00;322;12;8797;10;U4738Z2;Praha,Nádraží Veleslavín;50.15321;14.19495
20260520_154440_L330;20260520_154440;20.05.2026;15:34:00;330;5;1283;10;U2803Z2;Libušín,náměstí;50.17534;14.09288
20260520_154440_L332;20260520_154440;20.05.2026;15:30:00;332;2;9192;14;U2109Z1;Neveklov;49.89267;14.49373
20260520_154440_L332;20260520_154440;20.05.2026;15:33:00;332;26;9943;11;U1332Z1;Jílové u Prahy,Náměstí;49.9695;14.51
20260520_154440_L335;20260520_154440;20.05.2026;15:31:00;335;6;9131;13;U1531Z1;Kamenice,Kult.dům;49.95175;14.53819
20260520_154440_L337;20260520_154440;20.05.2026;15:32:00;337;13;9364;12;U1542Z1;Benešov,Terminál;49.89082;14.62295
20260520_154440_L339;20260520_154440;20.05.2026;15:33:00;339;16;9170;11;U423Z1;Týnec n.Sáz.,žel.st.;50.00355;14.48146
20260520_154440_L345;20260520_154440;20.05.2026;15:30:00;345;39;10643;12;U6213Z2;Praha,Černý Most;50.46379;14.93377
20260520_154440_L348;20260520_154440;20.05.2026;15:34:00;348;11;8285;10;U2334Z1;Praha,Ládví;50.25308;14.49454
20260520_154440_L360;20260520_154440;20.05.2026;15:33:00;360;8;7506;11;U902Z4;Praha,Smíchovské nádraží;49.97638;14.39376
20260520_154440_L365;20260520_154440;20.05.2026;15:34:00;365;13;8769;10;U872Z7;Praha,Motol;50.07734;14.34862
20260520_154440_L375;20260520_154440;20.05.2026;15:34:00;375;5;8257;10;U1824Z1;Brandýs n.L.-St.Bol.,Žel.st.;50.17897;14.65493
20260520_154440_L381;20260520_154440;20.05.2026;15:34:00;381;1;9372;10;U2477Z1;Čáslav,obchodní centrum;49.94714;15.25205
20260520_154440_L381;20260520_154440;20.05.2026;15:33:00;381;3;1678;10;U2006Z2;Praha,Háje;49.98795;14.70559
20260520_154440_L382;20260520_154440;20.05.2026;15:34:00;382;19;9944;10;U808Z5;Sázava,aut.st.;50.03059;14.60646
20260520_154440_L385;20260520_154440;20.05.2026;15:33:00;385;29;1622;11;U1883Z1;Zvánovice;49.99555;14.65992
20260520_154440_L391;20260520_154440;20.05.2026;15:30:00;391;33;9187;13;U2315Z1;Úvaly,OC Pražská;50.07404;14.72328
20260520_154440_L410;20260520_154440;20.05.2026;15:34:00;410;12;11697;10;U31344Z2;Doksy,aut.nádr.;50.56733;14.65446
20260520_154440_L432;20260520_154440;20.05.2026;15:33:00;432;3;8553;11;U2463Z1;Lysá n.L.,žel.st.;50.23753;14.86015
20260520_154440_L460;20260520_154440;20.05.2026;15:33:00;460;67;1634;11;U4197Z1;Bečváry,Poďousy;49.99232;15.03488
20260520_154440_L474;20260520_154440;20.05.2026;15:31:00;474;43;8087;13;U3342Z1;Dobřeň,Střezivojice;50.35289;14.49693
20260520_154440_L487;20260520_154440;20.05.2026;15:33:00;487;60;1635;10;U6029Z1;Kolín,nádraží;49.74801;14.97253
20260520_154440_L491;20260520_154440;20.05.2026;15:32:00;491;10;8686;11;U2008Z3;Český Brod,žel.st.;49.98947;14.74057
20260520_154440_L493;20260520_154440;20.05.2026;15:30:00;493;26;8593;14;U2579Z2;Nymburk,hl.nádr.;50.14875;15.12403
20260520_154440_L531;20260520_154440;20.05.2026;15:31:00;531;4;9839;12;U9794Z2;Příbram,Archiv;49.77507;14.00638
20260520_154440_L536;20260520_154440;20.05.2026;14:47:00;536;19;7609;54;U6018Z1;Kolín,nádraží;50.02415;15.2136
20260520_154440_L561;20260520_154440;20.05.2026;15:33:00;561;59;8367;11;U6841Z1;Petrovice;50.10639;13.72251
20260520_154440_L578;20260520_154440;20.05.2026;15:31:00;578;35;8342;12;U3278Z2;Rakovník,aut.st.;50.03704;13.87022
20260520_154440_L580;20260520_154440;20.05.2026;15:31:00;580;18;7695;10;U9258Z2;Rakovník,aut.st.;50.23318;13.97283
20260520_154440_L585;20260520_154440;20.05.2026;15:32:00;585;29;7659;10;U31996Z1;Jičín,aut.st.;50.33051;15.30429
20260520_154440_L590;20260520_154440;20.05.2026;15:30:00;590;6;7690;11;U9117Z2;Vraný;50.32996;14.02391
20260520_154440_L593;20260520_154440;20.05.2026;15:34:00;593;6;7337;10;U4776Z1;Slaný,aut.nádr.;50.22848;14.09497
20260520_154440_L650;20260520_154440;20.05.2026;15:32:00;650;18;1253;11;U31429Z1;Kladno,autobusové nádraží;50.40487;14.12533
20260520_154440_L662;20260520_154440;20.05.2026;15:31:00;662;18;8618;13;U2349Z1;Čelákovice,Toušeňská;50.1559;14.75214
20260520_154440_L705;20260520_154440;20.05.2026;15:32:00;705;41;8691;11;U2482Z1;Libice n.Cidl.,u sokolovny;49.95734;15.27872
20260520_154440_L719;20260520_154440;20.05.2026;15:30:00;719;22;9086;12;U6205Z2;Mladá Boleslav,aut.st.;50.48677;14.8954
20260520_154440_L770;20260520_154440;20.05.2026;15:31:00;770;42;7918;10;U2032Z2;Uhlířské Janovice,nám.;49.88261;14.91588
20260520_154440_L794;20260520_154440;20.05.2026;15:33:00;794;54;7919;10;U5732Z1;Kácov,nám.;49.77409;14.99271
20260520_154440_L797;20260520_154440;20.05.2026;15:31:00;797;47;7876;12;U5824Z1;Chocerady;49.86373;14.78496
20260520_154841_L183;20260520_154841;20.05.2026;15:35:00;183;8;6962;14;U677Z1P;Háje;50.05796;14.53606
20260520_154841_L467;20260520_154841;20.05.2026;15:37:00;467;15;8116;10;U1795Z1;Roudnice n.L.,ČSAD;50.36086;14.46938
20260520_154841_L470;20260520_154841;20.05.2026;15:35:00;470;36;8060;12;U2235Z1;Kralupy n.Vlt.,žel.st.;50.24684;14.31589
20260520_154841_L177;20260520_154841;20.05.2026;15:38:00;177;9;6879;10;U581Z1P;Poliklinika Mazurská;50.13008;14.43098
20260520_154841_L177;20260520_154841;20.05.2026;15:33:00;177;19;5553;15;U474Z4P;Poliklinika Mazurská;50.11063;14.50232
20260520_154841_L180;20260520_154841;20.05.2026;15:34:00;180;9;6934;14;U394Z3P;Obchodní centrum Zličín;50.06913;14.33515
20260520_154841_L182;20260520_154841;20.05.2026;15:35:00;182;10;3876;14;U823Z1P;Opatov;50.04549;14.51954
20260520_154841_L110;20260520_154841;20.05.2026;15:36:00;110;4;8101;11;U158Z1P;Dolní Počernice;50.0878;14.56309
20260520_154841_L136;20260520_154841;20.05.2026;15:38:00;136;21;5012;10;U106Z2P;Jižní Město;50.0275;14.50777
20260520_154841_L180;20260520_154841;20.05.2026;15:38:00;180;16;5570;10;U229Z1P;Obchodní centrum Zličín;50.08658;14.37042
20260520_154841_L180;20260520_154841;20.05.2026;15:33:00;180;53;6856;14;U229Z2P;Dejvická;50.08684;14.37402
20260520_154841_L561;20260520_154841;20.05.2026;15:36:00;561;59;8367;11;U6844Z2;Petrovice;50.11124;13.69922
20260520_154841_L188;20260520_154841;20.05.2026;15:39:00;188;2;6827;10;U385Z1P;Kavčí hory;50.05204;14.43777
20260520_154841_L360;20260520_154841;20.05.2026;15:33:00;360;8;7506;12;U902Z4;Praha,Smíchovské nádraží;50.00182;14.39554
20260520_154841_L370;20260520_154841;20.05.2026;15:37:00;370;21;1248;11;U2235Z1;Kralupy n.Vlt.,žel.st.;50.24715;14.31618
20260520_154841_L136;20260520_154841;20.05.2026;15:37:00;136;18;6974;11;U134Z5P;Sídliště Čakovice;50.10125;14.50299
20260520_154841_L136;20260520_154841;20.05.2026;15:37:00;136;8;5082;11;U322Z3P;Jižní Město;50.04608;14.48393
20260520_154841_L209;20260520_154841;20.05.2026;15:34:00;209;46;9117;14;U542Z2P;Nádraží Uhříněves;50.03536;14.59355
20260520_154841_L493;20260520_154841;20.05.2026;15:33:00;493;26;8593;14;U2578Z2;Nymburk,hl.nádr.;50.1434;15.12201
20260520_154841_L171;20260520_154841;20.05.2026;15:37:00;171;15;8140;10;U585Z2P;Depo Hostivař;50.07702;14.51769
20260520_154841_L136;20260520_154841;20.05.2026;15:34:00;136;26;6946;11;U1074Z4P;Jižní Město;50.09168;14.46864
20260520_154841_L126;20260520_154841;20.05.2026;15:35:00;126;52;3740;12;U3053Z2P;Nádraží Uhříněves;50.03077;14.59714
20260520_154841_L180;20260520_154841;20.05.2026;15:38:00;180;13;6941;10;U913Z2P;Obchodní centrum Zličín;50.06207;14.28733
20260520_154841_L352;20260520_154841;20.05.2026;15:35:00;352;3;4118;13;U122Z1;Jinočany,náměstí;50.03459;14.31371
20260520_154841_L195;20260520_154841;20.05.2026;15:34:00;195;4;6756;14;U603Z1P;Sídliště Letňany;50.11911;14.50048
20260520_154841_L312;20260520_154841;20.05.2026;15:37:00;312;4;4530;11;U199Z3;Praha,Bořislavka;50.10748;14.35351
20260520_154841_L195;20260520_154841;20.05.2026;15:38:00;195;8;5090;10;U13Z1P;Sídliště Letňany;50.09553;14.4961
20260520_154841_L109;20260520_154841;20.05.2026;15:36:00;109;11;4168;12;U28Z3P;VÚ Běchovice;50.08179;14.61643
20260520_154841_L136;20260520_154841;20.05.2026;15:34:00;136;10;5018;14;U743Z2P;Jižní Město;50.08608;14.45557
20260520_154841_L149;20260520_154841;20.05.2026;15:39:00;149;3;3939;10;U685Z3P;Stodůlky-Bavorská;50.05452;14.37141
20260520_154841_L549;20260520_154841;20.05.2026;15:37:00;549;24;7505;11;U7819Z2;Petrovice;49.56265;14.31872
20260520_154841_L136;20260520_154841;20.05.2026;15:38:00;136;27;6868;10;U763Z1P;Sídliště Čakovice;50.0982;14.48144
20260520_154841_L207;20260520_154841;20.05.2026;15:38:00;207;11;3987;10;U512Z8P;Ohrada;50.09031;14.46745
20260520_154841_L339;20260520_154841;20.05.2026;15:33:00;339;16;9170;14;U423Z1;Týnec n.Sáz.,žel.st.;49.99894;14.48473
20260520_154841_L155;20260520_154841;20.05.2026;15:36:00;155;2;9185;12;U359Z2P;Poliklinika Malešice;50.08384;14.51044
20260520_154841_L536;20260520_154841;20.05.2026;14:47:00;536;19;7609;58;U6018Z1;Kolín,nádraží;50.02415;15.2136
20260520_154841_L690;20260520_154841;20.05.2026;15:35:00;690;1;1815;13;U9376Z1;Chorušice;50.41913;14.66
20260520_154841_L719;20260520_154841;20.05.2026;15:35:00;719;22;9086;12;U9444Z4;Mladá Boleslav,aut.st.;50.48207;14.93348
20260520_154841_L856;20260520_154841;20.05.2026;15:36:00;856;3;7302;12;U2444Z1;Kralupy n.Vlt.,Zeměchy;50.2325;14.31337
20260520_154841_L662;20260520_154841;20.05.2026;15:31:00;662;18;8618;16;U2349Z1;Čelákovice,Toušeňská;50.15447;14.74822
20260520_154841_L455;20260520_154841;20.05.2026;15:33:00;455;1;7507;15;U4087Z3;Mladá Vožice,aut.st.;49.64827;14.82201
20260520_154841_L650;20260520_154841;20.05.2026;15:35:00;650;18;1253;10;U31430Z1;Kladno,autobusové nádraží;50.3758;14.11928
20260520_154841_L853;20260520_154841;20.05.2026;15:35:00;853;31;7002;12;U31114Z1;Nový Bydžov,Terminál HD;50.22063;15.40707
20260520_154841_L585;20260520_154841;20.05.2026;15:36:00;585;29;7659;11;U32505Z1;Jičín,aut.st.;50.33903;15.3284
20260520_154841_L413;20260520_154841;20.05.2026;15:37:00;413;62;8211;10;U31433Z2;Litoměřice,aut.nádr.;50.51271;14.15145
20260520_154841_L345;20260520_154841;20.05.2026;15:35:00;345;39;10643;12;U3395Z2;Praha,Černý Most;50.43932;14.92992
20260520_154841_L840;20260520_154841;20.05.2026;15:23:00;840;31;7930;24;U6760Z1;Vlašim,žel.st.;49.70339;14.89335
20260520_154841_L316;20260520_154841;20.05.2026;15:37:00;316;8;8982;11;U2125Z1;Holubice;50.19953;14.29831
20260520_154841_L183;20260520_154841;20.05.2026;15:34:00;183;7;6791;12;U552Z2P;Sídliště Ďáblice;50.07554;14.53796
20260520_154841_L531;20260520_154841;20.05.2026;15:36:00;531;4;9839;10;U9673Z1;Příbram,Archiv;49.74887;14.01822
20260520_154841_L641;20260520_154841;20.05.2026;15:37:00;641;19;9440;11;U9855Z55;Hořovice,nemocnice;49.87642;13.95143
20260520_154841_L641;20260520_154841;20.05.2026;15:37:00;641;14;9573;10;U9856Z1;Beroun,autobusové nádraží;49.87487;13.92117
20260520_154841_L580;20260520_154841;20.05.2026;15:35:00;580;18;7695;10;U9246Z2;Rakovník,aut.st.;50.22242;13.98444
20260520_154841_L116;20260520_154841;20.05.2026;15:32:00;116;1;2083;15;U199Z3P;Bořislavka;50.10376;14.35495
20260520_154841_L204;20260520_154841;20.05.2026;15:38:00;204;74;9047;10;U793Z2P;Sídliště Petrovice;50.07226;14.55264
20260520_154841_L300;20260520_154841;20.05.2026;15:34:00;300;4;8973;14;U3094Z1;Smečno;50.14391;14.0965
20260520_154841_L466;20260520_154841;20.05.2026;15:34:00;466;23;8019;14;U4372Z1;Mělník,aut.nádr.;50.33653;14.36953
20260520_154841_L324;20260520_154841;20.05.2026;15:34:00;324;20;8972;14;U4788Z1;Slaný,Rabasova;50.23422;14.07656
20260520_154841_L335;20260520_154841;20.05.2026;15:35:00;335;6;9131;13;U1534Z1;Kamenice,Kult.dům;49.93393;14.5593
20260520_154841_L348;20260520_154841;20.05.2026;15:38:00;348;11;8285;10;U1959Z2;Praha,Ládví;50.21756;14.49663
20260520_154841_L136;20260520_154841;20.05.2026;15:38:00;136;15;6809;10;U114Z1P;Sídliště Čakovice;50.15547;14.52245
20260520_154841_L337;20260520_154841;20.05.2026;15:34:00;337;13;9364;11;U1543Z1;Benešov,Terminál;49.86881;14.64082
20260520_154841_L387;20260520_154841;20.05.2026;15:33:00;387;9;1686;15;U1882Z1;Uhlířské Janovice,nám.;49.99618;14.67766
20260520_154841_L332;20260520_154841;20.05.2026;15:33:00;332;2;9192;14;U1936Z1;Neveklov;49.87487;14.50178
20260520_154841_L491;20260520_154841;20.05.2026;15:32:00;491;10;8686;15;U2008Z3;Český Brod,žel.st.;49.98947;14.74058
20260520_154841_L365;20260520_154841;20.05.2026;15:36:00;365;13;8769;11;U306Z2;Praha,Motol;50.07192;14.3366
20260520_154841_L369;20260520_154841;20.05.2026;15:37:00;369;43;8270;10;U1807Z2;Praha,Ládví;50.18373;14.48965
20260520_154841_L375;20260520_154841;20.05.2026;15:38:00;375;5;8257;10;U1827Z1;Brandýs n.L.-St.Bol.,Žel.st.;50.18565;14.66023
20260520_154841_L146;20260520_154841;20.05.2026;15:37:00;146;4;9482;10;U128Z2P;Želivského;50.08786;14.49094
20260520_154841_L381;20260520_154841;20.05.2026;15:36:00;381;1;9372;11;U2479Z1;Čáslav,obchodní centrum;49.95313;15.26268
20260520_154841_L381;20260520_154841;20.05.2026;15:37:00;381;3;1678;11;U1882Z2;Praha,Háje;49.99665;14.67627
20260520_154841_L382;20260520_154841;20.05.2026;15:35:00;382;19;9944;10;U2137Z1;Sázava,aut.st.;50.01644;14.63924
20260520_154841_L383;20260520_154841;20.05.2026;15:33:00;383;32;9174;15;U2042Z1;Chocerady;49.93175;14.7765
20260520_154841_L384;20260520_154841;20.05.2026;15:37:00;384;15;9903;10;U1746Z2;Praha,Zličín;49.96333;14.07052
20260520_154841_L385;20260520_154841;20.05.2026;15:36:00;385;29;1622;11;U7038Z2;Zvánovice;49.99523;14.67231
20260520_154841_L388;20260520_154841;20.05.2026;15:38:00;388;7;7759;10;U4780Z1;Slaný,Arbesova;50.22519;14.06739
20260520_154841_L631;20260520_154841;20.05.2026;15:38:00;631;46;9594;10;U9774Z2;Všeradice,žel.zast.;49.9955;14.02506
20260520_154841_L150;20260520_154841;20.05.2026;15:37:00;150;10;6811;11;U625Z1P;Na Beránku;50.01391;14.42179
20260520_154841_L177;20260520_154841;20.05.2026;15:37:00;177;52;6890;12;U134Z5P;Poliklinika Mazurská;50.10094;14.50279
20260520_154841_L474;20260520_154841;20.05.2026;15:35:00;474;43;8087;12;U3344Z1;Dobřeň,Střezivojice;50.36343;14.49092
20260520_154841_L770;20260520_154841;20.05.2026;15:37:00;770;42;7918;11;U4080Z2;Uhlířské Janovice,nám.;49.88845;14.93144
20260520_154841_L332;20260520_154841;20.05.2026;15:35:00;332;26;9943;11;U1330Z1;Jílové u Prahy,Náměstí;49.96448;14.51914
20260520_154841_L176;20260520_154841;20.05.2026;15:35:00;176;1;3809;13;U208Z4P;Karlovo náměstí;50.07567;14.41498
20260520_154841_L330;20260520_154841;20.05.2026;15:35:00;330;5;1283;10;U2876Z2;Libušín,náměstí;50.17189;14.08964
20260520_154841_L797;20260520_154841;20.05.2026;15:36:00;797;47;7876;11;U7528Z1;Chocerady;49.86831;14.80427
20260520_154841_L489;20260520_154841;20.05.2026;15:35:00;489;32;1624;13;U2008Z3;Strančice,žel.st.;49.98938;14.74069
20260520_154841_L432;20260520_154841;20.05.2026;15:37:00;432;3;8553;11;U5914Z1;Lysá n.L.,žel.st.;50.22952;14.85547
20260520_154841_L443;20260520_154841;20.05.2026;15:34:00;443;22;8594;14;U2591Z1;Nymburk,hl.nádr.;50.14072;14.98753
20260520_154841_L705;20260520_154841;20.05.2026;15:35:00;705;41;8691;11;U2480Z9;Libice n.Cidl.,u sokolovny;49.95362;15.26945
20260520_154841_L195;20260520_154841;20.05.2026;15:38:00;195;13;6681;10;U953Z1P;Jesenická;50.06875;14.50813
20260520_154841_L112;20260520_154841;20.05.2026;15:34:00;112;25;6880;14;U765Z1P;Nádraží Holešovice;50.11639;14.43318
20260520_154841_L112;20260520_154841;20.05.2026;15:37:00;112;23;5545;10;U66Z2P;Nádraží Holešovice;50.11749;14.42665
20260520_154841_L182;20260520_154841;20.05.2026;15:37:00;182;11;3713;11;U708Z1P;Opatov;50.07612;14.53759
20260520_154841_L176;20260520_154841;20.05.2026;15:38:00;176;4;4058;10;U930Z2P;Karlovo náměstí;50.07632;14.39901
20260520_154841_L181;20260520_154841;20.05.2026;15:35:00;181;1;5058;10;U552Z2P;Černý Most;50.07561;14.53793
20260520_154841_L155;20260520_154841;20.05.2026;15:36:00;155;1;9120;10;U575Z2P;Nemocnice Vinohrady;50.0783;14.47639
20260520_154841_L203;20260520_154841;20.05.2026;15:36:00;203;7;1947;11;U441Z2P;Háje;50.03519;14.45275
20260520_154841_L220;20260520_154841;20.05.2026;15:35:00;220;29;9289;13;U1352Z1P;Černý Most;50.12527;14.62277
20260520_154841_L238;20260520_154841;20.05.2026;15:33:00;238;1;8421;13;U389Z1;Fashion Arena Štěrboholy;50.07676;14.5382
20260520_154841_L240;20260520_154841;20.05.2026;15:35:00;240;13;1761;12;U897Z11P;Černý Most;50.10801;14.57388
20260520_154841_L306;20260520_154841;20.05.2026;15:34:00;306;9;8853;14;U4390Z1;Kladno,autobusové nádraží;50.13163;14.15286
20260520_154841_L195;20260520_154841;20.05.2026;15:34:00;195;22;6779;12;U134Z5P;Sídliště Letňany;50.10871;14.50191
20260520_154841_L143;20260520_154841;20.05.2026;15:35:00;143;5;6996;13;U362Z10P;Stadion Strahov;50.08528;14.38386
20260520_154841_L182;20260520_154841;20.05.2026;15:27:00;182;6;4072;19;U552Z2P;Kbelský hřbitov;50.07592;14.53794
20260520_154841_L177;20260520_154841;20.05.2026;15:33:00;177;10;6714;13;U467Z2P;Poliklinika Mazurská;50.12824;14.47778
20260520_155241_L246;20260520_155241;20.05.2026;15:40:00;246;4;3999;11;U4258Z1P;Poliklinika Modřany;50.03586;14.3137
20260520_155241_L180;20260520_155241;20.05.2026;15:39:00;180;16;5570;12;U44Z1P;Obchodní centrum Zličín;50.08362;14.3589
20260520_155241_L183;20260520_155241;20.05.2026;15:39:00;183;8;6962;13;U654Z1P;Háje;50.05037;14.54338
20260520_155241_L136;20260520_155241;20.05.2026;15:38:00;136;10;5018;14;U118Z4P;Jižní Město;50.07871;14.46071
20260520_155241_L240;20260520_155241;20.05.2026;15:38:00;240;9;1770;12;U1342Z1P;Černý Most;50.08035;14.6045
20260520_155241_L163;20260520_155241;20.05.2026;15:42:00;163;53;9121;10;U903Z1P;Sídliště Rohožník;50.07344;14.67657
20260520_155241_L483;20260520_155241;20.05.2026;15:39:00;483;47;7876;13;U2047Z1;Ostředek;49.87275;14.80233
20260520_155241_L585;20260520_155241;20.05.2026;15:40:00;585;29;7659;10;U32353Z1;Jičín,aut.st.;50.36487;15.32895
20260520_155241_L473;20260520_155241;20.05.2026;15:39:00;473;16;8196;13;U2235Z1;Kralupy n.Vlt.,žel.st.;50.24648;14.31549
20260520_155241_L176;20260520_155241;20.05.2026;15:41:00;176;2;3816;11;U168Z1P;Stadion Strahov;50.07517;14.39005
20260520_155241_L156;20260520_155241;20.05.2026;15:42:00;156;3;2061;10;U48Z2P;Malý Berlín;50.10204;14.4432
20260520_155241_L143;20260520_155241;20.05.2026;15:39:00;143;4;6864;12;U867Z2P;Stadion Strahov;50.09154;14.38581
20260520_155241_L450;20260520_155241;20.05.2026;15:41:00;450;4;7502;10;U7487Z1;Milevsko,aut.st.;49.73562;14.27357
20260520_155241_L136;20260520_155241;20.05.2026;15:37:00;136;18;6974;13;U134Z5P;Sídliště Čakovice;50.10997;14.50202
20260520_155241_L182;20260520_155241;20.05.2026;15:38:00;182;10;3876;14;U99Z1P;Opatov;50.03731;14.50884
20260520_155241_L489;20260520_155241;20.05.2026;15:35:00;489;32;1624;17;U2008Z3;Strančice,žel.st.;49.98941;14.74249
20260520_155241_L136;20260520_155241;20.05.2026;15:38:00;136;7;5537;14;U286Z5P;Jižní Město;50.0306;14.52871
20260520_155241_L302;20260520_155241;20.05.2026;15:41:00;302;11;4552;11;U125Z2;Praha,Letňany;50.13889;14.50469
20260520_155241_L375;20260520_155241;20.05.2026;15:41:00;375;5;8257;11;U1828Z1;Brandýs n.L.-St.Bol.,Žel.st.;50.19495;14.67361
20260520_155241_L385;20260520_155241;20.05.2026;15:40:00;385;29;1622;11;U1886Z1;Zvánovice;49.99298;14.68806
20260520_155241_L301;20260520_155241;20.05.2026;15:42:00;301;1;4121;10;U122Z1;Chýnice;50.035;14.31482
20260520_155241_L182;20260520_155241;20.05.2026;15:41:00;182;11;3713;11;U227Z3P;Opatov;50.06123;14.53618
20260520_155241_L307;20260520_155241;20.05.2026;15:41:00;307;11;8975;10;U4926Z1;Kladno,autobusové nádraží;50.09471;14.13974
20260520_155241_L332;20260520_155241;20.05.2026;15:42:00;332;19;9955;10;U4861Z1;Jílové u Prahy,Náměstí;49.99386;14.48828
20260520_155241_L641;20260520_155241;20.05.2026;15:37:00;641;19;9440;14;U9855Z55;Hořovice,nemocnice;49.88419;13.94916
20260520_155241_L413;20260520_155241;20.05.2026;15:39:00;413;62;8211;11;U31417Z4;Litoměřice,aut.nádr.;50.51484;14.13831
20260520_155241_L195;20260520_155241;20.05.2026;15:41:00;195;13;6681;11;U889Z3P;Jesenická;50.06056;14.50592
20260520_155241_L136;20260520_155241;20.05.2026;15:41:00;136;19;5538;11;U512Z4P;Sídliště Čakovice;50.09153;14.46868
20260520_155241_L312;20260520_155241;20.05.2026;15:37:00;312;4;4530;13;U199Z3;Praha,Bořislavka;50.10248;14.3611
20260520_155241_L177;20260520_155241;20.05.2026;15:38:00;177;19;5553;14;U603Z3P;Poliklinika Mazurská;50.11961;14.49775
20260520_155241_L203;20260520_155241;20.05.2026;15:36:00;203;7;1947;14;U441Z2P;Háje;50.03506;14.45417
20260520_155241_L180;20260520_155241;20.05.2026;15:39:00;180;5;5055;13;U44Z2P;Dejvická;50.0861;14.36835
20260520_155241_L180;20260520_155241;20.05.2026;15:41:00;180;1;5008;10;U867Z2P;Obchodní centrum Zličín;50.09352;14.38892
20260520_155241_L150;20260520_155241;20.05.2026;15:41:00;150;10;6811;12;U929Z4P;Na Beránku;50.00592;14.41629
20260520_155241_L366;20260520_155241;20.05.2026;15:42:00;366;5;4515;10;U2072Z3;Mukařov;49.99914;14.75359
20260520_155241_L209;20260520_155241;20.05.2026;15:42:00;209;44;9188;10;U432Z1P;Nádraží Uhříněves;50.08012;14.62636
20260520_155241_L180;20260520_155241;20.05.2026;15:39:00;180;9;6934;14;U236Z3P;Obchodní centrum Zličín;50.06464;14.30964
20260520_155241_L228;20260520_155241;20.05.2026;15:41:00;228;13;9014;11;U660Z1P;Benice;50.08296;14.50717
20260520_155241_L232;20260520_155241;20.05.2026;15:42:00;232;10;3819;10;U468Z2P;Na Knížecí;50.05373;14.40546
20260520_155241_L381;20260520_155241;20.05.2026;15:40:00;381;1;9372;11;U2480Z7;Čáslav,obchodní centrum;49.95537;15.27365
20260520_155241_L840;20260520_155241;20.05.2026;15:23:00;840;31;7930;28;U6760Z1;Vlašim,žel.st.;49.70343;14.89336
20260520_155241_L195;20260520_155241;20.05.2026;15:41:00;195;8;5090;11;U134Z5P;Sídliště Letňany;50.10218;14.50345
20260520_155241_L149;20260520_155241;20.05.2026;15:39:00;149;4;4177;12;U981Z1P;Dejvická;50.08591;14.38361
20260520_155241_L770;20260520_155241;20.05.2026;15:40:00;770;42;7918;12;U6052Z1;Uhlířské Janovice,nám.;49.88057;14.94848
20260520_155241_L410;20260520_155241;20.05.2026;15:41:00;410;3;11611;11;U6060Z2;Praha,Střížkov;50.42294;14.4643
20260520_155241_L561;20260520_155241;20.05.2026;15:42:00;561;59;8367;10;U6846Z1;Petrovice;50.10036;13.6559
20260520_155241_L853;20260520_155241;20.05.2026;15:39:00;853;31;7002;12;U31116Z1;Nový Bydžov,Terminál HD;50.22131;15.4073
20260520_155241_L332;20260520_155241;20.05.2026;15:41:00;332;2;9192;11;U1939Z1;Neveklov;49.86032;14.51408
20260520_155241_L332;20260520_155241;20.05.2026;15:35:00;332;26;9943;14;U1330Z1;Jílové u Prahy,Náměstí;49.95209;14.518
20260520_155241_L337;20260520_155241;20.05.2026;15:40:00;337;13;9364;12;U1546Z1;Benešov,Terminál;49.85844;14.66033
20260520_155241_L346;20260520_155241;20.05.2026;15:40:00;346;5;8299;11;U897Z31;Praha,Černý Most;50.10987;14.57497
20260520_155241_L348;20260520_155241;20.05.2026;15:42:00;348;11;8285;10;U1308Z2;Praha,Ládví;50.19518;14.49621
20260520_155241_L381;20260520_155241;20.05.2026;15:42:00;381;3;1678;10;U1885Z2;Praha,Háje;50.00565;14.65577
20260520_155241_L381;20260520_155241;20.05.2026;15:42:00;381;13;1682;10;U808Z5;Zásmuky,nám.;50.03099;14.61017
20260520_155241_L382;20260520_155241;20.05.2026;15:40:00;382;19;9944;12;U1885Z1;Sázava,aut.st.;50.00393;14.65864
20260520_155241_L370;20260520_155241;20.05.2026;15:39:00;370;21;1248;13;U2286Z1;Kralupy n.Vlt.,žel.st.;50.24141;14.31149
20260520_155241_L384;20260520_155241;20.05.2026;15:41:00;384;15;9903;11;U4273Z1;Praha,Zličín;49.96849;14.08073
20260520_155241_L370;20260520_155241;20.05.2026;15:40:00;370;6;8002;12;U2346Z2;Praha,Kobylisy;50.27218;14.32521
20260520_155241_L146;20260520_155241;20.05.2026;15:38:00;146;4;9482;14;U834Z2P;Želivského;50.08701;14.48549
20260520_155241_L171;20260520_155241;20.05.2026;15:42:00;171;9;1493;10;U188Z1P;Ve Žlíbku;50.11303;14.59891
20260520_155241_L641;20260520_155241;20.05.2026;15:37:00;641;14;9573;14;U9856Z1;Beroun,autobusové nádraží;49.88729;13.95326
20260520_155241_L624;20260520_155241;20.05.2026;15:41:00;624;32;8896;11;U4313Z3;Družec,náves;50.14446;14.09224
20260520_155241_L630;20260520_155241;20.05.2026;15:41:00;630;40;8813;10;U3094Z1;Kladno,autobusové nádraží;50.144;14.09639
20260520_155241_L617;20260520_155241;20.05.2026;15:41:00;617;17;7326;10;U4313Z8;Roudnice n.L.,žel.st.;50.15049;14.10491
20260520_155241_L856;20260520_155241;20.05.2026;15:40:00;856;3;7302;12;U4220Z1;Kralupy n.Vlt.,Zeměchy;50.22756;14.29695
20260520_155241_L460;20260520_155241;20.05.2026;15:40:00;460;67;1634;11;U5000Z1;Bečváry,Poďousy;49.99847;15.08892
20260520_155241_L335;20260520_155241;20.05.2026;15:39:00;335;6;9131;12;U1578Z1;Kamenice,Kult.dům;49.92211;14.55009
20260520_155241_L487;20260520_155241;20.05.2026;15:40:00;487;66;1603;10;U9415Z2;Vlašim,žel.st.;49.96376;15.12576
20260520_155241_L536;20260520_155241;20.05.2026;14:47:00;536;19;7609;62;U6018Z1;Kolín,nádraží;50.02415;15.2136
20260520_155241_L528;20260520_155241;20.05.2026;15:38:00;528;13;9546;13;U9817Z1;Broumy,radnice;49.90219;13.88533
20260520_155241_L466;20260520_155241;20.05.2026;15:38:00;466;23;8019;14;U2831Z1;Mělník,aut.nádr.;50.3343;14.37239
20260520_155241_L474;20260520_155241;20.05.2026;15:39:00;474;43;8087;13;U3347Z1;Dobřeň,Střezivojice;50.37383;14.5033
20260520_155241_L663;20260520_155241;20.05.2026;15:41:00;663;7;8122;10;U4232Z2;Kralupy n.Vlt.,žel.st.;50.24554;14.31749
20260520_155241_L690;20260520_155241;20.05.2026;15:40:00;690;1;1815;12;U9477Z1;Chorušice;50.39902;14.69889
20260520_155241_L705;20260520_155241;20.05.2026;15:40:00;705;41;8691;12;U5861Z2;Libice n.Cidl.,u sokolovny;49.95363;15.26133
20260520_155241_L686;20260520_155241;20.05.2026;15:42:00;686;33;8142;10;U1891Z1;Říčany,Podhradí;50.00114;14.66222
20260520_155241_L724;20260520_155241;20.05.2026;15:41:00;724;64;9425;10;U9359Z1;Libáň,aut.st.;50.40928;14.96837
20260520_155241_L497;20260520_155241;20.05.2026;15:41:00;497;31;8574;10;U3025Z1;Nymburk,hl.nádr.;50.18698;14.95584
20260520_155241_L432;20260520_155241;20.05.2026;15:39:00;432;3;8553;11;U1490Z1;Lysá n.L.,žel.st.;50.21872;14.84307
20260520_155241_L737;20260520_155241;20.05.2026;15:42:00;737;2;9901;10;U6193Z1;Bělá p.Bezd.,Atmos;50.44668;14.88575
20260520_155241_L177;20260520_155241;20.05.2026;15:42:00;177;9;6879;11;U371Z1P;Poliklinika Mazurská;50.12847;14.417
20260520_155241_L126;20260520_155241;20.05.2026;15:38:00;126;52;3740;14;U542Z2P;Nádraží Uhříněves;50.03467;14.59452
20260520_155241_L136;20260520_155241;20.05.2026;15:39:00;136;26;6946;13;U2787Z2P;Jižní Město;50.08763;14.45729
20260520_155241_L491;20260520_155241;20.05.2026;15:32:00;491;10;8686;19;U2008Z3;Český Brod,žel.st.;49.98992;14.74268
20260520_155241_L177;20260520_155241;20.05.2026;15:37:00;177;52;6890;14;U134Z5P;Poliklinika Mazurská;50.10173;14.50326
20260520_155241_L136;20260520_155241;20.05.2026;15:40:00;136;8;5082;12;U181Z1P;Jižní Město;50.03945;14.49058
20260520_155241_L180;20260520_155241;20.05.2026;15:43:00;180;13;6941;10;U1141Z14P;Obchodní centrum Zličín;50.05457;14.29089
20260520_155241_L112;20260520_155241;20.05.2026;15:38:00;112;23;5545;13;U241Z2P;Nádraží Holešovice;50.11734;14.43073
20260520_155241_L136;20260520_155241;20.05.2026;15:42:00;136;21;5012;10;U353Z1P;Jižní Město;50.02625;14.52149
20260520_155241_L176;20260520_155241;20.05.2026;15:39:00;176;4;4058;12;U481Z4P;Karlovo náměstí;50.07841;14.40482
20260520_155241_L364;20260520_155241;20.05.2026;15:42:00;364;7;4523;10;U808Z1;Doubek;50.03121;14.60893
20260520_155241_L195;20260520_155241;20.05.2026;15:39:00;195;4;6756;13;U1000Z1P;Sídliště Letňany;50.12614;14.51666
20260520_155241_L450;20260520_155241;20.05.2026;15:40:00;450;24;7505;12;U7811Z1;Petrovice,Obděnice;49.55433;14.3368
20260520_155241_L136;20260520_155241;20.05.2026;15:40:00;136;23;6750;10;U1074Z4P;Jižní Město;50.0921;14.46942
20260520_155241_L195;20260520_155241;20.05.2026;15:39:00;195;22;6779;13;U442Z1P;Sídliště Letňany;50.1153;14.49673
20260520_155241_L351;20260520_155241;20.05.2026;15:41:00;351;5;4182;10;U368Z2;Praha,Letňany;50.14982;14.50793
20260520_155241_L181;20260520_155241;20.05.2026;15:38:00;181;1;5058;13;U708Z2P;Černý Most;50.0781;14.53812
20260520_155642_L109;20260520_155642;20.05.2026;15:44:00;109;6;3715;12;U498Z1P;VÚ Běchovice;50.10055;14.49096
20260520_155642_L112;20260520_155642;20.05.2026;15:45:00;112;25;6880;10;U115Z11P;Zoo Praha - Troja;50.11316;14.43585
20260520_155642_L125;20260520_155642;20.05.2026;15:46:00;125;15;6830;10;U978Z2P;Skalka;50.04015;14.55766
20260520_155642_L133;20260520_155642;20.05.2026;15:46:00;133;7;3953;10;U16Z1P;Sídliště Malešice;50.08708;14.47022
20260520_155642_L136;20260520_155642;20.05.2026;15:44:00;136;27;6868;11;U134Z5P;Sídliště Čakovice;50.10596;14.50268
20260520_155642_L136;20260520_155642;20.05.2026;15:44:00;136;28;6835;11;U69Z1P;Sídliště Čakovice;50.09002;14.4659
20260520_155642_L136;20260520_155642;20.05.2026;15:44:00;136;8;5082;11;U106Z2P;Jižní Město;50.02394;14.50891
20260520_155642_L136;20260520_155642;20.05.2026;15:42:00;136;10;5018;14;U855Z1P;Jižní Město;50.07449;14.46391
20260520_155642_L136;20260520_155642;20.05.2026;15:43:00;136;23;6750;13;U512Z5P;Jižní Město;50.09026;14.46644
20260520_155642_L137;20260520_155642;20.05.2026;15:46:00;137;7;4013;10;U363Z2P;Na Knížecí;50.06476;14.38804
20260520_155642_L143;20260520_155642;20.05.2026;15:42:00;143;4;6864;14;U362Z10P;Stadion Strahov;50.08589;14.3834
20260520_155642_L146;20260520_155642;20.05.2026;15:46:00;146;5;9154;10;U834Z2P;Želivského;50.08694;14.48631
20260520_155642_L149;20260520_155642;20.05.2026;15:43:00;149;2;3817;12;U867Z2P;Stodůlky-Bavorská;50.091;14.38511
20260520_155642_L149;20260520_155642;20.05.2026;15:46:00;149;3;3939;10;U602Z4P;Stodůlky-Bavorská;50.05125;14.35139
20260520_155642_L149;20260520_155642;20.05.2026;15:42:00;149;4;4177;14;U563Z1P;Dejvická;50.0854;14.379
20260520_155642_L149;20260520_155642;20.05.2026;15:46:00;149;6;3995;10;U254Z4P;Dejvická;50.07128;14.37974
20260520_155642_L150;20260520_155642;20.05.2026;15:44:00;150;10;6811;12;U1036Z1P;Na Beránku;49.99899;14.42298
20260520_155642_L156;20260520_155642;20.05.2026;15:46:00;156;3;2061;10;U841Z4P;Malý Berlín;50.10125;14.43315
20260520_155642_L166;20260520_155642;20.05.2026;15:46:00;166;1;1941;10;U769Z4P;Sídliště Čakovice;50.1632;14.52386
20260520_155642_L176;20260520_155642;20.05.2026;15:46:00;176;6;4020;10;U930Z1P;Stadion Strahov;50.07596;14.39823
20260520_155642_L176;20260520_155642;20.05.2026;15:43:00;176;4;4058;14;U208Z4P;Karlovo náměstí;50.07568;14.41395
20260520_155642_L180;20260520_155642;20.05.2026;15:41:00;180;1;5008;14;U867Z2P;Obchodní centrum Zličín;50.09226;14.38662
20260520_155642_L180;20260520_155642;20.05.2026;15:42:00;180;16;5570;15;U872Z2P;Obchodní centrum Zličín;50.07993;14.34759
20260520_155642_L181;20260520_155642;20.05.2026;15:38:00;181;1;5058;17;U708Z2P;Černý Most;50.07908;14.53816
20260520_155642_L182;20260520_155642;20.05.2026;15:42:00;182;7;3867;12;U552Z2P;Kbelský hřbitov;50.07365;14.53769
20260520_155642_L182;20260520_155642;20.05.2026;15:46:00;182;11;3713;10;U403Z8P;Opatov;50.05298;14.52527
20260520_155642_L183;20260520_155642;20.05.2026;15:42:00;183;8;6962;14;U154Z2P;Háje;50.04795;14.55579
20260520_155642_L188;20260520_155642;20.05.2026;15:46:00;188;9;6816;10;U825Z1P;Kavčí hory;50.0546;14.48831
20260520_155642_L195;20260520_155642;20.05.2026;15:44:00;195;22;6779;12;U606Z1P;Sídliště Letňany;50.12255;14.50702
20260520_155642_L195;20260520_155642;20.05.2026;15:44:00;195;8;5090;12;U474Z5P;Sídliště Letňany;50.11028;14.50223
20260520_155642_L195;20260520_155642;20.05.2026;15:43:00;195;4;6756;13;U326Z1P;Sídliště Letňany;50.13824;14.51706
20260520_155642_L195;20260520_155642;20.05.2026;15:45:00;195;13;6681;11;U192Z1P;Jesenická;50.05655;14.49734
20260520_155642_L204;20260520_155642;20.05.2026;15:44:00;204;74;9047;12;U741Z1P;Sídliště Petrovice;50.06878;14.54391
20260520_155642_L209;20260520_155642;20.05.2026;15:45:00;209;44;9188;11;U3008Z1P;Nádraží Uhříněves;50.0772;14.65487
20260520_155642_L220;20260520_155642;20.05.2026;15:43:00;220;29;9289;12;U897Z11P;Černý Most;50.1087;14.57353
20260520_155642_L228;20260520_155642;20.05.2026;15:45:00;228;13;9014;10;U70Z7P;Benice;50.07755;14.51668
20260520_155642_L232;20260520_155642;20.05.2026;15:43:00;232;10;3819;11;U817Z2P;Na Knížecí;50.065;14.40377
20260520_155642_L234;20260520_155642;20.05.2026;15:43:00;234;2;3980;12;U241Z2P;Nádraží Holešovice;50.11735;14.42991
20260520_155642_L244;20260520_155642;20.05.2026;15:44:00;244;4;4173;11;U456Z3P;Sídliště Radotín;49.98315;14.35869
20260520_155642_L246;20260520_155642;20.05.2026;15:40:00;246;4;3999;15;U4258Z1P;Poliklinika Modřany;50.03484;14.31388
20260520_155642_L840;20260520_155642;20.05.2026;15:23:00;840;31;7930;32;U6760Z1;Vlašim,žel.st.;49.70342;14.89337
20260520_155642_L301;20260520_155642;20.05.2026;15:43:00;301;1;4121;13;U634Z1;Chýnice;50.03324;14.31202
20260520_155642_L307;20260520_155642;20.05.2026;15:46:00;307;14;8976;10;U1644Z2;Praha,Zličín;50.04353;14.2567
20260520_155642_L332;20260520_155642;20.05.2026;15:46:00;332;2;9192;10;U1941Z1;Neveklov;49.86202;14.53597
20260520_155642_L332;20260520_155642;20.05.2026;15:45:00;332;19;9955;11;U4176Z2;Jílové u Prahy,Náměstí;49.9811;14.49719
20260520_155642_L335;20260520_155642;20.05.2026;15:46:00;335;30;9173;10;U4861Z1;Kamenice,Kult.dům;49.99538;14.48721
20260520_155642_L335;20260520_155642;20.05.2026;15:42:00;335;6;9131;13;U4120Z1;Kamenice,Kult.dům;49.92056;14.53731
20260520_155642_L337;20260520_155642;20.05.2026;15:43:00;337;13;9364;12;U2181Z2;Benešov,Terminál;49.84061;14.67442
20260520_155642_L348;20260520_155642;20.05.2026;15:42:00;348;11;8285;13;U1308Z2;Praha,Ládví;50.1943;14.49326
20260520_155642_L351;20260520_155642;20.05.2026;15:45:00;351;5;4182;12;U771Z2;Praha,Letňany;50.13499;14.50571
20260520_155642_L370;20260520_155642;20.05.2026;15:42:00;370;6;8002;12;U2228Z2;Praha,Kobylisy;50.27465;14.34642
20260520_155642_L375;20260520_155642;20.05.2026;15:45:00;375;5;8257;11;U3001Z2;Brandýs n.L.-St.Bol.,Žel.st.;50.20445;14.69025
20260520_155642_L381;20260520_155642;20.05.2026;15:45:00;381;1;9372;11;U2482Z1;Čáslav,obchodní centrum;49.95701;15.28035
20260520_155642_L382;20260520_155642;20.05.2026;15:45:00;382;19;9944;11;U1882Z1;Sázava,aut.st.;49.99604;14.67807
20260520_155642_L383;20260520_155642;20.05.2026;15:42:00;383;32;9174;13;U2046Z1;Chocerady;49.90336;14.78653
20260520_155642_L389;20260520_155642;20.05.2026;15:46:00;389;32;7757;10;U4787Z1;Chomutov,žel.st.;50.23341;14.07975
20260520_155642_L410;20260520_155642;20.05.2026;15:44:00;410;3;11611;12;U3316Z4;Praha,Střížkov;50.40784;14.44687
20260520_155642_L413;20260520_155642;20.05.2026;15:39:00;413;62;8211;12;U31417Z4;Litoměřice,aut.nádr.;50.53123;14.13441
20260520_155642_L432;20260520_155642;20.05.2026;15:46:00;432;3;8553;10;U2431Z2;Lysá n.L.,žel.st.;50.2004;14.8413
20260520_155642_L443;20260520_155642;20.05.2026;15:44:00;443;22;8594;12;U2967Z1;Nymburk,hl.nádr.;50.17805;15.03962
20260520_155642_L450;20260520_155642;20.05.2026;15:40:00;450;24;7505;14;U7811Z1;Petrovice,Obděnice;49.55668;14.35154
20260520_155642_L466;20260520_155642;20.05.2026;15:45:00;466;30;8109;10;U4248Z1;Spomyšl;50.24768;14.31684
20260520_155642_L467;20260520_155642;20.05.2026;15:46:00;467;15;8116;10;U4441Z1;Roudnice n.L.,ČSAD;50.37189;14.39848
20260520_155642_L474;20260520_155642;20.05.2026;15:43:00;474;43;8087;13;U3349Z2;Dobřeň,Střezivojice;50.37244;14.51239
20260520_155642_L487;20260520_155642;20.05.2026;15:46:00;487;66;1603;10;U2178Z2;Vlašim,žel.st.;49.95618;15.10281
20260520_155642_L528;20260520_155642;20.05.2026;15:42:00;528;13;9546;13;U9819Z2;Broumy,radnice;49.92265;13.87354
20260520_155642_L536;20260520_155642;20.05.2026;14:47:00;536;19;7609;66;U6018Z1;Kolín,nádraží;50.02415;15.2136
20260520_155642_L561;20260520_155642;20.05.2026;15:44:00;561;59;8367;12;U6848Z2;Petrovice;50.10823;13.64408
20260520_155642_L585;20260520_155642;20.05.2026;15:43:00;585;29;7659;10;U32356Z1;Jičín,aut.st.;50.3936;15.33884
20260520_155642_L617;20260520_155642;20.05.2026;15:45:00;617;16;7335;10;U4836Z1;Kladno,autobusové nádraží;50.23456;14.06222
20260520_155642_L617;20260520_155642;20.05.2026;15:41:00;617;17;7326;11;U4313Z8;Roudnice n.L.,žel.st.;50.16055;14.11096
20260520_155642_L624;20260520_155642;20.05.2026;15:46:00;624;32;8896;10;U3095Z1;Družec,náves;50.1408;14.07153
20260520_155642_L630;20260520_155642;20.05.2026;15:44:00;630;40;8813;10;U4313Z8;Kladno,autobusové nádraží;50.14717;14.10616
20260520_155642_L641;20260520_155642;20.05.2026;15:37:00;641;19;9440;16;U9855Z55;Hořovice,nemocnice;49.88134;13.92457
20260520_155642_L663;20260520_155642;20.05.2026;15:42:00;663;7;8122;13;U4231Z2;Kralupy n.Vlt.,žel.st.;50.24358;14.31236
20260520_155642_L686;20260520_155642;20.05.2026;15:45:00;686;33;8142;11;U2142Z2;Říčany,Podhradí;49.99623;14.66376
20260520_155642_L686;20260520_155642;20.05.2026;15:43:00;686;34;8034;10;U2315Z1;Úvaly,žel.st.;50.07413;14.72318
20260520_155642_L691;20260520_155642;20.05.2026;15:45:00;691;28;8143;10;U6082Z1;Mělník,Pšovka;50.46074;14.51525
20260520_155642_L705;20260520_155642;20.05.2026;15:40:00;705;41;8691;13;U5861Z2;Libice n.Cidl.,u sokolovny;49.96814;15.24584
20260520_155642_L724;20260520_155642;20.05.2026;15:45:00;724;64;9425;11;U6261Z1;Libáň,aut.st.;50.41182;14.99538
20260520_155642_L725;20260520_155642;20.05.2026;15:46:00;725;66;9767;10;U9456Z1;Markvartice,pošta;50.41668;15.00477
20260520_155642_L737;20260520_155642;20.05.2026;15:43:00;737;2;9901;11;U6194Z1;Bělá p.Bezd.,Atmos;50.46986;14.86279
20260520_155642_L770;20260520_155642;20.05.2026;15:44:00;770;42;7918;12;U9945Z1;Uhlířské Janovice,nám.;49.86728;14.9544
20260520_160042_L246;20260520_160042;20.05.2026;15:40:00;246;4;3999;18;U4258Z1P;Poliklinika Modřany;50.03372;14.31203
20260520_160042_L176;20260520_160042;20.05.2026;15:43:00;176;4;4058;15;U208Z4P;Karlovo náměstí;50.07584;14.41722
20260520_160042_L176;20260520_160042;20.05.2026;15:49:00;176;6;4020;11;U168Z1P;Stadion Strahov;50.07516;14.39003
20260520_160042_L133;20260520_160042;20.05.2026;15:50:00;133;8;3714;10;U512Z8P;Sídliště Malešice;50.09035;14.46751
20260520_160042_L112;20260520_160042;20.05.2026;15:49:00;112;25;6880;12;U66Z1P;Zoo Praha - Troja;50.11749;14.42444
20260520_160042_L166;20260520_160042;20.05.2026;15:47:00;166;2;7985;11;U606Z5P;Sídliště Čakovice;50.12698;14.51436
20260520_160042_L143;20260520_160042;20.05.2026;15:42:00;143;4;6864;18;U362Z10P;Stadion Strahov;50.08498;14.38537
20260520_160042_L136;20260520_160042;20.05.2026;15:46:00;136;18;6974;14;U500Z1P;Sídliště Čakovice;50.12067;14.50332
20260520_160042_L133;20260520_160042;20.05.2026;15:49:00;133;7;3953;12;U767Z1P;Sídliště Malešice;50.08438;14.4818
20260520_160042_L188;20260520_160042;20.05.2026;15:49:00;188;11;5561;11;U575Z1P;Kavčí hory;50.08043;14.48755
20260520_160042_L209;20260520_160042;20.05.2026;15:48:00;209;44;9188;12;U105Z1P;Nádraží Uhříněves;50.07159;14.65168
20260520_160042_L381;20260520_160042;20.05.2026;15:47:00;381;1;9372;13;U9424Z1;Čáslav,obchodní centrum;49.96097;15.29092
20260520_160042_L182;20260520_160042;20.05.2026;15:42:00;182;7;3867;15;U552Z2P;Kbelský hřbitov;50.07609;14.53801
20260520_160042_L121;20260520_160042;20.05.2026;15:49:00;121;6;2329;12;U632Z3P;Poliklinika Budějovická;50.04049;14.4389
20260520_160042_L180;20260520_160042;20.05.2026;15:46:00;180;9;6934;14;U913Z2P;Obchodní centrum Zličín;50.06207;14.28731
20260520_160042_L856;20260520_160042;20.05.2026;15:50:00;856;9;1273;10;U4246Z1;Velvary,nám.;50.28007;14.3146
20260520_160042_L307;20260520_160042;20.05.2026;15:50:00;307;11;8975;10;U4594Z3;Kladno,autobusové nádraží;50.12251;14.12526
20260520_160042_L195;20260520_160042;20.05.2026;15:49:00;195;22;6779;11;U1Z1P;Sídliště Letňany;50.13222;14.51362
20260520_160042_L183;20260520_160042;20.05.2026;15:46:00;183;8;6962;14;U1013Z1P;Háje;50.04107;14.56687
20260520_160042_L337;20260520_160042;20.05.2026;15:45:00;337;13;9364;11;U2158Z2;Benešov,Terminál;49.82835;14.68952
20260520_160042_L301;20260520_160042;20.05.2026;15:43:00;301;1;4121;17;U634Z1;Chýnice;50.03233;14.3117
20260520_160042_L143;20260520_160042;20.05.2026;15:48:00;143;3;5057;12;U140Z6P;Stadion Strahov;50.08951;14.38612
20260520_160042_L174;20260520_160042;20.05.2026;15:47:00;174;16;3949;13;U122Z1P;Třebonice;50.03557;14.31609
20260520_160042_L188;20260520_160042;20.05.2026;15:49:00;188;4;6950;11;U198Z1P;Kavčí hory;50.06256;14.49436
20260520_160042_L137;20260520_160042;20.05.2026;15:49:00;137;7;4013;11;U922Z3P;Na Knížecí;50.06864;14.40074
20260520_160042_L234;20260520_160042;20.05.2026;15:46:00;234;2;3980;12;U7406Z3P;Nádraží Holešovice;50.11154;14.43629
20260520_160042_L136;20260520_160042;20.05.2026;15:46:00;136;23;6750;13;U743Z2P;Jižní Město;50.08407;14.45736
20260520_160042_L112;20260520_160042;20.05.2026;15:49:00;112;24;6754;11;U765Z1P;Nádraží Holešovice;50.11703;14.43311
20260520_160042_L353;20260520_160042;20.05.2026;15:47:00;353;30;8134;13;U1973Z1;Brandýs n.L.-St.Bol.,Nádr.;50.18559;14.66338
20260520_160042_L450;20260520_160042;20.05.2026;15:46:00;450;24;7505;14;U7821Z1;Petrovice;49.55124;14.37651
20260520_160042_L170;20260520_160042;20.05.2026;15:50:00;170;16;3822;10;U632Z2P;Jižní Město;50.04222;14.43875
20260520_160042_L650;20260520_160042;20.05.2026;15:45:00;650;25;12555;15;U3095Z2;Kladno,autobusové nádraží;50.14063;14.0729
20260520_160042_L143;20260520_160042;20.05.2026;15:48:00;143;5;6996;12;U362Z13P;Dejvická;50.08627;14.38459
20260520_160042_L561;20260520_160042;20.05.2026;15:47:00;561;59;8367;12;U6846Z3;Petrovice;50.09709;13.65431
20260520_160042_L724;20260520_160042;20.05.2026;15:49:00;724;64;9425;10;U6282Z1;Libáň,aut.st.;50.42467;15.03439
20260520_160042_L177;20260520_160042;20.05.2026;15:45:00;177;19;5553;15;U78Z3P;Poliklinika Mazurská;50.1266;14.47017
20260520_160042_L156;20260520_160042;20.05.2026;15:49:00;156;3;2061;10;U2770Z1P;Malý Berlín;50.10214;14.42945
20260520_160042_L183;20260520_160042;20.05.2026;15:49:00;183;5;5542;10;U552Z2P;Sídliště Ďáblice;50.07205;14.5376
20260520_160042_L201;20260520_160042;20.05.2026;15:48:00;201;15;3902;12;U870Z4P;Nádraží Holešovice;50.11773;14.45991
20260520_160042_L624;20260520_160042;20.05.2026;15:46:00;624;32;8896;11;U3095Z1;Družec,náves;50.12629;14.06843
20260520_160042_L149;20260520_160042;20.05.2026;15:49:00;149;6;3995;11;U579Z3P;Dejvická;50.07585;14.37177
20260520_160042_L164;20260520_160042;20.05.2026;15:46:00;164;4;1958;12;U2608Z2P;Malovanka;50.08702;14.37129
20260520_160042_L136;20260520_160042;20.05.2026;15:47:00;136;27;6868;10;U474Z5P;Sídliště Čakovice;50.11533;14.49773
20260520_160042_L161;20260520_160042;20.05.2026;15:46:00;161;9;4538;14;U440Z2P;Bořislavka;50.10839;14.35067
20260520_160042_L136;20260520_160042;20.05.2026;15:48:00;136;8;5082;11;U353Z1P;Jižní Město;50.02949;14.52619
20260520_160042_L195;20260520_160042;20.05.2026;15:49:00;195;8;5090;12;U603Z1P;Sídliště Letňany;50.1187;14.49974
20260520_160042_L466;20260520_160042;20.05.2026;15:45:00;466;12;8077;10;U4246Z2;Veltrusy;50.27252;14.32134
20260520_160042_L307;20260520_160042;20.05.2026;15:49:00;307;14;8976;11;U1643Z2;Praha,Zličín;50.05079;14.27274
20260520_160042_L315;20260520_160042;20.05.2026;15:48:00;315;11;1864;10;U3063Z2;Praha,Černý Most;50.40187;14.92318
20260520_160042_L389;20260520_160042;20.05.2026;15:48:00;389;32;7757;12;U4836Z1;Chomutov,žel.st.;50.23634;14.07103
20260520_160042_L204;20260520_160042;20.05.2026;15:48:00;204;74;9047;12;U1099Z1P;Sídliště Petrovice;50.05652;14.56211
20260520_160042_L240;20260520_160042;20.05.2026;15:48:00;240;9;1770;11;U1235Z2P;Černý Most;50.11083;14.58351
20260520_160042_L300;20260520_160042;20.05.2026;15:49:00;300;6;8995;10;U3094Z1;Kladno,u kostela;50.14463;14.09265
20260520_160042_L304;20260520_160042;20.05.2026;15:46:00;304;10;8354;12;U1142Z2;Praha,Vypich;50.05614;14.28593
20260520_160042_L487;20260520_160042;20.05.2026;15:47:00;487;66;1603;10;U9998Z2;Vlašim,žel.st.;49.94264;15.09893
20260520_160042_L332;20260520_160042;20.05.2026;15:45:00;332;26;9943;14;U2127Z1;Jílové u Prahy,Náměstí;49.92597;14.50329
20260520_160042_L332;20260520_160042;20.05.2026;15:50:00;332;19;9955;10;U1330Z1;Jílové u Prahy,Náměstí;49.96765;14.51443
20260520_160042_L335;20260520_160042;20.05.2026;15:49:00;335;30;9173;11;U4176Z2;Kamenice,Kult.dům;49.98272;14.49605
20260520_160042_L348;20260520_160042;20.05.2026;15:45:00;348;11;8285;15;U1807Z2;Praha,Ládví;50.18874;14.49333
20260520_160042_L369;20260520_160042;20.05.2026;15:50:00;369;44;8276;10;U1959Z1;Mělník,Mlazice;50.22621;14.49486
20260520_160042_L380;20260520_160042;20.05.2026;15:50:00;380;4;9978;10;U4976Z1;Králův Dvůr,Počaply,Obchodní centrum;49.9421;14.02683
20260520_160042_L381;20260520_160042;20.05.2026;15:49:00;381;3;1678;11;U808Z2;Praha,Háje;50.02973;14.60166
20260520_160042_L382;20260520_160042;20.05.2026;15:46:00;382;19;9944;12;U1886Z1;Sázava,aut.st.;49.98791;14.70611
20260520_160042_L384;20260520_160042;20.05.2026;15:50:00;384;15;9903;10;U2371Z2;Praha,Zličín;49.99131;14.15122
20260520_160042_L528;20260520_160042;20.05.2026;15:45:00;528;13;9546;12;U9820Z2;Broumy,radnice;49.93974;13.88436
20260520_160042_L548;20260520_160042;20.05.2026;15:50:00;548;12;9511;10;U9616Z7;Hořovice,nemocnice;49.83777;13.89778
20260520_160042_L641;20260520_160042;20.05.2026;15:46:00;641;14;9573;14;U9854Z1;Beroun,autobusové nádraží;49.89504;13.96021
20260520_160042_L467;20260520_160042;20.05.2026;15:47:00;467;15;8116;11;U4728Z1;Roudnice n.L.,ČSAD;50.38065;14.35543
20260520_160042_L443;20260520_160042;20.05.2026;15:48:00;443;22;8594;12;U2969Z1;Nymburk,hl.nádr.;50.18621;15.04088
20260520_160042_L705;20260520_160042;20.05.2026;15:47:00;705;41;8691;13;U6680Z2;Libice n.Cidl.,u sokolovny;49.97956;15.22762
20260520_160042_L686;20260520_160042;20.05.2026;15:48:00;686;33;8142;12;U1870Z2;Říčany,Podhradí;49.99366;14.66035
20260520_160042_L136;20260520_160042;20.05.2026;15:44:00;136;28;6835;15;U69Z1P;Sídliště Čakovice;50.09033;14.46678
20260520_160042_L182;20260520_160042;20.05.2026;15:50:00;182;11;3713;10;U823Z1P;Opatov;50.04505;14.51917
20260520_160042_L136;20260520_160042;20.05.2026;15:50:00;136;19;5538;10;U134Z5P;Sídliště Čakovice;50.10174;14.50331
20260520_160042_L770;20260520_160042;20.05.2026;15:47:00;770;42;7918;12;U9968Z1;Uhlířské Janovice,nám.;49.87669;14.97762
20260520_160042_L466;20260520_160042;20.05.2026;15:46:00;466;23;8019;14;U3267Z2;Mělník,aut.nádr.;50.3217;14.39862
20260520_160042_L466;20260520_160042;20.05.2026;15:47:00;466;30;8109;13;U2235Z1;Spomyšl;50.24496;14.31388
20260520_160042_L719;20260520_160042;20.05.2026;15:45:00;719;22;9086;15;U6209Z2;Mladá Boleslav,aut.st.;50.46861;14.91862
20260520_160042_L737;20260520_160042;20.05.2026;15:49:00;737;2;9901;10;U6198Z1;Bělá p.Bezd.,Atmos;50.48272;14.83663
20260520_160042_L136;20260520_160042;20.05.2026;15:47:00;136;10;5018;13;U680Z3P;Jižní Město;50.06837;14.46924
20260520_160042_L509;20260520_160042;20.05.2026;15:45:00;509;20;9616;15;U9717Z1;Láz,Horní;49.68924;14.00839
20260520_160042_L109;20260520_160042;20.05.2026;15:48:00;109;6;3715;12;U694Z3P;VÚ Běchovice;50.09123;14.4997
20260520_160042_L176;20260520_160042;20.05.2026;15:48:00;176;5;3687;12;U2713Z2P;Karlovo náměstí;50.07462;14.40803
20260520_160042_L345;20260520_160042;20.05.2026;15:45:00;345;39;10643;13;U2987Z7;Praha,Černý Most;50.41977;14.91595
20260520_160042_L678;20260520_160042;20.05.2026;15:48:00;678;33;8557;12;U4125Z1;Poděbrady,žel.st.;50.1333;15.09942
20260520_160042_L796;20260520_160042;20.05.2026;15:50:00;796;6;7825;10;U7962Z1;Pyšely,Nám.;49.83541;14.73394
20260520_160042_L136;20260520_160042;20.05.2026;15:46:00;136;26;6946;15;U518Z3P;Jižní Město;50.0766;14.45902
20260520_160042_L456;20260520_160042;20.05.2026;15:48:00;456;45;7071;11;U32516Z1;Pojbuky;49.4939;14.85306
20260520_160042_L853;20260520_160042;20.05.2026;15:48:00;853;31;7002;10;U31118Z1;Nový Bydžov,Terminál HD;50.25559;15.44944
20260520_160042_L146;20260520_160042;20.05.2026;15:46:00;146;5;9154;12;U834Z2P;Želivského;50.08716;14.48299
20260520_160042_L136;20260520_160042;20.05.2026;15:46:00;136;25;6764;15;U751Z2P;Jižní Město;50.05259;14.47515
20260520_160042_L337;20260520_160042;20.05.2026;15:50:00;337;14;9366;10;U4861Z1;Benešov,Terminál;49.99206;14.48955
20260520_160042_L180;20260520_160042;20.05.2026;15:49:00;180;2;6859;10;U867Z2P;Obchodní centrum Zličín;50.09135;14.38563
20260520_160042_L136;20260520_160042;20.05.2026;15:46:00;136;11;6798;11;U1074Z4P;Jižní Město;50.09274;14.47097
20260520_160042_L104;20260520_160042;20.05.2026;15:51:00;104;2;2049;10;U944Z1P;Klukovice;50.01996;14.34939
20260520_160042_L712;20260520_160042;20.05.2026;15:48:00;712;6;9590;12;U6251Z1;Bělá p.Bezd.,Bezdědice;50.48297;14.70496
20260520_160042_L149;20260520_160042;20.05.2026;15:42:00;149;4;4177;18;U563Z1P;Dejvická;50.08548;14.379
20260520_160042_L149;20260520_160042;20.05.2026;15:43:00;149;2;3817;16;U867Z2P;Stodůlky-Bavorská;50.08949;14.38335
20260520_160042_L180;20260520_160042;20.05.2026;15:41:00;180;1;5008;19;U867Z2P;Obchodní centrum Zličín;50.0916;14.38587
20260520_160042_L686;20260520_160042;20.05.2026;15:43:00;686;34;8034;14;U2315Z1;Úvaly,žel.st.;50.07413;14.72318
20260520_160042_L580;20260520_160042;20.05.2026;15:47:00;580;18;7695;12;U9322Z1;Rakovník,aut.st.;50.20405;13.89843
20260520_160042_L617;20260520_160042;20.05.2026;15:50:00;617;17;7326;10;U4604Z1;Roudnice n.L.,žel.st.;50.16444;14.0858
20260520_160042_L335;20260520_160042;20.05.2026;15:48:00;335;6;9131;12;U2288Z1;Kamenice,Kult.dům;49.92227;14.57688
20260520_160042_L149;20260520_160042;20.05.2026;15:49:00;149;3;3939;11;U1130Z1P;Stodůlky-Bavorská;50.05409;14.33903
20260520_160042_L180;20260520_160042;20.05.2026;15:48:00;180;14;6907;12;U229Z2P;Dejvická;50.08659;14.37256
20260520_160443_L112;20260520_160443;20.05.2026;15:53:00;112;22;5085;10;U241Z2P;Nádraží Holešovice;50.11735;14.43122
20260520_160443_L307;20260520_160443;20.05.2026;15:54:00;307;11;8975;10;U4306Z3;Kladno,autobusové nádraží;50.13529;14.12494
20260520_160443_L133;20260520_160443;20.05.2026;15:54:00;133;8;3714;11;U1064Z1P;Sídliště Malešice;50.08747;14.47756
20260520_160443_L170;20260520_160443;20.05.2026;15:55:00;170;16;3822;10;U265Z2P;Jižní Město;50.04781;14.45378
20260520_160443_L195;20260520_160443;20.05.2026;15:51:00;195;22;6779;12;U326Z1P;Sídliště Letňany;50.14102;14.51702
20260520_160443_L229;20260520_160443;20.05.2026;15:54:00;229;9;4514;10;U336Z3P;Královice;50.0325;14.59747
20260520_160443_L474;20260520_160443;20.05.2026;15:51:00;474;43;8087;13;U9195Z1;Dobřeň,Střezivojice;50.41236;14.53726
20260520_160443_L143;20260520_160443;20.05.2026;15:51:00;143;5;6996;12;U867Z1P;Dejvická;50.09397;14.39009
20260520_160443_L181;20260520_160443;20.05.2026;15:50:00;181;7;5107;12;U552Z2P;Černý Most;50.07388;14.53772
20260520_160443_L156;20260520_160443;20.05.2026;15:54:00;156;3;2061;10;U100Z11P;Nádraží Holešovice;50.09806;14.43628
20260520_160443_L161;20260520_160443;20.05.2026;15:46:00;161;9;4538;17;U440Z2P;Bořislavka;50.10853;14.35198
20260520_160443_L580;20260520_160443;20.05.2026;15:47:00;580;18;7695;14;U9322Z1;Rakovník,aut.st.;50.19186;13.87314
20260520_160443_L136;20260520_160443;20.05.2026;15:51:00;136;58;6869;10;U1074Z4P;Jižní Město;50.092;14.46922
20260520_160443_L121;20260520_160443;20.05.2026;15:51:00;121;1;2304;13;U893Z5P;Nádraží Braník;50.02853;14.45088
20260520_160443_L450;20260520_160443;20.05.2026;15:50:00;450;24;7505;14;U7828Z1;Petrovice;49.55724;14.35297
20260520_160443_L182;20260520_160443;20.05.2026;15:54:00;182;11;3713;11;U344Z4P;Opatov;50.03243;14.5075
20260520_160443_L196;20260520_160443;20.05.2026;15:54:00;196;10;6922;10;U337Z12P;Kačerov;50.05027;14.4112
20260520_160443_L456;20260520_160443;20.05.2026;15:51:00;456;45;7071;13;U32515Z2;Pojbuky;49.49132;14.87143
20260520_160443_L410;20260520_160443;20.05.2026;15:51:00;410;3;11611;13;U1795Z2;Praha,Střížkov;50.3574;14.47488
20260520_160443_L117;20260520_160443;20.05.2026;15:51:00;117;8;1940;10;U441Z2P;Nové Komořany;50.03501;14.454
20260520_160443_L624;20260520_160443;20.05.2026;15:53:00;624;32;8896;11;U9927Z2;Družec,náves;50.11048;14.07721
20260520_160443_L394;20260520_160443;20.05.2026;15:53:00;394;25;9870;10;U1746Z1;Zdice,nám.;49.9566;14.05635
20260520_160443_L381;20260520_160443;20.05.2026;15:50:00;381;3;1678;13;U336Z2;Praha,Háje;50.03824;14.59013
20260520_160443_L146;20260520_160443;20.05.2026;15:52:00;146;6;9472;12;U128Z2P;Želivského;50.08691;14.48796
20260520_160443_L166;20260520_160443;20.05.2026;15:52:00;166;2;7985;12;U771Z1P;Sídliště Čakovice;50.13548;14.5056
20260520_160443_L136;20260520_160443;20.05.2026;15:52:00;136;10;5018;12;U751Z2P;Jižní Město;50.05257;14.47515
20260520_160443_L149;20260520_160443;20.05.2026;15:53:00;149;6;3995;11;U699Z3P;Dejvická;50.0784;14.38832
20260520_160443_L125;20260520_160443;20.05.2026;15:54:00;125;15;6830;10;U654Z2P;Skalka;50.05053;14.54342
20260520_160443_L136;20260520_160443;20.05.2026;15:50:00;136;25;6764;14;U417Z1P;Jižní Město;50.04292;14.48776
20260520_160443_L389;20260520_160443;20.05.2026;15:48:00;389;32;7757;13;U4836Z1;Chomutov,žel.st.;50.23883;14.05234
20260520_160443_L201;20260520_160443;20.05.2026;15:51:00;201;15;3902;13;U196Z2P;Nádraží Holešovice;50.10882;14.4438
20260520_160443_L770;20260520_160443;20.05.2026;15:52:00;770;42;7918;11;U2175Z1;Uhlířské Janovice,nám.;49.87504;15.0141
20260520_160443_L348;20260520_160443;20.05.2026;15:50:00;348;11;8285;14;U826Z2;Praha,Ládví;50.16469;14.48365
20260520_160443_L315;20260520_160443;20.05.2026;15:54:00;315;11;1864;10;U3258Z1;Praha,Černý Most;50.37346;14.88464
20260520_160443_L188;20260520_160443;20.05.2026;15:52:00;188;4;6950;11;U671Z3P;Kavčí hory;50.05505;14.49173
20260520_160443_L369;20260520_160443;20.05.2026;15:54:00;369;44;8276;10;U2334Z2;Mělník,Mlazice;50.25569;14.49566
20260520_160443_L195;20260520_160443;20.05.2026;15:54:00;195;8;5090;10;U1000Z1P;Sídliště Letňany;50.12548;14.51676
20260520_160443_L136;20260520_160443;20.05.2026;15:52:00;136;23;6750;13;U518Z3P;Jižní Město;50.0766;14.45878
20260520_160443_L381;20260520_160443;20.05.2026;15:50:00;381;1;9372;14;U9367Z1;Čáslav,obchodní centrum;49.96208;15.29971
20260520_160443_L691;20260520_160443;20.05.2026;15:53:00;691;28;8143;11;U6070Z1;Mělník,Pšovka;50.44189;14.47478
20260520_160443_L375;20260520_160443;20.05.2026;15:51:00;375;9;8247;10;U474Z7;Praha,Českomoravská;50.10668;14.49765
20260520_160443_L183;20260520_160443;20.05.2026;15:49:00;183;5;5542;13;U552Z2P;Sídliště Ďáblice;50.07511;14.5378
20260520_160443_L466;20260520_160443;20.05.2026;15:45:00;466;12;8077;16;U4246Z2;Veltrusy;50.27252;14.32134
20260520_160443_L174;20260520_160443;20.05.2026;15:47:00;174;16;3949;17;U122Z1P;Třebonice;50.03505;14.31497
20260520_160443_L143;20260520_160443;20.05.2026;15:54:00;143;7;5001;10;U867Z2P;Stadion Strahov;50.09172;14.38604
20260520_160443_L136;20260520_160443;20.05.2026;15:53:00;136;27;6868;11;U500Z1P;Sídliště Čakovice;50.12109;14.50406
20260520_160443_L130;20260520_160443;20.05.2026;15:54:00;130;8;4012;10;U4258Z1P;Filmové ateliéry Barrandov;50.03561;14.31357
20260520_160443_L202;20260520_160443;20.05.2026;15:54:00;202;5;3882;10;U696Z2P;Poliklinika Mazurská;50.1457;14.44296
20260520_160443_L136;20260520_160443;20.05.2026;15:50:00;136;18;6974;14;U1000Z12P;Sídliště Čakovice;50.12644;14.51647
20260520_160443_L136;20260520_160443;20.05.2026;15:51:00;136;28;6835;14;U678Z1P;Sídliště Čakovice;50.10018;14.48602
20260520_160443_L180;20260520_160443;20.05.2026;15:51:00;180;9;6934;13;U1141Z14P;Obchodní centrum Zličín;50.05458;14.29086
20260520_160443_L133;20260520_160443;20.05.2026;15:52:00;133;7;3953;12;U161Z1P;Sídliště Malešice;50.08147;14.49708
20260520_160443_L188;20260520_160443;20.05.2026;15:53:00;188;11;5561;12;U660Z1P;Kavčí hory;50.08264;14.50498
20260520_160443_L561;20260520_160443;20.05.2026;15:51:00;561;59;8367;12;U6849Z2;Petrovice;50.09432;13.6584
20260520_160443_L364;20260520_160443;20.05.2026;15:51:00;364;7;4523;14;U1875Z1;Doubek;50.00197;14.66222
20260520_160443_L209;20260520_160443;20.05.2026;15:53:00;209;44;9188;11;U568Z2P;Nádraží Uhříněves;50.06307;14.6367
20260520_160443_L143;20260520_160443;20.05.2026;15:50:00;143;3;5057;13;U362Z10P;Stadion Strahov;50.08516;14.38483
20260520_160443_L136;20260520_160443;20.05.2026;15:53:00;136;1;6968;11;U512Z4P;Sídliště Čakovice;50.09148;14.46866
20260520_160443_L180;20260520_160443;20.05.2026;15:49:00;180;2;6859;14;U867Z2P;Obchodní centrum Zličín;50.09038;14.38442
20260520_160443_L466;20260520_160443;20.05.2026;15:46:00;466;23;8019;15;U3267Z2;Mělník,aut.nádr.;50.33603;14.39065
20260520_160443_L712;20260520_160443;20.05.2026;15:48:00;712;6;9590;16;U6251Z1;Bělá p.Bezd.,Bezdědice;50.48297;14.70496
20260520_160443_L149;20260520_160443;20.05.2026;15:42:00;149;4;4177;22;U563Z1P;Dejvická;50.08557;14.37897
20260520_160443_L467;20260520_160443;20.05.2026;15:51:00;467;15;8116;11;U4712Z1;Roudnice n.L.,ČSAD;50.39961;14.31687
20260520_160443_L705;20260520_160443;20.05.2026;15:51:00;705;41;8691;13;U6679Z2;Libice n.Cidl.,u sokolovny;49.98052;15.20816
20260520_160443_L381;20260520_160443;20.05.2026;15:51:00;381;13;1682;13;U1878Z1;Zásmuky,nám.;49.99903;14.66805
20260520_160443_L180;20260520_160443;20.05.2026;15:41:00;180;1;5008;22;U867Z2P;Obchodní centrum Zličín;50.09053;14.38453
20260520_160443_L136;20260520_160443;20.05.2026;15:50:00;136;11;6798;14;U69Z2P;Jižní Město;50.08906;14.46162
20260520_160443_L650;20260520_160443;20.05.2026;15:50:00;650;25;12555;14;U4313Z6;Kladno,autobusové nádraží;50.14531;14.09471
20260520_160443_L316;20260520_160443;20.05.2026;15:53:00;316;5;8964;11;U199Z3;Praha,Bořislavka;50.10557;14.3542
20260520_160443_L401;20260520_160443;20.05.2026;15:54:00;401;60;7900;10;U31444Z1;Jindřichův Hradec,aut.nádr.;49.25211;14.71998
20260520_160443_L146;20260520_160443;20.05.2026;15:51:00;146;5;9154;13;U575Z2P;Želivského;50.08097;14.48551
20260520_160443_L228;20260520_160443;20.05.2026;15:52:00;228;13;9014;12;U389Z1P;Benice;50.07118;14.53917
20260520_160443_L240;20260520_160443;20.05.2026;15:50:00;240;9;1770;13;U897Z11P;Černý Most;50.10852;14.57337
20260520_160443_L204;20260520_160443;20.05.2026;15:51:00;204;74;9047;13;U154Z3P;Sídliště Petrovice;50.04827;14.55654
20260520_160443_L304;20260520_160443;20.05.2026;15:51:00;304;10;8354;12;U1141Z5;Praha,Vypich;50.05646;14.2873
20260520_160443_L528;20260520_160443;20.05.2026;15:51:00;528;13;9546;13;U9086Z2;Broumy,radnice;49.94601;13.86275
20260520_160443_L631;20260520_160443;20.05.2026;15:54:00;631;46;9594;10;U1746Z1;Všeradice,žel.zast.;49.95907;14.06217
20260520_160443_L641;20260520_160443;20.05.2026;15:52:00;641;14;9573;12;U9105Z1;Beroun,autobusové nádraží;49.91204;13.97926
20260520_160443_L856;20260520_160443;20.05.2026;15:52:00;856;9;1273;11;U4245Z1;Velvary,nám.;50.27164;14.30651
20260520_160443_L487;20260520_160443;20.05.2026;15:50:00;487;66;1603;11;U9997Z2;Vlašim,žel.st.;49.93584;15.07828
20260520_160443_L383;20260520_160443;20.05.2026;15:54:00;383;44;9488;10;U808Z5;Chocerady;50.03119;14.60896
20260520_160443_L180;20260520_160443;20.05.2026;15:48:00;180;14;6907;16;U229Z2P;Dejvická;50.0868;14.37413
20260520_160443_L384;20260520_160443;20.05.2026;15:52:00;384;15;9903;12;U2370Z2;Praha,Zličín;49.99283;14.15948
20260520_160443_L491;20260520_160443;20.05.2026;15:54:00;491;9;8575;10;U1908Z1;Mukařov;49.99153;14.74336
20260520_160443_L796;20260520_160443;20.05.2026;15:53:00;796;6;7825;11;U7883Z1;Pyšely,Nám.;49.84405;14.7556
20260520_160443_L324;20260520_160443;20.05.2026;15:54:00;324;27;8996;10;U4836Z2;Slaný,Rabasova;50.23606;14.07341
20260520_160443_L332;20260520_160443;20.05.2026;15:54:00;332;2;9192;10;U4506Z2;Neveklov;49.84189;14.52669
20260520_160443_L332;20260520_160443;20.05.2026;15:51:00;332;26;9943;13;U2107Z1;Jílové u Prahy,Náměstí;49.90734;14.49197
20260520_160443_L332;20260520_160443;20.05.2026;15:50:00;332;19;9955;13;U1330Z1;Jílové u Prahy,Náměstí;49.96333;14.52062
20260520_160443_L335;20260520_160443;20.05.2026;15:51:00;335;6;9131;13;U1583Z1;Kamenice,Kult.dům;49.90966;14.56344
20260520_160443_L335;20260520_160443;20.05.2026;15:54:00;335;30;9173;10;U1330Z1;Kamenice,Kult.dům;49.96743;14.51521
20260520_160443_L342;20260520_160443;20.05.2026;15:54:00;342;2;7682;10;U4398Z1;Slaný,žel.st.;50.17421;14.18766
20260520_160443_L646;20260520_160443;20.05.2026;15:53:00;646;11;8141;10;U4247Z1;Mělník,aut.nádr.;50.29189;14.31017
20260520_160443_L737;20260520_160443;20.05.2026;15:54:00;737;2;9901;10;U6160Z1;Bělá p.Bezd.,Atmos;50.49333;14.82644
20260520_160443_L678;20260520_160443;20.05.2026;15:52:00;678;33;8557;12;U3159Z1;Poděbrady,žel.st.;50.14411;15.10591
20260520_160443_L686;20260520_160443;20.05.2026;15:43:00;686;34;8034;20;U2315Z1;Úvaly,žel.st.;50.07413;14.72318
20260520_160443_L104;20260520_160443;20.05.2026;15:51:00;104;2;2049;14;U944Z1P;Klukovice;50.02002;14.34939
20260520_160443_L109;20260520_160443;20.05.2026;15:50:00;109;6;3715;15;U574Z1P;VÚ Běchovice;50.09203;14.51088
20260520_160443_L352;20260520_160443;20.05.2026;15:53:00;352;4;4120;10;U679Z1;Jinočany,náměstí;50.03637;14.31851
20260520_160443_L143;20260520_160443;20.05.2026;15:52:00;143;4;6864;12;U699Z3P;Dejvická;50.07845;14.38892
20260520_160443_L366;20260520_160443;20.05.2026;15:54:00;366;2;4517;10;U741Z2;Praha,Depo Hostivař;50.07108;14.53994
20260520_160843_L174;20260520_160843;20.05.2026;15:57:00;174;14;3941;10;U444Z1P;Vypich;50.07687;14.34886
20260520_160843_L136;20260520_160843;20.05.2026;15:57:00;136;1;6968;11;U678Z1P;Sídliště Čakovice;50.10025;14.48711
20260520_160843_L207;20260520_160843;20.05.2026;15:58:00;207;13;4158;10;U512Z8P;Ohrada;50.09022;14.46649
20260520_160843_L136;20260520_160843;20.05.2026;15:56:00;136;28;6835;12;U134Z5P;Sídliště Čakovice;50.10096;14.50281
20260520_160843_L136;20260520_160843;20.05.2026;15:59:00;136;23;6750;10;U680Z3P;Jižní Město;50.06885;14.46905
20260520_160843_L133;20260520_160843;20.05.2026;15:56:00;133;8;3714;11;U767Z1P;Sídliště Malešice;50.08064;14.48745
20260520_160843_L229;20260520_160843;20.05.2026;15:57:00;229;9;4514;11;U808Z1P;Královice;50.02985;14.60494
20260520_160843_L170;20260520_160843;20.05.2026;15:58:00;170;16;3822;10;U415Z1P;Jižní Město;50.0451;14.46134
20260520_160843_L174;20260520_160843;20.05.2026;15:57:00;174;17;4193;10;U679Z1P;Řeporyjské náměstí;50.0364;14.31857
20260520_160843_L324;20260520_160843;20.05.2026;15:57:00;324;27;8996;11;U4786Z2;Slaný,Rabasova;50.23014;14.08363
20260520_160843_L561;20260520_160843;20.05.2026;15:55:00;561;59;8367;11;U6855Z1;Petrovice;50.0886;13.63342
20260520_160843_L188;20260520_160843;20.05.2026;15:57:00;188;4;6950;11;U1092Z2P;Kavčí hory;50.0569;14.4725
20260520_160843_L121;20260520_160843;20.05.2026;15:55:00;121;1;2304;13;U329Z1P;Nádraží Braník;50.02094;14.43825
20260520_160843_L182;20260520_160843;20.05.2026;15:57:00;182;8;4160;10;U552Z2P;Kbelský hřbitov;50.07096;14.5375
20260520_160843_L201;20260520_160843;20.05.2026;15:58:00;201;7;3894;10;U196Z2P;Nádraží Holešovice;50.10874;14.44376
20260520_160843_L196;20260520_160843;20.05.2026;15:58:00;196;10;6922;11;U614Z5P;Kačerov;50.03876;14.41074
20260520_160843_L136;20260520_160843;20.05.2026;15:57:00;136;58;6869;11;U743Z2P;Jižní Město;50.08611;14.45562
20260520_160843_L181;20260520_160843;20.05.2026;15:50:00;181;7;5107;15;U552Z2P;Černý Most;50.07594;14.53795
20260520_160843_L117;20260520_160843;20.05.2026;15:51:00;117;8;1940;15;U441Z2P;Nové Komořany;50.03465;14.45561
20260520_160843_L352;20260520_160843;20.05.2026;15:56:00;352;3;4118;13;U1189Z1;Praha,Luka;50.03273;14.26754
20260520_160843_L316;20260520_160843;20.05.2026;15:59:00;316;7;8981;10;U1693Z2;Kralupy n.Vlt.,žel.st.;50.20148;14.29318
20260520_160843_L194;20260520_160843;20.05.2026;15:58:00;194;4;1905;10;U703Z5P;Nemocnice pod Petřínem;50.08859;14.4159
20260520_160843_L304;20260520_160843;20.05.2026;15:56:00;304;10;8354;12;U33Z4;Praha,Vypich;50.06178;14.30931
20260520_160843_L796;20260520_160843;20.05.2026;15:56:00;796;6;7825;12;U5822Z1;Pyšely,Nám.;49.85365;14.76968
20260520_160843_L369;20260520_160843;20.05.2026;15:56:00;369;44;8276;12;U1972Z1;Mělník,Mlazice;50.2797;14.49582
20260520_160843_L149;20260520_160843;20.05.2026;15:54:00;149;6;3995;12;U981Z1P;Dejvická;50.08584;14.38518
20260520_160843_L725;20260520_160843;20.05.2026;15:57:00;725;66;9767;10;U9459Z1;Markvartice,pošta;50.4352;15.11446
20260520_160843_L311;20260520_160843;20.05.2026;15:56:00;311;78;9578;10;U1852Z51;Řevnice,nádraží;49.93016;14.27466
20260520_160843_L383;20260520_160843;20.05.2026;15:55:00;383;44;9488;10;U2137Z1;Chocerady;50.0127;14.64305
20260520_160843_L443;20260520_160843;20.05.2026;15:58:00;443;12;8610;10;U2349Z2;Nymburk,hl.nádr.;50.15913;14.75383
20260520_160843_L364;20260520_160843;20.05.2026;15:54:00;364;7;4523;14;U9364Z1;Doubek;50.01073;14.66858
20260520_160843_L184;20260520_160843;20.05.2026;15:58:00;184;4;5569;10;U444Z1P;Vypich;50.07587;14.34528
20260520_160843_L188;20260520_160843;20.05.2026;15:55:00;188;11;5561;13;U827Z1P;Kavčí hory;50.07811;14.50761
20260520_160843_L180;20260520_160843;20.05.2026;15:54:00;180;52;6902;13;U44Z2P;Dejvická;50.08637;14.37061
20260520_160843_L130;20260520_160843;20.05.2026;15:56:00;130;8;4012;12;U634Z1P;Filmové ateliéry Barrandov;50.03271;14.31212
20260520_160843_L180;20260520_160843;20.05.2026;15:56:00;180;3;5048;11;U867Z2P;Obchodní centrum Zličín;50.09199;14.38633
20260520_160843_L228;20260520_160843;20.05.2026;15:54:00;228;13;9014;14;U741Z3P;Benice;50.07063;14.5453
20260520_160843_L381;20260520_160843;20.05.2026;15:54:00;381;13;1682;14;U1886Z1;Zásmuky,nám.;49.99216;14.6909
20260520_160843_L335;20260520_160843;20.05.2026;15:54:00;335;6;9131;14;U1574Z1;Kamenice,Kult.dům;49.90067;14.57384
20260520_160843_L136;20260520_160843;20.05.2026;15:55:00;136;25;6764;14;U344Z1P;Jižní Město;50.03178;14.50436
20260520_160843_L181;20260520_160843;20.05.2026;15:58:00;181;6;6790;10;U747Z1P;Opatov;50.07867;14.53777
20260520_160843_L195;20260520_160843;20.05.2026;15:58:00;195;8;5090;10;U326Z1P;Sídliště Letňany;50.1382;14.51714
20260520_160843_L712;20260520_160843;20.05.2026;15:48:00;712;6;9590;20;U6251Z1;Bělá p.Bezd.,Bezdědice;50.48297;14.70496
20260520_160843_L143;20260520_160843;20.05.2026;15:54:00;143;7;5001;14;U867Z2P;Stadion Strahov;50.0913;14.3855
20260520_160843_L149;20260520_160843;20.05.2026;15:58:00;149;9;3997;10;U867Z2P;Stodůlky-Bavorská;50.09202;14.38632
20260520_160843_L548;20260520_160843;20.05.2026;15:56:00;548;12;9511;12;U9784Z2;Hořovice,nemocnice;49.83474;13.90827
20260520_160843_L370;20260520_160843;20.05.2026;15:54:00;370;6;8002;14;U2222Z2;Praha,Kobylisy;50.23311;14.41129
20260520_160843_L183;20260520_160843;20.05.2026;15:49:00;183;5;5542;17;U552Z2P;Sídliště Ďáblice;50.07673;14.53803
20260520_160843_L487;20260520_160843;20.05.2026;15:55:00;487;66;1603;11;U9418Z2;Vlašim,žel.st.;49.92907;15.06036
20260520_160843_L136;20260520_160843;20.05.2026;15:58:00;136;27;6868;10;U405Z1P;Sídliště Čakovice;50.1287;14.51155
20260520_160843_L389;20260520_160843;20.05.2026;15:56:00;389;32;7757;12;U9226Z2;Chomutov,žel.st.;50.26296;14.02826
20260520_160843_L624;20260520_160843;20.05.2026;15:56:00;624;32;8896;12;U6147Z2;Družec,náves;50.11869;14.04849
20260520_160843_L204;20260520_160843;20.05.2026;15:56:00;204;74;9047;12;U770Z1P;Sídliště Petrovice;50.0401;14.55399
20260520_160843_L590;20260520_160843;20.05.2026;15:56:00;590;30;7749;11;U4777Z6;Vraný;50.22949;14.09091
20260520_160843_L124;20260520_160843;20.05.2026;15:58:00;124;14;5035;10;U129Z2P;Želivského;50.05159;14.45746
20260520_160843_L202;20260520_160843;20.05.2026;15:58:00;202;5;3882;10;U330Z2P;Poliklinika Mazurská;50.13747;14.42996
20260520_160843_L197;20260520_160843;20.05.2026;15:58:00;197;10;5523;10;U52Z5P;Roztyly;50.0328;14.48906
20260520_160843_L161;20260520_160843;20.05.2026;15:56:00;161;1;3943;12;U440Z2P;Bořislavka;50.10834;14.35022
20260520_160843_L204;20260520_160843;20.05.2026;15:58:00;204;70;9033;10;U1163Z1P;Stavební zóna Horní Počernice;50.08989;14.58462
20260520_160843_L182;20260520_160843;20.05.2026;15:59:00;182;4;3881;10;U1103Z2P;Opatov;50.13719;14.54694
20260520_160843_L166;20260520_160843;20.05.2026;15:55:00;166;2;7985;12;U1395Z2P;Sídliště Čakovice;50.13521;14.50799
20260520_160843_L209;20260520_160843;20.05.2026;15:57:00;209;44;9188;11;U1405Z2P;Nádraží Uhříněves;50.05113;14.62303
20260520_160843_L227;20260520_160843;20.05.2026;15:54:00;227;10;1598;10;U455Z1P;Nedvězí;50.00379;14.659
20260520_160843_L180;20260520_160843;20.05.2026;15:49:00;180;2;6859;18;U867Z2P;Obchodní centrum Zličín;50.09019;14.38417
20260520_160843_L474;20260520_160843;20.05.2026;15:55:00;474;43;8087;13;U9193Z1;Dobřeň,Střezivojice;50.42427;14.56007
20260520_160843_L630;20260520_160843;20.05.2026;15:57:00;630;39;8805;10;U4594Z1;Beroun,Jarov,náves;50.11973;14.12525
20260520_160843_L356;20260520_160843;20.05.2026;15:58:00;356;34;8822;10;U199Z3;Praha,Bořislavka;50.10568;14.35377
20260520_160843_L470;20260520_160843;20.05.2026;15:56:00;470;7;8122;11;U2286Z2;Obříství,Štěpánský most;50.24201;14.31075
20260520_160843_L121;20260520_160843;20.05.2026;15:56:00;121;8;2320;11;U441Z2P;Poliklinika Budějovická;50.03493;14.45441
20260520_160843_L149;20260520_160843;20.05.2026;15:42:00;149;4;4177;26;U563Z1P;Dejvická;50.08614;14.37883
20260520_160843_L466;20260520_160843;20.05.2026;15:58:00;466;30;8109;10;U4224Z2;Spomyšl;50.23903;14.3073
20260520_160843_L691;20260520_160843;20.05.2026;15:56:00;691;28;8143;12;U6060Z2;Mělník,Pšovka;50.42298;14.46436
20260520_160843_L696;20260520_160843;20.05.2026;15:57:00;696;1;1815;10;U9178Z1;Mělník,aut.nádr.;50.38357;14.66636
20260520_160843_L737;20260520_160843;20.05.2026;15:58:00;737;2;9901;10;U6163Z4;Bělá p.Bezd.,Atmos;50.50122;14.80211
20260520_160843_L467;20260520_160843;20.05.2026;15:56:00;467;15;8116;12;U4714Z1;Roudnice n.L.,ČSAD;50.41138;14.28718
20260520_160843_L678;20260520_160843;20.05.2026;15:56:00;678;33;8557;12;U2578Z1;Poděbrady,žel.st.;50.14259;15.12201
20260520_160843_L686;20260520_160843;20.05.2026;15:43:00;686;34;8034;23;U2315Z1;Úvaly,žel.st.;50.07413;14.72318
20260520_160843_L177;20260520_160843;20.05.2026;15:54:00;177;19;5553;15;U345Z1P;Poliklinika Mazurská;50.13252;14.42819
20260520_160843_L136;20260520_160843;20.05.2026;15:56:00;136;10;5018;12;U417Z1P;Jižní Město;50.04292;14.48776
20260520_160843_L394;20260520_160843;20.05.2026;15:58:00;394;25;9870;10;U1748Z1;Zdice,nám.;49.94897;14.03907
20260520_160843_L332;20260520_160843;20.05.2026;15:54:00;332;19;9955;14;U2130Z1;Jílové u Prahy,Náměstí;49.94619;14.51752
20260520_160843_L324;20260520_160843;20.05.2026;15:57:00;324;25;8948;10;U4836Z1;Praha,Zličín;50.23498;14.0647
20260520_160843_L342;20260520_160843;20.05.2026;15:58:00;342;2;7682;10;U2884Z1;Slaný,žel.st.;50.18808;14.16299
20260520_160843_L335;20260520_160843;20.05.2026;15:54:00;335;30;9173;13;U1330Z1;Kamenice,Kult.dům;49.96183;14.52403
20260520_160843_L348;20260520_160843;20.05.2026;15:54:00;348;11;8285;14;U1393Z2;Praha,Ládví;50.1443;14.4846
20260520_160843_L332;20260520_160843;20.05.2026;15:58:00;332;2;9192;10;U4519Z2;Neveklov;49.82289;14.52495
20260520_160843_L372;20260520_160843;20.05.2026;15:58:00;372;12;8003;10;U2231Z1;Kralupy n.Vlt.,žel.st.;50.25231;14.32101
20260520_160843_L381;20260520_160843;20.05.2026;15:55:00;381;3;1678;13;U967Z2;Praha,Háje;50.03449;14.56402
20260520_160843_L365;20260520_160843;20.05.2026;15:58:00;365;12;8832;10;U4893Z1;Praha,Motol;50.09162;14.10562
20260520_160843_L367;20260520_160843;20.05.2026;15:58:00;367;6;8296;10;U1827Z1;Brandýs n.L.-St.Bol.,Aut.st.;50.18583;14.66159
20260520_160843_L180;20260520_160843;20.05.2026;15:54:00;180;16;5570;15;U236Z3P;Obchodní centrum Zličín;50.06461;14.30966
20260520_160843_L136;20260520_160843;20.05.2026;15:56:00;136;2;6735;10;U69Z1P;Sídliště Čakovice;50.09045;14.46752
20260520_160843_L180;20260520_160843;20.05.2026;15:48:00;180;14;6907;19;U229Z2P;Dejvická;50.08711;14.377
20260520_160843_L180;20260520_160843;20.05.2026;15:41:00;180;1;5008;26;U867Z2P;Obchodní centrum Zličín;50.0904;14.38443
20260520_160843_L520;20260520_160843;20.05.2026;15:57:00;520;1;9604;11;U9621Z1;Hřiměždice,Vestec;49.77153;14.16661
20260520_160843_L234;20260520_160843;20.05.2026;15:58:00;234;1;3977;10;U241Z2P;Nádraží Holešovice;50.11731;14.43066
20260520_160843_L352;20260520_160843;20.05.2026;15:55:00;352;4;4120;13;U122Z1;Jinočany,náměstí;50.03579;14.31683
20260520_160843_L112;20260520_160843;20.05.2026;15:57:00;112;23;5545;11;U588Z1P;Zoo Praha - Troja;50.11695;14.43334
20260520_160843_L143;20260520_160843;20.05.2026;15:55:00;143;4;6864;13;U362Z13P;Dejvická;50.08627;14.38456
20260520_160843_L366;20260520_160843;20.05.2026;15:57:00;366;2;4517;11;U404Z4;Praha,Depo Hostivař;50.07644;14.5302
20260520_161244_L136;20260520_161244;20.05.2026;15:59:00;136;28;6835;13;U474Z5P;Sídliště Čakovice;50.1103;14.50218
20260520_161244_L520;20260520_161244;20.05.2026;16:01:00;520;1;9604;11;U5909Z1;Hřiměždice,Vestec;49.75081;14.16963
20260520_161244_L765;20260520_161244;20.05.2026;16:02:00;765;35;1898;10;U1865Z2;Jesenice;49.97207;14.61323
20260520_161244_L466;20260520_161244;20.05.2026;16:01:00;466;30;8109;10;U4228Z2;Spomyšl;50.247;14.29704
20260520_161244_L691;20260520_161244;20.05.2026;16:02:00;691;28;8143;10;U3315Z2;Mělník,Pšovka;50.40347;14.44981
20260520_161244_L696;20260520_161244;20.05.2026;15:57:00;696;1;1815;14;U9178Z1;Mělník,aut.nádr.;50.38521;14.66735
20260520_161244_L725;20260520_161244;20.05.2026;16:01:00;725;66;9767;11;U6285Z55;Markvartice,pošta;50.43918;15.13041
20260520_161244_L732;20260520_161244;20.05.2026;16:02:00;732;5;9510;10;U6248Z1;Bělá p.Bezd.,Bezdědice;50.47251;14.73107
20260520_161244_L133;20260520_161244;20.05.2026;16:00:00;133;8;3714;12;U548Z1P;Sídliště Malešice;50.08193;14.50094
20260520_161244_L149;20260520_161244;20.05.2026;15:58:00;149;9;3997;14;U867Z2P;Stodůlky-Bavorská;50.09148;14.38573
20260520_161244_L136;20260520_161244;20.05.2026;15:59:00;136;2;6735;13;U512Z4P;Sídliště Čakovice;50.0914;14.46865
20260520_161244_L244;20260520_161244;20.05.2026;16:03:00;244;4;4173;10;U2786Z2P;Smíchovské nádraží;50.01807;14.39042
20260520_161244_L112;20260520_161244;20.05.2026;16:00:00;112;23;5545;13;U290Z1P;Zoo Praha - Troja;50.11736;14.41611
20260520_161244_L174;20260520_161244;20.05.2026;15:59:00;174;17;4193;13;U122Z1P;Řeporyjské náměstí;50.03548;14.3159
20260520_161244_L188;20260520_161244;20.05.2026;16:02:00;188;4;6950;10;U376Z1P;Kavčí hory;50.05505;14.45368
20260520_161244_L376;20260520_161244;20.05.2026;16:02:00;376;42;8006;10;U1827Z2;Brandýs n.L.-St.Bol.,Nádr.;50.18553;14.65981
20260520_161244_L196;20260520_161244;20.05.2026;16:00:00;196;10;6922;12;U245Z1P;Kačerov;50.03447;14.41477
20260520_161244_L136;20260520_161244;20.05.2026;16:01:00;136;58;6869;11;U118Z4P;Jižní Město;50.07888;14.46049
20260520_161244_L143;20260520_161244;20.05.2026;16:00:00;143;1;6943;10;U867Z2P;Stadion Strahov;50.0916;14.38585
20260520_161244_L149;20260520_161244;20.05.2026;15:42:00;149;4;4177;29;U563Z1P;Dejvická;50.08711;14.37854
20260520_161244_L316;20260520_161244;20.05.2026;16:00:00;316;7;8981;10;U5002Z1;Kralupy n.Vlt.,žel.st.;50.2117;14.31634
20260520_161244_L324;20260520_161244;20.05.2026;16:02:00;324;29;8994;10;U4310Z2;Praha,Zličín;50.1356;14.10507
20260520_161244_L101;20260520_161244;20.05.2026;16:02:00;101;4;2324;11;U680Z3P;Zentiva;50.06886;14.46897
20260520_161244_L202;20260520_161244;20.05.2026;16:03:00;202;3;3878;10;U451Z1P;Čakovice;50.15062;14.51314
20260520_161244_L372;20260520_161244;20.05.2026;15:58:00;372;12;8003;13;U2231Z1;Kralupy n.Vlt.,žel.st.;50.25167;14.32063
20260520_161244_L124;20260520_161244;20.05.2026;16:00:00;124;14;5035;12;U376Z4P;Želivského;50.05457;14.453
20260520_161244_L180;20260520_161244;20.05.2026;15:56:00;180;3;5048;15;U867Z2P;Obchodní centrum Zličín;50.09129;14.38545
20260520_161244_L184;20260520_161244;20.05.2026;15:58:00;184;4;5569;12;U444Z1P;Vypich;50.07788;14.3468
20260520_161244_L154;20260520_161244;20.05.2026;16:02:00;154;3;3833;10;U654Z1P;Sídliště Libuš;50.04982;14.54364
20260520_161244_L364;20260520_161244;20.05.2026;15:58:00;364;7;4523;14;U1814Z1;Doubek;50.01353;14.68933
20260520_161244_L170;20260520_161244;20.05.2026;16:03:00;170;16;3822;10;U697Z3P;Jižní Město;50.04873;14.48084
20260520_161244_L382;20260520_161244;20.05.2026;16:00:00;382;7;9362;11;U542Z1;Sázava,aut.st.;50.03211;14.59807
20260520_161244_L143;20260520_161244;20.05.2026;15:54:00;143;7;5001;18;U867Z2P;Stadion Strahov;50.09118;14.38538
20260520_161244_L692;20260520_161244;20.05.2026;16:00:00;692;2;1358;12;U9192Z2;Kokořín,Šemanovice;50.42998;14.56709
20260520_161244_L130;20260520_161244;20.05.2026;15:58:00;130;8;4012;11;U892Z1P;Filmové ateliéry Barrandov;50.02104;14.34214
20260520_161244_L467;20260520_161244;20.05.2026;15:58:00;467;15;8116;13;U4715Z1;Roudnice n.L.,ČSAD;50.4223;14.26344
20260520_161244_L202;20260520_161244;20.05.2026;16:01:00;202;5;3882;10;U511Z1P;Poliklinika Mazurská;50.13096;14.42458
20260520_161244_L470;20260520_161244;20.05.2026;15:59:00;470;7;8122;12;U2235Z2;Obříství,Štěpánský most;50.25011;14.31961
20260520_161244_L324;20260520_161244;20.05.2026;15:58:00;324;27;8996;13;U4812Z1;Slaný,Rabasova;50.22808;14.08791
20260520_161244_L161;20260520_161244;20.05.2026;15:56:00;161;1;3943;15;U440Z2P;Bořislavka;50.10833;14.35323
20260520_161244_L121;20260520_161244;20.05.2026;16:00:00;121;1;2304;12;U284Z1P;Nádraží Braník;50.02264;14.42113
20260520_161244_L181;20260520_161244;20.05.2026;16:01:00;181;6;6790;11;U552Z1P;Opatov;50.06926;14.53707
20260520_161244_L136;20260520_161244;20.05.2026;16:01:00;136;1;6968;11;U225Z2P;Sídliště Čakovice;50.09954;14.49704
20260520_161244_L136;20260520_161244;20.05.2026;16:02:00;136;24;6776;10;U2787Z2P;Jižní Město;50.08786;14.45661
20260520_161244_L180;20260520_161244;20.05.2026;16:02:00;180;6;5120;10;U306Z1P;Dejvická;50.07502;14.34106
20260520_161244_L136;20260520_161244;20.05.2026;16:02:00;136;27;6868;10;U125Z1P;Sídliště Čakovice;50.13957;14.50489
20260520_161244_L232;20260520_161244;20.05.2026;16:02:00;232;10;3819;10;U468Z1P;Smíchovské nádraží;50.05266;14.40633
20260520_161244_L136;20260520_161244;20.05.2026;16:01:00;136;10;5018;11;U344Z1P;Jižní Město;50.03148;14.50549
20260520_161244_L136;20260520_161244;20.05.2026;15:58:00;136;26;6946;14;U751Z2P;Jižní Město;50.05304;14.47421
20260520_161244_L686;20260520_161244;20.05.2026;15:43:00;686;34;8034;27;U2315Z1;Úvaly,žel.st.;50.07413;14.72318
20260520_161244_L444;20260520_161244;20.05.2026;15:59:00;444;6;9131;13;U1564Z1;Kamenice,Těptín;49.90391;14.58808
20260520_161244_L304;20260520_161244;20.05.2026;15:59:00;304;10;8354;12;U395Z3;Praha,Vypich;50.06758;14.33373
20260520_161244_L234;20260520_161244;20.05.2026;16:01:00;234;1;3977;11;U7406Z3P;Nádraží Holešovice;50.11551;14.43819
20260520_161244_L352;20260520_161244;20.05.2026;15:55:00;352;4;4120;16;U122Z1;Jinočany,náměstí;50.03448;14.31352
20260520_161244_L112;20260520_161244;20.05.2026;16:00:00;112;24;6754;12;U115Z11P;Zoo Praha - Troja;50.10946;14.43775
20260520_161244_L182;20260520_161244;20.05.2026;16:03:00;182;4;3881;10;U4000Z2P;Opatov;50.13045;14.54769
20260520_161244_L143;20260520_161244;20.05.2026;15:58:00;143;4;6864;13;U867Z1P;Dejvická;50.09401;14.39013
20260520_161244_L369;20260520_161244;20.05.2026;16:00:00;369;44;8276;12;U1786Z1;Mělník,Mlazice;50.3014;14.5114
20260520_161244_L383;20260520_161244;20.05.2026;15:55:00;383;44;9488;12;U2137Z1;Chocerady;50.00613;14.65469
20260520_161244_L188;20260520_161244;20.05.2026;16:00:00;188;11;5561;12;U713Z4P;Kavčí hory;50.07251;14.49132
20260520_161244_L182;20260520_161244;20.05.2026;15:57:00;182;8;4160;14;U552Z2P;Kbelský hřbitov;50.07258;14.53759
20260520_161244_L183;20260520_161244;20.05.2026;16:03:00;183;6;6774;10;U975Z1P;Háje;50.06614;14.53648
20260520_161244_L229;20260520_161244;20.05.2026;16:01:00;229;9;4514;11;U490Z1P;Královice;50.04149;14.61334
20260520_161244_L712;20260520_161244;20.05.2026;15:48:00;712;6;9590;24;U6251Z1;Bělá p.Bezd.,Bezdědice;50.48297;14.70496
20260520_161244_L149;20260520_161244;20.05.2026;16:01:00;149;1;3934;11;U254Z4P;Dejvická;50.07129;14.37977
20260520_161244_L167;20260520_161244;20.05.2026;16:00:00;167;3;6936;10;U254Z6P;Na Knížecí;50.07099;14.39109
20260520_161244_L180;20260520_161244;20.05.2026;16:01:00;180;4;5046;10;U44Z2P;Dejvická;50.08604;14.36808
20260520_161244_L428;20260520_161244;20.05.2026;15:58:00;428;10;7232;14;U337Z4;Praha,Smíchovské nádraží;50.05112;14.40965
20260520_161244_L112;20260520_161244;20.05.2026;16:02:00;112;25;6880;10;U66Z2P;Nádraží Holešovice;50.11739;14.42706
20260520_161244_L125;20260520_161244;20.05.2026;16:02:00;125;15;6830;10;U1068Z2P;Skalka;50.06884;14.51442
20260520_161244_L121;20260520_161244;20.05.2026;15:56:00;121;8;2320;15;U441Z2P;Poliklinika Budějovická;50.03649;14.45646
20260520_161244_L352;20260520_161244;20.05.2026;15:59:00;352;3;4118;13;U1187Z1;Praha,Luka;50.02618;14.28141
20260520_161244_L410;20260520_161244;20.05.2026;16:02:00;410;3;11611;10;U1792Z1;Praha,Střížkov;50.34419;14.48679
20260520_161244_L796;20260520_161244;20.05.2026;16:00:00;796;6;7825;12;U7881Z1;Pyšely,Nám.;49.85294;14.74327
20260520_161244_L531;20260520_161244;20.05.2026;16:01:00;531;1;9536;10;U9616Z6;Příbram,aut.nádr. (ul. Čs.armády);49.83822;13.90201
20260520_161244_L548;20260520_161244;20.05.2026;15:59:00;548;12;9511;12;U9780Z2;Hořovice,nemocnice;49.84017;13.91335
20260520_161244_L641;20260520_161244;20.05.2026;16:01:00;641;14;9573;11;U9006Z1;Beroun,autobusové nádraží;49.93637;14.01482
20260520_161244_L580;20260520_161244;20.05.2026;15:58:00;580;18;7695;13;U9330Z2;Rakovník,aut.st.;50.1805;13.81363
20260520_161244_L590;20260520_161244;20.05.2026;16:01:00;590;30;7749;10;U9267Z2;Vraný;50.24361;14.10356
20260520_161244_L630;20260520_161244;20.05.2026;16:02:00;630;39;8805;10;U4888Z1;Beroun,Jarov,náves;50.11553;14.10897
20260520_161244_L307;20260520_161244;20.05.2026;15:59:00;307;11;8975;12;U4310Z1;Kladno,autobusové nádraží;50.1406;14.09941
20260520_161244_L311;20260520_161244;20.05.2026;15:59:00;311;78;9578;13;U9217Z2;Řevnice,nádraží;49.92349;14.25823
20260520_161244_L313;20260520_161244;20.05.2026;16:01:00;313;81;9827;11;U1635Z5;Mořina,u Pěchotů;49.98524;14.27941
20260520_161244_L316;20260520_161244;20.05.2026;16:01:00;316;1;8980;10;U1214Z2;Praha,Bořislavka;50.11116;14.35432
20260520_161244_L394;20260520_161244;20.05.2026;16:00:00;394;25;9870;12;U4976Z1;Zdice,nám.;49.94195;14.02674
20260520_161244_L401;20260520_161244;20.05.2026;16:01:00;401;63;7774;10;U6487Z1;Jindřichův Hradec,aut.nádr.;49.58718;14.66187
20260520_161244_L389;20260520_161244;20.05.2026;16:00:00;389;32;7757;12;U9229Z2;Chomutov,žel.st.;50.26059;14.00461
20260520_161244_L332;20260520_161244;20.05.2026;16:00:00;332;2;9192;11;U2510Z4;Neveklov;49.81335;14.51435
20260520_161244_L332;20260520_161244;20.05.2026;15:58:00;332;19;9955;13;U2128Z1;Jílové u Prahy,Náměstí;49.93482;14.51233
20260520_161244_L335;20260520_161244;20.05.2026;15:59:00;335;30;9173;13;U1532Z1;Kamenice,Kult.dům;49.94218;14.54787
20260520_161244_L337;20260520_161244;20.05.2026;16:01:00;337;14;9366;10;U1531Z1;Benešov,Terminál;49.94955;14.541
20260520_161244_L342;20260520_161244;20.05.2026;16:01:00;342;2;7682;10;U4416Z2;Slaný,žel.st.;50.18583;14.14938
20260520_161244_L146;20260520_161244;20.05.2026;15:58:00;146;6;9472;14;U575Z2P;Želivského;50.08098;14.48561
20260520_161244_L155;20260520_161244;20.05.2026;16:00:00;155;2;9185;11;U128Z2P;Nemocnice Vinohrady;50.08691;14.48803
20260520_161244_L208;20260520_161244;20.05.2026;16:01:00;208;54;9400;10;U741Z2P;Depo Hostivař;50.07137;14.53793
20260520_161244_L227;20260520_161244;20.05.2026;15:54:00;227;10;1598;11;U455Z1P;Nedvězí;50.01416;14.66462
20260520_161244_L209;20260520_161244;20.05.2026;16:00:00;209;44;9188;12;U1233Z2P;Nádraží Uhříněves;50.03281;14.60923
20260520_161244_L211;20260520_161244;20.05.2026;15:59:00;211;35;9169;13;U170Z2P;Sídliště Rohožník;50.07645;14.6595
20260520_161244_L166;20260520_161244;20.05.2026;15:59:00;166;2;7985;13;U1Z1P;Sídliště Čakovice;50.13287;14.5137
20260520_161244_L305;20260520_161244;20.05.2026;16:02:00;305;30;8351;10;U6829Z2;Karlovy Vary,terminál;50.15457;13.52335
20260520_161244_L306;20260520_161244;20.05.2026;15:59:00;306;9;8853;13;U4314Z2;Praha,Zličín;50.14649;14.10648
20260520_161244_L365;20260520_161244;20.05.2026;16:00:00;365;12;8832;12;U4894Z1;Praha,Motol;50.08681;14.12439
20260520_161244_L367;20260520_161244;20.05.2026;16:01:00;367;6;8296;11;U1828Z1;Brandýs n.L.-St.Bol.,Aut.st.;50.19682;14.67753
20260520_161244_L370;20260520_161244;20.05.2026;15:58:00;370;6;8002;14;U2220Z2;Praha,Kobylisy;50.22861;14.41469
20260520_161244_L381;20260520_161244;20.05.2026;15:59:00;381;3;1678;13;U151Z2;Praha,Háje;50.03106;14.53188
20260520_161244_L385;20260520_161244;20.05.2026;16:01:00;385;10;1724;11;U1881Z1;Říčany,Olivovna;49.99159;14.6565
20260520_161244_L356;20260520_161244;20.05.2026;15:58:00;356;34;8822;12;U199Z3;Praha,Bořislavka;50.10188;14.36182
20260520_161644_L117;20260520_161644;20.05.2026;16:02:00;117;8;1940;14;U60Z2P;Nové Komořany;50.01654;14.44325
20260520_161644_L124;20260520_161644;20.05.2026;16:07:00;124;8;5113;10;U2964Z1P;Želivského;50.05271;14.45327
20260520_161644_L202;20260520_161644;20.05.2026;16:04:00;202;3;3878;13;U63Z1P;Čakovice;50.15161;14.51934
20260520_161644_L385;20260520_161644;20.05.2026;16:05:00;385;10;1724;11;U2142Z12;Říčany,Olivovna;49.99515;14.6665
20260520_161644_L136;20260520_161644;20.05.2026;16:05:00;136;2;6735;11;U498Z1P;Sídliště Čakovice;50.1001;14.49167
20260520_161644_L191;20260520_161644;20.05.2026;16:04:00;191;7;3804;11;U1077Z2P;Klamovka;50.08045;14.34418
20260520_161644_L183;20260520_161644;20.05.2026;16:05:00;183;6;6774;10;U677Z1P;Háje;50.05725;14.53644
20260520_161644_L136;20260520_161644;20.05.2026;16:05:00;136;1;6968;11;U474Z5P;Sídliště Čakovice;50.111;14.50253
20260520_161644_L307;20260520_161644;20.05.2026;16:04:00;307;11;8975;11;U4313Z8;Kladno,autobusové nádraží;50.14647;14.10643
20260520_161644_L303;20260520_161644;20.05.2026;16:04:00;303;1;8183;12;U105Z1;Křenice;50.07161;14.65176
20260520_161644_L306;20260520_161644;20.05.2026;15:59:00;306;9;8853;17;U4314Z2;Praha,Zličín;50.14644;14.10624
20260520_161644_L389;20260520_161644;20.05.2026;16:03:00;389;32;7757;10;U9231Z2;Chomutov,žel.st.;50.27291;13.97049
20260520_161644_L394;20260520_161644;20.05.2026;16:02:00;394;25;9870;11;U4979Z2;Zdice,nám.;49.91536;13.99441
20260520_161644_L382;20260520_161644;20.05.2026;16:04:00;382;7;9362;12;U808Z5;Sázava,aut.st.;50.03067;14.60658
20260520_161644_L383;20260520_161644;20.05.2026;16:03:00;383;44;9488;13;U1878Z1;Chocerady;49.99897;14.66827
20260520_161644_L384;20260520_161644;20.05.2026;16:06:00;384;27;9918;10;U1231Z1;Hořovice,nám.B.Němcové;49.86898;13.89552
20260520_161644_L164;20260520_161644;20.05.2026;16:02:00;164;4;1958;14;U362Z12P;Sídliště Řepy;50.08538;14.38048
20260520_161644_L166;20260520_161644;20.05.2026;16:05:00;166;1;1941;11;U451Z2P;Domov seniorů Ďáblice;50.1504;14.51148
20260520_161644_L194;20260520_161644;20.05.2026;16:03:00;194;4;1905;12;U361Z6P;Nemocnice pod Petřínem;50.08723;14.4026
20260520_161644_L204;20260520_161644;20.05.2026;16:06:00;204;70;9033;10;U845Z1P;Stavební zóna Horní Počernice;50.10873;14.60855
20260520_161644_L208;20260520_161644;20.05.2026;16:04:00;208;54;9400;10;U358Z4P;Depo Hostivař;50.0776;14.51906
20260520_161644_L209;20260520_161644;20.05.2026;16:03:00;209;44;9188;13;U336Z2P;Nádraží Uhříněves;50.03223;14.59794
20260520_161644_L211;20260520_161644;20.05.2026;16:03:00;211;35;9169;13;U621Z1P;Sídliště Rohožník;50.07313;14.67978
20260520_161644_L300;20260520_161644;20.05.2026;16:04:00;300;7;8967;11;U3094Z1;Libušín,náměstí;50.14487;14.09573
20260520_161644_L369;20260520_161644;20.05.2026;16:03:00;369;44;8276;13;U1788Z1;Mělník,Mlazice;50.31747;14.51095
20260520_161644_L370;20260520_161644;20.05.2026;16:03:00;370;3;8030;12;U2231Z1;Kralupy n.Vlt.,žel.st.;50.24846;14.31774
20260520_161644_L372;20260520_161644;20.05.2026;15:58:00;372;12;8003;16;U2231Z1;Kralupy n.Vlt.,žel.st.;50.24832;14.31755
20260520_161644_L380;20260520_161644;20.05.2026;16:06:00;380;6;9974;10;U1644Z1;Králův Dvůr,Počaply,Obchodní centrum;50.04038;14.24873
20260520_161644_L365;20260520_161644;20.05.2026;16:02:00;365;12;8832;11;U1686Z2;Praha,Motol;50.08558;14.1341
20260520_161644_L335;20260520_161644;20.05.2026;16:03:00;335;30;9173;13;U1581Z1;Kamenice,Kult.dům;49.94912;14.57152
20260520_161644_L337;20260520_161644;20.05.2026;16:05:00;337;14;9366;10;U1534Z1;Benešov,Terminál;49.92761;14.56787
20260520_161644_L324;20260520_161644;20.05.2026;16:05:00;324;29;8994;10;U4320Z2;Praha,Zličín;50.12675;14.12101
20260520_161644_L332;20260520_161644;20.05.2026;16:03:00;332;2;9192;11;U4504Z2;Neveklov;49.79238;14.48845
20260520_161644_L342;20260520_161644;20.05.2026;16:06:00;342;2;7682;10;U4413Z2;Slaný,žel.st.;50.16846;14.10716
20260520_161644_L316;20260520_161644;20.05.2026;16:03:00;316;1;8980;13;U199Z3;Praha,Bořislavka;50.10693;14.3533
20260520_161644_L520;20260520_161644;20.05.2026;16:05:00;520;1;9604;11;U7440Z1;Hřiměždice,Vestec;49.72599;14.16871
20260520_161644_L466;20260520_161644;20.05.2026;16:02:00;466;23;8019;14;U3351Z2;Mělník,aut.nádr.;50.35394;14.46946
20260520_161644_L466;20260520_161644;20.05.2026;16:06:00;466;30;8109;10;U4242Z1;Spomyšl;50.25599;14.28541
20260520_161644_L474;20260520_161644;20.05.2026;16:05:00;474;43;8087;11;U9187Z1;Dobřeň,Střezivojice;50.46366;14.57088
20260520_161644_L167;20260520_161644;20.05.2026;16:06:00;167;6;5002;11;U306Z1P;Nemocnice Na Homolce;50.07499;14.34108
20260520_161644_L712;20260520_161644;20.05.2026;15:48:00;712;6;9590;28;U6251Z1;Bělá p.Bezd.,Bezdědice;50.48297;14.70496
20260520_161644_L101;20260520_161644;20.05.2026;16:04:00;101;4;2324;10;U37Z1P;Zentiva;50.05734;14.47109
20260520_161644_L487;20260520_161644;20.05.2026;16:05:00;487;66;1603;10;U9940Z2;Vlašim,žel.st.;49.89189;15.07319
20260520_161644_L497;20260520_161644;20.05.2026;16:05:00;497;31;8574;10;U2970Z51;Nymburk,hl.nádr.;50.18593;15.04116
20260520_161644_L489;20260520_161644;20.05.2026;16:02:00;489;32;1624;13;U2359Z2;Strančice,žel.st.;49.93702;14.71106
20260520_161644_L765;20260520_161644;20.05.2026;16:04:00;765;35;1898;11;U4175Z1;Jesenice;49.97439;14.60276
20260520_161644_L174;20260520_161644;20.05.2026;16:04:00;174;6;4117;12;U444Z1P;Vypich;50.07586;14.34528
20260520_161644_L401;20260520_161644;20.05.2026;16:04:00;401;63;7774;12;U6438Z5;Jindřichův Hradec,aut.nádr.;49.5645;14.66155
20260520_161644_L405;20260520_161644;20.05.2026;16:05:00;405;61;1419;10;U31000Z1;Špindlerův Mlýn,aut.st.;50.4635;15.19871
20260520_161644_L580;20260520_161644;20.05.2026;16:03:00;580;18;7695;13;U2123Z1;Rakovník,aut.st.;50.17518;13.77288
20260520_161644_L631;20260520_161644;20.05.2026;16:05:00;631;46;9594;10;U4965Z1;Všeradice,žel.zast.;49.94974;14.04102
20260520_161644_L796;20260520_161644;20.05.2026;16:04:00;796;6;7825;11;U7430Z1;Pyšely,Nám.;49.848;14.70512
20260520_161644_L590;20260520_161644;20.05.2026;16:06:00;590;30;7749;10;U9274Z2;Vraný;50.26222;14.11816
20260520_161644_L600;20260520_161644;20.05.2026;16:05:00;600;23;8817;11;U3095Z1;Vinařice;50.14083;14.06928
20260520_161644_L531;20260520_161644;20.05.2026;16:05:00;531;1;9536;11;U9618Z5;Příbram,aut.nádr. (ul. Čs.armády);49.8332;13.90385
20260520_161644_L641;20260520_161644;20.05.2026;16:06:00;641;14;9573;10;U4972Z1;Beroun,autobusové nádraží;49.94662;14.03552
20260520_161644_L183;20260520_161644;20.05.2026;16:04:00;183;1;5093;12;U552Z2P;Sídliště Ďáblice;50.0711;14.53754
20260520_161644_L136;20260520_161644;20.05.2026;16:04:00;136;58;6869;12;U518Z3P;Jižní Město;50.07589;14.45914
20260520_161644_L136;20260520_161644;20.05.2026;16:06:00;136;27;6868;10;U368Z1P;Sídliště Čakovice;50.15006;14.5097
20260520_161644_L232;20260520_161644;20.05.2026;16:04:00;232;10;3819;12;U337Z10P;Smíchovské nádraží;50.05307;14.40906
20260520_161644_L170;20260520_161644;20.05.2026;16:06:00;170;17;4191;10;U415Z1P;Jižní Město;50.04517;14.46136
20260520_161644_L188;20260520_161644;20.05.2026;16:06:00;188;4;6950;10;U201Z1P;Kavčí hory;50.05796;14.44339
20260520_161644_L229;20260520_161644;20.05.2026;16:04:00;229;9;4514;12;U131Z1P;Královice;50.05049;14.62821
20260520_161644_L136;20260520_161644;20.05.2026;16:03:00;136;12;5022;13;U1074Z4P;Jižní Město;50.09456;14.4742
20260520_161644_L136;20260520_161644;20.05.2026;16:06:00;136;10;5018;11;U353Z1P;Jižní Město;50.02607;14.52124
20260520_161644_L174;20260520_161644;20.05.2026;16:05:00;174;13;4198;10;U679Z1P;Třebonice;50.03591;14.31721
20260520_161644_L112;20260520_161644;20.05.2026;16:02:00;112;24;6754;14;U588Z1P;Zoo Praha - Troja;50.11622;14.43348
20260520_161644_L154;20260520_161644;20.05.2026;16:05:00;154;3;3833;11;U154Z2P;Sídliště Libuš;50.04821;14.55698
20260520_161644_L143;20260520_161644;20.05.2026;16:04:00;143;2;5056;11;U867Z2P;Stadion Strahov;50.09121;14.38544
20260520_161644_L312;20260520_161644;20.05.2026;16:06:00;312;2;4539;10;U440Z2;Praha,Bořislavka;50.10833;14.34992
20260520_161644_L182;20260520_161644;20.05.2026;16:06:00;182;4;3881;10;U109Z2P;Opatov;50.12456;14.53221
20260520_161644_L136;20260520_161644;20.05.2026;16:05:00;136;24;6776;11;U516Z3P;Jižní Město;50.08212;14.45914
20260520_161644_L207;20260520_161644;20.05.2026;16:04:00;207;12;3908;12;U512Z8P;Ohrada;50.09022;14.46735
20260520_161644_L181;20260520_161644;20.05.2026;16:04:00;181;5;6761;12;U975Z2P;Černý Most;50.06775;14.53741
20260520_161644_L188;20260520_161644;20.05.2026;16:02:00;188;11;5561;13;U459Z3P;Kavčí hory;50.0666;14.49323
20260520_161644_L121;20260520_161644;20.05.2026;16:06:00;121;6;2329;10;U893Z5P;Nádraží Braník;50.0285;14.45089
20260520_161644_L180;20260520_161644;20.05.2026;16:02:00;180;6;5120;14;U306Z1P;Dejvická;50.07527;14.34183
20260520_161644_L156;20260520_161644;20.05.2026;16:06:00;156;3;2061;10;U3036Z2P;Nádraží Holešovice;50.11068;14.44762
20260520_161644_L170;20260520_161644;20.05.2026;16:07:00;170;16;3822;10;U181Z1P;Jižní Město;50.04013;14.49012
20260520_161644_L443;20260520_161644;20.05.2026;16:04:00;443;12;8610;11;U2442Z1;Nymburk,hl.nádr.;50.16009;14.80202
20260520_161644_L497;20260520_161644;20.05.2026;16:06:00;497;22;8594;10;U2969Z1;Kostomlátky,U Kapličky;50.18653;15.03985
20260520_161644_L182;20260520_161644;20.05.2026;15:57:00;182;8;4160;16;U552Z2P;Kbelský hřbitov;50.07605;14.53793
20260520_161644_L467;20260520_161644;20.05.2026;16:02:00;467;15;8116;14;U4716Z2;Roudnice n.L.,ČSAD;50.42273;14.25338
20260520_161644_L184;20260520_161644;20.05.2026;16:05:00;184;5;5050;11;U306Z1P;Vypich;50.075;14.34106
20260520_161644_L174;20260520_161644;20.05.2026;16:06:00;174;14;3941;10;U872Z7P;Třebonice;50.07827;14.34484
20260520_161644_L191;20260520_161644;20.05.2026;16:06:00;191;1;4091;10;U1407Z2P;Klamovka;50.07929;14.38089
20260520_161644_L180;20260520_161644;20.05.2026;16:01:00;180;4;5046;14;U44Z2P;Dejvická;50.08625;14.36964
20260520_161644_L174;20260520_161644;20.05.2026;15:59:00;174;17;4193;17;U122Z1P;Řeporyjské náměstí;50.035;14.31489
20260520_161644_L369;20260520_161644;20.05.2026;16:03:00;369;21;8207;10;U651Z6;Praha,Ládví;50.12698;14.47301
20260520_161644_L121;20260520_161644;20.05.2026;16:04:00;121;1;2304;12;U71Z5P;Nádraží Braník;50.02287;14.40515
20260520_161644_L167;20260520_161644;20.05.2026;16:05:00;167;3;6936;11;U1040Z14P;Na Knížecí;50.07178;14.4026
20260520_161644_L121;20260520_161644;20.05.2026;16:02:00;121;8;2320;14;U127Z2P;Poliklinika Budějovická;50.03887;14.44075
20260520_161644_L112;20260520_161644;20.05.2026;16:06:00;112;23;5545;10;U290Z2P;Nádraží Holešovice;50.11745;14.41693
20260520_161644_L196;20260520_161644;20.05.2026;16:04:00;196;10;6922;12;U879Z1P;Kačerov;50.02672;14.42981
20260520_161644_L180;20260520_161644;20.05.2026;16:06:00;180;15;6899;10;U182Z1P;Obchodní centrum Zličín;50.08905;14.38172
20260520_161644_L124;20260520_161644;20.05.2026;16:02:00;124;14;5035;13;U263Z1P;Želivského;50.0641;14.45273
20260520_161644_L191;20260520_161644;20.05.2026;16:05:00;191;14;4174;10;U443Z2P;Klamovka;50.07238;14.38036
20260520_161644_L181;20260520_161644;20.05.2026;16:04:00;181;6;6790;12;U677Z1P;Opatov;50.05723;14.53641
20260520_161644_L125;20260520_161644;20.05.2026;16:04:00;125;15;6830;12;U1076Z2P;Skalka;50.06977;14.50865
20260520_161644_L112;20260520_161644;20.05.2026;16:03:00;112;25;6880;13;U241Z2P;Nádraží Holešovice;50.11731;14.42929
20260520_161644_L149;20260520_161644;20.05.2026;16:04:00;149;1;3934;12;U579Z3P;Dejvická;50.07614;14.37104
20260520_161644_L444;20260520_161644;20.05.2026;15:59:00;444;6;9131;15;U1564Z1;Kamenice,Těptín;49.90475;14.5871
20260520_161644_L630;20260520_161644;20.05.2026;16:06:00;630;39;8805;10;U4890Z1;Beroun,Jarov,náves;50.10582;14.10511
20260520_161644_L686;20260520_161644;20.05.2026;16:06:00;686;33;8142;10;U1881Z1;Úvaly,žel.st.;49.9916;14.65629
20260520_161644_L130;20260520_161644;20.05.2026;16:05:00;130;8;4012;11;U216Z2P;Filmové ateliéry Barrandov;50.02064;14.36024
20260520_161644_L136;20260520_161644;20.05.2026;16:04:00;136;28;6835;12;U603Z1P;Sídliště Čakovice;50.1186;14.49976
20260520_162044_L108;20260520_162044;20.05.2026;16:09:00;108;1;2082;11;U757Z4P;Dejvická;50.10067;14.38562
20260520_162044_L112;20260520_162044;20.05.2026;16:07:00;112;23;5545;13;U66Z2P;Nádraží Holešovice;50.11751;14.42589
20260520_162044_L116;20260520_162044;20.05.2026;16:10:00;116;2;2073;10;U285Z2P;Bořislavka;50.10618;14.35344
20260520_162044_L121;20260520_162044;20.05.2026;16:10:00;121;6;2329;10;U329Z1P;Nádraží Braník;50.02099;14.43828
20260520_162044_L124;20260520_162044;20.05.2026;16:08:00;124;8;5113;12;U376Z4P;Želivského;50.05503;14.45219
20260520_162044_L124;20260520_162044;20.05.2026;16:07:00;124;14;5035;14;U269Z4P;Želivského;50.06735;14.46086
20260520_162044_L130;20260520_162044;20.05.2026;16:08:00;130;8;4012;11;U501Z2P;Filmové ateliéry Barrandov;50.02791;14.377
20260520_162044_L133;20260520_162044;20.05.2026;16:10:00;133;10;3967;10;U418Z1P;Sídliště Malešice;50.08052;14.48908
20260520_162044_L136;20260520_162044;20.05.2026;16:11:00;136;58;6869;10;U680Z3P;Jižní Město;50.06891;14.46903
20260520_162044_L136;20260520_162044;20.05.2026;16:08:00;136;27;6868;12;U791Z1P;Sídliště Čakovice;50.15164;14.52187
20260520_162044_L136;20260520_162044;20.05.2026;16:08:00;136;2;6735;12;U134Z5P;Sídliště Čakovice;50.10114;14.50298
20260520_162044_L136;20260520_162044;20.05.2026;16:11:00;136;1;6968;10;U500Z1P;Sídliště Čakovice;50.12098;14.50395
20260520_162044_L136;20260520_162044;20.05.2026;16:09:00;136;28;6835;11;U1000Z12P;Sídliště Čakovice;50.12511;14.51666
20260520_162044_L136;20260520_162044;20.05.2026;16:11:00;136;29;6832;10;U512Z4P;Sídliště Čakovice;50.09152;14.46868
20260520_162044_L136;20260520_162044;20.05.2026;16:09:00;136;10;5018;11;U151Z1P;Jižní Město;50.03205;14.53445
20260520_162044_L136;20260520_162044;20.05.2026;16:09:00;136;13;5033;10;U1074Z4P;Jižní Město;50.09434;14.47389
20260520_162044_L136;20260520_162044;20.05.2026;16:11:00;136;24;6776;10;U518Z3P;Jižní Město;50.07658;14.45905
20260520_162044_L136;20260520_162044;20.05.2026;16:03:00;136;12;5022;16;U1074Z4P;Jižní Město;50.09302;14.47196
20260520_162044_L143;20260520_162044;20.05.2026;16:07:00;143;2;5056;14;U362Z10P;Stadion Strahov;50.08542;14.38313
20260520_162044_L143;20260520_162044;20.05.2026;16:09:00;143;5;6996;11;U867Z2P;Stadion Strahov;50.09156;14.38589
20260520_162044_L146;20260520_162044;20.05.2026;16:07:00;146;3;9152;12;U128Z2P;Želivského;50.08724;14.4899
20260520_162044_L146;20260520_162044;20.05.2026;16:08:00;146;4;9482;11;U266Z3P;Vinice Hrdlořezy;50.09175;14.49771
20260520_162044_L149;20260520_162044;20.05.2026;16:07:00;149;1;3934;13;U1407Z2P;Dejvická;50.07922;14.38098
20260520_162044_L154;20260520_162044;20.05.2026;16:09:00;154;3;3833;11;U1013Z1P;Sídliště Libuš;50.04034;14.56684
20260520_162044_L164;20260520_162044;20.05.2026;16:08:00;164;1;1955;12;U229Z2P;Malovanka;50.08665;14.37305
20260520_162044_L166;20260520_162044;20.05.2026;16:09:00;166;1;1941;11;U21Z2P;Domov seniorů Ďáblice;50.14271;14.50779
20260520_162044_L167;20260520_162044;20.05.2026;16:08:00;167;4;5047;10;U254Z6P;Na Knížecí;50.07089;14.38827
20260520_162044_L167;20260520_162044;20.05.2026;16:06:00;167;6;5002;13;U306Z1P;Nemocnice Na Homolce;50.0755;14.34272
20260520_162044_L170;20260520_162044;20.05.2026;16:10:00;170;16;3822;10;U960Z2P;Jižní Město;50.0388;14.50409
20260520_162044_L170;20260520_162044;20.05.2026;16:10:00;170;17;4191;10;U643Z1P;Jižní Město;50.04705;14.47661
20260520_162044_L174;20260520_162044;20.05.2026;16:07:00;174;13;4198;13;U122Z1P;Třebonice;50.03545;14.31596
20260520_162044_L174;20260520_162044;20.05.2026;16:08:00;174;14;3941;12;U306Z2P;Třebonice;50.07408;14.33909
20260520_162044_L174;20260520_162044;20.05.2026;16:07:00;174;7;4172;11;U394Z4P;Vypich;50.07319;14.33793
20260520_162044_L177;20260520_162044;20.05.2026;16:11:00;177;21;6838;10;U953Z1P;Chodov;50.06792;14.50758
20260520_162044_L180;20260520_162044;20.05.2026;16:01:00;180;4;5046;18;U44Z2P;Dejvická;50.08635;14.37062
20260520_162044_L180;20260520_162044;20.05.2026;16:10:00;180;7;6939;10;U306Z1P;Dejvická;50.07453;14.34002
20260520_162044_L180;20260520_162044;20.05.2026;16:10:00;180;15;6899;11;U44Z1P;Obchodní centrum Zličín;50.08552;14.36464
20260520_162044_L181;20260520_162044;20.05.2026;16:07:00;181;6;6790;13;U472Z4P;Opatov;50.05291;14.52773
20260520_162044_L182;20260520_162044;20.05.2026;16:10:00;182;4;3881;10;U1000Z5P;Opatov;50.12512;14.51495
20260520_162044_L183;20260520_162044;20.05.2026;16:04:00;183;1;5093;14;U552Z2P;Sídliště Ďáblice;50.07489;14.53786
20260520_162044_L183;20260520_162044;20.05.2026;16:09:00;183;6;6774;11;U654Z1P;Háje;50.04982;14.54363
20260520_162044_L184;20260520_162044;20.05.2026;16:06:00;184;5;5050;14;U444Z1P;Vypich;50.07574;14.34416
20260520_162044_L188;20260520_162044;20.05.2026;16:09:00;188;4;6950;11;U385Z1P;Kavčí hory;50.05165;14.4378
20260520_162044_L188;20260520_162044;20.05.2026;16:06:00;188;11;5561;15;U920Z1P;Kavčí hory;50.05961;14.49353
20260520_162044_L191;20260520_162044;20.05.2026;16:09:00;191;7;3804;11;U781Z2P;Klamovka;50.07986;14.36265
20260520_162044_L195;20260520_162044;20.05.2026;16:10:00;195;1;5088;10;U2781Z2P;Jesenická;50.062;14.50408
20260520_162044_L196;20260520_162044;20.05.2026;16:06:00;196;10;6922;13;U662Z1P;Kačerov;50.02301;14.43974
20260520_162044_L202;20260520_162044;20.05.2026;16:06:00;202;3;3878;13;U248Z1P;Čakovice;50.14758;14.52536
20260520_162044_L204;20260520_162044;20.05.2026;16:08:00;204;71;9011;12;U793Z2P;Sídliště Petrovice;50.07218;14.55248
20260520_162044_L204;20260520_162044;20.05.2026;16:09:00;204;70;9033;11;U30Z2P;Stavební zóna Horní Počernice;50.11401;14.61351
20260520_162044_L224;20260520_162044;20.05.2026;16:11:00;224;78;9043;10;U1051Z1P;Dolnopočernický hřbitov;50.09705;14.54386
20260520_162044_L228;20260520_162044;20.05.2026;16:09:00;228;14;9012;10;U820Z2P;Poliklinika Malešice;50.07314;14.55678
20260520_162044_L240;20260520_162044;20.05.2026;16:08:00;240;12;1759;11;U1342Z1P;Černý Most;50.07987;14.60437
20260520_162044_L300;20260520_162044;20.05.2026;16:10:00;300;7;8967;10;U2889Z1;Libušín,náměstí;50.14122;14.08329
20260520_162044_L303;20260520_162044;20.05.2026;16:08:00;303;1;8183;12;U274Z72;Křenice;50.0602;14.64097
20260520_162044_L304;20260520_162044;20.05.2026;16:08:00;304;34;8404;12;U306Z1;Praha,Vypich;50.07488;14.34085
20260520_162044_L312;20260520_162044;20.05.2026;16:06:00;312;2;4539;14;U440Z2;Praha,Bořislavka;50.10843;14.35099
20260520_162044_L313;20260520_162044;20.05.2026;16:09:00;313;81;9827;11;U1637Z1;Mořina,u Pěchotů;49.98243;14.23485
20260520_162044_L316;20260520_162044;20.05.2026;16:03:00;316;1;8980;17;U199Z3;Praha,Bořislavka;50.10482;14.35663
20260520_162044_L324;20260520_162044;20.05.2026;16:10:00;324;25;8948;10;U1915Z1;Praha,Zličín;50.18886;14.04275
20260520_162044_L324;20260520_162044;20.05.2026;16:10:00;324;29;8994;10;U4316Z5;Praha,Zličín;50.13056;14.13768
20260520_162044_L332;20260520_162044;20.05.2026;16:09:00;332;2;9192;10;U3304Z2;Neveklov;49.78398;14.52036
20260520_162044_L332;20260520_162044;20.05.2026;16:06:00;332;19;9955;14;U2107Z1;Jílové u Prahy,Náměstí;49.90434;14.49574
20260520_162044_L337;20260520_162044;20.05.2026;16:09:00;337;14;9366;11;U1536Z1;Benešov,Terminál;49.91281;14.58284
20260520_162044_L342;20260520_162044;20.05.2026;16:10:00;342;2;7682;10;U4806Z1;Slaný,žel.st.;50.19187;14.11407
20260520_162044_L365;20260520_162044;20.05.2026;16:02:00;365;12;8832;14;U1686Z2;Praha,Motol;50.08452;14.15887
20260520_162044_L369;20260520_162044;20.05.2026;16:07:00;369;44;8276;13;U1791Z1;Mělník,Mlazice;50.34031;14.4918
20260520_162044_L375;20260520_162044;20.05.2026;16:10:00;375;8;8251;10;U852Z3;Brandýs n.L.-St.Bol.,Žel.st.;50.15152;14.59066
20260520_162044_L380;20260520_162044;20.05.2026;16:10:00;380;6;9974;10;U1647Z1;Králův Dvůr,Počaply,Obchodní centrum;50.03375;14.23097
20260520_162044_L381;20260520_162044;20.05.2026;16:06:00;381;1;9372;14;U9370Z1;Čáslav,obchodní centrum;49.91443;15.39497
20260520_162044_L383;20260520_162044;20.05.2026;16:06:00;383;44;9488;13;U1886Z1;Chocerady;49.99161;14.69278
20260520_162044_L384;20260520_162044;20.05.2026;16:08:00;384;27;9918;11;U9613Z2;Hořovice,nám.B.Němcové;49.85133;13.888
20260520_162044_L385;20260520_162044;20.05.2026;16:09:00;385;10;1724;11;U1882Z1;Říčany,Olivovna;49.99484;14.68224
20260520_162044_L389;20260520_162044;20.05.2026;16:09:00;389;32;7757;10;U9233Z2;Chomutov,žel.st.;50.28031;13.95604
20260520_162044_L401;20260520_162044;20.05.2026;16:08:00;401;63;7774;10;U6442Z1;Jindřichův Hradec,aut.nádr.;49.51953;14.6552
20260520_162044_L443;20260520_162044;20.05.2026;16:08:00;443;12;8610;12;U2428Z2;Nymburk,hl.nádr.;50.16383;14.82777
20260520_162044_L444;20260520_162044;20.05.2026;15:59:00;444;6;9131;20;U1564Z1;Kamenice,Těptín;49.9032;14.58286
20260520_162044_L445;20260520_162044;20.05.2026;16:10:00;445;18;7403;10;U1904Z1;Jílové u Prahy,Náměstí;49.92809;14.42829
20260520_162044_L466;20260520_162044;20.05.2026;16:10:00;466;12;8077;10;U4246Z1;Kralupy n.Vlt.,obchodní centrum;50.27821;14.31116
20260520_162044_L466;20260520_162044;20.05.2026;16:10:00;466;30;8109;10;U4243Z2;Spomyšl;50.26252;14.3017
20260520_162044_L467;20260520_162044;20.05.2026;16:06:00;467;15;8116;14;U9876Z1;Roudnice n.L.,ČSAD;50.4255;14.23988
20260520_162044_L470;20260520_162044;20.05.2026;16:07:00;470;7;8122;12;U2228Z2;Obříství,Štěpánský most;50.2684;14.33829
20260520_162044_L474;20260520_162044;20.05.2026;16:09:00;474;43;8087;10;U9185Z1;Dobřeň,Střezivojice;50.48192;14.55708
20260520_162044_L480;20260520_162044;20.05.2026;16:07:00;480;25;7526;12;U7966Z51;Klučenice;49.61085;14.18902
20260520_162044_L487;20260520_162044;20.05.2026;16:10:00;487;66;1603;10;U2157Z2;Vlašim,žel.st.;49.88052;15.06458
20260520_162044_L489;20260520_162044;20.05.2026;16:06:00;489;32;1624;13;U2360Z2;Strančice,žel.st.;49.94957;14.69931
20260520_162044_L492;20260520_162044;20.05.2026;16:09:00;492;40;9179;10;U2020Z1;Černé Voděrady;49.95805;14.82105
20260520_162044_L497;20260520_162044;20.05.2026;16:06:00;497;22;8594;12;U2969Z1;Kostomlátky,U Kapličky;50.18824;15.03339
20260520_162044_L497;20260520_162044;20.05.2026;16:09:00;497;31;8574;10;U2970Z2;Nymburk,hl.nádr.;50.19262;15.03694
20260520_162044_L520;20260520_162044;20.05.2026;16:09:00;520;1;9604;11;U7760Z1;Hřiměždice,Vestec;49.71747;14.19005
20260520_162044_L531;20260520_162044;20.05.2026;16:09:00;531;1;9536;11;U9782Z2;Příbram,aut.nádr. (ul. Čs.armády);49.83853;13.91374
20260520_162044_L580;20260520_162044;20.05.2026;16:06:00;580;18;7695;12;U3143Z1;Rakovník,aut.st.;50.15889;13.74427
20260520_162044_L600;20260520_162044;20.05.2026;16:07:00;600;23;8817;11;U1895Z1;Vinařice;50.13282;14.05093
20260520_162044_L630;20260520_162044;20.05.2026;16:10:00;630;39;8805;10;U4893Z1;Beroun,Jarov,náves;50.08904;14.11229
20260520_162044_L631;20260520_162044;20.05.2026;16:09:00;631;46;9594;11;U9010Z1;Všeradice,žel.zast.;49.93938;14.0308
20260520_162044_L641;20260520_162044;20.05.2026;16:10:00;641;14;9573;10;U1747Z2;Beroun,autobusové nádraží;49.95573;14.05471
20260520_162044_L686;20260520_162044;20.05.2026;16:08:00;686;33;8142;12;U1870Z1;Úvaly,žel.st.;49.99265;14.66178
20260520_162044_L691;20260520_162044;20.05.2026;16:07:00;691;40;7984;10;U1794Z2;Mělník,aut.nádr.;50.35007;14.48917
20260520_162044_L692;20260520_162044;20.05.2026;16:08:00;692;2;1358;10;U9191Z1;Kokořín,Šemanovice;50.44203;14.54516
20260520_162044_L712;20260520_162044;20.05.2026;15:48:00;712;6;9590;32;U6251Z1;Bělá p.Bezd.,Bezdědice;50.48297;14.70496
20260520_162044_L733;20260520_162044;20.05.2026;16:06:00;733;44;8662;13;U3253Z1;Mnichovo Hradiště,dopravní terminál;50.51827;14.97441
20260520_162044_L765;20260520_162044;20.05.2026;16:09:00;765;35;1898;11;U7812Z1;Jesenice;49.97901;14.58464
20260520_162044_L765;20260520_162044;20.05.2026;16:08:00;765;36;8130;11;U4175Z2;Sibřina;49.97255;14.61254
20260520_162044_L796;20260520_162044;20.05.2026;16:07:00;796;6;7825;12;U1383Z1;Pyšely,Nám.;49.8561;14.70437
20260520_162446_L108;20260520_162446;20.05.2026;16:15:00;108;1;2082;10;U906Z2P;Dejvická;50.10697;14.39444
20260520_162446_L108;20260520_162446;20.05.2026;16:14:00;108;3;2074;10;U507Z2P;Divoká Šárka;50.08828;14.34513
20260520_162446_L116;20260520_162446;20.05.2026;16:12:00;116;2;2073;12;U199Z3P;Bořislavka;50.10724;14.35342
20260520_162446_L120;20260520_162446;20.05.2026;16:13:00;120;3;3677;11;U682Z2P;Nádraží Radotín;50.038;14.38882
20260520_162446_L124;20260520_162446;20.05.2026;16:12:00;124;8;5113;12;U813Z2P;Želivského;50.06498;14.45253
20260520_162446_L124;20260520_162446;20.05.2026;16:11:00;124;14;5035;14;U413Z2P;Želivského;50.07079;14.46225
20260520_162446_L126;20260520_162446;20.05.2026;16:14:00;126;8;3847;10;U3053Z2P;Nádraží Uhříněves;50.02992;14.59551
20260520_162446_L130;20260520_162446;20.05.2026;16:12:00;130;8;4012;13;U1050Z2P;Filmové ateliéry Barrandov;50.03545;14.37624
20260520_162446_L136;20260520_162446;20.05.2026;16:10:00;136;11;6798;14;U183Z3P;Jižní Město;50.05672;14.47138
20260520_162446_L136;20260520_162446;20.05.2026;16:11:00;136;2;6735;13;U474Z5P;Sídliště Čakovice;50.11032;14.50227
20260520_162446_L136;20260520_162446;20.05.2026;16:11:00;136;28;6835;13;U89Z1P;Sídliště Čakovice;50.12982;14.50922
20260520_162446_L136;20260520_162446;20.05.2026;16:09:00;136;13;5033;14;U1074Z4P;Jižní Město;50.09259;14.47096
20260520_162446_L136;20260520_162446;20.05.2026;16:13:00;136;24;6776;10;U855Z1P;Jižní Město;50.07411;14.46748
20260520_162446_L136;20260520_162446;20.05.2026;16:03:00;136;12;5022;19;U1074Z4P;Jižní Město;50.09188;14.46898
20260520_162446_L143;20260520_162446;20.05.2026;16:07:00;143;2;5056;16;U362Z10P;Stadion Strahov;50.08269;14.3895
20260520_162446_L143;20260520_162446;20.05.2026;16:10:00;143;5;6996;14;U140Z6P;Stadion Strahov;50.08953;14.38617
20260520_162446_L146;20260520_162446;20.05.2026;16:07:00;146;3;9152;16;U128Z2P;Želivského;50.08693;14.48822
20260520_162446_L149;20260520_162446;20.05.2026;16:15:00;149;7;3708;10;U254Z7P;Dejvická;50.07056;14.38021
20260520_162446_L154;20260520_162446;20.05.2026;16:13:00;154;3;3833;10;U1012Z1P;Sídliště Libuš;50.03537;14.55343
20260520_162446_L161;20260520_162446;20.05.2026;16:10:00;161;1;3943;15;U157Z6P;Přední Kopanina;50.09844;14.3636
20260520_162446_L164;20260520_162446;20.05.2026;16:08:00;164;1;1955;15;U229Z2P;Malovanka;50.08692;14.37531
20260520_162446_L166;20260520_162446;20.05.2026;16:12:00;166;1;1941;11;U2718Z2P;Domov seniorů Ďáblice;50.14152;14.51733
20260520_162446_L167;20260520_162446;20.05.2026;16:08:00;167;4;5047;13;U254Z6P;Na Knížecí;50.07159;14.39524
20260520_162446_L170;20260520_162446;20.05.2026;16:13:00;170;17;4191;11;U417Z1P;Jižní Město;50.04291;14.48781
20260520_162446_L174;20260520_162446;20.05.2026;16:13:00;174;14;3941;12;U966Z2P;Třebonice;50.05864;14.33912
20260520_162446_L174;20260520_162446;20.05.2026;16:10:00;174;7;4172;15;U444Z1P;Vypich;50.07589;14.34529
20260520_162446_L180;20260520_162446;20.05.2026;16:14:00;180;5;5055;10;U321Z13P;Obchodní centrum Zličín;50.10238;14.39352
20260520_162446_L180;20260520_162446;20.05.2026;16:11:00;180;7;6939;13;U444Z1P;Dejvická;50.07584;14.34536
20260520_162446_L180;20260520_162446;20.05.2026;16:13:00;180;15;6899;11;U872Z2P;Obchodní centrum Zličín;50.07969;14.34666
20260520_162446_L181;20260520_162446;20.05.2026;16:10:00;181;6;6790;15;U160Z1P;Opatov;50.05047;14.52582
20260520_162446_L181;20260520_162446;20.05.2026;16:14:00;181;8;5061;10;U708Z1P;Opatov;50.0728;14.5374
20260520_162446_L182;20260520_162446;20.05.2026;16:14:00;182;4;3881;10;U603Z2P;Opatov;50.11874;14.49949
20260520_162446_L182;20260520_162446;20.05.2026;16:12:00;182;9;3966;12;U552Z2P;Kbelský hřbitov;50.07107;14.53751
20260520_162446_L183;20260520_162446;20.05.2026;16:04:00;183;1;5093;18;U552Z2P;Sídliště Ďáblice;50.07615;14.53796
20260520_162446_L183;20260520_162446;20.05.2026;16:12:00;183;6;6774;12;U154Z2P;Háje;50.04826;14.55696
20260520_162446_L184;20260520_162446;20.05.2026;16:12:00;184;7;5121;12;U306Z1P;Vypich;50.0755;14.34272
20260520_162446_L188;20260520_162446;20.05.2026;16:10:00;188;11;5561;15;U576Z1P;Kavčí hory;50.05549;14.485
20260520_162446_L191;20260520_162446;20.05.2026;16:14:00;191;7;3804;10;U699Z2P;Klamovka;50.07809;14.3878
20260520_162446_L194;20260520_162446;20.05.2026;16:13:00;194;5;1911;11;U703Z5P;Nemocnice pod Petřínem;50.08877;14.4164
20260520_162446_L196;20260520_162446;20.05.2026;16:11:00;196;10;6922;13;U893Z2P;Kačerov;50.02838;14.45262
20260520_162446_L203;20260520_162446;20.05.2026;16:14:00;203;4;1915;10;U909Z1P;Háje;50.0146;14.47182
20260520_162446_L204;20260520_162446;20.05.2026;16:11:00;204;71;9011;13;U1014Z2P;Sídliště Petrovice;50.07206;14.54246
20260520_162446_L204;20260520_162446;20.05.2026;16:12:00;204;70;9033;11;U862Z1P;Stavební zóna Horní Počernice;50.11755;14.6256
20260520_162446_L209;20260520_162446;20.05.2026;16:14:00;209;42;9119;10;U36Z1P;Nádraží Uhříněves;50.07758;14.65294
20260520_162446_L224;20260520_162446;20.05.2026;16:13:00;224;78;9043;11;U207Z3P;Dolnopočernický hřbitov;50.09013;14.54713
20260520_162446_L228;20260520_162446;20.05.2026;16:10:00;228;14;9012;14;U793Z2P;Poliklinika Malešice;50.07228;14.55278
20260520_162446_L234;20260520_162446;20.05.2026;16:13:00;234;4;3978;10;U241Z2P;Nádraží Holešovice;50.11732;14.43089
20260520_162446_L240;20260520_162446;20.05.2026;16:11:00;240;12;1759;13;U448Z2P;Černý Most;50.08138;14.59697
20260520_162446_L861;20260520_162446;20.05.2026;16:13:00;861;87;9063;10;U6945Z2;Beroun,Karla Čapka;49.95754;14.04591
20260520_162446_L300;20260520_162446;20.05.2026;16:12:00;300;7;8967;12;U3095Z1;Libušín,náměstí;50.14085;14.06922
20260520_162446_L303;20260520_162446;20.05.2026;16:11:00;303;1;8183;12;U1252Z1;Křenice;50.04935;14.65384
20260520_162446_L304;20260520_162446;20.05.2026;16:10:00;304;34;8404;13;U444Z1;Praha,Vypich;50.07765;14.34822
20260520_162446_L307;20260520_162446;20.05.2026;16:15:00;307;14;8976;10;U1647Z1;Kladno,autobusové nádraží;50.03435;14.23264
20260520_162446_L311;20260520_162446;20.05.2026;16:11:00;311;78;9578;12;U2280Z1;Praha,Zličín;49.91789;14.24438
20260520_162446_L312;20260520_162446;20.05.2026;16:06:00;312;2;4539;17;U440Z2;Praha,Bořislavka;50.10829;14.35331
20260520_162446_L316;20260520_162446;20.05.2026;16:13:00;316;6;8968;10;U199Z3;Praha,Bořislavka;50.10318;14.35846
20260520_162446_L324;20260520_162446;20.05.2026;16:12:00;324;25;8948;11;U9104Z2;Praha,Zličín;50.17135;14.01116
20260520_162446_L324;20260520_162446;20.05.2026;16:11:00;324;29;8994;10;U4315Z2;Praha,Zličín;50.14678;14.15727
20260520_162446_L337;20260520_162446;20.05.2026;16:13:00;337;14;9366;11;U1564Z1;Benešov,Terminál;49.90369;14.58762
20260520_162446_L342;20260520_162446;20.05.2026;16:12:00;342;2;7682;10;U4771Z1;Slaný,žel.st.;50.20633;14.12155
20260520_162446_L347;20260520_162446;20.05.2026;16:14:00;347;19;1440;10;U1180Z1;Chýně,Nádraží;50.05898;14.21366
20260520_162446_L348;20260520_162446;20.05.2026;16:11:00;348;12;8274;10;U651Z6;Praha,Ládví;50.12702;14.47316
20260520_162446_L360;20260520_162446;20.05.2026;16:13:00;360;6;7215;11;U2556Z1;Sedlčany,aut.st.;49.75072;14.34005
20260520_162446_L365;20260520_162446;20.05.2026;16:10:00;365;12;8832;13;U2117Z2;Praha,Motol;50.08852;14.20498
20260520_162446_L369;20260520_162446;20.05.2026;16:11:00;369;44;8276;13;U3336Z1;Mělník,Mlazice;50.35058;14.47882
20260520_162446_L375;20260520_162446;20.05.2026;16:14:00;375;8;8251;10;U2190Z1;Brandýs n.L.-St.Bol.,Žel.st.;50.1608;14.61431
20260520_162446_L380;20260520_162446;20.05.2026;16:14:00;380;6;9974;10;U1649Z1;Králův Dvůr,Počaply,Obchodní centrum;50.02695;14.21239
20260520_162446_L380;20260520_162446;20.05.2026;16:13:00;380;2;9982;10;U394Z4;Praha,Vypich;50.07217;14.33689
20260520_162446_L381;20260520_162446;20.05.2026;16:10:00;381;1;9372;14;U5897Z1;Čáslav,obchodní centrum;49.90675;15.39683
20260520_162446_L381;20260520_162446;20.05.2026;16:11:00;381;20;9948;13;U336Z1;Čáslav,obchodní centrum;50.03042;14.60599
20260520_162446_L383;20260520_162446;20.05.2026;16:06:00;383;44;9488;16;U1886Z1;Chocerady;49.98833;14.71043
20260520_162446_L384;20260520_162446;20.05.2026;16:12:00;384;27;9918;11;U9615Z2;Hořovice,nám.B.Němcové;49.84265;13.89355
20260520_162446_L389;20260520_162446;20.05.2026;16:12:00;389;12;7761;11;U32406Z12;Chomutov,žel.st.;50.45663;13.40022
20260520_162446_L398;20260520_162446;20.05.2026;16:13:00;398;27;1679;10;U1278Z2;Praha,Černý Most;50.14101;14.78264
20260520_162446_L401;20260520_162446;20.05.2026;16:12:00;401;63;7774;12;U31269Z1;Jindřichův Hradec,aut.nádr.;49.5065;14.65762
20260520_162446_L433;20260520_162446;20.05.2026;16:12:00;433;14;8602;10;U2970Z51;Pečky,žel.st.;50.18581;15.04109
20260520_162446_L435;20260520_162446;20.05.2026;16:12:00;435;8;8625;10;U1886Z1;Klučov,Skramníky;49.98789;14.70588
20260520_162446_L443;20260520_162446;20.05.2026;16:12:00;443;12;8610;12;U1453Z1;Nymburk,hl.nádr.;50.16513;14.86175
20260520_162446_L445;20260520_162446;20.05.2026;16:13:00;445;18;7403;10;U1520Z1;Jílové u Prahy,Náměstí;49.91754;14.45701
20260520_162446_L466;20260520_162446;20.05.2026;16:13:00;466;12;8077;10;U4244Z1;Kralupy n.Vlt.,obchodní centrum;50.26305;14.30215
20260520_162446_L466;20260520_162446;20.05.2026;16:12:00;466;30;8109;11;U4244Z2;Spomyšl;50.27339;14.30768
20260520_162446_L470;20260520_162446;20.05.2026;16:12:00;470;7;8122;12;U1766Z1;Obříství,Štěpánský most;50.28613;14.34467
20260520_162446_L480;20260520_162446;20.05.2026;16:07:00;480;25;7526;16;U7966Z51;Klučenice;49.61089;14.1889
20260520_162446_L487;20260520_162446;20.05.2026;16:10:00;487;66;1603;11;U2157Z2;Vlašim,žel.st.;49.87007;15.05728
20260520_162446_L492;20260520_162446;20.05.2026;16:09:00;492;40;9179;14;U2020Z1;Černé Voděrady;49.95805;14.82106
20260520_162446_L497;20260520_162446;20.05.2026;16:11:00;497;22;8594;13;U3083Z2;Kostomlátky,U Kapličky;50.18309;15.02883
20260520_162446_L520;20260520_162446;20.05.2026;16:11:00;520;1;9604;12;U7757Z1;Hřiměždice,Vestec;49.70388;14.20824
20260520_162446_L531;20260520_162446;20.05.2026;16:10:00;531;1;9536;14;U5989Z2;Příbram,aut.nádr. (ul. Čs.armády);49.83952;13.92218
20260520_162446_L580;20260520_162446;20.05.2026;16:13:00;580;18;7695;11;U4940Z1;Rakovník,aut.st.;50.1344;13.73083
20260520_162446_L587;20260520_162446;20.05.2026;16:10:00;587;28;7681;13;U4606Z52;Slaný,aut.nádr.;50.2334;14.04849
20260520_162446_L631;20260520_162446;20.05.2026;16:11:00;631;46;9594;13;U9013Z2;Všeradice,žel.zast.;49.93773;14.04109
20260520_162446_L641;20260520_162446;20.05.2026;16:11:00;641;14;9573;12;U4971Z2;Beroun,autobusové nádraží;49.96351;14.06215
20260520_162446_L662;20260520_162446;20.05.2026;16:12:00;662;18;8618;10;U1278Z3;Kouřim;50.14157;14.79409
20260520_162446_L686;20260520_162446;20.05.2026;16:12:00;686;33;8142;12;U2142Z1;Úvaly,žel.st.;49.99709;14.66039
20260520_162446_L691;20260520_162446;20.05.2026;16:07:00;691;40;7984;14;U1794Z2;Mělník,aut.nádr.;50.35007;14.48917
20260520_162446_L712;20260520_162446;20.05.2026;15:48:00;712;6;9590;36;U6251Z1;Bělá p.Bezd.,Bezdědice;50.48297;14.70496
20260520_162446_L733;20260520_162446;20.05.2026;16:06:00;733;44;8662;17;U3253Z1;Mnichovo Hradiště,dopravní terminál;50.51829;14.97442
20260520_162446_L760;20260520_162446;20.05.2026;16:14:00;760;67;8381;10;U31471Z1;Podbořany,aut.nádr.;50.18066;13.50459
20260520_162446_L765;20260520_162446;20.05.2026;16:11:00;765;35;1898;12;U4250Z1;Jesenice;49.97528;14.57035
20260520_162446_L765;20260520_162446;20.05.2026;16:11:00;765;36;8130;13;U1876Z1;Sibřina;49.9673;14.62085
20260520_162846_L108;20260520_162846;20.05.2026;16:15:00;108;3;2074;12;U541Z6P;Divoká Šárka;50.08579;14.3388
20260520_162846_L112;20260520_162846;20.05.2026;16:18:00;112;24;6754;10;U241Z2P;Nádraží Holešovice;50.11731;14.42872
20260520_162846_L116;20260520_162846;20.05.2026;16:12:00;116;2;2073;15;U199Z3P;Bořislavka;50.10449;14.35652
20260520_162846_L120;20260520_162846;20.05.2026;16:16:00;120;3;3677;12;U1050Z1P;Nádraží Radotín;50.03532;14.37732
20260520_162846_L121;20260520_162846;20.05.2026;16:17:00;121;8;2320;12;U127Z1P;Nádraží Braník;50.03856;14.44123
20260520_162846_L124;20260520_162846;20.05.2026;16:15:00;124;8;5113;12;U269Z4P;Želivského;50.06864;14.46662
20260520_162846_L126;20260520_162846;20.05.2026;16:16:00;126;8;3847;12;U336Z2P;Nádraží Uhříněves;50.03225;14.5979
20260520_162846_L133;20260520_162846;20.05.2026;16:17:00;133;2;3964;12;U161Z1P;Sídliště Malešice;50.08128;14.49599
20260520_162846_L133;20260520_162846;20.05.2026;16:16:00;133;7;3953;12;U16Z2P;Florenc;50.08746;14.46945
20260520_162846_L136;20260520_162846;20.05.2026;16:16:00;136;2;6735;12;U603Z1P;Sídliště Čakovice;50.11915;14.50057
20260520_162846_L136;20260520_162846;20.05.2026;16:14:00;136;54;6885;11;U69Z1P;Sídliště Čakovice;50.09024;14.46749
20260520_162846_L136;20260520_162846;20.05.2026;16:14:00;136;28;6835;14;U125Z1P;Sídliště Čakovice;50.1396;14.50492
20260520_162846_L136;20260520_162846;20.05.2026;16:09:00;136;13;5033;17;U1074Z4P;Jižní Město;50.09143;14.4685
20260520_162846_L136;20260520_162846;20.05.2026;16:15:00;136;14;5079;12;U1074Z4P;Jižní Město;50.09283;14.47155
20260520_162846_L136;20260520_162846;20.05.2026;16:18:00;136;24;6776;10;U680Z3P;Jižní Město;50.06838;14.46914
20260520_162846_L138;20260520_162846;20.05.2026;16:18:00;138;1;2317;10;U257Z1P;Ústavy Akademie věd;50.02756;14.45757
20260520_162846_L143;20260520_162846;20.05.2026;16:17:00;143;4;6864;10;U867Z2P;Stadion Strahov;50.09229;14.38675
20260520_162846_L146;20260520_162846;20.05.2026;16:16:00;146;5;9154;11;U834Z2P;Želivského;50.08698;14.48551
20260520_162846_L154;20260520_162846;20.05.2026;16:18:00;154;3;3833;11;U151Z2P;Sídliště Libuš;50.03166;14.53358
20260520_162846_L161;20260520_162846;20.05.2026;16:10:00;161;1;3943;16;U157Z6P;Přední Kopanina;50.10611;14.35341
20260520_162846_L161;20260520_162846;20.05.2026;16:16:00;161;10;4541;11;U440Z2P;Bořislavka;50.10845;14.35157
20260520_162846_L163;20260520_162846;20.05.2026;16:17:00;163;54;9400;10;U741Z3P;Sídliště Rohožník;50.07081;14.54516
20260520_162846_L163;20260520_162846;20.05.2026;16:17:00;163;52;9123;10;U448Z1P;Sídliště Rohožník;50.08056;14.60525
20260520_162846_L163;20260520_162846;20.05.2026;16:17:00;163;58;9473;11;U793Z2P;Depo Hostivař;50.07229;14.55285
20260520_162846_L166;20260520_162846;20.05.2026;16:15:00;166;1;1941;13;U325Z2P;Domov seniorů Ďáblice;50.1347;14.51389
20260520_162846_L167;20260520_162846;20.05.2026;16:18:00;167;6;5002;10;U306Z2P;Na Knížecí;50.07409;14.33908
20260520_162846_L167;20260520_162846;20.05.2026;16:15:00;167;51;6912;11;U254Z6P;Na Knížecí;50.07094;14.38957
20260520_162846_L170;20260520_162846;20.05.2026;16:17:00;170;17;4191;11;U23Z2P;Jižní Město;50.03792;14.50016
20260520_162846_L171;20260520_162846;20.05.2026;16:17:00;171;11;1488;10;U707Z1P;Ve Žlíbku;50.08339;14.53828
20260520_162846_L171;20260520_162846;20.05.2026;16:18:00;171;12;8136;10;U408Z1P;Ve Žlíbku;50.11462;14.62594
20260520_162846_L174;20260520_162846;20.05.2026;16:16:00;174;14;3941;13;U709Z1P;Třebonice;50.05346;14.32942
20260520_162846_L174;20260520_162846;20.05.2026;16:16:00;174;15;3996;10;U444Z1P;Vypich;50.0779;14.34657
20260520_162846_L180;20260520_162846;20.05.2026;16:14:00;180;5;5055;14;U321Z13P;Obchodní centrum Zličín;50.10263;14.39497
20260520_162846_L180;20260520_162846;20.05.2026;16:16:00;180;7;6939;12;U44Z2P;Dejvická;50.08515;14.36392
20260520_162846_L180;20260520_162846;20.05.2026;16:18:00;180;15;6899;11;U306Z2P;Obchodní centrum Zličín;50.07457;14.33989
20260520_162846_L182;20260520_162846;20.05.2026;16:19:00;182;2;3814;10;U641Z4P;Opatov;50.0456;14.52545
20260520_162846_L182;20260520_162846;20.05.2026;16:12:00;182;9;3966;14;U552Z2P;Kbelský hřbitov;50.07375;14.53775
20260520_162846_L183;20260520_162846;20.05.2026;16:16:00;183;6;6774;13;U1013Z1P;Háje;50.04109;14.56707
20260520_162846_L183;20260520_162846;20.05.2026;16:18:00;183;14;6820;10;U975Z2P;Sídliště Ďáblice;50.0676;14.53742
20260520_162846_L184;20260520_162846;20.05.2026;16:18:00;184;5;5050;10;U444Z2P;Velká Ohrada;50.07585;14.34427
20260520_162846_L188;20260520_162846;20.05.2026;16:14:00;188;11;5561;15;U183Z1P;Kavčí hory;50.0569;14.46806
20260520_162846_L194;20260520_162846;20.05.2026;16:15:00;194;5;1911;12;U360Z10P;Nemocnice pod Petřínem;50.09111;14.40865
20260520_162846_L196;20260520_162846;20.05.2026;16:14:00;196;10;6922;13;U377Z2P;Kačerov;50.03808;14.45793
20260520_162846_L203;20260520_162846;20.05.2026;16:17:00;203;4;1915;11;U611Z1P;Háje;50.01332;14.48427
20260520_162846_L204;20260520_162846;20.05.2026;16:11:00;204;71;9011;14;U1014Z2P;Sídliště Petrovice;50.06982;14.54347
20260520_162846_L204;20260520_162846;20.05.2026;16:17:00;204;70;9033;10;U1351Z2P;Stavební zóna Horní Počernice;50.12179;14.60568
20260520_162846_L207;20260520_162846;20.05.2026;16:18:00;207;20;3865;10;U87Z2P;Staroměstská;50.09054;14.42772
20260520_162846_L207;20260520_162846;20.05.2026;16:19:00;207;22;3959;10;U689Z3P;Staroměstská;50.09143;14.43978
20260520_162846_L208;20260520_162846;20.05.2026;16:17:00;208;55;9483;11;U4887Z2P;Vinice Dolní Počernice;50.08683;14.54896
20260520_162846_L224;20260520_162846;20.05.2026;16:18:00;224;78;9043;10;U158Z1P;Dolnopočernický hřbitov;50.09007;14.56485
20260520_162846_L234;20260520_162846;20.05.2026;16:16:00;234;4;3978;12;U7406Z3P;Nádraží Holešovice;50.11565;14.43464
20260520_162846_L300;20260520_162846;20.05.2026;16:16:00;300;7;8967;12;U4791Z1;Libušín,náměstí;50.15831;14.05334
20260520_162846_L301;20260520_162846;20.05.2026;16:18:00;301;1;4121;11;U1086Z1;Praha,Luka;50.02173;14.29697
20260520_162846_L303;20260520_162846;20.05.2026;16:14:00;303;1;8183;14;U1253Z2;Křenice;50.05629;14.66984
20260520_162846_L311;20260520_162846;20.05.2026;16:15:00;311;78;9578;12;U9217Z1;Praha,Zličín;49.92536;14.26492
20260520_162846_L313;20260520_162846;20.05.2026;16:14:00;313;81;9827;12;U1658Z21;Mořina,u Pěchotů;49.98222;14.19125
20260520_162846_L324;20260520_162846;20.05.2026;16:16:00;324;23;8958;11;U4310Z1;Slaný,Rabasova;50.14054;14.09954
20260520_162846_L324;20260520_162846;20.05.2026;16:15:00;324;25;8948;11;U4932Z2;Praha,Zličín;50.16233;14.02688
20260520_162846_L324;20260520_162846;20.05.2026;16:17:00;324;29;8994;11;U4303Z51;Praha,Zličín;50.15307;14.18814
20260520_162846_L335;20260520_162846;20.05.2026;16:15:00;335;30;9173;13;U1560Z12;Kamenice,Kult.dům;49.91599;14.60132
20260520_162846_L337;20260520_162846;20.05.2026;16:18:00;337;14;9366;10;U1541Z1;Benešov,Terminál;49.89379;14.61521
20260520_162846_L352;20260520_162846;20.05.2026;16:15:00;352;8;4169;13;U122Z1;Jinočany,náměstí;50.03392;14.31262
20260520_162846_L356;20260520_162846;20.05.2026;16:18:00;356;31;8824;10;U199Z3;Praha,Bořislavka;50.10739;14.35353
20260520_162846_L360;20260520_162846;20.05.2026;16:18:00;360;6;7215;10;U4746Z1;Sedlčany,aut.st.;49.73233;14.32526
20260520_162846_L365;20260520_162846;20.05.2026;16:16:00;365;12;8832;12;U1145Z4;Praha,Motol;50.08269;14.23966
20260520_162846_L369;20260520_162846;20.05.2026;16:11:00;369;44;8276;14;U3336Z1;Mělník,Mlazice;50.34942;14.48847
20260520_162846_L369;20260520_162846;20.05.2026;16:14:00;369;41;8232;14;U3324Z3;Štětí,záv.;50.45569;14.37051
20260520_162846_L375;20260520_162846;20.05.2026;16:18:00;375;8;8251;10;U2365Z1;Brandýs n.L.-St.Bol.,Žel.st.;50.17463;14.64942
20260520_162846_L380;20260520_162846;20.05.2026;16:17:00;380;6;9974;10;U2169Z1;Králův Dvůr,Počaply,Obchodní centrum;50.01855;14.20189
20260520_162846_L380;20260520_162846;20.05.2026;16:17:00;380;2;9982;10;U444Z1;Praha,Vypich;50.07785;14.34717
20260520_162846_L384;20260520_162846;20.05.2026;16:17:00;384;27;9918;11;U9617Z2;Hořovice,nám.B.Němcové;49.83629;13.90324
20260520_162846_L389;20260520_162846;20.05.2026;16:12:00;389;12;7761;15;U32406Z12;Chomutov,žel.st.;50.45664;13.40024
20260520_162846_L398;20260520_162846;20.05.2026;16:18:00;398;27;1679;10;U1559Z2;Praha,Černý Most;50.13229;14.73716
20260520_162846_L401;20260520_162846;20.05.2026;16:17:00;401;63;7774;10;U31273Z1;Jindřichův Hradec,aut.nádr.;49.46333;14.66002
20260520_162846_L433;20260520_162846;20.05.2026;16:17:00;433;14;8602;11;U3074Z2;Pečky,žel.st.;50.17884;15.04323
20260520_162846_L443;20260520_162846;20.05.2026;16:16:00;443;12;8610;12;U2282Z1;Nymburk,hl.nádr.;50.16278;14.87906
20260520_162846_L445;20260520_162846;20.05.2026;16:16:00;445;18;7403;11;U1521Z1;Jílové u Prahy,Náměstí;49.90482;14.4642
20260520_162846_L466;20260520_162846;20.05.2026;16:15:00;466;30;8109;10;U4246Z2;Spomyšl;50.27479;14.31879
20260520_162846_L470;20260520_162846;20.05.2026;16:16:00;470;7;8122;12;U1776Z2;Obříství,Štěpánský most;50.28475;14.36749
20260520_162846_L480;20260520_162846;20.05.2026;16:07:00;480;25;7526;19;U7966Z51;Klučenice;49.60623;14.18553
20260520_162846_L492;20260520_162846;20.05.2026;16:14:00;492;40;9179;14;U2079Z1;Černé Voděrady;49.94336;14.80668
20260520_162846_L497;20260520_162846;20.05.2026;16:15:00;497;22;8594;13;U3149Z2;Kostomlátky,U Kapličky;50.17364;15.00496
20260520_162846_L520;20260520_162846;20.05.2026;16:16:00;520;1;9604;12;U7756Z1;Hřiměždice,Vestec;49.70217;14.24275
20260520_162846_L548;20260520_162846;20.05.2026;16:18:00;548;12;9511;10;U9616Z1;Zbiroh,nám.;49.8381;13.89714
20260520_162846_L590;20260520_162846;20.05.2026;16:18:00;590;30;7749;10;U9202Z4;Vraný;50.2887;14.09083
20260520_162846_L630;20260520_162846;20.05.2026;16:18:00;630;39;8805;10;U4896Z2;Beroun,Jarov,náves;50.08496;14.12127
20260520_162846_L641;20260520_162846;20.05.2026;16:16:00;641;14;9573;12;U1746Z1;Beroun,autobusové nádraží;49.9605;14.06515
20260520_162846_L646;20260520_162846;20.05.2026;16:18:00;646;24;8084;10;U2286Z1;Kralupy n.Vlt.,žel.st.;50.24135;14.31147
20260520_162846_L686;20260520_162846;20.05.2026;16:15:00;686;33;8142;12;U1891Z2;Úvaly,žel.st.;50.00509;14.66738
20260520_162846_L691;20260520_162846;20.05.2026;16:07:00;691;40;7984;18;U1794Z2;Mělník,aut.nádr.;50.35007;14.48917
20260520_162846_L706;20260520_162846;20.05.2026;16:18:00;706;62;1605;10;U2153Z2;Uhlířské Janovice,nám.;49.95205;15.03585
20260520_162846_L712;20260520_162846;20.05.2026;15:48:00;712;6;9590;40;U6251Z1;Bělá p.Bezd.,Bezdědice;50.48297;14.70496
20260520_162846_L733;20260520_162846;20.05.2026;16:06:00;733;44;8662;21;U3253Z1;Mnichovo Hradiště,dopravní terminál;50.5183;14.97443
20260520_162846_L740;20260520_162846;20.05.2026;16:18:00;740;20;7627;10;U6973Z2;Golčův Jeníkov,nám.TGM;49.90369;15.40071
20260520_162846_L754;20260520_162846;20.05.2026;16:17:00;754;15;7204;11;U4763Z2;Benešov,Terminál;49.66862;14.42284
20260520_162846_L760;20260520_162846;20.05.2026;16:18:00;760;67;8381;10;U31503Z1;Podbořany,aut.nádr.;50.17985;13.4773
20260520_162846_L765;20260520_162846;20.05.2026;16:14:00;765;35;1898;11;U1896Z1;Jesenice;49.95235;14.56543
20260520_162846_L765;20260520_162846;20.05.2026;16:14:00;765;36;8130;12;U1877Z1;Sibřina;49.97509;14.64066
20260520_163247_L184;20260520_163247;20.05.2026;16:21:00;184;5;5050;11;U394Z3P;Velká Ohrada;50.06843;14.33532
20260520_163247_L161;20260520_163247;20.05.2026;16:16:00;161;10;4541;14;U440Z2P;Bořislavka;50.10833;14.35317
20260520_163247_L188;20260520_163247;20.05.2026;16:19:00;188;11;5561;14;U263Z4P;Kavčí hory;50.05985;14.44986
20260520_163247_L435;20260520_163247;20.05.2026;16:22:00;435;8;8625;10;U1818Z1;Klučov,Skramníky;50.00945;14.72666
20260520_163247_L207;20260520_163247;20.05.2026;16:21:00;207;20;3865;11;U620Z2P;Staroměstská;50.09234;14.41811
20260520_163247_L691;20260520_163247;20.05.2026;16:07:00;691;40;7984;22;U1794Z2;Mělník,aut.nádr.;50.35007;14.48917
20260520_163247_L183;20260520_163247;20.05.2026;16:19:00;183;6;6774;13;U338Z2P;Háje;50.03331;14.55972
20260520_163247_L207;20260520_163247;20.05.2026;16:21:00;207;22;3959;10;U32Z1P;Staroměstská;50.08958;14.43253
20260520_163247_L136;20260520_163247;20.05.2026;16:21:00;136;2;6735;11;U1000Z12P;Sídliště Čakovice;50.12512;14.51659
20260520_163247_L171;20260520_163247;20.05.2026;16:19:00;171;11;1488;13;U538Z1P;Ve Žlíbku;50.08567;14.53796
20260520_163247_L182;20260520_163247;20.05.2026;16:12:00;182;9;3966;18;U552Z2P;Kbelský hřbitov;50.07427;14.53777
20260520_163247_L121;20260520_163247;20.05.2026;16:20:00;121;8;2320;12;U935Z1P;Nádraží Braník;50.03119;14.44791
20260520_163247_L466;20260520_163247;20.05.2026;16:19:00;466;30;8109;12;U2346Z2;Spomyšl;50.27436;14.31899
20260520_163247_L180;20260520_163247;20.05.2026;16:21:00;180;15;6899;11;U395Z4P;Obchodní centrum Zličín;50.06574;14.32505
20260520_163247_L154;20260520_163247;20.05.2026;16:21:00;154;3;3833;11;U386Z2P;Sídliště Libuš;50.03211;14.52309
20260520_163247_L174;20260520_163247;20.05.2026;16:20:00;174;14;3941;12;U711Z1P;Třebonice;50.04827;14.31779
20260520_163247_L301;20260520_163247;20.05.2026;16:21:00;301;1;4121;11;U1085Z2;Praha,Luka;50.03177;14.30964
20260520_163247_L398;20260520_163247;20.05.2026;16:21:00;398;27;1679;11;U2921Z2;Praha,Černý Most;50.12899;14.71672
20260520_163247_L136;20260520_163247;20.05.2026;16:21:00;136;51;6877;10;U1074Z4P;Jižní Město;50.09379;14.47331
20260520_163247_L183;20260520_163247;20.05.2026;16:19:00;183;14;6820;13;U552Z2P;Sídliště Ďáblice;50.07055;14.53748
20260520_163247_L136;20260520_163247;20.05.2026;16:19:00;136;54;6885;13;U1074Z3P;Sídliště Čakovice;50.0959;14.47684
20260520_163247_L387;20260520_163247;20.05.2026;16:21:00;387;16;9951;11;U336Z1;Uhlířské Janovice,nám.;50.03045;14.60031
20260520_163247_L520;20260520_163247;20.05.2026;16:19:00;520;1;9604;12;U7506Z2;Hřiměždice,Vestec;49.68801;14.27184
20260520_163247_L136;20260520_163247;20.05.2026;16:23:00;136;29;6832;10;U474Z5P;Sídliště Čakovice;50.11028;14.50225
20260520_163247_L108;20260520_163247;20.05.2026;16:20:00;108;3;2074;12;U630Z2P;Divoká Šárka;50.08597;14.32521
20260520_163247_L167;20260520_163247;20.05.2026;16:15:00;167;51;6912;13;U254Z6P;Na Knížecí;50.07154;14.39356
20260520_163247_L747;20260520_163247;20.05.2026;16:18:00;747;44;8016;13;U3326Z1;Hostín;50.34063;14.51162
20260520_163247_L182;20260520_163247;20.05.2026;16:21:00;182;2;3814;10;U219Z1P;Opatov;50.04271;14.51443
20260520_163247_L133;20260520_163247;20.05.2026;16:23:00;133;4;4110;10;U161Z1P;Sídliště Malešice;50.08141;14.49708
20260520_163247_L133;20260520_163247;20.05.2026;16:19:00;133;7;3953;13;U512Z5P;Florenc;50.09028;14.46661
20260520_163247_L120;20260520_163247;20.05.2026;16:20:00;120;3;3677;12;U501Z1P;Nádraží Radotín;50.02694;14.37415
20260520_163247_L181;20260520_163247;20.05.2026;16:19:00;181;2;5104;13;U975Z2P;Černý Most;50.06775;14.53739
20260520_163247_L389;20260520_163247;20.05.2026;16:12:00;389;12;7761;19;U32406Z12;Chomutov,žel.st.;50.45665;13.40025
20260520_163247_L136;20260520_163247;20.05.2026;16:15:00;136;14;5079;15;U1074Z4P;Jižní Město;50.09136;14.46848
20260520_163247_L124;20260520_163247;20.05.2026;16:19:00;124;8;5113;13;U413Z2P;Želivského;50.071;14.46353
20260520_163247_L136;20260520_163247;20.05.2026;16:18:00;136;28;6835;15;U368Z1P;Sídliště Čakovice;50.14959;14.50671
20260520_163247_L170;20260520_163247;20.05.2026;16:20:00;170;17;4191;12;U99Z1P;Jižní Město;50.03728;14.50888
20260520_163247_L590;20260520_163247;20.05.2026;16:21:00;590;30;7749;10;U9211Z2;Vraný;50.30776;14.0573
20260520_163247_L112;20260520_163247;20.05.2026;16:19:00;112;24;6754;14;U765Z1P;Nádraží Holešovice;50.11702;14.43303
20260520_163247_L224;20260520_163247;20.05.2026;16:21:00;224;78;9043;11;U97Z1P;Dolnopočernický hřbitov;50.08538;14.57716
20260520_163247_L303;20260520_163247;20.05.2026;16:19:00;303;1;8183;13;U3250Z2;Křenice;50.04058;14.66723
20260520_163247_L311;20260520_163247;20.05.2026;16:15:00;311;78;9578;15;U9217Z1;Praha,Zličín;49.92684;14.26947
20260520_163247_L375;20260520_163247;20.05.2026;16:19:00;375;8;8251;10;U1824Z1;Brandýs n.L.-St.Bol.,Žel.st.;50.18398;14.6583
20260520_163247_L760;20260520_163247;20.05.2026;16:22:00;760;67;8381;10;U31473Z1;Podbořany,aut.nádr.;50.19628;13.45847
20260520_163247_L208;20260520_163247;20.05.2026;16:21:00;208;55;9483;11;U349Z1P;Vinice Dolní Počernice;50.08747;14.56552
20260520_163247_L163;20260520_163247;20.05.2026;16:22:00;163;54;9400;10;U794Z1P;Sídliště Rohožník;50.072;14.55134
20260520_163247_L166;20260520_163247;20.05.2026;16:19:00;166;1;1941;13;U1395Z1P;Domov seniorů Ďáblice;50.13606;14.50982
20260520_163247_L194;20260520_163247;20.05.2026;16:18:00;194;5;1911;14;U361Z6P;Nemocnice pod Petřínem;50.08771;14.40415
20260520_163247_L240;20260520_163247;20.05.2026;16:20:00;240;12;1759;12;U897Z11P;Černý Most;50.1095;14.57683
20260520_163247_L163;20260520_163247;20.05.2026;16:18:00;163;58;9473;13;U794Z2P;Depo Hostivař;50.07245;14.54387
20260520_163247_L203;20260520_163247;20.05.2026;16:19:00;203;4;1915;11;U2794Z1P;Háje;50.00805;14.50217
20260520_163247_L163;20260520_163247;20.05.2026;16:21:00;163;52;9123;10;U432Z1P;Sídliště Rohožník;50.07949;14.64018
20260520_163247_L300;20260520_163247;20.05.2026;16:20:00;300;7;8967;12;U4794Z1;Libušín,náměstí;50.16716;14.05368
20260520_163247_L146;20260520_163247;20.05.2026;16:19:00;146;5;9154;12;U767Z1P;Želivského;50.08147;14.48735
20260520_163247_L662;20260520_163247;20.05.2026;16:22:00;662;18;8618;10;U1281Z1;Kouřim;50.11759;14.77631
20260520_163247_L456;20260520_163247;20.05.2026;16:21:00;456;45;7071;11;U31266Z2;Miličín;49.54039;14.81447
20260520_163247_L548;20260520_163247;20.05.2026;16:20:00;548;12;9511;12;U3270Z2;Zbiroh,nám.;49.84395;13.90296
20260520_163247_L631;20260520_163247;20.05.2026;16:19:00;631;46;9594;13;U9057Z2;Všeradice,žel.zast.;49.90582;14.03389
20260520_163247_L580;20260520_163247;20.05.2026;16:22:00;580;18;7695;10;U4338Z1;Rakovník,aut.st.;50.10265;13.73034
20260520_163247_L856;20260520_163247;20.05.2026;16:21:00;856;10;1275;10;U4227Z2;Kralupy n.Vlt.,Zeměchy;50.24163;14.31067
20260520_163247_L568;20260520_163247;20.05.2026;16:18:00;568;65;7904;13;U6252Z1;Mezno,žel.st.;49.56956;14.67702
20260520_163247_L712;20260520_163247;20.05.2026;15:48:00;712;6;9590;44;U6251Z1;Bělá p.Bezd.,Bezdědice;50.48297;14.70496
20260520_163247_L696;20260520_163247;20.05.2026;16:19:00;696;1;1815;12;U9165Z2;Mělník,aut.nádr.;50.3155;14.58228
20260520_163247_L443;20260520_163247;20.05.2026;16:19:00;443;12;8610;13;U1437Z1;Nymburk,hl.nádr.;50.16154;14.91482
20260520_163247_L470;20260520_163247;20.05.2026;16:19:00;470;7;8122;12;U1778Z1;Obříství,Štěpánský most;50.29689;14.38853
20260520_163247_L356;20260520_163247;20.05.2026;16:18:00;356;31;8824;14;U199Z3;Praha,Bořislavka;50.10557;14.35411
20260520_163247_L365;20260520_163247;20.05.2026;16:18:00;365;12;8832;13;U1144Z4;Praha,Motol;50.08113;14.25683
20260520_163247_L369;20260520_163247;20.05.2026;16:14:00;369;41;8232;18;U3324Z3;Štětí,záv.;50.45889;14.36824
20260520_163247_L380;20260520_163247;20.05.2026;16:20:00;380;6;9974;11;U2322Z1;Králův Dvůr,Počaply,Obchodní centrum;50.0108;14.19748
20260520_163247_L499;20260520_163247;20.05.2026;16:21:00;499;21;8590;10;U6244Z1;Nymburk,hl.nádr.;50.30494;15.01094
20260520_163247_L765;20260520_163247;20.05.2026;16:21:00;765;35;1898;10;U1533Z2;Jesenice;49.94446;14.54472
20260520_163247_L765;20260520_163247;20.05.2026;16:20:00;765;36;8130;11;U1889Z1;Sibřina;49.99101;14.65245
20260520_163247_L445;20260520_163247;20.05.2026;16:21:00;445;18;7403;11;U2606Z2;Jílové u Prahy,Náměstí;49.9052;14.48928
20260520_163247_L324;20260520_163247;20.05.2026;16:18:00;324;23;8958;13;U3094Z1;Slaný,Rabasova;50.14514;14.09555
20260520_163247_L324;20260520_163247;20.05.2026;16:19:00;324;29;8994;12;U4304Z1;Praha,Zličín;50.14701;14.18906
20260520_163247_L324;20260520_163247;20.05.2026;16:21:00;324;25;8948;11;U3095Z2;Praha,Zličín;50.14063;14.07313
20260520_163247_L335;20260520_163247;20.05.2026;16:19:00;335;30;9173;13;U1583Z1;Kamenice,Kult.dům;49.90966;14.56354
20260520_163247_L174;20260520_163247;20.05.2026;16:19:00;174;11;4084;13;U122Z1P;Řeporyjské náměstí;50.03499;14.31483
20260520_163247_L342;20260520_163247;20.05.2026;16:22:00;342;2;7682;10;U4775Z1;Slaný,žel.st.;50.22597;14.10825
20260520_163247_L101;20260520_163247;20.05.2026;16:23:00;101;2;2327;10;U1067Z2P;Viktoria Žižkov;50.07075;14.45814
20260520_163247_L180;20260520_163247;20.05.2026;16:18:00;180;7;6939;14;U229Z2P;Dejvická;50.08641;14.37161
20260520_163247_L143;20260520_163247;20.05.2026;16:18:00;143;4;6864;14;U140Z6P;Stadion Strahov;50.08964;14.3861
20260520_163247_L733;20260520_163247;20.05.2026;16:06:00;733;44;8662;25;U3253Z1;Mnichovo Hradiště,dopravní terminál;50.5183;14.97443
20260520_163247_L740;20260520_163247;20.05.2026;16:21:00;740;20;7627;10;U7492Z2;Golčův Jeníkov,nám.TGM;49.88363;15.42358
20260520_163247_L686;20260520_163247;20.05.2026;16:20:00;686;33;8142;12;U1814Z1;Úvaly,žel.st.;50.01351;14.68918
20260520_163647_L301;20260520_163647;20.05.2026;16:26:00;301;1;4121;10;U1211Z2;Praha,Luka;50.03917;14.32869
20260520_163647_L747;20260520_163647;20.05.2026;16:18:00;747;44;8016;17;U3326Z1;Hostín;50.34063;14.51162
20260520_163647_L228;20260520_163647;20.05.2026;16:24:00;228;12;9013;12;U542Z2P;Poliklinika Malešice;50.03412;14.59173
20260520_163647_L181;20260520_163647;20.05.2026;16:26:00;181;4;5081;10;U538Z2P;Opatov;50.08516;14.53776
20260520_163647_L167;20260520_163647;20.05.2026;16:26:00;167;6;5002;10;U289Z8P;Na Knížecí;50.07007;14.36131
20260520_163647_L316;20260520_163647;20.05.2026;16:23:00;316;8;8982;13;U199Z3;Praha,Bořislavka;50.10551;14.35444
20260520_163647_L174;20260520_163647;20.05.2026;16:24:00;174;14;3941;12;U1211Z1P;Třebonice;50.03946;14.32875
20260520_163647_L207;20260520_163647;20.05.2026;16:24:00;207;22;3959;11;U87Z2P;Staroměstská;50.09212;14.42728
20260520_163647_L365;20260520_163647;20.05.2026;16:22:00;365;12;8832;14;U3073Z2;Praha,Motol;50.08424;14.26865
20260520_163647_L224;20260520_163647;20.05.2026;16:23:00;224;78;9043;13;U1163Z1P;Dolnopočernický hřbitov;50.08856;14.5811
20260520_163647_L493;20260520_163647;20.05.2026;16:26:00;493;20;8601;10;U2578Z1;Poděbrady,žel.st.;50.14323;15.12215
20260520_163647_L167;20260520_163647;20.05.2026;16:23:00;167;8;5052;13;U254Z6P;Na Knížecí;50.06972;14.38302
20260520_163647_L133;20260520_163647;20.05.2026;16:22:00;133;7;3953;14;U745Z2P;Florenc;50.08737;14.45237
20260520_163647_L182;20260520_163647;20.05.2026;16:12:00;182;9;3966;22;U552Z2P;Kbelský hřbitov;50.07428;14.53776
20260520_163647_L456;20260520_163647;20.05.2026;16:25:00;456;45;7071;11;U31260Z3;Miličín;49.56509;14.82337
20260520_163647_L146;20260520_163647;20.05.2026;16:25:00;146;6;9472;11;U357Z1P;Želivského;50.08586;14.48215
20260520_163647_L154;20260520_163647;20.05.2026;16:24:00;154;3;3833;13;U1345Z2P;Sídliště Libuš;50.03144;14.50943
20260520_163647_L401;20260520_163647;20.05.2026;16:23:00;401;63;7774;12;U31276Z1;Jindřichův Hradec,aut.nádr.;49.41365;14.66299
20260520_163647_L180;20260520_163647;20.05.2026;16:26:00;180;15;6899;11;U47Z3P;Obchodní centrum Zličín;50.06582;14.30331
20260520_163647_L136;20260520_163647;20.05.2026;16:25:00;136;54;6885;11;U225Z2P;Sídliště Čakovice;50.09953;14.49705
20260520_163647_L171;20260520_163647;20.05.2026;16:23:00;171;11;1488;13;U535Z2P;Ve Žlíbku;50.09334;14.54161
20260520_163647_L204;20260520_163647;20.05.2026;16:26:00;204;72;9016;10;U1390Z1P;Stavební zóna Horní Počernice;50.08479;14.57454
20260520_163647_L184;20260520_163647;20.05.2026;16:26:00;184;5;5050;11;U968Z2P;Velká Ohrada;50.05463;14.34714
20260520_163647_L352;20260520_163647;20.05.2026;16:22:00;352;4;4120;14;U1185Z1;Praha,Luka;50.02105;14.29419
20260520_163647_L176;20260520_163647;20.05.2026;16:26:00;176;1;3809;11;U2713Z2P;Karlovo náměstí;50.07442;14.40661
20260520_163647_L470;20260520_163647;20.05.2026;16:24:00;470;7;8122;12;U1780Z1;Obříství,Štěpánský most;50.2775;14.39585
20260520_163647_L120;20260520_163647;20.05.2026;16:22:00;120;3;3677;13;U720Z1P;Nádraží Radotín;50.02498;14.35606
20260520_163647_L696;20260520_163647;20.05.2026;16:23:00;696;1;1815;10;U9164Z2;Mělník,aut.nádr.;50.32992;14.53685
20260520_163647_L136;20260520_163647;20.05.2026;16:21:00;136;51;6877;12;U1074Z4P;Jižní Město;50.09308;14.47199
20260520_163647_L389;20260520_163647;20.05.2026;16:12:00;389;12;7761;23;U32406Z12;Chomutov,žel.st.;50.45665;13.40025
20260520_163647_L394;20260520_163647;20.05.2026;16:26:00;394;17;9866;10;U4273Z1;Praha,Nové Butovice;49.96926;14.0818
20260520_163647_L382;20260520_163647;20.05.2026;16:22:00;382;19;9944;14;U2026Z1;Sázava,aut.st.;49.89771;14.84565
20260520_163647_L435;20260520_163647;20.05.2026;16:25:00;435;8;8625;10;U1819Z1;Klučov,Skramníky;50.02035;14.74103
20260520_163647_L659;20260520_163647;20.05.2026;16:25:00;659;43;9128;10;U2016Z2;Stříbrná Skalice,Náměstí;49.99304;14.85668
20260520_163647_L740;20260520_163647;20.05.2026;16:26:00;740;20;7627;10;U6979Z1;Golčův Jeníkov,nám.TGM;49.86917;15.41889
20260520_163647_L339;20260520_163647;20.05.2026;16:25:00;339;18;9956;10;U1538Z1;Týnec n.Sáz.,žel.st.;49.90533;14.5902
20260520_163647_L324;20260520_163647;20.05.2026;16:24:00;324;29;8994;10;U4301Z2;Praha,Zličín;50.13994;14.23795
20260520_163647_L342;20260520_163647;20.05.2026;16:24:00;342;2;7682;12;U4776Z1;Slaný,žel.st.;50.22846;14.09489
20260520_163647_L345;20260520_163647;20.05.2026;16:23:00;345;17;1865;11;U3253Z1;Praha,Černý Most;50.50647;14.96894
20260520_163647_L166;20260520_163647;20.05.2026;16:23:00;166;1;1941;13;U771Z2P;Domov seniorů Ďáblice;50.13358;14.50634
20260520_163647_L166;20260520_163647;20.05.2026;16:26:00;166;2;7985;10;U769Z3P;Domov seniorů Ďáblice;50.16267;14.52504
20260520_163647_L164;20260520_163647;20.05.2026;16:23:00;164;1;1955;13;U563Z1P;Sídliště Řepy;50.08737;14.37794
20260520_163647_L163;20260520_163647;20.05.2026;16:23:00;163;58;9473;13;U741Z2P;Depo Hostivař;50.06975;14.54264
20260520_163647_L203;20260520_163647;20.05.2026;16:26:00;203;4;1915;10;U982Z2P;Háje;50.02152;14.49386
20260520_163647_L183;20260520_163647;20.05.2026;16:19:00;183;14;6820;17;U552Z2P;Sídliště Ďáblice;50.07078;14.53751
20260520_163647_L221;20260520_163647;20.05.2026;16:25:00;221;4;1769;10;U897Z11P;Černý Most;50.10865;14.5735
20260520_163647_L520;20260520_163647;20.05.2026;16:24:00;520;1;9604;12;U7507Z2;Hřiměždice,Vestec;49.68054;14.2676
20260520_163647_L398;20260520_163647;20.05.2026;16:25:00;398;27;1679;11;U2451Z2;Praha,Černý Most;50.12443;14.68561
20260520_163647_L765;20260520_163647;20.05.2026;16:22:00;765;36;8130;14;U1881Z1;Sibřina;49.99155;14.65682
20260520_163647_L380;20260520_163647;20.05.2026;16:24:00;380;6;9974;12;U2369Z1;Králův Dvůr,Počaply,Obchodní centrum;50.00043;14.16539
20260520_163647_L548;20260520_163647;20.05.2026;16:23:00;548;12;9511;12;U9616Z2;Zbiroh,nám.;49.83854;13.89455
20260520_163647_L856;20260520_163647;20.05.2026;16:26:00;856;10;1275;10;U2286Z2;Kralupy n.Vlt.,Zeměchy;50.24181;14.31064
20260520_163647_L712;20260520_163647;20.05.2026;15:48:00;712;6;9590;48;U6251Z1;Bělá p.Bezd.,Bezdědice;50.48297;14.70496
20260520_163647_L443;20260520_163647;20.05.2026;16:22:00;443;12;8610;13;U1439Z1;Nymburk,hl.nádr.;50.15294;14.9532
20260520_163647_L387;20260520_163647;20.05.2026;16:22:00;387;16;9951;14;U808Z5;Uhlířské Janovice,nám.;50.03117;14.60835
20260520_163647_L108;20260520_163647;20.05.2026;16:23:00;108;3;2074;13;U1166Z4P;Divoká Šárka;50.08537;14.30817
20260520_163647_L823;20260520_163647;20.05.2026;16:23:00;823;39;8043;11;U2315Z1;Úvaly,žel.st.;50.07408;14.72323
20260520_163647_L466;20260520_163647;20.05.2026;16:19:00;466;30;8109;15;U2346Z2;Spomyšl;50.27688;14.31806
20260520_163647_L691;20260520_163647;20.05.2026;16:07:00;691;40;7984;26;U1794Z2;Mělník,aut.nádr.;50.35007;14.48917
20260520_163647_L182;20260520_163647;20.05.2026;16:27:00;182;10;3876;10;U552Z2P;Kbelský hřbitov;50.06923;14.53741
20260520_163647_L167;20260520_163647;20.05.2026;16:15:00;167;51;6912;18;U254Z6P;Na Knížecí;50.07158;14.39622
20260520_163647_L180;20260520_163647;20.05.2026;16:22:00;180;10;5122;14;U1141Z5P;Dejvická;50.05487;14.29066
20260520_163647_L183;20260520_163647;20.05.2026;16:22:00;183;6;6774;15;U151Z2P;Háje;50.03164;14.53365
20260520_163647_L133;20260520_163647;20.05.2026;16:27:00;133;51;3888;10;U2787Z2P;Florenc;50.08776;14.45667
20260520_163647_L121;20260520_163647;20.05.2026;16:23:00;121;8;2320;14;U722Z2P;Nádraží Braník;50.02634;14.44533
20260520_163647_L188;20260520_163647;20.05.2026;16:24:00;188;11;5561;13;U385Z1P;Kavčí hory;50.05187;14.43913
20260520_163647_L216;20260520_163647;20.05.2026;16:27:00;216;12;2053;10;U3217Z1P;Poliklinika Petřiny;50.10636;14.3907
20260520_163647_L170;20260520_163647;20.05.2026;16:24:00;170;17;4191;12;U590Z1P;Jižní Město;50.03489;14.52111
20260520_163647_L161;20260520_163647;20.05.2026;16:26:00;161;5;4540;10;U440Z2P;Bořislavka;50.10849;14.35252
20260520_163647_L136;20260520_163647;20.05.2026;16:24:00;136;2;6735;13;U771Z1P;Sídliště Čakovice;50.13483;14.50592
20260520_163647_L196;20260520_163647;20.05.2026;16:24:00;196;10;6922;12;U228Z3P;Smíchovské nádraží;50.0414;14.46022
20260520_163647_L163;20260520_163647;20.05.2026;16:25:00;163;52;9123;11;U811Z1P;Sídliště Rohožník;50.07614;14.66075
20260520_163647_L324;20260520_163647;20.05.2026;16:26:00;324;25;8948;10;U4313Z7;Praha,Zličín;50.14518;14.09449
20260520_163647_L180;20260520_163647;20.05.2026;16:18:00;180;7;6939;17;U229Z2P;Dejvická;50.08693;14.37562
20260520_163647_L641;20260520_163647;20.05.2026;16:25:00;641;19;9440;10;U9617Z1;Beroun,autobusové nádraží;49.83766;13.89892
20260520_163647_L180;20260520_163647;20.05.2026;16:26:00;180;8;6903;10;U229Z2P;Dejvická;50.08664;14.37345
20260520_163647_L182;20260520_163647;20.05.2026;16:25:00;182;4;3881;10;U13Z2P;Opatov;50.09295;14.49705
20260520_163647_L208;20260520_163647;20.05.2026;16:24:00;208;55;9483;12;U97Z1P;Vinice Dolní Počernice;50.08569;14.57604
20260520_163647_L136;20260520_163647;20.05.2026;16:26:00;136;1;6968;10;U791Z1P;Sídliště Čakovice;50.15163;14.52188
20260520_163647_L155;20260520_163647;20.05.2026;16:26:00;155;2;9185;10;U767Z2P;Poliklinika Malešice;50.08408;14.48197
20260520_163647_L149;20260520_163647;20.05.2026;16:24:00;149;7;3708;11;U981Z1P;Dejvická;50.08479;14.38613
20260520_163647_L375;20260520_163647;20.05.2026;16:25:00;375;8;8251;11;U1924Z1;Brandýs n.L.-St.Bol.,Žel.st.;50.18967;14.66742
20260520_163647_L772;20260520_163647;20.05.2026;16:24:00;772;70;1611;12;U2390Z51;Vavřinec;49.91451;14.97245
20260520_163647_L174;20260520_163647;20.05.2026;16:19:00;174;11;4084;17;U122Z1P;Řeporyjské náměstí;50.03412;14.31296
20260520_163647_L101;20260520_163647;20.05.2026;16:26:00;101;2;2327;11;U851Z1P;Viktoria Žižkov;50.07549;14.44917
20260520_163647_L733;20260520_163647;20.05.2026;16:06:00;733;44;8662;29;U3253Z1;Mnichovo Hradiště,dopravní terminál;50.51827;14.97443
20260520_163647_L686;20260520_163647;20.05.2026;16:22:00;686;33;8142;13;U1930Z2;Úvaly,žel.st.;50.02953;14.67309
20260520_164048_L180;20260520_164048;20.05.2026;16:29:00;180;4;5046;10;U321Z13P;Obchodní centrum Zličín;50.10186;14.39283
20260520_164048_L133;20260520_164048;20.05.2026;16:30:00;133;10;3967;10;U767Z2P;Florenc;50.08441;14.48199
20260520_164048_L466;20260520_164048;20.05.2026;16:19:00;466;30;8109;20;U2346Z2;Spomyšl;50.27832;14.3174
20260520_164048_L747;20260520_164048;20.05.2026;16:18:00;747;44;8016;21;U3326Z1;Hostín;50.34063;14.51162
20260520_164048_L823;20260520_164048;20.05.2026;16:23:00;823;39;8043;15;U2315Z1;Úvaly,žel.st.;50.07408;14.72323
20260520_164048_L180;20260520_164048;20.05.2026;16:18:00;180;7;6939;21;U229Z2P;Dejvická;50.08704;14.37665
20260520_164048_L164;20260520_164048;20.05.2026;16:26:00;164;1;1955;12;U2608Z1P;Sídliště Řepy;50.08756;14.35999
20260520_164048_L678;20260520_164048;20.05.2026;16:30:00;678;33;8557;10;U9582Z1;Pečky,žel.st.;50.07167;15.07009
20260520_164048_L181;20260520_164048;20.05.2026;16:31:00;181;8;5061;10;U99Z1P;Opatov;50.03785;14.50924
20260520_164048_L168;20260520_164048;20.05.2026;16:30:00;168;1;2085;10;U541Z6P;Bílá Hora;50.0858;14.33878
20260520_164048_L121;20260520_164048;20.05.2026;16:28:00;121;8;2320;12;U124Z1P;Nádraží Braník;50.02231;14.42901
20260520_164048_L149;20260520_164048;20.05.2026;16:29:00;149;3;3939;11;U254Z6P;Dejvická;50.06967;14.37805
20260520_164048_L168;20260520_164048;20.05.2026;16:30:00;168;3;2086;10;U1369Z1P;Nové Butovice;50.05158;14.33714
20260520_164048_L183;20260520_164048;20.05.2026;16:19:00;183;14;6820;20;U552Z2P;Sídliště Ďáblice;50.0732;14.53765
20260520_164048_L154;20260520_164048;20.05.2026;16:26:00;154;3;3833;13;U106Z2P;Sídliště Libuš;50.02747;14.50774
20260520_164048_L183;20260520_164048;20.05.2026;16:30:00;183;15;6848;10;U708Z1P;Háje;50.07654;14.53768
20260520_164048_L435;20260520_164048;20.05.2026;16:30:00;435;8;8625;10;U1425Z1;Klučov,Skramníky;50.03928;14.76041
20260520_164048_L389;20260520_164048;20.05.2026;16:12:00;389;12;7761;27;U32406Z12;Chomutov,žel.st.;50.45665;13.40025
20260520_164048_L136;20260520_164048;20.05.2026;16:30:00;136;29;6832;10;U606Z1P;Sídliště Čakovice;50.12265;14.5071
20260520_164048_L136;20260520_164048;20.05.2026;16:26:00;136;3;6724;12;U69Z1P;Sídliště Čakovice;50.0903;14.4675
20260520_164048_L380;20260520_164048;20.05.2026;16:27:00;380;6;9974;12;U2371Z1;Králův Dvůr,Počaply,Obchodní centrum;49.98964;14.14326
20260520_164048_L136;20260520_164048;20.05.2026;16:27:00;136;22;6964;12;U1074Z4P;Jižní Město;50.09269;14.47131
20260520_164048_L136;20260520_164048;20.05.2026;16:25:00;136;54;6885;12;U225Z2P;Sídliště Čakovice;50.1004;14.50192
20260520_164048_L164;20260520_164048;20.05.2026;16:28:00;164;3;1953;11;U229Z2P;Malovanka;50.08712;14.37715
20260520_164048_L207;20260520_164048;20.05.2026;16:30:00;207;13;4158;10;U87Z2P;Staroměstská;50.09061;14.42775
20260520_164048_L120;20260520_164048;20.05.2026;16:26:00;120;3;3677;14;U470Z1P;Nádraží Radotín;50.02017;14.35577
20260520_164048_L161;20260520_164048;20.05.2026;16:27:00;161;5;4540;13;U199Z3P;Bořislavka;50.10724;14.35343
20260520_164048_L180;20260520_164048;20.05.2026;16:30:00;180;15;6899;10;U706Z2P;Obchodní centrum Zličín;50.06586;14.2881
20260520_164048_L216;20260520_164048;20.05.2026;16:30:00;216;12;2053;10;U757Z3P;Poliklinika Petřiny;50.10035;14.38906
20260520_164048_L184;20260520_164048;20.05.2026;16:29:00;184;5;5050;11;U602Z2P;Velká Ohrada;50.04966;14.35192
20260520_164048_L136;20260520_164048;20.05.2026;16:30:00;136;2;6735;11;U368Z1P;Sídliště Čakovice;50.14957;14.50668
20260520_164048_L167;20260520_164048;20.05.2026;16:23:00;167;8;5052;16;U254Z6P;Na Knížecí;50.06998;14.38364
20260520_164048_L180;20260520_164048;20.05.2026;16:26:00;180;8;6903;14;U229Z2P;Dejvická;50.08675;14.37439
20260520_164048_L177;20260520_164048;20.05.2026;16:30:00;177;14;6844;10;U134Z5P;Poliklinika Mazurská;50.1012;14.50295
20260520_164048_L315;20260520_164048;20.05.2026;16:29:00;315;11;1864;10;U2199Z2;Praha,Černý Most;50.21783;14.74476
20260520_164048_L740;20260520_164048;20.05.2026;16:29:00;740;20;7627;10;U7289Z2;Golčův Jeníkov,nám.TGM;49.86825;15.41289
20260520_164048_L741;20260520_164048;20.05.2026;16:30:00;741;13;7638;10;U7289Z2;Čáslav,aut.st.;49.86925;15.40353
20260520_164048_L182;20260520_164048;20.05.2026;16:27:00;182;10;3876;13;U552Z2P;Kbelský hřbitov;50.07081;14.5375
20260520_164048_L110;20260520_164048;20.05.2026;16:30:00;110;7;8106;10;U313Z1P;Dolní Počernice;50.09705;14.54789
20260520_164048_L146;20260520_164048;20.05.2026;16:28:00;146;6;9472;11;U575Z2P;Želivského;50.07982;14.47865
20260520_164048_L155;20260520_164048;20.05.2026;16:29:00;155;2;9185;11;U128Z1P;Poliklinika Malešice;50.08796;14.49151
20260520_164048_L163;20260520_164048;20.05.2026;16:28:00;163;54;9400;12;U1390Z1P;Sídliště Rohožník;50.08526;14.57498
20260520_164048_L163;20260520_164048;20.05.2026;16:23:00;163;58;9473;17;U741Z2P;Depo Hostivař;50.07027;14.54152
20260520_164048_L456;20260520_164048;20.05.2026;16:27:00;456;45;7071;13;U32143Z2;Miličín;49.57265;14.8044
20260520_164048_L427;20260520_164048;20.05.2026;16:28:00;427;40;8660;11;U3253Z2;Mnichovo Hradiště,dopravní terminál;50.52028;14.98076
20260520_164048_L133;20260520_164048;20.05.2026;16:28:00;133;51;3888;11;U745Z2P;Florenc;50.0868;14.44966
20260520_164048_L765;20260520_164048;20.05.2026;16:26:00;765;36;8130;14;U2142Z2;Sibřina;49.99618;14.66399
20260520_164048_L444;20260520_164048;20.05.2026;16:29:00;444;30;9173;11;U1564Z1;Davle,obec;49.90373;14.58793
20260520_164048_L307;20260520_164048;20.05.2026;16:28:00;307;14;8976;12;U1679Z1;Kladno,autobusové nádraží;50.05284;14.16629
20260520_164048_L470;20260520_164048;20.05.2026;16:27:00;470;7;8122;13;U2341Z1;Obříství,Štěpánský most;50.28106;14.42123
20260520_164048_L692;20260520_164048;20.05.2026;16:28:00;692;28;8143;12;U3312Z1;Kokořín;50.38165;14.4645
20260520_164048_L467;20260520_164048;20.05.2026;16:29:00;467;58;8069;10;U3326Z3;Mladá Boleslav,aut.st.;50.33408;14.52241
20260520_164048_L712;20260520_164048;20.05.2026;15:48:00;712;6;9590;52;U6251Z1;Bělá p.Bezd.,Bezdědice;50.48297;14.70496
20260520_164048_L170;20260520_164048;20.05.2026;16:30:00;170;12;3864;10;U181Z1P;Jižní Město;50.03945;14.49054
20260520_164048_L207;20260520_164048;20.05.2026;16:28:00;207;22;3959;12;U593Z1P;Staroměstská;50.09209;14.41771
20260520_164048_L182;20260520_164048;20.05.2026;16:27:00;182;4;3881;12;U694Z3P;Opatov;50.09036;14.50467
20260520_164048_L181;20260520_164048;20.05.2026;16:28:00;181;4;5081;12;U747Z1P;Opatov;50.0785;14.53779
20260520_164048_L499;20260520_164048;20.05.2026;16:30:00;499;21;8590;10;U3047Z2;Nymburk,hl.nádr.;50.27436;15.01314
20260520_164048_L691;20260520_164048;20.05.2026;16:07:00;691;40;7984;30;U1794Z2;Mělník,aut.nádr.;50.35007;14.48917
20260520_164048_L548;20260520_164048;20.05.2026;16:27:00;548;12;9511;13;U9788Z1;Zbiroh,nám.;49.84163;13.87512
20260520_164048_L631;20260520_164048;20.05.2026;16:27:00;631;46;9594;13;U9045Z2;Všeradice,žel.zast.;49.88289;14.06381
20260520_164048_L641;20260520_164048;20.05.2026;16:28:00;641;19;9440;11;U9616Z4;Beroun,autobusové nádraží;49.84139;13.9026
20260520_164048_L659;20260520_164048;20.05.2026;16:27:00;659;43;9128;10;U2319Z1;Stříbrná Skalice,Náměstí;49.97766;14.88196
20260520_164048_L639;20260520_164048;20.05.2026;16:28:00;639;15;9540;10;U9812Z2;Hostomice,nám.;49.8258;14.04506
20260520_164048_L143;20260520_164048;20.05.2026;16:27:00;143;6;6897;13;U362Z10P;Stadion Strahov;50.08529;14.38398
20260520_164048_L167;20260520_164048;20.05.2026;16:28:00;167;6;5002;11;U240Z4P;Na Knížecí;50.0699;14.3739
20260520_164048_L108;20260520_164048;20.05.2026;16:26:00;108;3;2074;14;U1167Z2P;Divoká Šárka;50.08914;14.32372
20260520_164048_L391;20260520_164048;20.05.2026;16:30:00;391;34;9186;10;U2315Z1;Úvaly,OC Pražská;50.07327;14.72557
20260520_164048_L398;20260520_164048;20.05.2026;16:28:00;398;27;1679;11;U1743Z2;Praha,Černý Most;50.11848;14.64309
20260520_164048_L166;20260520_164048;20.05.2026;16:27:00;166;1;1941;13;U606Z2P;Domov seniorů Ďáblice;50.12334;14.50816
20260520_164048_L171;20260520_164048;20.05.2026;16:26:00;171;11;1488;13;U313Z2P;Ve Žlíbku;50.1003;14.55434
20260520_164048_L203;20260520_164048;20.05.2026;16:29:00;203;4;1915;11;U1116Z2P;Háje;50.03215;14.4883
20260520_164048_L204;20260520_164048;20.05.2026;16:28:00;204;72;9016;12;U1163Z1P;Stavební zóna Horní Počernice;50.08853;14.58104
20260520_164048_L208;20260520_164048;20.05.2026;16:29:00;208;55;9483;11;U1164Z1P;Vinice Dolní Počernice;50.08494;14.59238
20260520_164048_L227;20260520_164048;20.05.2026;16:29:00;227;10;1598;10;U542Z2P;Háje;50.03683;14.59153
20260520_164048_L228;20260520_164048;20.05.2026;16:28:00;228;12;9013;12;U9691Z2P;Poliklinika Malešice;50.04599;14.5847
20260520_164048_L300;20260520_164048;20.05.2026;16:29:00;300;2;8993;11;U4308Z3;Smečno;50.13295;14.11446
20260520_164048_L339;20260520_164048;20.05.2026;16:28:00;339;18;9956;10;U1564Z1;Týnec n.Sáz.,žel.st.;49.89976;14.59671
20260520_164048_L342;20260520_164048;20.05.2026;16:26:00;342;2;7682;13;U4777Z15;Slaný,žel.st.;50.22957;14.08469
20260520_164048_L356;20260520_164048;20.05.2026;16:28:00;356;37;8893;11;U199Z3;Praha,Bořislavka;50.10265;14.35529
20260520_164048_L365;20260520_164048;20.05.2026;16:26:00;365;12;8832;14;U2113Z2;Praha,Motol;50.07885;14.28215
20260520_164048_L443;20260520_164048;20.05.2026;16:28:00;443;12;8610;12;U1435Z1;Nymburk,hl.nádr.;50.13684;14.9852
20260520_164048_L382;20260520_164048;20.05.2026;16:29:00;382;19;9944;11;U2030Z1;Sázava,aut.st.;49.8805;14.86124
20260520_164048_L139;20260520_164048;20.05.2026;16:31:00;139;2;5029;10;U29Z3P;Želivského;50.07206;14.47014
20260520_164048_L120;20260520_164048;20.05.2026;16:30:00;120;5;3681;10;U517Z1P;Na Knížecí;50.02174;14.36412
20260520_164048_L149;20260520_164048;20.05.2026;16:24:00;149;7;3708;15;U981Z1P;Dejvická;50.08511;14.38514
20260520_164048_L170;20260520_164048;20.05.2026;16:27:00;170;17;4191;13;U286Z5P;Jižní Město;50.03071;14.52987
20260520_164048_L375;20260520_164048;20.05.2026;16:27:00;375;8;8251;12;U3257Z2;Brandýs n.L.-St.Bol.,Žel.st.;50.19879;14.6815
20260520_164048_L772;20260520_164048;20.05.2026;16:24:00;772;70;1611;16;U2390Z51;Vavřinec;49.9145;14.97245
20260520_164048_L101;20260520_164048;20.05.2026;16:30:00;101;2;2327;11;U2788Z2P;Viktoria Žižkov;50.08099;14.44607
20260520_164048_L733;20260520_164048;20.05.2026;16:06:00;733;44;8662;33;U3253Z1;Mnichovo Hradiště,dopravní terminál;50.51827;14.97443
20260520_164448_L180;20260520_164448;20.05.2026;16:33:00;180;4;5046;11;U592Z2P;Obchodní centrum Zličín;50.09471;14.39377
20260520_164448_L315;20260520_164448;20.05.2026;16:29:00;315;11;1864;11;U2199Z2;Praha,Černý Most;50.22202;14.71496
20260520_164448_L133;20260520_164448;20.05.2026;16:34:00;133;10;3967;10;U16Z2P;Florenc;50.08721;14.47101
20260520_164448_L149;20260520_164448;20.05.2026;16:29:00;149;3;3939;15;U254Z6P;Dejvická;50.06972;14.37921
20260520_164448_L747;20260520_164448;20.05.2026;16:18:00;747;44;8016;25;U3326Z1;Hostín;50.34063;14.51162
20260520_164448_L531;20260520_164448;20.05.2026;16:31:00;531;1;9536;13;U9798Z2;Příbram,aut.nádr. (ul. Čs.armády);49.79132;13.97757
20260520_164448_L207;20260520_164448;20.05.2026;16:33:00;207;17;3969;11;U69Z1P;Ohrada;50.08997;14.46566
20260520_164448_L195;20260520_164448;20.05.2026;16:34:00;195;9;6982;10;U827Z1P;Jesenická;50.07757;14.50728
20260520_164448_L216;20260520_164448;20.05.2026;16:34:00;216;12;2053;10;U133Z1P;Poliklinika Petřiny;50.10436;14.37349
20260520_164448_L382;20260520_164448;20.05.2026;16:32:00;382;19;9944;11;U2031Z1;Sázava,aut.st.;49.87275;14.88862
20260520_164448_L170;20260520_164448;20.05.2026;16:33:00;170;12;3864;10;U960Z2P;Jižní Město;50.04023;14.50895
20260520_164448_L168;20260520_164448;20.05.2026;16:34:00;168;1;2085;10;U1198Z1P;Bílá Hora;50.0887;14.32639
20260520_164448_L176;20260520_164448;20.05.2026;16:33:00;176;4;4058;11;U2713Z2P;Karlovo náměstí;50.07442;14.4066
20260520_164448_L133;20260520_164448;20.05.2026;16:31:00;133;51;3888;13;U3018Z2P;Florenc;50.08915;14.44337
20260520_164448_L168;20260520_164448;20.05.2026;16:34:00;168;3;2086;11;U3296Z2P;Nové Butovice;50.05127;14.34705
20260520_164448_L149;20260520_164448;20.05.2026;16:31:00;149;4;4177;11;U563Z2P;Stodůlky-Bavorská;50.08548;14.38207
20260520_164448_L161;20260520_164448;20.05.2026;16:27:00;161;5;4540;16;U199Z3P;Bořislavka;50.10266;14.35535
20260520_164448_L120;20260520_164448;20.05.2026;16:35:00;120;5;3681;10;U1030Z4P;Na Knížecí;50.03341;14.37387
20260520_164448_L136;20260520_164448;20.05.2026;16:32:00;136;3;6724;13;U763Z1P;Sídliště Čakovice;50.09776;14.48055
20260520_164448_L183;20260520_164448;20.05.2026;16:33:00;183;15;6848;12;U975Z1P;Háje;50.06604;14.53648
20260520_164448_L180;20260520_164448;20.05.2026;16:30:00;180;10;5122;14;U635Z1P;Dejvická;50.06901;14.29584
20260520_164448_L227;20260520_164448;20.05.2026;16:33:00;227;10;1598;11;U26Z2P;Háje;50.03677;14.57496
20260520_164448_L136;20260520_164448;20.05.2026;16:27:00;136;22;6964;15;U1074Z4P;Jižní Město;50.09163;14.46866
20260520_164448_L824;20260520_164448;20.05.2026;16:33:00;824;51;1614;11;U1984Z1;Kolín,nádraží;49.96661;14.96408
20260520_164448_L741;20260520_164448;20.05.2026;16:33:00;741;13;7638;10;U7288Z1;Čáslav,aut.st.;49.85917;15.40508
20260520_164448_L307;20260520_164448;20.05.2026;16:32:00;307;14;8976;12;U1682Z1;Kladno,autobusové nádraží;50.06813;14.16127
20260520_164448_L400;20260520_164448;20.05.2026;16:31:00;400;6;11628;12;U6060Z2;Praha,Střížkov;50.41496;14.46096
20260520_164448_L385;20260520_164448;20.05.2026;16:31:00;385;19;1584;13;U1881Z1;Zvánovice;49.99182;14.65731
20260520_164448_L398;20260520_164448;20.05.2026;16:31:00;398;27;1679;10;U155Z2;Praha,Černý Most;50.11556;14.61376
20260520_164448_L772;20260520_164448;20.05.2026;16:24:00;772;70;1611;17;U2390Z51;Vavřinec;49.90345;14.98802
20260520_164448_L641;20260520_164448;20.05.2026;16:33:00;641;19;9440;10;U9860Z1;Beroun,autobusové nádraží;49.85658;13.92205
20260520_164448_L659;20260520_164448;20.05.2026;16:34:00;659;43;9128;10;U1986Z1;Stříbrná Skalice,Náměstí;49.95214;14.88404
20260520_164448_L548;20260520_164448;20.05.2026;16:30:00;548;12;9511;14;U9823Z4;Zbiroh,nám.;49.84697;13.86037
20260520_164448_L177;20260520_164448;20.05.2026;16:33:00;177;14;6844;11;U474Z4P;Poliklinika Mazurská;50.11061;14.50235
20260520_164448_L639;20260520_164448;20.05.2026;16:28:00;639;15;9540;14;U9812Z2;Hostomice,nám.;49.8258;14.04506
20260520_164448_L765;20260520_164448;20.05.2026;16:30:00;765;36;8130;13;U1879Z2;Sibřina;49.98991;14.68353
20260520_164448_L444;20260520_164448;20.05.2026;16:31:00;444;30;9173;13;U1565Z1;Davle,obec;49.89795;14.57818
20260520_164448_L456;20260520_164448;20.05.2026;16:30:00;456;45;7071;14;U32142Z2;Miličín;49.57316;14.80202
20260520_164448_L370;20260520_164448;20.05.2026;16:33:00;370;2;8110;10;U2231Z1;Kralupy n.Vlt.,žel.st.;50.25119;14.32068
20260520_164448_L382;20260520_164448;20.05.2026;16:32:00;382;5;9377;12;U336Z1;Sázava,aut.st.;50.03021;14.60062
20260520_164448_L180;20260520_164448;20.05.2026;16:33:00;180;15;6899;11;U178Z2P;Obchodní centrum Zličín;50.05986;14.29393
20260520_164448_L166;20260520_164448;20.05.2026;16:30:00;166;1;1941;14;U351Z2P;Domov seniorů Ďáblice;50.128;14.49164
20260520_164448_L203;20260520_164448;20.05.2026;16:33:00;203;4;1915;11;U601Z3P;Háje;50.03776;14.4786
20260520_164448_L228;20260520_164448;20.05.2026;16:32:00;228;12;9013;12;U1059Z1P;Poliklinika Malešice;50.05998;14.58705
20260520_164448_L171;20260520_164448;20.05.2026;16:31:00;171;11;1488;13;U1061Z1P;Ve Žlíbku;50.10165;14.56996
20260520_164448_L184;20260520_164448;20.05.2026;16:34:00;184;5;5050;10;U875Z3P;Velká Ohrada;50.04066;14.3347
20260520_164448_L300;20260520_164448;20.05.2026;16:32:00;300;2;8993;12;U4310Z1;Smečno;50.13691;14.10301
20260520_164448_L470;20260520_164448;20.05.2026;16:31:00;470;7;8122;13;U2342Z1;Obříství,Štěpánský most;50.28867;14.44977
20260520_164448_L692;20260520_164448;20.05.2026;16:33:00;692;28;8143;11;U3315Z1;Kokořín;50.4042;14.44902
20260520_164448_L467;20260520_164448;20.05.2026;16:31:00;467;58;8069;12;U2910Z1;Mladá Boleslav,aut.st.;50.32788;14.54078
20260520_164448_L380;20260520_164448;20.05.2026;16:31:00;380;6;9974;12;U2373Z1;Králův Dvůr,Počaply,Obchodní centrum;49.97794;14.11079
20260520_164448_L712;20260520_164448;20.05.2026;15:48:00;712;6;9590;56;U6251Z1;Bělá p.Bezd.,Bezdědice;50.48297;14.70496
20260520_164448_L443;20260520_164448;20.05.2026;16:34:00;443;12;8610;10;U2591Z1;Nymburk,hl.nádr.;50.1404;14.98717
20260520_164448_L493;20260520_164448;20.05.2026;16:33:00;493;20;8601;10;U2578Z2;Nymburk,hl.nádr.;50.14257;15.11822
20260520_164448_L678;20260520_164448;20.05.2026;16:34:00;678;33;8557;10;U9581Z1;Pečky,žel.st.;50.06902;15.05208
20260520_164448_L335;20260520_164448;20.05.2026;16:34:00;335;6;9131;10;U1583Z2;Praha,Budějovická;49.90969;14.5638
20260520_164448_L345;20260520_164448;20.05.2026;16:30:00;345;17;1865;11;U6213Z2;Praha,Černý Most;50.45697;14.93045
20260520_164448_L121;20260520_164448;20.05.2026;16:30:00;121;8;2320;13;U284Z1P;Nádraží Braník;50.0234;14.41493
20260520_164448_L167;20260520_164448;20.05.2026;16:23:00;167;8;5052;19;U254Z6P;Na Knížecí;50.07095;14.39031
20260520_164448_L124;20260520_164448;20.05.2026;16:33:00;124;8;5113;11;U921Z10P;Smíchovské nádraží;50.07772;14.47311
20260520_164448_L110;20260520_164448;20.05.2026;16:31:00;110;7;8106;12;U207Z3P;Dolní Počernice;50.0909;14.54703
20260520_164448_L155;20260520_164448;20.05.2026;16:31:00;155;2;9185;13;U4572Z2P;Poliklinika Malešice;50.08576;14.49972
20260520_164448_L208;20260520_164448;20.05.2026;16:31:00;208;59;9411;12;U741Z2P;Depo Hostivař;50.07133;14.53778
20260520_164448_L180;20260520_164448;20.05.2026;16:26:00;180;8;6903;17;U229Z2P;Dejvická;50.08725;14.37888
20260520_164448_L381;20260520_164448;20.05.2026;16:30:00;381;14;9371;13;U1475Z1;Čáslav,obchodní centrum;49.94744;15.21421
20260520_164448_L143;20260520_164448;20.05.2026;16:34:00;143;3;5057;11;U140Z5P;Dejvická;50.08912;14.38624
20260520_164448_L181;20260520_164448;20.05.2026;16:32:00;181;4;5081;13;U975Z1P;Opatov;50.0661;14.53648
20260520_164448_L136;20260520_164448;20.05.2026;16:35:00;136;30;5506;10;U474Z5P;Sídliště Čakovice;50.11032;14.50231
20260520_164448_L182;20260520_164448;20.05.2026;16:30:00;182;10;3876;14;U708Z2P;Kbelský hřbitov;50.07716;14.53809
20260520_164448_L183;20260520_164448;20.05.2026;16:34:00;183;8;6962;10;U552Z2P;Sídliště Ďáblice;50.06924;14.53743
20260520_164448_L180;20260520_164448;20.05.2026;16:34:00;180;12;5124;10;U229Z2P;Dejvická;50.08671;14.37366
20260520_164448_L229;20260520_164448;20.05.2026;16:34:00;229;9;4514;10;U1099Z2P;Depo Hostivař;50.05673;14.56202
20260520_164448_L154;20260520_164448;20.05.2026;16:31:00;154;3;3833;14;U1038Z1P;Sídliště Libuš;50.01184;14.51405
20260520_164448_L136;20260520_164448;20.05.2026;16:33:00;136;33;5515;11;U1074Z4P;Jižní Město;50.09433;14.4739
20260520_164448_L391;20260520_164448;20.05.2026;16:30:00;391;34;9186;12;U2315Z1;Úvaly,OC Pražská;50.07326;14.72531
20260520_164448_L167;20260520_164448;20.05.2026;16:28:00;167;6;5002;15;U240Z4P;Na Knížecí;50.06987;14.3742
20260520_164448_L136;20260520_164448;20.05.2026;16:31:00;136;2;6735;13;U451Z1P;Sídliště Čakovice;50.15095;14.51514
20260520_164448_L204;20260520_164448;20.05.2026;16:33:00;204;72;9016;11;U6004Z1P;Stavební zóna Horní Počernice;50.10045;14.61124
20260520_164448_L155;20260520_164448;20.05.2026;16:33:00;155;1;9120;11;U357Z1P;Nemocnice Vinohrady;50.08624;14.48201
20260520_164448_L696;20260520_164448;20.05.2026;16:33:00;696;1;1815;11;U2910Z1;Mělník,aut.nádr.;50.33077;14.53346
20260520_164448_L312;20260520_164448;20.05.2026;16:30:00;312;2;4539;14;U157Z6;Tuchoměřice,Špejchar;50.09931;14.36431
20260520_164849_L444;20260520_164849;20.05.2026;16:34:00;444;30;9173;13;U1567Z1;Davle,obec;49.89267;14.55421
20260520_164849_L136;20260520_164849;20.05.2026;16:37:00;136;4;6803;11;U1074Z3P;Sídliště Čakovice;50.09584;14.47679
20260520_164849_L125;20260520_164849;20.05.2026;16:39:00;125;11;6846;10;U677Z2P;Skalka;50.05623;14.53671
20260520_164849_L180;20260520_164849;20.05.2026;16:37:00;180;15;6899;11;U1141Z14P;Obchodní centrum Zličín;50.0551;14.29038
20260520_164849_L177;20260520_164849;20.05.2026;16:38:00;177;15;6957;10;U574Z2P;Poliklinika Mazurská;50.09218;14.51156
20260520_164849_L400;20260520_164849;20.05.2026;16:34:00;400;6;11628;12;U3316Z4;Praha,Střížkov;50.3928;14.46263
20260520_164849_L181;20260520_164849;20.05.2026;16:38:00;181;3;5558;10;U708Z2P;Černý Most;50.07774;14.53807
20260520_164849_L168;20260520_164849;20.05.2026;16:37:00;168;1;2085;11;U700Z2P;Bílá Hora;50.08309;14.31146
20260520_164849_L747;20260520_164849;20.05.2026;16:18:00;747;44;8016;29;U3326Z1;Hostín;50.34063;14.51162
20260520_164849_L312;20260520_164849;20.05.2026;16:37:00;312;3;4532;11;U199Z3;Praha,Bořislavka;50.10724;14.35345
20260520_164849_L136;20260520_164849;20.05.2026;16:38:00;136;5;5543;10;U69Z1P;Sídliště Čakovice;50.08918;14.46296
20260520_164849_L352;20260520_164849;20.05.2026;16:35:00;352;5;4170;11;U122Z1;Jinočany,náměstí;50.03497;14.31485
20260520_164849_L216;20260520_164849;20.05.2026;16:38:00;216;12;2053;10;U157Z9P;Poliklinika Petřiny;50.09852;14.36515
20260520_164849_L183;20260520_164849;20.05.2026;16:37:00;183;8;6962;11;U708Z2P;Sídliště Ďáblice;50.07773;14.5381
20260520_164849_L176;20260520_164849;20.05.2026;16:35:00;176;4;4058;14;U208Z4P;Karlovo náměstí;50.07565;14.41397
20260520_164849_L382;20260520_164849;20.05.2026;16:35:00;382;5;9377;13;U2137Z1;Sázava,aut.st.;50.02565;14.61973
20260520_164849_L493;20260520_164849;20.05.2026;16:38:00;493;20;8601;10;U3160Z1;Nymburk,hl.nádr.;50.1374;15.09552
20260520_164849_L112;20260520_164849;20.05.2026;16:38:00;112;25;6880;10;U241Z2P;Nádraží Holešovice;50.11727;14.43292
20260520_164849_L133;20260520_164849;20.05.2026;16:37:00;133;7;3953;12;U3018Z1P;Sídliště Malešice;50.08918;14.44332
20260520_164849_L183;20260520_164849;20.05.2026;16:37:00;183;15;6848;12;U453Z10P;Háje;50.05298;14.53614
20260520_164849_L170;20260520_164849;20.05.2026;16:38:00;170;12;3864;11;U43Z2P;Jižní Město;50.03505;14.51533
20260520_164849_L143;20260520_164849;20.05.2026;16:36:00;143;3;5057;12;U867Z1P;Dejvická;50.09397;14.39009
20260520_164849_L177;20260520_164849;20.05.2026;16:38:00;177;14;6844;10;U603Z3P;Poliklinika Mazurská;50.11956;14.4978
20260520_164849_L167;20260520_164849;20.05.2026;16:36:00;167;54;5066;11;U240Z4P;Na Knížecí;50.06988;14.3757
20260520_164849_L467;20260520_164849;20.05.2026;16:38:00;467;58;8069;10;U9165Z1;Mladá Boleslav,aut.st.;50.31275;14.59116
20260520_164849_L339;20260520_164849;20.05.2026;16:38:00;339;17;9952;10;U4861Z2;Praha,Budějovická;49.99605;14.48683
20260520_164849_L765;20260520_164849;20.05.2026;16:36:00;765;36;8130;12;U1886Z2;Sibřina;49.99459;14.68317
20260520_164849_L181;20260520_164849;20.05.2026;16:35:00;181;4;5081;13;U453Z6P;Opatov;50.05301;14.53489
20260520_164849_L228;20260520_164849;20.05.2026;16:34:00;228;12;9013;12;U107Z1P;Poliklinika Malešice;50.06984;14.57671
20260520_164849_L133;20260520_164849;20.05.2026;16:35:00;133;10;3967;13;U34Z2P;Florenc;50.08923;14.46855
20260520_164849_L307;20260520_164849;20.05.2026;16:37:00;307;14;8976;10;U1685Z1;Kladno,autobusové nádraží;50.08027;14.14013
20260520_164849_L177;20260520_164849;20.05.2026;16:38:00;177;2;6788;10;U827Z2P;Poliklinika Mazurská;50.07851;14.50813
20260520_164849_L108;20260520_164849;20.05.2026;16:38:00;108;3;2074;10;U1168Z1P;Dejvická;50.08681;14.31948
20260520_164849_L191;20260520_164849;20.05.2026;16:38:00;191;9;3808;10;U661Z1P;Klamovka;50.08989;14.31008
20260520_164849_L191;20260520_164849;20.05.2026;16:39:00;191;7;3804;10;U443Z1P;Dědina;50.07294;14.37804
20260520_164849_L133;20260520_164849;20.05.2026;16:36:00;133;1;3002;12;U69Z1P;Sídliště Malešice;50.08957;14.46424
20260520_164849_L180;20260520_164849;20.05.2026;16:36:00;180;4;5046;13;U182Z1P;Obchodní centrum Zličín;50.08906;14.38171
20260520_164849_L136;20260520_164849;20.05.2026;16:34:00;136;54;6885;15;U603Z1P;Sídliště Čakovice;50.1187;14.49968
20260520_164849_L489;20260520_164849;20.05.2026;16:35:00;489;26;1647;13;U2008Z3;Strančice,žel.st.;49.98931;14.7405
20260520_164849_L384;20260520_164849;20.05.2026;16:37:00;384;16;9867;10;U1746Z2;Praha,Zličín;49.96287;14.07024
20260520_164849_L385;20260520_164849;20.05.2026;16:35:00;385;19;1584;13;U2142Z12;Zvánovice;49.99638;14.66304
20260520_164849_L110;20260520_164849;20.05.2026;16:34:00;110;7;8106;14;U193Z1P;Dolní Počernice;50.08757;14.5589
20260520_164849_L155;20260520_164849;20.05.2026;16:34:00;155;2;9185;13;U1018Z2P;Poliklinika Malešice;50.08581;14.50972
20260520_164849_L155;20260520_164849;20.05.2026;16:36:00;155;1;9120;10;U575Z2P;Nemocnice Vinohrady;50.07824;14.47633
20260520_164849_L227;20260520_164849;20.05.2026;16:36:00;227;10;1598;12;U338Z2P;Háje;50.03286;14.55796
20260520_164849_L370;20260520_164849;20.05.2026;16:33:00;370;2;8110;14;U2231Z1;Kralupy n.Vlt.,žel.st.;50.24982;14.31923
20260520_164849_L380;20260520_164849;20.05.2026;16:36:00;380;6;9974;12;U4272Z1;Králův Dvůr,Počaply,Obchodní centrum;49.96889;14.07949
20260520_164849_L381;20260520_164849;20.05.2026;16:36:00;381;14;9371;12;U2479Z1;Čáslav,obchodní centrum;49.95034;15.26152
20260520_164849_L229;20260520_164849;20.05.2026;16:37:00;229;9;4514;11;U310Z2P;Depo Hostivař;50.06455;14.55127
20260520_164849_L335;20260520_164849;20.05.2026;16:36:00;335;6;9131;11;U1536Z4;Praha,Budějovická;49.9172;14.59279
20260520_164849_L345;20260520_164849;20.05.2026;16:35:00;345;17;1865;12;U3395Z2;Praha,Černý Most;50.43558;14.92858
20260520_164849_L824;20260520_164849;20.05.2026;16:33:00;824;51;1614;13;U1984Z1;Kolín,nádraží;49.97272;14.97058
20260520_164849_L740;20260520_164849;20.05.2026;16:38:00;740;20;7627;10;U6982Z2;Golčův Jeníkov,nám.TGM;49.8592;15.44958
20260520_164849_L785;20260520_164849;20.05.2026;16:37:00;785;23;7619;10;U6666Z2;Kolín,nádraží;50.02425;15.21373
20260520_164849_L696;20260520_164849;20.05.2026;16:36:00;696;1;1815;12;U3328Z2;Mělník,aut.nádr.;50.34353;14.50022
20260520_164849_L470;20260520_164849;20.05.2026;16:36:00;470;7;8122;12;U1784Z1;Obříství,Štěpánský most;50.29601;14.47839
20260520_164849_L443;20260520_164849;20.05.2026;16:38:00;443;12;8610;10;U2594Z1;Nymburk,hl.nádr.;50.15909;15.00953
20260520_164849_L712;20260520_164849;20.05.2026;15:48:00;712;6;9590;60;U6251Z1;Bělá p.Bezd.,Bezdědice;50.48297;14.70496
20260520_164849_L164;20260520_164849;20.05.2026;16:38:00;164;5;1968;10;U3245Z2P;Malovanka;50.08242;14.34318
20260520_164849_L171;20260520_164849;20.05.2026;16:34:00;171;11;1488;13;U1129Z1P;Ve Žlíbku;50.10782;14.57397
20260520_164849_L203;20260520_164849;20.05.2026;16:38:00;203;4;1915;10;U424Z1P;Háje;50.03262;14.50197
20260520_164849_L203;20260520_164849;20.05.2026;16:38:00;203;7;1947;10;U386Z12P;Poliklinika Budějovická;50.03186;14.52334
20260520_164849_L204;20260520_164849;20.05.2026;16:37:00;204;73;9467;11;U820Z2P;Sídliště Petrovice;50.07272;14.55577
20260520_164849_L204;20260520_164849;20.05.2026;16:36:00;204;72;9016;12;U845Z1P;Stavební zóna Horní Počernice;50.10906;14.60434
20260520_164849_L300;20260520_164849;20.05.2026;16:34:00;300;2;8993;14;U3094Z1;Smečno;50.14323;14.09694
20260520_164849_L638;20260520_164849;20.05.2026;16:37:00;638;46;9594;11;U9037Z2;Beroun,autobusové nádraží;49.86877;14.1153
20260520_164849_L641;20260520_164849;20.05.2026;16:37:00;641;19;9440;11;U9856Z1;Beroun,autobusové nádraží;49.86701;13.92962
20260520_164849_L548;20260520_164849;20.05.2026;16:34:00;548;12;9511;15;U7348Z2;Zbiroh,nám.;49.84985;13.83515
20260520_164849_L136;20260520_164849;20.05.2026;16:35:00;136;3;6724;13;U498Z1P;Sídliště Čakovice;50.10014;14.49166
20260520_164849_L639;20260520_164849;20.05.2026;16:28:00;639;15;9540;18;U9812Z2;Hostomice,nám.;49.8258;14.04506
20260520_164849_L398;20260520_164849;20.05.2026;16:37:00;398;27;1679;10;U188Z2;Praha,Černý Most;50.11029;14.58379
20260520_164849_L136;20260520_164849;20.05.2026;16:33:00;136;33;5515;14;U1074Z4P;Jižní Město;50.09344;14.47281
20260520_164849_L180;20260520_164849;20.05.2026;16:34:00;180;12;5124;14;U229Z2P;Dejvická;50.08707;14.37683
20260520_164849_L124;20260520_164849;20.05.2026;16:33:00;124;8;5113;13;U921Z10P;Smíchovské nádraží;50.07501;14.46826
20260520_164849_L121;20260520_164849;20.05.2026;16:34:00;121;8;2320;13;U71Z5P;Nádraží Braník;50.02287;14.40513
20260520_164849_L741;20260520_164849;20.05.2026;16:37:00;741;13;7638;10;U7291Z1;Čáslav,aut.st.;49.86001;15.38817
20260520_164849_L149;20260520_164849;20.05.2026;16:39:00;149;5;4196;10;U685Z3P;Stodůlky-Bavorská;50.0545;14.37147
20260520_164849_L484;20260520_164849;20.05.2026;16:34:00;484;21;8026;14;U2315Z1;Úvaly,žel.st.;50.07423;14.7231
20260520_164849_L456;20260520_164849;20.05.2026;16:35:00;456;45;7071;13;U32140Z2;Miličín;49.59237;14.79076
20260520_164849_L166;20260520_164849;20.05.2026;16:36:00;166;1;1941;12;U603Z5P;Domov seniorů Ďáblice;50.11895;14.49489
20260520_165250_L133;20260520_165250;20.05.2026;16:38:00;133;1;3002;13;U512Z8P;Sídliště Malešice;50.09021;14.46711
20260520_165250_L364;20260520_165250;20.05.2026;16:40:00;364;1;4527;11;U336Z1;Doubek;50.03002;14.60096
20260520_165250_L168;20260520_165250;20.05.2026;16:40:00;168;1;2085;13;U104Z2P;Bílá Hora;50.0775;14.30419
20260520_165250_L133;20260520_165250;20.05.2026;16:38:00;133;10;3967;14;U69Z2P;Florenc;50.08886;14.46096
20260520_165250_L824;20260520_165250;20.05.2026;16:41:00;824;51;1614;10;U2301Z3;Kolín,nádraží;50.004;14.97334
20260520_165250_L171;20260520_165250;20.05.2026;16:38:00;171;11;1488;13;U897Z5P;Ve Žlíbku;50.10854;14.57535
20260520_165250_L662;20260520_165250;20.05.2026;16:41:00;662;11;1688;10;U2422Z2;Kounice;50.10478;14.83387
20260520_165250_L181;20260520_165250;20.05.2026;16:40:00;181;3;5558;12;U538Z1P;Černý Most;50.08578;14.5379
20260520_165250_L136;20260520_165250;20.05.2026;16:41:00;136;4;6803;11;U498Z1P;Sídliště Čakovice;50.10011;14.49166
20260520_165250_L467;20260520_165250;20.05.2026;16:40:00;467;58;8069;10;U9166Z2;Mladá Boleslav,aut.st.;50.32286;14.62302
20260520_165250_L136;20260520_165250;20.05.2026;16:38:00;136;5;5543;12;U69Z1P;Sídliště Čakovice;50.08987;14.46567
20260520_165250_L133;20260520_165250;20.05.2026;16:42:00;133;51;3888;10;U689Z6P;Sídliště Malešice;50.09047;14.44164
20260520_165250_L183;20260520_165250;20.05.2026;16:41:00;183;15;6848;12;U2707Z1P;Háje;50.04661;14.54859
20260520_165250_L143;20260520_165250;20.05.2026;16:38:00;143;4;6864;13;U981Z1P;Dejvická;50.08507;14.38524
20260520_165250_L176;20260520_165250;20.05.2026;16:40:00;176;5;3687;12;U4Z4P;Karlovo náměstí;50.07694;14.4054
20260520_165250_L312;20260520_165250;20.05.2026;16:37:00;312;3;4532;15;U199Z3;Praha,Bořislavka;50.10535;14.35574
20260520_165250_L229;20260520_165250;20.05.2026;16:41:00;229;9;4514;11;U389Z2P;Depo Hostivař;50.07221;14.53576
20260520_165250_L110;20260520_165250;20.05.2026;16:38:00;110;7;8106;14;U801Z1P;Dolní Počernice;50.08714;14.57154
20260520_165250_L166;20260520_165250;20.05.2026;16:39:00;166;1;1941;13;U993Z2P;Domov seniorů Ďáblice;50.11717;14.47284
20260520_165250_L204;20260520_165250;20.05.2026;16:39:00;204;72;9016;13;U30Z2P;Stavební zóna Horní Počernice;50.1138;14.61355
20260520_165250_L300;20260520_165250;20.05.2026;16:40:00;300;2;8993;12;U2889Z1;Smečno;50.14116;14.08331
20260520_165250_L484;20260520_165250;20.05.2026;16:34:00;484;21;8026;16;U2315Z1;Úvaly,žel.st.;50.07423;14.7231
20260520_165250_L456;20260520_165250;20.05.2026;16:39:00;456;45;7071;12;U32147Z2;Miličín;49.60108;14.75991
20260520_165250_L125;20260520_165250;20.05.2026;16:43:00;125;20;5060;10;U338Z1P;Skalka;50.03314;14.55949
20260520_165250_L382;20260520_165250;20.05.2026;16:41:00;382;4;9367;10;U402Z2;Praha,Háje;50.03615;14.56807
20260520_165250_L395;20260520_165250;20.05.2026;16:42:00;395;33;9857;10;U9754Z2;Příbram,Březové Hory;49.6742;13.99045
20260520_165250_L385;20260520_165250;20.05.2026;16:38:00;385;19;1584;13;U6794Z1;Zvánovice;49.99652;14.67573
20260520_165250_L335;20260520_165250;20.05.2026;16:39:00;335;6;9131;12;U1561Z11;Praha,Budějovická;49.92068;14.62149
20260520_165250_L164;20260520_165250;20.05.2026;16:42:00;164;5;1968;10;U844Z4P;Malovanka;50.08932;14.34963
20260520_165250_L227;20260520_165250;20.05.2026;16:39:00;227;10;1598;13;U151Z2P;Háje;50.03115;14.53232
20260520_165250_L203;20260520_165250;20.05.2026;16:41:00;203;7;1947;11;U4174Z1P;Poliklinika Budějovická;50.0365;14.52577
20260520_165250_L204;20260520_165250;20.05.2026;16:38:00;204;73;9467;14;U793Z2P;Sídliště Petrovice;50.07218;14.55231
20260520_165250_L472;20260520_165250;20.05.2026;16:41:00;472;35;8005;10;U2188Z1;Kostelec n.L.,Nám.;50.23825;14.5929
20260520_165250_L380;20260520_165250;20.05.2026;16:39:00;380;6;9974;13;U4964Z1;Králův Dvůr,Počaply,Obchodní centrum;49.96437;14.06251
20260520_165250_L381;20260520_165250;20.05.2026;16:40:00;381;14;9371;11;U2480Z7;Čáslav,obchodní centrum;49.9553;15.2737
20260520_165250_L307;20260520_165250;20.05.2026;16:40:00;307;14;8976;12;U1686Z3;Kladno,autobusové nádraží;50.08528;14.13217
20260520_165250_L136;20260520_165250;20.05.2026;16:33:00;136;33;5515;17;U1074Z4P;Jižní Město;50.09177;14.46883
20260520_165250_L181;20260520_165250;20.05.2026;16:43:00;181;6;6790;10;U403Z7P;Černý Most;50.05282;14.52377
20260520_165250_L155;20260520_165250;20.05.2026;16:39:00;155;2;9185;12;U1387Z1P;Poliklinika Malešice;50.07986;14.50472
20260520_165250_L197;20260520_165250;20.05.2026;16:43:00;197;52;6940;10;U658Z4P;Sídliště Písnice;50.01612;14.43645
20260520_165250_L181;20260520_165250;20.05.2026;16:40:00;181;4;5081;12;U160Z1P;Opatov;50.04971;14.52678
20260520_165250_L177;20260520_165250;20.05.2026;16:43:00;177;2;6788;10;U2703Z2P;Poliklinika Mazurská;50.08884;14.51387
20260520_165250_L154;20260520_165250;20.05.2026;16:38:00;154;3;3833;15;U309Z2P;Sídliště Libuš;50.01347;14.48652
20260520_165250_L216;20260520_165250;20.05.2026;16:42:00;216;12;2053;11;U577Z2P;Poliklinika Petřiny;50.09521;14.37517
20260520_165250_L785;20260520_165250;20.05.2026;16:37:00;785;23;7619;14;U6666Z2;Kolín,nádraží;50.02424;15.2137
20260520_165250_L180;20260520_165250;20.05.2026;16:40:00;180;4;5046;12;U44Z1P;Obchodní centrum Zličín;50.08553;14.36466
20260520_165250_L180;20260520_165250;20.05.2026;16:41:00;180;13;6941;10;U229Z2P;Dejvická;50.0872;14.37792
20260520_165250_L170;20260520_165250;20.05.2026;16:40:00;170;12;3864;12;U386Z1P;Jižní Město;50.03033;14.52459
20260520_165250_L765;20260520_165250;20.05.2026;16:39:00;765;36;8130;13;U1878Z2;Sibřina;49.99943;14.66711
20260520_165250_L136;20260520_165250;20.05.2026;16:39:00;136;15;6809;12;U1074Z4P;Jižní Město;50.09273;14.47121
20260520_165250_L444;20260520_165250;20.05.2026;16:40:00;444;30;9173;12;U1570Z1;Davle,obec;49.90065;14.52551
20260520_165250_L191;20260520_165250;20.05.2026;16:42:00;191;7;3804;10;U176Z1P;Dědina;50.07796;14.38055
20260520_165250_L182;20260520_165250;20.05.2026;16:42:00;182;11;3713;11;U552Z2P;Kbelský hřbitov;50.06994;14.53748
20260520_165250_L191;20260520_165250;20.05.2026;16:40:00;191;9;3808;12;U85Z1P;Klamovka;50.09262;14.32385
20260520_165250_L146;20260520_165250;20.05.2026;16:39:00;146;3;9152;13;U694Z3P;Vinice Hrdlořezy;50.09032;14.50431
20260520_165250_L137;20260520_165250;20.05.2026;16:41:00;137;8;3818;12;U174Z4P;Na Knížecí;50.05672;14.37103
20260520_165250_L207;20260520_165250;20.05.2026;16:40:00;207;19;3851;12;U512Z8P;Ohrada;50.09023;14.46744
20260520_165250_L641;20260520_165250;20.05.2026;16:37:00;641;19;9440;14;U9856Z1;Beroun,autobusové nádraží;49.88163;13.92607
20260520_165250_L489;20260520_165250;20.05.2026;16:35:00;489;26;1647;17;U2008Z3;Strančice,žel.st.;49.9894;14.74062
20260520_165250_L493;20260520_165250;20.05.2026;16:42:00;493;20;8601;10;U3029Z1;Nymburk,hl.nádr.;50.1611;15.08281
20260520_165250_L678;20260520_165250;20.05.2026;16:41:00;678;33;8557;10;U1442Z4;Pečky,žel.st.;50.09047;15.02075
20260520_165250_L177;20260520_165250;20.05.2026;16:42:00;177;15;6957;10;U13Z1P;Poliklinika Mazurská;50.09553;14.49607
20260520_165250_L339;20260520_165250;20.05.2026;16:42:00;339;17;9952;10;U799Z3;Praha,Budějovická;50.01167;14.47662
20260520_165250_L712;20260520_165250;20.05.2026;15:48:00;712;6;9590;64;U6251Z1;Bělá p.Bezd.,Bezdědice;50.48297;14.70496
20260520_165250_L136;20260520_165250;20.05.2026;16:38:00;136;3;6724;13;U134Z5P;Sídliště Čakovice;50.10664;14.50246
20260520_165250_L124;20260520_165250;20.05.2026;16:38:00;124;8;5113;14;U268Z1P;Smíchovské nádraží;50.07067;14.46065
20260520_165250_L177;20260520_165250;20.05.2026;16:42:00;177;17;6763;10;U543Z1P;Poliklinika Mazurská;50.12586;14.44223
20260520_165250_L133;20260520_165250;20.05.2026;16:41:00;133;7;3953;12;U2787Z1P;Sídliště Malešice;50.08835;14.45871
20260520_165250_L183;20260520_165250;20.05.2026;16:39:00;183;8;6962;13;U538Z1P;Sídliště Ďáblice;50.08581;14.53793
20260520_165250_L384;20260520_165250;20.05.2026;16:41:00;384;16;9867;11;U4273Z1;Praha,Zličín;49.96883;14.08051
20260520_165250_L741;20260520_165250;20.05.2026;16:40:00;741;13;7638;10;U7293Z1;Čáslav,aut.st.;49.86431;15.39504
20260520_165250_L638;20260520_165250;20.05.2026;16:39:00;638;46;9594;11;U4283Z4;Beroun,autobusové nádraží;49.88157;14.10801
20260520_165250_L108;20260520_165250;20.05.2026;16:41:00;108;3;2074;11;U700Z4P;Dejvická;50.08298;14.31125
20260520_165250_L167;20260520_165250;20.05.2026;16:38:00;167;54;5066;13;U254Z6P;Na Knížecí;50.07048;14.38596
20260520_165250_L181;20260520_165250;20.05.2026;16:41:00;181;1;5058;11;U538Z2P;Opatov;50.08393;14.53795
20260520_165650_L108;20260520_165650;20.05.2026;16:44:00;108;3;2074;12;U630Z1P;Dejvická;50.08795;14.32573
20260520_165650_L124;20260520_165650;20.05.2026;16:43:00;124;8;5113;14;U813Z1P;Smíchovské nádraží;50.06511;14.45244
20260520_165650_L125;20260520_165650;20.05.2026;16:44:00;125;11;6846;11;U1068Z2P;Skalka;50.06889;14.5141
20260520_165650_L125;20260520_165650;20.05.2026;16:46:00;125;20;5060;11;U978Z2P;Skalka;50.04012;14.55887
20260520_165650_L133;20260520_165650;20.05.2026;16:42:00;133;7;3953;14;U69Z1P;Sídliště Malešice;50.08912;14.46233
20260520_165650_L133;20260520_165650;20.05.2026;16:42:00;133;10;3967;14;U789Z2P;Florenc;50.08698;14.44486
20260520_165650_L136;20260520_165650;20.05.2026;16:44:00;136;4;6803;11;U134Z5P;Sídliště Čakovice;50.10172;14.50323
20260520_165650_L136;20260520_165650;20.05.2026;16:44:00;136;6;5021;11;U69Z1P;Sídliště Čakovice;50.08968;14.46494
20260520_165650_L136;20260520_165650;20.05.2026;16:45:00;136;16;5546;10;U1074Z4P;Jižní Město;50.09254;14.471
20260520_165650_L136;20260520_165650;20.05.2026;16:39:00;136;15;6809;14;U1074Z4P;Jižní Město;50.09226;14.46982
20260520_165650_L137;20260520_165650;20.05.2026;16:43:00;137;8;3818;13;U396Z4P;Na Knížecí;50.05848;14.37449
20260520_165650_L146;20260520_165650;20.05.2026;16:42:00;146;3;9152;14;U4261Z1P;Vinice Hrdlořezy;50.0972;14.51103
20260520_165650_L146;20260520_165650;20.05.2026;16:45:00;146;5;9154;10;U128Z2P;Želivského;50.08691;14.48805
20260520_165650_L149;20260520_165650;20.05.2026;16:46:00;149;5;4196;10;U602Z4P;Stodůlky-Bavorská;50.05107;14.35169
20260520_165650_L149;20260520_165650;20.05.2026;16:42:00;149;2;3817;14;U1130Z2P;Dejvická;50.05407;14.33934
20260520_165650_L161;20260520_165650;20.05.2026;16:46:00;161;1;3943;10;U440Z2P;Bořislavka;50.1085;14.35202
20260520_165650_L163;20260520_165650;20.05.2026;16:45:00;163;59;9411;10;U389Z1P;Sídliště Rohožník;50.0696;14.54303
20260520_165650_L163;20260520_165650;20.05.2026;16:46:00;163;57;9151;10;U820Z2P;Depo Hostivař;50.07311;14.55677
20260520_165650_L164;20260520_165650;20.05.2026;16:44:00;164;5;1968;12;U3045Z2P;Malovanka;50.08804;14.35812
20260520_165650_L167;20260520_165650;20.05.2026;16:38:00;167;54;5066;15;U254Z6P;Na Knížecí;50.07128;14.39244
20260520_165650_L168;20260520_165650;20.05.2026;16:42:00;168;1;2085;13;U558Z2P;Bílá Hora;50.07565;14.31563
20260520_165650_L171;20260520_165650;20.05.2026;16:38:00;171;11;1488;15;U897Z5P;Ve Žlíbku;50.11144;14.5911
20260520_165650_L176;20260520_165650;20.05.2026;16:47:00;176;7;4004;10;U148Z1P;Stadion Strahov;50.07438;14.39569
20260520_165650_L176;20260520_165650;20.05.2026;16:46:00;176;3;4088;10;U481Z4P;Karlovo náměstí;50.07863;14.40427
20260520_165650_L176;20260520_165650;20.05.2026;16:43:00;176;5;3687;12;U208Z4P;Karlovo náměstí;50.07566;14.41502
20260520_165650_L177;20260520_165650;20.05.2026;16:47:00;177;17;6763;10;U511Z1P;Poliklinika Mazurská;50.13087;14.42563
20260520_165650_L180;20260520_165650;20.05.2026;16:40:00;180;4;5046;14;U44Z1P;Obchodní centrum Zličín;50.08274;14.35647
20260520_165650_L180;20260520_165650;20.05.2026;16:45:00;180;13;6941;11;U867Z1P;Dejvická;50.094;14.39014
20260520_165650_L181;20260520_165650;20.05.2026;16:46:00;181;3;5558;10;U207Z2P;Černý Most;50.094;14.5457
20260520_165650_L181;20260520_165650;20.05.2026;16:43:00;181;1;5058;14;U747Z1P;Opatov;50.07938;14.53789
20260520_165650_L181;20260520_165650;20.05.2026;16:46:00;181;4;5081;11;U99Z1P;Opatov;50.03799;14.50932
20260520_165650_L182;20260520_165650;20.05.2026;16:42:00;182;10;3876;14;U13Z1P;Kbelský hřbitov;50.09551;14.49607
20260520_165650_L182;20260520_165650;20.05.2026;16:46:00;182;11;3713;10;U747Z2P;Kbelský hřbitov;50.08393;14.53832
20260520_165650_L183;20260520_165650;20.05.2026;16:45:00;183;8;6962;12;U574Z2P;Sídliště Ďáblice;50.09239;14.51269
20260520_165650_L183;20260520_165650;20.05.2026;16:44:00;183;13;6734;12;U747Z1P;Háje;50.07939;14.53786
20260520_165650_L183;20260520_165650;20.05.2026;16:43:00;183;15;6848;13;U1069Z1P;Háje;50.04769;14.56524
20260520_165650_L191;20260520_165650;20.05.2026;16:46:00;191;9;3808;10;U541Z7P;Klamovka;50.08599;14.33921
20260520_165650_L203;20260520_165650;20.05.2026;16:46:00;203;4;1915;10;U1020Z2P;Háje;50.03112;14.52384
20260520_165650_L203;20260520_165650;20.05.2026;16:45:00;203;7;1947;11;U381Z1P;Poliklinika Budějovická;50.03357;14.50422
20260520_165650_L204;20260520_165650;20.05.2026;16:42:00;204;72;9016;14;U862Z1P;Stavební zóna Horní Počernice;50.11715;14.62357
20260520_165650_L207;20260520_165650;20.05.2026;16:46:00;207;11;3987;11;U512Z8P;Ohrada;50.09008;14.46636
20260520_165650_L216;20260520_165650;20.05.2026;16:45:00;216;12;2053;11;U867Z6P;Poliklinika Petřiny;50.09375;14.38828
20260520_165650_L857;20260520_165650;20.05.2026;16:45:00;857;15;7325;10;U4239Z2;Zákolany;50.25295;14.31138
20260520_165650_L300;20260520_165650;20.05.2026;16:43:00;300;2;8993;13;U1782Z1;Smečno;50.1407;14.06552
20260520_165650_L301;20260520_165650;20.05.2026;16:45:00;301;2;4171;11;U1089Z1;Chýnice;50.03036;14.30485
20260520_165650_L339;20260520_165650;20.05.2026;16:45:00;339;17;9952;11;U908Z2;Praha,Budějovická;50.02354;14.46077
20260520_165650_L349;20260520_165650;20.05.2026;16:46:00;349;30;8209;10;U1794Z1;Mělník,Podolí;50.35448;14.48084
20260520_165650_L364;20260520_165650;20.05.2026;16:44:00;364;1;4527;12;U2137Z1;Doubek;50.02784;14.61582
20260520_165650_L380;20260520_165650;20.05.2026;16:45:00;380;6;9974;11;U4766Z1;Králův Dvůr,Počaply,Obchodní centrum;49.95588;14.0494
20260520_165650_L381;20260520_165650;20.05.2026;16:45:00;381;14;9371;11;U2482Z1;Čáslav,obchodní centrum;49.95767;15.28124
20260520_165650_L382;20260520_165650;20.05.2026;16:43:00;382;5;9377;12;U1878Z1;Sázava,aut.st.;49.9981;14.67133
20260520_165650_L382;20260520_165650;20.05.2026;16:43:00;382;4;9367;10;U967Z2;Praha,Háje;50.03361;14.53888
20260520_165650_L383;20260520_165650;20.05.2026;16:42:00;383;44;9488;14;U2046Z1;Chocerady;49.90431;14.78476
20260520_165650_L384;20260520_165650;20.05.2026;16:41:00;384;16;9867;13;U4273Z1;Praha,Zličín;49.97597;14.10329
20260520_165650_L395;20260520_165650;20.05.2026;16:44:00;395;33;9857;11;U9747Z1;Příbram,Březové Hory;49.67668;13.98231
20260520_165650_L400;20260520_165650;20.05.2026;16:43:00;400;6;11628;12;U1794Z2;Praha,Střížkov;50.35135;14.4854
20260520_165650_L444;20260520_165650;20.05.2026;16:42:00;444;30;9173;12;U1571Z1;Davle,obec;49.89513;14.50183
20260520_165650_L456;20260520_165650;20.05.2026;16:44:00;456;45;7071;12;U6581Z3;Miličín;49.59941;14.72667
20260520_165650_L466;20260520_165650;20.05.2026;16:45:00;466;12;8077;10;U4248Z1;Mělník,aut.nádr.;50.24873;14.31803
20260520_165650_L484;20260520_165650;20.05.2026;16:34:00;484;21;8026;22;U2315Z1;Úvaly,žel.st.;50.07423;14.7231
20260520_165650_L493;20260520_165650;20.05.2026;16:45:00;493;20;8601;11;U3100Z1;Nymburk,hl.nádr.;50.17633;15.0527
20260520_165650_L531;20260520_165650;20.05.2026;16:42:00;531;1;9536;14;U9673Z1;Příbram,aut.nádr. (ul. Čs.armády);49.7561;14.01121
20260520_165650_L638;20260520_165650;20.05.2026;16:44:00;638;46;9594;11;U9051Z1;Beroun,autobusové nádraží;49.89356;14.08653
20260520_165650_L640;20260520_165650;20.05.2026;16:42:00;640;28;9424;13;U9810Z1;Hostomice,nám.;49.82572;14.0451
20260520_165650_L641;20260520_165650;20.05.2026;16:37:00;641;19;9440;18;U9856Z1;Beroun,autobusové nádraží;49.88154;13.95469
20260520_165650_L667;20260520_165650;20.05.2026;16:45:00;667;22;8052;10;U1829Z3;Brandýs n.L.-St.Bol.,Nádr.;50.19497;14.67366
20260520_165650_L712;20260520_165650;20.05.2026;15:48:00;712;6;9590;68;U6251Z1;Bělá p.Bezd.,Bezdědice;50.48297;14.70496
20260520_165650_L765;20260520_165650;20.05.2026;16:42:00;765;36;8130;14;U9364Z1;Sibřina;50.01174;14.66867
20260520_170051_L177;20260520_170051;20.05.2026;16:50:00;177;14;6844;11;U543Z1P;Poliklinika Mazurská;50.12587;14.44226
20260520_170051_L125;20260520_170051;20.05.2026;16:46:00;125;11;6846;15;U1076Z2P;Skalka;50.07025;14.50989
20260520_170051_L182;20260520_170051;20.05.2026;16:51:00;182;11;3713;10;U276Z2P;Kbelský hřbitov;50.09359;14.52471
20260520_170051_L163;20260520_170051;20.05.2026;16:50:00;163;56;9484;10;U28Z1P;Sídliště Rohožník;50.08092;14.61756
20260520_170051_L180;20260520_170051;20.05.2026;16:50:00;180;14;6907;11;U635Z3P;Obchodní centrum Zličín;50.06902;14.2959
20260520_170051_L120;20260520_170051;20.05.2026;16:48:00;120;5;3681;11;U817Z2P;Na Knížecí;50.06314;14.4054
20260520_170051_L180;20260520_170051;20.05.2026;16:45:00;180;13;6941;13;U867Z1P;Dejvická;50.09579;14.39616
20260520_170051_L163;20260520_170051;20.05.2026;16:49:00;163;59;9411;10;U1014Z1P;Sídliště Rohožník;50.07085;14.54251
20260520_170051_L182;20260520_170051;20.05.2026;16:46:00;182;5;4130;12;U276Z1P;Opatov;50.08868;14.53597
20260520_170051_L124;20260520_170051;20.05.2026;16:49:00;124;8;5113;12;U376Z3P;Smíchovské nádraží;50.05456;14.453
20260520_170051_L136;20260520_170051;20.05.2026;16:47:00;136;4;6803;11;U474Z5P;Sídliště Čakovice;50.11316;14.49689
20260520_170051_L136;20260520_170051;20.05.2026;16:45:00;136;16;5546;13;U1074Z4P;Jižní Město;50.09092;14.46823
20260520_170051_L133;20260520_170051;20.05.2026;16:42:00;133;7;3953;17;U69Z1P;Sídliště Malešice;50.08982;14.4656
20260520_170051_L136;20260520_170051;20.05.2026;16:48:00;136;3;6724;13;U606Z1P;Sídliště Čakovice;50.12213;14.50619
20260520_170051_L183;20260520_170051;20.05.2026;16:48:00;183;13;6734;13;U975Z1P;Háje;50.06608;14.53648
20260520_170051_L667;20260520_170051;20.05.2026;16:49:00;667;22;8052;11;U1827Z2;Brandýs n.L.-St.Bol.,Nádr.;50.1855;14.65983
20260520_170051_L161;20260520_170051;20.05.2026;16:47:00;161;1;3943;14;U199Z3P;Bořislavka;50.10788;14.35363
20260520_170051_L181;20260520_170051;20.05.2026;16:50:00;181;6;6790;10;U552Z2P;Černý Most;50.07003;14.53745
20260520_170051_L191;20260520_170051;20.05.2026;16:49:00;191;9;3808;10;U844Z4P;Klamovka;50.08834;14.35042
20260520_170051_L384;20260520_170051;20.05.2026;16:48:00;384;16;9867;12;U2372Z2;Praha,Zličín;49.98688;14.13558
20260520_170051_L125;20260520_170051;20.05.2026;16:49:00;125;20;5060;11;U732Z2P;Skalka;50.0435;14.55747
20260520_170051_L176;20260520_170051;20.05.2026;16:48:00;176;3;4088;12;U2713Z2P;Karlovo náměstí;50.07468;14.40878
20260520_170051_L108;20260520_170051;20.05.2026;16:46:00;108;3;2074;14;U334Z2P;Dejvická;50.08636;14.32928
20260520_170051_L176;20260520_170051;20.05.2026;16:49:00;176;7;4004;11;U168Z1P;Stadion Strahov;50.07515;14.39003
20260520_170051_L369;20260520_170051;20.05.2026;16:49:00;369;45;8282;10;U1795Z1;Štětí,záv.;50.35927;14.47151
20260520_170051_L146;20260520_170051;20.05.2026;16:46:00;146;5;9154;15;U834Z2P;Želivského;50.08701;14.48454
20260520_170051_L204;20260520_170051;20.05.2026;16:46:00;204;73;9467;14;U96Z1P;Sídliště Petrovice;50.06073;14.5567
20260520_170051_L380;20260520_170051;20.05.2026;16:48:00;380;6;9974;12;U1748Z1;Králův Dvůr,Počaply,Obchodní centrum;49.94795;14.03705
20260520_170051_L381;20260520_170051;20.05.2026;16:50:00;381;14;9371;10;U9367Z1;Čáslav,obchodní centrum;49.96207;15.29972
20260520_170051_L382;20260520_170051;20.05.2026;16:46:00;382;5;9377;13;U1886Z1;Sázava,aut.st.;49.98983;14.69813
20260520_170051_L456;20260520_170051;20.05.2026;16:48:00;456;45;7071;12;U6593Z1;Miličín;49.58321;14.70161
20260520_170051_L466;20260520_170051;20.05.2026;16:47:00;466;12;8077;12;U2235Z1;Mělník,aut.nádr.;50.24587;14.31488
20260520_170051_L712;20260520_170051;20.05.2026;15:48:00;712;6;9590;72;U6251Z1;Bělá p.Bezd.,Bezdědice;50.48297;14.70496
20260520_170051_L307;20260520_170051;20.05.2026;16:49:00;307;14;8976;11;U4595Z2;Kladno,autobusové nádraží;50.11909;14.12548
20260520_170051_L166;20260520_170051;20.05.2026;16:48:00;166;1;1941;12;U870Z3P;Domov seniorů Ďáblice;50.11754;14.46507
20260520_170051_L163;20260520_170051;20.05.2026;16:47:00;163;57;9151;13;U793Z2P;Depo Hostivař;50.07231;14.55315
20260520_170051_L171;20260520_170051;20.05.2026;16:49:00;171;10;1489;11;U538Z2P;Depo Hostivař;50.08458;14.53795
20260520_170051_L228;20260520_170051;20.05.2026;16:50:00;228;11;9044;10;U136Z1P;Benice;50.02853;14.59898
20260520_170051_L203;20260520_170051;20.05.2026;16:48:00;203;7;1947;12;U181Z2P;Poliklinika Budějovická;50.04041;14.49005
20260520_170051_L240;20260520_170051;20.05.2026;16:50:00;240;10;1752;10;U897Z11P;Černý Most;50.10984;14.57482
20260520_170051_L300;20260520_170051;20.05.2026;16:47:00;300;2;8993;13;U4793Z1;Smečno;50.16054;14.04895
20260520_170051_L300;20260520_170051;20.05.2026;16:49:00;300;8;8974;10;U3094Z1;Kladno,u kostela;50.14504;14.09559
20260520_170051_L300;20260520_170051;20.05.2026;16:51:00;300;22;8998;10;U4304Z1;Libušín,náměstí;50.15147;14.18128
20260520_170051_L164;20260520_170051;20.05.2026;16:46:00;164;5;1968;13;U2608Z2P;Malovanka;50.08676;14.37142
20260520_170051_L773;20260520_170051;20.05.2026;16:48:00;773;3;7548;10;U7917Z1;Sázava,aut.st.;49.84725;14.90163
20260520_170051_L339;20260520_170051;20.05.2026;16:47:00;339;17;9952;11;U488Z7;Praha,Budějovická;50.02999;14.45516
20260520_170051_L180;20260520_170051;20.05.2026;16:48:00;180;3;5048;11;U4191Z2P;Dejvická;50.05056;14.29302
20260520_170051_L493;20260520_170051;20.05.2026;16:49:00;493;20;8601;11;U2969Z1;Nymburk,hl.nádr.;50.18617;15.04105
20260520_170051_L484;20260520_170051;20.05.2026;16:34:00;484;21;8026;26;U2315Z1;Úvaly,žel.st.;50.07423;14.7231
20260520_170051_L183;20260520_170051;20.05.2026;16:48:00;183;15;6848;13;U967Z2P;Háje;50.0344;14.56371
20260520_170051_L640;20260520_170051;20.05.2026;16:42:00;640;28;9424;17;U9810Z1;Hostomice,nám.;49.82573;14.04507
20260520_170051_L204;20260520_170051;20.05.2026;16:47:00;204;72;9016;13;U1351Z2P;Stavební zóna Horní Počernice;50.12179;14.60579
20260520_170051_L444;20260520_170051;20.05.2026;16:50:00;444;30;9173;10;U5931Z2;Davle,obec;49.90555;14.49302
20260520_170051_L116;20260520_170051;20.05.2026;16:51:00;116;1;2083;10;U199Z1P;Bořislavka;50.10788;14.35364
20260520_170051_L216;20260520_170051;20.05.2026;16:48:00;216;12;2053;12;U3042Z1P;Poliklinika Petřiny;50.09063;14.37299
20260520_170051_L180;20260520_170051;20.05.2026;16:49:00;180;52;6902;10;U867Z2P;Obchodní centrum Zličín;50.0916;14.38584
20260520_170051_L133;20260520_170051;20.05.2026;16:48:00;133;51;3888;12;U69Z1P;Sídliště Malešice;50.08943;14.4641
20260520_170051_L857;20260520_170051;20.05.2026;16:50:00;857;15;7325;10;U4235Z2;Zákolany;50.2471;14.31377
20260520_170051_L149;20260520_170051;20.05.2026;16:48:00;149;6;3995;12;U362Z10P;Stodůlky-Bavorská;50.08562;14.38295
20260520_170051_L335;20260520_170051;20.05.2026;16:48:00;335;6;9131;12;U1581Z2;Praha,Budějovická;49.94993;14.5701
20260520_170051_L136;20260520_170051;20.05.2026;16:47:00;136;6;5021;14;U512Z4P;Sídliště Čakovice;50.09081;14.46816
20260520_170051_L346;20260520_170051;20.05.2026;16:48:00;346;5;8299;10;U1948Z12;Praha,Černý Most;50.18612;14.65966
20260520_170051_L154;20260520_170051;20.05.2026;16:46:00;154;3;3833;14;U1009Z2P;Sídliště Libuš;50.00599;14.45949
20260520_170051_L183;20260520_170051;20.05.2026;16:49:00;183;8;6962;11;U13Z1P;Sídliště Ďáblice;50.09559;14.49607
20260520_170051_L301;20260520_170051;20.05.2026;16:50:00;301;2;4171;10;U1204Z1;Chýnice;50.01604;14.29242
20260520_170051_L149;20260520_170051;20.05.2026;16:51:00;149;5;4196;10;U786Z1P;Stodůlky-Bavorská;50.05595;14.32912
20260520_170051_L638;20260520_170051;20.05.2026;16:49:00;638;46;9594;12;U9052Z1;Beroun,autobusové nádraží;49.91466;14.07534
20260520_170051_L181;20260520_170051;20.05.2026;16:47:00;181;1;5058;14;U975Z1P;Opatov;50.06614;14.53645
20260520_170452_L174;20260520_170452;20.05.2026;16:54:00;174;14;3941;11;U840Z2P;Vypich;50.03511;14.306
20260520_170452_L125;20260520_170452;20.05.2026;16:52:00;125;12;6693;12;U1076Z2P;Skalka;50.07043;14.50902
20260520_170452_L384;20260520_170452;20.05.2026;16:52:00;384;16;9867;12;U2370Z2;Praha,Zličín;49.99426;14.15749
20260520_170452_L116;20260520_170452;20.05.2026;16:52:00;116;1;2083;12;U199Z3P;Bořislavka;50.10585;14.35361
20260520_170452_L180;20260520_170452;20.05.2026;16:51:00;180;52;6902;13;U182Z1P;Obchodní centrum Zličín;50.08857;14.38091
20260520_170452_L369;20260520_170452;20.05.2026;16:49:00;369;45;8282;14;U1795Z1;Štětí,záv.;50.36212;14.46882
20260520_170452_L180;20260520_170452;20.05.2026;16:54:00;180;14;6907;10;U913Z2P;Obchodní centrum Zličín;50.06278;14.2869
20260520_170452_L136;20260520_170452;20.05.2026;16:50:00;136;5;5543;14;U134Z5P;Sídliště Čakovice;50.10148;14.50305
20260520_170452_L136;20260520_170452;20.05.2026;16:52:00;136;3;6724;13;U405Z1P;Sídliště Čakovice;50.1285;14.51265
20260520_170452_L196;20260520_170452;20.05.2026;16:54:00;196;12;5127;10;U839Z1P;Kačerov;50.03166;14.42416
20260520_170452_L136;20260520_170452;20.05.2026;16:50:00;136;16;5546;15;U2787Z2P;Jižní Město;50.08778;14.45666
20260520_170452_L136;20260520_170452;20.05.2026;16:54:00;136;4;6803;10;U606Z1P;Sídliště Čakovice;50.12264;14.50722
20260520_170452_L161;20260520_170452;20.05.2026;16:47:00;161;1;3943;17;U199Z3P;Bořislavka;50.10595;14.35339
20260520_170452_L339;20260520_170452;20.05.2026;16:54:00;339;11;9942;10;U1536Z1;Týnec n.Sáz.,žel.st.;49.91553;14.58196
20260520_170452_L380;20260520_170452;20.05.2026;16:52:00;380;6;9974;12;U4979Z2;Králův Dvůr,Počaply,Obchodní centrum;49.93861;14.02058
20260520_170452_L456;20260520_170452;20.05.2026;16:51:00;456;45;7071;12;U6252Z2;Miličín;49.57092;14.66374
20260520_170452_L133;20260520_170452;20.05.2026;16:50:00;133;51;3888;14;U512Z8P;Sídliště Malešice;50.09017;14.46716
20260520_170452_L125;20260520_170452;20.05.2026;16:53:00;125;20;5060;12;U633Z1P;Skalka;50.04814;14.54475
20260520_170452_L182;20260520_170452;20.05.2026;16:50:00;182;10;3876;14;U442Z1P;Kbelský hřbitov;50.11532;14.4969
20260520_170452_L183;20260520_170452;20.05.2026;16:52:00;183;15;6848;12;U151Z2P;Háje;50.03221;14.53438
20260520_170452_L108;20260520_170452;20.05.2026;16:51:00;108;3;2074;13;U844Z4P;Dejvická;50.0891;14.34872
20260520_170452_L640;20260520_170452;20.05.2026;16:42:00;640;28;9424;21;U9810Z1;Hostomice,nám.;49.82574;14.04506
20260520_170452_L124;20260520_170452;20.05.2026;16:52:00;124;8;5113;12;U1402Z1P;Smíchovské nádraží;50.04834;14.45799
20260520_170452_L375;20260520_170452;20.05.2026;16:53:00;375;9;8247;10;U1827Z1;Brandýs n.L.-St.Bol.,Žel.st.;50.18809;14.66562
20260520_170452_L345;20260520_170452;20.05.2026;16:52:00;345;17;1865;11;U3389Z2;Praha,Černý Most;50.41136;14.91341
20260520_170452_L143;20260520_170452;20.05.2026;16:54:00;143;3;5057;10;U867Z2P;Stadion Strahov;50.0919;14.38624
20260520_170452_L149;20260520_170452;20.05.2026;16:51:00;149;6;3995;13;U699Z4P;Stodůlky-Bavorská;50.07856;14.38909
20260520_170452_L136;20260520_170452;20.05.2026;16:51:00;136;6;5021;14;U678Z1P;Sídliště Čakovice;50.10026;14.48713
20260520_170452_L177;20260520_170452;20.05.2026;16:55:00;177;14;6844;10;U511Z1P;Poliklinika Mazurská;50.13084;14.42567
20260520_170452_L203;20260520_170452;20.05.2026;16:53:00;203;7;1947;11;U1032Z1P;Poliklinika Budějovická;50.03373;14.48374
20260520_170452_L383;20260520_170452;20.05.2026;16:52:00;383;31;9138;11;U336Z1;Chocerady;50.0304;14.6004
20260520_170452_L183;20260520_170452;20.05.2026;16:52:00;183;8;6962;12;U134Z5P;Sídliště Ďáblice;50.10151;14.50322
20260520_170452_L307;20260520_170452;20.05.2026;16:53:00;307;14;8976;11;U4362Z1;Kladno,autobusové nádraží;50.13001;14.12607
20260520_170452_L316;20260520_170452;20.05.2026;16:53:00;316;9;8956;10;U199Z3;Praha,Bořislavka;50.10268;14.35545
20260520_170452_L310;20260520_170452;20.05.2026;16:54:00;310;74;9597;10;U1190Z1;Rudná,Zdrav.stř.;50.04483;14.25907
20260520_170452_L464;20260520_170452;20.05.2026;16:50:00;464;30;8109;14;U2831Z1;Mělník,aut.nádr.;50.33541;14.37251
20260520_170452_L646;20260520_170452;20.05.2026;16:53:00;646;24;8084;10;U4247Z1;Mělník,aut.nádr.;50.2893;14.31141
20260520_170452_L857;20260520_170452;20.05.2026;16:53:00;857;15;7325;11;U2286Z1;Zákolany;50.24147;14.31214
20260520_170452_L163;20260520_170452;20.05.2026;16:50:00;163;57;9151;14;U1014Z2P;Depo Hostivař;50.07208;14.54258
20260520_170452_L171;20260520_170452;20.05.2026;16:52:00;171;10;1489;11;U585Z2P;Depo Hostivař;50.0778;14.51891
20260520_170452_L163;20260520_170452;20.05.2026;16:51:00;163;56;9484;12;U432Z1P;Sídliště Rohožník;50.07893;14.64419
20260520_170452_L240;20260520_170452;20.05.2026;16:53:00;240;11;1764;10;U1342Z1P;Černý Most;50.07938;14.6042
20260520_170452_L204;20260520_170452;20.05.2026;16:50:00;204;73;9467;14;U1069Z4P;Sídliště Petrovice;50.04852;14.56413
20260520_170452_L376;20260520_170452;20.05.2026;16:54:00;376;43;8076;10;U1827Z2;Brandýs n.L.-St.Bol.,Nádr.;50.18548;14.65987
20260520_170452_L381;20260520_170452;20.05.2026;16:53:00;381;14;9371;10;U6659Z1;Čáslav,obchodní centrum;49.96529;15.31374
20260520_170452_L382;20260520_170452;20.05.2026;16:51:00;382;5;9377;13;U2007Z1;Sázava,aut.st.;49.98991;14.72843
20260520_170452_L335;20260520_170452;20.05.2026;16:52:00;335;6;9131;11;U1533Z2;Praha,Budějovická;49.9435;14.54593
20260520_170452_L346;20260520_170452;20.05.2026;16:52:00;346;5;8299;11;U1973Z2;Praha,Černý Most;50.18318;14.66585
20260520_170452_L531;20260520_170452;20.05.2026;16:53:00;531;1;9536;10;U9669Z1;Příbram,aut.nádr. (ul. Čs.armády);49.70645;14.01502
20260520_170452_L489;20260520_170452;20.05.2026;16:53:00;489;26;1647;11;U2083Z2;Strančice,žel.st.;49.96913;14.739
20260520_170452_L444;20260520_170452;20.05.2026;16:53:00;444;30;9173;10;U2598Z1;Davle,obec;49.89524;14.46971
20260520_170452_L444;20260520_170452;20.05.2026;16:51:00;444;8;9175;11;U1565Z2;Kamenice,Kult.dům;49.90471;14.58735
20260520_170452_L712;20260520_170452;20.05.2026;15:48:00;712;6;9590;76;U6251Z1;Bělá p.Bezd.,Bezdědice;50.48297;14.70496
20260520_170452_L493;20260520_170452;20.05.2026;16:53:00;493;20;8601;11;U3146Z1;Nymburk,hl.nádr.;50.19243;15.04095
20260520_170452_L484;20260520_170452;20.05.2026;16:34:00;484;21;8026;30;U2315Z1;Úvaly,žel.st.;50.07423;14.7231
20260520_170452_L765;20260520_170452;20.05.2026;16:50:00;765;36;8130;14;U3295Z1;Sibřina;50.01713;14.68988
20260520_170452_L146;20260520_170452;20.05.2026;16:53:00;146;6;9472;11;U834Z2P;Želivského;50.08714;14.48321
20260520_170452_L301;20260520_170452;20.05.2026;16:55:00;301;2;4171;10;U1199Z1;Chýnice;49.99628;14.26343
20260520_170452_L136;20260520_170452;20.05.2026;16:55:00;136;31;6711;10;U1074Z3P;Sídliště Čakovice;50.09538;14.47596
20260520_170452_L133;20260520_170452;20.05.2026;16:55:00;133;8;3714;10;U512Z5P;Florenc;50.0903;14.46749
20260520_170452_L364;20260520_170452;20.05.2026;16:54:00;364;1;4527;11;U9364Z1;Doubek;50.00991;14.66851
20260520_170452_L638;20260520_170452;20.05.2026;16:53:00;638;46;9594;11;U9054Z1;Beroun,autobusové nádraží;49.92496;14.07049
20260520_170452_L180;20260520_170452;20.05.2026;16:53:00;180;3;5048;10;U1141Z5P;Dejvická;50.05736;14.28888
20260520_170452_L183;20260520_170452;20.05.2026;16:52:00;183;13;6734;13;U453Z10P;Háje;50.05304;14.53723
20260520_170452_L191;20260520_170452;20.05.2026;16:51:00;191;9;3808;11;U1077Z2P;Klamovka;50.07965;14.34581
20260520_170452_L181;20260520_170452;20.05.2026;16:54:00;181;6;6790;10;U747Z2P;Černý Most;50.0816;14.53828
20260520_170452_L181;20260520_170452;20.05.2026;16:50:00;181;1;5058;14;U453Z6P;Opatov;50.053;14.53493
20260520_170852_L149;20260520_170852;20.05.2026;16:55:00;149;6;3995;13;U579Z4P;Stodůlky-Bavorská;50.07495;14.37248
20260520_170852_L136;20260520_170852;20.05.2026;16:56:00;136;3;6724;13;U125Z1P;Sídliště Čakovice;50.13875;14.50483
20260520_170852_L310;20260520_170852;20.05.2026;16:57:00;310;74;9597;10;U4254Z1;Rudná,Zdrav.stř.;50.03245;14.26466
20260520_170852_L136;20260520_170852;20.05.2026;16:57:00;136;18;6974;11;U1074Z4P;Jižní Město;50.09409;14.47358
20260520_170852_L229;20260520_170852;20.05.2026;16:57:00;229;2;4517;12;U808Z1P;Královice;50.03015;14.60554
20260520_170852_L174;20260520_170852;20.05.2026;16:56:00;174;14;3941;12;U634Z2P;Vypich;50.03248;14.31242
20260520_170852_L180;20260520_170852;20.05.2026;16:55:00;180;14;6907;10;U178Z2P;Obchodní centrum Zličín;50.05521;14.28947
20260520_170852_L143;20260520_170852;20.05.2026;16:57:00;143;4;6864;11;U321Z3P;Stadion Strahov;50.09936;14.39556
20260520_170852_L133;20260520_170852;20.05.2026;16:57:00;133;10;3967;11;U789Z1P;Sídliště Malešice;50.08686;14.44703
20260520_170852_L133;20260520_170852;20.05.2026;16:58:00;133;8;3714;10;U745Z2P;Florenc;50.08738;14.45336
20260520_170852_L196;20260520_170852;20.05.2026;16:58:00;196;12;5127;10;U662Z1P;Kačerov;50.02496;14.43473
20260520_170852_L124;20260520_170852;20.05.2026;16:56:00;124;8;5113;12;U50Z2P;Smíchovské nádraží;50.04449;14.44732
20260520_170852_L191;20260520_170852;20.05.2026;16:57:00;191;9;3808;11;U626Z2P;Klamovka;50.08006;14.36953
20260520_170852_L177;20260520_170852;20.05.2026;16:58:00;177;15;6957;10;U740Z3P;Poliklinika Mazurská;50.12774;14.47595
20260520_170852_L183;20260520_170852;20.05.2026;16:55:00;183;8;6962;13;U474Z4P;Sídliště Ďáblice;50.11187;14.50256
20260520_170852_L104;20260520_170852;20.05.2026;16:56:00;104;2;2046;10;U149Z1P;Klukovice;50.02942;14.36647
20260520_170852_L345;20260520_170852;20.05.2026;16:56:00;345;17;1865;12;U3063Z2;Praha,Černý Most;50.41023;14.93105
20260520_170852_L339;20260520_170852;20.05.2026;16:58:00;339;11;9942;10;U1564Z1;Týnec n.Sáz.,žel.st.;49.90401;14.58677
20260520_170852_L182;20260520_170852;20.05.2026;16:55:00;182;10;3876;13;U606Z1P;Kbelský hřbitov;50.12265;14.50718
20260520_170852_L124;20260520_170852;20.05.2026;16:58:00;124;1;5116;11;U29Z3P;Želivského;50.07231;14.47068
20260520_170852_L180;20260520_170852;20.05.2026;16:58:00;180;16;5570;11;U182Z2P;Dejvická;50.08782;14.38185
20260520_170852_L356;20260520_170852;20.05.2026;16:58:00;356;33;8882;10;U199Z3;Praha,Bořislavka;50.10639;14.35324
20260520_170852_L425;20260520_170852;20.05.2026;16:55:00;425;44;7586;10;U32463Z2;Praha,Černý Most;50.42153;15.78893
20260520_170852_L712;20260520_170852;20.05.2026;15:48:00;712;6;9590;80;U6251Z1;Bělá p.Bezd.,Bezdědice;50.48297;14.70496
20260520_170852_L108;20260520_170852;20.05.2026;16:55:00;108;3;2074;14;U858Z4P;Dejvická;50.09171;14.36048
20260520_170852_L484;20260520_170852;20.05.2026;16:34:00;484;21;8026;34;U2315Z1;Úvaly,žel.st.;50.07423;14.7231
20260520_170852_L180;20260520_170852;20.05.2026;16:55:00;180;52;6902;13;U44Z1P;Obchodní centrum Zličín;50.08369;14.35908
20260520_170852_L307;20260520_170852;20.05.2026;16:56:00;307;14;8976;13;U4308Z1;Kladno,autobusové nádraží;50.13235;14.11244
20260520_170852_L311;20260520_170852;20.05.2026;16:56:00;311;77;9583;10;U1852Z51;Řevnice,nádraží;49.92574;14.26633
20260520_170852_L444;20260520_170852;20.05.2026;16:58:00;444;30;9173;10;U1356Z1;Davle,obec;49.88882;14.42559
20260520_170852_L444;20260520_170852;20.05.2026;16:51:00;444;8;9175;15;U1565Z2;Kamenice,Kult.dům;49.90471;14.58735
20260520_170852_L490;20260520_170852;20.05.2026;16:58:00;490;33;1600;10;U2061Z1;Ondřejov,Náměstí;49.90966;14.74221
20260520_170852_L146;20260520_170852;20.05.2026;16:56:00;146;6;9472;11;U767Z1P;Želivského;50.08152;14.48671
20260520_170852_L163;20260520_170852;20.05.2026;16:55:00;163;56;9484;13;U811Z1P;Sídliště Rohožník;50.07617;14.66055
20260520_170852_L163;20260520_170852;20.05.2026;16:58:00;163;51;9190;10;U1161Z2P;Depo Hostivař;50.07825;14.56794
20260520_170852_L480;20260520_170852;20.05.2026;16:57:00;480;29;7219;11;U9730Z1;Solenice;49.68375;14.00703
20260520_170852_L180;20260520_170852;20.05.2026;16:59:00;180;2;6859;10;U113Z4P;Dejvická;50.06351;14.3157
20260520_170852_L375;20260520_170852;20.05.2026;16:57:00;375;9;8247;11;U3257Z2;Brandýs n.L.-St.Bol.,Žel.st.;50.19814;14.6804
20260520_170852_L380;20260520_170852;20.05.2026;16:57:00;380;4;9978;11;U1968Z2;Praha,Vypich;50.05014;14.27061
20260520_170852_L383;20260520_170852;20.05.2026;16:54:00;383;31;9138;14;U808Z5;Chocerady;50.03038;14.61133
20260520_170852_L365;20260520_170852;20.05.2026;16:55:00;365;12;8832;12;U394Z4;Hostivice,Ve Vilkách;50.07077;14.33567
20260520_170852_L369;20260520_170852;20.05.2026;16:55:00;369;45;8282;13;U3312Z1;Štětí,záv.;50.3812;14.46469
20260520_170852_L640;20260520_170852;20.05.2026;16:42:00;640;28;9424;25;U9810Z1;Hostomice,nám.;49.82575;14.04505
20260520_170852_L203;20260520_170852;20.05.2026;16:57:00;203;7;1947;11;U982Z1P;Poliklinika Budějovická;50.02149;14.49312
20260520_170852_L204;20260520_170852;20.05.2026;16:54:00;204;73;9467;14;U732Z1P;Sídliště Petrovice;50.04293;14.55503
20260520_170852_L240;20260520_170852;20.05.2026;16:56:00;240;11;1764;12;U448Z2P;Černý Most;50.08138;14.59594
20260520_170852_L300;20260520_170852;20.05.2026;16:57:00;300;22;8998;10;U4306Z1;Libušín,náměstí;50.13492;14.12082
20260520_170852_L181;20260520_170852;20.05.2026;16:56:00;181;7;5107;12;U538Z2P;Opatov;50.08551;14.53768
20260520_170852_L143;20260520_170852;20.05.2026;16:54:00;143;3;5057;13;U867Z2P;Stadion Strahov;50.09112;14.38532
20260520_170852_L136;20260520_170852;20.05.2026;16:59:00;136;17;6965;10;U516Z3P;Jižní Město;50.0825;14.45905
20260520_170852_L136;20260520_170852;20.05.2026;16:56:00;136;7;5537;11;U69Z1P;Sídliště Čakovice;50.09019;14.46706
20260520_170852_L161;20260520_170852;20.05.2026;16:57:00;161;9;4538;10;U199Z3P;Bořislavka;50.10643;14.35326
20260520_170852_L136;20260520_170852;20.05.2026;16:56:00;136;6;5021;12;U134Z5P;Sídliště Čakovice;50.1016;14.50321
20260520_170852_L352;20260520_170852;20.05.2026;16:58:00;352;6;4117;10;U1089Z1;Jinočany,náměstí;50.03037;14.30484
20260520_170852_L180;20260520_170852;20.05.2026;16:59:00;180;3;5048;10;U706Z1P;Dejvická;50.06562;14.28747
20260520_170852_L857;20260520_170852;20.05.2026;16:56:00;857;15;7325;11;U2286Z2;Zákolany;50.24135;14.31272
20260520_170852_L364;20260520_170852;20.05.2026;16:57:00;364;1;4527;11;U2456Z1;Doubek;50.01348;14.68268
20260520_170852_L352;20260520_170852;20.05.2026;16:57:00;352;5;4170;11;U1188Z1;Praha,Luka;50.03133;14.27297
20260520_170852_L250;20260520_170852;20.05.2026;16:57:00;250;1;5096;10;U432Z2P;Černý Most;50.08072;14.61928
20260520_170852_L638;20260520_170852;20.05.2026;16:57:00;638;46;9594;11;U4967Z1;Beroun,autobusové nádraží;49.95074;14.06978
20260520_170852_L183;20260520_170852;20.05.2026;16:55:00;183;13;6734;13;U633Z2P;Háje;50.04812;14.54464
20260520_170852_L181;20260520_170852;20.05.2026;16:58:00;181;6;6790;10;U884Z3P;Černý Most;50.09257;14.5364
20260520_170852_L466;20260520_170852;20.05.2026;16:56:00;466;12;8077;12;U2286Z2;Mělník,aut.nádr.;50.24157;14.31102
20260520_170852_L125;20260520_170852;20.05.2026;16:57:00;125;20;5060;11;U677Z2P;Skalka;50.05707;14.53682
20260520_170852_L125;20260520_170852;20.05.2026;16:54:00;125;4;5115;12;U337Z4P;Smíchovské nádraží;50.05883;14.40972
20260520_170852_L181;20260520_170852;20.05.2026;16:56:00;181;1;5058;13;U641Z4P;Opatov;50.04588;14.52648
20260520_170852_L191;20260520_170852;20.05.2026;16:59:00;191;7;3804;10;U541Z6P;Dědina;50.08646;14.33922
20260520_170852_L149;20260520_170852;20.05.2026;16:58:00;149;1;3934;10;U867Z2P;Stodůlky-Bavorská;50.09161;14.38588
20260520_171252_L163;20260520_171252;20.05.2026;17:01:00;163;51;9190;11;U820Z2P;Depo Hostivař;50.07242;14.55406
20260520_171252_L531;20260520_171252;20.05.2026;16:59:00;531;1;9536;10;U9712Z3;Příbram,aut.nádr. (ul. Čs.armády);49.69163;14.00498
20260520_171252_L133;20260520_171252;20.05.2026;17:01:00;133;8;3714;10;U3018Z2P;Florenc;50.09123;14.4451
20260520_171252_L183;20260520_171252;20.05.2026;17:01:00;183;8;6962;11;U665Z2P;Sídliště Ďáblice;50.12257;14.49387
20260520_171252_L133;20260520_171252;20.05.2026;17:00:00;133;10;3967;12;U69Z1P;Sídliště Malešice;50.0891;14.46245
20260520_171252_L180;20260520_171252;20.05.2026;17:02:00;180;2;6859;10;U394Z4P;Dejvická;50.06879;14.33534
20260520_171252_L181;20260520_171252;20.05.2026;17:01:00;181;1;5058;11;U99Z1P;Opatov;50.03785;14.50923
20260520_171252_L229;20260520_171252;20.05.2026;17:01:00;229;2;4517;12;U490Z1P;Královice;50.04078;14.61299
20260520_171252_L484;20260520_171252;20.05.2026;16:34:00;484;21;8026;36;U2315Z1;Úvaly,žel.st.;50.07415;14.72314
20260520_171252_L375;20260520_171252;20.05.2026;17:01:00;375;11;8249;10;U500Z2;Praha,Českomoravská;50.11972;14.50139
20260520_171252_L196;20260520_171252;20.05.2026;17:03:00;196;12;5127;10;U893Z2P;Kačerov;50.02841;14.45259
20260520_171252_L191;20260520_171252;20.05.2026;17:02:00;191;9;3808;10;U176Z2P;Klamovka;50.07793;14.38198
20260520_171252_L143;20260520_171252;20.05.2026;17:00:00;143;4;6864;11;U867Z2P;Stadion Strahov;50.09353;14.389
20260520_171252_L250;20260520_171252;20.05.2026;17:01:00;250;1;5096;11;U448Z2P;Černý Most;50.08117;14.59899
20260520_171252_L104;20260520_171252;20.05.2026;17:01:00;104;2;2046;11;U1030Z4P;Klukovice;50.03383;14.37462
20260520_171252_L167;20260520_171252;20.05.2026;17:02:00;167;6;5002;10;U254Z2P;Nemocnice Na Homolce;50.07055;14.3789
20260520_171252_L183;20260520_171252;20.05.2026;16:58:00;183;13;6734;14;U1069Z1P;Háje;50.04809;14.56462
20260520_171252_L480;20260520_171252;20.05.2026;17:02:00;480;29;7219;10;U9751Z1;Solenice;49.67491;14.00002
20260520_171252_L174;20260520_171252;20.05.2026;16:58:00;174;14;3941;13;U679Z2P;Vypich;50.0379;14.32414
20260520_171252_L712;20260520_171252;20.05.2026;15:48:00;712;6;9590;84;U6251Z1;Bělá p.Bezd.,Bezdědice;50.48297;14.70496
20260520_171252_L149;20260520_171252;20.05.2026;16:59:00;149;6;3995;13;U254Z5P;Stodůlky-Bavorská;50.07067;14.37928
20260520_171252_L180;20260520_171252;20.05.2026;17:00:00;180;16;5570;11;U867Z1P;Dejvická;50.09483;14.39599
20260520_171252_L364;20260520_171252;20.05.2026;17:01:00;364;1;4527;11;U1816Z3;Doubek;50.01531;14.69735
20260520_171252_L136;20260520_171252;20.05.2026;16:57:00;136;18;6974;14;U1074Z4P;Jižní Město;50.09253;14.4708
20260520_171252_L155;20260520_171252;20.05.2026;17:01:00;155;2;9185;11;U834Z2P;Nemocnice Vinohrady;50.08694;14.48552
20260520_171252_L307;20260520_171252;20.05.2026;16:59:00;307;14;8976;12;U4310Z1;Kladno,autobusové nádraží;50.14055;14.09939
20260520_171252_L310;20260520_171252;20.05.2026;17:01:00;310;74;9597;10;U4253Z1;Rudná,Zdrav.stř.;50.02349;14.25898
20260520_171252_L164;20260520_171252;20.05.2026;17:02:00;164;5;1968;10;U362Z12P;Sídliště Řepy;50.08561;14.38301
20260520_171252_L203;20260520_171252;20.05.2026;17:00:00;203;7;1947;12;U307Z2P;Poliklinika Budějovická;50.01242;14.50333
20260520_171252_L209;20260520_171252;20.05.2026;17:01:00;209;46;9117;10;U1291Z1P;Letňany;50.12221;14.60296
20260520_171252_L311;20260520_171252;20.05.2026;17:00:00;311;77;9583;12;U1601Z1;Řevnice,nádraží;49.92064;14.25063
20260520_171252_L300;20260520_171252;20.05.2026;17:02:00;300;22;8998;10;U4310Z1;Libušín,náměstí;50.13734;14.10239
20260520_171252_L352;20260520_171252;20.05.2026;17:01:00;352;5;4170;11;U1186Z1;Praha,Luka;50.02217;14.29116
20260520_171252_L163;20260520_171252;20.05.2026;16:58:00;163;56;9484;14;U621Z1P;Sídliště Rohožník;50.073;14.68101
20260520_171252_L163;20260520_171252;20.05.2026;17:02:00;163;59;9411;10;U448Z1P;Sídliště Rohožník;50.08104;14.60007
20260520_171252_L464;20260520_171252;20.05.2026;16:58:00;464;30;8109;14;U3267Z2;Mělník,aut.nádr.;50.32156;14.3994
20260520_171252_L466;20260520_171252;20.05.2026;16:58:00;466;12;8077;14;U4224Z2;Mělník,aut.nádr.;50.23905;14.30657
20260520_171252_L821;20260520_171252;20.05.2026;17:00:00;821;69;1583;12;U1984Z3;Sázava,aut.st.;49.96634;14.96424
20260520_171252_L640;20260520_171252;20.05.2026;16:42:00;640;28;9424;29;U9810Z1;Hostomice,nám.;49.82576;14.04502
20260520_171252_L822;20260520_171252;20.05.2026;16:59:00;822;3;8581;10;U5896Z2;Kolín,nádraží;50.02415;15.21366
20260520_171252_L342;20260520_171252;20.05.2026;17:01:00;342;1;7702;10;U4416Z2;Slaný,žel.st.;50.18153;14.14264
20260520_171252_L180;20260520_171252;20.05.2026;16:55:00;180;52;6902;15;U44Z1P;Obchodní centrum Zličín;50.08265;14.35624
20260520_171252_L356;20260520_171252;20.05.2026;16:58:00;356;33;8882;13;U199Z3;Praha,Bořislavka;50.1031;14.3578
20260520_171252_L365;20260520_171252;20.05.2026;17:00:00;365;12;8832;12;U444Z1;Hostivice,Ve Vilkách;50.07622;14.34815
20260520_171252_L380;20260520_171252;20.05.2026;16:59:00;380;4;9978;10;U1142Z2;Praha,Vypich;50.0552;14.28943
20260520_171252_L385;20260520_171252;20.05.2026;17:01:00;385;18;1623;11;U1881Z1;Říčany,Olivovna;49.99164;14.65503
20260520_171252_L489;20260520_171252;20.05.2026;16:59:00;489;26;1647;10;U2005Z2;Strančice,žel.st.;49.94482;14.72271
20260520_171252_L136;20260520_171252;20.05.2026;17:02:00;136;17;6965;10;U118Z4P;Jižní Město;50.07811;14.46082
20260520_171252_L136;20260520_171252;20.05.2026;17:01:00;136;7;5537;11;U1074Z3P;Sídliště Čakovice;50.09589;14.47689
20260520_171252_L136;20260520_171252;20.05.2026;16:59:00;136;16;5546;13;U518Z3P;Jižní Město;50.07596;14.45921
20260520_171252_L136;20260520_171252;20.05.2026;16:59:00;136;6;5021;13;U474Z5P;Sídliště Čakovice;50.11096;14.50255
20260520_171252_L352;20260520_171252;20.05.2026;17:02:00;352;6;4117;10;U1185Z2;Jinočany,náměstí;50.02096;14.29446
20260520_171252_L124;20260520_171252;20.05.2026;17:00:00;124;8;5113;12;U495Z1P;Smíchovské nádraží;50.04339;14.42854
20260520_171252_L181;20260520_171252;20.05.2026;16:58:00;181;7;5107;14;U747Z1P;Opatov;50.07939;14.53788
20260520_171252_L182;20260520_171252;20.05.2026;17:01:00;182;10;3876;12;U803Z1P;Kbelský hřbitov;50.12233;14.5268
20260520_171252_L136;20260520_171252;20.05.2026;17:00:00;136;5;5543;13;U606Z1P;Sídliště Čakovice;50.12215;14.5062
20260520_171252_L177;20260520_171252;20.05.2026;17:03:00;177;16;5544;10;U660Z5P;Poliklinika Mazurská;50.08306;14.5082
20260520_171252_L857;20260520_171252;20.05.2026;16:56:00;857;15;7325;13;U2286Z2;Zákolany;50.23922;14.30856
20260520_171252_L136;20260520_171252;20.05.2026;17:00:00;136;3;6724;13;U368Z1P;Sídliště Čakovice;50.14974;14.50776
20260520_171252_L444;20260520_171252;20.05.2026;17:01:00;444;8;9175;10;U1565Z1;Kamenice,Těptín;49.89808;14.5784
20260520_171252_L108;20260520_171252;20.05.2026;17:00:00;108;3;2074;13;U3042Z2P;Dejvická;50.09114;14.37452
20260520_171252_L410;20260520_171252;20.05.2026;17:00:00;410;3;11611;10;U332Z2;Mimoň,Žitavská;50.12574;14.48981
20260520_171252_L101;20260520_171252;20.05.2026;17:02:00;101;2;2327;10;U680Z3P;Zentiva;50.06837;14.46926
20260520_171252_L174;20260520_171252;20.05.2026;17:02:00;174;17;4193;10;U1007Z2P;Třebonice;50.04518;14.32171
20260520_171252_L180;20260520_171252;20.05.2026;16:59:00;180;14;6907;10;U1141Z14P;Obchodní centrum Zličín;50.05017;14.29312
20260520_171252_L125;20260520_171252;20.05.2026;17:02:00;125;20;5060;10;U1068Z2P;Skalka;50.06853;14.51658
20260520_171252_L183;20260520_171252;20.05.2026;17:00:00;183;4;5504;12;U708Z1P;Háje;50.07658;14.53769
20260520_171252_L439;20260520_171252;20.05.2026;17:00:00;439;52;1133;12;U4742Z1;Chotilsko,Živohošť;49.76598;14.39159
20260520_171252_L149;20260520_171252;20.05.2026;17:00:00;149;1;3934;12;U182Z1P;Stodůlky-Bavorská;50.08741;14.37856
20260520_171653_L201;20260520_171653;20.05.2026;17:06:00;201;18;4131;10;U993Z2P;Nádraží Holešovice;50.11694;14.47144
20260520_171653_L174;20260520_171653;20.05.2026;17:04:00;174;17;4193;12;U1211Z1P;Třebonice;50.03913;14.32792
20260520_171653_L773;20260520_171653;20.05.2026;17:06:00;773;3;7548;10;U5917Z1;Sázava,aut.st.;49.87252;14.897
20260520_171653_L180;20260520_171653;20.05.2026;17:05:00;180;2;6859;11;U444Z1P;Dejvická;50.07587;14.34525
20260520_171653_L375;20260520_171653;20.05.2026;17:02:00;375;11;8249;13;U603Z2;Praha,Českomoravská;50.11534;14.49611
20260520_171653_L380;20260520_171653;20.05.2026;17:03:00;380;4;9978;11;U1141Z5;Praha,Vypich;50.05952;14.29432
20260520_171653_L384;20260520_171653;20.05.2026;17:05:00;384;20;9888;11;U9105Z2;Hořovice,nám.B.Němcové;49.9119;13.97797
20260520_171653_L133;20260520_171653;20.05.2026;17:00:00;133;10;3967;15;U69Z1P;Sídliště Malešice;50.08996;14.4656
20260520_171653_L136;20260520_171653;20.05.2026;17:04:00;136;5;5543;13;U405Z1P;Sídliště Čakovice;50.12868;14.51159
20260520_171653_L535;20260520_171653;20.05.2026;17:06:00;535;22;7658;10;U6429Z1;Hlavečník;50.08998;15.40871
20260520_171653_L177;20260520_171653;20.05.2026;17:06:00;177;16;5544;11;U2703Z2P;Poliklinika Mazurská;50.08885;14.51385
20260520_171653_L108;20260520_171653;20.05.2026;17:02:00;108;3;2074;13;U645Z4P;Dejvická;50.0928;14.38676
20260520_171653_L143;20260520_171653;20.05.2026;17:00:00;143;4;6864;15;U867Z2P;Stadion Strahov;50.09126;14.3855
20260520_171653_L229;20260520_171653;20.05.2026;17:04:00;229;2;4517;12;U131Z1P;Královice;50.05076;14.62827
20260520_171653_L398;20260520_171653;20.05.2026;17:07:00;398;22;8267;10;U188Z2;Praha,Černý Most;50.11248;14.59444
20260520_171653_L382;20260520_171653;20.05.2026;17:02:00;382;39;9107;13;U336Z1;Sázava,aut.st.;50.0295;14.60331
20260520_171653_L316;20260520_171653;20.05.2026;17:07:00;316;1;8980;10;U4220Z1;Kralupy n.Vlt.,žel.st.;50.22849;14.29651
20260520_171653_L163;20260520_171653;20.05.2026;17:03:00;163;51;9190;12;U794Z2P;Depo Hostivař;50.0717;14.54439
20260520_171653_L125;20260520_171653;20.05.2026;17:07:00;125;14;5128;10;U338Z1P;Skalka;50.0332;14.55951
20260520_171653_L191;20260520_171653;20.05.2026;17:03:00;191;7;3804;12;U1198Z1P;Dědina;50.09195;14.32436
20260520_171653_L149;20260520_171653;20.05.2026;17:05:00;149;6;3995;11;U396Z1P;Stodůlky-Bavorská;50.05854;14.37121
20260520_171653_L207;20260520_171653;20.05.2026;17:04:00;207;22;3959;12;U512Z8P;Ohrada;50.09026;14.46722
20260520_171653_L136;20260520_171653;20.05.2026;16:57:00;136;18;6974;17;U1074Z4P;Jižní Město;50.09162;14.46864
20260520_171653_L196;20260520_171653;20.05.2026;17:06:00;196;12;5127;10;U377Z2P;Kačerov;50.03669;14.45654
20260520_171653_L171;20260520_171653;20.05.2026;17:06:00;171;12;8136;10;U750Z2P;Depo Hostivař;50.08341;14.52487
20260520_171653_L347;20260520_171653;20.05.2026;17:06:00;347;18;8880;10;U1643Z1;Chýně,Nádraží;50.04935;14.26691
20260520_171653_L352;20260520_171653;20.05.2026;17:01:00;352;5;4170;14;U1186Z1;Praha,Luka;50.02164;14.29272
20260520_171653_L489;20260520_171653;20.05.2026;17:06:00;489;26;1647;10;U2055Z2;Strančice,žel.st.;49.93605;14.70896
20260520_171653_L484;20260520_171653;20.05.2026;17:04:00;484;31;8144;11;U2315Z1;Úvaly,žel.st.;50.07408;14.72318
20260520_171653_L822;20260520_171653;20.05.2026;16:59:00;822;3;8581;14;U5896Z2;Kolín,nádraží;50.02416;15.21367
20260520_171653_L240;20260520_171653;20.05.2026;17:05:00;240;11;1764;11;U897Z11P;Černý Most;50.10943;14.57677
20260520_171653_L300;20260520_171653;20.05.2026;17:04:00;300;22;8998;12;U3094Z1;Libušín,náměstí;50.14428;14.09616
20260520_171653_L155;20260520_171653;20.05.2026;17:04:00;155;2;9185;12;U767Z1P;Nemocnice Vinohrady;50.0838;14.48195
20260520_171653_L183;20260520_171653;20.05.2026;17:03:00;183;13;6734;14;U967Z2P;Háje;50.03485;14.56453
20260520_171653_L352;20260520_171653;20.05.2026;17:07:00;352;6;4117;10;U1188Z2;Jinočany,náměstí;50.03187;14.27183
20260520_171653_L181;20260520_171653;20.05.2026;17:02:00;181;7;5107;15;U975Z1P;Opatov;50.06536;14.53648
20260520_171653_L167;20260520_171653;20.05.2026;17:06:00;167;6;5002;11;U289Z7P;Nemocnice Na Homolce;50.07014;14.36134
20260520_171653_L136;20260520_171653;20.05.2026;17:07:00;136;7;5537;10;U225Z2P;Sídliště Čakovice;50.09939;14.49591
20260520_171653_L163;20260520_171653;20.05.2026;17:06:00;163;59;9411;10;U432Z1P;Sídliště Rohožník;50.08015;14.62643
20260520_171653_L203;20260520_171653;20.05.2026;17:04:00;203;7;1947;12;U309Z2P;Poliklinika Budějovická;50.01344;14.48667
20260520_171653_L204;20260520_171653;20.05.2026;17:05:00;204;70;9033;11;U1161Z2P;Sídliště Petrovice;50.07464;14.5616
20260520_171653_L209;20260520_171653;20.05.2026;17:06:00;209;46;9117;10;U4132Z1P;Letňany;50.12519;14.57327
20260520_171653_L439;20260520_171653;20.05.2026;17:02:00;439;52;1133;12;U4744Z1;Chotilsko,Živohošť;49.76106;14.4126
20260520_171653_L365;20260520_171653;20.05.2026;17:00:00;365;12;8832;15;U444Z1;Hostivice,Ve Vilkách;50.0787;14.3445
20260520_171653_L369;20260520_171653;20.05.2026;17:02:00;369;45;8282;14;U3316Z1;Štětí,záv.;50.40892;14.44656
20260520_171653_L177;20260520_171653;20.05.2026;17:07:00;177;2;6788;10;U78Z3P;Poliklinika Mazurská;50.12657;14.47013
20260520_171653_L364;20260520_171653;20.05.2026;17:05:00;364;1;4527;11;U1815Z1;Doubek;50.00319;14.70245
20260520_171653_L136;20260520_171653;20.05.2026;17:05:00;136;6;5021;12;U500Z1P;Sídliště Čakovice;50.12104;14.50409
20260520_171653_L124;20260520_171653;20.05.2026;17:04:00;124;8;5113;12;U110Z12P;Smíchovské nádraží;50.04729;14.41422
20260520_171653_L410;20260520_171653;20.05.2026;17:00:00;410;3;11611;15;U332Z2;Mimoň,Žitavská;50.13159;14.48965
20260520_171653_L640;20260520_171653;20.05.2026;16:42:00;640;28;9424;33;U9810Z1;Hostomice,nám.;49.82576;14.04501
20260520_171653_L182;20260520_171653;20.05.2026;17:04:00;182;10;3876;13;U4000Z3P;Kbelský hřbitov;50.13082;14.54728
20260520_171653_L712;20260520_171653;20.05.2026;15:48:00;712;6;9590;88;U6251Z1;Bělá p.Bezd.,Bezdědice;50.4826;14.70076
20260520_171653_L307;20260520_171653;20.05.2026;17:04:00;307;14;8976;11;U4313Z8;Kladno,autobusové nádraží;50.14892;14.10509
20260520_171653_L310;20260520_171653;20.05.2026;17:05:00;310;74;9597;11;U1667Z1;Rudná,Zdrav.stř.;50.01207;14.24275
20260520_171653_L311;20260520_171653;20.05.2026;17:00:00;311;77;9583;14;U1601Z1;Řevnice,nádraží;49.91421;14.23846
20260520_171653_L686;20260520_171653;20.05.2026;17:06:00;686;34;8034;10;U1881Z1;Úvaly,žel.st.;49.99185;14.65736
20260520_171653_L180;20260520_171653;20.05.2026;16:55:00;180;52;6902;19;U44Z1P;Obchodní centrum Zličín;50.08056;14.34979
20260520_171653_L181;20260520_171653;20.05.2026;17:07:00;181;6;6790;10;U137Z2P;Černý Most;50.10604;14.55774
20260520_171653_L385;20260520_171653;20.05.2026;17:01:00;385;18;1623;15;U1881Z1;Říčany,Olivovna;49.99158;14.6568
20260520_171653_L676;20260520_171653;20.05.2026;17:02:00;676;32;8617;11;U3078Z1;Seletice;50.19708;15.03786
20260520_171653_L821;20260520_171653;20.05.2026;17:00:00;821;69;1583;16;U1984Z3;Sázava,aut.st.;49.96634;14.96423
20260520_171653_L136;20260520_171653;20.05.2026;17:03:00;136;27;6868;11;U1074Z4P;Jižní Město;50.09201;14.46926
20260520_171653_L183;20260520_171653;20.05.2026;17:03:00;183;4;5504;14;U975Z1P;Háje;50.06539;14.53645
20260520_171653_L180;20260520_171653;20.05.2026;17:02:00;180;7;6939;12;U44Z1P;Obchodní centrum Zličín;50.08106;14.35174
20260520_171653_L149;20260520_171653;20.05.2026;17:03:00;149;1;3934;13;U362Z10P;Stodůlky-Bavorská;50.0856;14.383
20260520_172053_L104;20260520_172053;20.05.2026;17:11:00;104;2;2046;10;U1125Z1P;Na Hvězdárně;50.0323;14.37365
20260520_172053_L108;20260520_172053;20.05.2026;17:06:00;108;3;2074;13;U2757Z1P;Dejvická;50.09838;14.38778
20260520_172053_L124;20260520_172053;20.05.2026;17:06:00;124;8;5113;13;U337Z13P;Smíchovské nádraží;50.05324;14.40902
20260520_172053_L125;20260520_172053;20.05.2026;17:11:00;125;14;5128;10;U770Z2P;Skalka;50.04015;14.55557
20260520_172053_L130;20260520_172053;20.05.2026;17:11:00;130;6;3742;10;U1030Z4P;Filmové ateliéry Barrandov;50.03383;14.37461
20260520_172053_L133;20260520_172053;20.05.2026;17:06:00;133;2;3964;13;U69Z1P;Sídliště Malešice;50.09004;14.46564
20260520_172053_L136;20260520_172053;20.05.2026;17:08:00;136;5;5543;12;U125Z1P;Sídliště Čakovice;50.1395;14.50489
20260520_172053_L136;20260520_172053;20.05.2026;17:10:00;136;6;5021;11;U405Z1P;Sídliště Čakovice;50.12869;14.51159
20260520_172053_L136;20260520_172053;20.05.2026;17:11:00;136;7;5537;10;U474Z5P;Sídliště Čakovice;50.1103;14.50214
20260520_172053_L136;20260520_172053;20.05.2026;17:06:00;136;16;5546;14;U680Z3P;Jižní Město;50.06829;14.4693
20260520_172053_L136;20260520_172053;20.05.2026;16:57:00;136;18;6974;21;U1074Z4P;Jižní Město;50.09162;14.46864
20260520_172053_L136;20260520_172053;20.05.2026;17:09:00;136;19;5538;10;U1074Z4P;Jižní Město;50.09279;14.4715
20260520_172053_L136;20260520_172053;20.05.2026;17:06:00;136;15;6809;14;U751Z2P;Jižní Město;50.05256;14.47513
20260520_172053_L136;20260520_172053;20.05.2026;17:03:00;136;27;6868;15;U1074Z4P;Jižní Město;50.09201;14.46925
20260520_172053_L143;20260520_172053;20.05.2026;17:07:00;143;3;5057;13;U699Z3P;Dejvická;50.07838;14.38813
20260520_172053_L143;20260520_172053;20.05.2026;17:09:00;143;1;6943;12;U981Z2P;Stadion Strahov;50.08043;14.39005
20260520_172053_L143;20260520_172053;20.05.2026;17:10:00;143;6;6897;10;U140Z6P;Stadion Strahov;50.08955;14.38614
20260520_172053_L146;20260520_172053;20.05.2026;17:09:00;146;4;9482;11;U694Z3P;Vinice Hrdlořezy;50.09098;14.50046
20260520_172053_L149;20260520_172053;20.05.2026;17:09:00;149;6;3995;11;U685Z3P;Stodůlky-Bavorská;50.05454;14.37147
20260520_172053_L155;20260520_172053;20.05.2026;17:08:00;155;2;9185;12;U921Z9P;Nemocnice Vinohrady;50.07837;14.47542
20260520_172053_L163;20260520_172053;20.05.2026;17:09:00;163;59;9411;11;U3008Z1P;Sídliště Rohožník;50.07661;14.65865
20260520_172053_L163;20260520_172053;20.05.2026;17:08:00;163;51;9190;12;U741Z2P;Depo Hostivař;50.07132;14.539
20260520_172053_L167;20260520_172053;20.05.2026;17:10:00;167;6;5002;11;U572Z1P;Nemocnice Na Homolce;50.0732;14.34753
20260520_172053_L174;20260520_172053;20.05.2026;17:07:00;174;14;3941;13;U709Z2P;Vypich;50.05338;14.3304
20260520_172053_L174;20260520_172053;20.05.2026;17:07:00;174;17;4193;13;U122Z1P;Třebonice;50.03546;14.31591
20260520_172053_L177;20260520_172053;20.05.2026;17:10:00;177;2;6788;10;U675Z3P;Poliklinika Mazurská;50.1247;14.45521
20260520_172053_L177;20260520_172053;20.05.2026;17:08:00;177;16;5544;10;U574Z2P;Poliklinika Mazurská;50.09063;14.50269
20260520_172053_L180;20260520_172053;20.05.2026;17:07:00;180;2;6859;13;U872Z1P;Dejvická;50.08141;14.35352
20260520_172053_L180;20260520_172053;20.05.2026;17:02:00;180;7;6939;16;U44Z1P;Obchodní centrum Zličín;50.08092;14.35123
20260520_172053_L180;20260520_172053;20.05.2026;17:11:00;180;9;6934;10;U321Z4P;Dejvická;50.10001;14.39555
20260520_172053_L180;20260520_172053;20.05.2026;17:10:00;180;12;5124;10;U44Z1P;Obchodní centrum Zličín;50.08383;14.3595
20260520_172053_L181;20260520_172053;20.05.2026;17:10:00;181;6;6790;11;U1056Z2P;Černý Most;50.10724;14.57285
20260520_172053_L181;20260520_172053;20.05.2026;17:07:00;181;7;5107;14;U472Z4P;Opatov;50.05286;14.52872
20260520_172053_L182;20260520_172053;20.05.2026;17:07:00;182;10;3876;13;U1103Z1P;Kbelský hřbitov;50.13793;14.54697
20260520_172053_L183;20260520_172053;20.05.2026;17:07:00;183;4;5504;14;U453Z10P;Háje;50.05305;14.53723
20260520_172053_L191;20260520_172053;20.05.2026;17:08:00;191;7;3804;13;U61Z2P;Dědina;50.0883;14.30729
20260520_172053_L201;20260520_172053;20.05.2026;17:08:00;201;18;4131;12;U54Z4P;Nádraží Holešovice;50.11691;14.4686
20260520_172053_L203;20260520_172053;20.05.2026;17:06:00;203;7;1947;13;U799Z2P;Poliklinika Budějovická;50.01396;14.47301
20260520_172053_L204;20260520_172053;20.05.2026;17:09:00;204;70;9033;11;U794Z2P;Sídliště Petrovice;50.07108;14.54785
20260520_172053_L207;20260520_172053;20.05.2026;17:04:00;207;22;3959;17;U512Z8P;Ohrada;50.09026;14.46722
20260520_172053_L207;20260520_172053;20.05.2026;17:10:00;207;13;4158;11;U512Z8P;Ohrada;50.09019;14.46668
20260520_172053_L208;20260520_172053;20.05.2026;17:09:00;208;57;9151;11;U741Z3P;Vinice Dolní Počernice;50.07014;14.54487
20260520_172053_L209;20260520_172053;20.05.2026;17:10:00;209;46;9117;11;U243Z16P;Letňany;50.12994;14.55096
20260520_172053_L229;20260520_172053;20.05.2026;17:04:00;229;2;4517;13;U131Z1P;Královice;50.0367;14.63301
20260520_172053_L240;20260520_172053;20.05.2026;17:08:00;240;16;1748;11;U1342Z1P;Černý Most;50.07907;14.60404
20260520_172053_L250;20260520_172053;20.05.2026;17:08:00;250;1;5096;11;U1235Z2P;Černý Most;50.11061;14.58182
20260520_172053_L821;20260520_172053;20.05.2026;17:00:00;821;69;1583;18;U1984Z3;Sázava,aut.st.;49.96187;14.96051
20260520_172053_L822;20260520_172053;20.05.2026;16:59:00;822;3;8581;18;U5896Z2;Kolín,nádraží;50.0245;15.21418
20260520_172053_L300;20260520_172053;20.05.2026;17:10:00;300;22;8998;10;U2889Z1;Libušín,náměstí;50.14118;14.08333
20260520_172053_L310;20260520_172053;20.05.2026;17:10:00;310;74;9597;11;U1652Z1;Rudná,Zdrav.stř.;50.01626;14.2311
20260520_172053_L342;20260520_172053;20.05.2026;17:10:00;342;1;7702;11;U4806Z1;Slaný,žel.st.;50.18906;14.11059
20260520_172053_L347;20260520_172053;20.05.2026;17:08:00;347;18;8880;11;U1190Z1;Chýně,Nádraží;50.05569;14.25128
20260520_172053_L349;20260520_172053;20.05.2026;17:10:00;349;30;8209;10;U1791Z2;Praha,Ládví;50.33322;14.49632
20260520_172053_L364;20260520_172053;20.05.2026;17:10:00;364;1;4527;11;U1818Z1;Doubek;50.00944;14.72635
20260520_172053_L369;20260520_172053;20.05.2026;17:08:00;369;45;8282;12;U3318Z1;Štětí,záv.;50.432;14.42696
20260520_172053_L375;20260520_172053;20.05.2026;17:06:00;375;11;8249;13;U474Z7;Praha,Českomoravská;50.1057;14.50248
20260520_172053_L380;20260520_172053;20.05.2026;17:08:00;380;4;9978;12;U33Z4;Praha,Vypich;50.06266;14.31322
20260520_172053_L380;20260520_172053;20.05.2026;17:11:00;380;6;9974;10;U4965Z2;Praha,Vypich;49.95238;14.04808
20260520_172053_L381;20260520_172053;20.05.2026;17:11:00;381;15;9369;10;U336Z1;Čáslav,obchodní centrum;50.03104;14.59943
20260520_172053_L384;20260520_172053;20.05.2026;17:08:00;384;20;9888;11;U1229Z2;Hořovice,nám.B.Němcové;49.8936;13.94513
20260520_172053_L398;20260520_172053;20.05.2026;17:07:00;398;22;8267;11;U188Z2;Praha,Černý Most;50.1095;14.57643
20260520_172053_L464;20260520_172053;20.05.2026;17:06:00;464;30;8109;13;U4381Z2;Mělník,aut.nádr.;50.33334;14.45798
20260520_172053_L466;20260520_172053;20.05.2026;17:06:00;466;12;8077;14;U4242Z1;Mělník,aut.nádr.;50.25715;14.28954
20260520_172053_L480;20260520_172053;20.05.2026;17:08:00;480;29;7219;13;U7886Z1;Solenice;49.65677;14.01994
20260520_172053_L484;20260520_172053;20.05.2026;17:04:00;484;31;8144;15;U2315Z1;Úvaly,žel.st.;50.07408;14.72318
20260520_172053_L489;20260520_172053;20.05.2026;17:08:00;489;26;1647;11;U2360Z2;Strančice,žel.st.;49.94559;14.69579
20260520_172053_L492;20260520_172053;20.05.2026;17:09:00;492;35;9490;10;U2020Z1;Černé Voděrady;49.95806;14.82103
20260520_172053_L535;20260520_172053;20.05.2026;17:06:00;535;22;7658;14;U6429Z1;Hlavečník;50.08998;15.40871
20260520_172053_L640;20260520_172053;20.05.2026;16:42:00;640;28;9424;37;U9810Z1;Hostomice,nám.;49.82576;14.045
20260520_172053_L676;20260520_172053;20.05.2026;17:09:00;676;32;8617;11;U9553Z2;Seletice;50.20704;15.05522
20260520_172454_L201;20260520_172454;20.05.2026;17:10:00;201;18;4131;14;U870Z4P;Nádraží Holešovice;50.11747;14.45889
20260520_172454_L136;20260520_172454;20.05.2026;17:09:00;136;19;5538;14;U1074Z4P;Jižní Město;50.09277;14.4715
20260520_172454_L182;20260520_172454;20.05.2026;17:10:00;182;5;4130;14;U344Z4P;Opatov;50.03267;14.50767
20260520_172454_L108;20260520_172454;20.05.2026;17:06:00;108;3;2074;16;U2757Z1P;Dejvická;50.09986;14.38745
20260520_172454_L180;20260520_172454;20.05.2026;17:11:00;180;13;6941;12;U867Z2P;Obchodní centrum Zličín;50.08964;14.38359
20260520_172454_L204;20260520_172454;20.05.2026;17:11:00;204;70;9033;13;U1014Z2P;Sídliště Petrovice;50.07135;14.54061
20260520_172454_L181;20260520_172454;20.05.2026;17:13:00;181;5;6761;11;U747Z1P;Opatov;50.07735;14.53775
20260520_172454_L136;20260520_172454;20.05.2026;17:14:00;136;9;6909;10;U69Z1P;Sídliště Čakovice;50.0894;14.46353
20260520_172454_L177;20260520_172454;20.05.2026;17:14:00;177;16;5544;11;U225Z2P;Poliklinika Mazurská;50.09947;14.49697
20260520_172454_L104;20260520_172454;20.05.2026;17:12:00;104;2;2046;10;U1126Z1P;Na Hvězdárně;50.02922;14.36206
20260520_172454_L484;20260520_172454;20.05.2026;17:04:00;484;31;8144;19;U2315Z1;Úvaly,žel.st.;50.07408;14.72318
20260520_172454_L227;20260520_172454;20.05.2026;17:12:00;227;10;1598;10;U808Z1P;Nedvězí;50.02653;14.60846
20260520_172454_L240;20260520_172454;20.05.2026;17:08:00;240;16;1748;14;U1342Z1P;Černý Most;50.08021;14.60444
20260520_172454_L180;20260520_172454;20.05.2026;17:10:00;180;2;6859;14;U44Z2P;Dejvická;50.08605;14.36837
20260520_172454_L174;20260520_172454;20.05.2026;17:11:00;174;14;3941;13;U966Z1P;Vypich;50.0585;14.33936
20260520_172454_L181;20260520_172454;20.05.2026;17:11:00;181;7;5107;14;U641Z4P;Opatov;50.04561;14.52516
20260520_172454_L180;20260520_172454;20.05.2026;17:10:00;180;12;5124;13;U44Z1P;Obchodní centrum Zličín;50.08287;14.35707
20260520_172454_L311;20260520_172454;20.05.2026;17:15:00;311;77;9583;10;U9217Z1;Praha,Zličín;49.92407;14.26099
20260520_172454_L310;20260520_172454;20.05.2026;17:11:00;310;74;9597;11;U1651Z2;Rudná,Zdrav.stř.;50.03058;14.23136
20260520_172454_L464;20260520_172454;20.05.2026;17:12:00;464;30;8109;12;U4383Z2;Mělník,aut.nádr.;50.34951;14.45957
20260520_172454_L466;20260520_172454;20.05.2026;17:10:00;466;12;8077;14;U4243Z2;Mělník,aut.nádr.;50.26197;14.30138
20260520_172454_L480;20260520_172454;20.05.2026;17:12:00;480;29;7219;11;U7721Z1;Solenice;49.63371;14.04368
20260520_172454_L676;20260520_172454;20.05.2026;17:13:00;676;32;8617;11;U9555Z2;Seletice;50.21877;15.05617
20260520_172454_L492;20260520_172454;20.05.2026;17:09:00;492;35;9490;15;U2020Z1;Černé Voděrady;49.95668;14.82057
20260520_172454_L209;20260520_172454;20.05.2026;17:12:00;209;46;9117;12;U526Z2P;Letňany;50.12892;14.543
20260520_172454_L228;20260520_172454;20.05.2026;17:13:00;228;13;9014;10;U1014Z2P;Poliklinika Malešice;50.07128;14.5446
20260520_172454_L300;20260520_172454;20.05.2026;17:13:00;300;22;8998;11;U1782Z1;Libušín,náměstí;50.14098;14.06366
20260520_172454_L381;20260520_172454;20.05.2026;17:12:00;381;15;9369;12;U808Z5;Čáslav,obchodní centrum;50.03045;14.61113
20260520_172454_L382;20260520_172454;20.05.2026;17:10:00;382;39;9107;14;U1885Z1;Sázava,aut.st.;50.00395;14.65864
20260520_172454_L365;20260520_172454;20.05.2026;17:11:00;365;12;8832;14;U1065Z1;Hostivice,Ve Vilkách;50.07793;14.29098
20260520_172454_L385;20260520_172454;20.05.2026;17:10:00;385;18;1623;14;U1886Z1;Říčany,Olivovna;49.99443;14.68332
20260520_172454_L369;20260520_172454;20.05.2026;17:12:00;369;45;8282;11;U3320Z1;Štětí,záv.;50.43044;14.40076
20260520_172454_L380;20260520_172454;20.05.2026;17:11:00;380;4;9978;12;U395Z3;Praha,Vypich;50.06759;14.335
20260520_172454_L380;20260520_172454;20.05.2026;17:14:00;380;6;9974;10;U1749Z2;Praha,Vypich;49.96039;14.05926
20260520_172454_L146;20260520_172454;20.05.2026;17:12:00;146;4;9482;12;U4261Z1P;Vinice Hrdlořezy;50.09718;14.51097
20260520_172454_L163;20260520_172454;20.05.2026;17:12:00;163;59;9411;12;U903Z1P;Sídliště Rohožník;50.07347;14.67656
20260520_172454_L163;20260520_172454;20.05.2026;17:11:00;163;51;9190;13;U358Z4P;Depo Hostivař;50.07745;14.52185
20260520_172454_L203;20260520_172454;20.05.2026;17:11:00;203;7;1947;13;U908Z2P;Poliklinika Budějovická;50.02325;14.46095
20260520_172454_L208;20260520_172454;20.05.2026;17:14:00;208;57;9151;10;U794Z1P;Vinice Dolní Počernice;50.07162;14.55001
20260520_172454_L208;20260520_172454;20.05.2026;17:11:00;208;58;9473;13;U1165Z2P;Depo Hostivař;50.08573;14.59991
20260520_172454_L346;20260520_172454;20.05.2026;17:10:00;346;5;8299;14;U897Z31;Praha,Černý Most;50.10959;14.57613
20260520_172454_L347;20260520_172454;20.05.2026;17:11:00;347;18;8880;13;U11000Z2;Chýně,Nádraží;50.0584;14.23314
20260520_172454_L342;20260520_172454;20.05.2026;17:12:00;342;1;7702;11;U4771Z1;Slaný,žel.st.;50.20387;14.12003
20260520_172454_L191;20260520_172454;20.05.2026;17:14:00;191;10;3948;11;U661Z2P;Obchodní centrum Ruzyně;50.08972;14.30958
20260520_172454_L136;20260520_172454;20.05.2026;17:12:00;136;5;5543;12;U368Z1P;Sídliště Čakovice;50.14974;14.50776
20260520_172454_L183;20260520_172454;20.05.2026;17:11:00;183;4;5504;13;U2707Z1P;Háje;50.04655;14.54977
20260520_172454_L640;20260520_172454;20.05.2026;16:42:00;640;28;9424;41;U9810Z1;Hostomice,nám.;49.82567;14.04488
20260520_172454_L133;20260520_172454;20.05.2026;17:12:00;133;4;4110;12;U69Z1P;Sídliště Malešice;50.08952;14.46412
20260520_172454_L149;20260520_172454;20.05.2026;17:12:00;149;6;3995;10;U238Z1P;Stodůlky-Bavorská;50.05114;14.35221
20260520_172454_L136;20260520_172454;20.05.2026;16:57:00;136;18;6974;25;U1074Z4P;Jižní Město;50.09115;14.46831
20260520_172454_L125;20260520_172454;20.05.2026;17:15:00;125;14;5128;10;U154Z4P;Skalka;50.047;14.55593
20260520_172454_L250;20260520_172454;20.05.2026;17:10:00;250;1;5096;13;U897Z11P;Černý Most;50.10807;14.57429
20260520_172454_L207;20260520_172454;20.05.2026;17:04:00;207;22;3959;21;U512Z8P;Ohrada;50.09022;14.46726
20260520_172454_L136;20260520_172454;20.05.2026;17:12:00;136;16;5546;12;U751Z2P;Jižní Město;50.05258;14.47517
20260520_172454_L136;20260520_172454;20.05.2026;17:14:00;136;6;5021;10;U125Z1P;Sídliště Čakovice;50.1396;14.50494
20260520_172454_L143;20260520_172454;20.05.2026;17:12:00;143;6;6897;11;U362Z10P;Stadion Strahov;50.08264;14.38976
20260520_172454_L137;20260520_172454;20.05.2026;17:15:00;137;5;4016;10;U396Z4P;Na Knížecí;50.05846;14.37445
20260520_172454_L207;20260520_172454;20.05.2026;17:10:00;207;13;4158;15;U512Z8P;Ohrada;50.09029;14.467
20260520_172454_L535;20260520_172454;20.05.2026;17:06:00;535;22;7658;15;U6429Z1;Hlavečník;50.08998;15.40871
20260520_172454_L167;20260520_172454;20.05.2026;17:14:00;167;6;5002;11;U306Z1P;Nemocnice Na Homolce;50.07463;14.34022
20260520_172454_L136;20260520_172454;20.05.2026;17:03:00;136;27;6868;19;U1074Z4P;Jižní Město;50.09202;14.46926
20260520_172454_L177;20260520_172454;20.05.2026;17:15:00;177;2;6788;10;U581Z1P;Poliklinika Mazurská;50.12911;14.43117
20260520_172454_L136;20260520_172454;20.05.2026;17:10:00;136;15;6809;14;U417Z1P;Jižní Město;50.0429;14.48776
20260520_172454_L183;20260520_172454;20.05.2026;17:15:00;183;7;6791;10;U708Z1P;Háje;50.07585;14.5376
20260520_172454_L174;20260520_172454;20.05.2026;17:10:00;174;17;4193;15;U840Z1P;Třebonice;50.03464;14.30751
20260520_172855_L125;20260520_172855;20.05.2026;17:18:00;125;14;5128;11;U654Z2P;Skalka;50.05052;14.54339
20260520_172855_L161;20260520_172855;20.05.2026;17:19:00;161;9;4538;10;U1047Z1P;Přední Kopanina;50.1142;14.31975
20260520_172855_L208;20260520_172855;20.05.2026;17:17:00;208;57;9151;12;U4887Z2P;Vinice Dolní Počernice;50.08426;14.55073
20260520_172855_L310;20260520_172855;20.05.2026;17:16:00;310;74;9597;11;U1647Z3;Praha,Zličín;50.02638;14.22909
20260520_172855_L467;20260520_172855;20.05.2026;17:19:00;467;58;8069;10;U3388Z1;Mladá Boleslav,aut.st.;50.40994;14.91938
20260520_172855_L227;20260520_172855;20.05.2026;17:19:00;227;10;1598;10;U277Z1P;Nedvězí;50.01108;14.6275
20260520_172855_L209;20260520_172855;20.05.2026;17:18:00;209;44;9188;10;U880Z1P;Letňany;50.0886;14.61344
20260520_172855_L770;20260520_172855;20.05.2026;17:17:00;770;42;7918;10;U7807Z2;Benešov,Terminál;49.81069;14.73992
20260520_172855_L342;20260520_172855;20.05.2026;17:19:00;342;1;7702;10;U4773Z3;Slaný,žel.st.;50.21347;14.13608
20260520_172855_L369;20260520_172855;20.05.2026;17:18:00;369;45;8282;11;U3323Z1;Štětí,záv.;50.45575;14.38305
20260520_172855_L380;20260520_172855;20.05.2026;17:17:00;380;4;9978;12;U444Z1;Praha,Vypich;50.07582;14.34481
20260520_172855_L381;20260520_172855;20.05.2026;17:18:00;381;15;9369;11;U1885Z1;Čáslav,obchodní centrum;50.00513;14.65654
20260520_172855_L352;20260520_172855;20.05.2026;17:18:00;352;7;4172;10;U1089Z1;Jinočany,náměstí;50.03037;14.30486
20260520_172855_L136;20260520_172855;20.05.2026;17:15:00;136;28;6835;12;U1074Z4P;Jižní Město;50.09403;14.4735
20260520_172855_L133;20260520_172855;20.05.2026;17:18:00;133;8;3714;11;U69Z1P;Sídliště Malešice;50.08899;14.46172
20260520_172855_L207;20260520_172855;20.05.2026;17:16:00;207;12;3908;12;U512Z8P;Ohrada;50.09006;14.46648
20260520_172855_L136;20260520_172855;20.05.2026;17:14:00;136;9;6909;13;U69Z1P;Sídliště Čakovice;50.09022;14.46691
20260520_172855_L136;20260520_172855;20.05.2026;17:09:00;136;19;5538;17;U1074Z4P;Jižní Město;50.09193;14.46909
20260520_172855_L466;20260520_172855;20.05.2026;17:14:00;466;12;8077;14;U4245Z2;Mělník,aut.nádr.;50.27669;14.3102
20260520_172855_L464;20260520_172855;20.05.2026;17:14:00;464;30;8109;12;U3351Z2;Mělník,aut.nádr.;50.35864;14.47265
20260520_172855_L181;20260520_172855;20.05.2026;17:16:00;181;7;5107;13;U99Z1P;Opatov;50.03726;14.50887
20260520_172855_L366;20260520_172855;20.05.2026;17:19:00;366;8;4513;10;U131Z1;Doubek;50.05047;14.62821
20260520_172855_L180;20260520_172855;20.05.2026;17:18:00;180;3;5048;10;U44Z2P;Dejvická;50.0858;14.36676
20260520_172855_L177;20260520_172855;20.05.2026;17:18:00;177;16;5544;11;U474Z4P;Poliklinika Mazurská;50.11063;14.5022
20260520_172855_L204;20260520_172855;20.05.2026;17:14:00;204;70;9033;14;U741Z1P;Sídliště Petrovice;50.06698;14.54734
20260520_172855_L208;20260520_172855;20.05.2026;17:15:00;208;58;9473;13;U1162Z1P;Depo Hostivař;50.08817;14.5767
20260520_172855_L191;20260520_172855;20.05.2026;17:17:00;191;10;3948;11;U554Z5P;Obchodní centrum Ruzyně;50.09024;14.3011
20260520_172855_L180;20260520_172855;20.05.2026;17:17:00;180;13;6941;12;U44Z1P;Obchodní centrum Zličín;50.08553;14.36467
20260520_172855_L104;20260520_172855;20.05.2026;17:18:00;104;2;2046;10;U2711Z3P;Na Hvězdárně;50.02309;14.353
20260520_172855_L203;20260520_172855;20.05.2026;17:14:00;203;7;1947;13;U488Z8P;Poliklinika Budějovická;50.03638;14.45637
20260520_172855_L382;20260520_172855;20.05.2026;17:14:00;382;5;9377;15;U2023Z1;Sázava,aut.st.;49.92624;14.83042
20260520_172855_L136;20260520_172855;20.05.2026;17:18:00;136;7;5537;10;U606Z1P;Sídliště Čakovice;50.12264;14.5072
20260520_172855_L136;20260520_172855;20.05.2026;17:15:00;136;5;5543;13;U114Z1P;Sídliště Čakovice;50.15546;14.52248
20260520_172855_L191;20260520_172855;20.05.2026;17:19:00;191;2;4017;10;U541Z6P;Dědina;50.08651;14.33924
20260520_172855_L149;20260520_172855;20.05.2026;17:17:00;149;6;3995;12;U968Z1P;Stodůlky-Bavorská;50.05484;14.3462
20260520_172855_L183;20260520_172855;20.05.2026;17:15:00;183;4;5504;13;U1001Z1P;Háje;50.0445;14.56712
20260520_172855_L133;20260520_172855;20.05.2026;17:15:00;133;4;4110;14;U34Z1P;Sídliště Malešice;50.08916;14.46855
20260520_172855_L174;20260520_172855;20.05.2026;17:16:00;174;14;3941;12;U306Z1P;Vypich;50.07501;14.34112
20260520_172855_L640;20260520_172855;20.05.2026;16:42:00;640;28;9424;44;U9810Z1;Hostomice,nám.;49.82533;14.04463
20260520_172855_L209;20260520_172855;20.05.2026;17:15:00;209;46;9117;13;U803Z2P;Letňany;50.12078;14.52287
20260520_172855_L300;20260520_172855;20.05.2026;17:17:00;300;22;8998;11;U4793Z1;Libušín,náměstí;50.16477;14.05162
20260520_172855_L311;20260520_172855;20.05.2026;17:15:00;311;77;9583;11;U9217Z1;Praha,Zličín;49.92752;14.27071
20260520_172855_L667;20260520_172855;20.05.2026;17:17:00;667;21;8008;10;U3379Z2;Brandýs n.L.-St.Bol.,Nádr.;50.27438;14.81807
20260520_172855_L136;20260520_172855;20.05.2026;17:14:00;136;8;5082;15;U763Z1P;Sídliště Čakovice;50.09772;14.48053
20260520_172855_L676;20260520_172855;20.05.2026;17:17:00;676;32;8617;10;U4161Z2;Seletice;50.24746;15.05484
20260520_172855_L180;20260520_172855;20.05.2026;17:10:00;180;2;6859;17;U44Z2P;Dejvická;50.08636;14.3707
20260520_172855_L347;20260520_172855;20.05.2026;17:14:00;347;18;8880;14;U1180Z1;Chýně,Nádraží;50.0589;14.21629
20260520_172855_L136;20260520_172855;20.05.2026;17:19:00;136;6;5021;10;U451Z1P;Sídliště Čakovice;50.15062;14.51312
20260520_172855_L480;20260520_172855;20.05.2026;17:14:00;480;29;7219;11;U7719Z1;Solenice;49.62706;14.0707
20260520_172855_L484;20260520_172855;20.05.2026;17:04:00;484;31;8144;23;U2315Z1;Úvaly,žel.st.;50.07408;14.72318
20260520_172855_L137;20260520_172855;20.05.2026;17:16:00;137;5;4016;12;U116Z2P;Na Knížecí;50.06072;14.38126
20260520_172855_L207;20260520_172855;20.05.2026;17:16:00;207;22;3959;13;U512Z5P;Staroměstská;50.09009;14.46648
20260520_172855_L181;20260520_172855;20.05.2026;17:17:00;181;5;6761;12;U975Z1P;Opatov;50.06536;14.53645
20260520_172855_L136;20260520_172855;20.05.2026;17:16:00;136;16;5546;13;U417Z1P;Jižní Město;50.04292;14.48778
20260520_172855_L149;20260520_172855;20.05.2026;17:16:00;149;7;3708;12;U563Z2P;Stodůlky-Bavorská;50.08565;14.37885
20260520_172855_L177;20260520_172855;20.05.2026;17:18:00;177;2;6788;10;U912Z4P;Poliklinika Mazurská;50.13099;14.41728
20260520_172855_L136;20260520_172855;20.05.2026;17:16:00;136;15;6809;12;U344Z1P;Jižní Město;50.03151;14.50546
20260520_172855_L191;20260520_172855;20.05.2026;17:16:00;191;17;4022;11;U1198Z1P;Letiště / Airport ✈;50.09221;14.32431
20260520_172855_L149;20260520_172855;20.05.2026;17:14:00;149;1;3934;15;U254Z5P;Stodůlky-Bavorská;50.0721;14.37999
20260520_173256_L209;20260520_173256;20.05.2026;17:22:00;209;44;9188;10;U883Z2P;Letňany;50.10114;14.62551
20260520_173256_L240;20260520_173256;20.05.2026;17:18:00;240;16;1748;13;U1235Z2P;Černý Most;50.11034;14.58098
20260520_173256_L480;20260520_173256;20.05.2026;17:21:00;480;29;7219;10;U7804Z1;Solenice;49.60959;14.10344
20260520_173256_L342;20260520_173256;20.05.2026;17:22:00;342;1;7702;10;U4775Z1;Slaný,žel.st.;50.22604;14.1057
20260520_173256_L349;20260520_173256;20.05.2026;17:20:00;349;30;8209;11;U2334Z1;Praha,Ládví;50.24441;14.49458
20260520_173256_L365;20260520_173256;20.05.2026;17:20:00;365;12;8832;12;U2114Z1;Hostivice,Ve Vilkách;50.08083;14.26135
20260520_173256_L352;20260520_173256;20.05.2026;17:19:00;352;7;4172;13;U3051Z1;Jinočany,náměstí;50.02686;14.29954
20260520_173256_L207;20260520_173256;20.05.2026;17:19:00;207;22;3959;14;U745Z2P;Staroměstská;50.08732;14.45243
20260520_173256_L770;20260520_173256;20.05.2026;17:21:00;770;42;7918;10;U7005Z2;Benešov,Terminál;49.80583;14.71147
20260520_173256_L464;20260520_173256;20.05.2026;17:19:00;464;30;8109;12;U1794Z2;Mělník,aut.nádr.;50.34962;14.48806
20260520_173256_L400;20260520_173256;20.05.2026;17:20:00;400;56;1088;11;U31355Z1;Nový Bor,aut.nádr.;50.70728;14.54419
20260520_173256_L149;20260520_173256;20.05.2026;17:22:00;149;6;3995;10;U1210Z1P;Stodůlky-Bavorská;50.05482;14.32376
20260520_173256_L133;20260520_173256;20.05.2026;17:20:00;133;8;3714;13;U512Z8P;Sídliště Malešice;50.0901;14.46651
20260520_173256_L108;20260520_173256;20.05.2026;17:18:00;108;3;2074;15;U2767Z2P;Dejvická;50.10475;14.40347
20260520_173256_L183;20260520_173256;20.05.2026;17:19:00;183;4;5504;13;U338Z2P;Háje;50.03331;14.55966
20260520_173256_L136;20260520_173256;20.05.2026;17:15:00;136;28;6835;15;U1074Z4P;Jižní Město;50.09239;14.47032
20260520_173256_L136;20260520_173256;20.05.2026;17:20:00;136;9;6909;13;U763Z1P;Sídliště Čakovice;50.09772;14.48053
20260520_173256_L136;20260520_173256;20.05.2026;17:22:00;136;7;5537;11;U405Z1P;Sídliště Čakovice;50.12869;14.51158
20260520_173256_L180;20260520_173256;20.05.2026;17:18:00;180;3;5048;13;U44Z2P;Dejvická;50.08631;14.37009
20260520_173256_L311;20260520_173256;20.05.2026;17:19:00;311;77;9583;12;U1852Z51;Praha,Zličín;49.93013;14.27467
20260520_173256_L826;20260520_173256;20.05.2026;17:18:00;826;35;8592;13;U2437Z1;Tuklaty,Tlustovousy;50.08818;14.76441
20260520_173256_L104;20260520_173256;20.05.2026;17:22:00;104;2;2046;11;U2712Z1P;Na Hvězdárně;50.01761;14.35726
20260520_173256_L324;20260520_173256;20.05.2026;17:21:00;324;27;8996;10;U3095Z2;Praha,Zličín;50.14078;14.08192
20260520_173256_L208;20260520_173256;20.05.2026;17:20:00;208;58;9473;12;U193Z2P;Depo Hostivař;50.08771;14.55648
20260520_173256_L369;20260520_173256;20.05.2026;17:18:00;369;47;8269;11;U651Z6;Praha,Ládví;50.12704;14.47337
20260520_173256_L366;20260520_173256;20.05.2026;17:23:00;366;8;4513;10;U1272Z1;Doubek;50.03822;14.63827
20260520_173256_L208;20260520_173256;20.05.2026;17:19:00;208;57;9151;13;U318Z1P;Vinice Dolní Počernice;50.08864;14.55121
20260520_173256_L137;20260520_173256;20.05.2026;17:20:00;137;5;4016;12;U638Z2P;Na Knížecí;50.06644;14.39922
20260520_173256_L180;20260520_173256;20.05.2026;17:17:00;180;13;6941;14;U44Z1P;Obchodní centrum Zličín;50.08428;14.36087
20260520_173256_L177;20260520_173256;20.05.2026;17:23:00;177;16;5544;10;U603Z3P;Poliklinika Mazurská;50.11956;14.49771
20260520_173256_L136;20260520_173256;20.05.2026;17:21:00;136;1;6968;11;U1074Z4P;Jižní Město;50.09376;14.47322
20260520_173256_L203;20260520_173256;20.05.2026;17:20:00;203;7;1947;12;U938Z2P;Poliklinika Budějovická;50.03901;14.45668
20260520_173256_L228;20260520_173256;20.05.2026;17:21:00;228;13;9014;10;U1071Z2P;Poliklinika Malešice;50.07725;14.51872
20260520_173256_L143;20260520_173256;20.05.2026;17:22:00;143;6;6897;10;U699Z3P;Dejvická;50.07817;14.38848
20260520_173256_L310;20260520_173256;20.05.2026;17:21:00;310;74;9597;11;U1652Z2;Praha,Zličín;50.01642;14.23185
20260520_173256_L484;20260520_173256;20.05.2026;17:04:00;484;31;8144;27;U2315Z1;Úvaly,žel.st.;50.07408;14.72318
20260520_173256_L204;20260520_173256;20.05.2026;17:18:00;204;70;9033;14;U1099Z1P;Sídliště Petrovice;50.05499;14.56343
20260520_173256_L149;20260520_173256;20.05.2026;17:18:00;149;7;3708;14;U362Z10P;Stodůlky-Bavorská;50.08404;14.38734
20260520_173256_L381;20260520_173256;20.05.2026;17:21:00;381;15;9369;11;U1878Z1;Čáslav,obchodní centrum;49.9981;14.67134
20260520_173256_L382;20260520_173256;20.05.2026;17:20:00;382;5;9377;12;U2091Z1;Sázava,aut.st.;49.90121;14.83969
20260520_173256_L133;20260520_173256;20.05.2026;17:22:00;133;1;3002;10;U745Z2P;Florenc;50.08732;14.45238
20260520_173256_L180;20260520_173256;20.05.2026;17:23:00;180;8;6903;10;U229Z1P;Obchodní centrum Zličín;50.08651;14.37046
20260520_173256_L181;20260520_173256;20.05.2026;17:22:00;181;5;6761;11;U472Z4P;Opatov;50.05293;14.5277
20260520_173256_L136;20260520_173256;20.05.2026;17:20:00;136;8;5082;12;U134Z5P;Sídliště Čakovice;50.10092;14.50301
20260520_173256_L180;20260520_173256;20.05.2026;17:20:00;180;12;5124;13;U394Z3P;Obchodní centrum Zličín;50.0685;14.33493
20260520_173256_L352;20260520_173256;20.05.2026;17:22:00;352;6;4117;10;U1185Z1;Praha,Luka;50.0208;14.29502
20260520_173256_L136;20260520_173256;20.05.2026;17:21:00;136;16;5546;12;U424Z1P;Jižní Město;50.03303;14.50025
20260520_173256_L149;20260520_173256;20.05.2026;17:22:00;149;4;4177;11;U281Z6P;Dejvická;50.05382;14.31222
20260520_173256_L167;20260520_173256;20.05.2026;17:20:00;167;54;5066;12;U1040Z12P;Nemocnice Na Homolce;50.07083;14.40294
20260520_173256_L136;20260520_173256;20.05.2026;17:20:00;136;15;6809;13;U916Z1P;Jižní Město;50.02529;14.51581
20260520_173256_L183;20260520_173256;20.05.2026;17:22:00;183;7;6791;10;U453Z10P;Háje;50.05304;14.53721
20260520_173256_L191;20260520_173256;20.05.2026;17:21:00;191;17;4022;12;U61Z2P;Letiště / Airport ✈;50.08831;14.30728
20260520_173656_L125;20260520_173656;20.05.2026;17:26:00;125;14;5128;10;U1068Z2P;Skalka;50.06852;14.51657
20260520_173656_L207;20260520_173656;20.05.2026;17:22:00;207;22;3959;14;U3018Z2P;Staroměstská;50.08897;14.44344
20260520_173656_L208;20260520_173656;20.05.2026;17:23:00;208;58;9473;13;U4887Z1P;Depo Hostivař;50.07819;14.55261
20260520_173656_L480;20260520_173656;20.05.2026;17:24:00;480;29;7219;10;U7802Z1;Solenice;49.60415;14.1288
20260520_173656_L180;20260520_173656;20.05.2026;17:17:00;180;13;6941;18;U44Z1P;Obchodní centrum Zličín;50.08278;14.35658
20260520_173656_L136;20260520_173656;20.05.2026;17:25:00;136;9;6909;11;U225Z2P;Sídliště Čakovice;50.09951;14.49703
20260520_173656_L180;20260520_173656;20.05.2026;17:23:00;180;12;5124;14;U113Z3P;Obchodní centrum Zličín;50.06388;14.31579
20260520_173656_L125;20260520_173656;20.05.2026;17:27:00;125;4;5115;10;U286Z5P;Skalka;50.0306;14.52871
20260520_173656_L181;20260520_173656;20.05.2026;17:26:00;181;5;6761;10;U641Z4P;Opatov;50.04556;14.52523
20260520_173656_L380;20260520_173656;20.05.2026;17:23:00;380;6;9974;11;U4273Z1;Praha,Vypich;49.97487;14.10037
20260520_173656_L136;20260520_173656;20.05.2026;17:23:00;136;16;5546;11;U106Z2P;Jižní Město;50.02463;14.51246
20260520_173656_L101;20260520_173656;20.05.2026;17:26:00;101;4;2324;10;U851Z1P;Viktoria Žižkov;50.07546;14.44914
20260520_173656_L149;20260520_173656;20.05.2026;17:22:00;149;7;3708;13;U1407Z1P;Stodůlky-Bavorská;50.07929;14.37414
20260520_173656_L136;20260520_173656;20.05.2026;17:23:00;136;8;5082;11;U474Z5P;Sídliště Čakovice;50.11321;14.4959
20260520_173656_L352;20260520_173656;20.05.2026;17:22:00;352;7;4172;14;U1185Z2;Jinočany,náměstí;50.02093;14.29457
20260520_173656_L826;20260520_173656;20.05.2026;17:18:00;826;35;8592;17;U2437Z1;Tuklaty,Tlustovousy;50.08822;14.76442
20260520_173656_L484;20260520_173656;20.05.2026;17:04:00;484;31;8144;31;U2315Z1;Úvaly,žel.st.;50.07408;14.72318
20260520_173656_L143;20260520_173656;20.05.2026;17:22:00;143;6;6897;14;U699Z3P;Dejvická;50.07834;14.38811
20260520_173656_L136;20260520_173656;20.05.2026;17:21:00;136;1;6968;14;U1074Z4P;Jižní Město;50.09234;14.47022
20260520_173656_L104;20260520_173656;20.05.2026;17:25:00;104;2;2046;11;U2725Z1P;Na Hvězdárně;50.01422;14.37313
20260520_173656_L208;20260520_173656;20.05.2026;17:24:00;208;57;9151;12;U97Z1P;Vinice Dolní Počernice;50.08536;14.57711
20260520_173656_L209;20260520_173656;20.05.2026;17:25:00;209;44;9188;11;U408Z2P;Letňany;50.11725;14.62573
20260520_173656_L228;20260520_173656;20.05.2026;17:26:00;228;13;9014;10;U1387Z1P;Poliklinika Malešice;50.08018;14.50657
20260520_173656_L240;20260520_173656;20.05.2026;17:26:00;240;13;1761;10;U448Z2P;Černý Most;50.0812;14.5956
20260520_173656_L180;20260520_173656;20.05.2026;17:26:00;180;10;5122;10;U867Z2P;Obchodní centrum Zličín;50.09189;14.38628
20260520_173656_L369;20260520_173656;20.05.2026;17:26:00;369;44;8276;10;U2334Z1;Praha,Ládví;50.25404;14.4947
20260520_173656_L381;20260520_173656;20.05.2026;17:24:00;381;15;9369;10;U1886Z1;Čáslav,obchodní centrum;49.98899;14.70045
20260520_173656_L382;20260520_173656;20.05.2026;17:26:00;382;5;9377;10;U2028Z1;Sázava,aut.st.;49.89078;14.85985
20260520_173656_L400;20260520_173656;20.05.2026;17:25:00;400;5;11656;10;U6072Z2;Praha,Střížkov;50.45351;14.47404
20260520_173656_L659;20260520_173656;20.05.2026;17:25:00;659;33;9109;10;U2016Z2;Stříbrná Skalice,Žel.st.;49.991;14.85735
20260520_173656_L466;20260520_173656;20.05.2026;17:22:00;466;12;8077;13;U4364Z3;Mělník,aut.nádr.;50.30948;14.31275
20260520_173656_L311;20260520_173656;20.05.2026;17:22:00;311;77;9583;14;U9217Z2;Praha,Zličín;49.92348;14.25828
20260520_173656_L310;20260520_173656;20.05.2026;17:27:00;310;74;9597;10;U1667Z2;Praha,Zličín;50.01093;14.2435
20260520_173656_L306;20260520_173656;20.05.2026;17:25:00;306;9;8853;10;U1141Z3;Jeneč,Lidická;50.05783;14.28999
20260520_173656_L652;20260520_173656;20.05.2026;17:23:00;652;12;1595;13;U1978Z1;Oleška,Krymlov;49.98595;14.86754
20260520_173656_L180;20260520_173656;20.05.2026;17:25:00;180;8;6903;10;U44Z1P;Obchodní centrum Zličín;50.08432;14.36091
20260520_173656_L805;20260520_173656;20.05.2026;17:26:00;805;23;7619;10;U7129Z2;Zruč n.Sáz.,Sázavan;49.94758;15.28443
20260520_173656_L857;20260520_173656;20.05.2026;17:24:00;857;15;7325;12;U1693Z2;Zákolany;50.20163;14.29306
20260520_173656_L136;20260520_173656;20.05.2026;17:26:00;136;7;5537;10;U125Z1P;Sídliště Čakovice;50.13952;14.50487
20260520_173656_L177;20260520_173656;20.05.2026;17:26:00;177;16;5544;10;U467Z2P;Poliklinika Mazurská;50.12924;14.48237
20260520_173656_L229;20260520_173656;20.05.2026;17:26:00;229;2;4517;10;U808Z2P;Depo Hostivař;50.02964;14.60201
20260520_173656_L149;20260520_173656;20.05.2026;17:25:00;149;3;3939;11;U321Z3P;Stodůlky-Bavorská;50.09936;14.39555
20260520_173656_L149;20260520_173656;20.05.2026;17:25:00;149;4;4177;10;U786Z2P;Dejvická;50.05338;14.33392
20260520_173656_L167;20260520_173656;20.05.2026;17:24:00;167;54;5066;12;U254Z2P;Nemocnice Na Homolce;50.07066;14.37982
20260520_173656_L136;20260520_173656;20.05.2026;17:23:00;136;15;6809;14;U286Z5P;Jižní Město;50.03072;14.52983
20260520_173656_L183;20260520_173656;20.05.2026;17:26:00;183;7;6791;10;U2707Z1P;Háje;50.04654;14.54974
20260520_173656_L191;20260520_173656;20.05.2026;17:23:00;191;17;4022;12;U554Z5P;Letiště / Airport ✈;50.0934;14.29796
20260520_174057_L381;20260520_174057;20.05.2026;17:27:00;381;15;9369;12;U2006Z1;Čáslav,obchodní centrum;49.98997;14.7265
20260520_174057_L208;20260520_174057;20.05.2026;17:26:00;208;58;9473;13;U794Z2P;Depo Hostivař;50.07063;14.54625
20260520_174057_L180;20260520_174057;20.05.2026;17:26:00;180;12;5124;13;U47Z3P;Obchodní centrum Zličín;50.06906;14.29987
20260520_174057_L133;20260520_174057;20.05.2026;17:29:00;133;51;3888;10;U34Z2P;Florenc;50.08884;14.46906
20260520_174057_L207;20260520_174057;20.05.2026;17:22:00;207;22;3959;16;U3018Z2P;Staroměstská;50.09205;14.44211
20260520_174057_L180;20260520_174057;20.05.2026;17:17:00;180;13;6941;21;U44Z1P;Obchodní centrum Zličín;50.0818;14.35403
20260520_174057_L400;20260520_174057;20.05.2026;17:28:00;400;5;11656;11;U6070Z2;Praha,Střížkov;50.43474;14.47069
20260520_174057_L484;20260520_174057;20.05.2026;17:04:00;484;31;8144;36;U2315Z1;Úvaly,žel.st.;50.07408;14.72318
20260520_174057_L400;20260520_174057;20.05.2026;17:29:00;400;56;1088;12;U31359Z1;Nový Bor,aut.nádr.;50.75436;14.55324
20260520_174057_L311;20260520_174057;20.05.2026;17:26:00;311;77;9583;14;U2569Z1;Praha,Zličín;49.92565;14.2419
20260520_174057_L733;20260520_174057;20.05.2026;17:31:00;733;6;10198;10;U9443Z11;Turnov,Na Lukách;50.58708;15.14031
20260520_174057_L466;20260520_174057;20.05.2026;17:29:00;466;12;8077;11;U4376Z1;Mělník,aut.nádr.;50.31897;14.34051
20260520_174057_L659;20260520_174057;20.05.2026;17:27:00;659;33;9109;11;U2319Z1;Stříbrná Skalice,Žel.st.;49.97952;14.8825
20260520_174057_L857;20260520_174057;20.05.2026;17:29:00;857;15;7325;12;U2887Z1;Zákolany;50.21115;14.27333
20260520_174057_L743;20260520_174057;20.05.2026;17:28:00;743;17;7646;12;U7266Z2;Petrovice I;49.82541;15.30019
20260520_174057_L204;20260520_174057;20.05.2026;17:26:00;204;70;9033;14;U770Z1P;Sídliště Petrovice;50.04009;14.55611
20260520_174057_L209;20260520_174057;20.05.2026;17:29:00;209;44;9188;11;U1348Z1P;Letňany;50.11811;14.60357
20260520_174057_L369;20260520_174057;20.05.2026;17:30:00;369;44;8276;10;U1959Z2;Praha,Ládví;50.21706;14.49679
20260520_174057_L380;20260520_174057;20.05.2026;17:30:00;380;6;9974;10;U2372Z2;Praha,Vypich;49.98695;14.13588
20260520_174057_L391;20260520_174057;20.05.2026;17:30:00;391;33;9187;10;U2315Z1;Úvaly,OC Pražská;50.07396;14.72332
20260520_174057_L176;20260520_174057;20.05.2026;17:31:00;176;6;4020;10;U930Z1P;Stadion Strahov;50.07619;14.39911
20260520_174057_L181;20260520_174057;20.05.2026;17:28:00;181;5;6761;11;U219Z1P;Opatov;50.04284;14.51492
20260520_174057_L143;20260520_174057;20.05.2026;17:27:00;143;3;5057;12;U321Z13P;Stadion Strahov;50.10166;14.39521
20260520_174057_L229;20260520_174057;20.05.2026;17:30:00;229;2;4517;11;U435Z2P;Depo Hostivař;50.03937;14.58793
20260520_174057_L208;20260520_174057;20.05.2026;17:27:00;208;57;9151;13;U1163Z1P;Vinice Dolní Počernice;50.08762;14.58497
20260520_174057_L124;20260520_174057;20.05.2026;17:31:00;124;11;5502;10;U376Z4P;Želivského;50.05451;14.45301
20260520_174057_L480;20260520_174057;20.05.2026;17:29:00;480;29;7219;11;U7061Z1;Solenice;49.60031;14.12823
20260520_174057_L149;20260520_174057;20.05.2026;17:27:00;149;7;3708;13;U443Z2P;Stodůlky-Bavorská;50.07283;14.37785
20260520_174057_L143;20260520_174057;20.05.2026;17:22:00;143;6;6897;18;U699Z3P;Dejvická;50.07834;14.38811
20260520_174057_L826;20260520_174057;20.05.2026;17:18:00;826;35;8592;21;U2437Z1;Tuklaty,Tlustovousy;50.08822;14.76441
20260520_174057_L180;20260520_174057;20.05.2026;17:26:00;180;10;5122;14;U867Z2P;Obchodní centrum Zličín;50.0916;14.38587
20260520_174057_L136;20260520_174057;20.05.2026;17:30:00;136;8;5082;11;U606Z1P;Sídliště Čakovice;50.12214;14.50619
20260520_174057_L101;20260520_174057;20.05.2026;17:31:00;101;4;2324;10;U2789Z2P;Viktoria Žižkov;50.08282;14.44389
20260520_174057_L805;20260520_174057;20.05.2026;17:31:00;805;23;7619;10;U7126Z2;Zruč n.Sáz.,Sázavan;49.92805;15.27233
20260520_174057_L136;20260520_174057;20.05.2026;17:27:00;136;2;6735;11;U1074Z4P;Jižní Město;50.09308;14.47225
20260520_174057_L149;20260520_174057;20.05.2026;17:28:00;149;3;3939;12;U867Z2P;Stodůlky-Bavorská;50.09267;14.3872
20260520_174057_L164;20260520_174057;20.05.2026;17:28:00;164;4;1958;11;U229Z2P;Malovanka;50.08707;14.37666
20260520_174057_L207;20260520_174057;20.05.2026;17:28:00;207;13;4158;10;U3018Z2P;Staroměstská;50.09202;14.4423
20260520_174057_L177;20260520_174057;20.05.2026;17:30:00;177;16;5544;10;U78Z3P;Poliklinika Mazurská;50.12634;14.4658
20260520_174057_L149;20260520_174057;20.05.2026;17:28:00;149;4;4177;12;U968Z2P;Dejvická;50.05469;14.34715
20260520_174057_L184;20260520_174057;20.05.2026;17:28:00;184;7;5121;11;U444Z1P;Vypich;50.07781;14.34731
20260520_174057_L183;20260520_174057;20.05.2026;17:31:00;183;7;6791;10;U1013Z1P;Háje;50.04113;14.56696
20260520_174057_L306;20260520_174057;20.05.2026;17:25:00;306;9;8853;16;U1141Z3;Jeneč,Lidická;50.05419;14.29108
20260520_174057_L180;20260520_174057;20.05.2026;17:25:00;180;8;6903;14;U44Z1P;Obchodní centrum Zličín;50.08312;14.35746
20260520_174057_L191;20260520_174057;20.05.2026;17:28:00;191;17;4022;13;U698Z1P;Letiště / Airport ✈;50.09927;14.28855
20260520_174057_L352;20260520_174057;20.05.2026;17:31:00;352;6;4117;10;U679Z2;Praha,Luka;50.03793;14.32417
20260520_174057_L180;20260520_174057;20.05.2026;17:27:00;180;1;5008;12;U229Z2P;Dejvická;50.08711;14.3771
20260520_174057_L136;20260520_174057;20.05.2026;17:29:00;136;9;6909;11;U474Z5P;Sídliště Čakovice;50.1103;14.50231
20260520_174057_L401;20260520_174057;20.05.2026;17:29:00;401;61;7772;10;U4886Z7;Jindřichův Hradec,aut.nádr.;49.41306;14.67533
20260520_174057_L167;20260520_174057;20.05.2026;17:28:00;167;54;5066;13;U289Z7P;Nemocnice Na Homolce;50.07014;14.36134
20260520_174057_L770;20260520_174057;20.05.2026;17:30:00;770;42;7918;10;U4483Z3;Benešov,Terminál;49.78544;14.68208
20260520_174057_L104;20260520_174057;20.05.2026;17:30:00;104;2;2046;11;U3202Z1P;Na Hvězdárně;50.00762;14.38161
20260520_174057_L136;20260520_174057;20.05.2026;17:27:00;136;16;5546;12;U353Z1P;Jižní Město;50.02902;14.52552
20260520_174057_L125;20260520_174057;20.05.2026;17:28:00;125;4;5115;11;U151Z1P;Skalka;50.03169;14.54843
20260520_174458_L826;20260520_174458;20.05.2026;17:18:00;826;35;8592;25;U2437Z1;Tuklaty,Tlustovousy;50.08822;14.76441
20260520_174458_L366;20260520_174458;20.05.2026;17:33:00;366;8;4513;10;U1816Z1;Doubek;50.01099;14.70263
20260520_174458_L176;20260520_174458;20.05.2026;17:33:00;176;6;4020;11;U2607Z1P;Stadion Strahov;50.07406;14.38942
20260520_174458_L136;20260520_174458;20.05.2026;17:34:00;136;8;5082;11;U405Z1P;Sídliště Čakovice;50.12853;14.51255
20260520_174458_L149;20260520_174458;20.05.2026;17:33:00;149;4;4177;12;U238Z2P;Dejvická;50.05276;14.35862
20260520_174458_L229;20260520_174458;20.05.2026;17:32:00;229;2;4517;11;U367Z2P;Depo Hostivař;50.05477;14.56388
20260520_174458_L208;20260520_174458;20.05.2026;17:31:00;208;58;9473;13;U741Z2P;Depo Hostivař;50.06976;14.54295
20260520_174458_L381;20260520_174458;20.05.2026;17:30:00;381;15;9369;14;U2008Z1;Čáslav,obchodní centrum;49.98944;14.74238
20260520_174458_L650;20260520_174458;20.05.2026;17:34:00;650;22;12536;10;U1915Z1;Kladno,autobusové nádraží;50.18737;14.03674
20260520_174458_L652;20260520_174458;20.05.2026;17:32:00;652;12;1595;13;U2305Z4;Oleška,Krymlov;50.00046;14.92579
20260520_174458_L410;20260520_174458;20.05.2026;17:33:00;410;3;11611;10;U1792Z2;Mimoň,Žitavská;50.34952;14.48871
20260520_174458_L209;20260520_174458;20.05.2026;17:31:00;209;44;9188;11;U1291Z1P;Letňany;50.12305;14.5947
20260520_174458_L369;20260520_174458;20.05.2026;17:34:00;369;44;8276;10;U1308Z2;Praha,Ládví;50.19429;14.49533
20260520_174458_L133;20260520_174458;20.05.2026;17:32:00;133;51;3888;13;U69Z2P;Florenc;50.08885;14.46098
20260520_174458_L743;20260520_174458;20.05.2026;17:28:00;743;17;7646;16;U7266Z2;Petrovice I;49.82541;15.30019
20260520_174458_L466;20260520_174458;20.05.2026;17:29:00;466;12;8077;12;U4376Z1;Mělník,aut.nádr.;50.33161;14.35698
20260520_174458_L617;20260520_174458;20.05.2026;17:32:00;617;36;1897;13;U4314Z3;Roudnice n.L.,žel.st.;50.14541;14.10618
20260520_174458_L400;20260520_174458;20.05.2026;17:31:00;400;5;11656;11;U6060Z2;Praha,Střížkov;50.40902;14.45142
20260520_174458_L400;20260520_174458;20.05.2026;17:31:00;400;56;1088;11;U31360Z1;Nový Bor,aut.nádr.;50.763;14.54957
20260520_174458_L401;20260520_174458;20.05.2026;17:33:00;401;61;7772;10;U32435Z2;Jindřichův Hradec,aut.nádr.;49.39522;14.68811
20260520_174458_L391;20260520_174458;20.05.2026;17:30:00;391;33;9187;12;U2315Z1;Úvaly,OC Pražská;50.07396;14.72332
20260520_174458_L180;20260520_174458;20.05.2026;17:32:00;180;12;5124;13;U913Z2P;Obchodní centrum Zličín;50.06214;14.28739
20260520_174458_L857;20260520_174458;20.05.2026;17:31:00;857;15;7325;13;U5815Z1;Zákolany;50.20164;14.25464
20260520_174458_L143;20260520_174458;20.05.2026;17:31:00;143;3;5057;14;U592Z2P;Stadion Strahov;50.09469;14.39377
20260520_174458_L124;20260520_174458;20.05.2026;17:33:00;124;11;5502;10;U263Z1P;Želivského;50.06336;14.4533
20260520_174458_L149;20260520_174458;20.05.2026;17:31:00;149;7;3708;13;U206Z1P;Stodůlky-Bavorská;50.06964;14.37769
20260520_174458_L143;20260520_174458;20.05.2026;17:22:00;143;6;6897;22;U699Z3P;Dejvická;50.07834;14.38811
20260520_174458_L136;20260520_174458;20.05.2026;17:27:00;136;2;6735;15;U1074Z4P;Jižní Město;50.09145;14.46859
20260520_174458_L124;20260520_174458;20.05.2026;17:35:00;124;8;5113;10;U422Z2P;Želivského;50.04942;14.45902
20260520_174458_L133;20260520_174458;20.05.2026;17:30:00;133;10;3967;14;U660Z4P;Florenc;50.08321;14.50854
20260520_174458_L824;20260520_174458;20.05.2026;17:33:00;824;72;1601;11;U1984Z1;Kolín,nádraží;49.96666;14.96408
20260520_174458_L149;20260520_174458;20.05.2026;17:28:00;149;3;3939;14;U867Z2P;Stodůlky-Bavorská;50.09043;14.3845
20260520_174458_L207;20260520_174458;20.05.2026;17:31:00;207;13;4158;12;U689Z3P;Staroměstská;50.09103;14.43826
20260520_174458_L126;20260520_174458;20.05.2026;17:35:00;126;52;3740;10;U220Z2P;Nádraží Uhříněves;50.02445;14.59057
20260520_174458_L177;20260520_174458;20.05.2026;17:33:00;177;16;5544;11;U675Z3P;Poliklinika Mazurská;50.12416;14.45064
20260520_174458_L180;20260520_174458;20.05.2026;17:31:00;180;1;5008;13;U867Z1P;Dejvická;50.09397;14.39011
20260520_174458_L659;20260520_174458;20.05.2026;17:34:00;659;33;9109;10;U1986Z1;Stříbrná Skalice,Žel.st.;49.95401;14.88429
20260520_174458_L183;20260520_174458;20.05.2026;17:34:00;183;7;6791;10;U338Z2P;Háje;50.03329;14.55967
20260520_174458_L180;20260520_174458;20.05.2026;17:25:00;180;8;6903;17;U44Z1P;Obchodní centrum Zličín;50.08185;14.35424
20260520_174458_L191;20260520_174458;20.05.2026;17:31:00;191;17;4022;13;U776Z1P;Letiště / Airport ✈;50.10803;14.27774
20260520_174458_L136;20260520_174458;20.05.2026;17:34:00;136;9;6909;11;U603Z1P;Sídliště Čakovice;50.11914;14.50063
20260520_174458_L167;20260520_174458;20.05.2026;17:33:00;167;54;5066;12;U489Z1P;Nemocnice Na Homolce;50.07235;14.34394
20260520_174458_L125;20260520_174458;20.05.2026;17:33:00;125;4;5115;12;U842Z2P;Skalka;50.03865;14.56181
20260520_174858_L124;20260520_174858;20.05.2026;17:39:00;124;8;5113;10;U559Z1P;Želivského;50.05794;14.45016
20260520_174858_L124;20260520_174858;20.05.2026;17:36:00;124;11;5502;12;U508Z2P;Želivského;50.06638;14.45566
20260520_174858_L125;20260520_174858;20.05.2026;17:37:00;125;4;5115;11;U732Z2P;Skalka;50.04312;14.55658
20260520_174858_L126;20260520_174858;20.05.2026;17:38:00;126;52;3740;12;U336Z2P;Nádraží Uhříněves;50.03166;14.59871
20260520_174858_L133;20260520_174858;20.05.2026;17:34:00;133;51;3888;13;U745Z2P;Florenc;50.08675;14.4488
20260520_174858_L136;20260520_174858;20.05.2026;17:38:00;136;8;5082;10;U125Z1P;Sídliště Čakovice;50.13957;14.50492
20260520_174858_L136;20260520_174858;20.05.2026;17:36:00;136;20;6797;12;U512Z5P;Jižní Město;50.09016;14.46639
20260520_174858_L146;20260520_174858;20.05.2026;17:37:00;146;4;9482;11;U128Z2P;Želivského;50.08722;14.48989
20260520_174858_L149;20260520_174858;20.05.2026;17:35:00;149;7;3708;14;U396Z1P;Stodůlky-Bavorská;50.05853;14.37124
20260520_174858_L149;20260520_174858;20.05.2026;17:37:00;149;4;4177;12;U685Z2P;Dejvická;50.05481;14.36931
20260520_174858_L163;20260520_174858;20.05.2026;17:38:00;163;55;9483;10;U36Z1P;Sídliště Rohožník;50.07738;14.65396
20260520_174858_L167;20260520_174858;20.05.2026;17:34:00;167;54;5066;14;U1123Z1P;Nemocnice Na Homolce;50.07062;14.33567
20260520_174858_L174;20260520_174858;20.05.2026;17:38:00;174;14;3941;11;U872Z7P;Řeporyjské náměstí;50.07936;14.34507
20260520_174858_L177;20260520_174858;20.05.2026;17:38:00;177;16;5544;11;U581Z1P;Poliklinika Mazurská;50.12911;14.4312
20260520_174858_L180;20260520_174858;20.05.2026;17:34:00;180;1;5008;15;U321Z4P;Dejvická;50.09932;14.39563
20260520_174858_L180;20260520_174858;20.05.2026;17:37:00;180;12;5124;12;U1141Z14P;Obchodní centrum Zličín;50.05508;14.29296
20260520_174858_L180;20260520_174858;20.05.2026;17:37:00;180;15;6899;11;U182Z2P;Dejvická;50.08782;14.38186
20260520_174858_L182;20260520_174858;20.05.2026;17:34:00;182;9;3966;15;U474Z6P;Opatov;50.11117;14.50244
20260520_174858_L183;20260520_174858;20.05.2026;17:37:00;183;7;6791;10;U151Z2P;Háje;50.03055;14.52786
20260520_174858_L184;20260520_174858;20.05.2026;17:36:00;184;2;6942;11;U444Z1P;Vypich;50.07781;14.3475
20260520_174858_L207;20260520_174858;20.05.2026;17:35:00;207;13;4158;13;U480Z2P;Staroměstská;50.0884;14.42911
20260520_174858_L209;20260520_174858;20.05.2026;17:39:00;209;44;9188;10;U1120Z1P;Letňany;50.12672;14.55879
20260520_174858_L229;20260520_174858;20.05.2026;17:37:00;229;2;4517;11;U310Z2P;Depo Hostivař;50.06458;14.55121
20260520_174858_L826;20260520_174858;20.05.2026;17:18:00;826;35;8592;29;U2437Z1;Tuklaty,Tlustovousy;50.08822;14.76441
20260520_174858_L352;20260520_174858;20.05.2026;17:39:00;352;1;4121;10;U3051Z1;Jinočany,náměstí;50.02813;14.30148
20260520_174858_L366;20260520_174858;20.05.2026;17:38:00;366;8;4513;11;U1818Z1;Doubek;50.00931;14.72551
20260520_174858_L400;20260520_174858;20.05.2026;17:34:00;400;5;11656;11;U3316Z4;Praha,Střížkov;50.38883;14.4648
20260520_174858_L466;20260520_174858;20.05.2026;17:34:00;466;12;8077;11;U4372Z1;Mělník,aut.nádr.;50.34193;14.39832
20260520_174858_L484;20260520_174858;20.05.2026;17:34:00;484;21;8026;12;U2315Z1;Úvaly,žel.st.;50.0742;14.72315
20260520_174858_L489;20260520_174858;20.05.2026;17:37:00;489;39;1608;11;U2082Z1;Strančice,žel.st.;49.98144;14.73805
20260520_174858_L650;20260520_174858;20.05.2026;17:38:00;650;22;12536;10;U4933Z2;Kladno,autobusové nádraží;50.16403;14.02372
20260520_174858_L652;20260520_174858;20.05.2026;17:36:00;652;12;1595;11;U2147Z2;Oleška,Krymlov;49.98219;14.9232
20260520_174858_L659;20260520_174858;20.05.2026;17:38:00;659;33;9109;10;U1986Z2;Stříbrná Skalice,Žel.st.;49.9544;14.88134
20260520_174858_L686;20260520_174858;20.05.2026;17:38:00;686;34;8034;10;U1611Z2;Úvaly,žel.st.;50.0544;14.73211
20260520_175259_L124;20260520_175259;20.05.2026;17:40:00;124;8;5113;11;U263Z1P;Želivského;50.06334;14.45325
20260520_175259_L124;20260520_175259;20.05.2026;17:40:00;124;11;5502;12;U189Z1P;Želivského;50.0696;14.46576
20260520_175259_L125;20260520_175259;20.05.2026;17:41:00;125;4;5115;12;U633Z1P;Skalka;50.04768;14.54576
20260520_175259_L133;20260520_175259;20.05.2026;17:38:00;133;10;3967;15;U1064Z2P;Florenc;50.08756;14.47858
20260520_175259_L136;20260520_175259;20.05.2026;17:43:00;136;8;5082;10;U451Z1P;Sídliště Čakovice;50.15059;14.51308
20260520_175259_L136;20260520_175259;20.05.2026;17:39:00;136;29;6832;11;U1074Z4P;Jižní Město;50.09178;14.46892
20260520_175259_L136;20260520_175259;20.05.2026;17:39:00;136;20;6797;12;U743Z2P;Jižní Město;50.08283;14.45885
20260520_175259_L146;20260520_175259;20.05.2026;17:38:00;146;4;9482;14;U834Z2P;Želivského;50.08706;14.48384
20260520_175259_L149;20260520_175259;20.05.2026;17:39:00;149;7;3708;13;U685Z3P;Stodůlky-Bavorská;50.05449;14.37143
20260520_175259_L149;20260520_175259;20.05.2026;17:40:00;149;4;4177;13;U396Z2P;Dejvická;50.05909;14.37378
20260520_175259_L163;20260520_175259;20.05.2026;17:42:00;163;55;9483;11;U903Z1P;Sídliště Rohožník;50.07389;14.673
20260520_175259_L163;20260520_175259;20.05.2026;17:41:00;163;58;9473;12;U1071Z3P;Sídliště Rohožník;50.07643;14.51718
20260520_175259_L167;20260520_175259;20.05.2026;17:43:00;167;6;5002;10;U1040Z14P;Na Knížecí;50.07178;14.40269
20260520_175259_L174;20260520_175259;20.05.2026;17:40:00;174;14;3941;12;U306Z2P;Řeporyjské náměstí;50.07408;14.33909
20260520_175259_L177;20260520_175259;20.05.2026;17:41:00;177;16;5544;12;U912Z4P;Poliklinika Mazurská;50.13048;14.41729
20260520_175259_L180;20260520_175259;20.05.2026;17:40:00;180;9;6934;11;U44Z1P;Obchodní centrum Zličín;50.08373;14.35919
20260520_175259_L180;20260520_175259;20.05.2026;17:43:00;180;14;6907;10;U444Z1P;Dejvická;50.07574;14.34416
20260520_175259_L180;20260520_175259;20.05.2026;17:39:00;180;15;6899;12;U867Z1P;Dejvická;50.09487;14.39571
20260520_175259_L182;20260520_175259;20.05.2026;17:38:00;182;9;3966;14;U225Z1P;Opatov;50.09954;14.49628
20260520_175259_L184;20260520_175259;20.05.2026;17:42:00;184;7;5121;10;U306Z2P;Velká Ohrada;50.07406;14.33907
20260520_175259_L207;20260520_175259;20.05.2026;17:39:00;207;13;4158;13;U620Z2P;Staroměstská;50.09305;14.42261
20260520_175259_L209;20260520_175259;20.05.2026;17:41:00;209;44;9188;11;U4000Z2P;Letňany;50.13017;14.54625
20260520_175259_L229;20260520_175259;20.05.2026;17:41:00;229;2;4517;12;U389Z2P;Depo Hostivař;50.07297;14.53553
20260520_175259_L826;20260520_175259;20.05.2026;17:18:00;826;35;8592;33;U2437Z1;Tuklaty,Tlustovousy;50.08822;14.76441
20260520_175259_L841;20260520_175259;20.05.2026;17:42:00;841;27;7845;10;U6043Z2;Vlašim,záv.;49.69883;14.90422
20260520_175259_L306;20260520_175259;20.05.2026;17:38:00;306;9;8853;15;U1144Z1;Jeneč,Lidická;50.08138;14.25401
20260520_175259_L311;20260520_175259;20.05.2026;17:39:00;311;77;9583;14;U4256Z2;Praha,Zličín;49.95461;14.20288
20260520_175259_L349;20260520_175259;20.05.2026;17:38:00;349;30;8209;13;U467Z2;Praha,Ládví;50.127;14.4733
20260520_175259_L352;20260520_175259;20.05.2026;17:42:00;352;7;4172;11;U1185Z1;Praha,Luka;50.02106;14.29418
20260520_175259_L352;20260520_175259;20.05.2026;17:42:00;352;1;4121;11;U1185Z2;Jinočany,náměstí;50.02068;14.29535
20260520_175259_L400;20260520_175259;20.05.2026;17:34:00;400;5;11656;12;U3316Z4;Praha,Střížkov;50.35886;14.47226
20260520_175259_L401;20260520_175259;20.05.2026;17:40:00;401;61;7772;12;U31441Z1;Jindřichův Hradec,aut.nádr.;49.33807;14.71234
20260520_175259_L466;20260520_175259;20.05.2026;17:41:00;466;12;8077;11;U4384Z1;Mělník,aut.nádr.;50.34549;14.42114
20260520_175259_L484;20260520_175259;20.05.2026;17:34:00;484;21;8026;16;U2315Z1;Úvaly,žel.st.;50.0742;14.72315
20260520_175259_L617;20260520_175259;20.05.2026;17:38:00;617;36;1897;15;U4313Z8;Roudnice n.L.,žel.st.;50.1458;14.09593
20260520_175259_L686;20260520_175259;20.05.2026;17:43:00;686;34;8034;10;U2380Z2;Úvaly,žel.st.;50.07373;14.73006
20260520_175659_L124;20260520_175659;20.05.2026;17:45:00;124;8;5113;12;U269Z4P;Želivského;50.06753;14.4619
20260520_175659_L124;20260520_175659;20.05.2026;17:43:00;124;11;5502;11;U29Z3P;Želivského;50.07581;14.46882
20260520_175659_L125;20260520_175659;20.05.2026;17:44:00;125;4;5115;13;U453Z12P;Skalka;50.05404;14.538
20260520_175659_L136;20260520_175659;20.05.2026;17:42:00;136;28;6835;15;U751Z2P;Jižní Město;50.05255;14.47516
20260520_175659_L136;20260520_175659;20.05.2026;17:44:00;136;29;6832;13;U2787Z2P;Jižní Město;50.08775;14.45674
20260520_175659_L149;20260520_175659;20.05.2026;17:42:00;149;7;3708;13;U238Z1P;Stodůlky-Bavorská;50.05259;14.35971
20260520_175659_L149;20260520_175659;20.05.2026;17:44:00;149;4;4177;12;U254Z6P;Dejvická;50.06971;14.37816
20260520_175659_L149;20260520_175659;20.05.2026;17:46:00;149;5;4196;10;U867Z1P;Dejvická;50.09399;14.39006
20260520_175659_L163;20260520_175659;20.05.2026;17:45:00;163;58;9473;11;U389Z1P;Sídliště Rohožník;50.07122;14.53705
20260520_175659_L167;20260520_175659;20.05.2026;17:44:00;167;5;6935;12;U306Z1P;Nemocnice Na Homolce;50.07586;14.34495
20260520_175659_L168;20260520_175659;20.05.2026;17:46:00;168;3;2086;10;U306Z1P;Bílá Hora;50.07582;14.34448
20260520_175659_L174;20260520_175659;20.05.2026;17:44:00;174;2;4171;10;U444Z1P;Vypich;50.07782;14.34724
20260520_175659_L174;20260520_175659;20.05.2026;17:45:00;174;14;3941;12;U966Z2P;Řeporyjské náměstí;50.05791;14.33929
20260520_175659_L177;20260520_175659;20.05.2026;17:42:00;177;16;5544;12;U371Z1P;Poliklinika Mazurská;50.12781;14.41691
20260520_175659_L180;20260520_175659;20.05.2026;17:43:00;180;9;6934;13;U872Z2P;Obchodní centrum Zličín;50.07993;14.34757
20260520_175659_L180;20260520_175659;20.05.2026;17:43:00;180;14;6907;12;U444Z1P;Dejvická;50.07778;14.34758
20260520_175659_L181;20260520_175659;20.05.2026;17:43:00;181;6;6790;14;U650Z2P;Opatov;50.10738;14.56675
20260520_175659_L182;20260520_175659;20.05.2026;17:42:00;182;4;3881;14;U552Z2P;Kbelský hřbitov;50.07119;14.53754
20260520_175659_L182;20260520_175659;20.05.2026;17:42:00;182;9;3966;14;U694Z3P;Opatov;50.0916;14.49865
20260520_175659_L184;20260520_175659;20.05.2026;17:43:00;184;1;5051;12;U444Z1P;Vypich;50.07588;14.3453
20260520_175659_L184;20260520_175659;20.05.2026;17:47:00;184;7;5121;10;U966Z2P;Velká Ohrada;50.05794;14.3393
20260520_175659_L191;20260520_175659;20.05.2026;17:47:00;191;12;3703;10;U737Z2P;Klamovka;50.07988;14.35168
20260520_175659_L209;20260520_175659;20.05.2026;17:45:00;209;44;9188;11;U803Z2P;Letňany;50.12276;14.52774
20260520_175659_L826;20260520_175659;20.05.2026;17:18:00;826;35;8592;37;U2437Z1;Tuklaty,Tlustovousy;50.08822;14.76441
20260520_175659_L857;20260520_175659;20.05.2026;17:42:00;857;15;7325;14;U2888Z1;Kralupy n.Vlt.,Synthos;50.22363;14.29965
20260520_175659_L306;20260520_175659;20.05.2026;17:43:00;306;9;8853;13;U1145Z2;Jeneč,Lidická;50.08273;14.23866
20260520_175659_L311;20260520_175659;20.05.2026;17:42:00;311;77;9583;13;U1663Z2;Praha,Zličín;49.96071;14.22096
20260520_175659_L352;20260520_175659;20.05.2026;17:42:00;352;7;4172;13;U1185Z1;Praha,Luka;50.02049;14.29581
20260520_175659_L352;20260520_175659;20.05.2026;17:45:00;352;1;4121;11;U1187Z2;Jinočany,náměstí;50.02584;14.28198
20260520_175659_L380;20260520_175659;20.05.2026;17:46:00;380;1;9984;10;U306Z1;Praha,Vypich;50.07569;14.34372
20260520_175659_L394;20260520_175659;20.05.2026;17:46:00;394;17;9866;10;U4965Z1;Zdice,nám.;49.95224;14.04725
20260520_175659_L400;20260520_175659;20.05.2026;17:43:00;400;5;11656;12;U1794Z2;Praha,Střížkov;50.35075;14.48621
20260520_175659_L401;20260520_175659;20.05.2026;17:44:00;401;61;7772;12;U31442Z1;Jindřichův Hradec,aut.nádr.;49.3004;14.71957
20260520_175659_L484;20260520_175659;20.05.2026;17:34:00;484;21;8026;20;U2315Z1;Úvaly,žel.st.;50.0742;14.72315
20260520_175659_L550;20260520_175659;20.05.2026;17:43:00;550;78;7839;10;U6757Z1;Vlašim,žel.st.;49.70083;14.89721
20260520_175659_L650;20260520_175659;20.05.2026;17:45:00;650;22;12536;11;U3095Z2;Kladno,autobusové nádraží;50.14061;14.07293
20260520_175659_L667;20260520_175659;20.05.2026;17:45:00;667;21;8008;11;U1829Z3;Brandýs n.L.-St.Bol.,Nádr.;50.19652;14.67692
20260520_175659_L686;20260520_175659;20.05.2026;17:43:00;686;34;8034;12;U2315Z1;Úvaly,žel.st.;50.07406;14.72321
20260520_180100_L133;20260520_180100;20.05.2026;17:50:00;133;1;3002;11;U767Z1P;Sídliště Malešice;50.08367;14.48198
20260520_180100_L581;20260520_180100;20.05.2026;17:49:00;581;63;8384;11;U6149Z2;Lišany,u rybníka;50.14737;13.74391
20260520_180100_L667;20260520_180100;20.05.2026;17:47:00;667;21;8008;13;U1924Z2;Brandýs n.L.-St.Bol.,Nádr.;50.1919;14.6673
20260520_180100_L380;20260520_180100;20.05.2026;17:47:00;380;1;9984;12;U444Z1;Praha,Vypich;50.07689;14.34886
20260520_180100_L826;20260520_180100;20.05.2026;17:18:00;826;35;8592;41;U2437Z1;Tuklaty,Tlustovousy;50.08822;14.76441
20260520_180100_L180;20260520_180100;20.05.2026;17:49:00;180;4;5046;11;U306Z1P;Dejvická;50.0753;14.34199
20260520_180100_L125;20260520_180100;20.05.2026;17:48:00;125;4;5115;13;U226Z2P;Skalka;50.06228;14.53445
20260520_180100_L168;20260520_180100;20.05.2026;17:51:00;168;3;2086;10;U1100Z2P;Bílá Hora;50.07554;14.34662
20260520_180100_L181;20260520_180100;20.05.2026;17:47:00;181;6;6790;14;U1197Z1P;Opatov;50.10264;14.55494
20260520_180100_L650;20260520_180100;20.05.2026;17:50:00;650;22;12536;10;U4313Z6;Kladno,autobusové nádraží;50.14541;14.09507
20260520_180100_L174;20260520_180100;20.05.2026;17:50:00;174;14;3941;11;U492Z1P;Řeporyjské náměstí;50.0507;14.32804
20260520_180100_L136;20260520_180100;20.05.2026;17:46:00;136;28;6835;14;U417Z1P;Jižní Město;50.04292;14.48778
20260520_180100_L149;20260520_180100;20.05.2026;17:47:00;149;7;3708;14;U968Z1P;Stodůlky-Bavorská;50.0549;14.34614
20260520_180100_L133;20260520_180100;20.05.2026;17:48:00;133;51;3888;12;U689Z6P;Sídliště Malešice;50.09025;14.44075
20260520_180100_L124;20260520_180100;20.05.2026;17:49:00;124;8;5113;12;U413Z2P;Želivského;50.07089;14.46228
20260520_180100_L324;20260520_180100;20.05.2026;17:49:00;324;27;8996;11;U4304Z1;Praha,Zličín;50.15013;14.17852
20260520_180100_L304;20260520_180100;20.05.2026;17:47:00;304;16;8391;13;U444Z1;Praha,Vypich;50.07766;14.34802
20260520_180100_L686;20260520_180100;20.05.2026;17:43:00;686;34;8034;16;U2315Z1;Úvaly,žel.st.;50.07406;14.72321
20260520_180100_L756;20260520_180100;20.05.2026;17:46:00;756;92;7832;12;U4537Z2;Křečovice;49.72577;14.4736
20260520_180100_L796;20260520_180100;20.05.2026;17:51:00;796;34;7939;10;U5898Z1;Pyšely,Nám.;49.78731;14.69551
20260520_180100_L617;20260520_180100;20.05.2026;17:47:00;617;36;1897;14;U4604Z1;Roudnice n.L.,žel.st.;50.16319;14.08797
20260520_180100_L394;20260520_180100;20.05.2026;17:49:00;394;17;9866;11;U4972Z2;Zdice,nám.;49.94416;14.03076
20260520_180100_L395;20260520_180100;20.05.2026;17:50:00;395;37;9906;10;U9646Z2;Praha,Smíchovské nádraží;49.71223;14.09915
20260520_180100_L400;20260520_180100;20.05.2026;17:50:00;400;54;1086;11;U31355Z1;Varnsdorf,aut.nádr.;50.69399;14.54144
20260520_180100_L182;20260520_180100;20.05.2026;17:46:00;182;9;3966;15;U276Z1P;Opatov;50.09337;14.52578
20260520_180100_L857;20260520_180100;20.05.2026;17:46:00;857;15;7325;15;U4222Z1;Kralupy n.Vlt.,Synthos;50.23723;14.29321
20260520_180100_L180;20260520_180100;20.05.2026;17:47:00;180;2;6859;11;U44Z1P;Obchodní centrum Zličín;50.08066;14.35024
20260520_180100_L149;20260520_180100;20.05.2026;17:47:00;149;4;4177;14;U443Z1P;Dejvická;50.07291;14.37803
20260520_180100_L163;20260520_180100;20.05.2026;17:47:00;163;58;9473;14;U741Z3P;Sídliště Rohožník;50.06994;14.54434
20260520_180100_L133;20260520_180100;20.05.2026;17:49:00;133;8;3714;12;U660Z2P;Florenc;50.0828;14.50587
20260520_180100_L310;20260520_180100;20.05.2026;17:51:00;310;74;9597;10;U1643Z1;Nučice,Prokopská náves;50.05067;14.27233
20260520_180100_L550;20260520_180100;20.05.2026;17:43:00;550;78;7839;16;U6757Z1;Vlašim,žel.st.;49.70083;14.89722
20260520_180100_L143;20260520_180100;20.05.2026;17:46:00;143;3;5057;14;U981Z1P;Dejvická;50.08087;14.39004
20260520_180100_L484;20260520_180100;20.05.2026;17:34:00;484;21;8026;24;U2315Z1;Úvaly,žel.st.;50.0742;14.72315
20260520_180100_L136;20260520_180100;20.05.2026;17:47:00;136;29;6832;13;U516Z3P;Jižní Město;50.0821;14.45941
20260520_180100_L136;20260520_180100;20.05.2026;17:49:00;136;54;6885;12;U69Z2P;Jižní Město;50.08895;14.46168
20260520_180100_L136;20260520_180100;20.05.2026;17:46:00;136;19;5538;15;U344Z1P;Jižní Město;50.03151;14.50547
20260520_180100_L174;20260520_180100;20.05.2026;17:47:00;174;6;4117;12;U394Z4P;Vypich;50.074;14.33907
20260520_180100_L149;20260520_180100;20.05.2026;17:46:00;149;5;4196;13;U867Z1P;Dejvická;50.09486;14.39625
20260520_180100_L352;20260520_180100;20.05.2026;17:47:00;352;7;4172;14;U1085Z2;Praha,Luka;50.03165;14.30876
20260520_180100_L184;20260520_180100;20.05.2026;17:50:00;184;4;5569;10;U306Z1P;Vypich;50.07554;14.34284
20260520_180100_L182;20260520_180100;20.05.2026;17:47:00;182;4;3881;13;U538Z1P;Kbelský hřbitov;50.08581;14.53793
20260520_180100_L401;20260520_180100;20.05.2026;17:47:00;401;61;7772;11;U31443Z1;Jindřichův Hradec,aut.nádr.;49.26175;14.71221
20260520_180500_L480;20260520_180500;20.05.2026;17:52:00;480;25;7526;12;U7966Z51;Klučenice;49.61085;14.18892
20260520_180500_L381;20260520_180500;20.05.2026;17:50:00;381;20;9948;14;U9367Z1;Čáslav,obchodní centrum;49.96213;15.29961
20260520_180500_L381;20260520_180500;20.05.2026;17:50:00;381;15;9369;15;U1979Z1;Čáslav,obchodní centrum;49.98346;14.87718
20260520_180500_L180;20260520_180500;20.05.2026;17:52:00;180;4;5046;13;U872Z1P;Dejvická;50.07993;14.34781
20260520_180500_L182;20260520_180500;20.05.2026;17:53:00;182;4;3881;12;U574Z2P;Kbelský hřbitov;50.09216;14.51152
20260520_180500_L125;20260520_180500;20.05.2026;17:50:00;125;4;5115;13;U1068Z2P;Skalka;50.06853;14.51648
20260520_180500_L310;20260520_180500;20.05.2026;17:53:00;310;74;9597;10;U1190Z1;Nučice,Prokopská náves;50.04227;14.26085
20260520_180500_L133;20260520_180500;20.05.2026;17:53:00;133;1;3002;11;U161Z1P;Sídliště Malešice;50.08127;14.49594
20260520_180500_L133;20260520_180500;20.05.2026;17:55:00;133;2;3964;10;U512Z5P;Florenc;50.09035;14.46747
20260520_180500_L136;20260520_180500;20.05.2026;17:52:00;136;28;6835;13;U344Z1P;Jižní Město;50.0316;14.5054
20260520_180500_L136;20260520_180500;20.05.2026;17:52:00;136;20;6797;13;U29Z1P;Jižní Město;50.07327;14.47019
20260520_180500_L124;20260520_180500;20.05.2026;17:50:00;124;8;5113;11;U29Z3P;Želivského;50.07798;14.47331
20260520_180500_L182;20260520_180500;20.05.2026;17:51:00;182;9;3966;13;U747Z1P;Opatov;50.07864;14.53779
20260520_180500_L686;20260520_180500;20.05.2026;17:43:00;686;34;8034;20;U2315Z1;Úvaly,žel.st.;50.07406;14.72321
20260520_180500_L184;20260520_180500;20.05.2026;17:55:00;184;7;5121;10;U356Z1P;Velká Ohrada;50.04341;14.33685
20260520_180500_L174;20260520_180500;20.05.2026;17:54:00;174;14;3941;11;U1007Z2P;Řeporyjské náměstí;50.04522;14.32152
20260520_180500_L133;20260520_180500;20.05.2026;17:52:00;133;51;3888;12;U745Z1P;Sídliště Malešice;50.08741;14.45244
20260520_180500_L136;20260520_180500;20.05.2026;17:53:00;136;29;6832;13;U518Z3P;Jižní Město;50.07656;14.45883
20260520_180500_L184;20260520_180500;20.05.2026;17:55:00;184;1;5051;10;U872Z7P;Velká Ohrada;50.07899;14.34429
20260520_180500_L380;20260520_180500;20.05.2026;17:54:00;380;2;9982;10;U2369Z1;Králův Dvůr,Počaply,Obchodní centrum;49.99825;14.16191
20260520_180500_L394;20260520_180500;20.05.2026;17:52:00;394;17;9866;11;U4979Z2;Zdice,nám.;49.92843;14.01372
20260520_180500_L400;20260520_180500;20.05.2026;17:52:00;400;54;1086;12;U31356Z1;Varnsdorf,aut.nádr.;50.72227;14.54585
20260520_180500_L401;20260520_180500;20.05.2026;17:50:00;401;61;7772;10;U31444Z1;Jindřichův Hradec,aut.nádr.;49.22812;14.7204
20260520_180500_L400;20260520_180500;20.05.2026;17:52:00;400;5;11656;10;U1792Z1;Praha,Střížkov;50.33114;14.49876
20260520_180500_L550;20260520_180500;20.05.2026;17:43:00;550;78;7839;20;U6757Z1;Vlašim,žel.st.;49.70082;14.89723
20260520_180500_L311;20260520_180500;20.05.2026;17:53:00;311;77;9583;12;U4168Z1;Praha,Zličín;49.97438;14.16329
20260520_180500_L617;20260520_180500;20.05.2026;17:50:00;617;36;1897;14;U2803Z1;Roudnice n.L.,žel.st.;50.17555;14.09324
20260520_180500_L534;20260520_180500;20.05.2026;17:51:00;534;20;7616;11;U6018Z1;Kolín,nádraží;50.02416;15.21341
20260520_180500_L136;20260520_180500;20.05.2026;17:50:00;136;19;5538;15;U916Z1P;Jižní Město;50.02528;14.51587
20260520_180500_L667;20260520_180500;20.05.2026;17:47:00;667;21;8008;17;U1924Z2;Brandýs n.L.-St.Bol.,Nádr.;50.1919;14.6673
20260520_180500_L857;20260520_180500;20.05.2026;17:50:00;857;15;7325;15;U4224Z1;Kralupy n.Vlt.,Synthos;50.23864;14.30672
20260520_180500_L756;20260520_180500;20.05.2026;17:46:00;756;92;7832;16;U4537Z2;Křečovice;49.72577;14.4736
20260520_180500_L180;20260520_180500;20.05.2026;17:52:00;180;2;6859;12;U872Z7P;Obchodní centrum Zličín;50.07822;14.34489
20260520_180500_L208;20260520_180500;20.05.2026;17:55:00;208;57;9151;10;U793Z2P;Depo Hostivař;50.07229;14.55293
20260520_180501_L133;20260520_180501;20.05.2026;17:52:00;133;8;3714;13;U418Z2P;Florenc;50.0806;14.48939
20260520_180501_L149;20260520_180501;20.05.2026;17:51:00;149;7;3708;14;U786Z1P;Stodůlky-Bavorská;50.05542;14.3299
20260520_180501_L136;20260520_180501;20.05.2026;17:53:00;136;54;6885;12;U516Z3P;Jižní Město;50.08249;14.4591
20260520_180501_L181;20260520_180501;20.05.2026;17:50:00;181;6;6790;15;U207Z1P;Opatov;50.09403;14.54583
20260520_180501_L484;20260520_180501;20.05.2026;17:34:00;484;21;8026;28;U2315Z1;Úvaly,žel.st.;50.0742;14.72315
20260520_180501_L149;20260520_180501;20.05.2026;17:50:00;149;4;4177;15;U992Z1P;Dejvická;50.07708;14.36735
20260520_180501_L167;20260520_180501;20.05.2026;17:52:00;167;7;5006;12;U306Z1P;Nemocnice Na Homolce;50.07548;14.34267
20260520_180501_L180;20260520_180501;20.05.2026;17:52:00;180;14;6907;13;U182Z2P;Dejvická;50.08751;14.38077
20260520_180501_L136;20260520_180501;20.05.2026;17:52:00;136;30;5506;10;U1074Z4P;Jižní Město;50.09099;14.46821
20260520_180501_L352;20260520_180501;20.05.2026;17:51:00;352;7;4172;14;U679Z2;Praha,Luka;50.03773;14.3232
20260520_180901_L136;20260520_180901;20.05.2026;17:57:00;136;20;6797;11;U37Z1P;Jižní Město;50.06114;14.46948
20260520_180901_L136;20260520_180901;20.05.2026;17:55:00;136;29;6832;12;U855Z1P;Jižní Město;50.07416;14.46746
20260520_180901_L184;20260520_180901;20.05.2026;17:57:00;184;1;5051;11;U306Z2P;Velká Ohrada;50.07409;14.33911
20260520_180901_L136;20260520_180901;20.05.2026;17:59:00;136;54;6885;10;U518Z3P;Jižní Město;50.07661;14.45883
20260520_180901_L133;20260520_180901;20.05.2026;17:58:00;133;2;3964;10;U745Z2P;Florenc;50.08736;14.45242
20260520_180901_L484;20260520_180901;20.05.2026;17:34:00;484;21;8026;32;U2315Z1;Úvaly,žel.st.;50.0742;14.72315
20260520_180901_L133;20260520_180901;20.05.2026;17:56:00;133;51;3888;12;U512Z8P;Sídliště Malešice;50.09025;14.46707
20260520_180901_L180;20260520_180901;20.05.2026;17:57:00;180;2;6859;12;U394Z3P;Obchodní centrum Zličín;50.06915;14.33516
20260520_180901_L136;20260520_180901;20.05.2026;17:57:00;136;28;6835;12;U353Z1P;Jižní Město;50.02622;14.52146
20260520_180901_L311;20260520_180901;20.05.2026;17:54:00;311;77;9583;11;U1661Z2;Praha,Zličín;49.97308;14.19468
20260520_180901_L380;20260520_180901;20.05.2026;17:57:00;380;2;9982;12;U2371Z1;Králův Dvůr,Počaply,Obchodní centrum;49.99137;14.15078
20260520_180901_L174;20260520_180901;20.05.2026;17:57:00;174;14;3941;12;U679Z1P;Řeporyjské náměstí;50.03742;14.32182
20260520_180901_L480;20260520_180901;20.05.2026;17:52:00;480;25;7526;17;U7966Z51;Klučenice;49.61079;14.18884
20260520_180901_L686;20260520_180901;20.05.2026;17:43:00;686;34;8034;24;U2315Z1;Úvaly,žel.st.;50.07406;14.72321
20260520_180901_L756;20260520_180901;20.05.2026;17:46:00;756;92;7832;20;U4537Z2;Křečovice;49.72577;14.47363
20260520_180901_L550;20260520_180901;20.05.2026;17:43:00;550;78;7839;24;U6757Z1;Vlašim,žel.st.;49.70086;14.89722
20260520_180901_L310;20260520_180901;20.05.2026;17:58:00;310;74;9597;10;U1189Z2;Nučice,Prokopská náves;50.03192;14.26611
20260520_180901_L617;20260520_180901;20.05.2026;17:55:00;617;36;1897;13;U4799Z1;Roudnice n.L.,žel.st.;50.19315;14.08094
20260520_180901_L534;20260520_180901;20.05.2026;17:51:00;534;20;7616;15;U6018Z1;Kolín,nádraží;50.02416;15.21341
20260520_180901_L857;20260520_180901;20.05.2026;17:54:00;857;15;7325;13;U2236Z1;Kralupy n.Vlt.,Synthos;50.24056;14.31279
20260520_180901_L182;20260520_180901;20.05.2026;17:57:00;182;4;3881;11;U13Z1P;Kbelský hřbitov;50.09552;14.49608
20260520_180901_L168;20260520_180901;20.05.2026;17:59:00;168;3;2086;10;U507Z2P;Bílá Hora;50.08834;14.345
20260520_180901_L174;20260520_180901;20.05.2026;17:56:00;174;7;4172;13;U1007Z71P;Vypich;50.04502;14.32191
20260520_180901_L775;20260520_180901;20.05.2026;17:58:00;775;37;9608;10;U6255Z1;Dobrovice,aut.st.;50.32277;14.86752
20260520_180901_L182;20260520_180901;20.05.2026;17:55:00;182;9;3966;14;U975Z1P;Opatov;50.06537;14.53643
20260520_180901_L174;20260520_180901;20.05.2026;17:57:00;174;17;4193;10;U444Z1P;Vypich;50.07796;14.34568
20260520_180901_L208;20260520_180901;20.05.2026;17:58:00;208;57;9151;10;U1014Z2P;Depo Hostivař;50.07133;14.54063
20260520_180901_L136;20260520_180901;20.05.2026;17:54:00;136;2;6735;14;U751Z2P;Jižní Město;50.05257;14.47514
20260520_180901_L180;20260520_180901;20.05.2026;17:57:00;180;4;5046;11;U229Z2P;Dejvická;50.08668;14.37275
20260520_180901_L163;20260520_180901;20.05.2026;17:54:00;163;58;9473;14;U820Z1P;Sídliště Rohožník;50.07396;14.55968
20260520_180901_L133;20260520_180901;20.05.2026;17:55:00;133;8;3714;13;U357Z2P;Florenc;50.08613;14.48218
20260520_180901_L382;20260520_180901;20.05.2026;17:54:00;382;39;9107;15;U2027Z1;Sázava,aut.st.;49.89767;14.85476
20260520_180901_L180;20260520_180901;20.05.2026;17:54:00;180;14;6907;13;U867Z1P;Dejvická;50.09487;14.39587
20260520_180901_L136;20260520_180901;20.05.2026;17:57:00;136;30;5506;12;U2787Z2P;Jižní Město;50.08811;14.45752
20260520_181302_L133;20260520_181302;20.05.2026;18:00:00;133;51;3888;13;U1064Z1P;Sídliště Malešice;50.08747;14.47759
20260520_181302_L133;20260520_181302;20.05.2026;17:58:00;133;8;3714;15;U16Z2P;Florenc;50.08725;14.47102
20260520_181302_L136;20260520_181302;20.05.2026;18:00:00;136;30;5506;13;U516Z3P;Jižní Město;50.08248;14.45909
20260520_181302_L136;20260520_181302;20.05.2026;17:58:00;136;2;6735;15;U417Z1P;Jižní Město;50.04293;14.48777
20260520_181302_L136;20260520_181302;20.05.2026;17:59:00;136;3;6724;11;U1074Z4P;Jižní Město;50.09099;14.46823
20260520_181302_L136;20260520_181302;20.05.2026;17:58:00;136;1;6968;15;U344Z1P;Jižní Město;50.03178;14.50438
20260520_181302_L136;20260520_181302;20.05.2026;18:00:00;136;28;6835;13;U151Z1P;Jižní Město;50.0315;14.53373
20260520_181302_L136;20260520_181302;20.05.2026;18:00:00;136;29;6832;12;U680Z3P;Jižní Město;50.06839;14.46922
20260520_181302_L136;20260520_181302;20.05.2026;18:02:00;136;20;6797;11;U697Z3P;Jižní Město;50.04831;14.48131
20260520_181302_L148;20260520_181302;20.05.2026;18:03:00;148;2;2059;10;U959Z1P;Karlovo náměstí;50.07327;14.42427
20260520_181302_L163;20260520_181302;20.05.2026;17:58:00;163;58;9473;14;U1390Z1P;Sídliště Rohožník;50.08563;14.57538
20260520_181302_L168;20260520_181302;20.05.2026;18:00:00;168;3;2086;11;U541Z6P;Bílá Hora;50.08563;14.33545
20260520_181302_L174;20260520_181302;20.05.2026;17:58:00;174;7;4172;14;U475Z2P;Vypich;50.0502;14.32345
20260520_181302_L180;20260520_181302;20.05.2026;18:00:00;180;2;6859;12;U113Z3P;Obchodní centrum Zličín;50.0639;14.31581
20260520_181302_L180;20260520_181302;20.05.2026;18:01:00;180;4;5046;12;U867Z1P;Dejvická;50.094;14.39015
20260520_181302_L181;20260520_181302;20.05.2026;17:58:00;181;6;6790;15;U747Z1P;Opatov;50.07864;14.53781
20260520_181302_L182;20260520_181302;20.05.2026;18:00:00;182;4;3881;11;U134Z5P;Kbelský hřbitov;50.10727;14.50233
20260520_181302_L182;20260520_181302;20.05.2026;18:00:00;182;9;3966;13;U472Z4P;Opatov;50.05292;14.52766
20260520_181302_L184;20260520_181302;20.05.2026;18:02:00;184;1;5051;11;U966Z2P;Velká Ohrada;50.05793;14.33928
20260520_181302_L194;20260520_181302;20.05.2026;18:03:00;194;2;1907;10;U361Z6P;Nemocnice pod Petřínem;50.08818;14.40439
20260520_181302_L208;20260520_181302;20.05.2026;18:03:00;208;57;9151;10;U389Z2P;Depo Hostivař;50.07375;14.53514
20260520_181302_L821;20260520_181302;20.05.2026;18:00:00;821;70;1611;12;U1984Z4;Kouřim;49.96623;14.96426
20260520_181302_L857;20260520_181302;20.05.2026;18:02:00;857;15;7325;10;U4236Z1;Kralupy n.Vlt.,Synthos;50.25288;14.31155
20260520_181302_L311;20260520_181302;20.05.2026;18:00:00;311;77;9583;12;U1659Z2;Praha,Zličín;49.98508;14.19249
20260520_181302_L324;20260520_181302;20.05.2026;18:02:00;324;27;8996;10;U776Z2;Praha,Zličín;50.10891;14.28548
20260520_181302_L352;20260520_181302;20.05.2026;18:03:00;352;8;4169;10;U1186Z2;Jinočany,náměstí;50.02318;14.28639
20260520_181302_L380;20260520_181302;20.05.2026;18:01:00;380;2;9982;11;U2373Z1;Králův Dvůr,Počaply,Obchodní centrum;49.98177;14.12317
20260520_181302_L381;20260520_181302;20.05.2026;18:00:00;381;15;9369;13;U1984Z1;Čáslav,obchodní centrum;49.96665;14.96392
20260520_181302_L382;20260520_181302;20.05.2026;17:59:00;382;39;9107;14;U2030Z1;Sázava,aut.st.;49.87971;14.86148
20260520_181302_L384;20260520_181302;20.05.2026;18:00:00;384;17;9866;12;U9105Z2;Hořovice,nám.B.Němcové;49.91074;13.97593
20260520_181302_L385;20260520_181302;20.05.2026;18:02:00;385;29;1596;10;U106Z1;Zvánovice;50.02865;14.50754
20260520_181302_L401;20260520_181302;20.05.2026;18:01:00;401;62;7775;11;U6487Z1;Jindřichův Hradec,aut.nádr.;49.59138;14.66147
20260520_181302_L410;20260520_181302;20.05.2026;18:00:00;410;3;11611;12;U6073Z1;Mimoň,Žitavská;50.47433;14.47601
20260520_181302_L472;20260520_181302;20.05.2026;17:59:00;472;35;8005;11;U3336Z1;Mělník,aut.nádr.;50.35036;14.48966
20260520_181302_L484;20260520_181302;20.05.2026;17:34:00;484;21;8026;36;U2315Z1;Úvaly,žel.st.;50.0742;14.72315
20260520_181302_L534;20260520_181302;20.05.2026;17:51:00;534;20;7616;19;U6018Z1;Kolín,nádraží;50.02416;15.21341
20260520_181302_L617;20260520_181302;20.05.2026;17:58:00;617;28;8892;14;U1915Z2;Kladno,autobusové nádraží;50.19151;14.04834
20260520_181302_L617;20260520_181302;20.05.2026;17:59:00;617;36;1897;14;U4802Z1;Roudnice n.L.,žel.st.;50.20542;14.07101
20260520_181302_L686;20260520_181302;20.05.2026;17:43:00;686;34;8034;28;U2315Z1;Úvaly,žel.st.;50.07406;14.72321
20260520_181302_L705;20260520_181302;20.05.2026;18:01:00;705;42;8684;11;U7233Z1;Volárna;49.90174;15.40318
20260520_181302_L756;20260520_181302;20.05.2026;17:46:00;756;92;7832;24;U4537Z2;Křečovice;49.72577;14.47363
20260520_181703_L120;20260520_181703;20.05.2026;18:06:00;120;3;3677;11;U720Z1P;Pod Lochkovem;50.02639;14.36052
20260520_181703_L133;20260520_181703;20.05.2026;18:02:00;133;51;3888;13;U767Z1P;Sídliště Malešice;50.08124;14.48741
20260520_181703_L133;20260520_181703;20.05.2026;18:03:00;133;10;3967;14;U789Z1P;Sídliště Malešice;50.08674;14.44598
20260520_181703_L136;20260520_181703;20.05.2026;18:02:00;136;30;5506;14;U118Z4P;Jižní Město;50.07851;14.46083
20260520_181703_L136;20260520_181703;20.05.2026;18:02:00;136;12;5022;12;U69Z1P;Sídliště Čakovice;50.09026;14.46725
20260520_181703_L136;20260520_181703;20.05.2026;18:04:00;136;2;6735;13;U344Z1P;Jižní Město;50.03155;14.5055
20260520_181703_L136;20260520_181703;20.05.2026;18:04:00;136;3;6724;13;U2787Z2P;Jižní Město;50.0878;14.45667
20260520_181703_L136;20260520_181703;20.05.2026;18:05:00;136;29;6832;12;U751Z2P;Jižní Město;50.05261;14.47513
20260520_181703_L136;20260520_181703;20.05.2026;18:06:00;136;20;6797;11;U181Z1P;Jižní Město;50.03948;14.49054
20260520_181703_L168;20260520_181703;20.05.2026;18:06:00;168;3;2086;11;U631Z2P;Bílá Hora;50.08375;14.31876
20260520_181703_L174;20260520_181703;20.05.2026;18:06:00;174;17;4193;11;U872Z7P;Třebonice;50.07774;14.3477
20260520_181703_L174;20260520_181703;20.05.2026;18:02:00;174;7;4172;15;U1130Z2P;Vypich;50.05406;14.33918
20260520_181703_L180;20260520_181703;20.05.2026;18:07:00;180;1;5008;10;U872Z7P;Obchodní centrum Zličín;50.07823;14.34492
20260520_181703_L180;20260520_181703;20.05.2026;18:03:00;180;2;6859;13;U47Z3P;Obchodní centrum Zličín;50.06586;14.30219
20260520_181703_L180;20260520_181703;20.05.2026;18:04:00;180;4;5046;13;U321Z4P;Dejvická;50.10003;14.39553
20260520_181703_L180;20260520_181703;20.05.2026;18:02:00;180;9;6934;15;U913Z2P;Obchodní centrum Zličín;50.06279;14.28692
20260520_181703_L180;20260520_181703;20.05.2026;18:05:00;180;13;6941;10;U4191Z2P;Dejvická;50.05019;14.29353
20260520_181703_L182;20260520_181703;20.05.2026;18:05:00;182;4;3881;12;U442Z1P;Kbelský hřbitov;50.11532;14.49699
20260520_181703_L182;20260520_181703;20.05.2026;18:04:00;182;9;3966;13;U641Z4P;Opatov;50.04563;14.52523
20260520_181703_L821;20260520_181703;20.05.2026;18:00:00;821;70;1611;13;U1984Z4;Kouřim;49.97461;14.99141
20260520_181703_L311;20260520_181703;20.05.2026;18:04:00;311;77;9583;13;U1657Z2;Praha,Zličín;49.99525;14.20571
20260520_181703_L316;20260520_181703;20.05.2026;18:03:00;316;2;8969;11;U199Z3;Praha,Bořislavka;50.10059;14.36263
20260520_181703_L324;20260520_181703;20.05.2026;18:06:00;324;27;8996;10;U218Z2;Praha,Zličín;50.09435;14.29503
20260520_181703_L347;20260520_181703;20.05.2026;18:06:00;347;19;1440;11;U1643Z1;Chýně,Nádraží;50.05055;14.27193
20260520_181703_L352;20260520_181703;20.05.2026;18:07:00;352;8;4169;10;U1188Z2;Jinočany,náměstí;50.03183;14.27185
20260520_181703_L381;20260520_181703;20.05.2026;18:04:00;381;15;9369;13;U2149Z1;Čáslav,obchodní centrum;49.96114;15.00527
20260520_181703_L381;20260520_181703;20.05.2026;18:05:00;381;20;9948;12;U7327Z1;Čáslav,obchodní centrum;49.91727;15.389
20260520_181703_L382;20260520_181703;20.05.2026;18:02:00;382;39;9107;13;U2031Z1;Sázava,aut.st.;49.87464;14.89352
20260520_181703_L384;20260520_181703;20.05.2026;18:03:00;384;17;9866;12;U1229Z2;Hořovice,nám.B.Němcové;49.89267;13.94224
20260520_181703_L385;20260520_181703;20.05.2026;18:02:00;385;29;1596;14;U106Z1;Zvánovice;50.02072;14.50883
20260520_181703_L401;20260520_181703;20.05.2026;18:04:00;401;62;7775;12;U6438Z5;Jindřichův Hradec,aut.nádr.;49.5686;14.65967
20260520_181703_L410;20260520_181703;20.05.2026;18:00:00;410;3;11611;16;U6073Z1;Mimoň,Žitavská;50.47435;14.47601
20260520_181703_L472;20260520_181703;20.05.2026;17:59:00;472;35;8005;15;U3336Z1;Mělník,aut.nádr.;50.35036;14.48966
20260520_181703_L534;20260520_181703;20.05.2026;17:51:00;534;20;7616;23;U6018Z1;Kolín,nádraží;50.02416;15.21341
20260520_181703_L617;20260520_181703;20.05.2026;18:03:00;617;28;8892;12;U4802Z2;Kladno,autobusové nádraží;50.19988;14.06918
20260520_181703_L617;20260520_181703;20.05.2026;18:04:00;617;36;1897;13;U1915Z1;Roudnice n.L.,žel.st.;50.18875;14.0431
20260520_181703_L705;20260520_181703;20.05.2026;18:05:00;705;42;8684;11;U7320Z11;Volárna;49.91344;15.39652
20260520_181703_L756;20260520_181703;20.05.2026;17:46:00;756;92;7832;28;U4537Z2;Křečovice;49.72577;14.47363
20260520_182104_L108;20260520_182104;20.05.2026;18:06:00;108;1;2082;12;U2757Z1P;Dejvická;50.09905;14.38759
20260520_182104_L120;20260520_182104;20.05.2026;18:10:00;120;3;3677;11;U470Z1P;Pod Lochkovem;50.02005;14.35461
20260520_182104_L133;20260520_182104;20.05.2026;18:06:00;133;51;3888;15;U548Z1P;Sídliště Malešice;50.08216;14.50196
20260520_182104_L133;20260520_182104;20.05.2026;18:06:00;133;10;3967;15;U69Z1P;Sídliště Malešice;50.08923;14.46298
20260520_182104_L136;20260520_182104;20.05.2026;18:06:00;136;30;5506;14;U855Z1P;Jižní Město;50.07449;14.46393
20260520_182104_L136;20260520_182104;20.05.2026;18:08:00;136;12;5022;13;U763Z1P;Sídliště Čakovice;50.09778;14.48063
20260520_182104_L136;20260520_182104;20.05.2026;18:08:00;136;2;6735;13;U916Z1P;Jižní Město;50.02529;14.51582
20260520_182104_L136;20260520_182104;20.05.2026;18:07:00;136;3;6724;13;U516Z3P;Jižní Město;50.08211;14.45946
20260520_182104_L136;20260520_182104;20.05.2026;18:11:00;136;4;6803;10;U2787Z2P;Jižní Město;50.08774;14.4567
20260520_182104_L136;20260520_182104;20.05.2026;18:09:00;136;29;6832;11;U417Z1P;Jižní Město;50.04355;14.48732
20260520_182104_L136;20260520_182104;20.05.2026;18:10:00;136;20;6797;10;U106Z2P;Jižní Město;50.02754;14.50777
20260520_182104_L168;20260520_182104;20.05.2026;18:10:00;168;3;2086;10;U104Z2P;Bílá Hora;50.07791;14.30501
20260520_182104_L174;20260520_182104;20.05.2026;18:10:00;174;17;4193;11;U394Z3P;Třebonice;50.06919;14.33518
20260520_182104_L174;20260520_182104;20.05.2026;18:07:00;174;7;4172;14;U394Z4P;Vypich;50.06799;14.33549
20260520_182104_L180;20260520_182104;20.05.2026;18:10:00;180;13;6941;11;U1141Z5P;Dejvická;50.05494;14.29059
20260520_182104_L180;20260520_182104;20.05.2026;18:09:00;180;15;6899;10;U44Z1P;Obchodní centrum Zličín;50.0822;14.35506
20260520_182104_L182;20260520_182104;20.05.2026;18:10:00;182;4;3881;11;U606Z1P;Kbelský hřbitov;50.12264;14.50718
20260520_182104_L182;20260520_182104;20.05.2026;18:06:00;182;9;3966;13;U219Z1P;Opatov;50.0402;14.51081
20260520_182104_L207;20260520_182104;20.05.2026;18:10:00;207;22;3959;11;U512Z8P;Ohrada;50.09032;14.46743
20260520_182104_L821;20260520_182104;20.05.2026;18:07:00;821;70;1611;12;U2934Z1;Kouřim;49.98661;14.99541
20260520_182104_L822;20260520_182104;20.05.2026;18:06:00;822;1;8614;10;U5896Z2;Kolín,nádraží;50.02404;15.21345
20260520_182104_L311;20260520_182104;20.05.2026;18:06:00;311;77;9583;13;U1656Z2;Praha,Zličín;50.01262;14.21402
20260520_182104_L312;20260520_182104;20.05.2026;18:07:00;312;3;4532;11;U199Z3;Praha,Bořislavka;50.10032;14.36292
20260520_182104_L316;20260520_182104;20.05.2026;18:03:00;316;2;8969;15;U199Z3;Praha,Bořislavka;50.09963;14.3639
20260520_182104_L347;20260520_182104;20.05.2026;18:06:00;347;19;1440;15;U1643Z1;Chýně,Nádraží;50.05046;14.27153
20260520_182104_L375;20260520_182104;20.05.2026;18:10:00;375;11;8249;11;U1828Z1;Brandýs n.L.-St.Bol.,Žel.st.;50.19492;14.67349
20260520_182104_L380;20260520_182104;20.05.2026;18:09:00;380;2;9982;11;U4964Z1;Králův Dvůr,Počaply,Obchodní centrum;49.96528;14.06583
20260520_182104_L381;20260520_182104;20.05.2026;18:09:00;381;15;9369;12;U2151Z1;Čáslav,obchodní centrum;49.95412;15.03031
20260520_182104_L381;20260520_182104;20.05.2026;18:08:00;381;20;9948;12;U7320Z9;Čáslav,obchodní centrum;49.91098;15.39665
20260520_182104_L383;20260520_182104;20.05.2026;18:07:00;383;31;9138;13;U2047Z1;Praha,Háje;49.87418;14.80045
20260520_182104_L384;20260520_182104;20.05.2026;18:10:00;384;17;9866;11;U1230Z2;Hořovice,nám.B.Němcové;49.87584;13.89598
20260520_182104_L401;20260520_182104;20.05.2026;18:08:00;401;62;7775;11;U6442Z1;Jindřichův Hradec,aut.nádr.;49.5221;14.65445
20260520_182104_L472;20260520_182104;20.05.2026;17:59:00;472;35;8005;19;U3336Z1;Mělník,aut.nádr.;50.35036;14.48966
20260520_182104_L480;20260520_182104;20.05.2026;18:06:00;480;25;7526;14;U7645Z1;Klučenice;49.56488;14.22623
20260520_182104_L534;20260520_182104;20.05.2026;17:51:00;534;20;7616;27;U6018Z1;Kolín,nádraží;50.02416;15.21341
20260520_182104_L617;20260520_182104;20.05.2026;18:08:00;617;28;8892;12;U4798Z2;Kladno,autobusové nádraží;50.18463;14.0775
20260520_182104_L641;20260520_182104;20.05.2026;18:07:00;641;10;9547;13;U1748Z2;Beroun,autobusové nádraží;49.95176;14.04617
20260520_182104_L687;20260520_182104;20.05.2026;18:09:00;687;12;7634;12;U6959Z1;Uhlířské Janovice,nám.;49.84691;15.15508
20260520_182104_L705;20260520_182104;20.05.2026;18:09:00;705;42;8684;10;U7319Z2;Volárna;49.91081;15.37692
20260520_182104_L756;20260520_182104;20.05.2026;17:46:00;756;92;7832;32;U4537Z2;Křečovice;49.72579;14.47365
20260520_182504_L180;20260520_182504;20.05.2026;18:14:00;180;15;6899;11;U872Z7P;Obchodní centrum Zličín;50.07874;14.3444
20260520_182504_L136;20260520_182504;20.05.2026;18:15:00;136;54;6885;10;U417Z1P;Jižní Město;50.04353;14.48729
20260520_182504_L136;20260520_182504;20.05.2026;18:14:00;136;20;6797;10;U353Z1P;Jižní Město;50.02623;14.52148
20260520_182504_L472;20260520_182504;20.05.2026;17:59:00;472;35;8005;21;U3336Z1;Mělník,aut.nádr.;50.35036;14.48966
20260520_182504_L182;20260520_182504;20.05.2026;18:14:00;182;4;3881;10;U1000Z2P;Kbelský hřbitov;50.12431;14.51649
20260520_182504_L136;20260520_182504;20.05.2026;18:14:00;136;4;6803;10;U516Z3P;Jižní Město;50.08207;14.45935
20260520_182504_L316;20260520_182504;20.05.2026;18:13:00;316;1;8980;11;U199Z3;Praha,Bořislavka;50.10591;14.35342
20260520_182504_L795;20260520_182504;20.05.2026;18:13:00;795;55;7846;10;U7053Z2;Vlašim,žel.st.;49.73341;15.07884
20260520_182504_L136;20260520_182504;20.05.2026;18:11:00;136;30;5506;13;U680Z3P;Jižní Město;50.06836;14.46923
20260520_182504_L174;20260520_182504;20.05.2026;18:10:00;174;7;4172;14;U444Z1P;Vypich;50.07591;14.34525
20260520_182504_L617;20260520_182504;20.05.2026;18:13:00;617;28;8892;12;U2876Z2;Kladno,autobusové nádraží;50.17048;14.08823
20260520_182504_L180;20260520_182504;20.05.2026;18:14:00;180;13;6941;11;U913Z1P;Dejvická;50.06232;14.28728
20260520_182504_L136;20260520_182504;20.05.2026;18:14:00;136;29;6832;11;U344Z1P;Jižní Město;50.03151;14.50544
20260520_182504_L705;20260520_182504;20.05.2026;18:13:00;705;42;8684;10;U7297Z2;Volárna;49.90608;15.33324
20260520_182504_L311;20260520_182504;20.05.2026;18:12:00;311;77;9583;13;U1652Z2;Praha,Zličín;50.01742;14.2325
20260520_182504_L536;20260520_182504;20.05.2026;18:12:00;536;19;7609;10;U6018Z1;Kolín,nádraží;50.02411;15.21363
20260520_182504_L824;20260520_182504;20.05.2026;18:14:00;824;72;1601;10;U4993Z1;Kolín,nádraží;50.01016;15.15528
20260520_182504_L534;20260520_182504;20.05.2026;17:51:00;534;20;7616;31;U6018Z1;Kolín,nádraží;50.02416;15.21341
20260520_182504_L381;20260520_182504;20.05.2026;18:11:00;381;15;9369;11;U2153Z1;Čáslav,obchodní centrum;49.95582;15.0642
20260520_182504_L384;20260520_182504;20.05.2026;18:13:00;384;17;9866;12;U9613Z2;Hořovice,nám.B.Němcové;49.86078;13.89331
20260520_182504_L380;20260520_182504;20.05.2026;18:14:00;380;2;9982;11;U1749Z1;Králův Dvůr,Počaply,Obchodní centrum;49.95708;14.05164
20260520_182504_L401;20260520_182504;20.05.2026;18:12:00;401;62;7775;12;U31269Z1;Jindřichův Hradec,aut.nádr.;49.50255;14.65523
20260520_182504_L383;20260520_182504;20.05.2026;18:12:00;383;31;9138;11;U2089Z2;Praha,Háje;49.90273;14.78657
20260520_182504_L136;20260520_182504;20.05.2026;18:11:00;136;3;6724;14;U518Z3P;Jižní Město;50.07592;14.45918
20260520_182504_L120;20260520_182504;20.05.2026;18:13:00;120;3;3677;11;U120Z1P;Pod Lochkovem;50.01059;14.35686
20260520_182504_L180;20260520_182504;20.05.2026;18:10:00;180;2;6859;15;U178Z2P;Obchodní centrum Zličín;50.05987;14.29396
20260520_182504_L116;20260520_182504;20.05.2026;18:12:00;116;1;2083;10;U199Z3P;Bořislavka;50.10101;14.36239
20260520_182504_L174;20260520_182504;20.05.2026;18:13:00;174;17;4193;12;U966Z2P;Třebonice;50.05789;14.3393
20260520_182504_L756;20260520_182504;20.05.2026;17:46:00;756;92;7832;36;U4537Z2;Křečovice;49.72581;14.47367
20260520_182504_L108;20260520_182504;20.05.2026;18:11:00;108;1;2082;14;U3218Z2P;Dejvická;50.10251;14.38975
20260520_182504_L168;20260520_182504;20.05.2026;18:10:00;168;3;2086;13;U104Z2P;Bílá Hora;50.07683;14.30723
20260520_182504_L375;20260520_182504;20.05.2026;18:14:00;375;11;8249;11;U3001Z2;Brandýs n.L.-St.Bol.,Žel.st.;50.20418;14.68983
20260520_182504_L136;20260520_182504;20.05.2026;18:14:00;136;12;5022;11;U134Z5P;Sídliště Čakovice;50.10101;14.50284
20260520_182504_L180;20260520_182504;20.05.2026;18:15:00;180;1;5008;10;U113Z3P;Obchodní centrum Zličín;50.06388;14.31582
20260520_182904_L180;20260520_182904;20.05.2026;18:19:00;180;3;5048;10;U872Z2P;Obchodní centrum Zličín;50.07973;14.34677
20260520_182904_L311;20260520_182904;20.05.2026;18:18:00;311;89;9596;10;U1852Z51;Praha,Zličín;49.92886;14.27315
20260520_182904_L536;20260520_182904;20.05.2026;18:12:00;536;19;7609;14;U6018Z1;Kolín,nádraží;50.02411;15.21363
20260520_182904_L534;20260520_182904;20.05.2026;17:51:00;534;20;7616;35;U6018Z1;Kolín,nádraží;50.02416;15.21341
20260520_182904_L136;20260520_182904;20.05.2026;18:19:00;136;54;6885;10;U424Z1P;Jižní Město;50.03348;14.4993
20260520_182904_L133;20260520_182904;20.05.2026;18:14:00;133;10;3967;15;U767Z1P;Sídliště Malešice;50.08438;14.48181
20260520_182904_L167;20260520_182904;20.05.2026;18:17:00;167;7;5006;10;U254Z6P;Na Knížecí;50.07102;14.38953
20260520_182904_L617;20260520_182904;20.05.2026;18:18:00;617;28;8892;10;U4602Z2;Kladno,autobusové nádraží;50.1635;14.10866
20260520_182904_L316;20260520_182904;20.05.2026;18:13:00;316;1;8980;13;U199Z3;Praha,Bořislavka;50.10207;14.3616
20260520_182904_L400;20260520_182904;20.05.2026;18:18:00;400;52;1085;10;U6072Z2;Praha,Střížkov;50.46371;14.47406
20260520_182904_L401;20260520_182904;20.05.2026;18:17:00;401;62;7775;11;U31273Z1;Jindřichův Hradec,aut.nádr.;49.46518;14.66071
20260520_182904_L756;20260520_182904;20.05.2026;17:46:00;756;92;7832;40;U4537Z2;Křečovice;49.72579;14.47364
20260520_182904_L365;20260520_182904;20.05.2026;18:19:00;365;12;8832;10;U364Z4;Praha,Motol;50.07604;14.33219
20260520_182904_L380;20260520_182904;20.05.2026;18:18:00;380;2;9982;10;U1748Z1;Králův Dvůr,Počaply,Obchodní centrum;49.94787;14.03683
20260520_182904_L381;20260520_182904;20.05.2026;18:17:00;381;15;9369;12;U2178Z1;Čáslav,obchodní centrum;49.9561;15.10199
20260520_182904_L385;20260520_182904;20.05.2026;18:14:00;385;29;1596;15;U1373Z1;Zvánovice;50.00466;14.57446
20260520_182904_L384;20260520_182904;20.05.2026;18:15:00;384;17;9866;13;U9614Z2;Hořovice,nám.B.Němcové;49.84726;13.88657
20260520_182904_L180;20260520_182904;20.05.2026;18:17:00;180;13;6941;12;U635Z1P;Dejvická;50.06903;14.29646
20260520_182904_L136;20260520_182904;20.05.2026;18:19:00;136;5;5543;10;U2787Z2P;Jižní Město;50.08777;14.45671
20260520_182904_L136;20260520_182904;20.05.2026;18:18:00;136;29;6832;11;U916Z1P;Jižní Město;50.0252;14.51479
20260520_182904_L180;20260520_182904;20.05.2026;18:14:00;180;2;6859;14;U1141Z14P;Obchodní centrum Zličín;50.05513;14.29036
20260520_182904_L180;20260520_182904;20.05.2026;18:19:00;180;15;6899;10;U394Z3P;Obchodní centrum Zličín;50.06844;14.33528
20260520_182904_L136;20260520_182904;20.05.2026;18:15:00;136;30;5506;14;U183Z3P;Jižní Město;50.05608;14.47159
20260520_182904_L136;20260520_182904;20.05.2026;18:18:00;136;3;6724;11;U680Z3P;Jižní Město;50.06888;14.46904
20260520_182904_L108;20260520_182904;20.05.2026;18:14:00;108;1;2082;14;U906Z2P;Dejvická;50.10702;14.39557
20260520_182904_L311;20260520_182904;20.05.2026;18:16:00;311;77;9583;13;U2324Z2;Praha,Zličín;50.02524;14.21666
20260520_182904_L174;20260520_182904;20.05.2026;18:16:00;174;17;4193;12;U709Z1P;Třebonice;50.05343;14.33051
20260520_182904_L136;20260520_182904;20.05.2026;18:17:00;136;12;5022;11;U474Z5P;Sídliště Čakovice;50.11102;14.50259
20260520_183305_L108;20260520_183305;20.05.2026;18:19:00;108;1;2082;14;U2716Z2P;Dejvická;50.10127;14.40485
20260520_183305_L120;20260520_183305;20.05.2026;18:23:00;120;1;4043;10;U428Z1P;Pod Lochkovem;50.03787;14.39941
20260520_183305_L133;20260520_183305;20.05.2026;18:23:00;133;2;3964;10;U16Z1P;Sídliště Malešice;50.08707;14.4703
20260520_183305_L133;20260520_183305;20.05.2026;18:18:00;133;10;3967;15;U548Z1P;Sídliště Malešice;50.08197;14.50096
20260520_183305_L136;20260520_183305;20.05.2026;18:21:00;136;54;6885;11;U106Z2P;Jižní Město;50.02753;14.50779
20260520_183305_L136;20260520_183305;20.05.2026;18:19:00;136;30;5506;14;U322Z3P;Jižní Město;50.04606;14.48402
20260520_183305_L136;20260520_183305;20.05.2026;18:23:00;136;12;5022;10;U500Z1P;Sídliště Čakovice;50.12105;14.50413
20260520_183305_L136;20260520_183305;20.05.2026;18:22:00;136;3;6724;11;U183Z3P;Jižní Město;50.05603;14.47161
20260520_183305_L136;20260520_183305;20.05.2026;18:22:00;136;5;5543;10;U516Z3P;Jižní Město;50.0821;14.45917
20260520_183305_L136;20260520_183305;20.05.2026;18:21:00;136;29;6832;12;U286Z5P;Jižní Město;50.03075;14.52982
20260520_183305_L174;20260520_183305;20.05.2026;18:22:00;174;17;4193;11;U1007Z2P;Třebonice;50.0457;14.32058
20260520_183305_L180;20260520_183305;20.05.2026;18:22:00;180;1;5008;11;U706Z2P;Obchodní centrum Zličín;50.06626;14.2891
20260520_183305_L180;20260520_183305;20.05.2026;18:21:00;180;13;6941;12;U236Z4P;Dejvická;50.0645;14.30841
20260520_183305_L180;20260520_183305;20.05.2026;18:22:00;180;15;6899;10;U113Z3P;Obchodní centrum Zličín;50.06389;14.3158
20260520_183305_L311;20260520_183305;20.05.2026;18:21:00;311;77;9583;12;U2323Z2;Praha,Zličín;50.03183;14.22607
20260520_183305_L316;20260520_183305;20.05.2026;18:13:00;316;1;8980;17;U199Z3;Praha,Bořislavka;50.09964;14.3638
20260520_183305_L365;20260520_183305;20.05.2026;18:21:00;365;12;8832;11;U872Z7;Praha,Motol;50.07798;14.34553
20260520_183305_L384;20260520_183305;20.05.2026;18:20:00;384;17;9866;12;U9616Z5;Hořovice,nám.B.Němcové;49.83746;13.89838
20260520_183305_L400;20260520_183305;20.05.2026;18:21:00;400;52;1085;12;U6070Z2;Praha,Střížkov;50.44216;14.47449
20260520_183305_L410;20260520_183305;20.05.2026;18:19:00;410;3;11611;13;U31309Z1;Mimoň,Žitavská;50.55076;14.54719
20260520_183305_L534;20260520_183305;20.05.2026;17:51:00;534;20;7616;40;U6018Z1;Kolín,nádraží;50.02416;15.21341
20260520_183305_L536;20260520_183305;20.05.2026;18:12:00;536;19;7609;18;U6018Z1;Kolín,nádraží;50.02411;15.21363
20260520_183305_L756;20260520_183305;20.05.2026;17:46:00;756;92;7832;44;U4537Z2;Křečovice;49.72579;14.47364
20260520_183705_L133;20260520_183705;20.05.2026;18:26:00;133;2;3964;11;U767Z1P;Sídliště Malešice;50.08373;14.48198
20260520_183705_L136;20260520_183705;20.05.2026;18:25:00;136;54;6885;10;U353Z1P;Jižní Město;50.02839;14.52462
20260520_183705_L136;20260520_183705;20.05.2026;18:22:00;136;30;5506;14;U181Z1P;Jižní Město;50.03946;14.49055
20260520_183705_L136;20260520_183705;20.05.2026;18:26:00;136;3;6724;11;U322Z3P;Jižní Město;50.04608;14.48399
20260520_183705_L136;20260520_183705;20.05.2026;18:24:00;136;5;5543;12;U118Z4P;Jižní Město;50.07842;14.46042
20260520_183705_L136;20260520_183705;20.05.2026;18:22:00;136;29;6832;12;U151Z1P;Jižní Město;50.03206;14.53449
20260520_183705_L168;20260520_183705;20.05.2026;18:24:00;168;3;2086;12;U104Z1P;Nové Butovice;50.07811;14.30574
20260520_183705_L174;20260520_183705;20.05.2026;18:23:00;174;17;4193;13;U1029Z2P;Třebonice;50.04173;14.32757
20260520_183705_L180;20260520_183705;20.05.2026;18:25:00;180;1;5008;11;U178Z2P;Obchodní centrum Zličín;50.05986;14.29395
20260520_183705_L180;20260520_183705;20.05.2026;18:24:00;180;13;6941;12;U395Z3P;Dejvická;50.06599;14.32619
20260520_183705_L180;20260520_183705;20.05.2026;18:25:00;180;15;6899;11;U47Z3P;Obchodní centrum Zličín;50.06587;14.30223
20260520_183705_L216;20260520_183705;20.05.2026;18:27:00;216;12;2053;10;U3217Z1P;Poliklinika Petřiny;50.10584;14.38979
20260520_183705_L311;20260520_183705;20.05.2026;18:22:00;311;77;9583;12;U1647Z2;Praha,Zličín;50.03566;14.23619
20260520_183705_L311;20260520_183705;20.05.2026;18:25:00;311;89;9596;10;U2569Z1;Praha,Zličín;49.92492;14.23998
20260520_183705_L360;20260520_183705;20.05.2026;18:27:00;360;6;7231;10;U392Z1;Praha,Smíchovské nádraží;49.97301;14.39505
20260520_183705_L365;20260520_183705;20.05.2026;18:23:00;365;12;8832;12;U306Z2;Praha,Motol;50.07379;14.33862
20260520_183705_L380;20260520_183705;20.05.2026;18:22:00;380;2;9982;10;U4979Z2;Králův Dvůr,Počaply,Obchodní centrum;49.9359;14.02217
20260520_183705_L384;20260520_183705;20.05.2026;18:22:00;384;17;9866;12;U9617Z2;Hořovice,nám.B.Němcové;49.83363;13.90247
20260520_183705_L400;20260520_183705;20.05.2026;18:24:00;400;52;1085;12;U6060Z2;Praha,Střížkov;50.42155;14.46342
20260520_183705_L401;20260520_183705;20.05.2026;18:25:00;401;62;7775;12;U31279Z1;Jindřichův Hradec,aut.nádr.;49.4127;14.66472
20260520_183705_L410;20260520_183705;20.05.2026;18:24:00;410;3;11611;13;U31312Z1;Mimoň,Žitavská;50.55463;14.5923
20260520_183705_L534;20260520_183705;20.05.2026;17:51:00;534;20;7616;42;U6018Z1;Kolín,nádraží;50.02416;15.21341
20260520_183705_L536;20260520_183705;20.05.2026;18:12:00;536;19;7609;20;U6018Z1;Kolín,nádraží;50.02411;15.21363
20260520_183705_L756;20260520_183705;20.05.2026;17:46:00;756;92;7832;48;U4537Z2;Křečovice;49.72579;14.47364
20260520_184105_L180;20260520_184105;20.05.2026;18:28:00;180;13;6941;12;U306Z1P;Dejvická;50.07462;14.3402
20260520_184105_L133;20260520_184105;20.05.2026;18:30:00;133;2;3964;11;U548Z1P;Sídliště Malešice;50.08197;14.50092
20260520_184105_L136;20260520_184105;20.05.2026;18:31:00;136;6;5021;10;U118Z4P;Jižní Město;50.07875;14.4607
20260520_184105_L168;20260520_184105;20.05.2026;18:29:00;168;3;2086;12;U630Z1P;Nové Butovice;50.08562;14.32508
20260520_184105_L400;20260520_184105;20.05.2026;18:30:00;400;25;11695;10;U6073Z1;Nový Bor,aut.nádr.;50.47463;14.47644
20260520_184105_L756;20260520_184105;20.05.2026;17:46:00;756;92;7832;52;U4537Z2;Křečovice;49.72579;14.47364
20260520_184105_L180;20260520_184105;20.05.2026;18:29:00;180;1;5008;10;U1141Z14P;Obchodní centrum Zličín;50.05255;14.29116
20260520_184105_L536;20260520_184105;20.05.2026;18:12:00;536;19;7609;26;U6018Z1;Kolín,nádraží;50.02411;15.21363
20260520_184105_L534;20260520_184105;20.05.2026;17:51:00;534;20;7616;47;U6018Z1;Kolín,nádraží;50.02416;15.21341
20260520_184105_L136;20260520_184105;20.05.2026;18:31:00;136;5;5543;10;U29Z1P;Jižní Město;50.07327;14.4702
20260520_184105_L400;20260520_184105;20.05.2026;18:27:00;400;52;1085;13;U3316Z4;Praha,Střížkov;50.40424;14.44891
20260520_184105_L401;20260520_184105;20.05.2026;18:29:00;401;62;7775;11;U4886Z7;Jindřichův Hradec,aut.nádr.;49.41422;14.67487
20260520_184105_L136;20260520_184105;20.05.2026;18:26:00;136;30;5506;15;U106Z2P;Jižní Město;50.02748;14.50775
20260520_184105_L136;20260520_184105;20.05.2026;18:29:00;136;3;6724;11;U181Z1P;Jižní Město;50.03947;14.49051
20260520_184105_L180;20260520_184105;20.05.2026;18:29:00;180;15;6899;12;U706Z2P;Obchodní centrum Zličín;50.06589;14.28816
20260520_184105_L174;20260520_184105;20.05.2026;18:27:00;174;17;4193;14;U122Z1P;Třebonice;50.03544;14.31596
20260520_184105_L360;20260520_184105;20.05.2026;18:28:00;360;6;7231;11;U902Z4;Praha,Smíchovské nádraží;49.98674;14.39772
20260520_184506_L120;20260520_184506;20.05.2026;18:35:00;120;1;4043;10;U501Z1P;Pod Lochkovem;50.02658;14.37313
20260520_184506_L120;20260520_184506;20.05.2026;18:35:00;120;5;3681;10;U1030Z4P;Na Knížecí;50.03337;14.37384
20260520_184506_L136;20260520_184506;20.05.2026;18:30:00;136;30;5506;14;U353Z1P;Jižní Město;50.02625;14.52148
20260520_184506_L136;20260520_184506;20.05.2026;18:33:00;136;3;6724;11;U106Z2P;Jižní Město;50.02747;14.50779
20260520_184506_L136;20260520_184506;20.05.2026;18:34:00;136;5;5543;11;U37Z1P;Jižní Město;50.06109;14.46945
20260520_184506_L136;20260520_184506;20.05.2026;18:34:00;136;6;5021;10;U855Z1P;Jižní Město;50.07444;14.46393
20260520_184506_L136;20260520_184506;20.05.2026;18:35:00;136;31;6711;10;U743Z2P;Jižní Město;50.08652;14.4555
20260520_184506_L168;20260520_184506;20.05.2026;18:33:00;168;3;2086;12;U541Z7P;Nové Butovice;50.08655;14.33963
20260520_184506_L174;20260520_184506;20.05.2026;18:30:00;174;17;4193;15;U840Z1P;Třebonice;50.03499;14.30652
20260520_184506_L180;20260520_184506;20.05.2026;18:31:00;180;13;6941;14;U872Z1P;Dejvická;50.07968;14.34676
20260520_184506_L180;20260520_184506;20.05.2026;18:32:00;180;15;6899;11;U178Z2P;Obchodní centrum Zličín;50.05989;14.2939
20260520_184506_L182;20260520_184506;20.05.2026;18:35:00;182;7;3867;10;U276Z2P;Kbelský hřbitov;50.09362;14.52472
20260520_184506_L216;20260520_184506;20.05.2026;18:35:00;216;12;2053;10;U3017Z1P;Poliklinika Petřiny;50.10292;14.3731
20260520_184506_L311;20260520_184506;20.05.2026;18:30:00;311;77;9583;13;U1142Z2;Praha,Zličín;50.05621;14.28614
20260520_184506_L311;20260520_184506;20.05.2026;18:32:00;311;89;9596;11;U1665Z2;Praha,Zličín;49.94133;14.22813
20260520_184506_L400;20260520_184506;20.05.2026;18:30:00;400;25;11695;15;U6073Z1;Nový Bor,aut.nádr.;50.47503;14.47716
20260520_184506_L401;20260520_184506;20.05.2026;18:29:00;401;62;7775;12;U4886Z7;Jindřichův Hradec,aut.nádr.;49.40792;14.68429
20260520_184506_L534;20260520_184506;20.05.2026;17:51:00;534;20;7616;51;U6018Z1;Kolín,nádraží;50.02416;15.21341
20260520_184506_L536;20260520_184506;20.05.2026;18:12:00;536;19;7609;30;U6018Z1;Kolín,nádraží;50.0251;15.21273
20260520_184506_L641;20260520_184506;20.05.2026;18:32:00;641;7;9539;12;U9856Z1;Zdice,nám.;49.88306;13.93148
20260520_184506_L756;20260520_184506;20.05.2026;17:46:00;756;92;7832;56;U4537Z2;Křečovice;49.72579;14.47364
20260520_184906_L136;20260520_184906;20.05.2026;18:39:00;136;3;6724;10;U286Z5P;Jižní Město;50.03059;14.52876
20260520_184906_L216;20260520_184906;20.05.2026;18:39:00;216;12;2053;10;U2790Z2P;Poliklinika Petřiny;50.09671;14.36542
20260520_184906_L311;20260520_184906;20.05.2026;18:38:00;311;89;9596;11;U4256Z2;Praha,Zličín;49.95483;14.20392
20260520_184906_L400;20260520_184906;20.05.2026;18:34:00;400;52;1085;14;U1795Z2;Praha,Střížkov;50.35674;14.4766
20260520_184906_L641;20260520_184906;20.05.2026;18:32:00;641;7;9539;15;U9856Z1;Zdice,nám.;49.88421;13.95714
20260520_184906_L534;20260520_184906;20.05.2026;17:51:00;534;20;7616;55;U6018Z1;Kolín,nádraží;50.02416;15.21341
20260520_184906_L348;20260520_184906;20.05.2026;18:36:00;348;6;8289;13;U2343Z1;Praha,Ládví;50.23659;14.49455
20260520_184906_L365;20260520_184906;20.05.2026;18:35:00;365;13;8769;13;U9291Z2;Stochov,nám.;50.13867;13.96662
20260520_184906_L136;20260520_184906;20.05.2026;18:37:00;136;5;5543;11;U751Z2P;Jižní Město;50.05262;14.47513
20260520_184906_L120;20260520_184906;20.05.2026;18:39:00;120;1;4043;10;U216Z1P;Pod Lochkovem;50.02074;14.3591
20260520_184906_L120;20260520_184906;20.05.2026;18:38:00;120;5;3681;10;U1191Z2P;Na Knížecí;50.03667;14.38312
20260520_184906_L136;20260520_184906;20.05.2026;18:37:00;136;12;5022;12;U791Z1P;Sídliště Čakovice;50.15168;14.5208
20260520_184906_L168;20260520_184906;20.05.2026;18:36:00;168;3;2086;11;U844Z4P;Nové Butovice;50.08744;14.3497
20260520_184906_L400;20260520_184906;20.05.2026;18:34:00;400;25;11695;14;U6078Z1;Nový Bor,aut.nádr.;50.50054;14.48663
20260520_184906_L149;20260520_184906;20.05.2026;18:37:00;149;8;4015;11;U786Z2P;Dejvická;50.0555;14.32974
20260520_184906_L136;20260520_184906;20.05.2026;18:38:00;136;6;5021;11;U680Z3P;Jižní Město;50.06837;14.46931
20260520_184906_L180;20260520_184906;20.05.2026;18:35:00;180;13;6941;13;U229Z2P;Dejvická;50.0865;14.37172
20260520_184906_L182;20260520_184906;20.05.2026;18:37:00;182;7;3867;10;U574Z2P;Kbelský hřbitov;50.09137;14.49961
20260520_184906_L756;20260520_184906;20.05.2026;17:46:00;756;92;7832;58;U4537Z2;Křečovice;49.72579;14.47364
20260520_185306_L216;20260520_185306;20.05.2026;18:43:00;216;12;2053;10;U477Z2P;Poliklinika Petřiny;50.09412;14.38162
20260520_185306_L120;20260520_185306;20.05.2026;18:41:00;120;5;3681;12;U146Z2P;Na Knížecí;50.0416;14.39469
20260520_185306_L756;20260520_185306;20.05.2026;17:46:00;756;92;7832;62;U4537Z2;Křečovice;49.72578;14.47365
20260520_185306_L191;20260520_185306;20.05.2026;18:43:00;191;9;3808;10;U1407Z2P;Klamovka;50.07928;14.38088
20260520_185306_L652;20260520_185306;20.05.2026;18:39:00;652;12;1595;12;U1978Z2;Kostelec n.Č.l.,Nám.;49.9934;14.86375
20260520_185306_L182;20260520_185306;20.05.2026;18:42:00;182;7;3867;11;U225Z2P;Kbelský hřbitov;50.09939;14.49595
20260520_185306_L136;20260520_185306;20.05.2026;18:42:00;136;6;5021;10;U183Z3P;Jižní Město;50.05609;14.47157
20260520_185306_L348;20260520_185306;20.05.2026;18:39:00;348;6;8289;12;U1958Z2;Praha,Ládví;50.20402;14.49838
20260520_185306_L365;20260520_185306;20.05.2026;18:42:00;365;12;8832;11;U610Z3;Stochov,nám.;50.07857;14.34221
20260520_185306_L136;20260520_185306;20.05.2026;18:41:00;136;5;5543;11;U417Z1P;Jižní Město;50.04291;14.48776
20260520_185306_L120;20260520_185306;20.05.2026;18:42:00;120;1;4043;11;U780Z1P;Pod Lochkovem;50.01651;14.35676
20260520_185306_L303;20260520_185306;20.05.2026;18:39:00;303;8;8063;14;U3250Z1;Praha,Černý Most;50.04011;14.66708
20260520_185306_L311;20260520_185306;20.05.2026;18:41:00;311;89;9596;10;U1663Z2;Praha,Zličín;49.96255;14.22216
20260520_185306_L401;20260520_185306;20.05.2026;18:40:00;401;62;7775;13;U31441Z1;Jindřichův Hradec,aut.nádr.;49.35284;14.70321
20260520_185306_L400;20260520_185306;20.05.2026;18:41:00;400;25;11695;12;U31047Z1;Nový Bor,aut.nádr.;50.52287;14.51713
20260520_185306_L534;20260520_185306;20.05.2026;17:51:00;534;20;7616;59;U6018Z1;Kolín,nádraží;50.02416;15.21341
20260520_185306_L136;20260520_185306;20.05.2026;18:42:00;136;31;6711;11;U855Z1P;Jižní Město;50.07458;14.46273
20260520_185306_L168;20260520_185306;20.05.2026;18:38:00;168;3;2086;14;U1077Z2P;Nové Butovice;50.08269;14.34615
20260520_185306_L149;20260520_185306;20.05.2026;18:42:00;149;8;4015;11;U602Z3P;Dejvická;50.05087;14.35276
20260520_185306_L180;20260520_185306;20.05.2026;18:39:00;180;13;6941;13;U867Z1P;Dejvická;50.09396;14.3901
20260520_185707_L120;20260520_185707;20.05.2026;18:45:00;120;5;3681;12;U914Z1P;Na Knížecí;50.04675;14.40819
20260520_185707_L534;20260520_185707;20.05.2026;17:51:00;534;20;7616;63;U6018Z1;Kolín,nádraží;50.02416;15.21341
20260520_185707_L400;20260520_185707;20.05.2026;18:42:00;400;52;1085;14;U1792Z1;Praha,Střížkov;50.33947;14.49262
20260520_185707_L348;20260520_185707;20.05.2026;18:45:00;348;6;8289;12;U1807Z2;Praha,Ládví;50.18902;14.49341
20260520_185707_L365;20260520_185707;20.05.2026;18:45:00;365;12;8832;12;U31Z7;Stochov,nám.;50.07549;14.32412
20260520_185707_L303;20260520_185707;20.05.2026;18:39:00;303;8;8063;17;U3250Z1;Praha,Černý Most;50.04255;14.66752
20260520_185707_L174;20260520_185707;20.05.2026;18:47:00;174;7;4172;10;U1211Z1P;Třebonice;50.03914;14.32796
20260520_185707_L216;20260520_185707;20.05.2026;18:46:00;216;12;2053;11;U3041Z1P;Poliklinika Petřiny;50.09121;14.37857
20260520_185707_L182;20260520_185707;20.05.2026;18:46:00;182;7;3867;11;U474Z5P;Kbelský hřbitov;50.11031;14.50226
20260520_185707_L120;20260520_185707;20.05.2026;18:46:00;120;1;4043;11;U347Z1P;Pod Lochkovem;50.00268;14.3531
20260520_185707_L136;20260520_185707;20.05.2026;18:47:00;136;6;5021;10;U417Z1P;Jižní Město;50.04355;14.48727
20260520_185707_L136;20260520_185707;20.05.2026;18:46:00;136;5;5543;11;U344Z1P;Jižní Město;50.03175;14.50441
20260520_185707_L436;20260520_185707;20.05.2026;18:46:00;436;18;8563;10;U3177Z2;Nymburk,hl.nádr.;50.22137;15.0284
20260520_185707_L136;20260520_185707;20.05.2026;18:45:00;136;31;6711;11;U29Z1P;Jižní Město;50.07255;14.4705
20260520_185707_L136;20260520_185707;20.05.2026;18:46:00;136;8;5082;11;U512Z5P;Jižní Město;50.09019;14.46645
20260520_185707_L652;20260520_185707;20.05.2026;18:39:00;652;12;1595;16;U1978Z2;Kostelec n.Č.l.,Nám.;49.9934;14.86376
20260520_185707_L311;20260520_185707;20.05.2026;18:44:00;311;89;9596;10;U1638Z4;Praha,Zličín;49.97273;14.19385
20260520_185707_L640;20260520_185707;20.05.2026;18:42:00;640;28;9424;13;U9810Z1;Hostomice,nám.;49.82574;14.04493
20260520_185707_L400;20260520_185707;20.05.2026;18:42:00;400;54;1086;12;U31387Z2;Varnsdorf,aut.nádr.;50.91078;14.6197
20260520_185707_L149;20260520_185707;20.05.2026;18:45:00;149;8;4015;11;U1296Z1P;Dejvická;50.05143;14.36287
20260520_185707_L756;20260520_185707;20.05.2026;17:46:00;756;92;7832;66;U4537Z2;Křečovice;49.72578;14.47365
20260520_190107_L216;20260520_190107;20.05.2026;18:50:00;216;12;2053;11;U3044Z1P;Poliklinika Petřiny;50.09039;14.3641
20260520_190107_L149;20260520_190107;20.05.2026;18:49:00;149;8;4015;12;U846Z2P;Dejvická;50.05614;14.36539
20260520_190107_L120;20260520_190107;20.05.2026;18:48:00;120;5;3681;12;U817Z2P;Na Knížecí;50.05956;14.40592
20260520_190107_L400;20260520_190107;20.05.2026;18:48:00;400;25;11695;11;U31046Z4;Nový Bor,aut.nádr.;50.55832;14.54186
20260520_190107_L168;20260520_190107;20.05.2026;18:47:00;168;3;2086;14;U306Z2P;Nové Butovice;50.07455;14.33986
20260520_190107_L348;20260520_190107;20.05.2026;18:49:00;348;6;8289;11;U1976Z2;Praha,Ládví;50.16638;14.4839
20260520_190107_L365;20260520_190107;20.05.2026;18:49:00;365;12;8832;12;U1027Z1;Stochov,nám.;50.07694;14.29926
20260520_190107_L136;20260520_190107;20.05.2026;18:50:00;136;31;6711;11;U183Z3P;Jižní Město;50.05609;14.4716
20260520_190107_L401;20260520_190107;20.05.2026;18:47:00;401;62;7775;12;U31443Z1;Jindřichův Hradec,aut.nádr.;49.26808;14.71407
20260520_190107_L526;20260520_190107;20.05.2026;18:47:00;526;7;9539;12;U9105Z2;Hředle;49.9068;13.96727
20260520_190107_L640;20260520_190107;20.05.2026;18:42:00;640;28;9424;17;U9810Z1;Hostomice,nám.;49.82574;14.04494
20260520_190107_L136;20260520_190107;20.05.2026;18:51:00;136;6;5021;10;U424Z1P;Jižní Město;50.03303;14.5002
20260520_190107_L136;20260520_190107;20.05.2026;18:51:00;136;8;5082;10;U516Z3P;Jižní Město;50.08271;14.4589
20260520_190107_L436;20260520_190107;20.05.2026;18:46:00;436;18;8563;14;U3177Z2;Nymburk,hl.nádr.;50.22136;15.0284
20260520_190107_L136;20260520_190107;20.05.2026;18:50:00;136;5;5543;11;U916Z1P;Jižní Město;50.02528;14.51594
20260520_190107_L182;20260520_190107;20.05.2026;18:48:00;182;7;3867;11;U442Z1P;Kbelský hřbitov;50.1181;14.49975
20260520_190107_L652;20260520_190107;20.05.2026;18:39:00;652;12;1595;21;U1978Z2;Kostelec n.Č.l.,Nám.;49.9934;14.86376
20260520_190107_L756;20260520_190107;20.05.2026;17:46:00;756;92;7832;70;U4537Z2;Křečovice;49.72578;14.47365
20260520_190107_L534;20260520_190107;20.05.2026;17:51:00;534;20;7616;67;U6018Z1;Kolín,nádraží;50.02416;15.21341
20260520_190508_L149;20260520_190508;20.05.2026;18:53:00;149;8;4015;11;U788Z2P;Dejvická;50.06495;14.37881
20260520_190508_L436;20260520_190508;20.05.2026;18:46:00;436;18;8563;18;U3177Z2;Nymburk,hl.nádr.;50.2185;15.02704
20260520_190508_L136;20260520_190508;20.05.2026;18:55:00;136;31;6711;10;U417Z1P;Jižní Město;50.04356;14.48727
20260520_190508_L640;20260520_190508;20.05.2026;18:42:00;640;28;9424;21;U9810Z1;Hostomice,nám.;49.82574;14.04492
20260520_190508_L136;20260520_190508;20.05.2026;18:53:00;136;8;5082;10;U118Z4P;Jižní Město;50.0768;14.45877
20260520_190508_L182;20260520_190508;20.05.2026;18:52:00;182;7;3867;12;U606Z1P;Kbelský hřbitov;50.12265;14.50718
20260520_190508_L303;20260520_190508;20.05.2026;18:50:00;303;8;8063;15;U274Z2;Praha,Černý Most;50.06025;14.64147
20260520_190508_L306;20260520_190508;20.05.2026;18:53:00;306;3;8812;10;U1145Z2;Hostivice,Ve Vilkách;50.08368;14.23299
20260520_190508_L348;20260520_190508;20.05.2026;18:53:00;348;6;8289;12;U287Z6;Praha,Ládví;50.14828;14.48642
20260520_190508_L166;20260520_190508;20.05.2026;18:55:00;166;2;7985;10;U1395Z2P;Sídliště Čakovice;50.13576;14.50791
20260520_190508_L136;20260520_190508;20.05.2026;18:54:00;136;5;5543;11;U151Z1P;Jižní Město;50.03149;14.53365
20260520_190508_L401;20260520_190508;20.05.2026;18:50:00;401;62;7775;13;U31444Z1;Jindřichův Hradec,aut.nádr.;49.24801;14.72124
20260520_190508_L526;20260520_190508;20.05.2026;18:47:00;526;7;9539;16;U9105Z2;Hředle;49.90801;13.97199
20260520_190508_L534;20260520_190508;20.05.2026;17:51:00;534;20;7616;72;U6018Z1;Kolín,nádraží;50.02416;15.21341
20260520_190508_L536;20260520_190508;20.05.2026;18:50:00;536;27;7592;12;U6943Z1;Žiželice,nám.;50.13192;15.39352
20260520_190508_L499;20260520_190508;20.05.2026;18:52:00;499;21;8590;12;U3256Z1;Nymburk,hl.nádr.;50.411;14.91948
20260520_190508_L652;20260520_190508;20.05.2026;18:39:00;652;12;1595;24;U1978Z2;Kostelec n.Č.l.,Nám.;49.9934;14.86376
20260520_190508_L136;20260520_190508;20.05.2026;18:51:00;136;9;6909;11;U1074Z4P;Jižní Město;50.09117;14.46834
20260520_190508_L174;20260520_190508;20.05.2026;18:54:00;174;7;4172;10;U505Z1P;Třebonice;50.03727;14.29821
20260520_190908_L136;20260520_190908;20.05.2026;18:59:00;136;8;5082;10;U29Z1P;Jižní Město;50.07327;14.4702
20260520_190908_L136;20260520_190908;20.05.2026;18:57:00;136;9;6909;12;U743Z2P;Jižní Město;50.08657;14.45541
20260520_190908_L136;20260520_190908;20.05.2026;18:59:00;136;31;6711;10;U424Z1P;Jižní Město;50.03306;14.50024
20260520_190908_L149;20260520_190908;20.05.2026;18:57:00;149;8;4015;11;U254Z4P;Dejvická;50.07196;14.37998
20260520_190908_L168;20260520_190908;20.05.2026;18:54:00;168;3;2086;14;U3298Z2P;Nové Butovice;50.05951;14.32837
20260520_190908_L182;20260520_190908;20.05.2026;18:56:00;182;7;3867;12;U1000Z2P;Kbelský hřbitov;50.12064;14.52268
20260520_190908_L303;20260520_190908;20.05.2026;18:57:00;303;8;8063;12;U170Z1;Praha,Černý Most;50.07738;14.66012
20260520_190908_L306;20260520_190908;20.05.2026;18:53:00;306;3;8812;14;U1145Z2;Hostivice,Ve Vilkách;50.08368;14.23299
20260520_190908_L348;20260520_190908;20.05.2026;18:56:00;348;6;8289;12;U651Z6;Praha,Ládví;50.13014;14.48017
20260520_190908_L400;20260520_190908;20.05.2026;18:57:00;400;25;11695;10;U31351Z1;Nový Bor,aut.nádr.;50.61757;14.54993
20260520_190908_L536;20260520_190908;20.05.2026;18:50:00;536;27;7592;16;U6943Z1;Žiželice,nám.;50.13192;15.39352
20260520_190908_L652;20260520_190908;20.05.2026;18:39:00;652;12;1595;28;U1978Z2;Kostelec n.Č.l.,Nám.;49.9934;14.86376
20260520_191308_L182;20260520_191308;20.05.2026;19:00:00;182;7;3867;13;U526Z1P;Kbelský hřbitov;50.12966;14.54506
20260520_191308_L303;20260520_191308;20.05.2026;19:00:00;303;8;8063;12;U454Z3;Praha,Černý Most;50.08927;14.66632
20260520_191308_L136;20260520_191308;20.05.2026;19:01:00;136;9;6909;12;U118Z4P;Jižní Město;50.07812;14.46081
20260520_191308_L166;20260520_191308;20.05.2026;19:03:00;166;2;7985;10;U2718Z2P;Sídliště Čakovice;50.14075;14.52208
20260520_191308_L149;20260520_191308;20.05.2026;19:01:00;149;8;4015;11;U992Z1P;Dejvická;50.07735;14.36812
20260520_191308_L136;20260520_191308;20.05.2026;19:02:00;136;8;5082;10;U37Z1P;Jižní Město;50.06042;14.46957
20260520_191308_L306;20260520_191308;20.05.2026;18:53:00;306;3;8812;18;U1145Z2;Hostivice,Ve Vilkách;50.08368;14.23299
20260520_191308_L197;20260520_191308;20.05.2026;19:03:00;197;3;5528;10;U337Z13P;Smíchovské nádraží;50.05029;14.40982
20260520_191308_L652;20260520_191308;20.05.2026;18:39:00;652;12;1595;32;U1978Z2;Kostelec n.Č.l.,Nám.;49.99339;14.86372
20260520_191709_L136;20260520_191709;20.05.2026;19:04:00;136;9;6909;13;U855Z1P;Jižní Město;50.07444;14.46387
20260520_191709_L136;20260520_191709;20.05.2026;19:07:00;136;31;6711;10;U286Z5P;Jižní Město;50.03071;14.52985
20260520_191709_L149;20260520_191709;20.05.2026;19:05:00;149;8;4015;11;U981Z1P;Dejvická;50.08415;14.38727
20260520_191709_L166;20260520_191709;20.05.2026;19:05:00;166;2;7985;12;U21Z1P;Sídliště Čakovice;50.14274;14.50671
20260520_191709_L168;20260520_191709;20.05.2026;19:02:00;168;3;2086;14;U1154Z4P;Nové Butovice;50.05082;14.34223
20260520_191709_L182;20260520_191709;20.05.2026;19:04:00;182;7;3867;13;U1103Z1P;Kbelský hřbitov;50.13799;14.54693
20260520_191709_L303;20260520_191709;20.05.2026;19:04:00;303;8;8063;12;U1602Z2;Praha,Černý Most;50.10361;14.67769
20260520_191709_L306;20260520_191709;20.05.2026;18:53:00;306;3;8812;22;U1145Z2;Hostivice,Ve Vilkách;50.08368;14.23299
20260520_191709_L529;20260520_191709;20.05.2026;19:02:00;529;9;9458;13;U9786Z1;Hořovice,nám.B.Němcové;49.83229;13.90546
20260520_191709_L650;20260520_191709;20.05.2026;19:03:00;650;25;12555;12;U31415Z5;Litoměřice,Pokratice,kaplička;50.53446;14.14245
20260520_192109_L136;20260520_192109;20.05.2026;19:09:00;136;26;6946;10;U1074Z4P;Jižní Město;50.09139;14.4685
20260520_192109_L149;20260520_192109;20.05.2026;19:09:00;149;8;4015;12;U182Z2P;Dejvická;50.08785;14.38192
20260520_192109_L136;20260520_192109;20.05.2026;19:08:00;136;31;6711;10;U151Z1P;Jižní Město;50.0321;14.53453
20260520_192109_L529;20260520_192109;20.05.2026;19:02:00;529;9;9458;17;U9786Z1;Hořovice,nám.B.Němcové;49.83228;13.90546
20260520_192109_L306;20260520_192109;20.05.2026;18:53:00;306;3;8812;26;U1145Z2;Hostivice,Ve Vilkách;50.08368;14.23299
20260520_192109_L365;20260520_192109;20.05.2026;19:09:00;365;12;8832;11;U1686Z4;Stochov,nám.;50.08599;14.12794
20260520_192109_L166;20260520_192109;20.05.2026;19:08:00;166;2;7985;13;U451Z1P;Sídliště Čakovice;50.15083;14.51444
20260520_192109_L136;20260520_192109;20.05.2026;19:08:00;136;9;6909;13;U680Z3P;Jižní Město;50.06833;14.46926
20260520_192109_L303;20260520_192109;20.05.2026;19:07:00;303;8;8063;12;U1500Z2;Praha,Černý Most;50.11962;14.67465
20260520_192509_L136;20260520_192509;20.05.2026;19:15:00;136;18;6974;10;U474Z5P;Sídliště Čakovice;50.11145;14.50259
20260520_192509_L136;20260520_192509;20.05.2026;19:15:00;136;26;6946;10;U743Z2P;Jižní Město;50.08657;14.4553
20260520_192509_L136;20260520_192509;20.05.2026;19:12:00;136;9;6909;13;U183Z3P;Jižní Město;50.05609;14.47159
20260520_192509_L149;20260520_192509;20.05.2026;19:11:00;149;8;4015;12;U867Z1P;Dejvická;50.09481;14.396
20260520_192509_L166;20260520_192509;20.05.2026;19:12:00;166;2;7985;13;U934Z1P;Sídliště Čakovice;50.15092;14.52673
20260520_192509_L303;20260520_192509;20.05.2026;19:11:00;303;8;8063;11;U1743Z2;Praha,Černý Most;50.11816;14.63364
20260520_192509_L346;20260520_192509;20.05.2026;19:09:00;346;2;8284;15;U1950Z1;Brandýs n.L.-St.Bol.,Nem.;50.17716;14.65271
20260520_192509_L365;20260520_192509;20.05.2026;19:12:00;365;12;8832;12;U4893Z2;Stochov,nám.;50.09201;14.10526
20260520_192509_L529;20260520_192509;20.05.2026;19:02:00;529;9;9458;21;U9786Z1;Hořovice,nám.B.Němcové;49.83231;13.90551
20260520_192509_L531;20260520_192509;20.05.2026;19:13:00;531;1;9536;10;U9805Z2;Příbram,aut.nádr. (ul. Čs.armády);49.82663;13.94041
20260520_192509_L546;20260520_192509;20.05.2026;19:11:00;546;8;9586;12;U31052Z1;Cheznovice,ObÚ;49.75206;13.77193
20260520_192910_L401;20260520_192910;20.05.2026;19:18:00;401;62;7775;11;U31454Z1;Jindřichův Hradec,aut.nádr.;49.18473;14.85101
20260520_192910_L365;20260520_192910;20.05.2026;19:14:00;365;12;8832;14;U4891Z2;Stochov,nám.;50.10096;14.09219
20260520_192910_L136;20260520_192910;20.05.2026;19:19:00;136;26;6946;10;U118Z4P;Jižní Město;50.07811;14.46082
20260520_192910_L136;20260520_192910;20.05.2026;19:17:00;136;9;6909;12;U417Z1P;Jižní Město;50.04353;14.48719
20260520_192910_L174;20260520_192910;20.05.2026;19:18:00;174;7;4172;10;U709Z2P;Vypich;50.05358;14.33591
20260520_192910_L166;20260520_192910;20.05.2026;19:16:00;166;2;7985;13;U769Z4P;Sídliště Čakovice;50.16319;14.52396
20260520_192910_L546;20260520_192910;20.05.2026;19:11:00;546;8;9586;16;U31052Z1;Cheznovice,ObÚ;49.75206;13.77193
20260520_192910_L531;20260520_192910;20.05.2026;19:17:00;531;1;9536;11;U9802Z2;Příbram,aut.nádr. (ul. Čs.armády);49.81152;13.94874
20260520_192910_L303;20260520_192910;20.05.2026;19:18:00;303;8;8063;11;U452Z2;Praha,Černý Most;50.11509;14.61098
20260520_193310_L136;20260520_193310;20.05.2026;19:21:00;136;26;6946;12;U518Z3P;Jižní Město;50.07591;14.45914
20260520_193310_L136;20260520_193310;20.05.2026;19:21:00;136;9;6909;12;U424Z1P;Jižní Město;50.03307;14.5001
20260520_193310_L303;20260520_193310;20.05.2026;19:22:00;303;8;8063;11;U897Z11;Praha,Černý Most;50.10947;14.57686
20260520_193310_L365;20260520_193310;20.05.2026;19:18:00;365;12;8832;15;U9927Z2;Stochov,nám.;50.11048;14.07676
20260520_193310_L531;20260520_193310;20.05.2026;19:20:00;531;1;9536;10;U3284Z2;Příbram,aut.nádr. (ul. Čs.armády);49.79791;13.977
20260520_193310_L546;20260520_193310;20.05.2026;19:11:00;546;8;9586;20;U31052Z1;Cheznovice,ObÚ;49.75207;13.77194
20260520_193310_L550;20260520_193310;20.05.2026;19:18:00;550;77;7816;10;U6757Z1;Vlašim,žel.st.;49.70314;14.89344
20260520_193711_L170;20260520_193711;20.05.2026;19:23:00;170;6;3720;12;U49Z1P;Pražská čtvrť;50.03368;14.383
20260520_193711_L136;20260520_193711;20.05.2026;19:23:00;136;9;6909;12;U106Z2P;Jižní Město;50.0241;14.50881
20260520_193711_L401;20260520_193711;20.05.2026;19:26:00;401;62;7775;10;U31455Z1;Jindřichův Hradec,aut.nádr.;49.15831;14.96457
20260520_193711_L531;20260520_193711;20.05.2026;19:27:00;531;1;9536;10;U3285Z2;Příbram,aut.nádr. (ul. Čs.armády);49.78194;13.98498
20260520_193711_L546;20260520_193711;20.05.2026;19:11:00;546;8;9586;24;U31052Z1;Cheznovice,ObÚ;49.75207;13.77195
20260520_193711_L136;20260520_193711;20.05.2026;19:25:00;136;26;6946;12;U29Z1P;Jižní Město;50.07327;14.47017
20260520_194112_L136;20260520_194112;20.05.2026;19:29:00;136;9;6909;12;U286Z5P;Jižní Město;50.03057;14.52872
20260520_194112_L546;20260520_194112;20.05.2026;19:11:00;546;8;9586;28;U31052Z1;Cheznovice,ObÚ;49.75207;13.77195
20260520_194112_L531;20260520_194112;20.05.2026;19:31:00;531;1;9536;10;U9794Z2;Příbram,aut.nádr. (ul. Čs.armády);49.77587;14.00727
20260520_194112_L136;20260520_194112;20.05.2026;19:28:00;136;26;6946;13;U37Z1P;Jižní Město;50.06115;14.46946
20260520_194512_L136;20260520_194512;20.05.2026;19:31:00;136;26;6946;13;U751Z2P;Jižní Město;50.05257;14.4751
20260520_194512_L136;20260520_194512;20.05.2026;19:30:00;136;9;6909;12;U151Z1P;Jižní Město;50.03209;14.53454
20260520_194512_L400;20260520_194512;20.05.2026;19:34:00;400;58;1081;10;U6072Z1;Rumburk,žel.st.;50.47345;14.4744
20260520_194512_L546;20260520_194512;20.05.2026;19:11:00;546;8;9586;32;U31052Z1;Cheznovice,ObÚ;49.75207;13.77195
20260520_194512_L676;20260520_194512;20.05.2026;19:35:00;676;33;8596;10;U3048Z1;Seletice;50.29096;15.0505
20260520_194512_L733;20260520_194512;20.05.2026;19:34:00;733;6;10198;10;U9443Z11;Turnov,Na Lukách;50.58724;15.14067
20260520_194912_L589;20260520_194912;20.05.2026;19:34:00;589;32;7757;15;U4850Z2;Žerotín;50.29515;13.9161
20260520_194912_L625;20260520_194912;20.05.2026;19:36:00;625;27;8768;12;U6149Z2;Lišany,u rybníka;50.14729;13.74331
20260520_194912_L733;20260520_194912;20.05.2026;19:34:00;733;6;10198;14;U9443Z11;Turnov,Na Lukách;50.58725;15.14067
20260520_194912_L400;20260520_194912;20.05.2026;19:35:00;400;58;1081;14;U6073Z1;Rumburk,žel.st.;50.47478;14.4767
20260520_194912_L546;20260520_194912;20.05.2026;19:11:00;546;8;9586;34;U31052Z1;Cheznovice,ObÚ;49.75207;13.77195
20260520_194912_L136;20260520_194912;20.05.2026;19:35:00;136;26;6946;13;U417Z1P;Jižní Město;50.04291;14.48774
20260520_195313_L733;20260520_195313;20.05.2026;19:34:00;733;6;10198;18;U9443Z11;Turnov,Na Lukách;50.58726;15.14069
20260520_195313_L625;20260520_195313;20.05.2026;19:36:00;625;27;8768;16;U6149Z2;Lišany,u rybníka;50.14729;13.74331
20260520_195313_L400;20260520_195313;20.05.2026;19:35:00;400;58;1081;16;U6073Z1;Rumburk,žel.st.;50.48339;14.48537
20260520_195313_L589;20260520_195313;20.05.2026;19:34:00;589;32;7757;19;U4850Z2;Žerotín;50.29518;13.91612
20260520_195313_L136;20260520_195313;20.05.2026;19:40:00;136;26;6946;13;U344Z1P;Jižní Město;50.03145;14.50559
20260520_195713_L136;20260520_195713;20.05.2026;19:45:00;136;26;6946;12;U353Z1P;Jižní Město;50.02605;14.52109
20260520_195713_L400;20260520_195713;20.05.2026;19:41:00;400;58;1081;16;U31056Z1;Rumburk,žel.st.;50.50793;14.49025
20260520_195713_L589;20260520_195713;20.05.2026;19:34:00;589;32;7757;21;U4850Z2;Žerotín;50.29519;13.91612
20260520_195713_L686;20260520_195713;20.05.2026;19:43:00;686;34;8034;12;U2315Z1;Úvaly,žel.st.;50.07417;14.72304
20260520_195713_L733;20260520_195713;20.05.2026;19:34:00;733;6;10198;22;U9443Z11;Turnov,Na Lukách;50.58727;15.14072
20260520_200113_L686;20260520_200113;20.05.2026;19:43:00;686;34;8034;16;U2315Z1;Úvaly,žel.st.;50.07417;14.72304
20260520_200113_L136;20260520_200113;20.05.2026;19:48:00;136;26;6946;13;U151Z1P;Jižní Město;50.03154;14.53374
20260520_200113_L733;20260520_200113;20.05.2026;19:34:00;733;6;10198;26;U9443Z11;Turnov,Na Lukách;50.58727;15.14073
20260520_200113_L714;20260520_200113;20.05.2026;19:50:00;714;11;1816;10;U6301Z1;Dobšín;50.49004;15.11168
20260520_200113_L400;20260520_200113;20.05.2026;19:46:00;400;58;1081;14;U31047Z1;Rumburk,žel.st.;50.52599;14.52189
20260520_200514_L686;20260520_200514;20.05.2026;19:43:00;686;34;8034;20;U2315Z1;Úvaly,žel.st.;50.07417;14.72304
20260520_200514_L641;20260520_200514;20.05.2026;19:53:00;641;7;9539;12;U9856Z2;Hořovice,nám.B.Němcové;49.86581;13.93232
20260520_200514_L400;20260520_200514;20.05.2026;19:53:00;400;58;1081;12;U31046Z4;Rumburk,žel.st.;50.5406;14.54208
20260520_200514_L733;20260520_200514;20.05.2026;19:34:00;733;6;10198;30;U9443Z11;Turnov,Na Lukách;50.58728;15.14074
20260520_200514_L714;20260520_200514;20.05.2026;19:50:00;714;11;1816;15;U6301Z1;Dobšín;50.49006;15.11168
20260520_200514_L681;20260520_200514;20.05.2026;19:50:00;681;61;1613;12;U5896Z2;Kolín,nádraží;50.02423;15.21344
20260520_200514_L404;20260520_200514;20.05.2026;19:54:00;404;4;8345;10;U2926Z12;Rakovník,Plzeňská;50.09761;13.72634
20260520_200514_L531;20260520_200514;20.05.2026;19:53:00;531;13;9546;10;U9616Z1;Hořovice,žel.st.;49.83825;13.89699
20260520_200914_L400;20260520_200914;20.05.2026;19:53:00;400;58;1081;13;U31046Z4;Rumburk,žel.st.;50.55931;14.54166
20260520_200914_L404;20260520_200914;20.05.2026;19:54:00;404;4;8345;14;U2926Z12;Rakovník,Plzeňská;50.10103;13.73095
20260520_200914_L531;20260520_200914;20.05.2026;19:53:00;531;13;9546;14;U9616Z1;Hořovice,žel.st.;49.83825;13.89699
20260520_200914_L624;20260520_200914;20.05.2026;19:59:00;624;27;8996;10;U5961Z1;Dřetovice;50.16704;14.20003
20260520_200914_L641;20260520_200914;20.05.2026;19:56:00;641;7;9539;12;U9857Z2;Hořovice,nám.B.Němcové;49.85758;13.92237
20260520_200914_L686;20260520_200914;20.05.2026;19:43:00;686;34;8034;24;U2315Z1;Úvaly,žel.st.;50.07417;14.72304
20260520_200914_L714;20260520_200914;20.05.2026;19:50:00;714;11;1816;19;U6301Z1;Dobšín;50.49005;15.11168
20260520_200914_L733;20260520_200914;20.05.2026;19:34:00;733;6;10198;34;U9443Z11;Turnov,Na Lukách;50.58729;15.14074
20260520_201314_L686;20260520_201314;20.05.2026;19:43:00;686;34;8034;28;U2315Z1;Úvaly,žel.st.;50.07417;14.72304
20260520_201314_L775;20260520_201314;20.05.2026;20:01:00;775;38;9605;10;U3058Z1;Luštěnice,Sluneční;50.31329;14.91753
20260520_201314_L531;20260520_201314;20.05.2026;19:53:00;531;13;9546;18;U9616Z1;Hořovice,žel.st.;49.8419;13.8967
20260520_201314_L641;20260520_201314;20.05.2026;20:00:00;641;7;9539;13;U9779Z3;Hořovice,nám.B.Němcové;49.84336;13.90402
20260520_201314_L733;20260520_201314;20.05.2026;19:34:00;733;6;10198;38;U9443Z11;Turnov,Na Lukách;50.58729;15.14074
20260520_201314_L400;20260520_201314;20.05.2026;20:01:00;400;58;1081;11;U31350Z1;Rumburk,žel.st.;50.60655;14.5728
20260520_201314_L714;20260520_201314;20.05.2026;19:50:00;714;11;1816;22;U6301Z1;Dobšín;50.49005;15.11168
20260520_201715_L714;20260520_201715;20.05.2026;19:50:00;714;11;1816;27;U6301Z1;Dobšín;50.48986;15.11164
20260520_201715_L720;20260520_201715;20.05.2026;20:06:00;720;2;10253;11;U31207Z1;Rokytnice n.Jiz.,Horní Rokytnice;50.72924;15.45157
20260520_201715_L531;20260520_201715;20.05.2026;19:53:00;531;13;9546;22;U9616Z1;Hořovice,žel.st.;49.8419;13.8967
20260520_201715_L733;20260520_201715;20.05.2026;19:34:00;733;6;10198;42;U9443Z11;Turnov,Na Lukách;50.5873;15.14073
20260520_201715_L775;20260520_201715;20.05.2026;20:01:00;775;38;9605;14;U3058Z1;Luštěnice,Sluneční;50.31329;14.91753
20260520_201715_L400;20260520_201715;20.05.2026;20:02:00;400;58;1081;12;U31351Z1;Rumburk,žel.st.;50.61984;14.54047
20260520_201715_L641;20260520_201715;20.05.2026;20:03:00;641;7;9539;14;U9617Z2;Hořovice,nám.B.Němcové;49.83615;13.90319
20260520_201715_L499;20260520_201715;20.05.2026;20:07:00;499;21;8590;10;U3078Z1;Mladá Boleslav,aut.st.;50.19042;15.04006
20260520_202115_L135;20260520_202115;20.05.2026;20:07:00;135;7;6757;13;U1067Z2P;Florenc;50.07174;14.45548
20260520_202115_L365;20260520_202115;20.05.2026;20:11:00;365;10;8860;10;U2114Z2;Praha,Motol;50.08059;14.26197
20260520_202115_L400;20260520_202115;20.05.2026;20:06:00;400;58;1081;12;U31352Z1;Rumburk,žel.st.;50.65519;14.53449
20260520_202115_L499;20260520_202115;20.05.2026;20:10:00;499;21;8590;11;U3087Z1;Mladá Boleslav,aut.st.;50.19899;15.03807
20260520_202115_L733;20260520_202115;20.05.2026;19:34:00;733;6;10198;46;U9443Z11;Turnov,Na Lukách;50.5873;15.14074
20260520_202515_L135;20260520_202515;20.05.2026;20:12:00;135;7;6757;13;U476Z5P;Florenc;50.07439;14.43878
20260520_202515_L499;20260520_202515;20.05.2026;20:14:00;499;21;8590;11;U3177Z1;Mladá Boleslav,aut.st.;50.22108;15.02858
20260520_202515_L733;20260520_202515;20.05.2026;19:34:00;733;6;10198;50;U9443Z11;Turnov,Na Lukách;50.58731;15.14074
20260520_202915_L499;20260520_202915;20.05.2026;20:17:00;499;21;8590;10;U3030Z1;Mladá Boleslav,aut.st.;50.24993;15.02251
20260520_202915_L400;20260520_202915;20.05.2026;20:15:00;400;58;1081;10;U31354Z5;Rumburk,žel.st.;50.67992;14.53675
20260520_202915_L135;20260520_202915;20.05.2026;20:15:00;135;7;6757;14;U427Z2P;Florenc;50.08027;14.43808
20260520_202915_L733;20260520_202915;20.05.2026;19:34:00;733;6;10198;54;U9443Z11;Turnov,Na Lukách;50.58731;15.14073
20260520_203316_L400;20260520_203316;20.05.2026;20:23:00;400;58;1081;10;U31355Z1;Rumburk,žel.st.;50.69442;14.54147
20260520_203316_L550;20260520_203316;20.05.2026;20:18:00;550;78;7839;13;U6757Z1;Vlašim,žel.st.;49.70082;14.89717
20260520_203316_L135;20260520_203316;20.05.2026;20:16:00;135;7;6757;15;U821Z2P;Florenc;50.08629;14.43829
20260520_203316_L733;20260520_203316;20.05.2026;19:34:00;733;6;10198;58;U9443Z11;Turnov,Na Lukách;50.5873;15.14072
