ID Záznamu;Timestamp;Den;Čas příjezdu;Linka;Oběh;Vozidlo;Zpoždění (min);Zastávka;Směr;Zeměpisná šířka (Lat);Zeměpisná délka (Lon)
20260710_091746_L429;20260710_091746;10.07.2026;09:00:00;429;19;8877;15;U5971Z2;Praha,Nádraží Veleslavín;50.11046;14.27927
20260710_091746_L400;20260710_091746;10.07.2026;09:01:00;400;56;1087;15;U31352Z1;Nový Bor,aut.nádr.;50.64294;14.53629
20260710_091746_L673;20260710_091746;10.07.2026;09:05:00;673;31;8574;10;U2973Z7;Křinec,škola;50.18952;15.04166
20260710_091746_L444;20260710_091746;10.07.2026;09:06:00;444;5;9181;10;U1570Z1;Davle,obec;49.90172;14.5153
20260710_091746_L324;20260710_091746;10.07.2026;09:02:00;324;27;8996;15;U776Z2;Praha,Zličín;50.10971;14.28009
20260710_091746_L342;20260710_091746;10.07.2026;09:06:00;342;3;7686;11;U4413Z2;Slaný,žel.st.;50.17019;14.11188
20260710_091746_L399;20260710_091746;10.07.2026;09:06:00;399;13;1261;11;U4310Z1;Kladno,Energie;50.13863;14.10121
20260710_091746_L589;20260710_091746;10.07.2026;07:37:00;589;34;7688;95;U9232Z1;Kvílice,I;50.2706;13.99034
20260710_091746_L347;20260710_091746;10.07.2026;09:05:00;347;21;8885;12;U1178Z4;Praha,Motol;50.0658;14.22418
20260710_091746_L391;20260710_091746;10.07.2026;09:06:00;391;33;9187;12;U1912Z2;Praha,Nádraží Klánovice;50.05644;14.6807
20260710_091746_L805;20260710_091746;10.07.2026;09:02:00;805;15;7608;11;U6668Z1;Zbraslavice,nám.;49.99291;15.25571
20260710_091746_L679;20260710_091746;10.07.2026;08:55:00;679;54;1645;20;U5896Z2;Kolín,nádraží;50.02427;15.21349
20260710_091746_L231;20260710_091746;10.07.2026;09:04:00;231;10;4173;12;U965Z1P;Na Knížecí;50.06334;14.40519
20260710_091746_L754;20260710_091746;10.07.2026;08:52:00;754;19;7203;13;U4536Z1;Příbram,aut.nádr.;49.69809;14.43827
20260710_091746_L149;20260710_091746;10.07.2026;09:07:00;149;4;4172;10;U238Z1P;Stodůlky-Bavorská;50.0525;14.3597
20260710_091746_L342;20260710_091746;10.07.2026;09:07:00;342;4;7692;10;U776Z2;Praha,Nádraží Veleslavín;50.10996;14.2826
20260710_091746_L300;20260710_091746;10.07.2026;08:51:00;300;29;8994;23;U80Z3;Kladno,u kostela;50.12614;14.26676
20260710_091746_L770;20260710_091746;10.07.2026;09:05:00;770;41;7810;12;U4073Z2;Benešov,Terminál;49.78656;14.68796
20260710_091746_L794;20260710_091746;10.07.2026;08:33:00;794;40;7828;44;U9395Z1;Trhový Štěpánov,nám.;49.70778;15.01003
20260710_092146_L770;20260710_092146;10.07.2026;09:07:00;770;41;7810;14;U4483Z3;Benešov,Terminál;49.78541;14.68237
20260710_092146_L679;20260710_092146;10.07.2026;08:55:00;679;54;1645;24;U5896Z2;Kolín,nádraží;50.02427;15.21349
20260710_092146_L342;20260710_092146;10.07.2026;09:10:00;342;3;7686;11;U4806Z1;Slaný,žel.st.;50.18882;14.11036
20260710_092146_L342;20260710_092146;10.07.2026;09:11:00;342;4;7692;10;U218Z2;Praha,Nádraží Veleslavín;50.09359;14.29677
20260710_092146_L347;20260710_092146;10.07.2026;09:09:00;347;21;8885;12;U1217Z2;Praha,Motol;50.07694;14.24033
20260710_092146_L300;20260710_092146;10.07.2026;09:06:00;300;22;8998;12;U80Z3;Smečno;50.12334;14.27145
20260710_092146_L805;20260710_092146;10.07.2026;09:02:00;805;15;7608;15;U6668Z1;Zbraslavice,nám.;49.99291;15.25571
20260710_092146_L673;20260710_092146;10.07.2026;09:10:00;673;31;8574;11;U3164Z1;Křinec,škola;50.18933;15.05651
20260710_092146_L399;20260710_092146;10.07.2026;09:08:00;399;13;1261;12;U3094Z1;Kladno,Energie;50.14561;14.09522
20260710_092146_L324;20260710_092146;10.07.2026;09:06:00;324;27;8996;15;U218Z2;Praha,Zličín;50.09558;14.2934
20260710_092146_L377;20260710_092146;10.07.2026;09:08:00;377;21;8197;12;U1248Z1;Kostelec n.L.,Martinská;50.22755;14.58837
20260710_092146_L149;20260710_092146;10.07.2026;09:11:00;149;4;4172;11;U602Z4P;Stodůlky-Bavorská;50.05118;14.35167
20260710_092146_L429;20260710_092146;10.07.2026;09:07:00;429;19;8877;14;U776Z2;Praha,Nádraží Veleslavín;50.10841;14.27832
20260710_092146_L499;20260710_092146;10.07.2026;09:10:00;499;13;8698;10;U3087Z1;Mladá Boleslav,aut.st.;50.20491;15.03653
20260710_092146_L391;20260710_092146;10.07.2026;09:10:00;391;33;9187;11;U1907Z2;Praha,Nádraží Klánovice;50.06987;14.68911
20260710_092146_L794;20260710_092146;10.07.2026;08:33:00;794;40;7828;48;U9395Z1;Trhový Štěpánov,nám.;49.70777;15.01002
20260710_092146_L300;20260710_092146;10.07.2026;09:10:00;300;11;8972;10;U4304Z1;Praha,Nádraží Veleslavín;50.14694;14.18916
20260710_092547_L399;20260710_092547;10.07.2026;09:14:00;399;13;1261;10;U2889Z1;Kladno,Energie;50.14065;14.07674
20260710_092547_L391;20260710_092547;10.07.2026;09:14:00;391;33;9187;12;U621Z2;Praha,Nádraží Klánovice;50.07351;14.67604
20260710_092547_L429;20260710_092547;10.07.2026;09:10:00;429;19;8877;15;U698Z2;Praha,Nádraží Veleslavín;50.09718;14.29126
20260710_092547_L805;20260710_092547;10.07.2026;09:02:00;805;15;7608;19;U6668Z1;Zbraslavice,nám.;49.99291;15.25571
20260710_092547_L673;20260710_092547;10.07.2026;09:12:00;673;31;8574;10;U3084Z1;Křinec,škola;50.19436;15.08758
20260710_092547_L678;20260710_092547;10.07.2026;09:15:00;678;33;8557;10;U9591Z2;Pečky,žel.st.;50.11175;15.13216
20260710_092547_L679;20260710_092547;10.07.2026;08:55:00;679;54;1645;28;U5896Z2;Kolín,nádraží;50.02427;15.2135
20260710_092547_L347;20260710_092547;10.07.2026;09:13:00;347;21;8885;12;U1144Z4;Praha,Motol;50.0811;14.25658
20260710_092547_L300;20260710_092547;10.07.2026;09:14:00;300;22;8998;11;U4301Z1;Smečno;50.1472;14.2127
20260710_092547_L639;20260710_092547;10.07.2026;09:14:00;639;19;9406;10;U9850Z1;Hostomice,nám.;49.85406;13.9841
20260710_092547_L478;20260710_092547;10.07.2026;09:12:00;478;21;7223;10;U31734Z2;Příbram,aut.nádr.;49.44797;14.05855
20260710_092547_L400;20260710_092547;10.07.2026;09:10:00;400;56;1087;11;U31354Z5;Nový Bor,aut.nádr.;50.6775;14.53562
20260710_092547_L342;20260710_092547;10.07.2026;09:12:00;342;3;7686;12;U4771Z1;Slaný,žel.st.;50.20078;14.12001
20260710_092547_L342;20260710_092547;10.07.2026;09:15:00;342;4;7692;10;U85Z1;Praha,Nádraží Veleslavín;50.09259;14.32535
20260710_092547_L149;20260710_092547;10.07.2026;09:16:00;149;4;4172;10;U786Z1P;Stodůlky-Bavorská;50.05537;14.32992
20260710_092547_L499;20260710_092547;10.07.2026;09:14:00;499;13;8698;10;U3177Z1;Mladá Boleslav,aut.st.;50.23261;15.02365
20260710_092547_L794;20260710_092547;10.07.2026;08:33:00;794;40;7828;52;U9395Z1;Trhový Štěpánov,nám.;49.70778;15.01003
20260710_092547_L300;20260710_092547;10.07.2026;09:15:00;300;11;8972;10;U4301Z2;Praha,Nádraží Veleslavín;50.14544;14.22581
20260710_092947_L170;20260710_092947;10.07.2026;09:20:00;170;53;3846;10;U735Z2P;Jižní Město;50.03415;14.50984
20260710_092947_L805;20260710_092947;10.07.2026;09:02:00;805;15;7608;23;U6668Z1;Zbraslavice,nám.;49.99291;15.25571
20260710_092947_L391;20260710_092947;10.07.2026;09:17:00;391;33;9187;13;U170Z1;Praha,Nádraží Klánovice;50.07772;14.66025
20260710_092947_L396;20260710_092947;10.07.2026;09:15:00;396;14;7991;12;U1672Z2;Přezletice,Vinořská;50.15388;14.58404
20260710_092947_L794;20260710_092947;10.07.2026;08:33:00;794;40;7828;56;U9395Z1;Trhový Štěpánov,nám.;49.7078;15.01005
20260710_092947_L679;20260710_092947;10.07.2026;08:55:00;679;54;1645;31;U5896Z2;Kolín,nádraží;50.02427;15.21351
20260710_092947_L388;20260710_092947;10.07.2026;09:19:00;388;26;7687;10;U85Z1;Praha,Nádraží Veleslavín;50.09276;14.32903
20260710_092947_L300;20260710_092947;10.07.2026;09:19:00;300;22;8998;10;U4303Z52;Smečno;50.1532;14.1883
20260710_092947_L342;20260710_092947;10.07.2026;09:15:00;342;3;7686;12;U4772Z1;Slaný,žel.st.;50.21581;14.13206
20260710_092947_L347;20260710_092947;10.07.2026;09:15:00;347;21;8885;13;U2116Z4;Praha,Motol;50.08126;14.25963
20260710_092947_L639;20260710_092947;10.07.2026;09:17:00;639;19;9406;10;U2916Z2;Hostomice,nám.;49.85054;14.02805
20260710_092947_L678;20260710_092947;10.07.2026;09:18:00;678;33;8557;10;U9597Z2;Pečky,žel.st.;50.09199;15.13136
20260710_092947_L478;20260710_092947;10.07.2026;09:18:00;478;21;7223;10;U31569Z2;Příbram,aut.nádr.;49.47;14.06664
20260710_092947_L300;20260710_092947;10.07.2026;09:15:00;300;11;8972;11;U4301Z2;Praha,Nádraží Veleslavín;50.12743;14.26438
20260710_093347_L794;20260710_093347;10.07.2026;08:33:00;794;40;7828;60;U9395Z1;Trhový Štěpánov,nám.;49.70779;15.01003
20260710_093347_L478;20260710_093347;10.07.2026;09:21:00;478;21;7223;10;U31826Z2;Příbram,aut.nádr.;49.48079;14.03587
20260710_093347_L316;20260710_093347;10.07.2026;09:23:00;316;2;8981;10;U1691Z1;Holubice;50.1929;14.32074
20260710_093347_L639;20260710_093347;10.07.2026;09:20:00;639;19;9406;11;U9849Z1;Hostomice,nám.;49.84769;14.01288
20260710_093347_L170;20260710_093347;10.07.2026;09:23:00;170;53;3846;10;U386Z1P;Jižní Město;50.03033;14.52458
20260710_093347_L149;20260710_093347;10.07.2026;09:20:00;149;8;3804;13;U254Z5P;Stodůlky-Bavorská;50.07057;14.38018
20260710_093347_L520;20260710_093347;10.07.2026;09:23:00;520;2;9564;10;U7438Z2;Dobříš,nám.;49.72831;14.18129
20260710_093347_L678;20260710_093347;10.07.2026;09:22:00;678;33;8557;10;U9601Z3;Pečky,žel.st.;50.09259;15.10481
20260710_093347_L679;20260710_093347;10.07.2026;08:55:00;679;54;1645;35;U5896Z2;Kolín,nádraží;50.02427;15.21351
20260710_093347_L805;20260710_093347;10.07.2026;09:02:00;805;15;7608;27;U6668Z1;Zbraslavice,nám.;49.99291;15.25571
20260710_093347_L342;20260710_093347;10.07.2026;09:20:00;342;3;7686;12;U4774Z1;Slaný,žel.st.;50.22399;14.11761
20260710_093347_L347;20260710_093347;10.07.2026;09:21:00;347;21;8885;12;U1065Z2;Praha,Motol;50.07749;14.29339
20260710_093347_L300;20260710_093347;10.07.2026;09:21:00;300;22;8998;10;U4304Z1;Smečno;50.14678;14.15636
20260710_093347_L311;20260710_093347;10.07.2026;09:22:00;311;77;9583;11;U1626Z2;Praha,Zličín;49.92847;14.27013
20260710_093347_L396;20260710_093347;10.07.2026;09:15:00;396;14;7991;16;U1672Z2;Přezletice,Vinořská;50.15388;14.58404
20260710_093347_L300;20260710_093347;10.07.2026;09:15:00;300;11;8972;13;U4301Z2;Praha,Nádraží Veleslavín;50.12232;14.27294
20260710_093747_L170;20260710_093747;10.07.2026;09:26:00;170;53;3846;11;U151Z1P;Jižní Město;50.03205;14.53453
20260710_093747_L794;20260710_093747;10.07.2026;08:33:00;794;40;7828;64;U9395Z1;Trhový Štěpánov,nám.;49.70784;15.01003
20260710_093747_L112;20260710_093747;10.07.2026;09:24:00;112;22;5086;10;U765Z1P;Nádraží Holešovice;50.10851;14.43714
20260710_093747_L149;20260710_093747;10.07.2026;09:20:00;149;8;3804;17;U254Z5P;Stodůlky-Bavorská;50.07028;14.38029
20260710_093747_L300;20260710_093747;10.07.2026;09:27:00;300;22;8998;10;U4306Z1;Smečno;50.13583;14.12505
20260710_093747_L678;20260710_093747;10.07.2026;09:26:00;678;33;8557;10;U2870Z1;Pečky,žel.st.;50.08034;15.0731
20260710_093747_L679;20260710_093747;10.07.2026;08:55:00;679;54;1645;39;U5896Z2;Kolín,nádraží;50.02427;15.21351
20260710_093747_L668;20260710_093747;10.07.2026;09:25:00;668;7;1366;10;U6117Z1;Mšeno,žel.st.;50.40933;14.62361
20260710_093747_L773;20260710_093747;10.07.2026;09:27:00;773;3;7546;10;U7603Z2;Sázava,aut.st.;49.84368;14.87425
20260710_093747_L520;20260710_093747;10.07.2026;09:25:00;520;2;9564;10;U7440Z3;Dobříš,nám.;49.74556;14.17044
20260710_093747_L754;20260710_093747;10.07.2026;09:26:00;754;19;7203;11;U7889Z1;Příbram,aut.nádr.;49.67189;14.39222
20260710_093747_L478;20260710_093747;10.07.2026;09:26:00;478;21;7223;10;U31744Z2;Příbram,aut.nádr.;49.49975;14.02913
20260710_093747_L639;20260710_093747;10.07.2026;09:26:00;639;19;9406;11;U9813Z2;Hostomice,nám.;49.83115;14.03342
20260710_093747_L580;20260710_093747;10.07.2026;09:26:00;580;19;7693;11;U4338Z1;Rakovník,aut.st.;50.10088;13.73092
20260710_093747_L342;20260710_093747;10.07.2026;09:26:00;342;3;7686;11;U4777Z15;Slaný,žel.st.;50.22822;14.08795
20260710_093747_L805;20260710_093747;10.07.2026;09:02:00;805;15;7608;31;U6668Z1;Zbraslavice,nám.;49.99291;15.25571
20260710_093747_L311;20260710_093747;10.07.2026;09:22:00;311;77;9583;14;U1626Z2;Praha,Zličín;49.9254;14.26484
20260710_093747_L396;20260710_093747;10.07.2026;09:15:00;396;14;7991;20;U1672Z2;Přezletice,Vinořská;50.15388;14.58404
20260710_093747_L300;20260710_093747;10.07.2026;09:15:00;300;11;8972;16;U4301Z2;Praha,Nádraží Veleslavín;50.10963;14.29101
20260710_094148_L550;20260710_094148;10.07.2026;09:30:00;550;81;7771;10;U6786Z1;Vlašim,žel.st.;49.68803;14.86647
20260710_094148_L794;20260710_094148;10.07.2026;08:33:00;794;40;7828;68;U9395Z1;Trhový Štěpánov,nám.;49.70783;15.01003
20260710_094148_L775;20260710_094148;10.07.2026;09:31:00;775;31;9800;10;U3058Z1;Luštěnice,Sluneční;50.31642;14.91192
20260710_094148_L112;20260710_094148;10.07.2026;09:24:00;112;22;5086;14;U765Z1P;Nádraží Holešovice;50.10793;14.43678
20260710_094148_L342;20260710_094148;10.07.2026;09:28:00;342;3;7686;13;U4786Z1;Slaný,žel.st.;50.23111;14.08334
20260710_094148_L149;20260710_094148;10.07.2026;09:20:00;149;8;3804;20;U254Z5P;Stodůlky-Bavorská;50.0697;14.38013
20260710_094148_L754;20260710_094148;10.07.2026;09:28:00;754;19;7203;11;U7890Z1;Příbram,aut.nádr.;49.6688;14.36382
20260710_094148_L478;20260710_094148;10.07.2026;09:30:00;478;21;7223;11;U4295Z1;Příbram,aut.nádr.;49.51383;14.03438
20260710_094148_L410;20260710_094148;10.07.2026;09:26:00;410;9;11645;13;U6070Z1;Mimoň,aut.st.;50.46364;14.47418
20260710_094148_L773;20260710_094148;10.07.2026;09:29:00;773;3;7546;10;U7604Z2;Sázava,aut.st.;49.86292;14.86473
20260710_094148_L668;20260710_094148;10.07.2026;09:30:00;668;7;1366;10;U4355Z1;Mšeno,žel.st.;50.42241;14.604
20260710_094148_L678;20260710_094148;10.07.2026;09:31:00;678;33;8557;10;U9583Z1;Pečky,žel.st.;50.07124;15.06804
20260710_094148_L679;20260710_094148;10.07.2026;08:55:00;679;54;1645;44;U5896Z2;Kolín,nádraží;50.02427;15.21351
20260710_094148_L400;20260710_094148;10.07.2026;09:31:00;400;51;1085;10;U6060Z2;Praha,Střížkov;50.42253;14.46392
20260710_094148_L347;20260710_094148;10.07.2026;09:29:00;347;21;8885;11;U364Z4;Praha,Motol;50.07801;14.34071
20260710_094148_L356;20260710_094148;10.07.2026;09:31:00;356;33;8829;10;U776Z2;Praha,Obchodní centrum Ruzyně;50.10993;14.28308
20260710_094148_L805;20260710_094148;10.07.2026;09:02:00;805;15;7608;35;U6668Z1;Zbraslavice,nám.;49.99291;15.25571
20260710_094148_L311;20260710_094148;10.07.2026;09:26:00;311;77;9583;14;U2570Z2;Praha,Zličín;49.92503;14.24059
20260710_094148_L396;20260710_094148;10.07.2026;09:15:00;396;14;7991;25;U1672Z2;Přezletice,Vinořská;50.15388;14.58404
20260710_094548_L112;20260710_094548;10.07.2026;09:24:00;112;22;5086;18;U765Z1P;Nádraží Holešovice;50.10791;14.43677
20260710_094548_L307;20260710_094548;10.07.2026;09:36:00;307;10;8991;10;U1675Z5;Praha,Zličín;50.03022;14.20427
20260710_094548_L400;20260710_094548;10.07.2026;09:31:00;400;51;1085;12;U6060Z2;Praha,Střížkov;50.40825;14.44845
20260710_094548_L347;20260710_094548;10.07.2026;09:32:00;347;21;8885;13;U444Z2;Praha,Motol;50.07512;14.34108
20260710_094548_L414;20260710_094548;10.07.2026;09:33:00;414;20;1521;10;U4259Z12;Praha,Terminál 1;50.11383;14.28332
20260710_094548_L399;20260710_094548;10.07.2026;09:33:00;399;3;1296;13;U85Z1;Praha,Nádraží Veleslavín;50.09263;14.3238
20260710_094548_L754;20260710_094548;10.07.2026;09:35:00;754;19;7203;11;U7497Z1;Příbram,aut.nádr.;49.6762;14.30834
20260710_094548_L478;20260710_094548;10.07.2026;09:31:00;478;21;7223;10;U31735Z2;Příbram,aut.nádr.;49.51522;14.04115
20260710_094548_L410;20260710_094548;10.07.2026;09:30:00;410;9;11645;15;U6073Z1;Mimoň,aut.st.;50.47654;14.4802
20260710_094548_L650;20260710_094548;10.07.2026;09:35:00;650;25;12558;10;U31426Z2;Litoměřice,žel.st.hor.;50.4528;14.1669
20260710_094548_L775;20260710_094548;10.07.2026;09:31:00;775;31;9800;14;U3058Z1;Luštěnice,Sluneční;50.31641;14.91193
20260710_094548_L678;20260710_094548;10.07.2026;09:34:00;678;33;8557;10;U9581Z1;Pečky,žel.st.;50.07082;15.04857
20260710_094548_L773;20260710_094548;10.07.2026;09:33:00;773;3;7546;11;U7918Z1;Sázava,aut.st.;49.86251;14.88635
20260710_094548_L668;20260710_094548;10.07.2026;09:32:00;668;7;1366;11;U9181Z1;Mšeno,žel.st.;50.41447;14.61768
20260710_094548_L794;20260710_094548;10.07.2026;08:33:00;794;40;7828;72;U9395Z1;Trhový Štěpánov,nám.;49.70775;15.00998
20260710_094548_L300;20260710_094548;10.07.2026;09:36:00;300;22;8998;10;U4313Z3;Smečno;50.14432;14.09193
20260710_094548_L550;20260710_094548;10.07.2026;09:32:00;550;81;7771;11;U6788Z1;Vlašim,žel.st.;49.70361;14.88806
20260710_094548_L324;20260710_094548;10.07.2026;09:31:00;324;29;8994;14;U3095Z2;Praha,Zličín;50.1407;14.07423
20260710_094548_L356;20260710_094548;10.07.2026;09:35:00;356;33;8829;10;U218Z2;Praha,Obchodní centrum Ruzyně;50.0943;14.2929
20260710_094548_L679;20260710_094548;10.07.2026;08:55:00;679;54;1645;48;U5896Z2;Kolín,nádraží;50.02427;15.21351
20260710_094548_L801;20260710_094548;10.07.2026;09:36:00;801;3;1823;10;U6683Z1;Kutná Hora,Žižkov,poliklinika;49.95199;15.26315
20260710_094548_L805;20260710_094548;10.07.2026;09:02:00;805;15;7608;39;U6668Z1;Zbraslavice,nám.;49.99291;15.25571
20260710_094548_L311;20260710_094548;10.07.2026;09:31:00;311;77;9583;14;U2377Z1;Praha,Zličín;49.92421;14.22846
20260710_094548_L396;20260710_094548;10.07.2026;09:15:00;396;14;7991;29;U1672Z2;Přezletice,Vinořská;50.15388;14.58404
20260710_094949_L805;20260710_094949;10.07.2026;09:02:00;805;15;7608;43;U6668Z1;Zbraslavice,nám.;49.99291;15.25571
20260710_094949_L650;20260710_094949;10.07.2026;09:36:00;650;25;12558;12;U31425Z2;Litoměřice,žel.st.hor.;50.4567;14.15265
20260710_094949_L794;20260710_094949;10.07.2026;08:33:00;794;40;7828;76;U9395Z1;Trhový Štěpánov,nám.;49.70782;15.01006
20260710_094949_L773;20260710_094949;10.07.2026;09:36:00;773;3;7546;12;U5917Z1;Sázava,aut.st.;49.87359;14.90669
20260710_094949_L775;20260710_094949;10.07.2026;09:31:00;775;31;9800;18;U3058Z1;Luštěnice,Sluneční;50.31641;14.91193
20260710_094949_L678;20260710_094949;10.07.2026;09:38:00;678;33;8557;10;U9586Z1;Pečky,žel.st.;50.08243;15.02469
20260710_094949_L754;20260710_094949;10.07.2026;09:37:00;754;19;7203;11;U5714Z1;Příbram,aut.nádr.;49.67421;14.26866
20260710_094949_L413;20260710_094949;10.07.2026;09:37:00;413;61;8211;10;U1000Z15;Litoměřice,aut.nádr.;50.14887;14.50226
20260710_094949_L324;20260710_094949;10.07.2026;09:31:00;324;29;8994;19;U3095Z2;Praha,Zličín;50.14069;14.07094
20260710_094949_L307;20260710_094949;10.07.2026;09:39:00;307;10;8991;10;U1648Z2;Praha,Zličín;50.02985;14.22087
20260710_094949_L668;20260710_094949;10.07.2026;09:38:00;668;7;1366;11;U9182Z1;Mšeno,žel.st.;50.43833;14.63273
20260710_094949_L679;20260710_094949;10.07.2026;08:55:00;679;54;1645;51;U5896Z2;Kolín,nádraží;50.02427;15.21351
20260710_094949_L478;20260710_094949;10.07.2026;09:37:00;478;21;7223;11;U31597Z2;Příbram,aut.nádr.;49.51772;14.08259
20260710_094949_L412;20260710_094949;10.07.2026;09:39:00;412;41;9909;10;U31011Z2;Praha,Černý Most;50.4429;15.33898
20260710_094949_L112;20260710_094949;10.07.2026;09:24:00;112;22;5086;23;U765Z1P;Nádraží Holešovice;50.10791;14.43677
20260710_094949_L801;20260710_094949;10.07.2026;09:40:00;801;3;1823;10;U7162Z1;Kutná Hora,Žižkov,poliklinika;49.94712;15.26144
20260710_094949_L311;20260710_094949;10.07.2026;09:35:00;311;77;9583;14;U1665Z2;Praha,Zličín;49.9386;14.23551
20260710_094949_L396;20260710_094949;10.07.2026;09:15:00;396;14;7991;33;U1672Z2;Přezletice,Vinořská;50.15388;14.58404
20260710_095349_L678;20260710_095349;10.07.2026;09:41:00;678;33;8557;10;U1442Z4;Pečky,žel.st.;50.09441;15.01777
20260710_095349_L650;20260710_095349;10.07.2026;09:40:00;650;25;12558;14;U31423Z2;Litoměřice,žel.st.hor.;50.45836;14.13715
20260710_095349_L410;20260710_095349;10.07.2026;09:41:00;410;9;11645;12;U31047Z1;Mimoň,aut.st.;50.52426;14.51924
20260710_095349_L395;20260710_095349;10.07.2026;09:43:00;395;34;9856;10;U9647Z2;Praha,Smíchovské nádraží;49.70244;14.06492
20260710_095349_L775;20260710_095349;10.07.2026;09:31:00;775;31;9800;22;U3058Z1;Luštěnice,Sluneční;50.31641;14.91193
20260710_095349_L794;20260710_095349;10.07.2026;08:33:00;794;40;7828;80;U9395Z1;Trhový Štěpánov,nám.;49.70782;15.01005
20260710_095349_L112;20260710_095349;10.07.2026;09:24:00;112;22;5086;26;U765Z1P;Nádraží Holešovice;50.10791;14.43677
20260710_095349_L679;20260710_095349;10.07.2026;08:55:00;679;54;1645;54;U5896Z2;Kolín,nádraží;50.02427;15.21352
20260710_095349_L805;20260710_095349;10.07.2026;09:02:00;805;15;7608;47;U6668Z1;Zbraslavice,nám.;49.9929;15.25569
20260710_095349_L754;20260710_095349;10.07.2026;09:40:00;754;19;7203;12;U7509Z1;Příbram,aut.nádr.;49.67654;14.23924
20260710_095349_L413;20260710_095349;10.07.2026;09:37:00;413;61;8211;13;U1000Z15;Litoměřice,aut.nádr.;50.14872;14.4997
20260710_095349_L307;20260710_095349;10.07.2026;09:42:00;307;10;8991;10;U1647Z2;Praha,Zličín;50.03546;14.23574
20260710_095349_L396;20260710_095349;10.07.2026;09:15:00;396;14;7991;38;U1672Z2;Přezletice,Vinořská;50.15388;14.58404
20260710_095749_L112;20260710_095749;10.07.2026;09:24:00;112;22;5086;31;U765Z1P;Nádraží Holešovice;50.10789;14.4368
20260710_095749_L775;20260710_095749;10.07.2026;09:31:00;775;31;9800;26;U3058Z1;Luštěnice,Sluneční;50.31641;14.91193
20260710_095749_L650;20260710_095749;10.07.2026;09:40:00;650;25;12558;16;U31423Z2;Litoměřice,žel.st.hor.;50.46945;14.13798
20260710_095749_L410;20260710_095749;10.07.2026;09:46:00;410;9;11645;10;U31046Z4;Mimoň,aut.st.;50.54061;14.54154
20260710_095749_L413;20260710_095749;10.07.2026;09:37:00;413;61;8211;17;U1000Z15;Litoměřice,aut.nádr.;50.14868;14.49508
20260710_095749_L311;20260710_095749;10.07.2026;09:43:00;311;77;9583;14;U1664Z2;Praha,Zličín;49.95194;14.21526
20260710_095749_L369;20260710_095749;10.07.2026;09:46:00;369;37;8233;11;U1789Z2;Praha,Ládví;50.31754;14.51071
20260710_095749_L300;20260710_095749;10.07.2026;09:46:00;300;1;8949;11;U85Z1;Praha,Nádraží Veleslavín;50.09295;14.33053
20260710_095749_L389;20260710_095749;10.07.2026;09:46:00;389;17;7755;11;U4787Z1;Chomutov,žel.st.;50.23402;14.07853
20260710_095749_L794;20260710_095749;10.07.2026;08:33:00;794;40;7828;84;U9395Z1;Trhový Štěpánov,nám.;49.70783;15.01005
20260710_095749_L307;20260710_095749;10.07.2026;09:47:00;307;10;8991;10;U1190Z2;Praha,Zličín;50.0456;14.26062
20260710_095749_L640;20260710_095749;10.07.2026;09:42:00;640;29;9553;13;U9810Z1;Hostomice,nám.;49.82579;14.04509
20260710_095749_L300;20260710_095749;10.07.2026;09:48:00;300;22;8998;10;U4794Z1;Smečno;50.16717;14.05358
20260710_095749_L754;20260710_095749;10.07.2026;09:43:00;754;19;7203;14;U7784Z1;Příbram,aut.nádr.;49.68232;14.21135
20260710_095749_L324;20260710_095749;10.07.2026;09:42:00;324;29;8994;15;U4310Z2;Praha,Zličín;50.13626;14.10384
20260710_095749_L407;20260710_095749;10.07.2026;09:46:00;407;39;7530;11;U31796Z1;Písek,aut.nádr.;49.31075;14.13742
20260710_095749_L686;20260710_095749;10.07.2026;09:43:00;686;34;8025;12;U2315Z1;Úvaly,žel.st.;50.07423;14.72299
20260710_100150_L112;20260710_100150;10.07.2026;09:24:00;112;22;5086;34;U765Z1P;Nádraží Holešovice;50.10789;14.4368
20260710_100150_L775;20260710_100150;10.07.2026;09:31:00;775;31;9800;30;U3058Z1;Luštěnice,Sluneční;50.31641;14.91193
20260710_100150_L407;20260710_100150;10.07.2026;09:46:00;407;39;7530;12;U31796Z1;Písek,aut.nádr.;49.29966;14.14622
20260710_100150_L307;20260710_100150;10.07.2026;09:50:00;307;10;8991;11;U1142Z2;Praha,Zličín;50.05361;14.27901
20260710_100150_L311;20260710_100150;10.07.2026;09:49:00;311;75;9579;10;U1601Z1;Řevnice,nádraží;49.91419;14.23595
20260710_100150_L202;20260710_100150;10.07.2026;09:50:00;202;2;2335;11;U368Z2P;Poliklinika Mazurská;50.14884;14.5019
20260710_100150_L377;20260710_100150;10.07.2026;09:52:00;377;21;8197;10;U766Z2;Praha,Letňany;50.14619;14.50556
20260710_100150_L794;20260710_100150;10.07.2026;08:33:00;794;40;7828;88;U9395Z1;Trhový Štěpánov,nám.;49.70783;15.01005
20260710_100150_L369;20260710_100150;10.07.2026;09:50:00;369;37;8233;12;U1786Z2;Praha,Ládví;50.30131;14.51102
20260710_100150_L410;20260710_100150;10.07.2026;09:50:00;410;9;11645;11;U31310Z1;Mimoň,aut.st.;50.54833;14.56127
20260710_100150_L640;20260710_100150;10.07.2026;09:42:00;640;29;9553;17;U9810Z1;Hostomice,nám.;49.82579;14.04509
20260710_100150_L686;20260710_100150;10.07.2026;09:43:00;686;34;8025;16;U2315Z1;Úvaly,žel.st.;50.07423;14.72299
20260710_100150_L311;20260710_100150;10.07.2026;09:47:00;311;77;9583;13;U1638Z4;Praha,Zličín;49.97066;14.21049
20260710_100150_L389;20260710_100150;10.07.2026;09:51:00;389;17;7755;10;U4860Z1;Chomutov,žel.st.;50.25215;14.0617
20260710_100550_L112;20260710_100550;10.07.2026;09:24:00;112;22;5086;38;U765Z1P;Nádraží Holešovice;50.10789;14.4368
20260710_100550_L202;20260710_100550;10.07.2026;09:50:00;202;2;2335;15;U368Z2P;Poliklinika Mazurská;50.14872;14.49862
20260710_100550_L311;20260710_100550;10.07.2026;09:53:00;311;77;9583;13;U1661Z1;Praha,Zličín;49.9703;14.16724
20260710_100550_L369;20260710_100550;10.07.2026;09:52:00;369;37;8233;12;U1785Z4;Praha,Ládví;50.27835;14.49577
20260710_100550_L377;20260710_100550;10.07.2026;09:55:00;377;21;8197;11;U771Z2;Praha,Letňany;50.1337;14.50627
20260710_100550_L419;20260710_100550;10.07.2026;09:53:00;419;83;9823;10;U1619Z4;Černošice,žel.zast.;49.94984;14.28474
20260710_100550_L410;20260710_100550;10.07.2026;09:54:00;410;9;11645;10;U31312Z1;Mimoň,aut.st.;50.55597;14.61069
20260710_100550_L389;20260710_100550;10.07.2026;09:54:00;389;17;7755;11;U9225Z2;Chomutov,žel.st.;50.25975;14.04499
20260710_100550_L794;20260710_100550;10.07.2026;08:33:00;794;40;7828;92;U9395Z1;Trhový Štěpánov,nám.;49.70786;15.01008
20260710_100550_L640;20260710_100550;10.07.2026;09:42:00;640;29;9553;21;U9810Z1;Hostomice,nám.;49.82578;14.04509
20260710_100550_L754;20260710_100550;10.07.2026;09:52:00;754;19;7203;13;U7479Z1;Příbram,aut.nádr.;49.7032;14.11154
20260710_100550_L560;20260710_100550;10.07.2026;09:53:00;560;54;8366;10;U6817Z1;Kolešovice;50.09843;13.62868
20260710_100550_L324;20260710_100550;10.07.2026;09:51:00;324;29;8994;15;U4315Z2;Praha,Zličín;50.13451;14.13765
20260710_100550_L400;20260710_100550;10.07.2026;09:52:00;400;51;1085;13;U1792Z1;Praha,Střížkov;50.34461;14.48617
20260710_100550_L775;20260710_100550;10.07.2026;09:31:00;775;31;9800;34;U3058Z1;Luštěnice,Sluneční;50.31641;14.91193
20260710_100550_L686;20260710_100550;10.07.2026;09:43:00;686;34;8025;20;U2315Z1;Úvaly,žel.st.;50.07423;14.72299
20260710_100950_L136;20260710_100950;10.07.2026;09:59:00;136;8;5556;10;U368Z2P;Jižní Město;50.14965;14.5061
20260710_100950_L412;20260710_100950;10.07.2026;09:57:00;412;41;9909;10;U9461Z2;Praha,Černý Most;50.46011;15.13043
20260710_100950_L427;20260710_100950;10.07.2026;09:59:00;427;3;11611;10;U31050Z13;Mimoň,Žitavská;50.6615;14.72262
20260710_100950_L112;20260710_100950;10.07.2026;09:24:00;112;22;5086;42;U765Z1P;Nádraží Holešovice;50.10789;14.4368
20260710_100950_L369;20260710_100950;10.07.2026;09:56:00;369;37;8233;13;U2334Z1;Praha,Ládví;50.25329;14.49455
20260710_100950_L775;20260710_100950;10.07.2026;09:31:00;775;31;9800;38;U3058Z1;Luštěnice,Sluneční;50.31641;14.91193
20260710_100950_L419;20260710_100950;10.07.2026;09:53:00;419;83;9823;11;U1619Z4;Černošice,žel.zast.;49.95012;14.29857
20260710_100950_L410;20260710_100950;10.07.2026;09:58:00;410;9;11645;10;U31313Z1;Mimoň,aut.st.;50.56475;14.63304
20260710_100950_L560;20260710_100950;10.07.2026;09:53:00;560;54;8366;11;U6817Z1;Kolešovice;50.10652;13.60311
20260710_100950_L754;20260710_100950;10.07.2026;09:54:00;754;19;7203;13;U9646Z5;Příbram,aut.nádr.;49.7006;14.05768
20260710_100950_L794;20260710_100950;10.07.2026;08:33:00;794;40;7828;96;U9395Z1;Trhový Štěpánov,nám.;49.70786;15.01007
20260710_100950_L389;20260710_100950;10.07.2026;09:58:00;389;17;7755;12;U9227Z2;Chomutov,žel.st.;50.26149;14.01885
20260710_100950_L311;20260710_100950;10.07.2026;09:56:00;311;77;9583;12;U1661Z2;Praha,Zličín;49.9722;14.17727
20260710_100950_L686;20260710_100950;10.07.2026;09:43:00;686;34;8025;24;U2315Z1;Úvaly,žel.st.;50.07423;14.72299
20260710_100950_L419;20260710_100950;10.07.2026;09:59:00;419;61;9571;10;U1852Z2;Karlík;49.92902;14.27356
20260710_101351_L136;20260710_101351;10.07.2026;10:03:00;136;8;5556;11;U771Z2P;Jižní Město;50.13501;14.5057
20260710_101351_L794;20260710_101351;10.07.2026;08:33:00;794;40;7828;98;U9395Z1;Trhový Štěpánov,nám.;49.70786;15.01007
20260710_101351_L754;20260710_101351;10.07.2026;10:01:00;754;19;7203;12;U9699Z1;Příbram,aut.nádr.;49.69018;14.02708
20260710_101351_L398;20260710_101351;10.07.2026;10:03:00;398;11;1688;10;U1432Z2;Praha,Černý Most;50.13832;14.90342
20260710_101351_L112;20260710_101351;10.07.2026;09:24:00;112;22;5086;46;U765Z1P;Nádraží Holešovice;50.10789;14.4368
20260710_101351_L425;20260710_101351;10.07.2026;10:00:00;425;43;7586;13;U2588Z2;Praha,Černý Most;50.20552;15.29387
20260710_101351_L686;20260710_101351;10.07.2026;09:43:00;686;34;8025;28;U2315Z1;Úvaly,žel.st.;50.07423;14.72299
20260710_101351_L419;20260710_101351;10.07.2026;10:01:00;419;83;9823;12;U1623Z2;Černošice,žel.zast.;49.94773;14.30928
20260710_101351_L389;20260710_101351;10.07.2026;10:03:00;389;17;7755;10;U9231Z2;Chomutov,žel.st.;50.26999;13.99402
20260710_101351_L311;20260710_101351;10.07.2026;10:02:00;311;77;9583;11;U1659Z2;Praha,Zličín;49.98344;14.19481
20260710_101351_L314;20260710_101351;10.07.2026;10:02:00;314;47;7909;11;U1757Z1;Nová Ves p.Pleší;49.84034;14.33813
20260710_101351_L369;20260710_101351;10.07.2026;10:00:00;369;37;8233;13;U1959Z2;Praha,Ládví;50.21987;14.49587
20260710_101351_L427;20260710_101351;10.07.2026;09:59:00;427;3;11611;14;U31050Z13;Mimoň,Žitavská;50.66151;14.7226
20260710_101351_L560;20260710_101351;10.07.2026;09:53:00;560;54;8366;12;U6817Z1;Kolešovice;50.12371;13.60576
20260710_101351_L413;20260710_101351;10.07.2026;09:58:00;413;61;8211;15;U4363Z1;Litoměřice,aut.nádr.;50.30882;14.31446
20260710_101351_L419;20260710_101351;10.07.2026;09:59:00;419;61;9571;14;U1852Z2;Karlík;49.92902;14.27356
20260710_101751_L754;20260710_101751;10.07.2026;10:04:00;754;19;7203;12;U9712Z3;Příbram,aut.nádr.;49.69029;14.00711
20260710_101751_L389;20260710_101751;10.07.2026;10:07:00;389;17;7755;11;U9232Z2;Chomutov,žel.st.;50.27027;13.96493
20260710_101751_L686;20260710_101751;10.07.2026;09:43:00;686;34;8025;32;U2315Z1;Úvaly,žel.st.;50.07423;14.72299
20260710_101751_L315;20260710_101751;10.07.2026;10:05:00;315;4;1861;12;U9478Z2;Praha,Černý Most;50.51872;14.97759
20260710_101751_L332;20260710_101751;10.07.2026;10:07:00;332;2;9192;10;U2106Z1;Neveklov;49.91134;14.49687
20260710_101751_L794;20260710_101751;10.07.2026;08:33:00;794;40;7828;104;U9395Z1;Trhový Štěpánov,nám.;49.70785;15.00998
20260710_101751_L202;20260710_101751;10.07.2026;10:02:00;202;2;2335;15;U3239Z2P;Poliklinika Mazurská;50.14534;14.43654
20260710_101751_L720;20260710_101751;10.07.2026;10:02:00;720;68;1422;12;U2987Z11;Praha,Černý Most;50.41576;14.92705
20260710_101751_L136;20260710_101751;10.07.2026;10:07:00;136;8;5556;10;U1000Z3P;Jižní Město;50.12558;14.5165
20260710_101751_L314;20260710_101751;10.07.2026;10:07:00;314;47;7909;10;U1952Z1;Nová Ves p.Pleší;49.82068;14.33555
20260710_101751_L398;20260710_101751;10.07.2026;10:04:00;398;11;1688;10;U1431Z2;Praha,Černý Most;50.14429;14.85015
20260710_101751_L425;20260710_101751;10.07.2026;10:00:00;425;43;7586;14;U2588Z2;Praha,Černý Most;50.17601;15.29785
20260710_101751_L166;20260710_101751;10.07.2026;10:06:00;166;1;1945;11;U368Z2P;Domov seniorů Ďáblice;50.14948;14.50593
20260710_101751_L311;20260710_101751;10.07.2026;10:05:00;311;77;9583;12;U1658Z2;Praha,Zličín;49.99323;14.20638
20260710_101751_L410;20260710_101751;10.07.2026;10:07:00;410;9;11645;10;U9450Z1;Mimoň,aut.st.;50.56752;14.65645
20260710_101751_L484;20260710_101751;10.07.2026;10:04:00;484;31;8144;13;U2315Z1;Úvaly,žel.st.;50.07411;14.72314
20260710_101751_L112;20260710_101751;10.07.2026;09:24:00;112;22;5086;51;U765Z1P;Nádraží Holešovice;50.10789;14.43685
20260710_101751_L419;20260710_101751;10.07.2026;10:02:00;419;61;9571;15;U1852Z52;Karlík;49.9281;14.27411
20260710_102151_L429;20260710_102151;10.07.2026;10:11:00;429;19;8877;10;U2120Z2;Unhošť,nám.;50.11154;14.19737
20260710_102151_L369;20260710_102151;10.07.2026;10:07:00;369;37;8233;15;U1807Z2;Praha,Ládví;50.18892;14.49339
20260710_102151_L380;20260710_102151;10.07.2026;10:12:00;380;5;9983;10;U4963Z1;Králův Dvůr,Počaply,Obchodní centrum;49.9607;14.05963
20260710_102151_L311;20260710_102151;10.07.2026;10:10:00;311;77;9583;11;U1655Z2;Praha,Zličín;50.01389;14.21333
20260710_102151_L166;20260710_102151;10.07.2026;10:12:00;166;1;1945;10;U2718Z1P;Domov seniorů Ďáblice;50.14047;14.51989
20260710_102151_L538;20260710_102151;10.07.2026;10:08:00;538;3;7585;12;U9932Z53;Křinec,náměstí;50.2748;15.18465
20260710_102151_L560;20260710_102151;10.07.2026;10:10:00;560;54;8366;11;U6818Z1;Rakovník,aut.st.;50.13685;13.60756
20260710_102151_L720;20260710_102151;10.07.2026;10:02:00;720;68;1422;13;U2987Z11;Praha,Černý Most;50.39737;14.91345
20260710_102151_L332;20260710_102151;10.07.2026;10:07:00;332;2;9192;14;U2106Z1;Neveklov;49.91087;14.49595
20260710_102151_L794;20260710_102151;10.07.2026;08:33:00;794;40;7828;108;U9395Z1;Trhový Štěpánov,nám.;49.70784;15.01002
20260710_102151_L314;20260710_102151;10.07.2026;10:12:00;314;47;7909;10;U1844Z1;Nová Ves p.Pleší;49.81661;14.32457
20260710_102151_L686;20260710_102151;10.07.2026;09:43:00;686;34;8025;36;U2315Z1;Úvaly,žel.st.;50.07423;14.72299
20260710_102151_L315;20260710_102151;10.07.2026;10:05:00;315;4;1861;17;U9478Z2;Praha,Černý Most;50.51872;14.9776
20260710_102151_L389;20260710_102151;10.07.2026;10:09:00;389;17;7755;11;U9233Z2;Chomutov,žel.st.;50.28261;13.9522
20260710_102151_L377;20260710_102151;10.07.2026;10:11:00;377;22;1331;10;U368Z2;Praha,Letňany;50.14988;14.50814
20260710_102151_L112;20260710_102151;10.07.2026;09:24:00;112;22;5086;55;U765Z1P;Nádraží Holešovice;50.10791;14.43683
20260710_102151_L136;20260710_102151;10.07.2026;10:11:00;136;8;5556;10;U603Z2P;Jižní Město;50.11871;14.4995
20260710_102151_L484;20260710_102151;10.07.2026;10:04:00;484;31;8144;17;U2315Z1;Úvaly,žel.st.;50.07411;14.72314
20260710_102151_L202;20260710_102151;10.07.2026;10:07:00;202;2;2335;15;U345Z1P;Poliklinika Mazurská;50.13198;14.42789
20260710_102151_L419;20260710_102151;10.07.2026;10:02:00;419;61;9571;19;U1852Z52;Karlík;49.92864;14.27275
20260710_102552_L136;20260710_102552;10.07.2026;10:14:00;136;9;5542;11;U368Z2P;Jižní Město;50.14984;14.50796
20260710_102552_L686;20260710_102552;10.07.2026;09:43:00;686;34;8025;40;U2315Z1;Úvaly,žel.st.;50.07423;14.72299
20260710_102552_L377;20260710_102552;10.07.2026;10:13:00;377;22;1331;13;U125Z2;Praha,Letňany;50.13891;14.50464
20260710_102552_L311;20260710_102552;10.07.2026;10:14:00;311;77;9583;10;U1652Z2;Praha,Zličín;50.0196;14.23323
20260710_102552_L538;20260710_102552;10.07.2026;10:08:00;538;3;7585;14;U9932Z53;Křinec,náměstí;50.27942;15.16026
20260710_102552_L380;20260710_102552;10.07.2026;10:15:00;380;5;9983;10;U4766Z1;Králův Dvůr,Počaply,Obchodní centrum;49.9559;14.0494
20260710_102552_L805;20260710_102552;10.07.2026;10:12:00;805;10;7602;13;U5934Z1;Kutná Hora,aut.st.;49.9624;15.28404
20260710_102552_L794;20260710_102552;10.07.2026;08:33:00;794;40;7828;112;U9395Z1;Trhový Štěpánov,nám.;49.70781;15.01007
20260710_102552_L460;20260710_102552;10.07.2026;10:12:00;460;68;1609;12;U9418Z2;Bečváry,Červený Hrádek;49.93115;15.06189
20260710_102552_L369;20260710_102552;10.07.2026;10:13:00;369;37;8233;13;U3242Z2;Praha,Ládví;50.16125;14.48346
20260710_102552_L315;20260710_102552;10.07.2026;10:05:00;315;4;1861;19;U9478Z2;Praha,Černý Most;50.52015;14.98104
20260710_102552_L389;20260710_102552;10.07.2026;10:15:00;389;17;7755;10;U4850Z1;Chomutov,žel.st.;50.2966;13.91083
20260710_102552_L112;20260710_102552;10.07.2026;09:24:00;112;22;5086;59;U765Z1P;Nádraží Holešovice;50.1079;14.43683
20260710_102552_L560;20260710_102552;10.07.2026;10:10:00;560;54;8366;12;U6818Z1;Rakovník,aut.st.;50.11345;13.59692
20260710_102552_L484;20260710_102552;10.07.2026;10:04:00;484;31;8144;21;U2315Z1;Úvaly,žel.st.;50.07411;14.72314
20260710_102952_L377;20260710_102952;10.07.2026;10:16:00;377;22;1331;12;U89Z2;Praha,Letňany;50.12738;14.51468
20260710_102952_L400;20260710_102952;10.07.2026;10:17:00;400;58;1082;12;U32149Z1;Rumburk,žel.st.;50.6831;14.53879
20260710_102952_L389;20260710_102952;10.07.2026;10:18:00;389;17;7755;10;U4851Z1;Chomutov,žel.st.;50.31805;13.86914
20260710_102952_L686;20260710_102952;10.07.2026;09:43:00;686;34;8025;44;U2315Z1;Úvaly,žel.st.;50.07423;14.72299
20260710_102952_L538;20260710_102952;10.07.2026;10:08:00;538;3;7585;15;U9932Z53;Křinec,náměstí;50.27024;15.13834
20260710_102952_L484;20260710_102952;10.07.2026;10:04:00;484;31;8144;25;U2315Z1;Úvaly,žel.st.;50.07411;14.72314
20260710_102952_L351;20260710_102952;10.07.2026;10:19:00;351;1;4553;11;U766Z2;Praha,Letňany;50.14604;14.50559
20260710_102952_L136;20260710_102952;10.07.2026;10:19:00;136;9;5542;11;U89Z2P;Jižní Město;50.13078;14.50802
20260710_102952_L585;20260710_102952;10.07.2026;10:20:00;585;29;7596;10;U6321Z2;Poděbrady,žel.st.;50.1839;15.2076
20260710_102952_L460;20260710_102952;10.07.2026;10:12:00;460;68;1609;16;U9418Z2;Bečváry,Červený Hrádek;49.93115;15.06189
20260710_102952_L805;20260710_102952;10.07.2026;10:17:00;805;10;7602;13;U7342Z2;Kutná Hora,aut.st.;49.95851;15.27639
20260710_102952_L691;20260710_102952;10.07.2026;10:14:00;691;26;8122;10;U6070Z1;Vidim;50.4573;14.51261
20260710_102952_L695;20260710_102952;10.07.2026;10:18:00;695;39;8015;10;U3342Z1;Mšeno;50.36506;14.50736
20260710_102952_L314;20260710_102952;10.07.2026;10:16:00;314;47;7909;10;U1954Z1;Nová Ves p.Pleší;49.82662;14.28824
20260710_102952_L560;20260710_102952;10.07.2026;10:10:00;560;54;8366;13;U6818Z1;Rakovník,aut.st.;50.09557;13.62674
20260710_102952_L429;20260710_102952;10.07.2026;10:16:00;429;19;8877;11;U2835Z1;Unhošť,nám.;50.08608;14.14702
20260710_102952_L369;20260710_102952;10.07.2026;10:16:00;369;37;8233;13;U1393Z2;Praha,Ládví;50.14284;14.48323
20260710_102952_L311;20260710_102952;10.07.2026;10:18:00;311;77;9583;12;U2324Z2;Praha,Zličín;50.02503;14.21832
20260710_102952_L380;20260710_102952;10.07.2026;10:18:00;380;5;9983;11;U1748Z1;Králův Dvůr,Počaply,Obchodní centrum;49.94672;14.03552
20260710_102952_L794;20260710_102952;10.07.2026;08:33:00;794;40;7828;116;U9395Z1;Trhový Štěpánov,nám.;49.70779;15.01006
20260710_102952_L112;20260710_102952;10.07.2026;09:24:00;112;22;5086;63;U765Z1P;Nádraží Holešovice;50.1079;14.43683
20260710_103352_L202;20260710_103352;10.07.2026;10:21:00;202;3;2338;12;U411Z2P;Poliklinika Mazurská;50.14872;14.49834
20260710_103352_L351;20260710_103352;10.07.2026;10:23:00;351;1;4553;10;U89Z2;Praha,Letňany;50.13002;14.50879
20260710_103352_L375;20260710_103352;10.07.2026;10:22:00;375;1;8253;11;U9549Z1;Brandýs n.L.-St.Bol.,žel.st.;50.14199;14.57781
20260710_103352_L695;20260710_103352;10.07.2026;10:21:00;695;39;8015;10;U3349Z2;Mšeno;50.37871;14.53635
20260710_103352_L686;20260710_103352;10.07.2026;09:43:00;686;34;8025;48;U2315Z1;Úvaly,žel.st.;50.07423;14.72299
20260710_103352_L460;20260710_103352;10.07.2026;10:12:00;460;68;1609;20;U9418Z2;Bečváry,Červený Hrádek;49.93114;15.06189
20260710_103352_L585;20260710_103352;10.07.2026;10:22:00;585;29;7596;11;U6625Z2;Poděbrady,žel.st.;50.16383;15.19153
20260710_103352_L705;20260710_103352;10.07.2026;10:20:00;705;38;8684;12;U5861Z1;Čáslav,obchodní centrum;49.95385;15.26119
20260710_103352_L136;20260710_103352;10.07.2026;10:24:00;136;9;5542;10;U606Z2P;Jižní Město;50.12367;14.50921
20260710_103352_L484;20260710_103352;10.07.2026;10:04:00;484;31;8144;29;U2315Z1;Úvaly,žel.st.;50.07411;14.72314
20260710_103352_L400;20260710_103352;10.07.2026;10:20:00;400;58;1082;13;U31355Z1;Rumburk,žel.st.;50.69446;14.54152
20260710_103352_L413;20260710_103352;10.07.2026;10:19:00;413;61;8211;14;U32274Z2;Litoměřice,aut.nádr.;50.42233;14.19327
20260710_103352_L805;20260710_103352;10.07.2026;10:21:00;805;10;7602;12;U2481Z2;Kutná Hora,aut.st.;49.95221;15.27507
20260710_103352_L369;20260710_103352;10.07.2026;10:19:00;369;37;8233;12;U651Z6;Praha,Ládví;50.12774;14.47612
20260710_103352_L380;20260710_103352;10.07.2026;10:22:00;380;5;9983;11;U4979Z2;Králův Dvůr,Počaply,Obchodní centrum;49.9386;14.02056
20260710_103352_L311;20260710_103352;10.07.2026;10:21:00;311;77;9583;12;U1648Z2;Praha,Zličín;50.03015;14.22159
20260710_103352_L112;20260710_103352;10.07.2026;09:24:00;112;22;5086;67;U765Z1P;Nádraží Holešovice;50.1079;14.43683
20260710_103352_L794;20260710_103352;10.07.2026;08:33:00;794;40;7828;118;U9395Z1;Trhový Štěpánov,nám.;49.70777;15.01009
20260710_103352_L560;20260710_103352;10.07.2026;10:10:00;560;54;8366;14;U6818Z1;Rakovník,aut.st.;50.1146;13.62629
20260710_103352_L410;20260710_103352;10.07.2026;10:20:00;410;9;11645;10;U31369Z52;Mimoň,aut.st.;50.62701;14.736
20260710_103352_L341;20260710_103352;10.07.2026;10:21:00;341;22;7418;12;U2107Z1;Jílové u Prahy,náměstí;49.90528;14.49314
20260710_103752_L695;20260710_103752;10.07.2026;10:27:00;695;39;8015;10;U6089Z1;Mšeno;50.40247;14.56326
20260710_103752_L410;20260710_103752;10.07.2026;10:25:00;410;9;11645;11;U31491Z11;Mimoň,aut.st.;50.6416;14.74278
20260710_103752_L202;20260710_103752;10.07.2026;10:25:00;202;3;2338;12;U430Z2P;Poliklinika Mazurská;50.14673;14.4818
20260710_103752_L136;20260710_103752;10.07.2026;10:24:00;136;8;5556;11;U1074Z4P;Jižní Město;50.09194;14.46914
20260710_103752_L460;20260710_103752;10.07.2026;10:12:00;460;68;1609;24;U9418Z2;Bečváry,Červený Hrádek;49.93114;15.06189
20260710_103752_L484;20260710_103752;10.07.2026;10:04:00;484;31;8144;33;U2315Z1;Úvaly,žel.st.;50.07411;14.72314
20260710_103752_L705;20260710_103752;10.07.2026;10:20:00;705;38;8684;15;U5861Z1;Čáslav,obchodní centrum;49.95258;15.26526
20260710_103752_L375;20260710_103752;10.07.2026;10:24:00;375;1;8253;13;U346Z1;Brandýs n.L.-St.Bol.,žel.st.;50.15143;14.59061
20260710_103752_L311;20260710_103752;10.07.2026;10:26:00;311;77;9583;12;U1646Z2;Praha,Zličín;50.03691;14.23952
20260710_103752_L381;20260710_103752;10.07.2026;10:25:00;381;6;9376;12;U2478Z2;Praha,Háje;49.94701;15.25059
20260710_103752_L402;20260710_103752;10.07.2026;10:25:00;402;4;7673;11;U601Z2;Čáslav,aut.st.;50.03193;14.49262
20260710_103752_L413;20260710_103752;10.07.2026;10:19:00;413;61;8211;15;U32274Z2;Litoměřice,aut.nádr.;50.44801;14.16935
20260710_103752_L585;20260710_103752;10.07.2026;10:26:00;585;29;7596;11;U2459Z2;Poděbrady,žel.st.;50.14419;15.16245
20260710_103752_L136;20260710_103752;10.07.2026;10:26:00;136;9;5542;11;U603Z2P;Jižní Město;50.11877;14.49945
20260710_103753_L686;20260710_103753;10.07.2026;09:43:00;686;34;8025;52;U2315Z1;Úvaly,žel.st.;50.07423;14.72299
20260710_103753_L112;20260710_103753;10.07.2026;09:24:00;112;22;5086;70;U765Z1P;Nádraží Holešovice;50.1079;14.43683
20260710_104153_L686;20260710_104153;10.07.2026;09:43:00;686;34;8025;56;U2315Z1;Úvaly,žel.st.;50.07423;14.72299
20260710_104153_L136;20260710_104153;10.07.2026;10:31:00;136;9;5542;10;U474Z6P;Jižní Město;50.11044;14.50203
20260710_104153_L695;20260710_104153;10.07.2026;10:29:00;695;39;8015;11;U6091Z1;Mšeno;50.41531;14.58036
20260710_104153_L585;20260710_104153;10.07.2026;10:31:00;585;29;7596;11;U2578Z1;Poděbrady,žel.st.;50.14283;15.12195
20260710_104153_L136;20260710_104153;10.07.2026;10:28:00;136;8;5556;14;U69Z2P;Jižní Město;50.08895;14.46162
20260710_104153_L311;20260710_104153;10.07.2026;10:29:00;311;77;9583;13;U1190Z2;Praha,Zličín;50.04486;14.25925
20260710_104153_L460;20260710_104153;10.07.2026;10:12:00;460;68;1609;28;U9418Z2;Bečváry,Červený Hrádek;49.93114;15.06189
20260710_104153_L478;20260710_104153;10.07.2026;10:30:00;478;30;9781;11;U32754Z1;Mirovice,nám.;49.51734;14.08639
20260710_104153_L410;20260710_104153;10.07.2026;10:29:00;410;9;11645;13;U31371Z1;Mimoň,aut.st.;50.65624;14.72543
20260710_104153_L731;20260710_104153;10.07.2026;10:30:00;731;5;9810;11;U6251Z1;Bělá p.Bezd.,Bezdědice;50.48248;14.70167
20260710_104153_L768;20260710_104153;10.07.2026;10:27:00;768;26;8559;10;U7271Z53;Byšice;50.31535;14.78803
20260710_104153_L484;20260710_104153;10.07.2026;10:04:00;484;31;8144;37;U2315Z1;Úvaly,žel.st.;50.07411;14.72314
20260710_104153_L202;20260710_104153;10.07.2026;10:30:00;202;3;2338;12;U94Z1P;Poliklinika Mazurská;50.14641;14.44889
20260710_104153_L381;20260710_104153;10.07.2026;10:30:00;381;6;9376;11;U1475Z2;Praha,Háje;49.94649;15.20657
20260710_104153_L400;20260710_104153;10.07.2026;10:26:00;400;58;1082;14;U31358Z1;Rumburk,žel.st.;50.74846;14.54971
20260710_104153_L375;20260710_104153;10.07.2026;10:29:00;375;1;8253;11;U2190Z1;Brandýs n.L.-St.Bol.,žel.st.;50.16391;14.62141
20260710_104153_L332;20260710_104153;10.07.2026;10:28:00;332;2;9192;13;U1940Z1;Neveklov;49.85793;14.52347
20260710_104153_L345;20260710_104153;10.07.2026;10:30:00;345;16;1864;10;U6213Z2;Praha,Černý Most;50.4625;14.93262
20260710_104153_L112;20260710_104153;10.07.2026;09:24:00;112;22;5086;74;U765Z1P;Nádraží Holešovice;50.1079;14.43683
20260710_104553_L702;20260710_104553;10.07.2026;10:35:00;702;53;1604;11;U2156Z2;Kolín,nádraží;49.95274;15.16686
20260710_104553_L686;20260710_104553;10.07.2026;09:43:00;686;34;8025;60;U2315Z1;Úvaly,žel.st.;50.07423;14.72299
20260710_104553_L484;20260710_104553;10.07.2026;10:04:00;484;31;8144;41;U2315Z1;Úvaly,žel.st.;50.07411;14.72314
20260710_104553_L381;20260710_104553;10.07.2026;10:35:00;381;6;9376;10;U2156Z2;Praha,Háje;49.95295;15.16716
20260710_104553_L400;20260710_104553;10.07.2026;10:31:00;400;58;1082;15;U31360Z1;Rumburk,žel.st.;50.75963;14.55642
20260710_104553_L681;20260710_104553;10.07.2026;10:35:00;681;58;1641;10;U2156Z2;Uhlířské Janovice,nám.;49.95286;15.16704
20260710_104553_L705;20260710_104553;10.07.2026;10:34:00;705;40;8691;10;U6754Z1;Poděbrady,žel.st.;50.1309;15.1798
20260710_104553_L338;20260710_104553;10.07.2026;10:36:00;338;54;1125;10;U902Z4;Praha,Smíchovské nádraží;49.97646;14.39383
20260710_104553_L202;20260710_104553;10.07.2026;10:34:00;202;3;2338;12;U74Z2P;Poliklinika Mazurská;50.14082;14.43058
20260710_104554_L662;20260710_104554;10.07.2026;10:34:00;662;36;8583;10;U2402Z2;Český Brod,žel.st.;50.09375;14.83224
20260710_104554_L731;20260710_104554;10.07.2026;10:30:00;731;5;9810;15;U6251Z1;Bělá p.Bezd.,Bezdědice;50.48248;14.70167
20260710_104554_L482;20260710_104554;10.07.2026;10:36:00;482;6;1531;10;U3336Z1;Mělník,aut.nádr.;50.35129;14.47881
20260710_104554_L695;20260710_104554;10.07.2026;10:34:00;695;39;8015;11;U6094Z1;Mšeno;50.43613;14.58075
20260710_104554_L478;20260710_104554;10.07.2026;10:31:00;478;30;9781;13;U31597Z1;Mirovice,nám.;49.51522;14.03949
20260710_104554_L332;20260710_104554;10.07.2026;10:33:00;332;2;9192;11;U4499Z2;Neveklov;49.85278;14.55169
20260710_104554_L375;20260710_104554;10.07.2026;10:33:00;375;1;8253;12;U2365Z1;Brandýs n.L.-St.Bol.,žel.st.;50.17527;14.6503
20260710_104554_L311;20260710_104554;10.07.2026;10:32:00;311;77;9583;12;U1142Z2;Praha,Zličín;50.05545;14.28849
20260710_104554_L460;20260710_104554;10.07.2026;10:12:00;460;68;1609;31;U9418Z2;Bečváry,Červený Hrádek;49.93114;15.06188
20260710_104554_L149;20260710_104554;10.07.2026;10:30:00;149;8;3804;15;U321Z4P;Dejvická;50.1;14.39556
20260710_104554_L112;20260710_104554;10.07.2026;09:24:00;112;22;5086;78;U765Z1P;Nádraží Holešovice;50.1079;14.43683
20260710_104554_L768;20260710_104554;10.07.2026;10:33:00;768;26;8559;11;U6109Z1;Byšice;50.31695;14.75688
20260710_104554_L136;20260710_104554;10.07.2026;10:32:00;136;8;5556;14;U516Z3P;Jižní Město;50.08212;14.45947
20260710_104954_L202;20260710_104954;10.07.2026;10:38:00;202;3;2338;12;U511Z1P;Poliklinika Mazurská;50.13097;14.42458
20260710_104954_L768;20260710_104954;10.07.2026;10:33:00;768;26;8559;13;U6109Z1;Byšice;50.30926;14.73403
20260710_104954_L484;20260710_104954;10.07.2026;10:04:00;484;31;8144;45;U2315Z1;Úvaly,žel.st.;50.07411;14.72314
20260710_104954_L662;20260710_104954;10.07.2026;10:38:00;662;36;8583;11;U2422Z52;Český Brod,žel.st.;50.10318;14.82518
20260710_104954_L695;20260710_104954;10.07.2026;10:37:00;695;39;8015;13;U6096Z1;Mšeno;50.45312;14.58549
20260710_104954_L463;20260710_104954;10.07.2026;10:39:00;463;6;9577;10;U3388Z1;Mladá Boleslav,aut.st.;50.41037;14.92068
20260710_104954_L702;20260710_104954;10.07.2026;10:38:00;702;53;1604;12;U6951Z2;Kolín,nádraží;49.9674;15.16781
20260710_104954_L400;20260710_104954;10.07.2026;10:35:00;400;58;1082;10;U31361Z1;Rumburk,žel.st.;50.76353;14.54942
20260710_104954_L332;20260710_104954;10.07.2026;10:35:00;332;2;9192;12;U5018Z2;Neveklov;49.84363;14.52753
20260710_104954_L136;20260710_104954;10.07.2026;10:39:00;136;9;5542;10;U1074Z4P;Jižní Město;50.09568;14.47629
20260710_104954_L112;20260710_104954;10.07.2026;09:24:00;112;22;5086;82;U765Z1P;Nádraží Holešovice;50.1079;14.43683
20260710_104954_L375;20260710_104954;10.07.2026;10:38:00;375;1;8253;11;U1827Z1;Brandýs n.L.-St.Bol.,žel.st.;50.18556;14.66028
20260710_104954_L686;20260710_104954;10.07.2026;09:43:00;686;34;8025;64;U2315Z1;Úvaly,žel.st.;50.07423;14.72299
20260710_104954_L731;20260710_104954;10.07.2026;10:30:00;731;5;9810;19;U6251Z1;Bělá p.Bezd.,Bezdědice;50.48248;14.70167
20260710_104954_L136;20260710_104954;10.07.2026;10:36:00;136;8;5556;13;U518Z3P;Jižní Město;50.07587;14.45913
20260710_105354_L702;20260710_105354;10.07.2026;10:41:00;702;53;1604;10;U6949Z2;Kolín,nádraží;49.9687;15.1881
20260710_105354_L484;20260710_105354;10.07.2026;10:04:00;484;31;8144;49;U2315Z1;Úvaly,žel.st.;50.07411;14.72314
20260710_105354_L695;20260710_105354;10.07.2026;10:39:00;695;39;8015;14;U6097Z1;Mšeno;50.46249;14.60285
20260710_105354_L686;20260710_105354;10.07.2026;09:43:00;686;34;8025;68;U2315Z1;Úvaly,žel.st.;50.07423;14.72299
20260710_105354_L668;20260710_105354;10.07.2026;10:43:00;668;16;8079;10;U9181Z1;Mšeno;50.4246;14.6009
20260710_105354_L405;20260710_105354;10.07.2026;10:39:00;405;61;1419;13;U31020Z1;Praha,Černý Most;50.61473;15.50681
20260710_105354_L400;20260710_105354;10.07.2026;10:35:00;400;58;1082;11;U31361Z1;Rumburk,žel.st.;50.77079;14.53278
20260710_105354_L332;20260710_105354;10.07.2026;10:40:00;332;2;9192;13;U4505Z2;Neveklov;49.83722;14.5297
20260710_105354_L375;20260710_105354;10.07.2026;10:41:00;375;1;8253;12;U1828Z1;Brandýs n.L.-St.Bol.,žel.st.;50.1952;14.67402
20260710_105354_L731;20260710_105354;10.07.2026;10:30:00;731;5;9810;23;U6251Z1;Bělá p.Bezd.,Bezdědice;50.48333;14.69692
20260710_105354_L463;20260710_105354;10.07.2026;10:42:00;463;6;9577;11;U3389Z1;Mladá Boleslav,aut.st.;50.41297;14.90979
20260710_105354_L705;20260710_105354;10.07.2026;10:39:00;705;38;8684;14;U7192Z1;Čáslav,obchodní centrum;49.93515;15.31319
20260710_105354_L136;20260710_105354;10.07.2026;10:39:00;136;9;5542;12;U1074Z4P;Jižní Město;50.09196;14.46918
20260710_105354_L112;20260710_105354;10.07.2026;09:24:00;112;22;5086;87;U765Z1P;Nádraží Holešovice;50.10788;14.43684
20260710_105354_L136;20260710_105354;10.07.2026;10:43:00;136;8;5556;11;U680Z3P;Jižní Město;50.06886;14.46901
20260710_105754_L702;20260710_105754;10.07.2026;10:46:00;702;53;1604;11;U6674Z2;Kolín,nádraží;49.97795;15.20823
20260710_105754_L650;20260710_105754;10.07.2026;10:46:00;650;22;12536;11;U31432Z1;Kladno,autobusové nádraží;50.3562;14.14785
20260710_105754_L628;20260710_105754;10.07.2026;10:47:00;628;25;8759;10;U9323Z2;Kladno,autobusové nádraží;50.197;13.9102
20260710_105754_L332;20260710_105754;10.07.2026;10:44:00;332;2;9192;13;U4479Z1;Neveklov;49.81774;14.52202
20260710_105754_L381;20260710_105754;10.07.2026;10:46:00;381;6;9376;10;U2154Z2;Praha,Háje;49.95403;15.05061
20260710_105754_L384;20260710_105754;10.07.2026;10:45:00;384;16;9867;10;U9105Z2;Hořovice,nám.B.Němcové;49.90058;13.96102
20260710_105754_L705;20260710_105754;10.07.2026;10:42:00;705;38;8684;14;U7193Z1;Čáslav,obchodní centrum;49.92267;15.33235
20260710_105754_L484;20260710_105754;10.07.2026;10:04:00;484;31;8144;53;U2315Z1;Úvaly,žel.st.;50.07411;14.72314
20260710_105754_L521;20260710_105754;10.07.2026;10:48:00;521;2;9766;10;U9735Z2;Příbram,aut.nádr.;49.67853;13.99466
20260710_105754_L463;20260710_105754;10.07.2026;10:42:00;463;6;9577;13;U3389Z1;Mladá Boleslav,aut.st.;50.41967;14.91715
20260710_105754_L695;20260710_105754;10.07.2026;10:44:00;695;39;8015;14;U6099Z1;Mšeno;50.4523;14.62214
20260710_105754_L345;20260710_105754;10.07.2026;10:42:00;345;16;1864;10;U2987Z7;Praha,Černý Most;50.4198;14.91617
20260710_105754_L662;20260710_105754;10.07.2026;10:44:00;662;36;8583;11;U2420Z2;Český Brod,žel.st.;50.09471;14.86428
20260710_105754_L405;20260710_105754;10.07.2026;10:42:00;405;61;1419;10;U31019Z7;Praha,Černý Most;50.60694;15.50685
20260710_105754_L375;20260710_105754;10.07.2026;10:45:00;375;1;8253;13;U3001Z2;Brandýs n.L.-St.Bol.,žel.st.;50.20447;14.69029
20260710_105754_L136;20260710_105754;10.07.2026;10:44:00;136;9;5542;14;U2787Z2P;Jižní Město;50.08812;14.45758
20260710_105754_L112;20260710_105754;10.07.2026;09:24:00;112;22;5086;91;U765Z1P;Nádraží Holešovice;50.10787;14.43684
20260710_105754_L136;20260710_105754;10.07.2026;10:45:00;136;8;5556;13;U37Z1P;Jižní Město;50.06112;14.46947
20260710_110155_L801;20260710_110155;10.07.2026;10:50:00;801;6;1828;10;U7340Z1;Hlízov,u váhy;49.94921;15.27062
20260710_110155_L484;20260710_110155;10.07.2026;10:04:00;484;31;8144;57;U2315Z1;Úvaly,žel.st.;50.07411;14.72314
20260710_110155_L702;20260710_110155;10.07.2026;10:48:00;702;53;1604;13;U6671Z2;Kolín,nádraží;49.98892;15.21611
20260710_110155_L650;20260710_110155;10.07.2026;10:50:00;650;25;12558;10;U31414Z1;Budyně n.Ohří,Pražská;50.53314;14.13814
20260710_110155_L650;20260710_110155;10.07.2026;10:49:00;650;22;12536;10;U4438Z1;Kladno,autobusové nádraží;50.32963;14.138
20260710_110155_L695;20260710_110155;10.07.2026;10:47:00;695;39;8015;14;U6101Z1;Mšeno;50.43798;14.63324
20260710_110155_L538;20260710_110155;10.07.2026;10:52:00;538;3;7585;10;U6744Z2;Městec Králové,nám.;50.21519;15.22634
20260710_110155_L768;20260710_110155;10.07.2026;10:47:00;768;26;8559;15;U4431Z1;Byšice;50.30477;14.70533
20260710_110155_L400;20260710_110155;10.07.2026;10:49:00;400;58;1082;11;U32674Z2;Rumburk,žel.st.;50.7889;14.45559
20260710_110155_L406;20260710_110155;10.07.2026;10:48:00;406;13;7943;10;U1384Z16;Vlašim,žel.st.;49.78006;14.68327
20260710_110155_L388;20260710_110155;10.07.2026;10:52:00;388;14;7763;10;U4776Z2;Praha,Nádraží Veleslavín;50.22825;14.09555
20260710_110155_L116;20260710_110155;10.07.2026;10:50:00;116;2;2050;11;U177Z2P;Dejvická;50.11307;14.394
20260710_110155_L381;20260710_110155;10.07.2026;10:51:00;381;6;9376;10;U2151Z2;Praha,Háje;49.95539;15.02944
20260710_110155_L405;20260710_110155;10.07.2026;10:42:00;405;61;1419;14;U31019Z7;Praha,Černý Most;50.60686;15.50684
20260710_110155_L136;20260710_110155;10.07.2026;10:47:00;136;9;5542;15;U516Z3P;Jižní Město;50.0821;14.45943
20260710_110155_L112;20260710_110155;10.07.2026;09:24:00;112;22;5086;93;U765Z1P;Nádraží Holešovice;50.10787;14.43684
20260710_110155_L136;20260710_110155;10.07.2026;10:48:00;136;8;5556;13;U751Z2P;Jižní Město;50.05258;14.47512
20260710_110555_L177;20260710_110555;10.07.2026;10:52:00;177;4;6788;13;U467Z2P;Poliklinika Mazurská;50.12923;14.48228
20260710_110555_L116;20260710_110555;10.07.2026;10:52:00;116;2;2050;13;U162Z6P;Dejvická;50.10592;14.39469
20260710_110555_L650;20260710_110555;10.07.2026;10:54:00;650;22;12536;11;U9127Z1;Kladno,autobusové nádraží;50.30981;14.13634
20260710_110555_L801;20260710_110555;10.07.2026;10:55:00;801;6;1828;10;U2481Z1;Hlízov,u váhy;49.95463;15.27788
20260710_110555_L388;20260710_110555;10.07.2026;10:54:00;388;14;7763;11;U4775Z2;Praha,Nádraží Veleslavín;50.22124;14.12165
20260710_110555_L520;20260710_110555;10.07.2026;10:55:00;520;1;9604;10;U1851Z7;Hřiměždice,Vestec;49.78118;14.16867
20260710_110555_L768;20260710_110555;10.07.2026;10:51:00;768;26;8559;13;U2978Z5;Byšice;50.32889;14.71457
20260710_110555_L538;20260710_110555;10.07.2026;10:55:00;538;3;7585;11;U6743Z2;Městec Králové,nám.;50.19296;15.23382
20260710_110555_L339;20260710_110555;10.07.2026;10:53:00;339;14;9364;11;U4861Z2;Praha,Budějovická;50.0026;14.48218
20260710_110555_L381;20260710_110555;10.07.2026;10:56:00;381;6;9376;10;U2149Z2;Praha,Háje;49.96119;15.00506
20260710_110555_L384;20260710_110555;10.07.2026;10:55:00;384;16;9867;10;U1230Z2;Hořovice,nám.B.Němcové;49.87429;13.8935
20260710_110555_L484;20260710_110555;10.07.2026;10:04:00;484;31;8144;61;U2315Z1;Úvaly,žel.st.;50.07411;14.72314
20260710_110555_L693;20260710_110555;10.07.2026;10:52:00;693;7;1366;13;U6101Z2;Nosálov,Libovice;50.44536;14.6408
20260710_110555_L332;20260710_110555;10.07.2026;10:51:00;332;2;9192;15;U4467Z2;Neveklov;49.79211;14.48694
20260710_110555_L136;20260710_110555;10.07.2026;10:51:00;136;9;5542;15;U518Z3P;Jižní Město;50.07589;14.45901
20260710_110555_L136;20260710_110555;10.07.2026;10:52:00;136;8;5556;13;U417Z1P;Jižní Město;50.04291;14.48778
20260710_110955_L650;20260710_110955;10.07.2026;10:57:00;650;22;12536;10;U9123Z1;Kladno,autobusové nádraží;50.29987;14.09955
20260710_110955_L406;20260710_110955;10.07.2026;10:59:00;406;13;7943;10;U5937Z1;Vlašim,žel.st.;49.77842;14.71699
20260710_110955_L693;20260710_110955;10.07.2026;10:56:00;693;7;1366;13;U9351Z1;Nosálov,Libovice;50.44743;14.66206
20260710_110955_L768;20260710_110955;10.07.2026;10:57:00;768;26;8559;12;U6124Z2;Byšice;50.32872;14.68917
20260710_110955_L705;20260710_110955;10.07.2026;10:55:00;705;38;8684;14;U9370Z1;Čáslav,obchodní centrum;49.91458;15.39482
20260710_110955_L484;20260710_110955;10.07.2026;10:04:00;484;31;8144;65;U2315Z1;Úvaly,žel.st.;50.07411;14.72314
20260710_110955_L795;20260710_110955;10.07.2026;10:55:00;795;37;7867;10;U7317Z3;Vlašim,žel.st.;49.74632;15.02869
20260710_110955_L702;20260710_110955;10.07.2026;10:55:00;702;53;1604;14;U6667Z2;Kolín,nádraží;50.0181;15.21712
20260710_110955_L332;20260710_110955;10.07.2026;10:56:00;332;2;9192;13;U4465Z2;Neveklov;49.78178;14.52302
20260710_110955_L339;20260710_110955;10.07.2026;10:57:00;339;14;9364;11;U799Z3;Praha,Budějovická;50.01858;14.46676
20260710_110955_L177;20260710_110955;10.07.2026;10:59:00;177;4;6788;10;U675Z3P;Poliklinika Mazurská;50.1247;14.45511
20260710_110955_L388;20260710_110955;10.07.2026;10:56:00;388;14;7763;10;U4774Z2;Praha,Nádraží Veleslavín;50.19723;14.15661
20260710_110955_L311;20260710_110955;10.07.2026;10:56:00;311;40;9555;10;U1601Z1;Řevnice,nádraží;49.91548;14.23388
20260710_110955_L384;20260710_110955;10.07.2026;10:58:00;384;16;9867;10;U9613Z2;Hořovice,nám.B.Němcové;49.85291;13.88864
20260710_110955_L136;20260710_110955;10.07.2026;10:56:00;136;9;5542;13;U29Z1P;Jižní Město;50.07256;14.47046
20260710_110955_L136;20260710_110955;10.07.2026;10:57:00;136;8;5556;13;U344Z1P;Jižní Město;50.03149;14.50542
20260710_111356_L177;20260710_111356;10.07.2026;11:04:00;177;4;6788;10;U581Z1P;Poliklinika Mazurská;50.12912;14.43113
20260710_111356_L136;20260710_111356;10.07.2026;10:58:00;136;9;5542;13;U680Z3P;Jižní Město;50.06229;14.46946
20260710_111356_L384;20260710_111356;10.07.2026;11:02:00;384;16;9867;10;U9615Z2;Hořovice,nám.B.Němcové;49.84194;13.89557
20260710_111356_L354;20260710_111356;10.07.2026;11:01:00;354;12;1677;12;U155Z2;Praha,Černý Most;50.11786;14.62761
20260710_111356_L521;20260710_111356;10.07.2026;11:02:00;521;13;9558;10;U7906Z1;Věšín,Buková;49.61298;13.84178
20260710_111356_L309;20260710_111356;10.07.2026;11:02:00;309;76;9596;11;U1142Z2;Praha,Zličín;50.05454;14.28187
20260710_111356_L650;20260710_111356;10.07.2026;11:03:00;650;22;12536;10;U4878Z1;Kladno,autobusové nádraží;50.28276;14.0926
20260710_111356_L693;20260710_111356;10.07.2026;10:59:00;693;7;1366;13;U6136Z1;Nosálov,Libovice;50.46187;14.66663
20260710_111356_L805;20260710_111356;10.07.2026;11:02:00;805;18;7636;10;U6668Z1;Zruč n.Sáz.,Sázavan;50.0054;15.22998
20260710_111356_L484;20260710_111356;10.07.2026;10:04:00;484;31;8144;69;U2315Z1;Úvaly,žel.st.;50.07411;14.72314
20260710_111356_L801;20260710_111356;10.07.2026;11:03:00;801;6;1828;10;U6691Z1;Hlízov,u váhy;49.95964;15.28573
20260710_111356_L768;20260710_111356;10.07.2026;11:00:00;768;26;8559;12;U6085Z1;Byšice;50.32016;14.67876
20260710_111356_L440;20260710_111356;10.07.2026;11:04:00;440;48;1138;10;U2491Z1;Štěchovice,Masečín;49.85014;14.40344
20260710_111356_L332;20260710_111356;10.07.2026;11:01:00;332;2;9192;13;U4462Z2;Neveklov;49.76016;14.52773
20260710_111356_L339;20260710_111356;10.07.2026;11:02:00;339;14;9364;12;U488Z7;Praha,Budějovická;50.03042;14.45512
20260710_111356_L702;20260710_111356;10.07.2026;11:02:00;702;53;1604;11;U2816Z4;Suchdol;50.0223;15.2112
20260710_111356_L821;20260710_111356;10.07.2026;11:00:00;821;69;1606;10;U1984Z3;Sázava,aut.st.;49.957;14.95578
20260710_111356_L821;20260710_111356;10.07.2026;11:00:00;821;51;1615;12;U1984Z4;Kolín,nádraží;49.9664;14.98103
20260710_111356_L419;20260710_111356;10.07.2026;11:02:00;419;61;9571;11;U1852Z52;Karlík;49.92878;14.27295
20260710_111356_L116;20260710_111356;10.07.2026;11:01:00;116;2;2050;13;U321Z7P;Bořislavka;50.10106;14.39427
20260710_111356_L136;20260710_111356;10.07.2026;11:01:00;136;8;5556;13;U916Z1P;Jižní Město;50.0251;14.51474
20260710_111756_L897;20260710_111756;10.07.2026;11:08:00;897;3;8553;10;U2431Z2;Lysá n.L.,žel.st.;50.20004;14.84128
20260710_111756_L821;20260710_111756;10.07.2026;11:07:00;821;51;1615;11;U2934Z1;Kolín,nádraží;49.98657;15.0036
20260710_111756_L177;20260710_111756;10.07.2026;11:08:00;177;4;6788;10;U371Z1P;Poliklinika Mazurská;50.12841;14.41702
20260710_111756_L311;20260710_111756;10.07.2026;11:08:00;311;75;9579;10;U1646Z2;Praha,Zličín;50.0371;14.24007
20260710_111756_L484;20260710_111756;10.07.2026;10:04:00;484;31;8144;73;U2315Z1;Úvaly,žel.st.;50.07411;14.72314
20260710_111756_L149;20260710_111756;10.07.2026;11:08:00;149;6;4193;10;U968Z1P;Stodůlky-Bavorská;50.05484;14.34512
20260710_111756_L136;20260710_111756;10.07.2026;11:03:00;136;9;5542;15;U751Z2P;Jižní Město;50.05258;14.47514
20260710_111756_L406;20260710_111756;10.07.2026;11:06:00;406;15;7938;11;U2139Z1;Praha,Roztyly;49.79603;14.67973
20260710_111756_L650;20260710_111756;10.07.2026;11:06:00;650;22;12536;11;U9200Z1;Kladno,autobusové nádraží;50.26373;14.09317
20260710_111756_L407;20260710_111756;10.07.2026;11:06:00;407;39;7530;12;U31735Z2;Praha,Smíchovské nádraží;49.51685;14.03743
20260710_111756_L805;20260710_111756;10.07.2026;11:02:00;805;18;7636;14;U6668Z1;Zruč n.Sáz.,Sázavan;50.00544;15.23027
20260710_111756_L668;20260710_111756;10.07.2026;11:05:00;668;16;8079;11;U9180Z2;Mělník,aut.nádr.;50.39963;14.60415
20260710_111756_L693;20260710_111756;10.07.2026;11:05:00;693;7;1366;13;U6133Z1;Nosálov,Libovice;50.4742;14.66776
20260710_111756_L768;20260710_111756;10.07.2026;11:06:00;768;26;8559;11;U2976Z1;Byšice;50.30346;14.64723
20260710_111756_L521;20260710_111756;10.07.2026;11:05:00;521;13;9558;11;U5768Z1;Věšín,Buková;49.6212;13.82528
20260710_111756_L354;20260710_111756;10.07.2026;11:06:00;354;12;1677;12;U859Z2;Praha,Černý Most;50.11393;14.6038
20260710_111756_L384;20260710_111756;10.07.2026;11:07:00;384;16;9867;11;U9617Z2;Hořovice,nám.B.Němcové;49.83613;13.90284
20260710_111756_L116;20260710_111756;10.07.2026;11:01:00;116;2;2050;17;U321Z7P;Bořislavka;50.10107;14.39429
20260710_111756_L136;20260710_111756;10.07.2026;11:04:00;136;8;5556;14;U286Z5P;Jižní Město;50.03077;14.5298
20260710_112156_L116;20260710_112156;10.07.2026;11:01:00;116;2;2050;19;U321Z7P;Bořislavka;50.10107;14.39429
20260710_112156_L459;20260710_112156;10.07.2026;11:10:00;459;71;7884;11;U4886Z19;Olbramovice,žel.st.;49.41245;14.6761
20260710_112156_L668;20260710_112156;10.07.2026;11:09:00;668;16;8079;11;U6116Z2;Mělník,aut.nádr.;50.38567;14.58785
20260710_112156_L311;20260710_112156;10.07.2026;11:11:00;311;75;9579;10;U1190Z2;Praha,Zličín;50.04546;14.2603
20260710_112156_L484;20260710_112156;10.07.2026;10:04:00;484;31;8144;77;U2315Z1;Úvaly,žel.st.;50.07411;14.72314
20260710_112156_L717;20260710_112156;10.07.2026;11:09:00;717;39;8603;11;U31098Z1;Turnov,Na Lukách;50.57813;15.0781
20260710_112156_L650;20260710_112156;10.07.2026;11:08:00;650;22;12536;13;U9272Z1;Kladno,autobusové nádraží;50.25128;14.0955
20260710_112156_L580;20260710_112156;10.07.2026;11:12:00;580;30;7738;10;U9919Z1;Rakovník,aut.st.;50.13993;13.76213
20260710_112156_L795;20260710_112156;10.07.2026;11:09:00;795;37;7867;10;U5743Z2;Vlašim,žel.st.;49.70118;15.00443
20260710_112156_L805;20260710_112156;10.07.2026;11:02:00;805;18;7636;18;U6668Z1;Zruč n.Sáz.,Sázavan;50.00544;15.23027
20260710_112156_L693;20260710_112156;10.07.2026;11:08:00;693;7;1366;13;U6132Z2;Mšeno;50.46971;14.64631
20260710_112156_L136;20260710_112156;10.07.2026;11:07:00;136;9;5542;15;U417Z1P;Jižní Město;50.04354;14.4873
20260710_112156_L354;20260710_112156;10.07.2026;11:09:00;354;12;1677;12;U897Z11;Praha,Černý Most;50.10969;14.57802
20260710_112156_L372;20260710_112156;10.07.2026;11:10:00;372;6;8033;10;U2235Z1;Kralupy n.Vlt.,žel.st.;50.2416;14.31093
20260710_112556_L431;20260710_112556;10.07.2026;11:15:00;431;1;1814;10;U3379Z4;Boreč,Žebice;50.28591;14.82748
20260710_112556_L136;20260710_112556;10.07.2026;11:11:00;136;9;5542;14;U424Z1P;Jižní Město;50.03344;14.49935
20260710_112556_L311;20260710_112556;10.07.2026;11:13:00;311;75;9579;11;U1643Z2;Praha,Zličín;50.05125;14.27372
20260710_112556_L686;20260710_112556;10.07.2026;11:13:00;686;33;8142;11;U2315Z1;Úvaly,žel.st.;50.074;14.72327
20260710_112556_L459;20260710_112556;10.07.2026;11:13:00;459;71;7884;12;U31278Z1;Olbramovice,žel.st.;49.41404;14.66242
20260710_112556_L396;20260710_112556;10.07.2026;11:15:00;396;14;7991;10;U1672Z2;Přezletice,Vinořská;50.15384;14.5841
20260710_112556_L668;20260710_112556;10.07.2026;11:12:00;668;16;8079;11;U6115Z2;Mělník,aut.nádr.;50.38255;14.5691
20260710_112556_L300;20260710_112556;10.07.2026;11:16:00;300;1;8949;10;U4302Z52;Smečno;50.14594;14.19942
20260710_112556_L406;20260710_112556;10.07.2026;11:15:00;406;28;7927;10;U2139Z2;Vlašim,žel.st.;49.78733;14.68391
20260710_112556_L717;20260710_112556;10.07.2026;11:14:00;717;39;8603;12;U31094Z1;Turnov,Na Lukách;50.57987;15.09243
20260710_112556_L639;20260710_112556;10.07.2026;11:14:00;639;8;9586;11;U9850Z1;Dobříš,nám.;49.86339;13.99214
20260710_112556_L702;20260710_112556;10.07.2026;11:15:00;702;53;1604;11;U6675Z1;Suchdol;49.97159;15.20154
20260710_112556_L821;20260710_112556;10.07.2026;11:15:00;821;51;1615;10;U2300Z1;Kolín,nádraží;50.00583;14.97553
20260710_112556_L805;20260710_112556;10.07.2026;11:02:00;805;18;7636;22;U6668Z1;Zruč n.Sáz.,Sázavan;50.00544;15.23027
20260710_112556_L388;20260710_112556;10.07.2026;11:11:00;388;14;7763;14;U776Z2;Praha,Nádraží Veleslavín;50.10982;14.28087
20260710_112556_L484;20260710_112556;10.07.2026;10:04:00;484;31;8144;81;U2315Z1;Úvaly,žel.st.;50.07411;14.72314
20260710_112556_L471;20260710_112556;10.07.2026;11:14:00;471;30;7504;10;U7027Z1;Solenice;49.61677;14.1693
20260710_112957_L775;20260710_112957;10.07.2026;11:19:00;775;31;9800;10;U3066Z2;Mladá Boleslav,aut.st.;50.40912;14.92052
20260710_112957_L689;20260710_112957;10.07.2026;11:16:00;689;7;1366;13;U9182Z1;Stránka,Ostrý;50.43742;14.63436
20260710_112957_L717;20260710_112957;10.07.2026;11:17:00;717;39;8603;13;U31179Z1;Turnov,Na Lukách;50.58387;15.12079
20260710_112957_L388;20260710_112957;10.07.2026;11:15:00;388;14;7763;14;U218Z2;Praha,Nádraží Veleslavín;50.0959;14.29294
20260710_112957_L702;20260710_112957;10.07.2026;11:19:00;702;53;1604;10;U6949Z1;Suchdol;49.97283;15.1762
20260710_112957_L384;20260710_112957;10.07.2026;11:19:00;384;23;9890;10;U1745Z2;Praha,Zličín;49.96528;14.07195
20260710_112957_L459;20260710_112957;10.07.2026;11:18:00;459;71;7884;11;U31275Z2;Olbramovice,žel.st.;49.43695;14.65899
20260710_112957_L484;20260710_112957;10.07.2026;10:04:00;484;31;8144;85;U2315Z1;Úvaly,žel.st.;50.07411;14.72314
20260710_112957_L396;20260710_112957;10.07.2026;11:15:00;396;14;7991;14;U1672Z2;Přezletice,Vinořská;50.15384;14.5841
20260710_112957_L821;20260710_112957;10.07.2026;11:18:00;821;51;1615;10;U4148Z1;Kolín,nádraží;50.00799;14.99384
20260710_112957_L668;20260710_112957;10.07.2026;11:19:00;668;16;8079;11;U4352Z2;Mělník,aut.nádr.;50.38076;14.54191
20260710_112957_L431;20260710_112957;10.07.2026;11:15:00;431;1;1814;14;U3379Z4;Boreč,Žebice;50.28935;14.82509
20260710_112957_L300;20260710_112957;10.07.2026;11:19:00;300;1;8949;10;U4303Z52;Smečno;50.15422;14.18674
20260710_112957_L639;20260710_112957;10.07.2026;11:14:00;639;8;9586;13;U9850Z1;Dobříš,nám.;49.85236;14.0032
20260710_112957_L805;20260710_112957;10.07.2026;11:02:00;805;18;7636;26;U6668Z1;Zruč n.Sáz.,Sázavan;50.00544;15.23027
20260710_113357_L213;20260710_113357;10.07.2026;11:24:00;213;2;4157;10;U29Z2P;Želivského;50.07143;14.47078
20260710_113357_L640;20260710_113357;10.07.2026;11:22:00;640;15;9540;10;U9812Z2;Hostomice,nám.;49.82574;14.04236
20260710_113357_L580;20260710_113357;10.07.2026;11:23:00;580;30;7738;10;U2454Z1;Rakovník,aut.st.;50.10619;13.73136
20260710_113357_L311;20260710_113357;10.07.2026;11:21:00;311;40;9555;11;U1626Z2;Praha,Zličín;49.92549;14.26518
20260710_113357_L389;20260710_113357;10.07.2026;11:20:00;389;12;7762;11;U80Z3;Chomutov,žel.st.;50.11771;14.28093
20260710_113357_L396;20260710_113357;10.07.2026;11:15:00;396;14;7991;18;U1672Z2;Přezletice,Vinořská;50.15384;14.5841
20260710_113357_L380;20260710_113357;10.07.2026;11:23:00;380;7;9978;10;U1643Z2;Praha,Vypich;50.05108;14.27345
20260710_113357_L384;20260710_113357;10.07.2026;11:21:00;384;23;9890;12;U4273Z1;Praha,Zličín;49.96907;14.08148
20260710_113357_L388;20260710_113357;10.07.2026;11:19:00;388;14;7763;14;U85Z1;Praha,Nádraží Veleslavín;50.09266;14.32329
20260710_113357_L300;20260710_113357;10.07.2026;11:21:00;300;1;8949;10;U4304Z1;Smečno;50.14595;14.15358
20260710_113357_L783;20260710_113357;10.07.2026;11:21:00;783;7;7631;11;U2480Z3;Bernardov;49.95282;15.27226
20260710_113357_L668;20260710_113357;10.07.2026;11:23:00;668;16;8079;10;U3350Z1;Mělník,aut.nádr.;50.36799;14.50922
20260710_113357_L639;20260710_113357;10.07.2026;11:20:00;639;8;9586;14;U9849Z1;Dobříš,nám.;49.85224;14.03521
20260710_113357_L484;20260710_113357;10.07.2026;10:04:00;484;31;8144;89;U2315Z1;Úvaly,žel.st.;50.07411;14.72314
20260710_113357_L689;20260710_113357;10.07.2026;11:20:00;689;7;1366;12;U6125Z1;Stránka,Ostrý;50.42968;14.68068
20260710_113357_L431;20260710_113357;10.07.2026;11:20:00;431;1;1814;13;U4347Z2;Boreč,Žebice;50.29385;14.82993
20260710_113357_L431;20260710_113357;10.07.2026;11:20:00;431;3;1800;13;U6104Z2;Lysá n.L.,žel.st.;50.29023;14.78821
20260710_113357_L717;20260710_113357;10.07.2026;11:19:00;717;39;8603;12;U31093Z1;Turnov,Na Lukách;50.5879;15.13931
20260710_113357_L775;20260710_113357;10.07.2026;11:22:00;775;31;9800;10;U3389Z1;Mladá Boleslav,aut.st.;50.41527;14.91056
20260710_113357_L705;20260710_113357;10.07.2026;11:20:00;705;50;1614;11;U5861Z1;Kutná Hora,Karlov,Na Rovinách;49.95236;15.26617
20260710_113357_L407;20260710_113357;10.07.2026;11:19:00;407;39;7530;14;U5820Z2;Praha,Smíchovské nádraží;49.61503;14.05604
20260710_113357_L805;20260710_113357;10.07.2026;11:02:00;805;18;7636;29;U6668Z1;Zruč n.Sáz.,Sázavan;50.00253;15.2388
20260710_113757_L396;20260710_113757;10.07.2026;11:15:00;396;14;7991;22;U1672Z2;Přezletice,Vinořská;50.15384;14.5841
20260710_113757_L459;20260710_113757;10.07.2026;11:28:00;459;71;7884;10;U32536Z2;Olbramovice,žel.st.;49.47804;14.6775
20260710_113757_L311;20260710_113757;10.07.2026;11:25:00;311;40;9555;11;U2570Z2;Praha,Zličín;49.92561;14.24219
20260710_113757_L640;20260710_113757;10.07.2026;11:22:00;640;15;9540;14;U9812Z2;Hostomice,nám.;49.82574;14.04236
20260710_113757_L668;20260710_113757;10.07.2026;11:27:00;668;16;8079;10;U3341Z2;Mělník,aut.nádr.;50.34847;14.49207
20260710_113757_L431;20260710_113757;10.07.2026;11:24:00;431;3;1800;12;U6112Z2;Lysá n.L.,žel.st.;50.26981;14.78568
20260710_113757_L484;20260710_113757;10.07.2026;10:04:00;484;31;8144;93;U2315Z1;Úvaly,žel.st.;50.07411;14.72314
20260710_113757_L407;20260710_113757;10.07.2026;11:23:00;407;39;7530;14;U7719Z2;Praha,Smíchovské nádraží;49.63331;14.04654
20260710_113757_L650;20260710_113757;10.07.2026;11:24:00;650;25;12558;11;U31426Z1;Budyně n.Ohří,Pražská;50.43079;14.16868
20260710_113757_L300;20260710_113757;10.07.2026;11:27:00;300;1;8949;10;U4306Z1;Smečno;50.13539;14.1224
20260710_113757_L431;20260710_113757;10.07.2026;11:23:00;431;1;1814;15;U2979Z1;Boreč,Žebice;50.31065;14.81151
20260710_113757_L388;20260710_113757;10.07.2026;11:19:00;388;14;7763;15;U85Z1;Praha,Nádraží Veleslavín;50.09549;14.34707
20260710_113757_L114;20260710_113757;10.07.2026;11:24:00;114;4;5032;13;U228Z2P;Šeberák;50.03797;14.45751
20260710_113757_L650;20260710_113757;10.07.2026;11:23:00;650;22;12536;13;U4804Z2;Kladno,autobusové nádraží;50.21147;14.07142
20260710_113757_L406;20260710_113757;10.07.2026;11:27:00;406;28;7927;10;U5898Z1;Vlašim,žel.st.;49.78726;14.69922
20260710_113757_L384;20260710_113757;10.07.2026;11:21:00;384;23;9890;13;U4273Z1;Praha,Zličín;49.9773;14.10855
20260710_113757_L821;20260710_113757;10.07.2026;11:26:00;821;69;1606;11;U2390Z1;Sázava,aut.st.;49.91311;14.96691
20260710_113757_L770;20260710_113757;10.07.2026;11:24:00;770;50;7815;10;U7807Z2;Benešov,Terminál;49.8083;14.72087
20260710_113757_L783;20260710_113757;10.07.2026;11:26:00;783;7;7631;11;U2482Z1;Bernardov;49.95895;15.28255
20260710_113757_L580;20260710_113757;10.07.2026;11:26:00;580;30;7738;11;U4338Z1;Rakovník,aut.st.;50.10237;13.73145
20260710_113757_L460;20260710_113757;10.07.2026;11:28:00;460;67;1634;10;U4981Z4;Bečváry,Poďousy;50.00345;15.04333
20260710_113757_L705;20260710_113757;10.07.2026;11:25:00;705;50;1614;11;U2480Z7;Kutná Hora,Karlov,Na Rovinách;49.9568;15.27656
20260710_114158_L754;20260710_114158;10.07.2026;11:32:00;754;13;7225;10;U5714Z1;Příbram,aut.nádr.;49.6768;14.28753
20260710_114158_L407;20260710_114158;10.07.2026;11:23:00;407;39;7530;15;U7719Z2;Praha,Smíchovské nádraží;49.67214;14.06546
20260710_114158_L548;20260710_114158;10.07.2026;11:29:00;548;13;9546;11;U9780Z2;Hořovice,nemocnice;49.83908;13.90923
20260710_114158_L821;20260710_114158;10.07.2026;11:30:00;821;51;1615;11;U9000Z1;Kolín,nádraží;50.00787;15.06552
20260710_114158_L413;20260710_114158;10.07.2026;11:32:00;413;63;7092;10;U31434Z2;Litoměřice,aut.nádr.;50.48383;14.17398
20260710_114158_L384;20260710_114158;10.07.2026;11:28:00;384;23;9890;12;U2372Z2;Praha,Zličín;49.98972;14.14395
20260710_114158_L356;20260710_114158;10.07.2026;11:31:00;356;35;8790;10;U776Z2;Praha,Obchodní centrum Ruzyně;50.10985;14.28334
20260710_114158_L396;20260710_114158;10.07.2026;11:15:00;396;14;7991;26;U1672Z2;Přezletice,Vinořská;50.15384;14.5841
20260710_114158_L311;20260710_114158;10.07.2026;11:27:00;311;40;9555;12;U2569Z1;Praha,Zličín;49.92545;14.22843
20260710_114158_L640;20260710_114158;10.07.2026;11:22:00;640;15;9540;18;U9812Z2;Hostomice,nám.;49.82574;14.04236
20260710_114158_L821;20260710_114158;10.07.2026;11:30:00;821;69;1606;11;U2049Z3;Sázava,aut.st.;49.89645;14.94578
20260710_114158_L428;20260710_114158;10.07.2026;11:29:00;428;10;7232;11;U31735Z3;Strakonice,aut.nádr.;49.50231;14.03215
20260710_114158_L400;20260710_114158;10.07.2026;11:31:00;400;54;1089;10;U6060Z2;Praha,Střížkov;50.42003;14.46283
20260710_114158_L783;20260710_114158;10.07.2026;11:31:00;783;7;7631;10;U9367Z1;Bernardov;49.96258;15.29927
20260710_114158_L114;20260710_114158;10.07.2026;11:29:00;114;4;5032;12;U819Z1P;Šeberák;50.02428;14.46014
20260710_114158_L400;20260710_114158;10.07.2026;11:30:00;400;25;11695;11;U332Z2;Nový Bor,aut.nádr.;50.12551;14.48991
20260710_114158_L705;20260710_114158;10.07.2026;11:30:00;705;50;1614;11;U2481Z2;Kutná Hora,Karlov,Na Rovinách;49.95201;15.2747
20260710_114158_L484;20260710_114158;10.07.2026;10:04:00;484;31;8144;97;U2315Z1;Úvaly,žel.st.;50.07411;14.72314
20260710_114558_L406;20260710_114558;10.07.2026;11:35:00;406;13;7943;10;U9391Z7;Čechtice;49.7005;14.89811
20260710_114558_L548;20260710_114558;10.07.2026;11:29:00;548;13;9546;16;U9780Z2;Hořovice,nemocnice;49.83909;13.90922
20260710_114558_L384;20260710_114558;10.07.2026;11:32:00;384;23;9890;13;U2370Z2;Praha,Zličín;49.99353;14.16106
20260710_114558_L114;20260710_114558;10.07.2026;11:34:00;114;4;5032;12;U799Z1P;Šeberák;50.0124;14.4782
20260710_114558_L783;20260710_114558;10.07.2026;11:36:00;783;7;7631;10;U6660Z1;Bernardov;49.97044;15.32395
20260710_114558_L650;20260710_114558;10.07.2026;11:32:00;650;22;12536;13;U9104Z2;Kladno,autobusové nádraží;50.17785;14.01601
20260710_114558_L381;20260710_114558;10.07.2026;11:35:00;381;3;1678;10;U2478Z1;Čáslav,obchodní centrum;49.9474;15.25515
20260710_114558_L149;20260710_114558;10.07.2026;11:36:00;149;6;4193;10;U396Z2P;Dejvická;50.05885;14.37273
20260710_114558_L640;20260710_114558;10.07.2026;11:22:00;640;15;9540;22;U9812Z2;Hostomice,nám.;49.82574;14.04236
20260710_114558_L821;20260710_114558;10.07.2026;11:33:00;821;51;1615;10;U5000Z1;Kolín,nádraží;49.99457;15.09304
20260710_114558_L754;20260710_114558;10.07.2026;11:34:00;754;13;7225;11;U5711Z1;Příbram,aut.nádr.;49.6739;14.26612
20260710_114558_L396;20260710_114558;10.07.2026;11:15:00;396;14;7991;30;U1672Z2;Přezletice,Vinořská;50.15384;14.5841
20260710_114558_L413;20260710_114558;10.07.2026;11:34:00;413;63;7092;10;U32614Z1;Litoměřice,aut.nádr.;50.51326;14.17233
20260710_114558_L400;20260710_114558;10.07.2026;11:34:00;400;54;1089;11;U3316Z4;Praha,Střížkov;50.40523;14.4478
20260710_114558_L380;20260710_114558;10.07.2026;11:36:00;380;7;9978;10;U395Z3;Praha,Vypich;50.0659;14.32607
20260710_114558_L400;20260710_114558;10.07.2026;11:30:00;400;25;11695;15;U332Z2;Nový Bor,aut.nádr.;50.1277;14.48683
20260710_114558_L460;20260710_114558;10.07.2026;11:33:00;460;67;1634;11;U4197Z1;Bečváry,Poďousy;49.99419;15.03984
20260710_114558_L821;20260710_114558;10.07.2026;11:34:00;821;69;1606;10;U2161Z2;Sázava,aut.st.;49.89504;14.92677
20260710_114558_L459;20260710_114558;10.07.2026;11:35:00;459;71;7884;10;U9504Z1;Olbramovice,žel.st.;49.50799;14.65891
20260710_114558_L705;20260710_114558;10.07.2026;11:34:00;705;50;1614;11;U7129Z2;Kutná Hora,Karlov,Na Rovinách;49.94829;15.28251
20260710_114558_L484;20260710_114558;10.07.2026;10:04:00;484;31;8144;101;U2315Z1;Úvaly,žel.st.;50.07411;14.72314
20260710_114558_L300;20260710_114558;10.07.2026;11:36:00;300;1;8949;10;U4313Z3;Smečno;50.14432;14.09199
20260710_114558_L428;20260710_114558;10.07.2026;11:29:00;428;10;7232;12;U31735Z3;Strakonice,aut.nádr.;49.48474;14.02082
20260710_114558_L506;20260710_114558;10.07.2026;11:34:00;506;3;9532;10;U9697Z1;Příbram,Zdaboř,Červená;49.69183;14.00299
20260710_114958_L861;20260710_114958;10.07.2026;11:35:00;861;87;9769;14;U4337Z1;Beroun,autobusové nádraží;49.95773;14.07378
20260710_114958_L460;20260710_114958;10.07.2026;11:38:00;460;67;1634;11;U4981Z3;Bečváry,Poďousy;50.00953;15.04641
20260710_114958_L484;20260710_114958;10.07.2026;10:04:00;484;31;8144;105;U2315Z1;Úvaly,žel.st.;50.07411;14.72314
20260710_114958_L754;20260710_114958;10.07.2026;11:37:00;754;13;7225;12;U7787Z1;Příbram,aut.nádr.;49.68075;14.2225
20260710_114958_L783;20260710_114958;10.07.2026;11:39:00;783;7;7631;10;U6624Z3;Bernardov;49.98858;15.35152
20260710_114958_L548;20260710_114958;10.07.2026;11:29:00;548;13;9546;20;U9780Z2;Hořovice,nemocnice;49.83909;13.90922
20260710_114958_L650;20260710_114958;10.07.2026;11:35:00;650;22;12536;13;U4932Z2;Kladno,autobusové nádraží;50.15444;14.0322
20260710_114958_L428;20260710_114958;10.07.2026;11:29:00;428;10;7232;13;U31735Z3;Strakonice,aut.nádr.;49.4719;14.05461
20260710_114958_L408;20260710_114958;10.07.2026;11:37:00;408;60;7811;10;U2139Z2;Tábor,aut.nádr.;49.78012;14.68315
20260710_114958_L785;20260710_114958;10.07.2026;11:38:00;785;17;7597;10;U6685Z1;Kácov,nám.;49.96937;15.25832
20260710_114958_L402;20260710_114958;10.07.2026;11:36:00;402;4;7673;12;U7057Z71;Čáslav,aut.st.;49.74634;15.09789
20260710_114958_L413;20260710_114958;10.07.2026;11:37:00;413;63;7092;12;U31433Z2;Litoměřice,aut.nádr.;50.51309;14.15315
20260710_114958_L149;20260710_114958;10.07.2026;11:38:00;149;6;4193;10;U788Z2P;Dejvická;50.06946;14.37762
20260710_114958_L332;20260710_114958;10.07.2026;11:37:00;332;19;9955;12;U2106Z1;Jílové u Prahy,náměstí;49.91053;14.49521
20260710_114958_L372;20260710_114958;10.07.2026;11:39:00;372;2;8003;10;U2217Z2;Praha,Kobylisy;50.17664;14.44648
20260710_114958_L380;20260710_114958;10.07.2026;11:40:00;380;1;9984;10;U1647Z1;Králův Dvůr,Počaply,Obchodní centrum;50.03399;14.23167
20260710_114958_L396;20260710_114958;10.07.2026;11:15:00;396;14;7991;34;U1672Z2;Přezletice,Vinořská;50.15384;14.5841
20260710_114958_L459;20260710_114958;10.07.2026;11:40:00;459;71;7884;10;U6443Z2;Olbramovice,žel.st.;49.54542;14.66385
20260710_114958_L639;20260710_114958;10.07.2026;11:37:00;639;8;9586;10;U2895Z1;Dobříš,nám.;49.83944;14.0622
20260710_114958_L821;20260710_114958;10.07.2026;11:37:00;821;69;1606;11;U9005Z1;Sázava,aut.st.;49.88383;14.91464
20260710_114958_L381;20260710_114958;10.07.2026;11:36:00;381;3;1678;12;U2479Z1;Čáslav,obchodní centrum;49.95239;15.26585
20260710_114958_L640;20260710_114958;10.07.2026;11:22:00;640;15;9540;28;U9812Z2;Hostomice,nám.;49.82574;14.04236
20260710_114958_L136;20260710_114958;10.07.2026;11:39:00;136;13;5545;10;U1074Z4P;Jižní Město;50.09376;14.47316
20260710_115359_L821;20260710_115359;10.07.2026;11:40:00;821;51;1615;10;U4992Z51;Kolín,nádraží;49.98734;15.15403
20260710_115359_L428;20260710_115359;10.07.2026;11:39:00;428;10;7232;14;U31569Z1;Strakonice,aut.nádr.;49.46454;14.06864
20260710_115359_L650;20260710_115359;10.07.2026;11:41:00;650;22;12536;13;U3095Z2;Kladno,autobusové nádraží;50.14068;14.0704
20260710_115359_L381;20260710_115359;10.07.2026;11:40:00;381;3;1678;13;U2480Z7;Čáslav,obchodní centrum;49.95482;15.27166
20260710_115359_L396;20260710_115359;10.07.2026;11:15:00;396;14;7991;38;U1672Z2;Přezletice,Vinořská;50.15384;14.5841
20260710_115359_L459;20260710_115359;10.07.2026;11:40:00;459;71;7884;11;U6443Z2;Olbramovice,žel.st.;49.57009;14.65912
20260710_115359_L402;20260710_115359;10.07.2026;11:41:00;402;4;7673;12;U9409Z1;Čáslav,aut.st.;49.74227;15.08934
20260710_115359_L413;20260710_115359;10.07.2026;11:39:00;413;63;7092;15;U31417Z4;Litoměřice,aut.nádr.;50.51122;14.14867
20260710_115359_L311;20260710_115359;10.07.2026;11:42:00;311;40;9555;12;U1664Z2;Praha,Zličín;49.95247;14.21382
20260710_115359_L332;20260710_115359;10.07.2026;11:41:00;332;19;9955;12;U2108Z1;Jílové u Prahy,náměstí;49.89741;14.49366
20260710_115359_L372;20260710_115359;10.07.2026;11:42:00;372;2;8003;12;U2216Z2;Praha,Kobylisy;50.16743;14.45251
20260710_115359_L484;20260710_115359;10.07.2026;10:04:00;484;31;8144;109;U2315Z1;Úvaly,žel.st.;50.07411;14.72314
20260710_115359_L460;20260710_115359;10.07.2026;11:42:00;460;67;1634;10;U9002Z1;Bečváry,Poďousy;50.00499;15.08253
20260710_115359_L821;20260710_115359;10.07.2026;11:42:00;821;69;1606;10;U2032Z1;Sázava,aut.st.;49.8736;14.90077
20260710_115359_L548;20260710_115359;10.07.2026;11:29:00;548;13;9546;24;U9780Z2;Hořovice,nemocnice;49.83909;13.90922
20260710_115359_L149;20260710_115359;10.07.2026;11:41:00;149;6;4193;13;U254Z7P;Dejvická;50.07061;14.38025
20260710_115359_L218;20260710_115359;10.07.2026;11:39:00;218;2;2034;14;U420Z2P;Nádraží Veleslavín;50.10056;14.34462
20260710_115359_L640;20260710_115359;10.07.2026;11:22:00;640;15;9540;30;U9812Z2;Hostomice,nám.;49.82574;14.04236
20260710_115359_L732;20260710_115359;10.07.2026;11:40:00;732;5;9810;13;U6251Z1;Bělá p.Bezd.,Bezdědice;50.48246;14.70165
20260710_115359_L400;20260710_115359;10.07.2026;11:41:00;400;54;1089;12;U1795Z2;Praha,Střížkov;50.35837;14.47319
20260710_115359_L754;20260710_115359;10.07.2026;11:41:00;754;13;7225;12;U7785Z1;Příbram,aut.nádr.;49.69207;14.19178
20260710_115359_L861;20260710_115359;10.07.2026;11:35:00;861;87;9769;16;U4337Z1;Beroun,autobusové nádraží;49.95773;14.07378
20260710_115359_L408;20260710_115359;10.07.2026;11:40:00;408;60;7811;14;U1384Z16;Tábor,aut.nádr.;49.77955;14.6842
20260710_115359_L136;20260710_115359;10.07.2026;11:39:00;136;13;5545;13;U1074Z4P;Jižní Město;50.09238;14.47018
20260710_115359_L389;20260710_115359;10.07.2026;11:44:00;389;11;7759;10;U85Z1;Praha,Nádraží Veleslavín;50.09259;14.32413
20260710_115359_L201;20260710_115359;10.07.2026;11:44:00;201;24;3895;10;U342Z2P;Černý Most;50.112;14.55879
20260710_115759_L650;20260710_115759;10.07.2026;11:46:00;650;22;12536;12;U4313Z6;Kladno,autobusové nádraží;50.14436;14.09264
20260710_115759_L300;20260710_115759;10.07.2026;11:47:00;300;1;8949;10;U4792Z1;Smečno;50.15598;14.05089
20260710_115759_L149;20260710_115759;10.07.2026;11:45:00;149;6;4193;13;U579Z3P;Dejvická;50.07538;14.37222
20260710_115759_L369;20260710_115759;10.07.2026;11:47:00;369;37;8233;11;U1794Z1;Mělník,Mlazice;50.35355;14.48225
20260710_115759_L372;20260710_115759;10.07.2026;11:45:00;372;2;8003;12;U92Z2;Praha,Kobylisy;50.14286;14.45098
20260710_115759_L381;20260710_115759;10.07.2026;11:43:00;381;3;1678;14;U2481Z1;Čáslav,obchodní centrum;49.95459;15.27743
20260710_115759_L861;20260710_115759;10.07.2026;11:35:00;861;87;9769;22;U4337Z1;Beroun,autobusové nádraží;49.95772;14.07379
20260710_115759_L400;20260710_115759;10.07.2026;11:43:00;400;54;1089;15;U1794Z2;Praha,Střížkov;50.35315;14.48254
20260710_115759_L402;20260710_115759;10.07.2026;11:46:00;402;4;7673;12;U7057Z1;Čáslav,aut.st.;49.74292;15.10303
20260710_115759_L406;20260710_115759;10.07.2026;11:45:00;406;31;7930;12;U2139Z2;Vlašim,žel.st.;49.7873;14.68395
20260710_115759_L459;20260710_115759;10.07.2026;11:48:00;459;71;7884;10;U6487Z2;Olbramovice,žel.st.;49.60019;14.65997
20260710_115759_L732;20260710_115759;10.07.2026;11:40:00;732;5;9810;17;U6251Z1;Bělá p.Bezd.,Bezdědice;50.48246;14.70165
20260710_115759_L548;20260710_115759;10.07.2026;11:29:00;548;13;9546;28;U9780Z2;Hořovice,nemocnice;49.83909;13.90922
20260710_115759_L311;20260710_115759;10.07.2026;11:42:00;311;40;9555;14;U1664Z2;Praha,Zličín;49.95247;14.21381
20260710_115759_L754;20260710_115759;10.07.2026;11:41:00;754;13;7225;13;U7785Z1;Příbram,aut.nádr.;49.7004;14.1467
20260710_115759_L389;20260710_115759;10.07.2026;11:46:00;389;12;7762;10;U4787Z1;Chomutov,žel.st.;50.23357;14.0797
20260710_115759_L640;20260710_115759;10.07.2026;11:22:00;640;15;9540;36;U9812Z2;Hostomice,nám.;49.82574;14.04236
20260710_115759_L136;20260710_115759;10.07.2026;11:39:00;136;13;5545;16;U1074Z4P;Jižní Město;50.09127;14.46837
20260710_115759_L201;20260710_115759;10.07.2026;11:48:00;201;24;3895;10;U818Z1P;Černý Most;50.10622;14.5589
20260710_120159_L821;20260710_120159;10.07.2026;11:51:00;821;51;1615;10;U4994Z1;Kolín,nádraží;50.01927;15.17732
20260710_120159_L389;20260710_120159;10.07.2026;11:48:00;389;12;7762;11;U4836Z1;Chomutov,žel.st.;50.2358;14.07434
20260710_120159_L149;20260710_120159;10.07.2026;11:48:00;149;6;4193;14;U1407Z2P;Dejvická;50.07932;14.38085
20260710_120159_L300;20260710_120159;10.07.2026;11:51:00;300;1;8949;11;U4145Z1;Smečno;50.16874;14.05637
20260710_120159_L337;20260710_120159;10.07.2026;11:47:00;337;12;9956;10;U1391Z1;Benešov,Terminál;49.80889;14.6811
20260710_120159_L369;20260710_120159;10.07.2026;11:49:00;369;37;8233;11;U1795Z1;Mělník,Mlazice;50.36213;14.4688
20260710_120159_L372;20260710_120159;10.07.2026;11:47:00;372;2;8003;13;U864Z9;Praha,Kobylisy;50.12752;14.45204
20260710_120159_L307;20260710_120159;10.07.2026;11:50:00;307;10;8991;11;U1142Z2;Praha,Zličín;50.05544;14.28415
20260710_120159_L402;20260710_120159;10.07.2026;11:50:00;402;4;7673;11;U7091Z1;Čáslav,aut.st.;49.74602;15.13518
20260710_120159_L459;20260710_120159;10.07.2026;11:50:00;459;71;7884;11;U6499Z2;Olbramovice,žel.st.;49.62233;14.65561
20260710_120159_L136;20260710_120159;10.07.2026;11:52:00;136;12;5504;10;U417Z1P;Jižní Město;50.04294;14.48777
20260710_120159_L785;20260710_120159;10.07.2026;11:50:00;785;17;7597;12;U7162Z1;Kácov,nám.;49.94679;15.26155
20260710_120159_L754;20260710_120159;10.07.2026;11:47:00;754;13;7225;14;U7479Z1;Příbram,aut.nádr.;49.70283;14.11942
20260710_120159_L548;20260710_120159;10.07.2026;11:29:00;548;13;9546;32;U9780Z2;Hořovice,nemocnice;49.8391;13.90922
20260710_120159_L406;20260710_120159;10.07.2026;11:52:00;406;13;7943;10;U7421Z2;Čechtice;49.62465;15.04786
20260710_120159_L640;20260710_120159;10.07.2026;11:22:00;640;15;9540;38;U9812Z2;Hostomice,nám.;49.82574;14.04236
20260710_120159_L410;20260710_120159;10.07.2026;11:49:00;410;9;11645;10;U31041Z2;Praha,Střížkov;50.56333;14.65146
20260710_120159_L406;20260710_120159;10.07.2026;11:48:00;406;31;7930;10;U1384Z16;Vlašim,žel.st.;49.77884;14.68397
20260710_120159_L732;20260710_120159;10.07.2026;11:40:00;732;5;9810;21;U6251Z1;Bělá p.Bezd.,Bezdědice;50.48246;14.70165
20260710_120159_L201;20260710_120159;10.07.2026;11:50:00;201;24;3895;11;U1056Z2P;Černý Most;50.10885;14.57455
20260710_120600_L380;20260710_120600;10.07.2026;11:54:00;380;1;9984;10;U2369Z1;Králův Dvůr,Počaply,Obchodní centrum;49.99474;14.15798
20260710_120600_L389;20260710_120600;10.07.2026;11:54:00;389;12;7762;10;U9225Z2;Chomutov,žel.st.;50.25843;14.0368
20260710_120600_L400;20260710_120600;10.07.2026;11:52:00;400;54;1089;11;U1792Z1;Praha,Střížkov;50.33101;14.49896
20260710_120600_L406;20260710_120600;10.07.2026;11:56:00;406;31;7930;10;U4073Z1;Vlašim,žel.st.;49.7857;14.68974
20260710_120600_L650;20260710_120600;10.07.2026;11:55:00;650;23;12559;10;U31417Z2;Litoměřice,aut.nádr.;50.51385;14.1454
20260710_120600_L732;20260710_120600;10.07.2026;11:40:00;732;5;9810;25;U6251Z1;Bělá p.Bezd.,Bezdědice;50.48246;14.70165
20260710_120600_L337;20260710_120600;10.07.2026;11:47:00;337;12;9956;12;U1391Z1;Benešov,Terminál;49.79087;14.68239
20260710_120600_L300;20260710_120600;10.07.2026;11:54:00;300;1;8949;11;U1400Z1;Smečno;50.17738;14.05487
20260710_120600_L459;20260710_120600;10.07.2026;11:53:00;459;71;7884;12;U6491Z2;Olbramovice,žel.st.;49.63847;14.64697
20260710_120600_L378;20260710_120600;10.07.2026;11:52:00;378;11;4182;13;U2471Z1;Radonice,Spojovací;50.14948;14.61934
20260710_120600_L548;20260710_120600;10.07.2026;11:29:00;548;13;9546;36;U9780Z2;Hořovice,nemocnice;49.83909;13.90923
20260710_120600_L223;20260710_120600;10.07.2026;11:55:00;223;22;9379;11;U1129Z1P;Sídliště Horní Počernice;50.10599;14.57506
20260710_120600_L118;20260710_120600;10.07.2026;11:51:00;118;4;3855;14;U110Z13P;Sídliště Spořilov;50.04724;14.41393
20260710_120600_L640;20260710_120600;10.07.2026;11:22:00;640;15;9540;42;U9812Z2;Hostomice,nám.;49.82574;14.04236
20260710_120600_L410;20260710_120600;10.07.2026;11:49:00;410;9;11645;12;U31041Z2;Praha,Střížkov;50.56469;14.62312
20260710_120600_L402;20260710_120600;10.07.2026;11:53:00;402;4;7673;12;U7092Z1;Čáslav,aut.st.;49.76336;15.15404
20260710_120600_L136;20260710_120600;10.07.2026;11:54:00;136;1;6786;11;U1074Z4P;Jižní Město;50.09458;14.4742
20260710_121000_L191;20260710_121000;10.07.2026;11:58:00;191;3;4018;12;U254Z7P;Obchodní centrum Ruzyně;50.07056;14.38021
20260710_121000_L785;20260710_121000;10.07.2026;12:00:00;785;17;7597;10;U4162Z2;Kácov,nám.;49.91083;15.2259
20260710_121000_L149;20260710_121000;10.07.2026;11:55:00;149;6;4193;15;U182Z2P;Dejvická;50.08755;14.38077
20260710_121000_L311;20260710_121000;10.07.2026;11:55:00;311;40;9555;14;U1661Z2;Praha,Zličín;49.97035;14.16777
20260710_121000_L380;20260710_121000;10.07.2026;11:57:00;380;1;9984;11;U2371Z1;Králův Dvůr,Počaply,Obchodní centrum;49.98584;14.13253
20260710_121000_L650;20260710_121000;10.07.2026;11:59:00;650;23;12559;10;U31416Z1;Litoměřice,aut.nádr.;50.52613;14.13673
20260710_121000_L300;20260710_121000;10.07.2026;11:58:00;300;1;8949;11;U3208Z1;Smečno;50.18137;14.04138
20260710_121000_L223;20260710_121000;10.07.2026;11:59:00;223;22;9379;11;U897Z4P;Sídliště Horní Počernice;50.1088;14.5781
20260710_121000_L821;20260710_121000;10.07.2026;11:59:00;821;51;1615;11;U5896Z2;Kolín,nádraží;50.02237;15.2063
20260710_121000_L402;20260710_121000;10.07.2026;11:56:00;402;4;7673;13;U7094Z1;Čáslav,aut.st.;49.79202;15.18023
20260710_121000_L389;20260710_121000;10.07.2026;12:00:00;389;12;7762;10;U9229Z2;Chomutov,žel.st.;50.25872;14.00566
20260710_121000_L459;20260710_121000;10.07.2026;11:57:00;459;71;7884;12;U6492Z2;Olbramovice,žel.st.;49.64615;14.63627
20260710_121000_L548;20260710_121000;10.07.2026;11:29:00;548;13;9546;40;U9780Z2;Hořovice,nemocnice;49.84047;13.91198
20260710_121000_L640;20260710_121000;10.07.2026;11:22:00;640;15;9540;48;U9812Z2;Hostomice,nám.;49.82574;14.04236
20260710_121000_L410;20260710_121000;10.07.2026;11:56:00;410;9;11645;12;U31343Z1;Praha,Střížkov;50.55464;14.59838
20260710_121000_L118;20260710_121000;10.07.2026;11:56:00;118;4;3855;14;U429Z2P;Sídliště Spořilov;50.04348;14.43707
20260710_121000_L136;20260710_121000;10.07.2026;11:54:00;136;1;6786;14;U1074Z4P;Jižní Město;50.09243;14.47033
20260710_121000_L687;20260710_121000;10.07.2026;12:00:00;687;12;7634;10;U6962Z4;Ledeč n.Sáz.,Husovo nám.;49.81217;15.18394
20260710_121000_L732;20260710_121000;10.07.2026;11:40:00;732;5;9810;29;U6251Z1;Bělá p.Bezd.,Bezdědice;50.48246;14.70165
20260710_121000_L746;20260710_121000;10.07.2026;12:00:00;746;6;7623;10;U4162Z2;Uhlířské Janovice,nám.;49.91082;15.22574
20260710_121400_L687;20260710_121400;10.07.2026;12:00:00;687;12;7634;12;U6962Z4;Ledeč n.Sáz.,Husovo nám.;49.81351;15.18817
20260710_121400_L732;20260710_121400;10.07.2026;11:40:00;732;5;9810;32;U6251Z1;Bělá p.Bezd.,Bezdědice;50.48246;14.70165
20260710_121400_L380;20260710_121400;10.07.2026;12:01:00;380;1;9984;11;U2373Z1;Králův Dvůr,Počaply,Obchodní centrum;49.97857;14.11331
20260710_121400_L410;20260710_121400;10.07.2026;12:01:00;410;9;11645;11;U31311Z2;Praha,Střížkov;50.54937;14.56319
20260710_121400_L136;20260710_121400;10.07.2026;11:54:00;136;1;6786;17;U1074Z4P;Jižní Město;50.09102;14.46823
20260710_121400_L400;20260710_121400;10.07.2026;12:03:00;400;25;11695;10;U1792Z2;Nový Bor,aut.nádr.;50.34494;14.48626
20260710_121400_L402;20260710_121400;10.07.2026;12:00:00;402;4;7673;12;U6962Z1;Čáslav,aut.st.;49.81351;15.18821
20260710_121400_L311;20260710_121400;10.07.2026;11:59:00;311;40;9555;14;U1660Z2;Praha,Zličín;49.97427;14.19302
20260710_121400_L324;20260710_121400;10.07.2026;12:03:00;324;1;8949;10;U1915Z2;Slaný,aut.nádr.;50.18875;14.0425
20260710_121400_L136;20260710_121400;10.07.2026;12:02:00;136;12;5504;12;U353Z1P;Jižní Město;50.02625;14.52137
20260710_121400_L118;20260710_121400;10.07.2026;12:01:00;118;4;3855;13;U265Z2P;Sídliště Spořilov;50.04781;14.4538
20260710_121400_L191;20260710_121400;10.07.2026;12:01:00;191;3;4018;13;U565Z1P;Obchodní centrum Ruzyně;50.07246;14.37386
20260710_121400_L754;20260710_121400;10.07.2026;11:59:00;754;13;7225;14;U9712Z3;Příbram,aut.nádr.;49.68941;14.01212
20260710_121400_L460;20260710_121400;10.07.2026;12:03:00;460;67;1634;10;U2941Z2;Bečváry,Poďousy;49.95814;15.03026
20260710_121400_L805;20260710_121400;10.07.2026;12:00:00;805;15;7608;13;U6962Z1;Kolín,nádraží;49.81216;15.18577
20260710_121400_L223;20260710_121400;10.07.2026;12:03:00;223;22;9379;10;U188Z1P;Sídliště Horní Počernice;50.11259;14.59708
20260710_121400_L640;20260710_121400;10.07.2026;11:22:00;640;15;9540;50;U9812Z2;Hostomice,nám.;49.82574;14.04236
20260710_121801_L687;20260710_121801;10.07.2026;12:05:00;687;12;7634;11;U7064Z2;Ledeč n.Sáz.,Husovo nám.;49.81618;15.21521
20260710_121801_L405;20260710_121801;10.07.2026;12:05:00;405;65;1421;10;U31000Z1;Špindlerův Mlýn,aut.st.;50.46355;15.19869
20260710_121801_L407;20260710_121801;10.07.2026;12:03:00;407;39;7530;14;U337Z4;Praha,Smíchovské nádraží;50.05456;14.40895
20260710_121801_L408;20260710_121801;10.07.2026;12:03:00;408;60;7811;15;U6525Z3;Tábor,aut.nádr.;49.67279;14.63849
20260710_121801_L805;20260710_121801;10.07.2026;12:04:00;805;15;7608;13;U7064Z1;Kolín,nádraží;49.82574;15.22702
20260710_121801_L348;20260710_121801;10.07.2026;12:03:00;348;2;8285;11;U651Z6;Praha,Ládví;50.12698;14.47303
20260710_121801_L324;20260710_121801;10.07.2026;12:08:00;324;1;8949;10;U4803Z1;Slaný,aut.nádr.;50.21024;14.06987
20260710_121801_L381;20260710_121801;10.07.2026;12:05:00;381;3;1678;13;U7327Z1;Čáslav,obchodní centrum;49.91737;15.38872
20260710_121801_L118;20260710_121801;10.07.2026;12:06:00;118;4;3855;12;U832Z1P;Sídliště Spořilov;50.04569;14.46748
20260710_121801_L380;20260710_121801;10.07.2026;12:06:00;380;1;9984;12;U4272Z1;Králův Dvůr,Počaply,Obchodní centrum;49.96888;14.07946
20260710_121801_L402;20260710_121801;10.07.2026;12:05:00;402;4;7673;12;U7064Z1;Čáslav,aut.st.;49.82479;15.21868
20260710_121801_L640;20260710_121801;10.07.2026;11:22:00;640;15;9540;54;U9812Z2;Hostomice,nám.;49.82574;14.04236
20260710_121801_L223;20260710_121801;10.07.2026;12:07:00;223;22;9379;11;U2603Z1P;Sídliště Horní Počernice;50.10916;14.61029
20260710_121801_L191;20260710_121801;10.07.2026;12:05:00;191;3;4018;13;U699Z1P;Obchodní centrum Ruzyně;50.07844;14.38832
20260710_121801_L732;20260710_121801;10.07.2026;11:40:00;732;5;9810;37;U6251Z1;Bělá p.Bezd.,Bezdědice;50.48246;14.70165
20260710_122201_L381;20260710_122201;10.07.2026;12:11:00;381;2;9374;10;U336Z1;Čáslav,obchodní centrum;50.02954;14.60351
20260710_122201_L381;20260710_122201;10.07.2026;12:08:00;381;3;1678;13;U7320Z9;Čáslav,obchodní centrum;49.91165;15.39622
20260710_122201_L405;20260710_122201;10.07.2026;12:05:00;405;65;1421;11;U31000Z1;Špindlerův Mlýn,aut.st.;50.45433;15.26026
20260710_122201_L402;20260710_122201;10.07.2026;12:09:00;402;4;7673;12;U7096Z1;Čáslav,aut.st.;49.83436;15.25366
20260710_122201_L118;20260710_122201;10.07.2026;12:09:00;118;4;3855;13;U697Z3P;Sídliště Spořilov;50.04772;14.48197
20260710_122201_L191;20260710_122201;10.07.2026;12:10:00;191;3;4018;12;U781Z1P;Obchodní centrum Ruzyně;50.07991;14.36167
20260710_122201_L408;20260710_122201;10.07.2026;12:08:00;408;60;7811;13;U6516Z1;Tábor,aut.nádr.;49.64853;14.63396
20260710_122201_L687;20260710_122201;10.07.2026;12:08:00;687;12;7634;11;U6964Z1;Ledeč n.Sáz.,Husovo nám.;49.79356;15.2121
20260710_122201_L805;20260710_122201;10.07.2026;12:08:00;805;15;7608;14;U7096Z1;Kolín,nádraží;49.83442;15.25298
20260710_122201_L718;20260710_122201;10.07.2026;12:10:00;718;42;8661;10;U6298Z1;Mnichovo Hradiště,nám.;50.43941;15.13571
20260710_122201_L538;20260710_122201;10.07.2026;12:08:00;538;3;7585;13;U9932Z53;Křinec,náměstí;50.27511;15.18455
20260710_122201_L651;20260710_122201;10.07.2026;12:09:00;651;51;7879;10;U1550Z2;Pyšely,nám.;49.88616;14.6759
20260710_122201_L380;20260710_122201;10.07.2026;12:08:00;380;1;9984;14;U1745Z1;Králův Dvůr,Počaply,Obchodní centrum;49.96551;14.07228
20260710_122201_L204;20260710_122201;10.07.2026;12:10:00;204;74;9016;12;U452Z1P;Stavební zóna Horní Počernice;50.11544;14.61342
20260710_122201_L136;20260710_122201;10.07.2026;12:09:00;136;2;5079;10;U1074Z4P;Jižní Město;50.09219;14.46963
20260710_122201_L640;20260710_122201;10.07.2026;11:22:00;640;15;9540;59;U9812Z2;Hostomice,nám.;49.82548;14.04581
20260710_122201_L732;20260710_122201;10.07.2026;11:40:00;732;5;9810;41;U6251Z1;Bělá p.Bezd.,Bezdědice;50.48246;14.70165
20260710_122601_L136;20260710_122601;10.07.2026;12:12:00;136;2;5079;13;U512Z5P;Jižní Město;50.09023;14.46646
20260710_122601_L204;20260710_122601;10.07.2026;12:12:00;204;74;9016;12;U862Z1P;Stavební zóna Horní Počernice;50.11938;14.62484
20260710_122601_L408;20260710_122601;10.07.2026;12:12:00;408;60;7811;13;U6489Z4;Tábor,aut.nádr.;49.63868;14.64292
20260710_122601_L381;20260710_122601;10.07.2026;12:11:00;381;3;1678;14;U6973Z2;Čáslav,obchodní centrum;49.90158;15.40342
20260710_122601_L718;20260710_122601;10.07.2026;12:14:00;718;42;8661;12;U6284Z2;Mnichovo Hradiště,nám.;50.43557;15.11822
20260710_122601_L805;20260710_122601;10.07.2026;12:12:00;805;15;7608;13;U7311Z2;Kolín,nádraží;49.85537;15.24852
20260710_122601_L538;20260710_122601;10.07.2026;12:08:00;538;3;7585;14;U9932Z53;Křinec,náměstí;50.28256;15.15836
20260710_122601_L389;20260710_122601;10.07.2026;12:15:00;389;14;7763;10;U462Z4;Hořešovice;50.09487;14.34107
20260710_122601_L402;20260710_122601;10.07.2026;12:13:00;402;4;7673;13;U7099Z1;Čáslav,aut.st.;49.84866;15.28736
20260710_122601_L415;20260710_122601;10.07.2026;12:15:00;415;68;8407;11;U3372Z3;Praha,Zličín;50.19477;13.70825
20260710_122601_L687;20260710_122601;10.07.2026;12:15:00;687;12;7634;10;U6969Z2;Ledeč n.Sáz.,Husovo nám.;49.77968;15.22836
20260710_122601_L191;20260710_122601;10.07.2026;12:15:00;191;3;4018;10;U872Z8P;Obchodní centrum Ruzyně;50.08032;14.34428
20260710_122601_L380;20260710_122601;10.07.2026;12:14:00;380;1;9984;12;U1749Z1;Králův Dvůr,Počaply,Obchodní centrum;49.9576;14.05267
20260710_122601_L381;20260710_122601;10.07.2026;12:12:00;381;2;9374;11;U808Z5;Čáslav,obchodní centrum;50.0194;14.63097
20260710_122601_L311;20260710_122601;10.07.2026;12:11:00;311;40;9555;14;U1653Z2;Praha,Zličín;50.01532;14.229
20260710_122601_L103;20260710_122601;10.07.2026;12:15:00;103;3;8095;10;U740Z3P;Ládví;50.12742;14.47482
20260710_122601_L177;20260710_122601;10.07.2026;12:14:00;177;8;5081;11;U740Z3P;Poliklinika Mazurská;50.12725;14.47405
20260710_122601_L732;20260710_122601;10.07.2026;11:40:00;732;5;9810;45;U6251Z1;Bělá p.Bezd.,Bezdědice;50.48246;14.70165
20260710_123002_L191;20260710_123002;10.07.2026;12:19:00;191;3;4018;10;U507Z2P;Obchodní centrum Ruzyně;50.08833;14.34503
20260710_123002_L204;20260710_123002;10.07.2026;12:19:00;204;74;9016;11;U1378Z1P;Stavební zóna Horní Počernice;50.12036;14.59877
20260710_123002_L415;20260710_123002;10.07.2026;12:20:00;415;68;8407;10;U3362Z1;Praha,Zličín;50.18814;13.74769
20260710_123002_L408;20260710_123002;10.07.2026;12:12:00;408;60;7811;16;U6489Z4;Tábor,aut.nádr.;49.63657;14.62728
20260710_123002_L103;20260710_123002;10.07.2026;12:15:00;103;3;8095;14;U740Z3P;Ládví;50.12719;14.47389
20260710_123002_L311;20260710_123002;10.07.2026;12:14:00;311;40;9555;14;U1651Z2;Praha,Zličín;50.02528;14.22904
20260710_123002_L538;20260710_123002;10.07.2026;12:08:00;538;3;7585;15;U9932Z53;Křinec,náměstí;50.26725;15.13951
20260710_123002_L459;20260710_123002;10.07.2026;12:19:00;459;65;7931;10;U9504Z1;Tábor,aut.nádr.;49.50493;14.66632
20260710_123002_L805;20260710_123002;10.07.2026;12:12:00;805;15;7608;15;U7311Z2;Kolín,nádraží;49.8653;15.2376
20260710_123002_L389;20260710_123002;10.07.2026;12:20:00;389;14;7763;10;U80Z3;Hořešovice;50.09357;14.30319
20260710_123002_L381;20260710_123002;10.07.2026;12:18:00;381;2;9374;11;U1885Z1;Čáslav,obchodní centrum;50.00282;14.66075
20260710_123002_L402;20260710_123002;10.07.2026;12:16:00;402;4;7673;14;U7290Z1;Čáslav,aut.st.;49.87532;15.33192
20260710_123002_L742;20260710_123002;10.07.2026;12:19:00;742;5;7622;10;U7316Z2;Ledeč n.Sáz.,Podolí;49.90411;15.38026
20260710_123002_L718;20260710_123002;10.07.2026;12:16:00;718;42;8661;13;U9459Z2;Mnichovo Hradiště,nám.;50.43938;15.09445
20260710_123002_L687;20260710_123002;10.07.2026;12:20:00;687;12;7634;10;U6971Z2;Ledeč n.Sáz.,Husovo nám.;49.77047;15.26939
20260710_123002_L380;20260710_123002;10.07.2026;12:16:00;380;1;9984;13;U4965Z1;Králův Dvůr,Počaply,Obchodní centrum;49.9516;14.04575
20260710_123002_L136;20260710_123002;10.07.2026;12:15:00;136;2;5079;14;U743Z2P;Jižní Město;50.0861;14.45565
20260710_123002_L177;20260710_123002;10.07.2026;12:16:00;177;8;5081;14;U78Z3P;Poliklinika Mazurská;50.1267;14.47129
20260710_123002_L136;20260710_123002;10.07.2026;12:20:00;136;5;5543;10;U114Z1P;Sídliště Čakovice;50.15627;14.52255
20260710_123402_L191;20260710_123402;10.07.2026;12:23:00;191;3;4018;11;U334Z1P;Obchodní centrum Ruzyně;50.08681;14.32941
20260710_123402_L402;20260710_123402;10.07.2026;12:19:00;402;4;7673;14;U7105Z1;Čáslav,aut.st.;49.8998;15.36561
20260710_123402_L415;20260710_123402;10.07.2026;12:23:00;415;68;8407;11;U3143Z1;Praha,Zličín;50.17131;13.7406
20260710_123402_L459;20260710_123402;10.07.2026;12:23:00;459;65;7931;10;U32535Z1;Tábor,aut.nádr.;49.48967;14.68124
20260710_123402_L742;20260710_123402;10.07.2026;12:23:00;742;5;7622;10;U7010Z2;Ledeč n.Sáz.,Podolí;49.87757;15.3666
20260710_123402_L467;20260710_123402;10.07.2026;12:21:00;467;15;8116;10;U2910Z1;Mladá Boleslav,aut.st.;50.32489;14.54829
20260710_123402_L103;20260710_123402;10.07.2026;12:15:00;103;3;8095;16;U740Z3P;Ládví;50.12703;14.4733
20260710_123402_L381;20260710_123402;10.07.2026;12:21:00;381;2;9374;12;U1878Z1;Čáslav,obchodní centrum;49.99902;14.6683
20260710_123402_L400;20260710_123402;10.07.2026;12:23:00;400;25;11695;10;U6060Z1;Nový Bor,aut.nádr.;50.42268;14.46425
20260710_123402_L311;20260710_123402;10.07.2026;12:19:00;311;40;9555;14;U1649Z2;Praha,Zličín;50.02765;14.21411
20260710_123402_L136;20260710_123402;10.07.2026;12:19:00;136;2;5079;14;U118Z4P;Jižní Město;50.07816;14.46092
20260710_123402_L380;20260710_123402;10.07.2026;12:20:00;380;1;9984;13;U4976Z1;Králův Dvůr,Počaply,Obchodní centrum;49.94299;14.0286
20260710_123402_L177;20260710_123402;10.07.2026;12:19:00;177;8;5081;14;U675Z3P;Poliklinika Mazurská;50.12471;14.45511
20260710_123802_L136;20260710_123802;10.07.2026;12:24:00;136;3;5095;11;U1074Z4P;Jižní Město;50.09143;14.46855
20260710_123802_L459;20260710_123802;10.07.2026;12:26:00;459;65;7931;10;U32536Z1;Tábor,aut.nádr.;49.47368;14.67396
20260710_123802_L191;20260710_123802;10.07.2026;12:26:00;191;3;4018;11;U85Z2P;Obchodní centrum Ruzyně;50.0927;14.32242
20260710_123802_L368;20260710_123802;10.07.2026;12:26:00;368;31;1245;11;U740Z3;Praha,Ládví;50.12743;14.47488
20260710_123802_L402;20260710_123802;10.07.2026;12:23:00;402;4;7673;15;U7327Z1;Čáslav,aut.st.;49.91693;15.3902
20260710_123802_L381;20260710_123802;10.07.2026;12:21:00;381;2;9374;15;U1878Z1;Čáslav,obchodní centrum;49.99702;14.67501
20260710_123802_L408;20260710_123802;10.07.2026;12:24:00;408;60;7811;14;U6482Z2;Tábor,aut.nádr.;49.61306;14.56693
20260710_123802_L805;20260710_123802;10.07.2026;12:24:00;805;15;7608;14;U7122Z1;Kolín,nádraží;49.90761;15.26104
20260710_123802_L467;20260710_123802;10.07.2026;12:27:00;467;53;9824;11;U3328Z2;Roudnice n.L.,ČSAD;50.34332;14.50078
20260710_123802_L311;20260710_123802;10.07.2026;12:25:00;311;40;9555;13;U1646Z2;Praha,Zličín;50.03685;14.23944
20260710_123802_L400;20260710_123802;10.07.2026;12:23:00;400;25;11695;12;U6060Z1;Nový Bor,aut.nádr.;50.43886;14.47431
20260710_123802_L544;20260710_123802;10.07.2026;12:22:00;544;22;9067;15;U9830Z1;Komárov,Buzuluk;49.8084;13.85794
20260710_123802_L410;20260710_123802;10.07.2026;12:22:00;410;9;11645;12;U6077Z2;Praha,Střížkov;50.47595;14.47874
20260710_123802_L369;20260710_123802;10.07.2026;12:26:00;369;33;8276;11;U2334Z1;Praha,Ládví;50.2418;14.49456
20260710_123802_L718;20260710_123802;10.07.2026;12:23:00;718;42;8661;14;U6295Z1;Mnichovo Hradiště,nám.;50.4656;15.08401
20260710_123802_L742;20260710_123802;10.07.2026;12:26:00;742;5;7622;10;U7000Z2;Ledeč n.Sáz.,Podolí;49.85966;15.36187
20260710_123802_L152;20260710_123802;10.07.2026;12:24:00;152;1;5084;13;U740Z3P;Sídliště Čimice;50.12714;14.4736
20260710_123802_L136;20260710_123802;10.07.2026;12:26:00;136;2;5079;13;U29Z1P;Jižní Město;50.07327;14.47021
20260710_123802_L177;20260710_123802;10.07.2026;12:24:00;177;8;5081;14;U581Z1P;Poliklinika Mazurská;50.13004;14.43097
20260710_124203_L152;20260710_124203;10.07.2026;12:26:00;152;1;5084;16;U78Z3P;Sídliště Čimice;50.12653;14.47005
20260710_124203_L408;20260710_124203;10.07.2026;12:27:00;408;60;7811;14;U9374Z1;Tábor,aut.nádr.;49.6052;14.58152
20260710_124203_L191;20260710_124203;10.07.2026;12:31:00;191;3;4018;10;U554Z5P;Obchodní centrum Ruzyně;50.09025;14.30112
20260710_124203_L718;20260710_124203;10.07.2026;12:28:00;718;42;8661;13;U6311Z2;Mnichovo Hradiště,nám.;50.47189;15.06778
20260710_124203_L311;20260710_124203;10.07.2026;12:28:00;311;40;9555;14;U1190Z2;Praha,Zličín;50.0446;14.25868
20260710_124203_L368;20260710_124203;10.07.2026;12:26:00;368;31;1245;15;U740Z3;Praha,Ládví;50.12701;14.47324
20260710_124203_L400;20260710_124203;10.07.2026;12:26:00;400;25;11695;13;U6070Z1;Nový Bor,aut.nádr.;50.46314;14.47446
20260710_124203_L544;20260710_124203;10.07.2026;12:22:00;544;22;9067;17;U9830Z1;Komárov,Buzuluk;49.8084;13.85794
20260710_124203_L136;20260710_124203;10.07.2026;12:29:00;136;3;5095;13;U2787Z2P;Jižní Město;50.08809;14.45756
20260710_124203_L369;20260710_124203;10.07.2026;12:30:00;369;33;8276;11;U1959Z2;Praha,Ládví;50.21761;14.49658
20260710_124203_L459;20260710_124203;10.07.2026;12:32:00;459;65;7931;10;U31274Z1;Tábor,aut.nádr.;49.45632;14.65863
20260710_124203_L136;20260710_124203;10.07.2026;12:28:00;136;2;5079;13;U680Z3P;Jižní Město;50.06834;14.46919
20260710_124203_L177;20260710_124203;10.07.2026;12:28:00;177;8;5081;14;U371Z1P;Poliklinika Mazurská;50.12841;14.41698
20260710_124603_L773;20260710_124603;10.07.2026;12:34:00;773;3;7546;10;U9968Z1;Uhlířské Janovice,nám.;49.88206;14.98264
20260710_124603_L805;20260710_124603;10.07.2026;12:32:00;805;15;7608;13;U7128Z1;Kolín,nádraží;49.93938;15.27948
20260710_124603_L491;20260710_124603;10.07.2026;12:32:00;491;9;8653;14;U2008Z3;Český Brod,žel.st.;49.98948;14.74101
20260710_124603_L478;20260710_124603;10.07.2026;12:33:00;478;30;9781;10;U32754Z2;Příbram,aut.nádr.;49.53152;14.1159
20260710_124603_L177;20260710_124603;10.07.2026;12:34:00;177;9;6712;11;U740Z3P;Poliklinika Mazurská;50.12742;14.47478
20260710_124603_L108;20260710_124603;10.07.2026;12:35:00;108;3;2075;10;U85Z1P;Dejvická;50.09253;14.32227
20260710_124603_L136;20260710_124603;10.07.2026;12:33:00;136;2;5079;13;U751Z2P;Jižní Město;50.05259;14.47512
20260710_124603_L300;20260710_124603;10.07.2026;12:31:00;300;2;8953;14;U85Z1;Praha,Nádraží Veleslavín;50.09263;14.32349
20260710_124603_L861;20260710_124603;10.07.2026;12:35:00;861;87;9769;10;U4337Z1;Beroun,autobusové nádraží;49.95767;14.07215
20260710_124603_L742;20260710_124603;10.07.2026;12:35:00;742;5;7622;11;U6996Z2;Ledeč n.Sáz.,Podolí;49.81122;15.35243
20260710_124603_L784;20260710_124603;10.07.2026;12:35:00;784;19;7626;10;U7073Z1;Horka I,Svobodná Ves,horní;49.92592;15.47411
20260710_124603_L408;20260710_124603;10.07.2026;12:31:00;408;60;7811;13;U6770Z1;Tábor,aut.nádr.;49.58275;14.54499
20260710_124603_L369;20260710_124603;10.07.2026;12:34:00;369;33;8276;10;U1308Z2;Praha,Ládví;50.19361;14.49318
20260710_124603_L136;20260710_124603;10.07.2026;12:32:00;136;3;5095;14;U516Z3P;Jižní Město;50.0821;14.45945
20260710_125003_L311;20260710_125003;10.07.2026;12:37:00;311;77;9583;11;U4256Z1;Řevnice,nádraží;49.95053;14.2177
20260710_125003_L152;20260710_125003;10.07.2026;12:35:00;152;1;5084;15;U806Z1P;Sídliště Čimice;50.13406;14.43019
20260710_125003_L367;20260710_125003;10.07.2026;12:35:00;367;1;8262;14;U897Z9;Brandýs n.L.-St.Bol.,aut.st.;50.1092;14.58121
20260710_125003_L369;20260710_125003;10.07.2026;12:40:00;369;33;8276;10;U1806Z2;Praha,Ládví;50.17586;14.48417
20260710_125003_L467;20260710_125003;10.07.2026;12:37:00;467;53;9824;13;U1795Z1;Roudnice n.L.,ČSAD;50.35767;14.47441
20260710_125003_L628;20260710_125003;10.07.2026;12:39:00;628;24;8798;10;U9326Z1;Kladno,autobusové nádraží;50.21937;13.88489
20260710_125003_L491;20260710_125003;10.07.2026;12:36:00;491;9;8653;13;U2072Z2;Český Brod,žel.st.;50.0032;14.76718
20260710_125003_L742;20260710_125003;10.07.2026;12:38:00;742;5;7622;10;U6994Z2;Ledeč n.Sáz.,Podolí;49.79332;15.33024
20260710_125003_L773;20260710_125003;10.07.2026;12:39:00;773;3;7546;10;U6054Z1;Uhlířské Janovice,nám.;49.89112;14.96803
20260710_125003_L784;20260710_125003;10.07.2026;12:37:00;784;19;7626;11;U7074Z1;Horka I,Svobodná Ves,horní;49.92916;15.50512
20260710_125003_L805;20260710_125003;10.07.2026;12:35:00;805;15;7608;14;U5862Z1;Kolín,nádraží;49.94773;15.2783
20260710_125003_L478;20260710_125003;10.07.2026;12:37:00;478;30;9781;12;U5854Z2;Příbram,aut.nádr.;49.54192;14.08572
20260710_125003_L400;20260710_125003;10.07.2026;12:36:00;400;25;11695;14;U31056Z1;Nový Bor,aut.nádr.;50.50747;14.48838
20260710_125003_L177;20260710_125003;10.07.2026;12:39:00;177;9;6712;11;U675Z3P;Poliklinika Mazurská;50.12501;14.45606
20260710_125003_L136;20260710_125003;10.07.2026;12:37:00;136;2;5079;13;U417Z1P;Jižní Město;50.04292;14.48775
20260710_125003_L136;20260710_125003;10.07.2026;12:34:00;136;3;5095;16;U118Z4P;Jižní Město;50.07809;14.46087
20260710_125003_L668;20260710_125003;10.07.2026;12:39:00;668;16;8079;11;U9180Z1;Mšeno,žel.st.;50.40909;14.6265
20260710_125003_L400;20260710_125003;10.07.2026;12:34:00;400;53;1090;10;U1793Z1;Praha,Střížkov;50.34099;14.49082
20260710_125003_L459;20260710_125003;10.07.2026;12:37:00;459;65;7931;11;U31276Z1;Tábor,aut.nádr.;49.41289;14.66403
20260710_125404_L367;20260710_125404;10.07.2026;12:35:00;367;1;8262;17;U897Z9;Brandýs n.L.-St.Bol.,aut.st.;50.10853;14.57609
20260710_125404_L389;20260710_125404;10.07.2026;12:42:00;389;14;7763;11;U4777Z2;Hořešovice;50.22804;14.0881
20260710_125404_L467;20260710_125404;10.07.2026;12:42:00;467;15;8116;11;U9176Z1;Mladá Boleslav,aut.st.;50.34884;14.70389
20260710_125404_L805;20260710_125404;10.07.2026;12:41:00;805;15;7608;13;U2482Z1;Kolín,nádraží;49.95652;15.27977
20260710_125404_L136;20260710_125404;10.07.2026;12:41:00;136;2;5079;13;U424Z1P;Jižní Město;50.03303;14.50028
20260710_125404_L784;20260710_125404;10.07.2026;12:40:00;784;19;7626;12;U7224Z1;Horka I,Svobodná Ves,horní;49.9308;15.50278
20260710_125404_L136;20260710_125404;10.07.2026;12:39:00;136;4;5547;12;U1074Z4P;Jižní Město;50.09091;14.46817
20260710_125404_L773;20260710_125404;10.07.2026;12:39:00;773;3;7546;11;U6054Z1;Uhlířské Janovice,nám.;49.883;14.97714
20260710_125404_L668;20260710_125404;10.07.2026;12:41:00;668;16;8079;11;U4355Z1;Mšeno,žel.st.;50.42412;14.60292
20260710_125404_L467;20260710_125404;10.07.2026;12:37:00;467;53;9824;15;U1795Z1;Roudnice n.L.,ČSAD;50.35995;14.46525
20260710_125404_L408;20260710_125404;10.07.2026;12:43:00;408;60;7811;11;U7953Z1;Tábor,aut.nádr.;49.56054;14.50757
20260710_125404_L389;20260710_125404;10.07.2026;12:42:00;389;16;7765;10;U80Z4;Praha,Nádraží Veleslavín;50.09284;14.31665
20260710_125404_L369;20260710_125404;10.07.2026;12:43:00;369;33;8276;10;U3242Z2;Praha,Ládví;50.15721;14.48506
20260710_125404_L311;20260710_125404;10.07.2026;12:42:00;311;77;9583;11;U1665Z1;Řevnice,nádraží;49.93795;14.23123
20260710_125404_L478;20260710_125404;10.07.2026;12:41:00;478;30;9781;13;U7662Z2;Příbram,aut.nádr.;49.55555;14.10665
20260710_125404_L491;20260710_125404;10.07.2026;12:41:00;491;9;8653;12;U9608Z2;Český Brod,žel.st.;50.02224;14.79122
20260710_125404_L400;20260710_125404;10.07.2026;12:41:00;400;25;11695;13;U31047Z1;Nový Bor,aut.nádr.;50.52291;14.51733
20260710_125404_L459;20260710_125404;10.07.2026;12:40:00;459;65;7931;12;U31281Z1;Tábor,aut.nádr.;49.41107;14.6779
20260710_125404_L177;20260710_125404;10.07.2026;12:42:00;177;9;6712;12;U544Z1P;Poliklinika Mazurská;50.12727;14.43631
20260710_125804_L136;20260710_125804;10.07.2026;12:44:00;136;4;5547;14;U2787Z2P;Jižní Město;50.08779;14.45663
20260710_125804_L369;20260710_125804;10.07.2026;12:46:00;369;33;8276;11;U1393Z2;Praha,Ládví;50.14288;14.48324
20260710_125804_L348;20260710_125804;10.07.2026;12:45:00;348;3;8273;10;U78Z5;Obříství;50.12899;14.4814
20260710_125804_L311;20260710_125804;10.07.2026;12:45:00;311;77;9583;12;U2377Z1;Řevnice,nádraží;49.92572;14.22834
20260710_125804_L408;20260710_125804;10.07.2026;12:45:00;408;60;7811;12;U7954Z1;Tábor,aut.nádr.;49.5508;14.48633
20260710_125804_L668;20260710_125804;10.07.2026;12:43:00;668;16;8079;12;U9181Z1;Mšeno,žel.st.;50.41501;14.61799
20260710_125804_L628;20260710_125804;10.07.2026;12:44:00;628;24;8798;11;U9322Z1;Kladno,autobusové nádraží;50.20304;13.90246
20260710_125804_L491;20260710_125804;10.07.2026;12:44:00;491;9;8653;12;U4570Z1;Český Brod,žel.st.;50.03528;14.80891
20260710_125804_L773;20260710_125804;10.07.2026;12:47:00;773;3;7546;10;U2159Z1;Uhlířské Janovice,nám.;49.87608;15.01923
20260710_125804_L805;20260710_125804;10.07.2026;12:45:00;805;15;7608;13;U7343Z1;Kolín,nádraží;49.96184;15.27636
20260710_125804_L389;20260710_125804;10.07.2026;12:45:00;389;14;7763;12;U4786Z1;Hořešovice;50.23013;14.08359
20260710_125804_L389;20260710_125804;10.07.2026;12:44:00;389;16;7765;11;U85Z1;Praha,Nádraží Veleslavín;50.09468;14.34094
20260710_125804_L375;20260710_125804;10.07.2026;12:47:00;375;5;8251;10;U171Z1;Brandýs n.L.-St.Bol.,žel.st.;50.12925;14.54395
20260710_125804_L478;20260710_125804;10.07.2026;12:42:00;478;30;9781;14;U7663Z2;Příbram,aut.nádr.;49.56538;14.11381
20260710_125804_L742;20260710_125804;10.07.2026;12:46:00;742;5;7622;10;U6989Z2;Ledeč n.Sáz.,Podolí;49.77165;15.29217
20260710_125804_L367;20260710_125804;10.07.2026;12:35:00;367;1;8262;20;U897Z9;Brandýs n.L.-St.Bol.,aut.st.;50.11308;14.58818
20260710_125804_L136;20260710_125804;10.07.2026;12:43:00;136;3;5095;15;U680Z3P;Jižní Město;50.06835;14.46927
20260710_125804_L136;20260710_125804;10.07.2026;12:43:00;136;2;5079;12;U106Z2P;Jižní Město;50.02432;14.51167
20260710_125804_L784;20260710_125804;10.07.2026;12:43:00;784;19;7626;13;U7223Z2;Horka I,Svobodná Ves,horní;49.94511;15.49505
20260710_125804_L177;20260710_125804;10.07.2026;12:46:00;177;9;6712;12;U511Z1P;Poliklinika Mazurská;50.13084;14.42569
20260710_130204_L628;20260710_130204;10.07.2026;12:50:00;628;24;8798;12;U9339Z2;Kladno,autobusové nádraží;50.18456;13.92118
20260710_130204_L467;20260710_130204;10.07.2026;12:52:00;467;15;8116;10;U9295Z1;Mladá Boleslav,aut.st.;50.3673;14.79464
20260710_130204_L348;20260710_130204;10.07.2026;12:45:00;348;3;8273;13;U78Z5;Obříství;50.12899;14.4814
20260710_130204_L405;20260710_130204;10.07.2026;12:51:00;405;65;1421;10;U31014Z4;Špindlerův Mlýn,aut.st.;50.4944;15.51924
20260710_130204_L375;20260710_130204;10.07.2026;12:49:00;375;5;8251;12;U243Z1;Brandýs n.L.-St.Bol.,žel.st.;50.13091;14.55287
20260710_130204_L408;20260710_130204;10.07.2026;12:49:00;408;60;7811;11;U32643Z1;Tábor,aut.nádr.;49.53589;14.44986
20260710_130204_L478;20260710_130204;10.07.2026;12:46:00;478;30;9781;14;U7060Z2;Příbram,aut.nádr.;49.57281;14.08903
20260710_130204_L389;20260710_130204;10.07.2026;12:46:00;389;14;7763;16;U4787Z1;Hořešovice;50.23347;14.07962
20260710_130204_L668;20260710_130204;10.07.2026;12:49:00;668;16;8079;13;U9182Z1;Mšeno,žel.st.;50.43832;14.63289
20260710_130204_L467;20260710_130204;10.07.2026;12:47:00;467;53;9824;15;U4728Z1;Roudnice n.L.,ČSAD;50.37374;14.38974
20260710_130204_L311;20260710_130204;10.07.2026;12:48:00;311;77;9583;12;U2569Z1;Řevnice,nádraží;49.92501;14.24481
20260710_130204_L318;20260710_130204;10.07.2026;12:51:00;318;51;7923;11;U578Z2;Praha,Smíchovské nádraží;49.95629;14.38171
20260710_130204_L773;20260710_130204;10.07.2026;12:52:00;773;3;7546;10;U6024Z1;Uhlířské Janovice,nám.;49.87931;15.06113
20260710_130204_L784;20260710_130204;10.07.2026;12:49:00;784;19;7626;12;U7219Z2;Horka I,Svobodná Ves,horní;49.96509;15.48599
20260710_130204_L491;20260710_130204;10.07.2026;12:49:00;491;9;8653;12;U1421Z2;Český Brod,žel.st.;50.05693;14.81931
20260710_130204_L805;20260710_130204;10.07.2026;12:48:00;805;15;7608;14;U5934Z2;Kolín,nádraží;49.96261;15.28407
20260710_130204_L136;20260710_130204;10.07.2026;12:49:00;136;2;5079;13;U286Z5P;Jižní Město;50.03067;14.52987
20260710_130204_L136;20260710_130204;10.07.2026;12:48:00;136;3;5095;14;U751Z2P;Jižní Město;50.05304;14.47423
20260710_130204_L136;20260710_130204;10.07.2026;12:47:00;136;4;5547;15;U516Z3P;Jižní Město;50.08212;14.45943
20260710_130204_L369;20260710_130204;10.07.2026;12:48:00;369;33;8276;10;U651Z6;Praha,Ládví;50.12701;14.47305
20260710_130204_L400;20260710_130204;10.07.2026;12:48:00;400;25;11695;12;U31046Z4;Nový Bor,aut.nádr.;50.55168;14.54133
20260710_130604_L805;20260710_130604;10.07.2026;12:51:00;805;15;7608;14;U6688Z2;Kolín,nádraží;49.97771;15.27306
20260710_130604_L640;20260710_130604;10.07.2026;12:51:00;640;27;9440;12;U9810Z1;Hostomice,nám.;49.8258;14.04521
20260710_130604_L693;20260710_130604;10.07.2026;12:51:00;693;3;1364;13;U6101Z2;Nosálov,Libovice;50.44819;14.64408
20260710_130604_L431;20260710_130604;10.07.2026;12:53:00;431;1;1814;10;U6109Z1;Předměřice n.Jiz.,u kostela;50.31602;14.78658
20260710_130604_L405;20260710_130604;10.07.2026;12:55:00;405;66;1420;10;U32433Z2;Praha,Černý Most;50.5516;15.55205
20260710_130604_L408;20260710_130604;10.07.2026;12:54:00;408;60;7811;10;U32645Z1;Tábor,aut.nádr.;49.52007;14.43335
20260710_130604_L652;20260710_130604;10.07.2026;12:53:00;652;12;1595;11;U1978Z1;Oleška,Krymlov;49.98413;14.87463
20260710_130604_L478;20260710_130604;10.07.2026;12:53:00;478;30;9781;12;U7615Z2;Příbram,aut.nádr.;49.58355;14.07203
20260710_130604_L467;20260710_130604;10.07.2026;12:51:00;467;53;9824;14;U4712Z1;Roudnice n.L.,ČSAD;50.3874;14.33696
20260710_130604_L662;20260710_130604;10.07.2026;12:53:00;662;12;1677;10;U2423Z2;Kounice;50.10281;14.81905
20260710_130604_L311;20260710_130604;10.07.2026;12:52:00;311;77;9583;11;U9217Z1;Řevnice,nádraží;49.9259;14.26712
20260710_130604_L773;20260710_130604;10.07.2026;12:55:00;773;1;7549;10;U2157Z2;Sázava,aut.st.;49.8808;15.06438
20260710_130604_L491;20260710_130604;10.07.2026;12:51:00;491;9;8653;14;U4134Z2;Český Brod,žel.st.;50.0623;14.834
20260710_130604_L659;20260710_130604;10.07.2026;12:52:00;659;40;9107;13;U2016Z2;Stříbrná Skalice,náměstí;49.9914;14.85713
20260710_130604_L136;20260710_130604;10.07.2026;12:51:00;136;3;5095;14;U322Z3P;Jižní Město;50.0455;14.48476
20260710_130604_L375;20260710_130604;10.07.2026;12:52:00;375;5;8251;13;U9549Z1;Brandýs n.L.-St.Bol.,žel.st.;50.14095;14.57751
20260710_130604_L628;20260710_130604;10.07.2026;12:55:00;628;24;8798;10;U9338Z1;Kladno,autobusové nádraží;50.18743;13.95365
20260710_130604_L318;20260710_130604;10.07.2026;12:55:00;318;51;7923;11;U802Z2;Praha,Smíchovské nádraží;49.96958;14.3891
20260710_130604_L400;20260710_130604;10.07.2026;12:52:00;400;25;11695;11;U31348Z1;Nový Bor,aut.nádr.;50.5859;14.55029
20260710_131005_L318;20260710_131005;10.07.2026;12:59:00;318;51;7923;10;U315Z2;Praha,Smíchovské nádraží;49.99087;14.39921
20260710_131005_L387;20260710_131005;10.07.2026;13:00:00;387;1;9373;10;U2008Z2;Praha,Háje;49.98963;14.74028
20260710_131005_L389;20260710_131005;10.07.2026;12:54:00;389;14;7763;16;U9225Z2;Hořešovice;50.26161;14.05495
20260710_131005_L693;20260710_131005;10.07.2026;12:56:00;693;3;1364;12;U6137Z1;Nosálov,Libovice;50.4527;14.653
20260710_131005_L773;20260710_131005;10.07.2026;12:55:00;773;1;7549;15;U2157Z2;Sázava,aut.st.;49.88028;15.06301
20260710_131005_L662;20260710_131005;10.07.2026;12:56:00;662;12;1677;10;U2422Z2;Kounice;50.11015;14.84822
20260710_131005_L628;20260710_131005;10.07.2026;12:59:00;628;24;8798;10;U9277Z1;Kladno,autobusové nádraží;50.19294;13.97113
20260710_131005_L376;20260710_131005;10.07.2026;12:55:00;376;2;8118;15;U1000Z2;Brandýs n.L.-St.Bol.,nádr.;50.1249;14.5166
20260710_131005_L384;20260710_131005;10.07.2026;13:00:00;384;17;9866;10;U9614Z2;Hořovice,nám.B.Němcové;49.8494;13.8837
20260710_131005_L375;20260710_131005;10.07.2026;12:55:00;375;5;8251;15;U852Z3;Brandýs n.L.-St.Bol.,žel.st.;50.15183;14.5912
20260710_131005_L652;20260710_131005;10.07.2026;12:58:00;652;12;1595;11;U2146Z2;Oleška,Krymlov;49.98766;14.90797
20260710_131005_L478;20260710_131005;10.07.2026;12:55:00;478;30;9781;15;U5857Z2;Příbram,aut.nádr.;49.5909;14.08811
20260710_131005_L402;20260710_131005;10.07.2026;13:00:00;402;3;7672;10;U7318Z1;Čáslav,aut.st.;49.83475;14.83211
20260710_131005_L400;20260710_131005;10.07.2026;12:57:00;400;25;11695;11;U31351Z1;Nový Bor,aut.nádr.;50.61463;14.56616
20260710_131005_L405;20260710_131005;10.07.2026;12:59:00;405;65;1421;10;U31015Z1;Špindlerův Mlýn,aut.st.;50.53082;15.57304
20260710_131005_L491;20260710_131005;10.07.2026;12:54:00;491;9;8653;16;U1416Z3;Český Brod,žel.st.;50.07172;14.85596
20260710_131005_L659;20260710_131005;10.07.2026;12:54:00;659;40;9107;13;U2319Z1;Stříbrná Skalice,náměstí;49.98179;14.88345
20260710_131005_L770;20260710_131005;10.07.2026;13:00:00;770;4;7859;10;U7318Z1;Uhlířské Janovice,nám.;49.83459;14.83025
20260710_131005_L467;20260710_131005;10.07.2026;12:54:00;467;53;9824;15;U4713Z1;Roudnice n.L.,ČSAD;50.40818;14.29795
20260710_131005_L348;20260710_131005;10.07.2026;12:54:00;348;3;8273;15;U3242Z1;Obříství;50.1624;14.48354
20260710_131005_L311;20260710_131005;10.07.2026;12:54:00;311;77;9583;14;U1626Z2;Řevnice,nádraží;49.92799;14.27076
20260710_131005_L136;20260710_131005;10.07.2026;12:56:00;136;3;5095;14;U424Z1P;Jižní Město;50.03304;14.50024
20260710_131005_L408;20260710_131005;10.07.2026;12:54:00;408;60;7811;11;U32645Z1;Tábor,aut.nádr.;49.52062;14.44738
20260710_131005_L431;20260710_131005;10.07.2026;12:58:00;431;1;1814;11;U2979Z2;Předměřice n.Jiz.,u kostela;50.30945;14.8153
20260710_131005_L136;20260710_131005;10.07.2026;12:56:00;136;4;5547;15;U29Z1P;Jižní Město;50.07327;14.47023
