ID Záznamu;Timestamp;Den;Čas příjezdu;Linka;Oběh;Vozidlo;Zpoždění (min);Zastávka;Směr;Zeměpisná šířka (Lat);Zeměpisná délka (Lon)
20260616_093739_L400;20260616_093739;16.06.2026;09:22:00;400;51;1091;14;U6077Z2;Praha,Střížkov;50.48683;14.48497
20260616_093739_L315;20260616_093739;16.06.2026;09:18:00;315;4;1865;17;U3063Z1;Mnichovo Hradiště,dopravní terminál;50.41051;14.92664
20260616_093739_L136;20260616_093739;16.06.2026;09:13:00;136;14;5098;22;U1074Z4P;Jižní Město;50.09231;14.47008
20260616_093739_L379;20260616_093739;16.06.2026;09:03:00;379;12;1240;28;U3001Z2;Praha,Černý Most;50.15595;14.66102
20260616_093739_L149;20260616_093739;16.06.2026;09:02:00;149;9;4174;35;U786Z1P;Stodůlky-Bavorská;50.05589;14.32934
20260616_093739_L209;20260616_093739;16.06.2026;09:00:00;209;43;9168;37;U1233Z2P;Nádraží Uhříněves;50.03289;14.60921
20260616_093739_L209;20260616_093739;16.06.2026;09:10:00;209;41;9191;26;U2276Z1P;Nádraží Uhříněves;50.08125;14.61638
20260616_093739_L191;20260616_093739;16.06.2026;09:25:00;191;4;4008;11;U872Z2P;Obchodní centrum Ruzyně;50.07971;14.3466
20260616_093739_L123;20260616_093739;16.06.2026;09:23:00;123;3;4198;14;U426Z2P;Kavalírka;50.06679;14.36448
20260616_093739_L149;20260616_093739;16.06.2026;09:20:00;149;11;4016;15;U321Z4P;Dejvická;50.1;14.39555
20260616_093739_L168;20260616_093739;16.06.2026;09:25:00;168;8;2034;12;U3299Z2P;Nové Butovice;50.06003;14.33189
20260616_093739_L354;20260616_093739;16.06.2026;09:20:00;354;22;8267;17;U452Z2;Praha,Černý Most;50.11547;14.61302
20260616_093739_L110;20260616_093739;16.06.2026;09:27:00;110;8;8103;10;U1197Z1P;Dolní Počernice;50.10219;14.55463
20260616_093739_L136;20260616_093739;16.06.2026;09:17:00;136;33;5073;19;U225Z1P;Jižní Město;50.09958;14.49621
20260616_093739_L100;20260616_093739;16.06.2026;09:12:00;100;3;5567;23;U629Z3P;Letiště / Airport ✈;50.10552;14.27169
20260616_093739_L231;20260616_093739;16.06.2026;09:24:00;231;8;4184;12;U965Z1P;Na Knížecí;50.06392;14.40469
20260616_093739_L342;20260616_093739;16.06.2026;09:20:00;342;3;7686;17;U4774Z1;Slaný,žel.st.;50.21653;14.12389
20260616_093739_L345;20260616_093739;16.06.2026;08:35:00;345;36;10654;25;U897Z63;Liberec,aut.nádr.;50.41876;14.91733
20260616_093739_L345;20260616_093739;16.06.2026;08:34:00;345;35;8549;33;U3063Z2;Praha,Černý Most;50.14211;14.64877
20260616_093739_L183;20260616_093739;16.06.2026;09:23:00;183;12;6874;14;U13Z1P;Vozovna Kobylisy;50.09552;14.49608
20260616_093739_L315;20260616_093739;16.06.2026;08:59:00;315;10;8677;19;U2199Z2;Praha,Černý Most;50.1206;14.58938
20260616_093739_L149;20260616_093739;16.06.2026;09:25:00;149;2;4193;12;U254Z5P;Stodůlky-Bavorská;50.071;14.38012
20260616_093739_L754;20260616_093739;16.06.2026;09:26:00;754;19;7203;10;U7889Z1;Příbram,aut.nádr.;49.66986;14.3872
20260616_093739_L383;20260616_093739;16.06.2026;09:16:00;383;32;9138;21;U151Z2;Praha,Háje;50.03182;14.53374
20260616_093739_L380;20260616_093739;16.06.2026;09:12:00;380;4;9978;24;U444Z1;Praha,Vypich;50.07783;14.34732
20260616_093739_L315;20260616_093739;16.06.2026;09:10:00;315;11;1861;25;U897Z65;Mnichovo Hradiště,dopravní terminál;50.10919;14.58158
20260616_093739_L177;20260616_093739;16.06.2026;09:22:00;177;19;5105;15;U344Z4P;Chodov;50.03196;14.5073
20260616_093739_L101;20260616_093739;16.06.2026;09:27:00;101;3;2318;11;U680Z3P;Skalka;50.06889;14.46902
20260616_093739_L136;20260616_093739;16.06.2026;09:25:00;136;13;6919;13;U751Z2P;Jižní Město;50.05305;14.47424
20260616_093739_L136;20260616_093739;16.06.2026;09:24:00;136;29;5556;12;U29Z1P;Jižní Město;50.06943;14.46888
20260616_093739_L720;20260616_093739;16.06.2026;08:59:00;720;7;10252;28;U3392Z1;Semily,Terminál;50.51014;14.98179
20260616_093739_L405;20260616_093739;16.06.2026;08:15:00;405;64;1432;48;U2987Z42;Praha,Černý Most;50.13902;14.64491
20260616_093739_L163;20260616_093739;16.06.2026;09:26:00;163;59;9411;10;U28Z2P;Depo Hostivař;50.08073;14.60663
20260616_093739_L194;20260616_093739;16.06.2026;09:26:00;194;1;1906;10;U360Z9P;Florenc;50.0888;14.41514
20260616_093739_L209;20260616_093739;16.06.2026;09:25:00;209;42;9119;12;U408Z2P;Letňany;50.11632;14.62597
20260616_093739_L136;20260616_093739;16.06.2026;09:22:00;136;15;6819;13;U474Z6P;Jižní Město;50.10308;14.50306
20260616_093739_L300;20260616_093739;16.06.2026;09:19:00;300;93;8864;18;U3094Z1;Kladno,u kostela;50.1425;14.09775
20260616_093739_L324;20260616_093739;16.06.2026;09:26:00;324;20;8999;11;U4783Z2;Slaný,Rabasova;50.22835;14.06784
20260616_093739_L344;20260616_093739;16.06.2026;09:19:00;344;10;8062;18;U859Z2;Praha,Černý Most;50.11408;14.60459
20260616_093739_L345;20260616_093739;16.06.2026;08:19:00;345;16;1864;73;U31069Z12;Liberec,aut.nádr.;50.76224;15.04677
20260616_093739_L346;20260616_093739;16.06.2026;09:21:00;346;3;8277;16;U1824Z1;Brandýs n.L.-St.Bol.,Nem.;50.17753;14.6534
20260616_093739_L347;20260616_093739;16.06.2026;09:25:00;347;21;8882;11;U104Z4;Praha,Motol;50.0765;14.30933
20260616_093739_L365;20260616_093739;16.06.2026;09:25:00;365;18;8762;11;U394Z4;Unhošť,Nám.;50.07007;14.33549
20260616_093739_L370;20260616_093739;16.06.2026;09:27:00;370;11;1248;10;U2215Z4;Postřižín,U Kapličky;50.21924;14.40893
20260616_093739_L375;20260616_093739;16.06.2026;09:21:00;375;1;8249;12;U603Z2;Praha,Českomoravská;50.112;14.50273
20260616_093739_L381;20260616_093739;16.06.2026;09:24:00;381;11;9371;11;U1886Z1;Kutná Hora,hlavní nádraží;49.98892;14.70068
20260616_093739_L398;20260616_093739;16.06.2026;09:25:00;398;26;1679;10;U2451Z2;Praha,Černý Most;50.12102;14.66246
20260616_093739_L400;20260616_093739;16.06.2026;09:10:00;400;56;1089;20;U31354Z5;Nový Bor,aut.nádr.;50.68302;14.53667
20260616_093739_L406;20260616_093739;16.06.2026;09:25:00;406;4;7936;11;U6759Z2;Praha,Roztyly;49.6975;14.90468
20260616_093739_L400;20260616_093739;16.06.2026;09:04:00;400;25;11696;12;U1793Z1;Praha,Střížkov;50.25493;14.49501
20260616_093739_L168;20260616_093739;16.06.2026;09:25:00;168;3;2056;12;U872Z8P;Bílá Hora;50.07953;14.34407
20260616_093739_L108;20260616_093739;16.06.2026;09:19:00;108;4;2082;18;U2767Z2P;Dejvická;50.10471;14.4035
20260616_093739_L120;20260616_093739;16.06.2026;09:25:00;120;9;4173;10;U817Z2P;Na Knížecí;50.06375;14.40492
20260616_093739_L720;20260616_093739;16.06.2026;08:50:00;720;68;1413;46;U32549Z3;Praha,Černý Most;50.60326;15.32397
20260616_093739_L167;20260616_093739;16.06.2026;09:18:00;167;5;5057;19;U306Z1P;Nemocnice Na Homolce;50.0746;14.34016
20260616_093739_L149;20260616_093739;16.06.2026;09:16:00;149;8;4009;21;U602Z1P;Stodůlky-Bavorská;50.05122;14.35371
20260616_093739_L136;20260616_093739;16.06.2026;09:27:00;136;12;5546;10;U424Z1P;Jižní Město;50.03312;14.50006
20260616_093739_L191;20260616_093739;16.06.2026;09:24:00;191;5;4014;13;U443Z1P;Letiště / Airport ✈;50.07271;14.3769
20260616_093739_L345;20260616_093739;16.06.2026;07:46:00;345;15;8671;64;U2987Z7;Praha,Černý Most;50.11464;14.58799
20260616_093739_L502;20260616_093739;16.06.2026;09:17:00;502;15;9523;19;U9712Z4;Příbram,Svatá Hora;49.68957;14.01333
20260616_093739_L180;20260616_093739;16.06.2026;09:21:00;180;4;5118;14;U394Z4P;Dejvická;50.07442;14.33974
20260616_094140_L315;20260616_094140;16.06.2026;09:18:00;315;4;1865;21;U3063Z1;Mnichovo Hradiště,dopravní terminál;50.41051;14.92663
20260616_094140_L167;20260616_094140;16.06.2026;09:18:00;167;5;5057;23;U306Z1P;Nemocnice Na Homolce;50.07527;14.34179
20260616_094140_L720;20260616_094140;16.06.2026;08:50:00;720;68;1413;47;U32549Z3;Praha,Černý Most;50.61171;15.30768
20260616_094140_L177;20260616_094140;16.06.2026;09:26:00;177;19;5105;15;U774Z2P;Chodov;50.02042;14.50707
20260616_094140_L184;20260616_094140;16.06.2026;09:27:00;184;4;5002;13;U394Z4P;Vypich;50.07332;14.33825
20260616_094140_L167;20260616_094140;16.06.2026;09:28:00;167;1;6940;13;U1123Z1P;Nemocnice Na Homolce;50.07074;14.3357
20260616_094140_L168;20260616_094140;16.06.2026;09:28:00;168;8;2034;13;U709Z1P;Nové Butovice;50.05345;14.32943
20260616_094140_L182;20260616_094140;16.06.2026;09:26:00;182;8;3952;15;U106Z6P;Radiová;50.02792;14.50822
20260616_094140_L250;20260616_094140;16.06.2026;09:30:00;250;2;6800;10;U432Z2P;Černý Most;50.08028;14.62297
20260616_094140_L844;20260616_094140;16.06.2026;09:30:00;844;23;7793;10;U9391Z9;Snět;49.70006;14.89881
20260616_094140_L136;20260616_094140;16.06.2026;09:27:00;136;16;5081;10;U603Z2P;Jižní Město;50.11185;14.5025
20260616_094140_L100;20260616_094140;16.06.2026;09:12:00;100;3;5567;27;U629Z3P;Letiště / Airport ✈;50.10552;14.27171
20260616_094140_L315;20260616_094140;16.06.2026;08:59:00;315;10;8677;21;U2199Z2;Praha,Černý Most;50.10902;14.57624
20260616_094140_L345;20260616_094140;16.06.2026;08:34:00;345;35;8549;36;U3063Z2;Praha,Černý Most;50.13875;14.64452
20260616_094140_L174;20260616_094140;16.06.2026;09:31:00;174;11;4084;10;U394Z4P;Vypich;50.0704;14.33575
20260616_094140_L405;20260616_094140;16.06.2026;08:15:00;405;64;1432;51;U2987Z42;Praha,Černý Most;50.13578;14.6401
20260616_094140_L168;20260616_094140;16.06.2026;09:28:00;168;3;2056;13;U844Z3P;Bílá Hora;50.0894;14.34937
20260616_094140_L194;20260616_094140;16.06.2026;09:29:00;194;1;1906;10;U1408Z2P;Florenc;50.08872;14.41974
20260616_094140_L149;20260616_094140;16.06.2026;09:25:00;149;2;4193;16;U254Z5P;Stodůlky-Bavorská;50.07026;14.38033
20260616_094140_L191;20260616_094140;16.06.2026;09:30:00;191;4;4008;11;U844Z3P;Obchodní centrum Ruzyně;50.08943;14.3494
20260616_094140_L136;20260616_094140;16.06.2026;09:29:00;136;13;6919;13;U417Z1P;Jižní Město;50.04353;14.48725
20260616_094140_L410;20260616_094140;16.06.2026;09:26:00;410;4;11698;10;U31491Z14;Praha,Střížkov;50.63019;14.71709
20260616_094140_L398;20260616_094140;16.06.2026;09:28:00;398;26;1679;12;U1743Z2;Praha,Černý Most;50.11855;14.64495
20260616_094140_L315;20260616_094140;16.06.2026;09:10:00;315;11;1861;29;U897Z65;Mnichovo Hradiště,dopravní terminál;50.10919;14.5816
20260616_094140_L754;20260616_094140;16.06.2026;09:31:00;754;19;7203;10;U7493Z1;Příbram,aut.nádr.;49.67195;14.34943
20260616_094140_L101;20260616_094140;16.06.2026;09:29:00;101;3;2318;11;U37Z1P;Skalka;50.06042;14.46958
20260616_094140_L136;20260616_094140;16.06.2026;09:30:00;136;29;5556;11;U183Z3P;Jižní Město;50.05608;14.47158
20260616_094140_L370;20260616_094140;16.06.2026;09:31:00;370;11;1248;10;U2220Z1;Postřižín,U Kapličky;50.22804;14.41572
20260616_094140_L375;20260616_094140;16.06.2026;09:30:00;375;2;8297;10;U346Z2;Praha,Českomoravská;50.14576;14.58178
20260616_094140_L365;20260616_094140;16.06.2026;09:25:00;365;18;8762;15;U394Z4;Unhošť,Nám.;50.07096;14.33576
20260616_094140_L381;20260616_094140;16.06.2026;09:30:00;381;11;9371;11;U2008Z1;Kutná Hora,hlavní nádraží;49.98948;14.74056
20260616_094140_L826;20260616_094140;16.06.2026;09:27:00;826;35;8576;11;U2270Z2;Český Brod,žel.st.;50.07603;14.86554
20260616_094140_L110;20260616_094140;16.06.2026;09:30:00;110;8;8103;10;U207Z3P;Dolní Počernice;50.08964;14.54712
20260616_094140_L163;20260616_094140;16.06.2026;09:31:00;163;59;9411;10;U97Z3P;Depo Hostivař;50.08554;14.57672
20260616_094140_L209;20260616_094140;16.06.2026;09:29:00;209;42;9119;12;U1348Z1P;Letňany;50.11978;14.6113
20260616_094140_L228;20260616_094140;16.06.2026;09:31:00;228;11;9044;10;U542Z2P;Poliklinika Malešice;50.03457;14.59464
20260616_094140_L347;20260616_094140;16.06.2026;09:27:00;347;21;8882;13;U558Z2;Praha,Motol;50.07559;14.31839
20260616_094140_L332;20260616_094140;16.06.2026;09:31:00;332;19;9955;10;U2128Z1;Jílové u Prahy,Náměstí;49.93668;14.51418
20260616_094140_L406;20260616_094140;16.06.2026;09:28:00;406;4;7936;11;U9391Z2;Praha,Roztyly;49.70021;14.89861
20260616_094140_L136;20260616_094140;16.06.2026;09:28:00;136;15;6819;14;U678Z2P;Jižní Město;50.10042;14.48799
20260616_094140_L183;20260616_094140;16.06.2026;09:26:00;183;12;6874;13;U134Z5P;Vozovna Kobylisy;50.10929;14.5019
20260616_094140_L136;20260616_094140;16.06.2026;09:29:00;136;12;5546;11;U106Z2P;Jižní Město;50.02409;14.51066
20260616_094140_L617;20260616_094140;16.06.2026;09:29:00;617;17;7326;11;U4716Z1;Roudnice n.L.,žel.st.;50.42414;14.25912
20260616_094140_L379;20260616_094140;16.06.2026;09:03:00;379;12;1240;32;U3001Z2;Praha,Černý Most;50.1535;14.65912
20260616_094140_L191;20260616_094140;16.06.2026;09:29:00;191;5;4014;12;U699Z1P;Letiště / Airport ✈;50.07796;14.38775
20260616_094140_L502;20260616_094140;16.06.2026;09:17:00;502;15;9523;23;U9712Z4;Příbram,Svatá Hora;49.68957;14.01333
20260616_094540_L844;20260616_094540;16.06.2026;09:30:00;844;23;7793;13;U9391Z9;Snět;49.70382;14.90154
20260616_094540_L641;20260616_094540;16.06.2026;09:35:00;641;14;9573;10;U9856Z2;Hořovice,nemocnice;49.86582;13.9322
20260616_094540_L182;20260616_094540;16.06.2026;09:31:00;182;8;3952;14;U219Z2P;Radiová;50.04335;14.51675
20260616_094540_L315;20260616_094540;16.06.2026;09:10:00;315;11;1861;33;U897Z65;Mnichovo Hradiště,dopravní terminál;50.10917;14.58161
20260616_094540_L168;20260616_094540;16.06.2026;09:30:00;168;3;2056;14;U541Z6P;Bílá Hora;50.08578;14.33879
20260616_094540_L167;20260616_094540;16.06.2026;09:18:00;167;5;5057;27;U306Z1P;Nemocnice Na Homolce;50.07571;14.34367
20260616_094540_L184;20260616_094540;16.06.2026;09:27:00;184;4;5002;17;U394Z4P;Vypich;50.07373;14.33869
20260616_094540_L191;20260616_094540;16.06.2026;09:32:00;191;4;4008;13;U541Z6P;Obchodní centrum Ruzyně;50.08574;14.33872
20260616_094540_L167;20260616_094540;16.06.2026;09:28:00;167;1;6940;16;U1123Z1P;Nemocnice Na Homolce;50.07309;14.33779
20260616_094540_L100;20260616_094540;16.06.2026;09:12:00;100;3;5567;30;U629Z3P;Letiště / Airport ✈;50.10552;14.27172
20260616_094540_L315;20260616_094540;16.06.2026;09:32:00;315;9;8678;12;U897Z65;Benátky n.Jiz.,aut.st.;50.10955;14.58044
20260616_094540_L345;20260616_094540;16.06.2026;08:34:00;345;35;8549;40;U3063Z2;Praha,Černý Most;50.13559;14.63989
20260616_094540_L194;20260616_094540;16.06.2026;09:35:00;194;1;1906;10;U1410Z2P;Florenc;50.09079;14.42729
20260616_094540_L174;20260616_094540;16.06.2026;09:31:00;174;11;4084;13;U394Z4P;Vypich;50.07263;14.33729
20260616_094540_L136;20260616_094540;16.06.2026;09:35:00;136;16;5081;11;U134Z4P;Jižní Město;50.10121;14.50263
20260616_094540_L250;20260616_094540;16.06.2026;09:34:00;250;2;6800;11;U448Z2P;Černý Most;50.0812;14.59896
20260616_094540_L183;20260616_094540;16.06.2026;09:36:00;183;10;6979;10;U2707Z1P;Háje;50.04663;14.5486
20260616_094540_L180;20260616_094540;16.06.2026;09:31:00;180;3;6937;13;U394Z4P;Dejvická;50.0725;14.33717
20260616_094540_L149;20260616_094540;16.06.2026;09:25:00;149;2;4193;19;U254Z5P;Stodůlky-Bavorská;50.06977;14.37818
20260616_094540_L398;20260616_094540;16.06.2026;09:28:00;398;26;1679;15;U1743Z2;Praha,Černý Most;50.11834;14.63933
20260616_094540_L168;20260616_094540;16.06.2026;09:31:00;168;8;2034;12;U1369Z1P;Nové Butovice;50.04974;14.33871
20260616_094540_L136;20260616_094540;16.06.2026;09:33:00;136;13;6919;12;U424Z1P;Jižní Město;50.03303;14.5003
20260616_094540_L136;20260616_094540;16.06.2026;09:35:00;136;29;5556;11;U417Z1P;Jižní Město;50.0429;14.48781
20260616_094540_L826;20260616_094540;16.06.2026;09:27:00;826;35;8576;15;U2270Z2;Český Brod,žel.st.;50.07603;14.86554
20260616_094540_L405;20260616_094540;16.06.2026;08:15:00;405;64;1432;55;U2987Z42;Praha,Černý Most;50.13231;14.6339
20260616_094540_L110;20260616_094540;16.06.2026;09:35:00;110;8;8103;10;U158Z1P;Dolní Počernice;50.08802;14.56313
20260616_094540_L375;20260616_094540;16.06.2026;09:33:00;375;2;8297;11;U9549Z2;Praha,Českomoravská;50.13629;14.56786
20260616_094540_L381;20260616_094540;16.06.2026;09:33:00;381;11;9371;12;U2010Z1;Kutná Hora,hlavní nádraží;49.98803;14.77193
20260616_094540_L370;20260616_094540;16.06.2026;09:34:00;370;11;1248;10;U2222Z1;Postřižín,U Kapličky;50.23261;14.40533
20260616_094540_L365;20260616_094540;16.06.2026;09:25:00;365;18;8762;18;U394Z4;Unhošť,Nám.;50.07327;14.33794
20260616_094540_L228;20260616_094540;16.06.2026;09:33:00;228;11;9044;11;U542Z12P;Poliklinika Malešice;50.03886;14.59056
20260616_094540_L303;20260616_094540;16.06.2026;09:31:00;303;8;8184;12;U1743Z2;Praha,Černý Most;50.11817;14.63385
20260616_094540_L332;20260616_094540;16.06.2026;09:33:00;332;19;9955;11;U2127Z1;Jílové u Prahy,Náměstí;49.92438;14.50366
20260616_094540_L347;20260616_094540;16.06.2026;09:30:00;347;21;8882;14;U364Z4;Praha,Motol;50.07811;14.34127
20260616_094540_L353;20260616_094540;16.06.2026;09:35:00;353;9;8042;10;U188Z2;Praha,Černý Most;50.11212;14.59322
20260616_094540_L209;20260616_094540;16.06.2026;09:31:00;209;42;9119;13;U1291Z1P;Letňany;50.1245;14.60306
20260616_094540_L136;20260616_094540;16.06.2026;09:30:00;136;15;6819;15;U1074Z4P;Jižní Město;50.09451;14.47412
20260616_094540_L406;20260616_094540;16.06.2026;09:34:00;406;4;7936;11;U6042Z3;Praha,Roztyly;49.70933;14.90013
20260616_094540_L400;20260616_094540;16.06.2026;09:35:00;400;58;1084;10;U6078Z1;Rumburk,žel.st.;50.49603;14.48686
20260616_094540_L580;20260616_094540;16.06.2026;09:35:00;580;18;7681;10;U9254Z1;Slaný,aut.nádr.;50.23309;14.0443
20260616_094540_L136;20260616_094540;16.06.2026;09:33:00;136;12;5546;12;U353Z1P;Jižní Město;50.02628;14.52139
20260616_094540_L183;20260616_094540;16.06.2026;09:31:00;183;12;6874;14;U442Z1P;Vozovna Kobylisy;50.11533;14.49694
20260616_094540_L177;20260616_094540;16.06.2026;09:30:00;177;19;5105;16;U1116Z2P;Chodov;50.02992;14.48779
20260616_094540_L379;20260616_094540;16.06.2026;09:03:00;379;12;1240;36;U3001Z2;Praha,Černý Most;50.14918;14.65562
20260616_094540_L191;20260616_094540;16.06.2026;09:33:00;191;5;4014;12;U626Z1P;Letiště / Airport ✈;50.08011;14.3679
20260616_094540_L502;20260616_094540;16.06.2026;09:17:00;502;15;9523;27;U9712Z4;Příbram,Svatá Hora;49.68957;14.01332
20260616_094941_L405;20260616_094941;16.06.2026;08:15:00;405;64;1432;59;U2987Z42;Praha,Černý Most;50.12966;14.62798
20260616_094941_L381;20260616_094941;16.06.2026;09:37:00;381;11;9371;12;U2012Z1;Kutná Hora,hlavní nádraží;49.99178;14.81409
20260616_094941_L315;20260616_094941;16.06.2026;09:10:00;315;11;1861;37;U897Z65;Mnichovo Hradiště,dopravní terminál;50.10919;14.58163
20260616_094941_L183;20260616_094941;16.06.2026;09:38:00;183;10;6979;11;U1069Z1P;Háje;50.04769;14.56523
20260616_094941_L379;20260616_094941;16.06.2026;09:03:00;379;12;1240;39;U3001Z2;Praha,Černý Most;50.14585;14.65262
20260616_094941_L733;20260616_094941;16.06.2026;09:39:00;733;37;8656;10;U6385Z1;Turnov,Na Lukách;50.58646;15.00625
20260616_094941_L191;20260616_094941;16.06.2026;09:36:00;191;4;4008;13;U1198Z1P;Obchodní centrum Ruzyně;50.08871;14.32638
20260616_094941_L168;20260616_094941;16.06.2026;09:35:00;168;3;2056;14;U630Z2P;Bílá Hora;50.08596;14.3253
20260616_094941_L844;20260616_094941;16.06.2026;09:35:00;844;23;7793;12;U6759Z1;Snět;49.68781;14.92821
20260616_094941_L548;20260616_094941;16.06.2026;09:35:00;548;12;9511;10;U9858Z1;Praskolesy;49.86708;13.92999
20260616_094941_L406;20260616_094941;16.06.2026;09:36:00;406;4;7936;13;U5796Z2;Praha,Roztyly;49.71306;14.88155
20260616_094941_L345;20260616_094941;16.06.2026;09:35:00;345;8;1863;13;U897Z63;Mnichovo Hradiště,nám.;50.10934;14.58216
20260616_094941_L209;20260616_094941;16.06.2026;09:37:00;209;42;9119;12;U762Z2P;Letňany;50.12585;14.57072
20260616_094941_L228;20260616_094941;16.06.2026;09:38:00;228;11;9044;11;U108Z1P;Poliklinika Malešice;50.05607;14.57995
20260616_094941_L353;20260616_094941;16.06.2026;09:37:00;353;9;8042;11;U897Z11;Praha,Černý Most;50.10865;14.57343
20260616_094941_L365;20260616_094941;16.06.2026;09:25:00;365;18;8762;22;U394Z4;Unhošť,Nám.;50.07388;14.33875
20260616_094941_L398;20260616_094941;16.06.2026;09:28:00;398;26;1679;18;U1743Z2;Praha,Černý Most;50.11806;14.63123
20260616_094941_L410;20260616_094941;16.06.2026;09:39:00;410;4;11698;10;U31347Z2;Praha,Střížkov;50.57849;14.69384
20260616_094941_L375;20260616_094941;16.06.2026;09:36:00;375;2;8297;13;U4000Z2;Praha,Českomoravská;50.13024;14.54639
20260616_094941_L315;20260616_094941;16.06.2026;09:32:00;315;9;8678;16;U897Z65;Benátky n.Jiz.,aut.st.;50.10955;14.58044
20260616_094941_L167;20260616_094941;16.06.2026;09:28:00;167;1;6940;20;U1123Z1P;Nemocnice Na Homolce;50.07361;14.33843
20260616_094941_L148;20260616_094941;16.06.2026;09:40:00;148;2;2069;10;U959Z2P;I. P. Pavlova;50.07361;14.42413
20260616_094941_L151;20260616_094941;16.06.2026;09:37:00;151;3;2332;12;U790Z2P;Českomoravská;50.11276;14.50463
20260616_094941_L345;20260616_094941;16.06.2026;08:34:00;345;35;8549;44;U3063Z2;Praha,Černý Most;50.13202;14.63335
20260616_094941_L180;20260616_094941;16.06.2026;09:31:00;180;3;6937;17;U394Z4P;Dejvická;50.0731;14.33782
20260616_094941_L400;20260616_094941;16.06.2026;09:38:00;400;5;11656;11;U31355Z2;Praha,Střížkov;50.69387;14.54137
20260616_094941_L136;20260616_094941;16.06.2026;09:38:00;136;13;6919;11;U916Z1P;Jižní Město;50.02516;14.51476
20260616_094941_L136;20260616_094941;16.06.2026;09:40:00;136;29;5556;10;U344Z1P;Jižní Město;50.03177;14.50448
20260616_094941_L754;20260616_094941;16.06.2026;09:40:00;754;19;7203;10;U7509Z1;Příbram,aut.nádr.;49.67546;14.24928
20260616_094941_L332;20260616_094941;16.06.2026;09:39:00;332;19;9955;10;U2107Z1;Jílové u Prahy,Náměstí;49.90742;14.49193
20260616_094941_L136;20260616_094941;16.06.2026;09:30:00;136;15;6819;18;U1074Z4P;Jižní Město;50.09303;14.47205
20260616_094941_L183;20260616_094941;16.06.2026;09:36:00;183;12;6874;13;U332Z2P;Vozovna Kobylisy;50.1254;14.49017
20260616_094941_L826;20260616_094941;16.06.2026;09:27:00;826;35;8576;19;U2270Z2;Český Brod,žel.st.;50.07603;14.86554
20260616_094941_L380;20260616_094941;16.06.2026;09:38:00;380;2;9982;11;U394Z4;Praha,Vypich;50.06997;14.33546
20260616_094941_L250;20260616_094941;16.06.2026;09:34:00;250;2;6800;12;U448Z2P;Černý Most;50.0947;14.59428
20260616_094941_L184;20260616_094941;16.06.2026;09:38:00;184;3;6935;10;U394Z4P;Vypich;50.07028;14.33574
20260616_094941_L136;20260616_094941;16.06.2026;09:39:00;136;16;5081;10;U763Z2P;Jižní Město;50.09862;14.48201
20260616_094941_L174;20260616_094941;16.06.2026;09:31:00;174;11;4084;17;U394Z4P;Vypich;50.07326;14.33804
20260616_094941_L191;20260616_094941;16.06.2026;09:37:00;191;5;4014;12;U872Z2P;Letiště / Airport ✈;50.07972;14.34664
20260616_094941_L184;20260616_094941;16.06.2026;09:27:00;184;4;5002;20;U394Z4P;Vypich;50.07443;14.33979
20260616_094941_L502;20260616_094941;16.06.2026;09:17:00;502;15;9523;31;U9712Z4;Příbram,Svatá Hora;49.68957;14.01332
20260616_095341_L502;20260616_095341;16.06.2026;09:17:00;502;15;9523;35;U9712Z4;Příbram,Svatá Hora;49.68957;14.01332
20260616_095341_L733;20260616_095341;16.06.2026;09:43:00;733;37;8656;10;U31176Z1;Turnov,Na Lukách;50.60432;15.00833
20260616_095341_L315;20260616_095341;16.06.2026;09:32:00;315;9;8678;20;U897Z65;Benátky n.Jiz.,aut.st.;50.10955;14.58044
20260616_095341_L191;20260616_095341;16.06.2026;09:42:00;191;5;4014;11;U844Z3P;Letiště / Airport ✈;50.08917;14.34838
20260616_095341_L183;20260616_095341;16.06.2026;09:43:00;183;10;6979;10;U967Z2P;Háje;50.03483;14.56449
20260616_095341_L548;20260616_095341;16.06.2026;09:35:00;548;12;9511;16;U9858Z1;Praskolesy;49.86663;13.93142
20260616_095341_L148;20260616_095341;16.06.2026;09:43:00;148;2;2069;10;U958Z1P;I. P. Pavlova;50.07453;14.42608
20260616_095341_L152;20260616_095341;16.06.2026;09:41:00;152;9;6881;10;U474Z7P;Českomoravská;50.10611;14.5007
20260616_095341_L379;20260616_095341;16.06.2026;09:03:00;379;12;1240;42;U3001Z2;Praha,Černý Most;50.14202;14.64862
20260616_095341_L405;20260616_095341;16.06.2026;08:15:00;405;64;1432;63;U2987Z42;Praha,Černý Most;50.12683;14.61994
20260616_095341_L182;20260616_095341;16.06.2026;09:40:00;182;8;3952;13;U677Z2P;Radiová;50.05687;14.53672
20260616_095341_L345;20260616_095341;16.06.2026;08:34:00;345;35;8549;47;U3063Z2;Praha,Černý Most;50.12933;14.62722
20260616_095341_L345;20260616_095341;16.06.2026;09:35:00;345;8;1863;17;U897Z63;Mnichovo Hradiště,nám.;50.10934;14.58215
20260616_095341_L209;20260616_095341;16.06.2026;09:39:00;209;42;9119;13;U1120Z1P;Letňany;50.12975;14.5509
20260616_095341_L180;20260616_095341;16.06.2026;09:41:00;180;5;6943;12;U394Z4P;Dejvická;50.07015;14.33566
20260616_095341_L380;20260616_095341;16.06.2026;09:38:00;380;2;9982;15;U394Z4;Praha,Vypich;50.07062;14.33563
20260616_095341_L168;20260616_095341;16.06.2026;09:40:00;168;3;2056;13;U104Z2P;Bílá Hora;50.07746;14.3042
20260616_095341_L375;20260616_095341;16.06.2026;09:39:00;375;2;8297;14;U109Z2;Praha,Českomoravská;50.12407;14.53095
20260616_095341_L406;20260616_095341;16.06.2026;09:40:00;406;4;7936;13;U9389Z2;Praha,Roztyly;49.71531;14.83754
20260616_095341_L381;20260616_095341;16.06.2026;09:42:00;381;11;9371;11;U2015Z1;Kutná Hora,hlavní nádraží;49.99184;14.85346
20260616_095341_L228;20260616_095341;16.06.2026;09:41:00;228;11;9044;12;U107Z1P;Poliklinika Malešice;50.06391;14.59118
20260616_095341_L167;20260616_095341;16.06.2026;09:40:00;167;3;6905;12;U1123Z1P;Nemocnice Na Homolce;50.07041;14.33575
20260616_095341_L315;20260616_095341;16.06.2026;09:10:00;315;11;1861;41;U897Z65;Mnichovo Hradiště,dopravní terminál;50.10921;14.5816
20260616_095341_L151;20260616_095341;16.06.2026;09:37:00;151;3;2332;15;U790Z2P;Českomoravská;50.11272;14.50288
20260616_095341_L180;20260616_095341;16.06.2026;09:31:00;180;3;6937;20;U394Z4P;Dejvická;50.07423;14.33942
20260616_095341_L163;20260616_095341;16.06.2026;09:41:00;163;46;9117;10;U28Z2P;Depo Hostivař;50.08114;14.59961
20260616_095341_L136;20260616_095341;16.06.2026;09:42:00;136;17;5016;10;U474Z6P;Jižní Město;50.10507;14.50266
20260616_095341_L126;20260616_095341;16.06.2026;09:43:00;126;13;3736;10;U542Z2P;Nádraží Uhříněves;50.03465;14.59452
20260616_095341_L136;20260616_095341;16.06.2026;09:41:00;136;13;6919;12;U286Z5P;Jižní Město;50.03074;14.5299
20260616_095341_L136;20260616_095341;16.06.2026;09:44:00;136;29;5556;10;U916Z1P;Jižní Město;50.02515;14.51473
20260616_095341_L136;20260616_095341;16.06.2026;09:30:00;136;15;6819;21;U1074Z4P;Jižní Město;50.09156;14.46865
20260616_095341_L183;20260616_095341;16.06.2026;09:39:00;183;12;6874;13;U651Z5P;Vozovna Kobylisy;50.13215;14.47916
20260616_095341_L826;20260616_095341;16.06.2026;09:27:00;826;35;8576;23;U2270Z2;Český Brod,žel.st.;50.07603;14.86554
20260616_095341_L184;20260616_095341;16.06.2026;09:38:00;184;3;6935;14;U394Z4P;Vypich;50.07066;14.33568
20260616_095341_L136;20260616_095341;16.06.2026;09:40:00;136;16;5081;12;U1074Z4P;Jižní Město;50.09365;14.47303
20260616_095341_L174;20260616_095341;16.06.2026;09:31:00;174;11;4084;20;U394Z4P;Vypich;50.0744;14.33968
20260616_095742_L502;20260616_095742;16.06.2026;09:17:00;502;15;9523;39;U9712Z4;Příbram,Svatá Hora;49.68957;14.01332
20260616_095742_L168;20260616_095742;16.06.2026;09:40:00;168;3;2056;16;U104Z2P;Bílá Hora;50.07688;14.30683
20260616_095742_L332;20260616_095742;16.06.2026;09:47:00;332;30;9173;10;U488Z7;Praha,Budějovická;50.03052;14.4551
20260616_095742_L168;20260616_095742;16.06.2026;09:44:00;168;4;2074;12;U394Z4P;Bílá Hora;50.07082;14.33571
20260616_095742_L365;20260616_095742;16.06.2026;09:48:00;365;12;8832;10;U610Z4;Praha,Motol;50.07844;14.34235
20260616_095742_L174;20260616_095742;16.06.2026;09:46:00;174;3;4119;10;U394Z4P;Vypich;50.07072;14.33561
20260616_095742_L410;20260616_095742;16.06.2026;09:46:00;410;4;11698;11;U9450Z2;Praha,Střížkov;50.57264;14.64627
20260616_095742_L191;20260616_095742;16.06.2026;09:47:00;191;5;4014;11;U334Z1P;Letiště / Airport ✈;50.08681;14.32936
20260616_095742_L406;20260616_095742;16.06.2026;09:44:00;406;4;7936;13;U7607Z2;Praha,Roztyly;49.74336;14.80041
20260616_095742_L345;20260616_095742;16.06.2026;09:35:00;345;8;1863;21;U897Z63;Mnichovo Hradiště,nám.;50.10934;14.58215
20260616_095742_L315;20260616_095742;16.06.2026;09:32:00;315;9;8678;25;U897Z65;Benátky n.Jiz.,aut.st.;50.10926;14.58234
20260616_095742_L163;20260616_095742;16.06.2026;09:46:00;163;59;9411;10;U358Z4P;Depo Hostivař;50.077;14.51756
20260616_095742_L375;20260616_095742;16.06.2026;09:43:00;375;2;8297;14;U1000Z5;Praha,Českomoravská;50.12561;14.51256
20260616_095742_L345;20260616_095742;16.06.2026;08:34:00;345;35;8549;51;U3063Z2;Praha,Černý Most;50.12688;14.62008
20260616_095742_L381;20260616_095742;16.06.2026;09:45:00;381;11;9371;12;U2016Z1;Kutná Hora,hlavní nádraží;49.99366;14.861
20260616_095742_L180;20260616_095742;16.06.2026;09:41:00;180;5;6943;15;U394Z4P;Dejvická;50.07409;14.33915
20260616_095742_L379;20260616_095742;16.06.2026;09:03:00;379;12;1240;46;U3001Z2;Praha,Černý Most;50.13776;14.64313
20260616_095742_L167;20260616_095742;16.06.2026;09:40:00;167;3;6905;14;U1123Z1P;Nemocnice Na Homolce;50.07341;14.3382
20260616_095742_L228;20260616_095742;16.06.2026;09:46:00;228;11;9044;11;U820Z2P;Poliklinika Malešice;50.07255;14.5552
20260616_095742_L380;20260616_095742;16.06.2026;09:38:00;380;2;9982;16;U394Z4;Praha,Vypich;50.07405;14.33916
20260616_095742_L315;20260616_095742;16.06.2026;09:10:00;315;11;1861;45;U897Z65;Mnichovo Hradiště,dopravní terminál;50.10921;14.58158
20260616_095742_L163;20260616_095742;16.06.2026;09:47:00;163;46;9117;11;U1390Z2P;Depo Hostivař;50.08455;14.57435
20260616_095742_L183;20260616_095742;16.06.2026;09:47:00;183;10;6979;10;U151Z2P;Háje;50.03225;14.53441
20260616_095742_L183;20260616_095742;16.06.2026;09:44:00;183;12;6874;13;U864Z6P;Vozovna Kobylisy;50.13353;14.45426
20260616_095742_L826;20260616_095742;16.06.2026;09:27:00;826;35;8576;27;U2270Z2;Český Brod,žel.st.;50.07603;14.86554
20260616_095742_L250;20260616_095742;16.06.2026;09:43:00;250;2;6800;14;U897Z11P;Černý Most;50.10967;14.57827
20260616_095742_L136;20260616_095742;16.06.2026;09:40:00;136;16;5081;15;U1074Z4P;Jižní Město;50.09248;14.47063
20260616_100153_L174;20260616_100153;16.06.2026;09:48:00;174;3;4119;14;U306Z1P;Vypich;50.07462;14.34015
20260616_100153_L502;20260616_100153;16.06.2026;09:17:00;502;15;9523;43;U9712Z4;Příbram,Svatá Hora;49.68957;14.01332
20260616_100153_L381;20260616_100153;16.06.2026;09:50:00;381;11;9371;11;U1979Z1;Kutná Hora,hlavní nádraží;49.9818;14.88425
20260616_100153_L345;20260616_100153;16.06.2026;09:35:00;345;8;1863;24;U897Z63;Mnichovo Hradiště,nám.;50.10934;14.58216
20260616_100153_L365;20260616_100153;16.06.2026;09:49:00;365;12;8832;12;U872Z7;Praha,Motol;50.07654;14.34851
20260616_100153_L315;20260616_100153;16.06.2026;09:32:00;315;9;8678;29;U897Z65;Benátky n.Jiz.,aut.st.;50.10874;14.57698
20260616_100153_L844;20260616_100153;16.06.2026;09:50:00;844;23;7793;11;U5743Z3;Snět;49.71174;15.01193
20260616_100153_L326;20260616_100153;16.06.2026;09:51:00;326;3;4147;10;U730Z1;Jesenice,Belnická;50.01766;14.51099
20260616_100153_L410;20260616_100153;16.06.2026;09:49:00;410;4;11698;11;U31041Z2;Praha,Střížkov;50.56303;14.65049
20260616_100153_L659;20260616_100153;16.06.2026;09:47:00;659;36;9107;14;U2319Z1;Stříbrná Skalice,Náměstí;49.98568;14.86352
20260616_100153_L740;20260616_100153;16.06.2026;09:47:00;740;21;7620;13;U6987Z2;Golčův Jeníkov,nám.TGM;49.83619;15.46522
20260616_100153_L785;20260616_100153;16.06.2026;09:51:00;785;11;7621;10;U9405Z1;Kácov,nám.;49.77511;15.03011
20260616_100153_L406;20260616_100153;16.06.2026;09:47:00;406;4;7936;13;U7855Z2;Praha,Roztyly;49.76034;14.75469
20260616_100153_L345;20260616_100153;16.06.2026;08:34:00;345;35;8549;52;U3063Z2;Praha,Černý Most;50.10985;14.57493
20260616_100153_L375;20260616_100153;16.06.2026;09:47:00;375;2;8297;15;U603Z2;Praha,Českomoravská;50.11852;14.49914
20260616_100153_L332;20260616_100153;16.06.2026;09:47:00;332;30;9173;11;U488Z7;Praha,Budějovická;50.04299;14.45341
20260616_100153_L379;20260616_100153;16.06.2026;09:03:00;379;12;1240;50;U3001Z2;Praha,Černý Most;50.13455;14.63801
20260616_100153_L228;20260616_100153;16.06.2026;09:50:00;228;11;9044;10;U1014Z2P;Poliklinika Malešice;50.07107;14.54306
20260616_100153_L191;20260616_100153;16.06.2026;09:48:00;191;5;4014;12;U1198Z1P;Letiště / Airport ✈;50.09216;14.32427
20260616_100153_L136;20260616_100153;16.06.2026;09:50:00;136;17;5016;10;U1074Z4P;Jižní Město;50.09399;14.47345
20260616_100153_L191;20260616_100153;16.06.2026;09:51:00;191;3;4198;11;U872Z8P;Obchodní centrum Ruzyně;50.0798;14.3442
20260616_100153_L149;20260616_100153;16.06.2026;09:50:00;149;10;4200;10;U254Z5P;Stodůlky-Bavorská;50.0697;14.37986
20260616_100153_L136;20260616_100153;16.06.2026;09:40:00;136;16;5081;19;U1074Z4P;Jižní Město;50.09116;14.46829
20260616_100555_L326;20260616_100555;16.06.2026;09:53:00;326;3;4147;13;U1038Z1;Jesenice,Belnická;50.01187;14.51431
20260616_100555_L184;20260616_100555;16.06.2026;09:55:00;184;5;5127;10;U306Z1P;Vypich;50.07462;14.34016
20260616_100555_L659;20260616_100555;16.06.2026;09:51:00;659;36;9107;14;U1985Z2;Stříbrná Skalice,Náměstí;49.96881;14.87497
20260616_100555_L785;20260616_100555;16.06.2026;09:51:00;785;11;7621;14;U9405Z1;Kácov,nám.;49.77511;15.03011
20260616_100555_L410;20260616_100555;16.06.2026;09:54:00;410;4;11698;11;U31313Z2;Praha,Střížkov;50.55886;14.61689
20260616_100555_L754;20260616_100555;16.06.2026;09:54:00;754;19;7203;10;U9646Z5;Příbram,aut.nádr.;49.70226;14.06346
20260616_100555_L406;20260616_100555;16.06.2026;09:53:00;406;4;7936;12;U5937Z2;Praha,Roztyly;49.78052;14.70426
20260616_100555_L238;20260616_100555;16.06.2026;09:52:00;238;1;8421;13;U708Z1P;Depo Hostivař;50.0749;14.53758
20260616_100555_L379;20260616_100555;16.06.2026;09:03:00;379;12;1240;53;U3001Z2;Praha,Černý Most;50.13151;14.63218
20260616_100555_L381;20260616_100555;16.06.2026;09:55:00;381;11;9371;10;U1982Z1;Kutná Hora,hlavní nádraží;49.96949;14.93792
20260616_100555_L315;20260616_100555;16.06.2026;09:32:00;315;9;8678;32;U897Z65;Benátky n.Jiz.,aut.st.;50.10972;14.58945
20260616_100555_L345;20260616_100555;16.06.2026;09:35:00;345;8;1863;29;U897Z63;Mnichovo Hradiště,nám.;50.10871;14.57669
20260616_100555_L844;20260616_100555;16.06.2026;09:54:00;844;23;7793;11;U5742Z1;Snět;49.70257;15.03377
20260616_100555_L191;20260616_100555;16.06.2026;09:53:00;191;5;4014;13;U61Z2P;Letiště / Airport ✈;50.08835;14.30733
20260616_100555_L168;20260616_100555;16.06.2026;09:52:00;168;3;2056;13;U558Z1P;Nové Butovice;50.07611;14.31214
20260616_100555_L167;20260616_100555;16.06.2026;09:55:00;167;4;5997;11;U1100Z1P;Nemocnice Na Homolce;50.07547;14.34782
20260616_100555_L136;20260616_100555;16.06.2026;09:50:00;136;17;5016;13;U1074Z4P;Jižní Město;50.09245;14.47055
20260616_100555_L191;20260616_100555;16.06.2026;09:54:00;191;3;4198;11;U844Z3P;Obchodní centrum Ruzyně;50.08939;14.34938
20260616_100555_L180;20260616_100555;16.06.2026;09:54:00;180;15;6939;12;U444Z1P;Dejvická;50.07579;14.34415
20260616_100555_L228;20260616_100555;16.06.2026;09:55:00;228;11;9044;11;U389Z2P;Poliklinika Malešice;50.07325;14.53541
20260616_100555_L149;20260616_100555;16.06.2026;09:52:00;149;10;4200;13;U206Z1P;Stodůlky-Bavorská;50.06911;14.37738
20260616_100955_L844;20260616_100955;16.06.2026;09:59:00;844;23;7793;10;U5749Z1;Snět;49.69868;15.06724
20260616_100955_L754;20260616_100955;16.06.2026;10:00:00;754;19;7203;10;U9661Z1;Příbram,aut.nádr.;49.69068;14.03309
20260616_100955_L406;20260616_100955;16.06.2026;09:56:00;406;4;7936;12;U4073Z2;Praha,Roztyly;49.78734;14.68391
20260616_100955_L228;20260616_100955;16.06.2026;09:58:00;228;11;9044;12;U1071Z2P;Poliklinika Malešice;50.07655;14.51672
20260616_100955_L209;20260616_100955;16.06.2026;09:59:00;209;47;9402;10;U1348Z1P;Letňany;50.11946;14.60966
20260616_100955_L238;20260616_100955;16.06.2026;10:00:00;238;1;8421;10;U1071Z3;Fashion Arena Štěrboholy;50.07668;14.51622
20260616_100955_L379;20260616_100955;16.06.2026;09:03:00;379;12;1240;57;U3001Z2;Praha,Černý Most;50.12866;14.62539
20260616_100955_L151;20260616_100955;16.06.2026;09:57:00;151;4;2331;11;U790Z2P;Českomoravská;50.11274;14.5047
20260616_100955_L399;20260616_100955;16.06.2026;09:56:00;399;2;1298;13;U3095Z1;Kladno,Energie;50.14093;14.0711
20260616_100955_L326;20260616_100955;16.06.2026;09:57:00;326;3;4147;12;U164Z3;Jesenice,Belnická;49.9969;14.51768
20260616_100955_L168;20260616_100955;16.06.2026;09:56:00;168;3;2056;14;U700Z4P;Nové Butovice;50.08297;14.31119
20260616_100955_L180;20260616_100955;16.06.2026;09:56:00;180;15;6939;12;U872Z1P;Dejvická;50.07997;14.3478
20260616_100955_L191;20260616_100955;16.06.2026;09:56:00;191;3;4198;11;U541Z6P;Obchodní centrum Ruzyně;50.08632;14.32928
20260616_100955_L191;20260616_100955;16.06.2026;09:55:00;191;5;4014;12;U554Z5P;Letiště / Airport ✈;50.09449;14.29521
20260616_100955_L345;20260616_100955;16.06.2026;09:35:00;345;8;1863;32;U897Z63;Mnichovo Hradiště,nám.;50.11729;14.58955
20260616_100955_L785;20260616_100955;16.06.2026;09:51:00;785;11;7621;18;U9405Z1;Kácov,nám.;49.77511;15.03011
20260616_100955_L342;20260616_100955;16.06.2026;09:59:00;342;2;7702;10;U4418Z2;Slaný,žel.st.;50.18859;14.16259
20260616_100955_L149;20260616_100955;16.06.2026;09:57:00;149;10;4200;13;U174Z1P;Stodůlky-Bavorská;50.05667;14.36975
20260616_101356_L342;20260616_101356;16.06.2026;10:01:00;342;2;7702;11;U4416Z2;Slaný,žel.st.;50.18259;14.14421
20260616_101356_L785;20260616_101356;16.06.2026;09:51:00;785;11;7621;22;U9405Z1;Kácov,nám.;49.77512;15.03025
20260616_101356_L326;20260616_101356;16.06.2026;10:02:00;326;3;4147;12;U1207Z1;Jesenice,Belnická;49.981;14.50867
20260616_101356_L659;20260616_101356;16.06.2026;09:59:00;659;36;9107;14;U1989Z1;Stříbrná Skalice,Náměstí;49.93458;14.86055
20260616_101356_L238;20260616_101356;16.06.2026;10:02:00;238;1;8421;11;U404Z3;Fashion Arena Štěrboholy;50.07556;14.53185
20260616_101356_L141;20260616_101356;16.06.2026;10:01:00;141;2;4073;12;U897Z11P;Bazén Hloubětín;50.1097;14.57833
20260616_101356_L209;20260616_101356;16.06.2026;10:01:00;209;47;9402;11;U1291Z1P;Letňany;50.12451;14.60321
20260616_101356_L136;20260616_101356;16.06.2026;10:04:00;136;30;5506;10;U69Z2P;Jižní Město;50.08896;14.46088
20260616_101356_L228;20260616_101356;16.06.2026;10:01:00;228;11;9044;12;U70Z6P;Poliklinika Malešice;50.07785;14.50791
20260616_101356_L399;20260616_101356;16.06.2026;09:56:00;399;2;1298;17;U3095Z1;Kladno,Energie;50.14093;14.0711
20260616_101356_L151;20260616_101356;16.06.2026;09:57:00;151;4;2331;16;U790Z2P;Českomoravská;50.11274;14.50332
20260616_101356_L379;20260616_101356;16.06.2026;09:03:00;379;12;1240;58;U3001Z2;Praha,Černý Most;50.11035;14.58355
20260616_101356_L168;20260616_101356;16.06.2026;10:00:00;168;3;2056;14;U1198Z2P;Nové Butovice;50.08858;14.32659
20260616_101356_L191;20260616_101356;16.06.2026;10:02:00;191;3;4198;12;U85Z2P;Obchodní centrum Ruzyně;50.09268;14.32248
20260616_101356_L191;20260616_101356;16.06.2026;10:01:00;191;5;4014;13;U416Z1P;Letiště / Airport ✈;50.10277;14.28913
20260616_101356_L180;20260616_101356;16.06.2026;10:00:00;180;15;6939;13;U229Z2P;Dejvická;50.08665;14.37281
20260616_101356_L406;20260616_101356;16.06.2026;10:01:00;406;4;7936;10;U1384Z1;Praha,Roztyly;49.77912;14.68379
20260616_101356_L149;20260616_101356;16.06.2026;10:00:00;149;10;4200;13;U685Z3P;Stodůlky-Bavorská;50.05453;14.37148
20260616_101756_L110;20260616_101756;16.06.2026;10:05:00;110;1;8101;10;U242Z4P;Třeboradický hřbitov;50.10945;14.53148
20260616_101756_L180;20260616_101756;16.06.2026;10:04:00;180;15;6939;12;U867Z1P;Dejvická;50.09488;14.39633
20260616_101756_L141;20260616_101756;16.06.2026;10:05:00;141;2;4073;12;U897Z7P;Bazén Hloubětín;50.10866;14.57659
20260616_101756_L659;20260616_101756;16.06.2026;10:04:00;659;36;9107;13;U1992Z1;Stříbrná Skalice,Náměstí;49.92718;14.88622
20260616_101756_L785;20260616_101756;16.06.2026;09:51:00;785;11;7621;27;U9405Z1;Kácov,nám.;49.77512;15.03025
20260616_101756_L754;20260616_101756;16.06.2026;10:07:00;754;19;7203;10;U3287Z12;Příbram,aut.nádr.;49.68899;14.00402
20260616_101756_L323;20260616_101756;16.06.2026;10:07:00;323;14;8814;10;U85Z1;Praha,Nádraží Veleslavín;50.09259;14.32596
20260616_101756_L342;20260616_101756;16.06.2026;10:06:00;342;2;7702;11;U4413Z2;Slaný,žel.st.;50.17019;14.11189
20260616_101756_L209;20260616_101756;16.06.2026;10:07:00;209;47;9402;11;U762Z2P;Letňany;50.12563;14.57155
20260616_101756_L406;20260616_101756;16.06.2026;10:06:00;406;4;7936;12;U2139Z1;Praha,Roztyly;49.78972;14.68309
20260616_101756_L375;20260616_101756;16.06.2026;10:06:00;375;6;1504;12;U243Z2;Praha,Českomoravská;50.13091;14.55192
20260616_101756_L151;20260616_101756;16.06.2026;09:57:00;151;4;2331;20;U790Z2P;Českomoravská;50.1127;14.50284
20260616_101756_L191;20260616_101756;16.06.2026;10:03:00;191;5;4014;13;U776Z1P;Letiště / Airport ✈;50.10859;14.27035
20260616_101756_L191;20260616_101756;16.06.2026;10:07:00;191;3;4198;11;U554Z5P;Obchodní centrum Ruzyně;50.08992;14.30159
20260616_101756_L326;20260616_101756;16.06.2026;10:04:00;326;3;4147;13;U4176Z1;Jesenice,Belnická;49.98428;14.49501
20260616_101756_L149;20260616_101756;16.06.2026;10:03:00;149;10;4200;12;U238Z1P;Stodůlky-Bavorská;50.04943;14.35304
20260616_102157_L149;20260616_102157;16.06.2026;10:10:00;149;10;4200;12;U1130Z1P;Stodůlky-Bavorská;50.05459;14.3399
20260616_102157_L209;20260616_102157;16.06.2026;10:09:00;209;47;9402;11;U1120Z1P;Letňany;50.1288;14.55163
20260616_102157_L326;20260616_102157;16.06.2026;10:08:00;326;3;4147;14;U4176Z2;Jesenice,Belnická;49.98333;14.49558
20260616_102157_L141;20260616_102157;16.06.2026;10:10:00;141;2;4073;12;U1070Z2P;Bazén Hloubětín;50.10277;14.564
20260616_102157_L110;20260616_102157;16.06.2026;10:07:00;110;1;8101;14;U499Z6P;Třeboradický hřbitov;50.11226;14.53117
20260616_102157_L375;20260616_102157;16.06.2026;10:07:00;375;6;1504;15;U526Z2;Praha,Českomoravská;50.12894;14.54294
20260616_102157_L342;20260616_102157;16.06.2026;10:10:00;342;2;7702;11;U4806Z1;Slaný,žel.st.;50.18881;14.11033
20260616_102157_L315;20260616_102157;16.06.2026;10:10:00;315;1;8667;11;U897Z65;Mnichovo Hradiště,dopravní terminál;50.10893;14.57501
20260616_102157_L659;20260616_102157;16.06.2026;10:10:00;659;36;9107;12;U2550Z1;Stříbrná Skalice,Náměstí;49.9095;14.90307
20260616_102157_L785;20260616_102157;16.06.2026;09:51:00;785;11;7621;31;U9405Z1;Kácov,nám.;49.77507;15.03024
20260616_102157_L825;20260616_102157;16.06.2026;10:09:00;825;43;9754;10;U1660Z2;Mořinka;49.98271;14.19207
20260616_102157_L191;20260616_102157;16.06.2026;10:07:00;191;3;4198;12;U554Z5P;Obchodní centrum Ruzyně;50.09519;14.2941
20260616_102157_L168;20260616_102157;16.06.2026;10:06:00;168;3;2056;16;U844Z4P;Nové Butovice;50.08912;14.34872
20260616_102157_L315;20260616_102157;16.06.2026;10:10:00;315;4;1865;12;U3253Z1;Praha,Černý Most;50.52245;14.97459
20260616_102557_L141;20260616_102557;16.06.2026;10:15:00;141;2;4073;10;U657Z2P;Bazén Hloubětín;50.10318;14.54809
20260616_102557_L136;20260616_102557;16.06.2026;10:09:00;136;17;5016;16;U680Z3P;Jižní Město;50.06835;14.46929
20260616_102557_L375;20260616_102557;16.06.2026;10:10:00;375;6;1504;13;U803Z2;Praha,Českomoravská;50.12211;14.51765
20260616_102557_L825;20260616_102557;16.06.2026;10:14:00;825;43;9754;11;U1658Z2;Mořinka;49.99269;14.20799
20260616_102557_L659;20260616_102557;16.06.2026;10:13:00;659;36;9107;12;U2050Z1;Stříbrná Skalice,Náměstí;49.89325;14.88798
20260616_102557_L400;20260616_102557;16.06.2026;10:14:00;400;5;11656;10;U6078Z2;Praha,Střížkov;50.48018;14.48462
20260616_102557_L183;20260616_102557;16.06.2026;10:15:00;183;1;6961;10;U708Z1P;Háje;50.07579;14.53761
20260616_102557_L209;20260616_102557;16.06.2026;10:11:00;209;47;9402;14;U4000Z2P;Letňany;50.12992;14.54556
20260616_102557_L342;20260616_102557;16.06.2026;10:15:00;342;2;7702;11;U4768Z1;Slaný,žel.st.;50.18548;14.13418
20260616_102557_L315;20260616_102557;16.06.2026;10:10:00;315;1;8667;13;U897Z65;Mnichovo Hradiště,dopravní terminál;50.10919;14.57715
20260616_102557_L136;20260616_102557;16.06.2026;10:13:00;136;18;6974;12;U512Z5P;Jižní Město;50.09012;14.46622
20260616_102557_L167;20260616_102557;16.06.2026;10:12:00;167;5;5057;13;U1040Z18P;Nemocnice Na Homolce;50.06872;14.40434
20260616_102557_L168;20260616_102557;16.06.2026;10:09:00;168;3;2056;16;U872Z6P;Nové Butovice;50.08043;14.34418
20260616_102557_L326;20260616_102557;16.06.2026;10:13:00;326;3;4147;13;U1330Z3;Jesenice,Belnická;49.96764;14.51668
20260616_102557_L110;20260616_102557;16.06.2026;10:07:00;110;1;8101;18;U499Z6P;Třeboradický hřbitov;50.1148;14.525
20260616_102557_L315;20260616_102557;16.06.2026;10:10:00;315;4;1865;15;U3253Z1;Praha,Černý Most;50.52187;14.97361
20260616_102557_L332;20260616_102557;16.06.2026;10:12:00;332;2;9127;10;U2109Z1;Neveklov;49.89085;14.49621
20260616_102557_L785;20260616_102557;16.06.2026;09:51:00;785;11;7621;34;U9405Z1;Kácov,nám.;49.77507;15.03015
20260616_102958_L168;20260616_102958;16.06.2026;10:15:00;168;3;2056;15;U1094Z2P;Nové Butovice;50.07573;14.35441
20260616_102958_L315;20260616_102958;16.06.2026;10:10:00;315;1;8667;19;U897Z65;Mnichovo Hradiště,dopravní terminál;50.10934;14.58213
20260616_102958_L136;20260616_102958;16.06.2026;10:14:00;136;17;5016;16;U751Z2P;Jižní Město;50.05259;14.47512
20260616_102958_L136;20260616_102958;16.06.2026;10:18:00;136;18;6974;12;U516Z3P;Jižní Město;50.08246;14.45909
20260616_102958_L167;20260616_102958;16.06.2026;10:14:00;167;5;5057;15;U1040Z2P;Nemocnice Na Homolce;50.07198;14.40252
20260616_102958_L825;20260616_102958;16.06.2026;10:19:00;825;43;9754;11;U1637Z4;Mořinka;49.98226;14.23579
20260616_102958_L375;20260616_102958;16.06.2026;10:15:00;375;6;1504;14;U606Z2;Praha,Českomoravská;50.12294;14.50738
20260616_102958_L332;20260616_102958;16.06.2026;10:18:00;332;2;9127;10;U1936Z1;Neveklov;49.87372;14.50118
20260616_102958_L209;20260616_102958;16.06.2026;10:15:00;209;47;9402;13;U803Z2P;Letňany;50.11982;14.5203
20260616_102958_L659;20260616_102958;16.06.2026;10:16:00;659;36;9107;13;U2030Z3;Stříbrná Skalice,Náměstí;49.88273;14.86074
20260616_102958_L785;20260616_102958;16.06.2026;09:51:00;785;11;7621;39;U9405Z1;Kácov,nám.;49.77509;15.03021
20260616_103358_L136;20260616_103358;16.06.2026;10:22:00;136;18;6974;12;U518Z3P;Jižní Město;50.07656;14.45878
20260616_103358_L136;20260616_103358;16.06.2026;10:18:00;136;17;5016;16;U417Z1P;Jižní Město;50.04293;14.48775
20260616_103358_L136;20260616_103358;16.06.2026;10:20:00;136;19;6788;10;U1074Z4P;Jižní Město;50.09087;14.46815
20260616_103358_L149;20260616_103358;16.06.2026;10:24:00;149;5;3697;10;U573Z1P;Stodůlky-Bavorská;50.06082;14.3757
20260616_103358_L167;20260616_103358;16.06.2026;10:18:00;167;5;5057;15;U254Z2P;Nemocnice Na Homolce;50.07069;14.37896
20260616_103358_L168;20260616_103358;16.06.2026;10:18:00;168;3;2056;16;U306Z2P;Nové Butovice;50.07458;14.33985
20260616_103358_L186;20260616_103358;16.06.2026;10:21:00;186;4;7990;12;U51Z1P;Nádraží Satalice;50.12364;14.56884
20260616_103358_L825;20260616_103358;16.06.2026;10:22:00;825;43;9754;11;U1353Z2;Mořinka;49.9689;14.219
20260616_103358_L315;20260616_103358;16.06.2026;10:10:00;315;1;8667;23;U897Z65;Mnichovo Hradiště,dopravní terminál;50.10933;14.58213
20260616_103358_L332;20260616_103358;16.06.2026;10:24:00;332;2;9127;10;U1938Z1;Neveklov;49.86233;14.50401
20260616_103358_L345;20260616_103358;16.06.2026;10:23:00;345;16;1864;10;U3253Z1;Praha,Černý Most;50.51434;14.97221
20260616_103358_L381;20260616_103358;16.06.2026;10:24:00;381;6;9376;10;U2479Z2;Praha,Háje;49.94886;15.26097
20260616_103358_L445;20260616_103358;16.06.2026;10:22:00;445;15;7414;10;U1518Z2;Jílové u Prahy,Náměstí;49.93852;14.3771
20260616_103358_L785;20260616_103358;16.06.2026;09:51:00;785;11;7621;43;U9405Z1;Kácov,nám.;49.77508;15.03005
20260616_103759_L410;20260616_103759;16.06.2026;10:28:00;410;4;11698;10;U6070Z2;Praha,Střížkov;50.4423;14.4745
20260616_103759_L136;20260616_103759;16.06.2026;10:23:00;136;17;5016;15;U344Z1P;Jižní Město;50.03178;14.50437
20260616_103759_L167;20260616_103759;16.06.2026;10:24:00;167;5;5057;14;U150Z1P;Nemocnice Na Homolce;50.07363;14.35642
20260616_103759_L136;20260616_103759;16.06.2026;10:25:00;136;19;6788;12;U2787Z2P;Jižní Město;50.08781;14.45663
20260616_103759_L136;20260616_103759;16.06.2026;10:27:00;136;18;6974;10;U29Z1P;Jižní Město;50.07257;14.47049
20260616_103759_L180;20260616_103759;16.06.2026;10:27:00;180;3;6937;10;U872Z7P;Obchodní centrum Zličín;50.07673;14.34871
20260616_103759_L342;20260616_103759;16.06.2026;10:27:00;342;2;7702;10;U4773Z3;Slaný,žel.st.;50.21471;14.12446
20260616_103759_L186;20260616_103759;16.06.2026;10:21:00;186;4;7990;14;U51Z1P;Nádraží Satalice;50.12367;14.56878
20260616_103759_L381;20260616_103759;16.06.2026;10:27:00;381;6;9376;11;U1476Z2;Praha,Háje;49.94771;15.2382
20260616_103759_L785;20260616_103759;16.06.2026;09:51:00;785;11;7621;47;U9405Z1;Kácov,nám.;49.77507;15.03012
20260616_103759_L315;20260616_103759;16.06.2026;10:10:00;315;1;8667;27;U897Z65;Mnichovo Hradiště,dopravní terminál;50.10933;14.58212
20260616_103759_L332;20260616_103759;16.06.2026;10:26:00;332;2;9127;11;U1939Z1;Neveklov;49.85929;14.51586
20260616_103759_L825;20260616_103759;16.06.2026;10:27:00;825;43;9754;10;U1664Z1;Mořinka;49.95281;14.21009
20260616_103759_L460;20260616_103759;16.06.2026;10:25:00;460;67;1634;11;U4989Z1;Plaňany,Náměstí;49.98801;15.09406
20260616_104159_L136;20260616_104159;16.06.2026;10:27:00;136;17;5016;15;U916Z1P;Jižní Město;50.02515;14.51472
20260616_104159_L136;20260616_104159;16.06.2026;10:30:00;136;19;6788;12;U118Z4P;Jižní Město;50.07877;14.46061
20260616_104159_L149;20260616_104159;16.06.2026;10:32:00;149;5;3697;10;U27Z1P;Stodůlky-Bavorská;50.05124;14.36608
20260616_104159_L151;20260616_104159;16.06.2026;10:27:00;151;2;2337;13;U790Z2P;Českomoravská;50.11268;14.50275
20260616_104159_L167;20260616_104159;16.06.2026;10:27:00;167;5;5057;14;U489Z1P;Nemocnice Na Homolce;50.07236;14.34398
20260616_104159_L168;20260616_104159;16.06.2026;10:29:00;168;4;2074;13;U630Z1P;Nové Butovice;50.08566;14.32505
20260616_104159_L240;20260616_104159;16.06.2026;10:27:00;240;12;1753;13;U1235Z2P;Černý Most;50.11054;14.5813
20260616_104159_L825;20260616_104159;16.06.2026;10:28:00;825;43;9754;12;U4256Z1;Mořinka;49.95156;14.21788
20260616_104159_L315;20260616_104159;16.06.2026;10:10:00;315;1;8667;31;U897Z65;Mnichovo Hradiště,dopravní terminál;50.1089;14.57742
20260616_104159_L332;20260616_104159;16.06.2026;10:31:00;332;2;9127;11;U1941Z1;Neveklov;49.8624;14.53471
20260616_104159_L342;20260616_104159;16.06.2026;10:31:00;342;2;7702;10;U2867Z1;Slaný,žel.st.;50.22686;14.10128
20260616_104159_L345;20260616_104159;16.06.2026;10:30:00;345;16;1864;10;U6213Z2;Praha,Černý Most;50.47258;14.94368
20260616_104159_L381;20260616_104159;16.06.2026;10:30:00;381;6;9376;10;U1475Z2;Praha,Háje;49.94915;15.19468
20260616_104159_L410;20260616_104159;16.06.2026;10:31:00;410;4;11698;10;U6060Z2;Praha,Střížkov;50.42273;14.46412
20260616_104159_L460;20260616_104159;16.06.2026;10:31:00;460;67;1634;10;U5000Z2;Plaňany,Náměstí;50.00458;15.08358
20260616_104159_L740;20260616_104159;16.06.2026;10:31:00;740;21;7620;10;U6979Z2;Čáslav,žel.st.;49.86831;15.4219
20260616_104159_L785;20260616_104159;16.06.2026;09:51:00;785;11;7621;51;U9405Z1;Kácov,nám.;49.77509;15.03003
20260616_104600_L180;20260616_104600;16.06.2026;10:35:00;180;3;6937;10;U113Z3P;Obchodní centrum Zličín;50.0639;14.3158
20260616_104600_L149;20260616_104600;16.06.2026;10:33:00;149;5;3697;10;U238Z1P;Stodůlky-Bavorská;50.04959;14.35314
20260616_104600_L151;20260616_104600;16.06.2026;10:27:00;151;2;2337;17;U790Z2P;Českomoravská;50.11244;14.50262
20260616_104600_L136;20260616_104600;16.06.2026;10:32:00;136;19;6788;13;U518Z3P;Jižní Město;50.0759;14.45905
20260616_104600_L168;20260616_104600;16.06.2026;10:33:00;168;4;2074;12;U541Z7P;Nové Butovice;50.08655;14.33961
20260616_104600_L174;20260616_104600;16.06.2026;10:34:00;174;1;4121;11;U444Z1P;Vypich;50.07588;14.34526
20260616_104600_L164;20260616_104600;16.06.2026;10:36:00;164;1;1951;10;U2608Z2P;Malovanka;50.08756;14.36666
20260616_104600_L740;20260616_104600;16.06.2026;10:33:00;740;21;7620;10;U5891Z1;Čáslav,žel.st.;49.88995;15.41751
20260616_104600_L345;20260616_104600;16.06.2026;10:30:00;345;16;1864;11;U6213Z2;Praha,Černý Most;50.45745;14.93059
20260616_104600_L410;20260616_104600;16.06.2026;10:34:00;410;4;11698;11;U3316Z4;Praha,Střížkov;50.40307;14.45015
20260616_104600_L702;20260616_104600;16.06.2026;10:35:00;702;53;1607;10;U2156Z2;Kolín,nádraží;49.95339;15.1646
20260616_104600_L315;20260616_104600;16.06.2026;10:10:00;315;1;8667;35;U897Z65;Mnichovo Hradiště,dopravní terminál;50.11058;14.58685
20260616_104600_L332;20260616_104600;16.06.2026;10:33:00;332;2;9127;11;U4499Z2;Neveklov;49.85082;14.55163
20260616_104600_L381;20260616_104600;16.06.2026;10:35:00;381;6;9376;10;U2156Z2;Praha,Háje;49.95291;15.1638
20260616_104600_L785;20260616_104600;16.06.2026;09:51:00;785;11;7621;55;U9405Z1;Kácov,nám.;49.77509;15.03003
20260616_104600_L431;20260616_104600;16.06.2026;10:32:00;431;1;1800;12;U6106Z1;Benátky n.Jiz.,aut.st.;50.28556;14.82804
20260616_105001_L110;20260616_105001;16.06.2026;10:36:00;110;8;8103;13;U499Z6P;Třeboradický hřbitov;50.1147;14.52525
20260616_105001_L136;20260616_105001;16.06.2026;10:40:00;136;32;5069;10;U118Z4P;Jižní Město;50.07874;14.46071
20260616_105001_L136;20260616_105001;16.06.2026;10:39:00;136;19;6788;11;U680Z3P;Jižní Město;50.06838;14.46923
20260616_105001_L149;20260616_105001;16.06.2026;10:40:00;149;5;3697;10;U1130Z1P;Stodůlky-Bavorská;50.05456;14.3399
20260616_105001_L168;20260616_105001;16.06.2026;10:38:00;168;4;2074;12;U1077Z2P;Nové Butovice;50.08265;14.34615
20260616_105001_L180;20260616_105001;16.06.2026;10:39:00;180;3;6937;10;U612Z4P;Obchodní centrum Zličín;50.0656;14.29807
20260616_105001_L184;20260616_105001;16.06.2026;10:40:00;184;2;6994;10;U306Z1P;Vypich;50.07495;14.34095
20260616_105001_L332;20260616_105001;16.06.2026;10:35:00;332;2;9127;12;U5018Z2;Neveklov;49.84362;14.52757
20260616_105001_L342;20260616_105001;16.06.2026;10:36:00;342;2;7702;12;U4786Z1;Slaný,žel.st.;50.2314;14.0813
20260616_105001_L345;20260616_105001;16.06.2026;10:38:00;345;16;1864;12;U3392Z2;Praha,Černý Most;50.43093;14.9229
20260616_105001_L431;20260616_105001;16.06.2026;10:32:00;431;1;1800;15;U6106Z1;Benátky n.Jiz.,aut.st.;50.28556;14.82804
20260616_105001_L641;20260616_105001;16.06.2026;10:37:00;641;17;9450;10;U9855Z55;Hořovice,nemocnice;49.86662;13.93165
20260616_105001_L702;20260616_105001;16.06.2026;10:39:00;702;53;1607;10;U6950Z2;Kolín,nádraží;49.97091;15.17554
20260616_105001_L715;20260616_105001;16.06.2026;10:39:00;715;7;8676;11;U9475Z2;Mnichovo Hradiště,dopravní terminál;50.47942;14.93938
20260616_105001_L740;20260616_105001;16.06.2026;10:39:00;740;21;7620;10;U6973Z1;Čáslav,žel.st.;49.90467;15.39963
20260616_105001_L785;20260616_105001;16.06.2026;09:51:00;785;11;7621;58;U9405Z1;Kácov,nám.;49.77507;15.0301
20260616_105401_L125;20260616_105401;16.06.2026;10:43:00;125;7;5107;10;U337Z4P;Smíchovské nádraží;50.05307;14.40908
20260616_105401_L110;20260616_105401;16.06.2026;10:40:00;110;8;8103;14;U1000Z12P;Třeboradický hřbitov;50.12573;14.51676
20260616_105401_L628;20260616_105401;16.06.2026;10:44:00;628;25;8741;10;U9322Z1;Kladno,autobusové nádraží;50.2063;13.90014
20260616_105401_L641;20260616_105401;16.06.2026;10:43:00;641;17;9450;11;U9860Z2;Hořovice,nemocnice;49.85193;13.92133
20260616_105401_L380;20260616_105401;16.06.2026;10:42:00;380;3;9972;10;U444Z1;Praha,Vypich;50.078;14.34581
20260616_105401_L715;20260616_105401;16.06.2026;10:41:00;715;7;8676;11;U6210Z2;Mnichovo Hradiště,dopravní terminál;50.48448;14.92741
20260616_105401_L463;20260616_105401;16.06.2026;10:42:00;463;6;9787;10;U3389Z1;Mladá Boleslav,aut.st.;50.41812;14.9128
20260616_105401_L125;20260616_105401;16.06.2026;10:41:00;125;5;6846;13;U337Z3P;Skalka;50.05039;14.41008
20260616_105401_L180;20260616_105401;16.06.2026;10:44:00;180;3;6937;10;U178Z2P;Obchodní centrum Zličín;50.06044;14.29295
20260616_105401_L785;20260616_105401;16.06.2026;09:51:00;785;11;7621;63;U9405Z1;Kácov,nám.;49.77508;15.03013
20260616_105401_L136;20260616_105401;16.06.2026;10:44:00;136;1;6880;10;U69Z2P;Jižní Město;50.08895;14.46118
20260616_105401_L136;20260616_105401;16.06.2026;10:43:00;136;19;6788;11;U183Z3P;Jižní Město;50.05669;14.47128
20260616_105401_L332;20260616_105401;16.06.2026;10:39:00;332;2;9127;15;U4506Z2;Neveklov;49.84327;14.52765
20260616_105401_L136;20260616_105401;16.06.2026;10:42:00;136;32;5069;12;U518Z3P;Jižní Město;50.07654;14.45883
20260616_105401_L167;20260616_105401;16.06.2026;10:40:00;167;1;6940;12;U1123Z1P;Nemocnice Na Homolce;50.07066;14.33569
20260616_105401_L740;20260616_105401;16.06.2026;10:42:00;740;21;7620;11;U7320Z11;Čáslav,žel.st.;49.913;15.39697
20260616_105401_L118;20260616_105401;16.06.2026;10:43:00;118;4;6811;10;U337Z12P;Sídliště Spořilov;50.05028;14.41118
20260616_105401_L241;20260616_105401;16.06.2026;10:44:00;241;16;3922;10;U337Z3P;Lipence;50.0504;14.41016
20260616_105401_L431;20260616_105401;16.06.2026;10:32:00;431;1;1800;17;U6106Z1;Benátky n.Jiz.,aut.st.;50.28556;14.82804
20260616_105401_L151;20260616_105401;16.06.2026;10:43:00;151;2;2337;10;U464Z3P;Novoborská;50.10853;14.49407
20260616_105401_L168;20260616_105401;16.06.2026;10:42:00;168;4;2074;12;U1100Z1P;Nové Butovice;50.07556;14.34689
20260616_105401_L197;20260616_105401;16.06.2026;10:43:00;197;7;6732;11;U337Z12P;Sídliště Písnice;50.05028;14.41126
20260616_105802_L580;20260616_105802;16.06.2026;10:47:00;580;30;7685;10;U9322Z1;Rakovník,aut.st.;50.20368;13.89729
20260616_105802_L628;20260616_105802;16.06.2026;10:47:00;628;25;8741;11;U9323Z2;Kladno,autobusové nádraží;50.19998;13.90424
20260616_105802_L641;20260616_105802;16.06.2026;10:46:00;641;17;9450;11;U9779Z3;Hořovice,nemocnice;49.84085;13.90249
20260616_105802_L467;20260616_105802;16.06.2026;10:47:00;467;5;8116;10;U4728Z1;Roudnice n.L.,ČSAD;50.37395;14.38838
20260616_105802_L110;20260616_105802;16.06.2026;10:43:00;110;8;8103;14;U771Z1P;Třeboradický hřbitov;50.13548;14.50554
20260616_105802_L360;20260616_105802;16.06.2026;10:47:00;360;6;7205;10;U4763Z2;Praha,Smíchovské nádraží;49.66525;14.42117
20260616_105802_L324;20260616_105802;16.06.2026;10:47:00;324;20;8999;10;U4303Z51;Praha,Zličín;50.15327;14.18501
20260616_105802_L136;20260616_105802;16.06.2026;10:46:00;136;1;6880;10;U743Z2P;Jižní Město;50.08288;14.45875
20260616_105802_L369;20260616_105802;16.06.2026;10:48:00;369;35;8272;10;U651Z6;Praha,Ládví;50.13271;14.47859
20260616_105802_L241;20260616_105802;16.06.2026;10:47:00;241;16;3922;10;U355Z1P;Lipence;50.02458;14.39451
20260616_105802_L136;20260616_105802;16.06.2026;10:47:00;136;32;5069;10;U29Z1P;Jižní Město;50.07219;14.47064
20260616_105802_L136;20260616_105802;16.06.2026;10:47:00;136;19;6788;11;U322Z3P;Jižní Město;50.04558;14.48467
20260616_105802_L167;20260616_105802;16.06.2026;10:43:00;167;1;6940;14;U1100Z1P;Nemocnice Na Homolce;50.07549;14.34772
20260616_105802_L243;20260616_105802;16.06.2026;10:43:00;243;1;1109;13;U6020Z1P;Radotínská lávka;49.97676;14.36795
20260616_105802_L702;20260616_105802;16.06.2026;10:48:00;702;53;1607;10;U6671Z2;Kolín,nádraží;49.98286;15.21421
20260616_105802_L151;20260616_105802;16.06.2026;10:47:00;151;2;2337;10;U474Z4P;Novoborská;50.11238;14.50259
20260616_105802_L168;20260616_105802;16.06.2026;10:47:00;168;2;2088;11;U1100Z1P;Bílá Hora;50.0755;14.34772
20260616_105802_L521;20260616_105802;16.06.2026;10:48:00;521;2;9766;10;U9735Z2;Příbram,aut.nádr.;49.6787;13.9954
20260616_105802_L168;20260616_105802;16.06.2026;10:45:00;168;4;2074;12;U1094Z2P;Nové Butovice;50.07571;14.35413
20260616_105802_L197;20260616_105802;16.06.2026;10:45:00;197;7;6732;11;U110Z13P;Sídliště Písnice;50.03958;14.41059
20260616_110202_L196;20260616_110202;16.06.2026;10:51:00;196;3;5075;11;U337Z12P;Kačerov;50.05024;14.41119
20260616_110202_L628;20260616_110202;16.06.2026;10:51:00;628;25;8741;11;U9340Z2;Kladno,autobusové nádraží;50.18217;13.9229
20260616_110202_L136;20260616_110202;16.06.2026;10:52:00;136;19;6788;10;U424Z1P;Jižní Město;50.03306;14.50027
20260616_110202_L641;20260616_110202;16.06.2026;10:49:00;641;17;9450;12;U9617Z2;Hořovice,nemocnice;49.83392;13.90228
20260616_110202_L467;20260616_110202;16.06.2026;10:51:00;467;5;8116;10;U4712Z1;Roudnice n.L.,ČSAD;50.38937;14.33211
20260616_110202_L580;20260616_110202;16.06.2026;10:52:00;580;30;7685;10;U9319Z2;Rakovník,aut.st.;50.18506;13.86364
20260616_110202_L339;20260616_110202;16.06.2026;10:51:00;339;20;9934;10;U1522Z2;Praha,Budějovická;49.99166;14.49028
20260616_110202_L149;20260616_110202;16.06.2026;10:50:00;149;6;3758;10;U254Z5P;Stodůlky-Bavorská;50.06974;14.37911
20260616_110202_L345;20260616_110202;16.06.2026;10:50:00;345;16;1864;12;U3389Z2;Praha,Černý Most;50.41265;14.91025
20260616_110202_L375;20260616_110202;16.06.2026;10:47:00;375;3;8257;11;U603Z2;Praha,Českomoravská;50.11297;14.50237
20260616_110202_L241;20260616_110202;16.06.2026;10:51:00;241;16;3922;10;U317Z1P;Lipence;49.99992;14.39572
20260616_110202_L125;20260616_110202;16.06.2026;10:51:00;125;6;5553;10;U337Z3P;Skalka;50.05046;14.41017
20260616_110202_L136;20260616_110202;16.06.2026;10:52:00;136;1;6880;10;U518Z3P;Jižní Město;50.07652;14.45879
20260616_110202_L168;20260616_110202;16.06.2026;10:51:00;168;2;2088;11;U1100Z2P;Bílá Hora;50.07554;14.34656
20260616_110202_L110;20260616_110202;16.06.2026;10:47:00;110;8;8103;15;U368Z1P;Třeboradický hřbitov;50.14974;14.50761
20260616_110202_L136;20260616_110202;16.06.2026;10:51:00;136;32;5069;10;U37Z1P;Jižní Město;50.0597;14.46988
20260616_110202_L365;20260616_110202;16.06.2026;10:52:00;365;12;8832;10;U1215Z2;Stochov,nám.;50.08732;14.21416
20260616_110202_L702;20260616_110202;16.06.2026;10:49:00;702;53;1607;10;U6670Z2;Kolín,nádraží;50.00204;15.2235
20260616_110202_L105;20260616_110202;16.06.2026;10:51:00;105;1;2322;11;U153Z1P;Filmové ateliéry Barrandov;50.0334;14.39709
20260616_110202_L190;20260616_110202;16.06.2026;10:51:00;190;3;6954;10;U337Z3P;Na Beránku;50.05045;14.41014
20260616_110202_L168;20260616_110202;16.06.2026;10:48:00;168;4;2074;13;U306Z2P;Nové Butovice;50.07405;14.33904
20260616_110202_L197;20260616_110202;16.06.2026;10:49:00;197;7;6732;12;U245Z1P;Sídliště Písnice;50.0348;14.41403
20260616_110603_L196;20260616_110603;16.06.2026;10:55:00;196;3;5075;11;U614Z5P;Kačerov;50.03877;14.41073
20260616_110603_L118;20260616_110603;16.06.2026;10:55:00;118;4;6811;11;U265Z2P;Sídliště Spořilov;50.04813;14.45484
20260616_110603_L241;20260616_110603;16.06.2026;10:56:00;241;16;3922;10;U902Z3P;Lipence;49.97643;14.39367
20260616_110603_L136;20260616_110603;16.06.2026;10:57:00;136;1;6880;10;U29Z1P;Jižní Město;50.07324;14.47015
20260616_110603_L136;20260616_110603;16.06.2026;10:56:00;136;32;5069;10;U697Z3P;Jižní Město;50.04859;14.48092
20260616_110603_L345;20260616_110603;16.06.2026;10:54:00;345;16;1864;11;U3063Z2;Praha,Černý Most;50.4104;14.92803
20260616_110603_L467;20260616_110603;16.06.2026;10:54:00;467;5;8116;11;U4713Z1;Roudnice n.L.,ČSAD;50.40539;14.30142
20260616_110603_L375;20260616_110603;16.06.2026;10:51:00;375;3;8257;14;U474Z7;Praha,Českomoravská;50.10957;14.50176
20260616_110603_L149;20260616_110603;16.06.2026;10:56:00;149;6;3758;10;U396Z1P;Stodůlky-Bavorská;50.05883;14.37205
20260616_110603_L105;20260616_110603;16.06.2026;10:55:00;105;1;2322;11;U49Z3P;Smíchovské nádraží;50.03592;14.38749
20260616_110603_L125;20260616_110603;16.06.2026;10:54:00;125;5;6846;12;U344Z1P;Skalka;50.03178;14.50445
20260616_110603_L136;20260616_110603;16.06.2026;10:54:00;136;19;6788;10;U106Z2P;Jižní Město;50.02401;14.51041
20260616_110603_L180;20260616_110603;16.06.2026;10:56:00;180;9;6904;10;U321Z4P;Dejvická;50.09939;14.39562
20260616_110603_L168;20260616_110603;16.06.2026;10:55:00;168;2;2088;10;U872Z8P;Bílá Hora;50.07949;14.34414
20260616_110603_L168;20260616_110603;16.06.2026;10:53:00;168;4;2074;13;U966Z3P;Nové Butovice;50.05907;14.33753
20260616_110603_L167;20260616_110603;16.06.2026;10:52:00;167;1;6940;14;U1100Z2P;Na Knížecí;50.07556;14.3466
20260616_110603_L641;20260616_110603;16.06.2026;10:53:00;641;17;9450;12;U9780Z2;Hořovice,nemocnice;49.83965;13.90996
20260616_110603_L702;20260616_110603;16.06.2026;10:56:00;702;53;1607;10;U6666Z2;Kolín,nádraží;50.02093;15.21357
20260616_110603_L110;20260616_110603;16.06.2026;10:51:00;110;8;8103;14;U752Z1P;Třeboradický hřbitov;50.16208;14.5152
20260616_110603_L197;20260616_110603;16.06.2026;10:53:00;197;7;6732;12;U879Z1P;Sídliště Písnice;50.02671;14.42991
20260616_111003_L105;20260616_111003;16.06.2026;11:00:00;105;1;2322;10;U337Z4P;Smíchovské nádraží;50.05108;14.40968
20260616_111003_L125;20260616_111003;16.06.2026;10:57:00;125;5;6846;13;U604Z1P;Skalka;50.03232;14.51873
20260616_111003_L136;20260616_111003;16.06.2026;10:58:00;136;32;5069;11;U417Z1P;Jižní Město;50.04218;14.48809
20260616_111003_L136;20260616_111003;16.06.2026;11:00:00;136;19;6788;10;U286Z5P;Jižní Město;50.03076;14.52991
20260616_111003_L167;20260616_111003;16.06.2026;10:56:00;167;1;6940;14;U1123Z2P;Na Knížecí;50.06956;14.33654
20260616_111003_L168;20260616_111003;16.06.2026;10:59:00;168;2;2088;11;U507Z2P;Bílá Hora;50.0881;14.34441
20260616_111003_L168;20260616_111003;16.06.2026;10:57:00;168;4;2074;13;U709Z1P;Nové Butovice;50.05347;14.3306
20260616_111003_L196;20260616_111003;16.06.2026;10:59:00;196;3;5075;11;U839Z1P;Kačerov;50.03159;14.42303
20260616_111003_L197;20260616_111003;16.06.2026;10:57:00;197;7;6732;13;U329Z1P;Sídliště Písnice;50.021;14.4383
20260616_111003_L228;20260616_111003;16.06.2026;11:00:00;228;12;9033;10;U1071Z7P;Poliklinika Malešice;50.07778;14.51646
20260616_111003_L241;20260616_111003;16.06.2026;10:59:00;241;16;3922;11;U288Z1P;Lipence;49.96961;14.38286
20260616_111003_L325;20260616_111003;16.06.2026;11:00:00;325;40;1633;10;U542Z2;Praha,Nádraží Uhříněves;50.0346;14.59456
20260616_111003_L339;20260616_111003;16.06.2026;11:00:00;339;20;9934;10;U908Z2;Praha,Budějovická;50.02271;14.46137
20260616_111003_L345;20260616_111003;16.06.2026;10:54:00;345;16;1864;12;U3063Z2;Praha,Černý Most;50.384;14.89761
20260616_111003_L467;20260616_111003;16.06.2026;10:58:00;467;5;8116;12;U4715Z1;Roudnice n.L.,ČSAD;50.41939;14.26607
20260616_111003_L628;20260616_111003;16.06.2026;10:59:00;628;25;8741;10;U9277Z1;Kladno,autobusové nádraží;50.19571;13.97136
20260616_111404_L339;20260616_111404;16.06.2026;11:02:00;339;20;9934;10;U488Z7;Praha,Budějovická;50.03863;14.45768
20260616_111404_L168;20260616_111404;16.06.2026;11:00:00;168;4;2074;14;U1369Z1P;Nové Butovice;50.05157;14.33714
20260616_111404_L136;20260616_111404;16.06.2026;11:04:00;136;32;5069;10;U106Z2P;Jižní Město;50.02793;14.50761
20260616_111404_L141;20260616_111404;16.06.2026;11:04:00;141;1;3739;10;U1228Z2P;Ve Žlíbku;50.10434;14.53521
20260616_111404_L149;20260616_111404;16.06.2026;11:03:00;149;6;3758;10;U238Z1P;Stodůlky-Bavorská;50.05255;14.35967
20260616_111404_L461;20260616_111404;16.06.2026;11:01:00;461;25;1627;12;U1539Z1;Kamenice,Kult.dům;49.90477;14.58733
20260616_111404_L136;20260616_111404;16.06.2026;11:03:00;136;3;6717;11;U512Z5P;Jižní Město;50.09015;14.46647
20260616_111404_L136;20260616_111404;16.06.2026;11:02:00;136;2;6926;12;U518Z3P;Jižní Město;50.07589;14.45906
20260616_111404_L125;20260616_111404;16.06.2026;11:01:00;125;5;6846;13;U151Z1P;Skalka;50.03148;14.53369
20260616_111404_L467;20260616_111404;16.06.2026;11:00:00;467;5;8116;14;U4717Z4;Roudnice n.L.,ČSAD;50.42412;14.26029
20260616_111404_L365;20260616_111404;16.06.2026;11:03:00;365;12;8832;10;U4894Z2;Stochov,nám.;50.08777;14.11496
20260616_111404_L580;20260616_111404;16.06.2026;11:03:00;580;30;7685;10;U2123Z1;Rakovník,aut.st.;50.17547;13.76875
20260616_111404_L241;20260616_111404;16.06.2026;11:01:00;241;16;3922;12;U564Z1P;Lipence;49.96572;14.36896
20260616_111404_L196;20260616_111404;16.06.2026;11:03:00;196;3;5075;11;U662Z1P;Kačerov;50.02493;14.43468
20260616_111404_L168;20260616_111404;16.06.2026;11:03:00;168;2;2088;11;U334Z1P;Bílá Hora;50.08713;14.32957
20260616_111404_L167;20260616_111404;16.06.2026;11:01:00;167;1;6940;13;U150Z2P;Na Knížecí;50.07348;14.35545
20260616_111404_L197;20260616_111404;16.06.2026;11:01:00;197;7;6732;13;U60Z1P;Sídliště Písnice;50.01653;14.44363
20260616_111804_L125;20260616_111804;16.06.2026;11:05:00;125;5;6846;13;U967Z4P;Skalka;50.03459;14.56288
20260616_111804_L125;20260616_111804;16.06.2026;11:08:00;125;6;5553;10;U386Z1P;Skalka;50.03033;14.52461
20260616_111804_L136;20260616_111804;16.06.2026;11:06:00;136;3;6717;11;U743Z2P;Jižní Město;50.08608;14.45559
20260616_111804_L136;20260616_111804;16.06.2026;11:08:00;136;32;5069;10;U353Z1P;Jižní Město;50.02612;14.5214
20260616_111804_L141;20260616_111804;16.06.2026;11:04:00;141;1;3739;14;U1228Z2P;Ve Žlíbku;50.10431;14.53517
20260616_111804_L149;20260616_111804;16.06.2026;11:07:00;149;6;3758;10;U602Z4P;Stodůlky-Bavorská;50.05153;14.35136
20260616_111804_L167;20260616_111804;16.06.2026;11:04:00;167;1;6940;13;U240Z4P;Na Knížecí;50.0701;14.37185
20260616_111804_L168;20260616_111804;16.06.2026;11:05:00;168;2;2088;12;U630Z2P;Bílá Hora;50.08596;14.32524
20260616_111804_L168;20260616_111804;16.06.2026;11:04:00;168;4;2074;13;U3296Z2P;Nové Butovice;50.05133;14.34691
20260616_111804_L196;20260616_111804;16.06.2026;11:08:00;196;3;5075;10;U893Z2P;Kačerov;50.0284;14.45264
20260616_111804_L197;20260616_111804;16.06.2026;11:05:00;197;7;6732;13;U533Z1P;Sídliště Písnice;50.00908;14.45559
20260616_111804_L365;20260616_111804;16.06.2026;11:07:00;365;12;8832;11;U4891Z2;Stochov,nám.;50.102;14.1009
20260616_111804_L467;20260616_111804;16.06.2026;11:05:00;467;5;8116;13;U9877Z1;Roudnice n.L.,ČSAD;50.42425;14.24377
20260616_111804_L639;20260616_111804;16.06.2026;11:06:00;639;8;9586;11;U7179Z1;Dobříš,nám.;49.842;13.94019
20260616_112205_L152;20260616_112205;16.06.2026;11:07:00;152;1;5087;11;U603Z4P;Českomoravská;50.11242;14.50251
20260616_112205_L125;20260616_112205;16.06.2026;11:09:00;125;5;6846;13;U3052Z2P;Skalka;50.04055;14.55232
20260616_112205_L149;20260616_112205;16.06.2026;11:11:00;149;5;3697;11;U254Z7P;Dejvická;50.06992;14.38044
20260616_112205_L136;20260616_112205;16.06.2026;11:11:00;136;32;5069;11;U151Z1P;Jižní Město;50.03205;14.53455
20260616_112205_L136;20260616_112205;16.06.2026;11:10:00;136;3;6717;11;U118Z4P;Jižní Město;50.07739;14.45855
20260616_112205_L639;20260616_112205;16.06.2026;11:09:00;639;8;9586;12;U9841Z2;Dobříš,nám.;49.84957;13.97635
20260616_112205_L580;20260616_112205;16.06.2026;11:11:00;580;30;7685;10;U6149Z1;Rakovník,aut.st.;50.14168;13.75542
20260616_112205_L770;20260616_112205;16.06.2026;11:12:00;770;50;7874;10;U7666Z51;Benešov,Terminál;49.82378;14.79863
20260616_112205_L354;20260616_112205;16.06.2026;11:11:00;354;23;8265;10;U1278Z2;Praha,Černý Most;50.14282;14.78661
20260616_112205_L365;20260616_112205;16.06.2026;11:12:00;365;12;8832;10;U9927Z2;Stochov,nám.;50.11049;14.07763
20260616_112205_L480;20260616_112205;16.06.2026;11:12:00;480;30;7504;10;U7026Z1;Solenice;49.60152;14.14011
20260616_112205_L125;20260616_112205;16.06.2026;11:11:00;125;6;5553;10;U151Z1P;Skalka;50.03343;14.53965
20260616_112205_L195;20260616_112205;16.06.2026;11:11:00;195;3;5537;11;U474Z6P;Jesenická;50.11114;14.50242
20260616_112205_L168;20260616_112205;16.06.2026;11:10:00;168;2;2088;12;U104Z2P;Bílá Hora;50.07792;14.30509
20260616_112205_L136;20260616_112205;16.06.2026;11:07:00;136;5;5543;10;U603Z2P;Jižní Město;50.11241;14.50253
20260616_112205_L197;20260616_112205;16.06.2026;11:09:00;197;7;6732;12;U783Z1P;Sídliště Písnice;50.00163;14.46636
20260616_112606_L136;20260616_112606;16.06.2026;11:15:00;136;4;6719;11;U2787Z2P;Jižní Město;50.08786;14.45665
20260616_112606_L639;20260616_112606;16.06.2026;11:12:00;639;8;9586;12;U9844Z1;Dobříš,nám.;49.86917;13.99635
20260616_112606_L125;20260616_112606;16.06.2026;11:13:00;125;5;6846;13;U2707Z2P;Skalka;50.04725;14.55285
20260616_112606_L136;20260616_112606;16.06.2026;11:14:00;136;3;6717;11;U855Z1P;Jižní Město;50.07447;14.46386
20260616_112606_L152;20260616_112606;16.06.2026;11:11:00;152;1;5087;12;U474Z7P;Českomoravská;50.10637;14.49483
20260616_112606_L480;20260616_112606;16.06.2026;11:14:00;480;30;7504;11;U7027Z1;Solenice;49.61371;14.16404
20260616_112606_L369;20260616_112606;16.06.2026;11:14:00;369;31;8232;12;U3324Z3;Štětí,záv.;50.45567;14.3703
20260616_112606_L389;20260616_112606;16.06.2026;11:12:00;389;17;7755;11;U32406Z12;Chomutov,žel.st.;50.45667;13.40022
20260616_112606_L562;20260616_112606;16.06.2026;11:11:00;562;64;8335;14;U4338Z2;Rakovník,hasičský záchr.sbor;50.10357;13.72603
20260616_112606_L141;20260616_112606;16.06.2026;11:11:00;141;1;3739;15;U137Z1P;Ve Žlíbku;50.10512;14.55699
20260616_112606_L195;20260616_112606;16.06.2026;11:15:00;195;3;5537;10;U225Z1P;Jesenická;50.09956;14.49626
20260616_112606_L631;20260616_112606;16.06.2026;11:15:00;631;60;9772;11;U9014Z2;Všeradice,žel.zast.;49.92504;14.03682
20260616_112606_L416;20260616_112606;16.06.2026;11:16:00;416;9;7227;10;U31646Z1;Sušice,nábřeží;49.40243;13.77506
20260616_112606_L168;20260616_112606;16.06.2026;11:12:00;168;2;2088;12;U558Z2P;Bílá Hora;50.07561;14.31701
20260616_112606_L125;20260616_112606;16.06.2026;11:16:00;125;6;5553;10;U842Z2P;Skalka;50.03863;14.56173
20260616_112606_L149;20260616_112606;16.06.2026;11:14:00;149;5;3697;12;U565Z1P;Dejvická;50.07295;14.37292
20260616_112606_L365;20260616_112606;16.06.2026;11:13:00;365;12;8832;11;U9926Z2;Stochov,nám.;50.11625;14.05221
20260616_112606_L136;20260616_112606;16.06.2026;11:16:00;136;5;5543;10;U225Z1P;Jižní Město;50.09972;14.49725
20260616_112606_L580;20260616_112606;16.06.2026;11:16:00;580;30;7685;10;U9909Z1;Rakovník,aut.st.;50.12409;13.76978
20260616_113006_L125;20260616_113006;16.06.2026;11:17:00;125;5;6846;13;U453Z12P;Skalka;50.05369;14.53892
20260616_113006_L126;20260616_113006;16.06.2026;11:19:00;126;7;3821;11;U336Z2P;Nádraží Uhříněves;50.03225;14.59787
20260616_113006_L136;20260616_113006;16.06.2026;11:19:00;136;3;6717;11;U680Z3P;Jižní Město;50.06737;14.46949
20260616_113006_L136;20260616_113006;16.06.2026;11:18:00;136;4;6719;11;U516Z3P;Jižní Město;50.08211;14.45941
20260616_113006_L136;20260616_113006;16.06.2026;11:20:00;136;5;5543;10;U1074Z4P;Jižní Město;50.09623;14.47727
20260616_113006_L141;20260616_113006;16.06.2026;11:15:00;141;1;3739;15;U1057Z1P;Ve Žlíbku;50.1034;14.57636
20260616_113006_L149;20260616_113006;16.06.2026;11:18:00;149;5;3697;12;U1407Z2P;Dejvická;50.0794;14.37967
20260616_113006_L365;20260616_113006;16.06.2026;11:15:00;365;12;8832;13;U6147Z2;Stochov,nám.;50.10961;14.04209
20260616_113006_L369;20260616_113006;16.06.2026;11:14:00;369;31;8232;16;U3324Z3;Štětí,záv.;50.45567;14.3703
20260616_113006_L389;20260616_113006;16.06.2026;11:12:00;389;17;7755;15;U32406Z12;Chomutov,žel.st.;50.45667;13.40022
20260616_113006_L416;20260616_113006;16.06.2026;11:20:00;416;9;7227;10;U32279Z1;Sušice,nábřeží;49.38124;13.75566
20260616_113006_L480;20260616_113006;16.06.2026;11:17:00;480;30;7504;11;U7967Z1;Solenice;49.6127;14.18809
20260616_113006_L548;20260616_113006;16.06.2026;11:19:00;548;13;9546;10;U9779Z1;Hořovice,nemocnice;49.83828;13.899
20260616_113006_L580;20260616_113006;16.06.2026;11:19:00;580;30;7685;10;U9897Z1;Rakovník,aut.st.;50.10712;13.75376
20260616_113006_L631;20260616_113006;16.06.2026;11:19:00;631;60;9772;10;U9061Z2;Všeradice,žel.zast.;49.90535;14.01961
20260616_113406_L125;20260616_113406;16.06.2026;11:22:00;125;5;6846;12;U1066Z2P;Skalka;50.0632;14.52689
20260616_113406_L136;20260616_113406;16.06.2026;11:24:00;136;3;6717;10;U751Z2P;Jižní Město;50.05305;14.4742
20260616_113406_L136;20260616_113406;16.06.2026;11:22:00;136;4;6719;12;U518Z3P;Jižní Město;50.07656;14.45881
20260616_113406_L136;20260616_113406;16.06.2026;11:20:00;136;5;5543;11;U1074Z4P;Jižní Město;50.09216;14.46973
20260616_113406_L141;20260616_113406;16.06.2026;11:21:00;141;1;3739;13;U897Z5P;Ve Žlíbku;50.10879;14.5785
20260616_113406_L149;20260616_113406;16.06.2026;11:23:00;149;7;3808;11;U788Z1P;Stodůlky-Bavorská;50.06487;14.37861
20260616_113406_L149;20260616_113406;16.06.2026;11:20:00;149;5;3697;12;U981Z1P;Dejvická;50.08348;14.38772
20260616_113406_L197;20260616_113406;16.06.2026;11:24:00;197;7;6732;10;U60Z2P;Smíchovské nádraží;50.01646;14.44304
20260616_113406_L354;20260616_113406;16.06.2026;11:21:00;354;23;8265;11;U2921Z2;Praha,Černý Most;50.12715;14.70371
20260616_113406_L389;20260616_113406;16.06.2026;11:12:00;389;17;7755;19;U32406Z12;Chomutov,žel.st.;50.45658;13.40008
20260616_113406_L410;20260616_113406;16.06.2026;11:23:00;410;9;11646;10;U31493Z12;Praha,Střížkov;50.64439;14.74035
20260616_113406_L416;20260616_113406;16.06.2026;11:22:00;416;9;7227;10;U31866Z1;Sušice,nábřeží;49.36792;13.72812
20260616_113406_L580;20260616_113406;16.06.2026;11:23:00;580;30;7685;10;U2454Z1;Rakovník,aut.st.;50.10617;13.73168
20260616_113406_L631;20260616_113406;16.06.2026;11:23:00;631;60;9772;10;U9058Z2;Všeradice,žel.zast.;49.90149;14.05014
20260616_113406_L639;20260616_113406;16.06.2026;11:20:00;639;8;9586;14;U9849Z1;Dobříš,nám.;49.85266;14.03601
20260616_113406_L641;20260616_113406;16.06.2026;11:22:00;641;14;9573;10;U9105Z1;Beroun,autobusové nádraží;49.92698;13.97431
20260616_113406_L655;20260616_113406;16.06.2026;11:24:00;655;45;8045;10;U1827Z2;Brandýs n.L.-St.Bol.,Nádr.;50.18454;14.65885
20260616_113807_L125;20260616_113807;16.06.2026;11:25:00;125;5;6846;13;U1076Z2P;Skalka;50.0703;14.50946
20260616_113807_L136;20260616_113807;16.06.2026;11:28:00;136;3;6717;10;U417Z1P;Jižní Město;50.04289;14.48778
20260616_113807_L136;20260616_113807;16.06.2026;11:27:00;136;4;6719;10;U29Z1P;Jižní Město;50.07257;14.47046
20260616_113807_L136;20260616_113807;16.06.2026;11:23:00;136;5;5543;15;U512Z5P;Jižní Město;50.09006;14.46643
20260616_113807_L141;20260616_113807;16.06.2026;11:25:00;141;1;3739;13;U188Z1P;Ve Žlíbku;50.11257;14.59598
20260616_113807_L149;20260616_113807;16.06.2026;11:27:00;149;7;3808;11;U174Z1P;Stodůlky-Bavorská;50.05725;14.36921
20260616_113807_L149;20260616_113807;16.06.2026;11:25:00;149;5;3697;13;U182Z2P;Dejvická;50.08783;14.38187
20260616_113807_L151;20260616_113807;16.06.2026;11:27:00;151;2;2337;10;U790Z2P;Českomoravská;50.1126;14.50256
20260616_113807_L197;20260616_113807;16.06.2026;11:27:00;197;7;6732;11;U329Z2P;Smíchovské nádraží;50.02097;14.4385
20260616_113807_L354;20260616_113807;16.06.2026;11:25:00;354;23;8265;12;U2451Z2;Praha,Černý Most;50.12415;14.68359
20260616_113807_L365;20260616_113807;16.06.2026;11:25:00;365;12;8832;12;U9923Z2;Stochov,nám.;50.12893;14.02052
20260616_113807_L410;20260616_113807;16.06.2026;11:26:00;410;9;11646;10;U31491Z14;Praha,Střížkov;50.62681;14.73502
20260616_113807_L548;20260616_113807;16.06.2026;11:27:00;548;13;9546;11;U4275Z2;Hořovice,nemocnice;49.83561;13.91263
20260616_113807_L580;20260616_113807;16.06.2026;11:26:00;580;30;7685;12;U4338Z1;Rakovník,aut.st.;50.10264;13.73041
20260616_113807_L634;20260616_113807;16.06.2026;11:28:00;634;19;9406;10;U9044Z2;Všeradice,žel.zast.;49.85857;14.07084
20260616_113807_L639;20260616_113807;16.06.2026;11:20:00;639;8;9586;15;U9849Z1;Dobříš,nám.;49.84423;14.01487
20260616_113807_L641;20260616_113807;16.06.2026;11:27:00;641;14;9573;10;U9006Z1;Beroun,autobusové nádraží;49.93721;14.01716
20260616_113807_L686;20260616_113807;16.06.2026;11:28:00;686;34;8142;10;U1870Z2;Říčany,Podhradí;49.99351;14.66056
20260616_114207_L197;20260616_114207;16.06.2026;11:31:00;197;7;6732;10;U879Z2P;Smíchovské nádraží;50.02721;14.42905
20260616_114207_L141;20260616_114207;16.06.2026;11:29:00;141;1;3739;13;U1031Z1P;Ve Žlíbku;50.11611;14.61749
20260616_114207_L149;20260616_114207;16.06.2026;11:30:00;149;7;3808;11;U685Z3P;Stodůlky-Bavorská;50.05452;14.37144
20260616_114207_L410;20260616_114207;16.06.2026;11:26:00;410;9;11646;11;U31491Z14;Praha,Střížkov;50.62952;14.71934
20260616_114207_L151;20260616_114207;16.06.2026;11:29:00;151;2;2337;12;U474Z7P;Českomoravská;50.11;14.50182
20260616_114207_L548;20260616_114207;16.06.2026;11:29:00;548;13;9546;12;U9780Z2;Hořovice,nemocnice;49.84025;13.91281
20260616_114207_L634;20260616_114207;16.06.2026;11:30:00;634;19;9406;10;U9043Z2;Všeradice,žel.zast.;49.86651;14.09882
20260616_114207_L354;20260616_114207;16.06.2026;11:28:00;354;23;8265;11;U1743Z2;Praha,Černý Most;50.11824;14.63563
20260616_114207_L149;20260616_114207;16.06.2026;11:27:00;149;5;3697;13;U867Z1P;Dejvická;50.09482;14.39621
20260616_114608_L136;20260616_114608;16.06.2026;11:32:00;136;5;5543;14;U518Z3P;Jižní Město;50.07659;14.45877
20260616_114608_L149;20260616_114608;16.06.2026;11:33:00;149;7;3808;10;U238Z1P;Stodůlky-Bavorská;50.05027;14.35188
20260616_114608_L336;20260616_114608;16.06.2026;11:36:00;336;20;1443;10;U687Z23;Hostivice,Ve Vilkách;50.06903;14.26229
20260616_114608_L354;20260616_114608;16.06.2026;11:31:00;354;23;8265;15;U155Z2;Praha,Černý Most;50.11802;14.62902
20260616_114608_L365;20260616_114608;16.06.2026;11:35:00;365;8;8875;10;U31Z7;Unhošť,Nám.;50.07557;14.32008
20260616_114608_L410;20260616_114608;16.06.2026;11:36:00;410;9;11646;10;U32510Z2;Praha,Střížkov;50.60342;14.71733
20260616_114608_L638;20260616_114608;16.06.2026;11:35:00;638;57;9594;10;U4965Z1;Skryje;49.95064;14.04324
20260616_114608_L725;20260616_114608;16.06.2026;11:34:00;725;67;9760;11;U31718Z1;Markvartice,pošta;50.43371;15.18022
20260616_114608_L775;20260616_114608;16.06.2026;11:31:00;775;40;9543;15;U3058Z1;Luštěnice,Sluneční;50.31659;14.91195
20260616_115008_L149;20260616_115008;16.06.2026;11:38:00;149;7;3808;11;U968Z1P;Stodůlky-Bavorská;50.05488;14.34517
20260616_115008_L545;20260616_115008;16.06.2026;11:40:00;545;21;9061;10;U9787Z2;Olešná;49.831;13.8822
20260616_115008_L197;20260616_115008;16.06.2026;11:40:00;197;7;6732;10;U110Z12P;Smíchovské nádraží;50.04768;14.41447
20260616_115008_L410;20260616_115008;16.06.2026;11:39:00;410;9;11646;10;U31347Z2;Praha,Střížkov;50.58093;14.6939
20260616_115008_L336;20260616_115008;16.06.2026;11:40:00;336;20;1443;10;U1144Z1;Hostivice,Ve Vilkách;50.08139;14.25406
20260616_115008_L638;20260616_115008;16.06.2026;11:39:00;638;57;9594;10;U4976Z1;Skryje;49.94304;14.02863
20260616_115008_L639;20260616_115008;16.06.2026;11:37:00;639;8;9586;11;U2895Z1;Dobříš,nám.;49.83546;14.05295
20260616_115008_L775;20260616_115008;16.06.2026;11:31:00;775;40;9543;19;U3058Z1;Luštěnice,Sluneční;50.31659;14.91195
20260616_115008_L354;20260616_115008;16.06.2026;11:35:00;354;23;8265;15;U452Z2;Praha,Černý Most;50.11534;14.61237
20260616_115008_L365;20260616_115008;16.06.2026;11:35:00;365;8;8875;13;U31Z7;Unhošť,Nám.;50.07579;14.31391
20260616_115008_L391;20260616_115008;16.06.2026;11:38:00;391;35;9169;10;U2315Z1;Úvaly,žel.st.;50.07413;14.72317
20260616_115008_L725;20260616_115008;16.06.2026;11:34:00;725;67;9760;15;U31718Z1;Markvartice,pošta;50.43371;15.18022
20260616_115408_L149;20260616_115408;16.06.2026;11:43:00;149;7;3808;11;U1210Z1P;Stodůlky-Bavorská;50.05487;14.32459
20260616_115408_L391;20260616_115408;16.06.2026;11:38:00;391;35;9169;14;U2315Z1;Úvaly,žel.st.;50.07413;14.72317
20260616_115408_L410;20260616_115408;16.06.2026;11:44:00;410;9;11646;10;U31344Z2;Praha,Střížkov;50.56758;14.65682
20260616_115408_L775;20260616_115408;16.06.2026;11:31:00;775;40;9543;22;U3058Z1;Luštěnice,Sluneční;50.31659;14.91195
20260616_115408_L136;20260616_115408;16.06.2026;11:44:00;136;4;6719;10;U106Z2P;Jižní Město;50.02753;14.50774
20260616_115408_L149;20260616_115408;16.06.2026;11:41:00;149;6;3758;13;U254Z7P;Dejvická;50.06999;14.38035
20260616_115408_L243;20260616_115408;16.06.2026;11:43:00;243;1;1109;10;U6020Z1P;Radotínská lávka;49.97856;14.36614
20260616_115408_L354;20260616_115408;16.06.2026;11:39:00;354;23;8265;15;U897Z11;Praha,Černý Most;50.10972;14.57852
20260616_115408_L365;20260616_115408;16.06.2026;11:41:00;365;8;8875;13;U1065Z1;Unhošť,Nám.;50.07791;14.29268
20260616_115408_L638;20260616_115408;16.06.2026;11:40:00;638;57;9594;12;U4977Z2;Skryje;49.94158;14.00661
20260616_115408_L639;20260616_115408;16.06.2026;11:44:00;639;8;9586;10;U9041Z1;Dobříš,nám.;49.84788;14.08506
20260616_115408_L732;20260616_115408;16.06.2026;11:40:00;732;5;9765;13;U6251Z1;Bělá p.Bezd.,Bezdědice;50.48292;14.70485
20260616_115408_L136;20260616_115408;16.06.2026;11:41:00;136;5;5543;13;U37Z1P;Jižní Město;50.06114;14.46947
20260616_115408_L725;20260616_115408;16.06.2026;11:34:00;725;67;9760;19;U31718Z1;Markvartice,pošta;50.43371;15.18022
20260616_115809_L136;20260616_115809;16.06.2026;11:44:00;136;5;5543;13;U751Z2P;Jižní Město;50.05274;14.47515
20260616_115809_L149;20260616_115809;16.06.2026;11:41:00;149;6;3758;17;U254Z7P;Dejvická;50.07003;14.38032
20260616_115809_L180;20260616_115809;16.06.2026;11:48:00;180;4;5118;10;U44Z2P;Dejvická;50.08539;14.36496
20260616_115809_L243;20260616_115809;16.06.2026;11:43:00;243;1;1109;14;U6020Z1P;Radotínská lávka;49.97856;14.36614
20260616_115809_L365;20260616_115809;16.06.2026;11:46:00;365;8;8875;11;U2114Z1;Unhošť,Nám.;50.08129;14.25729
20260616_115809_L391;20260616_115809;16.06.2026;11:38:00;391;35;9169;18;U2315Z1;Úvaly,žel.st.;50.07413;14.72317
20260616_115809_L410;20260616_115809;16.06.2026;11:46:00;410;9;11646;11;U9450Z2;Praha,Střížkov;50.57116;14.64441
20260616_115809_L471;20260616_115809;16.06.2026;11:47:00;471;6;8090;10;U1307Z1;Mělník,aut.nádr.;50.27241;14.50786
20260616_115809_L506;20260616_115809;16.06.2026;11:45:00;506;16;9533;12;U9708Z2;Příbram,Svatá Hora areál;49.68565;14.02112
20260616_115809_L638;20260616_115809;16.06.2026;11:46:00;638;57;9594;12;U9090Z2;Skryje;49.93853;13.9679
20260616_115809_L639;20260616_115809;16.06.2026;11:46:00;639;8;9586;10;U9042Z3;Dobříš,nám.;49.84088;14.08377
20260616_115809_L725;20260616_115809;16.06.2026;11:34:00;725;67;9760;23;U31718Z1;Markvartice,pošta;50.43371;15.18022
20260616_115809_L732;20260616_115809;16.06.2026;11:40:00;732;5;9765;18;U6251Z1;Bělá p.Bezd.,Bezdědice;50.48292;14.70485
20260616_115809_L775;20260616_115809;16.06.2026;11:31:00;775;40;9543;27;U3058Z1;Luštěnice,Sluneční;50.31659;14.91195
20260616_120209_L506;20260616_120209;16.06.2026;11:45:00;506;16;9533;16;U9708Z2;Příbram,Svatá Hora areál;49.68566;14.02112
20260616_120209_L732;20260616_120209;16.06.2026;11:40:00;732;5;9765;22;U6251Z1;Bělá p.Bezd.,Bezdědice;50.48292;14.70485
20260616_120209_L372;20260616_120209;16.06.2026;11:52:00;372;2;8081;10;U864Z9;Praha,Kobylisy;50.13259;14.4529
20260616_120209_L136;20260616_120209;16.06.2026;11:50:00;136;8;6962;10;U1074Z4P;Jižní Město;50.09151;14.46859
20260616_120209_L180;20260616_120209;16.06.2026;11:51:00;180;4;5118;10;U182Z2P;Dejvická;50.08783;14.38191
20260616_120209_L391;20260616_120209;16.06.2026;11:38:00;391;35;9169;22;U2315Z1;Úvaly,žel.st.;50.07413;14.72317
20260616_120209_L559;20260616_120209;16.06.2026;11:52:00;559;37;7215;10;U7930Z1;Sedlec-Prčice,nám.;49.63996;14.43399
20260616_120209_L149;20260616_120209;16.06.2026;11:41:00;149;6;3758;21;U254Z7P;Dejvická;50.07004;14.38029
20260616_120209_L149;20260616_120209;16.06.2026;11:51:00;149;7;3808;10;U786Z2P;Dejvická;50.05548;14.32977
20260616_120209_L775;20260616_120209;16.06.2026;11:31:00;775;40;9543;31;U3058Z1;Luštěnice,Sluneční;50.31659;14.91195
20260616_120209_L410;20260616_120209;16.06.2026;11:49:00;410;9;11646;12;U31041Z2;Praha,Střížkov;50.56339;14.65411
20260616_120209_L406;20260616_120209;16.06.2026;11:47:00;406;13;7943;15;U7733Z1;Čechtice;49.66513;14.98044
20260616_120209_L638;20260616_120209;16.06.2026;11:51:00;638;57;9594;10;U9088Z2;Skryje;49.94051;13.93701
20260616_120209_L339;20260616_120209;16.06.2026;11:52:00;339;17;9932;10;U1539Z1;Týnec n.Sáz.,žel.st.;49.90473;14.59063
20260616_120209_L365;20260616_120209;16.06.2026;11:49:00;365;8;8875;11;U1145Z3;Unhošť,Nám.;50.08453;14.22759
20260616_120209_L316;20260616_120209;16.06.2026;11:50:00;316;10;8886;10;U11013Z1;Holubice;50.17882;14.3196
20260616_120209_L136;20260616_120209;16.06.2026;11:50:00;136;5;5543;12;U181Z1P;Jižní Město;50.04011;14.49013
20260616_120209_L725;20260616_120209;16.06.2026;11:34:00;725;67;9760;26;U31718Z1;Markvartice,pošta;50.43371;15.18022
20260616_120610_L316;20260616_120610;16.06.2026;11:53:00;316;10;8886;12;U1691Z1;Holubice;50.19104;14.30858
20260616_120610_L339;20260616_120610;16.06.2026;11:53:00;339;17;9932;10;U1564Z1;Týnec n.Sáz.,žel.st.;49.89863;14.60196
20260616_120610_L365;20260616_120610;16.06.2026;11:54:00;365;8;8875;10;U2117Z1;Unhošť,Nám.;50.08655;14.1831
20260616_120610_L381;20260616_120610;16.06.2026;11:53:00;381;3;1678;10;U6659Z1;Čáslav,obchodní centrum;49.95078;15.32334
20260616_120610_L506;20260616_120610;16.06.2026;11:45:00;506;16;9533;20;U9708Z2;Příbram,Svatá Hora areál;49.68566;14.02112
20260616_120610_L713;20260616_120610;16.06.2026;11:55:00;713;63;9800;10;U31773Z1;Sobotka,nám.;50.46395;15.16038
20260616_120610_L639;20260616_120610;16.06.2026;11:54:00;639;8;9586;10;U6504Z1;Dobříš,nám.;49.81137;14.09784
20260616_120610_L136;20260616_120610;16.06.2026;11:55:00;136;8;6962;11;U2787Z2P;Jižní Město;50.08794;14.45761
20260616_120610_L732;20260616_120610;16.06.2026;11:40:00;732;5;9765;26;U6251Z1;Bělá p.Bezd.,Bezdědice;50.48292;14.70485
20260616_120610_L410;20260616_120610;16.06.2026;11:49:00;410;9;11646;14;U31041Z2;Praha,Střížkov;50.5608;14.6465
20260616_120610_L149;20260616_120610;16.06.2026;11:54:00;149;7;3808;11;U968Z2P;Dejvická;50.05097;14.35142
20260616_120610_L136;20260616_120610;16.06.2026;11:53:00;136;5;5543;12;U344Z1P;Jižní Město;50.03148;14.50552
20260616_120610_L391;20260616_120610;16.06.2026;11:38:00;391;35;9169;26;U2315Z1;Úvaly,žel.st.;50.07413;14.72317
20260616_120610_L775;20260616_120610;16.06.2026;11:31:00;775;40;9543;34;U3058Z1;Luštěnice,Sluneční;50.31659;14.91195
20260616_120610_L311;20260616_120610;16.06.2026;11:52:00;311;74;9597;12;U1601Z1;Řevnice,nádraží;49.91726;14.24326
20260616_120610_L149;20260616_120610;16.06.2026;11:41:00;149;6;3758;25;U254Z7P;Dejvická;50.07003;14.38028
20260616_120610_L430;20260616_120610;16.06.2026;11:55:00;430;4;8563;10;U2467Z1;Lipník;50.2482;14.91981
20260616_120610_L725;20260616_120610;16.06.2026;11:34:00;725;67;9760;31;U31718Z1;Markvartice,pošta;50.43371;15.18022
20260616_121010_L136;20260616_121010;16.06.2026;11:58:00;136;5;5543;12;U353Z1P;Jižní Město;50.02602;14.5211
20260616_121010_L136;20260616_121010;16.06.2026;11:58:00;136;8;6962;12;U516Z3P;Jižní Město;50.08249;14.45907
20260616_121010_L149;20260616_121010;16.06.2026;11:41:00;149;6;3758;29;U254Z7P;Dejvická;50.07003;14.38028
20260616_121010_L149;20260616_121010;16.06.2026;12:00:00;149;7;3808;10;U1296Z1P;Dejvická;50.05173;14.36213
20260616_121010_L316;20260616_121010;16.06.2026;11:57:00;316;10;8886;13;U2125Z1;Holubice;50.19892;14.29771
20260616_121010_L342;20260616_121010;16.06.2026;11:54:00;342;20;7701;11;U4398Z51;Slaný,žel.st.;50.1851;14.15948
20260616_121010_L391;20260616_121010;16.06.2026;11:38:00;391;35;9169;30;U2315Z1;Úvaly,žel.st.;50.07413;14.72317
20260616_121010_L410;20260616_121010;16.06.2026;11:56:00;410;9;11646;13;U31343Z1;Praha,Střížkov;50.55551;14.61683
20260616_121010_L506;20260616_121010;16.06.2026;11:45:00;506;16;9533;24;U9708Z2;Příbram,Svatá Hora areál;49.68567;14.02112
20260616_121010_L634;20260616_121010;16.06.2026;11:57:00;634;19;9406;11;U2895Z2;Hostomice,nám.;49.82578;14.04512
20260616_121010_L638;20260616_121010;16.06.2026;12:00:00;638;57;9594;10;U9086Z2;Skryje;49.94524;13.86453
20260616_121010_L725;20260616_121010;16.06.2026;11:34:00;725;67;9760;35;U31718Z1;Markvartice,pošta;50.43371;15.18022
20260616_121010_L732;20260616_121010;16.06.2026;11:40:00;732;5;9765;30;U6251Z1;Bělá p.Bezd.,Bezdědice;50.48292;14.70485
20260616_121010_L775;20260616_121010;16.06.2026;11:31:00;775;40;9543;39;U3058Z1;Luštěnice,Sluneční;50.31658;14.9133
20260616_121411_L136;20260616_121411;16.06.2026;12:00:00;136;9;6810;11;U1074Z4P;Jižní Město;50.09121;14.46837
20260616_121411_L410;20260616_121411;16.06.2026;12:01:00;410;9;11646;13;U31311Z2;Praha,Střížkov;50.55131;14.57055
20260616_121411_L149;20260616_121411;16.06.2026;12:03:00;149;7;3808;11;U685Z2P;Dejvická;50.05482;14.36924
20260616_121411_L342;20260616_121411;16.06.2026;12:01:00;342;20;7701;13;U4416Z2;Slaný,žel.st.;50.18703;14.15316
20260616_121411_L391;20260616_121411;16.06.2026;11:38:00;391;35;9169;34;U2315Z1;Úvaly,žel.st.;50.07413;14.72317
20260616_121411_L136;20260616_121411;16.06.2026;12:01:00;136;5;5543;12;U151Z1P;Jižní Město;50.03207;14.53452
20260616_121411_L634;20260616_121411;16.06.2026;11:57:00;634;19;9406;15;U2895Z2;Hostomice,nám.;49.82578;14.04512
20260616_121411_L149;20260616_121411;16.06.2026;11:41:00;149;6;3758;33;U254Z7P;Dejvická;50.07003;14.38028
20260616_121411_L136;20260616_121411;16.06.2026;12:00:00;136;8;6962;14;U118Z4P;Jižní Město;50.07874;14.46071
20260616_121411_L506;20260616_121411;16.06.2026;11:45:00;506;16;9533;27;U9708Z2;Příbram,Svatá Hora areál;49.68567;14.02112
20260616_121411_L732;20260616_121411;16.06.2026;11:40:00;732;5;9765;34;U6251Z1;Bělá p.Bezd.,Bezdědice;50.48292;14.70485
20260616_121411_L676;20260616_121411;16.06.2026;12:02:00;676;33;8623;10;U3078Z1;Seletice;50.19315;15.03709
20260616_121411_L638;20260616_121411;16.06.2026;12:02:00;638;57;9594;12;U9078Z1;Skryje;49.95547;13.85258
20260616_121411_L725;20260616_121411;16.06.2026;11:34:00;725;67;9760;39;U31718Z1;Markvartice,pošta;50.43371;15.18022
20260616_121812_L342;20260616_121812;16.06.2026;12:06:00;342;20;7701;12;U4413Z2;Slaný,žel.st.;50.17036;14.11262
20260616_121812_L638;20260616_121812;16.06.2026;12:04:00;638;57;9594;12;U9080Z2;Skryje;49.95399;13.83377
20260616_121812_L641;20260616_121812;16.06.2026;12:05:00;641;10;9547;11;U9855Z55;Hořovice,nemocnice;49.87479;13.92124
20260616_121812_L732;20260616_121812;16.06.2026;11:40:00;732;5;9765;38;U6251Z1;Bělá p.Bezd.,Bezdědice;50.48292;14.70485
20260616_121812_L410;20260616_121812;16.06.2026;12:05:00;410;9;11646;10;U31309Z2;Praha,Střížkov;50.54063;14.54214
20260616_121812_L559;20260616_121812;16.06.2026;12:06:00;559;37;7215;10;U7838Z1;Sedlec-Prčice,nám.;49.583;14.38038
20260616_121812_L676;20260616_121812;16.06.2026;12:05:00;676;33;8623;10;U3087Z1;Seletice;50.20764;15.04764
20260616_121812_L506;20260616_121812;16.06.2026;11:45:00;506;16;9533;31;U9708Z2;Příbram,Svatá Hora areál;49.68568;14.02113
20260616_121812_L149;20260616_121812;16.06.2026;11:41:00;149;6;3758;37;U254Z7P;Dejvická;50.07003;14.38028
20260616_121812_L136;20260616_121812;16.06.2026;12:05:00;136;9;6810;13;U2787Z2P;Jižní Město;50.08779;14.45669
20260616_121812_L149;20260616_121812;16.06.2026;12:07:00;149;7;3808;11;U573Z2P;Dejvická;50.06091;14.37576
20260616_121812_L136;20260616_121812;16.06.2026;12:02:00;136;8;6962;15;U518Z3P;Jižní Město;50.07591;14.45913
20260616_121812_L725;20260616_121812;16.06.2026;11:34:00;725;67;9760;43;U31718Z1;Markvartice,pošta;50.43374;15.18042
20260616_121812_L391;20260616_121812;16.06.2026;11:38:00;391;35;9169;38;U2315Z1;Úvaly,žel.st.;50.07413;14.72317
20260616_121812_L149;20260616_121812;16.06.2026;12:08:00;149;8;4009;10;U968Z1P;Stodůlky-Bavorská;50.05489;14.34506
20260616_122212_L136;20260616_122212;16.06.2026;12:08:00;136;9;6810;12;U516Z3P;Jižní Město;50.08211;14.45946
20260616_122212_L136;20260616_122212;16.06.2026;12:07:00;136;8;6962;16;U29Z1P;Jižní Město;50.07328;14.47023
20260616_122212_L136;20260616_122212;16.06.2026;12:10:00;136;10;5095;10;U1074Z4P;Jižní Město;50.09238;14.4704
20260616_122212_L149;20260616_122212;16.06.2026;11:41:00;149;6;3758;41;U254Z7P;Dejvická;50.07003;14.38028
20260616_122212_L149;20260616_122212;16.06.2026;12:10:00;149;7;3808;12;U254Z6P;Dejvická;50.06973;14.37921
20260616_122212_L177;20260616_122212;16.06.2026;12:10:00;177;10;6700;11;U134Z5P;Poliklinika Mazurská;50.1017;14.50325
20260616_122212_L342;20260616_122212;16.06.2026;12:06:00;342;20;7701;13;U4413Z2;Slaný,žel.st.;50.18148;14.10729
20260616_122212_L391;20260616_122212;16.06.2026;11:38:00;391;35;9169;42;U2315Z1;Úvaly,žel.st.;50.07413;14.72317
20260616_122212_L506;20260616_122212;16.06.2026;11:45:00;506;16;9533;35;U9708Z2;Příbram,Svatá Hora areál;49.68567;14.02106
20260616_122212_L638;20260616_122212;16.06.2026;12:08:00;638;57;9594;12;U9081Z2;Skryje;49.94358;13.80176
20260616_122212_L641;20260616_122212;16.06.2026;12:09:00;641;17;9450;11;U9855Z55;Beroun,autobusové nádraží;49.87502;13.95019
20260616_122212_L641;20260616_122212;16.06.2026;12:07:00;641;10;9547;14;U9856Z2;Hořovice,nemocnice;49.86592;13.93194
20260616_122212_L676;20260616_122212;16.06.2026;12:11:00;676;33;8623;11;U9554Z2;Seletice;50.21651;15.0567
20260616_122212_L732;20260616_122212;16.06.2026;11:40:00;732;5;9765;42;U6251Z1;Bělá p.Bezd.,Bezdědice;50.48292;14.70485
20260616_122612_L559;20260616_122612;16.06.2026;12:13:00;559;37;7215;10;U7777Z2;Sedlec-Prčice,nám.;49.57061;14.42679
20260616_122612_L584;20260616_122612;16.06.2026;12:16:00;584;65;8408;10;U4338Z2;Mutějovice,Lhota p.Džbánem;50.10299;13.7287
20260616_122612_L204;20260616_122612;16.06.2026;12:16:00;204;70;9018;10;U96Z1P;Sídliště Petrovice;50.06038;14.55723
20260616_122612_L638;20260616_122612;16.06.2026;12:11:00;638;57;9594;13;U9092Z1;Skryje;49.9429;13.7739
20260616_122612_L641;20260616_122612;16.06.2026;12:13:00;641;17;9450;11;U3268Z1;Beroun,autobusové nádraží;49.89099;13.95675
20260616_122612_L342;20260616_122612;16.06.2026;12:15:00;342;20;7701;11;U4768Z1;Slaný,žel.st.;50.18526;14.13436
20260616_122612_L391;20260616_122612;16.06.2026;11:38:00;391;35;9169;46;U2315Z1;Úvaly,žel.st.;50.07413;14.72317
20260616_122612_L300;20260616_122612;16.06.2026;12:16:00;300;7;8972;10;U4302Z52;Smečno;50.14584;14.1988
20260616_122612_L332;20260616_122612;16.06.2026;12:12:00;332;1;9162;10;U2109Z1;Neveklov;49.89269;14.49365
20260616_122612_L136;20260616_122612;16.06.2026;12:11:00;136;8;6962;15;U37Z1P;Jižní Město;50.06114;14.46944
20260616_122612_L149;20260616_122612;16.06.2026;12:11:00;149;7;3808;14;U254Z7P;Dejvická;50.07054;14.38018
20260616_122612_L641;20260616_122612;16.06.2026;12:11:00;641;10;9547;13;U9860Z2;Hořovice,nemocnice;49.84593;13.90988
20260616_122612_L732;20260616_122612;16.06.2026;11:40:00;732;5;9765;46;U6251Z1;Bělá p.Bezd.,Bezdědice;50.48292;14.70485
20260616_122612_L136;20260616_122612;16.06.2026;12:12:00;136;9;6810;14;U518Z3P;Jižní Město;50.07656;14.45897
20260616_122612_L177;20260616_122612;16.06.2026;12:13:00;177;10;6700;12;U474Z4P;Poliklinika Mazurská;50.11181;14.50239
20260616_122612_L149;20260616_122612;16.06.2026;11:41:00;149;6;3758;45;U254Z7P;Dejvická;50.07003;14.38028
20260616_122612_L136;20260616_122612;16.06.2026;12:10:00;136;10;5095;13;U1074Z4P;Jižní Město;50.09101;14.46821
20260616_123013_L126;20260616_123013;16.06.2026;12:20:00;126;4;4024;10;U542Z2P;Nádraží Uhříněves;50.03423;14.59512
20260616_123013_L136;20260616_123013;16.06.2026;12:17:00;136;9;6810;14;U29Z1P;Jižní Město;50.07329;14.47026
20260616_123013_L136;20260616_123013;16.06.2026;12:15:00;136;10;5095;15;U2787Z2P;Jižní Město;50.08775;14.45668
20260616_123013_L149;20260616_123013;16.06.2026;11:41:00;149;6;3758;49;U254Z7P;Dejvická;50.07003;14.38028
20260616_123013_L149;20260616_123013;16.06.2026;12:15:00;149;7;3808;14;U579Z3P;Dejvická;50.07585;14.37174
20260616_123013_L177;20260616_123013;16.06.2026;12:20:00;177;3;5115;10;U166Z1P;Chodov;50.04778;14.51887
20260616_123013_L177;20260616_123013;16.06.2026;12:19:00;177;10;6700;11;U665Z2P;Poliklinika Mazurská;50.12257;14.49386
20260616_123013_L204;20260616_123013;16.06.2026;12:18:00;204;70;9018;10;U1099Z1P;Sídliště Petrovice;50.05059;14.56593
20260616_123013_L300;20260616_123013;16.06.2026;12:19:00;300;7;8972;10;U4303Z52;Smečno;50.15365;14.18773
20260616_123013_L332;20260616_123013;16.06.2026;12:18:00;332;1;9162;10;U1936Z1;Neveklov;49.8758;14.5015
20260616_123013_L342;20260616_123013;16.06.2026;12:19:00;342;20;7701;10;U4770Z1;Slaný,žel.st.;50.19291;14.11644
20260616_123013_L391;20260616_123013;16.06.2026;11:38:00;391;35;9169;50;U2315Z1;Úvaly,žel.st.;50.07413;14.72317
20260616_123013_L478;20260616_123013;16.06.2026;12:20:00;478;16;8072;10;U1248Z4;Kostelec n.L.,Nám.;50.22461;14.58578
20260616_123013_L559;20260616_123013;16.06.2026;12:18:00;559;37;7215;11;U7945Z2;Sedlec-Prčice,nám.;49.57064;14.45915
20260616_123013_L584;20260616_123013;16.06.2026;12:20:00;584;65;8408;10;U2454Z2;Mutějovice,Lhota p.Džbánem;50.10947;13.73417
20260616_123013_L641;20260616_123013;16.06.2026;12:18:00;641;17;9450;10;U1229Z1;Beroun,autobusové nádraží;49.90605;13.96457
20260616_123013_L641;20260616_123013;16.06.2026;12:15:00;641;10;9547;14;U9616Z7;Hořovice,nemocnice;49.83783;13.89971
20260616_123013_L655;20260616_123013;16.06.2026;12:20:00;655;44;8128;10;U2355Z1;Úvaly,žel.st.;50.08456;14.71819
20260616_123013_L732;20260616_123013;16.06.2026;11:40:00;732;5;9765;49;U6251Z1;Bělá p.Bezd.,Bezdědice;50.48292;14.70485
20260616_123413_L559;20260616_123413;16.06.2026;12:23:00;559;37;7215;11;U7949Z2;Sedlec-Prčice,nám.;49.57122;14.473
20260616_123413_L584;20260616_123413;16.06.2026;12:23:00;584;65;8408;11;U2927Z2;Mutějovice,Lhota p.Džbánem;50.10402;13.74958
20260616_123413_L136;20260616_123413;16.06.2026;12:20:00;136;11;5088;11;U1074Z4P;Jižní Město;50.09097;14.46821
20260616_123413_L417;20260616_123413;16.06.2026;12:20:00;417;30;8804;13;U1141Z6;Mšec;50.05589;14.27726
20260616_123413_L332;20260616_123413;16.06.2026;12:24:00;332;1;9162;10;U1938Z1;Neveklov;49.86232;14.50399
20260616_123413_L655;20260616_123413;16.06.2026;12:24:00;655;44;8128;10;U5242Z1;Úvaly,žel.st.;50.07305;14.717
20260616_123413_L821;20260616_123413;16.06.2026;12:21:00;821;70;1611;11;U2385Z1;Horní Kruty,Bohouňovice II;49.91946;14.96592
20260616_123413_L204;20260616_123413;16.06.2026;12:24:00;204;70;9018;10;U732Z1P;Sídliště Petrovice;50.04301;14.55568
20260616_123413_L641;20260616_123413;16.06.2026;12:23:00;641;17;9450;10;U9106Z1;Beroun,autobusové nádraží;49.92164;13.97816
20260616_123413_L136;20260616_123413;16.06.2026;12:19:00;136;9;6810;13;U680Z3P;Jižní Město;50.06209;14.4695
20260616_123413_L544;20260616_123413;16.06.2026;12:22:00;544;22;9067;10;U9830Z1;Komárov,Buzuluk;49.80839;13.85793
20260616_123413_L149;20260616_123413;16.06.2026;12:19:00;149;7;3808;15;U699Z3P;Dejvická;50.07851;14.3892
20260616_123413_L760;20260616_123413;16.06.2026;12:20:00;760;8;8352;12;U31987Z1;Podbořany,aut.nádr.;50.22217;13.40539
20260616_123413_L149;20260616_123413;16.06.2026;12:20:00;149;5;3697;12;U254Z5P;Stodůlky-Bavorská;50.0697;14.37935
20260616_123413_L391;20260616_123413;16.06.2026;11:38:00;391;35;9169;54;U2315Z1;Úvaly,žel.st.;50.07413;14.72317
20260616_123413_L410;20260616_123413;16.06.2026;12:22:00;410;9;11646;10;U6077Z2;Praha,Střížkov;50.48517;14.48383
20260616_123413_L398;20260616_123413;16.06.2026;12:23:00;398;24;8266;10;U2452Z2;Praha,Černý Most;50.12547;14.69238
20260616_123413_L300;20260616_123413;16.06.2026;12:21:00;300;7;8972;11;U4304Z1;Smečno;50.14713;14.15754
20260616_123413_L177;20260616_123413;16.06.2026;12:22:00;177;3;5115;10;U195Z1P;Chodov;50.04195;14.51265
20260616_123413_L177;20260616_123413;16.06.2026;12:23:00;177;10;6700;11;U740Z3P;Poliklinika Mazurská;50.12795;14.47686
20260616_123413_L149;20260616_123413;16.06.2026;11:41:00;149;6;3758;52;U254Z7P;Dejvická;50.07003;14.38028
20260616_123813_L760;20260616_123813;16.06.2026;12:20:00;760;8;8352;16;U31987Z1;Podbořany,aut.nádr.;50.22217;13.40539
20260616_123813_L398;20260616_123813;16.06.2026;12:28:00;398;24;8266;10;U1743Z2;Praha,Černý Most;50.11991;14.65465
20260616_123813_L559;20260616_123813;16.06.2026;12:27:00;559;37;7215;11;U7948Z1;Sedlec-Prčice,nám.;49.57792;14.50047
20260616_123813_L410;20260616_123813;16.06.2026;12:24:00;410;9;11646;13;U6073Z2;Praha,Střížkov;50.46931;14.47244
20260616_123813_L711;20260616_123813;16.06.2026;12:25:00;711;1;12936;13;U4858Z2;Rakovník,žel.zast.západ;50.35696;13.78881
20260616_123813_L204;20260616_123813;16.06.2026;12:28:00;204;70;9018;10;U963Z1P;Sídliště Petrovice;50.03644;14.56228
20260616_123813_L342;20260616_123813;16.06.2026;12:27:00;342;20;7701;10;U4773Z3;Slaný,žel.st.;50.21313;14.136
20260616_123813_L149;20260616_123813;16.06.2026;12:23:00;149;5;3697;15;U788Z1P;Stodůlky-Bavorská;50.0645;14.37778
20260616_123813_L136;20260616_123813;16.06.2026;12:24:00;136;9;6810;14;U751Z2P;Jižní Město;50.0529;14.47456
20260616_123813_L544;20260616_123813;16.06.2026;12:22:00;544;22;9067;14;U9830Z1;Komárov,Buzuluk;49.80839;13.85793
20260616_123813_L136;20260616_123813;16.06.2026;12:23:00;136;8;6962;15;U344Z1P;Jižní Město;50.03179;14.50437
20260616_123813_L391;20260616_123813;16.06.2026;11:38:00;391;35;9169;58;U2315Z1;Úvaly,žel.st.;50.07413;14.72317
20260616_123813_L136;20260616_123813;16.06.2026;12:26:00;136;11;5088;11;U743Z2P;Jižní Město;50.08606;14.45554
20260616_123813_L584;20260616_123813;16.06.2026;12:28:00;584;65;8408;10;U9909Z1;Mutějovice,Lhota p.Džbánem;50.12366;13.77023
20260616_123813_L177;20260616_123813;16.06.2026;12:26:00;177;3;5115;10;U344Z4P;Chodov;50.02973;14.50726
20260616_123813_L300;20260616_123813;16.06.2026;12:27:00;300;7;8972;11;U4306Z1;Smečno;50.13602;14.12581
20260616_123813_L149;20260616_123813;16.06.2026;12:23:00;149;7;3808;15;U563Z1P;Dejvická;50.08542;14.37901
20260616_123813_L177;20260616_123813;16.06.2026;12:28:00;177;10;6700;10;U675Z3P;Poliklinika Mazurská;50.12471;14.45517
20260616_124213_L136;20260616_124213;16.06.2026;12:28:00;136;9;6810;14;U417Z1P;Jižní Město;50.0436;14.48728
20260616_124213_L136;20260616_124213;16.06.2026;12:30:00;136;11;5088;12;U118Z4P;Jižní Město;50.07808;14.46065
20260616_124213_L149;20260616_124213;16.06.2026;12:28:00;149;5;3697;14;U846Z1P;Stodůlky-Bavorská;50.05626;14.36536
20260616_124213_L149;20260616_124213;16.06.2026;12:27:00;149;7;3808;14;U867Z1P;Dejvická;50.09396;14.39009
20260616_124213_L177;20260616_124213;16.06.2026;12:30:00;177;3;5115;10;U774Z2P;Chodov;50.02063;14.49899
20260616_124213_L177;20260616_124213;16.06.2026;12:31:00;177;10;6700;11;U544Z1P;Poliklinika Mazurská;50.1275;14.43514
20260616_124213_L228;20260616_124213;16.06.2026;12:28:00;228;12;9033;12;U3053Z2P;Poliklinika Malešice;50.03137;14.59823
20260616_124213_L300;20260616_124213;16.06.2026;12:31:00;300;2;8993;10;U85Z1;Praha,Nádraží Veleslavín;50.09265;14.32762
20260616_124213_L300;20260616_124213;16.06.2026;12:29:00;300;7;8972;12;U4308Z3;Smečno;50.13232;14.11242
20260616_124213_L342;20260616_124213;16.06.2026;12:28:00;342;20;7701;12;U4774Z1;Slaný,žel.st.;50.22441;14.11662
20260616_124213_L391;20260616_124213;16.06.2026;11:38:00;391;35;9169;62;U2315Z1;Úvaly,žel.st.;50.07413;14.72317
20260616_124213_L398;20260616_124213;16.06.2026;12:28:00;398;24;8266;11;U1743Z2;Praha,Černý Most;50.11807;14.6303
20260616_124213_L400;20260616_124213;16.06.2026;12:29:00;400;56;1089;11;U31359Z2;Praha,Střížkov;50.74144;14.5514
20260616_124213_L400;20260616_124213;16.06.2026;12:32:00;400;25;11696;10;U6077Z1;Nový Bor,aut.nádr.;50.48833;14.48518
20260616_124213_L410;20260616_124213;16.06.2026;12:28:00;410;9;11646;13;U6070Z2;Praha,Střížkov;50.43999;14.47405
20260616_124213_L584;20260616_124213;16.06.2026;12:30:00;584;65;8408;11;U9911Z2;Mutějovice,Lhota p.Džbánem;50.13519;13.76205
20260616_124213_L676;20260616_124213;16.06.2026;12:31:00;676;33;8623;11;U3039Z1;Seletice;50.28687;15.02145
20260616_124213_L711;20260616_124213;16.06.2026;12:30:00;711;1;12936;12;U9343Z11;Rakovník,žel.zast.západ;50.35498;13.80486
20260616_124213_L760;20260616_124213;16.06.2026;12:20:00;760;8;8352;20;U31987Z1;Podbořany,aut.nádr.;50.22218;13.40539
20260616_124614_L177;20260616_124614;16.06.2026;12:34:00;177;3;5115;12;U1116Z2P;Chodov;50.03053;14.48774
20260616_124614_L801;20260616_124614;16.06.2026;12:36:00;801;3;1823;10;U6683Z1;Kutná Hora,Žižkov,poliklinika;49.952;15.26313
20260616_124614_L385;20260616_124614;16.06.2026;12:35:00;385;29;1622;10;U1744Z2;Praha,Opatov;49.9994;14.58515
20260616_124614_L711;20260616_124614;16.06.2026;12:32:00;711;1;12936;14;U4854Z2;Rakovník,žel.zast.západ;50.34887;13.80578
20260616_124614_L676;20260616_124614;16.06.2026;12:33:00;676;33;8623;11;U3040Z1;Seletice;50.29265;15.0491
20260616_124614_L300;20260616_124614;16.06.2026;12:32:00;300;7;8972;12;U4310Z1;Smečno;50.14143;14.09861
20260616_124614_L342;20260616_124614;16.06.2026;12:34:00;342;20;7701;11;U4777Z15;Slaný,žel.st.;50.22826;14.08883
20260616_124614_L398;20260616_124614;16.06.2026;12:31:00;398;24;8266;13;U155Z2;Praha,Černý Most;50.11674;14.62068
20260616_124614_L760;20260616_124614;16.06.2026;12:20:00;760;8;8352;24;U31987Z1;Podbořany,aut.nádr.;50.22218;13.40539
20260616_124614_L631;20260616_124614;16.06.2026;12:36:00;631;59;9580;10;U9776Z2;Všeradice,žel.zast.;50.00091;14.00254
20260616_124614_L149;20260616_124614;16.06.2026;12:32:00;149;5;3697;14;U27Z1P;Stodůlky-Bavorská;50.05122;14.36608
20260616_124614_L136;20260616_124614;16.06.2026;12:33:00;136;9;6810;13;U344Z1P;Jižní Město;50.03177;14.5045
20260616_124614_L372;20260616_124614;16.06.2026;12:36:00;372;2;8081;10;U2222Z1;Kralupy n.Vlt.,žel.st.;50.2333;14.41125
20260616_124614_L584;20260616_124614;16.06.2026;12:33:00;584;65;8408;12;U6149Z2;Mutějovice,Lhota p.Džbánem;50.14724;13.742
20260616_124614_L136;20260616_124614;16.06.2026;12:34:00;136;11;5088;12;U855Z1P;Jižní Město;50.07447;14.46388
20260616_124614_L578;20260616_124614;16.06.2026;12:35:00;578;72;8377;10;U4016Z1;Rakovník,aut.st.;50.03464;13.84304
20260616_124614_L126;20260616_124614;16.06.2026;12:32:00;126;5;3953;13;U3053Z2P;Nádraží Uhříněves;50.03088;14.59757
20260616_124614_L228;20260616_124614;16.06.2026;12:31:00;228;12;9033;15;U542Z2P;Poliklinika Malešice;50.03543;14.59344
20260616_124614_L177;20260616_124614;16.06.2026;12:36:00;177;10;6700;10;U912Z4P;Poliklinika Mazurská;50.13101;14.41729
20260616_124614_L381;20260616_124614;16.06.2026;12:35:00;381;2;9373;10;U2011Z1;Čáslav,obchodní centrum;49.98725;14.78881
20260616_124614_L410;20260616_124614;16.06.2026;12:31:00;410;9;11646;15;U6060Z2;Praha,Střížkov;50.42262;14.46395
20260616_125014_L126;20260616_125014;16.06.2026;12:35:00;126;5;3953;15;U542Z2P;Nádraží Uhříněves;50.03426;14.5951
20260616_125014_L136;20260616_125014;16.06.2026;12:39:00;136;11;5088;11;U680Z3P;Jižní Město;50.06891;14.469
20260616_125014_L149;20260616_125014;16.06.2026;12:36:00;149;5;3697;14;U602Z1P;Stodůlky-Bavorská;50.0512;14.35303
20260616_125014_L801;20260616_125014;16.06.2026;12:39:00;801;3;1823;10;U7339Z2;Kutná Hora,Žižkov,poliklinika;49.94875;15.26254
20260616_125014_L300;20260616_125014;16.06.2026;12:36:00;300;7;8972;14;U4313Z3;Smečno;50.14435;14.09189
20260616_125014_L326;20260616_125014;16.06.2026;12:38:00;326;5;4138;11;U1207Z2;Praha,Opatov;49.98076;14.50721
20260616_125014_L332;20260616_125014;16.06.2026;12:40:00;332;1;9162;10;U4505Z2;Neveklov;49.83781;14.52865
20260616_125014_L342;20260616_125014;16.06.2026;12:36:00;342;20;7701;13;U4786Z1;Slaný,žel.st.;50.23286;14.08058
20260616_125014_L381;20260616_125014;16.06.2026;12:37:00;381;2;9373;10;U2012Z1;Čáslav,obchodní centrum;49.99275;14.83443
20260616_125014_L385;20260616_125014;16.06.2026;12:40:00;385;29;1622;10;U1373Z2;Praha,Opatov;50.00453;14.57502
20260616_125014_L398;20260616_125014;16.06.2026;12:37:00;398;24;8266;13;U188Z2;Praha,Černý Most;50.11201;14.59286
20260616_125014_L400;20260616_125014;16.06.2026;12:38:00;400;56;1089;12;U31355Z2;Praha,Střížkov;50.69495;14.54126
20260616_125014_L417;20260616_125014;16.06.2026;12:39:00;417;30;8804;10;U9926Z2;Mšec;50.1129;14.05909
20260616_125014_L443;20260616_125014;16.06.2026;12:38:00;443;22;8594;11;U2428Z2;Nymburk,hl.nádr.;50.16346;14.82709
20260616_125014_L521;20260616_125014;16.06.2026;12:39:00;521;17;9617;10;U7693Z2;Věšín,Buková;49.65048;13.92679
20260616_125014_L578;20260616_125014;16.06.2026;12:35:00;578;72;8377;14;U4016Z1;Rakovník,aut.st.;50.03441;13.83951
20260616_125014_L584;20260616_125014;16.06.2026;12:38:00;584;65;8408;12;U3143Z2;Mutějovice,Lhota p.Džbánem;50.17191;13.74056
20260616_125014_L676;20260616_125014;16.06.2026;12:38:00;676;33;8623;10;U3061Z1;Seletice;50.29971;15.07597
20260616_125014_L711;20260616_125014;16.06.2026;12:36:00;711;1;12936;13;U32071Z2;Rakovník,žel.zast.západ;50.3264;13.81009
20260616_125014_L760;20260616_125014;16.06.2026;12:20:00;760;8;8352;28;U31987Z1;Podbořany,aut.nádr.;50.22229;13.40541
20260616_125414_L676;20260616_125414;16.06.2026;12:40:00;676;33;8623;11;U3062Z1;Seletice;50.30282;15.07511
20260616_125414_L136;20260616_125414;16.06.2026;12:43:00;136;11;5088;10;U183Z3P;Jižní Město;50.05607;14.47158
20260616_125414_L136;20260616_125414;16.06.2026;12:40:00;136;9;6810;14;U286Z5P;Jižní Město;50.03072;14.52981
20260616_125414_L100;20260616_125414;16.06.2026;12:42:00;100;4;5562;10;U629Z3P;Letiště / Airport ✈;50.10554;14.27171
20260616_125414_L136;20260616_125414;16.06.2026;12:44:00;136;12;5546;10;U855Z1P;Jižní Město;50.07464;14.46286
20260616_125414_L326;20260616_125414;16.06.2026;12:43:00;326;5;4138;11;U204Z1;Praha,Opatov;49.99608;14.51816
20260616_125414_L584;20260616_125414;16.06.2026;12:40:00;584;65;8408;13;U3361Z2;Mutějovice,Lhota p.Džbánem;50.17237;13.73834
20260616_125414_L521;20260616_125414;16.06.2026;12:43:00;521;17;9617;10;U5827Z1;Věšín,Buková;49.62992;13.90114
20260616_125414_L711;20260616_125414;16.06.2026;12:41:00;711;1;12936;10;U32184Z2;Rakovník,žel.zast.západ;50.29687;13.79895
20260616_125414_L760;20260616_125414;16.06.2026;12:20:00;760;8;8352;32;U31987Z1;Podbořany,aut.nádr.;50.2223;13.40541
20260616_125414_L443;20260616_125414;16.06.2026;12:42:00;443;22;8594;11;U1453Z1;Nymburk,hl.nádr.;50.16575;14.85808
20260616_125414_L385;20260616_125414;16.06.2026;12:42:00;385;29;1622;10;U2558Z2;Praha,Opatov;50.00277;14.56185
20260616_125414_L372;20260616_125414;16.06.2026;12:42:00;372;2;8081;11;U2338Z1;Kralupy n.Vlt.,žel.st.;50.26381;14.39647
20260616_125414_L491;20260616_125414;16.06.2026;12:43:00;491;10;8575;11;U9609Z1;Mukařov;50.01483;14.78287
20260616_125414_L400;20260616_125414;16.06.2026;12:38:00;400;56;1089;13;U31355Z2;Praha,Střížkov;50.68289;14.5366
20260616_125414_L417;20260616_125414;16.06.2026;12:43:00;417;30;8804;11;U9923Z2;Mšec;50.12861;14.02747
20260616_125414_L240;20260616_125414;16.06.2026;12:43:00;240;9;1770;10;U4117Z1P;Háje;50.06368;14.59207
20260616_125414_L300;20260616_125414;16.06.2026;12:40:00;300;7;8972;13;U2889Z1;Smečno;50.14071;14.07985
20260616_125414_L316;20260616_125414;16.06.2026;12:43:00;316;10;8886;11;U199Z3;Praha,Bořislavka;50.10558;14.35405
20260616_125414_L332;20260616_125414;16.06.2026;12:44:00;332;1;9162;10;U4479Z1;Neveklov;49.81779;14.52202
20260616_125815_L724;20260616_125815;16.06.2026;12:47:00;724;64;9425;10;U6262Z1;Libáň,aut.st.;50.40616;15.00599
20260616_125815_L149;20260616_125815;16.06.2026;12:43:00;149;5;3697;15;U1210Z1P;Stodůlky-Bavorská;50.05481;14.3237
20260616_125815_L100;20260616_125815;16.06.2026;12:42:00;100;4;5562;14;U629Z3P;Letiště / Airport ✈;50.10554;14.27172
20260616_125815_L136;20260616_125815;16.06.2026;12:48:00;136;11;5088;10;U417Z1P;Jižní Město;50.04355;14.48728
20260616_125815_L538;20260616_125815;16.06.2026;12:46:00;538;3;7647;12;U6702Z1;Městec Králové,nám.;50.24767;15.20392
20260616_125815_L136;20260616_125815;16.06.2026;12:43:00;136;10;5095;15;U344Z1P;Jižní Město;50.03176;14.50444
20260616_125815_L326;20260616_125815;16.06.2026;12:47:00;326;5;4138;11;U1038Z2;Praha,Opatov;50.01076;14.51466
20260616_125815_L240;20260616_125815;16.06.2026;12:48:00;240;9;1770;10;U108Z2P;Háje;50.05586;14.57981
20260616_125815_L300;20260616_125815;16.06.2026;12:44:00;300;7;8972;14;U1918Z1;Smečno;50.14298;14.0581
20260616_125815_L311;20260616_125815;16.06.2026;12:48:00;311;77;9583;10;U2569Z1;Řevnice,nádraží;49.92453;14.24041
20260616_125815_L324;20260616_125815;16.06.2026;12:48:00;324;20;8999;10;U3094Z1;Smečno;50.14241;14.09775
20260616_125815_L332;20260616_125815;16.06.2026;12:45:00;332;1;9162;11;U2510Z4;Neveklov;49.80694;14.50889
20260616_125815_L443;20260616_125815;16.06.2026;12:46:00;443;22;8594;10;U2282Z1;Nymburk,hl.nádr.;50.15838;14.898
20260616_125815_L401;20260616_125815;16.06.2026;12:44:00;401;59;7772;10;U31441Z1;Jindřichův Hradec,aut.nádr.;49.30259;14.7215
20260616_125815_L417;20260616_125815;16.06.2026;12:46:00;417;30;8804;11;U9922Z2;Mšec;50.13555;13.99838
20260616_125815_L491;20260616_125815;16.06.2026;12:45:00;491;10;8575;11;U2071Z2;Mukařov;50.00303;14.76627
20260616_125815_L491;20260616_125815;16.06.2026;12:47:00;491;9;8653;11;U1422Z2;Český Brod,žel.st.;50.04618;14.81016
20260616_125815_L467;20260616_125815;16.06.2026;12:47:00;467;53;9824;10;U4728Z1;Roudnice n.L.,ČSAD;50.37408;14.38789
20260616_125815_L584;20260616_125815;16.06.2026;12:44:00;584;65;8408;13;U3362Z2;Mutějovice,Lhota p.Džbánem;50.19018;13.74321
20260616_125815_L521;20260616_125815;16.06.2026;12:47:00;521;17;9617;11;U5828Z1;Věšín,Buková;49.61089;13.8881
20260616_125815_L760;20260616_125815;16.06.2026;12:20:00;760;8;8352;36;U31987Z1;Podbořany,aut.nádr.;50.22284;13.40845
20260616_125815_L385;20260616_125815;16.06.2026;12:44:00;385;29;1622;13;U1371Z3;Praha,Opatov;50.00456;14.56411
20260616_125815_L372;20260616_125815;16.06.2026;12:45:00;372;2;8081;12;U2340Z1;Kralupy n.Vlt.,žel.st.;50.2788;14.41243
20260616_125815_L375;20260616_125815;16.06.2026;12:47:00;375;6;1504;10;U1827Z2;Praha,Českomoravská;50.1837;14.65786
20260616_130215_L310;20260616_130215;16.06.2026;12:49:00;310;9;9973;11;U1141Z2;Rudná,Zdrav.stř.;50.05494;14.28973
20260616_130215_L149;20260616_130215;16.06.2026;12:50:00;149;6;3758;10;U254Z5P;Stodůlky-Bavorská;50.06992;14.38043
20260616_130215_L149;20260616_130215;16.06.2026;12:49:00;149;5;3697;12;U999Z2P;Dejvická;50.05421;14.31742
20260616_130215_L100;20260616_130215;16.06.2026;12:42:00;100;4;5562;18;U629Z3P;Letiště / Airport ✈;50.10553;14.27171
20260616_130215_L724;20260616_130215;16.06.2026;12:47:00;724;64;9425;12;U6262Z1;Libáň,aut.st.;50.4124;15.00451
20260616_130215_L521;20260616_130215;16.06.2026;12:50:00;521;17;9617;11;U7899Z2;Věšín,Buková;49.60477;13.86477
20260616_130215_L369;20260616_130215;16.06.2026;12:51:00;369;35;8272;10;U1796Z1;Štětí,záv.;50.36362;14.46715
20260616_130215_L705;20260616_130215;16.06.2026;12:50:00;705;43;8687;11;U5861Z1;Kutná Hora,Karlov,Na Rovinách;49.95268;15.26209
20260616_130215_L372;20260616_130215;16.06.2026;12:48:00;372;2;8081;12;U2341Z2;Kralupy n.Vlt.,žel.st.;50.2755;14.40425
20260616_130215_L375;20260616_130215;16.06.2026;12:52:00;375;6;1504;10;U2365Z2;Praha,Českomoravská;50.17427;14.64812
20260616_130215_L381;20260616_130215;16.06.2026;12:50:00;381;16;9362;10;U336Z2;Praha,Háje;50.0381;14.58853
20260616_130215_L365;20260616_130215;16.06.2026;12:52:00;365;13;8769;10;U558Z1;Stochov,nám.;50.07611;14.31229
20260616_130215_L584;20260616_130215;16.06.2026;12:50:00;584;65;8408;12;U3373Z1;Mutějovice,Lhota p.Džbánem;50.19373;13.70593
20260616_130215_L467;20260616_130215;16.06.2026;12:51:00;467;53;9824;11;U4712Z1;Roudnice n.L.,ČSAD;50.38745;14.33694
20260616_130215_L443;20260616_130215;16.06.2026;12:52:00;443;22;8594;10;U1439Z1;Nymburk,hl.nádr.;50.16615;14.9367
20260616_130215_L538;20260616_130215;16.06.2026;12:49:00;538;3;7647;13;U6701Z2;Městec Králové,nám.;50.23057;15.21377
20260616_130215_L240;20260616_130215;16.06.2026;12:52:00;240;9;1770;10;U1069Z4P;Háje;50.04866;14.56416
20260616_130215_L332;20260616_130215;16.06.2026;12:51:00;332;1;9162;10;U4467Z2;Neveklov;49.79054;14.49131
20260616_130215_L300;20260616_130215;16.06.2026;12:48:00;300;7;8972;14;U4794Z1;Smečno;50.16723;14.05365
20260616_130215_L324;20260616_130215;16.06.2026;12:52:00;324;20;8999;10;U4325Z1;Smečno;50.14277;14.088
20260616_130215_L491;20260616_130215;16.06.2026;12:49:00;491;10;8575;12;U1908Z1;Mukařov;49.98996;14.74267
20260616_130215_L491;20260616_130215;16.06.2026;12:50:00;491;9;8653;12;U2273Z2;Český Brod,žel.st.;50.0595;14.82502
20260616_130215_L417;20260616_130215;16.06.2026;12:51:00;417;30;8804;10;U9291Z2;Mšec;50.14047;13.96912
20260616_130215_L401;20260616_130215;16.06.2026;12:51:00;401;59;7772;11;U31443Z1;Jindřichův Hradec,aut.nádr.;49.27538;14.71528
20260616_130215_L481;20260616_130215;16.06.2026;12:50:00;481;93;7635;10;U2480Z8;Uhlířské Janovice,nám.;49.95257;15.26946
20260616_130215_L136;20260616_130215;16.06.2026;12:47:00;136;10;5095;15;U916Z1P;Jižní Město;50.0252;14.51535
20260616_130615_L640;20260616_130615;16.06.2026;12:51:00;640;27;9440;12;U9810Z1;Hostomice,nám.;49.8259;14.04444
20260616_130615_L310;20260616_130615;16.06.2026;12:49:00;310;9;9973;15;U1141Z2;Rudná,Zdrav.stř.;50.05494;14.28973
20260616_130615_L149;20260616_130615;16.06.2026;12:54:00;149;5;3697;12;U968Z2P;Dejvická;50.05462;14.34727
20260616_130615_L149;20260616_130615;16.06.2026;12:53:00;149;6;3758;13;U788Z1P;Stodůlky-Bavorská;50.06448;14.37774
20260616_130615_L100;20260616_130615;16.06.2026;12:42:00;100;4;5562;22;U629Z3P;Letiště / Airport ✈;50.10556;14.27169
20260616_130615_L372;20260616_130615;16.06.2026;12:51:00;372;2;8081;14;U1780Z2;Kralupy n.Vlt.,žel.st.;50.28145;14.39588
20260616_130615_L375;20260616_130615;16.06.2026;12:55:00;375;6;1504;10;U1822Z2;Praha,Českomoravská;50.16298;14.61915
20260616_130615_L381;20260616_130615;16.06.2026;12:55:00;381;16;9362;10;U967Z2;Praha,Háje;50.03409;14.56253
20260616_130615_L478;20260616_130615;16.06.2026;12:55:00;478;16;8072;10;U1973Z1;Brandýs n.L.-St.Bol.,Žel.st.;50.18546;14.66385
20260616_130615_L480;20260616_130615;16.06.2026;12:56:00;480;30;7504;10;U7730Z2;Příbram,aut.nádr.;49.64491;14.03095
20260616_130615_L521;20260616_130615;16.06.2026;12:52:00;521;17;9617;13;U7906Z1;Věšín,Buková;49.61209;13.84583
20260616_130615_L481;20260616_130615;16.06.2026;12:55:00;481;93;7635;10;U2478Z2;Uhlířské Janovice,nám.;49.9476;15.25564
20260616_130615_L324;20260616_130615;16.06.2026;12:56:00;324;20;8999;10;U1782Z1;Smečno;50.14064;14.0658
20260616_130615_L325;20260616_130615;16.06.2026;12:53:00;325;16;1636;11;U3053Z2;Praha,Nádraží Uhříněves;50.03145;14.59849
20260616_130615_L311;20260616_130615;16.06.2026;12:56:00;311;77;9583;10;U1852Z51;Řevnice,nádraží;49.92709;14.27519
20260616_130615_L300;20260616_130615;16.06.2026;12:52:00;300;7;8972;13;U1400Z1;Smečno;50.17535;14.0563
20260616_130615_L342;20260616_130615;16.06.2026;12:55:00;342;1;7682;11;U4396Z2;Praha,Nádraží Veleslavín;50.13198;14.23709
20260616_130615_L616;20260616_130615;16.06.2026;12:56:00;616;34;8897;10;U4153Z2;Kladno,Sítná;50.16521;14.08504
20260616_130615_L491;20260616_130615;16.06.2026;12:51:00;491;9;8653;13;U4134Z2;Český Brod,žel.st.;50.06751;14.84907
20260616_130615_L136;20260616_130615;16.06.2026;12:51:00;136;10;5095;15;U151Z1P;Jižní Město;50.03147;14.53368
20260616_130615_L401;20260616_130615;16.06.2026;12:54:00;401;59;7772;12;U31444Z1;Jindřichův Hradec,aut.nádr.;49.25561;14.71729
20260616_130615_L412;20260616_130615;16.06.2026;12:55:00;412;43;9917;10;U31000Z2;Praha,Černý Most;50.46688;15.17583
20260616_130615_L417;20260616_130615;16.06.2026;12:54:00;417;30;8804;10;U9292Z1;Mšec;50.14738;13.95744
20260616_130615_L467;20260616_130615;16.06.2026;12:54:00;467;53;9824;11;U4713Z1;Roudnice n.L.,ČSAD;50.40539;14.30143
20260616_130615_L443;20260616_130615;16.06.2026;12:56:00;443;22;8594;10;U1441Z1;Nymburk,hl.nádr.;50.14491;14.98145
20260616_130615_L538;20260616_130615;16.06.2026;12:52:00;538;3;7647;14;U6744Z2;Městec Králové,nám.;50.21379;15.22593
20260616_130615_L724;20260616_130615;16.06.2026;12:53:00;724;64;9425;11;U6282Z1;Libáň,aut.st.;50.43067;15.03809
20260616_130615_L705;20260616_130615;16.06.2026;12:55:00;705;43;8687;11;U2480Z7;Kutná Hora,Karlov,Na Rovinách;49.95485;15.2717
