ID Záznamu;Timestamp;Den;Čas příjezdu;Linka;Oběh;Vozidlo;Zpoždění (min);Zastávka;Směr;Zeměpisná šířka (Lat);Zeměpisná délka (Lon)
20260619_102449_L129;20260619_102449;19.06.2026;10:13:00;129;2;3654;11;U802Z1P;Baně;49.9683;14.38759
20260619_102449_L136;20260619_102449;19.06.2026;10:14:00;136;16;6878;10;U106Z2P;Jižní Město;50.02752;14.50774
20260619_102449_L150;20260619_102449;19.06.2026;10:15:00;150;2;5534;10;U1037Z1P;Na Beránku;49.99991;14.4271
20260619_102449_L172;20260619_102449;19.06.2026;10:10:00;172;1;3915;14;U337Z4P;Smíchovské nádraží;50.0532;14.40907
20260619_102449_L181;20260619_102449;19.06.2026;10:14:00;181;2;5114;10;U99Z2P;Černý Most;50.03668;14.50863
20260619_102449_L244;20260619_102449;19.06.2026;10:10:00;244;2;4058;12;U337Z3P;Sídliště Radotín;50.03081;14.39893
20260619_102449_L244;20260619_102449;19.06.2026;10:08:00;244;1;4079;16;U600Z4P;Smíchovské nádraží;49.9996;14.38054
20260619_102449_L825;20260619_102449;19.06.2026;10:14:00;825;43;9581;10;U1658Z2;Mořinka;49.99186;14.21361
20260619_102449_L304;20260619_102449;19.06.2026;10:10:00;304;65;8408;14;U395Z3;Praha,Vypich;50.06652;14.32727
20260619_102449_L307;20260619_102449;19.06.2026;10:11:00;307;12;8951;12;U4332Z2;Praha,Zličín;50.09859;14.139
20260619_102449_L311;20260619_102449;19.06.2026;10:13:00;311;75;9579;10;U1852Z51;Praha,Zličín;49.92723;14.2701
20260619_102449_L311;20260619_102449;19.06.2026;10:11:00;311;77;9583;13;U1655Z2;Praha,Zličín;50.01396;14.21335
20260619_102449_L314;20260619_102449;19.06.2026;10:09:00;314;46;7910;15;U1953Z2;Nová Ves p.Pleší;49.81931;14.33156
20260619_102449_L318;20260619_102449;19.06.2026;10:07:00;318;11;7957;16;U802Z1;Trnová;49.96542;14.38403
20260619_102449_L318;20260619_102449;19.06.2026;10:10:00;318;58;7912;14;U355Z1;Jíloviště;50.02444;14.39452
20260619_102449_L319;20260619_102449;19.06.2026;10:08:00;319;60;9872;14;U1849Z1;Příbram,Březové Hory;49.82513;14.2296
20260619_102449_L320;20260619_102449;19.06.2026;10:02:00;320;2;7952;17;U337Z3;Mníšek p.Brdy,Stříbrná Lhota;50.00341;14.39501
20260619_102449_L324;20260619_102449;19.06.2026;10:14:00;324;20;8972;10;U4933Z2;Praha,Zličín;50.16484;14.02209
20260619_102449_L332;20260619_102449;19.06.2026;10:12:00;332;2;9192;10;U2109Z1;Neveklov;49.89497;14.49296
20260619_102449_L342;20260619_102449;19.06.2026;10:06:00;342;2;7702;16;U4413Z2;Slaný,žel.st.;50.18292;14.10838
20260619_102449_L360;20260619_102449;19.06.2026;10:05:00;360;2;7503;16;U716Z1;Sedlčany,aut.st.;49.92171;14.37295
20260619_102449_L365;20260619_102449;19.06.2026;10:13:00;365;8;8875;10;U4893Z1;Praha,Motol;50.08758;14.11576
20260619_102449_L381;20260619_102449;19.06.2026;10:12:00;381;3;1678;12;U808Z5;Čáslav,obchodní centrum;50.03123;14.60894
20260619_102449_L381;20260619_102449;19.06.2026;10:11:00;381;11;9371;11;U2153Z1;Kutná Hora,hlavní nádraží;49.95576;15.06364
20260619_102449_L383;20260619_102449;19.06.2026;10:12:00;383;31;9174;12;U2038Z1;Chocerady;49.95574;14.75115
20260619_102449_L385;20260619_102449;19.06.2026;10:07:00;385;18;1623;16;U2007Z2;Praha,Opatov;49.98934;14.7167
20260619_102449_L390;20260619_102449;19.06.2026;10:09:00;390;45;1143;12;U2519Z1;Štěchovice,Třebenice;49.82569;14.43136
20260619_102449_L395;20260619_102449;19.06.2026;10:12:00;395;12;9560;12;U1851Z8;Příbram,Březové Hory;49.78175;14.17058
20260619_102449_L395;20260619_102449;19.06.2026;10:11:00;395;32;9920;11;U9712Z1;Příbram,Drkolnov;49.69124;14.00312
20260619_102449_L395;20260619_102449;19.06.2026;09:57:00;395;52;9874;12;U337Z3;Příbram,Drkolnov;49.89899;14.32129
20260619_102449_L406;20260619_102449;19.06.2026;10:09:00;406;1;7934;15;U7607Z1;Vlašim,žel.st.;49.74054;14.81112
20260619_102449_L410;20260619_102449;19.06.2026;10:13:00;410;9;11646;10;U31347Z1;Mimoň,aut.st.;50.59135;14.72433
20260619_102449_L410;20260619_102449;19.06.2026;10:08:00;410;4;11698;14;U31046Z5;Praha,Střížkov;50.54068;14.54152
20260619_102449_L416;20260619_102449;19.06.2026;09:32:00;416;9;7227;27;U337Z3;Sušice,nábřeží;49.78427;14.19574
20260619_102449_L425;20260619_102449;19.06.2026;10:00:00;425;43;7590;11;U2588Z2;Praha,Černý Most;50.12084;15.1658
20260619_102449_L427;20260619_102449;19.06.2026;09:59:00;427;3;11611;24;U31050Z13;Mimoň,Žitavská;50.66181;14.72249
20260619_102449_L443;20260619_102449;19.06.2026;10:08:00;443;22;8594;12;U1452Z2;Čelákovice,Toušeňská;50.16388;14.86699
20260619_102449_L536;20260619_102449;19.06.2026;09:45:00;536;30;7609;38;U6606Z2;Žiželice,nám.;50.12922;15.41375
20260619_102449_L566;20260619_102449;19.06.2026;10:14:00;566;71;7903;10;U6492Z1;Votice,aut.st.;49.64011;14.64117
20260619_102449_L600;20260619_102449;19.06.2026;10:13:00;600;22;8772;11;U4008Z2;Louny,Aut.nádr.;50.21007;13.78717
20260619_102449_L620;20260619_102449;19.06.2026;10:14:00;620;12;8432;10;U4418Z2;Kladno,autobusové nádraží;50.18878;14.16259
20260619_102449_L631;20260619_102449;19.06.2026;08:56:00;631;49;9610;85;U4971Z2;Beroun,autobusové nádraží;49.95771;14.07385
20260619_102449_L641;20260619_102449;19.06.2026;10:09:00;641;16;9447;14;U9855Z55;Beroun,autobusové nádraží;49.87531;13.95029
20260619_102449_L659;20260619_102449;19.06.2026;10:11:00;659;36;9179;14;U2051Z1;Stříbrná Skalice,Náměstí;49.9019;14.8981
20260619_102449_L129;20260619_102449;19.06.2026;10:13:00;129;2;3654;11;U802Z1P;Baně;49.9683;14.38759
20260619_102449_L136;20260619_102449;19.06.2026;10:14:00;136;16;6878;10;U106Z2P;Jižní Město;50.02752;14.50774
20260619_102449_L150;20260619_102449;19.06.2026;10:15:00;150;2;5534;10;U1037Z1P;Na Beránku;49.99991;14.4271
20260619_102449_L172;20260619_102449;19.06.2026;10:10:00;172;1;3915;14;U337Z4P;Smíchovské nádraží;50.0532;14.40907
20260619_102449_L181;20260619_102449;19.06.2026;10:14:00;181;2;5114;10;U99Z2P;Černý Most;50.03668;14.50863
20260619_102449_L244;20260619_102449;19.06.2026;10:10:00;244;2;4058;12;U337Z3P;Sídliště Radotín;50.03081;14.39893
20260619_102449_L244;20260619_102449;19.06.2026;10:08:00;244;1;4079;16;U600Z4P;Smíchovské nádraží;49.9996;14.38054
20260619_102449_L825;20260619_102449;19.06.2026;10:14:00;825;43;9581;10;U1658Z2;Mořinka;49.99186;14.21361
20260619_102449_L304;20260619_102449;19.06.2026;10:10:00;304;65;8408;14;U395Z3;Praha,Vypich;50.06652;14.32727
20260619_102449_L307;20260619_102449;19.06.2026;10:11:00;307;12;8951;12;U4332Z2;Praha,Zličín;50.09859;14.139
20260619_102449_L311;20260619_102449;19.06.2026;10:13:00;311;75;9579;10;U1852Z51;Praha,Zličín;49.92723;14.2701
20260619_102449_L311;20260619_102449;19.06.2026;10:11:00;311;77;9583;13;U1655Z2;Praha,Zličín;50.01396;14.21335
20260619_102449_L314;20260619_102449;19.06.2026;10:09:00;314;46;7910;15;U1953Z2;Nová Ves p.Pleší;49.81931;14.33156
20260619_102449_L318;20260619_102449;19.06.2026;10:07:00;318;11;7957;16;U802Z1;Trnová;49.96542;14.38403
20260619_102449_L318;20260619_102449;19.06.2026;10:10:00;318;58;7912;14;U355Z1;Jíloviště;50.02444;14.39452
20260619_102449_L319;20260619_102449;19.06.2026;10:08:00;319;60;9872;14;U1849Z1;Příbram,Březové Hory;49.82513;14.2296
20260619_102449_L320;20260619_102449;19.06.2026;10:02:00;320;2;7952;17;U337Z3;Mníšek p.Brdy,Stříbrná Lhota;50.00341;14.39501
20260619_102449_L324;20260619_102449;19.06.2026;10:14:00;324;20;8972;10;U4933Z2;Praha,Zličín;50.16484;14.02209
20260619_102449_L332;20260619_102449;19.06.2026;10:12:00;332;2;9192;10;U2109Z1;Neveklov;49.89497;14.49296
20260619_102449_L342;20260619_102449;19.06.2026;10:06:00;342;2;7702;16;U4413Z2;Slaný,žel.st.;50.18292;14.10838
20260619_102449_L360;20260619_102449;19.06.2026;10:05:00;360;2;7503;16;U716Z1;Sedlčany,aut.st.;49.92171;14.37295
20260619_102449_L365;20260619_102449;19.06.2026;10:13:00;365;8;8875;10;U4893Z1;Praha,Motol;50.08758;14.11576
20260619_102449_L381;20260619_102449;19.06.2026;10:12:00;381;3;1678;12;U808Z5;Čáslav,obchodní centrum;50.03123;14.60894
20260619_102449_L381;20260619_102449;19.06.2026;10:11:00;381;11;9371;11;U2153Z1;Kutná Hora,hlavní nádraží;49.95576;15.06364
20260619_102449_L383;20260619_102449;19.06.2026;10:12:00;383;31;9174;12;U2038Z1;Chocerady;49.95574;14.75115
20260619_102449_L385;20260619_102449;19.06.2026;10:07:00;385;18;1623;16;U2007Z2;Praha,Opatov;49.98934;14.7167
20260619_102449_L390;20260619_102449;19.06.2026;10:09:00;390;45;1143;12;U2519Z1;Štěchovice,Třebenice;49.82569;14.43136
20260619_102449_L395;20260619_102449;19.06.2026;10:12:00;395;12;9560;12;U1851Z8;Příbram,Březové Hory;49.78175;14.17058
20260619_102449_L395;20260619_102449;19.06.2026;10:11:00;395;32;9920;11;U9712Z1;Příbram,Drkolnov;49.69124;14.00312
20260619_102449_L395;20260619_102449;19.06.2026;09:57:00;395;52;9874;12;U337Z3;Příbram,Drkolnov;49.89899;14.32129
20260619_102449_L406;20260619_102449;19.06.2026;10:09:00;406;1;7934;15;U7607Z1;Vlašim,žel.st.;49.74054;14.81112
20260619_102449_L410;20260619_102449;19.06.2026;10:13:00;410;9;11646;10;U31347Z1;Mimoň,aut.st.;50.59135;14.72433
20260619_102449_L410;20260619_102449;19.06.2026;10:08:00;410;4;11698;14;U31046Z5;Praha,Střížkov;50.54068;14.54152
20260619_102449_L416;20260619_102449;19.06.2026;09:32:00;416;9;7227;27;U337Z3;Sušice,nábřeží;49.78427;14.19574
20260619_102449_L425;20260619_102449;19.06.2026;10:00:00;425;43;7590;11;U2588Z2;Praha,Černý Most;50.12084;15.1658
20260619_102449_L427;20260619_102449;19.06.2026;09:59:00;427;3;11611;24;U31050Z13;Mimoň,Žitavská;50.66181;14.72249
20260619_102449_L443;20260619_102449;19.06.2026;10:08:00;443;22;8594;12;U1452Z2;Čelákovice,Toušeňská;50.16388;14.86699
20260619_102449_L536;20260619_102449;19.06.2026;09:45:00;536;30;7609;38;U6606Z2;Žiželice,nám.;50.12922;15.41375
20260619_102449_L566;20260619_102449;19.06.2026;10:14:00;566;71;7903;10;U6492Z1;Votice,aut.st.;49.64011;14.64117
20260619_102449_L600;20260619_102449;19.06.2026;10:13:00;600;22;8772;11;U4008Z2;Louny,Aut.nádr.;50.21007;13.78717
20260619_102449_L620;20260619_102449;19.06.2026;10:14:00;620;12;8432;10;U4418Z2;Kladno,autobusové nádraží;50.18878;14.16259
20260619_102449_L631;20260619_102449;19.06.2026;08:56:00;631;49;9610;85;U4971Z2;Beroun,autobusové nádraží;49.95771;14.07385
20260619_102449_L641;20260619_102449;19.06.2026;10:09:00;641;16;9447;14;U9855Z55;Beroun,autobusové nádraží;49.87531;13.95029
20260619_102449_L659;20260619_102449;19.06.2026;10:11:00;659;36;9179;14;U2051Z1;Stříbrná Skalice,Náměstí;49.9019;14.8981
20260619_102849_L410;20260619_102849;19.06.2026;10:08:00;410;4;11698;15;U31046Z5;Praha,Střížkov;50.5334;14.52312
20260619_102849_L311;20260619_102849;19.06.2026;10:18:00;311;75;9579;10;U2570Z2;Praha,Zličín;49.92281;14.25089
20260619_102849_L395;20260619_102849;19.06.2026;10:17:00;395;32;9920;11;U9734Z1;Příbram,Drkolnov;49.6794;13.9996
20260619_102849_L402;20260619_102849;19.06.2026;10:18:00;402;2;7671;10;U7159Z71;Praha,Roztyly;49.74646;15.09697
20260619_102849_L332;20260619_102849;19.06.2026;10:12:00;332;2;9192;13;U2109Z1;Neveklov;49.89428;14.49288
20260619_102849_L528;20260619_102849;19.06.2026;10:18:00;528;4;9839;10;U9616Z2;Broumy,radnice;49.839;13.89411
20260619_102849_L383;20260619_102849;19.06.2026;10:17:00;383;31;9174;11;U2041Z3;Chocerady;49.92997;14.76177
20260619_102849_L181;20260619_102849;19.06.2026;10:18:00;181;2;5114;10;U641Z3P;Černý Most;50.04573;14.52418
20260619_102849_L425;20260619_102849;19.06.2026;10:00:00;425;43;7590;12;U2588Z2;Praha,Černý Most;50.11894;15.11572
20260619_102849_L395;20260619_102849;19.06.2026;10:14:00;395;12;9560;14;U9621Z1;Příbram,Březové Hory;49.76512;14.16419
20260619_102849_L318;20260619_102849;19.06.2026;10:14:00;318;58;7912;14;U317Z1;Jíloviště;49.99975;14.39582
20260619_102849_L307;20260619_102849;19.06.2026;10:16:00;307;12;8951;12;U1686Z1;Praha,Zličín;50.08557;14.13416
20260619_102849_L311;20260619_102849;19.06.2026;10:15:00;311;77;9583;13;U1652Z2;Praha,Zličín;50.01783;14.23279
20260619_102849_L324;20260619_102849;19.06.2026;10:15:00;324;20;8972;10;U4932Z2;Praha,Zličín;50.1457;14.05189
20260619_102849_L381;20260619_102849;19.06.2026;10:17:00;381;11;9371;11;U2178Z1;Kutná Hora,hlavní nádraží;49.95623;15.11012
20260619_102849_L600;20260619_102849;19.06.2026;10:17:00;600;22;8772;10;U4009Z2;Louny,Aut.nádr.;50.23394;13.79638
20260619_102849_L536;20260619_102849;19.06.2026;09:45:00;536;30;7609;42;U6606Z2;Žiželice,nám.;50.12924;15.41373
20260619_102849_L641;20260619_102849;19.06.2026;10:16:00;641;16;9447;12;U9854Z1;Beroun,autobusové nádraží;49.89568;13.96084
20260619_102849_L427;20260619_102849;19.06.2026;09:59:00;427;3;11611;26;U31050Z13;Mimoň,Žitavská;50.66181;14.72249
20260619_102849_L443;20260619_102849;19.06.2026;10:14:00;443;22;8594;12;U2428Z1;Čelákovice,Toušeňská;50.15943;14.80669
20260619_102849_L136;20260619_102849;19.06.2026;10:18:00;136;16;6878;10;U353Z1P;Jižní Město;50.02622;14.52151
20260619_102849_L319;20260619_102849;19.06.2026;10:15:00;319;60;9872;13;U1843Z1;Příbram,Březové Hory;49.79354;14.18886
20260619_102849_L241;20260619_102849;19.06.2026;10:14:00;241;3;3675;10;U337Z3P;Lipence;50.03204;14.40004
20260619_102849_L620;20260619_102849;19.06.2026;10:17:00;620;12;8432;10;U4416Z2;Kladno,autobusové nádraží;50.18256;14.14421
20260619_102849_L631;20260619_102849;19.06.2026;08:56:00;631;49;9610;89;U4971Z2;Beroun,autobusové nádraží;49.95771;14.07385
20260619_102849_L410;20260619_102849;19.06.2026;10:08:00;410;4;11698;15;U31046Z5;Praha,Střížkov;50.5334;14.52312
20260619_102849_L311;20260619_102849;19.06.2026;10:18:00;311;75;9579;10;U2570Z2;Praha,Zličín;49.92281;14.25089
20260619_102849_L395;20260619_102849;19.06.2026;10:17:00;395;32;9920;11;U9734Z1;Příbram,Drkolnov;49.6794;13.9996
20260619_102849_L402;20260619_102849;19.06.2026;10:18:00;402;2;7671;10;U7159Z71;Praha,Roztyly;49.74646;15.09697
20260619_102849_L332;20260619_102849;19.06.2026;10:12:00;332;2;9192;13;U2109Z1;Neveklov;49.89428;14.49288
20260619_102849_L528;20260619_102849;19.06.2026;10:18:00;528;4;9839;10;U9616Z2;Broumy,radnice;49.839;13.89411
20260619_102849_L383;20260619_102849;19.06.2026;10:17:00;383;31;9174;11;U2041Z3;Chocerady;49.92997;14.76177
20260619_102849_L181;20260619_102849;19.06.2026;10:18:00;181;2;5114;10;U641Z3P;Černý Most;50.04573;14.52418
20260619_102849_L425;20260619_102849;19.06.2026;10:00:00;425;43;7590;12;U2588Z2;Praha,Černý Most;50.11894;15.11572
20260619_102849_L395;20260619_102849;19.06.2026;10:14:00;395;12;9560;14;U9621Z1;Příbram,Březové Hory;49.76512;14.16419
20260619_102849_L318;20260619_102849;19.06.2026;10:14:00;318;58;7912;14;U317Z1;Jíloviště;49.99975;14.39582
20260619_102849_L307;20260619_102849;19.06.2026;10:16:00;307;12;8951;12;U1686Z1;Praha,Zličín;50.08557;14.13416
20260619_102849_L311;20260619_102849;19.06.2026;10:15:00;311;77;9583;13;U1652Z2;Praha,Zličín;50.01783;14.23279
20260619_102849_L324;20260619_102849;19.06.2026;10:15:00;324;20;8972;10;U4932Z2;Praha,Zličín;50.1457;14.05189
20260619_102849_L381;20260619_102849;19.06.2026;10:17:00;381;11;9371;11;U2178Z1;Kutná Hora,hlavní nádraží;49.95623;15.11012
20260619_102849_L600;20260619_102849;19.06.2026;10:17:00;600;22;8772;10;U4009Z2;Louny,Aut.nádr.;50.23394;13.79638
20260619_102849_L536;20260619_102849;19.06.2026;09:45:00;536;30;7609;42;U6606Z2;Žiželice,nám.;50.12924;15.41373
20260619_102849_L641;20260619_102849;19.06.2026;10:16:00;641;16;9447;12;U9854Z1;Beroun,autobusové nádraží;49.89568;13.96084
20260619_102849_L427;20260619_102849;19.06.2026;09:59:00;427;3;11611;26;U31050Z13;Mimoň,Žitavská;50.66181;14.72249
20260619_102849_L443;20260619_102849;19.06.2026;10:14:00;443;22;8594;12;U2428Z1;Čelákovice,Toušeňská;50.15943;14.80669
20260619_102849_L136;20260619_102849;19.06.2026;10:18:00;136;16;6878;10;U353Z1P;Jižní Město;50.02622;14.52151
20260619_102849_L319;20260619_102849;19.06.2026;10:15:00;319;60;9872;13;U1843Z1;Příbram,Březové Hory;49.79354;14.18886
20260619_102849_L241;20260619_102849;19.06.2026;10:14:00;241;3;3675;10;U337Z3P;Lipence;50.03204;14.40004
20260619_102849_L620;20260619_102849;19.06.2026;10:17:00;620;12;8432;10;U4416Z2;Kladno,autobusové nádraží;50.18256;14.14421
20260619_102849_L631;20260619_102849;19.06.2026;08:56:00;631;49;9610;89;U4971Z2;Beroun,autobusové nádraží;49.95771;14.07385
20260619_103250_L181;20260619_103250;19.06.2026;10:22:00;181;2;5114;10;U472Z3P;Černý Most;50.05269;14.52883
20260619_103250_L241;20260619_103250;19.06.2026;10:21:00;241;3;3675;11;U317Z1P;Lipence;49.99992;14.39571
20260619_103250_L244;20260619_103250;19.06.2026;10:18:00;244;2;4058;14;U705Z1P;Sídliště Radotín;50.00763;14.38885
20260619_103250_L825;20260619_103250;19.06.2026;10:22:00;825;43;9581;10;U1353Z2;Mořinka;49.97208;14.21789
20260619_103250_L307;20260619_103250;19.06.2026;10:16:00;307;12;8951;14;U1686Z1;Praha,Zličín;50.07304;14.14161
20260619_103250_L311;20260619_103250;19.06.2026;10:20:00;311;75;9579;10;U2569Z1;Praha,Zličín;49.92583;14.22843
20260619_103250_L311;20260619_103250;19.06.2026;10:19:00;311;77;9583;13;U2324Z2;Praha,Zličín;50.02506;14.21819
20260619_103250_L317;20260619_103250;19.06.2026;10:22:00;317;5;7954;10;U4157Z1;Dobříš,nám.;49.78225;14.1784
20260619_103250_L318;20260619_103250;19.06.2026;10:17:00;318;11;7957;14;U1702Z1;Trnová;49.92941;14.34355
20260619_103250_L319;20260619_103250;19.06.2026;10:22:00;319;60;9872;10;U1851Z8;Příbram,Březové Hory;49.78173;14.17061
20260619_103250_L324;20260619_103250;19.06.2026;10:21:00;324;20;8972;11;U3095Z2;Praha,Zličín;50.14057;14.07488
20260619_103250_L332;20260619_103250;19.06.2026;10:18:00;332;2;9192;14;U1936Z1;Neveklov;49.87726;14.50222
20260619_103250_L342;20260619_103250;19.06.2026;10:19:00;342;2;7702;13;U4770Z1;Slaný,žel.st.;50.19383;14.118
20260619_103250_L361;20260619_103250;19.06.2026;10:19:00;361;55;1141;13;U392Z2;Dobříš,nám.;49.97303;14.39499
20260619_103250_L364;20260619_103250;19.06.2026;10:22:00;364;2;4520;10;U1815Z1;Doubek;50.00341;14.70112
20260619_103250_L381;20260619_103250;19.06.2026;10:21:00;381;3;1678;11;U1878Z1;Čáslav,obchodní centrum;49.99904;14.6683
20260619_103250_L383;20260619_103250;19.06.2026;10:20:00;383;31;9174;11;U2042Z1;Chocerady;49.92983;14.77108
20260619_103250_L385;20260619_103250;19.06.2026;10:18:00;385;18;1623;14;U7038Z1;Praha,Opatov;49.99515;14.66658
20260619_103250_L395;20260619_103250;19.06.2026;10:21:00;395;32;9920;11;U9753Z3;Příbram,Drkolnov;49.67104;13.99105
20260619_103250_L406;20260619_103250;19.06.2026;10:19:00;406;1;7934;13;U5786Z2;Vlašim,žel.st.;49.70979;14.89345
20260619_103250_L410;20260619_103250;19.06.2026;10:20:00;410;9;11646;12;U31369Z52;Mimoň,aut.st.;50.6294;14.71946
20260619_103250_L410;20260619_103250;19.06.2026;10:17:00;410;4;11698;14;U31048Z2;Praha,Střížkov;50.51029;14.49136
20260619_103250_L427;20260619_103250;19.06.2026;09:59:00;427;3;11611;32;U31050Z13;Mimoň,Žitavská;50.66165;14.72478
20260619_103250_L443;20260619_103250;19.06.2026;10:21:00;443;22;8594;11;U4292Z2;Čelákovice,Toušeňská;50.16332;14.75788
20260619_103250_L528;20260619_103250;19.06.2026;10:22:00;528;4;9839;10;U9614Z1;Broumy,radnice;49.85005;13.88473
20260619_103250_L536;20260619_103250;19.06.2026;09:45:00;536;30;7609;46;U6606Z2;Žiželice,nám.;50.12924;15.41373
20260619_103250_L631;20260619_103250;19.06.2026;08:56:00;631;49;9610;93;U4971Z2;Beroun,autobusové nádraží;49.95771;14.07385
20260619_103250_L641;20260619_103250;19.06.2026;10:22:00;641;16;9447;10;U9105Z1;Beroun,autobusové nádraží;49.91172;13.97905
20260619_103250_L659;20260619_103250;19.06.2026;10:19:00;659;36;9179;12;U2028Z2;Stříbrná Skalice,Náměstí;49.89754;14.85648
20260619_103250_L181;20260619_103250;19.06.2026;10:22:00;181;2;5114;10;U472Z3P;Černý Most;50.05269;14.52883
20260619_103250_L241;20260619_103250;19.06.2026;10:21:00;241;3;3675;11;U317Z1P;Lipence;49.99992;14.39571
20260619_103250_L244;20260619_103250;19.06.2026;10:18:00;244;2;4058;14;U705Z1P;Sídliště Radotín;50.00763;14.38885
20260619_103250_L825;20260619_103250;19.06.2026;10:22:00;825;43;9581;10;U1353Z2;Mořinka;49.97208;14.21789
20260619_103250_L307;20260619_103250;19.06.2026;10:16:00;307;12;8951;14;U1686Z1;Praha,Zličín;50.07304;14.14161
20260619_103250_L311;20260619_103250;19.06.2026;10:20:00;311;75;9579;10;U2569Z1;Praha,Zličín;49.92583;14.22843
20260619_103250_L311;20260619_103250;19.06.2026;10:19:00;311;77;9583;13;U2324Z2;Praha,Zličín;50.02506;14.21819
20260619_103250_L317;20260619_103250;19.06.2026;10:22:00;317;5;7954;10;U4157Z1;Dobříš,nám.;49.78225;14.1784
20260619_103250_L318;20260619_103250;19.06.2026;10:17:00;318;11;7957;14;U1702Z1;Trnová;49.92941;14.34355
20260619_103250_L319;20260619_103250;19.06.2026;10:22:00;319;60;9872;10;U1851Z8;Příbram,Březové Hory;49.78173;14.17061
20260619_103250_L324;20260619_103250;19.06.2026;10:21:00;324;20;8972;11;U3095Z2;Praha,Zličín;50.14057;14.07488
20260619_103250_L332;20260619_103250;19.06.2026;10:18:00;332;2;9192;14;U1936Z1;Neveklov;49.87726;14.50222
20260619_103250_L342;20260619_103250;19.06.2026;10:19:00;342;2;7702;13;U4770Z1;Slaný,žel.st.;50.19383;14.118
20260619_103250_L361;20260619_103250;19.06.2026;10:19:00;361;55;1141;13;U392Z2;Dobříš,nám.;49.97303;14.39499
20260619_103250_L364;20260619_103250;19.06.2026;10:22:00;364;2;4520;10;U1815Z1;Doubek;50.00341;14.70112
20260619_103250_L381;20260619_103250;19.06.2026;10:21:00;381;3;1678;11;U1878Z1;Čáslav,obchodní centrum;49.99904;14.6683
20260619_103250_L383;20260619_103250;19.06.2026;10:20:00;383;31;9174;11;U2042Z1;Chocerady;49.92983;14.77108
20260619_103250_L385;20260619_103250;19.06.2026;10:18:00;385;18;1623;14;U7038Z1;Praha,Opatov;49.99515;14.66658
20260619_103250_L395;20260619_103250;19.06.2026;10:21:00;395;32;9920;11;U9753Z3;Příbram,Drkolnov;49.67104;13.99105
20260619_103250_L406;20260619_103250;19.06.2026;10:19:00;406;1;7934;13;U5786Z2;Vlašim,žel.st.;49.70979;14.89345
20260619_103250_L410;20260619_103250;19.06.2026;10:20:00;410;9;11646;12;U31369Z52;Mimoň,aut.st.;50.6294;14.71946
20260619_103250_L410;20260619_103250;19.06.2026;10:17:00;410;4;11698;14;U31048Z2;Praha,Střížkov;50.51029;14.49136
20260619_103250_L427;20260619_103250;19.06.2026;09:59:00;427;3;11611;32;U31050Z13;Mimoň,Žitavská;50.66165;14.72478
20260619_103250_L443;20260619_103250;19.06.2026;10:21:00;443;22;8594;11;U4292Z2;Čelákovice,Toušeňská;50.16332;14.75788
20260619_103250_L528;20260619_103250;19.06.2026;10:22:00;528;4;9839;10;U9614Z1;Broumy,radnice;49.85005;13.88473
20260619_103250_L536;20260619_103250;19.06.2026;09:45:00;536;30;7609;46;U6606Z2;Žiželice,nám.;50.12924;15.41373
20260619_103250_L631;20260619_103250;19.06.2026;08:56:00;631;49;9610;93;U4971Z2;Beroun,autobusové nádraží;49.95771;14.07385
20260619_103250_L641;20260619_103250;19.06.2026;10:22:00;641;16;9447;10;U9105Z1;Beroun,autobusové nádraží;49.91172;13.97905
20260619_103250_L659;20260619_103250;19.06.2026;10:19:00;659;36;9179;12;U2028Z2;Stříbrná Skalice,Náměstí;49.89754;14.85648
20260619_103650_L241;20260619_103650;19.06.2026;10:26:00;241;3;3675;10;U902Z3P;Lipence;49.97608;14.39334
20260619_103650_L467;20260619_103650;19.06.2026;10:26:00;467;5;8116;10;U3326Z4;Roudnice n.L.,ČSAD;50.34071;14.50787
20260619_103650_L244;20260619_103650;19.06.2026;10:22:00;244;2;4058;15;U746Z1P;Sídliště Radotín;49.98834;14.36799
20260619_103650_L385;20260619_103650;19.06.2026;10:21:00;385;18;1623;15;U1890Z1;Praha,Opatov;49.99332;14.65799
20260619_103650_L318;20260619_103650;19.06.2026;10:22:00;318;58;7912;14;U802Z1;Jíloviště;49.96853;14.38786
20260619_103650_L311;20260619_103650;19.06.2026;10:23:00;311;75;9579;11;U2377Z1;Praha,Zličín;49.93454;14.23373
20260619_103650_L825;20260619_103650;19.06.2026;10:26:00;825;43;9581;10;U1663Z1;Mořinka;49.95205;14.21494
20260619_103650_L402;20260619_103650;19.06.2026;10:25:00;402;4;7672;11;U601Z2;Čáslav,aut.st.;50.03834;14.47866
20260619_103650_L319;20260619_103650;19.06.2026;10:24:00;319;60;9872;11;U9621Z1;Příbram,Březové Hory;49.76028;14.16162
20260619_103650_L395;20260619_103650;19.06.2026;10:21:00;395;12;9560;14;U9646Z1;Příbram,Březové Hory;49.70338;14.07169
20260619_103650_L307;20260619_103650;19.06.2026;10:22:00;307;12;8951;13;U1683Z2;Praha,Zličín;50.06922;14.16448
20260619_103650_L311;20260619_103650;19.06.2026;10:24:00;311;77;9583;12;U2323Z2;Praha,Zličín;50.03257;14.22799
20260619_103650_L318;20260619_103650;19.06.2026;10:23:00;318;11;7957;13;U1719Z1;Trnová;49.91635;14.34945
20260619_103650_L318;20260619_103650;19.06.2026;10:22:00;318;51;7901;12;U337Z3;Jíloviště;50.02916;14.39754
20260619_103650_L324;20260619_103650;19.06.2026;10:26:00;324;20;8972;10;U4313Z7;Praha,Zličín;50.14449;14.09287
20260619_103650_L332;20260619_103650;19.06.2026;10:24:00;332;2;9192;12;U1938Z1;Neveklov;49.86227;14.50411
20260619_103650_L342;20260619_103650;19.06.2026;10:23:00;342;2;7702;12;U4772Z1;Slaný,žel.st.;50.21464;14.1238
20260619_103650_L345;20260619_103650;19.06.2026;10:23:00;345;16;1864;11;U3253Z1;Praha,Černý Most;50.50017;14.97008
20260619_103650_L361;20260619_103650;19.06.2026;10:23:00;361;55;1141;13;U232Z1;Dobříš,nám.;49.95903;14.39366
20260619_103650_L641;20260619_103650;19.06.2026;10:26:00;641;16;9447;10;U9107Z1;Beroun,autobusové nádraží;49.92831;13.97569
20260619_103650_L536;20260619_103650;19.06.2026;09:45:00;536;30;7609;50;U6606Z2;Žiželice,nám.;50.12924;15.41373
20260619_103650_L436;20260619_103650;19.06.2026;10:25:00;436;20;8601;10;U1917Z2;Nymburk,hl.nádr.;50.24678;15.00605
20260619_103650_L443;20260619_103650;19.06.2026;10:26:00;443;22;8594;10;U4179Z1;Nymburk,hl.nádr.;50.15633;14.74373
20260619_103650_L410;20260619_103650;19.06.2026;10:25:00;410;9;11646;11;U31491Z11;Mimoň,aut.st.;50.63142;14.75215
20260619_103650_L181;20260619_103650;19.06.2026;10:27:00;181;2;5114;10;U975Z2P;Černý Most;50.06516;14.53753
20260619_103650_L364;20260619_103650;19.06.2026;10:26:00;364;2;4520;11;U2891Z1;Doubek;50.00952;14.71755
20260619_103650_L381;20260619_103650;19.06.2026;10:24:00;381;3;1678;12;U1886Z1;Čáslav,obchodní centrum;49.99458;14.68297
20260619_103650_L631;20260619_103650;19.06.2026;08:56:00;631;49;9610;97;U4971Z2;Beroun,autobusové nádraží;49.95771;14.07385
20260619_103650_L383;20260619_103650;19.06.2026;10:23:00;383;31;9174;10;U2041Z2;Chocerady;49.93781;14.74457
20260619_103650_L410;20260619_103650;19.06.2026;10:22:00;410;4;11698;14;U6077Z2;Praha,Střížkov;50.4873;14.485
20260619_104050_L181;20260619_104050;19.06.2026;10:31:00;181;2;5114;10;U708Z2P;Černý Most;50.07708;14.53806
20260619_104050_L241;20260619_104050;19.06.2026;10:30:00;241;3;3675;10;U537Z1P;Lipence;49.96896;14.37571
20260619_104050_L825;20260619_104050;19.06.2026;10:28:00;825;43;9581;11;U4256Z1;Mořinka;49.95467;14.20296
20260619_104050_L307;20260619_104050;19.06.2026;10:28:00;307;12;8951;13;U1679Z2;Praha,Zličín;50.05243;14.16736
20260619_104050_L311;20260619_104050;19.06.2026;10:28:00;311;77;9583;12;U1645Z2;Praha,Zličín;50.03885;14.24473
20260619_104050_L318;20260619_104050;19.06.2026;10:27:00;318;51;7901;13;U102Z1;Jíloviště;50.013;14.39397
20260619_104050_L318;20260619_104050;19.06.2026;10:26:00;318;58;7912;14;U578Z1;Jíloviště;49.95621;14.38161
20260619_104050_L320;20260619_104050;19.06.2026;10:26:00;320;2;7952;14;U1707Z1;Mníšek p.Brdy,Stříbrná Lhota;49.89132;14.29802
20260619_104050_L324;20260619_104050;19.06.2026;10:29:00;324;20;8972;11;U3094Z2;Praha,Zličín;50.14115;14.09871
20260619_104050_L332;20260619_104050;19.06.2026;10:28:00;332;2;9192;11;U1940Z1;Neveklov;49.86027;14.52874
20260619_104050_L342;20260619_104050;19.06.2026;10:28:00;342;2;7702;12;U4774Z1;Slaný,žel.st.;50.21803;14.12371
20260619_104050_L381;20260619_104050;19.06.2026;10:27:00;381;3;1678;13;U2006Z1;Čáslav,obchodní centrum;49.98858;14.71217
20260619_104050_L390;20260619_104050;19.06.2026;10:28:00;390;48;1138;10;U337Z3;Štěchovice;50.03068;14.39888
20260619_104050_L400;20260619_104050;19.06.2026;10:30:00;400;57;1091;10;U6073Z1;Nový Bor,aut.nádr.;50.47509;14.47706
20260619_104050_L410;20260619_104050;19.06.2026;10:28:00;410;9;11646;12;U31493Z11;Mimoň,aut.st.;50.65471;14.72656
20260619_104050_L436;20260619_104050;19.06.2026;10:29:00;436;20;8601;10;U3037Z2;Nymburk,hl.nádr.;50.22651;15.02619
20260619_104050_L443;20260619_104050;19.06.2026;10:28:00;443;22;8594;12;U2349Z2;Nymburk,hl.nádr.;50.15911;14.75383
20260619_104050_L617;20260619_104050;19.06.2026;10:30:00;617;21;7322;10;U4715Z2;Kladno,autobusové nádraží;50.41963;14.26532
20260619_104050_L631;20260619_104050;19.06.2026;08:56:00;631;49;9610;101;U4971Z2;Beroun,autobusové nádraží;49.95771;14.07385
20260619_104051_L181;20260619_104051;19.06.2026;10:31:00;181;2;5114;10;U708Z2P;Černý Most;50.07708;14.53806
20260619_104051_L241;20260619_104051;19.06.2026;10:30:00;241;3;3675;10;U537Z1P;Lipence;49.96896;14.37571
20260619_104051_L825;20260619_104051;19.06.2026;10:28:00;825;43;9581;11;U4256Z1;Mořinka;49.95467;14.20296
20260619_104051_L307;20260619_104051;19.06.2026;10:28:00;307;12;8951;13;U1679Z2;Praha,Zličín;50.05243;14.16736
20260619_104051_L311;20260619_104051;19.06.2026;10:28:00;311;77;9583;12;U1645Z2;Praha,Zličín;50.03885;14.24473
20260619_104051_L318;20260619_104051;19.06.2026;10:27:00;318;51;7901;13;U102Z1;Jíloviště;50.013;14.39397
20260619_104051_L318;20260619_104051;19.06.2026;10:26:00;318;58;7912;14;U578Z1;Jíloviště;49.95621;14.38161
20260619_104051_L320;20260619_104051;19.06.2026;10:26:00;320;2;7952;14;U1707Z1;Mníšek p.Brdy,Stříbrná Lhota;49.89132;14.29802
20260619_104051_L324;20260619_104051;19.06.2026;10:29:00;324;20;8972;11;U3094Z2;Praha,Zličín;50.14115;14.09871
20260619_104051_L332;20260619_104051;19.06.2026;10:28:00;332;2;9192;11;U1940Z1;Neveklov;49.86027;14.52874
20260619_104051_L342;20260619_104051;19.06.2026;10:28:00;342;2;7702;12;U4774Z1;Slaný,žel.st.;50.21803;14.12371
20260619_104051_L381;20260619_104051;19.06.2026;10:27:00;381;3;1678;13;U2006Z1;Čáslav,obchodní centrum;49.98858;14.71217
20260619_104051_L390;20260619_104051;19.06.2026;10:28:00;390;48;1138;10;U337Z3;Štěchovice;50.03068;14.39888
20260619_104051_L400;20260619_104051;19.06.2026;10:30:00;400;57;1091;10;U6073Z1;Nový Bor,aut.nádr.;50.47509;14.47706
20260619_104051_L410;20260619_104051;19.06.2026;10:28:00;410;9;11646;12;U31493Z11;Mimoň,aut.st.;50.65471;14.72656
20260619_104051_L436;20260619_104051;19.06.2026;10:29:00;436;20;8601;10;U3037Z2;Nymburk,hl.nádr.;50.22651;15.02619
20260619_104051_L443;20260619_104051;19.06.2026;10:28:00;443;22;8594;12;U2349Z2;Nymburk,hl.nádr.;50.15911;14.75383
20260619_104051_L617;20260619_104051;19.06.2026;10:30:00;617;21;7322;10;U4715Z2;Kladno,autobusové nádraží;50.41963;14.26532
20260619_104051_L631;20260619_104051;19.06.2026;08:56:00;631;49;9610;101;U4971Z2;Beroun,autobusové nádraží;49.95771;14.07385
20260619_104451_L172;20260619_104451;19.06.2026;10:32:00;172;1;3915;10;U337Z3P;Na Hvězdárně;50.0286;14.39713
20260619_104451_L181;20260619_104451;19.06.2026;10:33:00;181;2;5114;10;U538Z1P;Černý Most;50.09074;14.5343
20260619_104451_L244;20260619_104451;19.06.2026;10:32:00;244;2;4058;13;U524Z2P;Smíchovské nádraží;49.98224;14.35496
20260619_104451_L311;20260619_104451;19.06.2026;10:31:00;311;77;9583;13;U1968Z2;Praha,Zličín;50.04928;14.26716
20260619_104451_L317;20260619_104451;19.06.2026;10:32:00;317;8;7961;10;U337Z3;Dobříš,nám.;50.02976;14.39814
20260619_104451_L318;20260619_104451;19.06.2026;10:31:00;318;51;7901;13;U315Z1;Jíloviště;49.98778;14.39779
20260619_104451_L318;20260619_104451;19.06.2026;10:32:00;318;58;7912;13;U1702Z1;Jíloviště;49.93522;14.3573
20260619_104451_L319;20260619_104451;19.06.2026;10:31:00;319;60;9872;11;U9646Z1;Příbram,Březové Hory;49.70165;14.05861
20260619_104451_L320;20260619_104451;19.06.2026;10:30:00;320;2;7952;14;U1733Z1;Mníšek p.Brdy,Stříbrná Lhota;49.87696;14.27323
20260619_104451_L324;20260619_104451;19.06.2026;10:32:00;324;20;8972;10;U4310Z2;Praha,Zličín;50.13037;14.11389
20260619_104451_L332;20260619_104451;19.06.2026;10:35:00;332;2;9192;10;U5018Z2;Neveklov;49.85081;14.55141
20260619_104451_L342;20260619_104451;19.06.2026;10:34:00;342;2;7702;10;U4777Z15;Slaný,žel.st.;50.22823;14.08863
20260619_104451_L345;20260619_104451;19.06.2026;10:30:00;345;16;1864;10;U6213Z2;Praha,Černý Most;50.44881;14.93023
20260619_104451_L360;20260619_104451;19.06.2026;10:30:00;360;2;7503;14;U2527Z1;Sedlčany,aut.st.;49.80568;14.3682
20260619_104451_L361;20260619_104451;19.06.2026;10:31:00;361;55;1141;12;U1753Z1;Dobříš,nám.;49.89809;14.39916
20260619_104451_L365;20260619_104451;19.06.2026;10:35:00;365;8;8875;10;U2114Z2;Praha,Motol;50.08046;14.26234
20260619_104451_L381;20260619_104451;19.06.2026;10:27:00;381;3;1678;15;U2006Z1;Čáslav,obchodní centrum;49.98981;14.73159
20260619_104451_L383;20260619_104451;19.06.2026;10:32:00;383;31;9174;10;U2064Z1;Chocerady;49.92353;14.73371
20260619_104451_L387;20260619_104451;19.06.2026;10:30:00;387;2;9373;11;U2008Z2;Praha,Háje;49.98927;14.71632
20260619_104451_L390;20260619_104451;19.06.2026;10:28:00;390;48;1138;12;U337Z3;Štěchovice;50.01733;14.39395
20260619_104451_L395;20260619_104451;19.06.2026;10:31:00;395;12;9560;14;U9712Z1;Příbram,Březové Hory;49.68957;14.01231
20260619_104451_L400;20260619_104451;19.06.2026;10:34:00;400;57;1091;10;U6078Z1;Nový Bor,aut.nádr.;50.50048;14.48664
20260619_104451_L436;20260619_104451;19.06.2026;10:33:00;436;20;8601;10;U3142Z2;Nymburk,hl.nádr.;50.20238;15.03656
20260619_104451_L443;20260619_104451;19.06.2026;10:34:00;443;22;8594;11;U2442Z1;Nymburk,hl.nádr.;50.16264;14.78648
20260619_104451_L467;20260619_104451;19.06.2026;10:30:00;467;5;8116;11;U1793Z5;Roudnice n.L.,ČSAD;50.35061;14.4892
20260619_104451_L491;20260619_104451;19.06.2026;10:32:00;491;21;8582;13;U2008Z3;Český Brod,žel.st.;49.98954;14.74129
20260619_104451_L520;20260619_104451;19.06.2026;10:35:00;520;1;9604;10;U1851Z7;Hřiměždice,Vestec;49.78188;14.17073
20260619_104451_L631;20260619_104451;19.06.2026;08:56:00;631;49;9610;105;U4971Z2;Beroun,autobusové nádraží;49.95771;14.07385
20260619_104451_L172;20260619_104451;19.06.2026;10:32:00;172;1;3915;10;U337Z3P;Na Hvězdárně;50.0286;14.39713
20260619_104451_L181;20260619_104451;19.06.2026;10:33:00;181;2;5114;10;U538Z1P;Černý Most;50.09074;14.5343
20260619_104451_L244;20260619_104451;19.06.2026;10:32:00;244;2;4058;13;U524Z2P;Smíchovské nádraží;49.98224;14.35496
20260619_104451_L311;20260619_104451;19.06.2026;10:31:00;311;77;9583;13;U1968Z2;Praha,Zličín;50.04928;14.26716
20260619_104451_L317;20260619_104451;19.06.2026;10:32:00;317;8;7961;10;U337Z3;Dobříš,nám.;50.02976;14.39814
20260619_104451_L318;20260619_104451;19.06.2026;10:31:00;318;51;7901;13;U315Z1;Jíloviště;49.98778;14.39779
20260619_104451_L318;20260619_104451;19.06.2026;10:32:00;318;58;7912;13;U1702Z1;Jíloviště;49.93522;14.3573
20260619_104451_L319;20260619_104451;19.06.2026;10:31:00;319;60;9872;11;U9646Z1;Příbram,Březové Hory;49.70165;14.05861
20260619_104451_L320;20260619_104451;19.06.2026;10:30:00;320;2;7952;14;U1733Z1;Mníšek p.Brdy,Stříbrná Lhota;49.87696;14.27323
20260619_104451_L324;20260619_104451;19.06.2026;10:32:00;324;20;8972;10;U4310Z2;Praha,Zličín;50.13037;14.11389
20260619_104451_L332;20260619_104451;19.06.2026;10:35:00;332;2;9192;10;U5018Z2;Neveklov;49.85081;14.55141
20260619_104451_L342;20260619_104451;19.06.2026;10:34:00;342;2;7702;10;U4777Z15;Slaný,žel.st.;50.22823;14.08863
20260619_104451_L345;20260619_104451;19.06.2026;10:30:00;345;16;1864;10;U6213Z2;Praha,Černý Most;50.44881;14.93023
20260619_104451_L360;20260619_104451;19.06.2026;10:30:00;360;2;7503;14;U2527Z1;Sedlčany,aut.st.;49.80568;14.3682
20260619_104451_L361;20260619_104451;19.06.2026;10:31:00;361;55;1141;12;U1753Z1;Dobříš,nám.;49.89809;14.39916
20260619_104451_L365;20260619_104451;19.06.2026;10:35:00;365;8;8875;10;U2114Z2;Praha,Motol;50.08046;14.26234
20260619_104451_L381;20260619_104451;19.06.2026;10:27:00;381;3;1678;15;U2006Z1;Čáslav,obchodní centrum;49.98981;14.73159
20260619_104451_L383;20260619_104451;19.06.2026;10:32:00;383;31;9174;10;U2064Z1;Chocerady;49.92353;14.73371
20260619_104451_L387;20260619_104451;19.06.2026;10:30:00;387;2;9373;11;U2008Z2;Praha,Háje;49.98927;14.71632
20260619_104451_L390;20260619_104451;19.06.2026;10:28:00;390;48;1138;12;U337Z3;Štěchovice;50.01733;14.39395
20260619_104451_L395;20260619_104451;19.06.2026;10:31:00;395;12;9560;14;U9712Z1;Příbram,Březové Hory;49.68957;14.01231
20260619_104451_L400;20260619_104451;19.06.2026;10:34:00;400;57;1091;10;U6078Z1;Nový Bor,aut.nádr.;50.50048;14.48664
20260619_104451_L436;20260619_104451;19.06.2026;10:33:00;436;20;8601;10;U3142Z2;Nymburk,hl.nádr.;50.20238;15.03656
20260619_104451_L443;20260619_104451;19.06.2026;10:34:00;443;22;8594;11;U2442Z1;Nymburk,hl.nádr.;50.16264;14.78648
20260619_104451_L467;20260619_104451;19.06.2026;10:30:00;467;5;8116;11;U1793Z5;Roudnice n.L.,ČSAD;50.35061;14.4892
20260619_104451_L491;20260619_104451;19.06.2026;10:32:00;491;21;8582;13;U2008Z3;Český Brod,žel.st.;49.98954;14.74129
20260619_104451_L520;20260619_104451;19.06.2026;10:35:00;520;1;9604;10;U1851Z7;Hřiměždice,Vestec;49.78188;14.17073
20260619_104451_L631;20260619_104451;19.06.2026;08:56:00;631;49;9610;105;U4971Z2;Beroun,autobusové nádraží;49.95771;14.07385
20260619_104851_L129;20260619_104851;19.06.2026;10:36:00;129;14;3676;13;U317Z1P;Baně;50.00073;14.39558
20260619_104851_L172;20260619_104851;19.06.2026;10:36:00;172;1;3915;13;U2786Z1P;Na Hvězdárně;50.01826;14.39148
20260619_104851_L244;20260619_104851;19.06.2026;10:36:00;244;2;4058;12;U746Z2P;Smíchovské nádraží;49.98807;14.36779
20260619_104851_L317;20260619_104851;19.06.2026;10:32:00;317;8;7961;12;U337Z3;Dobříš,nám.;50.01297;14.3941
20260619_104851_L318;20260619_104851;19.06.2026;10:34:00;318;51;7901;14;U902Z3;Jíloviště;49.97506;14.39301
20260619_104851_L318;20260619_104851;19.06.2026;10:37:00;318;1;1177;10;U337Z3;Jíloviště;50.03565;14.40295
20260619_104851_L319;20260619_104851;19.06.2026;10:38:00;319;60;9872;10;U9699Z1;Příbram,Březové Hory;49.68975;14.02251
20260619_104851_L320;20260619_104851;19.06.2026;10:34:00;320;2;7952;14;U1709Z1;Mníšek p.Brdy,Stříbrná Lhota;49.86649;14.26194
20260619_104851_L324;20260619_104851;19.06.2026;10:38:00;324;20;8972;10;U4317Z2;Praha,Zličín;50.12823;14.12907
20260619_104851_L332;20260619_104851;19.06.2026;10:35:00;332;2;9192;11;U5018Z2;Neveklov;49.8436;14.52754
20260619_104851_L338;20260619_104851;19.06.2026;10:36:00;338;54;1125;10;U902Z4;Praha,Smíchovské nádraží;49.99528;14.39724
20260619_104851_L342;20260619_104851;19.06.2026;10:36:00;342;2;7702;11;U4786Z1;Slaný,žel.st.;50.23276;14.08103
20260619_104851_L345;20260619_104851;19.06.2026;10:38:00;345;16;1864;10;U3392Z2;Praha,Černý Most;50.43072;14.92264
20260619_104851_L360;20260619_104851;19.06.2026;10:36:00;360;2;7503;12;U2533Z1;Sedlčany,aut.st.;49.7883;14.35307
20260619_104851_L361;20260619_104851;19.06.2026;10:36:00;361;55;1141;13;U2489Z1;Dobříš,nám.;49.88001;14.38891
20260619_104851_L365;20260619_104851;19.06.2026;10:39:00;365;8;8875;10;U2113Z2;Praha,Motol;50.0789;14.28208
20260619_104851_L381;20260619_104851;19.06.2026;10:27:00;381;3;1678;19;U2006Z1;Čáslav,obchodní centrum;49.98957;14.73888
20260619_104851_L395;20260619_104851;19.06.2026;10:37:00;395;35;9907;10;U337Z3;Příbram,Drkolnov;50.03388;14.40159
20260619_104851_L395;20260619_104851;19.06.2026;10:35:00;395;12;9560;13;U9730Z1;Příbram,Březové Hory;49.68575;14.00647
20260619_104851_L436;20260619_104851;19.06.2026;10:35:00;436;20;8601;11;U3087Z2;Nymburk,hl.nádr.;50.19025;15.03666
20260619_104851_L467;20260619_104851;19.06.2026;10:30:00;467;5;8116;12;U1793Z5;Roudnice n.L.,ČSAD;50.35315;14.48269
20260619_104851_L491;20260619_104851;19.06.2026;10:36:00;491;21;8582;12;U2072Z2;Český Brod,žel.st.;50.00044;14.75878
20260619_104851_L520;20260619_104851;19.06.2026;10:37:00;520;1;9604;10;U9621Z1;Hřiměždice,Vestec;49.76212;14.16559
20260619_104851_L631;20260619_104851;19.06.2026;08:56:00;631;49;9610;109;U4971Z2;Beroun,autobusové nádraží;49.95771;14.07385
20260619_104851_L129;20260619_104851;19.06.2026;10:36:00;129;14;3676;13;U317Z1P;Baně;50.00073;14.39558
20260619_104851_L172;20260619_104851;19.06.2026;10:36:00;172;1;3915;13;U2786Z1P;Na Hvězdárně;50.01826;14.39148
20260619_104851_L244;20260619_104851;19.06.2026;10:36:00;244;2;4058;12;U746Z2P;Smíchovské nádraží;49.98807;14.36779
20260619_104851_L317;20260619_104851;19.06.2026;10:32:00;317;8;7961;12;U337Z3;Dobříš,nám.;50.01297;14.3941
20260619_104851_L318;20260619_104851;19.06.2026;10:34:00;318;51;7901;14;U902Z3;Jíloviště;49.97506;14.39301
20260619_104851_L318;20260619_104851;19.06.2026;10:37:00;318;1;1177;10;U337Z3;Jíloviště;50.03565;14.40295
20260619_104851_L319;20260619_104851;19.06.2026;10:38:00;319;60;9872;10;U9699Z1;Příbram,Březové Hory;49.68975;14.02251
20260619_104851_L320;20260619_104851;19.06.2026;10:34:00;320;2;7952;14;U1709Z1;Mníšek p.Brdy,Stříbrná Lhota;49.86649;14.26194
20260619_104851_L324;20260619_104851;19.06.2026;10:38:00;324;20;8972;10;U4317Z2;Praha,Zličín;50.12823;14.12907
20260619_104851_L332;20260619_104851;19.06.2026;10:35:00;332;2;9192;11;U5018Z2;Neveklov;49.8436;14.52754
20260619_104851_L338;20260619_104851;19.06.2026;10:36:00;338;54;1125;10;U902Z4;Praha,Smíchovské nádraží;49.99528;14.39724
20260619_104851_L342;20260619_104851;19.06.2026;10:36:00;342;2;7702;11;U4786Z1;Slaný,žel.st.;50.23276;14.08103
20260619_104851_L345;20260619_104851;19.06.2026;10:38:00;345;16;1864;10;U3392Z2;Praha,Černý Most;50.43072;14.92264
20260619_104851_L360;20260619_104851;19.06.2026;10:36:00;360;2;7503;12;U2533Z1;Sedlčany,aut.st.;49.7883;14.35307
20260619_104851_L361;20260619_104851;19.06.2026;10:36:00;361;55;1141;13;U2489Z1;Dobříš,nám.;49.88001;14.38891
20260619_104851_L365;20260619_104851;19.06.2026;10:39:00;365;8;8875;10;U2113Z2;Praha,Motol;50.0789;14.28208
20260619_104851_L381;20260619_104851;19.06.2026;10:27:00;381;3;1678;19;U2006Z1;Čáslav,obchodní centrum;49.98957;14.73888
20260619_104851_L395;20260619_104851;19.06.2026;10:37:00;395;35;9907;10;U337Z3;Příbram,Drkolnov;50.03388;14.40159
20260619_104851_L395;20260619_104851;19.06.2026;10:35:00;395;12;9560;13;U9730Z1;Příbram,Březové Hory;49.68575;14.00647
20260619_104851_L436;20260619_104851;19.06.2026;10:35:00;436;20;8601;11;U3087Z2;Nymburk,hl.nádr.;50.19025;15.03666
20260619_104851_L467;20260619_104851;19.06.2026;10:30:00;467;5;8116;12;U1793Z5;Roudnice n.L.,ČSAD;50.35315;14.48269
20260619_104851_L491;20260619_104851;19.06.2026;10:36:00;491;21;8582;12;U2072Z2;Český Brod,žel.st.;50.00044;14.75878
20260619_104851_L520;20260619_104851;19.06.2026;10:37:00;520;1;9604;10;U9621Z1;Hřiměždice,Vestec;49.76212;14.16559
20260619_104851_L631;20260619_104851;19.06.2026;08:56:00;631;49;9610;109;U4971Z2;Beroun,autobusové nádraží;49.95771;14.07385
20260619_105252_L136;20260619_105252;19.06.2026;10:42:00;136;22;6790;10;U498Z1P;Sídliště Čakovice;50.10016;14.49169
20260619_105252_L129;20260619_105252;19.06.2026;10:38:00;129;14;3676;12;U315Z1P;Baně;49.97701;14.39398
20260619_105252_L318;20260619_105252;19.06.2026;10:37:00;318;1;1177;13;U337Z3;Jíloviště;50.02962;14.3979
20260619_105252_L320;20260619_105252;19.06.2026;10:38:00;320;2;7952;14;U1716Z1;Mníšek p.Brdy,Stříbrná Lhota;49.87024;14.25086
20260619_105252_L244;20260619_105252;19.06.2026;10:40:00;244;1;4079;11;U337Z3P;Sídliště Radotín;50.0365;14.40356
20260619_105252_L136;20260619_105252;19.06.2026;10:42:00;136;32;6732;11;U518Z3P;Jižní Město;50.07589;14.45906
20260619_105252_L318;20260619_105252;19.06.2026;10:39:00;318;51;7901;13;U917Z1;Jíloviště;49.96393;14.38255
20260619_105252_L401;20260619_105252;19.06.2026;10:42:00;401;61;7775;11;U31278Z1;Praha,Roztyly;49.41371;14.66318
20260619_105252_L317;20260619_105252;19.06.2026;10:40:00;317;8;7961;10;U315Z1;Dobříš,nám.;49.97176;14.37692
20260619_105252_L244;20260619_105252;19.06.2026;10:39:00;244;2;4058;14;U891Z2P;Smíchovské nádraží;50.00349;14.38461
20260619_105252_L332;20260619_105252;19.06.2026;10:39:00;332;2;9192;13;U4506Z2;Neveklov;49.8396;14.52825
20260619_105252_L361;20260619_105252;19.06.2026;10:40:00;361;55;1141;10;U2490Z1;Dobříš,nám.;49.85176;14.40622
20260619_105252_L443;20260619_105252;19.06.2026;10:40:00;443;22;8594;11;U2429Z2;Nymburk,hl.nádr.;50.16522;14.84859
20260619_105252_L631;20260619_105252;19.06.2026;08:56:00;631;49;9610;113;U4971Z2;Beroun,autobusové nádraží;49.95771;14.07385
20260619_105252_L628;20260619_105252;19.06.2026;10:42:00;628;24;8798;10;U9332Z1;Řevničov,Žel.st.;50.16371;13.8402
20260619_105252_L395;20260619_105252;19.06.2026;10:37:00;395;35;9907;13;U337Z3;Příbram,Drkolnov;50.02853;14.39693
20260619_105252_L172;20260619_105252;19.06.2026;10:41:00;172;1;3915;12;U479Z1P;Na Hvězdárně;50.01221;14.38087
20260619_105252_L520;20260619_105252;19.06.2026;10:37:00;520;1;9604;11;U9621Z1;Hřiměždice,Vestec;49.74673;14.16447
20260619_105252_L641;20260619_105252;19.06.2026;10:43:00;641;17;9449;10;U9860Z2;Hořovice,nemocnice;49.8524;13.92143
20260619_105252_L491;20260619_105252;19.06.2026;10:40:00;491;21;8582;12;U9609Z2;Český Brod,žel.st.;50.01551;14.78318
20260619_105252_L319;20260619_105252;19.06.2026;10:41:00;319;60;9872;10;U9712Z1;Příbram,Březové Hory;49.692;14.00467
20260619_105252_L382;20260619_105252;19.06.2026;10:42:00;382;20;9937;10;U336Z1;Sázava,aut.st.;50.02965;14.60168
20260619_105252_L387;20260619_105252;19.06.2026;10:39:00;387;2;9373;14;U1878Z2;Praha,Háje;49.99951;14.66707
20260619_105252_L390;20260619_105252;19.06.2026;10:39:00;390;48;1138;13;U392Z2;Štěchovice;49.97195;14.39493
20260619_105252_L395;20260619_105252;19.06.2026;10:39:00;395;12;9560;13;U9751Z1;Příbram,Březové Hory;49.6744;13.99914
20260619_105252_L324;20260619_105252;19.06.2026;10:41:00;324;20;8972;11;U4315Z2;Praha,Zličín;50.13703;14.13714
20260619_105252_L345;20260619_105252;19.06.2026;10:38:00;345;16;1864;11;U3392Z2;Praha,Černý Most;50.41875;14.91724
20260619_105252_L360;20260619_105252;19.06.2026;10:39:00;360;2;7503;13;U2555Z1;Sedlčany,aut.st.;49.76612;14.35083
20260619_105252_L365;20260619_105252;19.06.2026;10:43:00;365;8;8875;10;U104Z4;Praha,Motol;50.07685;14.30237
20260619_105252_L136;20260619_105252;19.06.2026;10:42:00;136;22;6790;10;U498Z1P;Sídliště Čakovice;50.10016;14.49169
20260619_105252_L129;20260619_105252;19.06.2026;10:38:00;129;14;3676;12;U315Z1P;Baně;49.97701;14.39398
20260619_105252_L318;20260619_105252;19.06.2026;10:37:00;318;1;1177;13;U337Z3;Jíloviště;50.02962;14.3979
20260619_105252_L320;20260619_105252;19.06.2026;10:38:00;320;2;7952;14;U1716Z1;Mníšek p.Brdy,Stříbrná Lhota;49.87024;14.25086
20260619_105252_L244;20260619_105252;19.06.2026;10:40:00;244;1;4079;11;U337Z3P;Sídliště Radotín;50.0365;14.40356
20260619_105252_L136;20260619_105252;19.06.2026;10:42:00;136;32;6732;11;U518Z3P;Jižní Město;50.07589;14.45906
20260619_105252_L318;20260619_105252;19.06.2026;10:39:00;318;51;7901;13;U917Z1;Jíloviště;49.96393;14.38255
20260619_105252_L401;20260619_105252;19.06.2026;10:42:00;401;61;7775;11;U31278Z1;Praha,Roztyly;49.41371;14.66318
20260619_105252_L317;20260619_105252;19.06.2026;10:40:00;317;8;7961;10;U315Z1;Dobříš,nám.;49.97176;14.37692
20260619_105252_L244;20260619_105252;19.06.2026;10:39:00;244;2;4058;14;U891Z2P;Smíchovské nádraží;50.00349;14.38461
20260619_105252_L332;20260619_105252;19.06.2026;10:39:00;332;2;9192;13;U4506Z2;Neveklov;49.8396;14.52825
20260619_105252_L361;20260619_105252;19.06.2026;10:40:00;361;55;1141;10;U2490Z1;Dobříš,nám.;49.85176;14.40622
20260619_105252_L443;20260619_105252;19.06.2026;10:40:00;443;22;8594;11;U2429Z2;Nymburk,hl.nádr.;50.16522;14.84859
20260619_105252_L631;20260619_105252;19.06.2026;08:56:00;631;49;9610;113;U4971Z2;Beroun,autobusové nádraží;49.95771;14.07385
20260619_105252_L628;20260619_105252;19.06.2026;10:42:00;628;24;8798;10;U9332Z1;Řevničov,Žel.st.;50.16371;13.8402
20260619_105252_L395;20260619_105252;19.06.2026;10:37:00;395;35;9907;13;U337Z3;Příbram,Drkolnov;50.02853;14.39693
20260619_105252_L172;20260619_105252;19.06.2026;10:41:00;172;1;3915;12;U479Z1P;Na Hvězdárně;50.01221;14.38087
20260619_105252_L520;20260619_105252;19.06.2026;10:37:00;520;1;9604;11;U9621Z1;Hřiměždice,Vestec;49.74673;14.16447
20260619_105252_L641;20260619_105252;19.06.2026;10:43:00;641;17;9449;10;U9860Z2;Hořovice,nemocnice;49.8524;13.92143
20260619_105252_L491;20260619_105252;19.06.2026;10:40:00;491;21;8582;12;U9609Z2;Český Brod,žel.st.;50.01551;14.78318
20260619_105252_L319;20260619_105252;19.06.2026;10:41:00;319;60;9872;10;U9712Z1;Příbram,Březové Hory;49.692;14.00467
20260619_105252_L382;20260619_105252;19.06.2026;10:42:00;382;20;9937;10;U336Z1;Sázava,aut.st.;50.02965;14.60168
20260619_105252_L387;20260619_105252;19.06.2026;10:39:00;387;2;9373;14;U1878Z2;Praha,Háje;49.99951;14.66707
20260619_105252_L390;20260619_105252;19.06.2026;10:39:00;390;48;1138;13;U392Z2;Štěchovice;49.97195;14.39493
20260619_105252_L395;20260619_105252;19.06.2026;10:39:00;395;12;9560;13;U9751Z1;Příbram,Březové Hory;49.6744;13.99914
20260619_105252_L324;20260619_105252;19.06.2026;10:41:00;324;20;8972;11;U4315Z2;Praha,Zličín;50.13703;14.13714
20260619_105252_L345;20260619_105252;19.06.2026;10:38:00;345;16;1864;11;U3392Z2;Praha,Černý Most;50.41875;14.91724
20260619_105252_L360;20260619_105252;19.06.2026;10:39:00;360;2;7503;13;U2555Z1;Sedlčany,aut.st.;49.76612;14.35083
20260619_105252_L365;20260619_105252;19.06.2026;10:43:00;365;8;8875;10;U104Z4;Praha,Motol;50.07685;14.30237
20260619_105652_L443;20260619_105652;19.06.2026;10:46:00;443;22;8594;11;U2282Z1;Nymburk,hl.nádr.;50.16269;14.87932
20260619_105652_L395;20260619_105652;19.06.2026;10:37:00;395;35;9907;15;U337Z3;Příbram,Drkolnov;50.0005;14.39561
20260619_105652_L401;20260619_105652;19.06.2026;10:43:00;401;61;7775;12;U31276Z2;Praha,Roztyly;49.43567;14.65869
20260619_105652_L319;20260619_105652;19.06.2026;10:45:00;319;60;9872;11;U9730Z1;Příbram,Březové Hory;49.68279;14.00615
20260619_105652_L395;20260619_105652;19.06.2026;10:44:00;395;12;9560;12;U9747Z1;Příbram,Březové Hory;49.67508;13.9838
20260619_105652_L641;20260619_105652;19.06.2026;10:46:00;641;16;9447;10;U1746Z1;Beroun,autobusové nádraží;49.95869;14.06162
20260619_105652_L641;20260619_105652;19.06.2026;10:46:00;641;17;9449;10;U9779Z3;Hořovice,nemocnice;49.83826;13.89902
20260619_105652_L491;20260619_105652;19.06.2026;10:43:00;491;21;8582;13;U1423Z2;Český Brod,žel.st.;50.02637;14.80402
20260619_105652_L770;20260619_105652;19.06.2026;10:46:00;770;42;7918;10;U7666Z51;Uhlířské Janovice,nám.;49.82063;14.79984
20260619_105652_L172;20260619_105652;19.06.2026;10:45:00;172;1;3915;11;U3202Z1P;Na Hvězdárně;50.00763;14.38163
20260619_105652_L360;20260619_105652;19.06.2026;10:45:00;360;2;7503;11;U2557Z1;Sedlčany,aut.st.;49.74405;14.33422
20260619_105652_L365;20260619_105652;19.06.2026;10:46:00;365;8;8875;10;U31Z8;Praha,Motol;50.07542;14.32339
20260619_105652_L369;20260619_105652;19.06.2026;10:46:00;369;32;8275;11;U1789Z2;Praha,Ládví;50.32042;14.50681
20260619_105652_L317;20260619_105652;19.06.2026;10:47:00;317;8;7961;10;U1702Z1;Dobříš,nám.;49.93487;14.35672
20260619_105652_L390;20260619_105652;19.06.2026;10:43:00;390;48;1138;13;U232Z1;Štěchovice;49.94905;14.39239
20260619_105652_L318;20260619_105652;19.06.2026;10:43:00;318;51;7901;13;U1701Z1;Jíloviště;49.94822;14.37556
20260619_105652_L244;20260619_105652;19.06.2026;10:43:00;244;2;4058;13;U2786Z2P;Smíchovské nádraží;50.01808;14.39048
20260619_105652_L406;20260619_105652;19.06.2026;10:45:00;406;13;7943;11;U2139Z2;Vlašim,žel.st.;49.78902;14.68338
20260619_105652_L129;20260619_105652;19.06.2026;10:45:00;129;14;3676;12;U917Z1P;Baně;49.96523;14.38375
20260619_105652_L244;20260619_105652;19.06.2026;10:40:00;244;1;4079;15;U337Z3P;Sídliště Radotín;50.03344;14.40121
20260619_105652_L136;20260619_105652;19.06.2026;10:47:00;136;32;6732;10;U29Z1P;Jižní Město;50.07327;14.47024
20260619_105652_L136;20260619_105652;19.06.2026;10:45:00;136;22;6790;10;U134Z5P;Sídliště Čakovice;50.1069;14.50243
20260619_105652_L210;20260619_105652;19.06.2026;10:44:00;210;1;1700;12;U4105Z2P;Blatov sever;50.08275;14.64818
20260619_105652_L539;20260619_105652;19.06.2026;10:45:00;539;13;7596;10;U2578Z1;Poděbrady,žel.st.;50.1482;15.12518
20260619_105652_L520;20260619_105652;19.06.2026;10:45:00;520;1;9604;12;U7440Z1;Hřiměždice,Vestec;49.72603;14.16864
20260619_105652_L332;20260619_105652;19.06.2026;10:43:00;332;2;9192;13;U4519Z2;Neveklov;49.81922;14.52489
20260619_105652_L631;20260619_105652;19.06.2026;08:56:00;631;49;9610;117;U4971Z2;Beroun,autobusové nádraží;49.95771;14.07385
20260619_105652_L387;20260619_105652;19.06.2026;10:42:00;387;2;9373;12;U1885Z2;Praha,Háje;50.01637;14.63737
20260619_105652_L241;20260619_105652;19.06.2026;10:44:00;241;16;4192;10;U337Z3P;Lipence;50.03595;14.40327
20260619_105652_L443;20260619_105652;19.06.2026;10:46:00;443;22;8594;11;U2282Z1;Nymburk,hl.nádr.;50.16269;14.87932
20260619_105652_L395;20260619_105652;19.06.2026;10:37:00;395;35;9907;15;U337Z3;Příbram,Drkolnov;50.0005;14.39561
20260619_105652_L401;20260619_105652;19.06.2026;10:43:00;401;61;7775;12;U31276Z2;Praha,Roztyly;49.43567;14.65869
20260619_105652_L319;20260619_105652;19.06.2026;10:45:00;319;60;9872;11;U9730Z1;Příbram,Březové Hory;49.68279;14.00615
20260619_105652_L395;20260619_105652;19.06.2026;10:44:00;395;12;9560;12;U9747Z1;Příbram,Březové Hory;49.67508;13.9838
20260619_105652_L641;20260619_105652;19.06.2026;10:46:00;641;16;9447;10;U1746Z1;Beroun,autobusové nádraží;49.95869;14.06162
20260619_105652_L641;20260619_105652;19.06.2026;10:46:00;641;17;9449;10;U9779Z3;Hořovice,nemocnice;49.83826;13.89902
20260619_105652_L491;20260619_105652;19.06.2026;10:43:00;491;21;8582;13;U1423Z2;Český Brod,žel.st.;50.02637;14.80402
20260619_105652_L770;20260619_105652;19.06.2026;10:46:00;770;42;7918;10;U7666Z51;Uhlířské Janovice,nám.;49.82063;14.79984
20260619_105652_L172;20260619_105652;19.06.2026;10:45:00;172;1;3915;11;U3202Z1P;Na Hvězdárně;50.00763;14.38163
20260619_105652_L360;20260619_105652;19.06.2026;10:45:00;360;2;7503;11;U2557Z1;Sedlčany,aut.st.;49.74405;14.33422
20260619_105652_L365;20260619_105652;19.06.2026;10:46:00;365;8;8875;10;U31Z8;Praha,Motol;50.07542;14.32339
20260619_105652_L369;20260619_105652;19.06.2026;10:46:00;369;32;8275;11;U1789Z2;Praha,Ládví;50.32042;14.50681
20260619_105652_L317;20260619_105652;19.06.2026;10:47:00;317;8;7961;10;U1702Z1;Dobříš,nám.;49.93487;14.35672
20260619_105652_L390;20260619_105652;19.06.2026;10:43:00;390;48;1138;13;U232Z1;Štěchovice;49.94905;14.39239
20260619_105652_L318;20260619_105652;19.06.2026;10:43:00;318;51;7901;13;U1701Z1;Jíloviště;49.94822;14.37556
20260619_105652_L244;20260619_105652;19.06.2026;10:43:00;244;2;4058;13;U2786Z2P;Smíchovské nádraží;50.01808;14.39048
20260619_105652_L406;20260619_105652;19.06.2026;10:45:00;406;13;7943;11;U2139Z2;Vlašim,žel.st.;49.78902;14.68338
20260619_105652_L129;20260619_105652;19.06.2026;10:45:00;129;14;3676;12;U917Z1P;Baně;49.96523;14.38375
20260619_105652_L244;20260619_105652;19.06.2026;10:40:00;244;1;4079;15;U337Z3P;Sídliště Radotín;50.03344;14.40121
20260619_105652_L136;20260619_105652;19.06.2026;10:47:00;136;32;6732;10;U29Z1P;Jižní Město;50.07327;14.47024
20260619_105652_L136;20260619_105652;19.06.2026;10:45:00;136;22;6790;10;U134Z5P;Sídliště Čakovice;50.1069;14.50243
20260619_105652_L210;20260619_105652;19.06.2026;10:44:00;210;1;1700;12;U4105Z2P;Blatov sever;50.08275;14.64818
20260619_105652_L539;20260619_105652;19.06.2026;10:45:00;539;13;7596;10;U2578Z1;Poděbrady,žel.st.;50.1482;15.12518
20260619_105652_L520;20260619_105652;19.06.2026;10:45:00;520;1;9604;12;U7440Z1;Hřiměždice,Vestec;49.72603;14.16864
20260619_105652_L332;20260619_105652;19.06.2026;10:43:00;332;2;9192;13;U4519Z2;Neveklov;49.81922;14.52489
20260619_105652_L631;20260619_105652;19.06.2026;08:56:00;631;49;9610;117;U4971Z2;Beroun,autobusové nádraží;49.95771;14.07385
20260619_105652_L387;20260619_105652;19.06.2026;10:42:00;387;2;9373;12;U1885Z2;Praha,Háje;50.01637;14.63737
20260619_105652_L241;20260619_105652;19.06.2026;10:44:00;241;16;4192;10;U337Z3P;Lipence;50.03595;14.40327
20260619_110053_L136;20260619_110053;19.06.2026;10:48:00;136;22;6790;10;U474Z5P;Sídliště Čakovice;50.11332;14.4992
20260619_110053_L136;20260619_110053;19.06.2026;10:51:00;136;32;6732;10;U37Z1P;Jižní Město;50.06042;14.46956
20260619_110053_L210;20260619_110053;19.06.2026;10:44:00;210;1;1700;16;U4105Z2P;Blatov sever;50.08275;14.64818
20260619_110053_L241;20260619_110053;19.06.2026;10:44:00;241;16;4192;14;U337Z3P;Lipence;50.03187;14.39999
20260619_110053_L244;20260619_110053;19.06.2026;10:40:00;244;1;4079;18;U337Z3P;Sídliště Radotín;50.02871;14.39717
20260619_110053_L244;20260619_110053;19.06.2026;10:49:00;244;2;4058;11;U337Z4P;Smíchovské nádraží;50.05049;14.41025
20260619_110053_L311;20260619_110053;19.06.2026;10:48:00;311;75;9579;12;U1658Z2;Praha,Zličín;49.99318;14.20649
20260619_110053_L315;20260619_110053;19.06.2026;10:48:00;315;4;1861;11;U3063Z2;Praha,Černý Most;50.40417;14.92921
20260619_110053_L318;20260619_110053;19.06.2026;10:47:00;318;51;7901;12;U1702Z1;Jíloviště;49.92892;14.34154
20260619_110053_L319;20260619_110053;19.06.2026;10:51:00;319;60;9872;10;U9753Z3;Příbram,Březové Hory;49.67057;13.9925
20260619_110053_L324;20260619_110053;19.06.2026;10:47:00;324;20;8972;12;U4303Z51;Praha,Zličín;50.15213;14.18339
20260619_110053_L333;20260619_110053;19.06.2026;10:50:00;333;11;7454;10;U1522Z1;Březová-Oleško,Oleško;49.98469;14.49465
20260619_110053_L345;20260619_110053;19.06.2026;10:50:00;345;16;1864;10;U3389Z2;Praha,Černý Most;50.41197;14.91169
20260619_110053_L360;20260619_110053;19.06.2026;10:48:00;360;2;7503;11;U4746Z1;Sedlčany,aut.st.;49.72877;14.32197
20260619_110053_L361;20260619_110053;19.06.2026;10:49:00;361;55;1141;10;U2516Z1;Dobříš,nám.;49.81362;14.39693
20260619_110053_L365;20260619_110053;19.06.2026;10:47:00;365;8;8875;13;U364Z4;Praha,Motol;50.07764;14.3392
20260619_110053_L369;20260619_110053;19.06.2026;10:50:00;369;32;8275;10;U1786Z2;Praha,Ládví;50.30039;14.50948
20260619_110053_L382;20260619_110053;19.06.2026;10:50:00;382;20;9937;10;U1885Z1;Sázava,aut.st.;50.00431;14.65787
20260619_110053_L443;20260619_110053;19.06.2026;10:49:00;443;22;8594;11;U1437Z1;Nymburk,hl.nádr.;50.16176;14.92457
20260619_110053_L467;20260619_110053;19.06.2026;10:46:00;467;5;8116;15;U4441Z1;Roudnice n.L.,ČSAD;50.37147;14.39987
20260619_110053_L491;20260619_110053;19.06.2026;10:47:00;491;21;8582;13;U1422Z2;Český Brod,žel.st.;50.04729;14.81186
20260619_110053_L520;20260619_110053;19.06.2026;10:50:00;520;1;9604;11;U7440Z3;Hřiměždice,Vestec;49.72571;14.16839
20260619_110053_L521;20260619_110053;19.06.2026;10:50:00;521;2;9766;11;U9734Z3;Příbram,aut.nádr.;49.67953;13.99994
20260619_110053_L539;20260619_110053;19.06.2026;10:45:00;539;13;7596;14;U2578Z1;Poděbrady,žel.st.;50.1482;15.12517
20260619_110053_L631;20260619_110053;19.06.2026;08:56:00;631;49;9610;119;U4971Z2;Beroun,autobusové nádraží;49.95771;14.07385
20260619_110053_L641;20260619_110053;19.06.2026;10:50:00;641;17;9449;10;U9618Z6;Hořovice,nemocnice;49.83344;13.90216
20260619_110053_L136;20260619_110053;19.06.2026;10:48:00;136;22;6790;10;U474Z5P;Sídliště Čakovice;50.11332;14.4992
20260619_110053_L136;20260619_110053;19.06.2026;10:51:00;136;32;6732;10;U37Z1P;Jižní Město;50.06042;14.46956
20260619_110053_L210;20260619_110053;19.06.2026;10:44:00;210;1;1700;16;U4105Z2P;Blatov sever;50.08275;14.64818
20260619_110053_L241;20260619_110053;19.06.2026;10:44:00;241;16;4192;14;U337Z3P;Lipence;50.03187;14.39999
20260619_110053_L244;20260619_110053;19.06.2026;10:40:00;244;1;4079;18;U337Z3P;Sídliště Radotín;50.02871;14.39717
20260619_110053_L244;20260619_110053;19.06.2026;10:49:00;244;2;4058;11;U337Z4P;Smíchovské nádraží;50.05049;14.41025
20260619_110053_L311;20260619_110053;19.06.2026;10:48:00;311;75;9579;12;U1658Z2;Praha,Zličín;49.99318;14.20649
20260619_110053_L315;20260619_110053;19.06.2026;10:48:00;315;4;1861;11;U3063Z2;Praha,Černý Most;50.40417;14.92921
20260619_110053_L318;20260619_110053;19.06.2026;10:47:00;318;51;7901;12;U1702Z1;Jíloviště;49.92892;14.34154
20260619_110053_L319;20260619_110053;19.06.2026;10:51:00;319;60;9872;10;U9753Z3;Příbram,Březové Hory;49.67057;13.9925
20260619_110053_L324;20260619_110053;19.06.2026;10:47:00;324;20;8972;12;U4303Z51;Praha,Zličín;50.15213;14.18339
20260619_110053_L333;20260619_110053;19.06.2026;10:50:00;333;11;7454;10;U1522Z1;Březová-Oleško,Oleško;49.98469;14.49465
20260619_110053_L345;20260619_110053;19.06.2026;10:50:00;345;16;1864;10;U3389Z2;Praha,Černý Most;50.41197;14.91169
20260619_110053_L360;20260619_110053;19.06.2026;10:48:00;360;2;7503;11;U4746Z1;Sedlčany,aut.st.;49.72877;14.32197
20260619_110053_L361;20260619_110053;19.06.2026;10:49:00;361;55;1141;10;U2516Z1;Dobříš,nám.;49.81362;14.39693
20260619_110053_L365;20260619_110053;19.06.2026;10:47:00;365;8;8875;13;U364Z4;Praha,Motol;50.07764;14.3392
20260619_110053_L369;20260619_110053;19.06.2026;10:50:00;369;32;8275;10;U1786Z2;Praha,Ládví;50.30039;14.50948
20260619_110053_L382;20260619_110053;19.06.2026;10:50:00;382;20;9937;10;U1885Z1;Sázava,aut.st.;50.00431;14.65787
20260619_110053_L443;20260619_110053;19.06.2026;10:49:00;443;22;8594;11;U1437Z1;Nymburk,hl.nádr.;50.16176;14.92457
20260619_110053_L467;20260619_110053;19.06.2026;10:46:00;467;5;8116;15;U4441Z1;Roudnice n.L.,ČSAD;50.37147;14.39987
20260619_110053_L491;20260619_110053;19.06.2026;10:47:00;491;21;8582;13;U1422Z2;Český Brod,žel.st.;50.04729;14.81186
20260619_110053_L520;20260619_110053;19.06.2026;10:50:00;520;1;9604;11;U7440Z3;Hřiměždice,Vestec;49.72571;14.16839
20260619_110053_L521;20260619_110053;19.06.2026;10:50:00;521;2;9766;11;U9734Z3;Příbram,aut.nádr.;49.67953;13.99994
20260619_110053_L539;20260619_110053;19.06.2026;10:45:00;539;13;7596;14;U2578Z1;Poděbrady,žel.st.;50.1482;15.12517
20260619_110053_L631;20260619_110053;19.06.2026;08:56:00;631;49;9610;119;U4971Z2;Beroun,autobusové nádraží;49.95771;14.07385
20260619_110053_L641;20260619_110053;19.06.2026;10:50:00;641;17;9449;10;U9618Z6;Hořovice,nemocnice;49.83344;13.90216
20260619_110453_L639;20260619_110453;19.06.2026;10:50:00;639;26;9601;14;U9781Z2;Hořovice,nám.B.Němcové;49.83865;13.91272
20260619_110453_L491;20260619_110453;19.06.2026;10:51:00;491;21;8582;13;U4134Z2;Český Brod,žel.st.;50.0627;14.83642
20260619_110453_L443;20260619_110453;19.06.2026;10:52:00;443;22;8594;12;U1439Z1;Nymburk,hl.nádr.;50.15544;14.95035
20260619_110453_L521;20260619_110453;19.06.2026;10:53:00;521;2;9766;11;U9730Z2;Příbram,aut.nádr.;49.68872;14.00554
20260619_110453_L369;20260619_110453;19.06.2026;10:54:00;369;32;8275;11;U1972Z2;Praha,Ládví;50.2744;14.49578
20260619_110453_L333;20260619_110453;19.06.2026;10:50:00;333;11;7454;11;U1522Z1;Březová-Oleško,Oleško;49.97181;14.48314
20260619_110453_L361;20260619_110453;19.06.2026;10:54:00;361;55;1141;11;U2524Z1;Dobříš,nám.;49.80317;14.38393
20260619_110453_L382;20260619_110453;19.06.2026;10:55:00;382;20;9937;10;U1882Z1;Sázava,aut.st.;49.99635;14.67699
20260619_110453_L390;20260619_110453;19.06.2026;10:51:00;390;48;1138;12;U1753Z1;Štěchovice;49.89822;14.39906
20260619_110453_L304;20260619_110453;19.06.2026;10:53:00;304;65;8408;11;U872Z7;Rakovník,aut.st.;50.07975;14.34565
20260619_110453_L315;20260619_110453;19.06.2026;10:54:00;315;4;1861;10;U3258Z1;Praha,Černý Most;50.36864;14.87988
20260619_110453_L318;20260619_110453;19.06.2026;10:52:00;318;56;7908;10;U337Z3;Jíloviště;50.02788;14.39648
20260619_110453_L401;20260619_110453;19.06.2026;10:50:00;401;61;7775;10;U31273Z2;Praha,Roztyly;49.50681;14.65801
20260619_110453_L210;20260619_110453;19.06.2026;10:44:00;210;1;1700;20;U4105Z2P;Blatov sever;50.08275;14.64818
20260619_110453_L387;20260619_110453;19.06.2026;10:50:00;387;2;9373;14;U336Z2;Praha,Háje;50.03321;14.59656
20260619_110453_L136;20260619_110453;19.06.2026;10:55:00;136;22;6790;10;U606Z1P;Sídliště Čakovice;50.12263;14.50715
20260619_110453_L324;20260619_110453;19.06.2026;10:52:00;324;20;8972;13;U4302Z51;Praha,Zličín;50.14607;14.20169
20260619_110453_L311;20260619_110453;19.06.2026;10:51:00;311;75;9579;14;U1656Z2;Praha,Zličín;50.00422;14.21438
20260619_110453_L332;20260619_110453;19.06.2026;10:51:00;332;2;9192;13;U4467Z2;Neveklov;49.79204;14.48915
20260619_110453_L345;20260619_110453;19.06.2026;10:50:00;345;16;1864;12;U3389Z2;Praha,Černý Most;50.41093;14.92065
20260619_110453_L539;20260619_110453;19.06.2026;10:45:00;539;13;7596;18;U2578Z1;Poděbrady,žel.st.;50.1482;15.12516
20260619_110453_L444;20260619_110453;19.06.2026;10:55:00;444;5;9181;10;U1564Z1;Davle,obec;49.90363;14.58633
20260619_110453_L639;20260619_110453;19.06.2026;10:50:00;639;26;9601;14;U9781Z2;Hořovice,nám.B.Němcové;49.83865;13.91272
20260619_110453_L491;20260619_110453;19.06.2026;10:51:00;491;21;8582;13;U4134Z2;Český Brod,žel.st.;50.0627;14.83642
20260619_110453_L443;20260619_110453;19.06.2026;10:52:00;443;22;8594;12;U1439Z1;Nymburk,hl.nádr.;50.15544;14.95035
20260619_110453_L521;20260619_110453;19.06.2026;10:53:00;521;2;9766;11;U9730Z2;Příbram,aut.nádr.;49.68872;14.00554
20260619_110453_L369;20260619_110453;19.06.2026;10:54:00;369;32;8275;11;U1972Z2;Praha,Ládví;50.2744;14.49578
20260619_110453_L333;20260619_110453;19.06.2026;10:50:00;333;11;7454;11;U1522Z1;Březová-Oleško,Oleško;49.97181;14.48314
20260619_110453_L361;20260619_110453;19.06.2026;10:54:00;361;55;1141;11;U2524Z1;Dobříš,nám.;49.80317;14.38393
20260619_110453_L382;20260619_110453;19.06.2026;10:55:00;382;20;9937;10;U1882Z1;Sázava,aut.st.;49.99635;14.67699
20260619_110453_L390;20260619_110453;19.06.2026;10:51:00;390;48;1138;12;U1753Z1;Štěchovice;49.89822;14.39906
20260619_110453_L304;20260619_110453;19.06.2026;10:53:00;304;65;8408;11;U872Z7;Rakovník,aut.st.;50.07975;14.34565
20260619_110453_L315;20260619_110453;19.06.2026;10:54:00;315;4;1861;10;U3258Z1;Praha,Černý Most;50.36864;14.87988
20260619_110453_L318;20260619_110453;19.06.2026;10:52:00;318;56;7908;10;U337Z3;Jíloviště;50.02788;14.39648
20260619_110453_L401;20260619_110453;19.06.2026;10:50:00;401;61;7775;10;U31273Z2;Praha,Roztyly;49.50681;14.65801
20260619_110453_L210;20260619_110453;19.06.2026;10:44:00;210;1;1700;20;U4105Z2P;Blatov sever;50.08275;14.64818
20260619_110453_L387;20260619_110453;19.06.2026;10:50:00;387;2;9373;14;U336Z2;Praha,Háje;50.03321;14.59656
20260619_110453_L136;20260619_110453;19.06.2026;10:55:00;136;22;6790;10;U606Z1P;Sídliště Čakovice;50.12263;14.50715
20260619_110453_L324;20260619_110453;19.06.2026;10:52:00;324;20;8972;13;U4302Z51;Praha,Zličín;50.14607;14.20169
20260619_110453_L311;20260619_110453;19.06.2026;10:51:00;311;75;9579;14;U1656Z2;Praha,Zličín;50.00422;14.21438
20260619_110453_L332;20260619_110453;19.06.2026;10:51:00;332;2;9192;13;U4467Z2;Neveklov;49.79204;14.48915
20260619_110453_L345;20260619_110453;19.06.2026;10:50:00;345;16;1864;12;U3389Z2;Praha,Černý Most;50.41093;14.92065
20260619_110453_L539;20260619_110453;19.06.2026;10:45:00;539;13;7596;18;U2578Z1;Poděbrady,žel.st.;50.1482;15.12516
20260619_110453_L444;20260619_110453;19.06.2026;10:55:00;444;5;9181;10;U1564Z1;Davle,obec;49.90363;14.58633
20260619_110854_L136;20260619_110854;19.06.2026;10:58:00;136;32;6732;10;U417Z1P;Jižní Město;50.04293;14.48776
20260619_110854_L304;20260619_110854;19.06.2026;10:53:00;304;65;8408;15;U872Z7;Rakovník,aut.st.;50.0794;14.34528
20260619_110854_L136;20260619_110854;19.06.2026;10:59:00;136;22;6790;10;U405Z1P;Sídliště Čakovice;50.12869;14.51159
20260619_110854_L387;20260619_110854;19.06.2026;10:50:00;387;2;9373;15;U336Z2;Praha,Háje;50.03657;14.57089
20260619_110854_L210;20260619_110854;19.06.2026;10:44:00;210;1;1700;24;U4105Z2P;Blatov sever;50.08275;14.64818
20260619_110854_L369;20260619_110854;19.06.2026;10:56:00;369;32;8275;12;U2334Z1;Praha,Ládví;50.2447;14.49452
20260619_110854_L345;20260619_110854;19.06.2026;10:50:00;345;16;1864;15;U3389Z2;Praha,Černý Most;50.41071;14.92251
20260619_110854_L311;20260619_110854;19.06.2026;10:57:00;311;75;9579;11;U1652Z2;Praha,Zličín;50.0165;14.23188
20260619_110854_L390;20260619_110854;19.06.2026;10:55:00;390;48;1138;13;U1764Z1;Štěchovice;49.88445;14.38786
20260619_110854_L400;20260619_110854;19.06.2026;10:57:00;400;57;1091;12;U31351Z1;Nový Bor,aut.nádr.;50.60936;14.57984
20260619_110854_L400;20260619_110854;19.06.2026;10:57:00;400;54;1086;10;U31352Z2;Praha,Střížkov;50.61791;14.54815
20260619_110854_L401;20260619_110854;19.06.2026;10:55:00;401;61;7775;12;U31269Z2;Praha,Roztyly;49.5282;14.65764
20260619_110854_L406;20260619_110854;19.06.2026;10:57:00;406;13;7943;12;U5898Z1;Vlašim,žel.st.;49.78752;14.69634
20260619_110854_L318;20260619_110854;19.06.2026;10:57:00;318;56;7908;10;U102Z1;Jíloviště;50.00516;14.39487
20260619_110854_L318;20260619_110854;19.06.2026;10:54:00;318;1;1177;14;U917Z1;Jíloviště;49.96182;14.38152
20260619_110854_L361;20260619_110854;19.06.2026;10:55:00;361;55;1141;10;U9882Z1;Dobříš,nám.;49.78355;14.38637
20260619_110854_L324;20260619_110854;19.06.2026;10:54:00;324;20;8972;11;U4301Z2;Praha,Zličín;50.13364;14.25238
20260619_110854_L332;20260619_110854;19.06.2026;10:58:00;332;2;9192;10;U4464Z2;Neveklov;49.77466;14.52756
20260619_110854_L478;20260619_110854;19.06.2026;10:59:00;478;16;8072;10;U3257Z2;Brandýs n.L.-St.Bol.,Žel.st.;50.19683;14.67747
20260619_110854_L444;20260619_110854;19.06.2026;10:59:00;444;5;9181;10;U1566Z1;Davle,obec;49.89558;14.56625
20260619_110854_L443;20260619_110854;19.06.2026;10:58:00;443;22;8594;10;U1435Z1;Nymburk,hl.nádr.;50.13643;14.98536
20260619_110854_L491;20260619_110854;19.06.2026;10:54:00;491;21;8582;15;U1416Z3;Český Brod,žel.st.;50.07197;14.85645
20260619_110854_L770;20260619_110854;19.06.2026;10:59:00;770;42;7918;10;U7795Z51;Uhlířské Janovice,nám.;49.83422;14.82516
20260619_110854_L539;20260619_110854;19.06.2026;10:45:00;539;13;7596;22;U2578Z1;Poděbrady,žel.st.;50.1482;15.12517
20260619_110854_L136;20260619_110854;19.06.2026;10:58:00;136;32;6732;10;U417Z1P;Jižní Město;50.04293;14.48776
20260619_110854_L304;20260619_110854;19.06.2026;10:53:00;304;65;8408;15;U872Z7;Rakovník,aut.st.;50.0794;14.34528
20260619_110854_L136;20260619_110854;19.06.2026;10:59:00;136;22;6790;10;U405Z1P;Sídliště Čakovice;50.12869;14.51159
20260619_110854_L387;20260619_110854;19.06.2026;10:50:00;387;2;9373;15;U336Z2;Praha,Háje;50.03657;14.57089
20260619_110854_L210;20260619_110854;19.06.2026;10:44:00;210;1;1700;24;U4105Z2P;Blatov sever;50.08275;14.64818
20260619_110854_L369;20260619_110854;19.06.2026;10:56:00;369;32;8275;12;U2334Z1;Praha,Ládví;50.2447;14.49452
20260619_110854_L345;20260619_110854;19.06.2026;10:50:00;345;16;1864;15;U3389Z2;Praha,Černý Most;50.41071;14.92251
20260619_110854_L311;20260619_110854;19.06.2026;10:57:00;311;75;9579;11;U1652Z2;Praha,Zličín;50.0165;14.23188
20260619_110854_L390;20260619_110854;19.06.2026;10:55:00;390;48;1138;13;U1764Z1;Štěchovice;49.88445;14.38786
20260619_110854_L400;20260619_110854;19.06.2026;10:57:00;400;57;1091;12;U31351Z1;Nový Bor,aut.nádr.;50.60936;14.57984
20260619_110854_L400;20260619_110854;19.06.2026;10:57:00;400;54;1086;10;U31352Z2;Praha,Střížkov;50.61791;14.54815
20260619_110854_L401;20260619_110854;19.06.2026;10:55:00;401;61;7775;12;U31269Z2;Praha,Roztyly;49.5282;14.65764
20260619_110854_L406;20260619_110854;19.06.2026;10:57:00;406;13;7943;12;U5898Z1;Vlašim,žel.st.;49.78752;14.69634
20260619_110854_L318;20260619_110854;19.06.2026;10:57:00;318;56;7908;10;U102Z1;Jíloviště;50.00516;14.39487
20260619_110854_L318;20260619_110854;19.06.2026;10:54:00;318;1;1177;14;U917Z1;Jíloviště;49.96182;14.38152
20260619_110854_L361;20260619_110854;19.06.2026;10:55:00;361;55;1141;10;U9882Z1;Dobříš,nám.;49.78355;14.38637
20260619_110854_L324;20260619_110854;19.06.2026;10:54:00;324;20;8972;11;U4301Z2;Praha,Zličín;50.13364;14.25238
20260619_110854_L332;20260619_110854;19.06.2026;10:58:00;332;2;9192;10;U4464Z2;Neveklov;49.77466;14.52756
20260619_110854_L478;20260619_110854;19.06.2026;10:59:00;478;16;8072;10;U3257Z2;Brandýs n.L.-St.Bol.,Žel.st.;50.19683;14.67747
20260619_110854_L444;20260619_110854;19.06.2026;10:59:00;444;5;9181;10;U1566Z1;Davle,obec;49.89558;14.56625
20260619_110854_L443;20260619_110854;19.06.2026;10:58:00;443;22;8594;10;U1435Z1;Nymburk,hl.nádr.;50.13643;14.98536
20260619_110854_L491;20260619_110854;19.06.2026;10:54:00;491;21;8582;15;U1416Z3;Český Brod,žel.st.;50.07197;14.85645
20260619_110854_L770;20260619_110854;19.06.2026;10:59:00;770;42;7918;10;U7795Z51;Uhlířské Janovice,nám.;49.83422;14.82516
20260619_110854_L539;20260619_110854;19.06.2026;10:45:00;539;13;7596;22;U2578Z1;Poděbrady,žel.st.;50.1482;15.12517
20260619_111254_L483;20260619_111254;19.06.2026;11:00:00;483;36;7839;13;U7318Z2;Chocerady;49.83458;14.83018
20260619_111254_L483;20260619_111254;19.06.2026;11:00:00;483;22;7864;13;U7318Z1;Divišov,nám.;49.83451;14.83023
20260619_111254_L770;20260619_111254;19.06.2026;11:00:00;770;42;7918;12;U7318Z1;Uhlířské Janovice,nám.;49.8348;14.83205
20260619_111254_L472;20260619_111254;19.06.2026;11:02:00;472;33;8088;10;U1790Z1;Mělník,aut.nádr.;50.33549;14.49406
20260619_111254_L136;20260619_111254;19.06.2026;11:02:00;136;32;6732;10;U424Z1P;Jižní Město;50.03304;14.50027
20260619_111254_L400;20260619_111254;19.06.2026;11:01:00;400;54;1086;11;U31351Z2;Praha,Střížkov;50.60693;14.57418
20260619_111254_L401;20260619_111254;19.06.2026;10:59:00;401;61;7775;13;U6443Z2;Praha,Roztyly;49.55066;14.66544
20260619_111254_L402;20260619_111254;19.06.2026;11:00:00;402;2;7671;12;U7318Z2;Praha,Roztyly;49.83432;14.8248
20260619_111254_L210;20260619_111254;19.06.2026;10:44:00;210;1;1700;28;U4105Z2P;Blatov sever;50.08276;14.64815
20260619_111254_L318;20260619_111254;19.06.2026;10:58:00;318;1;1177;14;U1701Z1;Jíloviště;49.94622;14.3727
20260619_111254_L332;20260619_111254;19.06.2026;11:00:00;332;19;9955;12;U50Z4;Jílové u Prahy,Náměstí;50.04383;14.45097
20260619_111254_L315;20260619_111254;19.06.2026;11:02:00;315;4;1861;10;U3383Z1;Praha,Černý Most;50.3212;14.86317
20260619_111254_L304;20260619_111254;19.06.2026;10:58:00;304;65;8408;14;U306Z3;Rakovník,aut.st.;50.07503;14.34085
20260619_111254_L405;20260619_111254;19.06.2026;11:01:00;405;61;1417;10;U31015Z1;Praha,Černý Most;50.52126;15.5663
20260619_111254_L382;20260619_111254;19.06.2026;11:01:00;382;20;9937;11;U2007Z1;Sázava,aut.st.;49.98993;14.72926
20260619_111254_L821;20260619_111254;19.06.2026;11:00:00;821;69;1606;12;U1984Z3;Sázava,aut.st.;49.96638;14.96419
20260619_111254_L361;20260619_111254;19.06.2026;11:03:00;361;55;1141;10;U2534Z1;Dobříš,nám.;49.78029;14.35235
20260619_111254_L821;20260619_111254;19.06.2026;11:00:00;821;51;1614;12;U1984Z4;Kolín,nádraží;49.96628;14.96426
20260619_111254_L770;20260619_111254;19.06.2026;11:00:00;770;50;47819;13;U7318Z2;Benešov,Terminál;49.83469;14.83046
20260619_111254_L332;20260619_111254;19.06.2026;11:01:00;332;2;9192;10;U4462Z2;Neveklov;49.75378;14.53031
20260619_111254_L345;20260619_111254;19.06.2026;10:50:00;345;16;1864;18;U3389Z2;Praha,Černý Most;50.41063;14.92505
20260619_111254_L241;20260619_111254;19.06.2026;10:58:00;241;16;4192;14;U802Z3P;Lipence;49.97051;14.38654
20260619_111254_L406;20260619_111254;19.06.2026;11:00:00;406;13;7943;12;U7012Z1;Vlašim,žel.st.;49.77419;14.72408
20260619_111254_L402;20260619_111254;19.06.2026;11:00:00;402;4;7672;12;U7318Z1;Čáslav,aut.st.;49.83456;14.82989
20260619_111254_L311;20260619_111254;19.06.2026;10:58:00;311;75;9579;12;U1651Z2;Praha,Zličín;50.02501;14.22926
20260619_111254_L360;20260619_111254;19.06.2026;10:59:00;360;41;7210;14;U392Z2;Sedlčany,aut.st.;49.97251;14.39495
20260619_111254_L369;20260619_111254;19.06.2026;11:00:00;369;32;8275;12;U1959Z2;Praha,Ládví;50.21467;14.4976
20260619_111254_L539;20260619_111254;19.06.2026;10:45:00;539;13;7596;26;U2578Z1;Poděbrady,žel.st.;50.1482;15.12517
20260619_111254_L440;20260619_111254;19.06.2026;11:02:00;440;48;1138;11;U2490Z2;Štěchovice,Masečín;49.85176;14.40641
20260619_111254_L483;20260619_111254;19.06.2026;11:00:00;483;36;7839;13;U7318Z2;Chocerady;49.83458;14.83018
20260619_111254_L483;20260619_111254;19.06.2026;11:00:00;483;22;7864;13;U7318Z1;Divišov,nám.;49.83451;14.83023
20260619_111254_L770;20260619_111254;19.06.2026;11:00:00;770;42;7918;12;U7318Z1;Uhlířské Janovice,nám.;49.8348;14.83205
20260619_111254_L472;20260619_111254;19.06.2026;11:02:00;472;33;8088;10;U1790Z1;Mělník,aut.nádr.;50.33549;14.49406
20260619_111254_L136;20260619_111254;19.06.2026;11:02:00;136;32;6732;10;U424Z1P;Jižní Město;50.03304;14.50027
20260619_111254_L400;20260619_111254;19.06.2026;11:01:00;400;54;1086;11;U31351Z2;Praha,Střížkov;50.60693;14.57418
20260619_111254_L401;20260619_111254;19.06.2026;10:59:00;401;61;7775;13;U6443Z2;Praha,Roztyly;49.55066;14.66544
20260619_111254_L402;20260619_111254;19.06.2026;11:00:00;402;2;7671;12;U7318Z2;Praha,Roztyly;49.83432;14.8248
20260619_111254_L210;20260619_111254;19.06.2026;10:44:00;210;1;1700;28;U4105Z2P;Blatov sever;50.08276;14.64815
20260619_111254_L318;20260619_111254;19.06.2026;10:58:00;318;1;1177;14;U1701Z1;Jíloviště;49.94622;14.3727
20260619_111254_L332;20260619_111254;19.06.2026;11:00:00;332;19;9955;12;U50Z4;Jílové u Prahy,Náměstí;50.04383;14.45097
20260619_111254_L315;20260619_111254;19.06.2026;11:02:00;315;4;1861;10;U3383Z1;Praha,Černý Most;50.3212;14.86317
20260619_111254_L304;20260619_111254;19.06.2026;10:58:00;304;65;8408;14;U306Z3;Rakovník,aut.st.;50.07503;14.34085
20260619_111254_L405;20260619_111254;19.06.2026;11:01:00;405;61;1417;10;U31015Z1;Praha,Černý Most;50.52126;15.5663
20260619_111254_L382;20260619_111254;19.06.2026;11:01:00;382;20;9937;11;U2007Z1;Sázava,aut.st.;49.98993;14.72926
20260619_111254_L821;20260619_111254;19.06.2026;11:00:00;821;69;1606;12;U1984Z3;Sázava,aut.st.;49.96638;14.96419
20260619_111254_L361;20260619_111254;19.06.2026;11:03:00;361;55;1141;10;U2534Z1;Dobříš,nám.;49.78029;14.35235
20260619_111254_L821;20260619_111254;19.06.2026;11:00:00;821;51;1614;12;U1984Z4;Kolín,nádraží;49.96628;14.96426
20260619_111254_L770;20260619_111254;19.06.2026;11:00:00;770;50;47819;13;U7318Z2;Benešov,Terminál;49.83469;14.83046
20260619_111254_L332;20260619_111254;19.06.2026;11:01:00;332;2;9192;10;U4462Z2;Neveklov;49.75378;14.53031
20260619_111254_L345;20260619_111254;19.06.2026;10:50:00;345;16;1864;18;U3389Z2;Praha,Černý Most;50.41063;14.92505
20260619_111254_L241;20260619_111254;19.06.2026;10:58:00;241;16;4192;14;U802Z3P;Lipence;49.97051;14.38654
20260619_111254_L406;20260619_111254;19.06.2026;11:00:00;406;13;7943;12;U7012Z1;Vlašim,žel.st.;49.77419;14.72408
20260619_111254_L402;20260619_111254;19.06.2026;11:00:00;402;4;7672;12;U7318Z1;Čáslav,aut.st.;49.83456;14.82989
20260619_111254_L311;20260619_111254;19.06.2026;10:58:00;311;75;9579;12;U1651Z2;Praha,Zličín;50.02501;14.22926
20260619_111254_L360;20260619_111254;19.06.2026;10:59:00;360;41;7210;14;U392Z2;Sedlčany,aut.st.;49.97251;14.39495
20260619_111254_L369;20260619_111254;19.06.2026;11:00:00;369;32;8275;12;U1959Z2;Praha,Ládví;50.21467;14.4976
20260619_111254_L539;20260619_111254;19.06.2026;10:45:00;539;13;7596;26;U2578Z1;Poděbrady,žel.st.;50.1482;15.12517
20260619_111254_L440;20260619_111254;19.06.2026;11:02:00;440;48;1138;11;U2490Z2;Štěchovice,Masečín;49.85176;14.40641
20260619_111655_L400;20260619_111655;19.06.2026;11:06:00;400;54;1086;10;U31348Z2;Praha,Střížkov;50.57225;14.54451
20260619_111655_L401;20260619_111655;19.06.2026;11:03:00;401;61;7775;13;U6438Z4;Praha,Roztyly;49.57673;14.66182
20260619_111655_L332;20260619_111655;19.06.2026;11:00:00;332;19;9955;13;U50Z4;Jílové u Prahy,Náměstí;50.03877;14.45746
20260619_111655_L821;20260619_111655;19.06.2026;11:00:00;821;51;1614;16;U1984Z4;Kolín,nádraží;49.96642;14.96734
20260619_111655_L770;20260619_111655;19.06.2026;11:03:00;770;42;7918;12;U5809Z1;Uhlířské Janovice,nám.;49.84648;14.85155
20260619_111655_L136;20260619_111655;19.06.2026;11:06:00;136;22;6790;10;U368Z1P;Sídliště Čakovice;50.14973;14.50781
20260619_111655_L395;20260619_111655;19.06.2026;11:04:00;395;35;9907;12;U1977Z1;Příbram,Drkolnov;49.79518;14.19085
20260619_111655_L381;20260619_111655;19.06.2026;11:02:00;381;3;1678;14;U2145Z1;Čáslav,obchodní centrum;49.96399;14.98926
20260619_111655_L382;20260619_111655;19.06.2026;11:03:00;382;20;9937;14;U2008Z1;Sázava,aut.st.;49.98952;14.7406
20260619_111655_L402;20260619_111655;19.06.2026;11:00:00;402;4;7672;15;U7318Z1;Čáslav,aut.st.;49.83837;14.82479
20260619_111655_L406;20260619_111655;19.06.2026;11:05:00;406;13;7943;12;U7855Z1;Vlašim,žel.st.;49.7549;14.7651
20260619_111655_L472;20260619_111655;19.06.2026;11:02:00;472;33;8088;13;U1790Z1;Mělník,aut.nádr.;50.33894;14.49325
20260619_111655_L764;20260619_111655;19.06.2026;11:06:00;764;56;8113;10;U1220Z1;Mcely;50.37448;14.97336
20260619_111655_L483;20260619_111655;19.06.2026;11:05:00;483;36;7839;12;U5808Z2;Chocerady;49.84989;14.83651
20260619_111655_L311;20260619_111655;19.06.2026;11:03:00;311;75;9579;14;U1649Z2;Praha,Zličín;50.02676;14.21214
20260619_111655_L315;20260619_111655;19.06.2026;11:07:00;315;4;1861;10;U3380Z2;Praha,Černý Most;50.2916;14.84442
20260619_111655_L324;20260619_111655;19.06.2026;11:02:00;324;20;8972;13;U776Z2;Praha,Zličín;50.10257;14.28912
20260619_111655_L360;20260619_111655;19.06.2026;11:03:00;360;41;7210;13;U232Z1;Sedlčany,aut.st.;49.95506;14.39229
20260619_111655_L361;20260619_111655;19.06.2026;11:03:00;361;55;1141;11;U2534Z1;Dobříš,nám.;49.78357;14.31908
20260619_111655_L369;20260619_111655;19.06.2026;11:05:00;369;33;8233;10;U1790Z1;Mělník,Mlazice;50.33862;14.49333
20260619_111655_L369;20260619_111655;19.06.2026;11:04:00;369;32;8275;11;U1308Z2;Praha,Ládví;50.19362;14.49317
20260619_111655_L304;20260619_111655;19.06.2026;11:04:00;304;73;8337;12;U113Z4;Praha,Vypich;50.06383;14.31625
20260619_111655_L821;20260619_111655;19.06.2026;11:00:00;821;69;1606;14;U1984Z3;Sázava,aut.st.;49.96076;14.95963
20260619_111655_L241;20260619_111655;19.06.2026;11:03:00;241;16;4192;14;U777Z1P;Lipence;49.96266;14.36171
20260619_111655_L318;20260619_111655;19.06.2026;11:07:00;318;56;7908;10;U802Z1;Jíloviště;49.96808;14.38733
20260619_111655_L639;20260619_111655;19.06.2026;11:04:00;639;8;9586;11;U9781Z1;Dobříš,nám.;49.84343;13.93266
20260619_111655_L136;20260619_111655;19.06.2026;11:07:00;136;32;6732;10;U916Z1P;Jižní Město;50.02516;14.51473
20260619_111655_L539;20260619_111655;19.06.2026;10:45:00;539;13;7596;30;U2578Z1;Poděbrady,žel.st.;50.14819;15.12518
20260619_111655_L440;20260619_111655;19.06.2026;11:04:00;440;48;1138;12;U2491Z1;Štěchovice,Masečín;49.85068;14.40383
20260619_111655_L400;20260619_111655;19.06.2026;11:06:00;400;54;1086;10;U31348Z2;Praha,Střížkov;50.57225;14.54451
20260619_111655_L401;20260619_111655;19.06.2026;11:03:00;401;61;7775;13;U6438Z4;Praha,Roztyly;49.57673;14.66182
20260619_111655_L332;20260619_111655;19.06.2026;11:00:00;332;19;9955;13;U50Z4;Jílové u Prahy,Náměstí;50.03877;14.45746
20260619_111655_L821;20260619_111655;19.06.2026;11:00:00;821;51;1614;16;U1984Z4;Kolín,nádraží;49.96642;14.96734
20260619_111655_L770;20260619_111655;19.06.2026;11:03:00;770;42;7918;12;U5809Z1;Uhlířské Janovice,nám.;49.84648;14.85155
20260619_111655_L136;20260619_111655;19.06.2026;11:06:00;136;22;6790;10;U368Z1P;Sídliště Čakovice;50.14973;14.50781
20260619_111655_L395;20260619_111655;19.06.2026;11:04:00;395;35;9907;12;U1977Z1;Příbram,Drkolnov;49.79518;14.19085
20260619_111655_L381;20260619_111655;19.06.2026;11:02:00;381;3;1678;14;U2145Z1;Čáslav,obchodní centrum;49.96399;14.98926
20260619_111655_L382;20260619_111655;19.06.2026;11:03:00;382;20;9937;14;U2008Z1;Sázava,aut.st.;49.98952;14.7406
20260619_111655_L402;20260619_111655;19.06.2026;11:00:00;402;4;7672;15;U7318Z1;Čáslav,aut.st.;49.83837;14.82479
20260619_111655_L406;20260619_111655;19.06.2026;11:05:00;406;13;7943;12;U7855Z1;Vlašim,žel.st.;49.7549;14.7651
20260619_111655_L472;20260619_111655;19.06.2026;11:02:00;472;33;8088;13;U1790Z1;Mělník,aut.nádr.;50.33894;14.49325
20260619_111655_L764;20260619_111655;19.06.2026;11:06:00;764;56;8113;10;U1220Z1;Mcely;50.37448;14.97336
20260619_111655_L483;20260619_111655;19.06.2026;11:05:00;483;36;7839;12;U5808Z2;Chocerady;49.84989;14.83651
20260619_111655_L311;20260619_111655;19.06.2026;11:03:00;311;75;9579;14;U1649Z2;Praha,Zličín;50.02676;14.21214
20260619_111655_L315;20260619_111655;19.06.2026;11:07:00;315;4;1861;10;U3380Z2;Praha,Černý Most;50.2916;14.84442
20260619_111655_L324;20260619_111655;19.06.2026;11:02:00;324;20;8972;13;U776Z2;Praha,Zličín;50.10257;14.28912
20260619_111655_L360;20260619_111655;19.06.2026;11:03:00;360;41;7210;13;U232Z1;Sedlčany,aut.st.;49.95506;14.39229
20260619_111655_L361;20260619_111655;19.06.2026;11:03:00;361;55;1141;11;U2534Z1;Dobříš,nám.;49.78357;14.31908
20260619_111655_L369;20260619_111655;19.06.2026;11:05:00;369;33;8233;10;U1790Z1;Mělník,Mlazice;50.33862;14.49333
20260619_111655_L369;20260619_111655;19.06.2026;11:04:00;369;32;8275;11;U1308Z2;Praha,Ládví;50.19362;14.49317
20260619_111655_L304;20260619_111655;19.06.2026;11:04:00;304;73;8337;12;U113Z4;Praha,Vypich;50.06383;14.31625
20260619_111655_L821;20260619_111655;19.06.2026;11:00:00;821;69;1606;14;U1984Z3;Sázava,aut.st.;49.96076;14.95963
20260619_111655_L241;20260619_111655;19.06.2026;11:03:00;241;16;4192;14;U777Z1P;Lipence;49.96266;14.36171
20260619_111655_L318;20260619_111655;19.06.2026;11:07:00;318;56;7908;10;U802Z1;Jíloviště;49.96808;14.38733
20260619_111655_L639;20260619_111655;19.06.2026;11:04:00;639;8;9586;11;U9781Z1;Dobříš,nám.;49.84343;13.93266
20260619_111655_L136;20260619_111655;19.06.2026;11:07:00;136;32;6732;10;U916Z1P;Jižní Město;50.02516;14.51473
20260619_111655_L539;20260619_111655;19.06.2026;10:45:00;539;13;7596;30;U2578Z1;Poděbrady,žel.st.;50.14819;15.12518
20260619_111655_L440;20260619_111655;19.06.2026;11:04:00;440;48;1138;12;U2491Z1;Štěchovice,Masečín;49.85068;14.40383
20260619_112055_L369;20260619_112055;19.06.2026;11:07:00;369;32;8275;11;U1807Z2;Praha,Ládví;50.17928;14.48528
20260619_112055_L136;20260619_112055;19.06.2026;11:09:00;136;22;6790;12;U114Z1P;Sídliště Čakovice;50.1555;14.52243
20260619_112055_L381;20260619_112055;19.06.2026;11:07:00;381;3;1678;13;U2166Z1;Čáslav,obchodní centrum;49.95668;15.03064
20260619_112055_L406;20260619_112055;19.06.2026;11:09:00;406;13;7943;11;U7607Z1;Vlašim,žel.st.;49.73712;14.81686
20260619_112055_L483;20260619_112055;19.06.2026;11:08:00;483;36;7839;13;U7602Z2;Chocerady;49.86346;14.82093
20260619_112055_L381;20260619_112055;19.06.2026;11:11:00;381;8;9931;10;U336Z1;Kutná Hora,hlavní nádraží;50.03111;14.5993
20260619_112055_L382;20260619_112055;19.06.2026;11:06:00;382;20;9937;14;U2010Z1;Sázava,aut.st.;49.98768;14.77791
20260619_112055_L401;20260619_112055;19.06.2026;11:08:00;401;61;7775;12;U6499Z2;Praha,Roztyly;49.6195;14.65818
20260619_112055_L405;20260619_112055;19.06.2026;11:10:00;405;61;1417;10;U31014Z1;Praha,Černý Most;50.49208;15.52049
20260619_112055_L483;20260619_112055;19.06.2026;11:06:00;483;22;7864;13;U7796Z1;Divišov,nám.;49.80901;14.86338
20260619_112055_L639;20260619_112055;19.06.2026;11:09:00;639;8;9586;11;U9841Z2;Dobříš,nám.;49.84945;13.97638
20260619_112055_L641;20260619_112055;19.06.2026;11:07:00;641;14;9573;12;U9856Z1;Beroun,autobusové nádraží;49.87807;13.95256
20260619_112055_L770;20260619_112055;19.06.2026;11:10:00;770;42;7918;11;U7603Z1;Uhlířské Janovice,nám.;49.84001;14.87495
20260619_112055_L764;20260619_112055;19.06.2026;11:07:00;764;56;8113;12;U1173Z1;Mcely;50.36844;14.96356
20260619_112055_L480;20260619_112055;19.06.2026;11:11:00;480;30;7504;10;U5918Z1;Solenice;49.60187;14.13827
20260619_112055_L324;20260619_112055;19.06.2026;11:06:00;324;20;8972;13;U218Z2;Praha,Zličín;50.08945;14.29532
20260619_112055_L332;20260619_112055;19.06.2026;11:09:00;332;21;9954;11;U2107Z1;Jílové u Prahy,Náměstí;49.90402;14.49616
20260619_112055_L304;20260619_112055;19.06.2026;11:07:00;304;73;8337;13;U394Z4;Praha,Vypich;50.0708;14.33572
20260619_112055_L311;20260619_112055;19.06.2026;11:07:00;311;75;9579;13;U1647Z2;Praha,Zličín;50.03569;14.2363
20260619_112055_L630;20260619_112055;19.06.2026;11:09:00;630;39;8805;10;U4310Z1;Kladno,autobusové nádraží;50.1402;14.0997
20260619_112055_L691;20260619_112055;19.06.2026;11:10:00;691;31;7983;10;U3316Z4;Mělník,aut.nádr.;50.40727;14.44642
20260619_112055_L555;20260619_112055;19.06.2026;11:10:00;555;9;8826;11;U3278Z3;Kladno,autobusové nádraží;50.03675;13.87086
20260619_112055_L136;20260619_112055;19.06.2026;11:10:00;136;32;6732;10;U286Z5P;Jižní Město;50.03073;14.52985
20260619_112055_L395;20260619_112055;19.06.2026;11:08:00;395;35;9907;10;U2860Z1;Příbram,Drkolnov;49.78426;14.17054
20260619_112055_L332;20260619_112055;19.06.2026;11:06:00;332;19;9955;14;U488Z6;Jílové u Prahy,Náměstí;50.02942;14.45508
20260619_112055_L369;20260619_112055;19.06.2026;11:07:00;369;33;8233;14;U1791Z1;Mělník,Mlazice;50.34041;14.49158
20260619_112055_L539;20260619_112055;19.06.2026;10:45:00;539;13;7596;34;U2578Z1;Poděbrady,žel.st.;50.14819;15.12518
20260619_112456_L136;20260619_112456;19.06.2026;11:11:00;136;32;6732;11;U151Z1P;Jižní Město;50.03205;14.53452
20260619_112456_L821;20260619_112456;19.06.2026;11:12:00;821;69;1606;12;U2381Z1;Sázava,aut.st.;49.94855;14.95455
20260619_112456_L304;20260619_112456;19.06.2026;11:10:00;304;73;8337;12;U444Z1;Praha,Vypich;50.0779;14.34591
20260619_112456_L307;20260619_112456;19.06.2026;11:15:00;307;12;8951;10;U1190Z1;Kladno,autobusové nádraží;50.04439;14.25815
20260619_112456_L311;20260619_112456;19.06.2026;11:12:00;311;75;9579;12;U1190Z2;Praha,Zličín;50.04709;14.26347
20260619_112456_L315;20260619_112456;19.06.2026;11:10:00;315;4;1861;11;U3379Z2;Praha,Černý Most;50.27534;14.82095
20260619_112456_L335;20260619_112456;19.06.2026;11:14:00;335;3;9175;11;U4120Z1;Kamenice,Kult.dům;49.91536;14.53853
20260619_112456_L356;20260619_112456;19.06.2026;11:13:00;356;31;8824;10;U5971Z2;Praha,Obchodní centrum Ruzyně;50.11251;14.28191
20260619_112456_L360;20260619_112456;19.06.2026;11:11:00;360;41;7210;14;U1753Z1;Sedlčany,aut.st.;49.90789;14.39292
20260619_112456_L364;20260619_112456;19.06.2026;11:15:00;364;2;4520;10;U96Z2;Praha,Depo Hostivař;50.05881;14.55959
20260619_112456_L369;20260619_112456;19.06.2026;11:11:00;369;33;8233;14;U3336Z1;Mělník,Mlazice;50.35059;14.47885
20260619_112456_L369;20260619_112456;19.06.2026;11:13:00;369;32;8275;11;U3242Z2;Praha,Ládví;50.15739;14.48497
20260619_112456_L381;20260619_112456;19.06.2026;11:11:00;381;3;1678;12;U2153Z1;Čáslav,obchodní centrum;49.95509;15.05892
20260619_112456_L381;20260619_112456;19.06.2026;11:12:00;381;8;9931;12;U808Z5;Kutná Hora,hlavní nádraží;50.03124;14.60848
20260619_112456_L382;20260619_112456;19.06.2026;11:10:00;382;20;9937;13;U2017Z1;Sázava,aut.st.;49.97606;14.79379
20260619_112456_L395;20260619_112456;19.06.2026;11:12:00;395;35;9907;11;U1851Z8;Příbram,Drkolnov;49.77545;14.1677
20260619_112456_L400;20260619_112456;19.06.2026;11:11:00;400;54;1086;10;U31046Z5;Praha,Střížkov;50.52699;14.52043
20260619_112456_L400;20260619_112456;19.06.2026;11:10:00;400;57;1091;10;U31354Z5;Nový Bor,aut.nádr.;50.67754;14.53687
20260619_112456_L401;20260619_112456;19.06.2026;11:12:00;401;61;7775;10;U6489Z2;Praha,Roztyly;49.63837;14.64283
20260619_112456_L406;20260619_112456;19.06.2026;11:14:00;406;13;7943;10;U5797Z1;Vlašim,žel.st.;49.71386;14.86181
20260619_112456_L480;20260619_112456;19.06.2026;11:14:00;480;30;7504;10;U7027Z1;Solenice;49.6084;14.15979
20260619_112456_L495;20260619_112456;19.06.2026;11:13:00;495;5;9460;11;U7779Z1;Nepomuk,sídliště;49.64345;13.83743
20260619_112456_L539;20260619_112456;19.06.2026;10:45:00;539;13;7596;38;U2578Z1;Poděbrady,žel.st.;50.14819;15.12518
20260619_112456_L555;20260619_112456;19.06.2026;11:14:00;555;9;8826;10;U4021Z1;Kladno,autobusové nádraží;50.03672;13.88276
20260619_112456_L562;20260619_112456;19.06.2026;11:10:00;562;64;8382;14;U2926Z17;Rakovník,hasičský záchr.sbor;50.10231;13.7315
20260619_112456_L580;20260619_112456;19.06.2026;11:14:00;580;19;7693;10;U9322Z1;Slaný,aut.nádr.;50.20738;13.90412
20260619_112456_L630;20260619_112456;19.06.2026;11:11:00;630;39;8805;11;U3094Z1;Kladno,autobusové nádraží;50.14521;14.09545
20260619_112456_L639;20260619_112456;19.06.2026;11:12:00;639;8;9586;12;U9844Z1;Dobříš,nám.;49.86063;13.98995
20260619_112456_L770;20260619_112456;19.06.2026;11:13:00;770;42;7918;10;U5852Z1;Uhlířské Janovice,nám.;49.85064;14.89341
20260619_112456_L770;20260619_112456;19.06.2026;11:12:00;770;50;47819;12;U7666Z51;Benešov,Terminál;49.82334;14.79828
20260619_112456_L790;20260619_112456;19.06.2026;11:15:00;790;22;7864;10;U7444Z1;Vlašim,žel.st.;49.78817;14.87672
20260619_112456_L136;20260619_112456;19.06.2026;11:11:00;136;32;6732;11;U151Z1P;Jižní Město;50.03205;14.53452
20260619_112456_L821;20260619_112456;19.06.2026;11:12:00;821;69;1606;12;U2381Z1;Sázava,aut.st.;49.94855;14.95455
20260619_112456_L304;20260619_112456;19.06.2026;11:10:00;304;73;8337;12;U444Z1;Praha,Vypich;50.0779;14.34591
20260619_112456_L307;20260619_112456;19.06.2026;11:15:00;307;12;8951;10;U1190Z1;Kladno,autobusové nádraží;50.04439;14.25815
20260619_112456_L311;20260619_112456;19.06.2026;11:12:00;311;75;9579;12;U1190Z2;Praha,Zličín;50.04709;14.26347
20260619_112456_L315;20260619_112456;19.06.2026;11:10:00;315;4;1861;11;U3379Z2;Praha,Černý Most;50.27534;14.82095
20260619_112456_L335;20260619_112456;19.06.2026;11:14:00;335;3;9175;11;U4120Z1;Kamenice,Kult.dům;49.91536;14.53853
20260619_112456_L356;20260619_112456;19.06.2026;11:13:00;356;31;8824;10;U5971Z2;Praha,Obchodní centrum Ruzyně;50.11251;14.28191
20260619_112456_L360;20260619_112456;19.06.2026;11:11:00;360;41;7210;14;U1753Z1;Sedlčany,aut.st.;49.90789;14.39292
20260619_112456_L364;20260619_112456;19.06.2026;11:15:00;364;2;4520;10;U96Z2;Praha,Depo Hostivař;50.05881;14.55959
20260619_112456_L369;20260619_112456;19.06.2026;11:11:00;369;33;8233;14;U3336Z1;Mělník,Mlazice;50.35059;14.47885
20260619_112456_L369;20260619_112456;19.06.2026;11:13:00;369;32;8275;11;U3242Z2;Praha,Ládví;50.15739;14.48497
20260619_112456_L381;20260619_112456;19.06.2026;11:11:00;381;3;1678;12;U2153Z1;Čáslav,obchodní centrum;49.95509;15.05892
20260619_112456_L381;20260619_112456;19.06.2026;11:12:00;381;8;9931;12;U808Z5;Kutná Hora,hlavní nádraží;50.03124;14.60848
20260619_112456_L382;20260619_112456;19.06.2026;11:10:00;382;20;9937;13;U2017Z1;Sázava,aut.st.;49.97606;14.79379
20260619_112456_L395;20260619_112456;19.06.2026;11:12:00;395;35;9907;11;U1851Z8;Příbram,Drkolnov;49.77545;14.1677
20260619_112456_L400;20260619_112456;19.06.2026;11:11:00;400;54;1086;10;U31046Z5;Praha,Střížkov;50.52699;14.52043
20260619_112456_L400;20260619_112456;19.06.2026;11:10:00;400;57;1091;10;U31354Z5;Nový Bor,aut.nádr.;50.67754;14.53687
20260619_112456_L401;20260619_112456;19.06.2026;11:12:00;401;61;7775;10;U6489Z2;Praha,Roztyly;49.63837;14.64283
20260619_112456_L406;20260619_112456;19.06.2026;11:14:00;406;13;7943;10;U5797Z1;Vlašim,žel.st.;49.71386;14.86181
20260619_112456_L480;20260619_112456;19.06.2026;11:14:00;480;30;7504;10;U7027Z1;Solenice;49.6084;14.15979
20260619_112456_L495;20260619_112456;19.06.2026;11:13:00;495;5;9460;11;U7779Z1;Nepomuk,sídliště;49.64345;13.83743
20260619_112456_L539;20260619_112456;19.06.2026;10:45:00;539;13;7596;38;U2578Z1;Poděbrady,žel.st.;50.14819;15.12518
20260619_112456_L555;20260619_112456;19.06.2026;11:14:00;555;9;8826;10;U4021Z1;Kladno,autobusové nádraží;50.03672;13.88276
20260619_112456_L562;20260619_112456;19.06.2026;11:10:00;562;64;8382;14;U2926Z17;Rakovník,hasičský záchr.sbor;50.10231;13.7315
20260619_112456_L580;20260619_112456;19.06.2026;11:14:00;580;19;7693;10;U9322Z1;Slaný,aut.nádr.;50.20738;13.90412
20260619_112456_L630;20260619_112456;19.06.2026;11:11:00;630;39;8805;11;U3094Z1;Kladno,autobusové nádraží;50.14521;14.09545
20260619_112456_L639;20260619_112456;19.06.2026;11:12:00;639;8;9586;12;U9844Z1;Dobříš,nám.;49.86063;13.98995
20260619_112456_L770;20260619_112456;19.06.2026;11:13:00;770;42;7918;10;U5852Z1;Uhlířské Janovice,nám.;49.85064;14.89341
20260619_112456_L770;20260619_112456;19.06.2026;11:12:00;770;50;47819;12;U7666Z51;Benešov,Terminál;49.82334;14.79828
20260619_112456_L790;20260619_112456;19.06.2026;11:15:00;790;22;7864;10;U7444Z1;Vlašim,žel.st.;49.78817;14.87672
20260619_112856_L821;20260619_112856;19.06.2026;11:15:00;821;51;1614;14;U2300Z1;Kolín,nádraží;50.00537;14.97263
20260619_112856_L821;20260619_112856;19.06.2026;11:17:00;821;69;1606;11;U2383Z1;Sázava,aut.st.;49.93439;14.98194
20260619_112856_L311;20260619_112856;19.06.2026;11:15:00;311;75;9579;12;U1142Z2;Praha,Zličín;50.05562;14.28452
20260619_112856_L335;20260619_112856;19.06.2026;11:17:00;335;3;9175;11;U1578Z2;Kamenice,Kult.dům;49.92282;14.55827
20260619_112856_L356;20260619_112856;19.06.2026;11:16:00;356;31;8824;11;U776Z2;Praha,Obchodní centrum Ruzyně;50.10487;14.28788
20260619_112856_L360;20260619_112856;19.06.2026;11:15:00;360;41;7210;13;U1764Z1;Sedlčany,aut.st.;49.88751;14.39227
20260619_112856_L369;20260619_112856;19.06.2026;11:11:00;369;33;8233;15;U3336Z1;Mělník,Mlazice;50.35008;14.48717
20260619_112856_L381;20260619_112856;19.06.2026;11:15:00;381;3;1678;12;U2155Z1;Čáslav,obchodní centrum;49.95603;15.09715
20260619_112856_L382;20260619_112856;19.06.2026;11:15:00;382;20;9937;12;U2019Z1;Sázava,aut.st.;49.96345;14.81209
20260619_112856_L386;20260619_112856;19.06.2026;11:17:00;386;31;8807;10;U4323Z3;Kladno,autobusové nádraží;50.14201;14.09804
20260619_112856_L395;20260619_112856;19.06.2026;11:14:00;395;35;9907;11;U9621Z1;Příbram,Drkolnov;49.73313;14.13801
20260619_112856_L395;20260619_112856;19.06.2026;11:18:00;395;3;9588;11;U9712Z2;Praha,Smíchovské nádraží;49.68949;14.01263
20260619_112856_L400;20260619_112856;19.06.2026;11:17:00;400;54;1086;10;U31048Z2;Praha,Střížkov;50.51079;14.49272
20260619_112856_L400;20260619_112856;19.06.2026;11:17:00;400;57;1091;12;U32149Z1;Nový Bor,aut.nádr.;50.68305;14.5387
20260619_112856_L401;20260619_112856;19.06.2026;11:15:00;401;59;7774;12;U2139Z2;Jindřichův Hradec,aut.nádr.;49.78712;14.68392
20260619_112856_L401;20260619_112856;19.06.2026;11:12:00;401;61;7775;12;U6489Z2;Praha,Roztyly;49.64163;14.64033
20260619_112856_L406;20260619_112856;19.06.2026;11:15:00;406;28;7927;11;U2139Z2;Vlašim,žel.st.;49.78212;14.68184
20260619_112856_L428;20260619_112856;19.06.2026;11:17:00;428;10;7232;11;U5724Z4;Strakonice,aut.nádr.;49.60585;14.06134
20260619_112856_L480;20260619_112856;19.06.2026;11:17:00;480;30;7504;10;U7967Z1;Solenice;49.61326;14.18501
20260619_112856_L495;20260619_112856;19.06.2026;11:13:00;495;5;9460;15;U7779Z1;Nepomuk,sídliště;49.64345;13.83743
20260619_112856_L539;20260619_112856;19.06.2026;10:45:00;539;13;7596;42;U2578Z1;Poděbrady,žel.st.;50.14819;15.12518
20260619_112856_L562;20260619_112856;19.06.2026;11:10:00;562;64;8382;19;U2926Z17;Rakovník,hasičský záchr.sbor;50.10065;13.73455
20260619_112856_L639;20260619_112856;19.06.2026;11:14:00;639;8;9586;14;U9850Z1;Dobříš,nám.;49.86536;14.00195
20260619_112856_L641;20260619_112856;19.06.2026;11:16:00;641;14;9573;12;U9854Z1;Beroun,autobusové nádraží;49.89566;13.96082
20260619_112856_L691;20260619_112856;19.06.2026;11:16:00;691;31;7983;13;U3313Z2;Mělník,aut.nádr.;50.38598;14.46307
20260619_112856_L764;20260619_112856;19.06.2026;11:16:00;764;56;8113;11;U6247Z1;Mcely;50.32704;14.96865
20260619_112856_L770;20260619_112856;19.06.2026;11:12:00;770;50;47819;14;U7666Z51;Benešov,Terminál;49.81448;14.80163
20260619_112856_L797;20260619_112856;19.06.2026;11:19:00;797;36;7839;10;U7528Z2;Vranov,Vranovská Lhota;49.86681;14.79822
20260619_112856_L821;20260619_112856;19.06.2026;11:15:00;821;51;1614;14;U2300Z1;Kolín,nádraží;50.00537;14.97263
20260619_112856_L821;20260619_112856;19.06.2026;11:17:00;821;69;1606;11;U2383Z1;Sázava,aut.st.;49.93439;14.98194
20260619_112856_L311;20260619_112856;19.06.2026;11:15:00;311;75;9579;12;U1142Z2;Praha,Zličín;50.05562;14.28452
20260619_112856_L335;20260619_112856;19.06.2026;11:17:00;335;3;9175;11;U1578Z2;Kamenice,Kult.dům;49.92282;14.55827
20260619_112856_L356;20260619_112856;19.06.2026;11:16:00;356;31;8824;11;U776Z2;Praha,Obchodní centrum Ruzyně;50.10487;14.28788
20260619_112856_L360;20260619_112856;19.06.2026;11:15:00;360;41;7210;13;U1764Z1;Sedlčany,aut.st.;49.88751;14.39227
20260619_112856_L369;20260619_112856;19.06.2026;11:11:00;369;33;8233;15;U3336Z1;Mělník,Mlazice;50.35008;14.48717
20260619_112856_L381;20260619_112856;19.06.2026;11:15:00;381;3;1678;12;U2155Z1;Čáslav,obchodní centrum;49.95603;15.09715
20260619_112856_L382;20260619_112856;19.06.2026;11:15:00;382;20;9937;12;U2019Z1;Sázava,aut.st.;49.96345;14.81209
20260619_112856_L386;20260619_112856;19.06.2026;11:17:00;386;31;8807;10;U4323Z3;Kladno,autobusové nádraží;50.14201;14.09804
20260619_112856_L395;20260619_112856;19.06.2026;11:14:00;395;35;9907;11;U9621Z1;Příbram,Drkolnov;49.73313;14.13801
20260619_112856_L395;20260619_112856;19.06.2026;11:18:00;395;3;9588;11;U9712Z2;Praha,Smíchovské nádraží;49.68949;14.01263
20260619_112856_L400;20260619_112856;19.06.2026;11:17:00;400;54;1086;10;U31048Z2;Praha,Střížkov;50.51079;14.49272
20260619_112856_L400;20260619_112856;19.06.2026;11:17:00;400;57;1091;12;U32149Z1;Nový Bor,aut.nádr.;50.68305;14.5387
20260619_112856_L401;20260619_112856;19.06.2026;11:15:00;401;59;7774;12;U2139Z2;Jindřichův Hradec,aut.nádr.;49.78712;14.68392
20260619_112856_L401;20260619_112856;19.06.2026;11:12:00;401;61;7775;12;U6489Z2;Praha,Roztyly;49.64163;14.64033
20260619_112856_L406;20260619_112856;19.06.2026;11:15:00;406;28;7927;11;U2139Z2;Vlašim,žel.st.;49.78212;14.68184
20260619_112856_L428;20260619_112856;19.06.2026;11:17:00;428;10;7232;11;U5724Z4;Strakonice,aut.nádr.;49.60585;14.06134
20260619_112856_L480;20260619_112856;19.06.2026;11:17:00;480;30;7504;10;U7967Z1;Solenice;49.61326;14.18501
20260619_112856_L495;20260619_112856;19.06.2026;11:13:00;495;5;9460;15;U7779Z1;Nepomuk,sídliště;49.64345;13.83743
20260619_112856_L539;20260619_112856;19.06.2026;10:45:00;539;13;7596;42;U2578Z1;Poděbrady,žel.st.;50.14819;15.12518
20260619_112856_L562;20260619_112856;19.06.2026;11:10:00;562;64;8382;19;U2926Z17;Rakovník,hasičský záchr.sbor;50.10065;13.73455
20260619_112856_L639;20260619_112856;19.06.2026;11:14:00;639;8;9586;14;U9850Z1;Dobříš,nám.;49.86536;14.00195
20260619_112856_L641;20260619_112856;19.06.2026;11:16:00;641;14;9573;12;U9854Z1;Beroun,autobusové nádraží;49.89566;13.96082
20260619_112856_L691;20260619_112856;19.06.2026;11:16:00;691;31;7983;13;U3313Z2;Mělník,aut.nádr.;50.38598;14.46307
20260619_112856_L764;20260619_112856;19.06.2026;11:16:00;764;56;8113;11;U6247Z1;Mcely;50.32704;14.96865
20260619_112856_L770;20260619_112856;19.06.2026;11:12:00;770;50;47819;14;U7666Z51;Benešov,Terminál;49.81448;14.80163
20260619_112856_L797;20260619_112856;19.06.2026;11:19:00;797;36;7839;10;U7528Z2;Vranov,Vranovská Lhota;49.86681;14.79822
20260619_113257_L821;20260619_113257;19.06.2026;11:18:00;821;51;1614;13;U4148Z1;Kolín,nádraží;50.01046;14.99676
20260619_113257_L821;20260619_113257;19.06.2026;11:21:00;821;69;1606;12;U2385Z1;Sázava,aut.st.;49.9194;14.95974
20260619_113257_L335;20260619_113257;19.06.2026;11:20:00;335;3;9175;12;U2288Z1;Kamenice,Kult.dům;49.91783;14.58128
20260619_113257_L381;20260619_113257;19.06.2026;11:21:00;381;8;9931;12;U1878Z1;Kutná Hora,hlavní nádraží;49.99908;14.66801
20260619_113257_L382;20260619_113257;19.06.2026;11:19:00;382;20;9937;12;U2020Z1;Sázava,aut.st.;49.95713;14.82126
20260619_113257_L384;20260619_113257;19.06.2026;11:21:00;384;23;9887;12;U4273Z1;Praha,Zličín;49.96852;14.08116
20260619_113257_L395;20260619_113257;19.06.2026;11:21:00;395;35;9907;11;U9646Z1;Příbram,Drkolnov;49.70437;14.0797
20260619_113257_L395;20260619_113257;19.06.2026;11:21:00;395;3;9588;10;U9661Z2;Praha,Smíchovské nádraží;49.69374;14.04421
20260619_113257_L400;20260619_113257;19.06.2026;11:22:00;400;54;1086;10;U6077Z2;Praha,Střížkov;50.48733;14.48498
20260619_113257_L400;20260619_113257;19.06.2026;11:20:00;400;57;1091;12;U31355Z1;Nový Bor,aut.nádr.;50.69442;14.54146
20260619_113257_L401;20260619_113257;19.06.2026;11:20:00;401;59;7774;12;U1384Z16;Jindřichův Hradec,aut.nádr.;49.77992;14.684
20260619_113257_L401;20260619_113257;19.06.2026;11:20:00;401;61;7775;13;U6511Z2;Praha,Roztyly;49.66051;14.63567
20260619_113257_L406;20260619_113257;19.06.2026;11:18:00;406;28;7927;11;U1384Z16;Vlašim,žel.st.;49.77882;14.68402
20260619_113257_L428;20260619_113257;19.06.2026;11:21:00;428;10;7232;10;U7616Z1;Strakonice,aut.nádr.;49.5589;14.07935
20260619_113257_L492;20260619_113257;19.06.2026;11:19:00;492;43;9128;11;U2020Z1;Černé Voděrady;49.94929;14.81546
20260619_113257_L495;20260619_113257;19.06.2026;11:13:00;495;5;9460;19;U7779Z1;Nepomuk,sídliště;49.64345;13.83743
20260619_113257_L539;20260619_113257;19.06.2026;10:45:00;539;13;7596;46;U2578Z1;Poděbrady,žel.st.;50.14819;15.12518
20260619_113257_L550;20260619_113257;19.06.2026;11:22:00;550;76;7846;10;U6587Z1;Vlašim,žel.st.;49.61917;14.80762
20260619_113257_L562;20260619_113257;19.06.2026;11:10:00;562;64;8382;21;U2926Z17;Rakovník,hasičský záchr.sbor;50.10067;13.73455
20260619_113257_L641;20260619_113257;19.06.2026;11:22:00;641;14;9573;11;U9105Z1;Beroun,autobusové nádraží;49.91197;13.97921
20260619_113257_L691;20260619_113257;19.06.2026;11:18:00;691;31;7983;14;U1798Z2;Mělník,aut.nádr.;50.37038;14.46559
20260619_113257_L764;20260619_113257;19.06.2026;11:19:00;764;56;8113;11;U3169Z1;Mcely;50.32197;14.99314
20260619_113257_L770;20260619_113257;19.06.2026;11:20:00;770;50;47819;12;U7667Z2;Benešov,Terminál;49.8109;14.78793
20260619_113257_L775;20260619_113257;19.06.2026;11:22:00;775;31;9790;11;U3389Z1;Mladá Boleslav,aut.st.;50.41295;14.90975
20260619_113257_L821;20260619_113257;19.06.2026;11:18:00;821;51;1614;13;U4148Z1;Kolín,nádraží;50.01046;14.99676
20260619_113257_L821;20260619_113257;19.06.2026;11:21:00;821;69;1606;12;U2385Z1;Sázava,aut.st.;49.9194;14.95974
20260619_113257_L335;20260619_113257;19.06.2026;11:20:00;335;3;9175;12;U2288Z1;Kamenice,Kult.dům;49.91783;14.58128
20260619_113257_L381;20260619_113257;19.06.2026;11:21:00;381;8;9931;12;U1878Z1;Kutná Hora,hlavní nádraží;49.99908;14.66801
20260619_113257_L382;20260619_113257;19.06.2026;11:19:00;382;20;9937;12;U2020Z1;Sázava,aut.st.;49.95713;14.82126
20260619_113257_L384;20260619_113257;19.06.2026;11:21:00;384;23;9887;12;U4273Z1;Praha,Zličín;49.96852;14.08116
20260619_113257_L395;20260619_113257;19.06.2026;11:21:00;395;35;9907;11;U9646Z1;Příbram,Drkolnov;49.70437;14.0797
20260619_113257_L395;20260619_113257;19.06.2026;11:21:00;395;3;9588;10;U9661Z2;Praha,Smíchovské nádraží;49.69374;14.04421
20260619_113257_L400;20260619_113257;19.06.2026;11:22:00;400;54;1086;10;U6077Z2;Praha,Střížkov;50.48733;14.48498
20260619_113257_L400;20260619_113257;19.06.2026;11:20:00;400;57;1091;12;U31355Z1;Nový Bor,aut.nádr.;50.69442;14.54146
20260619_113257_L401;20260619_113257;19.06.2026;11:20:00;401;59;7774;12;U1384Z16;Jindřichův Hradec,aut.nádr.;49.77992;14.684
20260619_113257_L401;20260619_113257;19.06.2026;11:20:00;401;61;7775;13;U6511Z2;Praha,Roztyly;49.66051;14.63567
20260619_113257_L406;20260619_113257;19.06.2026;11:18:00;406;28;7927;11;U1384Z16;Vlašim,žel.st.;49.77882;14.68402
20260619_113257_L428;20260619_113257;19.06.2026;11:21:00;428;10;7232;10;U7616Z1;Strakonice,aut.nádr.;49.5589;14.07935
20260619_113257_L492;20260619_113257;19.06.2026;11:19:00;492;43;9128;11;U2020Z1;Černé Voděrady;49.94929;14.81546
20260619_113257_L495;20260619_113257;19.06.2026;11:13:00;495;5;9460;19;U7779Z1;Nepomuk,sídliště;49.64345;13.83743
20260619_113257_L539;20260619_113257;19.06.2026;10:45:00;539;13;7596;46;U2578Z1;Poděbrady,žel.st.;50.14819;15.12518
20260619_113257_L550;20260619_113257;19.06.2026;11:22:00;550;76;7846;10;U6587Z1;Vlašim,žel.st.;49.61917;14.80762
20260619_113257_L562;20260619_113257;19.06.2026;11:10:00;562;64;8382;21;U2926Z17;Rakovník,hasičský záchr.sbor;50.10067;13.73455
20260619_113257_L641;20260619_113257;19.06.2026;11:22:00;641;14;9573;11;U9105Z1;Beroun,autobusové nádraží;49.91197;13.97921
20260619_113257_L691;20260619_113257;19.06.2026;11:18:00;691;31;7983;14;U1798Z2;Mělník,aut.nádr.;50.37038;14.46559
20260619_113257_L764;20260619_113257;19.06.2026;11:19:00;764;56;8113;11;U3169Z1;Mcely;50.32197;14.99314
20260619_113257_L770;20260619_113257;19.06.2026;11:20:00;770;50;47819;12;U7667Z2;Benešov,Terminál;49.8109;14.78793
20260619_113257_L775;20260619_113257;19.06.2026;11:22:00;775;31;9790;11;U3389Z1;Mladá Boleslav,aut.st.;50.41295;14.90975
20260619_113657_L550;20260619_113657;19.06.2026;11:26:00;550;76;7846;10;U6585Z1;Vlašim,žel.st.;49.63634;14.81996
20260619_113657_L495;20260619_113657;19.06.2026;11:13:00;495;5;9460;23;U7779Z1;Nepomuk,sídliště;49.64345;13.83743
20260619_113657_L821;20260619_113657;19.06.2026;11:24:00;821;69;1606;13;U2390Z51;Sázava,aut.st.;49.91439;14.97186
20260619_113657_L401;20260619_113657;19.06.2026;11:22:00;401;59;7774;15;U4442Z1;Jindřichův Hradec,aut.nádr.;49.78119;14.67957
20260619_113657_L402;20260619_113657;19.06.2026;11:25:00;402;2;7671;11;U1372Z2;Praha,Roztyly;50.00675;14.56762
20260619_113657_L821;20260619_113657;19.06.2026;11:24:00;821;51;1614;12;U4983Z1;Kolín,nádraží;50.01553;15.03218
20260619_113657_L395;20260619_113657;19.06.2026;11:25:00;395;35;9907;10;U9648Z1;Příbram,Drkolnov;49.69177;14.03812
20260619_113657_L634;20260619_113657;19.06.2026;11:25:00;634;19;9440;10;U9849Z2;Všeradice,žel.zast.;49.85912;14.0516
20260619_113657_L641;20260619_113657;19.06.2026;11:22:00;641;14;9573;13;U9105Z1;Beroun,autobusové nádraží;49.92731;13.97442
20260619_113657_L770;20260619_113657;19.06.2026;11:24:00;770;50;47819;12;U7807Z2;Benešov,Terminál;49.80933;14.75251
20260619_113657_L539;20260619_113657;19.06.2026;10:45:00;539;13;7596;50;U2578Z1;Poděbrady,žel.st.;50.14819;15.12518
20260619_113657_L691;20260619_113657;19.06.2026;11:22:00;691;31;7983;15;U1795Z2;Mělník,aut.nádr.;50.35815;14.47358
20260619_113657_L764;20260619_113657;19.06.2026;11:24:00;764;56;8113;12;U6243Z1;Mcely;50.31384;15.01806
20260619_113657_L428;20260619_113657;19.06.2026;11:26:00;428;10;7232;10;U5856Z1;Strakonice,aut.nádr.;49.53355;14.07925
20260619_113657_L400;20260619_113657;19.06.2026;11:20:00;400;57;1091;14;U31355Z1;Nový Bor,aut.nádr.;50.71157;14.54482
20260619_113657_L400;20260619_113657;19.06.2026;11:22:00;400;54;1086;14;U6077Z2;Praha,Střížkov;50.48145;14.48486
20260619_113657_L401;20260619_113657;19.06.2026;11:23:00;401;61;7775;14;U6525Z4;Praha,Roztyly;49.67373;14.63879
20260619_113657_L402;20260619_113657;19.06.2026;11:22:00;402;4;7672;13;U7317Z1;Čáslav,aut.st.;49.73198;15.05961
20260619_113657_L406;20260619_113657;19.06.2026;11:26:00;406;28;7927;10;U4073Z1;Vlašim,žel.st.;49.78565;14.68952
20260619_113657_L384;20260619_113657;19.06.2026;11:21:00;384;23;9887;13;U4273Z1;Praha,Zličín;49.9759;14.10281
20260619_113657_L335;20260619_113657;19.06.2026;11:23:00;335;3;9175;13;U1583Z1;Kamenice,Kult.dům;49.90946;14.56207
20260619_113657_L770;20260619_113657;19.06.2026;11:26:00;770;42;7918;10;U2032Z2;Uhlířské Janovice,nám.;49.87565;14.89561
20260619_113657_L395;20260619_113657;19.06.2026;11:23:00;395;3;9588;11;U9647Z2;Praha,Smíchovské nádraží;49.70504;14.08638
20260619_113657_L382;20260619_113657;19.06.2026;11:21:00;382;20;9937;12;U2022Z1;Sázava,aut.st.;49.92884;14.83439
20260619_113657_L562;20260619_113657;19.06.2026;11:10:00;562;64;8382;25;U2926Z17;Rakovník,hasičský záchr.sbor;50.10068;13.73454
20260619_113657_L381;20260619_113657;19.06.2026;11:23:00;381;8;9931;13;U1882Z1;Kutná Hora,hlavní nádraží;49.99582;14.67886
20260619_113657_L550;20260619_113657;19.06.2026;11:26:00;550;76;7846;10;U6585Z1;Vlašim,žel.st.;49.63634;14.81996
20260619_113657_L495;20260619_113657;19.06.2026;11:13:00;495;5;9460;23;U7779Z1;Nepomuk,sídliště;49.64345;13.83743
20260619_113657_L821;20260619_113657;19.06.2026;11:24:00;821;69;1606;13;U2390Z51;Sázava,aut.st.;49.91439;14.97186
20260619_113657_L401;20260619_113657;19.06.2026;11:22:00;401;59;7774;15;U4442Z1;Jindřichův Hradec,aut.nádr.;49.78119;14.67957
20260619_113657_L402;20260619_113657;19.06.2026;11:25:00;402;2;7671;11;U1372Z2;Praha,Roztyly;50.00675;14.56762
20260619_113657_L821;20260619_113657;19.06.2026;11:24:00;821;51;1614;12;U4983Z1;Kolín,nádraží;50.01553;15.03218
20260619_113657_L395;20260619_113657;19.06.2026;11:25:00;395;35;9907;10;U9648Z1;Příbram,Drkolnov;49.69177;14.03812
20260619_113657_L634;20260619_113657;19.06.2026;11:25:00;634;19;9440;10;U9849Z2;Všeradice,žel.zast.;49.85912;14.0516
20260619_113657_L641;20260619_113657;19.06.2026;11:22:00;641;14;9573;13;U9105Z1;Beroun,autobusové nádraží;49.92731;13.97442
20260619_113657_L770;20260619_113657;19.06.2026;11:24:00;770;50;47819;12;U7807Z2;Benešov,Terminál;49.80933;14.75251
20260619_113657_L539;20260619_113657;19.06.2026;10:45:00;539;13;7596;50;U2578Z1;Poděbrady,žel.st.;50.14819;15.12518
20260619_113657_L691;20260619_113657;19.06.2026;11:22:00;691;31;7983;15;U1795Z2;Mělník,aut.nádr.;50.35815;14.47358
20260619_113657_L764;20260619_113657;19.06.2026;11:24:00;764;56;8113;12;U6243Z1;Mcely;50.31384;15.01806
20260619_113657_L428;20260619_113657;19.06.2026;11:26:00;428;10;7232;10;U5856Z1;Strakonice,aut.nádr.;49.53355;14.07925
20260619_113657_L400;20260619_113657;19.06.2026;11:20:00;400;57;1091;14;U31355Z1;Nový Bor,aut.nádr.;50.71157;14.54482
20260619_113657_L400;20260619_113657;19.06.2026;11:22:00;400;54;1086;14;U6077Z2;Praha,Střížkov;50.48145;14.48486
20260619_113657_L401;20260619_113657;19.06.2026;11:23:00;401;61;7775;14;U6525Z4;Praha,Roztyly;49.67373;14.63879
20260619_113657_L402;20260619_113657;19.06.2026;11:22:00;402;4;7672;13;U7317Z1;Čáslav,aut.st.;49.73198;15.05961
20260619_113657_L406;20260619_113657;19.06.2026;11:26:00;406;28;7927;10;U4073Z1;Vlašim,žel.st.;49.78565;14.68952
20260619_113657_L384;20260619_113657;19.06.2026;11:21:00;384;23;9887;13;U4273Z1;Praha,Zličín;49.9759;14.10281
20260619_113657_L335;20260619_113657;19.06.2026;11:23:00;335;3;9175;13;U1583Z1;Kamenice,Kult.dům;49.90946;14.56207
20260619_113657_L770;20260619_113657;19.06.2026;11:26:00;770;42;7918;10;U2032Z2;Uhlířské Janovice,nám.;49.87565;14.89561
20260619_113657_L395;20260619_113657;19.06.2026;11:23:00;395;3;9588;11;U9647Z2;Praha,Smíchovské nádraží;49.70504;14.08638
20260619_113657_L382;20260619_113657;19.06.2026;11:21:00;382;20;9937;12;U2022Z1;Sázava,aut.st.;49.92884;14.83439
20260619_113657_L562;20260619_113657;19.06.2026;11:10:00;562;64;8382;25;U2926Z17;Rakovník,hasičský záchr.sbor;50.10068;13.73454
20260619_113657_L381;20260619_113657;19.06.2026;11:23:00;381;8;9931;13;U1882Z1;Kutná Hora,hlavní nádraží;49.99582;14.67886
20260619_114058_L406;20260619_114058;19.06.2026;11:29:00;406;28;7927;12;U5937Z1;Vlašim,žel.st.;49.78018;14.70573
20260619_114058_L381;20260619_114058;19.06.2026;11:27:00;381;8;9931;14;U2006Z1;Kutná Hora,hlavní nádraží;49.98858;14.71215
20260619_114058_L136;20260619_114058;19.06.2026;11:30:00;136;5;5080;10;U118Z4P;Jižní Město;50.07811;14.4608
20260619_114058_L460;20260619_114058;19.06.2026;11:28:00;460;67;1634;13;U4981Z4;Bečváry,Poďousy;50.00327;15.04322
20260619_114058_L495;20260619_114058;19.06.2026;11:13:00;495;5;9460;27;U7779Z1;Nepomuk,sídliště;49.64345;13.83743
20260619_114058_L539;20260619_114058;19.06.2026;10:45:00;539;13;7596;54;U2578Z1;Poděbrady,žel.st.;50.14819;15.12519
20260619_114058_L113;20260619_114058;19.06.2026;11:31:00;113;2;3917;10;U871Z1P;Točná;49.99651;14.46762
20260619_114058_L401;20260619_114058;19.06.2026;11:27:00;401;61;7775;14;U4884Z1;Praha,Roztyly;49.70131;14.65432
20260619_114058_L821;20260619_114058;19.06.2026;11:28:00;821;69;1606;12;U2049Z3;Sázava,aut.st.;49.89782;14.94589
20260619_114058_L400;20260619_114058;19.06.2026;11:25:00;400;54;1086;14;U6072Z2;Praha,Střížkov;50.45204;14.47326
20260619_114058_L821;20260619_114058;19.06.2026;11:28:00;821;51;1614;12;U4981Z4;Kolín,nádraží;50.00345;15.04761
20260619_114058_L770;20260619_114058;19.06.2026;11:24:00;770;50;47819;13;U7807Z2;Benešov,Terminál;49.80826;14.72082
20260619_114058_L428;20260619_114058;19.06.2026;11:31:00;428;10;7232;10;U32512Z1;Strakonice,aut.nádr.;49.48722;14.07126
20260619_114058_L634;20260619_114058;19.06.2026;11:30:00;634;19;9440;11;U9043Z2;Všeradice,žel.zast.;49.85833;14.08687
20260619_114058_L639;20260619_114058;19.06.2026;11:25:00;639;8;9586;15;U5953Z2;Dobříš,nám.;49.83323;14.02758
20260619_114058_L764;20260619_114058;19.06.2026;11:26:00;764;56;8113;12;U6242Z1;Mcely;50.30524;15.06767
20260619_114058_L641;20260619_114058;19.06.2026;11:27:00;641;14;9573;13;U9006Z1;Beroun,autobusové nádraží;49.93877;14.02077
20260619_114058_L382;20260619_114058;19.06.2026;11:30:00;382;20;9937;11;U2091Z1;Sázava,aut.st.;49.90267;14.83878
20260619_114058_L335;20260619_114058;19.06.2026;11:26:00;335;3;9175;15;U1574Z1;Kamenice,Kult.dům;49.90155;14.57072
20260619_114058_L770;20260619_114058;19.06.2026;11:26:00;770;42;7918;11;U2032Z2;Uhlířské Janovice,nám.;49.88208;14.91675
20260619_114058_L360;20260619_114058;19.06.2026;11:28:00;360;41;7210;11;U2515Z3;Sedlčany,aut.st.;49.81072;14.37333
20260619_114058_L401;20260619_114058;19.06.2026;11:26:00;401;59;7774;14;U5882Z1;Jindřichův Hradec,aut.nádr.;49.7661;14.67944
20260619_114058_L402;20260619_114058;19.06.2026;11:27:00;402;4;7672;11;U7053Z1;Čáslav,aut.st.;49.74183;15.10405
20260619_114058_L384;20260619_114058;19.06.2026;11:28:00;384;23;9887;12;U2372Z2;Praha,Zličín;49.986;14.133
20260619_114058_L550;20260619_114058;19.06.2026;11:31:00;550;76;7846;10;U4084Z1;Vlašim,žel.st.;49.64042;14.84409
20260619_114058_L395;20260619_114058;19.06.2026;11:31:00;395;35;9907;10;U9712Z1;Příbram,Drkolnov;49.68913;14.01144
20260619_114058_L395;20260619_114058;19.06.2026;11:26:00;395;3;9588;12;U9646Z2;Praha,Smíchovské nádraží;49.7242;14.11979
20260619_114058_L713;20260619_114058;19.06.2026;11:26:00;713;63;9509;14;U3256Z1;Sobotka,nám.;50.41069;14.92373
20260619_114058_L562;20260619_114058;19.06.2026;11:10:00;562;64;8382;29;U2926Z17;Rakovník,hasičský záchr.sbor;50.10068;13.73454
20260619_114058_L406;20260619_114058;19.06.2026;11:29:00;406;28;7927;12;U5937Z1;Vlašim,žel.st.;49.78018;14.70573
20260619_114058_L381;20260619_114058;19.06.2026;11:27:00;381;8;9931;14;U2006Z1;Kutná Hora,hlavní nádraží;49.98858;14.71215
20260619_114058_L136;20260619_114058;19.06.2026;11:30:00;136;5;5080;10;U118Z4P;Jižní Město;50.07811;14.4608
20260619_114058_L460;20260619_114058;19.06.2026;11:28:00;460;67;1634;13;U4981Z4;Bečváry,Poďousy;50.00327;15.04322
20260619_114058_L495;20260619_114058;19.06.2026;11:13:00;495;5;9460;27;U7779Z1;Nepomuk,sídliště;49.64345;13.83743
20260619_114058_L539;20260619_114058;19.06.2026;10:45:00;539;13;7596;54;U2578Z1;Poděbrady,žel.st.;50.14819;15.12519
20260619_114058_L113;20260619_114058;19.06.2026;11:31:00;113;2;3917;10;U871Z1P;Točná;49.99651;14.46762
20260619_114058_L401;20260619_114058;19.06.2026;11:27:00;401;61;7775;14;U4884Z1;Praha,Roztyly;49.70131;14.65432
20260619_114058_L821;20260619_114058;19.06.2026;11:28:00;821;69;1606;12;U2049Z3;Sázava,aut.st.;49.89782;14.94589
20260619_114058_L400;20260619_114058;19.06.2026;11:25:00;400;54;1086;14;U6072Z2;Praha,Střížkov;50.45204;14.47326
20260619_114058_L821;20260619_114058;19.06.2026;11:28:00;821;51;1614;12;U4981Z4;Kolín,nádraží;50.00345;15.04761
20260619_114058_L770;20260619_114058;19.06.2026;11:24:00;770;50;47819;13;U7807Z2;Benešov,Terminál;49.80826;14.72082
20260619_114058_L428;20260619_114058;19.06.2026;11:31:00;428;10;7232;10;U32512Z1;Strakonice,aut.nádr.;49.48722;14.07126
20260619_114058_L634;20260619_114058;19.06.2026;11:30:00;634;19;9440;11;U9043Z2;Všeradice,žel.zast.;49.85833;14.08687
20260619_114058_L639;20260619_114058;19.06.2026;11:25:00;639;8;9586;15;U5953Z2;Dobříš,nám.;49.83323;14.02758
20260619_114058_L764;20260619_114058;19.06.2026;11:26:00;764;56;8113;12;U6242Z1;Mcely;50.30524;15.06767
20260619_114058_L641;20260619_114058;19.06.2026;11:27:00;641;14;9573;13;U9006Z1;Beroun,autobusové nádraží;49.93877;14.02077
20260619_114058_L382;20260619_114058;19.06.2026;11:30:00;382;20;9937;11;U2091Z1;Sázava,aut.st.;49.90267;14.83878
20260619_114058_L335;20260619_114058;19.06.2026;11:26:00;335;3;9175;15;U1574Z1;Kamenice,Kult.dům;49.90155;14.57072
20260619_114058_L770;20260619_114058;19.06.2026;11:26:00;770;42;7918;11;U2032Z2;Uhlířské Janovice,nám.;49.88208;14.91675
20260619_114058_L360;20260619_114058;19.06.2026;11:28:00;360;41;7210;11;U2515Z3;Sedlčany,aut.st.;49.81072;14.37333
20260619_114058_L401;20260619_114058;19.06.2026;11:26:00;401;59;7774;14;U5882Z1;Jindřichův Hradec,aut.nádr.;49.7661;14.67944
20260619_114058_L402;20260619_114058;19.06.2026;11:27:00;402;4;7672;11;U7053Z1;Čáslav,aut.st.;49.74183;15.10405
20260619_114058_L384;20260619_114058;19.06.2026;11:28:00;384;23;9887;12;U2372Z2;Praha,Zličín;49.986;14.133
20260619_114058_L550;20260619_114058;19.06.2026;11:31:00;550;76;7846;10;U4084Z1;Vlašim,žel.st.;49.64042;14.84409
20260619_114058_L395;20260619_114058;19.06.2026;11:31:00;395;35;9907;10;U9712Z1;Příbram,Drkolnov;49.68913;14.01144
20260619_114058_L395;20260619_114058;19.06.2026;11:26:00;395;3;9588;12;U9646Z2;Praha,Smíchovské nádraží;49.7242;14.11979
20260619_114058_L713;20260619_114058;19.06.2026;11:26:00;713;63;9509;14;U3256Z1;Sobotka,nám.;50.41069;14.92373
20260619_114058_L562;20260619_114058;19.06.2026;11:10:00;562;64;8382;29;U2926Z17;Rakovník,hasičský záchr.sbor;50.10068;13.73454
20260619_114458_L821;20260619_114458;19.06.2026;11:32:00;821;69;1606;11;U2161Z2;Sázava,aut.st.;49.89501;14.92672
20260619_114458_L770;20260619_114458;19.06.2026;11:32:00;770;50;47819;12;U7004Z2;Benešov,Terminál;49.79176;14.70375
20260619_114458_L770;20260619_114458;19.06.2026;11:32:00;770;42;7918;11;U4080Z2;Uhlířské Janovice,nám.;49.88793;14.95095
20260619_114458_L787;20260619_114458;19.06.2026;11:33:00;787;6;7551;11;U9921Z1;Uhlířské Janovice,nám.;49.74764;15.1033
20260619_114458_L360;20260619_114458;19.06.2026;11:32:00;360;41;7210;10;U2528Z1;Sedlčany,aut.st.;49.79509;14.35218
20260619_114458_L372;20260619_114458;19.06.2026;11:35:00;372;2;8081;10;U2260Z2;Praha,Kobylisy;50.22605;14.41017
20260619_114458_L382;20260619_114458;19.06.2026;11:34:00;382;20;9937;10;U2027Z1;Sázava,aut.st.;49.89595;14.8584
20260619_114458_L402;20260619_114458;19.06.2026;11:33:00;402;4;7672;12;U7159Z71;Čáslav,aut.st.;49.74654;15.0975
20260619_114458_L641;20260619_114458;19.06.2026;11:33:00;641;14;9573;11;U1748Z2;Beroun,autobusové nádraží;49.94911;14.03946
20260619_114458_L495;20260619_114458;19.06.2026;11:13:00;495;5;9460;30;U7779Z1;Nepomuk,sídliště;49.64345;13.83743
20260619_114458_L136;20260619_114458;19.06.2026;11:34:00;136;5;5080;10;U855Z1P;Jižní Město;50.07445;14.46387
20260619_114458_L126;20260619_114458;19.06.2026;11:32:00;126;1;3858;10;U3053Z2P;Nádraží Uhříněves;50.03053;14.59668
20260619_114458_L209;20260619_114458;19.06.2026;11:34:00;209;47;9121;10;U542Z2P;Nádraží Uhříněves;50.03523;14.59366
20260619_114458_L406;20260619_114458;19.06.2026;11:32:00;406;28;7927;12;U7983Z1;Vlašim,žel.st.;49.76743;14.74119
20260619_114458_L550;20260619_114458;19.06.2026;11:34:00;550;76;7846;10;U4086Z1;Vlašim,žel.st.;49.6479;14.85723
20260619_114458_L725;20260619_114458;19.06.2026;11:34:00;725;67;9760;10;U31718Z1;Markvartice,pošta;50.43372;15.18027
20260619_114458_L322;20260619_114458;19.06.2026;11:32:00;322;12;8797;10;U5971Z2;Praha,Nádraží Veleslavín;50.11374;14.28315
20260619_114458_L307;20260619_114458;19.06.2026;11:34:00;307;12;8951;11;U1680Z1;Kladno,autobusové nádraží;50.05979;14.16595
20260619_114458_L395;20260619_114458;19.06.2026;11:34:00;395;35;9907;10;U3287Z12;Příbram,Drkolnov;49.68843;14.00579
20260619_114458_L428;20260619_114458;19.06.2026;11:34:00;428;10;7232;10;U31569Z1;Strakonice,aut.nádr.;49.46453;14.06868
20260619_114458_L562;20260619_114458;19.06.2026;11:10:00;562;64;8382;33;U2926Z17;Rakovník,hasičský záchr.sbor;50.10068;13.73455
20260619_114458_L113;20260619_114458;19.06.2026;11:35:00;113;2;3917;10;U2754Z1P;Točná;49.98423;14.46097
20260619_114458_L136;20260619_114458;19.06.2026;11:33:00;136;6;6780;12;U512Z5P;Jižní Město;50.09035;14.46741
20260619_114458_L384;20260619_114458;19.06.2026;11:32:00;384;23;9887;12;U2370Z2;Praha,Zličín;49.99426;14.15751
20260619_114859_L360;20260619_114859;19.06.2026;11:37:00;360;41;7210;11;U2534Z3;Sedlčany,aut.st.;49.78024;14.35149
20260619_114859_L550;20260619_114859;19.06.2026;11:36:00;550;76;7846;11;U4085Z1;Vlašim,žel.st.;49.66496;14.88296
20260619_114859_L787;20260619_114859;19.06.2026;11:38:00;787;6;7551;11;U7156Z2;Uhlířské Janovice,nám.;49.77088;15.10155
20260619_114859_L770;20260619_114859;19.06.2026;11:35:00;770;42;7918;12;U6052Z1;Uhlířské Janovice,nám.;49.87587;14.94535
20260619_114859_L406;20260619_114859;19.06.2026;11:35:00;406;13;7943;13;U9391Z7;Čechtice;49.70031;14.89839
20260619_114859_L126;20260619_114859;19.06.2026;11:35:00;126;1;3858;14;U542Z2P;Nádraží Uhříněves;50.03465;14.59452
20260619_114859_L402;20260619_114859;19.06.2026;11:36:00;402;4;7672;10;U9409Z1;Čáslav,aut.st.;49.74315;15.08786
20260619_114859_L555;20260619_114859;19.06.2026;11:36:00;555;9;8826;12;U9098Z1;Kladno,autobusové nádraží;50.03917;13.94492
20260619_114859_L724;20260619_114859;19.06.2026;11:36:00;724;65;9513;11;U3256Z1;Libáň,aut.st.;50.41077;14.92291
20260619_114859_L495;20260619_114859;19.06.2026;11:13:00;495;5;9460;34;U7779Z1;Nepomuk,sídliště;49.64345;13.83743
20260619_114859_L395;20260619_114859;19.06.2026;11:37:00;395;35;9907;11;U9734Z1;Příbram,Drkolnov;49.67895;13.99924
20260619_114859_L821;20260619_114859;19.06.2026;11:36:00;821;51;1614;12;U4991Z1;Kolín,nádraží;49.99424;15.0946
20260619_114859_L307;20260619_114859;19.06.2026;11:37:00;307;12;8951;10;U1682Z1;Kladno,autobusové nádraží;50.06414;14.15524
20260619_114859_L406;20260619_114859;19.06.2026;11:37:00;406;28;7927;11;U7856Z1;Vlašim,žel.st.;49.74874;14.7859
20260619_114859_L401;20260619_114859;19.06.2026;11:35:00;401;61;7775;14;U4556Z2;Praha,Roztyly;49.73804;14.66624
20260619_114859_L410;20260619_114859;19.06.2026;11:36:00;410;14;11651;11;U31056Z1;Doksy,žel.st.;50.51597;14.49227
20260619_114859_L405;20260619_114859;19.06.2026;11:37:00;405;63;1432;11;U31026Z1;Špindlerův Mlýn,aut.st.;50.63226;15.60628
20260619_114859_L639;20260619_114859;19.06.2026;11:37:00;639;8;9586;11;U2895Z1;Dobříš,nám.;49.8355;14.05307
20260619_114859_L641;20260619_114859;19.06.2026;11:37:00;641;14;9573;12;U4971Z2;Beroun,autobusové nádraží;49.95737;14.05773
20260619_114859_L821;20260619_114859;19.06.2026;11:35:00;821;69;1606;11;U9005Z1;Sázava,aut.st.;49.8836;14.90693
20260619_114859_L770;20260619_114859;19.06.2026;11:37:00;770;50;47819;12;U4483Z3;Benešov,Terminál;49.78753;14.68274
20260619_114859_L725;20260619_114859;19.06.2026;11:34:00;725;67;9760;14;U31718Z1;Markvartice,pošta;50.43373;15.1803
20260619_114859_L322;20260619_114859;19.06.2026;11:36:00;322;12;8797;10;U628Z10;Praha,Nádraží Veleslavín;50.10909;14.27521
20260619_114859_L372;20260619_114859;19.06.2026;11:37:00;372;2;8081;11;U2215Z2;Praha,Kobylisy;50.21921;14.40931
20260619_114859_L380;20260619_114859;19.06.2026;11:38:00;380;1;9984;10;U1646Z1;Králův Dvůr,Počaply,Obchodní centrum;50.03653;14.23841
20260619_114859_L805;20260619_114859;19.06.2026;11:37:00;805;18;7636;10;U7121Z2;Zruč n.Sáz.,Sázavan;49.90665;15.24597
20260619_114859_L113;20260619_114859;19.06.2026;11:38:00;113;2;3917;10;U1584Z1P;Točná;49.98679;14.44541
20260619_114859_L136;20260619_114859;19.06.2026;11:36:00;136;6;6780;12;U743Z2P;Jižní Město;50.08604;14.45554
20260619_115259_L322;20260619_115259;19.06.2026;11:42:00;322;12;8797;10;U698Z2;Praha,Nádraží Veleslavín;50.09816;14.28992
20260619_115259_L787;20260619_115259;19.06.2026;11:42:00;787;6;7551;11;U7153Z1;Uhlířské Janovice,nám.;49.76784;15.08103
20260619_115259_L360;20260619_115259;19.06.2026;11:39:00;360;41;7210;10;U2555Z1;Sedlčany,aut.st.;49.75637;14.34161
20260619_115259_L495;20260619_115259;19.06.2026;11:13:00;495;5;9460;38;U7779Z1;Nepomuk,sídliště;49.64345;13.83743
20260619_115259_L724;20260619_115259;19.06.2026;11:36:00;724;65;9513;15;U3256Z1;Libáň,aut.st.;50.41067;14.92441
20260619_115259_L805;20260619_115259;19.06.2026;11:40:00;805;18;7636;10;U7307Z2;Zruč n.Sáz.,Sázavan;49.87723;15.24273
20260619_115259_L136;20260619_115259;19.06.2026;11:40:00;136;7;5097;11;U1074Z4P;Jižní Město;50.09299;14.47193
20260619_115259_L372;20260619_115259;19.06.2026;11:41:00;372;2;8081;11;U2218Z2;Praha,Kobylisy;50.20097;14.43483
20260619_115259_L725;20260619_115259;19.06.2026;11:34:00;725;67;9760;18;U31718Z1;Markvartice,pošta;50.43373;15.1803
20260619_115259_L381;20260619_115259;19.06.2026;11:40:00;381;3;1678;11;U2480Z7;Čáslav,obchodní centrum;49.95174;15.27328
20260619_115259_L395;20260619_115259;19.06.2026;11:42:00;395;35;9907;11;U9754Z2;Příbram,Drkolnov;49.67341;13.99064
20260619_115259_L550;20260619_115259;19.06.2026;11:42:00;550;76;7846;10;U6758Z1;Vlašim,žel.st.;49.69226;14.894
20260619_115259_L395;20260619_115259;19.06.2026;11:40:00;395;3;9588;11;U1851Z4;Praha,Smíchovské nádraží;49.78706;14.17419
20260619_115259_L401;20260619_115259;19.06.2026;11:39:00;401;61;7775;13;U4554Z2;Praha,Roztyly;49.75604;14.67335
20260619_115259_L406;20260619_115259;19.06.2026;11:40:00;406;28;7927;13;U7609Z1;Vlašim,žel.st.;49.73517;14.8219
20260619_115259_L406;20260619_115259;19.06.2026;11:41:00;406;13;7943;12;U5794Z1;Čechtice;49.68771;14.92916
20260619_115259_L770;20260619_115259;19.06.2026;11:39:00;770;42;7918;13;U9945Z1;Uhlířské Janovice,nám.;49.86772;14.95675
20260619_115259_L555;20260619_115259;19.06.2026;11:41:00;555;9;8826;11;U9100Z1;Kladno,autobusové nádraží;50.05933;13.99663
20260619_115259_L460;20260619_115259;19.06.2026;11:39:00;460;67;1634;14;U4982Z1;Bečváry,Poďousy;50.0107;15.04744
20260619_115259_L821;20260619_115259;19.06.2026;11:40:00;821;51;1614;11;U4992Z1;Kolín,nádraží;50.00741;15.13635
20260619_115259_L307;20260619_115259;19.06.2026;11:39:00;307;12;8951;14;U1683Z1;Kladno,autobusové nádraží;50.0638;14.15462
20260619_115259_L380;20260619_115259;19.06.2026;11:42:00;380;1;9984;11;U1648Z1;Králův Dvůr,Počaply,Obchodní centrum;50.02996;14.22091
20260619_115259_L410;20260619_115259;19.06.2026;11:41:00;410;14;11651;10;U31047Z1;Doksy,žel.st.;50.52835;14.521
20260619_115259_L405;20260619_115259;19.06.2026;11:41:00;405;63;1432;11;U31028Z1;Špindlerův Mlýn,aut.st.;50.65123;15.60523
20260619_115259_L428;20260619_115259;19.06.2026;11:40:00;428;10;7232;11;U31734Z1;Strakonice,aut.nádr.;49.41916;14.03521
20260619_115700_L136;20260619_115700;19.06.2026;11:42:00;136;6;6780;14;U518Z3P;Jižní Město;50.07586;14.45908
20260619_115700_L136;20260619_115700;19.06.2026;11:40:00;136;7;5097;14;U1074Z4P;Jižní Město;50.09186;14.46898
20260619_115700_L183;20260619_115700;19.06.2026;11:47:00;183;4;5043;10;U552Z1P;Háje;50.06927;14.53704
20260619_115700_L210;20260619_115700;19.06.2026;11:44:00;210;1;1700;11;U4105Z2P;Blatov sever;50.08285;14.64813
20260619_115700_L243;20260619_115700;19.06.2026;11:43:00;243;1;1109;12;U6020Z1P;Radotínská lávka;49.97682;14.36793
20260619_115700_L805;20260619_115700;19.06.2026;11:44:00;805;18;7636;11;U9432Z1;Zruč n.Sáz.,Sázavan;49.86806;15.24323
20260619_115700_L821;20260619_115700;19.06.2026;11:44:00;821;51;1614;10;U4993Z1;Kolín,nádraží;50.0175;15.16969
20260619_115700_L315;20260619_115700;19.06.2026;11:46:00;315;8;1863;10;U3256Z1;Praha,Černý Most;50.41093;14.9197
20260619_115700_L322;20260619_115700;19.06.2026;11:47:00;322;12;8797;10;U85Z1;Praha,Nádraží Veleslavín;50.09269;14.32325
20260619_115700_L332;20260619_115700;19.06.2026;11:45:00;332;1;9171;10;U4861Z1;Neveklov;49.98754;14.49274
20260619_115700_L372;20260619_115700;19.06.2026;11:44:00;372;2;8081;12;U2217Z2;Praha,Kobylisy;50.17888;14.44221
20260619_115700_L375;20260619_115700;19.06.2026;11:45:00;375;6;1504;11;U3001Z2;Brandýs n.L.-St.Bol.,Žel.st.;50.20478;14.69074
20260619_115700_L380;20260619_115700;19.06.2026;11:46:00;380;1;9984;10;U1674Z1;Králův Dvůr,Počaply,Obchodní centrum;50.02026;14.20959
20260619_115700_L381;20260619_115700;19.06.2026;11:45:00;381;3;1678;12;U2482Z1;Čáslav,obchodní centrum;49.95703;15.28033
20260619_115700_L385;20260619_115700;19.06.2026;11:45:00;385;29;1622;10;U2006Z1;Mukařov;49.98986;14.72054
20260619_115700_L395;20260619_115700;19.06.2026;11:45:00;395;3;9588;12;U1843Z2;Praha,Smíchovské nádraží;49.79586;14.19179
20260619_115700_L401;20260619_115700;19.06.2026;11:43:00;401;61;7775;14;U4521Z2;Praha,Roztyly;49.77684;14.6804
20260619_115700_L405;20260619_115700;19.06.2026;11:44:00;405;63;1432;11;U31030Z1;Špindlerův Mlýn,aut.st.;50.67765;15.59602
20260619_115700_L406;20260619_115700;19.06.2026;11:44:00;406;28;7927;12;U5797Z1;Vlašim,žel.st.;49.7136;14.86479
20260619_115700_L406;20260619_115700;19.06.2026;11:43:00;406;13;7943;11;U9393Z1;Čechtice;49.67109;14.97066
20260619_115700_L428;20260619_115700;19.06.2026;11:45:00;428;10;7232;12;U32638Z1;Strakonice,aut.nádr.;49.37478;14.05169
20260619_115700_L460;20260619_115700;19.06.2026;11:44:00;460;67;1634;11;U5000Z1;Bečváry,Poďousy;49.99798;15.08985
20260619_115700_L488;20260619_115700;19.06.2026;11:47:00;488;8;9770;10;U7887Z1;Chraštice;49.65985;14.01643
20260619_115700_L495;20260619_115700;19.06.2026;11:13:00;495;5;9460;42;U7779Z1;Nepomuk,sídliště;49.64345;13.83743
20260619_115700_L555;20260619_115700;19.06.2026;11:44:00;555;9;8826;10;U4212Z3;Kladno,autobusové nádraží;50.08272;14.01417
20260619_115700_L724;20260619_115700;19.06.2026;11:36:00;724;65;9513;19;U3256Z1;Libáň,aut.st.;50.41057;14.92631
20260619_115700_L770;20260619_115700;19.06.2026;11:45:00;770;42;7918;11;U2162Z1;Uhlířské Janovice,nám.;49.88101;14.98376
20260619_115700_L787;20260619_115700;19.06.2026;11:47:00;787;6;7551;10;U7152Z2;Uhlířské Janovice,nám.;49.7774;15.09414
20260619_120101_L136;20260619_120101;19.06.2026;11:47:00;136;6;6780;13;U29Z1P;Jižní Město;50.07256;14.47045
20260619_120101_L805;20260619_120101;19.06.2026;11:48:00;805;18;7636;11;U7311Z1;Zruč n.Sáz.,Sázavan;49.84927;15.25155
20260619_120101_L332;20260619_120101;19.06.2026;11:49:00;332;1;9171;11;U1331Z1;Neveklov;49.97358;14.50238
20260619_120101_L337;20260619_120101;19.06.2026;11:47:00;337;25;9361;10;U1391Z1;Benešov,Terminál;49.81192;14.68181
20260619_120101_L372;20260619_120101;19.06.2026;11:47:00;372;2;8081;13;U2216Z2;Praha,Kobylisy;50.16582;14.45281
20260619_120101_L380;20260619_120101;19.06.2026;11:50:00;380;1;9984;11;U2322Z1;Králův Dvůr,Počaply,Obchodní centrum;50.01551;14.19763
20260619_120101_L381;20260619_120101;19.06.2026;11:48:00;381;3;1678;12;U6692Z1;Čáslav,obchodní centrum;49.96292;15.29644
20260619_120101_L385;20260619_120101;19.06.2026;11:47:00;385;29;1622;13;U2007Z1;Mukařov;49.98999;14.72601
20260619_120101_L389;20260619_120101;19.06.2026;11:51:00;389;12;7761;10;U4860Z1;Chomutov,žel.st.;50.2505;14.06168
20260619_120101_L405;20260619_120101;19.06.2026;11:48:00;405;63;1432;11;U31032Z1;Špindlerův Mlýn,aut.st.;50.69665;15.58454
20260619_120101_L406;20260619_120101;19.06.2026;11:49:00;406;28;7927;11;U5786Z2;Vlašim,žel.st.;49.70988;14.89757
20260619_120101_L406;20260619_120101;19.06.2026;11:49:00;406;13;7943;12;U7035Z1;Čechtice;49.64637;15.01565
20260619_120101_L428;20260619_120101;19.06.2026;11:49:00;428;10;7232;12;U31805Z1;Strakonice,aut.nádr.;49.3494;14.04934
20260619_120101_L488;20260619_120101;19.06.2026;11:50:00;488;8;9770;10;U7730Z1;Chraštice;49.63865;14.03941
20260619_120101_L495;20260619_120101;19.06.2026;11:13:00;495;5;9460;46;U7779Z1;Nepomuk,sídliště;49.64345;13.83743
20260619_120101_L555;20260619_120101;19.06.2026;11:51:00;555;9;8826;10;U3358Z1;Kladno,autobusové nádraží;50.1026;14.00567
20260619_120101_L641;20260619_120101;19.06.2026;11:48:00;641;16;9447;12;U9856Z2;Hořovice,nemocnice;49.8673;13.93043
20260619_120101_L770;20260619_120101;19.06.2026;11:51:00;770;42;7918;10;U2176Z1;Uhlířské Janovice,nám.;49.87793;15.03173
20260619_120101_L787;20260619_120101;19.06.2026;11:47:00;787;6;7551;10;U7152Z2;Uhlířské Janovice,nám.;49.78953;15.09848
20260619_120501_L641;20260619_120501;19.06.2026;11:55:00;641;17;9449;10;U9617Z1;Beroun,autobusové nádraží;49.83688;13.90328
20260619_120501_L641;20260619_120501;19.06.2026;11:52:00;641;16;9447;11;U9860Z2;Hořovice,nemocnice;49.84603;13.90986
20260619_120501_L372;20260619_120501;19.06.2026;11:50:00;372;2;8081;14;U92Z2;Praha,Kobylisy;50.14291;14.45098
20260619_120501_L488;20260619_120501;19.06.2026;11:54:00;488;8;9770;10;U7719Z1;Chraštice;49.62837;14.04487
20260619_120501_L402;20260619_120501;19.06.2026;11:54:00;402;4;7672;10;U7093Z1;Čáslav,aut.st.;49.7843;15.17696
20260619_120501_L499;20260619_120501;19.06.2026;11:52:00;499;13;8698;12;U3256Z1;Nymburk,hl.nádr.;50.41084;14.92215
20260619_120501_L385;20260619_120501;19.06.2026;11:47:00;385;29;1622;17;U2007Z1;Mukařov;49.98983;14.7309
20260619_120501_L377;20260619_120501;19.06.2026;11:55:00;377;21;1247;10;U771Z2;Praha,Letňany;50.13439;14.50586
20260619_120501_L805;20260619_120501;19.06.2026;11:54:00;805;18;7636;10;U7095Z2;Zruč n.Sáz.,Sázavan;49.82528;15.24484
20260619_120501_L405;20260619_120501;19.06.2026;11:52:00;405;61;1417;10;U31000Z2;Praha,Černý Most;50.46019;15.15538
20260619_120501_L405;20260619_120501;19.06.2026;11:52:00;405;63;1432;11;U31034Z1;Špindlerův Mlýn,aut.st.;50.72144;15.58847
20260619_120501_L428;20260619_120501;19.06.2026;11:51:00;428;10;7232;12;U32467Z1;Strakonice,aut.nádr.;49.31575;14.02291
20260619_120501_L639;20260619_120501;19.06.2026;11:54:00;639;8;9586;10;U6504Z1;Dobříš,nám.;49.81336;14.09049
20260619_120501_L821;20260619_120501;19.06.2026;11:53:00;821;51;1614;10;U4998Z1;Kolín,nádraží;50.02372;15.2001
20260619_120501_L787;20260619_120501;19.06.2026;11:55:00;787;6;7551;10;U7148Z1;Uhlířské Janovice,nám.;49.79479;15.11356
20260619_120501_L389;20260619_120501;19.06.2026;11:54:00;389;12;7761;10;U9225Z2;Chomutov,žel.st.;50.25965;14.04453
20260619_120501_L332;20260619_120501;19.06.2026;11:53:00;332;1;9171;11;U1330Z1;Neveklov;49.96415;14.51967
20260619_120501_L345;20260619_120501;19.06.2026;11:50:00;345;11;1865;12;U3389Z2;Praha,Černý Most;50.41072;14.92263
20260619_120501_L380;20260619_120501;19.06.2026;11:52:00;380;1;9984;12;U2368Z1;Králův Dvůr,Počaply,Obchodní centrum;50.00552;14.18075
20260619_120501_L136;20260619_120501;19.06.2026;11:51:00;136;6;6780;12;U37Z1P;Jižní Město;50.05733;14.47096
20260619_120501_L495;20260619_120501;19.06.2026;11:13:00;495;5;9460;50;U7779Z1;Nepomuk,sídliště;49.64345;13.83743
20260619_120501_L136;20260619_120501;19.06.2026;11:55:00;136;8;5545;10;U2787Z2P;Jižní Město;50.08772;14.45665
20260619_120901_L332;20260619_120901;19.06.2026;11:57:00;332;1;9171;11;U2130Z1;Neveklov;49.94899;14.51962
20260619_120901_L659;20260619_120901;19.06.2026;11:55:00;659;34;9177;13;U2016Z2;Stříbrná Skalice,Náměstí;49.99419;14.86026
20260619_120901_L805;20260619_120901;19.06.2026;11:56:00;805;18;7636;12;U7064Z2;Zruč n.Sáz.,Sázavan;49.82392;15.21218
20260619_120901_L401;20260619_120901;19.06.2026;11:56:00;401;59;7774;12;U6491Z1;Jindřichův Hradec,aut.nádr.;49.63799;14.65079
20260619_120901_L389;20260619_120901;19.06.2026;11:58:00;389;12;7761;10;U9227Z2;Chomutov,žel.st.;50.26133;14.01708
20260619_120901_L417;20260619_120901;19.06.2026;11:57:00;417;19;8756;11;U9291Z1;Praha,Zličín;50.13859;13.97583
20260619_120901_L380;20260619_120901;19.06.2026;11:56:00;380;1;9984;12;U2370Z1;Králův Dvůr,Počaply,Obchodní centrum;49.9945;14.15765
20260619_120901_L383;20260619_120901;19.06.2026;11:59:00;383;32;9109;10;U2006Z1;Chocerady;49.98858;14.71215
20260619_120901_L471;20260619_120901;19.06.2026;11:58:00;471;6;8090;10;U1789Z1;Mělník,aut.nádr.;50.32852;14.5008
20260619_120901_L641;20260619_120901;19.06.2026;11:56:00;641;16;9447;12;U9616Z7;Hořovice,nemocnice;49.83751;13.8984
20260619_120901_L360;20260619_120901;19.06.2026;11:58:00;360;41;7210;10;U4750Z1;Sedlčany,aut.st.;49.69958;14.35113
20260619_120902_L325;20260619_120902;19.06.2026;11:57:00;325;16;1636;10;U3053Z2;Praha,Nádraží Uhříněves;50.03106;14.59775
20260619_120902_L639;20260619_120902;19.06.2026;11:58:00;639;8;9586;10;U7177Z2;Dobříš,nám.;49.79693;14.12763
20260619_120902_L641;20260619_120902;19.06.2026;11:58:00;641;17;9449;11;U9616Z4;Beroun,autobusové nádraží;49.83819;13.89704
20260619_120902_L342;20260619_120902;19.06.2026;11:59:00;342;20;7701;10;U4418Z2;Slaný,žel.st.;50.18888;14.16242
20260619_120902_L767;20260619_120902;19.06.2026;11:54:00;767;21;8552;13;U6086Z2;Dolní Slivno;50.30328;14.72788
20260619_120902_L387;20260619_120902;19.06.2026;11:55:00;387;9;1686;12;U2016Z1;Uhlířské Janovice,nám.;49.99318;14.86356
20260619_120902_L136;20260619_120902;19.06.2026;11:56:00;136;6;6780;13;U697Z3P;Jižní Město;50.04871;14.48078
20260619_120902_L495;20260619_120902;19.06.2026;11:13:00;495;5;9460;55;U7779Z1;Nepomuk,sídliště;49.64361;13.83745
20260619_120902_L136;20260619_120902;19.06.2026;11:58:00;136;8;5545;10;U516Z3P;Jižní Město;50.08213;14.4595
20260619_121302_L639;20260619_121302;19.06.2026;12:02:00;639;8;9586;10;U7175Z2;Dobříš,nám.;49.78805;14.15611
20260619_121302_L641;20260619_121302;19.06.2026;11:59:00;641;16;9447;13;U9618Z6;Hořovice,nemocnice;49.83424;13.90232
20260619_121302_L641;20260619_121302;19.06.2026;12:00:00;641;17;9449;10;U9779Z2;Beroun,autobusové nádraží;49.85072;13.91897
20260619_121302_L471;20260619_121302;19.06.2026;12:01:00;471;6;8090;11;U1791Z1;Mělník,aut.nádr.;50.34037;14.49171
20260619_121302_L428;20260619_121302;19.06.2026;12:00:00;428;10;7232;13;U32470Z1;Strakonice,aut.nádr.;49.26846;13.91614
20260619_121302_L410;20260619_121302;19.06.2026;12:03:00;410;14;11651;10;U31041Z2;Doksy,žel.st.;50.56356;14.65337
20260619_121302_L380;20260619_121302;19.06.2026;12:01:00;380;1;9984;12;U2373Z1;Králův Dvůr,Počaply,Obchodní centrum;49.98269;14.12498
20260619_121302_L389;20260619_121302;19.06.2026;12:00:00;389;12;7761;10;U9229Z2;Chomutov,žel.st.;50.26893;13.99672
20260619_121302_L383;20260619_121302;19.06.2026;11:59:00;383;32;9109;12;U2006Z1;Chocerady;49.9899;14.72044
20260619_121302_L325;20260619_121302;19.06.2026;12:00:00;325;16;1636;13;U542Z2;Praha,Nádraží Uhříněves;50.03439;14.5949
20260619_121302_L332;20260619_121302;19.06.2026;12:01:00;332;1;9171;11;U2128Z1;Neveklov;49.93641;14.51291
20260619_121302_L342;20260619_121302;19.06.2026;12:01:00;342;20;7701;10;U4416Z2;Slaný,žel.st.;50.18182;14.14337
20260619_121302_L805;20260619_121302;19.06.2026;12:00:00;805;18;7636;12;U6962Z2;Zruč n.Sáz.,Sázavan;49.81178;15.18377
20260619_121302_L136;20260619_121302;19.06.2026;12:00:00;136;6;6780;13;U181Z1P;Jižní Město;50.0401;14.48986
20260619_121302_L369;20260619_121302;19.06.2026;12:03:00;369;32;8275;10;U1788Z1;Mělník,Mlazice;50.31382;14.51533
20260619_121302_L401;20260619_121302;19.06.2026;12:01:00;401;59;7774;11;U6487Z1;Jindřichův Hradec,aut.nádr.;49.59367;14.6616
20260619_121302_L659;20260619_121302;19.06.2026;11:55:00;659;34;9177;16;U2016Z2;Stříbrná Skalice,Náměstí;49.99102;14.85734
20260619_121302_L360;20260619_121302;19.06.2026;12:02:00;360;41;7210;10;U4753Z1;Sedlčany,aut.st.;49.69743;14.37895
20260619_121302_L136;20260619_121302;19.06.2026;12:00:00;136;8;5545;12;U118Z4P;Jižní Město;50.0781;14.4608
20260619_121702_L824;20260619_121702;19.06.2026;12:03:00;824;72;1601;13;U1984Z1;Kolín,nádraží;49.96663;14.96401
20260619_121702_L410;20260619_121702;19.06.2026;12:04:00;410;14;11651;11;U32258Z1;Doksy,žel.st.;50.57162;14.649
20260619_121703_L544;20260619_121703;19.06.2026;12:07:00;544;22;9067;10;U9836Z2;Malá Víska;49.79132;13.87027
20260619_121703_L641;20260619_121703;19.06.2026;12:05:00;641;10;9554;11;U9855Z55;Hořovice,nemocnice;49.88747;13.95608
20260619_121703_L641;20260619_121703;19.06.2026;12:07:00;641;17;9449;10;U9856Z1;Beroun,autobusové nádraží;49.86565;13.93352
20260619_121703_L805;20260619_121703;19.06.2026;12:05:00;805;15;7644;11;U7065Z1;Kolín,nádraží;49.8264;15.24695
20260619_121703_L805;20260619_121703;19.06.2026;12:05:00;805;18;7636;11;U7094Z2;Zruč n.Sáz.,Sázavan;49.78346;15.17683
20260619_121703_L471;20260619_121703;19.06.2026;12:05:00;471;6;8090;11;U3336Z1;Mělník,aut.nádr.;50.35068;14.4788
20260619_121703_L304;20260619_121703;19.06.2026;12:03:00;304;65;8408;13;U9898Z1;Rakovník,aut.st.;50.11559;13.76456
20260619_121703_L342;20260619_121703;19.06.2026;12:06:00;342;20;7701;10;U4413Z2;Slaný,žel.st.;50.16831;14.10719
20260619_121703_L401;20260619_121703;19.06.2026;12:04:00;401;59;7774;12;U6438Z5;Jindřichův Hradec,aut.nádr.;49.56813;14.65985
20260619_121703_L417;20260619_121703;19.06.2026;12:05:00;417;19;8756;10;U9924Z1;Praha,Zličín;50.12908;14.02187
20260619_121703_L181;20260619_121703;19.06.2026;12:06:00;181;3;5507;11;U641Z4P;Opatov;50.04585;14.52646
20260619_121703_L669;20260619_121703;19.06.2026;12:06:00;669;27;8183;10;U1924Z2;Brandýs n.L.-St.Bol.,Nádr.;50.18718;14.66463
20260619_121703_L433;20260619_121703;19.06.2026;12:07:00;433;15;8592;10;U3141Z1;Pečky,žel.st.;50.18084;15.02597
20260619_121703_L499;20260619_121703;19.06.2026;12:03:00;499;24;8658;10;U3389Z1;Mladá Boleslav,aut.st.;50.41868;14.91709
20260619_121703_L136;20260619_121703;19.06.2026;12:04:00;136;8;5545;12;U855Z1P;Jižní Město;50.07447;14.46386
20260619_121703_L381;20260619_121703;19.06.2026;12:05:00;381;3;1678;11;U7327Z1;Čáslav,obchodní centrum;49.9169;15.39034
20260619_121703_L369;20260619_121703;19.06.2026;12:04:00;369;32;8275;12;U1789Z1;Mělník,Mlazice;50.32198;14.50573
20260619_121703_L136;20260619_121703;19.06.2026;12:04:00;136;6;6780;13;U106Z2P;Jižní Město;50.02793;14.50764
20260619_122103_L136;20260619_122103;19.06.2026;12:10:00;136;9;5520;10;U118Z4P;Jižní Město;50.07811;14.4608
20260619_122103_L136;20260619_122103;19.06.2026;12:11:00;136;8;5545;10;U37Z1P;Jižní Město;50.06116;14.46947
20260619_122103_L181;20260619_122103;19.06.2026;12:08:00;181;3;5507;12;U219Z1P;Opatov;50.04287;14.5149
20260619_122103_L201;20260619_122103;19.06.2026;12:11:00;201;7;3812;10;U1276Z2P;Černý Most;50.12615;14.56558
20260619_122103_L824;20260619_122103;19.06.2026;12:03:00;824;72;1601;18;U1984Z1;Kolín,nádraží;49.96663;14.96402
20260619_122103_L304;20260619_122103;19.06.2026;12:06:00;304;65;8408;13;U2927Z1;Rakovník,aut.st.;50.1015;13.74307
20260619_122103_L332;20260619_122103;19.06.2026;12:09:00;332;1;9171;11;U2107Z1;Neveklov;49.90571;14.49242
20260619_122103_L342;20260619_122103;19.06.2026;12:10:00;342;20;7701;10;U4806Z1;Slaný,žel.st.;50.19173;14.11438
20260619_122103_L369;20260619_122103;19.06.2026;12:04:00;369;32;8275;16;U1789Z1;Mělník,Mlazice;50.32521;14.50313
20260619_122103_L372;20260619_122103;19.06.2026;12:10:00;372;2;8081;10;U675Z5;Kralupy n.Vlt.,žel.st.;50.12679;14.45225
20260619_122103_L375;20260619_122103;19.06.2026;12:11:00;375;3;8249;10;U1828Z1;Brandýs n.L.-St.Bol.,Žel.st.;50.19451;14.67273
20260619_122103_L380;20260619_122103;19.06.2026;12:06:00;380;1;9984;15;U4272Z1;Králův Dvůr,Počaply,Obchodní centrum;49.9689;14.07941
20260619_122103_L381;20260619_122103;19.06.2026;12:08:00;381;3;1678;11;U7320Z9;Čáslav,obchodní centrum;49.90865;15.39536
20260619_122103_L389;20260619_122103;19.06.2026;12:09:00;389;12;7761;11;U9233Z2;Chomutov,žel.st.;50.27998;13.95582
20260619_122103_L401;20260619_122103;19.06.2026;12:08:00;401;59;7774;10;U6442Z1;Jindřichův Hradec,aut.nádr.;49.51891;14.65544
20260619_122103_L417;20260619_122103;19.06.2026;12:09:00;417;19;8756;12;U6147Z1;Praha,Zličín;50.11851;14.04856
20260619_122103_L433;20260619_122103;19.06.2026;12:10:00;433;15;8592;10;U3145Z1;Pečky,žel.st.;50.18484;15.03521
20260619_122103_L467;20260619_122103;19.06.2026;12:10:00;467;5;8116;10;U1794Z2;Mělník,aut.nádr.;50.35187;14.48451
20260619_122103_L499;20260619_122103;19.06.2026;12:07:00;499;36;8690;12;U3078Z1;Mladá Boleslav,aut.st.;50.19034;15.03858
20260619_122103_L544;20260619_122103;19.06.2026;12:10:00;544;22;9067;10;U9837Z1;Malá Víska;49.7855;13.87924
20260619_122103_L641;20260619_122103;19.06.2026;12:07:00;641;17;9449;13;U9856Z1;Beroun,autobusové nádraží;49.87384;13.92328
20260619_122503_L109;20260619_122503;19.06.2026;12:12:00;109;4;4157;10;U97Z2P;VÚ Běchovice;50.08141;14.59499
20260619_122503_L125;20260619_122503;19.06.2026;12:11:00;125;4;5504;13;U424Z2P;Smíchovské nádraží;50.03451;14.49781
20260619_122503_L136;20260619_122503;19.06.2026;12:14:00;136;9;5520;10;U855Z1P;Jižní Město;50.07451;14.46393
20260619_122503_L136;20260619_122503;19.06.2026;12:10:00;136;6;6780;15;U286Z5P;Jižní Město;50.03056;14.52878
20260619_122503_L136;20260619_122503;19.06.2026;12:14:00;136;8;5545;11;U751Z2P;Jižní Město;50.05306;14.47423
20260619_122503_L136;20260619_122503;19.06.2026;12:15:00;136;10;6887;10;U2787Z2P;Jižní Město;50.08776;14.45668
20260619_122503_L183;20260619_122503;19.06.2026;12:15:00;183;5;5017;10;U708Z1P;Háje;50.07657;14.53772
20260619_122503_L805;20260619_122503;19.06.2026;12:12:00;805;15;7644;10;U7311Z2;Kolín,nádraží;49.86834;15.24212
20260619_122503_L805;20260619_122503;19.06.2026;12:10:00;805;18;7636;13;U7089Z2;Zruč n.Sáz.,Sázavan;49.78737;15.14379
20260619_122503_L300;20260619_122503;19.06.2026;12:14:00;300;7;8975;10;U4301Z1;Smečno;50.14711;14.21141
20260619_122503_L372;20260619_122503;19.06.2026;12:15:00;372;2;8081;10;U92Z1;Kralupy n.Vlt.,žel.st.;50.14388;14.45099
20260619_122503_L375;20260619_122503;19.06.2026;12:15:00;375;3;8249;10;U3001Z2;Brandýs n.L.-St.Bol.,Žel.st.;50.20425;14.68982
20260619_122503_L389;20260619_122503;19.06.2026;12:15:00;389;12;7761;10;U4850Z1;Chomutov,žel.st.;50.29487;13.91655
20260619_122503_L395;20260619_122503;19.06.2026;12:14:00;395;22;9876;10;U3287Z12;Příbram,Drkolnov;49.6874;14.00624
20260619_122503_L401;20260619_122503;19.06.2026;12:12:00;401;59;7774;10;U31269Z1;Jindřichův Hradec,aut.nádr.;49.49028;14.65566
20260619_122503_L417;20260619_122503;19.06.2026;12:11:00;417;19;8756;14;U9926Z1;Praha,Zličín;50.10956;14.06963
20260619_122503_L433;20260619_122503;19.06.2026;12:14:00;433;15;8592;11;U2969Z1;Pečky,žel.st.;50.18537;15.04155
20260619_122503_L467;20260619_122503;19.06.2026;12:15:00;467;15;8116;10;U1793Z4;Mladá Boleslav,aut.st.;50.35057;14.48914
20260619_122503_L499;20260619_122503;19.06.2026;12:07:00;499;36;8690;15;U3078Z1;Mladá Boleslav,aut.st.;50.19581;15.03757
20260619_122503_L641;20260619_122503;19.06.2026;12:07:00;641;17;9449;16;U9856Z1;Beroun,autobusové nádraží;49.88678;13.9519
20260619_122904_L183;20260619_122904;19.06.2026;12:18:00;183;5;5017;10;U975Z1P;Háje;50.06541;14.53641
20260619_122904_L136;20260619_122904;19.06.2026;12:18:00;136;8;5545;10;U417Z1P;Jižní Město;50.04292;14.48774
20260619_122904_L786;20260619_122904;19.06.2026;12:19:00;786;14;7610;10;U7345Z1;Paběnice,ObÚ;49.95514;15.27823
20260619_122904_L369;20260619_122904;19.06.2026;12:17:00;369;33;8233;11;U1788Z2;Praha,Ládví;50.31335;14.51569
20260619_122904_L136;20260619_122904;19.06.2026;12:18:00;136;10;6887;10;U516Z3P;Jižní Město;50.08213;14.45945
20260619_122904_L560;20260619_122904;19.06.2026;12:17:00;560;35;8332;11;U6826Z2;Kolešov;50.17022;13.55436
20260619_122904_L332;20260619_122904;19.06.2026;12:18:00;332;1;9171;11;U1936Z1;Neveklov;49.87907;14.50139
20260619_122904_L395;20260619_122904;19.06.2026;12:17:00;395;22;9876;11;U9734Z1;Příbram,Drkolnov;49.67907;13.99914
20260619_122904_L389;20260619_122904;19.06.2026;12:18:00;389;12;7761;10;U4851Z1;Chomutov,žel.st.;50.31375;13.87686
20260619_122904_L315;20260619_122904;19.06.2026;12:18:00;315;3;8674;10;U3063Z2;Praha,Černý Most;50.41039;14.92764
20260619_122904_L348;20260619_122904;19.06.2026;12:19:00;348;7;8231;10;U1308Z2;Praha,Ládví;50.19443;14.49567
20260619_122904_L372;20260619_122904;19.06.2026;12:18:00;372;2;8081;10;U2216Z1;Kralupy n.Vlt.,žel.st.;50.16808;14.45255
20260619_122904_L300;20260619_122904;19.06.2026;12:16:00;300;7;8975;12;U4302Z52;Smečno;50.14603;14.19261
20260619_122904_L549;20260619_122904;19.06.2026;12:18:00;549;33;7218;10;U7926Z1;Klučenice;49.64077;14.43412
20260619_122904_L805;20260619_122904;19.06.2026;12:16:00;805;15;7644;10;U9432Z2;Kolín,nádraží;49.88939;15.24376
20260619_122904_L726;20260619_122904;19.06.2026;12:18:00;726;39;9544;10;U3063Z2;Žerčice;50.4104;14.92792
20260619_122904_L433;20260619_122904;19.06.2026;12:17:00;433;15;8592;12;U2968Z2;Pečky,žel.st.;50.18061;15.04442
20260619_122904_L499;20260619_122904;19.06.2026;12:07:00;499;36;8690;19;U3078Z1;Mladá Boleslav,aut.st.;50.19868;15.03814
20260619_122904_L584;20260619_122904;19.06.2026;12:18:00;584;65;8401;11;U2009Z2;Mutějovice,Lhota p.Džbánem;50.10666;13.72976
20260619_122904_L177;20260619_122904;19.06.2026;12:17:00;177;3;5503;11;U160Z1P;Chodov;50.05078;14.52562
20260619_122904_L125;20260619_122904;19.06.2026;12:11:00;125;4;5504;17;U424Z2P;Smíchovské nádraží;50.03451;14.4978
20260619_122904_L640;20260619_122904;19.06.2026;12:19:00;640;27;9406;10;U2946Z2;Jince,Sokolovna;49.83911;14.01985
20260619_122904_L136;20260619_122904;19.06.2026;12:19:00;136;9;5520;10;U680Z3P;Jižní Město;50.06839;14.46926
20260619_123304_L177;20260619_123304;19.06.2026;12:22:00;177;3;5503;11;U195Z1P;Chodov;50.04522;14.51229
20260619_123304_L398;20260619_123304;19.06.2026;12:20:00;398;24;8266;11;U2353Z1;Praha,Černý Most;50.13081;14.73017
20260619_123304_L351;20260619_123304;19.06.2026;12:23:00;351;5;4560;10;U368Z1;Neratovice,Žel.st.;50.14975;14.50783
20260619_123304_L433;20260619_123304;19.06.2026;12:23:00;433;15;8592;10;U2965Z2;Pečky,žel.st.;50.16297;15.02142
20260619_123304_L560;20260619_123304;19.06.2026;12:21:00;560;35;8332;11;U6828Z2;Kolešov;50.16885;13.52575
20260619_123304_L584;20260619_123304;19.06.2026;12:22:00;584;65;8401;10;U6839Z1;Mutějovice,Lhota p.Džbánem;50.10264;13.74787
20260619_123304_L521;20260619_123304;19.06.2026;12:23:00;521;17;9617;10;U9736Z1;Věšín,Buková;49.67787;13.99079
20260619_123304_L669;20260619_123304;19.06.2026;12:20:00;669;25;8120;12;U1829Z2;Mečeříž;50.19825;14.68043
20260619_123304_L395;20260619_123304;19.06.2026;12:21:00;395;22;9876;11;U9753Z3;Příbram,Drkolnov;49.67138;13.99078
20260619_123304_L324;20260619_123304;19.06.2026;12:21:00;324;27;8955;10;U3095Z2;Praha,Zličín;50.14065;14.08099
20260619_123304_L369;20260619_123304;19.06.2026;12:20:00;369;33;8233;11;U1786Z2;Praha,Ládví;50.29447;14.49977
20260619_123304_L372;20260619_123304;19.06.2026;12:21:00;372;2;8081;11;U2219Z1;Kralupy n.Vlt.,žel.st.;50.17709;14.44729
20260619_123304_L381;20260619_123304;19.06.2026;12:23:00;381;2;9373;10;U1882Z1;Čáslav,obchodní centrum;49.99634;14.67705
20260619_123304_L300;20260619_123304;19.06.2026;12:19:00;300;7;8975;14;U4303Z52;Smečno;50.15293;14.18791
20260619_123304_L136;20260619_123304;19.06.2026;12:23:00;136;8;5545;10;U344Z1P;Jižní Město;50.03148;14.50548
20260619_123304_L786;20260619_123304;19.06.2026;12:20:00;786;14;7610;12;U2482Z1;Paběnice,ObÚ;49.95798;15.28605
20260619_123304_L805;20260619_123304;19.06.2026;12:19:00;805;18;7636;13;U7111Z2;Zruč n.Sáz.,Sázavan;49.77029;15.11371
20260619_123304_L763;20260619_123304;19.06.2026;12:22:00;763;31;9790;10;U4576Z1;Dobrovice,Chloumek;50.3669;14.9155
20260619_123304_L780;20260619_123304;19.06.2026;12:23:00;780;18;7606;10;U6973Z2;Třemošnice,aut.st.;49.90509;15.399
20260619_123304_L136;20260619_123304;19.06.2026;12:22:00;136;10;6887;11;U518Z3P;Jižní Město;50.07655;14.4588
20260619_123304_L183;20260619_123304;19.06.2026;12:22:00;183;5;5017;10;U453Z10P;Háje;50.05304;14.53727
20260619_123304_L186;20260619_123304;19.06.2026;12:21:00;186;3;7990;10;U51Z1P;Nádraží Satalice;50.12371;14.56882
20260619_123304_L726;20260619_123304;19.06.2026;12:18:00;726;39;9544;13;U3063Z2;Žerčice;50.40973;14.93873
20260619_123304_L431;20260619_123304;19.06.2026;12:22:00;431;3;1813;10;U3262Z1;Benátky n.Jiz.,aut.st.;50.25834;14.77638
20260619_123304_L125;20260619_123304;19.06.2026;12:23:00;125;1;5134;10;U424Z1P;Skalka;50.03346;14.49939
20260619_123304_L640;20260619_123304;19.06.2026;12:23:00;640;27;9406;10;U9812Z2;Jince,Sokolovna;49.8259;14.04178
20260619_123704_L125;20260619_123704;19.06.2026;12:26:00;125;1;5134;11;U379Z1P;Skalka;50.03185;14.51393
20260619_123704_L136;20260619_123704;19.06.2026;12:27:00;136;8;5545;10;U916Z1P;Jižní Město;50.02521;14.51592
20260619_123704_L136;20260619_123704;19.06.2026;12:24:00;136;10;6887;12;U855Z1P;Jižní Město;50.07447;14.4639
20260619_123704_L163;20260619_123704;19.06.2026;12:27:00;163;56;9484;10;U811Z1P;Sídliště Rohožník;50.07616;14.66056
20260619_123704_L177;20260619_123704;19.06.2026;12:25:00;177;3;5503;11;U99Z1P;Chodov;50.03729;14.50885
20260619_123704_L183;20260619_123704;19.06.2026;12:27:00;183;5;5017;10;U154Z2P;Háje;50.04789;14.55587
20260619_123704_L186;20260619_123704;19.06.2026;12:21:00;186;3;7990;14;U51Z1P;Nádraží Satalice;50.12371;14.56882
20260619_123704_L315;20260619_123704;19.06.2026;12:25:00;315;7;8676;11;U3393Z2;Praha,Černý Most;50.4336;14.92607
20260619_123704_L315;20260619_123704;19.06.2026;12:25:00;315;3;8674;12;U3384Z1;Praha,Černý Most;50.36554;14.87689
20260619_123704_L324;20260619_123704;19.06.2026;12:26:00;324;27;8955;11;U4313Z7;Praha,Zličín;50.14458;14.09298
20260619_123704_L332;20260619_123704;19.06.2026;12:23:00;332;27;9949;12;U1330Z1;Jílové u Prahy,Náměstí;49.96289;14.52201
20260619_123704_L348;20260619_123704;19.06.2026;12:26:00;348;7;8231;10;U1976Z2;Praha,Ládví;50.16639;14.48391
20260619_123704_L351;20260619_123704;19.06.2026;12:26:00;351;5;4560;10;U791Z1;Neratovice,Žel.st.;50.15167;14.52188
20260619_123704_L369;20260619_123704;19.06.2026;12:25:00;369;33;8233;12;U1963Z2;Praha,Ládví;50.26833;14.4958
20260619_123704_L372;20260619_123704;19.06.2026;12:23:00;372;2;8081;12;U2217Z1;Kralupy n.Vlt.,žel.st.;50.19856;14.4357
20260619_123704_L381;20260619_123704;19.06.2026;12:24:00;381;2;9373;11;U1886Z1;Čáslav,obchodní centrum;49.989;14.70046
20260619_123704_L398;20260619_123704;19.06.2026;12:23:00;398;24;8266;14;U2452Z2;Praha,Černý Most;50.12622;14.69731
20260619_123704_L401;20260619_123704;19.06.2026;12:25:00;401;59;7774;10;U31279Z1;Jindřichův Hradec,aut.nádr.;49.41107;14.67501
20260619_123704_L407;20260619_123704;19.06.2026;12:26:00;407;40;7527;10;U31796Z1;Písek,aut.nádr.;49.31207;14.14085
20260619_123704_L431;20260619_123704;19.06.2026;12:26:00;431;3;1813;10;U6112Z1;Benátky n.Jiz.,aut.st.;50.27695;14.78035
20260619_123704_L488;20260619_123704;19.06.2026;12:25:00;488;17;7224;10;U9755Z1;Písek,aut.nádr.;49.66396;14.00974
20260619_123704_L521;20260619_123704;19.06.2026;12:26:00;521;17;9617;11;U9741Z1;Věšín,Buková;49.67728;13.98333
20260619_123704_L549;20260619_123704;19.06.2026;12:27:00;549;33;7218;10;U5841Z3;Klučenice;49.61291;14.38511
20260619_123704_L560;20260619_123704;19.06.2026;12:23:00;560;35;8332;13;U6829Z2;Kolešov;50.15569;13.53057
20260619_123704_L640;20260619_123704;19.06.2026;12:23:00;640;27;9406;12;U9812Z2;Jince,Sokolovna;49.82591;14.04457
20260619_123704_L669;20260619_123704;19.06.2026;12:23:00;669;25;8120;13;U2363Z1;Mečeříž;50.21073;14.66189
20260619_123704_L726;20260619_123704;19.06.2026;12:23:00;726;39;9544;14;U6233Z1;Žerčice;50.41049;14.97696
20260619_123704_L763;20260619_123704;19.06.2026;12:27:00;763;31;9790;10;U4033Z1;Dobrovice,Chloumek;50.36842;14.95074
20260619_123704_L780;20260619_123704;19.06.2026;12:23:00;780;18;7606;10;U6973Z2;Třemošnice,aut.st.;49.90335;15.40829
20260619_123704_L786;20260619_123704;19.06.2026;12:23:00;786;14;7610;12;U7334Z2;Paběnice,ObÚ;49.94097;15.27938
20260619_123704_L795;20260619_123704;19.06.2026;12:25:00;795;19;7848;10;U6032Z1;Trhový Štěpánov,nám.;49.71671;14.9795
20260619_124105_L125;20260619_124105;19.06.2026;12:30:00;125;1;5134;11;U286Z5P;Skalka;50.03061;14.52881
20260619_124105_L136;20260619_124105;19.06.2026;12:31:00;136;8;5545;10;U151Z1P;Jižní Město;50.03148;14.5337
20260619_124105_L136;20260619_124105;19.06.2026;12:29:00;136;10;6887;12;U680Z3P;Jižní Město;50.06883;14.46902
20260619_124105_L136;20260619_124105;19.06.2026;12:30:00;136;11;6977;10;U118Z4P;Jižní Město;50.07786;14.46076
20260619_124105_L177;20260619_124105;19.06.2026;12:30:00;177;3;5503;11;U774Z2P;Chodov;50.02073;14.50791
20260619_124105_L183;20260619_124105;19.06.2026;12:30:00;183;5;5017;11;U1001Z1P;Háje;50.0438;14.5671
20260619_124105_L186;20260619_124105;19.06.2026;12:21:00;186;3;7990;18;U51Z1P;Nádraží Satalice;50.12371;14.56882
20260619_124105_L315;20260619_124105;19.06.2026;12:30:00;315;3;8674;11;U3264Z1;Praha,Černý Most;50.33346;14.86786
20260619_124105_L324;20260619_124105;19.06.2026;12:29:00;324;27;8955;11;U3094Z2;Praha,Zličín;50.1411;14.09882
20260619_124105_L332;20260619_124105;19.06.2026;12:23:00;332;27;9949;14;U1330Z1;Jílové u Prahy,Náměstí;49.95356;14.51788
20260619_124105_L348;20260619_124105;19.06.2026;12:28:00;348;7;8231;12;U3242Z2;Praha,Ládví;50.15354;14.48547
20260619_124105_L351;20260619_124105;19.06.2026;12:29:00;351;5;4560;12;U769Z1;Neratovice,Žel.st.;50.16433;14.52434
20260619_124105_L372;20260619_124105;19.06.2026;12:29:00;372;2;8081;12;U2215Z4;Kralupy n.Vlt.,žel.st.;50.22042;14.40824
20260619_124105_L381;20260619_124105;19.06.2026;12:27:00;381;2;9373;12;U2006Z1;Čáslav,obchodní centrum;49.98978;14.71998
20260619_124105_L387;20260619_124105;19.06.2026;12:27:00;387;9;1686;14;U2177Z1;Uhlířské Janovice,nám.;49.8799;15.03757
20260619_124105_L398;20260619_124105;19.06.2026;12:28:00;398;24;8266;13;U1743Z2;Praha,Černý Most;50.12017;14.65634
20260619_124105_L400;20260619_124105;19.06.2026;12:29:00;400;25;11696;10;U6072Z1;Nový Bor,aut.nádr.;50.47399;14.47541
20260619_124105_L401;20260619_124105;19.06.2026;12:29:00;401;59;7774;11;U4886Z7;Jindřichův Hradec,aut.nádr.;49.41414;14.67481
20260619_124105_L407;20260619_124105;19.06.2026;12:26:00;407;40;7527;12;U31796Z1;Písek,aut.nádr.;49.29831;14.14364
20260619_124105_L431;20260619_124105;19.06.2026;12:27:00;431;3;1813;11;U6105Z1;Benátky n.Jiz.,aut.st.;50.29219;14.78972
20260619_124105_L436;20260619_124105;19.06.2026;12:31:00;436;20;8601;10;U3173Z1;Lipník;50.2706;14.96201
20260619_124105_L443;20260619_124105;19.06.2026;12:30:00;443;22;8594;10;U4292Z1;Nymburk,hl.nádr.;50.16454;14.7602
20260619_124105_L521;20260619_124105;19.06.2026;12:30:00;521;17;9617;11;U9767Z1;Věšín,Buková;49.6605;13.95411
20260619_124105_L560;20260619_124105;19.06.2026;12:23:00;560;35;8332;16;U6829Z2;Kolešov;50.14849;13.50725
20260619_124105_L676;20260619_124105;19.06.2026;12:31:00;676;33;8593;10;U3039Z1;Seletice;50.28696;15.02145
20260619_124105_L726;20260619_124105;19.06.2026;12:27:00;726;39;9544;14;U6262Z1;Žerčice;50.40574;15.00677
20260619_124105_L761;20260619_124105;19.06.2026;12:28:00;761;42;1570;11;U1688Z1;Velké Popovice,Todice;49.90772;14.64386
20260619_124105_L763;20260619_124105;19.06.2026;12:30:00;763;31;9790;11;U1171Z2;Dobrovice,Chloumek;50.36897;14.9638
20260619_124506_L125;20260619_124506;19.06.2026;12:31:00;125;1;5134;12;U151Z1P;Skalka;50.03303;14.54522
20260619_124506_L136;20260619_124506;19.06.2026;12:33:00;136;10;6887;11;U183Z3P;Jižní Město;50.05607;14.47157
20260619_124506_L136;20260619_124506;19.06.2026;12:34:00;136;11;6977;10;U855Z1P;Jižní Město;50.07427;14.46577
20260619_124506_L177;20260619_124506;19.06.2026;12:33:00;177;3;5503;11;U972Z2P;Chodov;50.02334;14.48837
20260619_124506_L183;20260619_124506;19.06.2026;12:34:00;183;5;5017;10;U338Z2P;Háje;50.03329;14.5597
20260619_124506_L186;20260619_124506;19.06.2026;12:21:00;186;3;7990;22;U51Z1P;Nádraží Satalice;50.12371;14.56882
20260619_124506_L303;20260619_124506;19.06.2026;12:34:00;303;9;8042;10;U1253Z2;Křenice;50.05698;14.66954
20260619_124506_L315;20260619_124506;19.06.2026;12:32:00;315;3;8674;11;U3383Z1;Praha,Černý Most;50.31548;14.85703
20260619_124506_L324;20260619_124506;19.06.2026;12:32:00;324;27;8955;11;U4310Z2;Praha,Zličín;50.13208;14.11118
20260619_124506_L348;20260619_124506;19.06.2026;12:32:00;348;7;8231;13;U167Z2;Praha,Ládví;50.13779;14.47864
20260619_124506_L351;20260619_124506;19.06.2026;12:34:00;351;5;4560;10;U1484Z1;Neratovice,Žel.st.;50.18172;14.5168
20260619_124506_L369;20260619_124506;19.06.2026;12:31:00;369;33;8233;14;U1958Z2;Praha,Ládví;50.21072;14.49893
20260619_124506_L369;20260619_124506;19.06.2026;12:34:00;369;35;8282;11;U1789Z1;Štětí,záv.;50.32251;14.5053
20260619_124506_L372;20260619_124506;19.06.2026;12:32:00;372;2;8081;13;U2260Z1;Kralupy n.Vlt.,žel.st.;50.2262;14.41032
20260619_124506_L381;20260619_124506;19.06.2026;12:27:00;381;2;9373;16;U2006Z1;Čáslav,obchodní centrum;49.98992;14.72879
20260619_124506_L385;20260619_124506;19.06.2026;12:33:00;385;29;1622;10;U2097Z2;Praha,Opatov;49.99559;14.58673
20260619_124506_L398;20260619_124506;19.06.2026;12:31:00;398;24;8266;13;U155Z2;Praha,Černý Most;50.11759;14.62578
20260619_124506_L409;20260619_124506;19.06.2026;12:35:00;409;71;8704;10;U2822Z2;Velké Přílepy;50.1711;14.3515
20260619_124506_L414;20260619_124506;19.06.2026;12:33:00;414;20;1521;10;U4259Z12;Středokluky,U Školy;50.1196;14.29039
20260619_124506_L430;20260619_124506;19.06.2026;12:31:00;430;7;8555;12;U2463Z1;Lipník;50.2333;14.86178
20260619_124506_L431;20260619_124506;19.06.2026;12:34:00;431;3;1813;10;U6106Z1;Benátky n.Jiz.,aut.st.;50.28887;14.82459
20260619_124506_L432;20260619_124506;19.06.2026;12:32:00;432;2;8693;11;U3174Z51;Mladá Boleslav,aut.st.;50.28156;14.95537
20260619_124506_L443;20260619_124506;19.06.2026;12:34:00;443;22;8594;10;U2442Z1;Nymburk,hl.nádr.;50.16256;14.78657
20260619_124506_L453;20260619_124506;19.06.2026;12:34:00;453;6;7509;10;U32045Z2;Vlašim,žel.st.;49.41177;14.68421
20260619_124506_L491;20260619_124506;19.06.2026;12:32:00;491;9;8653;12;U2008Z3;Český Brod,žel.st.;49.98942;14.74074
20260619_124506_L521;20260619_124506;19.06.2026;12:33:00;521;17;9617;11;U9624Z1;Věšín,Buková;49.65154;13.93679
20260619_124506_L586;20260619_124506;19.06.2026;12:34:00;586;27;7684;10;U4836Z1;Nové Strašecí,Palackého;50.23427;14.0589
20260619_124506_L640;20260619_124506;19.06.2026;12:31:00;640;27;9406;12;U9808Z2;Jince,Sokolovna;49.80132;14.00771
20260619_124506_L676;20260619_124506;19.06.2026;12:35:00;676;33;8593;10;U3048Z1;Seletice;50.29157;15.0501
20260619_124506_L763;20260619_124506;19.06.2026;12:34:00;763;31;9790;11;U4034Z1;Dobrovice,Chloumek;50.37357;14.95204
20260619_124506_L786;20260619_124506;19.06.2026;12:30:00;786;14;7610;12;U7294Z1;Paběnice,ObÚ;49.91493;15.30031
20260619_124906_L125;20260619_124906;19.06.2026;12:36:00;125;1;5134;13;U842Z2P;Skalka;50.03799;14.5619
20260619_124906_L136;20260619_124906;19.06.2026;12:37:00;136;10;6887;12;U322Z3P;Jižní Město;50.04553;14.48475
20260619_124906_L136;20260619_124906;19.06.2026;12:37:00;136;11;6977;11;U29Z1P;Jižní Město;50.07257;14.47047
20260619_124906_L186;20260619_124906;19.06.2026;12:21:00;186;3;7990;26;U51Z1P;Nádraží Satalice;50.12371;14.56882
20260619_124906_L805;20260619_124906;19.06.2026;12:39:00;805;15;7644;10;U5862Z1;Kolín,nádraží;49.94706;15.27879
20260619_124906_L303;20260619_124906;19.06.2026;12:39:00;303;9;8042;10;U3250Z2;Křenice;50.04002;14.66701
20260619_124906_L315;20260619_124906;19.06.2026;12:37:00;315;3;8674;10;U3380Z2;Praha,Černý Most;50.28555;14.8284
20260619_124906_L324;20260619_124906;19.06.2026;12:37:00;324;27;8955;12;U4318Z2;Praha,Zličín;50.1274;14.12458
20260619_124906_L339;20260619_124906;19.06.2026;12:38:00;339;32;9163;10;U1330Z1;Kamenice,Kult.dům;49.96591;14.51733
20260619_124906_L345;20260619_124906;19.06.2026;12:38:00;345;36;10654;10;U3392Z2;Praha,Černý Most;50.42726;14.91985
20260619_124906_L351;20260619_124906;19.06.2026;12:37:00;351;5;4560;10;U974Z1;Neratovice,Žel.st.;50.20076;14.52046
20260619_124906_L369;20260619_124906;19.06.2026;12:34:00;369;33;8233;14;U1308Z2;Praha,Ládví;50.19424;14.49319
20260619_124906_L369;20260619_124906;19.06.2026;12:37:00;369;35;8282;12;U1791Z1;Štětí,záv.;50.33994;14.49216
20260619_124906_L381;20260619_124906;19.06.2026;12:27:00;381;2;9373;19;U2006Z1;Čáslav,obchodní centrum;49.98968;14.73567
20260619_124906_L385;20260619_124906;19.06.2026;12:37:00;385;29;1622;10;U1382Z2;Praha,Opatov;50.00284;14.57629
20260619_124906_L398;20260619_124906;19.06.2026;12:34:00;398;24;8266;14;U452Z2;Praha,Černý Most;50.11514;14.61124
20260619_124906_L400;20260619_124906;19.06.2026;12:34:00;400;25;11696;15;U6078Z1;Nový Bor,aut.nádr.;50.49491;14.48709
20260619_124906_L406;20260619_124906;19.06.2026;12:34:00;406;4;7936;14;U9384Z1;Pelhřimov,aut.nádr.;49.75858;14.75801
20260619_124906_L412;20260619_124906;19.06.2026;12:37:00;412;43;9917;12;U31012Z2;Praha,Černý Most;50.4391;15.35048
20260619_124906_L414;20260619_124906;19.06.2026;12:37:00;414;20;1521;11;U628Z10;Středokluky,U Školy;50.10651;14.27071
20260619_124906_L430;20260619_124906;19.06.2026;12:37:00;430;7;8555;12;U1492Z2;Lipník;50.22904;14.87795
20260619_124906_L436;20260619_124906;19.06.2026;12:36:00;436;20;8601;10;U4184Z1;Lipník;50.2813;14.94185
20260619_124906_L443;20260619_124906;19.06.2026;12:38:00;443;22;8594;11;U2428Z2;Nymburk,hl.nádr.;50.16016;14.82489
20260619_124906_L453;20260619_124906;19.06.2026;12:38:00;453;6;7509;11;U32298Z2;Vlašim,žel.st.;49.42319;14.70944
20260619_124906_L521;20260619_124906;19.06.2026;12:36:00;521;17;9617;12;U7696Z1;Věšín,Buková;49.65067;13.90339
20260619_124906_L546;20260619_124906;19.06.2026;12:39:00;546;5;9572;10;U9827Z1;Hořovice,nám.B.Němcové;49.82025;13.86464
20260619_124906_L586;20260619_124906;19.06.2026;12:37:00;586;27;7684;11;U4606Z51;Nové Strašecí,Palackého;50.22292;14.04098
20260619_124906_L669;20260619_124906;19.06.2026;12:34:00;669;25;8120;14;U1464Z1;Mečeříž;50.26194;14.64697
20260619_124906_L676;20260619_124906;19.06.2026;12:38:00;676;33;8593;10;U3061Z1;Seletice;50.29791;15.07641
20260619_124906_L763;20260619_124906;19.06.2026;12:37:00;763;31;9790;11;U6470Z1;Dobrovice,Chloumek;50.37977;14.93484
20260619_124906_L785;20260619_124906;19.06.2026;12:38:00;785;11;7621;11;U6667Z1;Kutná Hora,Poličany;50.01634;15.21931
20260619_124906_L786;20260619_124906;19.06.2026;12:37:00;786;14;7610;11;U7124Z2;Paběnice,ObÚ;49.90744;15.26234
20260619_125307_L125;20260619_125307;19.06.2026;12:39:00;125;1;5134;13;U3052Z2P;Skalka;50.04116;14.55184
20260619_125307_L136;20260619_125307;19.06.2026;12:40:00;136;10;6887;12;U181Z1P;Jižní Město;50.03947;14.49053
20260619_125307_L136;20260619_125307;19.06.2026;12:41:00;136;11;6977;11;U37Z1P;Jižní Město;50.06042;14.46954
20260619_125307_L324;20260619_125307;19.06.2026;12:40:00;324;27;8955;12;U4316Z5;Praha,Zličín;50.13244;14.138
20260619_125307_L332;20260619_125307;19.06.2026;12:39:00;332;27;9949;13;U2107Z1;Jílové u Prahy,Náměstí;49.90741;14.49192
20260619_125307_L351;20260619_125307;19.06.2026;12:43:00;351;5;4560;10;U1300Z1;Neratovice,Žel.st.;50.21874;14.5339
20260619_125307_L369;20260619_125307;19.06.2026;12:40:00;369;33;8233;13;U1806Z2;Praha,Ládví;50.17678;14.48426
20260619_125307_L369;20260619_125307;19.06.2026;12:39:00;369;35;8282;13;U3335Z1;Štětí,záv.;50.34642;14.48455
20260619_125307_L385;20260619_125307;19.06.2026;12:42:00;385;29;1622;10;U2558Z2;Praha,Opatov;50.00866;14.57066
20260619_125307_L395;20260619_125307;19.06.2026;12:43:00;395;45;9857;10;U9748Z1;Příbram,Březové Hory;49.67555;13.98887
20260619_125307_L412;20260619_125307;19.06.2026;12:39:00;412;43;9917;12;U31011Z2;Praha,Černý Most;50.44611;15.32665
20260619_125307_L430;20260619_125307;19.06.2026;12:40:00;430;7;8555;12;U1496Z2;Lipník;50.22825;14.88427
20260619_125307_L432;20260619_125307;19.06.2026;12:41:00;432;2;8693;10;U3049Z1;Mladá Boleslav,aut.st.;50.33458;14.92719
20260619_125307_L436;20260619_125307;19.06.2026;12:40:00;436;20;8601;11;U1289Z1;Lipník;50.28038;14.92662
20260619_125307_L443;20260619_125307;19.06.2026;12:38:00;443;22;8594;13;U2428Z2;Nymburk,hl.nádr.;50.16542;14.83454
20260619_125307_L453;20260619_125307;19.06.2026;12:41:00;453;6;7509;11;U32039Z2;Vlašim,žel.st.;49.44036;14.74346
20260619_125307_L491;20260619_125307;19.06.2026;12:42:00;491;10;8575;10;U9608Z1;Mukařov;50.01562;14.78321
20260619_125307_L521;20260619_125307;19.06.2026;12:39:00;521;17;9617;13;U7693Z2;Věšín,Buková;49.64992;13.93103
20260619_125307_L546;20260619_125307;19.06.2026;12:42:00;546;5;9572;11;U9787Z1;Hořovice,nám.B.Němcové;49.83172;13.88416
20260619_125307_L586;20260619_125307;19.06.2026;12:42:00;586;27;7684;11;U9263Z2;Nové Strašecí,Palackého;50.21639;14.00492
20260619_125307_L630;20260619_125307;19.06.2026;12:43:00;630;39;8805;10;U4895Z1;Beroun,Jarov,náves;50.08514;14.13142
20260619_125307_L640;20260619_125307;19.06.2026;12:40:00;640;27;9406;12;U9797Z1;Hostomice,nám.;49.78598;13.97929
20260619_125307_L736;20260619_125307;19.06.2026;12:42:00;736;74;9762;10;U6225Z2;Mladá Boleslav,aut.st.;50.48206;15.04397
20260619_125307_L785;20260619_125307;19.06.2026;12:40:00;785;11;7621;12;U6668Z1;Kutná Hora,Poličany;50.01027;15.22741
20260619_125307_L786;20260619_125307;19.06.2026;12:41:00;786;14;7610;11;U7120Z2;Paběnice,ObÚ;49.8984;15.26003
20260619_125708_L125;20260619_125708;19.06.2026;12:43:00;125;1;5134;14;U2707Z2P;Skalka;50.04689;14.55149
20260619_125708_L136;20260619_125708;19.06.2026;12:44:00;136;10;6887;12;U106Z2P;Jižní Město;50.02749;14.50771
20260619_125708_L136;20260619_125708;19.06.2026;12:47:00;136;11;6977;10;U322Z3P;Jižní Město;50.04607;14.4839
20260619_125708_L136;20260619_125708;19.06.2026;12:45:00;136;13;6985;12;U2787Z2P;Jižní Město;50.08774;14.45672
20260619_125708_L351;20260619_125708;19.06.2026;12:46:00;351;5;4560;10;U1301Z1;Neratovice,Žel.st.;50.23181;14.52951
20260619_125708_L369;20260619_125708;19.06.2026;12:43:00;369;33;8233;13;U3242Z2;Praha,Ládví;50.16011;14.48381
20260619_125708_L380;20260619_125708;19.06.2026;12:46:00;380;4;9978;11;U1745Z2;Praha,Vypich;49.96526;14.07191
20260619_125708_L384;20260619_125708;19.06.2026;12:45:00;384;17;9866;10;U9105Z2;Hořovice,nám.B.Němcové;49.9074;13.96935
20260619_125708_L385;20260619_125708;19.06.2026;12:44:00;385;29;1622;13;U1371Z3;Praha,Opatov;50.00194;14.56134
20260619_125708_L406;20260619_125708;19.06.2026;12:45:00;406;13;7943;11;U7608Z2;Praha,Roztyly;49.7496;14.78266
20260619_125708_L412;20260619_125708;19.06.2026;12:44:00;412;43;9917;11;U31007Z2;Praha,Černý Most;50.45442;15.26201
20260619_125708_L430;20260619_125708;19.06.2026;12:44:00;430;7;8555;12;U1489Z3;Lipník;50.2243;14.8964
20260619_125708_L453;20260619_125708;19.06.2026;12:46:00;453;6;7509;10;U32053Z2;Vlašim,žel.st.;49.46262;14.76954
20260619_125708_L467;20260619_125708;19.06.2026;12:47:00;467;53;9800;10;U4728Z1;Roudnice n.L.,ČSAD;50.37372;14.39025
20260619_125708_L491;20260619_125708;19.06.2026;12:45:00;491;10;8575;10;U2071Z2;Mukařov;50.00297;14.766
20260619_125708_L521;20260619_125708;19.06.2026;12:44:00;521;17;9617;13;U1765Z1;Věšín,Buková;49.6272;13.90042
20260619_125708_L546;20260619_125708;19.06.2026;12:45:00;546;5;9572;11;U3270Z3;Hořovice,nám.B.Němcové;49.8434;13.90078
20260619_125708_L560;20260619_125708;19.06.2026;12:45:00;560;35;8332;11;U6831Z1;Rakovník,aut.st.;50.15359;13.56451
20260619_125708_L586;20260619_125708;19.06.2026;12:46:00;586;27;7684;10;U9247Z2;Nové Strašecí,Palackého;50.20782;13.97664
20260619_125708_L628;20260619_125708;19.06.2026;12:47:00;628;24;8798;10;U9323Z2;Kladno,autobusové nádraží;50.19921;13.90585
20260619_125708_L706;20260619_125708;19.06.2026;12:47:00;706;62;1605;10;U6608Z1;Žiželice,nám.;50.03288;15.20694
20260619_125708_L724;20260619_125708;19.06.2026;12:47:00;724;64;9425;10;U6262Z1;Libáň,aut.st.;50.40615;15.00593
20260619_125708_L736;20260619_125708;19.06.2026;12:45:00;736;74;9762;12;U9453Z2;Mladá Boleslav,aut.st.;50.46282;15.0454
20260619_125708_L786;20260619_125708;19.06.2026;12:45:00;786;14;7610;11;U7116Z2;Paběnice,ObÚ;49.8929;15.27863
20260619_130109_L136;20260619_130109;19.06.2026;12:48:00;136;13;6985;12;U516Z3P;Jižní Město;50.08208;14.45941
20260619_130109_L195;20260619_130109;19.06.2026;12:51:00;195;10;5557;10;U574Z1P;Jesenická;50.09197;14.51093
20260619_130109_L659;20260619_130109;19.06.2026;12:50:00;659;40;9194;10;U2016Z2;Stříbrná Skalice,Náměstí;49.99415;14.86021
20260619_130109_L335;20260619_130109;19.06.2026;12:46:00;335;6;9173;14;U1330Z1;Kamenice,Kult.dům;49.96565;14.51758
20260619_130109_L345;20260619_130109;19.06.2026;12:50:00;345;36;10654;10;U3389Z2;Praha,Černý Most;50.41262;14.91016
20260619_130109_L400;20260619_130109;19.06.2026;12:48:00;400;25;11696;13;U31046Z4;Nový Bor,aut.nádr.;50.54056;14.54152
20260619_130109_L125;20260619_130109;19.06.2026;12:47:00;125;1;5134;14;U453Z12P;Skalka;50.05365;14.539
20260619_130109_L394;20260619_130109;19.06.2026;12:51:00;394;26;9924;10;U4273Z1;Praha,Nové Butovice;49.96997;14.08175
20260619_130109_L736;20260619_130109;19.06.2026;12:48:00;736;74;9762;11;U6227Z2;Mladá Boleslav,aut.st.;50.45906;15.01106
20260619_130109_L640;20260619_130109;19.06.2026;12:48:00;640;27;9406;12;U9809Z1;Hostomice,nám.;49.81222;14.02703
20260619_130109_L125;20260619_130109;19.06.2026;12:51:00;125;3;6916;10;U151Z1P;Skalka;50.0321;14.53453
20260619_130109_L491;20260619_130109;19.06.2026;12:49:00;491;10;8575;11;U1908Z1;Mukařov;49.9901;14.74264
20260619_130109_L380;20260619_130109;19.06.2026;12:48:00;380;4;9978;12;U4273Z1;Praha,Vypich;49.97256;14.0889
20260619_130109_L384;20260619_130109;19.06.2026;12:48:00;384;17;9866;10;U1229Z2;Hořovice,nám.B.Němcové;49.89067;13.9341
20260619_130109_L724;20260619_130109;19.06.2026;12:47:00;724;64;9425;12;U6262Z1;Libáň,aut.st.;50.41214;15.00458
20260619_130109_L467;20260619_130109;19.06.2026;12:51:00;467;53;9800;10;U4712Z1;Roudnice n.L.,ČSAD;50.38741;14.33698
20260619_130109_L500;20260619_130109;19.06.2026;12:50:00;500;28;7230;10;U7892Z2;Příbram,aut.nádr.;49.64375;14.06846
20260619_130109_L521;20260619_130109;19.06.2026;12:47:00;521;17;9617;13;U5828Z1;Věšín,Buková;49.60613;13.88255
20260619_130109_L560;20260619_130109;19.06.2026;12:47:00;560;35;8332;11;U6820Z1;Rakovník,aut.st.;50.14106;13.60803
20260619_130109_L453;20260619_130109;19.06.2026;12:50:00;453;6;7509;10;U32051Z2;Vlašim,žel.st.;49.48093;14.79295
20260619_130109_L316;20260619_130109;19.06.2026;12:50:00;316;8;8982;10;U11013Z1;Kralupy n.Vlt.,žel.st.;50.16622;14.31453
20260619_130109_L324;20260619_130109;19.06.2026;12:47:00;324;27;8955;14;U4303Z51;Praha,Zličín;50.15369;14.18777
20260619_130109_L339;20260619_130109;19.06.2026;12:51:00;339;18;9939;10;U1522Z2;Praha,Budějovická;49.98582;14.49405
20260619_130109_L350;20260619_130109;19.06.2026;12:47:00;350;55;8821;10;U4304Z1;Kladno,OAZA;50.13667;14.1371
20260619_130109_L412;20260619_130109;19.06.2026;12:50:00;412;43;9917;11;U31003Z2;Praha,Černý Most;50.45957;15.2125
20260619_130109_L392;20260619_130109;19.06.2026;12:47:00;392;3;9588;10;U337Z3;Dobříš,nám.;50.00984;14.39455
20260619_130109_L546;20260619_130109;19.06.2026;12:49:00;546;5;9572;12;U9616Z5;Hořovice,nám.B.Němcové;49.83853;13.89673
20260619_130109_L706;20260619_130109;19.06.2026;12:50:00;706;62;1605;10;U6610Z1;Žiželice,nám.;50.04244;15.21458
20260619_130109_L785;20260619_130109;19.06.2026;12:48:00;785;11;7621;12;U6685Z1;Kutná Hora,Poličany;49.97074;15.25585
20260619_130109_L805;20260619_130109;19.06.2026;12:51:00;805;15;7644;10;U7338Z1;Kolín,nádraží;49.96144;15.28268
20260619_130109_L406;20260619_130109;19.06.2026;12:50:00;406;13;7943;11;U7983Z2;Praha,Roztyly;49.7696;14.73721
20260619_130109_L351;20260619_130109;19.06.2026;12:49:00;351;5;4560;10;U1302Z1;Neratovice,Žel.st.;50.23863;14.50501
20260619_130109_L204;20260619_130109;19.06.2026;12:50:00;204;72;9034;10;U1069Z4P;Sídliště Petrovice;50.04928;14.56071
20260619_130109_L136;20260619_130109;19.06.2026;12:47:00;136;10;6887;14;U916Z1P;Jižní Město;50.02516;14.51474
20260619_130509_L125;20260619_130509;19.06.2026;12:51:00;125;1;5134;14;U226Z2P;Skalka;50.06228;14.53444
20260619_130509_L136;20260619_130509;19.06.2026;12:54:00;136;11;6977;11;U106Z2P;Jižní Město;50.02751;14.50776
20260619_130509_L136;20260619_130509;19.06.2026;12:52:00;136;13;6985;13;U518Z3P;Jižní Město;50.07589;14.45911
20260619_130509_L136;20260619_130509;19.06.2026;12:50:00;136;14;5024;12;U1074Z4P;Jižní Město;50.09187;14.46897
20260619_130509_L180;20260619_130509;19.06.2026;12:53:00;180;9;6940;10;U867Z1P;Dejvická;50.09796;14.3958
20260619_130509_L195;20260619_130509;19.06.2026;12:54:00;195;10;5557;11;U359Z2P;Jesenická;50.0846;14.51092
20260619_130509_L204;20260619_130509;19.06.2026;12:55:00;204;72;9034;10;U3052Z1P;Sídliště Petrovice;50.04029;14.55254
20260619_130509_L805;20260619_130509;19.06.2026;12:54:00;805;15;7644;10;U6690Z1;Kolín,nádraží;49.9744;15.27253
20260619_130509_L316;20260619_130509;19.06.2026;12:53:00;316;8;8982;11;U1691Z1;Kralupy n.Vlt.,žel.st.;50.19094;14.31663
20260619_130509_L324;20260619_130509;19.06.2026;12:55:00;324;20;8972;10;U3095Z1;Smečno;50.14082;14.07092
20260619_130509_L332;20260619_130509;19.06.2026;12:53:00;332;20;9934;12;U1330Z1;Jílové u Prahy,Náměstí;49.96672;14.51624
20260619_130509_L335;20260619_130509;19.06.2026;12:46:00;335;6;9173;17;U1330Z1;Kamenice,Kult.dům;49.96492;14.51858
20260619_130509_L339;20260619_130509;19.06.2026;12:53:00;339;18;9939;10;U4861Z2;Praha,Budějovická;50.00042;14.48374
20260619_130509_L345;20260619_130509;19.06.2026;12:54:00;345;36;10654;11;U3063Z2;Praha,Černý Most;50.41028;14.92918
20260619_130509_L351;20260619_130509;19.06.2026;12:53:00;351;5;4560;10;U1303Z1;Neratovice,Žel.st.;50.25307;14.51992
20260619_130509_L375;20260619_130509;19.06.2026;12:53:00;375;6;1504;10;U1823Z2;Praha,Českomoravská;50.168;14.63076
20260619_130509_L380;20260619_130509;19.06.2026;12:55:00;380;4;9978;10;U2372Z2;Praha,Vypich;49.98561;14.13199
20260619_130509_L395;20260619_130509;19.06.2026;12:54:00;395;37;9906;10;U9621Z1;Příbram,Drkolnov;49.75995;14.16127
20260619_130509_L406;20260619_130509;19.06.2026;12:55:00;406;13;7943;10;U5898Z2;Praha,Roztyly;49.78774;14.69693
20260619_130509_L412;20260619_130509;19.06.2026;12:53:00;412;43;9917;10;U31001Z2;Praha,Černý Most;50.46784;15.17736
20260619_130509_L432;20260619_130509;19.06.2026;12:53:00;432;2;8693;11;U3387Z1;Mladá Boleslav,aut.st.;50.41111;14.91233
20260619_130509_L467;20260619_130509;19.06.2026;12:54:00;467;53;9800;11;U4713Z1;Roudnice n.L.,ČSAD;50.40538;14.30141
20260619_130509_L478;20260619_130509;19.06.2026;12:55:00;478;16;8072;10;U1973Z1;Brandýs n.L.-St.Bol.,Žel.st.;50.18561;14.66297
20260619_130509_L546;20260619_130509;19.06.2026;12:51:00;546;5;9572;13;U9617Z2;Hořovice,nám.B.Němcové;49.83361;13.90248
20260619_130509_L640;20260619_130509;19.06.2026;12:51:00;640;27;9406;12;U9810Z1;Hostomice,nám.;49.8258;14.04502
20260619_130509_L652;20260619_130509;19.06.2026;12:53:00;652;12;1595;11;U1978Z1;Oleška,Krymlov;49.98578;14.86781
20260619_130509_L669;20260619_130509;19.06.2026;12:50:00;669;25;8120;14;U1473Z1;Brandýs n.L.-St.Bol.,Nádr.;50.28969;14.73501
20260619_130509_L706;20260619_130509;19.06.2026;12:55:00;706;62;1605;10;U6612Z1;Žiželice,nám.;50.06045;15.23239
20260619_130509_L724;20260619_130509;19.06.2026;12:53:00;724;64;9425;10;U6282Z1;Libáň,aut.st.;50.43105;15.03874
20260619_130509_L736;20260619_130509;19.06.2026;12:52:00;736;74;9762;11;U6229Z2;Mladá Boleslav,aut.st.;50.43991;15.00288
20260619_130509_L785;20260619_130509;19.06.2026;12:52:00;785;11;7621;11;U6686Z1;Kutná Hora,Poličany;49.95382;15.27038
20260619_130509_L786;20260619_130509;19.06.2026;12:53:00;786;14;7610;11;U5762Z2;Paběnice,ObÚ;49.85136;15.29258
20260619_130911_L785;20260619_130911;19.06.2026;12:55:00;785;11;7621;12;U2480Z4;Kutná Hora,Poličany;49.95239;15.26842
20260619_130911_L335;20260619_130911;19.06.2026;12:46:00;335;6;9173;21;U1330Z1;Kamenice,Kult.dům;49.96414;14.51968
20260619_130911_L311;20260619_130911;19.06.2026;12:56:00;311;77;9583;11;U1852Z51;Řevnice,nádraží;49.93017;14.27465
20260619_130911_L430;20260619_130911;19.06.2026;12:55:00;430;7;8555;13;U2467Z1;Lipník;50.24809;14.92017
20260619_130911_L195;20260619_130911;19.06.2026;12:59:00;195;10;5557;10;U1222Z2P;Jesenická;50.07295;14.50797
20260619_130911_L149;20260619_130911;19.06.2026;12:57:00;149;8;4086;11;U867Z1P;Dejvická;50.09486;14.39636
20260619_130911_L384;20260619_130911;19.06.2026;12:58:00;384;17;9866;11;U9613Z2;Hořovice,nám.B.Němcové;49.86078;13.89334
20260619_130911_L406;20260619_130911;19.06.2026;12:56:00;406;13;7943;11;U4073Z2;Praha,Roztyly;49.78652;14.68376
20260619_130911_L641;20260619_130911;19.06.2026;12:58:00;641;16;9447;10;U9616Z4;Beroun,autobusové nádraží;49.83957;13.90163
20260619_130911_L786;20260619_130911;19.06.2026;12:57:00;786;14;7610;11;U7097Z2;Paběnice,ObÚ;49.83543;15.25791
20260619_130911_L375;20260619_130911;19.06.2026;12:58:00;375;6;1504;11;U1095Z2;Praha,Českomoravská;50.15608;14.59758
20260619_130911_L805;20260619_130911;19.06.2026;12:55:00;805;15;7644;12;U6688Z2;Kolín,nádraží;49.98634;15.27446
20260619_130911_L736;20260619_130911;19.06.2026;12:59:00;736;74;9762;10;U6231Z2;Mladá Boleslav,aut.st.;50.42724;14.97508
20260619_130911_L432;20260619_130911;19.06.2026;12:58:00;432;2;8693;11;U3389Z1;Mladá Boleslav,aut.st.;50.41286;14.90997
20260619_130911_L478;20260619_130911;19.06.2026;12:59:00;478;16;8072;10;U3257Z2;Brandýs n.L.-St.Bol.,Žel.st.;50.19702;14.678
20260619_130911_L467;20260619_130911;19.06.2026;12:56:00;467;53;9800;11;U4714Z1;Roudnice n.L.,ČSAD;50.41808;14.26936
20260619_130911_L324;20260619_130911;19.06.2026;12:57:00;324;20;8972;10;U1918Z1;Smečno;50.15153;14.03738
20260619_130911_L383;20260619_130911;19.06.2026;12:59:00;383;33;9180;10;U808Z5;Chocerady;50.03066;14.60649
20260619_130911_L316;20260619_130911;19.06.2026;12:57:00;316;8;8982;12;U2125Z1;Kralupy n.Vlt.,žel.st.;50.19879;14.29753
20260619_130911_L400;20260619_130911;19.06.2026;12:56:00;400;25;11696;12;U31350Z1;Nový Bor,aut.nádr.;50.60234;14.566
20260619_130911_L201;20260619_130911;19.06.2026;12:59:00;201;10;4127;10;U639Z2P;Černý Most;50.12648;14.5748
20260619_130911_L652;20260619_130911;19.06.2026;12:58:00;652;12;1595;11;U2146Z2;Oleška,Krymlov;49.9834;14.90727
20260619_130911_L412;20260619_130911;19.06.2026;12:55:00;412;43;9917;14;U31000Z2;Praha,Černý Most;50.46754;15.1765
20260619_130911_L136;20260619_130911;19.06.2026;12:57:00;136;13;6985;11;U29Z1P;Jižní Město;50.07256;14.47045
20260619_130911_L125;20260619_130911;19.06.2026;12:55:00;125;1;5134;14;U1076Z2P;Skalka;50.06997;14.51057
20260619_130911_L444;20260619_130911;19.06.2026;12:57:00;444;10;9148;12;U1572Z2;Kamenice,Kult.dům;49.89523;14.4991
20260619_130911_L136;20260619_130911;19.06.2026;12:58:00;136;11;6977;10;U353Z1P;Jižní Město;50.02623;14.52147
20260619_131311_L125;20260619_131311;19.06.2026;13:03:00;125;3;6916;10;U2707Z2P;Skalka;50.04693;14.55158
20260619_131311_L136;20260619_131311;19.06.2026;13:01:00;136;13;6985;11;U37Z1P;Jižní Město;50.06045;14.46957
20260619_131311_L195;20260619_131311;19.06.2026;13:01:00;195;10;5557;11;U953Z1P;Jesenická;50.06829;14.50782
20260619_131311_L201;20260619_131311;19.06.2026;13:01:00;201;10;4127;11;U51Z2P;Černý Most;50.12297;14.56642
20260619_131311_L805;20260619_131311;19.06.2026;13:02:00;805;15;7644;10;U6668Z2;Kolín,nádraží;50.01246;15.22458
20260619_131311_L304;20260619_131311;19.06.2026;13:02:00;304;13;8347;10;U33Z4;Praha,Vypich;50.06191;14.30998
20260619_131311_L306;20260619_131311;19.06.2026;13:00:00;306;5;8808;13;U1216Z1;Praha,Zličín;50.08905;14.21482
20260619_131311_L311;20260619_131311;19.06.2026;12:59:00;311;77;9583;13;U9217Z2;Řevnice,nádraží;49.92351;14.25831
20260619_131311_L316;20260619_131311;19.06.2026;13:00:00;316;8;8982;13;U5002Z1;Kralupy n.Vlt.,žel.st.;50.20093;14.30156
20260619_131311_L335;20260619_131311;19.06.2026;12:46:00;335;6;9173;25;U1330Z1;Kamenice,Kult.dům;49.96331;14.52125
20260619_131311_L339;20260619_131311;19.06.2026;13:02:00;339;18;9939;10;U488Z7;Praha,Budějovická;50.03327;14.45529
20260619_131311_L375;20260619_131311;19.06.2026;13:02:00;375;6;1504;11;U179Z2;Praha,Českomoravská;50.14479;14.58034
20260619_131311_L380;20260619_131311;19.06.2026;13:01:00;380;4;9978;10;U2369Z2;Praha,Vypich;50.00571;14.18126
20260619_131311_L382;20260619_131311;19.06.2026;13:01:00;382;5;9948;12;U2007Z1;Sázava,aut.st.;49.98998;14.72569
20260619_131311_L383;20260619_131311;19.06.2026;13:00:00;383;33;9180;10;U2137Z1;Chocerady;50.01671;14.63577
20260619_131311_L384;20260619_131311;19.06.2026;13:02:00;384;17;9866;11;U9615Z2;Hořovice,nám.B.Němcové;49.84398;13.88944
20260619_131311_L395;20260619_131311;19.06.2026;13:01:00;395;37;9906;10;U9646Z1;Příbram,Drkolnov;49.70222;14.06296
20260619_131311_L402;20260619_131311;19.06.2026;13:00:00;402;23;7928;10;U7318Z2;Praha,Roztyly;49.84101;14.8144
20260619_131311_L406;20260619_131311;19.06.2026;12:59:00;406;4;7936;14;U5784Z1;Pelhřimov,aut.nádr.;49.69117;14.91363
20260619_131311_L464;20260619_131311;19.06.2026;13:00:00;464;31;7983;11;U4374Z2;Horní Beřkovice,točna;50.32664;14.36848
20260619_131311_L467;20260619_131311;19.06.2026;12:58:00;467;53;9800;13;U4715Z1;Roudnice n.L.,ČSAD;50.4242;14.26191
20260619_131311_L478;20260619_131311;19.06.2026;13:02:00;478;16;8072;10;U3001Z2;Brandýs n.L.-St.Bol.,Žel.st.;50.20628;14.69233
20260619_131311_L480;20260619_131311;19.06.2026;13:02:00;480;30;7504;10;U9753Z4;Příbram,aut.nádr.;49.67175;13.99466
20260619_131311_L483;20260619_131311;19.06.2026;13:00:00;483;22;7864;11;U7318Z2;Chocerady;49.83477;14.83101
20260619_131311_L521;20260619_131311;19.06.2026;13:00:00;521;17;9617;12;U1965Z1;Příbram,aut.nádr.;49.62344;13.82577
20260619_131311_L580;20260619_131311;19.06.2026;13:03:00;580;30;7685;10;U9330Z1;Slaný,aut.nádr.;50.1745;13.82853
20260619_131311_L586;20260619_131311;19.06.2026;13:00:00;586;27;7684;10;U9334Z2;Nové Strašecí,Palackého;50.17315;13.90368
20260619_131311_L641;20260619_131311;19.06.2026;13:03:00;641;16;9447;10;U9860Z1;Beroun,autobusové nádraží;49.8517;13.92131
20260619_131311_L641;20260619_131311;19.06.2026;13:00:00;641;17;9449;12;U2848Z2;Hořovice,nemocnice;49.95766;14.07466
20260619_131311_L652;20260619_131311;19.06.2026;13:02:00;652;12;1595;10;U2305Z4;Oleška,Krymlov;50.00072;14.92648
20260619_131311_L763;20260619_131311;19.06.2026;13:01:00;763;31;9790;10;U6469Z1;Mladá Boleslav,Zalužany ŠKODA;50.3704;14.90347
20260619_131311_L770;20260619_131311;19.06.2026;13:00:00;770;4;7859;12;U7318Z1;Uhlířské Janovice,nám.;49.83452;14.83018
20260619_131311_L770;20260619_131311;19.06.2026;13:00:00;770;42;7918;11;U7318Z2;Benešov,Terminál;49.8348;14.83145
20260619_131311_L785;20260619_131311;19.06.2026;13:00:00;785;11;7621;11;U7162Z1;Kutná Hora,Poličany;49.94267;15.26225
20260619_131712_L521;20260619_131712;19.06.2026;13:03:00;521;17;9617;14;U5768Z2;Příbram,aut.nádr.;49.61543;13.82423
20260619_131712_L384;20260619_131712;19.06.2026;13:05:00;384;17;9866;12;U9616Z5;Hořovice,nám.B.Němcové;49.8378;13.89754
20260619_131712_L380;20260619_131712;19.06.2026;13:06:00;380;4;9978;11;U2322Z2;Praha,Vypich;50.01601;14.19846
20260619_131712_L304;20260619_131712;19.06.2026;13:05:00;304;13;8347;10;U395Z3;Praha,Vypich;50.0676;14.33528
20260619_131712_L650;20260619_131712;19.06.2026;13:07:00;650;25;12555;10;U31414Z2;Litoměřice,žel.st.hor.;50.53642;14.13165
20260619_131712_L136;20260619_131712;19.06.2026;13:06:00;136;13;6985;11;U697Z3P;Jižní Město;50.04823;14.48133
20260619_131712_L395;20260619_131712;19.06.2026;13:05:00;395;37;9906;10;U9648Z1;Příbram,Drkolnov;49.69163;14.03778
20260619_131712_L383;20260619_131712;19.06.2026;13:05:00;383;33;9180;10;U1885Z1;Chocerady;50.0007;14.66415
20260619_131712_L724;20260619_131712;19.06.2026;13:05:00;724;64;9425;10;U6279Z1;Libáň,aut.st.;50.41096;15.08372
20260619_131712_L315;20260619_131712;19.06.2026;13:06:00;315;6;8673;10;U3389Z1;Mnichovo Hradiště,dopravní terminál;50.41349;14.90845
20260619_131712_L201;20260619_131712;19.06.2026;13:05:00;201;10;4127;11;U173Z2P;Černý Most;50.10885;14.55661
20260619_131712_L718;20260619_131712;19.06.2026;13:03:00;718;32;8608;12;U31000Z2;Mnichovo Hradiště,dopravní terminál;50.46086;15.16488
20260619_131712_L499;20260619_131712;19.06.2026;13:05:00;499;13;8698;11;U2973Z5;Mladá Boleslav,aut.st.;50.18997;15.04416
20260619_131712_L805;20260619_131712;19.06.2026;13:05:00;805;15;7644;10;U6666Z2;Kolín,nádraží;50.02442;15.21297
20260619_131712_L770;20260619_131712;19.06.2026;13:00:00;770;42;7918;15;U7318Z2;Benešov,Terminál;49.8348;14.83145
20260619_131712_L387;20260619_131712;19.06.2026;13:07:00;387;1;9372;10;U1882Z2;Praha,Háje;49.99622;14.67769
20260619_131712_L586;20260619_131712;19.06.2026;13:06:00;586;27;7684;10;U9312Z1;Nové Strašecí,Palackého;50.15613;13.89885
20260619_131712_L627;20260619_131712;19.06.2026;13:07:00;627;20;8972;10;U1915Z1;Slaný,aut.nádr.;50.18881;14.04245
20260619_131712_L375;20260619_131712;19.06.2026;13:05:00;375;6;1504;12;U145Z2;Praha,Českomoravská;50.13216;14.55938
20260619_131712_L650;20260619_131712;19.06.2026;13:04:00;650;23;12559;12;U31417Z1;Kladno,autobusové nádraží;50.50909;14.14954
20260619_131712_L464;20260619_131712;19.06.2026;13:04:00;464;31;7983;12;U4373Z2;Horní Beřkovice,točna;50.33865;14.38044
20260619_131712_L737;20260619_131712;19.06.2026;13:06:00;737;9;9591;11;U6172Z2;Mladá Boleslav,aut.st.;50.4253;14.91828
20260619_131712_L763;20260619_131712;19.06.2026;13:06:00;763;31;9790;10;U3385Z1;Mladá Boleslav,Zalužany ŠKODA;50.39549;14.90171
20260619_131712_L706;20260619_131712;19.06.2026;13:05:00;706;62;1605;10;U6614Z1;Žiželice,nám.;50.10439;15.26847
20260619_131712_L641;20260619_131712;19.06.2026;13:03:00;641;17;9449;14;U4971Z1;Hořovice,nemocnice;49.95723;14.05738
20260619_131712_L588;20260619_131712;19.06.2026;13:04:00;588;25;7689;13;U9242Z2;Milý,Bor;50.24232;13.94378
20260619_131712_L400;20260619_131712;19.06.2026;13:04:00;400;25;11696;13;U31353Z1;Nový Bor,aut.nádr.;50.65812;14.53536
20260619_131712_L406;20260619_131712;19.06.2026;13:03:00;406;4;7936;13;U9393Z1;Pelhřimov,aut.nádr.;49.67607;14.95406
20260619_131712_L483;20260619_131712;19.06.2026;13:00:00;483;22;7864;15;U7318Z2;Chocerady;49.83477;14.83101
20260619_131712_L306;20260619_131712;19.06.2026;13:04:00;306;5;8808;13;U2115Z2;Praha,Zličín;50.08344;14.23203
20260619_131712_L337;20260619_131712;19.06.2026;13:06:00;337;12;9933;11;U1332Z1;Benešov,Terminál;49.96968;14.5094
20260619_131712_L444;20260619_131712;19.06.2026;13:03:00;444;10;9148;14;U4167Z2;Kamenice,Kult.dům;49.89666;14.5343
20260619_131712_L652;20260619_131712;19.06.2026;13:06:00;652;12;1595;10;U2147Z2;Oleška,Krymlov;49.98741;14.92975
20260619_131712_L467;20260619_131712;19.06.2026;13:04:00;467;53;9800;13;U9878Z1;Roudnice n.L.,ČSAD;50.42356;14.24786
20260619_132112_L136;20260619_132112;19.06.2026;13:07:00;136;14;5024;14;U29Z1P;Jižní Město;50.07256;14.47046
20260619_132112_L763;20260619_132112;19.06.2026;13:09:00;763;31;9790;10;U3387Z1;Mladá Boleslav,Zalužany ŠKODA;50.41121;14.91218
20260619_132112_L443;20260619_132112;19.06.2026;13:07:00;443;22;8594;14;U2589Z1;Nymburk,hl.nádr.;50.15569;15.00793
20260619_132112_L652;20260619_132112;19.06.2026;13:10:00;652;12;1595;10;U1980Z3;Oleška,Krymlov;49.97077;14.92345
20260619_132112_L136;20260619_132112;19.06.2026;13:10:00;136;13;6985;11;U181Z1P;Jižní Město;50.03946;14.4905
20260619_132112_L316;20260619_132112;19.06.2026;13:09:00;316;8;8982;11;U9620Z1;Kralupy n.Vlt.,žel.st.;50.23378;14.30442
20260619_132112_L483;20260619_132112;19.06.2026;13:00:00;483;22;7864;19;U7318Z2;Chocerady;49.83815;14.82417
20260619_132112_L444;20260619_132112;19.06.2026;13:09:00;444;10;9148;12;U1566Z2;Kamenice,Kult.dům;49.89685;14.56906
20260619_132112_L499;20260619_132112;19.06.2026;13:05:00;499;13;8698;14;U2973Z5;Mladá Boleslav,aut.st.;50.18957;15.0429
20260619_132112_L511;20260619_132112;19.06.2026;13:10:00;511;10;9567;10;U5737Z1;Příbram,aut.nádr.;49.5981;13.98911
20260619_132112_L326;20260619_132112;19.06.2026;13:11:00;326;1;4142;10;U1332Z1;Jesenice,Belnická;49.97023;14.50812
20260619_132112_L201;20260619_132112;19.06.2026;13:11:00;201;2;3901;10;U54Z3P;Černý Most;50.11627;14.4678
20260619_132112_L304;20260619_132112;19.06.2026;13:09:00;304;73;8337;12;U4300Z1;Rakovník,aut.st.;50.10245;13.73212
20260619_132112_L650;20260619_132112;19.06.2026;13:07:00;650;23;12559;13;U31418Z1;Kladno,autobusové nádraží;50.49882;14.14595
20260619_132112_L164;20260619_132112;19.06.2026;13:08:00;164;3;1969;11;U229Z2P;Malovanka;50.08707;14.3784
20260619_132112_L201;20260619_132112;19.06.2026;13:10:00;201;10;4127;11;U1056Z2P;Černý Most;50.10725;14.5729
20260619_132112_L630;20260619_132112;19.06.2026;13:09:00;630;36;8831;10;U4310Z1;Kladno,autobusové nádraží;50.14064;14.0993
20260619_132112_L641;20260619_132112;19.06.2026;13:07:00;641;16;9447;13;U9856Z1;Beroun,autobusové nádraží;49.87697;13.92004
20260619_132112_L464;20260619_132112;19.06.2026;13:07:00;464;31;7983;12;U4371Z2;Horní Beřkovice,točna;50.33771;14.34874
20260619_132112_L304;20260619_132112;19.06.2026;13:10:00;304;13;8347;10;U444Z1;Praha,Vypich;50.07681;14.34889
20260619_132112_L306;20260619_132112;19.06.2026;13:09:00;306;5;8808;11;U1147Z1;Praha,Zličín;50.08115;14.25079
20260619_132112_L380;20260619_132112;19.06.2026;13:10:00;380;4;9978;11;U1674Z2;Praha,Vypich;50.0228;14.20684
20260619_132112_L375;20260619_132112;19.06.2026;13:07:00;375;6;1504;13;U526Z2;Praha,Českomoravská;50.12841;14.54177
20260619_132112_L395;20260619_132112;19.06.2026;13:11:00;395;37;9906;10;U9712Z1;Příbram,Drkolnov;49.68967;14.01274
20260619_132112_L383;20260619_132112;19.06.2026;13:08:00;383;33;9180;12;U1878Z1;Chocerady;49.99812;14.67132
20260619_132112_L406;20260619_132112;19.06.2026;13:08:00;406;4;7936;13;U7689Z1;Pelhřimov,aut.nádr.;49.65589;15.00472
20260619_132112_L718;20260619_132112;19.06.2026;13:08:00;718;32;8608;13;U6298Z1;Mnichovo Hradiště,dopravní terminál;50.44253;15.12675
20260619_132112_L467;20260619_132112;19.06.2026;13:07:00;467;15;8116;14;U9300Z1;Mladá Boleslav,aut.st.;50.40739;14.89983
20260619_132112_L394;20260619_132112;19.06.2026;13:10:00;394;27;9918;10;U4976Z1;Zdice,nám.;49.94204;14.02678
20260619_132513_L706;20260619_132513;19.06.2026;13:12:00;706;62;1605;11;U6619Z54;Žiželice,nám.;50.14098;15.27684
20260619_132513_L400;20260619_132513;19.06.2026;13:12:00;400;6;11628;12;U32676Z1;Varnsdorf,aut.nádr.;50.88076;14.52093
20260619_132513_L650;20260619_132513;19.06.2026;13:11:00;650;23;12559;13;U31420Z1;Kladno,autobusové nádraží;50.49164;14.14915
20260619_132513_L627;20260619_132513;19.06.2026;13:12:00;627;20;8972;13;U9286Z2;Slaný,aut.nádr.;50.18801;13.99907
20260619_132513_L630;20260619_132513;19.06.2026;13:14:00;630;36;8831;11;U4313Z8;Kladno,autobusové nádraží;50.14637;14.09698
20260619_132513_L316;20260619_132513;19.06.2026;13:09:00;316;8;8982;15;U9620Z1;Kralupy n.Vlt.,žel.st.;50.23565;14.30681
20260619_132513_L306;20260619_132513;19.06.2026;13:13:00;306;5;8808;10;U1143Z2;Praha,Zličín;50.07014;14.26029
20260619_132513_L311;20260619_132513;19.06.2026;13:14:00;311;77;9583;10;U1601Z2;Praha,Zličín;49.92282;14.25485
20260619_132513_L406;20260619_132513;19.06.2026;13:15:00;406;19;7848;10;U7608Z2;Benešov,Terminál;49.74593;14.79497
20260619_132513_L380;20260619_132513;19.06.2026;13:15:00;380;4;9978;10;U2323Z2;Praha,Vypich;50.03219;14.22706
20260619_132513_L395;20260619_132513;19.06.2026;13:11:00;395;37;9906;12;U9712Z1;Příbram,Drkolnov;49.69197;14.0047
20260619_132513_L383;20260619_132513;19.06.2026;13:11:00;383;33;9180;13;U1886Z1;Chocerady;49.99089;14.69509
20260619_132513_L702;20260619_132513;19.06.2026;13:14:00;702;54;1645;11;U6674Z1;Suchdol;49.97519;15.20561
20260619_132513_L443;20260619_132513;19.06.2026;13:11:00;443;22;8594;13;U2966Z1;Nymburk,hl.nádr.;50.17454;15.02638
20260619_132513_L763;20260619_132513;19.06.2026;13:14:00;763;31;9790;10;U3389Z1;Mladá Boleslav,Zalužany ŠKODA;50.4152;14.91038
20260619_132513_L641;20260619_132513;19.06.2026;13:07:00;641;16;9447;16;U9856Z1;Beroun,autobusové nádraží;49.88638;13.95153
20260619_132513_L371;20260619_132513;19.06.2026;13:15:00;371;24;8080;10;U2264Z1;Klecany,Astrapark;50.16234;14.45271
20260619_132513_L753;20260619_132513;19.06.2026;13:14:00;753;97;7905;10;U2863Z1;Benešov,Terminál;49.83013;14.62396
20260619_132513_L180;20260619_132513;19.06.2026;13:13:00;180;1;5127;11;U229Z2P;Dejvická;50.0865;14.37159
20260619_132513_L136;20260619_132513;19.06.2026;13:11:00;136;14;5024;13;U37Z1P;Jižní Město;50.06044;14.46956
20260619_132513_L125;20260619_132513;19.06.2026;13:15:00;125;3;6916;10;U1076Z2P;Skalka;50.07032;14.50943
20260619_132513_L201;20260619_132513;19.06.2026;13:15:00;201;2;3901;10;U990Z1P;Černý Most;50.11986;14.48417
20260619_132513_L511;20260619_132513;19.06.2026;13:13:00;511;10;9567;11;U9162Z2;Příbram,aut.nádr.;49.61369;14.00879
20260619_132513_L650;20260619_132513;19.06.2026;13:14:00;650;24;12557;11;U4786Z2;Kladno,autobusové nádraží;50.23014;14.0835
20260619_132513_L326;20260619_132513;19.06.2026;13:11:00;326;1;4142;13;U1332Z1;Jesenice,Belnická;49.96954;14.50994
20260619_132513_L561;20260619_132513;19.06.2026;13:11:00;561;62;8360;10;U4765Z1;Rakovník,hasičský záchr.sbor;50.10224;13.72568
20260619_132513_L580;20260619_132513;19.06.2026;13:14:00;580;30;7685;10;U9322Z1;Slaný,aut.nádr.;50.20633;13.90015
20260619_132513_L858;20260619_132513;19.06.2026;13:13:00;858;67;8713;12;U4408Z2;Libčice n.Vlt.,Žel.zast.Letky;50.19797;14.23081
20260619_132513_L723;20260619_132513;19.06.2026;13:11:00;723;28;7034;10;U3389Z1;Mladá Boleslav,aut.st.;50.41916;14.91724
20260619_132513_L389;20260619_132513;19.06.2026;13:12:00;389;12;7761;11;U32406Z12;Chomutov,žel.st.;50.45664;13.4002
20260619_132513_L342;20260619_132513;19.06.2026;13:12:00;342;1;7682;11;U85Z1;Praha,Nádraží Veleslavín;50.09554;14.34693
20260619_132513_L736;20260619_132513;19.06.2026;13:15:00;736;74;9762;10;U6172Z2;Mladá Boleslav,aut.st.;50.42537;14.91832
20260619_132513_L840;20260619_132513;19.06.2026;13:11:00;840;31;7930;14;U5804Z2;Vlašim,Nesperská Lhota;49.69828;14.85716
20260619_132513_L136;20260619_132513;19.06.2026;13:14:00;136;13;6985;10;U106Z2P;Jižní Město;50.02796;14.5076
20260619_132513_L383;20260619_132513;19.06.2026;13:15:00;383;32;9109;10;U2046Z2;Praha,Háje;49.90459;14.78377
20260619_132913_L620;20260619_132913;19.06.2026;13:19:00;620;14;7324;10;U4329Z2;Kladno,autobusové nádraží;50.16703;14.10694
20260619_132913_L350;20260619_132913;19.06.2026;13:18:00;350;51;8835;11;U1690Z1;Kladno,OAZA;50.16069;14.31163
20260619_132913_L650;20260619_132913;19.06.2026;13:15:00;650;23;12559;14;U31422Z1;Kladno,autobusové nádraží;50.48138;14.14175
20260619_132913_L306;20260619_132913;19.06.2026;13:19:00;306;5;8808;10;U1209Z2;Praha,Zličín;50.06162;14.28006
20260619_132913_L406;20260619_132913;19.06.2026;13:19:00;406;19;7848;10;U9384Z2;Benešov,Terminál;49.76239;14.75076
20260619_132913_L383;20260619_132913;19.06.2026;13:18:00;383;32;9109;11;U2045Z2;Praha,Háje;49.90957;14.77406
20260619_132913_L375;20260619_132913;19.06.2026;13:15:00;375;6;1504;13;U606Z2;Praha,Českomoravská;50.12278;14.50713
20260619_132913_L389;20260619_132913;19.06.2026;13:12:00;389;12;7761;15;U32406Z12;Chomutov,žel.st.;50.4567;13.40021
20260619_132913_L400;20260619_132913;19.06.2026;13:18:00;400;6;11628;11;U32677Z1;Varnsdorf,aut.nádr.;50.87513;14.57506
20260619_132913_L395;20260619_132913;19.06.2026;13:15:00;395;37;9906;13;U9730Z1;Příbram,Drkolnov;49.68471;14.00729
20260619_132913_L702;20260619_132913;19.06.2026;13:16:00;702;54;1645;11;U6676Z1;Suchdol;49.97019;15.18696
20260619_132913_L706;20260619_132913;19.06.2026;13:17:00;706;62;1605;12;U6620Z51;Žiželice,nám.;50.13606;15.29539
20260619_132913_L561;20260619_132913;19.06.2026;13:19:00;561;62;8360;10;U6844Z2;Rakovník,hasičský záchr.sbor;50.10809;13.71137
20260619_132913_L521;20260619_132913;19.06.2026;13:15:00;521;17;9617;12;U5828Z2;Příbram,aut.nádr.;49.61931;13.89676
20260619_132913_L443;20260619_132913;19.06.2026;13:16:00;443;22;8594;12;U2968Z1;Nymburk,hl.nádr.;50.18241;15.04314
20260619_132913_L511;20260619_132913;19.06.2026;13:16:00;511;10;9567;11;U7697Z2;Příbram,aut.nádr.;49.62929;14.01624
20260619_132913_L762;20260619_132913;19.06.2026;13:17:00;762;4;7425;11;U1330Z2;Zlatníky-Hodkovice,Na Drahách;49.9715;14.50485
20260619_132913_L180;20260619_132913;19.06.2026;13:13:00;180;1;5127;15;U229Z2P;Dejvická;50.08709;14.37544
20260619_132913_L136;20260619_132913;19.06.2026;13:16:00;136;14;5024;13;U697Z3P;Jižní Město;50.04821;14.48136
20260619_132913_L311;20260619_132913;19.06.2026;13:15:00;311;77;9583;12;U9217Z1;Praha,Zličín;49.92552;14.26549
20260619_132913_L201;20260619_132913;19.06.2026;13:19:00;201;2;3901;10;U351Z1P;Černý Most;50.12825;14.49249
20260619_132913_L365;20260619_132913;19.06.2026;13:18:00;365;13;8769;10;U4894Z2;Stochov,nám.;50.0889;14.11249
20260619_132913_L371;20260619_132913;19.06.2026;13:18:00;371;24;8080;10;U2239Z1;Klecany,Astrapark;50.16801;14.43433
20260619_132913_L464;20260619_132913;19.06.2026;13:15:00;464;31;7983;13;U4367Z2;Horní Beřkovice,točna;50.36119;14.30883
20260619_132913_L384;20260619_132913;19.06.2026;13:19:00;384;16;9869;10;U1745Z2;Praha,Zličín;49.96542;14.07187
20260619_132913_L840;20260619_132913;19.06.2026;13:15:00;840;31;7930;14;U5803Z1;Vlašim,žel.st.;49.6941;14.82917
20260619_132913_L627;20260619_132913;19.06.2026;13:17:00;627;20;8972;11;U9280Z1;Slaný,aut.nádr.;50.19776;14.00398
20260619_132913_L797;20260619_132913;19.06.2026;13:17:00;797;22;7864;11;U4146Z2;Vranov,Vranovská Lhota;49.86908;14.80831
20260619_132913_L136;20260619_132913;19.06.2026;13:18:00;136;13;6985;11;U353Z1P;Jižní Město;50.02603;14.52108
20260619_133314_L136;20260619_133314;19.06.2026;13:20:00;136;14;5024;13;U181Z1P;Jižní Město;50.03948;14.49053
20260619_133314_L389;20260619_133314;19.06.2026;13:21:00;389;17;7756;12;U4857Z2;Praha,Nádraží Veleslavín;50.35532;13.79671
20260619_133314_L511;20260619_133314;19.06.2026;13:23:00;511;10;9567;10;U7719Z4;Příbram,aut.nádr.;49.63369;14.04674
20260619_133314_L201;20260619_133314;19.06.2026;13:22:00;201;2;3901;11;U606Z5P;Černý Most;50.12299;14.50696
20260619_133314_L521;20260619_133314;19.06.2026;13:21:00;521;17;9617;11;U7695Z2;Příbram,aut.nádr.;49.64797;13.92146
20260619_133314_L443;20260619_133314;19.06.2026;13:22:00;443;22;8594;11;U3146Z1;Nymburk,hl.nádr.;50.19274;15.03948
20260619_133314_L464;20260619_133314;19.06.2026;13:22:00;464;31;7983;11;U4429Z1;Horní Beřkovice,točna;50.35674;14.35333
20260619_133314_L627;20260619_133314;19.06.2026;13:23:00;627;20;8972;10;U9275Z1;Slaný,aut.nádr.;50.20739;14.04271
20260619_133314_L580;20260619_133314;19.06.2026;13:21:00;580;30;7685;12;U9250Z1;Slaný,aut.nádr.;50.22071;13.9748
20260619_133314_L365;20260619_133314;19.06.2026;13:22:00;365;13;8769;11;U4891Z2;Stochov,nám.;50.10253;14.10012
20260619_133314_L316;20260619_133314;19.06.2026;13:23:00;316;1;8980;10;U1691Z1;Holubice;50.19115;14.32093
20260619_133314_L306;20260619_133314;19.06.2026;13:21:00;306;5;8808;10;U178Z2;Praha,Zličín;50.05665;14.28732
20260619_133314_L209;20260619_133314;19.06.2026;13:23:00;209;46;9153;10;U336Z1P;Letňany;50.03105;14.59933
20260619_133314_L395;20260619_133314;19.06.2026;13:19:00;395;37;9906;14;U9751Z1;Příbram,Drkolnov;49.67518;14.00049
20260619_133314_L395;20260619_133314;19.06.2026;13:23:00;395;39;9911;10;U2860Z2;Praha,Smíchovské nádraží;49.79089;14.1786
20260619_133314_L384;20260619_133314;19.06.2026;13:21:00;384;16;9869;11;U4273Z1;Praha,Zličín;49.97264;14.08948
20260619_133314_L371;20260619_133314;19.06.2026;13:22:00;371;24;8080;11;U2241Z1;Klecany,Astrapark;50.17712;14.41866
20260619_133314_L329;20260619_133314;19.06.2026;13:21:00;329;3;4521;10;U1253Z1;Škvorec,nám.;50.04982;14.67746
20260619_133314_L762;20260619_133314;19.06.2026;13:22:00;762;4;7425;10;U1525Z1;Zlatníky-Hodkovice,Na Drahách;49.96924;14.48319
20260619_133314_L385;20260619_133314;19.06.2026;13:22:00;385;8;1723;11;U2097Z1;Zvánovice;49.99427;14.59908
20260619_133314_L528;20260619_133314;19.06.2026;13:22:00;528;10;9547;10;U9614Z1;Březová;49.85438;13.88897
20260619_133314_L748;20260619_133314;19.06.2026;13:19:00;748;48;7926;14;U1709Z2;Řitka;49.86681;14.26085
20260619_133314_L492;20260619_133314;19.06.2026;13:19:00;492;35;9490;13;U2020Z1;Černé Voděrady;49.95808;14.82098
20260619_133314_L563;20260619_133314;19.06.2026;13:23:00;563;66;8383;10;U4338Z1;Rakovník,aut.st.;50.10236;13.73142
20260619_133314_L840;20260619_133314;19.06.2026;13:19:00;840;31;7930;13;U9390Z1;Vlašim,žel.st.;49.70265;14.87408
20260619_133314_L369;20260619_133314;19.06.2026;13:20:00;369;35;8282;13;U3324Z3;Štětí,záv.;50.45596;14.37141
20260619_133314_L706;20260619_133314;19.06.2026;13:20:00;706;62;1605;10;U6652Z1;Žiželice,nám.;50.13908;15.34609
20260619_133314_L332;20260619_133314;19.06.2026;13:20:00;332;4;9162;12;U1330Z1;Neveklov;49.96648;14.51657
20260619_133314_L387;20260619_133314;19.06.2026;13:20:00;387;1;9372;10;U336Z2;Praha,Háje;50.0362;14.58135
20260619_133314_L702;20260619_133314;19.06.2026;13:22:00;702;54;1645;11;U6951Z1;Suchdol;49.96668;15.1678
20260619_133314_L650;20260619_133314;19.06.2026;13:19:00;650;23;12559;14;U31423Z1;Kladno,autobusové nádraží;50.45826;14.13707
20260619_133314_L136;20260619_133314;19.06.2026;13:21:00;136;13;6985;12;U151Z1P;Jižní Město;50.03209;14.53451
20260619_133714_L201;20260619_133714;19.06.2026;13:27:00;201;4;3897;10;U762Z1P;Černý Most;50.12527;14.57284
20260619_133714_L365;20260619_133714;19.06.2026;13:24:00;365;13;8769;10;U4892Z2;Stochov,nám.;50.11003;14.07757
20260619_133714_L382;20260619_133714;19.06.2026;13:25:00;382;4;9367;10;U542Z1;Sázava,aut.st.;50.0328;14.59702
20260619_133714_L620;20260619_133714;19.06.2026;13:25:00;620;14;7324;10;U4313Z9;Kladno,autobusové nádraží;50.1426;14.09741
20260619_133714_L754;20260619_133714;19.06.2026;13:24:00;754;13;7225;12;U7791Z2;Benešov,Terminál;49.69452;14.43694
20260619_133714_L395;20260619_133714;19.06.2026;13:26:00;395;39;9911;10;U1977Z2;Praha,Smíchovské nádraží;49.80099;14.20039
20260619_133714_L201;20260619_133714;19.06.2026;13:26:00;201;2;3901;11;U1000Z12P;Černý Most;50.12581;14.51678
20260619_133714_L385;20260619_133714;19.06.2026;13:26:00;385;8;1723;11;U1861Z1;Zvánovice;49.98769;14.62072
20260619_133714_L627;20260619_133714;19.06.2026;13:27:00;627;20;8972;10;U9301Z51;Slaný,aut.nádr.;50.2116;14.06072
20260619_133714_L580;20260619_133714;19.06.2026;13:26:00;580;30;7685;11;U9246Z1;Slaný,aut.nádr.;50.23055;13.97003
20260619_133714_L861;20260619_133714;19.06.2026;13:26:00;861;87;9063;10;U7031Z2;Beroun,autobusové nádraží;49.9588;14.04962
20260619_133714_L466;20260619_133714;19.06.2026;13:27:00;466;23;8019;10;U4364Z3;Kralupy n.Vlt.,obchodní centrum;50.3126;14.31001
20260619_133714_L406;20260619_133714;19.06.2026;13:23:00;406;4;7936;13;U31720Z1;Pelhřimov,aut.nádr.;49.56561;15.10898
20260619_133714_L840;20260619_133714;19.06.2026;13:23:00;840;31;7930;12;U6760Z1;Vlašim,žel.st.;49.70161;14.89604
20260619_133714_L406;20260619_133714;19.06.2026;13:26:00;406;19;7848;10;U4073Z2;Benešov,Terminál;49.78685;14.68575
20260619_133714_L387;20260619_133714;19.06.2026;13:25:00;387;1;9372;10;U967Z2;Praha,Háje;50.03228;14.54702
20260619_133714_L316;20260619_133714;19.06.2026;13:26:00;316;1;8980;11;U1692Z1;Holubice;50.19737;14.29489
20260619_133714_L389;20260619_133714;19.06.2026;13:23:00;389;17;7756;10;U9343Z15;Praha,Nádraží Veleslavín;50.35454;13.80459
20260619_133714_L180;20260619_133714;19.06.2026;13:24:00;180;2;6997;13;U44Z2P;Dejvická;50.08612;14.36865
20260619_133714_L521;20260619_133714;19.06.2026;13:24:00;521;17;9617;12;U7696Z1;Příbram,aut.nádr.;49.65062;13.90778
20260619_133714_L706;20260619_133714;19.06.2026;13:26:00;706;62;1605;11;U6603Z1;Žiželice,nám.;50.13297;15.38594
20260619_133714_L400;20260619_133714;19.06.2026;13:25:00;400;56;1082;10;U6072Z2;Praha,Střížkov;50.45657;14.4747
20260619_133714_L170;20260619_133714;19.06.2026;13:27:00;170;9;4045;10;U417Z1P;Jižní Město;50.04293;14.48775
20260619_133714_L209;20260619_133714;19.06.2026;13:23:00;209;46;9153;12;U336Z1P;Letňany;50.03105;14.59933
20260619_133714_L136;20260619_133714;19.06.2026;13:24:00;136;14;5024;13;U106Z2P;Jižní Město;50.02754;14.50776
20260619_133714_L120;20260619_133714;19.06.2026;13:27:00;120;5;3653;10;U214Z2P;Na Knížecí;49.998;14.3416
20260619_133714_L329;20260619_133714;19.06.2026;13:25:00;329;3;4521;11;U1254Z1;Škvorec,nám.;50.03839;14.68853
20260619_134115_L520;20260619_134115;19.06.2026;13:30:00;520;1;9604;11;U7759Z2;Hřiměždice,Vestec;49.6997;14.24856
20260619_134115_L861;20260619_134115;19.06.2026;13:31:00;861;87;9063;10;U1747Z2;Beroun,autobusové nádraží;49.9545;14.05245
20260619_134115_L201;20260619_134115;19.06.2026;13:31:00;201;2;3901;10;U125Z1P;Černý Most;50.13883;14.50481
20260619_134115_L201;20260619_134115;19.06.2026;13:29:00;201;4;3897;11;U762Z4P;Černý Most;50.12514;14.56773
20260619_134115_L733;20260619_134115;19.06.2026;13:28:00;733;37;8656;10;U6390Z1;Mnichovo Hradiště,nám.;50.5606;15.01709
20260619_134115_L315;20260619_134115;19.06.2026;13:28:00;315;6;8673;12;U3394Z1;Mnichovo Hradiště,dopravní terminál;50.44282;14.92918
20260619_134115_L329;20260619_134115;19.06.2026;13:28:00;329;3;4521;12;U1255Z1;Škvorec,nám.;50.04256;14.71598
20260619_134115_L136;20260619_134115;19.06.2026;13:32:00;136;16;6878;10;U518Z3P;Jižní Město;50.07655;14.45889
20260619_134115_L136;20260619_134115;19.06.2026;13:27:00;136;14;5024;14;U916Z1P;Jižní Město;50.02532;14.5159
20260619_134115_L120;20260619_134115;19.06.2026;13:31:00;120;5;3653;10;U885Z2P;Na Knížecí;50.00465;14.35593
20260619_134115_L170;20260619_134115;19.06.2026;13:29:00;170;9;4045;10;U181Z1P;Jižní Město;50.03618;14.49485
20260619_134115_L400;20260619_134115;19.06.2026;13:30:00;400;58;1084;10;U31387Z1;Praha,Střížkov;50.90732;14.62318
20260619_134115_L323;20260619_134115;19.06.2026;13:30:00;323;16;8742;11;U2094Z2;Praha,Nádraží Veleslavín;50.16272;14.25781
20260619_134115_L466;20260619_134115;19.06.2026;13:29:00;466;23;8019;10;U4363Z2;Kralupy n.Vlt.,obchodní centrum;50.31076;14.32324
20260619_134115_L400;20260619_134115;19.06.2026;13:25:00;400;56;1082;12;U6072Z2;Praha,Střížkov;50.44637;14.47257
20260619_134115_L521;20260619_134115;19.06.2026;13:27:00;521;17;9617;13;U7693Z2;Příbram,aut.nádr.;49.64996;13.9309
20260619_134115_L761;20260619_134115;19.06.2026;13:29:00;761;42;1570;11;U1688Z1;Velké Popovice,Todice;49.91009;14.64334
20260619_134115_L326;20260619_134115;19.06.2026;13:31:00;326;1;4142;10;U1331Z2;Praha,Opatov;49.97868;14.49891
20260619_134115_L580;20260619_134115;19.06.2026;13:27:00;580;30;7685;11;U9244Z1;Slaný,aut.nádr.;50.23365;13.9954
20260619_134115_L339;20260619_134115;19.06.2026;13:28:00;339;28;9940;11;U1330Z1;Kamenice,Kult.dům;49.96579;14.51744
20260619_134115_L383;20260619_134115;19.06.2026;13:26:00;383;32;9109;13;U2064Z2;Praha,Háje;49.93859;14.71493
20260619_134115_L352;20260619_134115;19.06.2026;13:31:00;352;2;4120;10;U1185Z1;Praha,Luka;50.02109;14.29422
20260619_134115_L627;20260619_134115;19.06.2026;13:27:00;627;20;8972;10;U9301Z51;Slaný,aut.nádr.;50.22397;14.0444
20260619_134115_L389;20260619_134115;19.06.2026;13:28:00;389;17;7756;10;U32494Z2;Praha,Nádraží Veleslavín;50.34774;13.81679
20260619_134115_L754;20260619_134115;19.06.2026;13:30:00;754;13;7225;11;U7793Z2;Benešov,Terminál;49.71262;14.45753
20260619_134115_L381;20260619_134115;19.06.2026;13:27:00;381;18;9370;12;U2006Z1;Čáslav,obchodní centrum;49.98999;14.72675
20260619_134115_L382;20260619_134115;19.06.2026;13:27:00;382;4;9367;13;U336Z1;Sázava,aut.st.;50.02964;14.60172
20260619_134115_L385;20260619_134115;19.06.2026;13:30:00;385;8;1723;11;U1956Z1;Zvánovice;49.98895;14.64465
20260619_134115_L365;20260619_134115;19.06.2026;13:28:00;365;13;8769;11;U9926Z2;Stochov,nám.;50.11759;14.05009
20260619_134115_L857;20260619_134115;19.06.2026;13:31:00;857;2;7309;10;U2887Z1;Zákolany;50.21243;14.26934
20260619_134115_L528;20260619_134115;19.06.2026;13:31:00;528;10;9547;10;U9821Z2;Březová;49.88539;13.88271
20260619_134115_L548;20260619_134115;19.06.2026;13:29:00;548;13;9546;10;U9780Z2;Hořovice,nemocnice;49.83907;13.90923
20260619_134515_L170;20260619_134515;19.06.2026;13:32:00;170;9;4045;12;U960Z2P;Jižní Město;50.04019;14.50997
20260619_134515_L201;20260619_134515;19.06.2026;13:35:00;201;5;4095;10;U990Z1P;Černý Most;50.12053;14.48471
20260619_134515_L733;20260619_134515;19.06.2026;13:35:00;733;37;8656;10;U6391Z1;Mnichovo Hradiště,nám.;50.55909;15.01325
20260619_134515_L221;20260619_134515;19.06.2026;13:34:00;221;3;1753;10;U28Z1P;Klánovice;50.08089;14.61742
20260619_134515_L528;20260619_134515;19.06.2026;13:35:00;528;10;9547;10;U9611Z2;Březová;49.89693;13.86805
20260619_134515_L490;20260619_134515;19.06.2026;13:34:00;490;41;1630;11;U1696Z2;Stříbrná Skalice,Náměstí;49.94962;14.67993
20260619_134515_L520;20260619_134515;19.06.2026;13:34:00;520;1;9604;11;U7505Z2;Hřiměždice,Vestec;49.6868;14.27445
20260619_134515_L754;20260619_134515;19.06.2026;13:34:00;754;13;7225;10;U4536Z2;Benešov,Terminál;49.72229;14.48116
20260619_134515_L480;20260619_134515;19.06.2026;13:34:00;480;25;7526;11;U9730Z1;Klučenice;49.68565;14.00645
20260619_134515_L339;20260619_134515;19.06.2026;13:28:00;339;28;9940;16;U1330Z1;Kamenice,Kult.dům;49.96202;14.52361
20260619_134515_L339;20260619_134515;19.06.2026;13:33:00;339;11;9952;10;U423Z1;Týnec n.Sáz.,žel.st.;49.99887;14.48471
20260619_134515_L365;20260619_134515;19.06.2026;13:34:00;365;13;8769;11;U9924Z2;Stochov,nám.;50.12795;14.01556
20260619_134515_L385;20260619_134515;19.06.2026;13:35:00;385;8;1723;10;U1883Z1;Zvánovice;49.99497;14.65984
20260619_134515_L386;20260619_134515;19.06.2026;13:35:00;386;32;1463;10;U2117Z1;Kladno,autobusové nádraží;50.08811;14.19777
20260619_134515_L350;20260619_134515;19.06.2026;13:35:00;350;51;8835;10;U4402Z2;Kladno,OAZA;50.15697;14.24913
20260619_134515_L861;20260619_134515;19.06.2026;13:33:00;861;87;9063;11;U7527Z1;Beroun,autobusové nádraží;49.95602;14.06599
20260619_134515_L580;20260619_134515;19.06.2026;13:33:00;580;30;7685;12;U9256Z1;Slaný,aut.nádr.;50.23202;14.02952
20260619_134515_L491;20260619_134515;19.06.2026;13:34:00;491;10;8575;10;U1908Z2;Český Brod,žel.st.;49.99482;14.74895
20260619_134515_L400;20260619_134515;19.06.2026;13:35:00;400;52;1085;10;U6078Z1;Varnsdorf,aut.nádr.;50.49673;14.48656
20260619_134515_L400;20260619_134515;19.06.2026;13:32:00;400;58;1084;12;U31386Z1;Praha,Střížkov;50.89795;14.62808
20260619_134515_L795;20260619_134515;19.06.2026;13:34:00;795;37;7847;11;U5742Z1;Zruč n.Sáz.,Sázavan;49.70563;15.03283
20260619_134515_L797;20260619_134515;19.06.2026;13:31:00;797;22;7864;14;U5825Z4;Chocerady;49.84757;14.76178
20260619_134515_L406;20260619_134515;19.06.2026;13:31:00;406;4;7936;14;U31688Z1;Pelhřimov,aut.nádr.;49.53665;15.16654
20260619_134515_L857;20260619_134515;19.06.2026;13:33:00;857;2;7309;10;U5815Z1;Zákolany;50.19891;14.2477
20260619_134515_L228;20260619_134515;19.06.2026;13:33:00;228;11;9044;10;U542Z12P;Poliklinika Malešice;50.04264;14.58726
20260619_134515_L318;20260619_134515;19.06.2026;13:31:00;318;48;7926;14;U1707Z4;Praha,Smíchovské nádraží;49.8929;14.30513
20260619_134515_L323;20260619_134515;19.06.2026;13:33:00;323;16;8742;12;U4402Z2;Praha,Nádraží Veleslavín;50.15687;14.24893
20260619_134515_L201;20260619_134515;19.06.2026;13:35:00;201;2;3901;10;U326Z2P;Černý Most;50.13838;14.51699
20260619_134515_L120;20260619_134515;19.06.2026;13:33:00;120;5;3653;11;U780Z2P;Na Knížecí;50.01615;14.35666
20260619_134515_L345;20260619_134515;19.06.2026;13:34:00;345;16;1864;10;U3253Z2;Liberec,aut.nádr.;50.52241;14.97503
20260619_134515_L204;20260619_134515;19.06.2026;13:35:00;204;70;9481;10;U438Z2P;Stavební zóna Horní Počernice;50.10773;14.60354
20260619_134515_L580;20260619_134515;19.06.2026;13:33:00;580;18;7749;10;U2926Z15;Slaný,aut.nádr.;50.10184;13.7313
20260619_134515_L136;20260619_134515;19.06.2026;13:31:00;136;14;5024;14;U151Z1P;Jižní Město;50.03151;14.53377
20260619_134515_L406;20260619_134515;19.06.2026;13:34:00;406;31;7930;11;U6042Z3;Benešov,Terminál;49.70939;14.89889
20260619_134515_L167;20260619_134515;19.06.2026;13:35:00;167;1;5048;10;U1040Z14P;Na Knížecí;50.0718;14.40269
20260619_134515_L315;20260619_134515;19.06.2026;13:32:00;315;6;8673;11;U3396Z1;Mnichovo Hradiště,dopravní terminál;50.46913;14.94054
20260619_134515_L381;20260619_134515;19.06.2026;13:27:00;381;18;9370;15;U2006Z1;Čáslav,obchodní centrum;49.98975;14.73395
20260619_134515_L799;20260619_134515;19.06.2026;13:32:00;799;72;7885;12;U7023Z2;Chotýšany;49.75995;14.83999
20260619_134515_L352;20260619_134515;19.06.2026;13:33:00;352;2;4120;12;U1086Z1;Praha,Luka;50.02112;14.29672
20260619_134515_L201;20260619_134515;19.06.2026;13:34:00;201;4;3897;11;U173Z2P;Černý Most;50.10962;14.55666
20260619_134515_L548;20260619_134515;19.06.2026;13:29:00;548;13;9546;14;U9780Z2;Hořovice,nemocnice;49.83907;13.90922
20260619_134515_L329;20260619_134515;19.06.2026;13:31:00;329;3;4521;13;U1256Z1;Škvorec,nám.;50.04287;14.7156
20260619_134916_L382;20260619_134916;19.06.2026;13:35:00;382;4;9367;14;U1885Z1;Sázava,aut.st.;50.00474;14.6571
20260619_134916_L385;20260619_134916;19.06.2026;13:37:00;385;8;1723;12;U2142Z12;Zvánovice;49.9965;14.66238
20260619_134916_L400;20260619_134916;19.06.2026;13:36:00;400;58;1084;12;U32489Z1;Praha,Střížkov;50.87935;14.60572
20260619_134916_L406;20260619_134916;19.06.2026;13:38:00;406;31;7930;11;U5799Z2;Benešov,Terminál;49.71306;14.87057
20260619_134916_L412;20260619_134916;19.06.2026;13:37:00;412;41;9902;11;U31012Z2;Sobotka,nám.;50.43958;15.34989
20260619_134916_L414;20260619_134916;19.06.2026;13:37:00;414;20;1521;10;U628Z10;Středokluky,U Školy;50.11014;14.27838
20260619_134916_L795;20260619_134916;19.06.2026;13:36:00;795;37;7847;11;U5748Z1;Zruč n.Sáz.,Sázavan;49.70038;15.06232
20260619_134916_L332;20260619_134916;19.06.2026;13:35:00;332;16;9127;12;U1330Z1;Jílové u Prahy,Náměstí;49.96413;14.51975
20260619_134916_L201;20260619_134916;19.06.2026;13:39:00;201;5;4095;10;U351Z1P;Černý Most;50.12828;14.49252
20260619_134916_L133;20260619_134916;19.06.2026;13:39:00;133;7;4105;10;U161Z1P;Sídliště Malešice;50.08144;14.49695
20260619_134916_L659;20260619_134916;19.06.2026;13:38:00;659;34;9177;10;U2029Z1;Český Brod,žel.st.;49.88666;14.85746
20260619_134916_L352;20260619_134916;19.06.2026;13:36:00;352;2;4120;13;U1085Z2;Praha,Luka;50.03179;14.30963
20260619_134916_L201;20260619_134916;19.06.2026;13:38:00;201;2;3901;11;U2769Z2P;Černý Most;50.13525;14.53632
20260619_134916_L120;20260619_134916;19.06.2026;13:37:00;120;5;3653;12;U517Z1P;Na Knížecí;50.02145;14.36298
20260619_134916_L180;20260619_134916;19.06.2026;13:36:00;180;3;6935;12;U44Z2P;Dejvická;50.08598;14.36755
20260619_134916_L520;20260619_134916;19.06.2026;13:38:00;520;1;9604;11;U7508Z1;Dobříš,nám.;49.67926;14.26334
20260619_134916_L315;20260619_134916;19.06.2026;13:37:00;315;6;8673;12;U9475Z1;Mnichovo Hradiště,dopravní terminál;50.4799;14.94023
20260619_134916_L466;20260619_134916;19.06.2026;13:37:00;466;23;8019;10;U4361Z1;Kralupy n.Vlt.,obchodní centrum;50.28592;14.31529
20260619_134916_L201;20260619_134916;19.06.2026;13:38:00;201;4;3897;10;U650Z1P;Černý Most;50.10739;14.56703
20260619_134916_L170;20260619_134916;19.06.2026;13:37:00;170;9;4045;12;U43Z2P;Jižní Město;50.03505;14.5153
20260619_134916_L548;20260619_134916;19.06.2026;13:29:00;548;13;9546;18;U9780Z2;Hořovice,nemocnice;49.83908;13.9092
20260619_134916_L383;20260619_134916;19.06.2026;13:35:00;383;32;9109;13;U2041Z1;Praha,Háje;49.92998;14.77146
20260619_134916_L386;20260619_134916;19.06.2026;13:35:00;386;32;1463;10;U2117Z1;Kladno,autobusové nádraží;50.08563;14.14402
20260619_134916_L733;20260619_134916;19.06.2026;13:35:00;733;37;8656;12;U6391Z1;Mnichovo Hradiště,nám.;50.5603;15.01706
20260619_134916_L686;20260619_134916;19.06.2026;13:38:00;686;34;8142;10;U1611Z2;Úvaly,žel.st.;50.05977;14.7351
20260619_134916_L339;20260619_134916;19.06.2026;13:38:00;339;11;9952;11;U4176Z2;Týnec n.Sáz.,žel.st.;49.98355;14.49539
20260619_134916_L480;20260619_134916;19.06.2026;13:37:00;480;25;7526;11;U9734Z1;Klučenice;49.67768;14.00064
20260619_134916_L754;20260619_134916;19.06.2026;13:38:00;754;13;7225;10;U4533Z2;Benešov,Terminál;49.73603;14.50048
20260619_134916_L685;20260619_134916;19.06.2026;13:39:00;685;30;1624;10;U2055Z1;Černé Voděrady;49.93593;14.70996
20260619_134916_L489;20260619_134916;19.06.2026;13:35:00;489;39;1608;13;U2008Z3;Strančice,žel.st.;49.98711;14.7418
20260619_134916_L490;20260619_134916;19.06.2026;13:39:00;490;41;1630;10;U2360Z1;Stříbrná Skalice,Náměstí;49.94199;14.70182
20260619_134916_L201;20260619_134916;19.06.2026;13:39:00;201;21;3981;10;U771Z1P;Černý Most;50.13481;14.50591
20260619_134916_L204;20260619_134916;19.06.2026;13:38:00;204;70;9481;10;U2603Z1P;Stavební zóna Horní Počernice;50.11101;14.61314
20260619_134916_L227;20260619_134916;19.06.2026;13:38:00;227;10;1578;10;U336Z3P;Nedvězí;50.03172;14.59867
20260619_134916_L228;20260619_134916;19.06.2026;13:38:00;228;11;9044;10;U108Z1P;Poliklinika Malešice;50.05822;14.58507
20260619_134916_L304;20260619_134916;19.06.2026;13:38:00;304;3;8392;10;U306Z1;Praha,Vypich;50.07545;14.34249
20260619_134916_L718;20260619_134916;19.06.2026;13:38:00;718;32;8608;11;U6365Z2;Mnichovo Hradiště,dopravní terminál;50.50418;15.02277
20260619_134916_L466;20260619_134916;19.06.2026;13:35:00;466;22;1056;11;U4363Z2;Mělník,aut.nádr.;50.32039;14.33518
20260619_134916_L467;20260619_134916;19.06.2026;13:37:00;467;14;8012;10;U1795Z1;Roudnice n.L.,ČSAD;50.35873;14.46186
20260619_134916_L493;20260619_134916;19.06.2026;13:38:00;493;12;8596;11;U3160Z1;Nymburk,hl.nádr.;50.13816;15.09505
20260619_134916_L627;20260619_134916;19.06.2026;13:39:00;627;20;8972;10;U4786Z2;Slaný,aut.nádr.;50.23005;14.08358
20260619_134916_L630;20260619_134916;19.06.2026;13:39:00;630;39;8805;10;U4967Z4;Beroun,Jarov,náves;49.94814;14.06993
20260619_134916_L491;20260619_134916;19.06.2026;13:38:00;491;10;8575;10;U2071Z1;Český Brod,žel.st.;50.00966;14.77777
20260619_134916_L528;20260619_134916;19.06.2026;13:38:00;528;10;9547;11;U9817Z1;Březová;49.89787;13.88956
20260619_134916_L580;20260619_134916;19.06.2026;13:35:00;580;30;7685;12;U9254Z1;Slaný,aut.nádr.;50.23492;14.06469
20260619_134916_L580;20260619_134916;19.06.2026;13:35:00;580;18;7749;13;U4340Z2;Slaný,aut.nádr.;50.10622;13.72528
20260619_135316_L120;20260619_135316;19.06.2026;13:39:00;120;5;3653;12;U501Z2P;Na Knížecí;50.02677;14.37405
20260619_135316_L466;20260619_135316;19.06.2026;13:41:00;466;23;8019;11;U4245Z1;Kralupy n.Vlt.,obchodní centrum;50.27543;14.30911
20260619_135316_L167;20260619_135316;19.06.2026;13:41:00;167;3;5124;10;U254Z6P;Na Knížecí;50.07076;14.3869
20260619_135316_L201;20260619_135316;19.06.2026;13:42:00;201;5;4095;10;U606Z5P;Černý Most;50.12339;14.50628
20260619_135316_L480;20260619_135316;19.06.2026;13:41:00;480;25;7526;12;U9753Z3;Klučenice;49.67083;13.99277
20260619_135316_L548;20260619_135316;19.06.2026;13:29:00;548;13;9546;23;U9780Z2;Hořovice,nemocnice;49.83908;13.9092
20260619_135316_L385;20260619_135316;19.06.2026;13:41:00;385;8;1723;12;U1882Z1;Zvánovice;49.99641;14.67669
20260619_135316_L580;20260619_135316;19.06.2026;13:41:00;580;30;7685;12;U4786Z2;Slaný,aut.nádr.;50.23021;14.08341
20260619_135316_L580;20260619_135316;19.06.2026;13:39:00;580;18;7749;13;U6839Z1;Slaný,aut.nádr.;50.1031;13.74679
20260619_135316_L401;20260619_135316;19.06.2026;13:39:00;401;62;7771;11;U4886Z5;Praha,Roztyly;49.41209;14.66772
20260619_135316_L406;20260619_135316;19.06.2026;13:42:00;406;31;7930;10;U7610Z2;Benešov,Terminál;49.73182;14.82806
20260619_135316_L412;20260619_135316;19.06.2026;13:41:00;412;41;9902;11;U31009Z2;Sobotka,nám.;50.4476;15.32101
20260619_135316_L795;20260619_135316;19.06.2026;13:42:00;795;37;7847;10;U7512Z1;Zruč n.Sáz.,Sázavan;49.71178;15.085
20260619_135316_L797;20260619_135316;19.06.2026;13:41:00;797;22;7864;12;U7528Z1;Chocerady;49.86621;14.7987
20260619_135316_L400;20260619_135316;19.06.2026;13:42:00;400;58;1084;10;U32677Z2;Praha,Střížkov;50.87568;14.56963
20260619_135316_L352;20260619_135316;19.06.2026;13:41:00;352;2;4120;12;U1211Z2;Praha,Luka;50.03913;14.32782
20260619_135316_L201;20260619_135316;19.06.2026;13:43:00;201;2;3901;10;U243Z5P;Černý Most;50.13055;14.55093
20260619_135316_L170;20260619_135316;19.06.2026;13:39:00;170;9;4045;14;U386Z1P;Jižní Město;50.03099;14.52398
20260619_135316_L136;20260619_135316;19.06.2026;13:43:00;136;18;6971;10;U512Z5P;Jižní Město;50.0902;14.46636
20260619_135316_L445;20260619_135316;19.06.2026;13:43:00;445;17;7401;10;U1520Z1;Jílové u Prahy,Náměstí;49.91871;14.44866
20260619_135316_L450;20260619_135316;19.06.2026;13:40:00;450;24;7505;12;U7770Z2;Petrovice;49.57317;14.39357
20260619_135316_L204;20260619_135316;19.06.2026;13:42:00;204;70;9481;11;U862Z1P;Stavební zóna Horní Počernice;50.11682;14.62173
20260619_135316_L227;20260619_135316;19.06.2026;13:40:00;227;10;1578;12;U808Z1P;Nedvězí;50.02957;14.60775
20260619_135316_L228;20260619_135316;19.06.2026;13:41:00;228;11;9044;10;U107Z1P;Poliklinika Malešice;50.0675;14.57837
20260619_135316_L318;20260619_135316;19.06.2026;13:42:00;318;48;7926;11;U1704Z4;Praha,Smíchovské nádraží;49.92151;14.33643
20260619_135316_L323;20260619_135316;19.06.2026;13:39:00;323;16;8742;14;U4396Z2;Praha,Nádraží Veleslavín;50.13256;14.23711
20260619_135316_L332;20260619_135316;19.06.2026;13:35:00;332;16;9127;14;U1330Z1;Jílové u Prahy,Náměstí;49.95207;14.51803
20260619_135316_L332;20260619_135316;19.06.2026;13:42:00;332;18;9939;10;U4861Z1;Jílové u Prahy,Náměstí;49.99174;14.48974
20260619_135316_L332;20260619_135316;19.06.2026;13:42:00;332;20;9934;10;U2108Z2;Praha,Budějovická;49.90209;14.49514
20260619_135316_L339;20260619_135316;19.06.2026;13:41:00;339;11;9952;11;U1332Z1;Týnec n.Sáz.,žel.st.;49.96931;14.51038
20260619_135316_L345;20260619_135316;19.06.2026;13:41:00;345;16;1864;11;U9440Z3;Liberec,aut.nádr.;50.54604;15.03813
20260619_135316_L858;20260619_135316;19.06.2026;13:42:00;858;67;8713;11;U2825Z1;Libčice n.Vlt.,Žel.zast.Letky;50.199;14.36304
20260619_135316_L491;20260619_135316;19.06.2026;13:42:00;491;10;8575;11;U2070Z3;Český Brod,žel.st.;50.02253;14.79212
20260619_135316_L659;20260619_135316;19.06.2026;13:40:00;659;34;9177;12;U2030Z4;Český Brod,žel.st.;49.88296;14.86861
20260619_135316_L466;20260619_135316;19.06.2026;13:40:00;466;22;1056;11;U4376Z1;Mělník,aut.nádr.;50.32394;14.34087
20260619_135316_L493;20260619_135316;19.06.2026;13:42:00;493;12;8596;10;U3029Z1;Nymburk,hl.nádr.;50.16598;15.07723
20260619_135316_L489;20260619_135316;19.06.2026;13:43:00;489;31;1644;10;U2064Z2;Louňovice;49.93371;14.71196
20260619_135316_L489;20260619_135316;19.06.2026;13:41:00;489;39;1608;12;U2083Z1;Strančice,žel.st.;49.96899;14.73854
20260619_135316_L490;20260619_135316;19.06.2026;13:39:00;490;41;1630;13;U2360Z1;Stříbrná Skalice,Náměstí;49.93985;14.70352
20260619_135316_L686;20260619_135316;19.06.2026;13:43:00;686;34;8142;10;U2380Z2;Úvaly,žel.st.;50.07355;14.72947
20260619_135716_L201;20260619_135716;19.06.2026;13:46:00;201;21;3981;11;U327Z2P;Černý Most;50.13623;14.52327
20260619_135716_L167;20260619_135716;19.06.2026;13:41:00;167;3;5124;13;U254Z6P;Na Knížecí;50.071;14.39002
20260619_135716_L389;20260619_135716;19.06.2026;13:46:00;389;33;7760;10;U4787Z1;Chomutov,žel.st.;50.23329;14.08008
20260619_135716_L201;20260619_135716;19.06.2026;13:47:00;201;2;3901;10;U762Z1P;Černý Most;50.12526;14.57285
20260619_135716_L174;20260619_135716;19.06.2026;13:45:00;174;2;4120;12;U1007Z71P;Vypich;50.04542;14.32103
20260619_135716_L120;20260619_135716;19.06.2026;13:43:00;120;5;3653;14;U1050Z2P;Na Knížecí;50.03531;14.37718
20260619_135716_L201;20260619_135716;19.06.2026;13:46:00;201;5;4095;11;U1000Z12P;Černý Most;50.12579;14.51683
20260619_135716_L180;20260619_135716;19.06.2026;13:47:00;180;4;5118;10;U229Z2P;Dejvická;50.08659;14.37263
20260619_135716_L659;20260619_135716;19.06.2026;13:44:00;659;34;9177;13;U2551Z2;Český Brod,žel.st.;49.89883;14.8952
20260619_135716_L760;20260619_135716;19.06.2026;13:46:00;760;8;8375;10;U6830Z1;Rakovník,aut.st.;50.16045;13.56762
20260619_135716_L520;20260619_135716;19.06.2026;13:45:00;520;1;9604;11;U7785Z1;Dobříš,nám.;49.69425;14.1827
20260619_135716_L521;20260619_135716;19.06.2026;13:43:00;521;17;9617;14;U9730Z2;Příbram,aut.nádr.;49.68777;14.00622
20260619_135716_L445;20260619_135716;19.06.2026;13:46:00;445;17;7401;10;U1521Z1;Jílové u Prahy,Náměstí;49.90589;14.45961
20260619_135716_L450;20260619_135716;19.06.2026;13:45:00;450;24;7505;11;U7826Z1;Petrovice;49.57904;14.34984
20260619_135716_L480;20260619_135716;19.06.2026;13:45:00;480;25;7526;11;U7886Z1;Klučenice;49.65443;14.02214
20260619_135716_L825;20260619_135716;19.06.2026;13:46:00;825;43;9581;10;U2389Z2;Mořinka;49.98255;14.14677
20260619_135716_L493;20260619_135716;19.06.2026;13:47:00;493;12;8596;10;U2968Z1;Nymburk,hl.nádr.;50.18044;15.04468
20260619_135716_L773;20260619_135716;19.06.2026;13:45:00;773;1;7546;11;U2033Z2;Sázava,aut.st.;49.87237;14.90547
20260619_135716_L466;20260619_135716;19.06.2026;13:45:00;466;22;1056;12;U4372Z1;Mělník,aut.nádr.;50.33688;14.37029
20260619_135716_L467;20260619_135716;19.06.2026;13:47:00;467;14;8012;10;U4728Z1;Roudnice n.L.,ČSAD;50.37398;14.38812
20260619_135716_L350;20260619_135716;19.06.2026;13:47:00;350;51;8835;10;U4304Z1;Kladno,OAZA;50.15092;14.17974
20260619_135716_L385;20260619_135716;19.06.2026;13:43:00;385;8;1723;12;U2085Z3;Zvánovice;49.98801;14.70731
20260619_135716_L345;20260619_135716;19.06.2026;13:44:00;345;16;1864;11;U9441Z1;Liberec,aut.nádr.;50.57132;15.06346
20260619_135716_L305;20260619_135716;19.06.2026;13:46:00;305;7;8374;10;U6830Z1;Praha,Zličín;50.16036;13.5673
20260619_135716_L227;20260619_135716;19.06.2026;13:45:00;227;10;1578;12;U838Z1P;Nedvězí;50.01534;14.62162
20260619_135716_L204;20260619_135716;19.06.2026;13:46:00;204;70;9481;10;U1352Z2P;Stavební zóna Horní Počernice;50.12374;14.61524
20260619_135716_L315;20260619_135716;19.06.2026;13:46:00;315;6;8673;11;U3254Z1;Mnichovo Hradiště,dopravní terminál;50.51729;14.97302
20260619_135716_L228;20260619_135716;19.06.2026;13:46:00;228;12;9016;10;U461Z2P;Benice;50.0331;14.5934
20260619_135716_L228;20260619_135716;19.06.2026;13:47:00;228;11;9044;10;U793Z2P;Poliklinika Malešice;50.07194;14.5511
20260619_135716_L580;20260619_135716;19.06.2026;13:44:00;580;18;7749;12;U9898Z2;Slaný,aut.nádr.;50.12356;13.77042
20260619_135716_L624;20260619_135716;19.06.2026;13:46:00;624;32;8895;10;U3095Z1;Družec,náves;50.1407;14.06938
20260619_135716_L491;20260619_135716;19.06.2026;13:44:00;491;10;8575;12;U4570Z1;Český Brod,žel.st.;50.03581;14.80853
20260619_135716_L332;20260619_135716;19.06.2026;13:43:00;332;16;9127;14;U2128Z1;Jílové u Prahy,Náměstí;49.93665;14.51423
20260619_135716_L323;20260619_135716;19.06.2026;13:43:00;323;16;8742;14;U2134Z2;Praha,Nádraží Veleslavín;50.1221;14.25454
20260619_135716_L324;20260619_135716;19.06.2026;13:47:00;324;20;8972;10;U4780Z1;Praha,Zličín;50.22531;14.06552
20260619_135716_L332;20260619_135716;19.06.2026;13:46:00;332;18;9939;10;U1331Z1;Jílové u Prahy,Náměstí;49.97547;14.5011
20260619_135716_L332;20260619_135716;19.06.2026;13:44:00;332;20;9934;13;U2107Z2;Praha,Budějovická;49.90749;14.4921
20260619_135716_L339;20260619_135716;19.06.2026;13:43:00;339;11;9952;13;U1330Z1;Týnec n.Sáz.,žel.st.;49.96552;14.51769
20260619_135716_L401;20260619_135716;19.06.2026;13:43:00;401;62;7771;14;U31276Z2;Praha,Roztyly;49.42214;14.65952
20260619_135716_L389;20260619_135716;19.06.2026;13:44:00;389;8;7762;10;U85Z1;Praha,Nádraží Veleslavín;50.09572;14.34695
20260619_135716_L406;20260619_135716;19.06.2026;13:45:00;406;31;7930;11;U7608Z2;Benešov,Terminál;49.7497;14.78324
20260619_135716_L412;20260619_135716;19.06.2026;13:46:00;412;41;9902;11;U31006Z2;Sobotka,nám.;50.45436;15.25723
20260619_135716_L413;20260619_135716;19.06.2026;13:46:00;413;63;7092;10;U31439Z1;Praha,Letňany;50.36247;14.26052
20260619_135716_L795;20260619_135716;19.06.2026;13:46:00;795;37;7847;11;U5868Z1;Zruč n.Sáz.,Sázavan;49.72852;15.07824
20260619_140116_L180;20260619_140116;19.06.2026;13:51:00;180;2;6997;10;U321Z13P;Obchodní centrum Zličín;50.10262;14.39415
20260619_140116_L493;20260619_140116;19.06.2026;13:49:00;493;12;8596;11;U2969Z1;Nymburk,hl.nádr.;50.18684;15.03916
20260619_140116_L491;20260619_140116;19.06.2026;13:49:00;491;10;8575;12;U1421Z2;Český Brod,žel.st.;50.05614;14.81631
20260619_140116_L773;20260619_140116;19.06.2026;13:49:00;773;1;7546;11;U7916Z2;Sázava,aut.st.;49.85093;14.90141
20260619_140116_L466;20260619_140116;19.06.2026;13:49:00;466;22;1056;11;U2831Z1;Mělník,aut.nádr.;50.33291;14.37272
20260619_140116_L467;20260619_140116;19.06.2026;13:51:00;467;14;8012;10;U4712Z1;Roudnice n.L.,ČSAD;50.38739;14.33694
20260619_140116_L470;20260619_140116;19.06.2026;13:50:00;470;36;8051;10;U1785Z1;Mělník,aut.nádr.;50.28991;14.49588
20260619_140116_L639;20260619_140116;19.06.2026;13:48:00;639;8;9586;11;U7179Z2;Hořovice,nám.B.Němcové;49.842;13.91617
20260619_140116_L580;20260619_140116;19.06.2026;13:49:00;580;18;7749;11;U9919Z2;Slaný,aut.nádr.;50.14082;13.75799
20260619_140116_L445;20260619_140116;19.06.2026;13:50:00;445;17;7401;11;U2598Z2;Jílové u Prahy,Náměstí;49.9002;14.47918
20260619_140116_L685;20260619_140116;19.06.2026;13:50:00;685;30;1624;11;U2042Z1;Černé Voděrady;49.93208;14.7779
20260619_140116_L584;20260619_140116;19.06.2026;13:49:00;584;77;8378;11;U3372Z2;Mutějovice,Lhota p.Džbánem;50.19404;13.70742
20260619_140116_L760;20260619_140116;19.06.2026;13:49:00;760;8;8375;10;U7806Z2;Rakovník,aut.st.;50.16467;13.62664
20260619_140116_L520;20260619_140116;19.06.2026;13:50:00;520;1;9604;10;U5773Z2;Dobříš,nám.;49.70655;14.14568
20260619_140116_L333;20260619_140116;19.06.2026;13:50:00;333;14;7455;10;U1522Z1;Zvole,Nová Zvole;49.9838;14.49047
20260619_140116_L335;20260619_140116;19.06.2026;13:51:00;335;7;9172;10;U1522Z1;Kamenice,Kult.dům;49.98519;14.49429
20260619_140116_L324;20260619_140116;19.06.2026;13:50:00;324;20;8972;10;U4784Z1;Praha,Zličín;50.23212;14.07217
20260619_140116_L332;20260619_140116;19.06.2026;13:50:00;332;18;9939;10;U1330Z1;Jílové u Prahy,Náměstí;49.96624;14.51689
20260619_140116_L345;20260619_140116;19.06.2026;13:47:00;345;16;1864;12;U31057Z1;Liberec,aut.nádr.;50.58388;15.08873
20260619_140116_L350;20260619_140116;19.06.2026;13:47:00;350;51;8835;10;U4304Z1;Kladno,OAZA;50.13805;14.13686
20260619_140116_L383;20260619_140116;19.06.2026;13:48:00;383;32;9109;12;U2037Z2;Praha,Háje;49.96427;14.74414
20260619_140116_L386;20260619_140116;19.06.2026;13:47:00;386;32;1463;14;U4899Z3;Kladno,autobusové nádraží;50.07994;14.10023
20260619_140116_L204;20260619_140116;19.06.2026;13:51:00;204;70;9481;10;U1288Z1P;Stavební zóna Horní Počernice;50.11785;14.60262
20260619_140116_L227;20260619_140116;19.06.2026;13:48:00;227;10;1578;12;U1004Z1P;Nedvězí;50.00956;14.63472
20260619_140116_L228;20260619_140116;19.06.2026;13:49:00;228;12;9016;11;U3053Z1P;Benice;50.02863;14.59333
20260619_140116_L228;20260619_140116;19.06.2026;13:50:00;228;11;9044;10;U1014Z2P;Poliklinika Malešice;50.07128;14.5407
20260619_140116_L305;20260619_140116;19.06.2026;13:49:00;305;7;8374;11;U7806Z2;Praha,Zličín;50.16305;13.61057
20260619_140116_L394;20260619_140116;19.06.2026;13:51:00;394;22;9889;10;U4273Z1;Praha,Nové Butovice;49.96849;14.08115
20260619_140116_L406;20260619_140116;19.06.2026;13:49:00;406;31;7930;11;U9384Z2;Benešov,Terminál;49.76546;14.7447
20260619_140116_L389;20260619_140116;19.06.2026;13:48:00;389;33;7760;10;U4836Z1;Chomutov,žel.st.;50.24941;14.06163
20260619_140116_L201;20260619_140116;19.06.2026;13:49:00;201;5;4095;12;U771Z1P;Černý Most;50.13482;14.50587
20260619_140116_L174;20260619_140116;19.06.2026;13:49:00;174;2;4120;12;U709Z2P;Vypich;50.05331;14.3293
20260619_140116_L136;20260619_140116;19.06.2026;13:50:00;136;18;6971;10;U118Z4P;Jižní Město;50.07773;14.45876
20260619_140116_L201;20260619_140116;19.06.2026;13:51:00;201;21;3981;10;U202Z2P;Černý Most;50.13392;14.54934
20260619_140116_L659;20260619_140116;19.06.2026;13:50:00;659;36;9179;10;U2016Z1;Český Brod,žel.st.;49.99403;14.85995
20260619_140116_L201;20260619_140116;19.06.2026;13:50:00;201;2;3901;11;U51Z2P;Černý Most;50.12304;14.56642
20260619_140116_L149;20260619_140116;19.06.2026;13:50:00;149;8;4086;10;U254Z5P;Stodůlky-Bavorská;50.07005;14.38024
20260619_140116_L857;20260619_140116;19.06.2026;13:47:00;857;1;7308;11;U2444Z2;Kralupy n.Vlt.,obchodní centrum;50.23725;14.30862
20260619_140116_L480;20260619_140116;19.06.2026;13:49:00;480;25;7526;11;U7721Z1;Klučenice;49.63422;14.03939
20260619_140116_L180;20260619_140116;19.06.2026;13:49:00;180;1;5127;10;U867Z2P;Obchodní centrum Zličín;50.08986;14.38401
20260619_140116_L180;20260619_140116;19.06.2026;13:49:00;180;4;5118;12;U182Z2P;Dejvická;50.08788;14.38191
20260619_140116_L339;20260619_140116;19.06.2026;13:43:00;339;11;9952;17;U1330Z1;Týnec n.Sáz.,žel.st.;49.96439;14.51921
20260619_140116_L638;20260619_140116;19.06.2026;13:49:00;638;59;9580;11;U9052Z1;Beroun,autobusové nádraží;49.91397;14.07547
20260619_140116_L452;20260619_140116;19.06.2026;13:48:00;452;71;7903;12;U1384Z7;Bystřice,Drachkov;49.77901;14.68401
20260619_140116_L177;20260619_140116;19.06.2026;13:50:00;177;9;6777;11;U166Z1P;Chodov;50.04784;14.51995
20260619_140517_L659;20260619_140517;19.06.2026;13:53:00;659;36;9179;10;U1978Z1;Český Brod,žel.st.;49.98498;14.87211
20260619_140517_L467;20260619_140517;19.06.2026;13:54:00;467;14;8012;10;U4713Z1;Roudnice n.L.,ČSAD;50.40615;14.30083
20260619_140517_L720;20260619_140517;19.06.2026;13:52:00;720;68;1413;10;U2987Z11;Semily,Terminál;50.41964;14.9162
20260619_140517_L638;20260619_140517;19.06.2026;13:53:00;638;59;9580;12;U9054Z1;Beroun,autobusové nádraží;49.92471;14.07016
20260619_140517_L639;20260619_140517;19.06.2026;13:52:00;639;8;9586;13;U4275Z1;Hořovice,nám.B.Němcové;49.83548;13.91173
20260619_140517_L201;20260619_140517;19.06.2026;13:54:00;201;5;4095;11;U899Z4P;Černý Most;50.14169;14.51555
20260619_140517_L324;20260619_140517;19.06.2026;13:54:00;324;20;8972;11;U4788Z2;Praha,Zličín;50.23428;14.07539
20260619_140517_L335;20260619_140517;19.06.2026;13:55:00;335;7;9172;10;U1332Z1;Kamenice,Kult.dům;49.96985;14.50896
20260619_140517_L345;20260619_140517;19.06.2026;13:52:00;345;16;1864;13;U31058Z1;Liberec,aut.nádr.;50.61853;15.11053
20260619_140517_L499;20260619_140517;19.06.2026;13:55:00;499;36;8690;10;U9455Z1;Nymburk,hl.nádr.;50.40218;14.97788
20260619_140517_L383;20260619_140517;19.06.2026;13:53:00;383;31;9174;10;U435Z3;Ondřejov,náměstí;50.03611;14.59238
20260619_140517_L383;20260619_140517;19.06.2026;13:51:00;383;32;9109;14;U2384Z2;Praha,Háje;49.97608;14.73483
20260619_140517_L389;20260619_140517;19.06.2026;13:54:00;389;33;7760;10;U9225Z2;Chomutov,žel.st.;50.26155;14.0522
20260619_140517_L120;20260619_140517;19.06.2026;13:51:00;120;5;3653;14;U147Z4P;Na Knížecí;50.04168;14.40447
20260619_140517_L685;20260619_140517;19.06.2026;13:52:00;685;30;1624;10;U2144Z1;Černé Voděrady;49.94135;14.79549
20260619_140517_L480;20260619_140517;19.06.2026;13:51:00;480;25;7526;12;U7719Z1;Klučenice;49.63034;14.06001
20260619_140517_L575;20260619_140517;19.06.2026;13:53:00;575;1;8353;11;U6901Z1;Rakovník,aut.st.;49.99889;13.71029
20260619_140517_L580;20260619_140517;19.06.2026;13:51:00;580;18;7749;12;U3390Z2;Slaný,aut.nádr.;50.15683;13.74442
20260619_140517_L624;20260619_140517;19.06.2026;13:54:00;624;32;8895;11;U9926Z2;Družec,náves;50.10961;14.06827
20260619_140517_L628;20260619_140517;19.06.2026;13:53:00;628;30;8804;10;U9329Z2;Řevničov,ObÚ;50.20653;13.84953
20260619_140517_L491;20260619_140517;19.06.2026;13:51:00;491;10;8575;13;U4134Z2;Český Brod,žel.st.;50.06288;14.83676
20260619_140517_L659;20260619_140517;19.06.2026;13:52:00;659;34;9177;12;U1992Z2;Český Brod,žel.st.;49.92477;14.87641
20260619_140517_L466;20260619_140517;19.06.2026;13:52:00;466;22;1056;12;U4374Z1;Mělník,aut.nádr.;50.31793;14.36925
20260619_140517_L770;20260619_140517;19.06.2026;13:51:00;770;4;7859;13;U2176Z1;Uhlířské Janovice,nám.;49.87896;15.03465
20260619_140517_L204;20260619_140517;19.06.2026;13:53:00;204;72;9048;11;U820Z1P;Stavební zóna Horní Počernice;50.07351;14.55777
20260619_140517_L227;20260619_140517;19.06.2026;13:52:00;227;10;1578;12;U455Z1P;Nedvězí;50.0163;14.64187
20260619_140517_L228;20260619_140517;19.06.2026;13:52:00;228;12;9016;13;U22Z1P;Benice;50.01578;14.60647
20260619_140517_L228;20260619_140517;19.06.2026;13:55:00;228;11;9044;10;U389Z2P;Poliklinika Malešice;50.07222;14.53574
20260619_140517_L394;20260619_140517;19.06.2026;13:51:00;394;22;9889;11;U4273Z1;Praha,Nové Butovice;49.97725;14.11356
20260619_140517_L413;20260619_140517;19.06.2026;13:54:00;413;63;7092;10;U4365Z1;Praha,Letňany;50.32814;14.28931
20260619_140517_L795;20260619_140517;19.06.2026;13:52:00;795;37;7847;12;U7317Z1;Zruč n.Sáz.,Sázavan;49.72629;15.0598
20260619_140517_L406;20260619_140517;19.06.2026;13:53:00;406;31;7930;10;U5937Z2;Benešov,Terminál;49.788;14.69782
20260619_140517_L180;20260619_140517;19.06.2026;13:53:00;180;1;5127;11;U229Z1P;Obchodní centrum Zličín;50.08663;14.37156
20260619_140517_L136;20260619_140517;19.06.2026;13:54:00;136;18;6971;11;U855Z1P;Jižní Město;50.07447;14.46397
20260619_140517_L180;20260619_140517;19.06.2026;13:51:00;180;4;5118;12;U867Z1P;Dejvická;50.09475;14.3953
20260619_140517_L174;20260619_140517;19.06.2026;13:53:00;174;2;4120;12;U966Z1P;Vypich;50.05781;14.33949
20260619_140517_L177;20260619_140517;19.06.2026;13:52:00;177;9;6777;11;U195Z1P;Chodov;50.04039;14.51104
20260619_140517_L108;20260619_140517;19.06.2026;13:54:00;108;2;2046;10;U1169Z2P;Divoká Šárka;50.08612;14.31233
20260619_140517_L201;20260619_140517;19.06.2026;13:54:00;201;2;3901;10;U173Z2P;Černý Most;50.10887;14.55656
20260619_140517_L201;20260619_140517;19.06.2026;13:53:00;201;21;3981;11;U243Z5P;Černý Most;50.12693;14.55725
20260619_140517_L167;20260619_140517;19.06.2026;13:52:00;167;4;5122;10;U254Z6P;Na Knížecí;50.07097;14.38894
20260619_140517_L149;20260619_140517;19.06.2026;13:54:00;149;8;4086;11;U573Z1P;Stodůlky-Bavorská;50.06075;14.37566
20260619_140517_L180;20260619_140517;19.06.2026;13:55:00;180;2;6997;10;U592Z2P;Obchodní centrum Zličín;50.09471;14.39378
20260619_140517_L199;20260619_140517;19.06.2026;13:53:00;199;5;3958;10;U418Z2P;Želivského;50.07738;14.48905
20260619_140517_L332;20260619_140517;19.06.2026;13:50:00;332;18;9939;13;U1330Z1;Jílové u Prahy,Náměstí;49.96453;14.51907
20260619_140917_L335;20260619_140917;19.06.2026;13:57:00;335;7;9172;10;U1330Z1;Kamenice,Kult.dům;49.96664;14.51635
20260619_140917_L181;20260619_140917;19.06.2026;13:57:00;181;3;5507;10;U403Z8P;Opatov;50.05136;14.5234
20260619_140917_L167;20260619_140917;19.06.2026;13:52:00;167;4;5122;13;U254Z6P;Na Knížecí;50.07161;14.39348
20260619_140917_L149;20260619_140917;19.06.2026;13:58:00;149;8;4086;10;U846Z1P;Stodůlky-Bavorská;50.05553;14.36505
20260619_140917_L136;20260619_140917;19.06.2026;13:59:00;136;18;6971;10;U680Z3P;Jižní Město;50.06836;14.46914
20260619_140917_L201;20260619_140917;19.06.2026;13:56:00;201;5;4095;13;U327Z2P;Černý Most;50.13623;14.52333
20260619_140917_L174;20260619_140917;19.06.2026;13:56:00;174;2;4120;12;U394Z4P;Vypich;50.07233;14.33704
20260619_140917_L180;20260619_140917;19.06.2026;13:56:00;180;2;6997;12;U867Z2P;Obchodní centrum Zličín;50.09228;14.38666
20260619_140917_L197;20260619_140917;19.06.2026;13:57:00;197;2;5518;10;U894Z1P;Roztyly;50.00537;14.50072
20260619_140917_L480;20260619_140917;19.06.2026;13:57:00;480;25;7526;11;U7805Z1;Klučenice;49.61746;14.09258
20260619_140917_L685;20260619_140917;19.06.2026;13:57:00;685;30;1624;11;U2080Z1;Černé Voděrady;49.94207;14.80709
20260619_140917_L324;20260619_140917;19.06.2026;13:57:00;324;20;8972;11;U4786Z2;Praha,Zličín;50.23006;14.08357
20260619_140917_L466;20260619_140917;19.06.2026;13:57:00;466;22;1056;11;U3267Z2;Mělník,aut.nádr.;50.3216;14.39918
20260619_140917_L201;20260619_140917;19.06.2026;13:59:00;201;2;3901;10;U1056Z2P;Černý Most;50.10755;14.57253
20260619_140917_L226;20260619_140917;19.06.2026;13:57:00;226;8;1598;11;U808Z1P;Benice;50.02995;14.60535
20260619_140917_L136;20260619_140917;19.06.2026;13:58:00;136;16;6878;10;U353Z1P;Jižní Město;50.02899;14.52547
20260619_140917_L201;20260619_140917;19.06.2026;13:57:00;201;21;3981;12;U762Z1P;Černý Most;50.12526;14.57284
20260619_140917_L324;20260619_140917;19.06.2026;13:59:00;324;29;8994;10;U1782Z1;Slaný,Rabasova;50.14068;14.06534
20260619_140917_L228;20260619_140917;19.06.2026;13:56:00;228;11;9044;11;U358Z4P;Poliklinika Malešice;50.07698;14.51777
20260619_140917_L332;20260619_140917;19.06.2026;13:56:00;332;20;9934;13;U2130Z2;Praha,Budějovická;49.94861;14.5197
20260619_140917_L575;20260619_140917;19.06.2026;13:56:00;575;1;8353;11;U6900Z2;Rakovník,aut.st.;50.00859;13.68409
20260619_140917_L760;20260619_140917;19.06.2026;13:56:00;760;8;8375;12;U6813Z1;Rakovník,aut.st.;50.1443;13.64981
20260619_140917_L491;20260619_140917;19.06.2026;13:55:00;491;10;8575;14;U2398Z1;Český Brod,žel.st.;50.07268;14.8579
20260619_140917_L659;20260619_140917;19.06.2026;13:55:00;659;42;9495;13;U2269Z1;Stříbrná Skalice,Náměstí;50.07553;14.86307
20260619_140917_L659;20260619_140917;19.06.2026;13:58:00;659;34;9177;11;U1990Z2;Český Brod,žel.st.;49.94605;14.85244
20260619_140917_L857;20260619_140917;19.06.2026;13:56:00;857;1;7308;13;U2286Z2;Kralupy n.Vlt.,obchodní centrum;50.24145;14.3125
20260619_140917_L467;20260619_140917;19.06.2026;13:58:00;467;14;8012;10;U4715Z1;Roudnice n.L.,ČSAD;50.42047;14.2604
20260619_140917_L470;20260619_140917;19.06.2026;13:57:00;470;36;8051;12;U1790Z1;Mělník,aut.nádr.;50.33286;14.49682
20260619_140917_L499;20260619_140917;19.06.2026;13:58:00;499;36;8690;10;U6234Z1;Nymburk,hl.nádr.;50.39075;14.97999
20260619_140917_L136;20260619_140917;19.06.2026;13:58:00;136;19;6975;10;U516Z3P;Jižní Město;50.07929;14.46039
20260619_140917_L108;20260619_140917;19.06.2026;13:58:00;108;2;2046;11;U85Z6P;Divoká Šárka;50.09142;14.3245
20260619_140917_L204;20260619_140917;19.06.2026;13:56:00;204;72;9048;12;U1390Z1P;Stavební zóna Horní Počernice;50.08619;14.57587
20260619_140917_L580;20260619_140917;19.06.2026;13:55:00;580;18;7749;11;U3143Z2;Slaný,aut.nádr.;50.17549;13.76741
20260619_140917_L620;20260619_140917;19.06.2026;13:57:00;620;12;8432;10;U4409Z3;Kladno,autobusové nádraží;50.20118;14.19255
20260619_140917_L624;20260619_140917;19.06.2026;13:57:00;624;32;8895;12;U4109Z2;Družec,náves;50.11673;14.04342
20260619_140917_L383;20260619_140917;19.06.2026;13:55:00;383;31;9174;13;U542Z1;Ondřejov,náměstí;50.0339;14.59546
20260619_140917_L383;20260619_140917;19.06.2026;13:55:00;383;32;9109;14;U2034Z2;Praha,Háje;49.98963;14.73603
20260619_140917_L389;20260619_140917;19.06.2026;13:58:00;389;33;7760;11;U9227Z2;Chomutov,žel.st.;50.26147;14.01888
20260619_140917_L406;20260619_140917;19.06.2026;13:58:00;406;1;7934;10;U31660Z2;Praha,Roztyly;49.56365;15.11073
20260619_140917_L795;20260619_140917;19.06.2026;13:57:00;795;37;7847;10;U7053Z1;Zruč n.Sáz.,Sázavan;49.73904;15.09938
20260619_140917_L399;20260619_140917;19.06.2026;13:56:00;399;4;1297;11;U4315Z2;Praha,Nádraží Veleslavín;50.14591;14.15341
20260619_140917_L750;20260619_140917;19.06.2026;13:55:00;750;16;7866;12;U1384Z8;Načeradec;49.7837;14.68099
20260619_140917_L638;20260619_140917;19.06.2026;13:57:00;638;59;9580;12;U4967Z1;Beroun,autobusové nádraží;49.94881;14.07028
20260619_140917_L406;20260619_140917;19.06.2026;13:56:00;406;31;7930;11;U4073Z2;Benešov,Terminál;49.78565;14.683
20260619_140917_L177;20260619_140917;19.06.2026;13:58:00;177;9;6777;11;U106Z2P;Chodov;50.02798;14.50764
20260619_141318_L177;20260619_141318;19.06.2026;14:00:00;177;9;6777;12;U774Z2P;Chodov;50.02084;14.49819
20260619_141318_L136;20260619_141318;19.06.2026;14:02:00;136;19;6975;11;U518Z3P;Jižní Město;50.07593;14.45922
20260619_141318_L181;20260619_141318;19.06.2026;14:01:00;181;3;5507;12;U823Z1P;Opatov;50.04552;14.5196
20260619_141318_L821;20260619_141318;19.06.2026;14:00:00;821;73;1610;13;U1984Z3;Horní Kruty;49.96638;14.96423
20260619_141318_L750;20260619_141318;19.06.2026;14:00:00;750;16;7866;13;U4073Z1;Načeradec;49.78578;14.69
20260619_141318_L385;20260619_141318;19.06.2026;14:02:00;385;3;1729;10;U106Z1;Zvánovice;50.02743;14.5077
20260619_141318_L201;20260619_141318;19.06.2026;13:59:00;201;21;3981;13;U762Z4P;Černý Most;50.126;14.56844
20260619_141318_L174;20260619_141318;19.06.2026;13:59:00;174;2;4120;11;U444Z1P;Vypich;50.07809;14.34525
20260619_141318_L180;20260619_141318;19.06.2026;13:56:00;180;2;6997;16;U867Z2P;Obchodní centrum Zličín;50.09134;14.38554
20260619_141318_L305;20260619_141318;19.06.2026;14:02:00;305;7;8374;10;U2123Z2;Praha,Zličín;50.17489;13.77311
20260619_141318_L191;20260619_141318;19.06.2026;14:03:00;191;6;4090;10;U1407Z1P;Dědina;50.07914;14.38258
20260619_141318_L180;20260619_141318;19.06.2026;14:03:00;180;3;6935;10;U592Z2P;Obchodní centrum Zličín;50.09472;14.39377
20260619_141318_L180;20260619_141318;19.06.2026;13:59:00;180;1;5127;14;U872Z7P;Obchodní centrum Zličín;50.07828;14.34486
20260619_141318_L687;20260619_141318;19.06.2026;14:00:00;687;12;7642;13;U6962Z3;Uhlířské Janovice,nám.;49.81225;15.18384
20260619_141318_L720;20260619_141318;19.06.2026;13:59:00;720;68;1413;14;U3392Z1;Semily,Terminál;50.43092;14.92294
20260619_141318_L499;20260619_141318;19.06.2026;14:02:00;499;36;8690;10;U6236Z1;Nymburk,hl.nádr.;50.37798;14.99495
20260619_141318_L821;20260619_141318;19.06.2026;14:00:00;821;70;1611;12;U1984Z4;Kolín,nádraží;49.96627;14.96424
20260619_141318_L201;20260619_141318;19.06.2026;14:02:00;201;5;4095;11;U243Z4P;Černý Most;50.13224;14.55095
20260619_141318_L226;20260619_141318;19.06.2026;13:59:00;226;8;1598;12;U828Z1P;Benice;50.01867;14.61681
20260619_141318_L228;20260619_141318;19.06.2026;13:58:00;228;11;9044;13;U1071Z2P;Poliklinika Malešice;50.07738;14.51868
20260619_141318_L304;20260619_141318;19.06.2026;14:02:00;304;10;8373;11;U33Z4;Praha,Vypich;50.0618;14.30952
20260619_141318_L316;20260619_141318;19.06.2026;13:59:00;316;2;8981;13;U9620Z1;Kralupy n.Vlt.,žel.st.;50.23483;14.30605
20260619_141318_L324;20260619_141318;19.06.2026;14:00:00;324;20;8972;13;U4777Z15;Praha,Zličín;50.22821;14.08847
20260619_141318_L335;20260619_141318;19.06.2026;13:57:00;335;7;9172;14;U1330Z1;Kamenice,Kult.dům;49.96562;14.51761
20260619_141318_L339;20260619_141318;19.06.2026;14:02:00;339;17;9932;10;U488Z7;Praha,Budějovická;50.03144;14.45503
20260619_141318_L342;20260619_141318;19.06.2026;14:01:00;342;1;7682;12;U4416Z2;Slaný,žel.st.;50.18724;14.15394
20260619_141318_L345;20260619_141318;19.06.2026;13:59:00;345;15;8671;12;U31062Z1;Praha,Černý Most;50.66546;15.09615
20260619_141318_L375;20260619_141318;19.06.2026;14:03:00;375;9;8251;10;U526Z1;Brandýs n.L.-St.Bol.,Žel.st.;50.12956;14.5449
20260619_141318_L383;20260619_141318;19.06.2026;13:59:00;383;32;9109;13;U2006Z2;Praha,Háje;49.98846;14.7024
20260619_141318_L389;20260619_141318;19.06.2026;14:00:00;389;33;7760;11;U9229Z2;Chomutov,žel.st.;50.26714;14.00045
20260619_141318_L580;20260619_141318;19.06.2026;13:58:00;580;18;7749;12;U2123Z2;Slaný,aut.nádr.;50.1839;13.8051
20260619_141318_L620;20260619_141318;19.06.2026;14:00:00;620;12;8432;11;U4421Z2;Kladno,autobusové nádraží;50.19526;14.17547
20260619_141318_L659;20260619_141318;19.06.2026;14:01:00;659;42;9495;12;U2294Z1;Stříbrná Skalice,Náměstí;50.06395;14.87561
20260619_141318_L659;20260619_141318;19.06.2026;14:03:00;659;34;9177;10;U1986Z1;Český Brod,žel.st.;49.95531;14.88463
20260619_141318_L687;20260619_141318;19.06.2026;14:00:00;687;3;7548;13;U6962Z4;Ledeč n.Sáz.,Podolí;49.8122;15.18384
20260619_141318_L773;20260619_141318;19.06.2026;14:00:00;773;1;7546;13;U5851Z2;Sázava,aut.st.;49.84311;14.88384
20260619_141318_L470;20260619_141318;19.06.2026;14:01:00;470;36;8051;12;U3335Z1;Mělník,aut.nádr.;50.34593;14.48491
20260619_141318_L857;20260619_141318;19.06.2026;13:59:00;857;1;7308;14;U4227Z1;Kralupy n.Vlt.,obchodní centrum;50.24656;14.31551
20260619_141318_L754;20260619_141318;19.06.2026;14:03:00;754;13;7225;10;U4522Z2;Benešov,Terminál;49.77238;14.67984
20260619_141318_L502;20260619_141318;19.06.2026;14:03:00;502;4;9525;10;U9753Z1;Příbram,Zdaboř,komerční zóna;49.67013;13.99243
20260619_141318_L760;20260619_141318;19.06.2026;14:00:00;760;8;8375;12;U6810Z1;Rakovník,aut.st.;50.14334;13.67052
20260619_141318_L650;20260619_141318;19.06.2026;14:02:00;650;25;12555;10;U32720Z1;Kladno,autobusové nádraží;50.51196;14.1467
20260619_141318_L723;20260619_141318;19.06.2026;14:03:00;723;28;7034;10;U6272Z1;Kopidlno,nám.;50.40002;15.08195
20260619_141318_L467;20260619_141318;19.06.2026;14:02:00;467;14;8012;11;U4716Z2;Roudnice n.L.,ČSAD;50.42289;14.25515
20260619_141318_L149;20260619_141318;19.06.2026;14:03:00;149;8;4086;10;U238Z1P;Stodůlky-Bavorská;50.05259;14.35971
20260619_141318_L480;20260619_141318;19.06.2026;14:01:00;480;25;7526;12;U7802Z1;Klučenice;49.60138;14.10531
20260619_141718_L126;20260619_141718;19.06.2026;14:03:00;126;5;4073;13;U3053Z2P;Nádraží Uhříněves;50.02995;14.59544
20260619_141718_L335;20260619_141718;19.06.2026;13:57:00;335;7;9172;17;U1330Z1;Kamenice,Kult.dům;49.96448;14.51913
20260619_141718_L149;20260619_141718;19.06.2026;14:06:00;149;5;3948;10;U182Z1P;Stodůlky-Bavorská;50.08852;14.38089
20260619_141718_L180;20260619_141718;19.06.2026;14:04:00;180;3;6935;12;U867Z2P;Obchodní centrum Zličín;50.09235;14.38674
20260619_141718_L181;20260619_141718;19.06.2026;14:04:00;181;3;5507;12;U99Z1P;Opatov;50.03727;14.50885
20260619_141718_L366;20260619_141718;19.06.2026;14:05:00;366;2;4520;11;U336Z3;Mukařov;50.03247;14.59748
20260619_141718_L414;20260619_141718;19.06.2026;14:04:00;414;20;1521;12;U3246Z2;Praha,Nádraží Veleslavín;50.1262;14.27365
20260619_141718_L191;20260619_141718;19.06.2026;14:07:00;191;6;4090;10;U781Z1P;Dědina;50.0799;14.36166
20260619_141718_L180;20260619_141718;19.06.2026;13:56:00;180;2;6997;19;U867Z2P;Obchodní centrum Zličín;50.08948;14.38339
20260619_141718_L180;20260619_141718;19.06.2026;14:04:00;180;1;5127;13;U394Z3P;Obchodní centrum Zličín;50.06917;14.33517
20260619_141718_L136;20260619_141718;19.06.2026;14:07:00;136;19;6975;10;U29Z1P;Jižní Město;50.07324;14.47018
20260619_141718_L406;20260619_141718;19.06.2026;14:06:00;406;31;7930;10;U1384Z16;Vlašim,žel.st.;49.77984;14.68341
20260619_141718_L201;20260619_141718;19.06.2026;14:03:00;201;21;3981;14;U342Z2P;Černý Most;50.11246;14.55946
20260619_141718_L177;20260619_141718;19.06.2026;14:04:00;177;9;6777;13;U1116Z2P;Chodov;50.03057;14.48771
20260619_141718_L201;20260619_141718;19.06.2026;14:07:00;201;5;4095;10;U762Z1P;Černý Most;50.12547;14.57208
20260619_141718_L324;20260619_141718;19.06.2026;14:03:00;324;20;8972;12;U4804Z2;Praha,Zličín;50.21216;14.07203
20260619_141718_L332;20260619_141718;19.06.2026;14:05:00;332;21;9954;11;U1330Z1;Jílové u Prahy,Náměstí;49.96503;14.51839
20260619_141718_L332;20260619_141718;19.06.2026;14:07:00;332;2;9192;10;U2106Z2;Praha,Budějovická;49.91295;14.50003
20260619_141718_L332;20260619_141718;19.06.2026;14:03:00;332;20;9934;14;U1332Z2;Praha,Budějovická;49.97072;14.50706
20260619_141718_L333;20260619_141718;19.06.2026;14:07:00;333;14;7455;10;U1512Z1;Zvole,Nová Zvole;49.94248;14.43144
20260619_141718_L795;20260619_141718;19.06.2026;14:03:00;795;37;7847;14;U7159Z2;Zruč n.Sáz.,Sázavan;49.74649;15.09572
20260619_141718_L750;20260619_141718;19.06.2026;14:03:00;750;16;7866;13;U5937Z1;Načeradec;49.77848;14.71656
20260619_141718_L499;20260619_141718;19.06.2026;14:05:00;499;36;8690;11;U6183Z1;Nymburk,hl.nádr.;50.36741;15.00404
20260619_141718_L676;20260619_141718;19.06.2026;14:05:00;676;33;8593;12;U3087Z1;Loučeň;50.19987;15.03772
20260619_141718_L226;20260619_141718;19.06.2026;14:04:00;226;8;1598;12;U277Z1P;Benice;50.01007;14.62655
20260619_141718_L204;20260619_141718;19.06.2026;14:04:00;204;72;9048;12;U986Z2P;Stavební zóna Horní Počernice;50.1069;14.60451
20260619_141718_L304;20260619_141718;19.06.2026;14:07:00;304;10;8373;10;U394Z4;Praha,Vypich;50.06911;14.33528
20260619_141718_L316;20260619_141718;19.06.2026;13:59:00;316;2;8981;17;U9620Z1;Kralupy n.Vlt.,žel.st.;50.23596;14.30766
20260619_141718_L467;20260619_141718;19.06.2026;14:05:00;467;14;8012;11;U9877Z1;Roudnice n.L.,ČSAD;50.42503;14.23803
20260619_141718_L620;20260619_141718;19.06.2026;14:04:00;620;12;8432;11;U4418Z1;Kladno,autobusové nádraží;50.18273;14.15623
20260619_141718_L555;20260619_141718;19.06.2026;14:07:00;555;2;8757;10;U3297Z1;Kladno,autobusové nádraží;50.08728;14.01219
20260619_141718_L580;20260619_141718;19.06.2026;14:04:00;580;18;7749;12;U9332Z1;Slaný,aut.nádr.;50.16898;13.84293
20260619_141718_L630;20260619_141718;19.06.2026;14:06:00;630;36;8831;10;U4892Z1;Beroun,Jarov,náves;50.09958;14.09052
20260619_141718_L659;20260619_141718;19.06.2026;14:07:00;659;34;9177;10;U1986Z2;Český Brod,žel.st.;49.95537;14.88468
20260619_141718_L857;20260619_141718;19.06.2026;14:05:00;857;1;7308;12;U4238Z1;Kralupy n.Vlt.,obchodní centrum;50.25233;14.30796
20260619_141718_L110;20260619_141718;19.06.2026;14:05:00;110;4;1968;11;U65Z1P;Obchodní centrum Čakovice;50.12219;14.51756
20260619_141718_L687;20260619_141718;19.06.2026;14:00:00;687;12;7642;17;U6962Z3;Uhlířské Janovice,nám.;49.81275;15.18287
20260619_141718_L464;20260619_141718;19.06.2026;14:06:00;464;12;8077;10;U4372Z2;Spomyšl;50.3356;14.36623
20260619_141718_L466;20260619_141718;19.06.2026;14:07:00;466;27;1058;10;U5943Z2;Spomyšl;50.25756;14.29199
20260619_141718_L466;20260619_141718;19.06.2026;14:03:00;466;22;1056;13;U4385Z2;Mělník,aut.nádr.;50.34368;14.4066
20260619_141718_L821;20260619_141718;19.06.2026;14:00:00;821;70;1611;15;U1984Z4;Kolín,nádraží;49.96646;14.97968
20260619_141718_L470;20260619_141718;19.06.2026;14:03:00;470;36;8051;11;U3336Z1;Mělník,aut.nádr.;50.3496;14.48803
20260619_141718_L476;20260619_141718;19.06.2026;14:05:00;476;44;8056;12;U4188Z1;Všetaty,žel.st.;50.28256;14.5902
20260619_141718_L773;20260619_141718;19.06.2026;14:04:00;773;1;7546;12;U7604Z2;Sázava,aut.st.;49.85164;14.87394
20260619_141718_L385;20260619_141718;19.06.2026;14:02:00;385;3;1729;13;U106Z1;Zvánovice;50.01885;14.5177
20260619_141718_L386;20260619_141718;19.06.2026;14:03:00;386;32;1463;14;U4114Z1;Kladno,autobusové nádraží;50.08867;14.03377
20260619_141718_L383;20260619_141718;19.06.2026;14:03:00;383;32;9109;13;U1882Z2;Praha,Háje;49.99757;14.67315
20260619_141718_L395;20260619_141718;19.06.2026;14:06:00;395;37;9906;10;U9699Z2;Praha,Smíchovské nádraží;49.69029;14.02861
20260619_141718_L385;20260619_141718;19.06.2026;14:07:00;385;7;1722;10;U2142Z12;Mukařov;49.99641;14.66266
20260619_141718_L345;20260619_141718;19.06.2026;14:04:00;345;15;8671;13;U31061Z2;Praha,Černý Most;50.62081;15.10871
20260619_141718_L375;20260619_141718;19.06.2026;14:07:00;375;9;8251;10;U9549Z1;Brandýs n.L.-St.Bol.,Žel.st.;50.14094;14.5775
20260619_141718_L342;20260619_141718;19.06.2026;14:06:00;342;1;7682;11;U4413Z2;Slaný,žel.st.;50.17032;14.11262
20260619_141718_L350;20260619_141718;19.06.2026;14:03:00;350;51;8835;14;U4582Z1;Praha,Dejvická;50.1312;14.13814
20260619_141718_L365;20260619_141718;19.06.2026;14:07:00;365;11;8815;10;U4891Z2;Stochov,nám.;50.10125;14.10097
20260619_141718_L760;20260619_141718;19.06.2026;14:04:00;760;8;8375;12;U6789Z1;Rakovník,aut.st.;50.12822;13.70021
20260619_141718_L650;20260619_141718;19.06.2026;14:06:00;650;25;12555;11;U32106Z1;Kladno,autobusové nádraží;50.50698;14.14256
20260619_141718_L723;20260619_141718;19.06.2026;14:06:00;723;28;7034;10;U6273Z1;Kopidlno,nám.;50.39069;15.10317
20260619_141718_L720;20260619_141718;19.06.2026;13:59:00;720;68;1413;16;U3392Z1;Semily,Terminál;50.42623;14.94353
20260619_142118_L136;20260619_142118;19.06.2026;14:09:00;136;19;6975;11;U680Z3P;Jižní Město;50.06836;14.46914
20260619_142118_L443;20260619_142118;19.06.2026;14:08:00;443;23;8595;12;U2428Z2;Nymburk,hl.nádr.;50.16044;14.82498
20260619_142118_L136;20260619_142118;19.06.2026;14:11:00;136;8;5545;10;U771Z1P;Sídliště Čakovice;50.13413;14.50621
20260619_142118_L177;20260619_142118;19.06.2026;14:09:00;177;22;5135;11;U474Z4P;Poliklinika Mazurská;50.11328;14.50174
20260619_142118_L332;20260619_142118;19.06.2026;14:07:00;332;2;9192;11;U2106Z2;Praha,Budějovická;49.92459;14.50377
20260619_142118_L201;20260619_142118;19.06.2026;14:07:00;201;21;3981;14;U818Z1P;Černý Most;50.10622;14.55892
20260619_142118_L201;20260619_142118;19.06.2026;14:10:00;201;5;4095;11;U51Z2P;Černý Most;50.12301;14.56641
20260619_142118_L183;20260619_142118;19.06.2026;14:11:00;183;15;6918;10;U1013Z1P;Háje;50.04045;14.56687
20260619_142118_L149;20260619_142118;19.06.2026;14:11:00;149;5;3948;10;U981Z2P;Stodůlky-Bavorská;50.08044;14.38996
20260619_142118_L750;20260619_142118;19.06.2026;14:08:00;750;16;7866;12;U9384Z1;Načeradec;49.75797;14.75913
20260619_142118_L333;20260619_142118;19.06.2026;14:11:00;333;14;7455;10;U1904Z1;Zvole,Nová Zvole;49.93082;14.42387
20260619_142118_L335;20260619_142118;19.06.2026;13:57:00;335;7;9172;23;U1330Z1;Kamenice,Kult.dům;49.96171;14.52415
20260619_142118_L323;20260619_142118;19.06.2026;14:10:00;323;16;8742;11;U462Z14;Koleč,zámek;50.09543;14.34699
20260619_142118_L489;20260619_142118;19.06.2026;14:09:00;489;31;1644;10;U2008Z3;Louňovice;49.98935;14.75149
20260619_142118_L499;20260619_142118;19.06.2026;14:09:00;499;36;8690;11;U6238Z1;Nymburk,hl.nádr.;50.34289;15.00791
20260619_142118_L676;20260619_142118;19.06.2026;14:09:00;676;33;8593;12;U9553Z2;Loučeň;50.20698;15.05534
20260619_142118_L445;20260619_142118;19.06.2026;14:10:00;445;15;7414;11;U1904Z1;Jílové u Prahy,Náměstí;49.92999;14.42394
20260619_142118_L760;20260619_142118;19.06.2026;14:09:00;760;8;8375;11;U2454Z1;Rakovník,aut.st.;50.1062;13.73136
20260619_142118_L646;20260619_142118;19.06.2026;14:09:00;646;24;8084;10;U2346Z1;Kralupy n.Vlt.,žel.st.;50.27007;14.32032
20260619_142118_L473;20260619_142118;19.06.2026;14:10:00;473;46;8121;10;U3311Z1;Zálezlice,Kozárovice;50.2723;14.50435
20260619_142118_L342;20260619_142118;19.06.2026;14:10:00;342;26;7705;10;U80Z4;Praha,Nádraží Veleslavín;50.09292;14.31435
20260619_142118_L365;20260619_142118;19.06.2026;14:09:00;365;11;8815;10;U4892Z2;Stochov,nám.;50.10651;14.07773
20260619_142118_L343;20260619_142118;19.06.2026;14:10:00;343;13;8040;11;U454Z3;Jirny,Nové Jirny,Hájovna;50.08774;14.66552
20260619_142118_L375;20260619_142118;19.06.2026;14:09:00;375;9;8251;12;U346Z1;Brandýs n.L.-St.Bol.,Žel.st.;50.14968;14.58794
20260619_142118_L342;20260619_142118;19.06.2026;14:10:00;342;1;7682;11;U4806Z1;Slaný,žel.st.;50.1888;14.11037
20260619_142118_L204;20260619_142118;19.06.2026;14:07:00;204;72;9048;14;U200Z1P;Stavební zóna Horní Počernice;50.10792;14.60983
20260619_142118_L226;20260619_142118;19.06.2026;14:08:00;226;8;1598;10;U340Z1P;Benice;50.01086;14.61357
20260619_142118_L227;20260619_142118;19.06.2026;14:09:00;227;2;1588;11;U336Z1P;Nedvězí;50.02962;14.60152
20260619_142118_L228;20260619_142118;19.06.2026;14:11:00;228;11;9044;10;U660Z1P;Benice;50.08298;14.50742
20260619_142118_L304;20260619_142118;19.06.2026;14:10:00;304;10;8373;10;U444Z1;Praha,Vypich;50.07688;14.34891
20260619_142118_L630;20260619_142118;19.06.2026;14:08:00;630;36;8831;11;U4891Z1;Beroun,Jarov,náves;50.09171;14.10547
20260619_142118_L856;20260619_142118;19.06.2026;14:08:00;856;1;7308;13;U4248Z1;Nelahozeves,Lešany;50.25234;14.31869
20260619_142118_L659;20260619_142118;19.06.2026;14:09:00;659;34;9177;10;U2165Z2;Český Brod,žel.st.;49.98198;14.88354
20260619_142118_L821;20260619_142118;19.06.2026;14:09:00;821;73;1610;12;U2394Z1;Horní Kruty;49.93521;14.94686
20260619_142118_L821;20260619_142118;19.06.2026;14:07:00;821;70;1611;14;U2934Z1;Kolín,nádraží;49.98628;15.00402
20260619_142118_L773;20260619_142118;19.06.2026;14:08:00;773;1;7546;13;U7918Z1;Sázava,aut.st.;49.8682;14.87225
20260619_142118_L386;20260619_142118;19.06.2026;14:07:00;386;32;1463;14;U4111Z1;Kladno,autobusové nádraží;50.10413;14.05114
20260619_142118_L381;20260619_142118;19.06.2026;14:07:00;381;18;9370;14;U2166Z1;Čáslav,obchodní centrum;49.95867;15.02867
20260619_142118_L409;20260619_142118;19.06.2026;14:09:00;409;71;8704;12;U4282Z2;Velké Přílepy;50.16388;14.34069
20260619_142118_L389;20260619_142118;19.06.2026;14:09:00;389;33;7760;11;U9233Z2;Chomutov,žel.st.;50.27942;13.95546
20260619_142118_L391;20260619_142118;19.06.2026;14:07:00;391;35;9169;14;U454Z2;Úvaly,žel.st.;50.08606;14.66477
20260619_142118_L383;20260619_142118;19.06.2026;14:08:00;383;32;9109;12;U1885Z2;Praha,Háje;50.00803;14.6514
20260619_142118_L395;20260619_142118;19.06.2026;14:09:00;395;45;9855;12;U1843Z2;Praha,Smíchovské nádraží;49.79678;14.19294
20260619_142118_L395;20260619_142118;19.06.2026;14:09:00;395;37;9906;12;U9647Z2;Praha,Smíchovské nádraží;49.69797;14.05378
20260619_142118_L385;20260619_142118;19.06.2026;14:11:00;385;7;1722;10;U1882Z1;Mukařov;49.99623;14.6775
20260619_142118_L385;20260619_142118;19.06.2026;14:09:00;385;3;1729;12;U1371Z3;Zvánovice;50.00217;14.56117
20260619_142118_L381;20260619_142118;19.06.2026;14:08:00;381;2;9373;13;U7320Z9;Čáslav,obchodní centrum;49.91256;15.39749
20260619_142118_L580;20260619_142118;19.06.2026;14:09:00;580;18;7749;12;U9319Z1;Slaný,aut.nádr.;50.18493;13.86356
20260619_142118_L620;20260619_142118;19.06.2026;14:07:00;620;12;8432;14;U4420Z1;Kladno,autobusové nádraží;50.17952;14.15679
20260619_142118_L163;20260619_142118;19.06.2026;14:10:00;163;54;9116;11;U811Z1P;Sídliště Rohožník;50.07589;14.66211
20260619_142118_L110;20260619_142118;19.06.2026;14:09:00;110;4;1968;11;U89Z1P;Obchodní centrum Čakovice;50.13374;14.50636
20260619_142118_L167;20260619_142118;19.06.2026;14:07:00;167;2;5055;13;U1040Z14P;Na Knížecí;50.0694;14.40334
20260619_142118_L366;20260619_142118;19.06.2026;14:07:00;366;2;4520;13;U808Z1;Mukařov;50.03236;14.60891
20260619_142118_L136;20260619_142118;19.06.2026;14:11:00;136;17;6781;10;U151Z1P;Jižní Město;50.03213;14.5346
20260619_142118_L180;20260619_142118;19.06.2026;14:07:00;180;1;5127;14;U113Z3P;Obchodní centrum Zličín;50.06388;14.31581
20260619_142519_L398;20260619_142519;19.06.2026;14:13:00;398;25;8268;10;U1278Z2;Praha,Černý Most;50.1421;14.79473
20260619_142519_L126;20260619_142519;19.06.2026;14:13:00;126;8;4026;10;U3053Z2P;Nádraží Uhříněves;50.03071;14.59699
20260619_142519_L195;20260619_142519;19.06.2026;14:14:00;195;5;6793;10;U143Z1P;Jesenická;50.05646;14.50207
20260619_142519_L167;20260619_142519;19.06.2026;14:12:00;167;6;6994;10;U254Z6P;Na Knížecí;50.07103;14.38935
20260619_142519_L201;20260619_142519;19.06.2026;14:14:00;201;5;4095;10;U173Z2P;Černý Most;50.10885;14.55657
20260619_142519_L136;20260619_142519;19.06.2026;14:15:00;136;8;5545;10;U766Z1P;Sídliště Čakovice;50.1465;14.50586
20260619_142519_L182;20260619_142519;19.06.2026;14:11:00;182;1;3970;13;U975Z2P;Kbelský hřbitov;50.06865;14.53738
20260619_142519_L366;20260619_142519;19.06.2026;14:11:00;366;2;4520;12;U490Z1;Mukařov;50.04738;14.61776
20260619_142519_L136;20260619_142519;19.06.2026;14:14:00;136;19;6975;11;U751Z2P;Jižní Město;50.05304;14.47425
20260619_142519_L143;20260619_142519;19.06.2026;14:12:00;143;4;5002;12;U867Z2P;Stadion Strahov;50.09124;14.38549
20260619_142519_L406;20260619_142519;19.06.2026;14:14:00;406;31;7930;10;U5937Z1;Vlašim,žel.st.;49.78022;14.70537
20260619_142519_L180;20260619_142519;19.06.2026;14:15:00;180;53;6899;10;U229Z1P;Obchodní centrum Zličín;50.08663;14.37153
20260619_142519_L124;20260619_142519;19.06.2026;14:15:00;124;4;6956;10;U189Z1P;Želivského;50.06962;14.46573
20260619_142519_L177;20260619_142519;19.06.2026;14:15:00;177;22;5135;10;U665Z2P;Poliklinika Mazurská;50.12256;14.49377
20260619_142519_L201;20260619_142519;19.06.2026;14:15:00;201;6;3985;10;U326Z2P;Černý Most;50.13836;14.51706
20260619_142519_L201;20260619_142519;19.06.2026;14:15:00;201;10;4127;10;U196Z2P;Nádraží Holešovice;50.10881;14.44384
20260619_142519_L207;20260619_142519;19.06.2026;14:15:00;207;22;4104;10;U512Z8P;Ohrada;50.09013;14.46715
20260619_142519_L149;20260619_142519;19.06.2026;14:15:00;149;5;3948;10;U992Z2P;Stodůlky-Bavorská;50.07738;14.36783
20260619_142519_L750;20260619_142519;19.06.2026;14:12:00;750;16;7866;12;U7857Z1;Načeradec;49.74018;14.78623
20260619_142519_L323;20260619_142519;19.06.2026;14:10:00;323;16;8742;15;U462Z14;Koleč,zámek;50.09577;14.346
20260619_142519_L337;20260619_142519;19.06.2026;14:13:00;337;15;9366;11;U1330Z1;Benešov,Terminál;49.96352;14.51998
20260619_142519_L499;20260619_142519;19.06.2026;14:15:00;499;36;8690;10;U6245Z2;Nymburk,hl.nádr.;50.32217;15.01039
20260619_142519_L676;20260619_142519;19.06.2026;14:13:00;676;33;8593;12;U9555Z2;Loučeň;50.21909;15.05548
20260619_142519_L678;20260619_142519;19.06.2026;14:14:00;678;32;8577;11;U9599Z1;Pečky,žel.st.;50.12132;15.11906
20260619_142519_L686;20260619_142519;19.06.2026;14:13:00;686;34;8142;12;U1610Z2;Říčany,Podhradí;50.07573;14.72094
20260619_142519_L342;20260619_142519;19.06.2026;14:15:00;342;1;7682;10;U4768Z1;Slaný,žel.st.;50.18569;14.13351
20260619_142519_L343;20260619_142519;19.06.2026;14:13:00;343;13;8040;11;U18Z1;Jirny,Nové Jirny,Hájovna;50.09961;14.6726
20260619_142519_L345;20260619_142519;19.06.2026;14:11:00;345;15;8671;13;U31057Z2;Praha,Černý Most;50.56955;15.06296
20260619_142519_L365;20260619_142519;19.06.2026;14:13:00;365;11;8815;11;U9926Z2;Stochov,nám.;50.11376;14.05671
20260619_142519_L369;20260619_142519;19.06.2026;14:15:00;369;33;8233;10;U1793Z3;Mělník,Mlazice;50.34955;14.48865
20260619_142519_L375;20260619_142519;19.06.2026;14:14:00;375;9;8251;11;U2190Z1;Brandýs n.L.-St.Bol.,Žel.st.;50.16089;14.61453
20260619_142519_L381;20260619_142519;19.06.2026;14:15:00;381;13;1682;10;U2016Z2;Praha,Háje;49.99416;14.86012
20260619_142519_L384;20260619_142519;19.06.2026;14:11:00;384;27;9918;13;U4273Z1;Praha,Zličín;49.97269;14.08933
20260619_142519_L385;20260619_142519;19.06.2026;14:13:00;385;7;1722;10;U2085Z3;Mukařov;49.9884;14.71107
20260619_142519_L385;20260619_142519;19.06.2026;14:12:00;385;3;1729;13;U2558Z1;Zvánovice;50.00739;14.57381
20260619_142519_L389;20260619_142519;19.06.2026;14:15:00;389;33;7760;10;U4850Z1;Chomutov,žel.st.;50.29561;13.91418
20260619_142519_L395;20260619_142519;19.06.2026;14:12:00;395;37;9906;13;U9646Z2;Praha,Smíchovské nádraží;49.70574;14.08877
20260619_142519_L399;20260619_142519;19.06.2026;14:12:00;399;4;1297;11;U80Z4;Praha,Nádraží Veleslavín;50.09278;14.31995
20260619_142519_L383;20260619_142519;19.06.2026;14:12:00;383;32;9109;12;U2137Z2;Praha,Háje;50.02919;14.61346
20260619_142519_L445;20260619_142519;19.06.2026;14:13:00;445;15;7414;11;U1520Z1;Jílové u Prahy,Náměstí;49.91755;14.45699
20260619_142519_L760;20260619_142519;19.06.2026;14:12:00;760;8;8375;13;U4338Z1;Rakovník,aut.st.;50.10268;13.73028
20260619_142519_L480;20260619_142519;19.06.2026;14:11:00;480;25;7526;13;U7027Z1;Klučenice;49.61065;14.16269
20260619_142519_L500;20260619_142519;19.06.2026;14:14:00;500;21;7201;11;U7620Z1;Petrovice;49.65347;14.15014
20260619_142519_L650;20260619_142519;19.06.2026;14:15:00;650;25;12555;10;U31422Z1;Kladno,autobusové nádraží;50.48172;14.1418
20260619_142519_L110;20260619_142519;19.06.2026;14:12:00;110;4;1968;12;U766Z1P;Obchodní centrum Čakovice;50.14733;14.50591
20260619_142519_L146;20260619_142519;19.06.2026;14:14:00;146;4;9122;11;U4260Z1P;Vinice Hrdlořezy;50.09479;14.50842
20260619_142519_L227;20260619_142519;19.06.2026;14:12:00;227;2;1588;12;U828Z1P;Nedvězí;50.02372;14.61017
20260619_142519_L228;20260619_142519;19.06.2026;14:13:00;228;11;9044;10;U827Z1P;Benice;50.07776;14.50977
20260619_142519_L300;20260619_142519;19.06.2026;14:14:00;300;2;8993;10;U1918Z1;Smečno;50.14368;14.05711
20260619_142519_L305;20260619_142519;19.06.2026;14:13:00;305;7;8374;12;U9312Z1;Praha,Zličín;50.15762;13.89639
20260619_142519_L473;20260619_142519;19.06.2026;14:12:00;473;46;8121;11;U1955Z1;Zálezlice,Kozárovice;50.28536;14.49577
20260619_142519_L646;20260619_142519;19.06.2026;14:15:00;646;11;8005;10;U1795Z2;Mělník,aut.nádr.;50.35816;14.47361
20260619_142519_L659;20260619_142519;19.06.2026;14:13:00;659;34;9177;10;U2319Z2;Český Brod,žel.st.;49.99296;14.85656
20260619_142519_L821;20260619_142519;19.06.2026;14:14:00;821;73;1610;11;U2382Z1;Horní Kruty;49.94299;14.96907
20260619_142519_L770;20260619_142519;19.06.2026;14:11:00;770;44;7861;10;U7795Z52;Benešov,Terminál;49.81815;14.83157
20260619_142519_L773;20260619_142519;19.06.2026;14:11:00;773;1;7546;14;U5917Z1;Sázava,aut.st.;49.86985;14.89519
20260619_142519_L466;20260619_142519;19.06.2026;14:14:00;466;27;1058;11;U4245Z2;Spomyšl;50.27629;14.30988
20260619_142519_L466;20260619_142519;19.06.2026;14:11:00;466;22;1056;12;U4382Z2;Mělník,aut.nádr.;50.3485;14.45833
20260619_142519_L641;20260619_142519;19.06.2026;14:12:00;641;23;9561;12;U9856Z1;Zdice,nám.;49.88281;13.93432
20260619_142519_L620;20260619_142519;19.06.2026;14:12:00;620;12;8432;13;U4417Z2;Kladno,autobusové nádraží;50.1889;14.16064
20260619_142519_L630;20260619_142519;19.06.2026;14:13:00;630;36;8831;12;U4895Z1;Beroun,Jarov,náves;50.08523;14.1304
20260619_142519_L191;20260619_142519;19.06.2026;14:15:00;191;6;4090;10;U844Z3P;Dědina;50.08916;14.34841
20260619_142519_L151;20260619_142519;19.06.2026;14:14:00;151;3;2334;10;U464Z3P;Novoborská;50.10771;14.49952
20260619_142519_L113;20260619_142519;19.06.2026;14:15:00;113;4;4048;10;U369Z1P;Točná;50.00119;14.46652
20260619_142919_L111;20260619_142919;19.06.2026;14:18:00;111;52;4033;11;U215Z1P;Koloděje;50.05514;14.5637
20260619_142919_L113;20260619_142919;19.06.2026;14:18:00;113;4;4048;11;U545Z3P;Točná;49.99072;14.46895
20260619_142919_L124;20260619_142919;19.06.2026;14:18:00;124;4;6956;11;U29Z3P;Želivského;50.0721;14.47002
20260619_142919_L126;20260619_142919;19.06.2026;14:16:00;126;8;4026;13;U542Z2P;Nádraží Uhříněves;50.03425;14.5951
20260619_142919_L136;20260619_142919;19.06.2026;14:18:00;136;8;5545;11;U791Z1P;Sídliště Čakovice;50.15164;14.52186
20260619_142919_L136;20260619_142919;19.06.2026;14:18:00;136;19;6975;11;U417Z1P;Jižní Město;50.04292;14.48775
20260619_142919_L143;20260619_142919;19.06.2026;14:15:00;143;4;5002;14;U362Z10P;Stadion Strahov;50.08565;14.38301
20260619_142919_L149;20260619_142919;19.06.2026;14:18:00;149;5;3948;11;U443Z2P;Stodůlky-Bavorská;50.07281;14.3778
20260619_142919_L151;20260619_142919;19.06.2026;14:18:00;151;3;2334;10;U474Z4P;Novoborská;50.11089;14.50249
20260619_142919_L163;20260619_142919;19.06.2026;14:14:00;163;57;9154;12;U97Z2P;Sídliště Rohožník;50.08138;14.59511
20260619_142919_L167;20260619_142919;19.06.2026;14:12:00;167;6;6994;13;U254Z6P;Na Knížecí;50.07161;14.39358
20260619_142919_L176;20260619_142919;19.06.2026;14:19:00;176;1;4015;10;U208Z4P;Karlovo náměstí;50.07556;14.41495
20260619_142919_L177;20260619_142919;19.06.2026;14:17:00;177;22;5135;12;U467Z2P;Poliklinika Mazurská;50.12926;14.48233
20260619_142919_L180;20260619_142919;19.06.2026;14:19:00;180;6;6862;10;U182Z2P;Dejvická;50.08786;14.38193
20260619_142919_L180;20260619_142919;19.06.2026;14:16:00;180;53;6899;11;U44Z1P;Obchodní centrum Zličín;50.08119;14.35218
20260619_142919_L182;20260619_142919;19.06.2026;14:15:00;182;1;3970;14;U708Z2P;Kbelský hřbitov;50.07712;14.53808
20260619_142919_L191;20260619_142919;19.06.2026;14:17:00;191;6;4090;10;U541Z6P;Dědina;50.08621;14.33198
20260619_142919_L195;20260619_142919;19.06.2026;14:14:00;195;5;6793;14;U143Z1P;Jesenická;50.05647;14.50207
20260619_142919_L201;20260619_142919;19.06.2026;14:19:00;201;5;4095;10;U1056Z2P;Černý Most;50.10723;14.57286
20260619_142919_L201;20260619_142919;19.06.2026;14:19:00;201;6;3985;10;U323Z3P;Černý Most;50.13495;14.54443
20260619_142919_L226;20260619_142919;19.06.2026;14:19:00;226;9;1592;10;U435Z3P;Lipany;50.03783;14.58825
20260619_142919_L227;20260619_142919;19.06.2026;14:17:00;227;2;1588;12;U277Z1P;Nedvězí;50.01108;14.62772
20260619_142919_L228;20260619_142919;19.06.2026;14:18:00;228;11;9044;11;U1071Z3P;Benice;50.07617;14.51868
20260619_142919_L228;20260619_142919;19.06.2026;14:18:00;228;13;9014;11;U336Z3P;Benice;50.03296;14.59677
20260619_142919_L821;20260619_142919;19.06.2026;14:15:00;821;70;1611;13;U2300Z1;Kolín,nádraží;50.00547;14.97341
20260619_142919_L821;20260619_142919;19.06.2026;14:17:00;821;73;1610;10;U2383Z1;Horní Kruty;49.93405;14.96528
20260619_142919_L856;20260619_142919;19.06.2026;14:15:00;856;1;7308;12;U2346Z2;Nelahozeves,Lešany;50.27745;14.31781
20260619_142919_L300;20260619_142919;19.06.2026;14:17:00;300;2;8993;10;U4792Z1;Smečno;50.15805;14.04916
20260619_142919_L305;20260619_142919;19.06.2026;14:17:00;305;7;8374;12;U9316Z1;Praha,Zličín;50.14933;13.90393
20260619_142919_L307;20260619_142919;19.06.2026;14:19:00;307;12;8951;10;U1643Z2;Praha,Zličín;50.05074;14.2727
20260619_142919_L315;20260619_142919;19.06.2026;14:19:00;315;6;8673;10;U3394Z2;Praha,Černý Most;50.43848;14.92968
20260619_142919_L324;20260619_142919;19.06.2026;14:19:00;324;29;8994;10;U4777Z17;Slaný,Rabasova;50.22846;14.09004
20260619_142919_L332;20260619_142919;19.06.2026;14:18:00;332;3;9161;10;U1332Z1;Neveklov;49.96955;14.50987
20260619_142919_L337;20260619_142919;19.06.2026;14:13:00;337;15;9366;13;U1330Z1;Benešov,Terminál;49.9528;14.53662
20260619_142919_L343;20260619_142919;19.06.2026;14:19:00;343;13;8040;10;U1605Z1;Jirny,Nové Jirny,Hájovna;50.11428;14.69003
20260619_142919_L354;20260619_142919;19.06.2026;14:18:00;354;14;8145;11;U2921Z1;Mochov;50.12909;14.71761
20260619_142919_L356;20260619_142919;19.06.2026;14:16:00;356;35;8890;13;U776Z2;Praha,Obchodní centrum Ruzyně;50.10831;14.27829
20260619_142919_L369;20260619_142919;19.06.2026;14:17:00;369;33;8233;10;U1794Z1;Mělník,Mlazice;50.35622;14.47799
20260619_142919_L375;20260619_142919;19.06.2026;14:18:00;375;9;8251;11;U2365Z1;Brandýs n.L.-St.Bol.,Žel.st.;50.17455;14.6492
20260619_142919_L381;20260619_142919;19.06.2026;14:19:00;381;13;1682;10;U2014Z2;Praha,Háje;49.99271;14.84649
20260619_142919_L381;20260619_142919;19.06.2026;14:15:00;381;18;9370;14;U2155Z1;Čáslav,obchodní centrum;49.95676;15.07998
20260619_142919_L383;20260619_142919;19.06.2026;14:17:00;383;32;9109;12;U542Z2;Praha,Háje;50.03412;14.59522
20260619_142919_L384;20260619_142919;19.06.2026;14:18:00;384;27;9918;11;U2372Z2;Praha,Zličín;49.98557;14.1319
20260619_142919_L385;20260619_142919;19.06.2026;14:15:00;385;7;1722;13;U2006Z1;Mukařov;49.98932;14.71735
20260619_142919_L387;20260619_142919;19.06.2026;14:15:00;387;6;9376;10;U967Z1;Uhlířské Janovice,nám.;50.03738;14.58723
20260619_142919_L389;20260619_142919;19.06.2026;14:18:00;389;16;7765;10;U85Z9;Hořešovice;50.09297;14.31767
20260619_142919_L389;20260619_142919;19.06.2026;14:18:00;389;33;7760;10;U4851Z1;Chomutov,žel.st.;50.3169;13.87134
20260619_142919_L398;20260619_142919;19.06.2026;14:13:00;398;25;8268;14;U1278Z2;Praha,Černý Most;50.1421;14.79473
20260619_142919_L406;20260619_142919;19.06.2026;14:19:00;406;31;7930;10;U9384Z1;Vlašim,žel.st.;49.7614;14.75255
20260619_142919_L443;20260619_142919;19.06.2026;14:16:00;443;23;8595;13;U2282Z1;Nymburk,hl.nádr.;50.16288;14.87888
20260619_142919_L445;20260619_142919;19.06.2026;14:16:00;445;15;7414;12;U1521Z1;Jílové u Prahy,Náměstí;49.90316;14.46731
20260619_142919_L466;20260619_142919;19.06.2026;14:15:00;466;22;1056;12;U3351Z2;Mělník,aut.nádr.;50.3606;14.4695
20260619_142919_L473;20260619_142919;19.06.2026;14:17:00;473;46;8121;12;U1784Z2;Zálezlice,Kozárovice;50.29529;14.4775
20260619_142919_L480;20260619_142919;19.06.2026;14:16:00;480;25;7526;13;U7966Z1;Klučenice;49.61289;14.19099
20260619_142919_L499;20260619_142919;19.06.2026;14:16:00;499;36;8690;11;U6246Z2;Nymburk,hl.nádr.;50.31024;15.00802
20260619_142919_L500;20260619_142919;19.06.2026;14:17:00;500;21;7201;12;U7457Z3;Petrovice;49.65661;14.16934
20260619_142919_L575;20260619_142919;19.06.2026;14:16:00;575;1;8353;10;U6920Z2;Rakovník,aut.st.;50.07482;13.73163
20260619_142919_L580;20260619_142919;19.06.2026;14:16:00;580;18;7749;12;U9279Z1;Slaný,aut.nádr.;50.21421;13.93374
20260619_142919_L620;20260619_142919;19.06.2026;14:16:00;620;12;8432;12;U4415Z2;Kladno,autobusové nádraží;50.17537;14.12698
20260619_142919_L641;20260619_142919;19.06.2026;14:12:00;641;23;9561;15;U9856Z1;Zdice,nám.;49.87627;13.95138
20260619_142919_L646;20260619_142919;19.06.2026;14:16:00;646;11;8005;11;U1794Z2;Mělník,aut.nádr.;50.35069;14.48974
20260619_142919_L646;20260619_142919;19.06.2026;14:16:00;646;24;8084;12;U2235Z1;Kralupy n.Vlt.,žel.st.;50.24375;14.3126
20260619_142919_L675;20260619_142919;19.06.2026;14:15:00;675;34;8622;13;U1443Z2;Kolín,nádraží;50.09562;15.02061
20260619_142919_L676;20260619_142919;19.06.2026;14:17:00;676;33;8593;11;U4161Z2;Loučeň;50.24122;15.05249
20260619_142919_L678;20260619_142919;19.06.2026;14:18:00;678;32;8577;11;U9597Z2;Pečky,žel.st.;50.0927;15.14666
20260619_142919_L686;20260619_142919;19.06.2026;14:17:00;686;34;8142;12;U2356Z1;Říčany,Podhradí;50.06899;14.73329
20260619_142919_L687;20260619_142919;19.06.2026;14:16:00;687;12;7642;12;U6956Z1;Uhlířské Janovice,nám.;49.86371;15.10131
20260619_142919_L750;20260619_142919;19.06.2026;14:17:00;750;16;7866;11;U7850Z2;Načeradec;49.72557;14.78311
20260619_142919_L786;20260619_142919;19.06.2026;14:15:00;786;22;7610;13;U2480Z5;Paběnice,ObÚ;49.95558;15.27316
