ID Záznamu;Timestamp;Den;Čas příjezdu;Linka;Oběh;Vozidlo;Zpoždění (min);Zastávka;Směr;Zeměpisná šířka (Lat);Zeměpisná délka (Lon)
20260605_105634_L430;20260605_105634;05.06.2026;09:55:00;430;4;8568;58;U2467Z1;Lipník;50.24793;14.91931
20260605_105634_L373;20260605_105634;05.06.2026;10:28:00;373;1;4180;24;U2222Z1;Veliká Ves;50.23929;14.43547
20260605_105634_L641;20260605_105634;05.06.2026;10:39:00;641;17;9449;17;U9856Z2;Hořovice,nemocnice;49.86573;13.93329
20260605_105634_L101;20260605_105634;05.06.2026;10:46:00;101;2;2323;11;U518Z3P;Skalka;50.07658;14.45882
20260605_105634_L136;20260605_105634;05.06.2026;10:44:00;136;32;5101;12;U855Z1P;Jižní Město;50.07448;14.46388
20260605_105634_L405;20260605_105634;05.06.2026;10:20:00;405;63;1420;12;U31013Z7;Špindlerův Mlýn,aut.st.;50.45682;15.4834
20260605_105634_L467;20260605_105634;05.06.2026;10:46:00;467;5;8116;10;U4441Z1;Roudnice n.L.,ČSAD;50.37149;14.39984
20260605_105634_L653;20260605_105634;05.06.2026;09:55:00;653;27;1619;61;U2090Z1;Kaliště,Poddubí;49.87663;14.75896
20260605_105634_L399;20260605_105634;05.06.2026;10:41:00;399;3;1296;15;U4318Z1;Kladno,Energie;50.12727;14.11932
20260605_105634_L399;20260605_105634;05.06.2026;10:41:00;399;1;1295;15;U4313Z7;Praha,Nádraží Veleslavín;50.14447;14.09298
20260605_105634_L400;20260605_105634;05.06.2026;10:34:00;400;5;11656;12;U1793Z1;Praha,Střížkov;50.31892;14.5086
20260605_105634_L415;20260605_105634;05.06.2026;09:56:00;415;4;12433;60;U31988Z1;Kadaň,aut.nádr.;50.24096;13.57862
20260605_105634_L415;20260605_105634;05.06.2026;10:13:00;415;1;12425;41;U6322Z2;Praha,Zličín;50.19633;13.65412
20260605_105634_L429;20260605_105634;05.06.2026;10:05:00;429;19;8883;50;U2124Z1;Unhošť,Nám.;50.1076;14.2138
20260605_105634_L324;20260605_105634;05.06.2026;10:41:00;324;20;8972;10;U4315Z2;Praha,Zličín;50.14929;14.18176
20260605_105634_L381;20260605_105634;05.06.2026;10:45:00;381;3;1676;11;U2016Z1;Čáslav,obchodní centrum;49.99389;14.86103
20260605_105634_L382;20260605_105634;05.06.2026;10:42:00;382;20;9937;13;U336Z1;Sázava,aut.st.;50.0298;14.60487
20260605_105634_L389;20260605_105634;05.06.2026;10:37:00;389;17;7756;18;U4858Z1;Chomutov,žel.st.;50.35691;13.7836
20260605_105634_L389;20260605_105634;05.06.2026;10:38:00;389;13;7751;17;U4775Z1;Hořešovice;50.22676;14.10298
20260605_105634_L300;20260605_105634;05.06.2026;10:37:00;300;11;8997;14;U4306Z2;Praha,Nádraží Veleslavín;50.15021;14.17791
20260605_105634_L300;20260605_105634;05.06.2026;10:27:00;300;2;8955;29;U4306Z1;Kladno,u kostela;50.1358;14.12488
20260605_105634_L589;20260605_105634;05.06.2026;09:55:00;589;8;7762;59;U4858Z1;Louny,ČSAD;50.35558;13.77893
20260605_105634_L740;20260605_105634;05.06.2026;10:42:00;740;21;7621;14;U7320Z11;Čáslav,žel.st.;49.91199;15.39692
20260605_105634_L628;20260605_105634;05.06.2026;10:44:00;628;25;8741;12;U9322Z1;Kladno,autobusové nádraží;50.20601;13.89671
20260605_105634_L640;20260605_105634;05.06.2026;09:42:00;640;29;9553;72;U9810Z1;Hostomice,nám.;49.8258;14.04492
20260605_105634_L136;20260605_105634;05.06.2026;10:44:00;136;1;5539;12;U69Z2P;Jižní Město;50.08891;14.46089
20260605_110035_L373;20260605_110035;05.06.2026;10:28:00;373;1;4180;30;U2222Z1;Veliká Ves;50.23318;14.41129
20260605_110035_L136;20260605_110035;05.06.2026;10:49:00;136;32;5101;12;U680Z3P;Jižní Město;50.06889;14.46907
20260605_110035_L101;20260605_110035;05.06.2026;10:48:00;101;2;2323;10;U855Z1P;Skalka;50.07254;14.45769
20260605_110035_L136;20260605_110035;05.06.2026;10:46:00;136;1;5539;13;U743Z2P;Jižní Město;50.08297;14.45867
20260605_110035_L640;20260605_110035;05.06.2026;09:42:00;640;29;9553;76;U9810Z1;Hostomice,nám.;49.8258;14.04492
20260605_110035_L324;20260605_110035;05.06.2026;10:49:00;324;20;8972;11;U4304Z1;Praha,Zličín;50.15146;14.18124
20260605_110035_L382;20260605_110035;05.06.2026;10:45:00;382;20;9937;13;U2137Z1;Sázava,aut.st.;50.01659;14.63595
20260605_110035_L628;20260605_110035;05.06.2026;10:48:00;628;25;8741;12;U9325Z2;Kladno,autobusové nádraží;50.19617;13.90991
20260605_110035_L589;20260605_110035;05.06.2026;09:55:00;589;8;7762;63;U4858Z1;Louny,ČSAD;50.35558;13.77893
20260605_110035_L740;20260605_110035;05.06.2026;10:42:00;740;21;7621;18;U7320Z11;Čáslav,žel.st.;49.91196;15.39696
20260605_110035_L467;20260605_110035;05.06.2026;10:47:00;467;5;8116;11;U4728Z1;Roudnice n.L.,ČSAD;50.38176;14.35133
20260605_110035_L653;20260605_110035;05.06.2026;09:55:00;653;27;1619;65;U2090Z1;Kaliště,Poddubí;49.87662;14.75894
20260605_110035_L399;20260605_110035;05.06.2026;10:46:00;399;3;1296;14;U4310Z1;Kladno,Energie;50.13653;14.10367
20260605_110035_L415;20260605_110035;05.06.2026;09:56:00;415;4;12433;64;U31988Z1;Kadaň,aut.nádr.;50.24096;13.57862
20260605_110436_L628;20260605_110436;05.06.2026;10:51:00;628;25;8741;12;U9340Z2;Kladno,autobusové nádraží;50.18215;13.92288
20260605_110436_L136;20260605_110436;05.06.2026;10:50:00;136;1;5539;14;U118Z4P;Jižní Město;50.07811;14.46074
20260605_110436_L101;20260605_110436;05.06.2026;10:53:00;101;2;2323;11;U67Z8P;Skalka;50.06922;14.46044
20260605_110436_L136;20260605_110436;05.06.2026;10:54:00;136;2;5514;10;U69Z2P;Jižní Město;50.08899;14.46084
20260605_110436_L405;20260605_110436;05.06.2026;10:51:00;405;63;1420;13;U31014Z4;Špindlerův Mlýn,aut.st.;50.49536;15.51796
20260605_110436_L136;20260605_110436;05.06.2026;10:53:00;136;32;5101;12;U183Z3P;Jižní Město;50.05669;14.47131
20260605_110436_L399;20260605_110436;05.06.2026;10:48:00;399;3;1296;14;U3094Z1;Kladno,Energie;50.14555;14.09521
20260605_110436_L415;20260605_110436;05.06.2026;09:56:00;415;4;12433;67;U31988Z1;Kadaň,aut.nádr.;50.24096;13.57862
20260605_110436_L401;20260605_110436;05.06.2026;10:53:00;401;69;7875;10;U2139Z1;Praha,Roztyly;49.80029;14.67998
20260605_110436_L653;20260605_110436;05.06.2026;09:55:00;653;27;1619;68;U2090Z1;Kaliště,Poddubí;49.87666;14.75891
20260605_110436_L589;20260605_110436;05.06.2026;09:55:00;589;8;7762;67;U4858Z1;Louny,ČSAD;50.35558;13.77893
20260605_110436_L491;20260605_110436;05.06.2026;10:54:00;491;21;8587;10;U1416Z3;Český Brod,žel.st.;50.07206;14.8568
20260605_110436_L740;20260605_110436;05.06.2026;10:42:00;740;21;7621;22;U7320Z11;Čáslav,žel.st.;49.91197;15.39691
20260605_110436_L640;20260605_110436;05.06.2026;09:42:00;640;29;9553;80;U9810Z1;Hostomice,nám.;49.8258;14.04493
20260605_110436_L467;20260605_110436;05.06.2026;10:51:00;467;5;8116;11;U4712Z1;Roudnice n.L.,ČSAD;50.40196;14.3093
20260605_110436_L300;20260605_110436;05.06.2026;10:48:00;300;11;8997;16;U4302Z51;Praha,Nádraží Veleslavín;50.14588;14.2012
20260605_110436_L324;20260605_110436;05.06.2026;10:52:00;324;20;8972;12;U4302Z51;Praha,Zličín;50.14616;14.20299
20260605_110436_L382;20260605_110436;05.06.2026;10:50:00;382;20;9937;13;U1885Z1;Sázava,aut.st.;50.00214;14.66192
20260605_110836_L628;20260605_110836;05.06.2026;10:55:00;628;25;8741;10;U9338Z1;Kladno,autobusové nádraží;50.18883;13.96397
20260605_110836_L412;20260605_110836;05.06.2026;10:55:00;412;42;9902;11;U31000Z2;Praha,Černý Most;50.45919;15.13721
20260605_110836_L740;20260605_110836;05.06.2026;10:42:00;740;21;7621;26;U7320Z11;Čáslav,žel.st.;49.91203;15.39679
20260605_110836_L399;20260605_110836;05.06.2026;10:53:00;399;1;1295;15;U4317Z2;Praha,Nádraží Veleslavín;50.12818;14.12907
20260605_110836_L324;20260605_110836;05.06.2026;10:54:00;324;20;8972;11;U4301Z2;Praha,Zličín;50.13136;14.25714
20260605_110836_L399;20260605_110836;05.06.2026;10:56:00;399;3;1296;12;U3095Z1;Kladno,Energie;50.14094;14.06944
20260605_110836_L415;20260605_110836;05.06.2026;09:56:00;415;4;12433;71;U31988Z1;Kadaň,aut.nádr.;50.24096;13.57862
20260605_110836_L589;20260605_110836;05.06.2026;09:55:00;589;8;7762;71;U4858Z1;Louny,ČSAD;50.35559;13.77894
20260605_110836_L662;20260605_110836;05.06.2026;10:56:00;662;8;8108;11;U2422Z2;Kounice;50.10467;14.83319
20260605_110836_L640;20260605_110836;05.06.2026;09:42:00;640;29;9553;84;U9810Z1;Hostomice,nám.;49.8258;14.04494
20260605_110836_L653;20260605_110836;05.06.2026;09:55:00;653;27;1619;72;U2090Z1;Kaliště,Poddubí;49.87665;14.75892
20260605_110836_L467;20260605_110836;05.06.2026;10:56:00;467;5;8116;11;U4714Z1;Roudnice n.L.,ČSAD;50.41604;14.27634
20260605_110836_L434;20260605_110836;05.06.2026;10:55:00;434;10;8570;11;U2476Z1;Benátky n.Jiz.,aut.st.;50.2709;14.83372
20260605_110836_L136;20260605_110836;05.06.2026;10:54:00;136;1;5539;14;U855Z1P;Jižní Město;50.07445;14.46389
20260605_110836_L382;20260605_110836;05.06.2026;10:53:00;382;20;9937;14;U1878Z1;Sázava,aut.st.;49.99898;14.6683
20260605_110836_L136;20260605_110836;05.06.2026;10:56:00;136;2;5514;10;U743Z2P;Jižní Město;50.08292;14.45849
20260605_110836_L101;20260605_110836;05.06.2026;10:55:00;101;2;2323;12;U269Z6P;Skalka;50.06883;14.468
20260605_110836_L136;20260605_110836;05.06.2026;10:57:00;136;32;5101;11;U322Z3P;Jižní Město;50.04554;14.48474
20260605_111237_L653;20260605_111237;05.06.2026;09:55:00;653;27;1619;75;U2090Z1;Kaliště,Poddubí;49.8753;14.76011
20260605_111237_L101;20260605_111237;05.06.2026;10:59:00;101;2;2323;13;U37Z1P;Skalka;50.06108;14.46945
20260605_111237_L399;20260605_111237;05.06.2026;10:56:00;399;1;1295;16;U4315Z2;Praha,Nádraží Veleslavín;50.13853;14.13946
20260605_111237_L382;20260605_111237;05.06.2026;10:53:00;382;20;9937;18;U1878Z1;Sázava,aut.st.;49.99813;14.67125
20260605_111237_L405;20260605_111237;05.06.2026;10:59:00;405;63;1420;13;U31015Z1;Špindlerův Mlýn,aut.st.;50.52616;15.57456
20260605_111237_L467;20260605_111237;05.06.2026;10:58:00;467;5;8116;12;U4715Z1;Roudnice n.L.,ČSAD;50.42312;14.26008
20260605_111237_L400;20260605_111237;05.06.2026;11:01:00;400;57;1086;11;U31352Z1;Nový Bor,aut.nádr.;50.63386;14.53598
20260605_111237_L401;20260605_111237;05.06.2026;11:01:00;401;73;7920;10;U6487Z1;Miličín;49.58377;14.66266
20260605_111237_L415;20260605_111237;05.06.2026;09:56:00;415;4;12433;76;U31988Z1;Kadaň,aut.nádr.;50.24096;13.57862
20260605_111237_L740;20260605_111237;05.06.2026;10:42:00;740;21;7621;30;U7320Z11;Čáslav,žel.st.;49.91194;15.39683
20260605_111237_L640;20260605_111237;05.06.2026;09:42:00;640;29;9553;88;U9810Z1;Hostomice,nám.;49.8258;14.04494
20260605_111237_L628;20260605_111237;05.06.2026;10:59:00;628;25;8741;11;U9277Z1;Kladno,autobusové nádraží;50.19562;13.97135
20260605_111237_L589;20260605_111237;05.06.2026;09:55:00;589;8;7762;75;U4858Z1;Louny,ČSAD;50.35559;13.77894
20260605_111237_L136;20260605_111237;05.06.2026;10:59:00;136;1;5539;13;U680Z3P;Jižní Město;50.06836;14.46932
20260605_111237_L136;20260605_111237;05.06.2026;10:58:00;136;2;5514;12;U516Z3P;Jižní Město;50.0791;14.46052
20260605_111237_L136;20260605_111237;05.06.2026;11:00:00;136;32;5101;11;U181Z1P;Jižní Město;50.03946;14.49054
20260605_111638_L323;20260605_111638;05.06.2026;11:04:00;323;16;8848;12;U4406Z1;Koleč,zámek;50.19413;14.25334
20260605_111638_L640;20260605_111638;05.06.2026;09:42:00;640;29;9553;92;U9810Z1;Hostomice,nám.;49.82581;14.04494
20260605_111638_L384;20260605_111638;05.06.2026;11:05:00;384;23;9890;11;U9006Z1;Praha,Zličín;49.93804;14.01949
20260605_111638_L136;20260605_111638;05.06.2026;11:04:00;136;32;5101;11;U106Z2P;Jižní Město;50.02752;14.50775
20260605_111638_L717;20260605_111638;05.06.2026;11:03:00;717;36;8665;11;U3253Z1;Mnichovo Hradiště,dopravní terminál;50.51869;14.97324
20260605_111638_L101;20260605_111638;05.06.2026;11:05:00;101;2;2323;11;U825Z2P;Skalka;50.05438;14.48874
20260605_111638_L400;20260605_111638;05.06.2026;11:04:00;400;57;1086;10;U31353Z1;Nový Bor,aut.nádr.;50.66767;14.54309
20260605_111638_L405;20260605_111638;05.06.2026;11:02:00;405;63;1420;14;U31016Z1;Špindlerův Mlýn,aut.st.;50.54965;15.55441
20260605_111638_L628;20260605_111638;05.06.2026;11:06:00;628;25;8741;10;U2898Z1;Kladno,autobusové nádraží;50.16377;13.98785
20260605_111638_L580;20260605_111638;05.06.2026;11:06:00;580;30;7685;10;U3143Z1;Rakovník,aut.st.;50.17087;13.74079
20260605_111638_L740;20260605_111638;05.06.2026;10:42:00;740;21;7621;34;U7320Z11;Čáslav,žel.st.;49.91194;15.39683
20260605_111638_L589;20260605_111638;05.06.2026;09:55:00;589;8;7762;79;U4858Z1;Louny,ČSAD;50.35559;13.77893
20260605_111638_L467;20260605_111638;05.06.2026;11:04:00;467;5;8116;12;U9878Z1;Roudnice n.L.,ČSAD;50.42349;14.24829
20260605_111638_L401;20260605_111638;05.06.2026;11:03:00;401;61;7774;11;U6438Z4;Praha,Roztyly;49.59658;14.66174
20260605_111638_L415;20260605_111638;05.06.2026;09:56:00;415;4;12433;80;U31988Z1;Kadaň,aut.nádr.;50.24096;13.57862
20260605_111638_L389;20260605_111638;05.06.2026;11:00:00;389;13;7751;16;U9229Z2;Hořešovice;50.25882;14.00491
20260605_111638_L324;20260605_111638;05.06.2026;11:04:00;324;20;8972;12;U416Z2;Praha,Zličín;50.10082;14.28902
20260605_111638_L136;20260605_111638;05.06.2026;11:04:00;136;1;5539;12;U751Z2P;Jižní Město;50.05302;14.47433
20260605_111638_L136;20260605_111638;05.06.2026;11:02:00;136;2;5514;14;U518Z3P;Jižní Město;50.0759;14.45913
20260605_111638_L535;20260605_111638;05.06.2026;11:02:00;535;28;7617;12;U6018Z1;Kolín,nádraží;50.0243;15.21349
20260605_111638_L568;20260605_111638;05.06.2026;11:04:00;568;73;7920;11;U6438Z5;Mezno;49.5709;14.66436
20260605_112038_L580;20260605_112038;05.06.2026;11:10:00;580;30;7685;10;U3390Z1;Rakovník,aut.st.;50.14779;13.74166
20260605_112038_L405;20260605_112038;05.06.2026;11:05:00;405;63;1420;15;U31017Z1;Špindlerův Mlýn,aut.st.;50.56809;15.54162
20260605_112038_L136;20260605_112038;05.06.2026;11:09:00;136;2;5514;11;U680Z3P;Jižní Město;50.06831;14.46914
20260605_112038_L467;20260605_112038;05.06.2026;11:06:00;467;5;8116;14;U9903Z1;Roudnice n.L.,ČSAD;50.42685;14.24483
20260605_112038_L401;20260605_112038;05.06.2026;11:06:00;401;61;7774;11;U6487Z2;Praha,Roztyly;49.62947;14.6512
20260605_112038_L136;20260605_112038;05.06.2026;11:10:00;136;3;5073;10;U118Z4P;Jižní Město;50.07809;14.46073
20260605_112038_L384;20260605_112038;05.06.2026;11:10:00;384;23;9890;10;U4972Z1;Praha,Zličín;49.94616;14.03493
20260605_112038_L415;20260605_112038;05.06.2026;09:56:00;415;4;12433;83;U31988Z1;Kadaň,aut.nádr.;50.24096;13.57862
20260605_112038_L641;20260605_112038;05.06.2026;11:07:00;641;14;9573;12;U9856Z1;Beroun,autobusové nádraží;49.88326;13.9561
20260605_112038_L589;20260605_112038;05.06.2026;09:55:00;589;8;7762;83;U4858Z1;Louny,ČSAD;50.35559;13.77893
20260605_112038_L640;20260605_112038;05.06.2026;09:42:00;640;29;9553;96;U9810Z1;Hostomice,nám.;49.82581;14.04493
20260605_112038_L323;20260605_112038;05.06.2026;11:04:00;323;16;8848;16;U4406Z1;Koleč,zámek;50.19413;14.25334
20260605_112038_L740;20260605_112038;05.06.2026;10:42:00;740;21;7621;38;U7320Z11;Čáslav,žel.st.;49.91204;15.39683
20260605_112038_L324;20260605_112038;05.06.2026;11:06:00;324;20;8972;14;U218Z2;Praha,Zličín;50.095;14.29414
20260605_112038_L101;20260605_112038;05.06.2026;11:10:00;101;2;2323;10;U760Z2P;Skalka;50.05459;14.50733
20260605_112038_L136;20260605_112038;05.06.2026;11:10:00;136;32;5101;11;U286Z5P;Jižní Město;50.03059;14.52881
20260605_112038_L717;20260605_112038;05.06.2026;11:03:00;717;36;8665;16;U3253Z1;Mnichovo Hradiště,dopravní terminál;50.52233;14.97454
20260605_112038_L136;20260605_112038;05.06.2026;11:08:00;136;1;5539;12;U417Z1P;Jižní Město;50.04293;14.48777
20260605_112038_L652;20260605_112038;05.06.2026;11:07:00;652;13;1646;11;U1978Z2;Kostelec n.Č.l.,Nám.;49.99373;14.86365
20260605_112038_L535;20260605_112038;05.06.2026;11:02:00;535;28;7617;16;U6018Z1;Kolín,nádraží;50.0243;15.21349
20260605_112439_L640;20260605_112439;05.06.2026;09:42:00;640;29;9553;101;U9810Z1;Hostomice,nám.;49.82585;14.04472
20260605_112439_L641;20260605_112439;05.06.2026;11:09:00;641;14;9573;13;U9855Z55;Beroun,autobusové nádraží;49.87722;13.95209
20260605_112439_L580;20260605_112439;05.06.2026;11:12:00;580;30;7685;11;U9919Z1;Rakovník,aut.st.;50.13625;13.7611
20260605_112439_L589;20260605_112439;05.06.2026;11:09:00;589;13;7751;13;U9232Z2;Louny,ČSAD;50.2654;13.94135
20260605_112439_L381;20260605_112439;05.06.2026;11:12:00;381;8;9370;10;U808Z5;Kutná Hora,hlavní nádraží;50.02454;14.6217
20260605_112439_L628;20260605_112439;05.06.2026;11:11:00;628;25;8741;10;U4932Z2;Kladno,autobusové nádraží;50.16095;14.02843
20260605_112439_L356;20260605_112439;05.06.2026;11:13:00;356;31;8824;10;U5971Z2;Praha,Obchodní centrum Ruzyně;50.11523;14.28492
20260605_112439_L323;20260605_112439;05.06.2026;11:04:00;323;16;8848;20;U4406Z1;Koleč,zámek;50.19413;14.25334
20260605_112439_L415;20260605_112439;05.06.2026;09:56:00;415;4;12433;87;U31988Z1;Kadaň,aut.nádr.;50.24096;13.57862
20260605_112439_L740;20260605_112439;05.06.2026;10:42:00;740;21;7621;42;U7320Z11;Čáslav,žel.st.;49.91202;15.39684
20260605_112439_L384;20260605_112439;05.06.2026;11:12:00;384;23;9890;11;U1748Z2;Praha,Zličín;49.95128;14.04506
20260605_112439_L136;20260605_112439;05.06.2026;11:14:00;136;2;5514;11;U751Z2P;Jižní Město;50.05304;14.47422
20260605_112439_L400;20260605_112439;05.06.2026;11:11:00;400;54;1082;10;U31046Z5;Praha,Střížkov;50.5255;14.52173
20260605_112439_L335;20260605_112439;05.06.2026;11:14:00;335;3;9175;10;U4120Z1;Kamenice,Kult.dům;49.9154;14.53891
20260605_112439_L136;20260605_112439;05.06.2026;11:11:00;136;32;5101;11;U151Z1P;Jižní Město;50.03208;14.53456
20260605_112439_L589;20260605_112439;05.06.2026;09:55:00;589;8;7762;87;U4858Z1;Louny,ČSAD;50.35559;13.77888
20260605_112439_L668;20260605_112439;05.06.2026;11:12:00;668;16;8015;10;U6115Z2;Mělník,aut.nádr.;50.38372;14.56617
20260605_112439_L136;20260605_112439;05.06.2026;11:12:00;136;1;5539;12;U424Z1P;Jižní Město;50.03309;14.50018
20260605_112439_L717;20260605_112439;05.06.2026;11:03:00;717;36;8665;20;U3253Z1;Mnichovo Hradiště,dopravní terminál;50.52235;14.97453
20260605_112439_L652;20260605_112439;05.06.2026;11:07:00;652;13;1646;15;U1978Z2;Kostelec n.Č.l.,Nám.;49.99367;14.86358
20260605_112439_L562;20260605_112439;05.06.2026;11:12:00;562;64;8382;11;U4340Z2;Rakovník,hasičský záchr.sbor;50.10544;13.72432
20260605_112439_L535;20260605_112439;05.06.2026;11:02:00;535;28;7617;20;U6018Z1;Kolín,nádraží;50.0243;15.21349
20260605_112439_L568;20260605_112439;05.06.2026;11:14:00;568;73;7920;10;U6460Z1;Mezno;49.55471;14.71835
20260605_112839_L136;20260605_112839;05.06.2026;11:17:00;136;1;5539;12;U916Z1P;Jižní Město;50.02514;14.51476
20260605_112839_L136;20260605_112839;05.06.2026;11:18:00;136;2;5514;10;U417Z1P;Jižní Město;50.0429;14.48772
20260605_112839_L194;20260605_112839;05.06.2026;11:18:00;194;5;1911;10;U361Z6P;Nemocnice pod Petřínem;50.08778;14.40412
20260605_112839_L323;20260605_112839;05.06.2026;11:04:00;323;16;8848;24;U4406Z1;Koleč,zámek;50.19413;14.25334
20260605_112839_L335;20260605_112839;05.06.2026;11:17:00;335;3;9175;11;U1578Z2;Kamenice,Kult.dům;49.92277;14.55827
20260605_112839_L356;20260605_112839;05.06.2026;11:16:00;356;31;8824;12;U776Z2;Praha,Obchodní centrum Ruzyně;50.10832;14.27827
20260605_112839_L365;20260605_112839;05.06.2026;11:18:00;365;12;8832;10;U4110Z1;Stochov,nám.;50.10315;14.04542
20260605_112839_L381;20260605_112839;05.06.2026;11:18:00;381;8;9370;10;U1885Z1;Kutná Hora,hlavní nádraží;50.00476;14.65708
20260605_112839_L384;20260605_112839;05.06.2026;11:15:00;384;23;9890;13;U1747Z2;Praha,Zličín;49.95469;14.05277
20260605_112839_L388;20260605_112839;05.06.2026;11:17:00;388;9;7754;10;U80Z4;Praha,Nádraží Veleslavín;50.0927;14.32125
20260605_112839_L399;20260605_112839;05.06.2026;11:14:00;399;1;1295;14;U85Z1;Praha,Nádraží Veleslavín;50.0926;14.3232
20260605_112839_L400;20260605_112839;05.06.2026;11:17:00;400;54;1082;10;U31048Z2;Praha,Střížkov;50.50936;14.49111
20260605_112839_L401;20260605_112839;05.06.2026;11:17:00;401;61;7774;11;U6492Z2;Praha,Roztyly;49.64366;14.63845
20260605_112839_L415;20260605_112839;05.06.2026;09:56:00;415;4;12433;91;U31988Z1;Kadaň,aut.nádr.;50.24096;13.57862
20260605_112839_L535;20260605_112839;05.06.2026;11:02:00;535;28;7617;24;U6018Z1;Kolín,nádraží;50.0243;15.21349
20260605_112839_L552;20260605_112839;05.06.2026;11:17:00;552;31;7516;11;U5710Z1;Kamýk n.Vlt.;49.66431;14.29741
20260605_112839_L580;20260605_112839;05.06.2026;11:17:00;580;30;7685;10;U9898Z1;Rakovník,aut.st.;50.11372;13.76529
20260605_112839_L589;20260605_112839;05.06.2026;09:55:00;589;8;7762;91;U4858Z1;Louny,ČSAD;50.35559;13.77889
20260605_112839_L589;20260605_112839;05.06.2026;11:15:00;589;13;7751;11;U9235Z1;Louny,ČSAD;50.26738;13.92225
20260605_112839_L640;20260605_112839;05.06.2026;09:42:00;640;29;9553;102;U9810Z1;Hostomice,nám.;49.82574;14.0428
20260605_112839_L641;20260605_112839;05.06.2026;11:16:00;641;14;9573;12;U9854Z1;Beroun,autobusové nádraží;49.8953;13.96036
20260605_112839_L652;20260605_112839;05.06.2026;11:07:00;652;13;1646;19;U1978Z2;Kostelec n.Č.l.,Nám.;49.99369;14.86371
20260605_112839_L717;20260605_112839;05.06.2026;11:03:00;717;36;8665;24;U3253Z1;Mnichovo Hradiště,dopravní terminál;50.52235;14.97455
20260605_112839_L740;20260605_112839;05.06.2026;10:42:00;740;21;7621;46;U7320Z11;Čáslav,žel.st.;49.91195;15.39682
20260605_113240_L136;20260605_113240;05.06.2026;11:22:00;136;2;5514;10;U424Z1P;Jižní Město;50.03311;14.50011
20260605_113240_L136;20260605_113240;05.06.2026;11:20:00;136;5;5547;10;U1074Z4P;Jižní Město;50.09089;14.46814
20260605_113240_L136;20260605_113240;05.06.2026;11:22:00;136;4;5517;11;U518Z3P;Jižní Město;50.07656;14.45886
20260605_113240_L401;20260605_113240;05.06.2026;11:20:00;401;61;7774;12;U6511Z2;Praha,Roztyly;49.66041;14.63442
20260605_113240_L580;20260605_113240;05.06.2026;11:21:00;580;30;7685;11;U6839Z2;Rakovník,aut.st.;50.10444;13.74387
20260605_113240_L405;20260605_113240;05.06.2026;11:19:00;405;63;1420;12;U31020Z1;Špindlerův Mlýn,aut.st.;50.62142;15.5226
20260605_113240_L356;20260605_113240;05.06.2026;11:22:00;356;38;8885;10;U1136Z2;Praha,Bořislavka;50.12892;14.34373
20260605_113240_L335;20260605_113240;05.06.2026;11:20:00;335;3;9175;12;U2288Z1;Kamenice,Kult.dům;49.91957;14.58107
20260605_113240_L381;20260605_113240;05.06.2026;11:21:00;381;8;9370;10;U1878Z1;Kutná Hora,hlavní nádraží;49.99757;14.67307
20260605_113240_L384;20260605_113240;05.06.2026;11:17:00;384;23;9890;15;U1746Z2;Praha,Zličín;49.96052;14.06515
20260605_113240_L400;20260605_113240;05.06.2026;11:20:00;400;57;1086;11;U31355Z1;Nový Bor,aut.nádr.;50.70133;14.54271
20260605_113240_L400;20260605_113240;05.06.2026;11:22:00;400;54;1082;10;U6077Z2;Praha,Střížkov;50.48592;14.48446
20260605_113240_L401;20260605_113240;05.06.2026;11:22:00;401;59;7773;10;U4442Z1;Jindřichův Hradec,aut.nádr.;49.78126;14.68022
20260605_113240_L415;20260605_113240;05.06.2026;09:56:00;415;4;12433;95;U31988Z1;Kadaň,aut.nádr.;50.24096;13.57862
20260605_113240_L388;20260605_113240;05.06.2026;11:19:00;388;9;7754;12;U85Z1;Praha,Nádraží Veleslavín;50.09296;14.33035
20260605_113240_L641;20260605_113240;05.06.2026;11:18:00;641;14;9573;11;U1229Z1;Beroun,autobusové nádraží;49.91093;13.97618
20260605_113240_L589;20260605_113240;05.06.2026;09:55:00;589;8;7762;95;U4858Z1;Louny,ČSAD;50.35562;13.77888
20260605_113240_L552;20260605_113240;05.06.2026;11:17:00;552;31;7516;14;U5710Z1;Kamýk n.Vlt.;49.66005;14.29697
20260605_113240_L589;20260605_113240;05.06.2026;11:18:00;589;13;7751;12;U9234Z1;Louny,ČSAD;50.28355;13.91891
20260605_113240_L740;20260605_113240;05.06.2026;10:42:00;740;21;7621;50;U7320Z11;Čáslav,žel.st.;49.91191;15.39687
20260605_113240_L136;20260605_113240;05.06.2026;11:20:00;136;1;5539;12;U286Z5P;Jižní Město;50.03059;14.52878
20260605_113240_L194;20260605_113240;05.06.2026;11:21:00;194;5;1911;11;U2952Z1P;Nemocnice pod Petřínem;50.08723;14.39733
20260605_113240_L717;20260605_113240;05.06.2026;11:03:00;717;36;8665;28;U3253Z1;Mnichovo Hradiště,dopravní terminál;50.52236;14.97453
20260605_113240_L668;20260605_113240;05.06.2026;11:22:00;668;16;8015;10;U3349Z1;Mělník,aut.nádr.;50.37149;14.51136
20260605_113240_L652;20260605_113240;05.06.2026;11:07:00;652;13;1646;23;U1978Z2;Kostelec n.Č.l.,Nám.;49.99368;14.8637
20260605_113240_L535;20260605_113240;05.06.2026;11:02:00;535;28;7617;28;U6018Z1;Kolín,nádraží;50.0243;15.21349
20260605_113640_L136;20260605_113640;05.06.2026;11:25:00;136;5;5547;11;U2787Z2P;Jižní Město;50.08788;14.45662
20260605_113640_L580;20260605_113640;05.06.2026;11:24:00;580;30;7685;12;U2009Z1;Rakovník,aut.st.;50.10667;13.72987
20260605_113640_L400;20260605_113640;05.06.2026;11:22:00;400;54;1082;13;U6077Z2;Praha,Střížkov;50.48508;14.48387
20260605_113640_L335;20260605_113640;05.06.2026;11:23:00;335;3;9175;13;U1583Z1;Kamenice,Kult.dům;49.90963;14.56345
20260605_113640_L136;20260605_113640;05.06.2026;11:24:00;136;2;5514;11;U106Z2P;Jižní Město;50.02463;14.50866
20260605_113640_L740;20260605_113640;05.06.2026;10:42:00;740;21;7621;54;U7320Z11;Čáslav,žel.st.;49.91186;15.39692
20260605_113640_L136;20260605_113640;05.06.2026;11:24:00;136;4;5517;10;U855Z1P;Jižní Město;50.07415;14.46757
20260605_113640_L381;20260605_113640;05.06.2026;11:24:00;381;8;9370;11;U1886Z1;Kutná Hora,hlavní nádraží;49.99078;14.69536
20260605_113640_L401;20260605_113640;05.06.2026;11:23:00;401;61;7774;12;U6525Z4;Praha,Roztyly;49.68407;14.64397
20260605_113640_L415;20260605_113640;05.06.2026;09:56:00;415;4;12433;100;U31988Z1;Kadaň,aut.nádr.;50.24076;13.57867
20260605_113640_L639;20260605_113640;05.06.2026;11:26:00;639;8;9586;10;U9813Z2;Dobříš,nám.;49.83258;14.03096
20260605_113640_L641;20260605_113640;05.06.2026;11:22:00;641;14;9573;12;U9105Z1;Beroun,autobusové nádraží;49.92939;13.97788
20260605_113640_L589;20260605_113640;05.06.2026;09:55:00;589;8;7762;99;U4858Z1;Louny,ČSAD;50.35561;13.77887
20260605_113640_L401;20260605_113640;05.06.2026;11:26:00;401;59;7773;10;U5882Z1;Jindřichův Hradec,aut.nádr.;49.76657;14.67575
20260605_113640_L668;20260605_113640;05.06.2026;11:26:00;668;16;8015;10;U3342Z2;Mělník,aut.nádr.;50.35217;14.49618
20260605_113640_L717;20260605_113640;05.06.2026;11:03:00;717;36;8665;32;U3253Z1;Mnichovo Hradiště,dopravní terminál;50.52237;14.97453
20260605_113640_L589;20260605_113640;05.06.2026;11:24:00;589;13;7751;12;U4850Z1;Louny,ČSAD;50.29476;13.91696
20260605_113640_L652;20260605_113640;05.06.2026;11:07:00;652;13;1646;27;U1978Z2;Kostelec n.Č.l.,Nám.;49.99369;14.86369
20260605_113640_L535;20260605_113640;05.06.2026;11:02:00;535;28;7617;32;U6018Z1;Kolín,nádraží;50.0243;15.21349
20260605_113640_L775;20260605_113640;05.06.2026;11:22:00;775;31;9790;11;U3389Z1;Mladá Boleslav,aut.st.;50.42017;14.91757
20260605_114041_L136;20260605_114041;05.06.2026;11:28:00;136;2;5514;12;U353Z1P;Jižní Město;50.0262;14.5215
20260605_114041_L136;20260605_114041;05.06.2026;11:28:00;136;5;5547;12;U516Z3P;Jižní Město;50.08212;14.45942
20260605_114041_L136;20260605_114041;05.06.2026;11:29:00;136;4;5517;10;U680Z3P;Jižní Město;50.06413;14.46935
20260605_114041_L639;20260605_114041;05.06.2026;11:28:00;639;8;9586;12;U9812Z2;Dobříš,nám.;49.82557;14.04345
20260605_114041_L641;20260605_114041;05.06.2026;11:28:00;641;14;9573;12;U4979Z1;Beroun,autobusové nádraží;49.9391;14.02131
20260605_114041_L589;20260605_114041;05.06.2026;09:55:00;589;8;7762;103;U4858Z1;Louny,ČSAD;50.35561;13.77887
20260605_114041_L589;20260605_114041;05.06.2026;11:28:00;589;13;7751;12;U4851Z1;Louny,ČSAD;50.30703;13.88238
20260605_114041_L590;20260605_114041;05.06.2026;11:30:00;590;24;7745;10;U9266Z1;Nové Strašecí,Palackého;50.25333;14.11484
20260605_114041_L415;20260605_114041;05.06.2026;09:56:00;415;4;12433;104;U31988Z1;Kadaň,aut.nádr.;50.23887;13.5804
20260605_114041_L548;20260605_114041;05.06.2026;11:29:00;548;13;9546;11;U9780Z2;Hořovice,nemocnice;49.8391;13.90921
20260605_114041_L552;20260605_114041;05.06.2026;11:27:00;552;31;7516;13;U5876Z1;Kamýk n.Vlt.;49.64216;14.25549
20260605_114041_L400;20260605_114041;05.06.2026;11:29:00;400;57;1086;11;U31359Z1;Nový Bor,aut.nádr.;50.75632;14.55466
20260605_114041_L401;20260605_114041;05.06.2026;11:31:00;401;59;7773;10;U4555Z1;Jindřichův Hradec,aut.nádr.;49.7405;14.66505
20260605_114041_L401;20260605_114041;05.06.2026;11:28:00;401;61;7774;12;U6559Z1;Praha,Roztyly;49.71726;14.65504
20260605_114041_L381;20260605_114041;05.06.2026;11:30:00;381;8;9370;11;U2008Z1;Kutná Hora,hlavní nádraží;49.98947;14.74053
20260605_114041_L228;20260605_114041;05.06.2026;11:30:00;228;11;9044;10;U336Z2P;Poliklinika Malešice;50.03235;14.59768
20260605_114041_L717;20260605_114041;05.06.2026;11:03:00;717;36;8665;36;U3253Z1;Mnichovo Hradiště,dopravní terminál;50.52241;14.97461
20260605_114041_L740;20260605_114041;05.06.2026;10:42:00;740;21;7621;58;U7320Z11;Čáslav,žel.st.;49.91186;15.39692
20260605_114041_L652;20260605_114041;05.06.2026;11:07:00;652;13;1646;31;U1978Z2;Kostelec n.Č.l.,Nám.;49.99367;14.8637
20260605_114041_L535;20260605_114041;05.06.2026;11:02:00;535;28;7617;36;U6018Z1;Kolín,nádraží;50.0243;15.21349
20260605_114441_L136;20260605_114441;05.06.2026;11:34:00;136;4;5517;10;U751Z2P;Jižní Město;50.05303;14.47429
20260605_114441_L136;20260605_114441;05.06.2026;11:32:00;136;5;5547;12;U518Z3P;Jižní Město;50.0759;14.45907
20260605_114441_L136;20260605_114441;05.06.2026;11:33:00;136;6;6762;11;U512Z5P;Jižní Město;50.09038;14.46745
20260605_114441_L194;20260605_114441;05.06.2026;11:33:00;194;1;1913;11;U361Z6P;Nemocnice pod Petřínem;50.08786;14.40442
20260605_114441_L227;20260605_114441;05.06.2026;11:34:00;227;1;1590;10;U151Z2P;Háje;50.0319;14.53382
20260605_114441_L228;20260605_114441;05.06.2026;11:33:00;228;11;9044;11;U542Z12P;Poliklinika Malešice;50.03557;14.59314
20260605_114441_L381;20260605_114441;05.06.2026;11:32:00;381;8;9370;11;U1909Z1;Kutná Hora,hlavní nádraží;49.9885;14.76449
20260605_114441_L400;20260605_114441;05.06.2026;11:31:00;400;57;1086;13;U31360Z1;Nový Bor,aut.nádr.;50.76016;14.55664
20260605_114441_L401;20260605_114441;05.06.2026;11:33:00;401;61;7774;11;U4557Z2;Praha,Roztyly;49.73199;14.66713
20260605_114441_L410;20260605_114441;05.06.2026;11:30:00;410;14;11648;13;U6073Z1;Doksy,žel.st.;50.48282;14.48583
20260605_114441_L415;20260605_114441;05.06.2026;09:56:00;415;4;12433;108;U31988Z1;Kadaň,aut.nádr.;50.23641;13.58317
20260605_114441_L500;20260605_114441;05.06.2026;11:31:00;500;28;7230;13;U7631Z1;Petrovice;49.64065;14.253
20260605_114441_L535;20260605_114441;05.06.2026;11:02:00;535;28;7617;39;U6018Z1;Kolín,nádraží;50.0243;15.21349
20260605_114441_L548;20260605_114441;05.06.2026;11:29:00;548;13;9546;15;U9780Z2;Hořovice,nemocnice;49.83911;13.90919
20260605_114441_L589;20260605_114441;05.06.2026;09:55:00;589;8;7762;107;U4858Z1;Louny,ČSAD;50.3556;13.77888
20260605_114441_L589;20260605_114441;05.06.2026;11:33:00;589;13;7751;10;U32419Z1;Louny,ČSAD;50.2874;13.85537
20260605_114441_L641;20260605_114441;05.06.2026;11:34:00;641;14;9573;10;U4965Z2;Beroun,autobusové nádraží;49.9529;14.04899
20260605_114441_L652;20260605_114441;05.06.2026;11:07:00;652;13;1646;35;U1978Z2;Kostelec n.Č.l.,Nám.;49.99367;14.8637
20260605_114441_L717;20260605_114441;05.06.2026;11:03:00;717;36;8665;40;U3253Z1;Mnichovo Hradiště,dopravní terminál;50.52245;14.97454
20260605_114441_L740;20260605_114441;05.06.2026;10:42:00;740;21;7621;62;U7320Z11;Čáslav,žel.st.;49.91186;15.39692
20260605_114842_L136;20260605_114842;05.06.2026;11:39:00;136;5;5547;10;U680Z3P;Jižní Město;50.0684;14.46927
20260605_114842_L405;20260605_114842;05.06.2026;11:37:00;405;63;1420;11;U31026Z1;Špindlerův Mlýn,aut.st.;50.62813;15.6101
20260605_114842_L415;20260605_114842;05.06.2026;09:56:00;415;4;12433;112;U31988Z1;Kadaň,aut.nádr.;50.23492;13.58678
20260605_114842_L401;20260605_114842;05.06.2026;11:36:00;401;61;7774;12;U4555Z2;Praha,Roztyly;49.74079;14.66977
20260605_114842_L381;20260605_114842;05.06.2026;11:35:00;381;8;9370;12;U2011Z1;Kutná Hora,hlavní nádraží;49.99137;14.80518
20260605_114842_L410;20260605_114842;05.06.2026;11:36:00;410;14;11648;12;U31056Z1;Doksy,žel.st.;50.50808;14.48945
20260605_114842_L500;20260605_114842;05.06.2026;11:33:00;500;28;7230;13;U7634Z1;Petrovice;49.63792;14.26941
20260605_114842_L400;20260605_114842;05.06.2026;11:35:00;400;6;11628;11;U6078Z1;Varnsdorf,aut.nádr.;50.50854;14.49167
20260605_114842_L589;20260605_114842;05.06.2026;09:55:00;589;8;7762;111;U4858Z1;Louny,ČSAD;50.3556;13.77888
20260605_114842_L770;20260605_114842;05.06.2026;11:37:00;770;50;7813;10;U4483Z3;Benešov,Terminál;49.78141;14.68226
20260605_114842_L725;20260605_114842;05.06.2026;11:34:00;725;67;9760;12;U31718Z1;Markvartice,pošta;50.43098;15.19269
20260605_114842_L228;20260605_114842;05.06.2026;11:38:00;228;11;9044;10;U108Z1P;Poliklinika Malešice;50.0563;14.58051
20260605_114842_L548;20260605_114842;05.06.2026;11:29:00;548;13;9546;19;U9780Z2;Hořovice,nemocnice;49.83912;13.90918
20260605_114842_L136;20260605_114842;05.06.2026;11:38:00;136;4;5517;11;U417Z1P;Jižní Město;50.04357;14.48725
20260605_114842_L717;20260605_114842;05.06.2026;11:03:00;717;36;8665;44;U3253Z1;Mnichovo Hradiště,dopravní terminál;50.52244;14.97452
20260605_114842_L136;20260605_114842;05.06.2026;11:36:00;136;6;6762;12;U743Z2P;Jižní Město;50.08658;14.45547
20260605_114842_L740;20260605_114842;05.06.2026;10:42:00;740;21;7621;66;U7320Z11;Čáslav,žel.st.;49.91193;15.39682
20260605_114842_L652;20260605_114842;05.06.2026;11:07:00;652;13;1646;39;U1978Z2;Kostelec n.Č.l.,Nám.;49.99369;14.86369
20260605_114842_L535;20260605_114842;05.06.2026;11:02:00;535;28;7617;44;U6018Z1;Kolín,nádraží;50.0243;15.21349
20260605_115242_L136;20260605_115242;05.06.2026;11:43:00;136;4;5517;10;U344Z1P;Jižní Město;50.03178;14.5044
20260605_115242_L136;20260605_115242;05.06.2026;11:43:00;136;5;5547;10;U183Z3P;Jižní Město;50.05672;14.47126
20260605_115242_L136;20260605_115242;05.06.2026;11:40:00;136;6;6762;12;U118Z4P;Jižní Město;50.07878;14.46069
20260605_115242_L136;20260605_115242;05.06.2026;11:40:00;136;7;6960;10;U1074Z4P;Jižní Město;50.09149;14.46858
20260605_115242_L228;20260605_115242;05.06.2026;11:41:00;228;11;9044;10;U107Z1P;Poliklinika Malešice;50.06427;14.58486
20260605_115242_L381;20260605_115242;05.06.2026;11:41:00;381;8;9370;11;U2014Z1;Kutná Hora,hlavní nádraží;49.99258;14.84718
20260605_115242_L383;20260605_115242;05.06.2026;11:42:00;383;32;9109;10;U336Z1;Chocerady;50.02967;14.60172
20260605_115242_L401;20260605_115242;05.06.2026;11:39:00;401;61;7774;12;U4554Z2;Praha,Roztyly;49.7684;14.67988
20260605_115242_L405;20260605_115242;05.06.2026;11:39:00;405;63;1420;13;U32428Z1;Špindlerův Mlýn,aut.st.;50.64062;15.60858
20260605_115242_L410;20260605_115242;05.06.2026;11:41:00;410;14;11648;11;U31047Z1;Doksy,žel.st.;50.52285;14.51711
20260605_115242_L500;20260605_115242;05.06.2026;11:42:00;500;28;7230;10;U7670Z1;Petrovice;49.60668;14.27744
20260605_115242_L535;20260605_115242;05.06.2026;11:02:00;535;28;7617;48;U6018Z1;Kolín,nádraží;50.0243;15.21349
20260605_115242_L548;20260605_115242;05.06.2026;11:29:00;548;13;9546;23;U9780Z2;Hořovice,nemocnice;49.83913;13.90917
20260605_115242_L589;20260605_115242;05.06.2026;09:55:00;589;8;7762;115;U4858Z1;Louny,ČSAD;50.35559;13.77887
20260605_115242_L652;20260605_115242;05.06.2026;11:07:00;652;13;1646;43;U1978Z2;Kostelec n.Č.l.,Nám.;49.99372;14.86373
20260605_115242_L717;20260605_115242;05.06.2026;11:03:00;717;36;8665;48;U3253Z1;Mnichovo Hradiště,dopravní terminál;50.52244;14.97453
20260605_115242_L725;20260605_115242;05.06.2026;11:34:00;725;67;9760;16;U31718Z1;Markvartice,pošta;50.43098;15.19269
20260605_115242_L740;20260605_115242;05.06.2026;10:42:00;740;21;7621;70;U7320Z11;Čáslav,žel.st.;49.91193;15.39682
20260605_115643_L548;20260605_115643;05.06.2026;11:29:00;548;13;9546;26;U9780Z2;Hořovice,nemocnice;49.83913;13.90917
20260605_115643_L717;20260605_115643;05.06.2026;11:03:00;717;36;8665;52;U3253Z1;Mnichovo Hradiště,dopravní terminál;50.52239;14.97446
20260605_115643_L136;20260605_115643;05.06.2026;11:46:00;136;7;6960;10;U743Z2P;Jižní Město;50.08608;14.45552
20260605_115643_L500;20260605_115643;05.06.2026;11:45:00;500;28;7230;10;U7671Z1;Petrovice;49.5965;14.28337
20260605_115643_L401;20260605_115643;05.06.2026;11:44:00;401;61;7774;11;U4442Z2;Praha,Roztyly;49.78229;14.68177
20260605_115643_L136;20260605_115643;05.06.2026;11:44:00;136;4;5517;12;U106Z2P;Jižní Město;50.02755;14.50777
20260605_115643_L725;20260605_115643;05.06.2026;11:34:00;725;67;9760;20;U31718Z1;Markvartice,pošta;50.43098;15.19269
20260605_115643_L228;20260605_115643;05.06.2026;11:46:00;228;11;9044;10;U820Z2P;Poliklinika Malešice;50.07296;14.55644
20260605_115643_L322;20260605_115643;05.06.2026;11:45:00;322;12;8797;10;U80Z4;Praha,Nádraží Veleslavín;50.0928;14.31867
20260605_115643_L383;20260605_115643;05.06.2026;11:45:00;383;32;9109;10;U2137Z1;Chocerady;50.02139;14.62738
20260605_115643_L405;20260605_115643;05.06.2026;11:42:00;405;63;1420;13;U32427Z1;Špindlerův Mlýn,aut.st.;50.66253;15.59649
20260605_115643_L589;20260605_115643;05.06.2026;09:55:00;589;8;7762;119;U4858Z1;Louny,ČSAD;50.35559;13.77887
20260605_115643_L740;20260605_115643;05.06.2026;10:42:00;740;21;7621;74;U7320Z11;Čáslav,žel.st.;49.91193;15.39682
20260605_115643_L136;20260605_115643;05.06.2026;11:47:00;136;5;5547;10;U322Z3P;Jižní Město;50.04604;14.48397
20260605_115643_L136;20260605_115643;05.06.2026;11:44:00;136;6;6762;12;U855Z1P;Jižní Město;50.07453;14.46387
20260605_115643_L652;20260605_115643;05.06.2026;11:07:00;652;13;1646;47;U1978Z2;Kostelec n.Č.l.,Nám.;49.99372;14.86372
20260605_115643_L535;20260605_115643;05.06.2026;11:02:00;535;28;7617;52;U6018Z1;Kolín,nádraží;50.0243;15.21349
20260605_120043_L126;20260605_120043;05.06.2026;11:49:00;126;2;3825;10;U3053Z2P;Nádraží Uhříněves;50.03133;14.59836
20260605_120043_L136;20260605_120043;05.06.2026;11:47:00;136;4;5517;14;U916Z1P;Jižní Město;50.02535;14.51579
20260605_120043_L136;20260605_120043;05.06.2026;11:50:00;136;5;5547;10;U181Z1P;Jižní Město;50.03947;14.49055
20260605_120043_L136;20260605_120043;05.06.2026;11:49:00;136;6;6762;11;U680Z3P;Jižní Město;50.06838;14.46925
20260605_120043_L136;20260605_120043;05.06.2026;11:48:00;136;7;6960;11;U516Z3P;Jižní Město;50.07913;14.46043
20260605_120043_L322;20260605_120043;05.06.2026;11:47:00;322;12;8797;12;U85Z1;Praha,Nádraží Veleslavín;50.09333;14.33343
20260605_120043_L365;20260605_120043;05.06.2026;11:49:00;365;13;8769;11;U872Z7;Praha,Motol;50.07802;14.34533
20260605_120043_L383;20260605_120043;05.06.2026;11:50:00;383;32;9109;10;U1885Z1;Chocerady;50.00472;14.65723
20260605_120043_L389;20260605_120043;05.06.2026;11:48:00;389;12;7761;10;U4836Z1;Chomutov,žel.st.;50.23293;14.05525
20260605_120043_L405;20260605_120043;05.06.2026;11:48:00;405;63;1420;12;U31032Z1;Špindlerův Mlýn,aut.st.;50.68838;15.57948
20260605_120043_L535;20260605_120043;05.06.2026;11:02:00;535;28;7617;56;U6018Z1;Kolín,nádraží;50.0243;15.21349
20260605_120043_L548;20260605_120043;05.06.2026;11:29:00;548;13;9546;30;U9780Z2;Hořovice,nemocnice;49.83914;13.90916
20260605_120043_L590;20260605_120043;05.06.2026;11:48:00;590;24;7745;10;U4803Z2;Nové Strašecí,Palackého;50.20094;14.05857
20260605_120043_L652;20260605_120043;05.06.2026;11:07:00;652;13;1646;52;U1978Z2;Kostelec n.Č.l.,Nám.;49.99303;14.86351
20260605_120043_L725;20260605_120043;05.06.2026;11:34:00;725;67;9760;24;U31718Z1;Markvartice,pošta;50.43098;15.19269
20260605_120043_L740;20260605_120043;05.06.2026;10:42:00;740;21;7621;78;U7320Z11;Čáslav,žel.st.;49.91202;15.39683
20260605_120444_L120;20260605_120444;05.06.2026;11:54:00;120;3;3650;10;U468Z2P;Na Knížecí;50.05474;14.40487
20260605_120444_L740;20260605_120444;05.06.2026;10:42:00;740;21;7621;82;U7320Z11;Čáslav,žel.st.;49.91188;15.39684
20260605_120444_L405;20260605_120444;05.06.2026;11:52:00;405;63;1420;12;U31034Z1;Špindlerův Mlýn,aut.st.;50.71532;15.58352
20260605_120444_L401;20260605_120444;05.06.2026;11:53:00;401;61;7774;11;U2139Z1;Praha,Roztyly;49.79213;14.68173
20260605_120444_L383;20260605_120444;05.06.2026;11:53:00;383;32;9109;10;U1878Z1;Chocerady;49.99736;14.67394
20260605_120444_L322;20260605_120444;05.06.2026;11:55:00;322;14;8837;10;U3094Z1;Kladno,autobusové nádraží;50.14203;14.09807
20260605_120444_L548;20260605_120444;05.06.2026;11:29:00;548;13;9546;35;U9780Z2;Hořovice,nemocnice;49.83947;13.90969
20260605_120444_L590;20260605_120444;05.06.2026;11:53:00;590;24;7745;11;U1915Z1;Nové Strašecí,Palackého;50.18405;14.03042
20260605_120444_L228;20260605_120444;05.06.2026;11:53:00;228;11;9044;10;U741Z2P;Poliklinika Malešice;50.07132;14.53861
20260605_120444_L136;20260605_120444;05.06.2026;11:53:00;136;6;6762;12;U183Z3P;Jižní Město;50.05672;14.47132
20260605_120444_L311;20260605_120444;05.06.2026;11:52:00;311;74;9597;11;U1601Z1;Řevnice,nádraží;49.91694;14.24304
20260605_120444_L136;20260605_120444;05.06.2026;11:50:00;136;4;5517;14;U286Z5P;Jižní Město;50.03071;14.5299
20260605_120444_L133;20260605_120444;05.06.2026;11:53:00;133;6;4071;11;U16Z1P;Sídliště Malešice;50.08747;14.47836
20260605_120444_L725;20260605_120444;05.06.2026;11:34:00;725;67;9760;28;U31718Z1;Markvartice,pošta;50.43098;15.19269
20260605_120444_L339;20260605_120444;05.06.2026;11:53:00;339;17;9932;11;U1564Z1;Týnec n.Sáz.,žel.st.;49.90397;14.59119
20260605_120444_L136;20260605_120444;05.06.2026;11:54:00;136;5;5547;10;U106Z2P;Jižní Město;50.0275;14.50778
20260605_120444_L136;20260605_120444;05.06.2026;11:54:00;136;7;6960;10;U855Z1P;Jižní Město;50.07446;14.46389
20260605_120444_L136;20260605_120444;05.06.2026;11:55:00;136;8;5543;10;U2787Z2P;Jižní Město;50.08812;14.45754
20260605_120444_L652;20260605_120444;05.06.2026;11:07:00;652;13;1646;56;U1978Z2;Kostelec n.Č.l.,Nám.;49.99282;14.86378
20260605_120444_L535;20260605_120444;05.06.2026;11:02:00;535;28;7617;60;U6018Z1;Kolín,nádraží;50.0243;15.21349
20260605_120844_L120;20260605_120844;05.06.2026;11:55:00;120;3;3650;10;U817Z2P;Na Knížecí;50.06595;14.40332
20260605_120844_L133;20260605_120844;05.06.2026;11:58:00;133;6;4071;10;U418Z1P;Sídliště Malešice;50.08041;14.48797
20260605_120844_L136;20260605_120844;05.06.2026;11:57:00;136;6;6762;12;U322Z3P;Jižní Město;50.04606;14.48397
20260605_120844_L136;20260605_120844;05.06.2026;11:58:00;136;8;5543;10;U516Z3P;Jižní Město;50.08214;14.45946
20260605_120844_L228;20260605_120844;05.06.2026;11:58:00;228;11;9044;10;U1071Z2P;Poliklinika Malešice;50.07614;14.5181
20260605_120844_L325;20260605_120844;05.06.2026;11:57:00;325;16;1636;10;U3053Z2;Praha,Nádraží Uhříněves;50.03052;14.59665
20260605_120844_L364;20260605_120844;05.06.2026;11:58:00;364;2;4518;10;U336Z3;Doubek;50.03248;14.59745
20260605_120844_L383;20260605_120844;05.06.2026;11:56:00;383;32;9109;11;U1886Z1;Chocerady;49.99089;14.69524
20260605_120844_L389;20260605_120844;05.06.2026;11:58:00;389;12;7761;10;U9227Z2;Chomutov,žel.st.;50.26153;14.01907
20260605_120844_L401;20260605_120844;05.06.2026;11:53:00;401;61;7774;12;U2139Z1;Praha,Roztyly;49.82732;14.68593
20260605_120844_L405;20260605_120844;05.06.2026;11:54:00;405;63;1420;12;U32426Z1;Špindlerův Mlýn,aut.st.;50.72491;15.60146
20260605_120844_L415;20260605_120844;05.06.2026;11:55:00;415;68;8403;11;U32230Z2;Praha,Zličín;50.19777;13.6015
20260605_120844_L535;20260605_120844;05.06.2026;11:02:00;535;28;7617;64;U6018Z1;Kolín,nádraží;50.0243;15.21349
20260605_120844_L548;20260605_120844;05.06.2026;11:29:00;548;13;9546;38;U9780Z2;Hořovice,nemocnice;49.84029;13.91272
20260605_120844_L589;20260605_120844;05.06.2026;11:55:00;589;13;7751;10;U4858Z1;Louny,ČSAD;50.35561;13.77896
20260605_120844_L590;20260605_120844;05.06.2026;11:58:00;590;24;7745;10;U2898Z1;Nové Strašecí,Palackého;50.16244;13.98793
20260605_120844_L652;20260605_120844;05.06.2026;11:07:00;652;13;1646;60;U1978Z2;Kostelec n.Č.l.,Nám.;49.99277;14.86389
20260605_120844_L725;20260605_120844;05.06.2026;11:34:00;725;67;9760;32;U31718Z1;Markvartice,pošta;50.43098;15.19269
20260605_120844_L740;20260605_120844;05.06.2026;10:42:00;740;21;7621;86;U7320Z11;Čáslav,žel.st.;49.91188;15.39684
20260605_121245_L383;20260605_121245;05.06.2026;12:01:00;383;32;9109;11;U2007Z1;Chocerady;49.99001;14.72737
20260605_121245_L590;20260605_121245;05.06.2026;11:58:00;590;24;7745;11;U2898Z1;Nové Strašecí,Palackého;50.17002;13.95833
20260605_121245_L725;20260605_121245;05.06.2026;11:34:00;725;67;9760;36;U31718Z1;Markvartice,pošta;50.43098;15.19269
20260605_121245_L740;20260605_121245;05.06.2026;10:42:00;740;21;7621;89;U7320Z11;Čáslav,žel.st.;49.91403;15.39549
20260605_121245_L548;20260605_121245;05.06.2026;11:29:00;548;13;9546;40;U9780Z2;Hořovice,nemocnice;49.83907;13.90899
20260605_121245_L425;20260605_121245;05.06.2026;12:00:00;425;49;1649;10;U2588Z2;Praha,Černý Most;50.17875;15.2981
20260605_121245_L641;20260605_121245;05.06.2026;12:02:00;641;16;9447;10;U9780Z2;Hořovice,nemocnice;49.84083;13.91421
20260605_121245_L589;20260605_121245;05.06.2026;11:55:00;589;13;7751;16;U4858Z1;Louny,ČSAD;50.35564;13.77898
20260605_121245_L415;20260605_121245;05.06.2026;12:01:00;415;68;8403;12;U6322Z2;Praha,Zličín;50.19148;13.63051
20260605_121245_L389;20260605_121245;05.06.2026;12:00:00;389;12;7761;10;U9229Z2;Chomutov,žel.st.;50.26987;13.99487
20260605_121245_L398;20260605_121245;05.06.2026;12:03:00;398;24;8268;10;U1432Z2;Praha,Černý Most;50.13817;14.90449
20260605_121245_L194;20260605_121245;05.06.2026;12:02:00;194;3;1910;10;U3249Z1P;Nemocnice pod Petřínem;50.08897;14.40487
20260605_121245_L364;20260605_121245;05.06.2026;12:00:00;364;2;4518;11;U808Z1;Doubek;50.02977;14.61237
20260605_121245_L136;20260605_121245;05.06.2026;12:03:00;136;7;6960;10;U183Z3P;Jižní Město;50.05665;14.47128
20260605_121245_L136;20260605_121245;05.06.2026;12:00:00;136;6;6762;12;U181Z1P;Jižní Město;50.0395;14.49057
20260605_121245_L136;20260605_121245;05.06.2026;12:00:00;136;8;5543;12;U118Z4P;Jižní Město;50.07812;14.46087
20260605_121245_L325;20260605_121245;05.06.2026;11:57:00;325;16;1636;13;U3053Z2;Praha,Nádraží Uhříněves;50.03129;14.59813
20260605_121245_L652;20260605_121245;05.06.2026;11:07:00;652;13;1646;64;U1978Z2;Kostelec n.Č.l.,Nám.;49.99277;14.86396
20260605_121245_L535;20260605_121245;05.06.2026;11:02:00;535;28;7617;68;U6018Z1;Kolín,nádraží;50.0243;15.21349
20260605_121645_L136;20260605_121645;05.06.2026;12:07:00;136;7;6960;10;U322Z3P;Jižní Město;50.04602;14.48398
20260605_121645_L126;20260605_121645;05.06.2026;12:04:00;126;3;3859;10;U3053Z2P;Nádraží Uhříněves;50.03048;14.59656
20260605_121645_L589;20260605_121645;05.06.2026;11:55:00;589;13;7751;18;U4858Z1;Louny,ČSAD;50.35563;13.77897
20260605_121645_L364;20260605_121645;05.06.2026;12:02:00;364;2;4518;12;U2137Z1;Doubek;50.02737;14.61665
20260605_121645_L136;20260605_121645;05.06.2026;12:04:00;136;6;6762;12;U106Z2P;Jižní Město;50.02749;14.50776
20260605_121645_L136;20260605_121645;05.06.2026;12:04:00;136;8;5543;12;U855Z1P;Jižní Město;50.07446;14.46386
20260605_121645_L535;20260605_121645;05.06.2026;11:02:00;535;28;7617;72;U6018Z1;Kolín,nádraží;50.0243;15.21349
20260605_121645_L725;20260605_121645;05.06.2026;11:34:00;725;67;9760;39;U31718Z1;Markvartice,pošta;50.43098;15.19269
20260605_121645_L181;20260605_121645;05.06.2026;12:05:00;181;3;5064;11;U160Z1P;Opatov;50.04865;14.52806
20260605_121645_L194;20260605_121645;05.06.2026;12:06:00;194;3;1910;10;U2952Z1P;Nemocnice pod Petřínem;50.08736;14.39787
20260605_121645_L345;20260605_121645;05.06.2026;12:02:00;345;15;8671;10;U32718Z1;Liberec,aut.nádr.;50.68728;15.10641
20260605_121645_L350;20260605_121645;05.06.2026;12:06:00;350;55;8857;10;U2096Z1;Kladno,OAZA;50.161;14.39189
20260605_121645_L650;20260605_121645;05.06.2026;12:06:00;650;24;12557;10;U32106Z1;Kladno,autobusové nádraží;50.50654;14.14111
20260605_121645_L652;20260605_121645;05.06.2026;11:07:00;652;13;1646;68;U1978Z2;Kostelec n.Č.l.,Nám.;49.99364;14.86342
20260605_121645_L641;20260605_121645;05.06.2026;12:05:00;641;10;9584;10;U9855Z55;Hořovice,nemocnice;49.86719;13.93103
20260605_121645_L590;20260605_121645;05.06.2026;12:05:00;590;24;7745;11;U9289Z1;Nové Strašecí,Palackého;50.15125;13.95719
20260605_121645_L401;20260605_121645;05.06.2026;12:04:00;401;59;7773;12;U6438Z5;Jindřichův Hradec,aut.nádr.;49.57311;14.65963
20260605_121645_L381;20260605_121645;05.06.2026;12:05:00;381;2;9372;11;U967Z1;Čáslav,obchodní centrum;50.03535;14.56493
20260605_121645_L383;20260605_121645;05.06.2026;12:05:00;383;32;9109;11;U2035Z1;Chocerady;49.9807;14.72976
20260605_122046_L126;20260605_122046;05.06.2026;12:07:00;126;3;3859;14;U542Z2P;Nádraží Uhříněves;50.03466;14.59448
20260605_122046_L136;20260605_122046;05.06.2026;12:07:00;136;6;6762;13;U916Z1P;Jižní Město;50.0253;14.51588
20260605_122046_L136;20260605_122046;05.06.2026;12:09:00;136;8;5543;11;U680Z3P;Jižní Město;50.06835;14.46931
20260605_122046_L181;20260605_122046;05.06.2026;12:08:00;181;3;5064;11;U219Z1P;Opatov;50.04021;14.51083
20260605_122046_L350;20260605_122046;05.06.2026;12:08:00;350;55;8857;12;U2098Z1;Kladno,OAZA;50.16142;14.3824
20260605_122046_L364;20260605_122046;05.06.2026;12:08:00;364;2;4518;11;U1875Z1;Doubek;50.00151;14.66301
20260605_122046_L381;20260605_122046;05.06.2026;12:05:00;381;2;9372;12;U967Z1;Čáslav,obchodní centrum;50.03747;14.58662
20260605_122046_L383;20260605_122046;05.06.2026;12:08:00;383;32;9109;11;U2036Z1;Chocerady;49.96747;14.74153
20260605_122046_L389;20260605_122046;05.06.2026;12:09:00;389;12;7761;10;U9233Z2;Chomutov,žel.st.;50.28111;13.95649
20260605_122046_L398;20260605_122046;05.06.2026;12:10:00;398;24;8268;10;U2443Z2;Praha,Černý Most;50.14501;14.82019
20260605_122046_L401;20260605_122046;05.06.2026;12:04:00;401;59;7773;15;U6438Z5;Jindřichův Hradec,aut.nádr.;49.55801;14.66378
20260605_122046_L467;20260605_122046;05.06.2026;12:08:00;467;5;8116;12;U1795Z2;Mělník,aut.nádr.;50.35837;14.4731
20260605_122046_L535;20260605_122046;05.06.2026;11:02:00;535;28;7617;76;U6018Z1;Kolín,nádraží;50.0243;15.21349
20260605_122046_L561;20260605_122046;05.06.2026;12:09:00;561;61;8335;10;U9541Z1;Oráčov;50.08127;13.63104
20260605_122046_L589;20260605_122046;05.06.2026;11:55:00;589;13;7751;22;U4858Z1;Louny,ČSAD;50.35559;13.77891
20260605_122046_L590;20260605_122046;05.06.2026;12:09:00;590;24;7745;10;U9293Z1;Nové Strašecí,Palackého;50.14222;13.97092
20260605_122046_L641;20260605_122046;05.06.2026;12:07:00;641;17;9449;12;U9856Z1;Beroun,autobusové nádraží;49.8781;13.95256
20260605_122046_L641;20260605_122046;05.06.2026;12:10:00;641;10;9584;10;U9857Z2;Hořovice,nemocnice;49.8553;13.92222
20260605_122046_L652;20260605_122046;05.06.2026;11:07:00;652;13;1646;71;U1978Z2;Kostelec n.Č.l.,Nám.;49.99369;14.86375
20260605_122046_L725;20260605_122046;05.06.2026;11:34:00;725;67;9760;44;U31718Z1;Markvartice,pošta;50.43098;15.19269
20260605_122446_L136;20260605_122446;05.06.2026;12:11:00;136;6;6762;14;U151Z1P;Jižní Město;50.03149;14.53368
20260605_122446_L136;20260605_122446;05.06.2026;12:14:00;136;8;5543;11;U751Z2P;Jižní Město;50.05306;14.47423
20260605_122446_L345;20260605_122446;05.06.2026;12:13:00;345;15;8671;10;U31063Z1;Liberec,aut.nádr.;50.74086;15.05632
20260605_122446_L350;20260605_122446;05.06.2026;12:09:00;350;55;8857;12;U2099Z1;Kladno,OAZA;50.15842;14.33472
20260605_122446_L364;20260605_122446;05.06.2026;12:13:00;364;2;4518;11;U1813Z1;Doubek;50.01275;14.67455
20260605_122446_L381;20260605_122446;05.06.2026;12:05:00;381;2;9372;16;U967Z1;Čáslav,obchodní centrum;50.03846;14.58965
20260605_122446_L383;20260605_122446;05.06.2026;12:13:00;383;32;9109;11;U2039Z1;Chocerady;49.95287;14.75327
20260605_122446_L398;20260605_122446;05.06.2026;12:13:00;398;24;8268;11;U1278Z2;Praha,Černý Most;50.14284;14.78665
20260605_122446_L467;20260605_122446;05.06.2026;12:10:00;467;5;8116;14;U1794Z2;Mělník,aut.nádr.;50.3528;14.48317
20260605_122446_L535;20260605_122446;05.06.2026;11:02:00;535;28;7617;80;U6018Z1;Kolín,nádraží;50.0243;15.21349
20260605_122446_L589;20260605_122446;05.06.2026;11:55:00;589;13;7751;28;U4858Z1;Louny,ČSAD;50.3556;13.77893
20260605_122446_L590;20260605_122446;05.06.2026;12:15:00;590;24;7745;10;U9306Z2;Nové Strašecí,Palackého;50.13466;13.94939
20260605_122446_L641;20260605_122446;05.06.2026;12:09:00;641;17;9449;12;U9855Z55;Beroun,autobusové nádraží;49.8806;13.95417
20260605_122446_L641;20260605_122446;05.06.2026;12:14:00;641;10;9584;10;U9779Z3;Hořovice,nemocnice;49.83828;13.89901
20260605_122446_L652;20260605_122446;05.06.2026;11:07:00;652;13;1646;75;U1978Z2;Kostelec n.Č.l.,Nám.;49.99371;14.86364
20260605_122446_L662;20260605_122446;05.06.2026;12:12:00;662;22;8612;10;U1278Z2;Čelákovice,Toušeňská;50.14439;14.79044
20260605_122846_L136;20260605_122846;05.06.2026;12:18:00;136;8;5543;11;U417Z1P;Jižní Město;50.04355;14.48723
20260605_122846_L136;20260605_122846;05.06.2026;12:18:00;136;10;5080;10;U516Z3P;Jižní Město;50.08212;14.45945
20260605_122846_L226;20260605_122846;05.06.2026;12:18:00;226;1;1590;10;U525Z2P;Lipany;50.00554;14.62445
20260605_122846_L345;20260605_122846;05.06.2026;12:16:00;345;15;8671;11;U31065Z1;Liberec,aut.nádr.;50.75149;15.0567
20260605_122846_L350;20260605_122846;05.06.2026;12:16:00;350;55;8857;11;U5355Z1;Kladno,OAZA;50.16115;14.31387
20260605_122846_L364;20260605_122846;05.06.2026;12:15:00;364;2;4518;11;U1814Z1;Doubek;50.01837;14.69161
20260605_122846_L369;20260605_122846;05.06.2026;12:18:00;369;36;8282;10;U651Z6;Praha,Ládví;50.13272;14.47854
20260605_122846_L381;20260605_122846;05.06.2026;12:05:00;381;2;9372;18;U967Z1;Čáslav,obchodní centrum;50.03529;14.59352
20260605_122846_L383;20260605_122846;05.06.2026;12:17:00;383;32;9109;11;U2041Z3;Chocerady;49.92932;14.76189
20260605_122846_L398;20260605_122846;05.06.2026;12:18:00;398;24;8268;10;U1559Z2;Praha,Černý Most;50.13244;14.73775
20260605_122846_L467;20260605_122846;05.06.2026;12:15:00;467;15;8116;13;U1793Z4;Mladá Boleslav,aut.st.;50.35058;14.48914
20260605_122846_L535;20260605_122846;05.06.2026;11:02:00;535;28;7617;84;U6018Z1;Kolín,nádraží;50.0243;15.21349
20260605_122846_L561;20260605_122846;05.06.2026;12:18:00;561;61;8335;10;U6885Z1;Oráčov;50.05782;13.61847
20260605_122846_L589;20260605_122846;05.06.2026;11:55:00;589;13;7751;31;U4858Z1;Louny,ČSAD;50.3556;13.77894
20260605_122846_L590;20260605_122846;05.06.2026;12:17:00;590;24;7745;10;U9309Z2;Nové Strašecí,Palackého;50.1389;13.92702
20260605_122846_L641;20260605_122846;05.06.2026;12:16:00;641;17;9449;11;U9854Z1;Beroun,autobusové nádraží;49.89755;13.96074
20260605_122846_L641;20260605_122846;05.06.2026;12:18:00;641;10;9584;10;U9618Z6;Hořovice,nemocnice;49.83349;13.90226
20260605_122846_L652;20260605_122846;05.06.2026;11:07:00;652;13;1646;79;U1978Z2;Kostelec n.Č.l.,Nám.;49.9937;14.8637
20260605_122846_L765;20260605_122846;05.06.2026;12:15:00;765;36;1485;12;U1330Z1;Sibřina;49.96402;14.51993
20260605_123247_L126;20260605_123247;05.06.2026;12:19:00;126;4;3839;12;U3053Z2P;Nádraží Uhříněves;50.03073;14.59713
20260605_123247_L136;20260605_123247;05.06.2026;12:22:00;136;8;5543;11;U424Z1P;Jižní Město;50.03304;14.50021
20260605_123247_L136;20260605_123247;05.06.2026;12:20:00;136;10;5080;12;U118Z4P;Jižní Město;50.07774;14.4587
20260605_123247_L136;20260605_123247;05.06.2026;12:23:00;136;11;6888;10;U512Z5P;Jižní Město;50.09009;14.46651
20260605_123247_L177;20260605_123247;05.06.2026;12:22:00;177;3;5062;10;U195Z1P;Chodov;50.04452;14.51233
20260605_123247_L224;20260605_123247;05.06.2026;12:23:00;224;76;9017;10;U1041Z14P;Ve Žlíbku;50.11021;14.62445
20260605_123247_L345;20260605_123247;05.06.2026;12:18:00;345;15;8671;12;U31067Z1;Liberec,aut.nádr.;50.75865;15.05979
20260605_123247_L350;20260605_123247;05.06.2026;12:18:00;350;55;8857;13;U1690Z1;Kladno,OAZA;50.16453;14.30924
20260605_123247_L364;20260605_123247;05.06.2026;12:19:00;364;2;4518;12;U3295Z1;Doubek;50.01005;14.69209
20260605_123247_L383;20260605_123247;05.06.2026;12:20:00;383;32;9109;10;U2042Z1;Chocerady;49.92703;14.76416
20260605_123247_L398;20260605_123247;05.06.2026;12:21:00;398;24;8268;11;U2921Z2;Praha,Černý Most;50.12928;14.7184
20260605_123247_L400;20260605_123247;05.06.2026;12:20:00;400;6;11628;12;U31355Z1;Varnsdorf,aut.nádr.;50.70493;14.54359
20260605_123247_L401;20260605_123247;05.06.2026;12:17:00;401;59;7773;13;U31273Z1;Jindřichův Hradec,aut.nádr.;49.45463;14.65551
20260605_123247_L467;20260605_123247;05.06.2026;12:15:00;467;15;8116;16;U1793Z4;Mladá Boleslav,aut.st.;50.34563;14.49479
20260605_123247_L535;20260605_123247;05.06.2026;11:02:00;535;28;7617;88;U6018Z1;Kolín,nádraží;50.0243;15.21349
20260605_123247_L561;20260605_123247;05.06.2026;12:20:00;561;61;8335;11;U6886Z1;Oráčov;50.0695;13.59148
20260605_123247_L584;20260605_123247;05.06.2026;12:22:00;584;65;8408;10;U6839Z1;Mutějovice,Lhota p.Džbánem;50.10255;13.74772
20260605_123247_L589;20260605_123247;05.06.2026;11:55:00;589;13;7751;36;U4858Z1;Louny,ČSAD;50.3556;13.77905
20260605_123247_L590;20260605_123247;05.06.2026;12:22:00;590;24;7745;10;U9316Z2;Nové Strašecí,Palackého;50.14944;13.90374
20260605_123247_L641;20260605_123247;05.06.2026;12:22:00;641;17;9449;10;U9105Z1;Beroun,autobusové nádraží;49.91191;13.9792
20260605_123247_L652;20260605_123247;05.06.2026;11:07:00;652;13;1646;83;U1978Z2;Kostelec n.Č.l.,Nám.;49.99364;14.86369
20260605_123247_L705;20260605_123247;05.06.2026;12:20:00;705;43;8687;11;U2816Z4;Kutná Hora,Karlov,Na Rovinách;50.02347;15.21206
20260605_123247_L760;20260605_123247;05.06.2026;12:20:00;760;8;8388;10;U31987Z1;Podbořany,aut.nádr.;50.2225;13.40713
20260605_123247_L765;20260605_123247;05.06.2026;12:15:00;765;36;1485;16;U1330Z1;Sibřina;49.96403;14.51993
20260605_123648_L332;20260605_123648;05.06.2026;12:23:00;332;27;9949;12;U1330Z1;Jílové u Prahy,Náměstí;49.96413;14.51977
20260605_123648_L136;20260605_123648;05.06.2026;12:24:00;136;8;5543;11;U106Z2P;Jižní Město;50.02443;14.50876
20260605_123648_L705;20260605_123648;05.06.2026;12:23:00;705;43;8687;12;U5896Z1;Kutná Hora,Karlov,Na Rovinách;50.02457;15.20003
20260605_123648_L136;20260605_123648;05.06.2026;12:24:00;136;10;5080;11;U855Z1P;Jižní Město;50.07412;14.46748
20260605_123648_L364;20260605_123648;05.06.2026;12:25:00;364;2;4518;11;U1817Z1;Doubek;50.00767;14.71422
20260605_123648_L760;20260605_123648;05.06.2026;12:20:00;760;8;8388;14;U31987Z1;Podbořany,aut.nádr.;50.22252;13.40722
20260605_123648_L765;20260605_123648;05.06.2026;12:15:00;765;36;1485;20;U1330Z1;Sibřina;49.96403;14.51993
20260605_123648_L401;20260605_123648;05.06.2026;12:23:00;401;59;7773;13;U31276Z1;Jindřichův Hradec,aut.nádr.;49.42114;14.66021
20260605_123648_L560;20260605_123648;05.06.2026;12:26:00;560;35;8342;10;U6832Z3;Kolešov;50.14366;13.5034
20260605_123648_L561;20260605_123648;05.06.2026;12:23:00;561;61;8335;10;U6887Z1;Oráčov;50.09888;13.59172
20260605_123648_L101;20260605_123648;05.06.2026;12:27:00;101;1;2330;10;U680Z3P;Zentiva;50.06886;14.46896
20260605_123648_L398;20260605_123648;05.06.2026;12:23:00;398;24;8268;12;U2452Z2;Praha,Černý Most;50.12521;14.69072
20260605_123648_L383;20260605_123648;05.06.2026;12:26:00;383;32;9109;10;U2045Z1;Chocerady;49.90645;14.77278
20260605_123648_L226;20260605_123648;05.06.2026;12:25:00;226;1;1590;10;U340Z2P;Háje;50.00538;14.62422
20260605_123648_L315;20260605_123648;05.06.2026;12:23:00;315;7;8668;11;U3393Z2;Praha,Černý Most;50.42736;14.94015
20260605_123648_L345;20260605_123648;05.06.2026;12:22:00;345;15;8671;10;U31069Z12;Liberec,aut.nádr.;50.7604;15.04809
20260605_123648_L350;20260605_123648;05.06.2026;12:24:00;350;55;8857;12;U1673Z1;Kladno,OAZA;50.16269;14.2773
20260605_123648_L400;20260605_123648;05.06.2026;12:24:00;400;6;11628;11;U31357Z1;Varnsdorf,aut.nádr.;50.73761;14.55017
20260605_123648_L400;20260605_123648;05.06.2026;12:23:00;400;25;11696;11;U6060Z1;Nový Bor,aut.nádr.;50.43873;14.4743
20260605_123648_L641;20260605_123648;05.06.2026;12:23:00;641;17;9449;11;U9106Z1;Beroun,autobusové nádraží;49.92717;13.97442
20260605_123648_L415;20260605_123648;05.06.2026;12:23:00;415;68;8403;13;U3143Z1;Praha,Zličín;50.17145;13.75088
20260605_123648_L589;20260605_123648;05.06.2026;11:55:00;589;13;7751;40;U4858Z1;Louny,ČSAD;50.3556;13.77905
20260605_123648_L381;20260605_123648;05.06.2026;12:24:00;381;7;9362;13;U2479Z2;Praha,Háje;49.95022;15.26125
20260605_123648_L229;20260605_123648;05.06.2026;12:26:00;229;3;4519;10;U542Z1P;Královice;50.03379;14.59565
20260605_123648_L535;20260605_123648;05.06.2026;11:02:00;535;28;7617;92;U6018Z1;Kolín,nádraží;50.0243;15.21349
20260605_123648_L652;20260605_123648;05.06.2026;11:07:00;652;13;1646;88;U1978Z2;Kostelec n.Č.l.,Nám.;49.99367;14.86364
20260605_123648_L177;20260605_123648;05.06.2026;12:26:00;177;3;5062;10;U344Z4P;Chodov;50.03194;14.50731
20260605_124048_L228;20260605_124048;05.06.2026;12:28:00;228;12;9013;10;U3053Z2P;Poliklinika Malešice;50.03136;14.59831
20260605_124048_L339;20260605_124048;05.06.2026;12:30:00;339;32;9136;10;U4861Z1;Kamenice,Kult.dům;49.99393;14.48823
20260605_124048_L650;20260605_124048;05.06.2026;12:28:00;650;24;12557;10;U31427Z1;Kladno,autobusové nádraží;50.4071;14.14445
20260605_124048_L136;20260605_124048;05.06.2026;12:27:00;136;8;5543;13;U916Z1P;Jižní Město;50.02527;14.51583
20260605_124048_L300;20260605_124048;05.06.2026;12:29:00;300;2;8955;10;U80Z4;Praha,Nádraží Veleslavín;50.09292;14.31534
20260605_124048_L350;20260605_124048;05.06.2026;12:28:00;350;55;8857;11;U1320Z12;Kladno,OAZA;50.15469;14.27806
20260605_124048_L400;20260605_124048;05.06.2026;12:29:00;400;6;11628;10;U31359Z1;Varnsdorf,aut.nádr.;50.75555;14.55397
20260605_124048_L589;20260605_124048;05.06.2026;11:55:00;589;13;7751;42;U4858Z1;Louny,ČSAD;50.3556;13.77905
20260605_124048_L561;20260605_124048;05.06.2026;12:28:00;561;61;8335;10;U6856Z1;Oráčov;50.10923;13.57414
20260605_124048_L383;20260605_124048;05.06.2026;12:29:00;383;32;9109;10;U2046Z1;Chocerady;49.90333;14.78648
20260605_124048_L398;20260605_124048;05.06.2026;12:28:00;398;24;8268;12;U1743Z2;Praha,Černý Most;50.11929;14.65036
20260605_124048_L381;20260605_124048;05.06.2026;12:27:00;381;7;9362;13;U1476Z2;Praha,Háje;49.94793;15.23567
20260605_124048_L705;20260605_124048;05.06.2026;12:28:00;705;43;8687;11;U9983Z2;Kutná Hora,Karlov,Na Rovinách;50.01622;15.19546
20260605_124048_L474;20260605_124048;05.06.2026;12:28:00;474;43;8087;11;U1793Z9;Dobřeň,Střezivojice;50.34957;14.48863
20260605_124048_L226;20260605_124048;05.06.2026;12:29:00;226;1;1590;11;U277Z2P;Háje;50.01195;14.6249
20260605_124048_L332;20260605_124048;05.06.2026;12:27:00;332;27;9949;13;U2130Z1;Jílové u Prahy,Náměstí;49.94782;14.51848
20260605_124048_L136;20260605_124048;05.06.2026;12:29:00;136;10;5080;11;U680Z3P;Jižní Město;50.06835;14.46924
20260605_124048_L641;20260605_124048;05.06.2026;12:29:00;641;17;9449;10;U9112Z1;Beroun,autobusové nádraží;49.93318;14.00851
20260605_124048_L662;20260605_124048;05.06.2026;12:27:00;662;22;8612;10;U2213Z2;Čelákovice,Toušeňská;50.16193;14.754
20260605_124048_L229;20260605_124048;05.06.2026;12:30:00;229;3;4519;11;U808Z1P;Královice;50.02984;14.60497
20260605_124048_L400;20260605_124048;05.06.2026;12:26:00;400;25;11696;11;U6070Z1;Nový Bor,aut.nádr.;50.46586;14.47335
20260605_124048_L760;20260605_124048;05.06.2026;12:20:00;760;8;8388;18;U31987Z1;Podbořany,aut.nádr.;50.22247;13.40732
20260605_124048_L584;20260605_124048;05.06.2026;12:30:00;584;65;8408;10;U9911Z2;Mutějovice,Lhota p.Džbánem;50.1329;13.7637
20260605_124048_L364;20260605_124048;05.06.2026;12:27:00;364;2;4518;12;U1818Z1;Doubek;50.00951;14.73618
20260605_124048_L136;20260605_124048;05.06.2026;12:30:00;136;11;6888;10;U118Z4P;Jižní Město;50.07774;14.45874
20260605_124048_L652;20260605_124048;05.06.2026;11:07:00;652;13;1646;91;U1978Z2;Kostelec n.Č.l.,Nám.;49.99367;14.86364
20260605_124449_L181;20260605_124449;05.06.2026;12:35:00;181;4;6970;10;U160Z1P;Opatov;50.05063;14.52544
20260605_124449_L760;20260605_124449;05.06.2026;12:20:00;760;8;8388;22;U31987Z1;Podbořany,aut.nádr.;50.22246;13.40743
20260605_124449_L136;20260605_124449;05.06.2026;12:30:00;136;8;5543;14;U286Z5P;Jižní Město;50.0307;14.52992
20260605_124449_L474;20260605_124449;05.06.2026;12:33:00;474;43;8087;10;U3343Z1;Dobřeň,Střezivojice;50.35888;14.48753
20260605_124449_L398;20260605_124449;05.06.2026;12:31:00;398;24;8268;11;U155Z2;Praha,Černý Most;50.11598;14.61622
20260605_124449_L136;20260605_124449;05.06.2026;12:35:00;136;12;6974;10;U2787Z2P;Jižní Město;50.08801;14.45766
20260605_124449_L229;20260605_124449;05.06.2026;12:34:00;229;3;4519;10;U490Z1P;Královice;50.04153;14.61335
20260605_124449_L822;20260605_124449;05.06.2026;12:29:00;822;1;8614;12;U5896Z2;Kolín,nádraží;50.02426;15.21357
20260605_124449_L136;20260605_124449;05.06.2026;12:34:00;136;9;5535;10;U106Z2P;Jižní Město;50.02768;14.50772
20260605_124449_L400;20260605_124449;05.06.2026;12:31:00;400;6;11628;10;U31360Z1;Varnsdorf,aut.nádr.;50.76384;14.54983
20260605_124449_L584;20260605_124449;05.06.2026;12:33:00;584;65;8408;11;U6149Z2;Mutějovice,Lhota p.Džbánem;50.14727;13.74158
20260605_124449_L332;20260605_124449;05.06.2026;12:33:00;332;27;9949;12;U2127Z1;Jílové u Prahy,Náměstí;49.93246;14.50837
20260605_124449_L650;20260605_124449;05.06.2026;12:33:00;650;24;12557;12;U31429Z1;Kladno,autobusové nádraží;50.40447;14.12873
20260605_124449_L381;20260605_124449;05.06.2026;12:30:00;381;7;9362;12;U1475Z2;Praha,Háje;49.95068;15.18631
20260605_124449_L401;20260605_124449;05.06.2026;12:29:00;401;59;7773;15;U4886Z7;Jindřichův Hradec,aut.nádr.;49.41409;14.6749
20260605_124449_L339;20260605_124449;05.06.2026;12:34:00;339;32;9136;10;U1331Z1;Kamenice,Kult.dům;49.97733;14.49981
20260605_124449_L226;20260605_124449;05.06.2026;12:31:00;226;1;1590;11;U838Z2P;Háje;50.02411;14.60982
20260605_124449_L369;20260605_124449;05.06.2026;12:34:00;369;35;8272;10;U1789Z1;Štětí,záv.;50.33156;14.49835
20260605_124449_L400;20260605_124449;05.06.2026;12:32:00;400;25;11696;12;U6077Z1;Nový Bor,aut.nádr.;50.48875;14.48523
20260605_124449_L641;20260605_124449;05.06.2026;12:34:00;641;17;9449;10;U4976Z2;Beroun,autobusové nádraží;49.94344;14.02952
20260605_124449_L656;20260605_124449;05.06.2026;12:35:00;656;50;8039;10;U2331Z1;Hovorčovice,U Kostela;50.21718;14.5081
20260605_124449_L705;20260605_124449;05.06.2026;12:32:00;705;43;8687;11;U6677Z1;Kutná Hora,Karlov,Na Rovinách;49.99659;15.20619
20260605_124449_L589;20260605_124449;05.06.2026;11:55:00;589;13;7751;48;U4858Z1;Louny,ČSAD;50.35559;13.77902
20260605_124449_L177;20260605_124449;05.06.2026;12:34:00;177;3;5062;10;U1116Z2P;Chodov;50.03056;14.48772
20260605_124449_L228;20260605_124449;05.06.2026;12:32:00;228;12;9013;13;U461Z2P;Poliklinika Malešice;50.03374;14.59233
20260605_124449_L300;20260605_124449;05.06.2026;12:31:00;300;2;8955;11;U85Z1;Praha,Nádraží Veleslavín;50.09486;14.34201
20260605_124449_L136;20260605_124449;05.06.2026;12:34:00;136;10;5080;10;U751Z2P;Jižní Město;50.05255;14.47516
20260605_124449_L136;20260605_124449;05.06.2026;12:33:00;136;1;5539;10;U69Z1P;Sídliště Čakovice;50.08989;14.46573
20260605_124449_L652;20260605_124449;05.06.2026;11:07:00;652;13;1646;95;U1978Z2;Kostelec n.Č.l.,Nám.;49.9937;14.86358
20260605_124849_L650;20260605_124849;05.06.2026;12:36:00;650;24;12557;12;U31430Z1;Kladno,autobusové nádraží;50.39759;14.12316
20260605_124849_L126;20260605_124849;05.06.2026;12:37:00;126;5;3960;11;U542Z2P;Nádraží Uhříněves;50.03422;14.59512
20260605_124849_L136;20260605_124849;05.06.2026;12:38:00;136;10;5080;11;U417Z1P;Jižní Město;50.04305;14.4876
20260605_124849_L586;20260605_124849;05.06.2026;12:34:00;586;27;7684;11;U4836Z1;Nové Strašecí,Palackého;50.23403;14.05531
20260605_124849_L228;20260605_124849;05.06.2026;12:35:00;228;12;9013;13;U9691Z2P;Poliklinika Malešice;50.04417;14.58611
20260605_124849_L226;20260605_124849;05.06.2026;12:34:00;226;1;1590;12;U828Z2P;Háje;50.02954;14.60352
20260605_124849_L369;20260605_124849;05.06.2026;12:38:00;369;35;8272;10;U1792Z2;Štětí,záv.;50.34365;14.48759
20260605_124849_L589;20260605_124849;05.06.2026;11:55:00;589;13;7751;50;U4858Z1;Louny,ČSAD;50.35559;13.77902
20260605_124849_L584;20260605_124849;05.06.2026;12:38:00;584;65;8408;10;U3143Z2;Mutějovice,Lhota p.Džbánem;50.17189;13.74052
20260605_124849_L760;20260605_124849;05.06.2026;12:20:00;760;8;8388;26;U31987Z1;Podbořany,aut.nádr.;50.22246;13.40736
20260605_124849_L382;20260605_124849;05.06.2026;12:35:00;382;5;9953;11;U967Z1;Sázava,aut.st.;50.03624;14.58146
20260605_124849_L300;20260605_124849;05.06.2026;12:38:00;300;7;8973;10;U4325Z1;Smečno;50.14208;14.08624
20260605_124849_L400;20260605_124849;05.06.2026;12:36:00;400;25;11696;11;U31056Z1;Nový Bor,aut.nádr.;50.51138;14.49354
20260605_124849_L136;20260605_124849;05.06.2026;12:37:00;136;9;5535;12;U916Z1P;Jižní Město;50.02514;14.51474
20260605_124849_L681;20260605_124849;05.06.2026;12:35:00;681;59;1635;13;U2156Z2;Uhlířské Janovice,nám.;49.95242;15.16655
20260605_124849_L822;20260605_124849;05.06.2026;12:29:00;822;1;8614;16;U5896Z2;Kolín,nádraží;50.02427;15.21358
20260605_124849_L705;20260605_124849;05.06.2026;12:35:00;705;43;8687;11;U9413Z1;Kutná Hora,Karlov,Na Rovinách;49.98394;15.19756
20260605_124849_L398;20260605_124849;05.06.2026;12:37:00;398;24;8268;11;U188Z2;Praha,Černý Most;50.11145;14.59102
20260605_124849_L401;20260605_124849;05.06.2026;12:29:00;401;59;7773;17;U4886Z7;Jindřichův Hradec,aut.nádr.;49.41146;14.67735
20260605_124849_L375;20260605_124849;05.06.2026;12:37:00;375;2;8246;11;U526Z2;Praha,Českomoravská;50.12861;14.54224
20260605_124849_L384;20260605_124849;05.06.2026;12:37:00;384;17;9866;10;U4979Z2;Hořovice,nám.B.Němcové;49.93117;14.01651
20260605_124849_L641;20260605_124849;05.06.2026;12:38:00;641;17;9449;10;U4965Z2;Beroun,autobusové nádraží;49.95267;14.04848
20260605_124849_L229;20260605_124849;05.06.2026;12:37:00;229;3;4519;11;U131Z1P;Královice;50.05049;14.62821
20260605_124849_L306;20260605_124849;05.06.2026;12:38:00;306;5;8808;10;U2118Z2;Praha,Zličín;50.09443;14.21092
20260605_124849_L339;20260605_124849;05.06.2026;12:38:00;339;32;9136;10;U1330Z1;Kamenice,Kult.dům;49.96739;14.51527
20260605_124849_L181;20260605_124849;05.06.2026;12:38:00;181;4;6970;11;U219Z1P;Opatov;50.04315;14.51593
20260605_124849_L136;20260605_124849;05.06.2026;12:38:00;136;12;6974;11;U516Z3P;Jižní Město;50.0825;14.45909
20260605_124849_L227;20260605_124849;05.06.2026;12:37:00;227;2;1588;11;U336Z3P;Nedvězí;50.03173;14.5985
20260605_124849_L381;20260605_124849;05.06.2026;12:35:00;381;7;9362;13;U2156Z2;Praha,Háje;49.95269;15.16673
20260605_124849_L224;20260605_124849;05.06.2026;12:38:00;224;76;9017;10;U1041Z2P;Dolnopočernický hřbitov;50.11086;14.62433
20260605_124849_L136;20260605_124849;05.06.2026;12:33:00;136;1;5539;13;U69Z1P;Sídliště Čakovice;50.09018;14.46705
20260605_124849_L652;20260605_124849;05.06.2026;11:07:00;652;13;1646;99;U1978Z2;Kostelec n.Č.l.,Nám.;49.99371;14.86361
20260605_125250_L641;20260605_125250;05.06.2026;12:41:00;641;17;9449;11;U4971Z2;Beroun,autobusové nádraží;49.95973;14.06366
20260605_125250_L474;20260605_125250;05.06.2026;12:42:00;474;43;8087;10;U3350Z1;Dobřeň,Střezivojice;50.36896;14.50976
20260605_125250_L381;20260605_125250;05.06.2026;12:41:00;381;7;9362;11;U2180Z2;Praha,Háje;49.95635;15.11436
20260605_125250_L584;20260605_125250;05.06.2026;12:40:00;584;65;8408;11;U3361Z2;Mutějovice,Lhota p.Džbánem;50.17305;13.74023
20260605_125250_L227;20260605_125250;05.06.2026;12:39:00;227;2;1588;12;U808Z1P;Nedvězí;50.02948;14.60778
20260605_125250_L228;20260605_125250;05.06.2026;12:40:00;228;12;9013;13;U1115Z1P;Poliklinika Malešice;50.06089;14.58842
20260605_125250_L332;20260605_125250;05.06.2026;12:40:00;332;27;9949;12;U5931Z1;Jílové u Prahy,Náměstí;49.90201;14.49488
20260605_125250_L335;20260605_125250;05.06.2026;12:42:00;335;6;9131;10;U1331Z1;Kamenice,Kult.dům;49.97555;14.50107
20260605_125250_L656;20260605_125250;05.06.2026;12:42:00;656;50;8039;10;U974Z2;Hovorčovice,U Kostela;50.1967;14.5152
20260605_125250_L181;20260605_125250;05.06.2026;12:41:00;181;4;6970;12;U344Z4P;Opatov;50.03198;14.50735
20260605_125250_L400;20260605_125250;05.06.2026;12:41:00;400;25;11696;11;U31047Z1;Nový Bor,aut.nádr.;50.52377;14.51851
20260605_125250_L681;20260605_125250;05.06.2026;12:40:00;681;59;1635;12;U9941Z2;Uhlířské Janovice,nám.;49.93921;15.14405
20260605_125250_L491;20260605_125250;05.06.2026;12:42:00;491;10;8686;10;U9608Z1;Mukařov;50.01887;14.78729
20260605_125250_L136;20260605_125250;05.06.2026;12:40:00;136;13;5511;10;U1074Z4P;Jižní Město;50.09154;14.46862
20260605_125250_L571;20260605_125250;05.06.2026;12:42:00;571;52;8337;10;U6870Z1;Čistá,Kůzová;50.04184;13.5339
20260605_125250_L586;20260605_125250;05.06.2026;12:34:00;586;27;7684;17;U4836Z1;Nové Strašecí,Palackého;50.23375;14.05248
20260605_125250_L136;20260605_125250;05.06.2026;12:40:00;136;10;5080;12;U181Z1P;Jižní Město;50.03945;14.49053
20260605_125250_L375;20260605_125250;05.06.2026;12:40:00;375;2;8246;10;U803Z2;Praha,Českomoravská;50.12432;14.51654
20260605_125250_L589;20260605_125250;05.06.2026;11:55:00;589;13;7751;56;U4858Z1;Louny,ČSAD;50.35565;13.77904
20260605_125250_L369;20260605_125250;05.06.2026;12:41:00;369;35;8272;11;U3336Z1;Štětí,záv.;50.35071;14.47881
20260605_125250_L136;20260605_125250;05.06.2026;12:41:00;136;9;5535;12;U151Z1P;Jižní Město;50.03152;14.53377
20260605_125250_L226;20260605_125250;05.06.2026;12:38:00;226;1;1590;15;U336Z2P;Háje;50.03236;14.59775
20260605_125250_L300;20260605_125250;05.06.2026;12:42:00;300;7;8973;10;U3095Z1;Smečno;50.14091;14.06966
20260605_125250_L339;20260605_125250;05.06.2026;12:38:00;339;32;9136;14;U1330Z1;Kamenice,Kult.dům;49.96403;14.52
20260605_125250_L382;20260605_125250;05.06.2026;12:37:00;382;5;9953;15;U402Z1;Sázava,aut.st.;50.03754;14.58499
20260605_125250_L760;20260605_125250;05.06.2026;12:20:00;760;8;8388;30;U31987Z1;Podbořany,aut.nádr.;50.22249;13.40729
20260605_125250_L705;20260605_125250;05.06.2026;12:41:00;705;43;8687;11;U6673Z2;Kutná Hora,Karlov,Na Rovinách;49.97991;15.21501
20260605_125250_L822;20260605_125250;05.06.2026;12:29:00;822;1;8614;20;U5896Z2;Kolín,nádraží;50.02427;15.21358
20260605_125250_L136;20260605_125250;05.06.2026;12:40:00;136;12;6974;12;U118Z4P;Jižní Město;50.07878;14.46061
20260605_125250_L133;20260605_125250;05.06.2026;12:43:00;133;3;4157;10;U16Z1P;Sídliště Malešice;50.08723;14.47102
20260605_125250_L224;20260605_125250;05.06.2026;12:38:00;224;76;9017;15;U1041Z2P;Dolnopočernický hřbitov;50.11124;14.62483
20260605_125250_L136;20260605_125250;05.06.2026;12:39:00;136;1;5539;13;U763Z1P;Sídliště Čakovice;50.09822;14.48154
20260605_125250_L652;20260605_125250;05.06.2026;11:07:00;652;13;1646;103;U1978Z2;Kostelec n.Č.l.,Nám.;49.99371;14.86362
20260605_125650_L136;20260605_125650;05.06.2026;12:46:00;136;13;5511;10;U743Z2P;Jižní Město;50.08605;14.45555
20260605_125650_L375;20260605_125650;05.06.2026;12:45:00;375;2;8246;12;U606Z2;Praha,Českomoravská;50.12342;14.50827
20260605_125650_L641;20260605_125650;05.06.2026;12:43:00;641;17;9449;12;U4964Z2;Beroun,autobusové nádraží;49.96313;14.07029
20260605_125650_L491;20260605_125650;05.06.2026;12:45:00;491;10;8686;11;U2071Z2;Mukařov;50.0034;14.77044
20260605_125650_L650;20260605_125650;05.06.2026;12:44:00;650;24;12557;12;U31431Z1;Kladno,autobusové nádraží;50.36378;14.1329
20260605_125650_L584;20260605_125650;05.06.2026;12:44:00;584;65;8408;12;U3362Z2;Mutějovice,Lhota p.Džbánem;50.19139;13.74081
20260605_125650_L381;20260605_125650;05.06.2026;12:45:00;381;7;9362;11;U2155Z2;Praha,Háje;49.95698;15.07215
20260605_125650_L384;20260605_125650;05.06.2026;12:45:00;384;17;9866;12;U9105Z2;Hořovice,nám.B.Němcové;49.91179;13.9784
20260605_125650_L467;20260605_125650;05.06.2026;12:46:00;467;57;8054;10;U9876Z2;Mladá Boleslav,aut.st.;50.42512;14.23798
20260605_125650_L474;20260605_125650;05.06.2026;12:43:00;474;43;8087;10;U3349Z2;Dobřeň,Střezivojice;50.39342;14.52403
20260605_125650_L681;20260605_125650;05.06.2026;12:42:00;681;59;1635;11;U9942Z2;Uhlířské Janovice,nám.;49.94052;15.13365
20260605_125650_L589;20260605_125650;05.06.2026;11:55:00;589;13;7751;60;U4858Z1;Louny,ČSAD;50.35561;13.77899
20260605_125650_L369;20260605_125650;05.06.2026;12:45:00;369;35;8272;11;U1793Z3;Štětí,záv.;50.35045;14.48893
20260605_125650_L226;20260605_125650;05.06.2026;12:42:00;226;1;1590;14;U402Z2P;Háje;50.03684;14.5825
20260605_125650_L227;20260605_125650;05.06.2026;12:44:00;227;2;1588;12;U838Z1P;Nedvězí;50.0143;14.62296
20260605_125650_L300;20260605_125650;05.06.2026;12:46:00;300;7;8973;10;U4791Z1;Smečno;50.15914;14.04773
20260605_125650_L335;20260605_125650;05.06.2026;12:46:00;335;6;9131;10;U1330Z1;Kamenice,Kult.dům;49.96615;14.51707
20260605_125650_L339;20260605_125650;05.06.2026;12:43:00;339;32;9136;14;U1532Z1;Kamenice,Kult.dům;49.94527;14.54394
20260605_125650_L656;20260605_125650;05.06.2026;12:45:00;656;50;8039;11;U1309Z1;Hovorčovice,U Kostela;50.19543;14.49903
20260605_125650_L586;20260605_125650;05.06.2026;12:34:00;586;27;7684;21;U4836Z1;Nové Strašecí,Palackého;50.23374;14.0525
20260605_125650_L705;20260605_125650;05.06.2026;12:46:00;705;43;8687;10;U6682Z1;Kutná Hora,Karlov,Na Rovinách;49.97293;15.23582
20260605_125650_L467;20260605_125650;05.06.2026;12:46:00;467;53;9824;10;U4441Z1;Roudnice n.L.,ČSAD;50.37196;14.39816
20260605_125650_L125;20260605_125650;05.06.2026;12:47:00;125;2;6979;10;U978Z2P;Skalka;50.04016;14.55767
20260605_125650_L136;20260605_125650;05.06.2026;12:44:00;136;10;5080;12;U106Z2P;Jižní Město;50.0275;14.50775
20260605_125650_L822;20260605_125650;05.06.2026;12:29:00;822;1;8614;24;U5896Z2;Kolín,nádraží;50.02427;15.21363
20260605_125650_L136;20260605_125650;05.06.2026;12:44:00;136;12;6974;13;U855Z1P;Jižní Město;50.07445;14.46395
20260605_125650_L228;20260605_125650;05.06.2026;12:44:00;228;11;9044;11;U9690Z1P;Benice;50.03414;14.59176
20260605_125650_L133;20260605_125650;05.06.2026;12:46:00;133;3;4157;10;U767Z1P;Sídliště Malešice;50.08374;14.48197
20260605_125650_L136;20260605_125650;05.06.2026;12:44:00;136;1;5539;12;U225Z2P;Sídliště Čakovice;50.09951;14.49708
20260605_125650_L652;20260605_125650;05.06.2026;11:07:00;652;13;1646;108;U1978Z2;Kostelec n.Č.l.,Nám.;49.9937;14.86362
20260605_130051_L705;20260605_130051;05.06.2026;12:46:00;705;43;8687;11;U6682Z1;Kutná Hora,Karlov,Na Rovinách;49.95789;15.25848
20260605_130051_L656;20260605_130051;05.06.2026;12:48:00;656;50;8039;12;U1312Z2;Hovorčovice,U Kostela;50.19087;14.49683
20260605_130051_L400;20260605_130051;05.06.2026;12:48:00;400;25;11696;11;U31046Z4;Nový Bor,aut.nádr.;50.55599;14.54241
20260605_130051_L641;20260605_130051;05.06.2026;12:46:00;641;17;9449;13;U1746Z1;Beroun,autobusové nádraží;49.95604;14.06535
20260605_130051_L491;20260605_130051;05.06.2026;12:49:00;491;10;8686;11;U1908Z1;Mukařov;49.99198;14.74382
20260605_130051_L467;20260605_130051;05.06.2026;12:50:00;467;57;8054;10;U4716Z1;Mladá Boleslav,aut.st.;50.42265;14.25426
20260605_130051_L381;20260605_130051;05.06.2026;12:49:00;381;7;9362;11;U2153Z2;Praha,Háje;49.95221;15.03669
20260605_130051_L384;20260605_130051;05.06.2026;12:48:00;384;17;9866;12;U1229Z2;Hořovice,nám.B.Němcové;49.89814;13.95773
20260605_130051_L365;20260605_130051;05.06.2026;12:50:00;365;13;8769;10;U31Z7;Stochov,nám.;50.07552;14.3241
20260605_130051_L227;20260605_130051;05.06.2026;12:49:00;227;2;1588;11;U445Z1P;Nedvězí;50.01268;14.6316
20260605_130051_L228;20260605_130051;05.06.2026;12:48:00;228;12;9013;13;U794Z2P;Poliklinika Malešice;50.07191;14.55067
20260605_130051_L300;20260605_130051;05.06.2026;12:49:00;300;7;8973;10;U4145Z1;Smečno;50.17068;14.06148
20260605_130051_L306;20260605_130051;05.06.2026;12:49:00;306;5;8808;12;U1147Z1;Praha,Zličín;50.08082;14.24851
20260605_130051_L335;20260605_130051;05.06.2026;12:46:00;335;6;9131;14;U1330Z1;Kamenice,Kult.dům;49.96408;14.51992
20260605_130051_L339;20260605_130051;05.06.2026;12:47:00;339;32;9136;13;U1535Z1;Kamenice,Kult.dům;49.92527;14.57127
20260605_130051_L226;20260605_130051;05.06.2026;12:46:00;226;1;1590;14;U338Z2P;Háje;50.03264;14.55723
20260605_130051_L369;20260605_130051;05.06.2026;12:47:00;369;35;8272;12;U1794Z1;Štětí,záv.;50.35629;14.47788
20260605_130051_L136;20260605_130051;05.06.2026;12:50:00;136;13;5511;10;U118Z4P;Jižní Město;50.07809;14.46081
20260605_130051_L228;20260605_130051;05.06.2026;12:48:00;228;11;9044;12;U336Z3P;Benice;50.0311;14.59767
20260605_130051_L175;20260605_130051;05.06.2026;12:51:00;175;10;3837;10;U3018Z2P;Florenc;50.08916;14.44345
20260605_130051_L136;20260605_130051;05.06.2026;12:49:00;136;12;6974;12;U680Z3P;Jižní Město;50.06888;14.46902
20260605_130051_L375;20260605_130051;05.06.2026;12:47:00;375;2;8246;13;U603Z2;Praha,Českomoravská;50.11858;14.49934
20260605_130051_L224;20260605_130051;05.06.2026;12:46:00;224;76;9017;15;U986Z4P;Dolnopočernický hřbitov;50.10403;14.60917
20260605_130051_L126;20260605_130051;05.06.2026;12:49:00;126;6;4108;10;U3053Z2P;Nádraží Uhříněves;50.03081;14.59718
20260605_130051_L467;20260605_130051;05.06.2026;12:47:00;467;53;9824;10;U4728Z1;Roudnice n.L.,ČSAD;50.38634;14.34036
20260605_130051_L389;20260605_130051;05.06.2026;12:48:00;389;14;7763;11;U4836Z1;Hořešovice;50.23532;14.06631
20260605_130051_L474;20260605_130051;05.06.2026;12:48:00;474;43;8087;10;U9196Z1;Dobřeň,Střezivojice;50.41043;14.53162
20260605_130051_L822;20260605_130051;05.06.2026;12:29:00;822;1;8614;28;U5896Z2;Kolín,nádraží;50.02426;15.21363
20260605_130051_L136;20260605_130051;05.06.2026;12:44:00;136;10;5080;15;U106Z2P;Jižní Město;50.02439;14.50877
20260605_130051_L650;20260605_130051;05.06.2026;12:46:00;650;24;12557;12;U31432Z1;Kladno,autobusové nádraží;50.34254;14.14671
20260605_130051_L805;20260605_130051;05.06.2026;12:51:00;805;15;7628;10;U6688Z2;Kolín,nádraží;49.97667;15.27258
20260605_130051_L584;20260605_130051;05.06.2026;12:50:00;584;65;8408;11;U3373Z1;Mutějovice,Lhota p.Džbánem;50.19375;13.70593
20260605_130051_L133;20260605_130051;05.06.2026;12:49:00;133;3;4157;11;U161Z1P;Sídliště Malešice;50.0814;14.49693
20260605_130051_L136;20260605_130051;05.06.2026;12:48:00;136;1;5539;12;U474Z5P;Sídliště Čakovice;50.11098;14.50253
20260605_130051_L652;20260605_130051;05.06.2026;11:07:00;652;13;1646;111;U1978Z2;Kostelec n.Č.l.,Nám.;49.9937;14.86362
20260605_130452_L365;20260605_130452;05.06.2026;12:54:00;365;13;8769;10;U1027Z1;Stochov,nám.;50.0768;14.29584
20260605_130452_L126;20260605_130452;05.06.2026;12:52:00;126;6;4108;12;U542Z2P;Nádraží Uhříněves;50.03422;14.59507
20260605_130452_L369;20260605_130452;05.06.2026;12:51:00;369;35;8272;14;U1796Z1;Štětí,záv.;50.36296;14.46809
20260605_130452_L375;20260605_130452;05.06.2026;12:51:00;375;2;8246;13;U474Z7;Praha,Českomoravská;50.10939;14.50175
20260605_130452_L381;20260605_130452;05.06.2026;12:53:00;381;7;9362;12;U2166Z2;Praha,Háje;49.95873;15.02927
20260605_130452_L474;20260605_130452;05.06.2026;12:53:00;474;43;8087;10;U9194Z1;Dobřeň,Střezivojice;50.41983;14.55364
20260605_130452_L743;20260605_130452;05.06.2026;12:55:00;743;24;7605;10;U7297Z2;Petrovice I;49.90799;15.35048
20260605_130452_L335;20260605_130452;05.06.2026;12:51:00;335;6;9131;13;U1532Z1;Kamenice,Kult.dům;49.9449;14.5443
20260605_130452_L227;20260605_130452;05.06.2026;12:51:00;227;2;1588;10;U455Z1P;Nedvězí;50.00483;14.65693
20260605_130452_L311;20260605_130452;05.06.2026;12:52:00;311;77;9583;11;U9217Z1;Řevnice,nádraží;49.92567;14.26595
20260605_130452_L228;20260605_130452;05.06.2026;12:51:00;228;11;9044;13;U1385Z1P;Benice;50.02397;14.60312
20260605_130452_L705;20260605_130452;05.06.2026;12:50:00;705;43;8687;11;U5861Z1;Kutná Hora,Karlov,Na Rovinách;49.95418;15.27039
20260605_130452_L467;20260605_130452;05.06.2026;12:54:00;467;53;9824;11;U4713Z1;Roudnice n.L.,ČSAD;50.40538;14.30136
20260605_130452_L467;20260605_130452;05.06.2026;12:54:00;467;57;8054;10;U4717Z5;Mladá Boleslav,aut.st.;50.42421;14.2607
20260605_130452_L394;20260605_130452;05.06.2026;12:51:00;394;26;9918;10;U4273Z1;Praha,Nové Butovice;49.98021;14.12725
20260605_130452_L400;20260605_130452;05.06.2026;12:54:00;400;25;11696;10;U31349Z1;Nový Bor,aut.nádr.;50.59183;14.55265
20260605_130452_L588;20260605_130452;05.06.2026;12:54:00;588;25;7689;10;U9227Z2;Milý,Bor;50.26067;14.01282
20260605_130452_L560;20260605_130452;05.06.2026;12:50:00;560;35;8342;10;U6818Z1;Rakovník,aut.st.;50.108;13.59572
20260605_130452_L584;20260605_130452;05.06.2026;12:54:00;584;65;8408;11;U6506Z2;Mutějovice,Lhota p.Džbánem;50.1787;13.68651
20260605_130452_L332;20260605_130452;05.06.2026;12:53:00;332;20;9934;10;U1330Z1;Jílové u Prahy,Náměstí;49.96506;14.51841
20260605_130452_L136;20260605_130452;05.06.2026;12:54:00;136;12;6974;11;U751Z2P;Jižní Město;50.05305;14.4742
20260605_130452_L325;20260605_130452;05.06.2026;12:53:00;325;16;1636;10;U3053Z2;Praha,Nádraží Uhříněves;50.03102;14.59763
20260605_130452_L306;20260605_130452;05.06.2026;12:53:00;306;5;8808;12;U1143Z2;Praha,Zličín;50.07574;14.25735
20260605_130452_L228;20260605_130452;05.06.2026;12:48:00;228;12;9013;16;U794Z2P;Poliklinika Malešice;50.07082;14.54696
20260605_130452_L640;20260605_130452;05.06.2026;12:51:00;640;27;9406;11;U9810Z1;Hostomice,nám.;49.82585;14.04489
20260605_130452_L339;20260605_130452;05.06.2026;12:50:00;339;32;9136;13;U1538Z1;Kamenice,Kult.dům;49.90676;14.58896
20260605_130452_L822;20260605_130452;05.06.2026;12:29:00;822;1;8614;32;U5896Z2;Kolín,nádraží;50.02426;15.21363
20260605_130452_L389;20260605_130452;05.06.2026;12:48:00;389;14;7763;12;U4836Z1;Hořešovice;50.2462;14.04555
20260605_130452_L383;20260605_130452;05.06.2026;12:52:00;383;33;9177;13;U402Z1;Chocerady;50.0372;14.58355
20260605_130452_L136;20260605_130452;05.06.2026;12:55:00;136;14;6975;10;U2787Z2P;Jižní Město;50.08776;14.45663
20260605_130452_L226;20260605_130452;05.06.2026;12:53:00;226;9;1589;10;U461Z2P;Lipany;50.03297;14.59404
20260605_130452_L136;20260605_130452;05.06.2026;12:53:00;136;1;5539;12;U603Z1P;Sídliště Čakovice;50.11896;14.50019
20260605_130452_L652;20260605_130452;05.06.2026;11:07:00;652;13;1646;115;U1978Z2;Kostelec n.Č.l.,Nám.;49.9937;14.86362
20260605_130852_L434;20260605_130852;05.06.2026;12:55:00;434;16;8560;12;U2476Z1;Benátky n.Jiz.,aut.st.;50.26133;14.83185
20260605_130852_L467;20260605_130852;05.06.2026;12:56:00;467;53;9824;11;U4714Z1;Roudnice n.L.,ČSAD;50.41615;14.27586
20260605_130852_L705;20260605_130852;05.06.2026;12:55:00;705;43;8687;12;U2480Z7;Kutná Hora,Karlov,Na Rovinách;49.95681;15.27644
20260605_130852_L226;20260605_130852;05.06.2026;12:57:00;226;9;1589;11;U808Z1P;Lipany;50.02992;14.60519
20260605_130852_L306;20260605_130852;05.06.2026;12:57:00;306;5;8808;11;U35Z2;Praha,Zličín;50.0633;14.2711
20260605_130852_L311;20260605_130852;05.06.2026;12:55:00;311;77;9583;13;U1626Z52;Řevnice,nádraží;49.92609;14.2727
20260605_130852_L345;20260605_130852;05.06.2026;12:56:00;345;36;10654;10;U3063Z2;Praha,Černý Most;50.39574;14.91108
20260605_130852_L400;20260605_130852;05.06.2026;12:57:00;400;25;11696;12;U31351Z1;Nový Bor,aut.nádr.;50.60915;14.58013
20260605_130852_L406;20260605_130852;05.06.2026;12:57:00;406;34;7854;10;U5898Z1;Vlašim,žel.st.;49.78371;14.70093
20260605_130852_L120;20260605_130852;05.06.2026;12:58:00;120;5;3660;10;U501Z1P;Nádraží Radotín;50.02657;14.37324
20260605_130852_L480;20260605_130852;05.06.2026;12:57:00;480;30;7504;11;U7698Z2;Příbram,aut.nádr.;49.65045;14.02378
20260605_130852_L381;20260605_130852;05.06.2026;12:56:00;381;7;9362;12;U2149Z2;Praha,Háje;49.96122;15.00585
20260605_130852_L467;20260605_130852;05.06.2026;12:57:00;467;57;8054;11;U4715Z2;Mladá Boleslav,aut.st.;50.41884;14.26761
20260605_130852_L560;20260605_130852;05.06.2026;12:50:00;560;35;8342;11;U6818Z1;Rakovník,aut.st.;50.09711;13.62972
20260605_130852_L640;20260605_130852;05.06.2026;12:51:00;640;27;9406;15;U9810Z1;Hostomice,nám.;49.82585;14.04489
20260605_130852_L332;20260605_130852;05.06.2026;12:53:00;332;20;9934;13;U1330Z1;Jílové u Prahy,Náměstí;49.95568;14.51774
20260605_130852_L335;20260605_130852;05.06.2026;12:55:00;335;6;9131;13;U1535Z3;Kamenice,Kult.dům;49.926;14.5673
20260605_130852_L384;20260605_130852;05.06.2026;12:55:00;384;17;9866;13;U1230Z2;Hořovice,nám.B.Němcové;49.8748;13.89467
20260605_130852_L389;20260605_130852;05.06.2026;12:56:00;389;14;7763;12;U9226Z2;Hořešovice;50.26395;14.02472
20260605_130852_L822;20260605_130852;05.06.2026;12:29:00;822;1;8614;36;U5896Z2;Kolín,nádraží;50.02427;15.21363
20260605_130852_L650;20260605_130852;05.06.2026;12:54:00;650;24;12557;13;U9127Z1;Kladno,autobusové nádraží;50.31031;14.12646
20260605_130852_L369;20260605_130852;05.06.2026;12:55:00;369;35;8272;14;U3312Z1;Štětí,záv.;50.38044;14.46502
20260605_130852_L474;20260605_130852;05.06.2026;12:57:00;474;43;8087;10;U9192Z1;Dobřeň,Střezivojice;50.43617;14.56798
20260605_130852_L325;20260605_130852;05.06.2026;12:53:00;325;16;1636;14;U3053Z2;Praha,Nádraží Uhříněves;50.03148;14.59853
20260605_130852_L136;20260605_130852;05.06.2026;12:58:00;136;12;6974;11;U417Z1P;Jižní Město;50.04358;14.48723
20260605_130852_L229;20260605_130852;05.06.2026;12:59:00;229;1;4520;10;U336Z1P;Královice;50.03146;14.59891
20260605_130852_L638;20260605_130852;05.06.2026;12:58:00;638;57;9806;10;U9084Z1;Beroun,autobusové nádraží;49.94361;13.87732
20260605_130852_L136;20260605_130852;05.06.2026;12:58:00;136;1;5539;10;U1000Z12P;Sídliště Čakovice;50.12513;14.51668
20260605_130852_L652;20260605_130852;05.06.2026;11:07:00;652;13;1646;119;U1978Z2;Kostelec n.Č.l.,Nám.;49.9937;14.86362
20260605_131253_L406;20260605_131253;05.06.2026;13:01:00;406;34;7854;11;U7982Z1;Vlašim,žel.st.;49.7698;14.7354
20260605_131253_L136;20260605_131253;05.06.2026;13:00:00;136;12;6974;11;U181Z1P;Jižní Město;50.03944;14.49055
20260605_131253_L120;20260605_131253;05.06.2026;12:59:00;120;5;3660;12;U720Z1P;Nádraží Radotín;50.02636;14.36046
20260605_131253_L480;20260605_131253;05.06.2026;12:58:00;480;30;7504;13;U7886Z2;Příbram,aut.nádr.;49.65926;14.01718
20260605_131253_L406;20260605_131253;05.06.2026;13:00:00;406;19;7841;12;U9391Z2;Benešov,Terminál;49.70018;14.89861
20260605_131253_L821;20260605_131253;05.06.2026;13:00:00;821;52;1604;12;U1984Z3;Sázava,aut.st.;49.96634;14.96421
20260605_131253_L369;20260605_131253;05.06.2026;13:00:00;369;35;8272;12;U3315Z1;Štětí,záv.;50.40381;14.44945
20260605_131253_L705;20260605_131253;05.06.2026;12:59:00;705;43;8687;13;U7345Z2;Kutná Hora,Karlov,Na Rovinách;49.95381;15.27686
20260605_131253_L655;20260605_131253;05.06.2026;13:02:00;655;45;8128;10;U2351Z1;Úvaly,žel.st.;50.14293;14.74514
20260605_131253_L467;20260605_131253;05.06.2026;12:58:00;467;53;9824;13;U4715Z1;Roudnice n.L.,ČSAD;50.42315;14.25597
20260605_131253_L467;20260605_131253;05.06.2026;13:01:00;467;57;8054;11;U4713Z2;Mladá Boleslav,aut.st.;50.40435;14.30216
20260605_131253_L432;20260605_131253;05.06.2026;12:58:00;432;1;8693;12;U2445Z2;Lysá n.L.,žel.st.;50.20142;14.84138
20260605_131253_L805;20260605_131253;05.06.2026;13:01:00;805;15;7628;11;U6666Z2;Kolín,nádraží;50.02275;15.21144
20260605_131253_L821;20260605_131253;05.06.2026;13:00:00;821;69;1584;12;U1984Z4;Kolín,nádraží;49.96632;14.96426
20260605_131253_L822;20260605_131253;05.06.2026;12:29:00;822;1;8614;40;U5896Z2;Kolín,nádraží;50.02427;15.21362
20260605_131253_L324;20260605_131253;05.06.2026;13:00:00;324;7;8973;11;U1915Z2;Slaný,aut.nádr.;50.19527;14.05351
20260605_131253_L226;20260605_131253;05.06.2026;12:59:00;226;9;1589;11;U828Z1P;Lipany;50.0181;14.61772
20260605_131253_L324;20260605_131253;05.06.2026;13:02:00;324;27;8996;10;U776Z2;Praha,Zličín;50.10899;14.2854
20260605_131253_L325;20260605_131253;05.06.2026;13:00:00;325;16;1636;12;U461Z2;Čestlice,aquapark;50.03397;14.59198
20260605_131253_L332;20260605_131253;05.06.2026;12:59:00;332;20;9934;12;U2129Z1;Jílové u Prahy,Náměstí;49.93952;14.5148
20260605_131253_L306;20260605_131253;05.06.2026;13:03:00;306;3;8896;10;U3094Z2;Praha,Zličín;50.14216;14.09781
20260605_131253_L306;20260605_131253;05.06.2026;13:01:00;306;5;8808;11;U178Z2;Praha,Zličín;50.06046;14.29298
20260605_131253_L335;20260605_131253;05.06.2026;13:00:00;335;6;9131;12;U4120Z1;Kamenice,Kult.dům;49.91554;14.53843
20260605_131253_L337;20260605_131253;05.06.2026;13:00:00;337;12;9933;11;U4861Z1;Benešov,Terminál;49.98758;14.49269
20260605_131253_L650;20260605_131253;05.06.2026;13:00:00;650;23;12559;10;U31416Z1;Kladno,autobusové nádraží;50.51367;14.14124
20260605_131253_L560;20260605_131253;05.06.2026;12:50:00;560;35;8342;13;U6818Z1;Rakovník,aut.st.;50.12111;13.62955
20260605_131253_L584;20260605_131253;05.06.2026;12:58:00;584;65;8408;12;U3373Z1;Mutějovice,Lhota p.Džbánem;50.20528;13.71446
20260605_131253_L588;20260605_131253;05.06.2026;13:00:00;588;25;7689;10;U9230Z2;Milý,Bor;50.24807;13.95718
20260605_131253_L858;20260605_131253;05.06.2026;13:01:00;858;68;8711;11;U4776Z1;Slaný,gymnázium;50.22838;14.09528
20260605_131253_L400;20260605_131253;05.06.2026;13:01:00;400;25;11696;11;U31352Z1;Nový Bor,aut.nádr.;50.62791;14.53551
20260605_131253_L381;20260605_131253;05.06.2026;13:00:00;381;7;9362;12;U1984Z2;Praha,Háje;49.96676;14.9644
20260605_131253_L384;20260605_131253;05.06.2026;12:58:00;384;17;9866;14;U9613Z2;Hořovice,nám.B.Němcové;49.86019;13.89322
20260605_131253_L177;20260605_131253;05.06.2026;13:01:00;177;12;6816;10;U544Z1P;Poliklinika Mazurská;50.12748;14.43511
20260605_131253_L389;20260605_131253;05.06.2026;12:58:00;389;14;7763;13;U9227Z2;Hořešovice;50.25897;14.00628
20260605_131253_L136;20260605_131253;05.06.2026;13:00:00;136;14;6975;11;U118Z4P;Jižní Město;50.0788;14.46056
20260605_131253_L416;20260605_131253;05.06.2026;13:02:00;416;9;7227;10;U32285Z2;Praha,Smíchovské nádraží;49.24603;13.53913
20260605_131253_L229;20260605_131253;05.06.2026;13:00:00;229;1;4520;11;U808Z1P;Královice;50.03012;14.60555
20260605_131253_L207;20260605_131253;05.06.2026;13:01:00;207;14;3892;10;U87Z2P;Staroměstská;50.09065;14.42781
20260605_131253_L638;20260605_131253;05.06.2026;13:01:00;638;57;9806;10;U9082Z1;Beroun,autobusové nádraží;49.94226;13.91326
20260605_131253_L136;20260605_131253;05.06.2026;13:00:00;136;1;5539;11;U89Z1P;Sídliště Čakovice;50.1298;14.50923
20260605_131253_L652;20260605_131253;05.06.2026;11:07:00;652;13;1646;120;U1978Z2;Kostelec n.Č.l.,Nám.;49.9937;14.86362
20260605_131653_L315;20260605_131653;05.06.2026;13:06:00;315;6;8673;10;U3389Z1;Mnichovo Hradiště,dopravní terminál;50.41289;14.9099
20260605_131653_L177;20260605_131653;05.06.2026;13:07:00;177;12;6816;10;U371Z1P;Poliklinika Mazurská;50.12841;14.41703
20260605_131653_L480;20260605_131653;05.06.2026;12:58:00;480;30;7504;16;U7886Z2;Příbram,aut.nádr.;49.66129;14.01463
20260605_131653_L126;20260605_131653;05.06.2026;13:06:00;126;4;3839;10;U969Z1P;Koleje Jižní Město;50.02645;14.49442
20260605_131653_L550;20260605_131653;05.06.2026;13:03:00;550;76;7846;12;U6493Z3;Votice,žel.st.;49.63934;14.62055
20260605_131653_L332;20260605_131653;05.06.2026;13:03:00;332;20;9934;13;U2127Z1;Jílové u Prahy,Náměstí;49.9273;14.51029
20260605_131653_L381;20260605_131653;05.06.2026;13:05:00;381;7;9362;11;U1982Z2;Praha,Háje;49.97081;14.92383
20260605_131653_L822;20260605_131653;05.06.2026;12:29:00;822;1;8614;44;U5896Z2;Kolín,nádraží;50.02427;15.21362
20260605_131653_L229;20260605_131653;05.06.2026;13:07:00;229;1;4520;10;U131Z1P;Královice;50.05079;14.62827
20260605_131653_L511;20260605_131653;05.06.2026;13:07:00;511;14;9618;10;U3290Z1;Březnice,aut.st.;49.58906;13.98514
20260605_131653_L650;20260605_131653;05.06.2026;13:03:00;650;24;12557;13;U4878Z1;Kladno,autobusové nádraží;50.27804;14.09319
20260605_131653_L705;20260605_131653;05.06.2026;13:04:00;705;43;8687;12;U7129Z2;Kutná Hora,Karlov,Na Rovinách;49.94612;15.28307
20260605_131653_L389;20260605_131653;05.06.2026;13:03:00;389;14;7763;12;U9231Z2;Hořešovice;50.27154;13.98402
20260605_131653_L416;20260605_131653;05.06.2026;13:05:00;416;9;7227;10;U32284Z2;Praha,Smíchovské nádraží;49.26229;13.5791
20260605_131653_L650;20260605_131653;05.06.2026;13:04:00;650;23;12559;12;U31417Z4;Kladno,autobusové nádraží;50.50894;14.14859
20260605_131653_L369;20260605_131653;05.06.2026;13:03:00;369;35;8272;11;U3317Z1;Štětí,záv.;50.42507;14.42022
20260605_131653_L375;20260605_131653;05.06.2026;13:07:00;375;6;8265;10;U526Z2;Praha,Českomoravská;50.12888;14.54282
20260605_131653_L821;20260605_131653;05.06.2026;13:05:00;821;52;1604;11;U1314Z1;Sázava,aut.st.;49.94988;14.95324
20260605_131653_L821;20260605_131653;05.06.2026;13:00:00;821;69;1584;13;U1984Z4;Kolín,nádraží;49.97202;14.98848
20260605_131653_L858;20260605_131653;05.06.2026;13:03:00;858;68;8711;13;U4777Z15;Slaný,gymnázium;50.22837;14.08957
20260605_131653_L324;20260605_131653;05.06.2026;13:05:00;324;7;8973;12;U4803Z1;Slaný,aut.nádr.;50.21031;14.0699
20260605_131653_L324;20260605_131653;05.06.2026;13:06:00;324;27;8996;10;U218Z2;Praha,Zličín;50.09458;14.29479
20260605_131653_L325;20260605_131653;05.06.2026;13:03:00;325;16;1636;14;U3053Z1;Čestlice,aquapark;50.02965;14.59466
20260605_131653_L335;20260605_131653;05.06.2026;13:03:00;335;6;9131;12;U1578Z2;Kamenice,Kult.dům;49.92677;14.56899
20260605_131653_L337;20260605_131653;05.06.2026;13:04:00;337;12;9933;11;U1331Z1;Benešov,Terminál;49.97084;14.5065
20260605_131653_L226;20260605_131653;05.06.2026;13:06:00;226;9;1589;11;U525Z2P;Lipany;50.00719;14.62604
20260605_131653_L588;20260605_131653;05.06.2026;13:04:00;588;25;7689;10;U9242Z2;Milý,Bor;50.24761;13.93072
20260605_131653_L467;20260605_131653;05.06.2026;13:02:00;467;53;9824;14;U4716Z2;Roudnice n.L.,ČSAD;50.42274;14.25341
20260605_131653_L467;20260605_131653;05.06.2026;13:04:00;467;57;8054;10;U4712Z2;Mladá Boleslav,aut.st.;50.37645;14.37392
20260605_131653_L474;20260605_131653;05.06.2026;13:05:00;474;43;8087;10;U9187Z1;Dobřeň,Střezivojice;50.46907;14.56913
20260605_131653_L400;20260605_131653;05.06.2026;13:04:00;400;25;11696;11;U31353Z1;Nový Bor,aut.nádr.;50.66654;14.54238
20260605_131653_L384;20260605_131653;05.06.2026;13:02:00;384;17;9866;15;U9615Z2;Hořovice,nám.B.Němcové;49.84387;13.8897
20260605_131653_L584;20260605_131653;05.06.2026;13:05:00;584;65;8408;10;U4002Z2;Mutějovice,Lhota p.Džbánem;50.21881;13.72844
20260605_131653_L488;20260605_131653;05.06.2026;13:05:00;488;1;9785;10;U9755Z1;Mirovice,nám.;49.66585;14.00433
20260605_131653_L594;20260605_131653;05.06.2026;13:07:00;594;8;7301;10;U4835Z1;Slaný,aut.nádr.;50.23235;14.08438
20260605_131653_L120;20260605_131653;05.06.2026;13:04:00;120;5;3660;12;U2728Z1P;Nádraží Radotín;50.01897;14.35483
20260605_131653_L136;20260605_131653;05.06.2026;13:04:00;136;14;6975;13;U855Z1P;Jižní Město;50.07457;14.46277
20260605_131653_L655;20260605_131653;05.06.2026;13:06:00;655;45;8128;10;U2353Z1;Úvaly,žel.st.;50.13061;14.72824
20260605_131653_L136;20260605_131653;05.06.2026;13:06:00;136;4;5517;10;U512Z4P;Sídliště Čakovice;50.09149;14.4687
20260605_131653_L389;20260605_131653;05.06.2026;13:03:00;389;8;7762;10;U9226Z1;Praha,Nádraží Veleslavín;50.2513;14.03365
20260605_131653_L406;20260605_131653;05.06.2026;13:02:00;406;19;7841;13;U6043Z1;Benešov,Terminál;49.70348;14.902
20260605_131653_L177;20260605_131653;05.06.2026;13:07:00;177;6;6786;10;U195Z1P;Chodov;50.04525;14.51237
20260605_131653_L136;20260605_131653;05.06.2026;13:04:00;136;12;6974;11;U106Z2P;Jižní Město;50.02439;14.50878
20260605_131653_L364;20260605_131653;05.06.2026;13:06:00;364;2;4518;10;U808Z2;Praha,Depo Hostivař;50.02956;14.60279
20260605_131653_L136;20260605_131653;05.06.2026;13:05:00;136;33;6956;11;U2787Z2P;Jižní Město;50.08775;14.45668
20260605_131653_L126;20260605_131653;05.06.2026;13:04:00;126;7;3833;11;U3053Z2P;Nádraží Uhříněves;50.03123;14.5982
20260605_131653_L136;20260605_131653;05.06.2026;13:06:00;136;1;5539;11;U368Z1P;Sídliště Čakovice;50.1496;14.50673
20260605_132054_L120;20260605_132054;05.06.2026;13:07:00;120;5;3660;13;U885Z1P;Nádraží Radotín;50.00518;14.35607
20260605_132054_L135;20260605_132054;05.06.2026;13:08:00;135;1;6844;12;U821Z2P;Florenc;50.08504;14.44077
20260605_132054_L136;20260605_132054;05.06.2026;13:08:00;136;33;6956;12;U516Z3P;Jižní Město;50.08211;14.4594
20260605_132054_L136;20260605_132054;05.06.2026;13:08:00;136;1;5539;12;U791Z1P;Sídliště Čakovice;50.15163;14.52188
20260605_132054_L136;20260605_132054;05.06.2026;13:10:00;136;4;5517;10;U678Z1P;Sídliště Čakovice;50.10019;14.48604
20260605_132054_L136;20260605_132054;05.06.2026;13:08:00;136;12;6974;13;U353Z1P;Jižní Město;50.02622;14.52148
20260605_132054_L136;20260605_132054;05.06.2026;13:09:00;136;14;6975;12;U680Z3P;Jižní Město;50.06839;14.46918
20260605_132054_L163;20260605_132054;05.06.2026;13:08:00;163;56;9483;11;U794Z2P;Depo Hostivař;50.07055;14.54559
20260605_132054_L177;20260605_132054;05.06.2026;13:11:00;177;6;6786;10;U344Z4P;Chodov;50.03268;14.50764
20260605_132054_L177;20260605_132054;05.06.2026;13:11:00;177;7;6958;10;U889Z3P;Chodov;50.06026;14.50678
20260605_132054_L181;20260605_132054;05.06.2026;13:08:00;181;1;6982;12;U219Z1P;Opatov;50.04286;14.51496
20260605_132054_L204;20260605_132054;05.06.2026;13:11:00;204;74;9048;10;U1014Z2P;Sídliště Petrovice;50.07212;14.54249
20260605_132054_L224;20260605_132054;05.06.2026;13:08:00;224;76;9017;13;U1197Z1P;Dolnopočernický hřbitov;50.10227;14.55469
20260605_132054_L821;20260605_132054;05.06.2026;13:09:00;821;52;1604;10;U2394Z1;Sázava,aut.st.;49.94367;14.94938
20260605_132054_L821;20260605_132054;05.06.2026;13:00:00;821;69;1584;15;U1984Z4;Kolín,nádraží;49.98561;14.99687
20260605_132054_L822;20260605_132054;05.06.2026;12:29:00;822;1;8614;46;U5896Z2;Kolín,nádraží;50.02454;15.21439
20260605_132054_L315;20260605_132054;05.06.2026;13:06:00;315;6;8673;13;U3389Z1;Mnichovo Hradiště,dopravní terminál;50.41667;14.9117
20260605_132054_L322;20260605_132054;05.06.2026;13:06:00;322;13;8794;12;U4816Z1;Praha,Nádraží Veleslavín;50.15401;14.17765
20260605_132054_L324;20260605_132054;05.06.2026;13:07:00;324;7;8973;13;U4805Z1;Slaný,aut.nádr.;50.22798;14.08724
20260605_132054_L332;20260605_132054;05.06.2026;13:07:00;332;20;9934;13;U2106Z1;Jílové u Prahy,Náměstí;49.91021;14.49455
20260605_132054_L333;20260605_132054;05.06.2026;13:10:00;333;13;7451;10;U1513Z1;Březová-Oleško,Oleško;49.93337;14.4231
20260605_132054_L335;20260605_132054;05.06.2026;13:07:00;335;6;9131;13;U1536Z1;Kamenice,Kult.dům;49.91216;14.57449
20260605_132054_L337;20260605_132054;05.06.2026;13:08:00;337;12;9933;12;U1330Z1;Benešov,Terminál;49.96581;14.51741
20260605_132054_L364;20260605_132054;05.06.2026;13:08:00;364;2;4518;12;U542Z2;Praha,Depo Hostivař;50.03468;14.59447
20260605_132054_L369;20260605_132054;05.06.2026;13:10:00;369;35;8272;11;U3319Z1;Štětí,záv.;50.43237;14.43177
20260605_132054_L381;20260605_132054;05.06.2026;13:10:00;381;7;9362;10;U1979Z2;Praha,Háje;49.98526;14.87145
20260605_132054_L388;20260605_132054;05.06.2026;13:09:00;388;10;7752;11;U2867Z1;Slaný,Arbesova;50.22708;14.09961
20260605_132054_L389;20260605_132054;05.06.2026;13:03:00;389;8;7762;14;U9226Z1;Praha,Nádraží Veleslavín;50.2513;14.03365
20260605_132054_L400;20260605_132054;05.06.2026;13:11:00;400;1;11644;10;U32674Z1;Nový Bor,aut.nádr.;50.77547;14.46682
20260605_132054_L406;20260605_132054;05.06.2026;13:10:00;406;4;7936;10;U7428Z1;Pelhřimov,aut.nádr.;49.63434;15.02975
20260605_132054_L406;20260605_132054;05.06.2026;13:06:00;406;13;7943;14;U2139Z1;Praha,Roztyly;49.79038;14.6827
20260605_132054_L406;20260605_132054;05.06.2026;13:10:00;406;34;7854;10;U7609Z1;Vlašim,žel.st.;49.73333;14.8257
20260605_132054_L416;20260605_132054;05.06.2026;13:08:00;416;9;7227;10;U32283Z2;Praha,Smíchovské nádraží;49.27964;13.61504
20260605_132054_L445;20260605_132054;05.06.2026;13:10:00;445;16;7404;11;U1513Z1;Jílové u Prahy,Náměstí;49.93239;14.42388
20260605_132054_L448;20260605_132054;05.06.2026;13:07:00;448;61;1120;12;U1852Z51;Mníšek p.Brdy,náměstí;49.92592;14.28098
20260605_132054_L488;20260605_132054;05.06.2026;13:05:00;488;1;9785;15;U9755Z1;Mirovice,nám.;49.66582;14.0057
20260605_132054_L511;20260605_132054;05.06.2026;13:08:00;511;14;9618;10;U7504Z1;Březnice,aut.st.;49.57731;14.00132
20260605_132054_L560;20260605_132054;05.06.2026;13:06:00;560;35;8342;14;U6813Z1;Rakovník,aut.st.;50.14434;13.6495
20260605_132054_L584;20260605_132054;05.06.2026;13:10:00;584;65;8408;10;U9524Z1;Rakovník,aut.st.;50.21198;13.71286
20260605_132054_L589;20260605_132054;05.06.2026;13:11:00;589;14;7763;10;U9233Z2;Louny,ČSAD;50.27459;13.95615
20260605_132054_L594;20260605_132054;05.06.2026;13:09:00;594;8;7301;11;U4786Z2;Slaný,aut.nádr.;50.22922;14.08672
20260605_132054_L619;20260605_132054;05.06.2026;13:09:00;619;25;8741;10;U4299Z1;Kladno,autobusové nádraží;50.13891;13.931
20260605_132054_L641;20260605_132054;05.06.2026;13:07:00;641;16;9447;12;U9856Z1;Beroun,autobusové nádraží;49.88539;13.95657
20260605_132054_L650;20260605_132054;05.06.2026;13:09:00;650;23;12559;11;U31419Z1;Kladno,autobusové nádraží;50.49505;14.14707
20260605_132054_L650;20260605_132054;05.06.2026;13:08:00;650;24;12557;12;U9272Z1;Kladno,autobusové nádraží;50.25648;14.09551
20260605_132054_L726;20260605_132054;05.06.2026;13:09:00;726;39;9544;10;U3389Z1;Mladá Boleslav,aut.st.;50.41814;14.91276
20260605_132054_L755;20260605_132054;05.06.2026;13:10:00;755;91;7860;10;U2545Z3;Rabyně,Měřín;49.77859;14.45986
20260605_132054_L763;20260605_132054;05.06.2026;13:09:00;763;31;9790;10;U3387Z1;Mladá Boleslav,Zalužany ŠKODA;50.41123;14.9122
20260605_132455_L177;20260605_132455;05.06.2026;13:15:00;177;6;6786;10;U774Z2P;Chodov;50.02062;14.50796
20260605_132455_L650;20260605_132455;05.06.2026;13:13:00;650;23;12559;11;U31421Z1;Kladno,autobusové nádraží;50.48481;14.14252
20260605_132455_L228;20260605_132455;05.06.2026;13:10:00;228;12;9013;14;U548Z1P;Benice;50.08235;14.50306
20260605_132455_L561;20260605_132455;05.06.2026;13:11:00;561;62;8360;10;U4765Z1;Rakovník,hasičský záchr.sbor;50.10266;13.72611
20260605_132455_L364;20260605_132455;05.06.2026;13:12:00;364;2;4518;12;U367Z2;Praha,Depo Hostivař;50.04699;14.57552
20260605_132455_L170;20260605_132455;05.06.2026;13:15:00;170;15;3681;10;U735Z1P;Pražská čtvrť;50.03421;14.51071
20260605_132455_L369;20260605_132455;05.06.2026;13:14:00;369;35;8272;11;U3321Z1;Štětí,záv.;50.43172;14.39404
20260605_132455_L315;20260605_132455;05.06.2026;13:06:00;315;6;8673;15;U3389Z1;Mnichovo Hradiště,dopravní terminál;50.41902;14.91582
20260605_132455_L322;20260605_132455;05.06.2026;13:14:00;322;13;8794;10;U4392Z1;Praha,Nádraží Veleslavín;50.14647;14.18948
20260605_132455_L511;20260605_132455;05.06.2026;13:14:00;511;14;9618;10;U5756Z1;Březnice,aut.st.;49.57465;14.03585
20260605_132455_L136;20260605_132455;05.06.2026;13:14:00;136;33;6956;11;U855Z1P;Jižní Město;50.07447;14.46391
20260605_132455_L136;20260605_132455;05.06.2026;13:13:00;136;15;5068;12;U512Z5P;Jižní Město;50.09031;14.46747
20260605_132455_L136;20260605_132455;05.06.2026;13:14:00;136;13;5511;11;U106Z2P;Jižní Město;50.02765;14.50769
20260605_132455_L416;20260605_132455;05.06.2026;13:14:00;416;9;7227;10;U32281Z2;Praha,Smíchovské nádraží;49.2948;13.6439
20260605_132455_L406;20260605_132455;05.06.2026;13:14:00;406;34;7854;10;U5797Z1;Vlašim,žel.st.;49.71316;14.86909
20260605_132455_L183;20260605_132455;05.06.2026;13:14:00;183;2;5098;10;U747Z1P;Háje;50.07735;14.53772
20260605_132455_L389;20260605_132455;05.06.2026;13:03:00;389;8;7762;17;U9226Z1;Praha,Nádraží Veleslavín;50.24854;14.04071
20260605_132455_L333;20260605_132455;05.06.2026;13:14:00;333;13;7451;10;U1515Z1;Březová-Oleško,Oleško;49.91483;14.41598
20260605_132455_L401;20260605_132455;05.06.2026;13:13:00;401;73;7920;10;U6487Z1;Miličín;49.5847;14.66343
20260605_132455_L224;20260605_132455;05.06.2026;13:11:00;224;76;9017;14;U1051Z1P;Dolnopočernický hřbitov;50.09699;14.54397
20260605_132455_L181;20260605_132455;05.06.2026;13:11:00;181;1;6982;13;U344Z4P;Opatov;50.03196;14.50734
20260605_132455_L342;20260605_132455;05.06.2026;13:12:00;342;1;7702;11;U85Z1;Praha,Nádraží Veleslavín;50.09554;14.34726
20260605_132455_L388;20260605_132455;05.06.2026;13:10:00;388;10;7752;13;U4776Z1;Slaný,Arbesova;50.22909;14.09069
20260605_132455_L325;20260605_132455;05.06.2026;13:12:00;325;16;1636;13;U1374Z1;Čestlice,aquapark;50.00202;14.58372
20260605_132455_L476;20260605_132455;05.06.2026;13:12:00;476;36;8005;11;U4188Z2;Ovčáry;50.2749;14.60137
20260605_132455_L369;20260605_132455;05.06.2026;13:15:00;369;34;8233;10;U1793Z3;Mělník,Mlazice;50.35042;14.48897
20260605_132455_L594;20260605_132455;05.06.2026;13:09:00;594;8;7301;14;U4786Z2;Slaný,aut.nádr.;50.22844;14.08994
20260605_132455_L332;20260605_132455;05.06.2026;13:11:00;332;20;9934;13;U2108Z1;Jílové u Prahy,Náměstí;49.8958;14.49322
20260605_132455_L332;20260605_132455;05.06.2026;13:15:00;332;4;9162;10;U4176Z2;Neveklov;49.9835;14.49544
20260605_132455_L335;20260605_132455;05.06.2026;13:10:00;335;6;9131;13;U1573Z1;Kamenice,Kult.dům;49.90297;14.5674
20260605_132455_L306;20260605_132455;05.06.2026;13:15:00;306;3;8896;10;U4388Z2;Praha,Zličín;50.11797;14.12945
20260605_132455_L227;20260605_132455;05.06.2026;13:14:00;227;13;1650;10;U828Z1P;Nedvězí;50.02248;14.61145
20260605_132455_L311;20260605_132455;05.06.2026;13:11:00;311;77;9583;14;U2280Z1;Praha,Zličín;49.91612;14.23803
20260605_132455_L715;20260605_132455;05.06.2026;13:12:00;715;44;8662;10;U6172Z52;Mladá Boleslav,aut.st.;50.41914;14.91513
20260605_132455_L763;20260605_132455;05.06.2026;13:14:00;763;31;9790;10;U3389Z1;Mladá Boleslav,Zalužany ŠKODA;50.41298;14.9097
20260605_132455_L705;20260605_132455;05.06.2026;13:15:00;705;37;8697;10;U6609Z1;Kolín,PZKO-TOYOTA;50.03519;15.20853
20260605_132455_L655;20260605_132455;05.06.2026;13:13:00;655;45;8128;11;U1606Z1;Úvaly,žel.st.;50.11495;14.69856
20260605_132455_L488;20260605_132455;05.06.2026;13:10:00;488;1;9785;13;U7730Z1;Mirovice,nám.;49.63567;14.03744
20260605_132455_L163;20260605_132455;05.06.2026;13:10:00;163;56;9483;13;U1014Z2P;Depo Hostivař;50.07141;14.54446
20260605_132455_L650;20260605_132455;05.06.2026;13:10:00;650;24;12557;14;U9268Z1;Kladno,autobusové nádraží;50.23453;14.08752
20260605_132455_L560;20260605_132455;05.06.2026;13:10:00;560;35;8342;12;U6810Z1;Rakovník,aut.st.;50.13611;13.68627
20260605_132455_L389;20260605_132455;05.06.2026;13:12:00;389;12;7761;11;U32406Z12;Chomutov,žel.st.;50.45674;13.40046
20260605_132455_L401;20260605_132455;05.06.2026;13:15:00;401;69;7875;10;U2139Z2;Tábor,aut.nádr.;49.79025;14.68279
20260605_132455_L508;20260605_132455;05.06.2026;13:15:00;508;9;9525;10;U9739Z1;Příbram,Svatá Hora;49.68272;13.98885
20260605_132455_L375;20260605_132455;05.06.2026;13:15:00;375;6;8265;10;U606Z2;Praha,Českomoravská;50.1231;14.50764
20260605_132455_L412;20260605_132455;05.06.2026;13:10:00;412;43;9917;13;U9359Z2;Praha,Černý Most;50.4092;14.94847
20260605_132455_L204;20260605_132455;05.06.2026;13:11:00;204;74;9048;11;U1014Z2P;Sídliště Petrovice;50.06985;14.54347
20260605_132455_L448;20260605_132455;05.06.2026;13:13:00;448;61;1120;11;U1855Z1;Mníšek p.Brdy,náměstí;49.9278;14.30323
20260605_132455_L445;20260605_132455;05.06.2026;13:13:00;445;16;7404;11;U1520Z1;Jílové u Prahy,Náměstí;49.91876;14.44872
20260605_132455_L136;20260605_132455;05.06.2026;13:14:00;136;4;5517;10;U225Z2P;Sídliště Čakovice;50.09946;14.49699
20260605_132455_L136;20260605_132455;05.06.2026;13:13:00;136;14;6975;12;U183Z3P;Jižní Město;50.05604;14.47157
20260605_132455_L376;20260605_132455;05.06.2026;13:11:00;376;41;1494;13;U1000Z2;Brandýs n.L.-St.Bol.,Nádr.;50.1199;14.52011
20260605_132455_L638;20260605_132455;05.06.2026;13:14:00;638;57;9806;10;U4977Z1;Beroun,autobusové nádraží;49.94146;14.02208
20260605_132455_L337;20260605_132455;05.06.2026;13:08:00;337;12;9933;15;U1330Z1;Benešov,Terminál;49.96017;14.52673
20260605_132855_L384;20260605_132855;05.06.2026;13:19:00;384;16;9867;10;U1745Z2;Praha,Zličín;49.96529;14.07204
20260605_132855_L177;20260605_132855;05.06.2026;13:15:00;177;7;6958;12;U596Z4P;Chodov;50.05129;14.52355
20260605_132855_L177;20260605_132855;05.06.2026;13:18:00;177;6;6786;10;U972Z2P;Chodov;50.02342;14.48841
20260605_132855_L183;20260605_132855;05.06.2026;13:17:00;183;2;5098;11;U552Z1P;Háje;50.06925;14.53707
20260605_132855_L584;20260605_132855;05.06.2026;13:17:00;584;65;8408;11;U3372Z3;Rakovník,aut.st.;50.19532;13.70819
20260605_132855_L488;20260605_132855;05.06.2026;13:14:00;488;1;9785;13;U7719Z1;Mirovice,nám.;49.62581;14.04649
20260605_132855_L587;20260605_132855;05.06.2026;13:17:00;587;29;7704;11;U9253Z1;Slaný,aut.nádr.;50.23404;14.03944
20260605_132855_L580;20260605_132855;05.06.2026;13:17:00;580;18;7695;10;U9898Z1;Rakovník,aut.st.;50.10922;13.76202
20260605_132855_L375;20260605_132855;05.06.2026;13:17:00;375;6;8265;10;U603Z2;Praha,Českomoravská;50.11567;14.50015
20260605_132855_L136;20260605_132855;05.06.2026;13:14:00;136;13;5511;13;U106Z2P;Jižní Město;50.02429;14.50877
20260605_132855_L224;20260605_132855;05.06.2026;13:16:00;224;76;9017;11;U193Z1P;Dolnopočernický hřbitov;50.08787;14.56315
20260605_132855_L311;20260605_132855;05.06.2026;13:15:00;311;77;9583;13;U9217Z1;Praha,Zličín;49.92452;14.26213
20260605_132855_L389;20260605_132855;05.06.2026;13:03:00;389;8;7762;20;U9226Z1;Praha,Nádraží Veleslavín;50.24843;14.04098
20260605_132855_L511;20260605_132855;05.06.2026;13:16:00;511;14;9618;10;U5715Z1;Březnice,aut.st.;49.55974;14.02772
20260605_132855_L484;20260605_132855;05.06.2026;13:16:00;484;31;8144;11;U2315Z1;Úvaly,žel.st.;50.07407;14.72319
20260605_132855_L136;20260605_132855;05.06.2026;13:17:00;136;33;6956;11;U29Z1P;Jižní Město;50.07252;14.47049
20260605_132855_L136;20260605_132855;05.06.2026;13:18:00;136;4;5517;11;U474Z5P;Sídliště Čakovice;50.11097;14.50249
20260605_132855_L364;20260605_132855;05.06.2026;13:17:00;364;2;4518;12;U310Z2;Praha,Depo Hostivař;50.06405;14.55201
20260605_132855_L333;20260605_132855;05.06.2026;13:14:00;333;11;7454;12;U799Z4;Zvole,Nová Zvole;49.99947;14.48434
20260605_132855_L120;20260605_132855;05.06.2026;13:15:00;120;5;3660;13;U608Z1P;Nádraží Radotín;49.98498;14.35714
20260605_132855_L369;20260605_132855;05.06.2026;13:18:00;369;35;8272;11;U3323Z1;Štětí,záv.;50.45619;14.38271
20260605_132855_L389;20260605_132855;05.06.2026;13:12:00;389;12;7761;15;U32406Z12;Chomutov,žel.st.;50.45673;13.40047
20260605_132855_L763;20260605_132855;05.06.2026;13:14:00;763;31;9790;12;U3389Z1;Mladá Boleslav,Zalužany ŠKODA;50.41944;14.9143
20260605_132855_L650;20260605_132855;05.06.2026;13:18:00;650;23;12559;10;U31423Z1;Kladno,autobusové nádraží;50.45735;14.13819
20260605_132855_L821;20260605_132855;05.06.2026;13:15:00;821;69;1584;13;U2300Z1;Kolín,nádraží;50.00557;14.97387
20260605_132855_L406;20260605_132855;05.06.2026;13:14:00;406;19;7841;14;U7607Z2;Benešov,Terminál;49.74093;14.8098
20260605_132855_L550;20260605_132855;05.06.2026;13:18:00;550;75;7866;10;U6588Z1;Vlašim,žel.st.;49.63251;14.81205
20260605_132855_L638;20260605_132855;05.06.2026;13:18:00;638;57;9806;10;U4972Z1;Beroun,autobusové nádraží;49.94829;14.03772
20260605_132855_L641;20260605_132855;05.06.2026;13:16:00;641;16;9447;13;U9854Z1;Beroun,autobusové nádraží;49.89448;13.95976
20260605_132855_L369;20260605_132855;05.06.2026;13:15:00;369;34;8233;12;U1793Z3;Mělník,Mlazice;50.35316;14.48267
20260605_132855_L350;20260605_132855;05.06.2026;13:18:00;350;51;8835;10;U1690Z1;Kladno,OAZA;50.16198;14.31025
20260605_132855_L204;20260605_132855;05.06.2026;13:16:00;204;74;9048;12;U96Z1P;Sídliště Petrovice;50.05978;14.55811
20260605_132855_L163;20260605_132855;05.06.2026;13:16:00;163;56;9483;12;U358Z4P;Depo Hostivař;50.0775;14.52157
20260605_132855_L641;20260605_132855;05.06.2026;13:17:00;641;17;9449;10;U9089Z2;Hořovice,nemocnice;49.93453;13.96164
20260605_132855_L316;20260605_132855;05.06.2026;13:17:00;316;8;8982;11;U2286Z1;Kralupy n.Vlt.,žel.st.;50.2402;14.31189
20260605_132855_L322;20260605_132855;05.06.2026;13:17:00;322;13;8794;11;U4738Z2;Praha,Nádraží Veleslavín;50.15037;14.19682
20260605_132855_L325;20260605_132855;05.06.2026;13:17:00;325;16;1636;12;U1373Z2;Čestlice,aquapark;50.0045;14.57513
20260605_132855_L332;20260605_132855;05.06.2026;13:18:00;332;4;9162;10;U1332Z1;Neveklov;49.96935;14.51042
20260605_132855_L228;20260605_132855;05.06.2026;13:15:00;228;12;9013;14;U70Z7P;Benice;50.07777;14.51157
20260605_132855_L376;20260605_132855;05.06.2026;13:11:00;376;41;1494;18;U1000Z2;Brandýs n.L.-St.Bol.,Nádr.;50.12451;14.51645
20260605_132855_L381;20260605_132855;05.06.2026;13:15:00;381;7;9362;11;U2016Z2;Praha,Háje;49.99187;14.85373
20260605_132855_L388;20260605_132855;05.06.2026;13:15:00;388;10;7752;13;U4778Z1;Slaný,Arbesova;50.22841;14.08122
20260605_132855_L550;20260605_132855;05.06.2026;13:19:00;550;81;7895;10;U6785Z2;Votice,Beztahov;49.67112;14.8837
20260605_132855_L448;20260605_132855;05.06.2026;13:14:00;448;61;1120;13;U1856Z1;Mníšek p.Brdy,náměstí;49.92048;14.31038
20260605_132855_L445;20260605_132855;05.06.2026;13:16:00;445;16;7404;12;U1521Z1;Jílové u Prahy,Náměstí;49.90755;14.46165
20260605_132855_L488;20260605_132855;05.06.2026;13:18:00;488;30;9569;11;U9755Z2;Příbram,aut.nádr.;49.66888;13.99489
20260605_132855_L655;20260605_132855;05.06.2026;13:17:00;655;45;8128;12;U1608Z1;Úvaly,žel.st.;50.10091;14.71182
20260605_132855_L742;20260605_132855;05.06.2026;13:17:00;742;5;7622;10;U31494Z7;Ledeč n.Sáz.,Podolí;49.69814;15.266
20260605_132855_L788;20260605_132855;05.06.2026;13:18:00;788;10;7599;11;U7334Z2;Třebětín;49.94907;15.28637
20260605_132855_L476;20260605_132855;05.06.2026;13:17:00;476;36;8005;11;U4187Z2;Ovčáry;50.25604;14.61566
20260605_132855_L561;20260605_132855;05.06.2026;13:18:00;561;62;8360;11;U6843Z1;Rakovník,hasičský záchr.sbor;50.10681;13.71807
20260605_132855_L560;20260605_132855;05.06.2026;13:16:00;560;35;8342;11;U6811Z1;Rakovník,aut.st.;50.1168;13.72028
20260605_132855_L136;20260605_132855;05.06.2026;13:16:00;136;15;5068;13;U743Z2P;Jižní Město;50.08605;14.45545
20260605_132855_L136;20260605_132855;05.06.2026;13:17:00;136;14;6975;11;U322Z3P;Jižní Město;50.04553;14.48475
20260605_133255_L638;20260605_133255;05.06.2026;13:22:00;638;57;9806;11;U1747Z2;Beroun,autobusové nádraží;49.95491;14.053
20260605_133255_L587;20260605_133255;05.06.2026;13:17:00;587;29;7704;15;U9253Z1;Slaný,aut.nádr.;50.23373;14.03996
20260605_133255_L389;20260605_133255;05.06.2026;13:03:00;389;8;7762;26;U9226Z1;Praha,Nádraží Veleslavín;50.24466;14.04768
20260605_133255_L183;20260605_133255;05.06.2026;13:22:00;183;2;5098;10;U453Z10P;Háje;50.05303;14.53722
20260605_133255_L742;20260605_133255;05.06.2026;13:17:00;742;5;7622;14;U31494Z7;Ledeč n.Sáz.,Podolí;49.69814;15.266
20260605_133255_L381;20260605_133255;05.06.2026;13:20:00;381;13;1682;10;U2480Z8;Praha,Háje;49.95304;15.26967
20260605_133255_L204;20260605_133255;05.06.2026;13:18:00;204;74;9048;13;U1099Z1P;Sídliště Petrovice;50.05178;14.56689
20260605_133255_L641;20260605_133255;05.06.2026;13:18:00;641;16;9447;12;U1229Z1;Beroun,autobusové nádraží;49.90751;13.96993
20260605_133255_L136;20260605_133255;05.06.2026;13:18:00;136;13;5511;13;U353Z1P;Jižní Město;50.02991;14.52676
20260605_133255_L488;20260605_133255;05.06.2026;13:20:00;488;1;9785;12;U5821Z1;Mirovice,nám.;49.61013;14.04908
20260605_133255_L136;20260605_133255;05.06.2026;13:22:00;136;14;6975;11;U424Z1P;Jižní Město;50.03344;14.49935
20260605_133255_L101;20260605_133255;05.06.2026;13:22:00;101;5;2329;11;U680Z3P;Skalka;50.06885;14.46891
20260605_133255_L136;20260605_133255;05.06.2026;13:20:00;136;15;5068;13;U118Z4P;Jižní Město;50.07809;14.46079
20260605_133255_L136;20260605_133255;05.06.2026;13:23:00;136;33;6956;10;U183Z3P;Jižní Město;50.05604;14.47157
20260605_133255_L484;20260605_133255;05.06.2026;13:16:00;484;31;8144;15;U2315Z1;Úvaly,žel.st.;50.07407;14.72319
20260605_133255_L228;20260605_133255;05.06.2026;13:21:00;228;12;9013;11;U404Z3P;Benice;50.07572;14.53157
20260605_133255_L364;20260605_133255;05.06.2026;13:21:00;364;2;4518;12;U389Z2;Praha,Depo Hostivař;50.07224;14.53576
20260605_133255_L821;20260605_133255;05.06.2026;13:18:00;821;69;1584;13;U4148Z1;Kolín,nádraží;50.00113;14.99939
20260605_133255_L416;20260605_133255;05.06.2026;13:21:00;416;9;7227;10;U32280Z2;Praha,Smíchovské nádraží;49.32214;13.70086
20260605_133255_L560;20260605_133255;05.06.2026;13:21:00;560;35;8342;12;U4340Z1;Rakovník,aut.st.;50.10388;13.72553
20260605_133255_L492;20260605_133255;05.06.2026;13:19:00;492;35;9490;12;U2020Z1;Černé Voděrady;49.95827;14.82084
20260605_133255_L650;20260605_133255;05.06.2026;13:22:00;650;23;12559;11;U31425Z1;Kladno,autobusové nádraží;50.45535;14.16108
20260605_133255_L720;20260605_133255;05.06.2026;13:22:00;720;2;10252;10;U9443Z4;Turnov,Na Lukách;50.5857;15.14661
20260605_133255_L550;20260605_133255;05.06.2026;13:22:00;550;75;7866;10;U6587Z1;Vlašim,žel.st.;49.62009;14.80822
20260605_133255_L580;20260605_133255;05.06.2026;13:21:00;580;18;7695;10;U6839Z2;Rakovník,aut.st.;50.10787;13.73928
20260605_133255_L548;20260605_133255;05.06.2026;13:22:00;548;13;9546;10;U9617Z2;Hořovice,nemocnice;49.83582;13.90254
20260605_133255_L381;20260605_133255;05.06.2026;13:20:00;381;7;9362;11;U2013Z2;Praha,Háje;49.9924;14.82559
20260605_133255_L382;20260605_133255;05.06.2026;13:22:00;382;4;9367;10;U402Z1;Sázava,aut.st.;50.03762;14.58781
20260605_133255_L384;20260605_133255;05.06.2026;13:21:00;384;16;9867;12;U4273Z1;Praha,Zličín;49.96844;14.08092
20260605_133255_L389;20260605_133255;05.06.2026;13:12:00;389;12;7761;19;U32406Z12;Chomutov,žel.st.;50.45672;13.40041
20260605_133255_L401;20260605_133255;05.06.2026;13:20:00;401;69;7875;11;U1384Z16;Tábor,aut.nádr.;49.78154;14.68219
20260605_133255_L406;20260605_133255;05.06.2026;13:22:00;406;34;7854;10;U6043Z2;Vlašim,žel.st.;49.69885;14.90443
20260605_133255_L375;20260605_133255;05.06.2026;13:21:00;375;6;8265;10;U474Z7;Praha,Českomoravská;50.10578;14.50235
20260605_133255_L306;20260605_133255;05.06.2026;13:21:00;306;3;8896;12;U4953Z1;Praha,Zličín;50.13581;14.16456
20260605_133255_L311;20260605_133255;05.06.2026;13:15:00;311;77;9583;16;U9217Z1;Praha,Zličín;49.92589;14.26698
20260605_133255_L316;20260605_133255;05.06.2026;13:17:00;316;8;8982;15;U2286Z1;Kralupy n.Vlt.,žel.st.;50.2418;14.31416
20260605_133255_L332;20260605_133255;05.06.2026;13:20:00;332;4;9162;11;U1330Z1;Neveklov;49.96172;14.52418
20260605_133255_L333;20260605_133255;05.06.2026;13:20:00;333;11;7454;13;U1522Z1;Zvole,Nová Zvole;49.98589;14.49386
20260605_133255_L339;20260605_133255;05.06.2026;13:22:00;339;28;9365;10;U1522Z1;Kamenice,Kult.dům;49.98413;14.49502
20260605_133255_L224;20260605_133255;05.06.2026;13:20:00;224;76;9017;12;U3015Z1P;Dolnopočernický hřbitov;50.08577;14.57574
20260605_133255_L226;20260605_133255;05.06.2026;13:21:00;226;1;1590;12;U435Z3P;Benice;50.03781;14.58821
20260605_133255_L448;20260605_133255;05.06.2026;13:22:00;448;61;1120;11;U1858Z1;Mníšek p.Brdy,náměstí;49.90923;14.29902
20260605_133255_L445;20260605_133255;05.06.2026;13:20:00;445;16;7404;12;U2598Z2;Jílové u Prahy,Náměstí;49.90019;14.47916
20260605_133255_L493;20260605_133255;05.06.2026;13:22:00;493;12;8610;10;U3159Z1;Poděbrady,žel.st.;50.14332;15.10284
20260605_133255_L488;20260605_133255;05.06.2026;13:21:00;488;30;9569;11;U9751Z2;Příbram,aut.nádr.;49.67685;14.00158
20260605_133255_L511;20260605_133255;05.06.2026;13:22:00;511;14;9618;11;U4293Z1;Březnice,aut.st.;49.55563;13.99993
20260605_133255_L655;20260605_133255;05.06.2026;13:20:00;655;45;8128;11;U2355Z1;Úvaly,žel.st.;50.07885;14.71154
20260605_133255_L788;20260605_133255;05.06.2026;13:23:00;788;10;7599;10;U7126Z2;Třebětín;49.927;15.27186
20260605_133255_L467;20260605_133255;05.06.2026;13:20:00;467;57;8054;13;U1794Z2;Mladá Boleslav,aut.st.;50.35385;14.4818
20260605_133255_L718;20260605_133255;05.06.2026;13:23:00;718;32;8608;10;U6295Z1;Mnichovo Hradiště,dopravní terminál;50.46043;15.08259
20260605_133255_L369;20260605_133255;05.06.2026;13:19:00;369;34;8233;13;U1795Z1;Mělník,Mlazice;50.35885;14.4723
20260605_133255_L177;20260605_133255;05.06.2026;13:19:00;177;7;6958;14;U641Z1P;Chodov;50.04662;14.52306
20260605_133255_L136;20260605_133255;05.06.2026;13:20:00;136;16;5546;10;U1074Z4P;Jižní Město;50.09089;14.46819
20260605_133255_L126;20260605_133255;05.06.2026;13:22:00;126;1;4033;11;U542Z2P;Nádraží Uhříněves;50.03466;14.59447
20260605_133656_L183;20260605_133656;05.06.2026;13:27:00;183;2;5098;10;U154Z2P;Háje;50.04777;14.55543
20260605_133656_L229;20260605_133656;05.06.2026;13:26:00;229;8;4511;11;U336Z1P;Královice;50.0315;14.59889
20260605_133656_L136;20260605_133656;05.06.2026;13:24:00;136;15;5068;13;U855Z1P;Jižní Město;50.07458;14.46274
20260605_133656_L120;20260605_133656;05.06.2026;13:22:00;120;5;3660;14;U456Z2P;Na Knížecí;49.98416;14.36233
20260605_133656_L448;20260605_133656;05.06.2026;13:25:00;448;61;1120;11;U4626Z2;Mníšek p.Brdy,náměstí;49.8945;14.29404
20260605_133656_L488;20260605_133656;05.06.2026;13:24:00;488;1;9785;12;U5724Z1;Mirovice,nám.;49.5986;14.06572
20260605_133656_L742;20260605_133656;05.06.2026;13:17:00;742;5;7622;18;U31494Z7;Ledeč n.Sáz.,Podolí;49.69814;15.266
20260605_133656_L101;20260605_133656;05.06.2026;13:27:00;101;5;2329;10;U1092Z1P;Skalka;50.05677;14.47302
20260605_133656_L364;20260605_133656;05.06.2026;13:23:00;364;2;4518;11;U358Z4;Praha,Depo Hostivař;50.077;14.51856
20260605_133656_L720;20260605_133656;05.06.2026;13:25:00;720;2;10252;10;U31091Z1;Turnov,Na Lukách;50.58712;15.15276
20260605_133656_L224;20260605_133656;05.06.2026;13:23:00;224;76;9017;13;U1163Z1P;Dolnopočernický hřbitov;50.08857;14.58104
20260605_133656_L381;20260605_133656;05.06.2026;13:25:00;381;7;9362;12;U2011Z2;Praha,Háje;49.98718;14.78821
20260605_133656_L382;20260605_133656;05.06.2026;13:25:00;382;4;9367;12;U542Z1;Sázava,aut.st.;50.03556;14.59314
20260605_133656_L389;20260605_133656;05.06.2026;13:12:00;389;12;7761;23;U32406Z12;Chomutov,žel.st.;50.45671;13.40039
20260605_133656_L389;20260605_133656;05.06.2026;13:03:00;389;8;7762;29;U9226Z1;Praha,Nádraží Veleslavín;50.23976;14.05188
20260605_133656_L548;20260605_133656;05.06.2026;13:23:00;548;13;9546;11;U9618Z6;Hořovice,nemocnice;49.83324;13.90372
20260605_133656_L641;20260605_133656;05.06.2026;13:23:00;641;16;9447;13;U9106Z1;Beroun,autobusové nádraží;49.91604;13.98067
20260605_133656_L381;20260605_133656;05.06.2026;13:24:00;381;13;1682;12;U2479Z2;Praha,Háje;49.95039;15.26133
20260605_133656_L821;20260605_133656;05.06.2026;13:18:00;821;69;1584;14;U4148Z1;Kolín,nádraží;50.00711;15.02666
20260605_133656_L136;20260605_133656;05.06.2026;13:24:00;136;14;6975;12;U106Z2P;Jižní Město;50.02752;14.50775
20260605_133656_L763;20260605_133656;05.06.2026;13:25:00;763;31;9790;10;U6172Z51;Mladá Boleslav,Zalužany ŠKODA;50.43026;14.9206
20260605_133656_L484;20260605_133656;05.06.2026;13:16:00;484;31;8144;18;U2315Z1;Úvaly,žel.st.;50.07407;14.72319
20260605_133656_L177;20260605_133656;05.06.2026;13:22:00;177;7;6958;15;U195Z1P;Chodov;50.04451;14.51235
20260605_133656_L584;20260605_133656;05.06.2026;13:22:00;584;65;8408;11;U3362Z1;Rakovník,aut.st.;50.1747;13.73532
20260605_133656_L339;20260605_133656;05.06.2026;13:26:00;339;28;9365;11;U1332Z1;Kamenice,Kult.dům;49.96988;14.50906
20260605_133656_L332;20260605_133656;05.06.2026;13:24:00;332;4;9162;12;U2130Z1;Neveklov;49.948;14.51871
20260605_133656_L691;20260605_133656;05.06.2026;13:26:00;691;40;7984;10;U1798Z1;Vidim;50.3742;14.46673
20260605_133656_L476;20260605_133656;05.06.2026;13:25:00;476;36;8005;11;U2186Z1;Neratovice,Žel.st.;50.26377;14.60911
20260605_133656_L226;20260605_133656;05.06.2026;13:21:00;226;1;1590;14;U435Z3P;Benice;50.03539;14.59309
20260605_133656_L305;20260605_133656;05.06.2026;13:26:00;305;36;8404;10;U32130Z1;Karlovy Vary,terminál;50.13209;13.30902
20260605_133656_L228;20260605_133656;05.06.2026;13:22:00;228;12;9013;13;U389Z1P;Benice;50.06964;14.54247
20260605_133656_L306;20260605_133656;05.06.2026;13:24:00;306;3;8896;13;U4390Z2;Praha,Zličín;50.13155;14.15264
20260605_133656_L511;20260605_133656;05.06.2026;13:25:00;511;14;9618;11;U7052Z1;Březnice,aut.st.;49.55603;13.97541
20260605_133656_L492;20260605_133656;05.06.2026;13:19:00;492;35;9490;16;U2020Z1;Černé Voděrady;49.95826;14.82085
20260605_133656_L416;20260605_133656;05.06.2026;13:24:00;416;9;7227;10;U31595Z2;Praha,Smíchovské nádraží;49.34413;13.70037
20260605_133656_L580;20260605_133656;05.06.2026;13:24:00;580;18;7695;12;U2009Z1;Rakovník,aut.st.;50.10664;13.72837
20260605_133656_L638;20260605_133656;05.06.2026;13:26:00;638;57;9806;11;U4337Z1;Beroun,autobusové nádraží;49.95775;14.07019
20260605_133656_L369;20260605_133656;05.06.2026;13:22:00;369;34;8233;15;U1797Z1;Mělník,Mlazice;50.37107;14.46595
20260605_133656_L136;20260605_133656;05.06.2026;13:25:00;136;16;5546;12;U2787Z2P;Jižní Město;50.08771;14.45672
20260605_133656_L655;20260605_133656;05.06.2026;13:24:00;655;45;8128;12;U5242Z1;Úvaly,žel.st.;50.07319;14.72157
20260605_133656_L493;20260605_133656;05.06.2026;13:26:00;493;12;8610;10;U2578Z1;Poděbrady,žel.st.;50.14279;15.12194
20260605_133656_L497;20260605_133656;05.06.2026;13:25:00;497;9;8565;11;U1496Z2;Nymburk,hl.nádr.;50.22807;14.8841
20260605_133656_L406;20260605_133656;05.06.2026;13:22:00;406;19;7841;14;U7012Z2;Benešov,Terminál;49.77973;14.70938
20260605_133656_L384;20260605_133656;05.06.2026;13:21:00;384;16;9867;13;U4273Z1;Praha,Zličín;49.97615;14.10386
20260605_133656_L401;20260605_133656;05.06.2026;13:25:00;401;69;7875;11;U4522Z1;Tábor,aut.nádr.;49.77296;14.68024
20260605_133656_L788;20260605_133656;05.06.2026;13:25:00;788;10;7599;10;U7165Z1;Třebětín;49.91786;15.24323
20260605_133656_L204;20260605_133656;05.06.2026;13:24:00;204;74;9048;13;U732Z1P;Sídliště Petrovice;50.04304;14.55562
20260605_133656_L821;20260605_133656;05.06.2026;13:26:00;821;52;1604;10;U2387Z51;Sázava,aut.st.;49.90833;14.95739
20260605_134056_L136;20260605_134056;05.06.2026;13:27:00;136;14;6975;13;U916Z1P;Jižní Město;50.02515;14.51478
20260605_134056_L136;20260605_134056;05.06.2026;13:29:00;136;15;5068;12;U680Z3P;Jižní Město;50.06889;14.46901
20260605_134056_L488;20260605_134056;05.06.2026;13:24:00;488;1;9785;13;U5724Z1;Mirovice,nám.;49.59093;14.08824
20260605_134056_L444;20260605_134056;05.06.2026;13:29:00;444;32;9136;10;U1564Z1;Jílové u Prahy,Náměstí;49.90446;14.58664
20260605_134056_L228;20260605_134056;05.06.2026;13:28:00;228;11;9044;10;U3053Z2P;Poliklinika Malešice;50.03144;14.59837
20260605_134056_L492;20260605_134056;05.06.2026;13:19:00;492;35;9490;20;U2020Z1;Černé Voděrady;49.95825;14.82086
20260605_134056_L149;20260605_134056;05.06.2026;13:30:00;149;5;4178;10;U321Z4P;Dejvická;50.1;14.39552
20260605_134056_L416;20260605_134056;05.06.2026;13:29:00;416;9;7227;11;U31889Z2;Praha,Smíchovské nádraží;49.36501;13.71447
20260605_134056_L384;20260605_134056;05.06.2026;13:28:00;384;16;9867;12;U2372Z2;Praha,Zličín;49.98702;14.1359
20260605_134056_L400;20260605_134056;05.06.2026;13:29:00;400;57;1086;11;U31359Z2;Praha,Střížkov;50.74895;14.54999
20260605_134056_L448;20260605_134056;05.06.2026;13:29:00;448;61;1120;12;U2122Z1;Mníšek p.Brdy,náměstí;49.88987;14.28916
20260605_134056_L484;20260605_134056;05.06.2026;13:16:00;484;31;8144;22;U2315Z1;Úvaly,žel.st.;50.07407;14.72319
20260605_134056_L821;20260605_134056;05.06.2026;13:26:00;821;69;1584;15;U4984Z2;Kolín,nádraží;50.01169;15.04516
20260605_134056_L742;20260605_134056;05.06.2026;13:17:00;742;5;7622;22;U31494Z7;Ledeč n.Sáz.,Podolí;49.69814;15.266
20260605_134056_L641;20260605_134056;05.06.2026;13:26:00;641;16;9447;12;U9107Z1;Beroun,autobusové nádraží;49.93281;13.98879
20260605_134056_L401;20260605_134056;05.06.2026;13:28:00;401;69;7875;12;U4554Z1;Tábor,aut.nádr.;49.75225;14.67235
20260605_134056_L389;20260605_134056;05.06.2026;13:03:00;389;8;7762;33;U9226Z1;Praha,Nádraží Veleslavín;50.23976;14.05188
20260605_134056_L183;20260605_134056;05.06.2026;13:31:00;183;2;5098;10;U1013Z1P;Háje;50.04111;14.56692
20260605_134056_L406;20260605_134056;05.06.2026;13:26:00;406;19;7841;14;U4073Z2;Benešov,Terminál;49.78606;14.68872
20260605_134056_L229;20260605_134056;05.06.2026;13:29:00;229;8;4511;12;U1233Z1P;Královice;50.03378;14.60976
20260605_134056_L763;20260605_134056;05.06.2026;13:25:00;763;31;9790;13;U6172Z51;Mladá Boleslav,Zalužany ŠKODA;50.43237;14.92511
20260605_134056_L624;20260605_134056;05.06.2026;13:29:00;624;15;8806;11;U5961Z1;Dřetovice;50.16809;14.19754
20260605_134056_L113;20260605_134056;05.06.2026;13:30:00;113;2;3912;11;U369Z1P;Písnice;50.00043;14.46673
20260605_134056_L306;20260605_134056;05.06.2026;13:26:00;306;3;8896;14;U4389Z2;Praha,Zličín;50.11379;14.1597
20260605_134056_L476;20260605_134056;05.06.2026;13:29:00;476;36;8005;10;U4188Z1;Neratovice,Žel.st.;50.28364;14.5867
20260605_134056_L584;20260605_134056;05.06.2026;13:28:00;584;65;8408;11;U3143Z1;Rakovník,aut.st.;50.16047;13.74366
20260605_134056_L410;20260605_134056;05.06.2026;13:30:00;410;4;11698;10;U6073Z1;Mimoň,aut.st.;50.48086;14.48456
20260605_134056_L650;20260605_134056;05.06.2026;13:27:00;650;23;12559;12;U31427Z1;Kladno,autobusové nádraží;50.40706;14.14434
20260605_134056_L511;20260605_134056;05.06.2026;13:29:00;511;14;9618;11;U7046Z1;Březnice,aut.st.;49.55842;13.94731
20260605_134056_L521;20260605_134056;05.06.2026;13:31:00;521;17;9617;10;U9767Z2;Příbram,aut.nádr.;49.66157;13.95647
20260605_134056_L600;20260605_134056;05.06.2026;13:30:00;600;22;8772;10;U4298Z2;Kladno,autobusové nádraží;50.1527;13.89881
20260605_134056_L333;20260605_134056;05.06.2026;13:27:00;333;11;7454;10;U1502Z1;Zvole,Nová Zvole;49.96356;14.45848
20260605_134056_L339;20260605_134056;05.06.2026;13:28:00;339;28;9365;12;U1330Z1;Kamenice,Kult.dům;49.96333;14.52071
20260605_134056_L752;20260605_134056;05.06.2026;13:31:00;752;1;7855;10;U4501Z2;Jílové u Prahy,Náměstí;49.85118;14.55214
20260605_134056_L548;20260605_134056;05.06.2026;13:27:00;548;13;9546;12;U4275Z2;Hořovice,nemocnice;49.83864;13.90818
20260605_134056_L226;20260605_134056;05.06.2026;13:27:00;226;1;1590;13;U336Z1P;Benice;50.03108;14.5994
20260605_134056_L228;20260605_134056;05.06.2026;13:26:00;228;12;9013;15;U1014Z1P;Benice;50.07224;14.54297
20260605_134056_L332;20260605_134056;05.06.2026;13:28:00;332;4;9162;12;U2128Z1;Neveklov;49.93462;14.51187
20260605_134056_L120;20260605_134056;05.06.2026;13:26:00;120;5;3660;15;U830Z2P;Na Knížecí;49.99254;14.34549
20260605_134056_L406;20260605_134056;05.06.2026;13:27:00;406;4;7936;11;U31660Z1;Pelhřimov,aut.nádr.;49.5491;15.14434
20260605_134056_L406;20260605_134056;05.06.2026;13:26:00;406;2;7944;15;U4073Z1;Pelhřimov,aut.nádr.;49.78587;14.68882
20260605_134056_L381;20260605_134056;05.06.2026;13:28:00;381;7;9362;12;U1909Z2;Praha,Háje;49.9894;14.75209
20260605_134056_L381;20260605_134056;05.06.2026;13:27:00;381;13;1682;14;U1476Z2;Praha,Háje;49.94786;15.23622
20260605_134056_L389;20260605_134056;05.06.2026;13:12:00;389;12;7761;27;U32406Z12;Chomutov,žel.st.;50.45668;13.40042
20260605_134056_L783;20260605_134056;05.06.2026;13:31:00;783;26;7642;10;U7214Z1;Kutná Hora,aut.st.;50.00049;15.40636
20260605_134056_L433;20260605_134056;05.06.2026;13:30:00;433;14;8602;10;U3088Z2;Pečky,žel.st.;50.18439;15.02646
20260605_134056_L497;20260605_134056;05.06.2026;13:31:00;497;9;8565;10;U2466Z1;Nymburk,hl.nádr.;50.22429;14.89666
20260605_134056_L691;20260605_134056;05.06.2026;13:26:00;691;40;7984;12;U1798Z1;Vidim;50.37935;14.46546
20260605_134056_L382;20260605_134056;05.06.2026;13:27:00;382;4;9367;14;U336Z1;Sázava,aut.st.;50.03121;14.59919
20260605_134056_L136;20260605_134056;05.06.2026;13:28:00;136;16;5546;12;U516Z3P;Jižní Město;50.08206;14.45936
20260605_134457_L382;20260605_134457;05.06.2026;13:30:00;382;4;9367;14;U2137Z1;Sázava,aut.st.;50.02786;14.6158
20260605_134457_L181;20260605_134457;05.06.2026;13:33:00;181;2;5552;10;U403Z8P;Opatov;50.05135;14.52345
20260605_134457_L136;20260605_134457;05.06.2026;13:30:00;136;14;6975;15;U286Z5P;Jižní Město;50.03073;14.52989
20260605_134457_L401;20260605_134457;05.06.2026;13:32:00;401;69;7875;12;U4556Z1;Tábor,aut.nádr.;49.7377;14.66641
20260605_134457_L740;20260605_134457;05.06.2026;13:32:00;740;14;7619;10;U6979Z2;Okřesaneč;49.85869;15.42745
20260605_134457_L742;20260605_134457;05.06.2026;13:17:00;742;5;7622;26;U31494Z7;Ledeč n.Sáz.,Podolí;49.69814;15.266
20260605_134457_L120;20260605_134457;05.06.2026;13:30:00;120;5;3660;14;U347Z2P;Na Knížecí;50.00322;14.35248
20260605_134457_L381;20260605_134457;05.06.2026;13:30:00;381;13;1682;13;U1475Z2;Praha,Háje;49.94918;15.1943
20260605_134457_L183;20260605_134457;05.06.2026;13:34:00;183;2;5098;10;U338Z2P;Háje;50.03326;14.55959
20260605_134457_L492;20260605_134457;05.06.2026;13:19:00;492;35;9490;24;U2020Z1;Černé Voděrady;49.95825;14.82087
20260605_134457_L136;20260605_134457;05.06.2026;13:34:00;136;33;6956;10;U106Z2P;Jižní Město;50.02795;14.5076
20260605_134457_L191;20260605_134457;05.06.2026;13:34:00;191;2;4003;10;U629Z3P;Letiště / Airport ✈;50.10481;14.2691
20260605_134457_L332;20260605_134457;05.06.2026;13:30:00;332;4;9162;12;U2127Z1;Neveklov;49.92061;14.50359
20260605_134457_L333;20260605_134457;05.06.2026;13:34:00;333;11;7454;11;U1504Z2;Zvole,Nová Zvole;49.95615;14.43267
20260605_134457_L337;20260605_134457;05.06.2026;13:32:00;337;3;9175;10;U488Z7;Praha,Budějovická;50.04116;14.45891
20260605_134457_L229;20260605_134457;05.06.2026;13:33:00;229;8;4511;11;U1405Z1P;Královice;50.05128;14.62329
20260605_134457_L641;20260605_134457;05.06.2026;13:32:00;641;16;9447;13;U4979Z1;Beroun,autobusové nádraží;49.93954;14.02228
20260605_134457_L433;20260605_134457;05.06.2026;13:34:00;433;14;8602;11;U4859Z1;Pečky,žel.st.;50.18292;15.03118
20260605_134457_L416;20260605_134457;05.06.2026;13:33:00;416;9;7227;11;U31866Z2;Praha,Smíchovské nádraží;49.37497;13.74737
20260605_134457_L650;20260605_134457;05.06.2026;13:32:00;650;23;12559;12;U31429Z1;Kladno,autobusové nádraží;50.40558;14.12846
20260605_134457_L536;20260605_134457;05.06.2026;13:32:00;536;30;7656;12;U6633Z2;Kolín,nádraží;50.06759;15.2737
20260605_134457_L624;20260605_134457;05.06.2026;13:32:00;624;15;8806;11;U4399Z1;Dřetovice;50.17734;14.19866
20260605_134457_L821;20260605_134457;05.06.2026;13:30:00;821;69;1584;14;U9000Z1;Kolín,nádraží;50.00575;15.06054
20260605_134457_L590;20260605_134457;05.06.2026;13:33:00;590;24;7745;11;U2898Z1;Vraný;50.16861;13.99454
20260605_134457_L600;20260605_134457;05.06.2026;13:32:00;600;22;8772;12;U9316Z1;Kladno,autobusové nádraží;50.14468;13.91163
20260605_134457_L226;20260605_134457;05.06.2026;13:31:00;226;1;1590;14;U828Z1P;Benice;50.026;14.60869
20260605_134457_L228;20260605_134457;05.06.2026;13:32:00;228;11;9044;13;U461Z2P;Poliklinika Malešice;50.03346;14.59281
20260605_134457_L306;20260605_134457;05.06.2026;13:31:00;306;3;8896;13;U2120Z3;Praha,Zličín;50.11558;14.20252
20260605_134457_L400;20260605_134457;05.06.2026;13:31:00;400;56;1087;11;U6060Z2;Praha,Střížkov;50.41035;14.45527
20260605_134457_L400;20260605_134457;05.06.2026;13:33:00;400;57;1086;10;U31357Z2;Praha,Střížkov;50.72133;14.54567
20260605_134457_L163;20260605_134457;05.06.2026;13:35:00;163;60;9185;10;U28Z1P;Sídliště Rohožník;50.08092;14.6177
20260605_134457_L484;20260605_134457;05.06.2026;13:16:00;484;31;8144;28;U2315Z1;Úvaly,žel.st.;50.07419;14.72305
20260605_134457_L448;20260605_134457;05.06.2026;13:32:00;448;61;1120;11;U1708Z2;Mníšek p.Brdy,náměstí;49.86859;14.26994
20260605_134457_L521;20260605_134457;05.06.2026;13:33:00;521;17;9617;10;U9764Z2;Příbram,aut.nádr.;49.67416;13.97746
20260605_134457_L584;20260605_134457;05.06.2026;13:33:00;584;65;8408;11;U6149Z1;Rakovník,aut.st.;50.14406;13.75116
20260605_134457_L770;20260605_134457;05.06.2026;13:35:00;770;42;7918;10;U4073Z2;Benešov,Terminál;49.78579;14.68985
20260605_134457_L783;20260605_134457;05.06.2026;13:35:00;783;26;7642;10;U7216Z1;Kutná Hora,aut.st.;50.00895;15.3826
20260605_134457_L476;20260605_134457;05.06.2026;13:33:00;476;36;8005;10;U4188Z2;Neratovice,Žel.st.;50.27038;14.58936
20260605_134457_L444;20260605_134457;05.06.2026;13:29:00;444;32;9136;15;U1564Z1;Jílové u Prahy,Náměstí;49.90421;14.58667
20260605_134457_L381;20260605_134457;05.06.2026;13:30:00;381;7;9362;14;U2008Z2;Praha,Háje;49.98988;14.73222
20260605_134457_L384;20260605_134457;05.06.2026;13:32:00;384;16;9867;12;U2370Z2;Praha,Zličín;49.99456;14.15836
20260605_134457_L389;20260605_134457;05.06.2026;13:03:00;389;8;7762;34;U9226Z1;Praha,Nádraží Veleslavín;50.23492;14.06486
20260605_134457_L580;20260605_134457;05.06.2026;13:33:00;580;18;7695;11;U2926Z15;Slaný,aut.nádr.;50.1007;13.73449
20260605_134457_L385;20260605_134457;05.06.2026;13:34:00;385;7;1732;10;U106Z1;Mukařov;50.02284;14.50857
20260605_134457_L548;20260605_134457;05.06.2026;13:27:00;548;13;9546;16;U4275Z2;Hořovice,nemocnice;49.83841;13.90769
20260605_134457_L617;20260605_134457;05.06.2026;13:32:00;617;16;7335;11;U4717Z2;Roudnice n.L.,žel.st.;50.42475;14.26086
20260605_134457_L136;20260605_134457;05.06.2026;13:33:00;136;15;5068;12;U183Z3P;Jižní Město;50.05609;14.47155
20260605_134457_L136;20260605_134457;05.06.2026;13:30:00;136;16;5546;15;U118Z4P;Jižní Město;50.07875;14.46045
20260605_134457_L339;20260605_134457;05.06.2026;13:31:00;339;28;9365;12;U1531Z1;Kamenice,Kult.dům;49.94804;14.54199
20260605_134457_L861;20260605_134457;05.06.2026;13:33:00;861;87;9063;10;U7527Z1;Beroun,autobusové nádraží;49.95708;14.06274
20260605_134457_L177;20260605_134457;05.06.2026;13:34:00;177;8;6751;11;U641Z1P;Chodov;50.04677;14.52352
20260605_134457_L493;20260605_134457;05.06.2026;13:33:00;493;12;8610;11;U2578Z2;Nymburk,hl.nádr.;50.14232;15.12162
20260605_134857_L405;20260605_134857;05.06.2026;13:38:00;405;65;1413;10;U31026Z1;Špindlerův Mlýn,aut.st.;50.62844;15.60978
20260605_134857_L740;20260605_134857;05.06.2026;13:36:00;740;14;7619;11;U6983Z1;Okřesaneč;49.85696;15.44342
20260605_134857_L742;20260605_134857;05.06.2026;13:17:00;742;5;7622;30;U31494Z7;Ledeč n.Sáz.,Podolí;49.69814;15.266
20260605_134857_L590;20260605_134857;05.06.2026;13:36:00;590;28;7703;13;U9269Z1;Nové Strašecí,Palackého;50.23354;14.0871
20260605_134857_L306;20260605_134857;05.06.2026;13:34:00;306;3;8896;14;U2133Z2;Praha,Zličín;50.11476;14.2167
20260605_134857_L521;20260605_134857;05.06.2026;13:38:00;521;17;9617;11;U9735Z2;Příbram,aut.nádr.;49.67853;13.99483
20260605_134857_L735;20260605_134857;05.06.2026;13:35:00;735;23;7033;10;U31137Z1;Kopidlno,nám.;50.38564;15.21411
20260605_134857_L332;20260605_134857;05.06.2026;13:36:00;332;4;9162;12;U2107Z1;Neveklov;49.90325;14.49627
20260605_134857_L536;20260605_134857;05.06.2026;13:32:00;536;30;7656;16;U6633Z2;Kolín,nádraží;50.06759;15.2737
20260605_134857_L228;20260605_134857;05.06.2026;13:35:00;228;11;9044;13;U9691Z2P;Poliklinika Malešice;50.04599;14.58472
20260605_134857_L521;20260605_134857;05.06.2026;13:38:00;521;3;9587;10;U9730Z1;Věšín,Buková;49.6855;14.00653
20260605_134857_L484;20260605_134857;05.06.2026;13:16:00;484;31;8144;30;U2315Z1;Úvaly,žel.st.;50.07419;14.72305
20260605_134857_L702;20260605_134857;05.06.2026;13:35:00;702;54;1645;13;U2156Z2;Kolín,nádraží;49.95486;15.16478
20260605_134857_L136;20260605_134857;05.06.2026;13:37:00;136;33;6956;12;U916Z1P;Jižní Město;50.02524;14.51589
20260605_134857_L163;20260605_134857;05.06.2026;13:38:00;163;60;9185;10;U36Z1P;Sídliště Rohožník;50.07757;14.65296
20260605_134857_L126;20260605_134857;05.06.2026;13:37:00;126;2;3825;12;U542Z2P;Nádraží Uhříněves;50.03467;14.59451
20260605_134857_L381;20260605_134857;05.06.2026;13:35:00;381;13;1682;13;U2156Z2;Praha,Háje;49.95278;15.16287
20260605_134857_L385;20260605_134857;05.06.2026;13:34:00;385;7;1732;14;U106Z1;Mukařov;50.02688;14.5084
20260605_134857_L580;20260605_134857;05.06.2026;13:33:00;580;18;7695;15;U2926Z15;Slaný,aut.nádr.;50.10123;13.7311
20260605_134857_L650;20260605_134857;05.06.2026;13:35:00;650;23;12559;11;U31430Z1;Kladno,autobusové nádraží;50.38091;14.1221
20260605_134857_L458;20260605_134857;05.06.2026;13:35:00;458;3;7077;12;U7738Z5;Vlašim,žel.st.;49.61925;14.90108
20260605_134857_L416;20260605_134857;05.06.2026;13:37:00;416;9;7227;10;U31647Z2;Praha,Smíchovské nádraží;49.3975;13.77515
20260605_134857_L333;20260605_134857;05.06.2026;13:37:00;333;11;7454;11;U1512Z1;Zvole,Nová Zvole;49.94176;14.43141
20260605_134857_L339;20260605_134857;05.06.2026;13:35:00;339;28;9365;14;U1534Z1;Kamenice,Kult.dům;49.93394;14.55918
20260605_134857_L540;20260605_134857;05.06.2026;13:36:00;540;14;7584;12;U6698Z52;Poděbrady,žel.st.;50.19363;15.14871
20260605_134857_L541;20260605_134857;05.06.2026;13:36:00;541;1;7657;11;U6698Z52;Městec Králové,nám.;50.19555;15.1716
20260605_134857_L226;20260605_134857;05.06.2026;13:35:00;226;1;1590;13;U725Z1P;Benice;50.01365;14.623
20260605_134857_L770;20260605_134857;05.06.2026;13:37:00;770;42;7918;11;U4483Z3;Benešov,Terminál;49.78741;14.6822
20260605_134857_L584;20260605_134857;05.06.2026;13:36:00;584;65;8408;11;U9911Z1;Rakovník,aut.st.;50.12469;13.76648
20260605_134857_L590;20260605_134857;05.06.2026;13:38:00;590;24;7745;10;U1915Z2;Vraný;50.18867;14.04241
20260605_134857_L600;20260605_134857;05.06.2026;13:37:00;600;22;8772;11;U9291Z1;Kladno,autobusové nádraží;50.13865;13.96799
20260605_134857_L641;20260605_134857;05.06.2026;13:37:00;641;16;9447;11;U1748Z2;Beroun,autobusové nádraží;49.94953;14.04049
20260605_134857_L476;20260605_134857;05.06.2026;13:33:00;476;36;8005;11;U4188Z2;Neratovice,Žel.st.;50.24863;14.59166
20260605_134857_L788;20260605_134857;05.06.2026;13:37:00;788;10;7599;11;U7117Z2;Třebětín;49.89797;15.27483
20260605_134857_L181;20260605_134857;05.06.2026;13:36:00;181;2;5552;13;U641Z4P;Opatov;50.04559;14.52516
20260605_134857_L382;20260605_134857;05.06.2026;13:35:00;382;4;9367;13;U1885Z1;Sázava,aut.st.;50.00487;14.65695
20260605_134857_L136;20260605_134857;05.06.2026;13:34:00;136;16;5546;15;U855Z1P;Jižní Město;50.07462;14.46275
20260605_134857_L401;20260605_134857;05.06.2026;13:34:00;401;69;7875;13;U4557Z1;Tábor,aut.nádr.;49.73497;14.66132
20260605_134857_L229;20260605_134857;05.06.2026;13:34:00;229;8;4511;12;U131Z1P;Královice;50.03992;14.63009
20260605_134857_L400;20260605_134857;05.06.2026;13:34:00;400;56;1087;14;U3316Z4;Praha,Střížkov;50.40506;14.44809
20260605_134857_L400;20260605_134857;05.06.2026;13:36:00;400;57;1086;11;U32150Z2;Praha,Střížkov;50.69877;14.54187
20260605_134857_L136;20260605_134857;05.06.2026;13:37:00;136;15;5068;12;U322Z3P;Jižní Město;50.04605;14.48397
20260605_134857_L433;20260605_134857;05.06.2026;13:37:00;433;14;8602;12;U2970Z51;Pečky,žel.st.;50.18815;15.03752
20260605_134857_L489;20260605_134857;05.06.2026;13:35:00;489;39;1608;13;U2008Z3;Strančice,žel.st.;49.98939;14.7407
20260605_134857_L412;20260605_134857;05.06.2026;13:35:00;412;41;9909;12;U31013Z12;Sobotka,nám.;50.43871;15.357
20260605_134857_L315;20260605_134857;05.06.2026;13:36:00;315;4;1861;10;U3389Z1;Mnichovo Hradiště,dopravní terminál;50.4195;14.91421
20260605_134857_L136;20260605_134857;05.06.2026;13:38:00;136;4;5517;10;U791Z1P;Sídliště Čakovice;50.15165;14.5219
20260605_134857_L177;20260605_134857;05.06.2026;13:37:00;177;8;6751;11;U195Z1P;Chodov;50.04454;14.51234
20260605_134857_L493;20260605_134857;05.06.2026;13:36:00;493;12;8610;12;U2577Z2;Nymburk,hl.nádr.;50.13339;15.1
20260605_135257_L489;20260605_135257;05.06.2026;13:35:00;489;39;1608;17;U2008Z3;Strančice,žel.st.;49.98879;14.74216
20260605_135257_L136;20260605_135257;05.06.2026;13:41:00;136;33;6956;12;U151Z1P;Jižní Město;50.03151;14.53372
20260605_135257_L181;20260605_135257;05.06.2026;13:40:00;181;2;5552;13;U99Z1P;Opatov;50.03782;14.5092
20260605_135257_L740;20260605_135257;05.06.2026;13:38:00;740;14;7619;11;U6982Z2;Okřesaneč;49.85944;15.45199
20260605_135257_L136;20260605_135257;05.06.2026;13:40:00;136;15;5068;13;U181Z1P;Jižní Město;50.04017;14.49007
20260605_135257_L395;20260605_135257;05.06.2026;13:42:00;395;31;9914;10;U9754Z2;Příbram,Březové Hory;49.67427;13.99045
20260605_135257_L521;20260605_135257;05.06.2026;13:42:00;521;17;9617;10;U9731Z2;Příbram,aut.nádr.;49.68537;14.00686
20260605_135257_L590;20260605_135257;05.06.2026;13:37:00;590;28;7703;15;U4835Z1;Nové Strašecí,Palackého;50.23225;14.085
20260605_135257_L641;20260605_135257;05.06.2026;13:39:00;641;17;9449;13;U9855Z55;Hořovice,nemocnice;49.88444;13.94949
20260605_135257_L641;20260605_135257;05.06.2026;13:41:00;641;16;9447;11;U4971Z2;Beroun,autobusové nádraží;49.95735;14.05763
20260605_135257_L540;20260605_135257;05.06.2026;13:36:00;540;14;7584;16;U6698Z52;Poděbrady,žel.st.;50.19075;15.14556
20260605_135257_L541;20260605_135257;05.06.2026;13:39:00;541;1;7657;12;U7788Z2;Městec Králové,nám.;50.18971;15.19431
20260605_135257_L484;20260605_135257;05.06.2026;13:16:00;484;31;8144;34;U2315Z1;Úvaly,žel.st.;50.07419;14.72305
20260605_135257_L385;20260605_135257;05.06.2026;13:34:00;385;7;1732;17;U106Z1;Mukařov;50.0176;14.52083
20260605_135257_L387;20260605_135257;05.06.2026;13:41:00;387;15;9374;11;U336Z1;Uhlířské Janovice,nám.;50.03112;14.59932
20260605_135257_L788;20260605_135257;05.06.2026;13:40:00;788;10;7599;11;U7115Z2;Třebětín;49.8866;15.2622
20260605_135257_L742;20260605_135257;05.06.2026;13:17:00;742;5;7622;34;U31494Z7;Ledeč n.Sáz.,Podolí;49.69814;15.266
20260605_135257_L584;20260605_135257;05.06.2026;13:39:00;584;65;8408;12;U9898Z1;Rakovník,aut.st.;50.10955;13.76284
20260605_135257_L325;20260605_135257;05.06.2026;13:41:00;325;16;1636;10;U3053Z2;Praha,Nádraží Uhříněves;50.03129;14.59817
20260605_135257_L333;20260605_135257;05.06.2026;13:41:00;333;11;7454;11;U1904Z1;Zvole,Nová Zvole;49.92935;14.42327
20260605_135257_L416;20260605_135257;05.06.2026;13:39:00;416;9;7227;11;U32329Z2;Praha,Smíchovské nádraží;49.40351;13.80462
20260605_135257_L226;20260605_135257;05.06.2026;13:38:00;226;1;1590;14;U525Z2P;Benice;50.00695;14.62592
20260605_135257_L227;20260605_135257;05.06.2026;13:42:00;227;10;1578;10;U808Z1P;Nedvězí;50.03035;14.60582
20260605_135257_L163;20260605_135257;05.06.2026;13:42:00;163;60;9185;10;U903Z1P;Sídliště Rohožník;50.07406;14.67191
20260605_135257_L702;20260605_135257;05.06.2026;13:39:00;702;54;1645;12;U6950Z2;Kolín,nádraží;49.97347;15.17662
20260605_135257_L600;20260605_135257;05.06.2026;13:40:00;600;22;8772;12;U9920Z1;Kladno,autobusové nádraží;50.13714;13.99521
20260605_135257_L400;20260605_135257;05.06.2026;13:38:00;400;57;1086;14;U31355Z2;Praha,Střížkov;50.69495;14.54121
20260605_135257_L401;20260605_135257;05.06.2026;13:40:00;401;69;7875;12;U4884Z2;Tábor,aut.nádr.;49.69908;14.65328
20260605_135257_L401;20260605_135257;05.06.2026;13:39:00;401;62;7772;13;U4886Z5;Praha,Roztyly;49.41388;14.6744
20260605_135257_L445;20260605_135257;05.06.2026;13:40:00;445;17;7401;12;U1904Z1;Jílové u Prahy,Náměstí;49.93039;14.42375
20260605_135257_L177;20260605_135257;05.06.2026;13:41:00;177;8;6751;11;U344Z4P;Chodov;50.03193;14.50737
20260605_135257_L450;20260605_135257;05.06.2026;13:41:00;450;24;7505;10;U7773Z1;Petrovice;49.57556;14.37699
20260605_135257_L521;20260605_135257;05.06.2026;13:41:00;521;3;9587;11;U9734Z1;Věšín,Buková;49.67986;14.0005
20260605_135257_L136;20260605_135257;05.06.2026;13:37:00;136;16;5546;14;U29Z1P;Jižní Město;50.06961;14.4687
20260605_135257_L381;20260605_135257;05.06.2026;13:39:00;381;7;9362;14;U1878Z2;Praha,Háje;49.99951;14.66696
20260605_135257_L493;20260605_135257;05.06.2026;13:38:00;493;12;8610;12;U3160Z1;Nymburk,hl.nádr.;50.15209;15.0876
20260605_135257_L332;20260605_135257;05.06.2026;13:39:00;332;4;9162;10;U2109Z1;Neveklov;49.89488;14.49301
20260605_135257_L228;20260605_135257;05.06.2026;13:38:00;228;12;9013;14;U1115Z2P;Benice;50.05963;14.58635
20260605_135257_L228;20260605_135257;05.06.2026;13:40:00;228;11;9044;13;U1115Z1P;Poliklinika Malešice;50.06094;14.58843
20260605_135257_L412;20260605_135257;05.06.2026;13:39:00;412;41;9909;12;U31011Z2;Sobotka,nám.;50.44413;15.33452
20260605_135257_L382;20260605_135257;05.06.2026;13:35:00;382;4;9367;15;U1885Z1;Sázava,aut.st.;49.99993;14.6654
20260605_135257_L765;20260605_135257;05.06.2026;13:41:00;765;35;1898;10;U1876Z1;Sibřina;49.96393;14.62491
20260605_135257_L735;20260605_135257;05.06.2026;13:42:00;735;23;7033;10;U31532Z1;Kopidlno,nám.;50.39262;15.2324
20260605_135257_L339;20260605_135257;05.06.2026;13:38:00;339;28;9365;14;U2288Z1;Kamenice,Kult.dům;49.91969;14.58103
20260605_135257_L476;20260605_135257;05.06.2026;13:40:00;476;36;8005;12;U1242Z1;Neratovice,Žel.st.;50.23073;14.58824
20260605_135257_L433;20260605_135257;05.06.2026;13:39:00;433;14;8602;12;U2969Z1;Pečky,žel.st.;50.18535;15.04156
20260605_135257_L136;20260605_135257;05.06.2026;13:42:00;136;17;6783;11;U518Z3P;Jižní Město;50.07569;14.45908
20260605_135657_L445;20260605_135657;05.06.2026;13:43:00;445;17;7401;13;U1520Z1;Jílové u Prahy,Náměstí;49.91879;14.449
20260605_135657_L521;20260605_135657;05.06.2026;13:42:00;521;3;9587;14;U9735Z1;Věšín,Buková;49.67898;13.99602
20260605_135657_L416;20260605_135657;05.06.2026;13:44:00;416;9;7227;11;U31648Z2;Praha,Smíchovské nádraží;49.41334;13.84852
20260605_135657_L369;20260605_135657;05.06.2026;13:45:00;369;36;8282;10;U1793Z3;Štětí,záv.;50.35255;14.4836
20260605_135657_L381;20260605_135657;05.06.2026;13:46:00;381;13;1682;10;U2154Z2;Praha,Háje;49.95665;15.07045
20260605_135657_L385;20260605_135657;05.06.2026;13:41:00;385;7;1732;15;U1371Z3;Mukařov;50.00205;14.5612
20260605_135657_L387;20260605_135657;05.06.2026;13:42:00;387;15;9374;12;U808Z5;Uhlířské Janovice,nám.;50.02309;14.62435
20260605_135657_L400;20260605_135657;05.06.2026;13:41:00;400;56;1087;14;U1795Z2;Praha,Střížkov;50.354;14.48139
20260605_135657_L400;20260605_135657;05.06.2026;13:38:00;400;57;1086;16;U31355Z2;Praha,Střížkov;50.68329;14.53797
20260605_135657_L401;20260605_135657;05.06.2026;13:39:00;401;62;7772;15;U4886Z5;Praha,Roztyly;49.41117;14.67304
20260605_135657_L412;20260605_135657;05.06.2026;13:43:00;412;41;9909;13;U31008Z2;Sobotka,nám.;50.45451;15.29419
20260605_135657_L781;20260605_135657;05.06.2026;13:45:00;781;14;7619;11;U6985Z1;Čáslav,žel.st.;49.84866;15.46578
20260605_135657_L540;20260605_135657;05.06.2026;13:42:00;540;14;7584;14;U6719Z2;Poděbrady,žel.st.;50.16768;15.15689
20260605_135657_L765;20260605_135657;05.06.2026;13:44:00;765;35;1898;10;U1877Z1;Sibřina;49.97648;14.6391
20260605_135657_L227;20260605_135657;05.06.2026;13:44:00;227;10;1578;11;U828Z1P;Nedvězí;50.02082;14.61359
20260605_135657_L228;20260605_135657;05.06.2026;13:41:00;228;12;9013;14;U7040Z1P;Benice;50.04507;14.58535
20260605_135657_L306;20260605_135657;05.06.2026;13:45:00;306;3;8896;11;U2117Z2;Praha,Zličín;50.08797;14.19818
20260605_135657_L325;20260605_135657;05.06.2026;13:44:00;325;16;1636;12;U542Z2;Praha,Nádraží Uhříněves;50.03555;14.59315
20260605_135657_L332;20260605_135657;05.06.2026;13:45:00;332;4;9162;11;U1936Z1;Neveklov;49.87905;14.5012
20260605_135657_L333;20260605_135657;05.06.2026;13:44:00;333;14;7455;10;U799Z4;Zvole,Nová Zvole;49.99944;14.48434
20260605_135657_L339;20260605_135657;05.06.2026;13:42:00;339;28;9365;14;U1539Z1;Kamenice,Kult.dům;49.90477;14.59061
20260605_135657_L590;20260605_135657;05.06.2026;13:46:00;590;24;7745;10;U4805Z1;Vraný;50.22508;14.08337
20260605_135657_L641;20260605_135657;05.06.2026;13:39:00;641;17;9449;16;U9855Z55;Hořovice,nemocnice;49.87361;13.92366
20260605_135657_L760;20260605_135657;05.06.2026;13:41:00;760;16;8391;13;U31987Z1;Podbořany,aut.nádr.;50.22249;13.40735
20260605_135657_L541;20260605_135657;05.06.2026;13:43:00;541;1;7657;13;U6321Z1;Městec Králové,nám.;50.18395;15.20762
20260605_135657_L788;20260605_135657;05.06.2026;13:44:00;788;10;7599;10;U5759Z2;Třebětín;49.8694;15.26347
20260605_135657_L476;20260605_135657;05.06.2026;13:42:00;476;36;8005;14;U1802Z2;Neratovice,Žel.st.;50.22692;14.58411
20260605_135657_L136;20260605_135657;05.06.2026;13:41:00;136;16;5546;14;U37Z1P;Jižní Město;50.05724;14.47104
20260605_135657_L228;20260605_135657;05.06.2026;13:41:00;228;11;9044;13;U107Z1P;Poliklinika Malešice;50.07134;14.57222
20260605_135657_L702;20260605_135657;05.06.2026;13:44:00;702;54;1645;12;U6676Z2;Kolín,nádraží;49.9701;15.19962
20260605_135657_L136;20260605_135657;05.06.2026;13:43:00;136;15;5068;13;U344Z1P;Jižní Město;50.03152;14.50523
20260605_135657_L395;20260605_135657;05.06.2026;13:44:00;395;31;9914;11;U9747Z1;Příbram,Březové Hory;49.67752;13.98375
20260605_135657_L401;20260605_135657;05.06.2026;13:44:00;401;69;7875;12;U6525Z2;Tábor,aut.nádr.;49.67117;14.64188
20260605_135657_L415;20260605_135657;05.06.2026;13:43:00;415;2;12436;11;U5077Z2;Praha,Zličín;50.25823;13.55333
20260605_135657_L633;20260605_135657;05.06.2026;13:47:00;633;54;9582;10;U4960Z1;Beroun,Zdejcina;49.96677;14.06127
20260605_135657_L742;20260605_135657;05.06.2026;13:17:00;742;5;7622;38;U31494Z7;Ledeč n.Sáz.,Podolí;49.69814;15.266
20260605_135657_L493;20260605_135657;05.06.2026;13:44:00;493;12;8610;12;U3028Z1;Nymburk,hl.nádr.;50.16946;15.07114
20260605_135657_L641;20260605_135657;05.06.2026;13:43:00;641;16;9447;14;U4964Z2;Beroun,autobusové nádraží;49.96576;14.06783
20260605_135657_L484;20260605_135657;05.06.2026;13:16:00;484;31;8144;38;U2315Z1;Úvaly,žel.st.;50.07419;14.72305
20260605_135657_L469;20260605_135657;05.06.2026;13:42:00;469;38;1582;12;U1893Z1;Říčany,Olivovna;49.95795;14.64644
20260605_135657_L177;20260605_135657;05.06.2026;13:43:00;177;8;6751;12;U106Z2P;Chodov;50.02418;14.50872
20260605_135657_L584;20260605_135657;05.06.2026;13:43:00;584;65;8408;12;U6839Z2;Rakovník,aut.st.;50.10935;13.73658
20260605_135657_L381;20260605_135657;05.06.2026;13:42:00;381;7;9362;11;U1885Z2;Praha,Háje;50.01735;14.63477
20260605_135657_L136;20260605_135657;05.06.2026;13:47:00;136;17;6783;10;U29Z1P;Jižní Město;50.07324;14.47008
20260605_135657_L480;20260605_135657;05.06.2026;13:42:00;480;25;7526;12;U9755Z1;Klučenice;49.66567;14.00548
20260605_135657_L640;20260605_135657;05.06.2026;13:42:00;640;28;9424;13;U9810Z1;Hostomice,nám.;49.82581;14.04502
20260605_135657_L724;20260605_135657;05.06.2026;13:47:00;724;70;9066;10;U6262Z1;Veselice,dvůr;50.40618;15.00646
20260605_135657_L433;20260605_135657;05.06.2026;13:42:00;433;14;8602;14;U3074Z2;Pečky,žel.st.;50.17883;15.04332
20260605_135657_L406;20260605_135657;05.06.2026;13:45:00;406;33;7919;11;U2139Z2;Vlašim,žel.st.;49.78942;14.68321
20260605_135657_L389;20260605_135657;05.06.2026;13:46:00;389;33;7760;10;U4787Z1;Chomutov,žel.st.;50.23328;14.08007
20260605_135657_L109;20260605_135657;05.06.2026;13:45:00;109;4;4066;11;U448Z1P;VÚ Běchovice;50.0806;14.60415
20260605_135657_L180;20260605_135657;05.06.2026;13:44:00;180;3;5120;12;U321Z4P;Dejvická;50.09992;14.39551
20260605_140058_L384;20260605_140058;05.06.2026;13:51:00;384;15;9903;10;U4965Z1;Hořovice,nám.B.Němcové;49.95227;14.0473
20260605_140058_L416;20260605_140058;05.06.2026;13:48:00;416;9;7227;11;U32327Z2;Praha,Smíchovské nádraží;49.42109;13.88029
20260605_140058_L584;20260605_140058;05.06.2026;13:47:00;584;65;8408;14;U4340Z1;Rakovník,aut.st.;50.10369;13.72579
20260605_140058_L332;20260605_140058;05.06.2026;13:51:00;332;4;9162;10;U1938Z1;Neveklov;49.86233;14.504
20260605_140058_L400;20260605_140058;05.06.2026;13:46:00;400;56;1087;10;U1793Z1;Praha,Střížkov;50.34988;14.48878
20260605_140058_L590;20260605_140058;05.06.2026;13:47:00;590;24;7745;10;U4777Z6;Vraný;50.22867;14.08855
20260605_140058_L136;20260605_140058;05.06.2026;13:46:00;136;16;5546;14;U697Z3P;Jižní Město;50.04823;14.48131
20260605_140058_L136;20260605_140058;05.06.2026;13:49:00;136;17;6783;10;U680Z3P;Jižní Město;50.06307;14.4694
20260605_140058_L705;20260605_140058;05.06.2026;13:50:00;705;40;8691;10;U2816Z4;Čáslav,obchodní centrum;50.02572;15.21098
20260605_140058_L226;20260605_140058;05.06.2026;13:50:00;226;1;1590;11;U159Z2P;Háje;50.01354;14.60492
20260605_140058_L765;20260605_140058;05.06.2026;13:50:00;765;35;1898;10;U1889Z1;Sibřina;49.99082;14.65081
20260605_140058_L155;20260605_140058;05.06.2026;13:50:00;155;1;9472;10;U2954Z2P;Poliklinika Malešice;50.07662;14.47556
20260605_140058_L484;20260605_140058;05.06.2026;13:16:00;484;31;8144;43;U2315Z1;Úvaly,žel.st.;50.07419;14.72305
20260605_140058_L781;20260605_140058;05.06.2026;13:48:00;781;14;7619;11;U6984Z1;Čáslav,žel.st.;49.86315;15.4726
20260605_140058_L406;20260605_140058;05.06.2026;13:50:00;406;4;7936;11;U31784Z1;Pelhřimov,aut.nádr.;49.43129;15.22742
20260605_140058_L395;20260605_140058;05.06.2026;13:47:00;395;45;9854;11;U9647Z2;Praha,Smíchovské nádraží;49.70535;14.08832
20260605_140058_L552;20260605_140058;05.06.2026;13:47:00;552;31;7516;12;U5710Z1;Kamýk n.Vlt.;49.6643;14.29746
20260605_140058_L639;20260605_140058;05.06.2026;13:50:00;639;8;9586;10;U9782Z1;Hořovice,nám.B.Němcové;49.83802;13.91201
20260605_140058_L640;20260605_140058;05.06.2026;13:42:00;640;28;9424;17;U9810Z1;Hostomice,nám.;49.82575;14.04504
20260605_140058_L641;20260605_140058;05.06.2026;13:46:00;641;16;9447;14;U1746Z1;Beroun,autobusové nádraží;49.95902;14.06189
20260605_140058_L433;20260605_140058;05.06.2026;13:49:00;433;14;8602;12;U2594Z2;Pečky,žel.st.;50.15954;15.00982
20260605_140058_L333;20260605_140058;05.06.2026;13:50:00;333;14;7455;10;U1522Z1;Zvole,Nová Zvole;49.98502;14.49442
20260605_140058_L401;20260605_140058;05.06.2026;13:47:00;401;69;7875;13;U6516Z1;Tábor,aut.nádr.;49.64994;14.63273
20260605_140058_L412;20260605_140058;05.06.2026;13:48:00;412;41;9909;12;U31004Z2;Sobotka,nám.;50.45362;15.2349
20260605_140058_L381;20260605_140058;05.06.2026;13:49:00;381;7;9362;11;U808Z2;Praha,Háje;50.02967;14.60218
20260605_140058_L385;20260605_140058;05.06.2026;13:41:00;385;7;1732;17;U1371Z3;Mukařov;50.00813;14.56941
20260605_140058_L387;20260605_140058;05.06.2026;13:48:00;387;15;9374;12;U1885Z1;Uhlířské Janovice,nám.;50.00418;14.65818
20260605_140058_L389;20260605_140058;05.06.2026;13:48:00;389;33;7760;12;U4836Z1;Chomutov,žel.st.;50.23652;14.06981
20260605_140058_L369;20260605_140058;05.06.2026;13:47:00;369;36;8282;12;U1794Z1;Štětí,záv.;50.35743;14.47494
20260605_140058_L350;20260605_140058;05.06.2026;13:51:00;350;51;8835;10;U4315Z1;Kladno,OAZA;50.13493;14.13738
20260605_140058_L227;20260605_140058;05.06.2026;13:49:00;227;10;1578;11;U277Z1P;Nedvězí;50.01045;14.62944
20260605_140058_L228;20260605_140058;05.06.2026;13:48:00;228;11;9044;12;U794Z2P;Poliklinika Malešice;50.07155;14.54932
20260605_140058_L540;20260605_140058;05.06.2026;13:50:00;540;14;7584;10;U6713Z2;Poděbrady,žel.st.;50.14604;15.12923
20260605_140058_L541;20260605_140058;05.06.2026;13:47:00;541;1;7657;12;U6625Z3;Městec Králové,nám.;50.16474;15.2019
20260605_140058_L445;20260605_140058;05.06.2026;13:46:00;445;17;7401;14;U1521Z1;Jílové u Prahy,Náměstí;49.90571;14.46014
20260605_140058_L760;20260605_140058;05.06.2026;13:41:00;760;16;8391;18;U31987Z1;Podbořany,aut.nádr.;50.22251;13.40729
20260605_140058_L177;20260605_140058;05.06.2026;13:48:00;177;8;6751;13;U972Z2P;Chodov;50.02342;14.48847
20260605_140058_L702;20260605_140058;05.06.2026;13:48:00;702;54;1645;12;U6671Z2;Kolín,nádraží;49.98266;15.21419
20260605_140058_L742;20260605_140058;05.06.2026;13:17:00;742;5;7622;42;U31494Z7;Ledeč n.Sáz.,Podolí;49.69814;15.266
20260605_140058_L788;20260605_140058;05.06.2026;13:50:00;788;10;7599;10;U7112Z2;Třebětín;49.84438;15.27044
20260605_140058_L493;20260605_140058;05.06.2026;13:47:00;493;12;8610;14;U2968Z1;Nymburk,hl.nádr.;50.1807;15.04454
20260605_140458_L445;20260605_140458;05.06.2026;13:50:00;445;17;7401;14;U2598Z2;Jílové u Prahy,Náměstí;49.89932;14.47851
20260605_140458_L552;20260605_140458;05.06.2026;13:50:00;552;31;7516;14;U5707Z1;Kamýk n.Vlt.;49.65177;14.28116
20260605_140458_L760;20260605_140458;05.06.2026;13:41:00;760;16;8391;22;U31987Z1;Podbořany,aut.nádr.;50.22287;13.40846
20260605_140458_L416;20260605_140458;05.06.2026;13:48:00;416;9;7227;12;U32327Z2;Praha,Smíchovské nádraží;49.42824;13.88267
20260605_140458_L735;20260605_140458;05.06.2026;13:54:00;735;23;7033;10;U31875Z1;Kopidlno,nám.;50.34297;15.26812
20260605_140458_L226;20260605_140458;05.06.2026;13:50:00;226;1;1590;12;U159Z2P;Háje;50.01015;14.61393
20260605_140458_L228;20260605_140458;05.06.2026;13:50:00;228;11;9044;14;U1014Z2P;Poliklinika Malešice;50.07213;14.54254
20260605_140458_L339;20260605_140458;05.06.2026;13:54:00;339;11;9942;10;U1536Z1;Týnec n.Sáz.,žel.st.;49.91468;14.58224
20260605_140458_L339;20260605_140458;05.06.2026;13:53:00;339;17;9932;10;U4861Z2;Praha,Budějovická;50.0012;14.48319
20260605_140458_L600;20260605_140458;05.06.2026;13:53:00;600;22;8772;10;U3095Z2;Kladno,autobusové nádraží;50.14078;14.08168
20260605_140458_L742;20260605_140458;05.06.2026;13:17:00;742;5;7622;46;U31494Z7;Ledeč n.Sáz.,Podolí;49.69814;15.266
20260605_140458_L781;20260605_140458;05.06.2026;13:53:00;781;14;7619;10;U7244Z1;Čáslav,žel.st.;49.86426;15.49309
20260605_140458_L716;20260605_140458;05.06.2026;13:53:00;716;31;8663;10;U3253Z1;Mnichovo Hradiště,dopravní terminál;50.52762;14.97273
20260605_140458_L433;20260605_140458;05.06.2026;13:50:00;433;14;8602;12;U2589Z2;Pečky,žel.st.;50.14524;14.99418
20260605_140458_L493;20260605_140458;05.06.2026;13:51:00;493;12;8610;14;U2970Z2;Nymburk,hl.nádr.;50.18841;15.03737
20260605_140458_L540;20260605_140458;05.06.2026;13:53:00;540;14;7584;10;U2578Z1;Poděbrady,žel.st.;50.1467;15.12469
20260605_140458_L541;20260605_140458;05.06.2026;13:50:00;541;3;7655;12;U3085Z2;Nymburk,hl.nádr.;50.1918;15.04572
20260605_140458_L897;20260605_140458;05.06.2026;13:52:00;897;6;8555;10;U2430Z1;Kostomlaty n.L.,Žel.st.;50.19575;14.84792
20260605_140458_L155;20260605_140458;05.06.2026;13:53:00;155;1;9472;11;U921Z6P;Poliklinika Malešice;50.07934;14.47616
20260605_140458_L136;20260605_140458;05.06.2026;13:54:00;136;17;6783;10;U751Z2P;Jižní Město;50.05259;14.47512
20260605_140458_L412;20260605_140458;05.06.2026;13:52:00;412;41;9909;12;U31002Z2;Sobotka,nám.;50.46693;15.189
20260605_140458_L706;20260605_140458;05.06.2026;13:52:00;706;63;1637;12;U4998Z2;Uhlířské Janovice,nám.;50.02536;15.20017
20260605_140458_L765;20260605_140458;05.06.2026;13:52:00;765;35;1898;12;U1881Z1;Sibřina;49.99172;14.65586
20260605_140458_L136;20260605_140458;05.06.2026;13:54:00;136;19;6972;10;U69Z2P;Jižní Město;50.08879;14.46103
20260605_140458_L405;20260605_140458;05.06.2026;13:53:00;405;65;1413;11;U31034Z1;Špindlerův Mlýn,aut.st.;50.71645;15.58517
20260605_140458_L333;20260605_140458;05.06.2026;13:50:00;333;14;7455;11;U1522Z1;Zvole,Nová Zvole;49.97415;14.48369
20260605_140458_L369;20260605_140458;05.06.2026;13:51:00;369;36;8282;13;U1796Z1;Štětí,záv.;50.36289;14.46819
20260605_140458_L125;20260605_140458;05.06.2026;13:54:00;125;9;6833;10;U151Z1P;Skalka;50.0321;14.53452
20260605_140458_L640;20260605_140458;05.06.2026;13:42:00;640;28;9424;21;U9810Z1;Hostomice,nám.;49.82585;14.04489
20260605_140458_L227;20260605_140458;05.06.2026;13:54:00;227;10;1578;10;U455Z1P;Nedvězí;50.01631;14.63787
20260605_140458_L541;20260605_140458;05.06.2026;13:53:00;541;1;7657;11;U6627Z1;Městec Králové,nám.;50.18434;15.23154
20260605_140458_L381;20260605_140458;05.06.2026;13:50:00;381;7;9362;13;U336Z2;Praha,Háje;50.03595;14.59269
20260605_140458_L384;20260605_140458;05.06.2026;13:53:00;384;15;9903;11;U1748Z1;Hořovice,nám.B.Němcové;49.94655;14.03531
20260605_140458_L590;20260605_140458;05.06.2026;13:47:00;590;24;7745;13;U4777Z6;Vraný;50.22865;14.08853
20260605_140458_L136;20260605_140458;05.06.2026;13:50:00;136;16;5546;15;U181Z1P;Jižní Město;50.04012;14.49009
20260605_140458_L395;20260605_140458;05.06.2026;13:50:00;395;45;9854;10;U9646Z2;Praha,Smíchovské nádraží;49.73259;14.13779
20260605_140458_L400;20260605_140458;05.06.2026;13:52:00;400;56;1087;11;U1792Z1;Praha,Střížkov;50.33784;14.49326
20260605_140458_L387;20260605_140458;05.06.2026;13:51:00;387;15;9374;13;U1878Z1;Uhlířské Janovice,nám.;49.99838;14.67042
20260605_140458_L499;20260605_140458;05.06.2026;13:52:00;499;36;8690;11;U9359Z1;Nymburk,hl.nádr.;50.41042;14.97333
20260605_140458_L821;20260605_140458;05.06.2026;13:51:00;821;69;1584;13;U4996Z1;Kolín,nádraží;50.02099;15.19756
20260605_140859_L126;20260605_140859;05.06.2026;13:58:00;126;4;3839;11;U542Z2P;Nádraží Uhříněves;50.03469;14.59449
20260605_140859_L155;20260605_140859;05.06.2026;13:57:00;155;1;9472;11;U357Z2P;Poliklinika Malešice;50.08703;14.48184
20260605_140859_L208;20260605_140859;05.06.2026;13:58:00;208;52;9481;10;U1014Z2P;Depo Hostivař;50.07135;14.54064
20260605_140859_L226;20260605_140859;05.06.2026;13:55:00;226;1;1590;12;U340Z2P;Háje;50.00566;14.6247
20260605_140859_L228;20260605_140859;05.06.2026;13:53:00;228;11;9044;15;U741Z2P;Poliklinika Malešice;50.06995;14.54226
20260605_140859_L315;20260605_140859;05.06.2026;13:58:00;315;4;1861;10;U3393Z1;Mnichovo Hradiště,dopravní terminál;50.43408;14.92738
20260605_140859_L552;20260605_140859;05.06.2026;13:57:00;552;31;7516;11;U5876Z1;Kamýk n.Vlt.;49.64315;14.25465
20260605_140859_L369;20260605_140859;05.06.2026;13:54:00;369;36;8282;14;U1798Z1;Štětí,záv.;50.37937;14.46548
20260605_140859_L383;20260605_140859;05.06.2026;13:57:00;383;31;9174;11;U336Z1;Chocerady;50.03108;14.59942
20260605_140859_L389;20260605_140859;05.06.2026;13:56:00;389;33;7760;11;U9226Z2;Chomutov,žel.st.;50.26387;14.02433
20260605_140859_L412;20260605_140859;05.06.2026;13:55:00;412;42;9902;10;U897Z63;Jičín,aut.st.;50.12403;14.60993
20260605_140859_L600;20260605_140859;05.06.2026;13:58:00;600;22;8772;10;U4313Z6;Kladno,autobusové nádraží;50.14643;14.09701
20260605_140859_L706;20260605_140859;05.06.2026;13:53:00;706;63;1637;15;U4997Z2;Uhlířské Janovice,nám.;50.02262;15.19908
20260605_140859_L620;20260605_140859;05.06.2026;13:57:00;620;12;8432;10;U4409Z3;Kladno,autobusové nádraží;50.20051;14.19675
20260605_140859_L742;20260605_140859;05.06.2026;13:17:00;742;5;7622;50;U31494Z7;Ledeč n.Sáz.,Podolí;49.69814;15.266
20260605_140859_L781;20260605_140859;05.06.2026;13:55:00;781;14;7619;12;U7245Z3;Čáslav,žel.st.;49.87598;15.47785
20260605_140859_L783;20260605_140859;05.06.2026;13:59:00;783;26;7642;10;U7345Z2;Kutná Hora,aut.st.;49.95484;15.27783
20260605_140859_L541;20260605_140859;05.06.2026;13:55:00;541;1;7657;12;U6630Z1;Městec Králové,nám.;50.20088;15.25769
20260605_140859_L735;20260605_140859;05.06.2026;13:57:00;735;23;7033;12;U4621Z1;Kopidlno,nám.;50.33389;15.261
20260605_140859_L136;20260605_140859;05.06.2026;13:58:00;136;17;6783;11;U417Z1P;Jižní Město;50.04286;14.48764
20260605_140859_L136;20260605_140859;05.06.2026;13:58:00;136;9;5535;10;U1074Z3P;Sídliště Čakovice;50.09588;14.47689
20260605_140859_L324;20260605_140859;05.06.2026;13:57:00;324;20;8972;10;U4786Z2;Praha,Zličín;50.22914;14.08624
20260605_140859_L315;20260605_140859;05.06.2026;13:55:00;315;6;8673;13;U9478Z2;Praha,Černý Most;50.51875;14.97826
20260605_140859_L136;20260605_140859;05.06.2026;13:53:00;136;16;5546;15;U344Z1P;Jižní Město;50.02937;14.50738
20260605_140859_L180;20260605_140859;05.06.2026;13:57:00;180;5;6862;10;U229Z2P;Dejvická;50.08714;14.3771
20260605_140859_L765;20260605_140859;05.06.2026;13:54:00;765;35;1898;14;U1883Z1;Sibřina;49.99519;14.6599
20260605_140859_L339;20260605_140859;05.06.2026;13:57:00;339;11;9942;11;U1539Z1;Týnec n.Sáz.,žel.st.;49.90388;14.58804
20260605_140859_L136;20260605_140859;05.06.2026;13:58:00;136;19;6972;10;U516Z3P;Jižní Město;50.08213;14.45945
20260605_140859_L384;20260605_140859;05.06.2026;13:57:00;384;15;9903;11;U4979Z2;Hořovice,nám.B.Němcové;49.93867;14.02058
20260605_140859_L136;20260605_140859;05.06.2026;13:59:00;136;6;6762;10;U114Z1P;Sídliště Čakovice;50.15619;14.52255
20260605_140859_L640;20260605_140859;05.06.2026;13:42:00;640;28;9424;25;U9810Z1;Hostomice,nám.;49.82569;14.04293
20260605_140859_L499;20260605_140859;05.06.2026;13:55:00;499;36;8690;11;U9455Z1;Nymburk,hl.nádr.;50.39372;14.97461
20260605_140859_L433;20260605_140859;05.06.2026;13:56:00;433;14;8602;10;U1434Z2;Pečky,žel.st.;50.13342;14.98697
20260605_140859_L897;20260605_140859;05.06.2026;13:56:00;897;6;8555;12;U2433Z1;Kostomlaty n.L.,Žel.st.;50.18493;14.85371
20260605_140859_L590;20260605_140859;05.06.2026;13:47:00;590;24;7745;18;U4777Z6;Vraný;50.22927;14.09098
20260605_140859_L306;20260605_140859;05.06.2026;13:56:00;306;3;8896;12;U1145Z1;Praha,Zličín;50.08253;14.24012
20260605_140859_L387;20260605_140859;05.06.2026;13:53:00;387;15;9374;15;U1882Z1;Uhlířské Janovice,nám.;49.99635;14.67704
20260605_140859_L381;20260605_140859;05.06.2026;13:50:00;381;7;9362;14;U336Z2;Praha,Háje;50.03615;14.56767
20260605_140859_L339;20260605_140859;05.06.2026;13:57:00;339;17;9932;10;U799Z3;Praha,Budějovická;50.01622;14.46924
20260605_140859_L624;20260605_140859;05.06.2026;13:57:00;624;32;8895;10;U4109Z2;Družec,náves;50.11061;14.04126
20260605_140859_L821;20260605_140859;05.06.2026;13:53:00;821;69;1584;15;U4998Z1;Kolín,nádraží;50.02519;15.2001
20260605_140859_L705;20260605_140859;05.06.2026;13:53:00;705;40;8691;14;U5896Z1;Čáslav,obchodní centrum;50.02378;15.20063
20260605_140859_L716;20260605_140859;05.06.2026;13:58:00;716;31;8663;10;U6353Z1;Mnichovo Hradiště,dopravní terminál;50.54677;14.9905
20260605_140859_L406;20260605_140859;05.06.2026;13:57:00;406;33;7919;11;U5898Z1;Vlašim,žel.st.;49.7873;14.69553
20260605_140859_L181;20260605_140859;05.06.2026;13:57:00;181;3;5064;10;U403Z8P;Opatov;50.05105;14.52389
20260605_140859_L125;20260605_140859;05.06.2026;13:59:00;125;9;6833;10;U338Z1P;Skalka;50.03286;14.55833
20260605_140859_L364;20260605_140859;05.06.2026;13:58:00;364;4;4521;10;U9364Z1;Doubek;50.01071;14.66862
