ID Záznamu;Timestamp;Den;Čas příjezdu;Linka;Oběh;Vozidlo;Zpoždění (min);Zastávka;Směr;Zeměpisná šířka (Lat);Zeměpisná délka (Lon)
20260623_100922_L466;20260623_100922;23.06.2026;09:51:00;466;22;1056;13;U4376Z1;Kralupy n.Vlt.,obchodní centrum;50.30965;14.31536
20260623_100922_L155;20260623_100922;23.06.2026;09:50:00;155;6;9120;19;U660Z5P;Nemocnice Vinohrady;50.0833;14.50969
20260623_100922_L303;20260623_100922;23.06.2026;09:11:00;303;8;8108;56;U311Z2;Praha,Černý Most;50.06762;14.64769
20260623_100922_L694;20260623_100922;23.06.2026;09:46:00;694;2;1358;20;U9195Z2;Liběchov;50.408;14.52133
20260623_100922_L686;20260623_100922;23.06.2026;09:43:00;686;34;8034;23;U2315Z1;Úvaly,žel.st.;50.07418;14.72303
20260623_100922_L478;20260623_100922;23.06.2026;09:49:00;478;16;8072;20;U1830Z2;Kostelec n.L.,nám.;50.20138;14.68511
20260623_100922_L228;20260623_100922;23.06.2026;09:55:00;228;11;9044;14;U389Z2P;Poliklinika Malešice;50.07512;14.53322
20260623_100922_L201;20260623_100922;23.06.2026;09:47:00;201;4;3895;21;U993Z2P;Nádraží Holešovice;50.11644;14.4694
20260623_100922_L155;20260623_100922;23.06.2026;09:54:00;155;5;9189;14;U575Z1P;Poliklinika Malešice;50.08178;14.48358
20260623_100922_L151;20260623_100922;23.06.2026;09:54:00;151;4;2334;15;U260Z2P;Českomoravská;50.11804;14.50833
20260623_100922_L315;20260623_100922;23.06.2026;09:57:00;315;4;1861;12;U3253Z2;Mnichovo Hradiště,dopravní terminál;50.52247;14.97555
20260623_100922_L209;20260623_100922;23.06.2026;09:45:00;209;44;9117;23;U3008Z1P;Nádraží Uhříněves;50.07623;14.65896
20260623_100922_L381;20260623_100922;23.06.2026;09:50:00;381;5;9948;18;U336Z2;Praha,Háje;50.03722;14.59117
20260623_100922_L429;20260623_100922;23.06.2026;09:50:00;429;19;8883;16;U628Z10;Unhošť,Nám.;50.12091;14.28892
20260623_100922_L136;20260623_100922;23.06.2026;09:55:00;136;33;5515;14;U106Z2P;Jižní Město;50.02795;14.50762
20260623_100922_L136;20260623_100922;23.06.2026;09:58:00;136;17;5097;11;U516Z3P;Jižní Město;50.08249;14.45908
20260623_100922_L405;20260623_100922;23.06.2026;09:48:00;405;66;1414;21;U31032Z1;Špindlerův Mlýn,aut.st.;50.69134;15.58071
20260623_100922_L315;20260623_100922;23.06.2026;09:56:00;315;11;1865;12;U3258Z2;Mnichovo Hradiště,dopravní terminál;50.38321;14.89629
20260623_100922_L398;20260623_100922;23.06.2026;09:57:00;398;11;1688;10;U1434Z2;Praha,Černý Most;50.13363;14.97093
20260623_100922_L401;20260623_100922;23.06.2026;09:49:00;401;61;7775;20;U31454Z1;Praha,Roztyly;49.18435;14.8507
20260623_100922_L413;20260623_100922;23.06.2026;09:58:00;413;61;8211;11;U4363Z1;Litoměřice,aut.nádr.;50.31104;14.31141
20260623_100922_L389;20260623_100922;23.06.2026;09:54:00;389;17;7756;14;U9225Z2;Chomutov,žel.st.;50.25947;14.04356
20260623_100922_L410;20260623_100922;23.06.2026;09:58:00;410;9;11646;11;U31313Z1;Mimoň,aut.st.;50.56364;14.61913
20260623_100922_L110;20260623_100922;23.06.2026;09:56:00;110;2;8103;12;U1197Z1P;Dolní Počernice;50.09903;14.55157
20260623_100922_L203;20260623_100922;23.06.2026;09:57:00;203;3;1947;12;U972Z2P;Háje;50.02465;14.48807
20260623_100922_L316;20260623_100922;23.06.2026;09:57:00;316;10;8857;11;U2125Z1;Holubice;50.20071;14.29881
20260623_100922_L325;20260623_100922;23.06.2026;09:57:00;325;40;1583;11;U3053Z2;Praha,Nádraží Uhříněves;50.03129;14.59815
20260623_100922_L342;20260623_100922;23.06.2026;09:58:00;342;2;7702;11;U2884Z1;Slaný,žel.st.;50.18689;14.16793
20260623_100922_L375;20260623_100922;23.06.2026;09:58:00;375;6;1504;10;U1095Z2;Praha,Českomoravská;50.15377;14.59406
20260623_100922_L300;20260623_100922;23.06.2026;09:56:00;300;22;8998;13;U3208Z1;Smečno;50.18137;14.04637
20260623_100922_L300;20260623_100922;23.06.2026;09:57:00;300;11;8997;12;U3095Z1;Libušín,náměstí;50.14085;14.07194
20260623_100922_L300;20260623_100922;23.06.2026;09:51:00;300;10;8953;18;U4304Z1;Kladno,u kostela;50.15024;14.17742
20260623_100922_L400;20260623_100922;23.06.2026;09:45:00;400;5;11656;10;U31354Z5;Praha,Střížkov;50.60767;14.58029
20260623_100922_L546;20260623_100922;23.06.2026;09:58:00;546;5;9572;10;U31952Z1;Rokycany,aut.nádr.;49.71605;13.6907
20260623_100922_L600;20260623_100922;23.06.2026;09:51:00;600;22;8772;18;U9291Z2;Louny,Aut.nádr.;50.13872;13.96102
20260623_100922_L126;20260623_100922;23.06.2026;09:54:00;126;13;3849;14;U220Z1P;Koleje Jižní Město;50.02435;14.59031
20260623_100922_L785;20260623_100922;23.06.2026;09:51:00;785;11;7614;18;U9405Z1;Kácov,nám.;49.77517;15.03002
20260623_100922_L311;20260623_100922;23.06.2026;09:52:00;311;75;9579;15;U1601Z1;Řevnice,nádraží;49.91753;14.24351
20260623_100922_L166;20260623_100922;23.06.2026;09:48:00;166;3;1943;21;U870Z3P;Domov seniorů Ďáblice;50.11758;14.46513
20260623_100922_L181;20260623_100922;23.06.2026;09:58:00;181;3;5509;11;U227Z3P;Opatov;50.06127;14.53617
20260623_100922_L380;20260623_100922;23.06.2026;09:59:00;380;5;9983;10;U2372Z1;Králův Dvůr,Počaply,Obchodní centrum;49.98576;14.13209
20260623_100922_L444;20260623_100922;23.06.2026;09:55:00;444;5;9181;12;U2109Z1;Kamenice,Kult.dům;49.89541;14.49743
20260623_100922_L207;20260623_100922;23.06.2026;09:51:00;207;13;4063;17;U620Z2P;Staroměstská;50.09443;14.41953
20260623_100922_L767;20260623_100922;23.06.2026;09:24:00;767;23;8607;44;U6086Z2;Dolní Slivno;50.30324;14.7278
20260623_100922_L136;20260623_100922;23.06.2026;09:49:00;136;15;6724;20;U680Z3P;Jižní Město;50.0689;14.469
20260623_100922_L136;20260623_100922;23.06.2026;09:59:00;136;16;5539;10;U680Z3P;Jižní Město;50.06891;14.46903
20260623_101322_L110;20260623_101322;23.06.2026;10:01:00;110;2;8103;11;U318Z1P;Dolní Počernice;50.08857;14.552
20260623_101322_L133;20260623_101322;23.06.2026;10:01:00;133;1;3019;12;U789Z1P;Sídliště Malešice;50.08675;14.44717
20260623_101322_L136;20260623_101322;23.06.2026;10:03:00;136;16;5539;10;U183Z3P;Jižní Město;50.05607;14.47163
20260623_101322_L136;20260623_101322;23.06.2026;09:59:00;136;33;5515;12;U353Z1P;Jižní Město;50.0304;14.52773
20260623_101322_L136;20260623_101322;23.06.2026;10:02:00;136;17;5097;11;U518Z3P;Jižní Město;50.07589;14.45914
20260623_101322_L155;20260623_101322;23.06.2026;09:59:00;155;5;9189;14;U128Z1P;Poliklinika Malešice;50.08801;14.4914
20260623_101322_L181;20260623_101322;23.06.2026;10:03:00;181;3;5509;10;U403Z8P;Opatov;50.05301;14.52529
20260623_101322_L188;20260623_101322;23.06.2026;09:59:00;188;10;5505;10;U418Z2P;Želivského;50.07715;14.48681
20260623_101322_L201;20260623_101322;23.06.2026;10:02:00;201;3;3879;11;U993Z2P;Nádraží Holešovice;50.11708;14.47178
20260623_101322_L203;20260623_101322;23.06.2026;10:01:00;203;3;1947;12;U1032Z2P;Háje;50.03451;14.48164
20260623_101322_L203;20260623_101322;23.06.2026;10:01:00;203;6;1952;11;U343Z1P;Háje;50.03959;14.45797
20260623_101322_L228;20260623_101322;23.06.2026;09:58:00;228;11;9044;14;U1071Z2P;Poliklinika Malešice;50.07693;14.51873
20260623_101322_L300;20260623_101322;23.06.2026;09:59:00;300;11;8997;12;U1918Z1;Libušín,náměstí;50.15385;14.05231
20260623_101322_L303;20260623_101322;23.06.2026;09:11:00;303;8;8108;60;U311Z2;Praha,Černý Most;50.06762;14.64769
20260623_101322_L311;20260623_101322;23.06.2026;09:52:00;311;75;9579;20;U1601Z1;Řevnice,nádraží;49.91696;14.24304
20260623_101322_L325;20260623_101322;23.06.2026;09:59:00;325;40;1583;13;U336Z2;Praha,Nádraží Uhříněves;50.0335;14.59611
20260623_101322_L342;20260623_101322;23.06.2026;10:01:00;342;2;7702;10;U4416Z2;Slaný,žel.st.;50.18125;14.14196
20260623_101322_L375;20260623_101322;23.06.2026;10:03:00;375;6;1504;10;U9549Z2;Praha,Českomoravská;50.14152;14.57765
20260623_101322_L381;20260623_101322;23.06.2026;09:50:00;381;5;9948;19;U336Z2;Praha,Háje;50.03657;14.57089
20260623_101322_L389;20260623_101322;23.06.2026;09:58:00;389;17;7756;15;U9227Z2;Chomutov,žel.st.;50.2614;14.01669
20260623_101322_L398;20260623_101322;23.06.2026;09:59:00;398;11;1688;10;U1433Z2;Praha,Černý Most;50.13753;14.90916
20260623_101322_L413;20260623_101322;23.06.2026;10:02:00;413;61;8211;11;U4365Z2;Litoměřice,aut.nádr.;50.33619;14.28403
20260623_101322_L444;20260623_101322;23.06.2026;10:02:00;444;5;9181;11;U1570Z2;Kamenice,Kult.dům;49.90054;14.52607
20260623_101322_L546;20260623_101322;23.06.2026;10:02:00;546;5;9572;11;U31955Z1;Rokycany,aut.nádr.;49.71895;13.66208
20260623_101322_L620;20260623_101322;23.06.2026;10:00:00;620;12;8431;10;U4409Z3;Kladno,autobusové nádraží;50.20152;14.18
20260623_101322_L676;20260623_101322;23.06.2026;10:02:00;676;32;8623;10;U3078Z1;Loučeň;50.19238;15.0369
20260623_101322_L686;20260623_101322;23.06.2026;09:43:00;686;34;8034;27;U2315Z1;Úvaly,žel.st.;50.07418;14.72303
20260623_101322_L694;20260623_101322;23.06.2026;09:46:00;694;2;1358;22;U9195Z2;Liběchov;50.408;14.52133
20260623_101322_L767;20260623_101322;23.06.2026;09:24:00;767;23;8607;48;U6086Z2;Dolní Slivno;50.30328;14.72778
20260623_101322_L785;20260623_101322;23.06.2026;09:51:00;785;11;7614;22;U9405Z1;Kácov,nám.;49.77517;15.03002
20260623_101722_L110;20260623_101722;23.06.2026;10:04:00;110;2;8103;11;U158Z1P;Dolní Počernice;50.08777;14.56304
20260623_101722_L126;20260623_101722;23.06.2026;10:04:00;126;2;3854;11;U3053Z2P;Nádraží Uhříněves;50.03112;14.59781
20260623_101722_L133;20260623_101722;23.06.2026;10:07:00;133;1;3019;10;U34Z1P;Sídliště Malešice;50.08915;14.46856
20260623_101722_L136;20260623_101722;23.06.2026;10:07:00;136;16;5539;10;U322Z3P;Jižní Město;50.04563;14.48466
20260623_101722_L136;20260623_101722;23.06.2026;10:07:00;136;17;5097;10;U29Z1P;Jižní Město;50.07254;14.47046
20260623_101722_L155;20260623_101722;23.06.2026;10:02:00;155;5;9189;15;U1160Z2P;Poliklinika Malešice;50.08521;14.5028
20260623_101722_L181;20260623_101722;23.06.2026;10:03:00;181;3;5509;12;U403Z8P;Opatov;50.05063;14.5256
20260623_101722_L201;20260623_101722;23.06.2026;10:02:00;201;3;3879;14;U993Z2P;Nádraží Holešovice;50.11668;14.4702
20260623_101722_L203;20260623_101722;23.06.2026;10:06:00;203;3;1947;11;U181Z1P;Háje;50.03982;14.49029
20260623_101722_L203;20260623_101722;23.06.2026;10:04:00;203;6;1952;12;U1048Z1P;Háje;50.03401;14.44382
20260623_101722_L228;20260623_101722;23.06.2026;10:03:00;228;11;9044;13;U1387Z1P;Poliklinika Malešice;50.07963;14.50238
20260623_101722_L303;20260623_101722;23.06.2026;09:11:00;303;8;8108;64;U311Z2;Praha,Černý Most;50.06762;14.64769
20260623_101722_L311;20260623_101722;23.06.2026;10:05:00;311;75;9579;12;U2280Z1;Praha,Zličín;49.91604;14.23646
20260623_101722_L315;20260623_101722;23.06.2026;10:05:00;315;11;1865;12;U3256Z2;Mnichovo Hradiště,dopravní terminál;50.4112;14.91644
20260623_101722_L342;20260623_101722;23.06.2026;10:06:00;342;2;7702;10;U4413Z2;Slaný,žel.st.;50.16875;14.10797
20260623_101722_L375;20260623_101722;23.06.2026;10:06:00;375;6;1504;11;U243Z2;Praha,Českomoravská;50.13093;14.55194
20260623_101722_L389;20260623_101722;23.06.2026;10:03:00;389;17;7756;14;U9231Z2;Chomutov,žel.st.;50.27009;13.9932
20260623_101722_L395;20260623_101722;23.06.2026;10:06:00;395;45;9855;10;U1977Z2;Praha,Smíchovské nádraží;49.80799;14.20709
20260623_101722_L406;20260623_101722;23.06.2026;10:06:00;406;4;7936;10;U2139Z1;Praha,Roztyly;49.79332;14.68094
20260623_101722_L410;20260623_101722;23.06.2026;10:03:00;410;9;11646;11;U31041Z2;Mimoň,aut.st.;50.56817;14.64669
20260623_101722_L413;20260623_101722;23.06.2026;10:04:00;413;61;8211;10;U4366Z2;Litoměřice,aut.nádr.;50.34483;14.27482
20260623_101722_L444;20260623_101722;23.06.2026;10:06:00;444;5;9181;11;U1568Z2;Kamenice,Kult.dům;49.89213;14.55062
20260623_101722_L546;20260623_101722;23.06.2026;10:06:00;546;5;9572;10;U31957Z1;Rokycany,aut.nádr.;49.7288;13.62348
20260623_101722_L620;20260623_101722;23.06.2026;10:03:00;620;12;8431;10;U4421Z2;Kladno,autobusové nádraží;50.18908;14.16218
20260623_101722_L686;20260623_101722;23.06.2026;09:43:00;686;34;8034;31;U2315Z1;Úvaly,žel.st.;50.07418;14.72303
20260623_101722_L694;20260623_101722;23.06.2026;09:46:00;694;2;1358;26;U9195Z2;Liběchov;50.408;14.52134
20260623_101722_L767;20260623_101722;23.06.2026;09:24:00;767;23;8607;52;U6086Z2;Dolní Slivno;50.30328;14.72778
20260623_101722_L785;20260623_101722;23.06.2026;09:51:00;785;11;7614;26;U9405Z1;Kácov,nám.;49.77517;15.03002
20260623_102122_L136;20260623_102122;23.06.2026;10:11:00;136;17;5097;10;U37Z1P;Jižní Město;50.06045;14.46958
20260623_102122_L203;20260623_102122;23.06.2026;10:09:00;203;6;1952;12;U488Z6P;Háje;50.02975;14.45493
20260623_102122_L207;20260623_102122;23.06.2026;10:10:00;207;18;4068;11;U689Z6P;Ohrada;50.09042;14.44139
20260623_102122_L199;20260623_102122;23.06.2026;10:06:00;199;3;4101;12;U418Z2P;Želivského;50.07805;14.47773
20260623_102122_L311;20260623_102122;23.06.2026;10:05:00;311;75;9579;14;U2280Z1;Praha,Zličín;49.9161;14.24241
20260623_102122_L342;20260623_102122;23.06.2026;10:10:00;342;2;7702;10;U4806Z1;Slaný,žel.st.;50.18886;14.1103
20260623_102122_L303;20260623_102122;23.06.2026;09:11:00;303;8;8108;68;U311Z2;Praha,Černý Most;50.06762;14.64769
20260623_102122_L364;20260623_102122;23.06.2026;10:08:00;364;1;4526;11;U542Z2;Praha,Depo Hostivař;50.03858;14.58954
20260623_102122_L641;20260623_102122;23.06.2026;10:07:00;641;16;9450;12;U9856Z1;Beroun,autobusové nádraží;49.87985;13.95367
20260623_102122_L203;20260623_102122;23.06.2026;10:11:00;203;3;1947;10;U735Z2P;Háje;50.03437;14.5122
20260623_102122_L221;20260623_102122;23.06.2026;10:10:00;221;5;1759;10;U170Z1P;Klánovice;50.08163;14.66202
20260623_102122_L375;20260623_102122;23.06.2026;10:09:00;375;6;1504;12;U109Z2;Praha,Českomoravská;50.12409;14.53098
20260623_102122_L694;20260623_102122;23.06.2026;09:46:00;694;2;1358;28;U9195Z2;Liběchov;50.40799;14.52134
20260623_102122_L389;20260623_102122;23.06.2026;10:07:00;389;17;7756;13;U9232Z2;Chomutov,žel.st.;50.27419;13.96054
20260623_102122_L398;20260623_102122;23.06.2026;10:08:00;398;11;1688;11;U1430Z2;Praha,Černý Most;50.14704;14.83064
20260623_102122_L785;20260623_102122;23.06.2026;09:51:00;785;11;7614;30;U9405Z1;Kácov,nám.;49.77517;15.03002
20260623_102122_L686;20260623_102122;23.06.2026;09:43:00;686;34;8034;35;U2315Z1;Úvaly,žel.st.;50.07418;14.72303
20260623_102122_L155;20260623_102122;23.06.2026;10:06:00;155;5;9189;15;U359Z2P;Poliklinika Malešice;50.084;14.51044
20260623_102122_L315;20260623_102122;23.06.2026;10:06:00;315;11;1865;13;U3389Z1;Mnichovo Hradiště,dopravní terminál;50.41804;14.91271
20260623_102122_L133;20260623_102122;23.06.2026;10:07:00;133;1;3019;13;U34Z1P;Sídliště Malešice;50.08719;14.46947
20260623_102122_L181;20260623_102122;23.06.2026;10:08:00;181;3;5509;13;U219Z1P;Opatov;50.04289;14.51495
20260623_102122_L126;20260623_102122;23.06.2026;10:08:00;126;13;3849;13;U286Z3P;Koleje Jižní Město;50.03041;14.52646
20260623_102122_L126;20260623_102122;23.06.2026;10:06:00;126;2;3854;14;U336Z2P;Nádraží Uhříněves;50.03348;14.59621
20260623_102122_L410;20260623_102122;23.06.2026;10:07:00;410;9;11646;13;U9450Z1;Mimoň,aut.st.;50.56766;14.6548
20260623_102122_L201;20260623_102122;23.06.2026;10:06:00;201;3;3879;14;U870Z4P;Nádraží Holešovice;50.11777;14.46441
20260623_102122_L620;20260623_102122;23.06.2026;10:10:00;620;12;8431;11;U4420Z1;Kladno,autobusové nádraží;50.1775;14.15696
20260623_102122_L767;20260623_102122;23.06.2026;09:24:00;767;23;8607;56;U6086Z2;Dolní Slivno;50.30329;14.72777
20260623_102523_L146;20260623_102523;23.06.2026;10:14:00;146;4;9401;10;U128Z3P;Vinice Hrdlořezy;50.09145;14.48956
20260623_102523_L303;20260623_102523;23.06.2026;09:11:00;303;8;8108;72;U311Z2;Praha,Černý Most;50.06762;14.64769
20260623_102523_L400;20260623_102523;23.06.2026;10:14:00;400;5;11656;11;U6078Z2;Praha,Střížkov;50.49151;14.48398
20260623_102523_L413;20260623_102523;23.06.2026;10:15:00;413;61;8211;10;U31437Z2;Litoměřice,aut.nádr.;50.40495;14.2116
20260623_102523_L398;20260623_102523;23.06.2026;10:13:00;398;11;1688;12;U1278Z2;Praha,Černý Most;50.14204;14.79485
20260623_102523_L203;20260623_102523;23.06.2026;10:13:00;203;6;1952;12;U378Z1P;Háje;50.01762;14.46731
20260623_102523_L662;20260623_102523;23.06.2026;10:12:00;662;18;8618;11;U1278Z2;Čelákovice,Toušeňská;50.14224;14.7946
20260623_102523_L342;20260623_102523;23.06.2026;10:15:00;342;2;7702;10;U4768Z1;Slaný,žel.st.;50.18572;14.13372
20260623_102523_L356;20260623_102523;23.06.2026;10:13:00;356;38;8876;10;U5971Z2;Praha,Obchodní centrum Ruzyně;50.11503;14.28446
20260623_102523_L375;20260623_102523;23.06.2026;10:13:00;375;6;1504;12;U1000Z5;Praha,Českomoravská;50.12517;14.51402
20260623_102523_L207;20260623_102523;23.06.2026;10:14:00;207;18;4068;10;U745Z1P;Ohrada;50.08739;14.45236
20260623_102523_L311;20260623_102523;23.06.2026;10:05:00;311;75;9579;18;U2280Z1;Praha,Zličín;49.91609;14.24241
20260623_102523_L183;20260623_102523;23.06.2026;10:12:00;183;1;5025;11;U538Z2P;Háje;50.08021;14.53788
20260623_102523_L785;20260623_102523;23.06.2026;09:51:00;785;11;7614;34;U9405Z1;Kácov,nám.;49.77517;15.03002
20260623_102523_L686;20260623_102523;23.06.2026;09:43:00;686;34;8034;39;U2315Z1;Úvaly,žel.st.;50.07418;14.72303
20260623_102523_L221;20260623_102523;23.06.2026;10:10:00;221;5;1759;12;U170Z1P;Klánovice;50.08701;14.6654
20260623_102523_L662;20260623_102523;23.06.2026;10:12:00;662;36;8583;10;U1278Z3;Český Brod,žel.st.;50.14175;14.79455
20260623_102523_L126;20260623_102523;23.06.2026;10:11:00;126;13;3849;14;U735Z1P;Koleje Jižní Město;50.03433;14.51176
20260623_102523_L364;20260623_102523;23.06.2026;10:12:00;364;1;4526;12;U367Z2;Praha,Depo Hostivař;50.04699;14.57556
20260623_102523_L133;20260623_102523;23.06.2026;10:12:00;133;1;3019;13;U767Z1P;Sídliště Malešice;50.08372;14.48193
20260623_102523_L207;20260623_102523;23.06.2026;10:15:00;207;17;4161;10;U32Z2P;Ohrada;50.09206;14.43822
20260623_102523_L620;20260623_102523;23.06.2026;10:14:00;620;12;8431;11;U4418Z2;Kladno,autobusové nádraží;50.18924;14.16216
20260623_102923_L207;20260623_102923;23.06.2026;10:17:00;207;18;4068;12;U512Z8P;Ohrada;50.09036;14.46684
20260623_102923_L183;20260623_102923;23.06.2026;10:14:00;183;1;5025;14;U747Z1P;Háje;50.07808;14.53776
20260623_102923_L400;20260623_102923;23.06.2026;10:14:00;400;5;11656;12;U6078Z2;Praha,Střížkov;50.47618;14.47915
20260623_102923_L221;20260623_102923;23.06.2026;10:10:00;221;5;1759;16;U170Z1P;Klánovice;50.08701;14.6654
20260623_102923_L662;20260623_102923;23.06.2026;10:18:00;662;36;8583;11;U1282Z1;Český Brod,žel.st.;50.12668;14.77987
20260623_102923_L686;20260623_102923;23.06.2026;09:43:00;686;34;8034;43;U2315Z1;Úvaly,žel.st.;50.07418;14.72303
20260623_102923_L126;20260623_102923;23.06.2026;10:19:00;126;3;3822;10;U336Z2P;Nádraží Uhříněves;50.03164;14.59868
20260623_102923_L383;20260623_102923;23.06.2026;10:17:00;383;33;9180;10;U2137Z2;Praha,Háje;50.03072;14.60636
20260623_102923_L303;20260623_102923;23.06.2026;09:11:00;303;8;8108;76;U311Z2;Praha,Černý Most;50.06762;14.64769
20260623_102923_L356;20260623_102923;23.06.2026;10:16:00;356;38;8876;11;U776Z2;Praha,Obchodní centrum Ruzyně;50.10492;14.28773
20260623_102923_L398;20260623_102923;23.06.2026;10:13:00;398;11;1688;13;U1278Z2;Praha,Černý Most;50.1383;14.76946
20260623_102923_L207;20260623_102923;23.06.2026;10:18:00;207;17;4161;11;U689Z6P;Ohrada;50.09029;14.44083
20260623_102923_L369;20260623_102923;23.06.2026;10:19:00;369;32;8278;10;U3314Z2;Praha,Ládví;50.39218;14.46289
20260623_102923_L375;20260623_102923;23.06.2026;10:16:00;375;6;1504;12;U500Z2;Praha,Českomoravská;50.11999;14.50176
20260623_102923_L389;20260623_102923;23.06.2026;10:18:00;389;17;7756;11;U4851Z1;Chomutov,žel.st.;50.30928;13.88492
20260623_102923_L364;20260623_102923;23.06.2026;10:15:00;364;1;4526;14;U96Z2;Praha,Depo Hostivař;50.05964;14.55845
20260623_102923_L110;20260623_102923;23.06.2026;10:18:00;110;3;1477;11;U242Z3P;Dolní Počernice;50.10551;14.53345
20260623_102923_L146;20260623_102923;23.06.2026;10:17:00;146;4;9401;10;U694Z3P;Vinice Hrdlořezy;50.09194;14.51038
20260623_102923_L203;20260623_102923;23.06.2026;10:19:00;203;3;1947;10;U4133Z1P;Háje;50.02695;14.53021
20260623_102923_L203;20260623_102923;23.06.2026;10:16:00;203;6;1952;13;U799Z1P;Háje;50.01239;14.47793
20260623_102923_L641;20260623_102923;23.06.2026;10:16:00;641;16;9450;13;U9854Z1;Beroun,autobusové nádraží;49.89522;13.96044
20260623_102923_L785;20260623_102923;23.06.2026;09:51:00;785;11;7614;38;U9405Z1;Kácov,nám.;49.77517;15.03002
20260623_102923_L133;20260623_102923;23.06.2026;10:16:00;133;1;3019;13;U548Z1P;Sídliště Malešice;50.08202;14.50096
20260623_102923_L620;20260623_102923;23.06.2026;10:19:00;620;12;8431;10;U4415Z2;Kladno,autobusové nádraží;50.17997;14.13855
20260623_102923_L136;20260623_102923;23.06.2026;10:15:00;136;51;6879;10;U606Z1P;Sídliště Čakovice;50.12381;14.51082
20260623_103323_L785;20260623_103323;23.06.2026;09:51:00;785;11;7614;42;U9405Z1;Kácov,nám.;49.77517;15.03002
20260623_103323_L398;20260623_103323;23.06.2026;10:20:00;398;11;1688;13;U2353Z1;Praha,Černý Most;50.13074;14.73007
20260623_103323_L400;20260623_103323;23.06.2026;10:14:00;400;5;11656;15;U6078Z2;Praha,Střížkov;50.47003;14.47217
20260623_103323_L181;20260623_103323;23.06.2026;10:23:00;181;4;5080;10;U747Z1P;Opatov;50.07819;14.53777
20260623_103323_L199;20260623_103323;23.06.2026;10:21:00;199;1;4103;10;U418Z2P;Želivského;50.07714;14.48766
20260623_103323_L345;20260623_103323;23.06.2026;10:18:00;345;8;1860;13;U3392Z1;Mnichovo Hradiště,nám.;50.43719;14.92938
20260623_103323_L110;20260623_103323;23.06.2026;10:23:00;110;3;1477;10;U657Z1P;Dolní Počernice;50.10323;14.54893
20260623_103323_L194;20260623_103323;23.06.2026;10:20:00;194;5;1911;11;U2953Z1P;Florenc;50.08726;14.40224
20260623_103323_L203;20260623_103323;23.06.2026;10:19:00;203;6;1952;14;U729Z1P;Háje;50.01078;14.49205
20260623_103323_L400;20260623_103323;23.06.2026;10:20:00;400;58;1084;13;U31355Z1;Rumburk,žel.st.;50.70022;14.54238
20260623_103323_L413;20260623_103323;23.06.2026;10:23:00;413;61;8211;10;U31426Z2;Litoměřice,aut.nádr.;50.45268;14.167
20260623_103323_L389;20260623_103323;23.06.2026;10:22:00;389;17;7756;10;U4853Z1;Chomutov,žel.st.;50.33902;13.83039
20260623_103323_L678;20260623_103323;23.06.2026;10:22:00;678;32;8565;10;U9601Z3;Pečky,žel.st.;50.0893;15.10358
20260623_103323_L383;20260623_103323;23.06.2026;10:20:00;383;33;9180;12;U808Z2;Praha,Háje;50.03098;14.59969
20260623_103323_L639;20260623_103323;23.06.2026;10:20:00;639;23;9561;10;U9849Z1;Hostomice,nám.;49.84418;14.01495
20260623_103323_L641;20260623_103323;23.06.2026;10:18:00;641;16;9450;12;U1229Z1;Beroun,autobusové nádraží;49.90822;13.97235
20260623_103323_L662;20260623_103323;23.06.2026;10:20:00;662;18;8618;12;U2446Z1;Čelákovice,Toušeňská;50.16643;14.78465
20260623_103323_L662;20260623_103323;23.06.2026;10:21:00;662;36;8583;10;U1281Z1;Český Brod,žel.st.;50.11866;14.78239
20260623_103323_L126;20260623_103323;23.06.2026;10:18:00;126;13;3849;14;U1131Z1P;Koleje Jižní Město;50.03536;14.49336
20260623_103323_L410;20260623_103323;23.06.2026;10:20:00;410;9;11646;13;U31369Z52;Mimoň,aut.st.;50.63012;14.7165
20260623_103323_L207;20260623_103323;23.06.2026;10:22:00;207;17;4161;11;U745Z1P;Ohrada;50.0874;14.45237
20260623_103323_L364;20260623_103323;23.06.2026;10:19:00;364;1;4526;14;U741Z2;Praha,Depo Hostivař;50.06968;14.54271
20260623_103323_L686;20260623_103323;23.06.2026;09:43:00;686;34;8034;47;U2315Z1;Úvaly,žel.st.;50.07418;14.72303
20260623_103724_L400;20260623_103724;23.06.2026;10:14:00;400;5;11656;17;U6078Z2;Praha,Střížkov;50.44627;14.47265
20260623_103724_L785;20260623_103724;23.06.2026;09:51:00;785;11;7614;46;U9405Z1;Kácov,nám.;49.77517;15.03002
20260623_103724_L639;20260623_103724;23.06.2026;10:26:00;639;23;9561;10;U9813Z2;Hostomice,nám.;49.82908;14.03751
20260623_103724_L181;20260623_103724;23.06.2026;10:26:00;181;4;5080;11;U552Z1P;Opatov;50.06928;14.53706
20260623_103724_L369;20260623_103724;23.06.2026;10:25:00;369;32;8278;11;U1796Z2;Praha,Ládví;50.35915;14.47163
20260623_103724_L413;20260623_103724;23.06.2026;10:27:00;413;61;8211;10;U31435Z2;Litoměřice,aut.nádr.;50.4748;14.16645
20260623_103724_L600;20260623_103724;23.06.2026;10:23:00;600;22;8772;14;U4011Z2;Louny,Aut.nádr.;50.256;13.8164
20260623_103724_L398;20260623_103724;23.06.2026;10:23:00;398;11;1688;14;U2452Z2;Praha,Černý Most;50.12623;14.69764
20260623_103724_L400;20260623_103724;23.06.2026;10:24:00;400;58;1084;13;U31357Z1;Rumburk,žel.st.;50.73163;14.54656
20260623_103724_L381;20260623_103724;23.06.2026;10:27:00;381;6;9376;10;U1476Z2;Praha,Háje;49.94773;15.23821
20260623_103724_L383;20260623_103724;23.06.2026;10:24:00;383;33;9180;13;U435Z4;Praha,Háje;50.03748;14.58685
20260623_103724_L641;20260623_103724;23.06.2026;10:23:00;641;16;9450;12;U9106Z1;Beroun,autobusové nádraží;49.92506;13.97717
20260623_103724_L662;20260623_103724;23.06.2026;10:24:00;662;18;8618;12;U2441Z2;Čelákovice,Toušeňská;50.16455;14.76152
20260623_103724_L345;20260623_103724;23.06.2026;10:22:00;345;8;1860;12;U3395Z1;Mnichovo Hradiště,nám.;50.4607;14.93187
20260623_103724_L110;20260623_103724;23.06.2026;10:26:00;110;3;1477;11;U1197Z1P;Dolní Počernice;50.10202;14.55462
20260623_103724_L194;20260623_103724;23.06.2026;10:20:00;194;5;1911;15;U2953Z1P;Florenc;50.08738;14.40367
20260623_103724_L203;20260623_103724;23.06.2026;10:22:00;203;6;1952;14;U307Z1P;Háje;50.01724;14.49976
20260623_103724_L207;20260623_103724;23.06.2026;10:25:00;207;18;4068;11;U512Z4P;Staroměstská;50.09052;14.46842
20260623_103724_L199;20260623_103724;23.06.2026;10:24:00;199;1;4103;13;U921Z9P;Želivského;50.07842;14.47517
20260623_103724_L155;20260623_103724;23.06.2026;10:27:00;155;5;9189;10;U1160Z1P;Nemocnice Vinohrady;50.08564;14.50055
20260623_103724_L410;20260623_103724;23.06.2026;10:20:00;410;9;11646;15;U31369Z52;Mimoň,aut.st.;50.62606;14.73205
20260623_103724_L207;20260623_103724;23.06.2026;10:25:00;207;17;4161;11;U512Z8P;Ohrada;50.09005;14.46649
20260623_103724_L364;20260623_103724;23.06.2026;10:22:00;364;1;4526;15;U404Z4;Praha,Depo Hostivař;50.07646;14.53023
20260623_103724_L686;20260623_103724;23.06.2026;09:43:00;686;34;8034;51;U2315Z1;Úvaly,žel.st.;50.07418;14.72303
20260623_104124_L600;20260623_104124;23.06.2026;10:28:00;600;22;8772;13;U32067Z1;Louny,Aut.nádr.;50.27822;13.82022
20260623_104124_L478;20260623_104124;23.06.2026;10:29:00;478;16;8072;12;U1248Z3;Brandýs n.L.-St.Bol.,Žel.st.;50.22489;14.58479
20260623_104124_L203;20260623_104124;23.06.2026;10:27:00;203;6;1952;14;U972Z2P;Háje;50.02402;14.48807
20260623_104124_L315;20260623_104124;23.06.2026;10:29:00;315;4;1861;11;U3394Z2;Praha,Černý Most;50.43753;14.92944
20260623_104124_L369;20260623_104124;23.06.2026;10:29:00;369;32;8278;11;U1794Z2;Praha,Ládví;50.35346;14.48217
20260623_104124_L639;20260623_104124;23.06.2026;10:28:00;639;23;9561;11;U9812Z2;Hostomice,nám.;49.82609;14.04391
20260623_104124_L825;20260623_104124;23.06.2026;10:28:00;825;43;9581;12;U4256Z1;Mořinka;49.95475;14.20312
20260623_104124_L400;20260623_104124;23.06.2026;10:14:00;400;5;11656;20;U6078Z2;Praha,Střížkov;50.44291;14.47417
20260623_104124_L785;20260623_104124;23.06.2026;09:51:00;785;11;7614;50;U9405Z1;Kácov,nám.;49.77517;15.03002
20260623_104124_L662;20260623_104124;23.06.2026;10:27:00;662;18;8618;13;U2213Z2;Čelákovice,Toušeňská;50.16227;14.74501
20260623_104124_L641;20260623_104124;23.06.2026;10:31:00;641;16;9450;10;U9006Z1;Beroun,autobusové nádraží;49.93524;14.01206
20260623_104124_L110;20260623_104124;23.06.2026;10:29:00;110;3;1477;11;U207Z3P;Dolní Počernice;50.09125;14.54697
20260623_104124_L155;20260623_104124;23.06.2026;10:30:00;155;5;9189;11;U128Z2P;Nemocnice Vinohrady;50.08728;14.48986
20260623_104124_L194;20260623_104124;23.06.2026;10:27:00;194;5;1911;14;U703Z1P;Florenc;50.08812;14.41526
20260623_104124_L400;20260623_104124;23.06.2026;10:29:00;400;58;1084;12;U31359Z1;Rumburk,žel.st.;50.75472;14.55319
20260623_104124_L413;20260623_104124;23.06.2026;10:30:00;413;61;8211;10;U32614Z1;Litoměřice,aut.nádr.;50.50387;14.17795
20260623_104124_L381;20260623_104124;23.06.2026;10:30:00;381;6;9376;10;U1475Z2;Praha,Háje;49.94635;15.20496
20260623_104124_L383;20260623_104124;23.06.2026;10:27:00;383;33;9180;12;U967Z2;Praha,Háje;50.03151;14.55283
20260623_104124_L345;20260623_104124;23.06.2026;10:27:00;345;8;1860;12;U6213Z1;Mnichovo Hradiště,nám.;50.48648;14.96112
20260623_104124_L356;20260623_104124;23.06.2026;10:28:00;356;31;8824;10;U199Z3;Praha,Bořislavka;50.09942;14.36416
20260623_104124_L188;20260623_104124;23.06.2026;10:29:00;188;1;5525;10;U418Z2P;Želivského;50.07712;14.48569
20260623_104124_L207;20260623_104124;23.06.2026;10:29:00;207;18;4068;12;U2787Z2P;Staroměstská;50.08782;14.45668
20260623_104124_L228;20260623_104124;23.06.2026;10:31:00;228;11;9044;10;U820Z1P;Benice;50.07279;14.55603
20260623_104124_L228;20260623_104124;23.06.2026;10:31:00;228;12;9045;10;U542Z2P;Poliklinika Malešice;50.03552;14.59323
20260623_104124_L181;20260623_104124;23.06.2026;10:30:00;181;4;5080;11;U453Z6P;Opatov;50.05295;14.53484
20260623_104124_L686;20260623_104124;23.06.2026;09:43:00;686;34;8034;55;U2315Z1;Úvaly,žel.st.;50.07418;14.72303
20260623_104525_L681;20260623_104525;23.06.2026;10:35:00;681;58;1643;10;U2156Z2;Uhlířské Janovice,nám.;49.95269;15.16681
20260623_104525_L381;20260623_104525;23.06.2026;10:35:00;381;6;9376;10;U2156Z2;Praha,Háje;49.95294;15.16706
20260623_104525_L825;20260623_104525;23.06.2026;10:28:00;825;43;9581;15;U4256Z1;Mořinka;49.95162;14.21777
20260623_104525_L413;20260623_104525;23.06.2026;10:33:00;413;61;8211;11;U31433Z2;Litoměřice,aut.nádr.;50.51246;14.15093
20260623_104525_L315;20260623_104525;23.06.2026;10:32:00;315;4;1861;11;U3392Z2;Praha,Černý Most;50.42401;14.9173
20260623_104525_L398;20260623_104525;23.06.2026;10:31:00;398;11;1688;13;U155Z2;Praha,Černý Most;50.1179;14.6277
20260623_104525_L795;20260623_104525;23.06.2026;10:31:00;795;17;7837;12;U9391Z3;Zruč n.Sáz.,Sázavan;49.70224;14.90005
20260623_104525_L478;20260623_104525;23.06.2026;10:29:00;478;16;8072;16;U1248Z3;Brandýs n.L.-St.Bol.,Žel.st.;50.22473;14.58524
20260623_104525_L400;20260623_104525;23.06.2026;10:31:00;400;58;1084;12;U31360Z1;Rumburk,žel.st.;50.76249;14.55112
20260623_104525_L324;20260623_104525;23.06.2026;10:33:00;324;27;8955;10;U4304Z1;Slaný,Rabasova;50.14461;14.14856
20260623_104525_L228;20260623_104525;23.06.2026;10:35:00;228;12;9045;10;U9691Z2P;Poliklinika Malešice;50.04361;14.58654
20260623_104525_L350;20260623_104525;23.06.2026;10:35:00;350;52;8874;10;U4402Z2;Kladno,OAZA;50.15696;14.24887
20260623_104525_L110;20260623_104525;23.06.2026;10:34:00;110;3;1477;11;U158Z1P;Dolní Počernice;50.08907;14.56312
20260623_104525_L194;20260623_104525;23.06.2026;10:32:00;194;5;1911;13;U2962Z1P;Florenc;50.08814;14.42119
20260623_104525_L203;20260623_104525;23.06.2026;10:31:00;203;6;1952;14;U1032Z2P;Háje;50.03449;14.48173
20260623_104525_L126;20260623_104525;23.06.2026;10:34:00;126;4;3861;11;U336Z2P;Nádraží Uhříněves;50.03163;14.59867
20260623_104525_L785;20260623_104525;23.06.2026;09:51:00;785;11;7614;54;U9405Z1;Kácov,nám.;49.77517;15.03002
20260623_104525_L400;20260623_104525;23.06.2026;10:14:00;400;5;11656;21;U6078Z2;Praha,Střížkov;50.42007;14.46282
20260623_104525_L702;20260623_104525;23.06.2026;10:35:00;702;53;1615;10;U2156Z2;Kolín,nádraží;49.95285;15.16699
20260623_104525_L246;20260623_104525;23.06.2026;10:30:00;246;2;3913;15;U634Z2P;Zličín;50.033;14.3121
20260623_104525_L207;20260623_104525;23.06.2026;10:33:00;207;18;4068;12;U3018Z2P;Staroměstská;50.08917;14.4434
20260623_104525_L662;20260623_104525;23.06.2026;10:31:00;662;18;8618;12;U2349Z1;Čelákovice,Toušeňská;50.15615;14.7525
20260623_104525_L686;20260623_104525;23.06.2026;09:43:00;686;34;8034;59;U2315Z1;Úvaly,žel.st.;50.07418;14.72303
20260623_104925_L721;20260623_104925;23.06.2026;10:38:00;721;30;10771;10;U3253Z1;Český Dub,nám.;50.52629;14.97355
20260623_104925_L406;20260623_104925;23.06.2026;10:38:00;406;1;7934;11;U6759Z1;Pelhřimov,aut.nádr.;49.69319;14.91074
20260623_104925_L207;20260623_104925;23.06.2026;10:38:00;207;18;4068;11;U32Z1P;Staroměstská;50.09041;14.43624
20260623_104925_L181;20260623_104925;23.06.2026;10:38:00;181;4;5080;11;U219Z1P;Opatov;50.04287;14.51488
20260623_104925_L201;20260623_104925;23.06.2026;10:39:00;201;1;4127;10;U243Z5P;Černý Most;50.12984;14.5509
20260623_104925_L662;20260623_104925;23.06.2026;10:31:00;662;18;8618;17;U2349Z1;Čelákovice,Toušeňská;50.15574;14.75238
20260623_104925_L400;20260623_104925;23.06.2026;10:14:00;400;5;11656;22;U6078Z2;Praha,Střížkov;50.40095;14.45232
20260623_104925_L795;20260623_104925;23.06.2026;10:36:00;795;17;7837;12;U6759Z1;Zruč n.Sáz.,Sázavan;49.69161;14.91292
20260623_104925_L600;20260623_104925;23.06.2026;10:36:00;600;22;8772;11;U32070Z1;Louny,Aut.nádr.;50.32936;13.81292
20260623_104925_L702;20260623_104925;23.06.2026;10:38:00;702;53;1615;10;U6951Z2;Kolín,nádraží;49.9689;15.168
20260623_104925_L785;20260623_104925;23.06.2026;09:51:00;785;11;7614;58;U9405Z1;Kácov,nám.;49.77517;15.03002
20260623_104925_L228;20260623_104925;23.06.2026;10:39:00;228;11;9044;10;U1059Z2P;Benice;50.05747;14.58343
20260623_104925_L228;20260623_104925;23.06.2026;10:39:00;228;12;9045;10;U1059Z1P;Poliklinika Malešice;50.05985;14.5867
20260623_104925_L300;20260623_104925;23.06.2026;10:36:00;300;5;8974;10;U80Z3;Libušín,náměstí;50.11461;14.28571
20260623_104925_L324;20260623_104925;23.06.2026;10:37:00;324;27;8955;11;U4315Z1;Slaný,Rabasova;50.13063;14.13789
20260623_104925_L350;20260623_104925;23.06.2026;10:37:00;350;52;8874;11;U4401Z1;Kladno,OAZA;50.15483;14.23033
20260623_104925_L413;20260623_104925;23.06.2026;10:35:00;413;61;8211;12;U31417Z4;Litoměřice,aut.nádr.;50.5135;14.13939
20260623_104925_L194;20260623_104925;23.06.2026;10:35:00;194;5;1911;13;U1410Z2P;Florenc;50.09085;14.42727
20260623_104925_L398;20260623_104925;23.06.2026;10:34:00;398;11;1688;14;U452Z2;Praha,Černý Most;50.11548;14.61258
20260623_104925_L161;20260623_104925;23.06.2026;10:38:00;161;4;4543;11;U905Z2P;Bořislavka;50.1109;14.33103
20260623_104925_L686;20260623_104925;23.06.2026;09:43:00;686;34;8034;63;U2315Z1;Úvaly,žel.st.;50.07418;14.72303
20260623_105326_L406;20260623_105326;23.06.2026;10:43:00;406;1;7934;10;U9393Z1;Pelhřimov,aut.nádr.;49.67861;14.94943
20260623_105326_L324;20260623_105326;23.06.2026;10:41:00;324;27;8955;12;U4318Z1;Slaný,Rabasova;50.1273;14.12349
20260623_105326_L350;20260623_105326;23.06.2026;10:41:00;350;52;8874;11;U4738Z2;Kladno,OAZA;50.14721;14.19891
20260623_105326_L369;20260623_105326;23.06.2026;10:42:00;369;32;8278;11;U1792Z1;Praha,Ládví;50.34441;14.4865
20260623_105326_L228;20260623_105326;23.06.2026;10:43:00;228;11;9044;10;U9691Z1P;Benice;50.04215;14.58765
20260623_105326_L300;20260623_105326;23.06.2026;10:43:00;300;11;8997;10;U4303Z51;Praha,Nádraží Veleslavín;50.15328;14.18827
20260623_105326_L600;20260623_105326;23.06.2026;10:42:00;600;22;8772;11;U4854Z1;Louny,Aut.nádr.;50.34993;13.80577
20260623_105326_L155;20260623_105326;23.06.2026;10:39:00;155;5;9189;14;U921Z7P;Nemocnice Vinohrady;50.07919;14.47567
20260623_105326_L194;20260623_105326;23.06.2026;10:40:00;194;5;1911;13;U32Z2P;Florenc;50.09043;14.43629
20260623_105326_L203;20260623_105326;23.06.2026;10:39:00;203;6;1952;14;U381Z2P;Háje;50.03365;14.50461
20260623_105326_L181;20260623_105326;23.06.2026;10:41:00;181;4;5080;11;U344Z4P;Opatov;50.02979;14.50724
20260623_105326_L785;20260623_105326;23.06.2026;09:51:00;785;11;7614;62;U9405Z1;Kácov,nám.;49.77517;15.03002
20260623_105326_L246;20260623_105326;23.06.2026;10:38:00;246;2;3913;15;U281Z7P;Zličín;50.05503;14.30989
20260623_105326_L430;20260623_105326;23.06.2026;10:42:00;430;7;8556;10;U2465Z1;Milovice,Balonka;50.23147;14.88833
20260623_105326_L448;20260623_105326;23.06.2026;10:39:00;448;90;1110;11;U2570Z2;Lety,K Libří;49.92501;14.24096
20260623_105326_L146;20260623_105326;23.06.2026;10:41:00;146;3;9121;12;U767Z2P;Vinice Hrdlořezy;50.08514;14.48222
20260623_105326_L207;20260623_105326;23.06.2026;10:41:00;207;18;4068;12;U87Z2P;Staroměstská;50.09052;14.42764
20260623_105326_L161;20260623_105326;23.06.2026;10:42:00;161;4;4543;10;U199Z3P;Bořislavka;50.10426;14.35636
20260623_105326_L136;20260623_105326;23.06.2026;10:43:00;136;1;6887;10;U512Z5P;Jižní Město;50.09034;14.46743
20260623_105326_L686;20260623_105326;23.06.2026;09:43:00;686;34;8034;67;U2315Z1;Úvaly,žel.st.;50.07418;14.72303
20260623_105726_L136;20260623_105726;23.06.2026;10:46:00;136;1;6887;11;U743Z2P;Jižní Město;50.08605;14.45549
20260623_105726_L146;20260623_105726;23.06.2026;10:44:00;146;3;9121;12;U128Z3P;Vinice Hrdlořezy;50.09143;14.48949
20260623_105726_L203;20260623_105726;23.06.2026;10:42:00;203;6;1952;13;U43Z2P;Háje;50.03648;14.52565
20260623_105726_L204;20260623_105726;23.06.2026;10:46:00;204;74;9048;11;U96Z1P;Sídliště Petrovice;50.06038;14.55723
20260623_105726_L207;20260623_105726;23.06.2026;10:45:00;207;18;4068;11;U593Z1P;Staroměstská;50.09153;14.41777
20260623_105726_L228;20260623_105726;23.06.2026;10:46:00;228;11;9044;11;U461Z2P;Benice;50.03316;14.59331
20260623_105726_L300;20260623_105726;23.06.2026;10:45:00;300;11;8997;10;U4304Z1;Praha,Nádraží Veleslavín;50.14705;14.18899
20260623_105726_L324;20260623_105726;23.06.2026;10:43:00;324;27;8955;12;U4320Z1;Slaný,Rabasova;50.13344;14.10887
20260623_105726_L339;20260623_105726;23.06.2026;10:45:00;339;18;9932;11;U1534Z1;Kamenice,Kult.dům;49.93028;14.56427
20260623_105726_L350;20260623_105726;23.06.2026;10:45:00;350;52;8874;12;U4303Z52;Kladno,OAZA;50.15291;14.18785
20260623_105726_L360;20260623_105726;23.06.2026;10:47:00;360;6;7234;10;U4763Z2;Praha,Smíchovské nádraží;49.66348;14.42368
20260623_105726_L369;20260623_105726;23.06.2026;10:45:00;369;32;8278;12;U1790Z2;Praha,Ládví;50.32865;14.50066
20260623_105726_L384;20260623_105726;23.06.2026;10:46:00;384;23;9891;10;U1230Z1;Praha,Zličín;49.87596;13.89622
20260623_105726_L430;20260623_105726;23.06.2026;10:42:00;430;7;8556;14;U2465Z1;Milovice,Balonka;50.23147;14.88833
20260623_105726_L702;20260623_105726;23.06.2026;10:46:00;702;53;1615;10;U6674Z2;Kolín,nádraží;49.97889;15.20948
20260623_110127_L126;20260623_110127;23.06.2026;10:49:00;126;5;3739;12;U336Z2P;Nádraží Uhříněves;50.03224;14.59788
20260623_110127_L136;20260623_110127;23.06.2026;10:48:00;136;1;6887;12;U516Z3P;Jižní Město;50.07904;14.46057
20260623_110127_L146;20260623_110127;23.06.2026;10:47:00;146;3;9121;13;U694Z3P;Vinice Hrdlořezy;50.09074;14.50619
20260623_110127_L203;20260623_110127;23.06.2026;10:46:00;203;6;1952;15;U1020Z2P;Háje;50.03359;14.52647
20260623_110127_L204;20260623_110127;23.06.2026;10:48:00;204;74;9048;12;U1099Z1P;Sídliště Petrovice;50.05232;14.56637
20260623_110127_L228;20260623_110127;23.06.2026;10:49:00;228;11;9044;11;U3053Z1P;Benice;50.02685;14.59373
20260623_110127_L858;20260623_110127;23.06.2026;10:51:00;858;67;8713;10;U2867Z1;Slaný,gymnázium;50.22683;14.10241
20260623_110127_L300;20260623_110127;23.06.2026;10:51:00;300;5;8974;10;U4304Z1;Libušín,náměstí;50.15105;14.17989
20260623_110127_L307;20260623_110127;23.06.2026;10:50:00;307;12;8991;10;U1142Z2;Praha,Zličín;50.05464;14.28196
20260623_110127_L315;20260623_110127;23.06.2026;10:46:00;315;4;1861;15;U3256Z1;Praha,Černý Most;50.41108;14.91802
20260623_110127_L324;20260623_110127;23.06.2026;10:46:00;324;27;8955;14;U4310Z1;Slaný,Rabasova;50.1403;14.09968
20260623_110127_L339;20260623_110127;23.06.2026;10:49:00;339;18;9932;12;U1536Z1;Kamenice,Kult.dům;49.91576;14.58186
20260623_110127_L350;20260623_110127;23.06.2026;10:47:00;350;52;8874;13;U4304Z1;Kladno,OAZA;50.14785;14.16074
20260623_110127_L369;20260623_110127;23.06.2026;10:46:00;369;32;8278;14;U1789Z2;Praha,Ládví;50.31643;14.51241
20260623_110127_L384;20260623_110127;23.06.2026;10:46:00;384;23;9891;11;U1230Z1;Praha,Zličín;49.88957;13.92922
20260623_110127_L400;20260623_110127;23.06.2026;10:49:00;400;58;1084;11;U32674Z2;Rumburk,žel.st.;50.78443;14.4594
20260623_110127_L406;20260623_110127;23.06.2026;10:50:00;406;1;7934;10;U7428Z1;Pelhřimov,aut.nádr.;49.63312;15.03158
20260623_110127_L491;20260623_110127;23.06.2026;10:50:00;491;21;8587;10;U2273Z2;Český Brod,žel.st.;50.06074;14.82922
20260623_110127_L588;20260623_110127;23.06.2026;10:49:00;588;18;7749;12;U9241Z1;Slaný,aut.nádr.;50.24207;13.94352
20260623_110127_L702;20260623_110127;23.06.2026;10:49:00;702;53;1615;12;U6670Z2;Kolín,nádraží;49.99222;15.22095
20260623_110527_L101;20260623_110527;23.06.2026;10:55:00;101;3;2322;10;U540Z3P;Viktoria Žižkov;50.07544;14.45207
20260623_110527_L136;20260623_110527;23.06.2026;10:52:00;136;1;6887;13;U518Z3P;Jižní Město;50.07591;14.45917
20260623_110527_L166;20260623_110527;23.06.2026;10:55:00;166;1;1941;10;U78Z3P;Domov seniorů Ďáblice;50.12663;14.47023
20260623_110527_L204;20260623_110527;23.06.2026;10:53:00;204;74;9048;12;U973Z1P;Sídliště Petrovice;50.04571;14.55744
20260623_110527_L339;20260623_110527;23.06.2026;10:52:00;339;18;9932;13;U1539Z1;Kamenice,Kult.dům;49.90403;14.59105
20260623_110527_L350;20260623_110527;23.06.2026;10:51:00;350;52;8874;14;U4315Z1;Kladno,OAZA;50.13491;14.13729
20260623_110527_L375;20260623_110527;23.06.2026;10:54:00;375;2;8246;11;U346Z1;Brandýs n.L.-St.Bol.,Žel.st.;50.15022;14.58862
20260623_110527_L384;20260623_110527;23.06.2026;10:54:00;384;23;9891;10;U1229Z1;Praha,Zličín;49.90544;13.96284
20260623_110527_L406;20260623_110527;23.06.2026;10:53:00;406;1;7934;12;U7419Z2;Pelhřimov,aut.nádr.;49.62283;15.04894
20260623_110527_L412;20260623_110527;23.06.2026;10:55:00;412;42;9902;10;U31000Z2;Praha,Černý Most;50.46771;15.17634
20260623_110527_L491;20260623_110527;23.06.2026;10:54:00;491;21;8587;11;U1416Z3;Český Brod,žel.st.;50.07174;14.85589
20260623_110527_L561;20260623_110527;23.06.2026;10:54:00;561;55;8372;11;U4338Z1;Rakovník,Šamotka;50.10068;13.73332
20260623_110527_L702;20260623_110527;23.06.2026;10:52:00;702;53;1615;12;U9412Z2;Kolín,nádraží;50.0127;15.22429
20260623_110527_L795;20260623_110527;23.06.2026;10:52:00;795;17;7837;13;U5744Z1;Zruč n.Sáz.,Sázavan;49.71018;15.0152
20260623_110928_L491;20260623_110928;23.06.2026;10:56:00;491;21;8587;13;U2270Z2;Český Brod,žel.st.;50.07369;14.86389
20260623_110928_L384;20260623_110928;23.06.2026;10:58:00;384;16;9869;10;U9613Z2;Hořovice,nám.B.Němcové;49.85255;13.88866
20260623_110928_L412;20260623_110928;23.06.2026;10:55:00;412;42;9902;11;U31000Z2;Praha,Černý Most;50.45919;15.13681
20260623_110928_L360;20260623_110928;23.06.2026;10:58:00;360;2;7502;10;U4750Z1;Sedlčany,aut.st.;49.70006;14.35758
20260623_110928_L375;20260623_110928;23.06.2026;10:59:00;375;2;8246;10;U2190Z1;Brandýs n.L.-St.Bol.,Žel.st.;50.1599;14.61229
20260623_110928_L300;20260623_110928;23.06.2026;10:59:00;300;5;8974;10;U4308Z3;Libušín,náměstí;50.13257;14.11307
20260623_110928_L795;20260623_110928;23.06.2026;10:54:00;795;17;7837;14;U5742Z1;Zruč n.Sáz.,Sázavan;49.70244;15.04452
20260623_110928_L204;20260623_110928;23.06.2026;10:58:00;204;74;9048;11;U963Z1P;Sídliště Petrovice;50.03761;14.56184
20260623_110928_L166;20260623_110928;23.06.2026;10:59:00;166;1;1941;10;U39Z2P;Domov seniorů Ďáblice;50.13251;14.4621
20260623_110928_L444;20260623_110928;23.06.2026;10:55:00;444;5;9181;14;U1564Z1;Davle,obec;49.90362;14.58582
20260623_110928_L101;20260623_110928;23.06.2026;10:55:00;101;3;2322;13;U540Z3P;Viktoria Žižkov;50.07544;14.45207
20260623_110928_L332;20260623_110928;23.06.2026;10:59:00;332;21;9954;10;U2129Z1;Jílové u Prahy,Náměstí;49.94107;14.51589
20260623_110928_L406;20260623_110928;23.06.2026;10:55:00;406;1;7934;13;U7425Z1;Pelhřimov,aut.nádr.;49.59678;15.06762
20260623_110928_L325;20260623_110928;23.06.2026;10:59:00;325;40;1583;10;U336Z2;Praha,Nádraží Uhříněves;50.03196;14.59831
20260623_110928_L136;20260623_110928;23.06.2026;10:57:00;136;1;6887;12;U29Z1P;Jižní Město;50.07253;14.47046
20260623_110928_L384;20260623_110928;23.06.2026;10:58:00;384;23;9891;10;U9105Z1;Praha,Zličín;49.91199;13.97921
20260623_111328_L126;20260623_111328;23.06.2026;11:02:00;126;6;4104;10;U3053Z2P;Nádraží Uhříněves;50.02995;14.59544
20260623_111328_L136;20260623_111328;23.06.2026;11:03:00;136;3;6845;10;U512Z5P;Jižní Město;50.09008;14.46645
20260623_111328_L136;20260623_111328;23.06.2026;11:01:00;136;1;6887;12;U37Z1P;Jižní Město;50.06109;14.46943
20260623_111328_L136;20260623_111328;23.06.2026;11:04:00;136;2;6732;10;U855Z1P;Jižní Město;50.07459;14.46274
20260623_111328_L300;20260623_111328;23.06.2026;11:02:00;300;5;8974;10;U4310Z1;Libušín,náměstí;50.13948;14.10034
20260623_111328_L300;20260623_111328;23.06.2026;11:01:00;300;11;8997;10;U85Z1;Praha,Nádraží Veleslavín;50.09385;14.33619
20260623_111328_L315;20260623_111328;23.06.2026;10:58:00;315;4;1861;15;U3265Z1;Praha,Černý Most;50.34461;14.87106
20260623_111328_L339;20260623_111328;23.06.2026;11:02:00;339;20;9934;11;U488Z7;Praha,Budějovická;50.03141;14.455
20260623_111328_L360;20260623_111328;23.06.2026;11:00:00;360;2;7502;13;U4752Z1;Sedlčany,aut.st.;49.70008;14.37132
20260623_111328_L375;20260623_111328;23.06.2026;11:03:00;375;2;8246;10;U2365Z1;Brandýs n.L.-St.Bol.,Žel.st.;50.17454;14.64923
20260623_111328_L381;20260623_111328;23.06.2026;11:02:00;381;8;9956;11;U151Z1;Kutná Hora,hlavní nádraží;50.03186;14.53418
20260623_111328_L384;20260623_111328;23.06.2026;11:02:00;384;16;9869;10;U9615Z2;Hořovice,nám.B.Němcové;49.84292;13.89078
20260623_111328_L384;20260623_111328;23.06.2026;11:01:00;384;23;9891;12;U9107Z1;Praha,Zličín;49.92733;13.97447
20260623_111328_L406;20260623_111328;23.06.2026;11:00:00;406;1;7934;11;U31624Z1;Pelhřimov,aut.nádr.;49.57587;15.10125
20260623_111328_L444;20260623_111328;23.06.2026;11:00:00;444;5;9181;13;U1567Z1;Davle,obec;49.89255;14.56465
20260623_111328_L795;20260623_111328;23.06.2026;10:58:00;795;17;7837;12;U5749Z1;Zruč n.Sáz.,Sázavan;49.70466;15.08194
20260623_111729_L126;20260623_111729;23.06.2026;11:02:00;126;6;4104;14;U3053Z2P;Nádraží Uhříněves;50.03141;14.59843
20260623_111729_L588;20260623_111729;23.06.2026;11:05:00;588;18;7749;10;U4842Z2;Slaný,aut.nádr.;50.24389;14.04866
20260623_111729_L384;20260623_111729;23.06.2026;11:05:00;384;23;9891;12;U9006Z1;Praha,Zličín;49.93626;14.01429
20260623_111729_L136;20260623_111729;23.06.2026;11:06:00;136;3;6845;11;U743Z2P;Jižní Město;50.08609;14.45556
20260623_111729_L431;20260623_111729;23.06.2026;11:03:00;431;3;1813;11;U9650Z1;Lysá n.L.,žel.st.;50.28586;14.82752
20260623_111729_L444;20260623_111729;23.06.2026;11:04:00;444;5;9181;13;U1569Z1;Davle,obec;49.89396;14.53813
20260623_111729_L400;20260623_111729;23.06.2026;11:06:00;400;58;1084;11;U32675Z1;Rumburk,žel.st.;50.86303;14.48248
20260623_111729_L406;20260623_111729;23.06.2026;11:05:00;406;1;7934;11;U31660Z1;Pelhřimov,aut.nádr.;49.5541;15.12783
20260623_111729_L381;20260623_111729;23.06.2026;11:05:00;381;8;9956;12;U967Z1;Kutná Hora,hlavní nádraží;50.0355;14.56502
20260623_111729_L384;20260623_111729;23.06.2026;11:07:00;384;16;9869;10;U9617Z2;Hořovice,nám.B.Němcové;49.83631;13.90319
20260623_111729_L300;20260623_111729;23.06.2026;11:04:00;300;5;8974;12;U3094Z1;Libušín,náměstí;50.14479;14.09304
20260623_111729_L332;20260623_111729;23.06.2026;11:07:00;332;21;9954;10;U2106Z1;Jílové u Prahy,Náměstí;49.91209;14.49813
20260623_111729_L360;20260623_111729;23.06.2026;11:05:00;360;2;7502;10;U4761Z1;Sedlčany,aut.st.;49.68215;14.40475
20260623_111729_L136;20260623_111729;23.06.2026;11:04:00;136;1;6887;13;U751Z2P;Jižní Město;50.0526;14.47508
20260623_112129_L641;20260623_112129;23.06.2026;11:09:00;641;14;9573;12;U9855Z55;Beroun,autobusové nádraží;49.86951;13.94803
20260623_112129_L101;20260623_112129;23.06.2026;11:11:00;101;3;2322;10;U2788Z1P;Skalka;50.0813;14.44536
20260623_112129_L315;20260623_112129;23.06.2026;11:07:00;315;4;1861;14;U3380Z2;Praha,Černý Most;50.29146;14.84414
20260623_112129_L431;20260623_112129;23.06.2026;11:03:00;431;3;1813;15;U9650Z1;Lysá n.L.,žel.st.;50.28589;14.82747
20260623_112129_L405;20260623_112129;23.06.2026;11:10:00;405;61;1420;10;U31014Z1;Praha,Černý Most;50.49138;15.52075
20260623_112129_L588;20260623_112129;23.06.2026;11:05:00;588;18;7749;13;U4842Z2;Slaný,aut.nádr.;50.24251;14.0499
20260623_112129_L650;20260623_112129;23.06.2026;11:11:00;650;22;12536;10;U9269Z1;Kladno,autobusové nádraží;50.2331;14.08685
20260623_112129_L444;20260623_112129;23.06.2026;11:08:00;444;5;9181;12;U1571Z1;Davle,obec;49.89866;14.50865
20260623_112129_L795;20260623_112129;23.06.2026;11:06:00;795;17;7837;14;U5868Z1;Zruč n.Sáz.,Sázavan;49.7322;15.08024
20260623_112129_L406;20260623_112129;23.06.2026;11:11:00;406;1;7934;10;U31688Z1;Pelhřimov,aut.nádr.;49.53687;15.16629
20260623_112129_L360;20260623_112129;23.06.2026;11:10:00;360;2;7502;10;U4763Z1;Sedlčany,aut.st.;49.66113;14.42412
20260623_112129_L300;20260623_112129;23.06.2026;11:10:00;300;5;8974;11;U2889Z1;Libušín,náměstí;50.14099;14.08217
20260623_112129_L375;20260623_112129;23.06.2026;11:11:00;375;2;8246;10;U1828Z1;Brandýs n.L.-St.Bol.,Žel.st.;50.1949;14.6735
20260623_112129_L380;20260623_112129;23.06.2026;11:10:00;380;4;9978;10;U4962Z1;Králův Dvůr,Počaply,Obchodní centrum;49.96284;14.06163
20260623_112129_L332;20260623_112129;23.06.2026;11:10:00;332;21;9954;11;U5931Z1;Jílové u Prahy,Náměstí;49.90088;14.49369
20260623_112129_L384;20260623_112129;23.06.2026;11:08:00;384;23;9891;13;U4976Z2;Praha,Zličín;49.943;14.02852
20260623_112129_L136;20260623_112129;23.06.2026;11:10:00;136;3;6845;11;U118Z4P;Jižní Město;50.07874;14.46053
20260623_112129_L136;20260623_112129;23.06.2026;11:08:00;136;1;6887;12;U417Z1P;Jižní Město;50.04291;14.48775
20260623_112530_L641;20260623_112530;23.06.2026;11:13:00;641;14;9573;11;U3268Z1;Beroun,autobusové nádraží;49.88472;13.95698
20260623_112530_L431;20260623_112530;23.06.2026;11:15:00;431;1;1800;10;U3379Z4;Boreč,Žebice;50.28585;14.82775
20260623_112530_L412;20260623_112530;23.06.2026;11:10:00;412;42;9902;11;U9359Z2;Praha,Černý Most;50.40994;14.93702
20260623_112530_L315;20260623_112530;23.06.2026;11:10:00;315;4;1861;13;U3379Z2;Praha,Černý Most;50.28578;14.82752
20260623_112530_L444;20260623_112530;23.06.2026;11:12:00;444;5;9181;10;U2109Z2;Davle,obec;49.89512;14.49343
20260623_112530_L101;20260623_112530;23.06.2026;11:13:00;101;3;2322;11;U209Z4P;Skalka;50.07725;14.45045
20260623_112530_L300;20260623_112530;23.06.2026;11:13:00;300;5;8974;12;U1782Z1;Libušín,náměstí;50.14102;14.06367
20260623_112530_L384;20260623_112530;23.06.2026;11:13:00;384;23;9891;12;U4965Z2;Praha,Zličín;49.95244;14.04804
20260623_112530_L650;20260623_112530;23.06.2026;11:14:00;650;22;12536;11;U4786Z2;Kladno,autobusové nádraží;50.22951;14.08457
20260623_112530_L400;20260623_112530;23.06.2026;11:12:00;400;58;1084;10;U32676Z1;Rumburk,žel.st.;50.87961;14.55026
20260623_112530_L369;20260623_112530;23.06.2026;11:10:00;369;32;8278;15;U1806Z2;Praha,Ládví;50.17681;14.48422
20260623_112530_L381;20260623_112530;23.06.2026;11:11:00;381;8;9956;14;U336Z1;Kutná Hora,hlavní nádraží;50.02971;14.60437
20260623_112530_L431;20260623_112530;23.06.2026;11:03:00;431;3;1813;19;U9650Z1;Lysá n.L.,žel.st.;50.28588;14.82745
20260623_112530_L639;20260623_112530;23.06.2026;11:14:00;639;8;9586;10;U9850Z1;Dobříš,nám.;49.86341;14.00397
20260623_112530_L588;20260623_112530;23.06.2026;11:05:00;588;18;7749;17;U4842Z2;Slaný,aut.nádr.;50.23369;14.05231
20260623_112530_L702;20260623_112530;23.06.2026;11:15:00;702;53;1615;10;U6675Z1;Suchdol;49.96968;15.19845
20260623_112530_L136;20260623_112530;23.06.2026;11:14:00;136;3;6845;11;U855Z1P;Jižní Město;50.07446;14.46394
20260623_112530_L375;20260623_112530;23.06.2026;11:15:00;375;2;8246;10;U3001Z2;Brandýs n.L.-St.Bol.,Žel.st.;50.20419;14.68981
20260623_112530_L562;20260623_112530;23.06.2026;11:10:00;562;64;8382;14;U2926Z17;Rakovník,hasičský záchr.sbor;50.10232;13.73139
20260623_112530_L380;20260623_112530;23.06.2026;11:15:00;380;4;9978;10;U4766Z1;Králův Dvůr,Počaply,Obchodní centrum;49.95497;14.0483
20260623_112530_L136;20260623_112530;23.06.2026;11:13:00;136;1;6887;12;U344Z1P;Jižní Město;50.03149;14.50547
20260623_112930_L101;20260623_112930;23.06.2026;11:18:00;101;3;2322;11;U855Z1P;Skalka;50.07448;14.4639
20260623_112930_L639;20260623_112930;23.06.2026;11:17:00;639;8;9586;10;U2916Z2;Dobříš,nám.;49.85103;14.03024
20260623_112930_L641;20260623_112930;23.06.2026;11:18:00;641;14;9573;11;U1229Z1;Beroun,autobusové nádraží;49.9035;13.96137
20260623_112930_L300;20260623_112930;23.06.2026;11:17:00;300;5;8974;12;U4793Z1;Libušín,náměstí;50.16312;14.0501
20260623_112930_L380;20260623_112930;23.06.2026;11:18:00;380;4;9978;11;U1748Z1;Králův Dvůr,Počaply,Obchodní centrum;49.94758;14.03634
20260623_112930_L384;20260623_112930;23.06.2026;11:15:00;384;23;9891;13;U1747Z2;Praha,Zličín;49.95786;14.05868
20260623_112930_L431;20260623_112930;23.06.2026;11:18:00;431;1;1800;11;U4348Z2;Boreč,Žebice;50.29205;14.8257
20260623_112930_L431;20260623_112930;23.06.2026;11:17:00;431;3;1813;11;U6103Z2;Lysá n.L.,žel.st.;50.29032;14.80147
20260623_112930_L444;20260623_112930;23.06.2026;11:16:00;444;5;9181;13;U5931Z2;Davle,obec;49.90325;14.49624
20260623_112930_L519;20260623_112930;23.06.2026;11:18:00;519;23;7501;11;U7923Z1;Votice,aut.st.;49.65354;14.43943
20260623_112930_L562;20260623_112930;23.06.2026;11:10:00;562;64;8382;17;U2926Z17;Rakovník,hasičský záchr.sbor;50.10067;13.73442
20260623_112930_L136;20260623_112930;23.06.2026;11:19:00;136;3;6845;10;U680Z3P;Jižní Město;50.06838;14.46917
20260623_112930_L136;20260623_112930;23.06.2026;11:18:00;136;1;6887;11;U353Z1P;Jižní Město;50.02601;14.52107
20260623_113330_L380;20260623_113330;23.06.2026;11:22:00;380;4;9978;11;U4979Z2;Králův Dvůr,Počaply,Obchodní centrum;49.93911;14.02137
20260623_113330_L136;20260623_113330;23.06.2026;11:21:00;136;1;6887;12;U151Z1P;Jižní Město;50.03209;14.53449
20260623_113330_L381;20260623_113330;23.06.2026;11:18:00;381;8;9956;13;U1885Z1;Kutná Hora,hlavní nádraží;50.00478;14.65707
20260623_113330_L101;20260623_113330;23.06.2026;11:23:00;101;3;2322;10;U67Z8P;Skalka;50.06967;14.46024
20260623_113330_L562;20260623_113330;23.06.2026;11:10:00;562;64;8382;21;U2926Z17;Rakovník,hasičský záchr.sbor;50.10072;13.7344
20260623_113330_L617;20260623_113330;23.06.2026;11:23:00;617;15;7330;10;U7494Z1;Roudnice n.L.,žel.st.;50.4032;14.30365
20260623_113330_L136;20260623_113330;23.06.2026;11:23:00;136;3;6845;10;U183Z3P;Jižní Město;50.05604;14.4716
20260623_113330_L384;20260623_113330;23.06.2026;11:19:00;384;23;9891;14;U1745Z2;Praha,Zličín;49.9653;14.07191
20260623_113330_L641;20260623_113330;23.06.2026;11:22:00;641;14;9573;10;U9105Z1;Beroun,autobusové nádraží;49.91792;13.98005
20260623_113330_L639;20260623_113330;23.06.2026;11:20:00;639;8;9586;11;U9849Z1;Dobříš,nám.;49.84963;14.01479
20260623_113330_L431;20260623_113330;23.06.2026;11:20:00;431;1;1800;10;U4347Z2;Boreč,Žebice;50.30809;14.81771
20260623_113330_L431;20260623_113330;23.06.2026;11:23:00;431;3;1813;10;U6105Z2;Lysá n.L.,žel.st.;50.27864;14.78582
20260623_113330_L444;20260623_113330;23.06.2026;11:19:00;444;5;9181;13;U2598Z1;Davle,obec;49.89727;14.47594
20260623_113330_L519;20260623_113330;23.06.2026;11:23:00;519;23;7501;10;U7651Z1;Votice,aut.st.;49.65412;14.47105
20260623_113330_L416;20260623_113330;23.06.2026;11:22:00;416;9;7227;11;U31866Z1;Sušice,nábřeží;49.37089;13.73874
20260623_113330_L389;20260623_113330;23.06.2026;11:20:00;389;12;7762;10;U80Z3;Chomutov,žel.st.;50.12226;14.27335
20260623_113330_L337;20260623_113330;23.06.2026;11:23:00;337;25;9950;10;U1564Z1;Benešov,Terminál;49.90372;14.58767
20260623_113330_L240;20260623_113330;23.06.2026;11:22:00;240;12;1758;10;U1069Z4P;Háje;50.0489;14.56341
20260623_113330_L841;20260623_113330;23.06.2026;11:20:00;841;27;7845;10;U9389Z2;Vlašim,Hrazená Lhota;49.71238;14.83807
20260623_113731_L795;20260623_113731;23.06.2026;11:23:00;795;17;7837;14;U7159Z2;Zruč n.Sáz.,Sázavan;49.74656;15.09737
20260623_113731_L548;20260623_113731;23.06.2026;11:27:00;548;13;9546;10;U4275Z2;Hořovice,nemocnice;49.83559;13.91261
20260623_113731_L639;20260623_113731;23.06.2026;11:26:00;639;8;9586;11;U9813Z2;Dobříš,nám.;49.83296;14.0292
20260623_113731_L416;20260623_113731;23.06.2026;11:26:00;416;9;7227;10;U31889Z1;Sušice,nábřeží;49.35499;13.69958
20260623_113731_L444;20260623_113731;23.06.2026;11:23:00;444;5;9181;14;U1361Z1;Davle,obec;49.88705;14.4349
20260623_113731_L400;20260623_113731;23.06.2026;11:26:00;400;58;1084;10;U31385Z2;Rumburk,žel.st.;50.90175;14.63091
20260623_113731_L431;20260623_113731;23.06.2026;11:27:00;431;1;1800;10;U2984Z2;Boreč,Žebice;50.33911;14.80213
20260623_113731_L431;20260623_113731;23.06.2026;11:24:00;431;3;1813;11;U6112Z2;Lysá n.L.,žel.st.;50.2692;14.77932
20260623_113731_L617;20260623_113731;23.06.2026;11:25:00;617;15;7330;10;U4714Z1;Roudnice n.L.,žel.st.;50.41842;14.26871
20260623_113731_L101;20260623_113731;23.06.2026;11:25:00;101;3;2322;11;U269Z6P;Skalka;50.06901;14.46864
20260623_113731_L562;20260623_113731;23.06.2026;11:10:00;562;64;8382;25;U2926Z17;Rakovník,hasičský záchr.sbor;50.10073;13.7344
20260623_113731_L136;20260623_113731;23.06.2026;11:27:00;136;3;6845;10;U322Z3P;Jižní Město;50.04554;14.48471
20260623_113731_L147;20260623_113731;23.06.2026;11:24:00;147;2;3756;13;U721Z1P;Dejvická;50.13607;14.38062
20260623_113731_L841;20260623_113731;23.06.2026;11:20:00;841;27;7845;16;U9389Z2;Vlašim,Hrazená Lhota;49.71238;14.83804
20260623_114131_L416;20260623_114131;23.06.2026;11:31:00;416;9;7227;10;U31595Z1;Sušice,nábřeží;49.32555;13.70051
20260623_114131_L155;20260623_114131;23.06.2026;11:31:00;155;2;9468;10;U4572Z2P;Poliklinika Malešice;50.08617;14.49798
20260623_114131_L410;20260623_114131;23.06.2026;11:31:00;410;9;11646;10;U31369Z51;Praha,Střížkov;50.62727;14.71254
20260623_114131_L400;20260623_114131;23.06.2026;11:30:00;400;58;1084;10;U31387Z2;Rumburk,žel.st.;50.90819;14.61898
20260623_114131_L300;20260623_114131;23.06.2026;11:31:00;300;10;8808;10;U85Z1;Praha,Nádraží Veleslavín;50.09297;14.33056
20260623_114131_L410;20260623_114131;23.06.2026;11:29:00;410;14;11688;12;U6072Z1;Doksy,žel.st.;50.47041;14.47216
20260623_114131_L650;20260623_114131;23.06.2026;11:30:00;650;22;12536;11;U1915Z1;Kladno,autobusové nádraží;50.18885;14.04299
20260623_114131_L444;20260623_114131;23.06.2026;11:28:00;444;5;9181;13;U1355Z1;Davle,obec;49.88499;14.40266
20260623_114131_L639;20260623_114131;23.06.2026;11:28:00;639;8;9586;13;U9812Z2;Dobříš,nám.;49.82556;14.04342
20260623_114131_L641;20260623_114131;23.06.2026;11:30:00;641;14;9573;11;U4976Z2;Beroun,autobusové nádraží;49.94284;14.02839
20260623_114131_L406;20260623_114131;23.06.2026;11:28:00;406;1;7934;13;U31560Z1;Pelhřimov,aut.nádr.;49.49192;15.17929
20260623_114131_L676;20260623_114131;23.06.2026;11:28:00;676;33;8579;13;U9564Z1;Nymburk,hl.nádr.;50.2618;15.0569
20260623_114131_L136;20260623_114131;23.06.2026;11:30:00;136;5;6969;10;U118Z4P;Jižní Město;50.07773;14.45889
20260623_114131_L101;20260623_114131;23.06.2026;11:29:00;101;3;2322;12;U37Z1P;Skalka;50.06043;14.46957
20260623_114131_L562;20260623_114131;23.06.2026;11:10:00;562;64;8382;29;U2926Z17;Rakovník,hasičský záchr.sbor;50.10072;13.73441
20260623_114131_L147;20260623_114131;23.06.2026;11:24:00;147;2;3756;17;U721Z1P;Dejvická;50.13607;14.38062
20260623_114131_L369;20260623_114131;23.06.2026;11:30:00;369;32;8278;11;U78Z6;Mělník,Mlazice;50.12622;14.46865
20260623_114131_L428;20260623_114131;23.06.2026;11:28:00;428;10;7232;13;U31702Z1;Strakonice,aut.nádr.;49.51815;14.07388
20260623_114532_L770;20260623_114532;23.06.2026;11:32:00;770;50;47819;12;U7004Z2;Benešov,Terminál;49.7921;14.70554
20260623_114532_L300;20260623_114532;23.06.2026;11:34:00;300;1;8992;10;U3094Z1;Smečno;50.14543;14.09453
20260623_114532_L410;20260623_114532;23.06.2026;11:32:00;410;14;11688;12;U6077Z1;Doksy,žel.st.;50.49322;14.48637
20260623_114532_L401;20260623_114532;23.06.2026;11:34:00;401;59;7771;10;U4557Z1;Jindřichův Hradec,aut.nádr.;49.73499;14.66127
20260623_114532_L400;20260623_114532;23.06.2026;11:33:00;400;58;1084;11;U31388Z3;Rumburk,žel.st.;50.9119;14.60985
20260623_114532_L416;20260623_114532;23.06.2026;11:34:00;416;9;7227;10;U32280Z1;Sušice,nábřeží;49.32449;13.68505
20260623_114532_L650;20260623_114532;23.06.2026;11:32:00;650;22;12536;13;U9104Z2;Kladno,autobusové nádraží;50.1763;14.01292
20260623_114532_L315;20260623_114532;23.06.2026;11:32:00;315;8;1860;10;U3392Z2;Praha,Černý Most;50.41926;14.91718
20260623_114532_L369;20260623_114532;23.06.2026;11:33:00;369;32;8278;12;U651Z5;Mělník,Mlazice;50.13192;14.47927
20260623_114532_L641;20260623_114532;23.06.2026;11:33:00;641;14;9573;12;U1748Z2;Beroun,autobusové nádraží;49.94956;14.04053
20260623_114532_L676;20260623_114532;23.06.2026;11:33:00;676;33;8579;12;U4161Z1;Nymburk,hl.nádr.;50.23716;15.05112
20260623_114532_L406;20260623_114532;23.06.2026;11:32:00;406;1;7934;12;U31789Z1;Pelhřimov,aut.nádr.;49.45832;15.18414
20260623_114532_L101;20260623_114532;23.06.2026;11:34:00;101;3;2322;11;U576Z2P;Skalka;50.05557;14.48375
20260623_114532_L562;20260623_114532;23.06.2026;11:10:00;562;64;8382;33;U2926Z17;Rakovník,hasičský záchr.sbor;50.10072;13.73442
20260623_114532_L147;20260623_114532;23.06.2026;11:24:00;147;2;3756;21;U721Z1P;Dejvická;50.13607;14.38062
20260623_114532_L428;20260623_114532;23.06.2026;11:31:00;428;10;7232;13;U32512Z1;Strakonice,aut.nádr.;49.4785;14.07113
20260623_114932_L400;20260623_114932;23.06.2026;11:38:00;400;58;1084;10;U31389Z2;Rumburk,žel.st.;50.91916;14.56381
20260623_114932_L406;20260623_114932;23.06.2026;11:34:00;406;1;7934;14;U31790Z1;Pelhřimov,aut.nádr.;49.44074;15.20642
20260623_114932_L369;20260623_114932;23.06.2026;11:37:00;369;32;8278;12;U287Z5;Mělník,Mlazice;50.14941;14.48618
20260623_114932_L410;20260623_114932;23.06.2026;11:36:00;410;14;11688;11;U31056Z1;Doksy,žel.st.;50.51868;14.49522
20260623_114932_L428;20260623_114932;23.06.2026;11:34:00;428;10;7232;13;U31569Z1;Strakonice,aut.nádr.;49.45206;14.06089
20260623_114932_L650;20260623_114932;23.06.2026;11:35:00;650;22;12536;12;U4932Z2;Kladno,autobusové nádraží;50.15055;14.03971
20260623_114932_L770;20260623_114932;23.06.2026;11:35:00;770;50;47819;13;U4073Z2;Benešov,Terminál;49.78742;14.68359
20260623_114932_L676;20260623_114932;23.06.2026;11:38:00;676;33;8579;11;U9554Z1;Nymburk,hl.nádr.;50.21373;15.05635
20260623_114932_L641;20260623_114932;23.06.2026;11:37:00;641;14;9573;12;U4971Z2;Beroun,autobusové nádraží;49.95774;14.05843
20260623_114932_L199;20260623_114932;23.06.2026;11:39:00;199;2;4158;10;U921Z9P;Želivského;50.0782;14.47613
20260623_114932_L136;20260623_114932;23.06.2026;11:38:00;136;6;6762;10;U516Z3P;Jižní Město;50.07957;14.46012
20260623_114932_L413;20260623_114932;23.06.2026;11:39:00;413;63;7092;10;U31417Z4;Litoměřice,aut.nádr.;50.51105;14.14728
20260623_114932_L101;20260623_114932;23.06.2026;11:39:00;101;3;2322;10;U887Z1P;Skalka;50.05314;14.5041
20260623_114932_L562;20260623_114932;23.06.2026;11:10:00;562;64;8382;35;U2926Z17;Rakovník,hasičský záchr.sbor;50.10071;13.73442
20260623_114932_L147;20260623_114932;23.06.2026;11:24:00;147;2;3756;25;U721Z1P;Dejvická;50.13607;14.38062
20260623_114932_L444;20260623_114932;23.06.2026;11:37:00;444;5;9181;11;U1764Z1;Kamenice,Kult.dům;49.88942;14.39551
20260623_114932_L177;20260623_114932;23.06.2026;11:39:00;177;8;5545;10;U225Z2P;Poliklinika Mazurská;50.09953;14.49701
20260623_115333_L177;20260623_115333;23.06.2026;11:43:00;177;8;5545;10;U474Z4P;Poliklinika Mazurská;50.11064;14.5024
20260623_115333_L136;20260623_115333;23.06.2026;11:42:00;136;6;6762;12;U518Z3P;Jižní Město;50.07655;14.45904
20260623_115333_L300;20260623_115333;23.06.2026;11:43:00;300;1;8992;10;U1782Z1;Smečno;50.14099;14.06363
20260623_115333_L400;20260623_115333;23.06.2026;11:43:00;400;54;1091;10;U1794Z2;Praha,Střížkov;50.35357;14.48202
20260623_115333_L410;20260623_115333;23.06.2026;11:43:00;410;9;11646;10;U31345Z2;Praha,Střížkov;50.56576;14.66534
20260623_115333_L650;20260623_115333;23.06.2026;11:41:00;650;22;12536;11;U3095Z2;Kladno,autobusové nádraží;50.14049;14.07635
20260623_115333_L147;20260623_115333;23.06.2026;11:24:00;147;2;3756;29;U721Z1P;Dejvická;50.13607;14.38062
20260623_115333_L400;20260623_115333;23.06.2026;11:38:00;400;58;1084;11;U31389Z2;Rumburk,žel.st.;50.9417;14.54323
20260623_115333_L676;20260623_115333;23.06.2026;11:40:00;676;33;8579;10;U9553Z1;Nymburk,hl.nádr.;50.20032;15.04409
20260623_115333_L369;20260623_115333;23.06.2026;11:40:00;369;32;8278;12;U826Z1;Mělník,Mlazice;50.16849;14.48396
20260623_115333_L444;20260623_115333;23.06.2026;11:43:00;444;5;9181;10;U1357Z2;Kamenice,Kult.dům;49.88914;14.4181
20260623_115733_L416;20260623_115733;23.06.2026;11:47:00;416;9;7227;10;U32283Z1;Sušice,nábřeží;49.26962;13.59395
20260623_115733_L461;20260623_115733;23.06.2026;11:47:00;461;25;1612;10;U2209Z1;Strančice,žel.st.;49.94833;14.67675
20260623_115733_L389;20260623_115733;23.06.2026;11:46:00;389;12;7762;10;U4787Z1;Chomutov,žel.st.;50.23332;14.08004
20260623_115733_L300;20260623_115733;23.06.2026;11:47:00;300;1;8992;10;U4792Z1;Smečno;50.15954;14.05463
20260623_115733_L147;20260623_115733;23.06.2026;11:24:00;147;2;3756;33;U721Z1P;Dejvická;50.13607;14.38062
20260623_115733_L136;20260623_115733;23.06.2026;11:47:00;136;6;6762;10;U29Z1P;Jižní Město;50.07322;14.47007
20260623_115733_L410;20260623_115733;23.06.2026;11:46:00;410;9;11646;10;U9450Z2;Praha,Střížkov;50.57278;14.6464
20260623_115733_L676;20260623_115733;23.06.2026;11:47:00;676;33;8579;10;U3078Z2;Nymburk,hl.nádr.;50.19006;15.04051
20260623_115733_L650;20260623_115733;23.06.2026;11:46:00;650;22;12536;11;U4313Z6;Kladno,autobusové nádraží;50.1457;14.09563
20260623_115733_L428;20260623_115733;23.06.2026;11:42:00;428;10;7232;15;U32640Z1;Strakonice,aut.nádr.;49.41397;14.03638
20260623_115733_L400;20260623_115733;23.06.2026;11:46:00;400;58;1084;11;U31391Z2;Rumburk,žel.st.;50.95114;14.55486
20260623_115733_L401;20260623_115733;23.06.2026;11:47:00;401;59;7771;10;U6516Z1;Jindřichův Hradec,aut.nádr.;49.65002;14.63272
20260623_115733_L203;20260623_115733;23.06.2026;11:44:00;203;6;1952;10;U488Z8P;Poliklinika Budějovická;50.03783;14.45236
20260623_115733_L345;20260623_115733;23.06.2026;11:42:00;345;11;1865;10;U2987Z7;Praha,Černý Most;50.41764;14.91235
20260623_115733_L324;20260623_115733;23.06.2026;11:45:00;324;27;8955;12;U4782Z2;Praha,Zličín;50.22766;14.06864
20260623_115733_L315;20260623_115733;23.06.2026;11:44:00;315;8;1860;13;U3389Z2;Praha,Černý Most;50.41258;14.9105
20260623_115733_L369;20260623_115733;23.06.2026;11:42:00;369;32;8278;13;U1806Z1;Mělník,Mlazice;50.18969;14.49369
20260623_115733_L444;20260623_115733;23.06.2026;11:47:00;444;5;9181;10;U1360Z2;Kamenice,Kult.dům;49.89096;14.45422
20260623_115733_L136;20260623_115733;23.06.2026;11:47:00;136;4;6809;10;U916Z1P;Jižní Město;50.02529;14.51584
20260623_120134_L315;20260623_120134;23.06.2026;11:48:00;315;8;1860;12;U3063Z2;Praha,Černý Most;50.41037;14.92782
20260623_120134_L136;20260623_120134;23.06.2026;11:51:00;136;4;6809;10;U151Z1P;Jižní Město;50.03212;14.53455
20260623_120134_L147;20260623_120134;23.06.2026;11:24:00;147;2;3756;37;U721Z1P;Dejvická;50.13607;14.38062
20260623_120134_L410;20260623_120134;23.06.2026;11:49:00;410;9;11646;11;U31041Z2;Praha,Střížkov;50.56359;14.65358
20260623_120134_L369;20260623_120134;23.06.2026;11:46:00;369;32;8278;14;U1308Z1;Mělník,Mlazice;50.20141;14.49809
20260623_120134_L199;20260623_120134;23.06.2026;11:52:00;199;2;4158;10;U548Z1P;Sídliště Malešice;50.08217;14.50198
20260623_120134_L177;20260623_120134;23.06.2026;11:49:00;177;8;5545;12;U665Z2P;Poliklinika Mazurská;50.12307;14.49317
20260623_120134_L300;20260623_120134;23.06.2026;11:50:00;300;1;8992;11;U4794Z1;Smečno;50.16793;14.05416
20260623_120134_L705;20260623_120134;23.06.2026;11:50:00;705;39;8688;10;U2816Z4;Čáslav,obchodní centrum;50.02307;15.21178
20260623_120134_L324;20260623_120134;23.06.2026;11:47:00;324;27;8955;14;U4780Z1;Praha,Zličín;50.22533;14.06554
20260623_120134_L372;20260623_120134;23.06.2026;11:51:00;372;2;8081;10;U555Z2;Praha,Kobylisy;50.13857;14.45177
20260623_120134_L399;20260623_120134;23.06.2026;11:48:00;399;13;1264;11;U3094Z1;Kladno,Energie;50.14488;14.09571
20260623_120134_L136;20260623_120134;23.06.2026;11:49:00;136;6;6762;11;U680Z3P;Jižní Město;50.0619;14.46951
20260623_120134_L136;20260623_120134;23.06.2026;11:50:00;136;7;6886;11;U118Z4P;Jižní Město;50.0781;14.46066
20260623_120134_L389;20260623_120134;23.06.2026;11:48:00;389;12;7762;11;U4836Z1;Chomutov,žel.st.;50.23915;14.06532
20260623_120134_L444;20260623_120134;23.06.2026;11:51:00;444;5;9181;10;U2606Z2;Kamenice,Kult.dům;49.90527;14.48885
20260623_120534_L136;20260623_120534;23.06.2026;11:54:00;136;6;6762;11;U751Z2P;Jižní Město;50.05263;14.4751
20260623_120534_L136;20260623_120534;23.06.2026;11:54:00;136;7;6886;10;U855Z1P;Jižní Město;50.07415;14.46736
20260623_120534_L147;20260623_120534;23.06.2026;11:24:00;147;2;3756;41;U721Z1P;Dejvická;50.13607;14.38062
20260623_120534_L177;20260623_120534;23.06.2026;11:53:00;177;8;5545;12;U740Z3P;Poliklinika Mazurská;50.12773;14.47595
20260623_120534_L801;20260623_120534;23.06.2026;11:51:00;801;4;1824;13;U6692Z1;Kutná Hora,hlavní nádraží;49.96206;15.29978
20260623_120534_L300;20260623_120534;23.06.2026;11:54:00;300;1;8992;10;U1400Z1;Smečno;50.17729;14.05484
20260623_120534_L315;20260623_120534;23.06.2026;11:48:00;315;8;1860;15;U3063Z2;Praha,Černý Most;50.40066;14.91985
20260623_120534_L369;20260623_120534;23.06.2026;11:51:00;369;32;8278;14;U1960Z1;Mělník,Mlazice;50.23321;14.49462
20260623_120534_L387;20260623_120534;23.06.2026;11:55:00;387;9;1686;10;U2016Z1;Uhlířské Janovice,nám.;49.9946;14.85923
20260623_120534_L399;20260623_120534;23.06.2026;11:54:00;399;13;1264;10;U2889Z1;Kladno,Energie;50.14066;14.07612
20260623_120534_L410;20260623_120534;23.06.2026;11:49:00;410;9;11646;12;U31041Z2;Praha,Střížkov;50.56511;14.62564
20260623_120534_L416;20260623_120534;23.06.2026;11:53:00;416;9;7227;11;U32285Z1;Sušice,nábřeží;49.23912;13.52514
20260623_120534_L444;20260623_120534;23.06.2026;11:55:00;444;5;9181;10;U2109Z1;Kamenice,Kult.dům;49.89493;14.49298
20260623_120534_L641;20260623_120534;23.06.2026;11:54:00;641;17;9449;11;U9618Z7;Beroun,autobusové nádraží;49.83607;13.90263
20260623_120534_L641;20260623_120534;23.06.2026;11:55:00;641;16;9450;10;U9779Z3;Hořovice,nemocnice;49.83923;13.90094
20260623_120534_L650;20260623_120534;23.06.2026;11:55:00;650;23;12559;10;U31417Z2;Litoměřice,aut.nádr.;50.51079;14.14883
20260623_120534_L659;20260623_120534;23.06.2026;11:55:00;659;34;9139;10;U2016Z2;Stříbrná Skalice,Náměstí;49.99416;14.86031
20260623_120534_L705;20260623_120534;23.06.2026;11:55:00;705;39;8688;10;U4998Z2;Čáslav,obchodní centrum;50.02528;15.20009
20260623_120935_L705;20260623_120935;23.06.2026;11:56:00;705;39;8688;12;U4997Z2;Čáslav,obchodní centrum;50.02133;15.19831
20260623_120935_L401;20260623_120935;23.06.2026;11:56:00;401;59;7771;11;U6491Z1;Jindřichův Hradec,aut.nádr.;49.62168;14.65643
20260623_120935_L659;20260623_120935;23.06.2026;11:55:00;659;34;9139;13;U2016Z2;Stříbrná Skalice,Náměstí;49.98906;14.8582
20260623_120935_L641;20260623_120935;23.06.2026;11:58:00;641;17;9449;11;U9616Z4;Beroun,autobusové nádraží;49.8375;13.89629
20260623_120935_L410;20260623_120935;23.06.2026;11:56:00;410;9;11646;12;U31343Z1;Praha,Střížkov;50.55554;14.60861
20260623_120935_L650;20260623_120935;23.06.2026;11:57:00;650;23;12559;12;U32720Z2;Litoměřice,aut.nádr.;50.51504;14.13818
20260623_120935_L315;20260623_120935;23.06.2026;11:54:00;315;8;1860;15;U3258Z1;Praha,Černý Most;50.37377;14.8849
20260623_120935_L345;20260623_120935;23.06.2026;11:54:00;345;11;1865;10;U3063Z2;Praha,Černý Most;50.36942;14.88131
20260623_120935_L369;20260623_120935;23.06.2026;11:55:00;369;32;8278;14;U1963Z1;Mělník,Mlazice;50.26897;14.4959
20260623_120935_L300;20260623_120935;23.06.2026;11:54:00;300;1;8992;12;U1400Z1;Smečno;50.18147;14.05559
20260623_120935_L387;20260623_120935;23.06.2026;11:55:00;387;9;1686;14;U2016Z1;Uhlířské Janovice,nám.;49.99412;14.86054
20260623_120935_L147;20260623_120935;23.06.2026;11:24:00;147;2;3756;45;U721Z1P;Dejvická;50.13607;14.38062
20260623_120935_L136;20260623_120935;23.06.2026;11:57:00;136;6;6762;12;U322Z3P;Jižní Město;50.04558;14.48449
20260623_120935_L163;20260623_120935;23.06.2026;11:59:00;163;52;9402;10;U903Z1P;Sídliště Rohožník;50.07379;14.67365
20260623_120935_L177;20260623_120935;23.06.2026;11:58:00;177;8;5545;11;U675Z3P;Poliklinika Mazurská;50.12471;14.45517
20260623_120935_L641;20260623_120935;23.06.2026;11:59:00;641;16;9450;10;U9618Z6;Hořovice,nemocnice;49.83335;13.90195
20260623_120935_L444;20260623_120935;23.06.2026;11:57:00;444;5;9181;10;U1572Z2;Kamenice,Kult.dům;49.89879;14.50897
20260623_121335_L147;20260623_121335;23.06.2026;11:24:00;147;2;3756;49;U721Z1P;Dejvická;50.13607;14.38062
20260623_121335_L824;20260623_121335;23.06.2026;12:03:00;824;72;1640;10;U1984Z1;Kolín,nádraží;49.96662;14.96401
20260623_121335_L209;20260623_121335;23.06.2026;12:03:00;209;43;9168;10;U336Z2P;Nádraží Uhříněves;50.03323;14.59648
20260623_121335_L821;20260623_121335;23.06.2026;12:00:00;821;70;1611;13;U1984Z3;Horní Kruty,Bohouňovice II;49.96635;14.96419
20260623_121335_L560;20260623_121335;23.06.2026;11:58:00;560;35;8330;15;U6818Z2;Kolešov;50.14014;13.61011
20260623_121335_L136;20260623_121335;23.06.2026;12:00:00;136;6;6762;13;U181Z1P;Jižní Město;50.03947;14.4906
20260623_121335_L705;20260623_121335;23.06.2026;11:58:00;705;39;8688;11;U9983Z2;Čáslav,obchodní centrum;50.00919;15.20188
20260623_121335_L650;20260623_121335;23.06.2026;11:59:00;650;23;12559;12;U31416Z1;Litoměřice,aut.nádr.;50.53228;14.13637
20260623_121335_L315;20260623_121335;23.06.2026;11:58:00;315;8;1860;15;U3265Z1;Praha,Černý Most;50.3428;14.87175
20260623_121335_L177;20260623_121335;23.06.2026;12:03:00;177;8;5545;11;U581Z1P;Poliklinika Mazurská;50.12918;14.43117
20260623_121335_L410;20260623_121335;23.06.2026;12:03:00;410;14;11688;10;U31041Z2;Doksy,žel.st.;50.56352;14.65332
20260623_121335_L410;20260623_121335;23.06.2026;12:01:00;410;9;11646;11;U31311Z2;Praha,Střížkov;50.54888;14.56215
20260623_121335_L387;20260623_121335;23.06.2026;12:00:00;387;9;1686;12;U1979Z1;Uhlířské Janovice,nám.;49.9792;14.88239
20260623_121335_L401;20260623_121335;23.06.2026;12:01:00;401;59;7771;11;U6487Z1;Jindřichův Hradec,aut.nádr.;49.58594;14.6633
20260623_121335_L389;20260623_121335;23.06.2026;12:00:00;389;12;7762;11;U9229Z2;Chomutov,žel.st.;50.26769;13.99928
20260623_121335_L641;20260623_121335;23.06.2026;12:02:00;641;16;9450;11;U9780Z2;Hořovice,nemocnice;49.84029;13.91288
20260623_121335_L641;20260623_121335;23.06.2026;12:00:00;641;17;9449;13;U9779Z2;Beroun,autobusové nádraží;49.84331;13.9043
20260623_121335_L324;20260623_121335;23.06.2026;12:03:00;324;1;8992;10;U1915Z2;Slaný,aut.nádr.;50.18875;14.04315
20260623_121335_L369;20260623_121335;23.06.2026;11:58:00;369;32;8278;14;U1785Z3;Mělník,Mlazice;50.30074;14.51023
20260623_121335_L300;20260623_121335;23.06.2026;12:02:00;300;11;8997;10;U4310Z1;Libušín,náměstí;50.14044;14.09948
20260623_121335_L444;20260623_121335;23.06.2026;12:02:00;444;5;9181;11;U1570Z2;Kamenice,Kult.dům;49.89961;14.52918
20260623_121335_L136;20260623_121335;23.06.2026;12:02:00;136;8;6793;11;U518Z3P;Jižní Město;50.07595;14.45922
20260623_121736_L499;20260623_121736;23.06.2026;12:07:00;499;36;8690;10;U3078Z1;Mladá Boleslav,aut.st.;50.19027;15.0368
20260623_121736_L147;20260623_121736;23.06.2026;11:24:00;147;2;3756;53;U721Z1P;Dejvická;50.13607;14.38062
20260623_121736_L389;20260623_121736;23.06.2026;12:07:00;389;12;7762;10;U9232Z2;Chomutov,žel.st.;50.27041;13.96505
20260623_121736_L136;20260623_121736;23.06.2026;12:07:00;136;8;6793;10;U29Z1P;Jižní Město;50.07257;14.47048
20260623_121736_L199;20260623_121736;23.06.2026;12:06:00;199;2;4158;10;U418Z2P;Želivského;50.07718;14.48647
20260623_121736_L699;20260623_121736;23.06.2026;12:04:00;699;22;8548;13;U3383Z1;Hrušov;50.32754;14.86575
20260623_121736_L307;20260623_121736;23.06.2026;12:06:00;307;12;8991;10;U3094Z1;Kladno,autobusové nádraží;50.14422;14.0962
20260623_121736_L136;20260623_121736;23.06.2026;12:03:00;136;6;6762;14;U344Z1P;Jižní Město;50.02994;14.50718
20260623_121736_L315;20260623_121736;23.06.2026;12:02:00;315;8;1860;15;U3383Z1;Praha,Černý Most;50.32758;14.86586
20260623_121736_L405;20260623_121736;23.06.2026;12:05:00;405;65;1432;12;U31000Z1;Špindlerův Mlýn,aut.st.;50.46778;15.17946
20260623_121736_L796;20260623_121736;23.06.2026;12:06:00;796;39;7815;10;U5898Z1;Pyšely,Nám.;49.79178;14.70398
20260623_121736_L177;20260623_121736;23.06.2026;12:06:00;177;8;5545;11;U912Z4P;Poliklinika Mazurská;50.13097;14.41728
20260623_121736_L401;20260623_121736;23.06.2026;12:04:00;401;59;7771;13;U6438Z5;Jindřichův Hradec,aut.nádr.;49.57048;14.6587
20260623_121736_L387;20260623_121736;23.06.2026;12:05:00;387;9;1686;12;U1986Z1;Uhlířské Janovice,nám.;49.95462;14.88443
20260623_121736_L369;20260623_121736;23.06.2026;12:03:00;369;32;8278;14;U1788Z1;Mělník,Mlazice;50.31418;14.51504
20260623_121736_L323;20260623_121736;23.06.2026;12:07:00;323;16;8742;10;U85Z1;Praha,Nádraží Veleslavín;50.09268;14.32333
20260623_121736_L300;20260623_121736;23.06.2026;12:04:00;300;11;8997;12;U3094Z1;Libušín,náměstí;50.14525;14.0954
20260623_121736_L300;20260623_121736;23.06.2026;12:06:00;300;7;8965;10;U80Z3;Smečno;50.10321;14.29472
20260623_121736_L433;20260623_121736;23.06.2026;12:06:00;433;15;8592;11;U3083Z2;Pečky,žel.st.;50.18074;15.02679
20260623_121736_L444;20260623_121736;23.06.2026;12:06:00;444;5;9181;10;U1568Z2;Kamenice,Kult.dům;49.89267;14.55839
20260623_121736_L705;20260623_121736;23.06.2026;12:05:00;705;39;8688;10;U9413Z1;Čáslav,obchodní centrum;49.98688;15.19742
20260623_121736_L406;20260623_121736;23.06.2026;12:06:00;406;25;7929;10;U2139Z1;Praha,Roztyly;49.80565;14.68046
20260623_121736_L795;20260623_121736;23.06.2026;12:04:00;795;19;7848;11;U6759Z1;Trhový Štěpánov,nám.;49.68598;14.93915
20260623_121736_L641;20260623_121736;23.06.2026;12:05:00;641;10;9547;12;U9855Z55;Hořovice,nemocnice;49.88746;13.95619
20260623_121736_L641;20260623_121736;23.06.2026;12:03:00;641;17;9449;14;U9860Z1;Beroun,autobusové nádraží;49.85473;13.92224
20260623_121736_L824;20260623_121736;23.06.2026;12:03:00;824;72;1640;14;U1984Z1;Kolín,nádraží;49.96662;14.96401
20260623_122136_L250;20260623_122136;23.06.2026;12:09:00;250;2;6875;10;U432Z1P;Sídliště Rohožník;50.07898;14.64384
20260623_122136_L147;20260623_122136;23.06.2026;11:24:00;147;2;3756;57;U721Z1P;Dejvická;50.13607;14.38062
20260623_122136_L136;20260623_122136;23.06.2026;12:11:00;136;8;6793;10;U37Z1P;Jižní Město;50.06042;14.46963
20260623_122136_L706;20260623_122136;23.06.2026;12:09:00;706;62;1613;12;U2151Z1;Žiželice,nám.;49.95351;15.03027
20260623_122136_L401;20260623_122136;23.06.2026;12:08:00;401;59;7771;13;U6442Z1;Jindřichův Hradec,aut.nádr.;49.53456;14.65874
20260623_122136_L699;20260623_122136;23.06.2026;12:06:00;699;22;8548;14;U3382Z2;Hrušov;50.32933;14.84685
20260623_122136_L300;20260623_122136;23.06.2026;12:10:00;300;11;8997;11;U2889Z1;Libušín,náměstí;50.14078;14.08106
20260623_122136_L641;20260623_122136;23.06.2026;12:07:00;641;17;9449;14;U9856Z1;Beroun,autobusové nádraží;49.86586;13.93216
20260623_122136_L181;20260623_122136;23.06.2026;12:11:00;181;3;5509;10;U344Z4P;Opatov;50.03263;14.50761
20260623_122136_L387;20260623_122136;23.06.2026;12:09:00;387;9;1686;12;U1993Z1;Uhlířské Janovice,nám.;49.93045;14.89212
20260623_122136_L389;20260623_122136;23.06.2026;12:09:00;389;12;7762;11;U9233Z2;Chomutov,žel.st.;50.28186;13.95437
20260623_122136_L380;20260623_122136;23.06.2026;12:09:00;380;1;9984;12;U4964Z1;Králův Dvůr,Počaply,Obchodní centrum;49.96531;14.06584
20260623_122136_L300;20260623_122136;23.06.2026;12:06:00;300;7;8965;11;U80Z3;Smečno;50.12767;14.26417
20260623_122136_L705;20260623_122136;23.06.2026;12:11:00;705;39;8688;10;U6673Z2;Čáslav,obchodní centrum;49.97895;15.21107
20260623_122136_L433;20260623_122136;23.06.2026;12:10:00;433;15;8592;10;U3145Z1;Pečky,žel.st.;50.18819;15.03532
20260623_122136_L499;20260623_122136;23.06.2026;12:10:00;499;36;8690;11;U3087Z1;Mladá Boleslav,aut.st.;50.19975;15.03777
20260623_122136_L641;20260623_122136;23.06.2026;12:05:00;641;10;9547;15;U9855Z55;Hořovice,nemocnice;49.8748;13.92124
20260623_122136_L796;20260623_122136;23.06.2026;12:11:00;796;39;7815;10;U7005Z1;Pyšely,Nám.;49.80893;14.72049
20260623_122136_L659;20260623_122136;23.06.2026;12:08:00;659;34;9139;13;U1990Z1;Stříbrná Skalice,Náměstí;49.94449;14.85358
20260623_122136_L821;20260623_122136;23.06.2026;12:09:00;821;70;1611;12;U2394Z1;Horní Kruty,Bohouňovice II;49.93438;14.94591
20260623_122136_L824;20260623_122136;23.06.2026;12:08:00;824;72;1640;13;U2392Z2;Kolín,nádraží;49.98616;14.9774
20260623_122136_L155;20260623_122136;23.06.2026;12:09:00;155;2;9468;11;U921Z7P;Nemocnice Vinohrady;50.07844;14.47633
20260623_122136_L136;20260623_122136;23.06.2026;12:07:00;136;6;6762;14;U916Z1P;Jižní Město;50.0253;14.51587
20260623_122537_L250;20260623_122537;23.06.2026;12:14:00;250;2;6875;12;U811Z1P;Sídliště Rohožník;50.07633;14.65979
20260623_122537_L380;20260623_122537;23.06.2026;12:14:00;380;1;9984;10;U1749Z1;Králův Dvůr,Počaply,Obchodní centrum;49.95762;14.05265
20260623_122537_L147;20260623_122537;23.06.2026;11:24:00;147;2;3756;61;U721Z1P;Dejvická;50.13607;14.38062
20260623_122537_L705;20260623_122537;23.06.2026;12:13:00;705;39;8688;11;U6680Z1;Čáslav,obchodní centrum;49.98034;15.23022
20260623_122537_L136;20260623_122537;23.06.2026;12:10:00;136;6;6762;15;U286Z5P;Jižní Město;50.03069;14.52989
20260623_122537_L389;20260623_122537;23.06.2026;12:15:00;389;12;7762;10;U4850Z1;Chomutov,žel.st.;50.29506;13.9161
20260623_122537_L433;20260623_122537;23.06.2026;12:14:00;433;15;8592;11;U2969Z1;Pečky,žel.st.;50.1856;15.04169
20260623_122537_L824;20260623_122537;23.06.2026;12:11:00;824;72;1640;13;U2301Z3;Kolín,nádraží;50.00441;14.9731
20260623_122537_L659;20260623_122537;23.06.2026;12:12:00;659;34;9139;12;U1991Z1;Stříbrná Skalice,Náměstí;49.92464;14.87477
20260623_122537_L499;20260623_122537;23.06.2026;12:14:00;499;36;8690;11;U3177Z1;Mladá Boleslav,aut.st.;50.22087;15.02866
20260623_122537_L419;20260623_122537;23.06.2026;12:15:00;419;83;9823;10;U1616Z2;Karlík;49.95894;14.32142
20260623_122537_L858;20260623_122537;23.06.2026;12:15:00;858;68;8712;10;U1916Z2;Slaný,gymnázium;50.19776;14.36413
20260623_122537_L796;20260623_122537;23.06.2026;12:15:00;796;39;7815;10;U7961Z1;Pyšely,Nám.;49.82189;14.73668
20260623_122537_L821;20260623_122537;23.06.2026;12:12:00;821;70;1611;13;U2381Z1;Horní Kruty,Bohouňovice II;49.94804;14.95726
20260623_122537_L400;20260623_122537;23.06.2026;12:10:00;400;6;11628;10;U31354Z5;Varnsdorf,aut.nádr.;50.67721;14.53511
20260623_122537_L641;20260623_122537;23.06.2026;12:07:00;641;17;9449;17;U9856Z1;Beroun,autobusové nádraží;49.87927;13.9199
20260623_122537_L387;20260623_122537;23.06.2026;12:14:00;387;9;1686;11;U2160Z1;Uhlířské Janovice,nám.;49.90433;14.92667
20260623_122537_L398;20260623_122537;23.06.2026;12:13:00;398;24;8268;10;U1278Z2;Praha,Černý Most;50.13765;14.76589
20260623_122537_L401;20260623_122537;23.06.2026;12:12:00;401;59;7771;13;U31269Z1;Jindřichův Hradec,aut.nádr.;49.50983;14.65821
20260623_122537_L369;20260623_122537;23.06.2026;12:15:00;369;33;8276;10;U1790Z2;Praha,Ládví;50.32386;14.50417
20260623_122537_L300;20260623_122537;23.06.2026;12:13:00;300;11;8997;12;U1782Z1;Libušín,náměstí;50.1407;14.06539
20260623_122537_L300;20260623_122537;23.06.2026;12:14:00;300;7;8965;11;U4301Z1;Smečno;50.14719;14.21248
20260623_122537_L136;20260623_122537;23.06.2026;12:14:00;136;9;6846;10;U855Z1P;Jižní Město;50.07397;14.46812
20260623_122537_L434;20260623_122537;23.06.2026;12:14:00;434;16;8561;10;U3087Z1;Benátky n.Jiz.,aut.st.;50.20393;15.03609
20260623_122537_L768;20260623_122537;23.06.2026;12:15:00;768;27;8544;10;U3379Z3;Kropáčova Vrutice,Kojovice;50.28598;14.82737
20260623_122937_L250;20260623_122937;23.06.2026;12:17:00;250;2;6875;12;U621Z1P;Sídliště Rohožník;50.07318;14.67894
20260623_122937_L136;20260623_122937;23.06.2026;12:18:00;136;8;6793;11;U417Z1P;Jižní Město;50.04294;14.48779
20260623_122937_L300;20260623_122937;23.06.2026;12:16:00;300;7;8965;13;U4302Z52;Smečno;50.14576;14.19832
20260623_122937_L147;20260623_122937;23.06.2026;11:24:00;147;2;3756;65;U721Z1P;Dejvická;50.13607;14.38062
20260623_122937_L369;20260623_122937;23.06.2026;12:18:00;369;33;8276;11;U1787Z1;Praha,Ládví;50.30854;14.51517
20260623_122937_L300;20260623_122937;23.06.2026;12:17:00;300;11;8997;12;U4793Z1;Libušín,náměstí;50.16303;14.05002
20260623_122937_L499;20260623_122937;23.06.2026;12:17:00;499;36;8690;12;U3030Z1;Mladá Boleslav,aut.st.;50.24086;15.02233
20260623_122937_L436;20260623_122937;23.06.2026;12:19:00;436;20;8601;10;U3177Z1;Lipník;50.22391;15.02738
20260623_122937_L400;20260623_122937;23.06.2026;12:14:00;400;53;1086;10;U6078Z2;Praha,Střížkov;50.45819;14.47352
20260623_122937_L477;20260623_122937;23.06.2026;12:17:00;477;37;1496;10;U1961Z2;Brandýs n.L.-St.Bol.,Nádr.;50.1804;14.64278
20260623_122937_L503;20260623_122937;23.06.2026;12:17:00;503;6;9525;11;U9752Z1;Příbram,Svatá Hora;49.67124;13.9935
20260623_122937_L718;20260623_122937;23.06.2026;12:18:00;718;42;8659;10;U9458Z2;Mnichovo Hradiště,nám.;50.44427;15.07058
20260623_122937_L858;20260623_122937;23.06.2026;12:16:00;858;68;8712;11;U1914Z2;Slaný,gymnázium;50.18644;14.34533
20260623_122937_L641;20260623_122937;23.06.2026;12:07:00;641;17;9449;21;U9856Z1;Beroun,autobusové nádraží;49.88503;13.95674
20260623_122937_L659;20260623_122937;23.06.2026;12:18:00;659;34;9139;11;U1994Z3;Stříbrná Skalice,Náměstí;49.92151;14.89802
20260623_122937_L796;20260623_122937;23.06.2026;12:18:00;796;39;7815;10;U7963Z1;Pyšely,Nám.;49.83486;14.7363
20260623_122937_L821;20260623_122937;23.06.2026;12:14:00;821;70;1611;13;U2382Z1;Horní Kruty,Bohouňovice II;49.93679;14.98232
20260623_122937_L324;20260623_122937;23.06.2026;12:18:00;324;21;8959;11;U4786Z1;Slaný,Rabasova;50.23012;14.08363
20260623_122937_L350;20260623_122937;23.06.2026;12:18:00;350;55;8884;11;U1690Z1;Kladno,OAZA;50.16053;14.31154
20260623_122937_L387;20260623_122937;23.06.2026;12:19:00;387;9;1686;10;U2164Z1;Uhlířské Janovice,nám.;49.88626;14.96864
20260623_122937_L401;20260623_122937;23.06.2026;12:17:00;401;59;7771;12;U31273Z1;Jindřichův Hradec,aut.nádr.;49.47302;14.65806
20260623_122937_L389;20260623_122937;23.06.2026;12:18:00;389;12;7762;10;U4851Z1;Chomutov,žel.st.;50.31999;13.86507
20260623_122937_L204;20260623_122937;23.06.2026;12:19:00;204;74;9048;10;U1378Z1P;Stavební zóna Horní Počernice;50.1205;14.59983
20260623_122937_L400;20260623_122937;23.06.2026;12:10:00;400;6;11628;14;U31354Z5;Varnsdorf,aut.nádr.;50.67734;14.53517
20260623_122937_L380;20260623_122937;23.06.2026;12:16:00;380;1;9984;13;U4965Z1;Králův Dvůr,Počaply,Obchodní centrum;49.95165;14.04577
20260623_122937_L433;20260623_122937;23.06.2026;12:19:00;433;15;8592;10;U2967Z2;Pečky,žel.st.;50.17732;15.03625
20260623_122937_L136;20260623_122937;23.06.2026;12:19:00;136;9;6846;10;U680Z3P;Jižní Město;50.06837;14.46923
20260623_122937_L204;20260623_122937;23.06.2026;12:18:00;204;70;9018;10;U1099Z1P;Sídliště Petrovice;50.05068;14.56603
20260623_122937_L768;20260623_122937;23.06.2026;12:17:00;768;27;8544;12;U9650Z2;Kropáčova Vrutice,Kojovice;50.29262;14.82898
20260623_123337_L136;20260623_123337;23.06.2026;12:23:00;136;8;6793;10;U344Z1P;Jižní Město;50.03151;14.50543
20260623_123337_L400;20260623_123337;23.06.2026;12:14:00;400;53;1086;12;U6078Z2;Praha,Střížkov;50.44703;14.47295
20260623_123337_L337;20260623_123337;23.06.2026;12:23:00;337;13;9364;10;U4861Z2;Praha,Budějovická;49.99583;14.48693
20260623_123337_L300;20260623_123337;23.06.2026;12:19:00;300;7;8965;13;U4303Z52;Smečno;50.15315;14.1849
20260623_123337_L801;20260623_123337;23.06.2026;12:22:00;801;3;1826;11;U6692Z2;Kutná Hora,Žižkov,poliklinika;49.96241;15.2942
20260623_123337_L147;20260623_123337;23.06.2026;11:24:00;147;2;3756;69;U721Z1P;Dejvická;50.13609;14.38067
20260623_123337_L204;20260623_123337;23.06.2026;12:23:00;204;70;9018;10;U973Z1P;Sídliště Petrovice;50.04434;14.55789
20260623_123337_L395;20260623_123337;23.06.2026;12:23:00;395;35;9907;10;U9647Z2;Praha,Smíchovské nádraží;49.70189;14.0605
20260623_123337_L398;20260623_123337;23.06.2026;12:23:00;398;24;8268;10;U2452Z2;Praha,Černý Most;50.12601;14.69622
20260623_123337_L401;20260623_123337;23.06.2026;12:17:00;401;59;7771;13;U31273Z1;Jindřichův Hradec,aut.nádr.;49.44392;14.65846
20260623_123337_L389;20260623_123337;23.06.2026;12:22:00;389;12;7762;10;U4853Z1;Chomutov,žel.st.;50.34263;13.8245
20260623_123337_L650;20260623_123337;23.06.2026;12:20:00;650;24;12557;10;U31424Z1;Kladno,autobusové nádraží;50.45622;14.1608
20260623_123337_L309;20260623_123337;23.06.2026;12:22:00;309;84;9562;10;U1629Z1;Praha,Zličín;49.97677;14.32706
20260623_123337_L324;20260623_123337;23.06.2026;12:22:00;324;21;8959;11;U4789Z1;Slaný,Rabasova;50.23317;14.07193
20260623_123337_L350;20260623_123337;23.06.2026;12:22:00;350;55;8884;10;U1670Z1;Kladno,OAZA;50.17144;14.28734
20260623_123337_L369;20260623_123337;23.06.2026;12:22:00;369;33;8276;11;U1785Z4;Praha,Ládví;50.28669;14.49569
20260623_123337_L858;20260623_123337;23.06.2026;12:21:00;858;68;8712;11;U1691Z1;Slaný,gymnázium;50.19072;14.30393
20260623_123337_L795;20260623_123337;23.06.2026;12:22:00;795;19;7848;11;U6036Z1;Trhový Štěpánov,nám.;49.72211;14.94934
20260623_123337_L796;20260623_123337;23.06.2026;12:22:00;796;39;7815;11;U7963Z1;Pyšely,Nám.;49.83514;14.74965
20260623_123337_L436;20260623_123337;23.06.2026;12:22:00;436;20;8601;10;U3030Z1;Lipník;50.24534;15.00947
20260623_123337_L659;20260623_123337;23.06.2026;12:21:00;659;34;9139;12;U2051Z1;Stříbrná Skalice,Náměstí;49.90192;14.89802
20260623_123337_L824;20260623_123337;23.06.2026;12:19:00;824;72;1640;12;U2893Z1;Kolín,nádraží;49.99376;15.01376
20260623_123337_L474;20260623_123337;23.06.2026;12:22:00;474;43;8087;10;U1795Z2;Dobřeň,Střezivojice;50.35578;14.47866
20260623_123337_L718;20260623_123337;23.06.2026;12:23:00;718;42;8659;10;U6295Z1;Mnichovo Hradiště,nám.;50.46047;15.08263
20260623_123337_L400;20260623_123337;23.06.2026;12:10:00;400;6;11628;18;U31354Z5;Varnsdorf,aut.nádr.;50.67734;14.53516
20260623_123337_L380;20260623_123337;23.06.2026;12:19:00;380;1;9984;14;U4972Z2;Králův Dvůr,Počaply,Obchodní centrum;49.94531;14.03246
20260623_123337_L768;20260623_123337;23.06.2026;12:19:00;768;27;8544;14;U4348Z2;Kropáčova Vrutice,Kojovice;50.29124;14.82555
20260623_123738_L136;20260623_123738;23.06.2026;12:24:00;136;8;6793;11;U106Z2P;Jižní Město;50.02509;14.51412
20260623_123738_L147;20260623_123738;23.06.2026;11:24:00;147;2;3756;73;U721Z1P;Dejvická;50.13609;14.38067
20260623_123738_L381;20260623_123738;23.06.2026;12:27:00;381;7;9362;10;U1476Z2;Praha,Háje;49.94771;15.2382
20260623_123738_L401;20260623_123738;23.06.2026;12:23:00;401;59;7771;14;U31276Z1;Jindřichův Hradec,aut.nádr.;49.41984;14.66121
20260623_123738_L474;20260623_123738;23.06.2026;12:24:00;474;43;8087;11;U1794Z2;Dobřeň,Střezivojice;50.34948;14.48868
20260623_123738_L650;20260623_123738;23.06.2026;12:24:00;650;24;12557;12;U31426Z1;Kladno,autobusové nádraží;50.44115;14.17397
20260623_123738_L705;20260623_123738;23.06.2026;12:25:00;705;39;8688;11;U2480Z7;Čáslav,obchodní centrum;49.9567;15.27603
20260623_123738_L369;20260623_123738;23.06.2026;12:26:00;369;33;8276;11;U2334Z1;Praha,Ládví;50.25406;14.4947
20260623_123738_L380;20260623_123738;23.06.2026;12:22:00;380;1;9984;13;U4979Z2;Králův Dvůr,Počaply,Obchodní centrum;49.93458;14.02236
20260623_123738_L795;20260623_123738;23.06.2026;12:25:00;795;19;7848;12;U6032Z1;Trhový Štěpánov,nám.;49.71974;14.96765
20260623_123738_L796;20260623_123738;23.06.2026;12:24:00;796;39;7815;12;U5825Z1;Pyšely,Nám.;49.85042;14.77231
20260623_123738_L419;20260623_123738;23.06.2026;12:26:00;419;83;9823;11;U1625Z1;Karlík;49.92844;14.2724
20260623_123738_L400;20260623_123738;23.06.2026;12:14:00;400;53;1086;15;U6078Z2;Praha,Střížkov;50.43396;14.46941
20260623_123738_L309;20260623_123738;23.06.2026;12:27:00;309;84;9562;10;U1632Z1;Praha,Zličín;49.97381;14.29258
20260623_123738_L324;20260623_123738;23.06.2026;12:25:00;324;21;8959;12;U4784Z2;Slaný,Rabasova;50.22959;14.0719
20260623_123738_L337;20260623_123738;23.06.2026;12:27:00;337;13;9364;10;U799Z3;Praha,Budějovická;50.01301;14.47451
20260623_123738_L824;20260623_123738;23.06.2026;12:24:00;824;72;1640;12;U9362Z1;Kolín,nádraží;49.98493;15.01657
20260623_123738_L858;20260623_123738;23.06.2026;12:27:00;858;68;8712;10;U1693Z2;Slaný,gymnázium;50.20152;14.29361
20260623_123738_L801;20260623_123738;23.06.2026;12:26:00;801;3;1826;11;U7338Z2;Kutná Hora,Žižkov,poliklinika;49.96135;15.28142
20260623_123738_L659;20260623_123738;23.06.2026;12:25:00;659;34;9139;12;U2048Z1;Stříbrná Skalice,Náměstí;49.88439;14.87511
20260623_123738_L155;20260623_123738;23.06.2026;12:26:00;155;2;9468;11;U767Z2P;Poliklinika Malešice;50.0849;14.48224
20260623_123738_L718;20260623_123738;23.06.2026;12:26:00;718;42;8659;10;U6309Z2;Mnichovo Hradiště,nám.;50.4691;15.07428
20260623_123738_L545;20260623_123738;23.06.2026;12:24:00;545;21;9061;12;U5767Z1;Zaječov;49.76612;13.83233
20260623_123738_L400;20260623_123738;23.06.2026;12:10:00;400;6;11628;22;U31354Z5;Varnsdorf,aut.nádr.;50.67736;14.53514
20260623_123738_L101;20260623_123738;23.06.2026;12:27:00;101;1;2326;11;U680Z3P;Zentiva;50.06836;14.46919
20260623_124138_L136;20260623_124138;23.06.2026;12:30:00;136;11;5542;10;U118Z4P;Jižní Město;50.07813;14.46088
20260623_124138_L147;20260623_124138;23.06.2026;11:24:00;147;2;3756;77;U721Z1P;Dejvická;50.13609;14.38067
20260623_124138_L101;20260623_124138;23.06.2026;12:29:00;101;1;2326;10;U37Z1P;Zentiva;50.05755;14.47096
20260623_124138_L705;20260623_124138;23.06.2026;12:30:00;705;39;8688;11;U2481Z2;Čáslav,obchodní centrum;49.95166;15.27456
20260623_124138_L309;20260623_124138;23.06.2026;12:28:00;309;84;9562;10;U1634Z1;Praha,Zličín;49.98434;14.28615
20260623_124138_L300;20260623_124138;23.06.2026;12:27:00;300;7;8965;14;U4306Z1;Smečno;50.13611;14.12626
20260623_124138_L795;20260623_124138;23.06.2026;12:30:00;795;19;7848;11;U5741Z1;Trhový Štěpánov,nám.;49.71268;15.00902
20260623_124138_L499;20260623_124138;23.06.2026;12:28:00;499;36;8690;12;U3039Z1;Mladá Boleslav,aut.st.;50.29125;15.01892
20260623_124138_L650;20260623_124138;23.06.2026;12:28:00;650;24;12557;12;U31427Z1;Kladno,autobusové nádraží;50.41246;14.14976
20260623_124138_L381;20260623_124138;23.06.2026;12:30:00;381;7;9362;10;U1475Z2;Praha,Háje;49.94806;15.20058
20260623_124138_L381;20260623_124138;23.06.2026;12:30:00;381;2;9373;10;U2008Z1;Čáslav,obchodní centrum;49.98975;14.74493
20260623_124138_L369;20260623_124138;23.06.2026;12:29:00;369;33;8276;12;U1960Z2;Praha,Ládví;50.22825;14.49454
20260623_124138_L474;20260623_124138;23.06.2026;12:28:00;474;43;8087;12;U1793Z9;Dobřeň,Střezivojice;50.34971;14.48886
20260623_124138_L337;20260623_124138;23.06.2026;12:30:00;337;13;9364;11;U908Z2;Praha,Budějovická;50.02439;14.46013
20260623_124138_L155;20260623_124138;23.06.2026;12:29:00;155;2;9468;11;U128Z1P;Poliklinika Malešice;50.08789;14.49311
20260623_124138_L659;20260623_124138;23.06.2026;12:29:00;659;34;9139;10;U2028Z2;Stříbrná Skalice,Náměstí;49.89681;14.85763
20260623_124138_L824;20260623_124138;23.06.2026;12:30:00;824;72;1640;11;U4987Z1;Kolín,nádraží;49.97487;15.05712
20260623_124138_L801;20260623_124138;23.06.2026;12:29:00;801;3;1826;12;U7342Z2;Kutná Hora,Žižkov,poliklinika;49.95812;15.27653
20260623_124138_L796;20260623_124138;23.06.2026;12:27:00;796;39;7815;12;U5823Z1;Pyšely,Nám.;49.85253;14.74772
20260623_124138_L400;20260623_124138;23.06.2026;12:14:00;400;53;1086;16;U6078Z2;Praha,Střížkov;50.40965;14.45401
20260623_124138_L345;20260623_124138;23.06.2026;12:30:00;345;36;10654;10;U6213Z2;Praha,Černý Most;50.46788;14.93835
20260623_124138_L136;20260623_124138;23.06.2026;12:30:00;136;8;6793;12;U286Z5P;Jižní Město;50.0306;14.52884
20260623_124138_L400;20260623_124138;23.06.2026;12:10:00;400;6;11628;26;U31354Z5;Varnsdorf,aut.nádr.;50.67738;14.53516
20260623_124539_L136;20260623_124539;23.06.2026;12:34:00;136;9;6846;10;U106Z2P;Jižní Město;50.02431;14.50879
20260623_124539_L345;20260623_124539;23.06.2026;12:35:00;345;36;10654;10;U3395Z2;Praha,Černý Most;50.44022;14.92879
20260623_124539_L136;20260623_124539;23.06.2026;12:34:00;136;11;5542;11;U855Z1P;Jižní Město;50.07446;14.46388
20260623_124539_L705;20260623_124539;23.06.2026;12:32:00;705;39;8688;12;U9425Z2;Čáslav,obchodní centrum;49.94845;15.27501
20260623_124539_L199;20260623_124539;23.06.2026;12:35:00;199;1;4103;10;U418Z1P;Sídliště Malešice;50.08051;14.48902
20260623_124539_L372;20260623_124539;23.06.2026;12:34:00;372;2;8081;11;U2221Z1;Kralupy n.Vlt.,žel.st.;50.22852;14.42132
20260623_124539_L796;20260623_124539;23.06.2026;12:34:00;796;92;7858;10;U7004Z2;Benešov,Terminál;49.79136;14.70289
20260623_124539_L796;20260623_124539;23.06.2026;12:32:00;796;39;7815;12;U7882Z1;Pyšely,Nám.;49.8463;14.71172
20260623_124539_L400;20260623_124539;23.06.2026;12:14:00;400;53;1086;17;U6078Z2;Praha,Střížkov;50.38422;14.46745
20260623_124539_L401;20260623_124539;23.06.2026;12:29:00;401;59;7771;15;U4886Z7;Jindřichův Hradec,aut.nádr.;49.41414;14.67486
20260623_124539_L147;20260623_124539;23.06.2026;11:24:00;147;2;3756;81;U721Z1P;Dejvická;50.13609;14.38065
20260623_124539_L801;20260623_124539;23.06.2026;12:32:00;801;3;1826;13;U7345Z2;Kutná Hora,Žižkov,poliklinika;49.95476;15.27776
20260623_124539_L155;20260623_124539;23.06.2026;12:32:00;155;2;9468;13;U1160Z2P;Poliklinika Malešice;50.085;14.50468
20260623_124539_L101;20260623_124539;23.06.2026;12:35:00;101;1;2326;11;U825Z2P;Zentiva;50.05441;14.48873
20260623_124539_L434;20260623_124539;23.06.2026;12:35:00;434;16;8561;10;U2466Z2;Benátky n.Jiz.,aut.st.;50.22339;14.8936
20260623_124539_L369;20260623_124539;23.06.2026;12:31:00;369;33;8276;12;U1958Z2;Praha,Ládví;50.19911;14.49593
20260623_124539_L385;20260623_124539;23.06.2026;12:35:00;385;29;1628;10;U1744Z2;Praha,Opatov;50.0002;14.58604
20260623_124539_L369;20260623_124539;23.06.2026;12:35:00;369;35;8272;10;U1790Z1;Štětí,záv.;50.33376;14.49574
20260623_124539_L499;20260623_124539;23.06.2026;12:34:00;499;36;8690;11;U6243Z2;Mladá Boleslav,aut.st.;50.31446;15.017
20260623_124539_L375;20260623_124539;23.06.2026;12:35:00;375;2;8246;10;U145Z2;Praha,Českomoravská;50.13296;14.561
20260623_124539_L381;20260623_124539;23.06.2026;12:30:00;381;8;9956;14;U1475Z1;Kutná Hora,hlavní nádraží;49.9478;15.21685
20260623_124539_L381;20260623_124539;23.06.2026;12:35:00;381;7;9362;10;U2156Z2;Praha,Háje;49.95289;15.16386
20260623_124539_L381;20260623_124539;23.06.2026;12:33:00;381;2;9373;11;U2010Z1;Čáslav,obchodní centrum;49.98744;14.78077
20260623_124539_L410;20260623_124539;23.06.2026;12:31:00;410;9;11646;14;U6060Z2;Praha,Střížkov;50.42275;14.46414
20260623_124539_L474;20260623_124539;23.06.2026;12:30:00;474;43;8087;15;U3341Z1;Dobřeň,Střezivojice;50.35135;14.4954
20260623_124539_L309;20260623_124539;23.06.2026;12:31:00;309;84;9562;11;U1635Z1;Praha,Zličín;49.97969;14.26675
20260623_124539_L337;20260623_124539;23.06.2026;12:32:00;337;13;9364;12;U488Z7;Praha,Budějovická;50.03333;14.45534
20260623_124539_L300;20260623_124539;23.06.2026;12:29:00;300;7;8965;14;U4308Z3;Smečno;50.13438;14.10727
20260623_124539_L350;20260623_124539;23.06.2026;12:35:00;350;55;8884;10;U4402Z2;Kladno,OAZA;50.15665;14.24743
20260623_124539_L858;20260623_124539;23.06.2026;12:34:00;858;68;8712;11;U2842Z1;Slaný,gymnázium;50.19801;14.24279
20260623_124539_L824;20260623_124539;23.06.2026;12:32:00;824;72;1640;12;U4988Z1;Kolín,nádraží;49.98289;15.08184
20260623_124539_L586;20260623_124539;23.06.2026;12:34:00;586;27;7684;10;U4836Z1;Nové Strašecí,Palackého;50.23418;14.05807
20260623_124539_L681;20260623_124539;23.06.2026;12:35:00;681;59;1635;10;U2156Z2;Uhlířské Janovice,nám.;49.95102;15.166
20260623_124539_L650;20260623_124539;23.06.2026;12:33:00;650;24;12557;12;U31429Z1;Kladno,autobusové nádraží;50.40449;14.12958
20260623_124939_L136;20260623_124939;23.06.2026;12:38:00;136;9;6846;10;U353Z1P;Jižní Město;50.02622;14.52149
20260623_124939_L369;20260623_124939;23.06.2026;12:37:00;369;33;8276;12;U1807Z2;Praha,Ládví;50.18967;14.4936
20260623_124939_L499;20260623_124939;23.06.2026;12:36:00;499;36;8690;12;U6239Z2;Mladá Boleslav,aut.st.;50.32956;15.0122
20260623_124939_L345;20260623_124939;23.06.2026;12:38:00;345;36;10654;11;U3392Z2;Praha,Černý Most;50.42887;14.92112
20260623_124939_L824;20260623_124939;23.06.2026;12:37:00;824;72;1640;12;U4990Z1;Kolín,nádraží;49.99253;15.09583
20260623_124939_L199;20260623_124939;23.06.2026;12:38:00;199;1;4103;11;U660Z1P;Sídliště Malešice;50.08284;14.50605
20260623_124939_L586;20260623_124939;23.06.2026;12:37:00;586;27;7684;12;U4606Z51;Nové Strašecí,Palackého;50.22307;14.04226
20260623_124939_L147;20260623_124939;23.06.2026;11:24:00;147;2;3756;85;U721Z1P;Dejvická;50.13609;14.38065
20260623_124939_L650;20260623_124939;23.06.2026;12:36:00;650;24;12557;12;U31430Z1;Kladno,autobusové nádraží;50.39399;14.12297
20260623_124939_L467;20260623_124939;23.06.2026;12:37:00;467;53;9824;10;U1795Z1;Roudnice n.L.,ČSAD;50.3563;14.45531
20260623_124939_L705;20260623_124939;23.06.2026;12:36:00;705;39;8688;11;U7191Z1;Čáslav,obchodní centrum;49.93781;15.30034
20260623_124939_L453;20260623_124939;23.06.2026;12:38:00;453;6;7509;10;U32298Z2;Vlašim,žel.st.;49.4246;14.71037
20260623_124939_L300;20260623_124939;23.06.2026;12:34:00;300;7;8965;15;U3094Z1;Smečno;50.14242;14.09774
20260623_124939_L369;20260623_124939;23.06.2026;12:38:00;369;35;8272;11;U1792Z2;Štětí,záv.;50.34421;14.48683
20260623_124939_L560;20260623_124939;23.06.2026;12:37:00;560;35;8330;12;U6833Z1;Rakovník,aut.st.;50.1574;13.51062
20260623_124939_L474;20260623_124939;23.06.2026;12:35:00;474;43;8087;14;U3344Z1;Dobřeň,Střezivojice;50.35908;14.48686
20260623_124939_L434;20260623_124939;23.06.2026;12:38:00;434;16;8561;11;U1494Z1;Benátky n.Jiz.,aut.st.;50.22882;14.88547
20260623_124939_L381;20260623_124939;23.06.2026;12:34:00;381;8;9956;14;U2477Z1;Kutná Hora,hlavní nádraží;49.94749;15.25572
20260623_124939_L372;20260623_124939;23.06.2026;12:36:00;372;2;8081;12;U2222Z1;Kralupy n.Vlt.,žel.st.;50.23744;14.40442
20260623_124939_L375;20260623_124939;23.06.2026;12:37:00;375;2;8246;11;U526Z2;Praha,Českomoravská;50.12699;14.53834
20260623_124939_L337;20260623_124939;23.06.2026;12:32:00;337;13;9364;13;U488Z7;Praha,Budějovická;50.04275;14.45633
20260623_124939_L350;20260623_124939;23.06.2026;12:37:00;350;55;8884;10;U4401Z1;Kladno,OAZA;50.15261;14.21379
20260623_124939_L796;20260623_124939;23.06.2026;12:37:00;796;92;7858;11;U4073Z2;Benešov,Terminál;49.7874;14.68392
20260623_124939_L796;20260623_124939;23.06.2026;12:37:00;796;39;7815;11;U1383Z1;Pyšely,Nám.;49.85354;14.70536
20260623_124939_L401;20260623_124939;23.06.2026;12:29:00;401;59;7771;18;U4886Z7;Jindřichův Hradec,aut.nádr.;49.41122;14.67767
20260623_124939_L155;20260623_124939;23.06.2026;12:36:00;155;2;9468;12;U359Z2P;Poliklinika Malešice;50.08332;14.50969
20260623_124939_L309;20260623_124939;23.06.2026;12:37:00;309;84;9562;10;U1636Z3;Praha,Zličín;49.98084;14.24033
20260623_124939_L410;20260623_124939;23.06.2026;12:31:00;410;9;11646;17;U6060Z2;Praha,Střížkov;50.42267;14.46394
20260623_124939_L101;20260623_124939;23.06.2026;12:40:00;101;1;2326;10;U760Z2P;Zentiva;50.05391;14.5077
20260623_124939_L381;20260623_124939;23.06.2026;12:35:00;381;2;9373;13;U2011Z1;Čáslav,obchodní centrum;49.98719;14.78874
20260623_124939_L199;20260623_124939;23.06.2026;12:39:00;199;2;4158;10;U921Z9P;Želivského;50.0782;14.4762
20260623_124939_L443;20260623_124939;23.06.2026;12:38:00;443;22;8594;11;U2428Z2;Nymburk,hl.nádr.;50.1607;14.82511
20260623_125339_L101;20260623_125339;23.06.2026;12:43:00;101;1;2326;10;U889Z1P;Zentiva;50.06083;14.5048
20260623_125339_L443;20260623_125339;23.06.2026;12:42:00;443;22;8594;11;U1453Z1;Nymburk,hl.nádr.;50.16576;14.85816
20260623_125339_L453;20260623_125339;23.06.2026;12:41:00;453;6;7509;11;U32039Z2;Vlašim,žel.st.;49.44568;14.7535
20260623_125339_L474;20260623_125339;23.06.2026;12:39:00;474;43;8087;14;U3347Z1;Dobřeň,Střezivojice;50.37384;14.50307
20260623_125339_L369;20260623_125339;23.06.2026;12:41:00;369;33;8276;12;U1976Z2;Praha,Ládví;50.17039;14.48384
20260623_125339_L372;20260623_125339;23.06.2026;12:41:00;372;2;8081;12;U2337Z1;Kralupy n.Vlt.,žel.st.;50.2565;14.38198
20260623_125339_L375;20260623_125339;23.06.2026;12:43:00;375;2;8246;10;U1000Z5;Praha,Českomoravská;50.12518;14.5152
20260623_125339_L369;20260623_125339;23.06.2026;12:41:00;369;35;8272;11;U3336Z1;Štětí,záv.;50.35085;14.48314
20260623_125339_L795;20260623_125339;23.06.2026;12:41:00;795;19;7848;10;U6034Z51;Vlašim,žel.st.;49.71034;14.96531
20260623_125339_L796;20260623_125339;23.06.2026;12:39:00;796;92;7858;13;U4483Z3;Benešov,Terminál;49.78228;14.68175
20260623_125339_L796;20260623_125339;23.06.2026;12:39:00;796;39;7815;11;U7431Z1;Pyšely,Nám.;49.87138;14.70718
20260623_125339_L345;20260623_125339;23.06.2026;12:38:00;345;36;10654;12;U3392Z2;Praha,Černý Most;50.42017;14.91766
20260623_125339_L250;20260623_125339;23.06.2026;12:42:00;250;1;5013;11;U3008Z1P;Sídliště Rohožník;50.07713;14.65533
20260623_125339_L147;20260623_125339;23.06.2026;11:24:00;147;2;3756;89;U721Z1P;Dejvická;50.13609;14.38065
20260623_125339_L586;20260623_125339;23.06.2026;12:41:00;586;27;7684;11;U9264Z2;Nové Strašecí,Palackého;50.2174;14.00817
20260623_125339_L590;20260623_125339;23.06.2026;12:42:00;590;31;7687;11;U9202Z4;Vraný;50.28832;14.09169
20260623_125339_L824;20260623_125339;23.06.2026;12:40:00;824;72;1640;13;U4992Z1;Kolín,nádraží;50.00172;15.12787
20260623_125339_L309;20260623_125339;23.06.2026;12:39:00;309;84;9562;11;U1637Z1;Praha,Zličín;49.99089;14.25952
20260623_125339_L323;20260623_125339;23.06.2026;12:43:00;323;16;8742;10;U4395Z1;Koleč,zámek;50.1206;14.26001
20260623_125339_L434;20260623_125339;23.06.2026;12:40:00;434;16;8561;13;U1496Z1;Benátky n.Jiz.,aut.st.;50.22886;14.88257
20260623_125339_L499;20260623_125339;23.06.2026;12:40:00;499;36;8690;12;U6238Z2;Mladá Boleslav,aut.st.;50.35402;15.00289
20260623_125740_L147;20260623_125740;23.06.2026;11:24:00;147;2;3756;92;U721Z1P;Dejvická;50.13609;14.38065
20260623_125740_L434;20260623_125740;23.06.2026;12:44:00;434;16;8561;13;U1488Z1;Benátky n.Jiz.,aut.st.;50.22922;14.86899
20260623_125740_L724;20260623_125740;23.06.2026;12:47:00;724;64;9425;10;U6262Z1;Libáň,aut.st.;50.4061;15.00601
20260623_125740_L136;20260623_125740;23.06.2026;12:45:00;136;13;6819;12;U2787Z2P;Jižní Město;50.08778;14.45662
20260623_125740_L250;20260623_125740;23.06.2026;12:47:00;250;1;5013;10;U621Z1P;Sídliště Rohožník;50.0733;14.67772
20260623_125740_L474;20260623_125740;23.06.2026;12:42:00;474;43;8087;15;U3350Z1;Dobřeň,Střezivojice;50.36889;14.5098
20260623_125740_L467;20260623_125740;23.06.2026;12:47:00;467;53;9824;10;U4728Z1;Roudnice n.L.,ČSAD;50.37373;14.38971
20260623_125740_L491;20260623_125740;23.06.2026;12:44:00;491;9;8653;12;U4570Z1;Český Brod,žel.st.;50.03534;14.8088
20260623_125740_L824;20260623_125740;23.06.2026;12:44:00;824;72;1640;13;U4993Z1;Kolín,nádraží;50.01031;15.15575
20260623_125740_L741;20260623_125740;23.06.2026;12:46:00;741;21;7621;11;U6980Z2;Zbýšov,Chlum;49.87044;15.43601
20260623_125740_L801;20260623_125740;23.06.2026;12:42:00;801;3;1826;15;U7337Z1;Kutná Hora,Žižkov,poliklinika;49.94658;15.2557
20260623_125740_L586;20260623_125740;23.06.2026;12:46:00;586;27;7684;11;U9247Z2;Nové Strašecí,Palackého;50.20881;13.9828
20260623_125740_L590;20260623_125740;23.06.2026;12:45:00;590;31;7687;11;U9211Z2;Vraný;50.30145;14.06401
20260623_125740_L300;20260623_125740;23.06.2026;12:42:00;300;7;8965;15;U3095Z1;Smečno;50.14084;14.07182
20260623_125740_L309;20260623_125740;23.06.2026;12:43:00;309;84;9562;12;U1199Z2;Praha,Zličín;50.00516;14.25288
20260623_125740_L323;20260623_125740;23.06.2026;12:43:00;323;16;8742;14;U4395Z1;Koleč,zámek;50.1206;14.26001
20260623_125740_L350;20260623_125740;23.06.2026;12:47:00;350;55;8884;10;U4304Z1;Kladno,OAZA;50.14987;14.17454
20260623_125740_L381;20260623_125740;23.06.2026;12:42:00;381;2;9373;15;U2015Z1;Čáslav,obchodní centrum;49.99185;14.85481
20260623_125740_L384;20260623_125740;23.06.2026;12:45:00;384;17;9866;11;U9105Z2;Hořovice,nám.B.Němcové;49.90803;13.97201
20260623_125740_L385;20260623_125740;23.06.2026;12:44:00;385;29;1628;12;U1371Z3;Praha,Opatov;50.00683;14.56528
20260623_125740_L369;20260623_125740;23.06.2026;12:45:00;369;35;8272;11;U1793Z3;Štětí,záv.;50.35146;14.48521
20260623_125740_L369;20260623_125740;23.06.2026;12:43:00;369;33;8276;13;U3242Z2;Praha,Ládví;50.15349;14.48546
20260623_125740_L372;20260623_125740;23.06.2026;12:44:00;372;2;8081;13;U2339Z1;Kralupy n.Vlt.,žel.st.;50.27085;14.39598
20260623_125740_L375;20260623_125740;23.06.2026;12:46:00;375;2;8246;11;U500Z2;Praha,Českomoravská;50.1205;14.50279
20260623_125740_L584;20260623_125740;23.06.2026;12:44:00;584;65;8408;11;U3362Z2;Mutějovice,Lhota p.Džbánem;50.19491;13.72293
20260623_125740_L650;20260623_125740;23.06.2026;12:44:00;650;24;12557;13;U31431Z1;Kladno,autobusové nádraží;50.36411;14.13179
20260623_125740_L560;20260623_125740;23.06.2026;12:42:00;560;35;8330;13;U6829Z1;Rakovník,aut.st.;50.15695;13.55387
20260623_125740_L345;20260623_125740;23.06.2026;12:42:00;345;36;10654;12;U2987Z7;Praha,Černý Most;50.41906;14.91718
20260623_125740_L443;20260623_125740;23.06.2026;12:46:00;443;22;8594;10;U2282Z1;Nymburk,hl.nádr.;50.15867;14.89156
20260623_125740_L768;20260623_125740;23.06.2026;12:42:00;768;27;8544;15;U6086Z1;Kropáčova Vrutice,Kojovice;50.30328;14.72796
20260623_125740_L499;20260623_125740;23.06.2026;12:44:00;499;36;8690;12;U6183Z2;Mladá Boleslav,aut.st.;50.37353;15.00124
20260623_125740_L538;20260623_125740;23.06.2026;12:46:00;538;3;7648;11;U6702Z1;Městec Králové,nám.;50.2473;15.20502
20260623_125740_L101;20260623_125740;23.06.2026;12:48:00;101;1;2326;10;U1076Z1P;Zentiva;50.06983;14.5108
20260623_130140_L443;20260623_130140;23.06.2026;12:49:00;443;22;8594;11;U1437Z1;Nymburk,hl.nádr.;50.16081;14.91162
20260623_130140_L126;20260623_130140;23.06.2026;12:49:00;126;6;4104;13;U336Z2P;Nádraží Uhříněves;50.03161;14.59849
20260623_130140_L659;20260623_130140;23.06.2026;12:50:00;659;40;9179;11;U2016Z2;Stříbrná Skalice,Náměstí;49.99401;14.85914
20260623_130140_L136;20260623_130140;23.06.2026;12:48:00;136;13;6819;12;U516Z3P;Jižní Město;50.079;14.46049
20260623_130140_L160;20260623_130140;23.06.2026;12:48:00;160;4;2048;12;U1398Z1P;Výhledy;50.14026;14.38199
20260623_130140_L741;20260623_130140;23.06.2026;12:47:00;741;21;7621;12;U6981Z2;Zbýšov,Chlum;49.85559;15.43506
20260623_130140_L521;20260623_130140;23.06.2026;12:50:00;521;17;9617;11;U7899Z2;Věšín,Buková;49.60478;13.86483
20260623_130140_L584;20260623_130140;23.06.2026;12:50:00;584;65;8408;11;U3373Z1;Mutějovice,Lhota p.Džbánem;50.19374;13.70624
20260623_130140_L453;20260623_130140;23.06.2026;12:50:00;453;6;7509;10;U32051Z2;Vlašim,žel.st.;49.48324;14.79602
20260623_130140_L467;20260623_130140;23.06.2026;12:51:00;467;53;9824;10;U4712Z1;Roudnice n.L.,ČSAD;50.38745;14.33685
20260623_130140_L724;20260623_130140;23.06.2026;12:50:00;724;64;9425;11;U9456Z1;Libáň,aut.st.;50.41734;15.00561
20260623_130140_L499;20260623_130140;23.06.2026;12:49:00;499;36;8690;11;U6235Z2;Mladá Boleslav,aut.st.;50.38803;14.9835
20260623_130140_L538;20260623_130140;23.06.2026;12:50:00;538;3;7648;11;U6946Z2;Městec Králové,nám.;50.22592;15.21806
20260623_130140_L369;20260623_130140;23.06.2026;12:49:00;369;35;8272;12;U1795Z1;Štětí,záv.;50.35794;14.47395
20260623_130140_L375;20260623_130140;23.06.2026;12:47:00;375;2;8246;13;U603Z2;Praha,Českomoravská;50.11559;14.50013
20260623_130140_L381;20260623_130140;23.06.2026;12:47:00;381;8;9956;14;U9424Z1;Kutná Hora,hlavní nádraží;49.96093;15.29093
20260623_130140_L381;20260623_130140;23.06.2026;12:48:00;381;2;9373;13;U1978Z1;Čáslav,obchodní centrum;49.98991;14.86361
20260623_130140_L384;20260623_130140;23.06.2026;12:48:00;384;17;9866;12;U1229Z2;Hořovice,nám.B.Němcové;49.89463;13.94782
20260623_130140_L345;20260623_130140;23.06.2026;12:50:00;345;36;10654;11;U3389Z2;Praha,Černý Most;50.41255;14.91058
20260623_130140_L590;20260623_130140;23.06.2026;12:48:00;590;31;7687;11;U9119Z2;Vraný;50.31981;14.05776
20260623_130140_L858;20260623_130140;23.06.2026;12:51:00;858;68;8712;10;U2867Z1;Slaný,gymnázium;50.22676;14.10258
20260623_130140_L491;20260623_130140;23.06.2026;12:49:00;491;9;8653;12;U1421Z2;Český Brod,žel.st.;50.05692;14.81933
20260623_130140_L824;20260623_130140;23.06.2026;12:48:00;824;72;1640;12;U4995Z1;Kolín,nádraží;50.01976;15.18602
20260623_130140_L323;20260623_130140;23.06.2026;12:43:00;323;16;8742;17;U4395Z1;Koleč,zámek;50.1206;14.26001
20260623_130140_L307;20260623_130140;23.06.2026;12:50:00;307;11;8952;11;U1142Z2;Praha,Zličín;50.05367;14.27896
20260623_130140_L309;20260623_130140;23.06.2026;12:48:00;309;84;9562;11;U1667Z2;Praha,Zličín;50.01783;14.25248
20260623_130140_L350;20260623_130140;23.06.2026;12:51:00;350;55;8884;10;U4315Z1;Kladno,OAZA;50.13513;14.13734
20260623_130140_L224;20260623_130140;23.06.2026;12:51:00;224;75;9042;10;U97Z1P;Dolnopočernický hřbitov;50.08541;14.57689
20260623_130541_L640;20260623_130541;23.06.2026;12:51:00;640;27;9406;12;U9810Z1;Hostomice,nám.;49.82594;14.04498
20260623_130541_L443;20260623_130541;23.06.2026;12:52:00;443;22;8594;12;U1439Z1;Nymburk,hl.nádr.;50.16615;14.93668
20260623_130541_L136;20260623_130541;23.06.2026;12:52:00;136;13;6819;13;U518Z3P;Jižní Město;50.07589;14.45912
20260623_130541_L160;20260623_130541;23.06.2026;12:52:00;160;4;2048;13;U721Z2P;Výhledy;50.13559;14.37988
20260623_130541_L181;20260623_130541;23.06.2026;12:56:00;181;1;5042;10;U552Z1P;Opatov;50.07003;14.53708
20260623_130541_L199;20260623_130541;23.06.2026;12:54:00;199;1;4103;11;U921Z9P;Želivského;50.0784;14.47521
20260623_130541_L201;20260623_130541;23.06.2026;12:55:00;201;5;3897;10;U1170Z2P;Nádraží Holešovice;50.12691;14.50144
20260623_130541_L499;20260623_130541;23.06.2026;12:53:00;499;36;8690;12;U9455Z2;Mladá Boleslav,aut.st.;50.4047;14.97636
20260623_130541_L136;20260623_130541;23.06.2026;12:54:00;136;14;5081;11;U69Z2P;Jižní Město;50.08878;14.46103
20260623_130541_L824;20260623_130541;23.06.2026;12:53:00;824;72;1640;12;U4998Z1;Kolín,nádraží;50.02604;15.20028
20260623_130541_L741;20260623_130541;23.06.2026;12:51:00;741;21;7621;13;U7285Z2;Zbýšov,Chlum;49.84644;15.41748
20260623_130541_L659;20260623_130541;23.06.2026;12:52:00;659;40;9179;11;U2319Z1;Stříbrná Skalice,Náměstí;49.98021;14.88269
20260623_130541_L405;20260623_130541;23.06.2026;12:51:00;405;65;1432;14;U31014Z4;Špindlerův Mlýn,aut.st.;50.49522;15.51789
20260623_130541_L405;20260623_130541;23.06.2026;12:55:00;405;66;1414;10;U32433Z2;Praha,Černý Most;50.55513;15.54802
20260623_130541_L584;20260623_130541;23.06.2026;12:55:00;584;65;8408;10;U9524Z2;Mutějovice,Lhota p.Džbánem;50.21593;13.71164
20260623_130541_L521;20260623_130541;23.06.2026;12:52:00;521;17;9617;12;U7906Z1;Věšín,Buková;49.61211;13.84577
20260623_130541_L705;20260623_130541;23.06.2026;12:54:00;705;39;8688;11;U7327Z1;Čáslav,obchodní centrum;49.91708;15.3898
20260623_130541_L432;20260623_130541;23.06.2026;12:53:00;432;1;8696;12;U2464Z2;Lysá n.L.,žel.st.;50.23124;14.83967
20260623_130541_L434;20260623_130541;23.06.2026;12:51:00;434;16;8561;14;U2464Z2;Benátky n.Jiz.,aut.st.;50.23153;14.83967
20260623_130541_L538;20260623_130541;23.06.2026;12:52:00;538;3;7648;11;U6744Z2;Městec Králové,nám.;50.19869;15.23184
20260623_130541_L467;20260623_130541;23.06.2026;12:54:00;467;53;9824;10;U4713Z1;Roudnice n.L.,ČSAD;50.40813;14.29803
20260623_130541_L718;20260623_130541;23.06.2026;12:55:00;718;32;8608;10;U6285Z55;Sobotka,nám.;50.44106;15.13258
20260623_130541_L724;20260623_130541;23.06.2026;12:55:00;724;64;9425;10;U6283Z1;Libáň,aut.st.;50.4332;15.04476
20260623_130541_L590;20260623_130541;23.06.2026;12:54:00;590;31;7687;11;U9117Z2;Vraný;50.33692;14.05459
20260623_130541_L491;20260623_130541;23.06.2026;12:51:00;491;9;8653;13;U4134Z2;Český Brod,žel.st.;50.06499;14.84321
20260623_130541_L412;20260623_130541;23.06.2026;12:52:00;412;43;9917;13;U31002Z2;Praha,Černý Most;50.46682;15.18941
20260623_130541_L345;20260623_130541;23.06.2026;12:54:00;345;36;10654;11;U3063Z2;Praha,Černý Most;50.4103;14.92947
20260623_130541_L793;20260623_130541;23.06.2026;12:50:00;793;47;7876;10;U5785Z2;Divišov,nám.;49.73765;14.87102
20260623_130541_L381;20260623_130541;23.06.2026;12:50:00;381;2;9373;14;U1979Z1;Čáslav,obchodní centrum;49.97711;14.89448
20260623_130541_L384;20260623_130541;23.06.2026;12:55:00;384;17;9866;10;U1230Z2;Hořovice,nám.B.Němcové;49.87586;13.89596
20260623_130541_L369;20260623_130541;23.06.2026;12:53:00;369;35;8272;12;U1797Z1;Štětí,záv.;50.37115;14.46597
20260623_130541_L372;20260623_130541;23.06.2026;12:50:00;372;2;8081;15;U2340Z2;Kralupy n.Vlt.,žel.st.;50.27627;14.39566
20260623_130541_L375;20260623_130541;23.06.2026;12:51:00;375;2;8246;13;U474Z7;Praha,Českomoravská;50.10676;14.50236
20260623_130541_L224;20260623_130541;23.06.2026;12:53:00;224;75;9042;12;U1163Z1P;Dolnopočernický hřbitov;50.08853;14.58107
20260623_130541_L309;20260623_130541;23.06.2026;12:55:00;309;84;9562;10;U1189Z2;Praha,Zličín;50.0328;14.26766
20260623_130541_L316;20260623_130541;23.06.2026;12:53:00;316;8;8969;10;U1691Z1;Kralupy n.Vlt.,žel.st.;50.19594;14.29822
20260623_130541_L323;20260623_130541;23.06.2026;12:43:00;323;16;8742;22;U4395Z1;Koleč,zámek;50.1206;14.26001
20260623_130541_L325;20260623_130541;23.06.2026;12:53:00;325;16;1636;11;U3053Z2;Praha,Nádraží Uhříněves;50.03137;14.59852
20260623_130941_L136;20260623_130941;23.06.2026;12:56:00;136;14;5081;12;U743Z2P;Jižní Město;50.08608;14.45554
20260623_130941_L640;20260623_130941;23.06.2026;12:51:00;640;27;9406;16;U9810Z1;Hostomice,nám.;49.82578;14.04496
20260623_130941_L412;20260623_130941;23.06.2026;12:55:00;412;43;9917;14;U31000Z2;Praha,Černý Most;50.46761;15.17634
20260623_130941_L160;20260623_130941;23.06.2026;12:56:00;160;4;2048;13;U1399Z1P;Výhledy;50.13253;14.36845
20260623_130941_L824;20260623_130941;23.06.2026;12:55:00;824;72;1640;14;U5896Z2;Kolín,nádraží;50.02231;15.20626
20260623_130941_L136;20260623_130941;23.06.2026;12:57:00;136;13;6819;12;U29Z1P;Jižní Město;50.07256;14.47049
20260623_130941_L201;20260623_130941;23.06.2026;12:59:00;201;5;3897;10;U683Z2P;Nádraží Holešovice;50.12539;14.48595
20260623_130941_L181;20260623_130941;23.06.2026;12:59:00;181;1;5042;10;U677Z1P;Opatov;50.05725;14.53637
20260623_130941_L733;20260623_130941;23.06.2026;12:59:00;733;6;10198;10;U31177Z1;Turnov,Na Lukách;50.60727;15.01145
20260623_130941_L405;20260623_130941;23.06.2026;12:51:00;405;65;1432;16;U31014Z4;Špindlerův Mlýn,aut.st.;50.50027;15.52807
20260623_130941_L521;20260623_130941;23.06.2026;12:55:00;521;17;9617;13;U5768Z1;Věšín,Buková;49.61743;13.82653
20260623_130941_L478;20260623_130941;23.06.2026;12:59:00;478;16;8072;10;U3257Z2;Brandýs n.L.-St.Bol.,Žel.st.;50.19721;14.67843
20260623_130941_L369;20260623_130941;23.06.2026;12:59:00;369;47;8233;10;U1960Z2;Praha,Ládví;50.22963;14.49457
20260623_130941_L370;20260623_130941;23.06.2026;12:58:00;370;1;8002;11;U2221Z1;Kralupy n.Vlt.,žel.st.;50.22872;14.42136
20260623_130941_L380;20260623_130941;23.06.2026;12:59:00;380;7;9972;10;U2369Z1;Králův Dvůr,Počaply,Obchodní centrum;49.9996;14.16371
20260623_130941_L381;20260623_130941;23.06.2026;12:55:00;381;2;9373;13;U1982Z1;Čáslav,obchodní centrum;49.96956;14.94196
20260623_130941_L369;20260623_130941;23.06.2026;12:56:00;369;35;8272;12;U3313Z1;Štětí,záv.;50.39032;14.464
20260623_130941_L638;20260623_130941;23.06.2026;12:59:00;638;57;9594;10;U9083Z1;Beroun,autobusové nádraží;49.93973;13.88416
20260623_130941_L491;20260623_130941;23.06.2026;12:56:00;491;9;8653;13;U2270Z2;Český Brod,žel.st.;50.07324;14.86356
20260623_130941_L590;20260623_130941;23.06.2026;12:57:00;590;31;7687;12;U9114Z2;Vraný;50.32966;14.02008
20260623_130941_L659;20260623_130941;23.06.2026;12:58:00;659;40;9179;11;U1313Z1;Stříbrná Skalice,Náměstí;49.95787;14.88302
20260623_130941_L345;20260623_130941;23.06.2026;12:54:00;345;36;10654;12;U3063Z2;Praha,Černý Most;50.39097;14.90626
20260623_130941_L793;20260623_130941;23.06.2026;12:56:00;793;47;7876;11;U7893Z1;Divišov,nám.;49.75276;14.85772
20260623_130941_L384;20260623_130941;23.06.2026;12:57:00;384;17;9866;12;U9612Z2;Hořovice,nám.B.Němcové;49.86677;13.89605
20260623_130941_L117;20260623_130941;23.06.2026;12:59:00;117;1;1916;10;U857Z1P;Nové Komořany;50.02015;14.44609
20260623_130941_L718;20260623_130941;23.06.2026;12:56:00;718;32;8608;11;U6298Z2;Sobotka,nám.;50.45212;15.14996
20260623_130941_L764;20260623_130941;23.06.2026;12:57:00;764;56;8113;12;U3063Z1;Mladá Boleslav,aut.st.;50.41057;14.92579
20260623_130941_L432;20260623_130941;23.06.2026;12:58:00;432;1;8696;10;U2445Z2;Lysá n.L.,žel.st.;50.20474;14.84311
20260623_130941_L434;20260623_130941;23.06.2026;12:55:00;434;16;8561;13;U2476Z1;Benátky n.Jiz.,aut.st.;50.2599;14.83107
20260623_130941_L499;20260623_130941;23.06.2026;12:55:00;499;36;8690;12;U6410Z2;Mladá Boleslav,aut.st.;50.40865;14.9576
20260623_130941_L538;20260623_130941;23.06.2026;12:55:00;538;3;7648;12;U6743Z2;Městec Králové,nám.;50.20201;15.26184
20260623_130941_L705;20260623_130941;23.06.2026;12:59:00;705;39;8688;10;U5897Z1;Čáslav,obchodní centrum;49.9069;15.39658
20260623_130941_L306;20260623_130941;23.06.2026;12:58:00;306;3;8812;10;U4314Z2;Praha,Zličín;50.14934;14.10311
20260623_130941_L309;20260623_130941;23.06.2026;12:56:00;309;84;9562;11;U4254Z2;Praha,Zličín;50.04282;14.25538
20260623_130941_L311;20260623_130941;23.06.2026;12:56:00;311;77;9583;12;U1852Z51;Řevnice,nádraží;49.92792;14.27136
20260623_130941_L316;20260623_130941;23.06.2026;12:59:00;316;8;8969;10;U1693Z2;Kralupy n.Vlt.,žel.st.;50.20142;14.29318
20260623_130941_L467;20260623_130941;23.06.2026;12:58:00;467;53;9824;11;U4715Z1;Roudnice n.L.,ČSAD;50.42052;14.26033
20260623_130941_L323;20260623_130941;23.06.2026;12:43:00;323;16;8742;26;U4395Z1;Koleč,zámek;50.1206;14.26001
20260623_130941_L325;20260623_130941;23.06.2026;12:56:00;325;16;1636;13;U542Z2;Praha,Nádraží Uhříněves;50.0346;14.5947
20260623_130941_L228;20260623_130941;23.06.2026;12:58:00;228;12;9045;10;U1071Z2P;Poliklinika Malešice;50.07705;14.51868
20260623_131342_L201;20260623_131342;23.06.2026;13:02:00;201;5;3897;11;U993Z2P;Nádraží Holešovice;50.11729;14.47372
20260623_131342_L136;20260623_131342;23.06.2026;13:01:00;136;13;6819;12;U37Z1P;Jižní Město;50.06044;14.46962
20260623_131342_L718;20260623_131342;23.06.2026;13:03:00;718;32;8608;10;U31000Z2;Mnichovo Hradiště,dopravní terminál;50.46785;15.17637
20260623_131342_L201;20260623_131342;23.06.2026;13:02:00;201;1;4127;11;U327Z2P;Černý Most;50.13639;14.52215
20260623_131342_L136;20260623_131342;23.06.2026;13:03:00;136;33;5515;10;U512Z5P;Jižní Město;50.09031;14.46646
20260623_131342_L369;20260623_131342;23.06.2026;13:01:00;369;47;8233;11;U1958Z2;Praha,Ládví;50.20352;14.49827
20260623_131342_L136;20260623_131342;23.06.2026;13:00:00;136;14;5081;14;U118Z4P;Jižní Město;50.07815;14.46091
20260623_131342_L733;20260623_131342;23.06.2026;13:03:00;733;6;10198;10;U32551Z2;Turnov,Na Lukách;50.62258;15.03121
20260623_131342_L416;20260623_131342;23.06.2026;13:02:00;416;9;7227;11;U32285Z2;Praha,Smíchovské nádraží;49.24683;13.54096
20260623_131342_L369;20260623_131342;23.06.2026;13:02:00;369;35;8272;11;U3316Z1;Štětí,záv.;50.40895;14.44653
20260623_131342_L370;20260623_131342;23.06.2026;13:00:00;370;1;8002;11;U2222Z1;Kralupy n.Vlt.,žel.st.;50.23217;14.3888
20260623_131342_L380;20260623_131342;23.06.2026;13:02:00;380;7;9972;11;U2371Z1;Králův Dvůr,Počaply,Obchodní centrum;49.99052;14.14654
20260623_131342_L316;20260623_131342;23.06.2026;13:00:00;316;8;8969;10;U5002Z1;Kralupy n.Vlt.,žel.st.;50.21636;14.31687
20260623_131342_L300;20260623_131342;23.06.2026;13:01:00;300;3;8972;10;U85Z1;Praha,Nádraží Veleslavín;50.09563;14.34684
20260623_131342_L323;20260623_131342;23.06.2026;12:43:00;323;16;8742;30;U4395Z1;Koleč,zámek;50.1206;14.26001
20260623_131342_L325;20260623_131342;23.06.2026;13:00:00;325;16;1636;13;U461Z2;Čestlice,aquapark;50.034;14.59184
20260623_131342_L467;20260623_131342;23.06.2026;13:00:00;467;53;9824;12;U4717Z4;Roudnice n.L.,ČSAD;50.4233;14.25647
20260623_131342_L228;20260623_131342;23.06.2026;13:02:00;228;12;9045;11;U827Z2P;Poliklinika Malešice;50.0784;14.50802
20260623_131342_L306;20260623_131342;23.06.2026;13:03:00;306;3;8812;10;U3094Z2;Praha,Zličín;50.14206;14.09788
20260623_131342_L309;20260623_131342;23.06.2026;13:02:00;309;84;9562;11;U1142Z2;Praha,Zličín;50.05315;14.27711
20260623_131342_L311;20260623_131342;23.06.2026;13:00:00;311;77;9583;13;U1601Z1;Řevnice,nádraží;49.92006;14.24972
20260623_131342_L764;20260623_131342;23.06.2026;13:00:00;764;56;8113;12;U3389Z1;Mladá Boleslav,aut.st.;50.41526;14.91054
20260623_131342_L315;20260623_131342;23.06.2026;13:02:00;315;9;8678;11;U3399Z1;Mnichovo Hradiště,dopravní terminál;50.4866;14.94721
20260623_131342_L443;20260623_131342;23.06.2026;12:59:00;443;22;8594;12;U1434Z1;Nymburk,hl.nádr.;50.13317;14.98641
20260623_131342_L521;20260623_131342;23.06.2026;13:00:00;521;17;9617;12;U1965Z1;Příbram,aut.nádr.;49.62127;13.82526
20260623_131342_L381;20260623_131342;23.06.2026;13:02:00;381;2;9373;11;U2145Z1;Čáslav,obchodní centrum;49.96585;14.98182
20260623_131342_L406;20260623_131342;23.06.2026;13:02:00;406;19;7848;11;U6043Z1;Benešov,Terminál;49.70294;14.90295
20260623_131342_L793;20260623_131342;23.06.2026;13:02:00;793;47;7876;11;U7956Z1;Divišov,nám.;49.75734;14.88446
20260623_131342_L384;20260623_131342;23.06.2026;13:00:00;384;17;9866;13;U9614Z2;Hořovice,nám.B.Němcové;49.84844;13.88433
20260623_131342_L659;20260623_131342;23.06.2026;13:01:00;659;40;9179;11;U1987Z3;Stříbrná Skalice,Náměstí;49.95194;14.88392
20260623_131342_L821;20260623_131342;23.06.2026;13:00:00;821;52;1614;13;U1984Z3;Sázava,aut.st.;49.96581;14.96332
20260623_131342_L821;20260623_131342;23.06.2026;13:00:00;821;69;1606;13;U1984Z4;Kolín,nádraží;49.9663;14.97044
20260623_131342_L741;20260623_131342;23.06.2026;12:59:00;741;21;7621;14;U9480Z2;Zbýšov,Chlum;49.80585;15.40307
20260623_131342_L641;20260623_131342;23.06.2026;13:01:00;641;17;9449;12;U4337Z2;Hořovice,nemocnice;49.95782;14.07156
20260623_131342_L586;20260623_131342;23.06.2026;13:03:00;586;27;7684;10;U9336Z2;Nové Strašecí,Palackého;50.17257;13.89873
20260623_131342_L595;20260623_131342;23.06.2026;13:02:00;595;5;7306;10;U9131Z1;Vraný;50.30584;14.16258
20260623_131743_L136;20260623_131743;23.06.2026;13:04:00;136;14;5081;13;U855Z1P;Jižní Město;50.07447;14.46397
20260623_131743_L181;20260623_131743;23.06.2026;13:05:00;181;1;5042;12;U160Z1P;Opatov;50.05063;14.52551
20260623_131743_L540;20260623_131743;23.06.2026;13:05:00;540;14;7651;12;U6732Z2;Poděbrady,žel.st.;50.27353;15.29939
20260623_131743_L136;20260623_131743;23.06.2026;13:06:00;136;13;6819;11;U697Z3P;Jižní Město;50.04872;14.48082
20260623_131743_L199;20260623_131743;23.06.2026;13:06:00;199;2;4158;10;U418Z2P;Želivského;50.07716;14.48665
20260623_131743_L201;20260623_131743;23.06.2026;13:07:00;201;5;3897;10;U622Z2P;Nádraží Holešovice;50.11747;14.45765
20260623_131743_L733;20260623_131743;23.06.2026;13:06:00;733;37;8656;11;U31177Z2;Mnichovo Hradiště,nám.;50.60669;15.01062
20260623_131743_L369;20260623_131743;23.06.2026;13:03:00;369;35;8272;10;U3317Z1;Štětí,záv.;50.43016;14.42012
20260623_131743_L325;20260623_131743;23.06.2026;13:02:00;325;16;1636;15;U336Z3;Čestlice,aquapark;50.03196;14.59814
20260623_131743_L199;20260623_131743;23.06.2026;13:07:00;199;1;4103;10;U548Z1P;Sídliště Malešice;50.08202;14.50089
20260623_131743_L201;20260623_131743;23.06.2026;13:05:00;201;1;4127;12;U323Z3P;Černý Most;50.13497;14.54442
20260623_131743_L191;20260623_131743;23.06.2026;13:06:00;191;8;4008;10;U629Z3P;Letiště / Airport ✈;50.10557;14.27171
20260623_131743_L316;20260623_131743;23.06.2026;13:07:00;316;9;8977;10;U1136Z2;Praha,Bořislavka;50.13039;14.34155
20260623_131743_L659;20260623_131743;23.06.2026;13:03:00;659;40;9179;11;U1986Z2;Stříbrná Skalice,Náměstí;49.95085;14.85769
20260623_131743_L821;20260623_131743;23.06.2026;13:05:00;821;52;1614;10;U1314Z1;Sázava,aut.st.;49.94297;14.94833
20260623_131743_L627;20260623_131743;23.06.2026;13:07:00;627;20;8957;10;U1915Z1;Slaný,aut.nádr.;50.18876;14.04165
20260623_131743_L793;20260623_131743;23.06.2026;13:04:00;793;47;7876;11;U7957Z1;Divišov,nám.;49.78185;14.88335
20260623_131743_L641;20260623_131743;23.06.2026;13:01:00;641;17;9449;15;U4337Z2;Hořovice,nemocnice;49.9576;14.05809
20260623_131743_L521;20260623_131743;23.06.2026;13:04:00;521;17;9617;12;U1777Z2;Příbram,aut.nádr.;49.61239;13.84477
20260623_131743_L369;20260623_131743;23.06.2026;13:07:00;369;47;8233;10;U1807Z2;Praha,Ládví;50.18967;14.4936
20260623_131743_L370;20260623_131743;23.06.2026;13:03:00;370;1;8002;12;U2259Z2;Kralupy n.Vlt.,žel.st.;50.22717;14.37739
20260623_131743_L650;20260623_131743;23.06.2026;13:03:00;650;24;12557;14;U4878Z1;Kladno,autobusové nádraží;50.2835;14.09235
20260623_131743_L416;20260623_131743;23.06.2026;13:05:00;416;9;7227;10;U32284Z2;Praha,Smíchovské nádraží;49.26714;13.58888
20260623_131743_L767;20260623_131743;23.06.2026;13:07:00;767;21;8562;10;U3389Z1;Mladá Boleslav,aut.st.;50.41396;14.90909
20260623_131743_L433;20260623_131743;23.06.2026;13:06:00;433;14;8602;11;U3083Z2;Nymburk,Zálabí PVT;50.18326;15.02824
20260623_131743_L443;20260623_131743;23.06.2026;13:04:00;443;22;8594;11;U2591Z1;Nymburk,hl.nádr.;50.15383;15.00647
20260623_131743_L499;20260623_131743;23.06.2026;13:02:00;499;36;8690;15;U3256Z2;Mladá Boleslav,aut.st.;50.41121;14.91626
20260623_131743_L676;20260623_131743;23.06.2026;13:05:00;676;32;8623;11;U3087Z1;Loučeň;50.20059;15.04476
20260623_131743_L655;20260623_131743;23.06.2026;13:07:00;655;45;8128;10;U2921Z2;Úvaly,žel.st.;50.12831;14.7124
20260623_131743_L323;20260623_131743;23.06.2026;12:43:00;323;16;8742;34;U4395Z1;Koleč,zámek;50.1206;14.26001
20260623_131743_L304;20260623_131743;23.06.2026;13:06:00;304;73;8336;10;U2927Z1;Rakovník,aut.st.;50.1012;13.74449
20260623_131743_L467;20260623_131743;23.06.2026;13:05:00;467;53;9824;12;U9877Z1;Roudnice n.L.,ČSAD;50.42512;14.23839
20260623_131743_L741;20260623_131743;23.06.2026;13:03:00;741;21;7621;14;U7280Z2;Zbýšov,Chlum;49.80635;15.3765
20260623_131743_L718;20260623_131743;23.06.2026;13:03:00;718;32;8608;11;U31000Z2;Mnichovo Hradiště,dopravní terminál;50.4521;15.14977
20260623_131743_L309;20260623_131743;23.06.2026;13:02:00;309;84;9562;14;U1142Z2;Praha,Zličín;50.0553;14.28375
20260623_131743_L311;20260623_131743;23.06.2026;13:00:00;311;77;9583;14;U1601Z1;Řevnice,nádraží;49.91548;14.2339
20260623_131743_L474;20260623_131743;23.06.2026;13:03:00;474;43;8087;14;U9188Z1;Dobřeň,Střezivojice;50.45732;14.57006
20260623_131743_L315;20260623_131743;23.06.2026;13:07:00;315;9;8678;10;U6359Z1;Mnichovo Hradiště,dopravní terminál;50.50707;14.96906
20260623_131743_L316;20260623_131743;23.06.2026;13:07:00;316;8;8969;10;U4220Z1;Kralupy n.Vlt.,žel.st.;50.22756;14.29742
20260623_131743_L384;20260623_131743;23.06.2026;13:05:00;384;17;9866;12;U9616Z5;Hořovice,nám.B.Němcové;49.83806;13.89711
20260623_131743_L380;20260623_131743;23.06.2026;13:06:00;380;7;9972;10;U2373Z1;Králův Dvůr,Počaply,Obchodní centrum;49.97932;14.11614
20260623_131743_L406;20260623_131743;23.06.2026;13:06:00;406;19;7848;11;U5796Z2;Benešov,Terminál;49.71262;14.88347
20260623_131743_L381;20260623_131743;23.06.2026;13:07:00;381;2;9373;10;U2166Z1;Čáslav,obchodní centrum;49.95868;15.0286
20260623_132143_L369;20260623_132143;23.06.2026;13:10:00;369;47;8233;10;U1806Z2;Praha,Ládví;50.1732;14.484
20260623_132143_L181;20260623_132143;23.06.2026;13:08:00;181;1;5042;13;U219Z1P;Opatov;50.04286;14.51488
20260623_132143_L136;20260623_132143;23.06.2026;13:09:00;136;14;5081;12;U680Z3P;Jižní Město;50.0684;14.46934
20260623_132143_L416;20260623_132143;23.06.2026;13:11:00;416;9;7227;10;U32282Z2;Praha,Smíchovské nádraží;49.28099;13.61929
20260623_132143_L650;20260623_132143;23.06.2026;13:03:00;650;24;12557;16;U4878Z1;Kladno,autobusové nádraží;50.27058;14.09894
20260623_132143_L733;20260623_132143;23.06.2026;13:09:00;733;37;8656;11;U6386Z2;Mnichovo Hradiště,nám.;50.5867;15.00784
20260623_132143_L405;20260623_132143;23.06.2026;13:10:00;405;66;1414;11;U31014Z1;Praha,Černý Most;50.49483;15.5187
20260623_132143_L573;20260623_132143;23.06.2026;13:06:00;573;3;1340;12;U6832Z2;Čistá;50.11755;13.48621
20260623_132143_L627;20260623_132143;23.06.2026;13:07:00;627;20;8957;11;U1915Z1;Slaný,aut.nádr.;50.17437;13.99746
20260623_132143_L630;20260623_132143;23.06.2026;13:11:00;630;36;8831;10;U3094Z1;Kladno,autobusové nádraží;50.14248;14.09762
20260623_132143_L659;20260623_132143;23.06.2026;13:09:00;659;40;9179;12;U1989Z1;Stříbrná Skalice,Náměstí;49.93818;14.8598
20260623_132143_L631;20260623_132143;23.06.2026;13:11:00;631;59;9580;10;U9013Z2;Všeradice,žel.zast.;49.93767;14.0411
20260623_132143_L595;20260623_132143;23.06.2026;13:11:00;595;5;7306;10;U9125Z1;Vraný;50.31194;14.1144
20260623_132143_L741;20260623_132143;23.06.2026;13:07:00;741;21;7621;14;U6996Z4;Zbýšov,Chlum;49.8103;15.35437
20260623_132143_L474;20260623_132143;23.06.2026;13:07:00;474;43;8087;14;U9186Z1;Dobřeň,Střezivojice;50.47218;14.56682
20260623_132143_L821;20260623_132143;23.06.2026;13:09:00;821;52;1614;10;U2394Z1;Sázava,aut.st.;49.94535;14.9513
20260623_132143_L821;20260623_132143;23.06.2026;13:07:00;821;69;1606;10;U2934Z1;Kolín,nádraží;49.99433;14.98257
20260623_132143_L767;20260623_132143;23.06.2026;13:07:00;767;21;8562;12;U3389Z1;Mladá Boleslav,aut.st.;50.42017;14.9176
20260623_132143_L676;20260623_132143;23.06.2026;13:09:00;676;32;8623;11;U9553Z2;Loučeň;50.21088;15.05617
20260623_132143_L433;20260623_132143;23.06.2026;13:07:00;433;14;8602;13;U3141Z1;Nymburk,Zálabí PVT;50.18286;15.03055
20260623_132143_L737;20260623_132143;23.06.2026;13:06:00;737;9;9591;14;U6172Z2;Mladá Boleslav,aut.st.;50.42228;14.91609
20260623_132143_L443;20260623_132143;23.06.2026;13:10:00;443;22;8594;11;U2965Z1;Nymburk,hl.nádr.;50.16358;15.02215
20260623_132143_L718;20260623_132143;23.06.2026;13:08:00;718;32;8608;12;U6298Z1;Mnichovo Hradiště,dopravní terminál;50.44067;15.13169
20260623_132143_L117;20260623_132143;23.06.2026;13:11:00;117;1;1916;10;U17Z2P;Nové Komořany;50.0096;14.40491
20260623_132143_L323;20260623_132143;23.06.2026;12:43:00;323;16;8742;38;U4395Z1;Koleč,zámek;50.1206;14.26001
20260623_132143_L304;20260623_132143;23.06.2026;13:08:00;304;73;8336;12;U9895Z1;Rakovník,aut.st.;50.10326;13.73423
20260623_132143_L380;20260623_132143;23.06.2026;13:11:00;380;7;9972;10;U4272Z1;Králův Dvůr,Počaply,Obchodní centrum;49.96824;14.07814
20260623_132143_L381;20260623_132143;23.06.2026;13:11:00;381;2;9373;10;U2153Z1;Čáslav,obchodní centrum;49.95252;15.03999
20260623_132143_L384;20260623_132143;23.06.2026;13:07:00;384;17;9866;14;U9617Z2;Hořovice,nám.B.Němcové;49.83384;13.9022
20260623_132143_L394;20260623_132143;23.06.2026;13:10:00;394;27;9918;11;U4976Z1;Zdice,nám.;49.94265;14.02796
20260623_132143_L406;20260623_132143;23.06.2026;13:09:00;406;19;7848;12;U5797Z2;Benešov,Terminál;49.71514;14.84422
20260623_132143_L201;20260623_132143;23.06.2026;13:08:00;201;1;4127;13;U243Z4P;Černý Most;50.13147;14.55094
20260623_132143_L170;20260623_132143;23.06.2026;13:12:00;170;8;3641;10;U417Z1P;Jižní Město;50.0436;14.48728
20260623_132143_L136;20260623_132143;23.06.2026;13:10:00;136;13;6819;12;U181Z1P;Jižní Město;50.04015;14.49012
20260623_132143_L136;20260623_132143;23.06.2026;13:10:00;136;33;5515;12;U118Z4P;Jižní Město;50.07813;14.46091
20260623_132143_L191;20260623_132143;23.06.2026;13:06:00;191;8;4008;14;U629Z3P;Letiště / Airport ✈;50.10557;14.27171
20260623_132143_L351;20260623_132143;23.06.2026;13:11:00;351;2;4560;10;U368Z2;Praha,Letňany;50.14824;14.50594
20260623_132143_L177;20260623_132143;23.06.2026;13:11:00;177;6;5538;10;U344Z4P;Chodov;50.03194;14.50736
20260623_132143_L337;20260623_132143;23.06.2026;13:08:00;337;12;9933;10;U1330Z1;Benešov,Terminál;49.95742;14.52961
20260623_132143_L561;20260623_132143;23.06.2026;13:11:00;561;62;8332;10;U4765Z1;Rakovník,hasičský záchr.sbor;50.10203;13.7147
20260623_132544_L181;20260623_132544;23.06.2026;13:11:00;181;1;5042;13;U344Z4P;Opatov;50.03207;14.50733
20260623_132544_L136;20260623_132544;23.06.2026;13:13:00;136;13;6819;12;U344Z1P;Jižní Město;50.03151;14.5055
20260623_132544_L201;20260623_132544;23.06.2026;13:11:00;201;1;4127;14;U1276Z2P;Černý Most;50.12619;14.56554
20260623_132544_L191;20260623_132544;23.06.2026;13:06:00;191;8;4008;18;U629Z3P;Letiště / Airport ✈;50.10557;14.27171
20260623_132544_L136;20260623_132544;23.06.2026;13:14:00;136;14;5081;11;U751Z2P;Jižní Město;50.05259;14.47513
20260623_132544_L630;20260623_132544;23.06.2026;13:14:00;630;36;8831;10;U4313Z8;Kladno,autobusové nádraží;50.14722;14.10608
20260623_132544_L595;20260623_132544;23.06.2026;13:14:00;595;5;7306;11;U9124Z2;Vraný;50.31688;14.09644
20260623_132544_L627;20260623_132544;23.06.2026;13:12:00;627;20;8957;11;U9286Z2;Slaný,aut.nádr.;50.18985;14.0113
20260623_132544_L337;20260623_132544;23.06.2026;13:15:00;337;12;9933;10;U1534Z1;Benešov,Terminál;49.93504;14.55775
20260623_132544_L350;20260623_132544;23.06.2026;13:14:00;350;52;8874;11;U2095Z2;Praha,Dejvická;50.15697;14.39891
20260623_132544_L753;20260623_132544;23.06.2026;13:14:00;753;97;7905;10;U2863Z1;Benešov,Terminál;49.83114;14.62493
20260623_132544_L631;20260623_132544;23.06.2026;13:13:00;631;59;9580;11;U9014Z2;Všeradice,žel.zast.;49.91977;14.03725
20260623_132544_L638;20260623_132544;23.06.2026;13:14:00;638;57;9594;10;U4977Z1;Beroun,autobusové nádraží;49.94226;14.02709
20260623_132544_L655;20260623_132544;23.06.2026;13:12:00;655;45;8128;13;U4173Z1;Úvaly,žel.st.;50.11785;14.69606
20260623_132544_L380;20260623_132544;23.06.2026;13:14:00;380;7;9972;11;U4964Z1;Králův Dvůr,Počaply,Obchodní centrum;49.96577;14.06744
20260623_132544_L381;20260623_132544;23.06.2026;13:15:00;381;2;9373;10;U2155Z1;Čáslav,obchodní centrum;49.95626;15.08508
20260623_132544_L394;20260623_132544;23.06.2026;13:12:00;394;27;9918;12;U4979Z2;Zdice,nám.;49.93252;14.01793
20260623_132544_L406;20260623_132544;23.06.2026;13:14:00;406;19;7848;11;U7607Z2;Benešov,Terminál;49.74129;14.80832
20260623_132544_L369;20260623_132544;23.06.2026;13:13:00;369;47;8233;11;U3242Z2;Praha,Ládví;50.15352;14.48546
20260623_132544_L370;20260623_132544;23.06.2026;13:13:00;370;1;8002;12;U2226Z1;Kralupy n.Vlt.,žel.st.;50.22906;14.35958
20260623_132544_L697;20260623_132544;23.06.2026;13:15:00;697;3;1364;10;U4356Z3;Dubá,aut.nádr.;50.43654;14.64009
20260623_132544_L467;20260623_132544;23.06.2026;13:12:00;467;15;8116;11;U3389Z1;Mladá Boleslav,aut.st.;50.41877;14.91677
20260623_132544_L433;20260623_132544;23.06.2026;13:12:00;433;14;8602;12;U2970Z51;Nymburk,Zálabí PVT;50.18706;15.03877
20260623_132544_L676;20260623_132544;23.06.2026;13:13:00;676;32;8623;11;U9555Z2;Loučeň;50.2263;15.05183
20260623_132544_L561;20260623_132544;23.06.2026;13:15:00;561;62;8332;10;U4340Z2;Rakovník,hasičský záchr.sbor;50.10592;13.72504
20260623_132544_L416;20260623_132544;23.06.2026;13:14:00;416;9;7227;10;U32281Z2;Praha,Smíchovské nádraží;49.30035;13.65374
20260623_132544_L410;20260623_132544;23.06.2026;13:12:00;410;4;11698;12;U1795Z1;Mimoň,aut.st.;50.36851;14.47869
20260623_132544_L405;20260623_132544;23.06.2026;13:10:00;405;66;1414;12;U31014Z1;Praha,Černý Most;50.47538;15.50157
20260623_132544_L316;20260623_132544;23.06.2026;13:13:00;316;9;8977;10;U199Z3;Praha,Bořislavka;50.10201;14.36159
20260623_132544_L323;20260623_132544;23.06.2026;12:43:00;323;16;8742;42;U4395Z1;Koleč,zámek;50.1206;14.26001
20260623_132544_L306;20260623_132544;23.06.2026;13:15:00;306;3;8812;10;U4388Z2;Praha,Zličín;50.11807;14.13173
20260623_132544_L659;20260623_132544;23.06.2026;13:14:00;659;40;9179;10;U1992Z1;Stříbrná Skalice,Náměstí;49.92699;14.88619
20260623_132544_L821;20260623_132544;23.06.2026;13:14:00;821;52;1614;10;U2382Z1;Sázava,aut.st.;49.94049;14.97437
20260623_132544_L821;20260623_132544;23.06.2026;13:13:00;821;69;1606;12;U2301Z3;Kolín,nádraží;50.00246;14.97406
20260623_132544_L741;20260623_132544;23.06.2026;13:11:00;741;21;7621;13;U7278Z1;Zbýšov,Chlum;49.79725;15.35502
20260623_132544_L466;20260623_132544;23.06.2026;13:14:00;466;22;1056;11;U4245Z2;Mělník,aut.nádr.;50.28039;14.31493
20260623_132544_L858;20260623_132544;23.06.2026;13:12:00;858;67;8713;13;U4409Z2;Libčice n.Vlt.,Žel.zast.Letky;50.19785;14.22386
20260623_132544_L351;20260623_132544;23.06.2026;13:15:00;351;2;4560;11;U771Z2;Praha,Letňany;50.13473;14.50597
20260623_132944_L733;20260623_132944;23.06.2026;13:19:00;733;37;8656;10;U6388Z2;Mnichovo Hradiště,nám.;50.56934;15.00081
20260623_132944_L821;20260623_132944;23.06.2026;13:17:00;821;52;1614;10;U2383Z1;Sázava,aut.st.;49.93403;14.96546
20260623_132944_L821;20260623_132944;23.06.2026;13:15:00;821;69;1606;12;U2300Z1;Kolín,nádraží;50.00429;14.98089
20260623_132944_L627;20260623_132944;23.06.2026;13:17:00;627;20;8957;11;U9280Z1;Slaný,aut.nádr.;50.19928;14.00862
20260623_132944_L521;20260623_132944;23.06.2026;13:14:00;521;17;9617;15;U7900Z2;Příbram,aut.nádr.;49.60669;13.88322
20260623_132944_L638;20260623_132944;23.06.2026;13:19:00;638;57;9594;10;U1748Z2;Beroun,autobusové nádraží;49.94907;14.03948
20260623_132944_L595;20260623_132944;23.06.2026;13:15:00;595;5;7306;12;U9121Z2;Vraný;50.32196;14.05955
20260623_132944_L631;20260623_132944;23.06.2026;13:17:00;631;59;9580;12;U9061Z2;Všeradice,žel.zast.;49.90581;14.02413
20260623_132944_L753;20260623_132944;23.06.2026;13:17:00;753;97;7905;10;U4489Z2;Benešov,Terminál;49.81552;14.64061
20260623_132944_L350;20260623_132944;23.06.2026;13:18:00;350;52;8874;10;U1381Z2;Praha,Dejvická;50.12988;14.39916
20260623_132944_L716;20260623_132944;23.06.2026;13:19:00;716;38;8665;10;U9478Z4;Boseň,Mužský;50.51926;14.97885
20260623_132944_L718;20260623_132944;23.06.2026;13:14:00;718;32;8608;14;U9459Z2;Mnichovo Hradiště,dopravní terminál;50.43944;15.09745
20260623_132944_L728;20260623_132944;23.06.2026;13:19:00;728;36;9608;10;U4057Z1;Mšeno;50.42627;14.75597
20260623_132944_L541;20260623_132944;23.06.2026;13:18:00;541;9;7649;11;U6729Z1;Dlouhopolsko;50.16994;15.33147
20260623_132944_L655;20260623_132944;23.06.2026;13:16:00;655;45;8128;13;U1607Z1;Úvaly,žel.st.;50.10355;14.70914
20260623_132944_L450;20260623_132944;23.06.2026;13:19:00;450;24;7505;10;U7930Z1;Petrovice;49.63562;14.43353
20260623_132944_L406;20260623_132944;23.06.2026;13:17:00;406;19;7848;12;U7855Z2;Benešov,Terminál;49.75688;14.76135
20260623_132944_L385;20260623_132944;23.06.2026;13:19:00;385;8;1722;10;U1744Z1;Zvánovice;49.9967;14.58491
20260623_132944_L370;20260623_132944;23.06.2026;13:16:00;370;1;8002;12;U2227Z1;Kralupy n.Vlt.,žel.st.;50.23863;14.341
20260623_132944_L380;20260623_132944;23.06.2026;13:17:00;380;7;9972;12;U4963Z1;Králův Dvůr,Počaply,Obchodní centrum;49.96029;14.05888
20260623_132944_L323;20260623_132944;23.06.2026;12:43:00;323;16;8742;46;U4395Z1;Koleč,zámek;50.1206;14.26001
20260623_132944_L332;20260623_132944;23.06.2026;13:17:00;332;19;9955;10;U488Z7;Praha,Budějovická;50.03942;14.45796
20260623_132944_L337;20260623_132944;23.06.2026;13:18:00;337;3;9175;11;U1332Z2;Praha,Budějovická;49.97097;14.50617
20260623_132944_L337;20260623_132944;23.06.2026;13:18:00;337;12;9933;11;U2288Z1;Benešov,Terminál;49.92317;14.5751
20260623_132944_L311;20260623_132944;23.06.2026;13:19:00;311;77;9583;10;U1852Z51;Praha,Zličín;49.92752;14.27668
20260623_132944_L117;20260623_132944;23.06.2026;13:18:00;117;1;1916;10;U929Z4P;Nové Komořany;50.0029;14.41473
20260623_132944_L136;20260623_132944;23.06.2026;13:17:00;136;13;6819;12;U916Z1P;Jižní Město;50.02518;14.51474
20260623_132944_L697;20260623_132944;23.06.2026;13:16:00;697;3;1364;12;U9182Z1;Dubá,aut.nádr.;50.44035;14.63445
20260623_132944_L177;20260623_132944;23.06.2026;13:19:00;177;6;5538;10;U1116Z2P;Chodov;50.03052;14.48769
20260623_132944_L191;20260623_132944;23.06.2026;13:06:00;191;8;4008;22;U629Z3P;Letiště / Airport ✈;50.1056;14.27171
20260623_132944_L201;20260623_132944;23.06.2026;13:15:00;201;1;4127;14;U762Z4P;Černý Most;50.12565;14.57146
20260623_132944_L384;20260623_132944;23.06.2026;13:19:00;384;16;9869;10;U1745Z2;Praha,Zličín;49.96592;14.07352
20260623_132944_L511;20260623_132944;23.06.2026;13:19:00;511;14;9618;10;U7781Z1;Březnice,aut.st.;49.55885;14.02484
20260623_132944_L369;20260623_132944;23.06.2026;13:16:00;369;47;8233;12;U1393Z2;Praha,Ládví;50.14067;14.4806
20260623_132944_L466;20260623_132944;23.06.2026;13:19:00;466;22;1056;10;U2346Z2;Mělník,aut.nádr.;50.27199;14.32415
20260623_132944_L199;20260623_132944;23.06.2026;13:20:00;199;2;4158;10;U548Z1P;Sídliště Malešice;50.08213;14.50181
20260623_132944_L136;20260623_132944;23.06.2026;13:18:00;136;14;5081;12;U417Z1P;Jižní Město;50.04356;14.48732
20260623_133345_L350;20260623_133345;23.06.2026;13:22:00;350;52;8874;11;U177Z2;Praha,Dejvická;50.11387;14.39411
20260623_133345_L627;20260623_133345;23.06.2026;13:23:00;627;20;8957;10;U9275Z1;Slaný,aut.nádr.;50.20793;14.04458
20260623_133345_L410;20260623_133345;23.06.2026;13:19:00;410;4;11698;11;U3316Z3;Mimoň,aut.st.;50.41627;14.46166
20260623_133345_L311;20260623_133345;23.06.2026;13:19:00;311;77;9583;12;U1852Z51;Praha,Zličín;49.92728;14.27026
20260623_133345_L323;20260623_133345;23.06.2026;12:43:00;323;16;8742;50;U4395Z1;Koleč,zámek;50.1206;14.26001
20260623_133345_L306;20260623_133345;23.06.2026;13:21:00;306;3;8812;12;U4953Z1;Praha,Zličín;50.1359;14.16509
20260623_133345_L309;20260623_133345;23.06.2026;13:23:00;309;84;9562;10;U1190Z1;Praha,Nádraží Radotín;50.04414;14.25776
20260623_133345_L117;20260623_133345;23.06.2026;13:22:00;117;1;1916;10;U62Z1P;Nové Komořany;49.99463;14.40631
20260623_133345_L155;20260623_133345;23.06.2026;13:20:00;155;2;9468;11;U2954Z2P;Poliklinika Malešice;50.07727;14.47244
20260623_133345_L450;20260623_133345;23.06.2026;13:23:00;450;24;7505;10;U5879Z1;Petrovice;49.6166;14.41483
20260623_133345_L389;20260623_133345;23.06.2026;13:20:00;389;33;7760;11;U80Z3;Chomutov,žel.st.;50.11015;14.2908
20260623_133345_L415;20260623_133345;23.06.2026;13:23:00;415;2;12436;10;U32300Z1;Praha,Zličín;50.32434;13.54372
20260623_133345_L796;20260623_133345;23.06.2026;13:23:00;796;6;7825;10;U7883Z1;Pyšely,Nám.;49.84457;14.75712
20260623_133345_L631;20260623_133345;23.06.2026;13:21:00;631;59;9580;11;U9058Z2;Všeradice,žel.zast.;49.90167;14.04991
20260623_133345_L638;20260623_133345;23.06.2026;13:23:00;638;57;9594;10;U4971Z2;Beroun,autobusové nádraží;49.95765;14.0583
20260623_133345_L377;20260623_133345;23.06.2026;13:23:00;377;21;1248;10;U1242Z1;Praha,Letňany;50.23004;14.58852
20260623_133345_L406;20260623_133345;23.06.2026;13:21:00;406;19;7848;12;U7982Z2;Benešov,Terminál;49.77283;14.72691
20260623_133345_L370;20260623_133345;23.06.2026;13:22:00;370;1;8002;11;U4231Z2;Kralupy n.Vlt.,žel.st.;50.24576;14.31698
20260623_133345_L413;20260623_133345;23.06.2026;13:21:00;413;63;7092;10;U31417Z3;Praha,Letňany;50.51226;14.15622
20260623_133345_L380;20260623_133345;23.06.2026;13:21:00;380;7;9972;12;U4965Z1;Králův Dvůr,Počaply,Obchodní centrum;49.95229;14.04735
20260623_133345_L383;20260623_133345;23.06.2026;13:22:00;383;33;9180;10;U2384Z1;Chocerady;49.97415;14.73765
20260623_133345_L384;20260623_133345;23.06.2026;13:21:00;384;16;9869;10;U4273Z1;Praha,Zličín;49.97376;14.09488
20260623_133345_L385;20260623_133345;23.06.2026;13:22:00;385;8;1722;11;U2097Z1;Zvánovice;49.99423;14.59892
20260623_133345_L659;20260623_133345;23.06.2026;13:22:00;659;40;9179;10;U2551Z1;Stříbrná Skalice,Náměstí;49.89392;14.88902
20260623_133345_L821;20260623_133345;23.06.2026;13:21:00;821;52;1614;12;U2385Z1;Sázava,aut.st.;49.92345;14.95936
20260623_133345_L466;20260623_133345;23.06.2026;13:21:00;466;22;1056;11;U4247Z1;Mělník,aut.nádr.;50.28635;14.31621
20260623_133345_L697;20260623_133345;23.06.2026;13:20:00;697;3;1364;11;U6099Z2;Dubá,aut.nádr.;50.46074;14.62169
20260623_133345_L728;20260623_133345;23.06.2026;13:23:00;728;36;9608;10;U4042Z1;Mšeno;50.40959;14.73049
20260623_133345_L540;20260623_133345;23.06.2026;13:19:00;540;14;7651;12;U6702Z1;Poděbrady,žel.st.;50.23851;15.21198
20260623_133345_L541;20260623_133345;23.06.2026;13:18:00;541;9;7649;15;U6729Z1;Dlouhopolsko;50.16994;15.33147
20260623_133345_L655;20260623_133345;23.06.2026;13:20:00;655;45;8128;13;U2355Z1;Úvaly,žel.st.;50.08226;14.71543
20260623_133345_L199;20260623_133345;23.06.2026;13:21:00;199;1;4103;11;U418Z2P;Želivského;50.07709;14.48732
20260623_133345_L733;20260623_133345;23.06.2026;13:21:00;733;37;8656;10;U6389Z2;Mnichovo Hradiště,nám.;50.56935;15.0148
20260623_133345_L337;20260623_133345;23.06.2026;13:20:00;337;3;9175;13;U4176Z1;Praha,Budějovická;49.98408;14.4952
20260623_133345_L136;20260623_133345;23.06.2026;13:20:00;136;13;6819;13;U286Z5P;Jižní Město;50.03061;14.52872
20260623_133345_L337;20260623_133345;23.06.2026;13:19:00;337;12;9933;14;U1536Z1;Benešov,Terminál;49.91572;14.58192
20260623_133345_L432;20260623_133345;23.06.2026;13:21:00;432;3;8553;10;U2469Z1;Mladá Boleslav,aut.st.;50.24149;14.95822
20260623_133345_L191;20260623_133345;23.06.2026;13:06:00;191;8;4008;25;U629Z3P;Letiště / Airport ✈;50.1056;14.27171
20260623_133345_L136;20260623_133345;23.06.2026;13:22:00;136;14;5081;11;U424Z1P;Jižní Město;50.03307;14.50022
20260623_133745_L302;20260623_133745;23.06.2026;13:27:00;302;12;4553;10;U1671Z1;Praha,Letňany;50.15991;14.57348
20260623_133745_L337;20260623_133745;23.06.2026;13:23:00;337;12;9933;14;U1564Z1;Benešov,Terminál;49.90405;14.58677
20260623_133745_L627;20260623_133745;23.06.2026;13:27:00;627;20;8957;10;U9301Z51;Slaný,aut.nádr.;50.21036;14.05543
20260623_133745_L858;20260623_133745;23.06.2026;13:24:00;858;67;8713;13;U4410Z2;Libčice n.Vlt.,Žel.zast.Letky;50.19879;14.26477
20260623_133745_L587;20260623_133745;23.06.2026;13:26:00;587;29;7704;10;U4786Z2;Slaný,aut.nádr.;50.22906;14.09082
20260623_133745_L350;20260623_133745;23.06.2026;13:25:00;350;52;8874;12;U350Z4;Praha,Dejvická;50.1047;14.39469
20260623_133745_L413;20260623_133745;23.06.2026;13:27:00;413;63;7092;10;U32614Z2;Praha,Letňany;50.49446;14.17782
20260623_133745_L631;20260623_133745;23.06.2026;13:24:00;631;59;9580;11;U9046Z2;Všeradice,žel.zast.;49.88584;14.05823
20260623_133745_L796;20260623_133745;23.06.2026;13:27:00;796;6;7825;10;U5823Z1;Pyšely,Nám.;49.85456;14.7661
20260623_133745_L798;20260623_133745;23.06.2026;13:26:00;798;8;7940;11;U7982Z2;Benešov,Terminál;49.77308;14.72634
20260623_133745_L539;20260623_133745;23.06.2026;13:27:00;539;13;7584;10;U4201Z2;Poděbrady,žel.st.;50.14475;15.11428
20260623_133745_L540;20260623_133745;23.06.2026;13:27:00;540;14;7651;10;U6700Z2;Poděbrady,žel.st.;50.20336;15.17756
20260623_133745_L541;20260623_133745;23.06.2026;13:18:00;541;9;7649;19;U6729Z1;Dlouhopolsko;50.16994;15.33147
20260623_133745_L728;20260623_133745;23.06.2026;13:25:00;728;36;9608;11;U4044Z1;Mšeno;50.41534;14.7218
20260623_133745_L433;20260623_133745;23.06.2026;13:25:00;433;14;8602;12;U2973Z8;Pečky,žel.st.;50.19184;15.0436
20260623_133745_L655;20260623_133745;23.06.2026;13:24:00;655;45;8128;13;U5242Z1;Úvaly,žel.st.;50.07328;14.72408
20260623_133745_L821;20260623_133745;23.06.2026;13:24:00;821;52;1614;13;U2390Z51;Sázava,aut.st.;49.91316;14.96966
20260623_133745_L821;20260623_133745;23.06.2026;13:24:00;821;69;1606;12;U4983Z1;Kolín,nádraží;50.01389;15.03542
20260623_133745_L466;20260623_133745;23.06.2026;13:23:00;466;22;1056;12;U4361Z1;Mělník,aut.nádr.;50.30216;14.31821
20260623_133745_L311;20260623_133745;23.06.2026;13:24:00;311;77;9583;13;U2570Z2;Praha,Zličín;49.92312;14.24936
20260623_133745_L316;20260623_133745;23.06.2026;13:25:00;316;2;8981;10;U1214Z1;Kralupy n.Vlt.,žel.st.;50.12585;14.34831
20260623_133745_L323;20260623_133745;23.06.2026;12:43:00;323;16;8742;54;U4395Z1;Koleč,zámek;50.1206;14.26001
20260623_133745_L325;20260623_133745;23.06.2026;13:27:00;325;16;1636;10;U1373Z1;Praha,Nádraží Uhříněves;50.00448;14.57486
20260623_133745_L306;20260623_133745;23.06.2026;13:24:00;306;3;8812;13;U4390Z2;Praha,Zličín;50.13052;14.15203
20260623_133745_L337;20260623_133745;23.06.2026;13:23:00;337;3;9175;12;U4861Z2;Praha,Budějovická;50.00284;14.48201
20260623_133745_L377;20260623_133745;23.06.2026;13:25:00;377;21;1248;12;U1248Z2;Praha,Letňany;50.22337;14.58347
20260623_133745_L380;20260623_133745;23.06.2026;13:24:00;380;7;9972;13;U4972Z2;Králův Dvůr,Počaply,Obchodní centrum;49.94579;14.03367
20260623_133745_L383;20260623_133745;23.06.2026;13:27:00;383;33;9180;10;U2038Z1;Chocerady;49.95652;14.75051
20260623_133745_L385;20260623_133745;23.06.2026;13:26:00;385;8;1722;11;U1861Z1;Zvánovice;49.98771;14.62034
20260623_133745_L395;20260623_133745;23.06.2026;13:26:00;395;39;9874;11;U1977Z2;Praha,Smíchovské nádraží;49.80343;14.20178
20260623_133745_L406;20260623_133745;23.06.2026;13:25:00;406;19;7848;12;U5898Z2;Benešov,Terminál;49.78739;14.69573
20260623_133745_L410;20260623_133745;23.06.2026;13:23:00;410;4;11698;13;U6060Z1;Mimoň,aut.st.;50.43246;14.46801
20260623_133745_L450;20260623_133745;23.06.2026;13:26:00;450;24;7505;10;U7840Z1;Petrovice;49.61178;14.41334
20260623_133745_L432;20260623_133745;23.06.2026;13:25:00;432;3;8553;10;U3178Z1;Mladá Boleslav,aut.st.;50.25585;14.95113
20260623_133745_L125;20260623_133745;23.06.2026;13:26:00;125;16;5038;10;U458Z9P;Skalka;50.05445;14.40896
20260623_133745_L309;20260623_133745;23.06.2026;13:26:00;309;84;9562;10;U4254Z1;Praha,Nádraží Radotín;50.03513;14.26368
20260623_133745_L136;20260623_133745;23.06.2026;13:27:00;136;14;5081;10;U916Z1P;Jižní Město;50.02515;14.51481
20260623_133745_L697;20260623_133745;23.06.2026;13:26:00;697;3;1364;11;U31038Z2;Dubá,aut.nádr.;50.47897;14.60605
20260623_133745_L199;20260623_133745;23.06.2026;13:24:00;199;1;4103;13;U921Z9P;Želivského;50.07847;14.4753
20260623_134145_L337;20260623_134145;23.06.2026;13:23:00;337;12;9933;16;U1564Z1;Benešov,Terminál;49.90375;14.58791
20260623_134145_L548;20260623_134145;23.06.2026;13:29:00;548;13;9546;10;U9780Z2;Hořovice,nemocnice;49.8391;13.90926
20260623_134145_L125;20260623_134145;23.06.2026;13:28:00;125;16;5038;12;U337Z3P;Skalka;50.04218;14.40651
20260623_134145_L136;20260623_134145;23.06.2026;13:30:00;136;17;5097;10;U1074Z4P;Jižní Město;50.09314;14.47207
20260623_134145_L631;20260623_134145;23.06.2026;13:27:00;631;59;9580;12;U9045Z2;Všeradice,žel.zast.;49.87588;14.08204
20260623_134145_L325;20260623_134145;23.06.2026;13:31:00;325;16;1636;10;U1374Z2;Praha,Nádraží Uhříněves;50.00173;14.58432
20260623_134145_L337;20260623_134145;23.06.2026;13:30:00;337;3;9175;11;U908Z2;Praha,Budějovická;50.02269;14.46134
20260623_134145_L383;20260623_134145;23.06.2026;13:30:00;383;33;9180;10;U2040Z1;Chocerady;49.9334;14.76078
20260623_134145_L385;20260623_134145;23.06.2026;13:30:00;385;8;1722;11;U1956Z1;Zvánovice;49.98886;14.64439
20260623_134145_L377;20260623_134145;23.06.2026;13:30:00;377;21;1248;11;U1311Z2;Praha,Letňany;50.20179;14.58969
20260623_134145_L380;20260623_134145;23.06.2026;13:27:00;380;7;9972;12;U4979Z2;Králův Dvůr,Počaply,Obchodní centrum;49.93467;14.02204
20260623_134145_L380;20260623_134145;23.06.2026;13:28:00;380;4;9978;11;U1141Z5;Praha,Vypich;50.06036;14.29762
20260623_134145_L796;20260623_134145;23.06.2026;13:30:00;796;6;7825;11;U7881Z1;Pyšely,Nám.;49.85298;14.73892
20260623_134145_L798;20260623_134145;23.06.2026;13:31:00;798;8;7940;10;U4073Z2;Benešov,Terminál;49.78573;14.6894
20260623_134145_L413;20260623_134145;23.06.2026;13:30:00;413;63;7092;11;U31435Z1;Praha,Letňany;50.47347;14.16502
20260623_134145_L406;20260623_134145;23.06.2026;13:26:00;406;19;7848;13;U4073Z2;Benešov,Terminál;49.78608;14.68356
20260623_134145_L676;20260623_134145;23.06.2026;13:29:00;676;32;8623;12;U3040Z2;Loučeň;50.29265;15.03443
20260623_134145_L677;20260623_134145;23.06.2026;13:29:00;677;32;8127;11;U2438Z2;Úvaly,žel.st.;50.08863;14.76321
20260623_134145_L541;20260623_134145;23.06.2026;13:18:00;541;9;7649;23;U6729Z1;Dlouhopolsko;50.16994;15.33147
20260623_134145_L511;20260623_134145;23.06.2026;13:31:00;511;10;9602;10;U9753Z4;Příbram,aut.nádr.;49.67097;13.99318
20260623_134145_L444;20260623_134145;23.06.2026;13:29:00;444;32;9136;11;U1564Z1;Jílové u Prahy,Náměstí;49.90314;14.58281
20260623_134145_L450;20260623_134145;23.06.2026;13:31:00;450;24;7505;10;U5839Z1;Petrovice;49.618;14.38873
20260623_134145_L410;20260623_134145;23.06.2026;13:23:00;410;4;11698;15;U6060Z1;Mimoň,aut.st.;50.44111;14.47428
20260623_134145_L306;20260623_134145;23.06.2026;13:26:00;306;3;8812;14;U4389Z2;Praha,Zličín;50.11382;14.16639
20260623_134145_L307;20260623_134145;23.06.2026;13:30:00;307;11;8952;10;U1677Z1;Unhošť,Nám.;50.05159;14.18159
20260623_134145_L309;20260623_134145;23.06.2026;13:28:00;309;84;9562;13;U1189Z2;Praha,Nádraží Radotín;50.03264;14.26737
20260623_134145_L311;20260623_134145;23.06.2026;13:26:00;311;77;9583;14;U2569Z1;Praha,Zličín;49.92757;14.23382
20260623_134145_L316;20260623_134145;23.06.2026;13:31:00;316;2;8981;10;U7011Z1;Kralupy n.Vlt.,žel.st.;50.13868;14.33605
20260623_134145_L155;20260623_134145;23.06.2026;13:26:00;155;2;9468;15;U767Z2P;Poliklinika Malešice;50.08412;14.48196
20260623_134145_L433;20260623_134145;23.06.2026;13:28:00;433;14;8602;13;U3079Z2;Pečky,žel.st.;50.19012;15.03248
20260623_134145_L466;20260623_134145;23.06.2026;13:27:00;466;23;8019;14;U4364Z3;Kralupy n.Vlt.,obchodní centrum;50.31192;14.31063
20260623_134145_L466;20260623_134145;23.06.2026;13:28:00;466;22;1056;11;U4359Z1;Mělník,aut.nádr.;50.30947;14.31528
20260623_134145_L858;20260623_134145;23.06.2026;13:29:00;858;67;8713;12;U1693Z1;Libčice n.Vlt.,Žel.zast.Letky;50.20166;14.29437
20260623_134145_L617;20260623_134145;23.06.2026;13:30:00;617;17;7324;10;U4715Z2;Kladno,autobusové nádraží;50.41613;14.27481
20260623_134145_L821;20260623_134145;23.06.2026;13:26:00;821;52;1614;14;U2387Z51;Sázava,aut.st.;49.90301;14.95028
20260623_134145_L821;20260623_134145;23.06.2026;13:28:00;821;69;1606;12;U4981Z4;Kolín,nádraží;50.00516;15.0529
20260623_134145_L136;20260623_134145;23.06.2026;13:30:00;136;14;5081;12;U286Z5P;Jižní Město;50.0307;14.52988
20260623_134145_L136;20260623_134145;23.06.2026;13:32:00;136;16;5539;10;U518Z3P;Jižní Město;50.0759;14.45905
20260623_134546_L136;20260623_134546;23.06.2026;13:33:00;136;17;5097;12;U512Z5P;Jižní Město;50.09041;14.46744
20260623_134546_L466;20260623_134546;23.06.2026;13:32:00;466;23;8019;12;U4359Z1;Kralupy n.Vlt.,obchodní centrum;50.30523;14.32071
20260623_134546_L466;20260623_134546;23.06.2026;13:33:00;466;22;1056;10;U4364Z3;Mělník,aut.nádr.;50.30912;14.31315
20260623_134546_L385;20260623_134546;23.06.2026;13:33:00;385;8;1722;12;U1881Z1;Zvánovice;49.99162;14.65643
20260623_134546_L300;20260623_134546;23.06.2026;13:34:00;300;22;8998;11;U3094Z1;Smečno;50.14312;14.09701
20260623_134546_L306;20260623_134546;23.06.2026;13:31:00;306;3;8812;14;U2120Z3;Praha,Zličín;50.11449;14.20619
20260623_134546_L307;20260623_134546;23.06.2026;13:33:00;307;11;8952;11;U1679Z1;Unhošť,Nám.;50.05677;14.16754
20260623_134546_L309;20260623_134546;23.06.2026;13:32:00;309;84;9562;13;U1666Z1;Praha,Nádraží Radotín;50.01761;14.25242
20260623_134546_L310;20260623_134546;23.06.2026;13:31:00;310;9;9776;12;U1647Z3;Praha,Zličín;50.03244;14.2319
20260623_134546_L316;20260623_134546;23.06.2026;13:33:00;316;2;8981;12;U1201Z1;Kralupy n.Vlt.,žel.st.;50.148;14.33409
20260623_134546_L377;20260623_134546;23.06.2026;13:33:00;377;21;1248;12;U1239Z2;Praha,Letňany;50.18149;14.58615
20260623_134546_L380;20260623_134546;23.06.2026;13:33:00;380;4;9978;11;U33Z4;Praha,Vypich;50.06358;14.31589
20260623_134546_L383;20260623_134546;23.06.2026;13:35:00;383;33;9180;10;U2042Z1;Chocerady;49.93178;14.7768
20260623_134546_L386;20260623_134546;23.06.2026;13:35:00;386;28;8758;10;U4208Z1;Praha,Zličín;50.07352;14.04793
20260623_134546_L337;20260623_134546;23.06.2026;13:32:00;337;3;9175;13;U488Z7;Praha,Budějovická;50.03341;14.45535
20260623_134546_L858;20260623_134546;23.06.2026;13:31:00;858;67;8713;12;U1692Z2;Libčice n.Vlt.,Žel.zast.Letky;50.19096;14.30832
20260623_134546_L617;20260623_134546;23.06.2026;13:35:00;617;17;7324;10;U7494Z2;Kladno,autobusové nádraží;50.40176;14.3036
20260623_134546_L533;20260623_134546;23.06.2026;13:34:00;533;20;7616;10;U6654Z2;Kutná Hora,aut.st.;49.99408;15.33206
20260623_134546_L716;20260623_134546;23.06.2026;13:34:00;716;38;8665;11;U6366Z1;Boseň,Mužský;50.51241;15.02354
20260623_134546_L728;20260623_134546;23.06.2026;13:32:00;728;36;9608;10;U6140Z2;Mšeno;50.4357;14.71711
20260623_134546_L738;20260623_134546;23.06.2026;13:31:00;738;39;8603;10;U6334Z1;Mukařov,Vicmanov;50.56134;14.93481
20260623_134546_L416;20260623_134546;23.06.2026;13:35:00;416;9;7227;11;U32279Z2;Praha,Smíchovské nádraží;49.38169;13.75679
20260623_134546_L444;20260623_134546;23.06.2026;13:34:00;444;32;9136;11;U1567Z1;Jílové u Prahy,Náměstí;49.89244;14.56465
20260623_134546_L450;20260623_134546;23.06.2026;13:35:00;450;24;7505;10;U7838Z1;Petrovice;49.59558;14.38217
20260623_134546_L548;20260623_134546;23.06.2026;13:29:00;548;13;9546;16;U9780Z2;Hořovice,nemocnice;49.83909;13.90925
20260623_134546_L638;20260623_134546;23.06.2026;13:35:00;638;59;9580;10;U2939Z1;Beroun,autobusové nádraží;49.86521;14.10967
20260623_134546_L580;20260623_134546;23.06.2026;13:35:00;580;18;7749;10;U4340Z2;Slaný,aut.nádr.;50.10628;13.72525
20260623_134546_L541;20260623_134546;23.06.2026;13:18:00;541;9;7649;25;U6729Z1;Dlouhopolsko;50.17509;15.30586
20260623_134546_L125;20260623_134546;23.06.2026;13:33:00;125;11;5533;12;U337Z4P;Smíchovské nádraží;50.05107;14.40968
20260623_134546_L796;20260623_134546;23.06.2026;13:34:00;796;6;7825;10;U7430Z1;Pyšely,Nám.;49.84829;14.7032
20260623_134546_L413;20260623_134546;23.06.2026;13:32:00;413;63;7092;13;U31425Z1;Praha,Letňany;50.45532;14.16115
20260623_134946_L125;20260623_134946;23.06.2026;13:38:00;125;16;5038;11;U181Z1P;Skalka;50.03944;14.49055
20260623_134946_L351;20260623_134946;23.06.2026;13:39:00;351;5;4559;10;U451Z2;Praha,Letňany;50.15084;14.51411
20260623_134946_L136;20260623_134946;23.06.2026;13:36:00;136;17;5097;13;U743Z2P;Jižní Město;50.08608;14.45557
20260623_134946_L667;20260623_134946;23.06.2026;13:39:00;667;22;8008;10;U3263Z2;Předměřice n.Jiz.;50.26716;14.80038
20260623_134946_L377;20260623_134946;23.06.2026;13:39:00;377;21;1248;10;U1237Z2;Praha,Letňany;50.1724;14.55114
20260623_134946_L380;20260623_134946;23.06.2026;13:38:00;380;4;9978;11;U394Z4;Praha,Vypich;50.06865;14.33542
20260623_134946_L385;20260623_134946;23.06.2026;13:37:00;385;8;1722;12;U2142Z12;Zvánovice;49.99666;14.66193
20260623_134946_L386;20260623_134946;23.06.2026;13:39:00;386;28;8758;10;U4930Z2;Praha,Zličín;50.08242;14.06909
20260623_134946_L389;20260623_134946;23.06.2026;13:38:00;389;33;7760;10;U4775Z1;Chomutov,žel.st.;50.22593;14.10723
20260623_134946_L306;20260623_134946;23.06.2026;13:36:00;306;3;8812;12;U4103Z2;Praha,Zličín;50.10643;14.20886
20260623_134946_L307;20260623_134946;23.06.2026;13:37:00;307;11;8952;12;U1682Z1;Unhošť,Nám.;50.06832;14.16163
20260623_134946_L309;20260623_134946;23.06.2026;13:34:00;309;84;9562;13;U1667Z1;Praha,Nádraží Radotín;50.00525;14.2501
20260623_134946_L310;20260623_134946;23.06.2026;13:31:00;310;9;9776;16;U1647Z3;Praha,Zličín;50.03244;14.2319
20260623_134946_L316;20260623_134946;23.06.2026;13:36:00;316;2;8981;13;U2152Z1;Kralupy n.Vlt.,žel.st.;50.15756;14.31586
20260623_134946_L325;20260623_134946;23.06.2026;13:39:00;325;16;1636;10;U1385Z2;Praha,Nádraží Uhříněves;50.02638;14.60092
20260623_134946_L444;20260623_134946;23.06.2026;13:38:00;444;32;9136;10;U1569Z1;Jílové u Prahy,Náměstí;49.89626;14.53477
20260623_134946_L450;20260623_134946;23.06.2026;13:35:00;450;24;7505;11;U7838Z1;Petrovice;49.5757;14.37611
20260623_134946_L416;20260623_134946;23.06.2026;13:37:00;416;9;7227;11;U31647Z2;Praha,Smíchovské nádraží;49.40028;13.77455
20260623_134946_L627;20260623_134946;23.06.2026;13:39:00;627;20;8957;10;U4786Z2;Slaný,aut.nádr.;50.23006;14.08367
20260623_134946_L858;20260623_134946;23.06.2026;13:36:00;858;67;8713;11;U5036Z1;Libčice n.Vlt.,Žel.zast.Letky;50.18563;14.3475
20260623_134946_L617;20260623_134946;23.06.2026;13:38:00;617;17;7324;10;U4432Z1;Kladno,autobusové nádraží;50.37598;14.30702
20260623_134946_L821;20260623_134946;23.06.2026;13:35:00;821;52;1614;13;U9005Z1;Sázava,aut.st.;49.88377;14.91623
20260623_134946_L821;20260623_134946;23.06.2026;13:36:00;821;69;1606;13;U4991Z1;Kolín,nádraží;49.99397;15.09663
20260623_134946_L770;20260623_134946;23.06.2026;13:37:00;770;42;7861;11;U4483Z3;Benešov,Terminál;49.78232;14.68169
20260623_134946_L466;20260623_134946;23.06.2026;13:37:00;466;23;8019;12;U4361Z1;Kralupy n.Vlt.,obchodní centrum;50.29;14.32192
20260623_134946_L466;20260623_134946;23.06.2026;13:35:00;466;22;1056;12;U4363Z2;Mělník,aut.nádr.;50.31714;14.33065
20260623_134946_L716;20260623_134946;23.06.2026;13:36:00;716;38;8665;12;U6368Z1;Boseň,Mužský;50.51647;15.03599
20260623_134946_L718;20260623_134946;23.06.2026;13:38:00;718;32;8608;11;U6365Z2;Mnichovo Hradiště,dopravní terminál;50.50424;15.02276
20260623_134946_L738;20260623_134946;23.06.2026;13:37:00;738;39;8603;11;U6370Z3;Mukařov,Vicmanov;50.55805;14.94114
20260623_134946_L580;20260623_134946;23.06.2026;13:39:00;580;18;7749;10;U6839Z1;Slaný,aut.nádr.;50.10321;13.74669
20260623_134946_L548;20260623_134946;23.06.2026;13:29:00;548;13;9546;20;U9780Z2;Hořovice,nemocnice;49.83909;13.90925
20260623_134946_L590;20260623_134946;23.06.2026;13:39:00;590;28;7703;10;U4786Z2;Nové Strašecí,Palackého;50.22921;14.08692
20260623_134946_L638;20260623_134946;23.06.2026;13:39:00;638;59;9580;10;U4283Z4;Beroun,autobusové nádraží;49.87469;14.10892
20260623_134946_L796;20260623_134946;23.06.2026;13:37:00;796;6;7825;12;U1383Z1;Pyšely,Nám.;49.85435;14.70628
20260623_134946_L400;20260623_134946;23.06.2026;13:38:00;400;57;1085;10;U31355Z2;Praha,Střížkov;50.6891;14.54152
20260623_135346_L351;20260623_135346;23.06.2026;13:42:00;351;5;4559;11;U766Z2;Praha,Letňany;50.14604;14.50567
20260623_135346_L125;20260623_135346;23.06.2026;13:44:00;125;16;5038;10;U604Z1P;Skalka;50.03234;14.51876
20260623_135346_L136;20260623_135346;23.06.2026;13:40:00;136;18;5020;11;U1074Z4P;Jižní Město;50.09149;14.46854
20260623_135346_L667;20260623_135346;23.06.2026;13:39:00;667;22;8008;14;U3263Z2;Předměřice n.Jiz.;50.26716;14.80038
20260623_135346_L337;20260623_135346;23.06.2026;13:40:00;337;12;9933;13;U1911Z2;Benešov,Terminál;49.8513;14.67528
20260623_135346_L306;20260623_135346;23.06.2026;13:41:00;306;3;8812;12;U2118Z2;Praha,Zličín;50.09392;14.21198
20260623_135346_L548;20260623_135346;23.06.2026;13:29:00;548;13;9546;24;U9780Z2;Hořovice,nemocnice;49.83908;13.90924
20260623_135346_L444;20260623_135346;23.06.2026;13:42:00;444;32;9136;10;U1571Z1;Jílové u Prahy,Náměstí;49.89515;14.50675
20260623_135346_L450;20260623_135346;23.06.2026;13:40:00;450;24;7505;13;U7770Z2;Petrovice;49.57537;14.39732
20260623_135346_L416;20260623_135346;23.06.2026;13:42:00;416;9;7227;11;U31649Z2;Praha,Smíchovské nádraží;49.40592;13.81059
20260623_135346_L380;20260623_135346;23.06.2026;13:42:00;380;4;9978;10;U444Z1;Praha,Vypich;50.07789;14.3463
20260623_135346_L385;20260623_135346;23.06.2026;13:40:00;385;8;1722;13;U6794Z1;Zvánovice;49.99658;14.67581
20260623_135346_L386;20260623_135346;23.06.2026;13:40:00;386;28;8758;13;U6505Z2;Praha,Zličín;50.08275;14.07836
20260623_135346_L389;20260623_135346;23.06.2026;13:40:00;389;33;7760;12;U4776Z1;Chomutov,žel.st.;50.22883;14.09085
20260623_135346_L307;20260623_135346;23.06.2026;13:42:00;307;11;8952;10;U1685Z1;Unhošť,Nám.;50.08027;14.1401
20260623_135346_L309;20260623_135346;23.06.2026;13:38:00;309;84;9562;14;U1199Z1;Praha,Nádraží Radotín;49.98844;14.25491
20260623_135346_L311;20260623_135346;23.06.2026;13:39:00;311;77;9583;14;U4256Z2;Praha,Zličín;49.95453;14.20489
20260623_135346_L316;20260623_135346;23.06.2026;13:38:00;316;2;8981;15;U1690Z1;Kralupy n.Vlt.,žel.st.;50.16092;14.31143
20260623_135346_L224;20260623_135346;23.06.2026;13:43:00;224;75;9042;10;U188Z1P;Ve Žlíbku;50.11259;14.59705
20260623_135346_L325;20260623_135346;23.06.2026;13:41:00;325;16;1636;12;U3053Z2;Praha,Nádraží Uhříněves;50.03023;14.59591
20260623_135346_L400;20260623_135346;23.06.2026;13:41:00;400;57;1085;10;U32490Z1;Praha,Střížkov;50.67761;14.53626
20260623_135346_L401;20260623_135346;23.06.2026;13:39:00;401;62;7773;13;U4886Z5;Praha,Roztyly;49.41389;14.67441
20260623_135346_L413;20260623_135346;23.06.2026;13:38:00;413;63;7092;13;U32274Z1;Praha,Letňany;50.40803;14.20875
20260623_135346_L796;20260623_135346;23.06.2026;13:39:00;796;6;7825;12;U7431Z1;Pyšely,Nám.;49.87183;14.70565
20260623_135346_L617;20260623_135346;23.06.2026;13:42:00;617;17;7324;10;U4367Z2;Kladno,autobusové nádraží;50.36285;14.29566
20260623_135346_L821;20260623_135346;23.06.2026;13:40:00;821;52;1614;13;U2032Z1;Sázava,aut.st.;49.87288;14.89797
20260623_135346_L821;20260623_135346;23.06.2026;13:40:00;821;69;1606;11;U4992Z1;Kolín,nádraží;50.00845;15.14303
20260623_135346_L826;20260623_135346;23.06.2026;13:41:00;826;37;8584;10;U2314Z51;Pečky,žel.st.;50.10778;14.91812
20260623_135346_L858;20260623_135346;23.06.2026;13:41:00;858;67;8713;12;U1916Z1;Libčice n.Vlt.,Žel.zast.Letky;50.19845;14.36417
20260623_135346_L630;20260623_135346;23.06.2026;13:44:00;630;40;8755;10;U4914Z2;Beroun,Jarov,náves;50.02652;14.09742
20260623_135346_L466;20260623_135346;23.06.2026;13:40:00;466;22;1056;12;U4376Z1;Mělník,aut.nádr.;50.32302;14.33934
20260623_135346_L738;20260623_135346;23.06.2026;13:42:00;738;39;8603;11;U6336Z1;Mukařov,Vicmanov;50.56796;14.93227
20260623_135346_L433;20260623_135346;23.06.2026;13:39:00;433;14;8602;14;U2969Z1;Pečky,žel.st.;50.18535;15.04149
20260623_135346_L718;20260623_135346;23.06.2026;13:43:00;718;32;8608;10;U6364Z2;Mnichovo Hradiště,dopravní terminál;50.52037;14.98048
20260623_135346_L466;20260623_135346;23.06.2026;13:40:00;466;23;8019;13;U4246Z1;Kralupy n.Vlt.,obchodní centrum;50.27835;14.31128
20260623_135346_L136;20260623_135346;23.06.2026;13:38:00;136;17;5097;16;U516Z3P;Jižní Město;50.08214;14.45947
20260623_135346_L310;20260623_135346;23.06.2026;13:31:00;310;9;9776;22;U1647Z3;Praha,Zličín;50.03243;14.23188
20260623_135747_L351;20260623_135747;23.06.2026;13:46:00;351;5;4559;11;U89Z2;Praha,Letňany;50.1301;14.50874
20260623_135747_L125;20260623_135747;23.06.2026;13:47:00;125;16;5038;10;U286Z5P;Skalka;50.03069;14.52995
20260623_135747_L667;20260623_135747;23.06.2026;13:39:00;667;22;8008;18;U3263Z2;Předměřice n.Jiz.;50.26716;14.80038
20260623_135747_L466;20260623_135747;23.06.2026;13:43:00;466;23;8019;14;U4244Z1;Kralupy n.Vlt.,obchodní centrum;50.26608;14.30295
20260623_135747_L416;20260623_135747;23.06.2026;13:46:00;416;9;7227;11;U32328Z2;Praha,Smíchovské nádraží;49.41961;13.85461
20260623_135747_L337;20260623_135747;23.06.2026;13:43:00;337;12;9933;14;U2158Z2;Benešov,Terminál;49.83555;14.67575
20260623_135747_L325;20260623_135747;23.06.2026;13:43:00;325;16;1636;14;U336Z2;Praha,Nádraží Uhříněves;50.03222;14.59792
20260623_135747_L450;20260623_135747;23.06.2026;13:43:00;450;24;7505;13;U7771Z1;Petrovice;49.57749;14.35932
20260623_135747_L548;20260623_135747;23.06.2026;13:29:00;548;13;9546;28;U9780Z2;Hořovice,nemocnice;49.83907;13.90924
20260623_135747_L638;20260623_135747;23.06.2026;13:46:00;638;59;9580;11;U2494Z1;Beroun,autobusové nádraží;49.8973;14.07627
20260623_135747_L825;20260623_135747;23.06.2026;13:46:00;825;43;9581;10;U2389Z2;Mořinka;49.98202;14.14593
20260623_135747_L306;20260623_135747;23.06.2026;13:45:00;306;3;8812;12;U2117Z2;Praha,Zličín;50.08786;14.19756
20260623_135747_L309;20260623_135747;23.06.2026;13:44:00;309;84;9562;13;U1636Z2;Praha,Nádraží Radotín;49.97714;14.25099
20260623_135747_L310;20260623_135747;23.06.2026;13:31:00;310;9;9776;26;U1647Z3;Praha,Zličín;50.03243;14.23186
20260623_135747_L224;20260623_135747;23.06.2026;13:46:00;224;75;9042;10;U986Z3P;Ve Žlíbku;50.10602;14.61024
20260623_135747_L630;20260623_135747;23.06.2026;13:47:00;630;40;8755;10;U4915Z2;Beroun,Jarov,náves;50.00892;14.09194
20260623_135747_L617;20260623_135747;23.06.2026;13:45:00;617;17;7324;11;U1479Z2;Kladno,autobusové nádraží;50.35337;14.26836
20260623_135747_L821;20260623_135747;23.06.2026;13:44:00;821;69;1606;11;U4993Z1;Kolín,nádraží;50.01807;15.17132
20260623_135747_L466;20260623_135747;23.06.2026;13:45:00;466;22;1056;12;U4372Z1;Mělník,aut.nádr.;50.33594;14.36742
20260623_135747_L433;20260623_135747;23.06.2026;13:43:00;433;14;8602;14;U2967Z2;Pečky,žel.st.;50.17773;15.03807
20260623_135747_L369;20260623_135747;23.06.2026;13:47:00;369;41;8232;10;U1788Z2;Praha,Ládví;50.31434;14.51466
20260623_135747_L385;20260623_135747;23.06.2026;13:43:00;385;8;1722;14;U2085Z3;Zvánovice;49.9906;14.69621
20260623_135747_L385;20260623_135747;23.06.2026;13:44:00;385;19;1620;10;U1371Z3;Praha,Opatov;50.00996;14.54213
20260623_135747_L386;20260623_135747;23.06.2026;13:46:00;386;28;8758;11;U4896Z1;Praha,Zličín;50.08511;14.1223
20260623_135747_L389;20260623_135747;23.06.2026;13:44:00;389;8;7761;11;U85Z1;Praha,Nádraží Veleslavín;50.09441;14.33951
20260623_135747_L413;20260623_135747;23.06.2026;13:43:00;413;63;7092;14;U31438Z1;Praha,Letňany;50.38931;14.22585
20260623_135747_L795;20260623_135747;23.06.2026;13:46:00;795;37;7867;10;U5868Z1;Zruč n.Sáz.,Sázavan;49.73334;15.07812
20260623_135747_L401;20260623_135747;23.06.2026;13:39:00;401;62;7773;16;U4886Z5;Praha,Roztyly;49.4129;14.66406
20260623_135747_L526;20260623_135747;23.06.2026;13:46:00;526;10;9547;10;U1230Z1;Zdice,nám.;49.87952;13.90723
20260623_135747_L136;20260623_135747;23.06.2026;13:45:00;136;18;5020;13;U2787Z2P;Jižní Město;50.08784;14.45656
20260623_140148_L465;20260623_140148;23.06.2026;13:48:00;465;39;9107;12;U2004Z2;Chocerady;49.87425;14.81417
20260623_140148_L416;20260623_140148;23.06.2026;13:48:00;416;9;7227;11;U32327Z2;Praha,Smíchovské nádraží;49.42376;13.88405
20260623_140148_L667;20260623_140148;23.06.2026;13:39:00;667;22;8008;22;U3263Z2;Předměřice n.Jiz.;50.26716;14.80038
20260623_140148_L136;20260623_140148;23.06.2026;13:50:00;136;18;5020;11;U118Z4P;Jižní Město;50.07874;14.46047
20260623_140148_L347;20260623_140148;23.06.2026;13:51:00;347;19;1444;10;U3206Z1;Hostivice,Nádraží;50.06234;14.23835
20260623_140148_L369;20260623_140148;23.06.2026;13:50:00;369;41;8232;10;U1786Z2;Praha,Ládví;50.2947;14.50013
20260623_140148_L377;20260623_140148;23.06.2026;13:51:00;377;21;1248;10;U368Z2;Praha,Letňany;50.14957;14.50587
20260623_140148_L385;20260623_140148;23.06.2026;13:47:00;385;8;1722;13;U2007Z1;Zvánovice;49.98972;14.73485
20260623_140148_L386;20260623_140148;23.06.2026;13:48:00;386;28;8758;11;U1686Z1;Praha,Zličín;50.08588;14.13845
20260623_140148_L413;20260623_140148;23.06.2026;13:46:00;413;63;7092;15;U31439Z1;Praha,Letňany;50.36387;14.25098
20260623_140148_L410;20260623_140148;23.06.2026;13:46:00;410;4;11698;14;U31046Z4;Mimoň,aut.st.;50.5406;14.5415
20260623_140148_L825;20260623_140148;23.06.2026;13:48:00;825;43;9581;12;U2388Z2;Mořinka;49.99164;14.15265
20260623_140148_L630;20260623_140148;23.06.2026;13:51:00;630;40;8755;10;U4917Z1;Beroun,Jarov,náves;49.99576;14.09791
20260623_140148_L617;20260623_140148;23.06.2026;13:50:00;617;17;7324;11;U4366Z2;Kladno,autobusové nádraží;50.34109;14.29421
20260623_140148_L821;20260623_140148;23.06.2026;13:51:00;821;69;1606;10;U4996Z1;Kolín,nádraží;50.02103;15.19786
20260623_140148_L466;20260623_140148;23.06.2026;13:48:00;466;23;8019;12;U5943Z1;Kralupy n.Vlt.,obchodní centrum;50.2563;14.28598
20260623_140148_L466;20260623_140148;23.06.2026;13:49:00;466;22;1056;11;U2831Z1;Mělník,aut.nádr.;50.33522;14.37226
20260623_140148_L433;20260623_140148;23.06.2026;13:49:00;433;14;8602;12;U2594Z2;Pečky,žel.st.;50.15929;15.00965
20260623_140148_L548;20260623_140148;23.06.2026;13:29:00;548;13;9546;32;U9780Z2;Hořovice,nemocnice;49.83906;13.90924
20260623_140148_L526;20260623_140148;23.06.2026;13:48:00;526;10;9547;11;U5005Z2;Zdice,nám.;49.89069;13.93459
20260623_140148_L638;20260623_140148;23.06.2026;13:49:00;638;59;9580;11;U9052Z1;Beroun,autobusové nádraží;49.91778;14.07476
20260623_140148_L639;20260623_140148;23.06.2026;13:50:00;639;8;9586;10;U9781Z2;Hořovice,nám.B.Němcové;49.8356;13.91265
20260623_140148_L306;20260623_140148;23.06.2026;13:51:00;306;3;8812;10;U1215Z1;Praha,Zličín;50.08728;14.21606
20260623_140148_L224;20260623_140148;23.06.2026;13:50:00;224;75;9042;11;U6005Z1P;Ve Žlíbku;50.11287;14.61881
20260623_140148_L310;20260623_140148;23.06.2026;13:31:00;310;9;9776;30;U1647Z3;Praha,Zličín;50.03242;14.23184
20260623_140148_L228;20260623_140148;23.06.2026;13:51:00;228;12;9045;10;U1385Z1P;Benice;50.02391;14.60309
20260623_140148_L155;20260623_140148;23.06.2026;13:47:00;155;2;9468;14;U548Z1P;Nemocnice Vinohrady;50.08224;14.50269
20260623_140148_L450;20260623_140148;23.06.2026;13:49:00;450;24;7505;11;U7825Z1;Petrovice;49.55831;14.33947
20260623_140548_L136;20260623_140548;23.06.2026;13:53:00;136;20;6882;10;U603Z2P;Jižní Město;50.11564;14.50017
20260623_140548_L416;20260623_140548;23.06.2026;13:52:00;416;9;7227;10;U31536Z1;Praha,Smíchovské nádraží;49.42812;13.88208
20260623_140548_L136;20260623_140548;23.06.2026;13:50:00;136;18;5020;14;U118Z4P;Jižní Město;50.07778;14.45871
20260623_140548_L465;20260623_140548;23.06.2026;13:48:00;465;39;9107;17;U2004Z2;Chocerady;49.87425;14.81417
20260623_140548_L466;20260623_140548;23.06.2026;13:52:00;466;23;8019;11;U4241Z1;Kralupy n.Vlt.,obchodní centrum;50.24912;14.29911
20260623_140548_L155;20260623_140548;23.06.2026;13:54:00;155;1;9467;10;U575Z1P;Poliklinika Malešice;50.08011;14.48759
20260623_140548_L667;20260623_140548;23.06.2026;13:39:00;667;22;8008;26;U3263Z2;Předměřice n.Jiz.;50.26716;14.80038
20260623_140548_L174;20260623_140548;23.06.2026;13:54:00;174;4;4171;12;U306Z2P;Luka;50.07453;14.33983
20260623_140548_L369;20260623_140548;23.06.2026;13:55:00;369;41;8232;10;U1963Z2;Praha,Ládví;50.26668;14.49586
20260623_140548_L638;20260623_140548;23.06.2026;13:52:00;638;59;9580;13;U9053Z1;Beroun,autobusové nádraží;49.9235;14.06868
20260623_140548_L548;20260623_140548;23.06.2026;13:29:00;548;13;9546;36;U9780Z2;Hořovice,nemocnice;49.83906;13.90923
20260623_140548_L526;20260623_140548;23.06.2026;13:53:00;526;10;9547;11;U1229Z1;Zdice,nám.;49.90675;13.9671
20260623_140548_L590;20260623_140548;23.06.2026;13:55:00;590;28;7703;10;U9104Z2;Nové Strašecí,Palackého;50.17398;14.00692
20260623_140548_L617;20260623_140548;23.06.2026;13:51:00;617;17;7324;11;U4365Z1;Kladno,autobusové nádraží;50.31788;14.30092
20260623_140548_L491;20260623_140548;23.06.2026;13:54:00;491;10;8575;11;U1416Z3;Český Brod,žel.st.;50.07257;14.85737
20260623_140548_L466;20260623_140548;23.06.2026;13:52:00;466;22;1056;12;U4374Z1;Mělník,aut.nádr.;50.31898;14.374
20260623_140548_L738;20260623_140548;23.06.2026;13:53:00;738;39;8603;12;U6336Z2;Mnichovo Hradiště,dopravní terminál;50.56744;14.93152
20260623_140548_L432;20260623_140548;23.06.2026;13:55:00;432;3;8553;10;U3388Z1;Mladá Boleslav,aut.st.;50.41098;14.92036
20260623_140548_L433;20260623_140548;23.06.2026;13:50:00;433;14;8602;13;U2589Z2;Pečky,žel.st.;50.14202;14.98889
20260623_140548_L347;20260623_140548;23.06.2026;13:53:00;347;19;1444;12;U11006Z2;Hostivice,Nádraží;50.05507;14.22601
20260623_140548_L348;20260623_140548;23.06.2026;13:55:00;348;12;8273;10;U1806Z2;Praha,Ládví;50.17605;14.48421
20260623_140548_L385;20260623_140548;23.06.2026;13:51:00;385;8;1722;13;U2034Z1;Zvánovice;49.98253;14.73112
20260623_140548_L339;20260623_140548;23.06.2026;13:55:00;339;11;9952;10;U1538Z1;Týnec n.Sáz.,žel.st.;49.91047;14.58384
20260623_140548_L386;20260623_140548;23.06.2026;13:54:00;386;28;8758;11;U2117Z2;Praha,Zličín;50.0885;14.2007
20260623_140548_L410;20260623_140548;23.06.2026;13:50:00;410;4;11698;14;U31310Z1;Mimoň,aut.st.;50.54929;14.56496
20260623_140548_L155;20260623_140548;23.06.2026;13:51:00;155;2;9468;14;U359Z1P;Nemocnice Vinohrady;50.0847;14.50911
20260623_140548_L306;20260623_140548;23.06.2026;13:56:00;306;3;8812;10;U1145Z1;Praha,Zličín;50.08199;14.24033
20260623_140548_L309;20260623_140548;23.06.2026;13:53:00;309;84;9562;12;U1634Z2;Praha,Nádraží Radotín;49.97306;14.28932
20260623_140548_L311;20260623_140548;23.06.2026;13:53:00;311;77;9583;13;U4168Z1;Praha,Zličín;49.97464;14.16344
20260623_140950_L136;20260623_140950;23.06.2026;13:58:00;136;19;6971;10;U516Z3P;Jižní Město;50.0792;14.46032
20260623_140950_L155;20260623_140950;23.06.2026;13:54:00;155;1;9467;14;U575Z1P;Poliklinika Malešice;50.08011;14.48759
20260623_140950_L155;20260623_140950;23.06.2026;13:55:00;155;2;9468;14;U359Z2P;Nemocnice Vinohrady;50.08467;14.5094
20260623_140950_L174;20260623_140950;23.06.2026;13:56:00;174;4;4171;12;U394Z3P;Luka;50.06271;14.33398
20260623_140950_L306;20260623_140950;23.06.2026;14:00:00;306;3;8812;10;U1144Z4;Praha,Zličín;50.08128;14.25435
20260623_140950_L309;20260623_140950;23.06.2026;13:56:00;309;84;9562;13;U1631Z2;Praha,Nádraží Radotín;49.97582;14.30626
20260623_140950_L324;20260623_140950;23.06.2026;14:00:00;324;20;8957;10;U4777Z15;Praha,Zličín;50.22821;14.08844
20260623_140950_L339;20260623_140950;23.06.2026;13:58:00;339;11;9952;11;U1564Z1;Týnec n.Sáz.,žel.st.;49.904;14.58679
20260623_140950_L347;20260623_140950;23.06.2026;13:56:00;347;19;1444;13;U4141Z1;Hostivice,Nádraží;50.05895;14.21402
20260623_140950_L348;20260623_140950;23.06.2026;13:58:00;348;12;8273;11;U3242Z2;Praha,Ládví;50.16021;14.48378
20260623_140950_L369;20260623_140950;23.06.2026;13:58:00;369;41;8232;11;U2343Z1;Praha,Ládví;50.23626;14.49451
20260623_140950_L385;20260623_140950;23.06.2026;13:55:00;385;8;1722;14;U2384Z1;Zvánovice;49.97514;14.73687
20260623_140950_L386;20260623_140950;23.06.2026;13:59:00;386;28;8758;10;U1145Z4;Praha,Zličín;50.08294;14.24134
20260623_140950_L406;20260623_140950;23.06.2026;13:58:00;406;1;7934;10;U31660Z2;Praha,Roztyly;49.56524;15.10917
20260623_140950_L433;20260623_140950;23.06.2026;13:56:00;433;14;8602;10;U1434Z2;Pečky,žel.st.;50.13334;14.98696
20260623_140950_L465;20260623_140950;23.06.2026;13:48:00;465;39;9107;20;U2004Z2;Chocerady;49.87001;14.80668
20260623_140950_L466;20260623_140950;23.06.2026;13:57:00;466;22;1056;11;U3267Z2;Mělník,aut.nádr.;50.32162;14.39897
20260623_140950_L466;20260623_140950;23.06.2026;13:57:00;466;23;8019;12;U4224Z3;Kralupy n.Vlt.,obchodní centrum;50.23919;14.30877
20260623_140950_L548;20260623_140950;23.06.2026;13:29:00;548;13;9546;39;U9780Z2;Hořovice,nemocnice;49.84092;13.9144
20260623_140950_L588;20260623_140950;23.06.2026;13:58:00;588;23;7707;10;U4842Z1;Milý;50.26122;14.02986
20260623_140950_L590;20260623_140950;23.06.2026;13:58:00;590;28;7703;11;U2898Z1;Nové Strašecí,Palackého;50.16505;13.98828
20260623_140950_L630;20260623_140950;23.06.2026;13:57:00;630;40;8755;11;U4274Z2;Beroun,Jarov,náves;49.97011;14.07715
20260623_140950_L667;20260623_140950;23.06.2026;13:39:00;667;22;8008;30;U3263Z2;Předměřice n.Jiz.;50.26715;14.80038
20260623_140950_L738;20260623_140950;23.06.2026;13:55:00;738;39;8603;11;U6335Z2;Mnichovo Hradiště,dopravní terminál;50.5504;14.93693
20260623_140950_L795;20260623_140950;23.06.2026;13:57:00;795;37;7867;10;U7053Z1;Zruč n.Sáz.,Sázavan;49.74381;15.10354
20260623_141351_L174;20260623_141351;23.06.2026;14:01:00;174;4;4171;12;U1130Z1P;Luka;50.0541;14.33913
20260623_141351_L136;20260623_141351;23.06.2026;13:59:00;136;18;5020;14;U680Z3P;Jižní Město;50.06838;14.46917
20260623_141351_L136;20260623_141351;23.06.2026;14:02:00;136;19;6971;12;U518Z3P;Jižní Město;50.07657;14.4589
20260623_141351_L369;20260623_141351;23.06.2026;14:01:00;369;41;8232;12;U1958Z2;Praha,Ládví;50.20964;14.49893
20260623_141351_L339;20260623_141351;23.06.2026;14:03:00;339;11;9952;10;U1541Z1;Týnec n.Sáz.,žel.st.;49.89461;14.61337
20260623_141351_L738;20260623_141351;23.06.2026;14:00:00;738;39;8603;12;U6332Z2;Mnichovo Hradiště,dopravní terminál;50.54303;14.92918
20260623_141351_L433;20260623_141351;23.06.2026;14:00:00;433;14;8602;12;U1486Z2;Pečky,žel.st.;50.12087;14.98617
20260623_141351_L463;20260623_141351;23.06.2026;14:01:00;463;6;9577;12;U9888Z2;Městec Králové,nám.;50.32535;15.14235
20260623_141351_L347;20260623_141351;23.06.2026;14:00:00;347;19;1444;11;U1177Z2;Hostivice,Nádraží;50.06789;14.2348
20260623_141351_L348;20260623_141351;23.06.2026;14:01:00;348;12;8273;12;U1393Z2;Praha,Ládví;50.14318;14.48354
20260623_141351_L387;20260623_141351;23.06.2026;14:03:00;387;15;9368;10;U2010Z1;Uhlířské Janovice,nám.;49.9882;14.769
20260623_141351_L309;20260623_141351;23.06.2026;14:01:00;309;84;9562;12;U1629Z2;Praha,Nádraží Radotín;49.98605;14.32801
20260623_141351_L590;20260623_141351;23.06.2026;14:02:00;590;28;7703;11;U9288Z1;Nové Strašecí,Palackého;50.16919;13.95563
20260623_141351_L590;20260623_141351;23.06.2026;14:03:00;590;24;7706;10;U9199Z2;Vraný;50.27199;14.12332
20260623_141351_L630;20260623_141351;23.06.2026;14:00:00;630;40;8755;12;U1745Z1;Beroun,Jarov,náves;49.96284;14.0701
20260623_141351_L473;20260623_141351;23.06.2026;14:01:00;473;46;8122;11;U1303Z2;Zálezlice,Kozárovice;50.25059;14.51801
20260623_141351_L714;20260623_141351;23.06.2026;14:02:00;714;21;9086;10;U6172Z1;Kněžmost,nám.;50.42995;14.92217
20260623_141351_L466;20260623_141351;23.06.2026;14:00:00;466;23;8019;10;U2236Z1;Kralupy n.Vlt.,obchodní centrum;50.23941;14.31249
20260623_141351_L466;20260623_141351;23.06.2026;13:57:00;466;22;1056;12;U3267Z2;Mělník,aut.nádr.;50.34031;14.39027
20260623_141351_L155;20260623_141351;23.06.2026;14:00:00;155;2;9468;13;U128Z2P;Nemocnice Vinohrady;50.08807;14.49182
20260623_141751_L199;20260623_141751;23.06.2026;14:06:00;199;2;4158;10;U418Z2P;Želivského;50.07722;14.48913
20260623_141751_L136;20260623_141751;23.06.2026;14:06:00;136;20;6882;10;U1074Z4P;Jižní Město;50.0926;14.47095
20260623_141751_L678;20260623_141751;23.06.2026;14:05:00;678;32;8615;11;U2579Z7;Pečky,žel.st.;50.14756;15.12542
20260623_141751_L309;20260623_141751;23.06.2026;14:04:00;309;84;9562;12;U5923Z1;Praha,Nádraží Radotín;49.98058;14.34745
20260623_141751_L737;20260623_141751;23.06.2026;14:07:00;737;9;9591;10;U6199Z1;Bělá p.Bezd.,Atmos;50.48962;14.84005
20260623_141751_L720;20260623_141751;23.06.2026;14:02:00;720;3;10270;11;U2987Z11;Praha,Černý Most;50.41411;14.93213
20260623_141751_L473;20260623_141751;23.06.2026;14:06:00;473;46;8122;11;U1304Z1;Zálezlice,Kozárovice;50.25976;14.51694
20260623_141751_L585;20260623_141751;23.06.2026;14:08:00;585;29;7659;10;U32504Z1;Jičín,aut.st.;50.34648;15.32963
20260623_141751_L466;20260623_141751;23.06.2026;14:03:00;466;22;1056;12;U4385Z2;Mělník,aut.nádr.;50.34596;14.41396
20260623_141751_L146;20260623_141751;23.06.2026;14:04:00;146;4;9401;12;U575Z1P;Vinice Hrdlořezy;50.07991;14.48777
20260623_141751_L174;20260623_141751;23.06.2026;14:06:00;174;4;4171;12;U711Z1P;Luka;50.04822;14.31783
20260623_141751_L456;20260623_141751;23.06.2026;14:04:00;456;36;7077;14;U32514Z1;Miličín;49.49468;14.89812
20260623_141751_L650;20260623_141751;23.06.2026;14:08:00;650;23;12559;10;U9272Z1;Kladno,autobusové nádraží;50.2571;14.0969
20260623_141751_L316;20260623_141751;23.06.2026;14:02:00;316;2;8981;16;U4224Z1;Kralupy n.Vlt.,žel.st.;50.2389;14.30664
20260623_141751_L433;20260623_141751;23.06.2026;14:04:00;433;14;8602;12;U1485Z2;Pečky,žel.st.;50.10063;15.00095
20260623_141751_L463;20260623_141751;23.06.2026;14:05:00;463;6;9577;13;U9885Z1;Městec Králové,nám.;50.30578;15.16385
20260623_141751_L369;20260623_141751;23.06.2026;14:07:00;369;41;8232;11;U1807Z2;Praha,Ládví;50.18966;14.4936
20260623_141751_L384;20260623_141751;23.06.2026;14:05:00;384;15;9903;10;U9105Z2;Hořovice,nám.B.Němcové;49.9041;13.96139
20260623_141751_L385;20260623_141751;23.06.2026;14:06:00;385;8;1722;11;U2041Z1;Zvánovice;49.92786;14.76328
20260623_141751_L386;20260623_141751;23.06.2026;14:07:00;386;28;8758;10;U1065Z2;Praha,Zličín;50.07486;14.29164
20260623_141751_L348;20260623_141751;23.06.2026;14:03:00;348;12;8273;11;U651Z6;Praha,Ládví;50.12745;14.47502
20260623_141751_L415;20260623_141751;23.06.2026;14:05:00;415;12;8385;12;U32230Z1;Kadaň,aut.nádr.;50.20218;13.58647
20260623_141751_L387;20260623_141751;23.06.2026;14:07:00;387;15;9368;10;U2012Z1;Uhlířské Janovice,nám.;49.99174;14.81405
20260623_141751_L590;20260623_141751;23.06.2026;14:05:00;590;28;7703;11;U9289Z1;Nové Strašecí,Palackého;50.1486;13.96205
20260623_141751_L630;20260623_141751;23.06.2026;14:06:00;630;40;8755;11;U2848Z5;Beroun,Jarov,náves;49.95866;14.07497
20260623_141751_L620;20260623_141751;23.06.2026;14:07:00;620;12;8431;10;U4420Z1;Kladno,autobusové nádraží;50.18027;14.15619
20260623_141751_L155;20260623_141751;23.06.2026;14:03:00;155;2;9468;14;U357Z1P;Nemocnice Vinohrady;50.0853;14.48231
20260623_141751_L136;20260623_141751;23.06.2026;14:06:00;136;18;5020;12;U697Z3P;Jižní Město;50.04869;14.48083
20260623_141751_L133;20260623_141751;23.06.2026;14:06:00;133;8;3957;11;U418Z2P;Florenc;50.07874;14.48822
20260623_141751_L633;20260623_141751;23.06.2026;14:05:00;633;54;9582;11;U4957Z2;Liteň,nám.;49.97672;14.05459
20260623_141751_L136;20260623_141751;23.06.2026;14:04:00;136;19;6971;12;U855Z1P;Jižní Město;50.07398;14.46805
20260623_141751_L714;20260623_141751;23.06.2026;14:05:00;714;21;9086;12;U3393Z1;Kněžmost,nám.;50.4339;14.92682
20260623_142152_L136;20260623_142152;23.06.2026;14:06:00;136;20;6882;13;U1074Z4P;Jižní Město;50.09127;14.46839
20260623_142152_L633;20260623_142152;23.06.2026;14:10:00;633;54;9582;10;U4955Z2;Liteň,nám.;49.96999;14.06601
20260623_142152_L352;20260623_142152;23.06.2026;14:11:00;352;4;4171;10;U1029Z2;Jinočany,náměstí;50.0417;14.32751
20260623_142152_L199;20260623_142152;23.06.2026;14:06:00;199;2;4158;14;U418Z2P;Želivského;50.07713;14.48746
20260623_142152_L136;20260623_142152;23.06.2026;14:09:00;136;19;6971;13;U680Z3P;Jižní Město;50.06889;14.46899
20260623_142152_L136;20260623_142152;23.06.2026;14:08:00;136;18;5020;13;U417Z1P;Jižní Město;50.04292;14.48774
20260623_142152_L188;20260623_142152;23.06.2026;14:09:00;188;8;6949;11;U418Z2P;Želivského;50.07711;14.48908
20260623_142152_L415;20260623_142152;23.06.2026;14:05:00;415;12;8385;13;U32230Z1;Kadaň,aut.nádr.;50.20932;13.58797
20260623_142152_L720;20260623_142152;23.06.2026;14:02:00;720;3;10270;13;U2987Z11;Praha,Černý Most;50.40058;14.91976
20260623_142152_L324;20260623_142152;23.06.2026;14:10:00;324;20;8957;10;U1915Z1;Praha,Zličín;50.18187;14.02534
20260623_142152_L339;20260623_142152;23.06.2026;14:11:00;339;11;9952;10;U1588Z1;Týnec n.Sáz.,žel.st.;49.86629;14.58944
20260623_142152_L369;20260623_142152;23.06.2026;14:11:00;369;41;8232;10;U1976Z2;Praha,Ládví;50.16914;14.48387
20260623_142152_L345;20260623_142152;23.06.2026;14:08:00;345;37;8656;10;U3392Z2;Mladá Boleslav,aut.st.;50.41919;14.91723
20260623_142152_L738;20260623_142152;23.06.2026;14:10:00;738;39;8603;10;U6346Z2;Mnichovo Hradiště,dopravní terminál;50.52562;14.96536
20260623_142152_L678;20260623_142152;23.06.2026;14:08:00;678;32;8615;11;U2578Z2;Pečky,žel.st.;50.13564;15.10772
20260623_142152_L463;20260623_142152;23.06.2026;14:07:00;463;6;9577;14;U9884Z1;Městec Králové,nám.;50.30321;15.17115
20260623_142152_L387;20260623_142152;23.06.2026;14:11:00;387;15;9368;10;U2014Z1;Uhlířské Janovice,nám.;49.99195;14.85244
20260623_142152_L400;20260623_142152;23.06.2026;14:10:00;400;57;1085;10;U31046Z5;Praha,Střížkov;50.53496;14.52547
20260623_142152_L473;20260623_142152;23.06.2026;14:10:00;473;46;8122;12;U3311Z1;Zálezlice,Kozárovice;50.26823;14.50707
20260623_142152_L714;20260623_142152;23.06.2026;14:07:00;714;21;9086;13;U3394Z1;Kněžmost,nám.;50.4415;14.94192
20260623_142152_L737;20260623_142152;23.06.2026;14:11:00;737;9;9591;10;U6162Z1;Bělá p.Bezd.,Atmos;50.50089;14.80946
20260623_142152_L155;20260623_142152;23.06.2026;14:09:00;155;1;9467;12;U1387Z1P;Poliklinika Malešice;50.08012;14.50615
20260623_142152_L199;20260623_142152;23.06.2026;14:09:00;199;1;4103;13;U418Z1P;Sídliště Malešice;50.08052;14.4891
20260623_142152_L590;20260623_142152;23.06.2026;14:11:00;590;28;7703;10;U9291Z3;Nové Strašecí,Palackého;50.13747;13.96607
20260623_142152_L456;20260623_142152;23.06.2026;14:07:00;456;36;7077;15;U32515Z1;Miličín;49.4897;14.8707
20260623_142152_L502;20260623_142152;23.06.2026;14:10:00;502;6;9525;10;U9731Z2;Příbram,Svatá Hora;49.68543;14.00677
20260623_142152_L650;20260623_142152;23.06.2026;14:10:00;650;23;12559;11;U9268Z1;Kladno,autobusové nádraží;50.23543;14.08863
20260623_142152_L126;20260623_142152;23.06.2026;14:08:00;126;4;3861;13;U336Z3P;Koleje Jižní Město;50.03156;14.59852
20260623_142152_L201;20260623_142152;23.06.2026;14:12:00;201;1;4127;10;U125Z2P;Nádraží Holešovice;50.13888;14.50472
20260623_142552_L324;20260623_142552;23.06.2026;14:14:00;324;20;8957;10;U4933Z2;Praha,Zličín;50.16648;14.01975
20260623_142552_L188;20260623_142552;23.06.2026;14:14:00;188;10;5505;10;U418Z2P;Želivského;50.07756;14.48901
20260623_142552_L199;20260623_142552;23.06.2026;14:12:00;199;1;4103;13;U660Z1P;Sídliště Malešice;50.08282;14.50619
20260623_142552_L136;20260623_142552;23.06.2026;14:13:00;136;19;6971;13;U183Z3P;Jižní Město;50.05668;14.47128
20260623_142552_L188;20260623_142552;23.06.2026;14:09:00;188;8;6949;14;U418Z2P;Želivského;50.07773;14.48122
20260623_142552_L136;20260623_142552;23.06.2026;14:11:00;136;20;6882;14;U2787Z2P;Jižní Město;50.08777;14.45668
20260623_142552_L473;20260623_142552;23.06.2026;14:12:00;473;46;8122;12;U1955Z1;Zálezlice,Kozárovice;50.2826;14.49584
20260623_142552_L466;20260623_142552;23.06.2026;14:13:00;466;22;1056;12;U4383Z2;Mělník,aut.nádr.;50.34932;14.45934
20260623_142552_L714;20260623_142552;23.06.2026;14:11:00;714;21;9086;13;U6218Z1;Kněžmost,nám.;50.44895;14.97541
20260623_142552_L384;20260623_142552;23.06.2026;14:15:00;384;15;9903;10;U1230Z2;Hořovice,nám.B.Němcové;49.87471;13.89469
20260623_142552_L641;20260623_142552;23.06.2026;14:14:00;641;23;9561;10;U9855Z55;Zdice,nám.;49.87392;13.94903
20260623_142552_L633;20260623_142552;23.06.2026;14:15:00;633;54;9582;10;U4182Z2;Liteň,nám.;49.96544;14.07055
20260623_142552_L369;20260623_142552;23.06.2026;14:15:00;369;41;8232;10;U287Z6;Praha,Ládví;50.14757;14.48639
20260623_142552_L502;20260623_142552;23.06.2026;14:14:00;502;6;9525;11;U3287Z13;Příbram,Svatá Hora;49.69142;14.0031
20260623_142552_L738;20260623_142552;23.06.2026;14:15:00;738;39;8603;10;U3253Z2;Mnichovo Hradiště,dopravní terminál;50.52195;14.9768
20260623_142552_L737;20260623_142552;23.06.2026;14:15:00;737;9;9591;10;U6164Z1;Bělá p.Bezd.,Atmos;50.50509;14.79561
20260623_142552_L678;20260623_142552;23.06.2026;14:12:00;678;32;8615;13;U9600Z2;Pečky,žel.st.;50.1263;15.10764
20260623_142552_L650;20260623_142552;23.06.2026;14:12:00;650;23;12559;13;U4835Z1;Kladno,autobusové nádraží;50.23194;14.08396
20260623_142552_L146;20260623_142552;23.06.2026;14:11:00;146;3;9121;11;U767Z1P;Želivského;50.08061;14.48744
20260623_142552_L136;20260623_142552;23.06.2026;14:13:00;136;18;5020;13;U344Z1P;Jižní Město;50.03148;14.50549
20260623_142552_L126;20260623_142552;23.06.2026;14:08:00;126;4;3861;17;U336Z3P;Koleje Jižní Město;50.03156;14.59852
20260623_142552_L188;20260623_142552;23.06.2026;14:15:00;188;7;5560;11;U161Z1P;Kavčí hory;50.08127;14.49597
20260623_142953_L228;20260623_142953;23.06.2026;14:14:00;228;13;9012;13;U9690Z1P;Benice;50.03631;14.5921
20260623_142953_L229;20260623_142953;23.06.2026;14:19:00;229;6;4521;10;U435Z1P;Královice;50.03906;14.58843
20260623_142953_L188;20260623_142953;23.06.2026;14:14:00;188;10;5505;13;U418Z2P;Želivského;50.07717;14.48755
20260623_142953_L387;20260623_142953;23.06.2026;14:15:00;387;6;9376;10;U967Z1;Uhlířské Janovice,nám.;50.03819;14.59017
20260623_142953_L199;20260623_142953;23.06.2026;14:17:00;199;6;3966;11;U418Z2P;Želivského;50.07718;14.4891
20260623_142953_L133;20260623_142953;23.06.2026;14:20:00;133;5;3961;10;U418Z1P;Sídliště Malešice;50.08042;14.48791
20260623_142953_L136;20260623_142953;23.06.2026;14:14:00;136;20;6882;15;U516Z3P;Jižní Město;50.08212;14.45945
20260623_142953_L633;20260623_142953;23.06.2026;14:18:00;633;54;9582;10;U1746Z1;Liteň,nám.;49.95907;14.06212
20260623_142953_L199;20260623_142953;23.06.2026;14:19:00;199;5;3967;11;U418Z1P;Sídliště Malešice;50.0805;14.48897
20260623_142953_L136;20260623_142953;23.06.2026;14:17:00;136;19;6971;13;U322Z3P;Jižní Město;50.04603;14.484
20260623_142953_L126;20260623_142953;23.06.2026;14:16:00;126;52;3846;14;U336Z3P;Koleje Jižní Město;50.03234;14.59764
20260623_142953_L188;20260623_142953;23.06.2026;14:19:00;188;7;5560;11;U827Z1P;Kavčí hory;50.07946;14.50884
20260623_142953_L126;20260623_142953;23.06.2026;14:08:00;126;4;3861;21;U336Z3P;Koleje Jižní Město;50.03156;14.59852
20260623_142953_L523;20260623_142953;23.06.2026;14:19:00;523;1;59498;10;U31851Z1;Rožmitál p.Tř.,aut.st.;49.61509;13.60545
20260623_142953_L502;20260623_142953;23.06.2026;14:17:00;502;6;9525;12;U9712Z4;Příbram,Svatá Hora;49.68993;14.0153
20260623_142953_L650;20260623_142953;23.06.2026;14:18:00;650;22;12536;10;U9004Z2;Litoměřice,žel.st.hor.;50.37398;14.11852
20260623_142953_L463;20260623_142953;23.06.2026;14:19:00;463;6;9577;10;U6705Z1;Městec Králové,nám.;50.2786;15.2706
20260623_142953_L678;20260623_142953;23.06.2026;14:17:00;678;32;8615;12;U9590Z2;Pečky,žel.st.;50.09484;15.14659
20260623_142953_L466;20260623_142953;23.06.2026;14:15:00;466;22;1056;12;U3351Z2;Mělník,aut.nádr.;50.35977;14.471
20260623_142953_L473;20260623_142953;23.06.2026;14:17:00;473;46;8122;13;U1784Z2;Zálezlice,Kozárovice;50.29531;14.47751
20260623_142953_L714;20260623_142953;23.06.2026;14:16:00;714;21;9086;13;U6219Z1;Kněžmost,nám.;50.45997;15.00113
20260623_142953_L369;20260623_142953;23.06.2026;14:18:00;369;41;8232;10;U651Z6;Praha,Ládví;50.12964;14.48049
20260623_142953_L359;20260623_142953;23.06.2026;14:20:00;359;62;8709;10;U869Z1;Praha,Suchdol;50.13742;14.3684
20260623_142953_L203;20260623_142953;23.06.2026;14:19:00;203;8;1940;10;U4133Z1P;Háje;50.02692;14.53027
20260623_142953_L307;20260623_142953;23.06.2026;14:19:00;307;12;8991;10;U1643Z2;Praha,Zličín;50.05213;14.27479
20260623_142953_L590;20260623_142953;23.06.2026;14:19:00;590;28;7703;10;U4299Z2;Nové Strašecí,Palackého;50.14017;13.92013
20260623_142953_L383;20260623_142953;23.06.2026;14:17:00;383;32;9109;11;U542Z2;Praha,Háje;50.03723;14.59119
20260623_142953_L384;20260623_142953;23.06.2026;14:18:00;384;15;9903;12;U9613Z2;Hořovice,nám.B.Němcové;49.86079;13.89336
20260623_142953_L386;20260623_142953;23.06.2026;14:20:00;386;32;1463;10;U3094Z1;Kladno,autobusové nádraží;50.14251;14.09762
20260623_142953_L387;20260623_142953;23.06.2026;14:20:00;387;15;9368;10;U1979Z1;Uhlířské Janovice,nám.;49.98319;14.87835
20260623_142953_L400;20260623_142953;23.06.2026;14:19:00;400;57;1085;10;U6078Z2;Praha,Střížkov;50.4884;14.48513
20260623_142953_L415;20260623_142953;23.06.2026;14:15:00;415;12;8385;12;U5093Z1;Kadaň,aut.nádr.;50.26385;13.54057
20260623_142953_L136;20260623_142953;23.06.2026;14:18:00;136;18;5020;12;U353Z1P;Jižní Město;50.02604;14.52115
20260623_143354_L228;20260623_143354;23.06.2026;14:21:00;228;14;9014;10;U1071Z2P;Poliklinika Malešice;50.07698;14.51874
20260623_143354_L136;20260623_143354;23.06.2026;14:20:00;136;19;6971;13;U181Z1P;Jižní Město;50.03945;14.49054
20260623_143354_L136;20260623_143354;23.06.2026;14:20:00;136;18;5020;13;U286Z5P;Jižní Město;50.03069;14.52992
20260623_143354_L188;20260623_143354;23.06.2026;14:19:00;188;1;5525;13;U418Z2P;Želivského;50.07708;14.48922
20260623_143354_L594;20260623_143354;23.06.2026;14:23:00;594;8;7303;10;U4776Z1;Slaný,aut.nádr.;50.22842;14.09493
20260623_143354_L126;20260623_143354;23.06.2026;14:22:00;126;5;3739;10;U461Z2P;Koleje Jižní Město;50.03359;14.5959
20260623_143354_L199;20260623_143354;23.06.2026;14:17:00;199;6;3966;15;U418Z2P;Želivského;50.07712;14.48777
20260623_143354_L229;20260623_143354;23.06.2026;14:19:00;229;6;4521;14;U435Z1P;Královice;50.03868;14.589
20260623_143354_L199;20260623_143354;23.06.2026;14:22:00;199;5;3967;11;U660Z1P;Sídliště Malešice;50.08279;14.50616
20260623_143354_L387;20260623_143354;23.06.2026;14:15:00;387;6;9376;14;U967Z1;Uhlířské Janovice,nám.;50.038;14.59035
20260623_143354_L400;20260623_143354;23.06.2026;14:19:00;400;57;1085;11;U6078Z2;Praha,Střížkov;50.47596;14.47888
20260623_143354_L126;20260623_143354;23.06.2026;14:16:00;126;52;3846;18;U336Z3P;Koleje Jižní Město;50.03216;14.59795
20260623_143354_L136;20260623_143354;23.06.2026;14:22:00;136;2;6732;10;U516Z3P;Jižní Město;50.0789;14.46045
20260623_143354_L188;20260623_143354;23.06.2026;14:22:00;188;14;6869;10;U921Z6P;Kavčí hory;50.08022;14.48764
20260623_143354_L126;20260623_143354;23.06.2026;14:08:00;126;4;3861;25;U336Z3P;Koleje Jižní Město;50.03156;14.59852
20260623_143354_L415;20260623_143354;23.06.2026;14:23:00;415;3;12431;10;U32300Z1;Praha,Zličín;50.32365;13.54321
20260623_143354_L383;20260623_143354;23.06.2026;14:20:00;383;32;9109;13;U402Z2;Praha,Háje;50.03675;14.57819
20260623_143354_L384;20260623_143354;23.06.2026;14:22:00;384;15;9903;12;U9615Z2;Hořovice,nám.B.Němcové;49.84375;13.88989
20260623_143354_L387;20260623_143354;23.06.2026;14:24:00;387;15;9368;10;U1313Z1;Uhlířské Janovice,nám.;49.95795;14.88298
20260623_143354_L415;20260623_143354;23.06.2026;14:19:00;415;12;8385;11;U32232Z1;Kadaň,aut.nádr.;50.28088;13.55555
20260623_143354_L209;20260623_143354;23.06.2026;14:20:00;209;47;9188;12;U461Z2P;Letňany;50.03317;14.59644
20260623_143354_L226;20260623_143354;23.06.2026;14:19:00;226;9;1598;13;U435Z3P;Lipany;50.03764;14.59068
20260623_143354_L228;20260623_143354;23.06.2026;14:14:00;228;13;9012;18;U9690Z1P;Benice;50.03629;14.59214
20260623_143354_L311;20260623_143354;23.06.2026;14:19:00;311;77;9583;15;U1648Z2;Praha,Zličín;50.03009;14.22156
20260623_143354_L311;20260623_143354;23.06.2026;14:22:00;311;41;9614;10;U9217Z2;Praha,Zličín;49.9229;14.25499
20260623_143354_L463;20260623_143354;23.06.2026;14:21:00;463;6;9577;12;U6707Z1;Městec Králové,nám.;50.27469;15.28192
20260623_143354_L678;20260623_143354;23.06.2026;14:22:00;678;32;8615;11;U9601Z3;Pečky,žel.st.;50.09629;15.10721
20260623_143354_L349;20260623_143354;23.06.2026;14:23:00;349;28;8215;10;U467Z2;Praha,Ládví;50.12842;14.4786
20260623_143354_L369;20260623_143354;23.06.2026;14:20:00;369;44;8275;13;U1786Z2;Praha,Ládví;50.29681;14.50355
20260623_143354_L450;20260623_143354;23.06.2026;14:23:00;450;24;7505;11;U7770Z1;Sedlčany,aut.st.;49.57517;14.39764
20260623_143354_L523;20260623_143354;23.06.2026;14:22:00;523;1;59498;10;U31853Z2;Rožmitál p.Tř.,aut.st.;49.60501;13.63913
20260623_143354_L714;20260623_143354;23.06.2026;14:19:00;714;21;9086;13;U9452Z1;Kněžmost,nám.;50.48378;15.03239
20260623_143354_L737;20260623_143354;23.06.2026;14:20:00;737;7;9765;12;U3392Z1;Bělá p.Bezd.,Atmos;50.4374;14.90815
20260623_143354_L473;20260623_143354;23.06.2026;14:19:00;473;46;8122;12;U1783Z2;Zálezlice,Kozárovice;50.28821;14.45262
20260623_143354_L633;20260623_143354;23.06.2026;14:22:00;633;54;9582;11;U2848Z6;Liteň,nám.;49.95757;14.07246
20260623_143354_L773;20260623_143354;23.06.2026;14:21:00;773;1;7546;11;U7917Z1;Sázava,aut.st.;49.8386;14.90972
20260623_143354_L466;20260623_143354;23.06.2026;14:20:00;466;22;1056;12;U1794Z2;Mělník,aut.nádr.;50.34982;14.48766
20260623_143755_L126;20260623_143755;23.06.2026;14:22:00;126;5;3739;13;U461Z2P;Koleje Jižní Město;50.03309;14.59666
20260623_143755_L136;20260623_143755;23.06.2026;14:24:00;136;19;6971;13;U106Z2P;Jižní Město;50.02753;14.50773
20260623_143755_L382;20260623_143755;23.06.2026;14:25:00;382;10;9953;10;U967Z1;Sázava,aut.st.;50.03632;14.58175
20260623_143755_L199;20260623_143755;23.06.2026;14:27:00;199;1;4103;10;U418Z2P;Želivského;50.07999;14.48758
20260623_143755_L188;20260623_143755;23.06.2026;14:19:00;188;1;5525;16;U418Z2P;Želivského;50.07724;14.48632
20260623_143755_L188;20260623_143755;23.06.2026;14:24:00;188;12;6771;11;U418Z2P;Želivského;50.0771;14.48741
20260623_143755_L136;20260623_143755;23.06.2026;14:26:00;136;2;6732;11;U518Z3P;Jižní Město;50.07591;14.45918
20260623_143755_L387;20260623_143755;23.06.2026;14:15:00;387;6;9376;18;U967Z1;Uhlířské Janovice,nám.;50.03729;14.59104
20260623_143755_L229;20260623_143755;23.06.2026;14:19:00;229;6;4521;18;U435Z1P;Královice;50.03868;14.589
20260623_143755_L188;20260623_143755;23.06.2026;14:25:00;188;14;6869;13;U161Z1P;Kavčí hory;50.08142;14.49705
20260623_143755_L484;20260623_143755;23.06.2026;14:24:00;484;31;8144;13;U2315Z1;Úvaly,žel.st.;50.07421;14.72305
20260623_143755_L718;20260623_143755;23.06.2026;14:26:00;718;32;8608;11;U6364Z1;Sobotka,nám.;50.51828;14.98502
20260623_143755_L188;20260623_143755;23.06.2026;14:28:00;188;7;5560;10;U198Z1P;Kavčí hory;50.06493;14.49316
20260623_143755_L133;20260623_143755;23.06.2026;14:28:00;133;6;3955;10;U418Z1P;Sídliště Malešice;50.0805;14.48899
20260623_143755_L126;20260623_143755;23.06.2026;14:08:00;126;4;3861;29;U336Z3P;Koleje Jižní Město;50.03156;14.59854
20260623_143755_L209;20260623_143755;23.06.2026;14:23:00;209;47;9188;14;U336Z1P;Letňany;50.03029;14.60051
20260623_143755_L226;20260623_143755;23.06.2026;14:19:00;226;9;1598;17;U435Z3P;Lipany;50.03688;14.59144
20260623_143755_L228;20260623_143755;23.06.2026;14:14:00;228;13;9012;22;U9690Z1P;Benice;50.03411;14.59169
20260623_143755_L228;20260623_143755;23.06.2026;14:25:00;228;14;9014;12;U827Z2P;Poliklinika Malešice;50.08055;14.5084
20260623_143755_L311;20260623_143755;23.06.2026;14:24:00;311;77;9583;13;U1646Z2;Praha,Zličín;50.03706;14.24009
20260623_143755_L311;20260623_143755;23.06.2026;14:26:00;311;41;9614;11;U2569Z1;Praha,Zličín;49.92477;14.24116
20260623_143755_L737;20260623_143755;23.06.2026;14:20:00;737;7;9765;15;U3392Z1;Bělá p.Bezd.,Atmos;50.43694;14.8949
20260623_143755_L380;20260623_143755;23.06.2026;14:24:00;380;1;9984;10;U1142Z2;Praha,Vypich;50.05522;14.28938
20260623_143755_L384;20260623_143755;23.06.2026;14:25:00;384;15;9903;12;U9616Z5;Hořovice,nám.B.Němcové;49.83768;13.89764
20260623_143755_L387;20260623_143755;23.06.2026;14:27:00;387;15;9368;10;U1987Z1;Uhlířské Janovice,nám.;49.9448;14.88325
20260623_143755_L678;20260623_143755;23.06.2026;14:26:00;678;32;8615;11;U2870Z1;Pečky,žel.st.;50.08058;15.07795
20260623_143755_L400;20260623_143755;23.06.2026;14:19:00;400;57;1085;15;U6078Z2;Praha,Střížkov;50.46801;14.47383
20260623_143755_L765;20260623_143755;23.06.2026;14:27:00;765;35;1898;10;U1254Z2;Sibřina;50.04347;14.68186
20260623_143755_L415;20260623_143755;23.06.2026;14:23:00;415;12;8385;13;U31990Z1;Kadaň,aut.nádr.;50.29481;13.55248
20260623_143755_L523;20260623_143755;23.06.2026;14:24:00;523;1;59498;11;U31852Z2;Rožmitál p.Tř.,aut.st.;49.61861;13.66893
20260623_143755_L796;20260623_143755;23.06.2026;14:27:00;796;39;7815;10;U5823Z1;Pyšely,Nám.;49.85432;14.76211
20260623_143755_L633;20260623_143755;23.06.2026;14:25:00;633;54;9582;11;U9015Z2;Liteň,nám.;49.94976;14.10116
20260623_143755_L825;20260623_143755;23.06.2026;14:26:00;825;43;9581;11;U4256Z1;Mořinka;49.95414;14.206
20260623_143755_L630;20260623_143755;23.06.2026;14:27:00;630;35;8759;10;U1746Z1;Beroun,Jarov,náves;49.95908;14.06217
20260623_143755_L773;20260623_143755;23.06.2026;14:21:00;773;1;7546;13;U7917Z1;Sázava,aut.st.;49.84771;14.90126
20260623_144156_L484;20260623_144156;23.06.2026;14:24:00;484;31;8144;15;U2315Z1;Úvaly,žel.st.;50.07421;14.72305
20260623_144156_L199;20260623_144156;23.06.2026;14:27:00;199;1;4103;14;U418Z2P;Želivského;50.07866;14.48827
20260623_144156_L188;20260623_144156;23.06.2026;14:31:00;188;7;5560;10;U671Z3P;Kavčí hory;50.05701;14.49378
20260623_144156_L188;20260623_144156;23.06.2026;14:29:00;188;13;5036;11;U418Z2P;Želivského;50.07814;14.48863
20260623_144156_L229;20260623_144156;23.06.2026;14:19:00;229;6;4521;21;U435Z1P;Královice;50.03716;14.59118
20260623_144156_L133;20260623_144156;23.06.2026;14:31:00;133;1;3019;10;U16Z1P;Sídliště Malešice;50.08719;14.47102
20260623_144156_L410;20260623_144156;23.06.2026;14:29:00;410;3;11611;11;U31050Z3;Praha,Střížkov;50.66163;14.72187
20260623_144156_L302;20260623_144156;23.06.2026;14:29:00;302;10;4554;12;U1000Z2;Přezletice,Vinořská;50.12492;14.51652
20260623_144156_L133;20260623_144156;23.06.2026;14:29:00;133;7;4112;12;U3018Z1P;Sídliště Malešice;50.08914;14.4432
20260623_144156_L188;20260623_144156;23.06.2026;14:29:00;188;14;6869;13;U827Z1P;Kavčí hory;50.07879;14.50829
20260623_144156_L136;20260623_144156;23.06.2026;14:31:00;136;54;6888;11;U118Z4P;Jižní Město;50.07812;14.46088
20260623_144156_L364;20260623_144156;23.06.2026;14:31:00;364;3;4523;10;U367Z1;Doubek;50.0443;14.58017
20260623_144156_L311;20260623_144156;23.06.2026;14:27:00;311;77;9583;14;U1190Z2;Praha,Zličín;50.04531;14.26008
20260623_144156_L311;20260623_144156;23.06.2026;14:29:00;311;41;9614;12;U2377Z1;Praha,Zličín;49.92571;14.22833
20260623_144156_L323;20260623_144156;23.06.2026;14:28:00;323;16;8742;13;U4395Z1;Koleč,zámek;50.1206;14.26001
20260623_144156_L316;20260623_144156;23.06.2026;14:30:00;316;10;8857;10;U11013Z1;Holubice;50.17722;14.31914
20260623_144156_L146;20260623_144156;23.06.2026;14:29:00;146;4;9401;12;U4260Z2P;Želivského;50.09112;14.50725
20260623_144156_L155;20260623_144156;23.06.2026;14:31:00;155;1;9467;11;U834Z2P;Nemocnice Vinohrady;50.08699;14.48457
20260623_144156_L126;20260623_144156;23.06.2026;14:08:00;126;4;3861;33;U336Z3P;Koleje Jižní Město;50.03157;14.59854
20260623_144156_L473;20260623_144156;23.06.2026;14:31:00;473;46;8122;10;U1773Z1;Neratovice,Kojetická;50.30859;14.42906
20260623_144156_L523;20260623_144156;23.06.2026;14:28:00;523;1;59498;11;U31543Z2;Rožmitál p.Tř.,aut.st.;49.62251;13.71846
20260623_144156_L209;20260623_144156;23.06.2026;14:27:00;209;47;9188;14;U490Z1P;Letňany;50.04219;14.61369
20260623_144156_L227;20260623_144156;23.06.2026;14:30:00;227;3;1591;10;U26Z1P;Nedvězí;50.03597;14.57976
20260623_144156_L633;20260623_144156;23.06.2026;14:28:00;633;54;9582;12;U4140Z1;Liteň,nám.;49.9393;14.08672
20260623_144156_L450;20260623_144156;23.06.2026;14:31:00;450;24;7505;11;U5841Z2;Sedlčany,aut.st.;49.61305;14.38636
20260623_144156_L509;20260623_144156;23.06.2026;14:31:00;509;20;9616;11;U9754Z2;Láz,Horní;49.67387;13.99056
20260623_144156_L718;20260623_144156;23.06.2026;14:26:00;718;32;8608;15;U6364Z1;Sobotka,nám.;50.51828;14.98501
20260623_144156_L796;20260623_144156;23.06.2026;14:32:00;796;39;7815;10;U7882Z1;Pyšely,Nám.;49.8519;14.72548
20260623_144156_L753;20260623_144156;23.06.2026;14:30:00;753;92;7858;11;U1593Z2;Benešov,Terminál;49.83255;14.59001
20260623_144156_L586;20260623_144156;23.06.2026;14:29:00;586;27;7684;12;U4786Z2;Slaný,aut.nádr.;50.23054;14.08313
20260623_144156_L775;20260623_144156;23.06.2026;14:31:00;775;40;9543;10;U3058Z1;Luštěnice,Sluneční;50.31659;14.91199
20260623_144156_L463;20260623_144156;23.06.2026;14:28:00;463;6;9577;13;U6710Z1;Městec Králové,nám.;50.22331;15.28853
20260623_144156_L678;20260623_144156;23.06.2026;14:31:00;678;32;8615;10;U9583Z1;Pečky,žel.st.;50.07108;15.06665
20260623_144156_L617;20260623_144156;23.06.2026;14:32:00;617;36;1897;10;U4717Z2;Roudnice n.L.,žel.st.;50.4247;14.26089
20260623_144156_L136;20260623_144156;23.06.2026;14:30:00;136;19;6971;12;U286Z5P;Jižní Město;50.0306;14.52874
20260623_144156_L380;20260623_144156;23.06.2026;14:28:00;380;1;9984;11;U1141Z5;Praha,Vypich;50.05946;14.29413
20260623_144156_L382;20260623_144156;23.06.2026;14:27:00;382;10;9953;14;U402Z1;Sázava,aut.st.;50.03709;14.58341
20260623_144156_L387;20260623_144156;23.06.2026;14:31:00;387;15;9368;10;U1994Z1;Uhlířské Janovice,nám.;49.91863;14.90327
20260623_144156_L387;20260623_144156;23.06.2026;14:15:00;387;6;9376;22;U967Z1;Uhlířské Janovice,nám.;50.03496;14.59398
20260623_144156_L400;20260623_144156;23.06.2026;14:19:00;400;57;1085;16;U6078Z2;Praha,Střížkov;50.44612;14.47262
20260623_144156_L620;20260623_144156;23.06.2026;14:29:00;620;12;8431;11;U3094Z2;Kladno,autobusové nádraží;50.14476;14.10578
20260623_144156_L630;20260623_144156;23.06.2026;14:31:00;630;35;8759;10;U2848Z5;Beroun,Jarov,náves;49.9574;14.07283
20260623_144156_L415;20260623_144156;23.06.2026;14:29:00;415;12;8385;12;U31993Z1;Kadaň,aut.nádr.;50.32141;13.54345
20260623_144156_L400;20260623_144156;23.06.2026;14:29:00;400;5;11656;11;U6072Z1;Nový Bor,aut.nádr.;50.47415;14.47557
20260623_144556_L718;20260623_144556;23.06.2026;14:26:00;718;32;8608;19;U6364Z1;Sobotka,nám.;50.51828;14.98501
20260623_144556_L415;20260623_144556;23.06.2026;14:31:00;415;12;8385;10;U31994Z3;Kadaň,aut.nádr.;50.32745;13.54647
20260623_144556_L136;20260623_144556;23.06.2026;14:35:00;136;54;6888;10;U855Z1P;Jižní Město;50.07447;14.46388
20260623_144556_L133;20260623_144556;23.06.2026;14:34:00;133;1;3019;11;U767Z1P;Sídliště Malešice;50.0837;14.48197
20260623_144556_L364;20260623_144556;23.06.2026;14:32:00;364;3;4523;12;U123Z1;Doubek;50.04134;14.58513
20260623_144556_L188;20260623_144556;23.06.2026;14:34:00;188;14;6869;12;U713Z4P;Kavčí hory;50.07245;14.49058
20260623_144556_L207;20260623_144556;23.06.2026;14:32:00;207;17;4161;13;U789Z2P;Staroměstská;50.08693;14.44512
20260623_144556_L133;20260623_144556;23.06.2026;14:32:00;133;7;4112;13;U745Z1P;Sídliště Malešice;50.08741;14.45233
20260623_144556_L201;20260623_144556;23.06.2026;14:36:00;201;1;4127;10;U196Z2P;Nádraží Holešovice;50.10881;14.44381
20260623_144556_L199;20260623_144556;23.06.2026;14:27:00;199;1;4103;17;U418Z2P;Želivského;50.07791;14.48885
20260623_144556_L545;20260623_144556;23.06.2026;14:35:00;545;17;9449;10;U9618Z4;Strašice,ObÚ;49.83348;13.90212
20260623_144556_L188;20260623_144556;23.06.2026;14:29:00;188;13;5036;15;U418Z2P;Želivského;50.07728;14.48903
20260623_144556_L302;20260623_144556;23.06.2026;14:32:00;302;10;4554;13;U171Z1;Přezletice,Vinořská;50.126;14.53591
20260623_144556_L199;20260623_144556;23.06.2026;14:34:00;199;5;3967;11;U418Z2P;Želivského;50.07951;14.48777
20260623_144556_L227;20260623_144556;23.06.2026;14:31:00;227;3;1591;13;U402Z1P;Nedvězí;50.03745;14.58453
20260623_144556_L146;20260623_144556;23.06.2026;14:31:00;146;4;9401;13;U694Z4P;Želivského;50.09337;14.49728
20260623_144556_L300;20260623_144556;23.06.2026;14:34:00;300;25;8958;11;U3094Z1;Smečno;50.14473;14.09588
20260623_144556_L382;20260623_144556;23.06.2026;14:33:00;382;19;9944;10;U2137Z2;Praha,Háje;50.03018;14.60552
20260623_144556_L387;20260623_144556;23.06.2026;14:35:00;387;15;9368;10;U2161Z1;Uhlířské Janovice,nám.;49.89847;14.93647
20260623_144556_L387;20260623_144556;23.06.2026;14:15:00;387;6;9376;25;U967Z1;Uhlířské Janovice,nám.;50.03336;14.59625
20260623_144556_L380;20260623_144556;23.06.2026;14:35:00;380;1;9984;10;U113Z4;Praha,Vypich;50.06385;14.31628
20260623_144556_L395;20260623_144556;23.06.2026;14:35:00;395;36;9858;10;U9730Z1;Příbram,Drkolnov;49.68456;14.00722
20260623_144556_L400;20260623_144556;23.06.2026;14:19:00;400;57;1085;18;U6078Z2;Praha,Střížkov;50.42853;14.46554
20260623_144556_L400;20260623_144556;23.06.2026;14:34:00;400;5;11656;11;U6078Z1;Nový Bor,aut.nádr.;50.4939;14.48683
20260623_144556_L753;20260623_144556;23.06.2026;14:34:00;753;92;7858;11;U4511Z4;Benešov,Terminál;49.83456;14.59795
20260623_144556_L155;20260623_144556;23.06.2026;14:34:00;155;1;9467;10;U767Z1P;Nemocnice Vinohrady;50.08047;14.48745
20260623_144556_L509;20260623_144556;23.06.2026;14:33:00;509;20;9616;11;U9741Z1;Láz,Horní;49.67449;13.97846
20260623_144556_L450;20260623_144556;23.06.2026;14:34:00;450;24;7505;11;U5849Z2;Sedlčany,aut.st.;49.61851;14.40657
20260623_144556_L311;20260623_144556;23.06.2026;14:33:00;311;41;9614;12;U1665Z2;Praha,Zličín;49.93805;14.23123
20260623_144556_L316;20260623_144556;23.06.2026;14:33:00;316;10;8857;11;U1691Z1;Holubice;50.19076;14.30399
20260623_144556_L323;20260623_144556;23.06.2026;14:28:00;323;16;8742;17;U4395Z1;Koleč,zámek;50.1206;14.26001
20260623_144556_L633;20260623_144556;23.06.2026;14:33:00;633;54;9582;12;U9018Z2;Liteň,nám.;49.92287;14.09811
20260623_144556_L617;20260623_144556;23.06.2026;14:32:00;617;36;1897;13;U4717Z2;Roudnice n.L.,žel.st.;50.42472;14.26094
20260623_144556_L646;20260623_144556;23.06.2026;14:31:00;646;11;8068;11;U1791Z1;Kralupy n.Vlt.,žel.st.;50.34712;14.49236
20260623_144556_L775;20260623_144556;23.06.2026;14:31:00;775;40;9543;14;U3058Z1;Luštěnice,Sluneční;50.31659;14.91199
20260623_144556_L714;20260623_144556;23.06.2026;14:31:00;714;11;1816;10;U31160Z2;Kněžmost,nám.;50.49563;15.11704
20260623_144556_L523;20260623_144556;23.06.2026;14:34:00;523;1;59498;11;U5960Z2;Rožmitál p.Tř.,aut.st.;49.62254;13.75668
20260623_144556_L410;20260623_144556;23.06.2026;14:32:00;410;3;11611;13;U31372Z1;Praha,Střížkov;50.65473;14.72592
20260623_144556_L126;20260623_144556;23.06.2026;14:08:00;126;4;3861;37;U336Z3P;Koleje Jižní Město;50.03158;14.59854
20260623_144958_L380;20260623_144958;23.06.2026;14:36:00;380;1;9984;10;U395Z3;Praha,Vypich;50.06761;14.33529
20260623_144958_L146;20260623_144958;23.06.2026;14:37:00;146;4;9401;12;U128Z2P;Želivského;50.08774;14.49073
20260623_144958_L226;20260623_144958;23.06.2026;14:38:00;226;8;1581;12;U336Z2P;Háje;50.03196;14.5982
20260623_144958_L410;20260623_144958;23.06.2026;14:36:00;410;3;11611;13;U31491Z14;Praha,Střížkov;50.63072;14.75107
20260623_144958_L199;20260623_144958;23.06.2026;14:27:00;199;1;4103;21;U418Z2P;Želivského;50.0771;14.48918
20260623_144958_L180;20260623_144958;23.06.2026;14:37:00;180;8;6993;12;U229Z2P;Dejvická;50.08647;14.37159
20260623_144958_L509;20260623_144958;23.06.2026;14:37:00;509;20;9616;12;U9767Z1;Láz,Horní;49.66087;13.95492
20260623_144958_L146;20260623_144958;23.06.2026;14:38:00;146;6;9120;11;U921Z6P;Habrová;50.07914;14.47526
20260623_144958_L584;20260623_144958;23.06.2026;14:39:00;584;18;8370;10;U3390Z2;Vinařice;50.14808;13.74189
20260623_144958_L133;20260623_144958;23.06.2026;14:40:00;133;4;3965;10;U767Z2P;Florenc;50.08373;14.48203
20260623_144958_L415;20260623_144958;23.06.2026;14:37:00;415;12;8385;12;U32378Z1;Kadaň,aut.nádr.;50.3241;13.5418
20260623_144958_L400;20260623_144958;23.06.2026;14:39:00;400;5;11656;10;U31048Z1;Nový Bor,aut.nádr.;50.51938;14.49796
20260623_144958_L382;20260623_144958;23.06.2026;14:33:00;382;19;9944;13;U2137Z2;Praha,Háje;50.02953;14.60322
20260623_144958_L381;20260623_144958;23.06.2026;14:35:00;381;12;9374;11;U967Z1;Zásmuky,nám.;50.03725;14.58391
20260623_144958_L302;20260623_144958;23.06.2026;14:36:00;302;10;4554;14;U202Z3;Přezletice,Vinořská;50.13416;14.5494
20260623_144958_L323;20260623_144958;23.06.2026;14:28:00;323;16;8742;21;U4395Z1;Koleč,zámek;50.1206;14.26001
20260623_144958_L324;20260623_144958;23.06.2026;14:38:00;324;27;8955;12;U4316Z1;Slaný,Rabasova;50.13051;14.13668
20260623_144958_L335;20260623_144958;23.06.2026;14:39:00;335;8;9175;10;U1536Z1;Kamenice,Kult.dům;49.9155;14.58203
20260623_144958_L633;20260623_144958;23.06.2026;14:39:00;633;54;9582;10;U9021Z2;Liteň,nám.;49.91863;14.13837
20260623_144958_L641;20260623_144958;23.06.2026;14:37:00;641;20;9600;11;U9856Z1;Beroun,autobusové nádraží;49.88743;13.95408
20260623_144958_L126;20260623_144958;23.06.2026;14:37:00;126;8;3852;12;U919Z2P;Koleje Jižní Město;50.01725;14.58372
20260623_144958_L617;20260623_144958;23.06.2026;14:32:00;617;36;1897;17;U4717Z2;Roudnice n.L.,žel.st.;50.42471;14.26095
20260623_144958_L775;20260623_144958;23.06.2026;14:31:00;775;40;9543;18;U3058Z1;Luštěnice,Sluneční;50.31659;14.91199
20260623_144958_L450;20260623_144958;23.06.2026;14:39:00;450;24;7505;10;U7930Z2;Sedlčany,aut.st.;49.64464;14.43316
20260623_144958_L753;20260623_144958;23.06.2026;14:37:00;753;92;7858;11;U4513Z1;Benešov,Terminál;49.84693;14.59563
20260623_144958_L523;20260623_144958;23.06.2026;14:36:00;523;1;59498;12;U5959Z2;Rožmitál p.Tř.,aut.st.;49.61664;13.80674
20260623_144958_L349;20260623_144958;23.06.2026;14:35:00;349;23;8208;14;U2334Z1;Praha,Ládví;50.25026;14.49458
20260623_144958_L387;20260623_144958;23.06.2026;14:39:00;387;15;9368;10;U2164Z1;Uhlířské Janovice,nám.;49.88571;14.97278
20260623_144958_L387;20260623_144958;23.06.2026;14:15:00;387;6;9376;29;U967Z1;Uhlířské Janovice,nám.;50.03211;14.59801
20260623_144958_L389;20260623_144958;23.06.2026;14:39:00;389;16;7765;10;U2867Z1;Hořešovice;50.22815;14.09664
20260623_144958_L204;20260623_144958;23.06.2026;14:40:00;204;74;9048;10;U452Z1P;Stavební zóna Horní Počernice;50.11543;14.61347
20260623_144958_L300;20260623_144958;23.06.2026;14:38:00;300;25;8958;12;U4325Z1;Smečno;50.14267;14.08777
20260623_144958_L209;20260623_144958;23.06.2026;14:35:00;209;47;9188;14;U311Z1P;Letňany;50.06522;14.64538
20260623_144958_L311;20260623_144958;23.06.2026;14:39:00;311;41;9614;11;U4256Z2;Praha,Zličín;49.95457;14.20283
20260623_144958_L316;20260623_144958;23.06.2026;14:37:00;316;10;8857;11;U2125Z1;Holubice;50.20076;14.2963
20260623_144958_L646;20260623_144958;23.06.2026;14:36:00;646;11;8068;13;U1793Z7;Kralupy n.Vlt.,žel.st.;50.34947;14.48828
20260623_144958_L718;20260623_144958;23.06.2026;14:26:00;718;32;8608;23;U6364Z1;Sobotka,nám.;50.51828;14.98501
20260623_144958_L133;20260623_144958;23.06.2026;14:37:00;133;1;3019;12;U161Z1P;Sídliště Malešice;50.08143;14.49709
20260623_144958_L188;20260623_144958;23.06.2026;14:38:00;188;14;6869;12;U198Z1P;Kavčí hory;50.06548;14.4926
20260623_144958_L207;20260623_144958;23.06.2026;14:32:00;207;17;4161;17;U789Z2P;Staroměstská;50.08692;14.44514
20260623_144958_L188;20260623_144958;23.06.2026;14:29:00;188;13;5036;18;U418Z2P;Želivského;50.07716;14.4871
20260623_144958_L199;20260623_144958;23.06.2026;14:34:00;199;5;3967;15;U418Z2P;Želivského;50.07846;14.48839
20260623_144958_L155;20260623_144958;23.06.2026;14:34:00;155;1;9467;12;U767Z1P;Nemocnice Vinohrady;50.07975;14.48755
20260623_144958_L126;20260623_144958;23.06.2026;14:08:00;126;4;3861;41;U336Z3P;Koleje Jižní Město;50.0317;14.5988
20260623_144958_L796;20260623_144958;23.06.2026;14:39:00;796;39;7815;10;U7431Z1;Pyšely,Nám.;49.86267;14.69929
20260623_145358_L199;20260623_145358;23.06.2026;14:27:00;199;1;4103;25;U418Z2P;Želivského;50.07722;14.48678
20260623_145358_L180;20260623_145358;23.06.2026;14:37:00;180;8;6993;16;U229Z2P;Dejvická;50.08696;14.37557
20260623_145358_L146;20260623_145358;23.06.2026;14:37:00;146;4;9401;14;U128Z2P;Želivského;50.08726;14.48983
20260623_145358_L502;20260623_145358;23.06.2026;14:41:00;502;7;9502;11;U3287Z12;Příbram,Zdaboř,komerční zóna;49.68721;14.00629
20260623_145358_L617;20260623_145358;23.06.2026;14:32:00;617;36;1897;21;U4717Z2;Roudnice n.L.,žel.st.;50.42468;14.26096
20260623_145358_L126;20260623_145358;23.06.2026;14:42:00;126;8;3852;12;U6Z2P;Koleje Jižní Město;50.02433;14.56062
20260623_145358_L302;20260623_145358;23.06.2026;14:39:00;302;10;4554;14;U1104Z1;Přezletice,Vinořská;50.14424;14.54673
20260623_145358_L324;20260623_145358;23.06.2026;14:41:00;324;27;8955;12;U4318Z1;Slaný,Rabasova;50.12714;14.11949
20260623_145358_L389;20260623_145358;23.06.2026;14:39:00;389;33;7760;14;U32191Z1;Chomutov,žel.st.;50.35653;13.7737
20260623_145358_L646;20260623_145358;23.06.2026;14:40:00;646;11;8068;13;U1795Z1;Kralupy n.Vlt.,žel.st.;50.35789;14.47417
20260623_145358_L380;20260623_145358;23.06.2026;14:41:00;380;1;9984;12;U306Z1;Praha,Vypich;50.07487;14.34085
20260623_145358_L381;20260623_145358;23.06.2026;14:35:00;381;12;9374;15;U967Z1;Zásmuky,nám.;50.03742;14.58694
20260623_145358_L387;20260623_145358;23.06.2026;14:42:00;387;15;9368;10;U2175Z1;Uhlířské Janovice,nám.;49.87486;15.00796
20260623_145358_L456;20260623_145358;23.06.2026;14:39:00;456;36;7077;14;U32147Z2;Miličín;49.60481;14.77181
20260623_145358_L523;20260623_145358;23.06.2026;14:41:00;523;1;59498;12;U1777Z2;Rožmitál p.Tř.,aut.st.;49.61377;13.83742
20260623_145358_L584;20260623_145358;23.06.2026;14:43:00;584;18;8370;10;U3143Z2;Vinařice;50.1721;13.74043
20260623_145358_L641;20260623_145358;23.06.2026;14:41:00;641;14;9573;11;U9855Z55;Hořovice,nemocnice;49.88276;13.93352
20260623_145358_L641;20260623_145358;23.06.2026;14:39:00;641;20;9600;14;U9855Z55;Beroun,autobusové nádraží;49.86985;13.94807
20260623_145358_L753;20260623_145358;23.06.2026;14:42:00;753;92;7858;11;U4510Z2;Benešov,Terminál;49.83616;14.60848
20260623_145358_L545;20260623_145358;23.06.2026;14:41:00;545;17;9449;11;U9779Z1;Strašice,ObÚ;49.84088;13.90249
20260623_145358_L509;20260623_145358;23.06.2026;14:42:00;509;20;9616;11;U9771Z1;Láz,Horní;49.66078;13.93421
20260623_145358_L775;20260623_145358;23.06.2026;14:31:00;775;40;9543;22;U3058Z1;Luštěnice,Sluneční;50.31659;14.91199
20260623_145358_L412;20260623_145358;23.06.2026;14:40:00;412;42;9902;10;U9359Z1;Jičín,aut.st.;50.41136;14.99446
20260623_145358_L415;20260623_145358;23.06.2026;14:40:00;415;12;8385;13;U32302Z2;Kadaň,aut.nádr.;50.32406;13.52332
20260623_145358_L226;20260623_145358;23.06.2026;14:41:00;226;8;1581;12;U435Z4P;Háje;50.03772;14.58793
20260623_145358_L300;20260623_145358;23.06.2026;14:42:00;300;25;8958;11;U3095Z1;Smečno;50.14085;14.07176
20260623_145358_L311;20260623_145358;23.06.2026;14:42:00;311;41;9614;11;U1663Z2;Praha,Zličín;49.95701;14.21907
20260623_145358_L323;20260623_145358;23.06.2026;14:28:00;323;16;8742;25;U4395Z1;Koleč,zámek;50.1206;14.26001
20260623_145358_L335;20260623_145358;23.06.2026;14:42:00;335;8;9175;11;U1573Z1;Kamenice,Kult.dům;49.90699;14.55813
20260623_145358_L188;20260623_145358;23.06.2026;14:41:00;188;14;6869;12;U671Z3P;Kavčí hory;50.05703;14.49379
20260623_145358_L136;20260623_145358;23.06.2026;14:44:00;136;2;6732;10;U181Z1P;Jižní Město;50.04012;14.49014
20260623_145358_L718;20260623_145358;23.06.2026;14:26:00;718;32;8608;27;U6364Z1;Sobotka,nám.;50.51828;14.98502
20260623_145358_L366;20260623_145358;23.06.2026;14:43:00;366;9;4512;11;U542Z2;Praha,Depo Hostivař;50.03465;14.59453
20260623_145358_L207;20260623_145358;23.06.2026;14:32:00;207;17;4161;21;U789Z2P;Staroměstská;50.08692;14.44512
20260623_145358_L188;20260623_145358;23.06.2026;14:39:00;188;2;5503;13;U418Z2P;Želivského;50.07702;14.48872
20260623_145358_L139;20260623_145358;23.06.2026;14:43:00;139;18;6979;10;U921Z1P;Sídliště Zbraslav;50.07838;14.47453
20260623_145358_L199;20260623_145358;23.06.2026;14:34:00;199;5;3967;17;U418Z2P;Želivského;50.07817;14.48864
20260623_145358_L126;20260623_145358;23.06.2026;14:08:00;126;4;3861;45;U336Z3P;Koleje Jižní Město;50.03167;14.59884
20260623_145759_L126;20260623_145759;23.06.2026;14:08:00;126;4;3861;49;U336Z3P;Koleje Jižní Město;50.03167;14.59884
20260623_145759_L126;20260623_145759;23.06.2026;14:47:00;126;7;3857;11;U542Z2P;Nádraží Uhříněves;50.03466;14.59454
20260623_145759_L126;20260623_145759;23.06.2026;14:47:00;126;8;3852;11;U151Z2P;Koleje Jižní Město;50.03226;14.53442
20260623_145759_L133;20260623_145759;23.06.2026;14:44:00;133;4;3965;12;U16Z2P;Florenc;50.08745;14.46951
20260623_145759_L136;20260623_145759;23.06.2026;14:47:00;136;2;6732;10;U344Z1P;Jižní Město;50.03152;14.50544
20260623_145759_L139;20260623_145759;23.06.2026;14:44:00;139;13;6837;12;U802Z3P;Sídliště Zbraslav;49.96916;14.38383
20260623_145759_L139;20260623_145759;23.06.2026;14:47:00;139;18;6979;11;U29Z1P;Sídliště Zbraslav;50.07252;14.47047
20260623_145759_L180;20260623_145759;23.06.2026;14:46:00;180;9;5053;10;U229Z2P;Dejvická;50.08702;14.3753
20260623_145759_L181;20260623_145759;23.06.2026;14:47:00;181;1;5042;11;U975Z1P;Opatov;50.0653;14.53644
20260623_145759_L188;20260623_145759;23.06.2026;14:46:00;188;14;6869;11;U1092Z2P;Kavčí hory;50.05692;14.47254
20260623_145759_L188;20260623_145759;23.06.2026;14:39:00;188;2;5503;15;U418Z2P;Želivského;50.07722;14.48661
20260623_145759_L199;20260623_145759;23.06.2026;14:34:00;199;5;3967;22;U418Z2P;Želivského;50.07703;14.4881
20260623_145759_L207;20260623_145759;23.06.2026;14:32:00;207;17;4161;25;U789Z2P;Staroměstská;50.08692;14.44513
20260623_145759_L209;20260623_145759;23.06.2026;14:43:00;209;47;9188;14;U432Z2P;Letňany;50.08014;14.62507
20260623_145759_L226;20260623_145759;23.06.2026;14:45:00;226;1;1654;10;U26Z1P;Benice;50.03655;14.58212
20260623_145759_L226;20260623_145759;23.06.2026;14:45:00;226;8;1581;13;U967Z2P;Háje;50.03461;14.56413
20260623_145759_L228;20260623_145759;23.06.2026;14:46:00;228;11;9044;11;U461Z2P;Benice;50.03311;14.59341
20260623_145759_L229;20260623_145759;23.06.2026;14:46:00;229;1;4526;11;U367Z1P;Královice;50.04592;14.57731
20260623_145759_L300;20260623_145759;23.06.2026;14:44:00;300;25;8958;14;U1918Z1;Smečno;50.14343;14.05748
20260623_145759_L302;20260623_145759;23.06.2026;14:44:00;302;10;4554;14;U1671Z1;Přezletice,Vinořská;50.16003;14.57326
20260623_145759_L308;20260623_145759;23.06.2026;14:47:00;308;9;9555;11;U1674Z2;Praha,Zličín;50.02342;14.2064
20260623_145759_L311;20260623_145759;23.06.2026;14:45:00;311;41;9614;10;U1638Z4;Praha,Zličín;49.97277;14.19919
20260623_145759_L324;20260623_145759;23.06.2026;14:43:00;324;27;8955;15;U4320Z1;Slaný,Rabasova;50.13032;14.11421
20260623_145759_L335;20260623_145759;23.06.2026;14:46:00;335;8;9175;11;U1565Z2;Kamenice,Kult.dům;49.90055;14.58182
20260623_145759_L452;20260623_145759;23.06.2026;14:47:00;452;26;7073;10;U5354Z2;Mladá Vožice,aut.st.;49.67152;14.63437
20260623_145759_L366;20260623_145759;23.06.2026;14:46:00;366;9;4512;11;U123Z2;Praha,Depo Hostivař;50.04395;14.58077
20260623_145759_L369;20260623_145759;23.06.2026;14:43:00;369;44;8275;13;U3242Z2;Praha,Ládví;50.14896;14.48621
20260623_145759_L381;20260623_145759;23.06.2026;14:35:00;381;12;9374;18;U967Z1;Zásmuky,nám.;50.03719;14.59116
20260623_145759_L383;20260623_145759;23.06.2026;14:45:00;383;32;9109;11;U967Z1;Ondřejov,náměstí;50.03614;14.58136
20260623_145759_L389;20260623_145759;23.06.2026;14:45:00;389;16;7765;13;U4786Z1;Hořešovice;50.23027;14.08352
20260623_145759_L389;20260623_145759;23.06.2026;14:44:00;389;33;7760;13;U32416Z1;Chomutov,žel.st.;50.35174;13.72526
20260623_145759_L410;20260623_145759;23.06.2026;14:44:00;410;3;11611;14;U31368Z2;Praha,Střížkov;50.61746;14.70656
20260623_145759_L473;20260623_145759;23.06.2026;14:45:00;473;46;8122;13;U1785Z4;Neratovice,Kojetická;50.28703;14.49572
20260623_145759_L502;20260623_145759;23.06.2026;14:46:00;502;7;9502;12;U9734Z5;Příbram,Zdaboř,komerční zóna;49.67949;13.99976
20260623_145759_L507;20260623_145759;23.06.2026;14:46:00;507;11;9534;12;U9752Z2;Příbram,Jiráskovy sady;49.67262;13.99677
20260623_145759_L545;20260623_145759;23.06.2026;14:43:00;545;17;9449;14;U9616Z3;Strašice,ObÚ;49.83733;13.89477
20260623_145759_L584;20260623_145759;23.06.2026;14:45:00;584;18;8370;11;U3361Z2;Vinařice;50.17302;13.74018
20260623_145759_L617;20260623_145759;23.06.2026;14:32:00;617;36;1897;26;U4717Z2;Roudnice n.L.,žel.st.;50.42469;14.26093
20260623_145759_L641;20260623_145759;23.06.2026;14:46:00;641;20;9600;12;U9854Z1;Beroun,autobusové nádraží;49.89429;13.95967
20260623_145759_L641;20260623_145759;23.06.2026;14:41:00;641;14;9573;15;U9855Z55;Hořovice,nemocnice;49.86706;13.93003
20260623_145759_L646;20260623_145759;23.06.2026;14:40:00;646;11;8068;16;U1795Z1;Kralupy n.Vlt.,žel.st.;50.35741;14.45808
20260623_145759_L718;20260623_145759;23.06.2026;14:26:00;718;32;8608;31;U6364Z1;Sobotka,nám.;50.51829;14.98502
20260623_145759_L723;20260623_145759;23.06.2026;14:46:00;723;20;7036;10;U9359Z1;Kopidlno,nám.;50.40945;14.96924
20260623_145759_L753;20260623_145759;23.06.2026;14:44:00;753;92;7858;13;U4508Z2;Benešov,Terminál;49.83949;14.6169
20260623_145759_L763;20260623_145759;23.06.2026;14:47:00;763;10;9541;10;U3385Z2;Dobrovice,Chloumek;50.38196;14.89185
20260623_145759_L775;20260623_145759;23.06.2026;14:31:00;775;40;9543;26;U3058Z1;Luštěnice,Sluneční;50.31658;14.9133
20260623_150159_L126;20260623_150159;23.06.2026;14:08:00;126;4;3861;52;U336Z3P;Koleje Jižní Město;50.03167;14.59884
20260623_150159_L126;20260623_150159;23.06.2026;14:50:00;126;8;3852;11;U386Z2P;Koleje Jižní Město;50.03559;14.52068
20260623_150159_L133;20260623_150159;23.06.2026;14:49:00;133;4;3965;13;U2787Z2P;Florenc;50.08806;14.45751
20260623_150159_L136;20260623_150159;23.06.2026;14:51:00;136;2;6732;11;U916Z1P;Jižní Město;50.02529;14.51583
20260623_150159_L139;20260623_150159;23.06.2026;14:44:00;139;13;6837;16;U802Z3P;Sídliště Zbraslav;49.96901;14.38395
20260623_150159_L139;20260623_150159;23.06.2026;14:51:00;139;18;6979;10;U67Z7P;Sídliště Zbraslav;50.06817;14.45885
20260623_150159_L180;20260623_150159;23.06.2026;14:50:00;180;9;5053;11;U867Z1P;Dejvická;50.09401;14.3901
20260623_150159_L181;20260623_150159;23.06.2026;14:50:00;181;1;5042;12;U453Z6P;Opatov;50.05303;14.5349
20260623_150159_L188;20260623_150159;23.06.2026;14:51:00;188;14;6869;11;U376Z1P;Kavčí hory;50.05502;14.45363
20260623_150159_L188;20260623_150159;23.06.2026;14:49:00;188;3;6921;11;U418Z2P;Želivského;50.077;14.48864
20260623_150159_L199;20260623_150159;23.06.2026;14:34:00;199;5;3967;25;U418Z2P;Želivského;50.07721;14.48507
20260623_150159_L207;20260623_150159;23.06.2026;14:32:00;207;17;4161;29;U789Z2P;Staroměstská;50.08691;14.44512
20260623_150159_L209;20260623_150159;23.06.2026;14:46:00;209;47;9188;15;U2276Z2P;Letňany;50.0868;14.61719
20260623_150159_L226;20260623_150159;23.06.2026;14:49:00;226;1;1654;12;U435Z3P;Benice;50.03845;14.58963
20260623_150159_L226;20260623_150159;23.06.2026;14:46:00;226;8;1581;13;U338Z2P;Háje;50.0324;14.53462
20260623_150159_L228;20260623_150159;23.06.2026;14:51:00;228;13;9012;10;U3053Z2P;Poliklinika Malešice;50.03048;14.59664
20260623_150159_L228;20260623_150159;23.06.2026;14:48:00;228;11;9044;13;U336Z3P;Benice;50.03006;14.59554
20260623_150159_L229;20260623_150159;23.06.2026;14:46:00;229;1;4526;15;U367Z1P;Královice;50.04387;14.58083
20260623_150159_L240;20260623_150159;23.06.2026;14:51:00;240;11;1764;10;U4117Z2P;Černý Most;50.07072;14.60146
20260623_150159_L300;20260623_150159;23.06.2026;14:47:00;300;25;8958;14;U4793Z1;Smečno;50.16048;14.0489
20260623_150159_L311;20260623_150159;23.06.2026;14:51:00;311;41;9614;10;U1661Z1;Praha,Zličín;49.97013;14.16566
20260623_150159_L324;20260623_150159;23.06.2026;14:43:00;324;27;8955;16;U4320Z1;Slaný,Rabasova;50.13524;14.10589
20260623_150159_L452;20260623_150159;23.06.2026;14:50:00;452;26;7073;11;U6511Z1;Mladá Vožice,aut.st.;49.65267;14.63153
20260623_150159_L366;20260623_150159;23.06.2026;14:47:00;366;9;4512;14;U367Z2;Praha,Depo Hostivař;50.0477;14.57432
20260623_150159_L369;20260623_150159;23.06.2026;14:47:00;369;44;8275;14;U167Z2;Praha,Ládví;50.13773;14.47862
20260623_150159_L369;20260623_150159;23.06.2026;14:51:00;369;47;8233;10;U1796Z1;Štětí,záv.;50.36296;14.46805
20260623_150159_L381;20260623_150159;23.06.2026;14:35:00;381;12;9374;21;U967Z1;Zásmuky,nám.;50.03294;14.59687
20260623_150159_L383;20260623_150159;23.06.2026;14:47:00;383;32;9109;13;U402Z1;Ondřejov,náměstí;50.03741;14.58745
20260623_150159_L389;20260623_150159;23.06.2026;14:48:00;389;16;7765;13;U4836Z1;Hořešovice;50.23579;14.07435
20260623_150159_L389;20260623_150159;23.06.2026;14:48:00;389;33;7760;13;U32414Z1;Chomutov,žel.st.;50.36;13.69971
20260623_150159_L401;20260623_150159;23.06.2026;14:46:00;401;62;7773;11;U1384Z1;Praha,Roztyly;49.77999;14.68392
20260623_150159_L410;20260623_150159;23.06.2026;14:46:00;410;3;11611;14;U32510Z2;Praha,Střížkov;50.58592;14.72536
20260623_150159_L444;20260623_150159;23.06.2026;14:49:00;444;7;9141;12;U2100Z2;Davle,obec;49.89742;14.48554
20260623_150159_L456;20260623_150159;23.06.2026;14:47:00;456;36;7077;14;U6594Z1;Miličín;49.58464;14.70551
20260623_150159_L473;20260623_150159;23.06.2026;14:48:00;473;46;8122;14;U3311Z2;Neratovice,Kojetická;50.26901;14.50659
20260623_150159_L502;20260623_150159;23.06.2026;14:50:00;502;7;9502;11;U9736Z1;Příbram,Zdaboř,komerční zóna;49.67761;13.989
20260623_150159_L545;20260623_150159;23.06.2026;14:46:00;545;17;9449;14;U9826Z2;Strašice,ObÚ;49.82194;13.86679
20260623_150159_L584;20260623_150159;23.06.2026;14:49:00;584;18;8370;12;U3362Z2;Vinařice;50.18895;13.74601
20260623_150159_L617;20260623_150159;23.06.2026;14:32:00;617;36;1897;29;U4717Z2;Roudnice n.L.,žel.st.;50.42468;14.26092
20260623_150159_L641;20260623_150159;23.06.2026;14:48:00;641;20;9600;11;U1229Z1;Beroun,autobusové nádraží;49.90815;13.97256
20260623_150159_L641;20260623_150159;23.06.2026;14:46:00;641;14;9573;16;U9857Z2;Hořovice,nemocnice;49.85839;13.92292
20260623_150159_L718;20260623_150159;23.06.2026;14:26:00;718;32;8608;35;U6364Z1;Sobotka,nám.;50.51829;14.98502
20260623_150159_L723;20260623_150159;23.06.2026;14:50:00;723;20;7036;12;U6261Z3;Kopidlno,nám.;50.41117;14.99502
20260623_150159_L753;20260623_150159;23.06.2026;14:46:00;753;92;7858;13;U2863Z1;Benešov,Terminál;49.8247;14.62414
20260623_150159_L775;20260623_150159;23.06.2026;14:50:00;775;38;9605;10;U1171Z2;Horky n.Jiz.;50.37009;14.96144
20260623_150559_L188;20260623_150559;23.06.2026;14:49:00;188;3;6921;14;U418Z2P;Želivského;50.07772;14.48139
20260623_150559_L126;20260623_150559;23.06.2026;14:54:00;126;8;3852;11;U99Z2P;Koleje Jižní Město;50.03674;14.50866
20260623_150559_L463;20260623_150559;23.06.2026;14:54:00;463;7;9822;11;U6182Z1;Městec Králové,nám.;50.36961;14.99387
20260623_150559_L228;20260623_150559;23.06.2026;14:51:00;228;13;9012;12;U3053Z2P;Poliklinika Malešice;50.03134;14.59831
20260623_150559_L410;20260623_150559;23.06.2026;14:50:00;410;3;11611;13;U31346Z2;Praha,Střížkov;50.56567;14.66803
20260623_150559_L456;20260623_150559;23.06.2026;14:51:00;456;36;7077;13;U6252Z2;Miličín;49.57102;14.66226
20260623_150559_L188;20260623_150559;23.06.2026;14:55:00;188;14;6869;10;U201Z1P;Kavčí hory;50.05732;14.44304
20260623_150559_L776;20260623_150559;23.06.2026;14:56:00;776;17;7837;10;U7159Z1;Zruč n.Sáz.,Sázavan;49.7463;15.09759
20260623_150559_L182;20260623_150559;23.06.2026;14:56:00;182;7;3896;10;U227Z3P;Opatov;50.06125;14.53616
20260623_150559_L139;20260623_150559;23.06.2026;14:44:00;139;13;6837;20;U802Z3P;Sídliště Zbraslav;49.96899;14.38396
20260623_150559_L401;20260623_150559;23.06.2026;14:46:00;401;62;7773;14;U1384Z1;Praha,Roztyly;49.7824;14.68094
20260623_150559_L311;20260623_150559;23.06.2026;14:54:00;311;41;9614;10;U1661Z2;Praha,Zličín;49.97265;14.17977
20260623_150559_L240;20260623_150559;23.06.2026;14:56:00;240;11;1764;10;U448Z2P;Černý Most;50.08118;14.59887
20260623_150559_L226;20260623_150559;23.06.2026;14:52:00;226;1;1654;13;U461Z2P;Benice;50.03336;14.59294
20260623_150559_L502;20260623_150559;23.06.2026;14:53:00;502;7;9502;12;U9753Z1;Příbram,Zdaboř,komerční zóna;49.67065;13.99165
20260623_150559_L507;20260623_150559;23.06.2026;14:55:00;507;11;9534;10;U9723Z1;Příbram,Jiráskovy sady;49.67845;14.01683
20260623_150559_L545;20260623_150559;23.06.2026;14:52:00;545;17;9449;14;U9830Z2;Strašice,ObÚ;49.80538;13.85717
20260623_150559_L641;20260623_150559;23.06.2026;14:50:00;641;14;9573;15;U9779Z3;Hořovice,nemocnice;49.84354;13.90535
20260623_150559_L617;20260623_150559;23.06.2026;14:32:00;617;36;1897;33;U4717Z2;Roudnice n.L.,žel.st.;50.42469;14.26088
20260623_150559_L641;20260623_150559;23.06.2026;14:52:00;641;20;9600;12;U9105Z1;Beroun,autobusové nádraží;49.92329;13.97888
20260623_150559_L366;20260623_150559;23.06.2026;14:47:00;366;9;4512;18;U367Z2;Praha,Depo Hostivař;50.05019;14.57005
20260623_150559_L444;20260623_150559;23.06.2026;14:49:00;444;7;9141;14;U2100Z2;Davle,obec;49.89616;14.46319
20260623_150559_L763;20260623_150559;23.06.2026;14:52:00;763;10;9541;12;U4576Z1;Dobrovice,Chloumek;50.36609;14.92471
20260623_150559_L714;20260623_150559;23.06.2026;14:53:00;714;11;1816;11;U6313Z2;Kněžmost,nám.;50.49959;15.05325
20260623_150559_L336;20260623_150559;23.06.2026;14:53:00;336;19;1444;11;U1141Z3;Jeneč,Lidická;50.05463;14.28208
20260623_150559_L753;20260623_150559;23.06.2026;14:53:00;753;92;7858;11;U4485Z2;Benešov,Terminál;49.80446;14.65093
20260623_150559_L383;20260623_150559;23.06.2026;14:50:00;383;32;9109;15;U542Z1;Ondřejov,náměstí;50.03497;14.59395
20260623_150559_L389;20260623_150559;23.06.2026;14:50:00;389;33;7760;14;U32413Z1;Chomutov,žel.st.;50.36369;13.67843
20260623_150559_L389;20260623_150559;23.06.2026;14:51:00;389;16;7765;12;U4860Z1;Hořešovice;50.2589;14.06299
20260623_150559_L369;20260623_150559;23.06.2026;14:55:00;369;47;8233;10;U3312Z1;Štětí,záv.;50.38395;14.46364
20260623_150559_L464;20260623_150559;23.06.2026;14:55:00;464;22;1056;10;U4378Z1;Horní Beřkovice,točna;50.32187;14.40222
20260623_150559_L452;20260623_150559;23.06.2026;14:53:00;452;26;7073;11;U6492Z1;Mladá Vožice,aut.st.;49.63836;14.64123
20260623_150559_L133;20260623_150559;23.06.2026;14:50:00;133;4;3965;14;U745Z2P;Florenc;50.08676;14.44866
20260623_150559_L188;20260623_150559;23.06.2026;14:54:00;188;9;6810;10;U418Z2P;Želivského;50.07704;14.4891
20260623_150559_L180;20260623_150559;23.06.2026;14:54:00;180;10;6935;11;U229Z2P;Dejvická;50.08662;14.37278
20260623_150559_L228;20260623_150559;23.06.2026;14:51:00;228;11;9044;14;U1385Z1P;Benice;50.0241;14.603
20260623_150559_L723;20260623_150559;23.06.2026;14:52:00;723;20;7036;13;U6262Z1;Kopidlno,nám.;50.40518;15.01239
20260623_150559_L136;20260623_150559;23.06.2026;14:54:00;136;2;6732;12;U286Z5P;Jižní Město;50.03065;14.52877
20260623_150559_L584;20260623_150559;23.06.2026;14:54:00;584;18;8370;12;U3372Z2;Vinařice;50.19456;13.70814
20260623_150559_L126;20260623_150559;23.06.2026;14:08:00;126;4;3861;57;U336Z3P;Koleje Jižní Město;50.03167;14.59884
20260623_150559_L718;20260623_150559;23.06.2026;14:26:00;718;32;8608;38;U6364Z1;Sobotka,nám.;50.51828;14.98499
20260623_150559_L181;20260623_150559;23.06.2026;14:55:00;181;1;5042;11;U160Z1P;Opatov;50.05091;14.52429
20260623_150559_L126;20260623_150559;23.06.2026;14:55:00;126;9;3750;10;U3053Z2P;Nádraží Uhříněves;50.03066;14.59688
20260623_150559_L207;20260623_150559;23.06.2026;14:32:00;207;17;4161;31;U789Z2P;Staroměstská;50.08692;14.44512
20260623_150559_L155;20260623_150559;23.06.2026;14:53:00;155;1;9467;12;U921Z6P;Poliklinika Malešice;50.07914;14.47568
20260623_151001_L126;20260623_151001;23.06.2026;14:08:00;126;4;3861;61;U336Z3P;Koleje Jižní Město;50.03166;14.59884
20260623_151001_L126;20260623_151001;23.06.2026;14:55:00;126;9;3750;13;U3053Z2P;Nádraží Uhříněves;50.03144;14.59843
20260623_151001_L136;20260623_151001;23.06.2026;15:00:00;136;33;5515;10;U1074Z3P;Sídliště Čakovice;50.09542;14.47597
20260623_151001_L136;20260623_151001;23.06.2026;14:59:00;136;54;6888;10;U353Z1P;Jižní Město;50.02892;14.52535
20260623_151001_L139;20260623_151001;23.06.2026;14:44:00;139;13;6837;24;U802Z3P;Sídliště Zbraslav;49.96899;14.38396
20260623_151001_L146;20260623_151001;23.06.2026;14:57:00;146;3;9121;12;U4262Z1P;Želivského;50.09947;14.51439
20260623_151001_L180;20260623_151001;23.06.2026;14:59:00;180;8;6993;11;U321Z13P;Obchodní centrum Zličín;50.10262;14.39424
20260623_151001_L180;20260623_151001;23.06.2026;14:56:00;180;10;6935;13;U182Z2P;Dejvická;50.08783;14.38187
20260623_151001_L181;20260623_151001;23.06.2026;14:57:00;181;1;5042;12;U823Z1P;Opatov;50.04551;14.51957
20260623_151001_L182;20260623_151001;23.06.2026;15:00:00;182;7;3896;10;U472Z4P;Opatov;50.05293;14.52771
20260623_151001_L188;20260623_151001;23.06.2026;15:00:00;188;14;6869;10;U663Z1P;Kavčí hory;50.04893;14.43362
20260623_151001_L188;20260623_151001;23.06.2026;14:54:00;188;9;6810;14;U418Z2P;Želivského;50.0772;14.48648
20260623_151001_L199;20260623_151001;23.06.2026;14:57:00;199;2;4158;11;U418Z2P;Želivského;50.07759;14.489
20260623_151001_L209;20260623_151001;23.06.2026;14:56:00;209;46;9481;11;U1347Z2P;Nádraží Uhříněves;50.11765;14.62554
20260623_151001_L226;20260623_151001;23.06.2026;14:55:00;226;1;1654;14;U336Z1P;Benice;50.03044;14.60033
20260623_151001_L228;20260623_151001;23.06.2026;14:56:00;228;13;9012;14;U542Z12P;Poliklinika Malešice;50.03458;14.59469
20260623_151001_L311;20260623_151001;23.06.2026;15:00:00;311;41;9614;10;U1659Z2;Praha,Zličín;49.98468;14.19472
20260623_151001_L336;20260623_151001;23.06.2026;14:56:00;336;19;1444;13;U1643Z1;Jeneč,Lidická;50.04949;14.267
20260623_151001_L452;20260623_151001;23.06.2026;14:55:00;452;26;7073;13;U6489Z4;Mladá Vožice,aut.st.;49.63867;14.64291
20260623_151001_L369;20260623_151001;23.06.2026;14:58:00;369;42;8278;10;U1785Z3;Mělník,Mlazice;50.29877;14.50694
20260623_151001_L382;20260623_151001;23.06.2026;14:58:00;382;38;9495;10;U435Z3;Sázava,aut.st.;50.03596;14.59258
20260623_151001_L389;20260623_151001;23.06.2026;14:56:00;389;16;7765;14;U9226Z2;Hořešovice;50.2628;14.02848
20260623_151001_L400;20260623_151001;23.06.2026;14:55:00;400;25;11696;12;U6072Z2;Praha,Střížkov;50.44629;14.47262
20260623_151001_L410;20260623_151001;23.06.2026;14:56:00;410;3;11611;12;U9450Z2;Praha,Střížkov;50.57254;14.64729
20260623_151001_L415;20260623_151001;23.06.2026;14:55:00;415;12;8385;14;U32307Z2;Kadaň,aut.nádr.;50.33262;13.42779
20260623_151001_L444;20260623_151001;23.06.2026;14:55:00;444;7;9141;14;U1361Z1;Davle,obec;49.88814;14.44038
20260623_151001_L464;20260623_151001;23.06.2026;14:56:00;464;22;1056;10;U3267Z1;Horní Beřkovice,točna;50.318;14.36948
20260623_151001_L507;20260623_151001;23.06.2026;14:58:00;507;11;9534;11;U9718Z2;Příbram,Jiráskovy sady;49.68667;14.00922
20260623_151001_L531;20260623_151001;23.06.2026;14:58:00;531;6;9574;12;U9731Z1;Příbram,Archiv;49.68195;14.00457
20260623_151001_L545;20260623_151001;23.06.2026;14:57:00;545;17;9449;13;U9861Z2;Strašice,ObÚ;49.77556;13.84154
20260623_151001_L617;20260623_151001;23.06.2026;14:32:00;617;36;1897;37;U4717Z2;Roudnice n.L.,žel.st.;50.42469;14.26085
20260623_151001_L638;20260623_151001;23.06.2026;14:59:00;638;47;9565;10;U9053Z1;Beroun,autobusové nádraží;49.92343;14.06855
20260623_151001_L639;20260623_151001;23.06.2026;15:00:00;639;26;9601;10;U9781Z2;Hořovice,nám.B.Němcové;49.84077;13.91417
20260623_151001_L641;20260623_151001;23.06.2026;14:52:00;641;20;9600;13;U9105Z1;Beroun,autobusové nádraží;49.93358;14.0092
20260623_151001_L713;20260623_151001;23.06.2026;14:58:00;713;44;9916;10;U6293Z1;Sobotka,nám.;50.46465;15.15112
20260623_151001_L718;20260623_151001;23.06.2026;14:26:00;718;32;8608;42;U6364Z1;Sobotka,nám.;50.51827;14.985
20260623_151001_L723;20260623_151001;23.06.2026;14:55:00;723;20;7036;12;U6269Z1;Kopidlno,nám.;50.4019;15.07437
20260623_151001_L753;20260623_151001;23.06.2026;14:58:00;753;92;7858;11;U4483Z2;Benešov,Terminál;49.78456;14.68141
20260623_151001_L775;20260623_151001;23.06.2026;14:59:00;775;38;9605;10;U6260Z2;Horky n.Jiz.;50.35117;14.91369
20260623_151401_L464;20260623_151401;23.06.2026;15:00:00;464;22;1056;10;U4374Z2;Horní Beřkovice,točna;50.33324;14.37272
20260623_151401_L400;20260623_151401;23.06.2026;15:01:00;400;25;11696;12;U6060Z2;Praha,Střížkov;50.42275;14.46411
20260623_151401_L723;20260623_151401;23.06.2026;15:01:00;723;20;7036;12;U6273Z1;Kopidlno,nám.;50.3907;15.10149
20260623_151401_L502;20260623_151401;23.06.2026;15:04:00;502;4;9622;10;U9755Z1;Příbram,Zdaboř,komerční zóna;49.66732;13.99763
20260623_151401_L584;20260623_151401;23.06.2026;15:00:00;584;18;8370;12;U3363Z2;Vinařice;50.19817;13.74743
20260623_151401_L763;20260623_151401;23.06.2026;15:03:00;763;10;9541;10;U4033Z2;Dobrovice,Chloumek;50.37183;14.95049
20260623_151401_L146;20260623_151401;23.06.2026;14:59:00;146;3;9121;14;U4260Z2P;Želivského;50.09265;14.50949
20260623_151401_L617;20260623_151401;23.06.2026;14:32:00;617;36;1897;41;U4717Z2;Roudnice n.L.,žel.st.;50.4247;14.26085
20260623_151401_L639;20260623_151401;23.06.2026;15:03:00;639;26;9601;11;U9784Z1;Hořovice,nám.B.Němcové;49.83465;13.90625
20260623_151401_L374;20260623_151401;23.06.2026;15:02:00;374;14;8080;10;U2259Z1;Odolena Voda,Závod;50.2252;14.40216
20260623_151401_L392;20260623_151401;23.06.2026;15:02:00;392;39;9874;10;U1851Z9;Příbram,aut.nádr.;49.77731;14.15877
20260623_151401_L369;20260623_151401;23.06.2026;15:01:00;369;42;8278;12;U1787Z2;Mělník,Mlazice;50.3086;14.51907
20260623_151401_L382;20260623_151401;23.06.2026;15:02:00;382;38;9495;12;U336Z1;Sázava,aut.st.;50.03148;14.59891
20260623_151401_L226;20260623_151401;23.06.2026;14:59:00;226;1;1654;15;U828Z1P;Benice;50.02549;14.60906
20260623_151401_L228;20260623_151401;23.06.2026;15:00:00;228;13;9012;14;U7040Z2P;Poliklinika Malešice;50.0519;14.58076
20260623_151401_L240;20260623_151401;23.06.2026;15:04:00;240;16;1748;10;U1115Z1P;Černý Most;50.06096;14.58843
20260623_151401_L209;20260623_151401;23.06.2026;15:03:00;209;46;9481;10;U883Z1P;Nádraží Uhříněves;50.10067;14.62542
20260623_151401_L336;20260623_151401;23.06.2026;15:00:00;336;19;1444;14;U11000Z2;Jeneč,Lidická;50.06032;14.23571
20260623_151401_L638;20260623_151401;23.06.2026;15:04:00;638;47;9565;10;U4967Z1;Beroun,autobusové nádraží;49.94791;14.0704
20260623_151401_L180;20260623_151401;23.06.2026;15:04:00;180;16;6937;10;U182Z2P;Dejvická;50.08756;14.38079
20260623_151401_L366;20260623_151401;23.06.2026;15:02:00;366;5;4520;10;U123Z1;Mukařov;50.04167;14.58461
20260623_151401_L139;20260623_151401;23.06.2026;14:44:00;139;13;6837;28;U802Z3P;Sídliště Zbraslav;49.96898;14.38395
20260623_151401_L136;20260623_151401;23.06.2026;15:03:00;136;6;6762;11;U518Z3P;Jižní Město;50.07597;14.45923
20260623_151401_L146;20260623_151401;23.06.2026;15:00:00;146;4;9401;12;U921Z6P;Vinice Hrdlořezy;50.07899;14.47428
20260623_151401_L410;20260623_151401;23.06.2026;14:56:00;410;3;11611;16;U9450Z2;Praha,Střížkov;50.57265;14.64707
20260623_151401_L436;20260623_151401;23.06.2026;15:03:00;436;18;8560;10;U3174Z51;Nymburk,hl.nádr.;50.2706;14.96113
20260623_151401_L182;20260623_151401;23.06.2026;15:01:00;182;7;3896;11;U403Z8P;Opatov;50.05203;14.52277
20260623_151401_L545;20260623_151401;23.06.2026;14:59:00;545;17;9449;14;U9863Z1;Strašice,ObÚ;49.76729;13.84102
20260623_151401_L324;20260623_151401;23.06.2026;15:04:00;324;20;8957;10;U416Z2;Praha,Zličín;50.1022;14.28934
20260623_151401_L311;20260623_151401;23.06.2026;15:00:00;311;74;9597;10;U1601Z1;Řevnice,nádraží;49.9163;14.24277
20260623_151401_L413;20260623_151401;23.06.2026;15:03:00;413;62;8211;11;U4364Z2;Litoměřice,aut.nádr.;50.31269;14.31
20260623_151401_L126;20260623_151401;23.06.2026;14:08:00;126;4;3861;65;U336Z3P;Koleje Jižní Město;50.03166;14.59884
20260623_151401_L393;20260623_151401;23.06.2026;15:02:00;393;47;9913;10;U9751Z1;Příbram,Drkolnov;49.67119;13.99352
20260623_151401_L398;20260623_151401;23.06.2026;15:04:00;398;24;8268;10;U2578Z2;Praha,Černý Most;50.14328;15.12202
20260623_151401_L641;20260623_151401;23.06.2026;15:00:00;641;20;9600;14;U4976Z2;Beroun,autobusové nádraží;49.94283;14.0284
20260623_151401_L444;20260623_151401;23.06.2026;14:59:00;444;7;9141;14;U1357Z1;Davle,obec;49.88766;14.4099
20260623_151401_L718;20260623_151401;23.06.2026;14:26:00;718;32;8608;47;U6364Z1;Sobotka,nám.;50.51827;14.98501
20260623_151401_L199;20260623_151401;23.06.2026;14:57:00;199;2;4158;15;U418Z2P;Želivského;50.07695;14.48834
20260623_151401_L181;20260623_151401;23.06.2026;15:01:00;181;1;5042;13;U344Z4P;Opatov;50.03195;14.50728
20260623_151401_L180;20260623_151401;23.06.2026;15:03:00;180;8;6993;11;U592Z2P;Obchodní centrum Zličín;50.09453;14.39194
20260623_151401_L133;20260623_151401;23.06.2026;15:03:00;133;7;4112;10;U660Z4P;Florenc;50.08328;14.50921
20260623_151401_L531;20260623_151401;23.06.2026;15:01:00;531;6;9574;12;U9751Z1;Příbram,Archiv;49.67594;13.99877
20260623_151801_L136;20260623_151801;23.06.2026;15:05:00;136;6;6762;12;U855Z1P;Jižní Město;50.07444;14.46396
20260623_151801_L464;20260623_151801;23.06.2026;15:06:00;464;22;1056;11;U4372Z2;Horní Beřkovice,točna;50.33586;14.36695
20260623_151801_L366;20260623_151801;23.06.2026;15:04:00;366;5;4520;12;U435Z1;Mukařov;50.03942;14.58784
20260623_151801_L646;20260623_151801;23.06.2026;15:03:00;646;11;8068;14;U2829Z1;Kralupy n.Vlt.,žel.st.;50.30274;14.31665
20260623_151801_L723;20260623_151801;23.06.2026;15:07:00;723;20;7036;11;U31135Z1;Kopidlno,nám.;50.37561;15.13825
20260623_151801_L861;20260623_151801;23.06.2026;15:07:00;861;87;9063;10;U6945Z2;Beroun,autobusové nádraží;49.96022;14.04833
20260623_151801_L180;20260623_151801;23.06.2026;15:06:00;180;16;6937;11;U867Z1P;Dejvická;50.09397;14.39009
20260623_151801_L311;20260623_151801;23.06.2026;15:06:00;311;41;9614;10;U1656Z2;Praha,Zličín;50.01079;14.21454
20260623_151801_L617;20260623_151801;23.06.2026;15:03:00;617;16;7335;11;U4364Z2;Kladno,autobusové nádraží;50.3072;14.29432
20260623_151801_L432;20260623_151801;23.06.2026;15:06:00;432;3;8553;10;U2121Z2;Lysá n.L.,žel.st.;50.26525;14.9485
20260623_151801_L133;20260623_151801;23.06.2026;15:08:00;133;4;3965;10;U3018Z1P;Sídliště Malešice;50.08918;14.44333
20260623_151801_L400;20260623_151801;23.06.2026;15:04:00;400;25;11696;13;U3316Z4;Praha,Střížkov;50.4081;14.44781
20260623_151801_L412;20260623_151801;23.06.2026;15:07:00;412;42;9902;10;U31002Z1;Jičín,aut.st.;50.46345;15.19873
20260623_151801_L139;20260623_151801;23.06.2026;14:44:00;139;13;6837;30;U802Z3P;Sídliště Zbraslav;49.96899;14.38396
20260623_151801_L209;20260623_151801;23.06.2026;15:08:00;209;46;9481;10;U880Z2P;Nádraží Uhříněves;50.08928;14.61229
20260623_151801_L126;20260623_151801;23.06.2026;15:07:00;126;52;3846;11;U969Z2P;Nádraží Uhříněves;50.02686;14.49394
20260623_151801_L324;20260623_151801;23.06.2026;15:06:00;324;20;8957;11;U218Z2;Praha,Zličín;50.09466;14.2946
20260623_151801_L369;20260623_151801;23.06.2026;15:04:00;369;42;8278;13;U1789Z1;Mělník,Mlazice;50.33003;14.49998
20260623_151801_L382;20260623_151801;23.06.2026;15:04:00;382;38;9495;13;U808Z5;Sázava,aut.st.;50.02812;14.61535
20260623_151801_L384;20260623_151801;23.06.2026;15:05:00;384;16;9869;11;U9105Z2;Hořovice,nám.B.Němcové;49.90804;13.97202
20260623_151801_L389;20260623_151801;23.06.2026;15:03:00;389;16;7765;13;U9231Z2;Hořešovice;50.27081;13.98695
20260623_151801_L639;20260623_151801;23.06.2026;15:03:00;639;15;9540;14;U2895Z2;Hořovice,nám.B.Němcové;49.82861;14.04605
20260623_151801_L641;20260623_151801;23.06.2026;15:03:00;641;20;9600;14;U1748Z2;Beroun,autobusové nádraží;49.95131;14.04515
20260623_151801_L588;20260623_151801;23.06.2026;15:04:00;588;25;7689;13;U9242Z2;Milý,Bor;50.24251;13.93921
20260623_151801_L617;20260623_151801;23.06.2026;14:32:00;617;36;1897;45;U4717Z2;Roudnice n.L.,žel.st.;50.42468;14.26088
20260623_151801_L617;20260623_151801;23.06.2026;15:07:00;617;28;8892;10;U4365Z2;Roudnice n.L.,žel.st.;50.33648;14.28436
20260623_151801_L484;20260623_151801;23.06.2026;15:04:00;484;31;8144;12;U2315Z1;Úvaly,žel.st.;50.07395;14.72336
20260623_151801_L146;20260623_151801;23.06.2026;15:00:00;146;4;9401;14;U921Z6P;Vinice Hrdlořezy;50.07901;14.47427
20260623_151801_L726;20260623_151801;23.06.2026;15:05:00;726;37;9592;10;U6264Z1;Žerčice;50.40385;15.00978
20260623_151801_L676;20260623_151801;23.06.2026;15:05:00;676;32;8623;12;U3087Z1;Seletice;50.19995;15.04014
20260623_151801_L584;20260623_151801;23.06.2026;15:05:00;584;18;8370;10;U3364Z2;Vinařice;50.20901;13.76907
20260623_151801_L398;20260623_151801;23.06.2026;15:04:00;398;24;8268;12;U2578Z2;Praha,Černý Most;50.13982;15.11417
20260623_151801_L228;20260623_151801;23.06.2026;15:04:00;228;13;9012;13;U107Z1P;Poliklinika Malešice;50.06366;14.59137
20260623_151801_L240;20260623_151801;23.06.2026;15:06:00;240;16;1748;11;U4117Z2P;Černý Most;50.06813;14.59953
20260623_151801_L226;20260623_151801;23.06.2026;15:04:00;226;1;1654;14;U277Z1P;Benice;50.01116;14.62737
20260623_151801_L227;20260623_151801;23.06.2026;15:06:00;227;3;1591;12;U132Z2P;Háje;50.01739;14.65256
20260623_151801_L336;20260623_151801;23.06.2026;15:03:00;336;19;1444;15;U1178Z4;Jeneč,Lidická;50.06105;14.22594
20260623_151801_L182;20260623_151801;23.06.2026;15:03:00;182;7;3896;14;U160Z1P;Opatov;50.05058;14.52566
20260623_151801_L126;20260623_151801;23.06.2026;15:05:00;126;2;3854;10;U3053Z2P;Nádraží Uhříněves;50.03071;14.59698
20260623_151801_L311;20260623_151801;23.06.2026;15:00:00;311;74;9597;14;U1601Z1;Řevnice,nádraží;49.91596;14.24196
20260623_151801_L126;20260623_151801;23.06.2026;14:08:00;126;4;3861;69;U336Z3P;Koleje Jižní Město;50.03166;14.59884
20260623_151801_L180;20260623_151801;23.06.2026;15:06:00;180;8;6993;11;U182Z1P;Obchodní centrum Zličín;50.08856;14.38089
20260623_151801_L133;20260623_151801;23.06.2026;15:06:00;133;7;4112;12;U161Z2P;Florenc;50.08124;14.4953
20260623_151801_L732;20260623_151801;23.06.2026;15:05:00;732;5;9510;12;U6251Z1;Bělá p.Bezd.,Bezdědice;50.48245;14.70173
20260623_151801_L529;20260623_151801;23.06.2026;15:05:00;529;26;9601;12;U9618Z1;Hvozdec;49.8331;13.90368
