ID Záznamu;Timestamp;Den;Čas příjezdu;Linka;Oběh;Vozidlo;Zpoždění (min);Zastávka;Směr;Zeměpisná šířka (Lat);Zeměpisná délka (Lon)
20260521_083809_L108;20260521_083809;21.05.2026;08:17:00;108;3;2087;20;U334Z2P;Dejvická;50.08635;14.32925
20260521_083809_L166;20260521_083809;21.05.2026;08:11:00;166;2;7985;23;U54Z5P;Domov seniorů Ďáblice;50.11586;14.45978
20260521_083809_L125;20260521_083809;21.05.2026;08:28:00;125;4;5506;10;U978Z2P;Skalka;50.04011;14.55882
20260521_083809_L201;20260521_083809;21.05.2026;08:25:00;201;22;3910;13;U870Z4P;Nádraží Holešovice;50.11775;14.46439
20260521_083809_L400;20260521_083809;21.05.2026;08:04:00;400;55;1088;13;U1793Z1;Praha,Střížkov;50.25636;14.49586
20260521_083809_L394;20260521_083809;21.05.2026;07:57:00;394;24;9904;26;U4273Z1;Praha,Nové Butovice;50.04528;14.24631
20260521_083809_L324;20260521_083809;21.05.2026;08:16:00;324;29;8994;13;U218Z2;Praha,Zličín;50.05527;14.28866
20260521_083809_L332;20260521_083809;21.05.2026;08:17:00;332;24;9130;20;U488Z7;Praha,Budějovická;50.03382;14.45549
20260521_083809_L332;20260521_083809;21.05.2026;08:27:00;332;19;9955;10;U799Z3;Praha,Budějovická;50.0116;14.47667
20260521_083809_L334;20260521_083809;21.05.2026;08:19:00;334;42;7915;18;U315Z1;Psáry;49.98799;14.39803
20260521_083809_L110;20260521_083809;21.05.2026;08:21:00;110;4;8101;14;U65Z2P;Dolní Počernice;50.113;14.52935
20260521_083809_L110;20260521_083809;21.05.2026;08:27:00;110;3;1477;11;U97Z3P;Obchodní centrum Čakovice;50.08484;14.57732
20260521_083809_L117;20260521_083809;21.05.2026;08:26:00;117;1;1916;12;U722Z2P;Nové Komořany;50.02669;14.44607
20260521_083809_L166;20260521_083809;21.05.2026;08:27:00;166;7;1939;11;U606Z2P;Domov seniorů Ďáblice;50.12365;14.50883
20260521_083809_L171;20260521_083809;21.05.2026;08:25:00;171;9;1478;13;U1070Z1P;Ve Žlíbku;50.10252;14.56384
20260521_083809_L588;20260521_083809;21.05.2026;08:20:00;588;29;7703;18;U9241Z2;Milý;50.24198;13.9433
20260521_083809_L641;20260521_083809;21.05.2026;08:18:00;641;10;9547;16;U1229Z1;Beroun,autobusové nádraží;49.91091;13.97622
20260521_083809_L825;20260521_083809;21.05.2026;07:53:00;825;44;9575;40;U4256Z1;Mořinka;49.93848;14.23389
20260521_083809_L387;20260521_083809;21.05.2026;08:10:00;387;14;9944;24;U967Z2;Praha,Háje;50.03404;14.53734
20260521_083809_L401;20260521_083809;21.05.2026;08:25:00;401;64;7873;13;U31279Z1;Tábor,aut.nádr.;49.41282;14.66409
20260521_083809_L406;20260521_083809;21.05.2026;07:56:00;406;28;7927;10;U2139Z1;Praha,Roztyly;50.04115;14.48883
20260521_083809_L330;20260521_083809;21.05.2026;08:12:00;330;7;1289;24;U80Z4;Praha,Nádraží Veleslavín;50.09277;14.31942
20260521_083809_L345;20260521_083809;21.05.2026;08:23:00;345;39;10643;15;U3253Z1;Praha,Černý Most;50.52242;14.97437
20260521_083809_L342;20260521_083809;21.05.2026;08:25:00;342;3;7687;11;U462Z14;Slaný,žel.st.;50.09545;14.34626
20260521_083809_L394;20260521_083809;21.05.2026;07:47:00;394;25;9887;36;U4273Z1;Praha,Nové Butovice;50.04296;14.23873
20260521_083809_L448;20260521_083809;21.05.2026;08:26:00;448;61;1147;12;U1733Z1;Mníšek p.Brdy,náměstí;49.87949;14.27486
20260521_083809_L146;20260521_083809;21.05.2026;08:22:00;146;6;9124;14;U128Z2P;Želivského;50.08724;14.4899
20260521_083809_L585;20260521_083809;21.05.2026;07:32:00;585;18;7034;63;U4201Z1;Poděbrady,žel.st.;50.14867;15.12383
20260521_083809_L204;20260521_083809;21.05.2026;08:21:00;204;74;9047;16;U154Z3P;Sídliště Petrovice;50.04777;14.5552
20260521_083809_L209;20260521_083809;21.05.2026;08:04:00;209;42;9119;33;U542Z2P;Nádraží Uhříněves;50.03425;14.59145
20260521_083809_L209;20260521_083809;21.05.2026;08:25:00;209;44;9188;11;U408Z2P;Letňany;50.12086;14.62504
20260521_083809_L228;20260521_083809;21.05.2026;08:27:00;228;14;9012;10;U1014Z2P;Poliklinika Malešice;50.071;14.54305
20260521_083809_L240;20260521_083809;21.05.2026;08:22:00;240;10;1754;11;U448Z2P;Černý Most;50.09952;14.59315
20260521_083809_L358;20260521_083809;21.05.2026;08:25:00;358;8;8774;12;U1142Z2;Praha,Zličín;50.05568;14.28463
20260521_083809_L369;20260521_083809;21.05.2026;08:25:00;369;31;8232;12;U1796Z2;Praha,Ládví;50.36132;14.4692
20260521_083809_L381;20260521_083809;21.05.2026;08:19:00;381;4;9367;18;U808Z2;Praha,Háje;50.0298;14.60128
20260521_083809_L383;20260521_083809;21.05.2026;08:23:00;383;33;9490;14;U2035Z1;Chocerady;49.9807;14.72977
20260521_083809_L384;20260521_083809;21.05.2026;08:15:00;384;23;9893;19;U1141Z16;Hořovice,nám.B.Němcové;50.04648;14.25027
20260521_083809_L394;20260521_083809;21.05.2026;08:15:00;394;29;9889;22;U602Z12;Zdice,nám.;50.05587;14.33844
20260521_083809_L136;20260521_083809;21.05.2026;08:22:00;136;51;6890;15;U344Z1P;Jižní Město;50.03149;14.50546
20260521_083809_L345;20260521_083809;21.05.2026;08:22:00;345;16;1865;11;U31069Z12;Liberec,aut.nádr.;50.76223;15.0467
20260521_083809_L467;20260521_083809;21.05.2026;08:15:00;467;4;8011;22;U9877Z1;Roudnice n.L.,ČSAD;50.42503;14.23814
20260521_083809_L785;20260521_083809;21.05.2026;08:26:00;785;25;7641;12;U7076Z2;Chlístovice,Pivnisko,rozc.;49.85591;15.14917
20260521_083809_L433;20260521_083809;21.05.2026;08:27:00;433;27;8569;10;U2594Z2;Pečky,žel.st.;50.1593;15.00964
20260521_083809_L617;20260521_083809;21.05.2026;08:24:00;617;15;7325;12;U4802Z2;Kladno,autobusové nádraží;50.20079;14.06996
20260521_083809_L136;20260521_083809;21.05.2026;08:19:00;136;26;5505;18;U743Z2P;Jižní Město;50.08602;14.45546
20260521_083809_L161;20260521_083809;21.05.2026;08:24:00;161;7;4539;12;U440Z2P;Bořislavka;50.10845;14.35284
20260521_083809_L136;20260521_083809;21.05.2026;08:05:00;136;4;5533;33;U344Z1P;Jižní Město;50.03155;14.5055
20260521_083809_L191;20260521_083809;21.05.2026;08:25:00;191;6;3810;13;U507Z1P;Klamovka;50.08835;14.34557
20260521_083809_L120;20260521_083809;21.05.2026;08:24:00;120;9;3719;14;U3209Z1P;Pod Lochkovem;50.02353;14.3584
20260521_083809_L136;20260521_083809;21.05.2026;08:18:00;136;9;6988;18;U1074Z4P;Jižní Město;50.09433;14.47381
20260521_083809_L138;20260521_083809;21.05.2026;08:25:00;138;14;2320;12;U908Z1P;Ústavy Akademie věd;50.02056;14.46354
20260521_083809_L177;20260521_083809;21.05.2026;08:26:00;177;17;6774;12;U345Z1P;Poliklinika Mazurská;50.13258;14.42834
20260521_083809_L108;20260521_083809;21.05.2026;08:24:00;108;4;2055;10;U1167Z2P;Divoká Šárka;50.08921;14.32378
20260521_083809_L382;20260521_083809;21.05.2026;08:26:00;382;38;9139;10;U2137Z2;Praha,Háje;50.0311;14.60971
20260521_083809_L250;20260521_083809;21.05.2026;08:27:00;250;3;6873;11;U36Z1P;Sídliště Rohožník;50.07857;14.6466
20260521_083809_L136;20260521_083809;21.05.2026;08:20:00;136;8;5098;17;U29Z1P;Jižní Město;50.07252;14.47047
20260521_083809_L133;20260521_083809;21.05.2026;08:28:00;133;9;3956;10;U767Z1P;Sídliště Malešice;50.08436;14.48185
20260521_083809_L183;20260521_083809;21.05.2026;08:26:00;183;8;6784;11;U574Z2P;Sídliště Ďáblice;50.09046;14.50489
20260521_083809_L380;20260521_083809;21.05.2026;08:24:00;380;5;9983;14;U1644Z2;Praha,Vypich;50.04198;14.25301
20260521_083809_L377;20260521_083809;21.05.2026;08:22:00;377;23;1332;16;U771Z2;Praha,Letňany;50.13432;14.50593
20260521_083809_L171;20260521_083809;21.05.2026;08:26:00;171;14;8136;11;U859Z1P;Ve Žlíbku;50.11414;14.60541
20260521_083809_L410;20260521_083809;21.05.2026;08:22:00;410;14;11697;10;U1792Z1;Praha,Střížkov;50.30914;14.51545
20260521_083809_L493;20260521_083809;21.05.2026;08:22:00;493;15;8576;12;U3159Z1;Poděbrady,žel.st.;50.14122;15.11615
20260521_083809_L384;20260521_083809;21.05.2026;08:13:00;384;19;9915;18;U2370Z2;Praha,Zličín;50.02891;14.20885
20260521_083809_L326;20260521_083809;21.05.2026;08:28:00;326;21;5130;10;U730Z2;Praha,Opatov;50.0186;14.51045
20260521_083809_L175;20260521_083809;21.05.2026;08:27:00;175;10;3825;10;U516Z4P;Florenc;50.08337;14.45845
20260521_083809_L139;20260521_083809;21.05.2026;08:26:00;139;15;6841;11;U415Z2P;Želivského;50.04436;14.4621
20260521_083809_L136;20260521_083809;21.05.2026;08:27:00;136;7;6977;11;U344Z1P;Jižní Město;50.03177;14.50441
20260521_083809_L136;20260521_083809;21.05.2026;08:21:00;136;58;6948;17;U603Z2P;Jižní Město;50.11877;14.49954
20260521_083809_L300;20260521_083809;21.05.2026;08:19:00;300;22;8998;17;U80Z4;Praha,Nádraží Veleslavín;50.09288;14.31646
20260521_083809_L304;20260521_083809;21.05.2026;08:25:00;304;11;8350;10;U444Z1;Praha,Vypich;50.0779;14.34581
20260521_083809_L725;20260521_083809;21.05.2026;08:18:00;725;64;9425;19;U31000Z1;Mladá Boleslav,aut.st.;50.46752;15.17651
20260521_083809_L136;20260521_083809;21.05.2026;08:25:00;136;10;6796;13;U225Z1P;Jižní Město;50.09954;14.49624
20260521_083809_L401;20260521_083809;21.05.2026;08:25:00;401;60;7772;12;U6531Z1;Praha,Roztyly;49.68665;14.64614
20260521_083809_L201;20260521_083809;21.05.2026;08:19:00;201;15;3812;19;U870Z4P;Nádraží Holešovice;50.11777;14.4644
20260521_083809_L399;20260521_083809;21.05.2026;08:22:00;399;13;1261;12;U80Z4;Praha,Nádraží Veleslavín;50.09287;14.31631
20260521_083809_L405;20260521_083809;21.05.2026;08:15:00;405;64;1419;13;U2987Z42;Praha,Černý Most;50.339;14.87361
20260521_083809_L389;20260521_083809;21.05.2026;08:12:00;389;16;7754;24;U32406Z12;Chomutov,žel.st.;50.45666;13.40018
20260521_083809_L536;20260521_083809;21.05.2026;07:28:00;536;27;7592;67;U6943Z1;Žiželice,nám.;50.13192;15.39348
20260521_083809_L300;20260521_083809;21.05.2026;08:22:00;300;10;8965;15;U1918Z2;Praha,Nádraží Veleslavín;50.14111;14.06286
20260521_083809_L349;20260521_083809;21.05.2026;08:10:00;349;24;8208;10;U2334Z1;Praha,Ládví;50.13021;14.48776
20260521_083809_L201;20260521_083809;21.05.2026;08:27:00;201;8;3901;10;U993Z2P;Nádraží Holešovice;50.11656;14.46995
20260521_083809_L188;20260521_083809;21.05.2026;08:25:00;188;6;5067;13;U201Z1P;Kavčí hory;50.05731;14.44303
20260521_083809_L202;20260521_083809;21.05.2026;08:20:00;202;1;3867;17;U330Z2P;Poliklinika Mazurská;50.13742;14.42995
20260521_083809_L175;20260521_083809;21.05.2026;08:20:00;175;5;4163;18;U789Z2P;Florenc;50.08674;14.44596
20260521_083809_L146;20260521_083809;21.05.2026;08:21:00;146;5;9189;15;U575Z2P;Želivského;50.07961;14.47736
20260521_083809_L136;20260521_083809;21.05.2026;08:18:00;136;27;6730;20;U118Z4P;Jižní Město;50.07876;14.46057
20260521_083809_L149;20260521_083809;21.05.2026;08:13:00;149;8;4199;23;U867Z1P;Dejvická;50.09466;14.39414
20260521_083809_L232;20260521_083809;21.05.2026;08:13:00;232;12;3674;21;U817Z2P;Na Knížecí;50.06151;14.40574
20260521_083809_L168;20260521_083809;21.05.2026;08:28:00;168;4;2033;10;U3298Z2P;Nové Butovice;50.05948;14.3284
20260521_083809_L244;20260521_083809;21.05.2026;08:28:00;244;7;3697;10;U976Z2P;Smíchovské nádraží;50.01089;14.38923
20260521_083809_L161;20260521_083809;21.05.2026;08:23:00;161;2;4544;15;U905Z1P;Přední Kopanina;50.11097;14.3302
20260521_083809_L300;20260521_083809;21.05.2026;08:25:00;300;12;8797;11;U80Z4;Praha,Nádraží Veleslavín;50.09289;14.31667
20260521_083809_L316;20260521_083809;21.05.2026;08:23:00;316;32;8885;12;U199Z3;Praha,Bořislavka;50.10013;14.36306
20260521_083809_L322;20260521_083809;21.05.2026;08:28:00;322;6;8995;10;U4306Z1;Kladno,autobusové nádraží;50.13587;14.12517
20260521_083809_L181;20260521_083809;21.05.2026;08:22:00;181;8;6981;16;U552Z1P;Opatov;50.07004;14.5371
20260521_083809_L637;20260521_083809;21.05.2026;08:14:00;637;51;9551;22;U9077Z2;Broumy,radnice;49.96059;13.85565
20260521_083809_L394;20260521_083809;21.05.2026;08:28:00;394;15;9903;10;U4273Z1;Praha,Nové Butovice;49.96935;14.08157
20260521_083809_L791;20260521_083809;21.05.2026;08:14:00;791;52;7854;23;U1384Z8;Český Šternberk,Čejkovice;49.78085;14.68255
20260521_083809_L400;20260521_083809;21.05.2026;08:25:00;400;6;11628;12;U6072Z2;Praha,Střížkov;50.46239;14.47505
20260521_083809_L164;20260521_083809;21.05.2026;08:21:00;164;4;1958;15;U2608Z2P;Malovanka;50.08715;14.37037
20260521_083809_L430;20260521_083809;21.05.2026;08:15:00;430;4;8568;14;U2467Z1;Lipník;50.27292;14.91238
20260521_083809_L149;20260521_083809;21.05.2026;08:22:00;149;2;3931;15;U563Z1P;Dejvická;50.08613;14.37885
20260521_083809_L385;20260521_083809;21.05.2026;08:24:00;385;18;1584;13;U2097Z2;Praha,Opatov;49.99383;14.59765
20260521_083809_L617;20260521_083809;21.05.2026;08:25:00;617;21;7331;11;U4714Z1;Roudnice n.L.,žel.st.;50.4172;14.27121
20260521_083809_L191;20260521_083809;21.05.2026;08:28:00;191;2;3708;10;U1407Z2P;Klamovka;50.07927;14.38091
20260521_083809_L311;20260521_083809;21.05.2026;08:22:00;311;74;9597;14;U1852Z51;Praha,Zličín;49.93014;14.27465
20260521_083809_L394;20260521_083809;21.05.2026;07:57:00;394;17;9866;36;U1140Z2;Praha,Nové Butovice;50.04677;14.34976
20260521_083809_L110;20260521_083809;21.05.2026;08:18:00;110;5;8140;20;U135Z4P;Dolní Počernice;50.10604;14.5368
20260521_083809_L406;20260521_083809;21.05.2026;08:06:00;406;2;7944;15;U2139Z1;Praha,Roztyly;49.94153;14.66778
20260521_083809_L170;20260521_083809;21.05.2026;08:28:00;170;1;4036;10;U265Z2P;Jižní Město;50.04812;14.45498
20260521_083809_L109;20260521_083809;21.05.2026;08:28:00;109;1;3714;10;U498Z2P;Palmovka;50.1003;14.49165
20260521_083809_L113;20260521_083809;21.05.2026;08:27:00;113;2;3919;11;U488Z1P;Sídliště Písnice;50.03024;14.45493
20260521_083809_L133;20260521_083809;21.05.2026;08:23:00;133;51;3866;14;U767Z1P;Sídliště Malešice;50.08373;14.48194
20260521_083809_L138;20260521_083809;21.05.2026;08:28:00;138;3;2309;10;U228Z4P;Sídliště Skalka;50.04151;14.46077
20260521_083809_L195;20260521_083809;21.05.2026;08:27:00;195;3;6876;11;U953Z1P;Jesenická;50.06816;14.50774
20260521_083809_L177;20260521_083809;21.05.2026;08:26:00;177;10;6850;10;U134Z5P;Poliklinika Mazurská;50.101;14.50287
20260521_083809_L191;20260521_083809;21.05.2026;08:27:00;191;13;3704;11;U1198Z2P;Klamovka;50.08861;14.32735
20260521_083809_L765;20260521_083809;21.05.2026;08:23:00;765;35;1898;14;U1868Z2;Jesenice;49.976;14.58623
20260521_083809_L394;20260521_083809;21.05.2026;08:13:00;394;28;9891;17;U4273Z1;Praha,Nové Butovice;49.99492;14.16307
20260521_083809_L136;20260521_083809;21.05.2026;08:25:00;136;11;5545;13;U606Z2P;Jižní Město;50.12349;14.50845
20260521_083809_L136;20260521_083809;21.05.2026;08:23:00;136;31;5061;15;U751Z2P;Jižní Město;50.05257;14.47514
20260521_083809_L180;20260521_083809;21.05.2026;08:28:00;180;14;5001;10;U236Z3P;Obchodní centrum Zličín;50.06461;14.30958
20260521_083809_L124;20260521_083809;21.05.2026;08:27:00;124;14;6845;11;U921Z10P;Smíchovské nádraží;50.07772;14.47299
20260521_083809_L301;20260521_083809;21.05.2026;08:27:00;301;8;4172;10;U1205Z1;Chýnice;50.01962;14.29625
20260521_083809_L334;20260521_083809;21.05.2026;08:12:00;334;43;7921;17;U1502Z2;Praha,Smíchovské nádraží;49.98221;14.43155
20260521_083809_L136;20260521_083809;21.05.2026;08:19:00;136;22;6763;17;U225Z1P;Jižní Město;50.09952;14.49624
20260521_083809_L339;20260521_083809;21.05.2026;08:24:00;339;22;9365;12;U1561Z11;Praha,Budějovická;49.92084;14.6214
20260521_084215_L133;20260521_084215;21.05.2026;08:31:00;133;10;4157;11;U789Z2P;Florenc;50.08676;14.44593
20260521_084215_L175;20260521_084215;21.05.2026;08:28:00;175;10;3825;12;U743Z1P;Florenc;50.08733;14.45534
20260521_084215_L825;20260521_084215;21.05.2026;07:53:00;825;44;9575;44;U4256Z1;Mořinka;49.93848;14.23389
20260521_084215_L617;20260521_084215;21.05.2026;08:28:00;617;15;7325;13;U4799Z2;Kladno,autobusové nádraží;50.18957;14.07806
20260521_084215_L725;20260521_084215;21.05.2026;08:18:00;725;64;9425;23;U31000Z1;Mladá Boleslav,aut.st.;50.46752;15.17651
20260521_084215_L383;20260521_084215;21.05.2026;08:28:00;383;33;9490;13;U2037Z1;Chocerady;49.96206;14.74594
20260521_084215_L394;20260521_084215;21.05.2026;08:15:00;394;29;9889;26;U602Z12;Zdice,nám.;50.05406;14.34898
20260521_084215_L170;20260521_084215;21.05.2026;08:31:00;170;1;4036;10;U415Z1P;Jižní Město;50.04516;14.46132
20260521_084215_L209;20260521_084215;21.05.2026;08:32:00;209;47;9118;10;U808Z2P;Nádraží Uhříněves;50.02955;14.60298
20260521_084215_L401;20260521_084215;21.05.2026;08:29:00;401;60;7772;11;U6549Z1;Praha,Roztyly;49.72703;14.65987
20260521_084215_L402;20260521_084215;21.05.2026;08:30:00;402;3;7673;10;U7318Z2;Praha,Roztyly;49.83881;14.82961
20260521_084215_L146;20260521_084215;21.05.2026;08:22:00;146;6;9124;19;U128Z2P;Želivského;50.0869;14.48757
20260521_084215_L136;20260521_084215;21.05.2026;08:31:00;136;7;6977;11;U916Z1P;Jižní Město;50.02516;14.51484
20260521_084215_L195;20260521_084215;21.05.2026;08:31:00;195;3;6876;10;U889Z3P;Jesenická;50.06024;14.5068
20260521_084215_L240;20260521_084215;21.05.2026;08:29:00;240;10;1754;11;U1235Z2P;Černý Most;50.11032;14.58088
20260521_084215_L300;20260521_084215;21.05.2026;08:25:00;300;12;8797;15;U80Z4;Praha,Nádraží Veleslavín;50.09281;14.31867
20260521_084215_L155;20260521_084215;21.05.2026;08:30:00;155;1;9120;11;U128Z2P;Nemocnice Vinohrady;50.08692;14.48819
20260521_084215_L201;20260521_084215;21.05.2026;08:31:00;201;8;3901;11;U870Z4P;Nádraží Holešovice;50.11776;14.46441
20260521_084215_L110;20260521_084215;21.05.2026;08:28:00;110;3;1477;12;U801Z2P;Obchodní centrum Čakovice;50.08822;14.56325
20260521_084215_L117;20260521_084215;21.05.2026;08:29:00;117;1;1916;12;U857Z1P;Nové Komořany;50.01982;14.44659
20260521_084215_L171;20260521_084215;21.05.2026;08:29:00;171;9;1478;12;U1129Z1P;Ve Žlíbku;50.10607;14.57497
20260521_084215_L191;20260521_084215;21.05.2026;08:28:00;191;6;3810;13;U1077Z2P;Klamovka;50.08271;14.34616
20260521_084215_L120;20260521_084215;21.05.2026;08:27:00;120;9;3719;15;U2728Z1P;Pod Lochkovem;50.01896;14.35486
20260521_084215_L183;20260521_084215;21.05.2026;08:29:00;183;8;6784;13;U694Z4P;Sídliště Ďáblice;50.0927;14.49757
20260521_084215_L161;20260521_084215;21.05.2026;08:27:00;161;2;4544;15;U3243Z1P;Přední Kopanina;50.11783;14.30079
20260521_084215_L207;20260521_084215;21.05.2026;08:32:00;207;13;4113;10;U745Z2P;Staroměstská;50.08729;14.4524
20260521_084215_L300;20260521_084215;21.05.2026;08:19:00;300;22;8998;21;U80Z4;Praha,Nádraží Veleslavín;50.09281;14.31846
20260521_084215_L382;20260521_084215;21.05.2026;08:26:00;382;38;9139;13;U2137Z2;Praha,Háje;50.03033;14.60565
20260521_084215_L133;20260521_084215;21.05.2026;08:30:00;133;9;3956;12;U418Z1P;Sídliště Malešice;50.08051;14.48906
20260521_084215_L400;20260521_084215;21.05.2026;08:32:00;400;56;1087;10;U6077Z1;Nový Bor,aut.nádr.;50.48755;14.48513
20260521_084215_L250;20260521_084215;21.05.2026;08:31:00;250;3;6873;11;U719Z1P;Sídliště Rohožník;50.07528;14.6654
20260521_084215_L201;20260521_084215;21.05.2026;08:27:00;201;22;3910;14;U305Z2P;Nádraží Holešovice;50.11666;14.44863
20260521_084215_L400;20260521_084215;21.05.2026;08:28:00;400;6;11628;13;U6070Z2;Praha,Střížkov;50.43699;14.47252
20260521_084215_L168;20260521_084215;21.05.2026;08:29:00;168;1;2083;12;U630Z1P;Nové Butovice;50.08678;14.32581
20260521_084215_L244;20260521_084215;21.05.2026;08:30:00;244;7;3697;11;U2786Z2P;Smíchovské nádraží;50.0181;14.39047
20260521_084215_L181;20260521_084215;21.05.2026;08:31:00;181;1;5110;11;U747Z1P;Opatov;50.07864;14.53779
20260521_084215_L139;20260521_084215;21.05.2026;08:29:00;139;15;6841;13;U129Z2P;Želivského;50.05101;14.45818
20260521_084215_L433;20260521_084215;21.05.2026;08:29:00;433;27;8569;11;U2589Z2;Pečky,žel.st.;50.14609;14.99695
20260521_084215_L166;20260521_084215;21.05.2026;08:29:00;166;7;1939;13;U2704Z2P;Domov seniorů Ďáblice;50.12884;14.495
20260521_084215_L136;20260521_084215;21.05.2026;08:29:00;136;10;6796;12;U763Z2P;Jižní Město;50.09859;14.48197
20260521_084215_L384;20260521_084215;21.05.2026;08:13:00;384;19;9915;21;U2370Z2;Praha,Zličín;50.03385;14.21584
20260521_084215_L125;20260521_084215;21.05.2026;08:32:00;125;4;5506;10;U973Z2P;Skalka;50.04566;14.55761
20260521_084215_L493;20260521_084215;21.05.2026;08:30:00;493;15;8576;11;U2579Z2;Nymburk,hl.nádr.;50.14862;15.1245
20260521_084215_L369;20260521_084215;21.05.2026;08:29:00;369;31;8232;13;U1794Z2;Praha,Ládví;50.35345;14.48216
20260521_084215_L349;20260521_084215;21.05.2026;08:28:00;349;24;8208;12;U467Z2;Praha,Ládví;50.12778;14.47628
20260521_084215_L384;20260521_084215;21.05.2026;08:30:00;384;16;9867;10;U1745Z2;Praha,Zličín;49.96895;14.0804
20260521_084215_L209;20260521_084215;21.05.2026;08:31:00;209;44;9188;10;U1291Z1P;Letňany;50.1178;14.6025
20260521_084215_L164;20260521_084215;21.05.2026;08:21:00;164;4;1958;19;U2608Z2P;Malovanka;50.08688;14.37141
20260521_084215_L188;20260521_084215;21.05.2026;08:28:00;188;6;5067;14;U385Z1P;Kavčí hory;50.05174;14.43773
20260521_084215_L136;20260521_084215;21.05.2026;08:32:00;136;28;6866;10;U500Z2P;Jižní Město;50.12119;14.50405
20260521_084215_L585;20260521_084215;21.05.2026;07:32:00;585;18;7034;67;U4201Z1;Poděbrady,žel.st.;50.14867;15.12383
20260521_084215_L389;20260521_084215;21.05.2026;08:12:00;389;16;7754;28;U32406Z12;Chomutov,žel.st.;50.45666;13.40011
20260521_084215_L191;20260521_084215;21.05.2026;08:31:00;191;13;3704;10;U541Z7P;Klamovka;50.0865;14.33971
20260521_084215_L345;20260521_084215;21.05.2026;08:23:00;345;39;10643;17;U3253Z1;Praha,Černý Most;50.51124;14.97051
20260521_084215_L114;20260521_084215;21.05.2026;08:32:00;114;9;6805;10;U228Z4P;Zelený pruh;50.04155;14.46079
20260521_084215_L149;20260521_084215;21.05.2026;08:31:00;149;9;4002;11;U981Z2P;Stodůlky-Bavorská;50.07968;14.39
20260521_084215_L171;20260521_084215;21.05.2026;08:31:00;171;14;8136;11;U408Z1P;Ve Žlíbku;50.1157;14.62597
20260521_084215_L410;20260521_084215;21.05.2026;08:30:00;410;9;11646;11;U332Z2;Mimoň,aut.st.;50.1264;14.48877
20260521_084215_L637;20260521_084215;21.05.2026;08:14:00;637;51;9551;26;U9077Z2;Broumy,radnice;49.96059;13.85565
20260521_084215_L430;20260521_084215;21.05.2026;08:15:00;430;4;8568;18;U2467Z1;Lipník;50.27292;14.91238
20260521_084215_L180;20260521_084215;21.05.2026;08:32:00;180;4;6997;10;U395Z4P;Obchodní centrum Zličín;50.06573;14.32507
20260521_084215_L332;20260521_084215;21.05.2026;08:27:00;332;19;9955;11;U799Z3;Praha,Budějovická;50.02059;14.46233
20260521_084215_L146;20260521_084215;21.05.2026;08:31:00;146;3;9152;11;U575Z1P;Vinice Hrdlořezy;50.0809;14.48522
20260521_084215_L228;20260521_084215;21.05.2026;08:30:00;228;14;9012;10;U741Z2P;Poliklinika Malešice;50.07139;14.53804
20260521_084215_L342;20260521_084215;21.05.2026;08:25:00;342;3;7687;15;U462Z14;Slaný,žel.st.;50.09543;14.34682
20260521_084215_L177;20260521_084215;21.05.2026;08:31:00;177;15;6973;10;U467Z2P;Poliklinika Mazurská;50.12925;14.48227
20260521_084215_L313;20260521_084215;21.05.2026;08:28:00;313;84;9562;11;U1634Z1;Choteč;49.98097;14.27032
20260521_084215_L136;20260521_084215;21.05.2026;08:27:00;136;51;6890;15;U353Z1P;Jižní Město;50.02602;14.52107
20260521_084215_L617;20260521_084215;21.05.2026;08:29:00;617;21;7331;10;U4716Z1;Roudnice n.L.,žel.st.;50.42422;14.26179
20260521_084215_L168;20260521_084215;21.05.2026;08:30:00;168;4;2033;11;U709Z1P;Nové Butovice;50.05346;14.32948
20260521_084215_L177;20260521_084215;21.05.2026;08:29:00;177;17;6774;12;U371Z1P;Poliklinika Mazurská;50.1278;14.41685
20260521_084215_L113;20260521_084215;21.05.2026;08:30:00;113;2;3919;12;U656Z1P;Sídliště Písnice;50.023;14.45136
20260521_084215_L138;20260521_084215;21.05.2026;08:32:00;138;3;2309;10;U704Z1P;Sídliště Skalka;50.04224;14.47302
20260521_084215_L150;20260521_084215;21.05.2026;08:32:00;150;14;6978;10;U422Z2P;Želivského;50.04877;14.45972
20260521_084215_L177;20260521_084215;21.05.2026;08:29:00;177;10;6850;12;U474Z4P;Poliklinika Mazurská;50.11065;14.50239
20260521_084215_L394;20260521_084215;21.05.2026;08:13:00;394;28;9891;19;U4273Z1;Praha,Nové Butovice;50.01274;14.18817
20260521_084215_L136;20260521_084215;21.05.2026;08:27:00;136;11;5545;14;U603Z2P;Jižní Město;50.11875;14.49955
20260521_084215_L136;20260521_084215;21.05.2026;08:27:00;136;31;5061;15;U417Z1P;Jižní Město;50.04293;14.48774
20260521_084215_L180;20260521_084215;21.05.2026;08:31:00;180;14;5001;11;U635Z3P;Obchodní centrum Zličín;50.06905;14.29594
20260521_084215_L124;20260521_084215;21.05.2026;08:31:00;124;14;6845;11;U413Z1P;Smíchovské nádraží;50.07135;14.4658
20260521_084215_L301;20260521_084215;21.05.2026;08:28:00;301;8;4172;11;U1204Z1;Chýnice;50.01604;14.29242
20260521_084215_L352;20260521_084215;21.05.2026;08:32:00;352;7;4122;10;U1089Z2;Praha,Luka;50.03049;14.30508
20260521_084615_L138;20260521_084615;21.05.2026;08:34:00;138;3;2309;11;U322Z1P;Sídliště Skalka;50.04662;14.48556
20260521_084615_L195;20260521_084615;21.05.2026;08:35:00;195;3;6876;10;U192Z1P;Jesenická;50.05658;14.49736
20260521_084615_L725;20260521_084615;21.05.2026;08:18:00;725;64;9425;27;U31000Z1;Mladá Boleslav,aut.st.;50.46752;15.17651
20260521_084615_L433;20260521_084615;21.05.2026;08:35:00;433;27;8569;10;U1434Z2;Pečky,žel.st.;50.13325;14.98539
20260521_084615_L209;20260521_084615;21.05.2026;08:34:00;209;47;9118;11;U542Z2P;Nádraží Uhříněves;50.03509;14.59247
20260521_084615_L389;20260521_084615;21.05.2026;08:12:00;389;16;7754;32;U32406Z12;Chomutov,žel.st.;50.45665;13.40014
20260521_084615_L207;20260521_084615;21.05.2026;08:34:00;207;13;4113;12;U789Z2P;Staroměstská;50.08697;14.44483
20260521_084615_L150;20260521_084615;21.05.2026;08:35:00;150;14;6978;10;U376Z4P;Želivského;50.05451;14.45303
20260521_084615_L124;20260521_084615;21.05.2026;08:34:00;124;14;6845;12;U67Z7P;Smíchovské nádraží;50.06816;14.45881
20260521_084615_L191;20260521_084615;21.05.2026;08:33:00;191;1;3999;12;U85Z1P;Klamovka;50.09263;14.32379
20260521_084615_L180;20260521_084615;21.05.2026;08:36:00;180;14;5001;10;U178Z2P;Obchodní centrum Zličín;50.0604;14.29299
20260521_084615_L133;20260521_084615;21.05.2026;08:34:00;133;5;4164;11;U745Z2P;Florenc;50.08735;14.45242
20260521_084615_L183;20260521_084615;21.05.2026;08:32:00;183;8;6784;14;U225Z2P;Sídliště Ďáblice;50.0994;14.49603
20260521_084615_L171;20260521_084615;21.05.2026;08:35:00;171;10;1489;10;U538Z2P;Depo Hostivař;50.08313;14.53631
20260521_084615_L108;20260521_084615;21.05.2026;08:35:00;108;4;2055;11;U85Z1P;Dejvická;50.09272;14.32176
20260521_084615_L110;20260521_084615;21.05.2026;08:33:00;110;3;1477;13;U318Z2P;Obchodní centrum Čakovice;50.0891;14.5497
20260521_084615_L177;20260521_084615;21.05.2026;08:36:00;177;10;6850;10;U332Z2P;Poliklinika Mazurská;50.12539;14.49019
20260521_084615_L585;20260521_084615;21.05.2026;07:32:00;585;18;7034;71;U4201Z1;Poděbrady,žel.st.;50.14867;15.12383
20260521_084615_L641;20260521_084615;21.05.2026;08:31:00;641;10;9547;14;U9006Z1;Beroun,autobusové nádraží;49.93846;14.02025
20260521_084615_L168;20260521_084615;21.05.2026;08:32:00;168;1;2083;14;U334Z2P;Nové Butovice;50.08635;14.32923
20260521_084615_L493;20260521_084615;21.05.2026;08:33:00;493;15;8576;13;U2578Z2;Nymburk,hl.nádr.;50.14285;15.12195
20260521_084615_L381;20260521_084615;21.05.2026;08:35:00;381;17;9951;10;U2011Z1;Čáslav,obchodní centrum;49.98937;14.79648
20260521_084615_L383;20260521_084615;21.05.2026;08:33:00;383;33;9490;12;U2040Z1;Chocerady;49.93331;14.76086
20260521_084615_L384;20260521_084615;21.05.2026;08:13:00;384;19;9915;23;U2370Z2;Praha,Zličín;50.04385;14.24156
20260521_084615_L385;20260521_084615;21.05.2026;08:31:00;385;18;1584;15;U1373Z2;Praha,Opatov;50.00435;14.57531
20260521_084615_L342;20260521_084615;21.05.2026;08:25:00;342;3;7687;18;U462Z14;Slaný,žel.st.;50.0934;14.33291
20260521_084615_L388;20260521_084615;21.05.2026;08:32:00;388;2;7682;12;U80Z4;Praha,Nádraží Veleslavín;50.09284;14.31785
20260521_084615_L369;20260521_084615;21.05.2026;08:36:00;369;31;8232;10;U1793Z1;Praha,Ládví;50.34962;14.4887
20260521_084615_L300;20260521_084615;21.05.2026;08:31:00;300;10;8965;14;U4313Z7;Praha,Nádraží Veleslavín;50.14508;14.0955
20260521_084615_L228;20260521_084615;21.05.2026;08:35:00;228;14;9012;11;U1071Z2P;Poliklinika Malešice;50.07662;14.51633
20260521_084615_L316;20260521_084615;21.05.2026;08:33:00;316;4;8970;13;U199Z3;Praha,Bořislavka;50.10613;14.35331
20260521_084615_L335;20260521_084615;21.05.2026;08:35:00;335;32;9136;11;U819Z2;Praha,Budějovická;50.02404;14.46038
20260521_084615_L617;20260521_084615;21.05.2026;08:32:00;617;15;7325;13;U4796Z1;Kladno,autobusové nádraží;50.17634;14.09358
20260521_084615_L637;20260521_084615;21.05.2026;08:14:00;637;51;9551;31;U9077Z2;Broumy,radnice;49.9605;13.85568
20260521_084615_L400;20260521_084615;21.05.2026;08:31:00;400;6;11628;13;U6060Z2;Praha,Střížkov;50.41356;14.46013
20260521_084615_L401;20260521_084615;21.05.2026;08:33:00;401;60;7772;13;U4557Z2;Praha,Roztyly;49.7322;14.66739
20260521_084615_L149;20260521_084615;21.05.2026;08:36:00;149;9;4002;10;U579Z4P;Stodůlky-Bavorská;50.07547;14.3721
20260521_084615_L117;20260521_084615;21.05.2026;08:35:00;117;1;1916;11;U658Z1P;Nové Komořany;50.01694;14.43212
20260521_084615_L117;20260521_084615;21.05.2026;08:36:00;117;3;1950;10;U1158Z1P;Poliklinika Budějovická;50.00452;14.40393
20260521_084615_L146;20260521_084615;21.05.2026;08:35:00;146;3;9152;11;U834Z1P;Vinice Hrdlořezy;50.08687;14.4869
20260521_084615_L155;20260521_084615;21.05.2026;08:36:00;155;2;9185;10;U359Z2P;Poliklinika Malešice;50.0847;14.51094
20260521_084615_L166;20260521_084615;21.05.2026;08:32:00;166;7;1939;14;U332Z1P;Domov seniorů Ďáblice;50.1264;14.48859
20260521_084615_L171;20260521_084615;21.05.2026;08:33:00;171;9;1478;13;U897Z5P;Ve Žlíbku;50.10864;14.57672
20260521_084615_L181;20260521_084615;21.05.2026;08:35:00;181;1;5110;11;U975Z1P;Opatov;50.06614;14.53652
20260521_084615_L136;20260521_084615;21.05.2026;08:35:00;136;7;6977;11;U151Z1P;Jižní Město;50.0315;14.53372
20260521_084615_L114;20260521_084615;21.05.2026;08:33:00;114;10;5522;12;U1096Z1P;Zelený pruh;50.02106;14.46251
20260521_084615_L161;20260521_084615;21.05.2026;08:34:00;161;1;4509;11;U440Z2P;Bořislavka;50.10846;14.35139
20260521_084615_L825;20260521_084615;21.05.2026;07:53:00;825;44;9575;46;U4256Z1;Mořinka;49.93848;14.23389
20260521_084615_L139;20260521_084615;21.05.2026;08:32:00;139;15;6841;14;U559Z1P;Želivského;50.05854;14.44996
20260521_084615_L384;20260521_084615;21.05.2026;08:32:00;384;16;9867;10;U4273Z1;Praha,Zličín;49.97883;14.11431
20260521_084615_L149;20260521_084615;21.05.2026;08:36:00;149;10;4174;10;U362Z12P;Dejvická;50.08539;14.38036
20260521_084615_L125;20260521_084615;21.05.2026;08:36:00;125;4;5506;10;U654Z2P;Skalka;50.04985;14.54374
20260521_084615_L330;20260521_084615;21.05.2026;08:32:00;330;6;1284;11;U80Z4;Praha,Nádraží Veleslavín;50.09288;14.31629
20260521_084615_L136;20260521_084615;21.05.2026;08:32:00;136;11;5545;12;U474Z6P;Jižní Město;50.11039;14.50206
20260521_084615_L311;20260521_084615;21.05.2026;08:32:00;311;78;9771;12;U1651Z2;Praha,Zličín;50.02503;14.22927
20260521_084615_L113;20260521_084615;21.05.2026;08:34:00;113;7;4154;10;U488Z3P;Kačerov;50.03803;14.45788
20260521_084615_L201;20260521_084615;21.05.2026;08:33:00;201;8;3901;13;U305Z2P;Nádraží Holešovice;50.11664;14.4486
20260521_084615_L244;20260521_084615;21.05.2026;08:36:00;244;7;3697;10;U337Z4P;Smíchovské nádraží;50.05013;14.41057
20260521_084615_L191;20260521_084615;21.05.2026;08:36:00;191;13;3704;10;U1077Z2P;Klamovka;50.08318;14.34661
20260521_084615_L133;20260521_084615;21.05.2026;08:32:00;133;10;4157;12;U3018Z2P;Florenc;50.08908;14.44341
20260521_084615_L114;20260521_084615;21.05.2026;08:35:00;114;9;6805;12;U1402Z1P;Zelený pruh;50.04853;14.45912
20260521_084615_L133;20260521_084615;21.05.2026;08:34:00;133;1;3002;12;U34Z2P;Florenc;50.0892;14.46854
20260521_084615_L448;20260521_084615;21.05.2026;08:35:00;448;61;1147;11;U1848Z2;Lety,K Libří;49.86854;14.26797
20260521_084615_L180;20260521_084615;21.05.2026;08:33:00;180;8;5565;12;U229Z2P;Dejvická;50.08666;14.37275
20260521_084615_L155;20260521_084615;21.05.2026;08:30:00;155;1;9120;14;U128Z2P;Nemocnice Vinohrady;50.08688;14.48708
20260521_084615_L394;20260521_084615;21.05.2026;08:15:00;394;29;9889;31;U602Z12;Zdice,nám.;50.05064;14.35224
20260521_084615_L168;20260521_084615;21.05.2026;08:33:00;168;4;2033;12;U1369Z1P;Nové Butovice;50.05151;14.33716
20260521_084615_L191;20260521_084615;21.05.2026;08:31:00;191;6;3810;14;U737Z2P;Klamovka;50.07971;14.35281
20260521_084615_L430;20260521_084615;21.05.2026;08:15:00;430;4;8568;22;U2467Z1;Lipník;50.27292;14.91238
20260521_084615_L183;20260521_084615;21.05.2026;08:36:00;183;4;5111;10;U975Z1P;Háje;50.0654;14.53644
20260521_084615_L113;20260521_084615;21.05.2026;08:34:00;113;2;3919;12;U804Z1P;Sídliště Písnice;50.01071;14.45985
20260521_084615_L209;20260521_084615;21.05.2026;08:36:00;209;44;9188;10;U4132Z1P;Letňany;50.12402;14.57682
20260521_084615_L136;20260521_084615;21.05.2026;08:33:00;136;28;6866;10;U603Z2P;Jižní Město;50.11517;14.49528
20260521_084615_L136;20260521_084615;21.05.2026;08:31:00;136;58;6948;14;U225Z1P;Jižní Město;50.09935;14.49485
20260521_084615_L300;20260521_084615;21.05.2026;08:34:00;300;93;8816;11;U80Z4;Praha,Nádraží Veleslavín;50.09304;14.3123
20260521_084615_L394;20260521_084615;21.05.2026;08:13:00;394;28;9891;22;U4273Z1;Praha,Nové Butovice;50.0147;14.19182
20260521_084615_L136;20260521_084615;21.05.2026;08:32:00;136;31;5061;14;U344Z1P;Jižní Město;50.03178;14.50441
20260521_084615_L232;20260521_084615;21.05.2026;08:32:00;232;12;3674;14;U468Z1P;Smíchovské nádraží;50.0533;14.40576
20260521_084615_L339;20260521_084615;21.05.2026;08:32:00;339;22;9365;13;U1580Z2;Praha,Budějovická;49.94722;14.5749
20260521_085015_L108;20260521_085015;21.05.2026;08:35:00;108;4;2055;15;U85Z1P;Dejvická;50.09266;14.32308
20260521_085015_L110;20260521_085015;21.05.2026;08:38:00;110;2;8100;10;U65Z1P;Obchodní centrum Čakovice;50.12465;14.51664
20260521_085015_L110;20260521_085015;21.05.2026;08:35:00;110;3;1477;13;U313Z2P;Obchodní centrum Čakovice;50.10022;14.55384
20260521_085015_L110;20260521_085015;21.05.2026;08:37:00;110;1;1484;10;U499Z5P;Dolní Počernice;50.10529;14.53123
20260521_085015_L113;20260521_085015;21.05.2026;08:35:00;113;2;3919;14;U335Z1P;Sídliště Písnice;50.00773;14.46308
20260521_085015_L114;20260521_085015;21.05.2026;08:36:00;114;9;6805;12;U265Z1P;Zelený pruh;50.04802;14.45481
20260521_085015_L114;20260521_085015;21.05.2026;08:36:00;114;10;5522;13;U819Z2P;Zelený pruh;50.02446;14.46014
20260521_085015_L117;20260521_085015;21.05.2026;08:38:00;117;1;1916;11;U246Z1P;Nové Komořany;50.01415;14.41434
20260521_085015_L124;20260521_085015;21.05.2026;08:37:00;124;14;6845;12;U813Z1P;Smíchovské nádraží;50.06444;14.45267
20260521_085015_L125;20260521_085015;21.05.2026;08:39:00;125;4;5506;10;U677Z2P;Skalka;50.05709;14.53683
20260521_085015_L133;20260521_085015;21.05.2026;08:36:00;133;1;3002;14;U512Z5P;Florenc;50.09015;14.46646
20260521_085015_L133;20260521_085015;21.05.2026;08:36:00;133;5;4164;14;U789Z2P;Florenc;50.08697;14.44485
20260521_085015_L136;20260521_085015;21.05.2026;08:35:00;136;58;6948;14;U763Z2P;Jižní Město;50.09857;14.48197
20260521_085015_L136;20260521_085015;21.05.2026;08:37:00;136;11;5545;12;U225Z1P;Jižní Město;50.09953;14.49629
20260521_085015_L138;20260521_085015;21.05.2026;08:39:00;138;3;2309;10;U669Z1P;Sídliště Skalka;50.04808;14.49155
20260521_085015_L139;20260521_085015;21.05.2026;08:35:00;139;15;6841;15;U813Z2P;Želivského;50.06499;14.45245
20260521_085015_L146;20260521_085015;21.05.2026;08:36:00;146;3;9152;12;U128Z3P;Vinice Hrdlořezy;50.09232;14.49049
20260521_085015_L146;20260521_085015;21.05.2026;08:37:00;146;4;9482;11;U128Z2P;Želivského;50.087;14.4889
20260521_085015_L149;20260521_085015;21.05.2026;08:37:00;149;10;4174;13;U563Z1P;Dejvická;50.08689;14.37858
20260521_085015_L154;20260521_085015;21.05.2026;08:40:00;154;4;3019;10;U2729Z1P;Strašnická;50.03336;14.5401
20260521_085015_L155;20260521_085015;21.05.2026;08:39:00;155;2;9185;10;U1387Z1P;Poliklinika Malešice;50.07986;14.50466
20260521_085015_L157;20260521_085015;21.05.2026;08:37:00;157;11;4155;11;U488Z3P;Kačerov;50.03111;14.45505
20260521_085015_L161;20260521_085015;21.05.2026;08:40:00;161;2;4544;10;U1047Z2P;Bořislavka;50.11411;14.32147
20260521_085015_L161;20260521_085015;21.05.2026;08:34:00;161;1;4509;14;U440Z2P;Bořislavka;50.10846;14.35272
20260521_085015_L164;20260521_085015;21.05.2026;08:36:00;164;1;1955;13;U2608Z2P;Malovanka;50.08722;14.36965
20260521_085015_L166;20260521_085015;21.05.2026;08:37:00;166;7;1939;12;U1151Z3P;Domov seniorů Ďáblice;50.11886;14.48948
20260521_085015_L168;20260521_085015;21.05.2026;08:37:00;168;1;2083;13;U844Z4P;Nové Butovice;50.08919;14.34879
20260521_085015_L171;20260521_085015;21.05.2026;08:38:00;171;10;1489;11;U585Z2P;Depo Hostivař;50.07781;14.51879
20260521_085015_L175;20260521_085015;21.05.2026;08:37:00;175;8;3715;11;U118Z3P;Florenc;50.07871;14.46053
20260521_085015_L177;20260521_085015;21.05.2026;08:37:00;177;10;6850;12;U467Z2P;Poliklinika Mazurská;50.12924;14.48236
20260521_085015_L180;20260521_085015;21.05.2026;08:39:00;180;4;6997;10;U635Z3P;Obchodní centrum Zličín;50.06907;14.29588
20260521_085015_L180;20260521_085015;21.05.2026;08:35:00;180;8;5565;13;U182Z2P;Dejvická;50.09118;14.38567
20260521_085015_L180;20260521_085015;21.05.2026;08:40:00;180;14;5001;10;U1141Z14P;Obchodní centrum Zličín;50.05513;14.29035
20260521_085015_L180;20260521_085015;21.05.2026;08:38:00;180;52;5009;12;U229Z2P;Dejvická;50.08662;14.37278
20260521_085015_L181;20260521_085015;21.05.2026;08:38:00;181;1;5110;12;U453Z6P;Opatov;50.05298;14.53482
20260521_085015_L183;20260521_085015;21.05.2026;08:40:00;183;4;5111;10;U453Z10P;Háje;50.05303;14.53724
20260521_085015_L183;20260521_085015;21.05.2026;08:39:00;183;11;6772;10;U552Z2P;Sídliště Ďáblice;50.07006;14.53746
20260521_085015_L191;20260521_085015;21.05.2026;08:35:00;191;1;3999;15;U1198Z2P;Klamovka;50.08862;14.32736
20260521_085015_L191;20260521_085015;21.05.2026;08:36:00;191;6;3810;14;U1407Z2P;Klamovka;50.07943;14.37973
20260521_085015_L191;20260521_085015;21.05.2026;08:39:00;191;11;3755;10;U85Z2P;Obchodní centrum Ruzyně;50.09267;14.32239
20260521_085015_L191;20260521_085015;21.05.2026;08:38:00;191;13;3704;12;U872Z1P;Klamovka;50.07995;14.34782
20260521_085015_L201;20260521_085015;21.05.2026;08:40:00;201;12;3908;10;U196Z2P;Nádraží Holešovice;50.10902;14.44393
20260521_085015_L207;20260521_085015;21.05.2026;08:38:00;207;13;4113;12;U689Z3P;Staroměstská;50.0916;14.44065
20260521_085015_L209;20260521_085015;21.05.2026;08:39:00;209;44;9188;10;U1120Z1P;Letňany;50.12685;14.55816
20260521_085015_L228;20260521_085015;21.05.2026;08:37:00;228;14;9012;13;U1071Z7P;Poliklinika Malešice;50.07789;14.51359
20260521_085015_L300;20260521_085015;21.05.2026;08:34:00;300;93;8816;15;U80Z4;Praha,Nádraží Veleslavín;50.09289;14.31606
20260521_085015_L300;20260521_085015;21.05.2026;08:37:00;300;10;8965;12;U4310Z2;Praha,Nádraží Veleslavín;50.13396;14.10783
20260521_085015_L311;20260521_085015;21.05.2026;08:37:00;311;78;9771;13;U1649Z2;Praha,Zličín;50.02696;14.21264
20260521_085015_L332;20260521_085015;21.05.2026;08:36:00;332;8;9175;12;U2510Z4;Neveklov;49.80694;14.50886
20260521_085015_L335;20260521_085015;21.05.2026;08:35:00;335;32;9136;13;U819Z2;Praha,Budějovická;50.02882;14.45597
20260521_085015_L339;20260521_085015;21.05.2026;08:37:00;339;22;9365;13;U1533Z2;Praha,Budějovická;49.93929;14.55209
20260521_085015_L356;20260521_085015;21.05.2026;08:36:00;356;33;8829;12;U1214Z2;Praha,Bořislavka;50.10885;14.35397
20260521_085015_L383;20260521_085015;21.05.2026;08:38:00;383;33;9490;12;U2042Z1;Chocerady;49.93185;14.77773
20260521_085015_L384;20260521_085015;21.05.2026;08:39:00;384;16;9867;10;U2372Z2;Praha,Zličín;49.98886;14.14079
20260521_085015_L389;20260521_085015;21.05.2026;08:12:00;389;16;7754;36;U32406Z12;Chomutov,žel.st.;50.45663;13.40019
20260521_085015_L394;20260521_085015;21.05.2026;08:13:00;394;28;9891;25;U4273Z1;Praha,Nové Butovice;50.01972;14.19907
20260521_085015_L394;20260521_085015;21.05.2026;08:15:00;394;29;9889;34;U602Z12;Zdice,nám.;50.05168;14.35157
20260521_085015_L401;20260521_085015;21.05.2026;08:37:00;401;60;7772;12;U4525Z2;Praha,Roztyly;49.74187;14.67491
20260521_085015_L430;20260521_085015;21.05.2026;08:15:00;430;4;8568;27;U2467Z1;Lipník;50.2691;14.90698
20260521_085015_L433;20260521_085015;21.05.2026;08:37:00;433;27;8569;10;U1486Z2;Pečky,žel.st.;50.11119;14.98694
20260521_085015_L435;20260521_085015;21.05.2026;08:38:00;435;7;8664;10;U1428Z1;Klučov,Skramníky;50.05595;14.77119
20260521_085015_L493;20260521_085015;21.05.2026;08:33:00;493;15;8576;14;U2578Z2;Nymburk,hl.nádr.;50.13431;15.10562
20260521_085015_L585;20260521_085015;21.05.2026;07:32:00;585;18;7034;75;U4201Z1;Poděbrady,žel.st.;50.14867;15.12383
20260521_085015_L641;20260521_085015;21.05.2026;08:37:00;641;10;9547;12;U1748Z2;Beroun,autobusové nádraží;49.95065;14.04339
20260521_085015_L641;20260521_085015;21.05.2026;08:37:00;641;16;9449;11;U9855Z55;Hořovice,nemocnice;49.86918;13.92991
20260521_085015_L725;20260521_085015;21.05.2026;08:18:00;725;64;9425;32;U31000Z1;Mladá Boleslav,aut.st.;50.46752;15.17651
20260521_085015_L765;20260521_085015;21.05.2026;08:38:00;765;35;1898;11;U1532Z2;Jesenice;49.94713;14.54261
20260521_085416_L108;20260521_085416;21.05.2026;08:40:00;108;4;2055;14;U1166Z1P;Dejvická;50.0857;14.30903
20260521_085416_L110;20260521_085416;21.05.2026;08:43:00;110;2;8100;10;U771Z1P;Obchodní centrum Čakovice;50.13534;14.50566
20260521_085416_L110;20260521_085416;21.05.2026;08:39:00;110;3;1477;14;U137Z2P;Obchodní centrum Čakovice;50.10632;14.55534
20260521_085416_L114;20260521_085416;21.05.2026;08:39:00;114;10;5522;15;U488Z4P;Zelený pruh;50.03076;14.45514
20260521_085416_L117;20260521_085416;21.05.2026;08:41:00;117;1;1916;12;U17Z2P;Nové Komořany;50.01053;14.40462
20260521_085416_L117;20260521_085416;21.05.2026;08:43:00;117;3;1950;10;U927Z2P;Poliklinika Budějovická;50.01312;14.41728
20260521_085416_L120;20260521_085416;21.05.2026;08:44:00;120;8;3664;10;U428Z2P;Na Knížecí;50.03784;14.39886
20260521_085416_L124;20260521_085416;21.05.2026;08:41:00;124;14;6845;13;U559Z2P;Smíchovské nádraží;50.05763;14.4503
20260521_085416_L125;20260521_085416;21.05.2026;08:44:00;125;4;5506;10;U1068Z2P;Skalka;50.06853;14.51659
20260521_085416_L133;20260521_085416;21.05.2026;08:43:00;133;6;3969;11;U2787Z2P;Florenc;50.08778;14.45669
20260521_085416_L136;20260521_085416;21.05.2026;08:39:00;136;31;5061;15;U286Z5P;Jižní Město;50.03058;14.52872
20260521_085416_L136;20260521_085416;21.05.2026;08:41:00;136;11;5545;11;U763Z2P;Jižní Město;50.0986;14.48202
20260521_085416_L138;20260521_085416;21.05.2026;08:42:00;138;3;2309;11;U784Z3P;Sídliště Skalka;50.05185;14.49492
20260521_085416_L146;20260521_085416;21.05.2026;08:39:00;146;3;9152;13;U694Z3P;Vinice Hrdlořezy;50.09154;14.50885
20260521_085416_L146;20260521_085416;21.05.2026;08:37:00;146;4;9482;15;U128Z2P;Želivského;50.08689;14.48789
20260521_085416_L149;20260521_085416;21.05.2026;08:44:00;149;9;4002;10;U573Z1P;Stodůlky-Bavorská;50.06143;14.37522
20260521_085416_L149;20260521_085416;21.05.2026;08:41:00;149;10;4174;13;U867Z1P;Dejvická;50.09353;14.38912
20260521_085416_L150;20260521_085416;21.05.2026;08:41:00;150;14;6978;10;U37Z2P;Želivského;50.06015;14.46995
20260521_085416_L161;20260521_085416;21.05.2026;08:44:00;161;2;4544;10;U419Z2P;Bořislavka;50.1105;14.33501
20260521_085416_L164;20260521_085416;21.05.2026;08:36:00;164;1;1955;16;U2608Z2P;Malovanka;50.087;14.37138
20260521_085416_L164;20260521_085416;21.05.2026;08:44:00;164;3;1968;10;U2791Z1P;Malovanka;50.08445;14.33902
20260521_085416_L166;20260521_085416;21.05.2026;08:39:00;166;7;1939;14;U993Z2P;Domov seniorů Ďáblice;50.11712;14.47229
20260521_085416_L168;20260521_085416;21.05.2026;08:41:00;168;1;2083;13;U872Z7P;Nové Butovice;50.07823;14.3449
20260521_085416_L171;20260521_085416;21.05.2026;08:40:00;171;9;1478;14;U452Z1P;Ve Žlíbku;50.11538;14.61295
20260521_085416_L175;20260521_085416;21.05.2026;08:40:00;175;8;3715;13;U743Z1P;Florenc;50.08735;14.45494
20260521_085416_L177;20260521_085416;21.05.2026;08:41:00;177;10;6850;13;U78Z3P;Poliklinika Mazurská;50.12656;14.46999
20260521_085416_L180;20260521_085416;21.05.2026;08:41:00;180;15;5121;12;U872Z2P;Obchodní centrum Zličín;50.07968;14.34665
20260521_085416_L180;20260521_085416;21.05.2026;08:40:00;180;52;5009;12;U182Z2P;Dejvická;50.08783;14.38187
20260521_085416_L181;20260521_085416;21.05.2026;08:43:00;181;1;5110;11;U160Z1P;Opatov;50.05006;14.52641
20260521_085416_L183;20260521_085416;21.05.2026;08:44:00;183;4;5111;10;U2707Z1P;Háje;50.04657;14.54977
20260521_085416_L191;20260521_085416;21.05.2026;08:41:00;191;1;3999;13;U507Z1P;Klamovka;50.08832;14.3455
20260521_085416_L191;20260521_085416;21.05.2026;08:41:00;191;6;3810;13;U579Z2P;Klamovka;50.07523;14.37391
20260521_085416_L191;20260521_085416;21.05.2026;08:44:00;191;11;3755;10;U554Z5P;Obchodní centrum Ruzyně;50.08985;14.30164
20260521_085416_L191;20260521_085416;21.05.2026;08:42:00;191;13;3704;12;U626Z2P;Klamovka;50.08006;14.36946
20260521_085416_L207;20260521_085416;21.05.2026;08:42:00;207;13;4113;12;U480Z2P;Staroměstská;50.08849;14.42933
20260521_085416_L207;20260521_085416;21.05.2026;08:44:00;207;14;3986;10;U789Z2P;Staroměstská;50.08701;14.44485
20260521_085416_L209;20260521_085416;21.05.2026;08:41:00;209;44;9188;13;U4000Z2P;Letňany;50.13019;14.54624
20260521_085416_L228;20260521_085416;21.05.2026;08:39:00;228;14;9012;15;U827Z2P;Poliklinika Malešice;50.07959;14.50888
20260521_085416_L300;20260521_085416;21.05.2026;08:40:00;300;10;8965;12;U4308Z2;Praha,Nádraží Veleslavín;50.13571;14.12452
20260521_085416_L311;20260521_085416;21.05.2026;08:40:00;311;78;9771;13;U2323Z2;Praha,Zličín;50.03275;14.22854
20260521_085416_L332;20260521_085416;21.05.2026;08:42:00;332;8;9175;12;U4467Z2;Neveklov;49.79224;14.48769
20260521_085416_L332;20260521_085416;21.05.2026;08:42:00;332;26;9940;10;U799Z3;Praha,Budějovická;50.01878;14.46648
20260521_085416_L339;20260521_085416;21.05.2026;08:42:00;339;22;9365;10;U1531Z2;Praha,Budějovická;49.95901;14.52822
20260521_085416_L349;20260521_085416;21.05.2026;08:43:00;349;30;8259;11;U467Z2;Praha,Ládví;50.12921;14.48163
20260521_085416_L383;20260521_085416;21.05.2026;08:42:00;383;33;9490;12;U2044Z1;Chocerady;49.91532;14.76408
20260521_085416_L384;20260521_085416;21.05.2026;08:43:00;384;16;9867;10;U2370Z2;Praha,Zličín;49.99578;14.15892
20260521_085416_L384;20260521_085416;21.05.2026;08:39:00;384;23;9893;14;U4272Z1;Hořovice,nám.B.Němcové;49.96888;14.07943
20260521_085416_L389;20260521_085416;21.05.2026;08:12:00;389;16;7754;40;U32406Z12;Chomutov,žel.st.;50.45666;13.40014
20260521_085416_L389;20260521_085416;21.05.2026;08:42:00;389;33;7760;11;U80Z4;Praha,Nádraží Veleslavín;50.09311;14.31098
20260521_085416_L394;20260521_085416;21.05.2026;08:13:00;394;28;9891;29;U4273Z1;Praha,Nové Butovice;50.02404;14.20373
20260521_085416_L394;20260521_085416;21.05.2026;08:15:00;394;29;9889;35;U602Z12;Zdice,nám.;50.05233;14.2996
20260521_085416_L399;20260521_085416;21.05.2026;08:42:00;399;2;1298;10;U80Z4;Praha,Nádraží Veleslavín;50.09289;14.31576
20260521_085416_L401;20260521_085416;21.05.2026;08:39:00;401;60;7772;13;U4554Z2;Praha,Roztyly;49.76824;14.67986
20260521_085416_L540;20260521_085416;21.05.2026;08:39:00;540;15;7594;12;U6701Z1;Dymokury;50.24356;15.20829
20260521_085416_L585;20260521_085416;21.05.2026;07:32:00;585;18;7034;79;U4201Z1;Poděbrady,žel.st.;50.14867;15.12383
20260521_085416_L617;20260521_085416;21.05.2026;08:39:00;617;15;7325;15;U4602Z2;Kladno,autobusové nádraží;50.16363;14.10763
20260521_085416_L628;20260521_085416;21.05.2026;08:44:00;628;7;8770;10;U9322Z1;Kladno,autobusové nádraží;50.20621;13.89873
20260521_085416_L641;20260521_085416;21.05.2026;08:41:00;641;10;9547;12;U4971Z2;Beroun,autobusové nádraží;49.95877;14.06122
20260521_085416_L641;20260521_085416;21.05.2026;08:39:00;641;16;9449;12;U9856Z2;Hořovice,nemocnice;49.86142;13.92468
20260521_085416_L725;20260521_085416;21.05.2026;08:18:00;725;64;9425;36;U31000Z1;Mladá Boleslav,aut.st.;50.46762;15.17685
20260521_085416_L765;20260521_085416;21.05.2026;08:41:00;765;35;1898;10;U1531Z2;Jesenice;49.96268;14.52243
20260521_085816_L108;20260521_085816;21.05.2026;08:40:00;108;4;2055;15;U1166Z1P;Dejvická;50.08415;14.30961
20260521_085816_L110;20260521_085816;21.05.2026;08:45:00;110;3;1477;13;U135Z5P;Obchodní centrum Čakovice;50.10624;14.53681
20260521_085816_L114;20260521_085816;21.05.2026;08:43:00;114;10;5522;15;U415Z2P;Zelený pruh;50.04507;14.4616
20260521_085816_L117;20260521_085816;21.05.2026;08:47:00;117;1;1916;11;U2724Z2P;Nové Komořany;50.00647;14.414
20260521_085816_L120;20260521_085816;21.05.2026;08:46:00;120;8;3664;11;U914Z1P;Na Knížecí;50.04672;14.40821
20260521_085816_L124;20260521_085816;21.05.2026;08:45:00;124;14;6845;13;U422Z1P;Smíchovské nádraží;50.0502;14.45884
20260521_085816_L133;20260521_085816;21.05.2026;08:44:00;133;6;3969;13;U745Z2P;Florenc;50.08735;14.45243
20260521_085816_L135;20260521_085816;21.05.2026;08:48:00;135;4;6712;10;U427Z2P;Florenc;50.08022;14.43813
20260521_085816_L136;20260521_085816;21.05.2026;08:48:00;136;28;6866;10;U1074Z4P;Jižní Město;50.09635;14.47721
20260521_085816_L138;20260521_085816;21.05.2026;08:46:00;138;3;2309;12;U890Z3P;Sídliště Skalka;50.05708;14.5071
20260521_085816_L146;20260521_085816;21.05.2026;08:46:00;146;5;9189;12;U834Z2P;Želivského;50.08698;14.48563
20260521_085816_L146;20260521_085816;21.05.2026;08:45:00;146;6;9124;11;U921Z6P;Habrová;50.07952;14.47696
20260521_085816_L149;20260521_085816;21.05.2026;08:41:00;149;10;4174;14;U867Z1P;Dejvická;50.09464;14.39342
20260521_085816_L150;20260521_085816;21.05.2026;08:44:00;150;14;6978;12;U29Z2P;Želivského;50.07143;14.47082
20260521_085816_L161;20260521_085816;21.05.2026;08:46:00;161;2;4544;11;U440Z2P;Bořislavka;50.10918;14.34566
20260521_085816_L164;20260521_085816;21.05.2026;08:47:00;164;3;1968;11;U844Z4P;Malovanka;50.08969;14.35112
20260521_085816_L168;20260521_085816;21.05.2026;08:46:00;168;1;2083;12;U1094Z2P;Nové Butovice;50.0757;14.35412
20260521_085816_L170;20260521_085816;21.05.2026;08:48:00;170;2;3833;10;U50Z7P;Jižní Město;50.04548;14.4488
20260521_085816_L171;20260521_085816;21.05.2026;08:43:00;171;9;1478;14;U408Z1P;Ve Žlíbku;50.11475;14.62586
20260521_085816_L177;20260521_085816;21.05.2026;08:46:00;177;10;6850;12;U543Z1P;Poliklinika Mazurská;50.12583;14.44336
20260521_085816_L180;20260521_085816;21.05.2026;08:46:00;180;15;5121;11;U306Z2P;Obchodní centrum Zličín;50.07409;14.33903
20260521_085816_L181;20260521_085816;21.05.2026;08:46:00;181;1;5110;12;U219Z1P;Opatov;50.04287;14.51492
20260521_085816_L183;20260521_085816;21.05.2026;08:48:00;183;4;5111;10;U1001Z1P;Háje;50.04378;14.56709
20260521_085816_L183;20260521_085816;21.05.2026;08:48:00;183;7;5543;10;U975Z1P;Háje;50.06541;14.53643
20260521_085816_L183;20260521_085816;21.05.2026;08:43:00;183;8;6784;15;U332Z2P;Sídliště Ďáblice;50.12589;14.48942
20260521_085816_L191;20260521_085816;21.05.2026;08:44:00;191;1;3999;13;U1077Z2P;Klamovka;50.08271;14.34613
20260521_085816_L191;20260521_085816;21.05.2026;08:46:00;191;7;4200;10;U1198Z1P;Letiště / Airport ✈;50.09063;14.32479
20260521_085816_L191;20260521_085816;21.05.2026;08:46:00;191;13;3704;12;U699Z2P;Klamovka;50.07809;14.38778
20260521_085816_L207;20260521_085816;21.05.2026;08:46:00;207;13;4113;12;U620Z2P;Staroměstská;50.09307;14.42258
20260521_085816_L209;20260521_085816;21.05.2026;08:45:00;209;44;9188;10;U803Z2P;Letňany;50.12434;14.51655
20260521_085816_L228;20260521_085816;21.05.2026;08:48:00;228;13;9014;10;U107Z1P;Poliklinika Malešice;50.06393;14.59079
20260521_085816_L300;20260521_085816;21.05.2026;08:45:00;300;93;8816;13;U462Z12;Kladno,u kostela;50.0955;14.3462
20260521_085816_L323;20260521_085816;21.05.2026;08:45:00;323;16;8745;11;U80Z4;Praha,Nádraží Veleslavín;50.09278;14.31873
20260521_085816_L332;20260521_085816;21.05.2026;08:45:00;332;8;9175;11;U3304Z2;Neveklov;49.78281;14.52181
20260521_085816_L332;20260521_085816;21.05.2026;08:45:00;332;26;9940;13;U908Z2;Praha,Budějovická;50.0225;14.4615
20260521_085816_L337;20260521_085816;21.05.2026;08:45:00;337;15;9366;12;U50Z9;Benešov,Terminál;50.04437;14.44682
20260521_085816_L339;20260521_085816;21.05.2026;08:46:00;339;16;9170;10;U799Z3;Praha,Budějovická;50.02044;14.464
20260521_085816_L339;20260521_085816;21.05.2026;08:46:00;339;22;9365;11;U1330Z2;Praha,Budějovická;49.96882;14.51182
20260521_085816_L349;20260521_085816;21.05.2026;08:43:00;349;30;8259;13;U467Z2;Praha,Ládví;50.12707;14.47341
20260521_085816_L349;20260521_085816;21.05.2026;08:48:00;349;29;8209;10;U1794Z2;Praha,Ládví;50.35342;14.48221
20260521_085816_L369;20260521_085816;21.05.2026;08:47:00;369;31;8232;11;U1788Z2;Praha,Ládví;50.31308;14.516
20260521_085816_L383;20260521_085816;21.05.2026;08:47:00;383;33;9490;11;U2046Z1;Chocerady;49.90455;14.78356
20260521_085816_L389;20260521_085816;21.05.2026;08:12:00;389;16;7754;44;U32406Z12;Chomutov,žel.st.;50.45664;13.40015
20260521_085816_L389;20260521_085816;21.05.2026;08:42:00;389;33;7760;14;U80Z4;Praha,Nádraží Veleslavín;50.09293;14.31533
20260521_085816_L394;20260521_085816;21.05.2026;08:45:00;394;25;9887;12;U602Z12;Králův Dvůr,Počaply;50.05561;14.33458
20260521_085816_L394;20260521_085816;21.05.2026;08:13:00;394;28;9891;32;U4273Z1;Praha,Nové Butovice;50.03309;14.21457
20260521_085816_L399;20260521_085816;21.05.2026;08:42:00;399;2;1298;14;U80Z4;Praha,Nádraží Veleslavín;50.09276;14.32084
20260521_085816_L400;20260521_085816;21.05.2026;08:44:00;400;25;11695;12;U6078Z2;Praha,Střížkov;50.47962;14.4849
20260521_085816_L401;20260521_085816;21.05.2026;08:44:00;401;60;7772;13;U4442Z2;Praha,Roztyly;49.7804;14.68296
20260521_085816_L540;20260521_085816;21.05.2026;08:39:00;540;15;7594;17;U6701Z1;Dymokury;50.24356;15.20829
20260521_085816_L585;20260521_085816;21.05.2026;07:32:00;585;18;7034;83;U4201Z1;Poděbrady,žel.st.;50.14867;15.12383
20260521_085816_L588;20260521_085816;21.05.2026;08:45:00;588;29;7703;12;U9239Z1;Slaný,aut.nádr.;50.23341;13.92455
20260521_085816_L641;20260521_085816;21.05.2026;08:46:00;641;16;9449;12;U9779Z3;Hořovice,nemocnice;49.84344;13.90486
20260521_085816_L725;20260521_085816;21.05.2026;08:18:00;725;64;9425;40;U31000Z1;Mladá Boleslav,aut.st.;50.46762;15.17685
20260521_085816_L770;20260521_085816;21.05.2026;08:47:00;770;41;7810;10;U7807Z2;Benešov,Terminál;49.80991;14.74835
20260521_090217_L168;20260521_090217;21.05.2026;08:47:00;168;1;2083;13;U1100Z2P;Nové Butovice;50.07564;14.34568
20260521_090217_L770;20260521_090217;21.05.2026;08:51:00;770;41;7810;11;U7005Z2;Benešov,Terminál;49.80788;14.718
20260521_090217_L339;20260521_090217;21.05.2026;08:49:00;339;16;9170;11;U908Z2;Praha,Budějovická;50.02773;14.45753
20260521_090217_L588;20260521_090217;21.05.2026;08:49:00;588;29;7703;13;U9241Z1;Slaný,aut.nádr.;50.24211;13.94349
20260521_090217_L641;20260521_090217;21.05.2026;08:49:00;641;16;9449;13;U9617Z2;Hořovice,nemocnice;49.83559;13.90266
20260521_090217_L300;20260521_090217;21.05.2026;08:49:00;300;11;8997;12;U80Z4;Praha,Nádraží Veleslavín;50.0929;14.31612
20260521_090217_L323;20260521_090217;21.05.2026;08:47:00;323;16;8745;14;U85Z1;Praha,Nádraží Veleslavín;50.093;14.33086
20260521_090217_L332;20260521_090217;21.05.2026;08:52:00;332;8;9175;10;U4462Z2;Neveklov;49.76043;14.52776
20260521_090217_L110;20260521_090217;21.05.2026;08:51:00;110;1;1484;11;U313Z1P;Dolní Počernice;50.09781;14.54895
20260521_090217_L164;20260521_090217;21.05.2026;08:51:00;164;3;1968;11;U2608Z2P;Malovanka;50.08753;14.36631
20260521_090217_L332;20260521_090217;21.05.2026;08:45:00;332;26;9940;14;U908Z2;Praha,Budějovická;50.02885;14.45597
20260521_090217_L383;20260521_090217;21.05.2026;08:49:00;383;33;9490;10;U2089Z1;Chocerady;49.88455;14.7973
20260521_090217_L369;20260521_090217;21.05.2026;08:50:00;369;31;8232;10;U1786Z2;Praha,Ládví;50.29238;14.49791
20260521_090217_L133;20260521_090217;21.05.2026;08:49:00;133;7;3952;12;U745Z2P;Florenc;50.0874;14.45321
20260521_090217_L135;20260521_090217;21.05.2026;08:49:00;135;4;6712;13;U821Z2P;Florenc;50.08347;14.44007
20260521_090217_L136;20260521_090217;21.05.2026;08:48:00;136;28;6866;11;U1074Z4P;Jižní Město;50.09568;14.4763
20260521_090217_L177;20260521_090217;21.05.2026;08:50:00;177;10;6850;12;U345Z1P;Poliklinika Mazurská;50.13196;14.42779
20260521_090217_L181;20260521_090217;21.05.2026;08:50:00;181;1;5110;11;U344Z4P;Opatov;50.03194;14.50732
20260521_090217_L191;20260521_090217;21.05.2026;08:46:00;191;7;4200;14;U1198Z1P;Letiště / Airport ✈;50.09163;14.32439
20260521_090217_L540;20260521_090217;21.05.2026;08:39:00;540;15;7594;20;U6701Z1;Dymokury;50.24356;15.20829
20260521_090217_L337;20260521_090217;21.05.2026;08:45:00;337;15;9366;16;U50Z9;Benešov,Terminál;50.04437;14.44682
20260521_090217_L384;20260521_090217;21.05.2026;08:50:00;384;24;9904;11;U1141Z16;Zdice,nám.;50.0536;14.29021
20260521_090217_L124;20260521_090217;21.05.2026;08:47:00;124;14;6845;15;U265Z1P;Smíchovské nádraží;50.04815;14.45609
20260521_090217_L117;20260521_090217;21.05.2026;08:50:00;117;1;1916;11;U1006Z51P;Nové Komořany;50.00235;14.41003
20260521_090217_L154;20260521_090217;21.05.2026;08:52:00;154;4;3019;10;U2707Z2P;Strašnická;50.04694;14.5515
20260521_090217_L138;20260521_090217;21.05.2026;08:50:00;138;3;2309;12;U673Z4P;Sídliště Skalka;50.06488;14.50555
20260521_090217_L170;20260521_090217;21.05.2026;08:52:00;170;1;4036;10;U286Z5P;Jižní Město;50.03072;14.52986
20260521_090217_L400;20260521_090217;21.05.2026;08:44:00;400;25;11695;13;U6078Z2;Praha,Střížkov;50.45803;14.47357
20260521_090217_L389;20260521_090217;21.05.2026;08:42:00;389;33;7760;17;U80Z4;Praha,Nádraží Veleslavín;50.09279;14.31825
20260521_090217_L170;20260521_090217;21.05.2026;08:50:00;170;2;3833;12;U1402Z2P;Jižní Město;50.0485;14.45874
20260521_090217_L195;20260521_090217;21.05.2026;08:51:00;195;19;6785;11;U134Z5P;Sídliště Letňany;50.10169;14.50327
20260521_090217_L381;20260521_090217;21.05.2026;08:50:00;381;21;1685;11;U336Z2;Praha,Háje;50.03441;14.59478
20260521_090217_L389;20260521_090217;21.05.2026;08:12:00;389;16;7754;48;U32406Z12;Chomutov,žel.st.;50.45664;13.40015
20260521_090217_L300;20260521_090217;21.05.2026;08:48:00;300;10;8965;13;U4303Z51;Praha,Nádraží Veleslavín;50.15352;14.18545
20260521_090217_L191;20260521_090217;21.05.2026;08:50:00;191;13;3704;12;U443Z2P;Klamovka;50.07259;14.37686
20260521_090217_L183;20260521_090217;21.05.2026;08:52:00;183;7;5543;10;U453Z10P;Háje;50.05306;14.53728
20260521_090217_L120;20260521_090217;21.05.2026;08:49:00;120;8;3664;12;U817Z2P;Na Knížecí;50.05953;14.40593
20260521_090217_L300;20260521_090217;21.05.2026;08:45:00;300;93;8816;16;U462Z12;Kladno,u kostela;50.09523;14.34314
20260521_090217_L307;20260521_090217;21.05.2026;08:52:00;307;10;8991;10;U3094Z2;Praha,Zličín;50.14185;14.09812
20260521_090217_L207;20260521_090217;21.05.2026;08:52:00;207;14;3986;10;U480Z2P;Staroměstská;50.08891;14.4301
20260521_090217_L110;20260521_090217;21.05.2026;08:49:00;110;3;1477;13;U499Z6P;Obchodní centrum Čakovice;50.11084;14.53132
20260521_090217_L146;20260521_090217;21.05.2026;08:49:00;146;5;9189;13;U767Z1P;Želivského;50.08386;14.4819
20260521_090217_L191;20260521_090217;21.05.2026;08:50:00;191;1;3999;12;U626Z2P;Klamovka;50.08006;14.36831
20260521_090217_L180;20260521_090217;21.05.2026;08:49:00;180;15;5121;11;U395Z4P;Obchodní centrum Zličín;50.06573;14.32508
20260521_090217_L207;20260521_090217;21.05.2026;08:50:00;207;22;4168;10;U3018Z2P;Staroměstská;50.09214;14.44469
20260521_090217_L725;20260521_090217;21.05.2026;08:18:00;725;64;9425;44;U31000Z1;Mladá Boleslav,aut.st.;50.46762;15.17685
20260521_090217_L585;20260521_090217;21.05.2026;07:32:00;585;18;7034;87;U4201Z1;Poděbrady,žel.st.;50.14867;15.12383
20260521_090217_L161;20260521_090217;21.05.2026;08:46:00;161;2;4544;15;U440Z2P;Bořislavka;50.10855;14.34761
20260521_090217_L394;20260521_090217;21.05.2026;08:13:00;394;28;9891;34;U4273Z1;Praha,Nové Butovice;50.04327;14.23969
20260521_090217_L339;20260521_090217;21.05.2026;08:50:00;339;22;9365;12;U4176Z1;Praha,Budějovická;49.98411;14.4952
20260521_090618_L108;20260521_090618;21.05.2026;08:56:00;108;6;2091;10;U85Z6P;Divoká Šárka;50.09118;14.3246
20260521_090618_L109;20260521_090618;21.05.2026;08:56:00;109;9;3888;10;U498Z2P;Palmovka;50.0999;14.49235
20260521_090618_L110;20260521_090618;21.05.2026;08:51:00;110;3;1477;14;U65Z1P;Obchodní centrum Čakovice;50.12209;14.51762
20260521_090618_L110;20260521_090618;21.05.2026;08:52:00;110;1;1484;12;U207Z3P;Dolní Počernice;50.09002;14.54707
20260521_090618_L110;20260521_090618;21.05.2026;08:53:00;110;7;8102;10;U499Z5P;Dolní Počernice;50.105;14.53128
20260521_090618_L117;20260521_090618;21.05.2026;08:52:00;117;1;1916;12;U62Z1P;Nové Komořany;49.99313;14.40972
20260521_090618_L117;20260521_090618;21.05.2026;08:55:00;117;3;1950;10;U722Z1P;Poliklinika Budějovická;50.02785;14.45034
20260521_090618_L133;20260521_090618;21.05.2026;08:52:00;133;7;3952;14;U3018Z2P;Florenc;50.08831;14.44324
20260521_090618_L133;20260521_090618;21.05.2026;08:54:00;133;9;3956;10;U16Z2P;Florenc;50.08803;14.46917
20260521_090618_L135;20260521_090618;21.05.2026;08:49:00;135;4;6712;15;U821Z2P;Florenc;50.08399;14.4403
20260521_090618_L136;20260521_090618;21.05.2026;08:48:00;136;28;6866;17;U1074Z4P;Jižní Město;50.09403;14.47349
20260521_090618_L138;20260521_090618;21.05.2026;08:55:00;138;3;2309;11;U674Z1P;Sídliště Skalka;50.06481;14.51598
20260521_090618_L146;20260521_090618;21.05.2026;08:51:00;146;5;9189;13;U575Z2P;Želivského;50.07914;14.47626
20260521_090618_L149;20260521_090618;21.05.2026;08:56:00;149;9;4002;10;U602Z1P;Stodůlky-Bavorská;50.05119;14.35374
20260521_090618_L149;20260521_090618;21.05.2026;08:55:00;149;5;3694;10;U182Z2P;Dejvická;50.08781;14.38184
20260521_090618_L154;20260521_090618;21.05.2026;08:56:00;154;4;3019;10;U453Z12P;Strašnická;50.05404;14.538
20260521_090618_L161;20260521_090618;21.05.2026;08:46:00;161;2;4544;19;U440Z2P;Bořislavka;50.10837;14.34979
20260521_090618_L164;20260521_090618;21.05.2026;08:51:00;164;3;1968;13;U2608Z2P;Malovanka;50.08751;14.36783
20260521_090618_L167;20260521_090618;21.05.2026;08:55:00;167;54;5065;10;U1123Z1P;Nemocnice Na Homolce;50.07041;14.33574
20260521_090618_L168;20260521_090618;21.05.2026;08:51:00;168;1;2083;13;U394Z3P;Nové Butovice;50.0684;14.33529
20260521_090618_L170;20260521_090618;21.05.2026;08:56:00;170;2;3833;10;U643Z1P;Jižní Město;50.04667;14.47579
20260521_090618_L175;20260521_090618;21.05.2026;08:55:00;175;2;3953;10;U745Z2P;Florenc;50.08717;14.45126
20260521_090618_L180;20260521_090618;21.05.2026;08:55:00;180;53;6941;11;U182Z2P;Dejvická;50.08785;14.38186
20260521_090618_L183;20260521_090618;21.05.2026;08:55:00;183;4;5111;10;U151Z2P;Háje;50.03162;14.53357
20260521_090618_L183;20260521_090618;21.05.2026;08:56:00;183;7;5543;10;U2707Z1P;Háje;50.04657;14.54982
20260521_090618_L183;20260521_090618;21.05.2026;08:54:00;183;11;6772;11;U13Z1P;Sídliště Ďáblice;50.09701;14.49581
20260521_090618_L191;20260521_090618;21.05.2026;08:55:00;191;1;3999;11;U176Z2P;Klamovka;50.07793;14.38202
20260521_090618_L195;20260521_090618;21.05.2026;08:56:00;195;19;6785;10;U442Z1P;Sídliště Letňany;50.11537;14.49686
20260521_090618_L207;20260521_090618;21.05.2026;08:56:00;207;14;3986;10;U620Z2P;Staroměstská;50.09311;14.42334
20260521_090618_L207;20260521_090618;21.05.2026;08:55:00;207;15;4159;11;U3018Z2P;Staroměstská;50.08913;14.44342
20260521_090618_L207;20260521_090618;21.05.2026;08:55:00;207;22;4168;10;U32Z1P;Staroměstská;50.09012;14.43597
20260521_090618_L228;20260521_090618;21.05.2026;08:55:00;228;13;9014;10;U794Z2P;Poliklinika Malešice;50.07137;14.54891
20260521_090618_L300;20260521_090618;21.05.2026;08:53:00;300;10;8965;13;U4302Z51;Praha,Nádraží Veleslavín;50.14592;14.20124
20260521_090618_L300;20260521_090618;21.05.2026;08:49:00;300;11;8997;15;U80Z4;Praha,Nádraží Veleslavín;50.09283;14.31797
20260521_090618_L316;20260521_090618;21.05.2026;08:51:00;316;7;8969;13;U1214Z2;Praha,Bořislavka;50.10807;14.35366
20260521_090618_L324;20260521_090618;21.05.2026;08:56:00;324;20;8972;10;U1782Z1;Slaný,Rabasova;50.14075;14.06536
20260521_090618_L330;20260521_090618;21.05.2026;08:52:00;330;17;1251;12;U80Z4;Praha,Nádraží Veleslavín;50.09286;14.31715
20260521_090618_L337;20260521_090618;21.05.2026;08:45:00;337;15;9366;20;U50Z9;Benešov,Terminál;50.04437;14.44682
20260521_090618_L339;20260521_090618;21.05.2026;08:51:00;339;16;9170;14;U488Z7;Praha,Budějovická;50.03336;14.45538
20260521_090618_L339;20260521_090618;21.05.2026;08:51:00;339;22;9365;14;U1522Z2;Praha,Budějovická;49.98988;14.49115
20260521_090618_L369;20260521_090618;21.05.2026;08:55:00;369;31;8232;10;U1963Z2;Praha,Ládví;50.26113;14.49589
20260521_090618_L389;20260521_090618;21.05.2026;08:12:00;389;16;7754;52;U32406Z12;Chomutov,žel.st.;50.45668;13.40017
20260521_090618_L400;20260521_090618;21.05.2026;08:52:00;400;6;11628;13;U1792Z1;Praha,Střížkov;50.34006;14.49195
20260521_090618_L400;20260521_090618;21.05.2026;08:44:00;400;25;11695;15;U6078Z2;Praha,Střížkov;50.4461;14.47234
20260521_090618_L401;20260521_090618;21.05.2026;08:53:00;401;60;7772;12;U2139Z1;Praha,Roztyly;49.79017;14.6828
20260521_090618_L402;20260521_090618;21.05.2026;08:55:00;402;3;7673;10;U1372Z2;Praha,Roztyly;50.00689;14.55919
20260521_090618_L435;20260521_090618;21.05.2026;08:56:00;435;7;8664;10;U2400Z2;Klučov,Skramníky;50.07469;14.85391
20260521_090618_L493;20260521_090618;21.05.2026;08:51:00;493;15;8576;15;U2970Z2;Nymburk,hl.nádr.;50.18774;15.03804
20260521_090618_L540;20260521_090618;21.05.2026;08:39:00;540;15;7594;24;U6701Z1;Dymokury;50.24356;15.20829
20260521_090618_L585;20260521_090618;21.05.2026;07:32:00;585;18;7034;91;U4201Z1;Poděbrady,žel.st.;50.14867;15.12383
20260521_090618_L641;20260521_090618;21.05.2026;08:53:00;641;16;9449;12;U9780Z2;Hořovice,nemocnice;49.83963;13.91048
20260521_090618_L791;20260521_090618;21.05.2026;08:51:00;791;52;7854;14;U7454Z1;Český Šternberk,Čejkovice;49.80032;14.9264
20260521_091018_L108;20260521_091018;21.05.2026;08:56:00;108;6;2091;13;U85Z6P;Divoká Šárka;50.09221;14.32427
20260521_091018_L109;20260521_091018;21.05.2026;08:58:00;109;9;3888;10;U12Z6P;Palmovka;50.10359;14.48255
20260521_091018_L110;20260521_091018;21.05.2026;08:56:00;110;3;1477;14;U771Z1P;Obchodní centrum Čakovice;50.13452;14.50597
20260521_091018_L110;20260521_091018;21.05.2026;08:57:00;110;1;1484;13;U158Z1P;Dolní Počernice;50.08986;14.56341
20260521_091018_L117;20260521_091018;21.05.2026;08:59:00;117;3;1950;10;U488Z8P;Poliklinika Budějovická;50.03371;14.45558
20260521_091018_L133;20260521_091018;21.05.2026;08:57:00;133;1;3002;12;U689Z6P;Sídliště Malešice;50.09013;14.4403
20260521_091018_L133;20260521_091018;21.05.2026;08:54:00;133;9;3956;15;U16Z2P;Florenc;50.08803;14.46917
20260521_091018_L136;20260521_091018;21.05.2026;09:00:00;136;4;5533;10;U141Z1P;Sídliště Čakovice;50.04579;14.48809
20260521_091018_L136;20260521_091018;21.05.2026;08:48:00;136;28;6866;20;U1074Z4P;Jižní Město;50.094;14.47343
20260521_091018_L139;20260521_091018;21.05.2026;08:58:00;139;16;5131;11;U508Z2P;Želivského;50.06682;14.45833
20260521_091018_L149;20260521_091018;21.05.2026;09:00:00;149;9;4002;10;U1130Z1P;Stodůlky-Bavorská;50.05407;14.33902
20260521_091018_L149;20260521_091018;21.05.2026;09:00:00;149;5;3694;10;U321Z4P;Dejvická;50.09936;14.39564
20260521_091018_L154;20260521_091018;21.05.2026;09:00:00;154;4;3019;10;U596Z3P;Strašnická;50.05394;14.51913
20260521_091018_L161;20260521_091018;21.05.2026;08:46:00;161;2;4544;23;U440Z2P;Bořislavka;50.10852;14.35214
20260521_091018_L164;20260521_091018;21.05.2026;08:51:00;164;3;1968;17;U2608Z2P;Malovanka;50.08713;14.37019
20260521_091018_L166;20260521_091018;21.05.2026;08:55:00;166;7;1939;14;U78Z3P;Domov seniorů Ďáblice;50.12627;14.46371
20260521_091018_L167;20260521_091018;21.05.2026;08:58:00;167;54;5065;11;U1100Z1P;Nemocnice Na Homolce;50.07547;14.34775
20260521_091018_L168;20260521_091018;21.05.2026;08:57:00;168;1;2083;13;U786Z2P;Nové Butovice;50.05546;14.32975
20260521_091018_L170;20260521_091018;21.05.2026;08:59:00;170;2;3833;11;U417Z1P;Jižní Město;50.04293;14.48775
20260521_091018_L170;20260521_091018;21.05.2026;08:59:00;170;3;3860;11;U571Z2P;Jižní Město;50.03668;14.42662
20260521_091018_L175;20260521_091018;21.05.2026;08:58:00;175;2;3953;11;U3018Z2P;Florenc;50.08914;14.44343
20260521_091018_L177;20260521_091018;21.05.2026;09:00:00;177;23;6878;10;U544Z1P;Poliklinika Mazurská;50.12752;14.43518
20260521_091018_L180;20260521_091018;21.05.2026;08:58:00;180;15;5121;12;U706Z2P;Obchodní centrum Zličín;50.06623;14.28923
20260521_091018_L180;20260521_091018;21.05.2026;08:57:00;180;53;6941;12;U867Z1P;Dejvická;50.09396;14.39006
20260521_091018_L183;20260521_091018;21.05.2026;08:57:00;183;11;6772;13;U134Z5P;Sídliště Ďáblice;50.10168;14.50325
20260521_091018_L191;20260521_091018;21.05.2026;09:00:00;191;10;4006;10;U661Z2P;Obchodní centrum Ruzyně;50.08971;14.30954
20260521_091018_L201;20260521_091018;21.05.2026;08:59:00;201;1;4097;10;U993Z2P;Nádraží Holešovice;50.11671;14.47046
20260521_091018_L207;20260521_091018;21.05.2026;09:00:00;207;15;4159;11;U32Z1P;Staroměstská;50.0904;14.4363
20260521_091018_L207;20260521_091018;21.05.2026;08:59:00;207;16;4104;11;U789Z2P;Staroměstská;50.087;14.44602
20260521_091018_L207;20260521_091018;21.05.2026;08:58:00;207;22;4168;11;U87Z2P;Staroměstská;50.0904;14.42755
20260521_091018_L300;20260521_091018;21.05.2026;08:55:00;300;10;8965;12;U4301Z2;Praha,Nádraží Veleslavín;50.13242;14.25508
20260521_091018_L311;20260521_091018;21.05.2026;08:56:00;311;74;9597;14;U4168Z1;Praha,Zličín;49.97442;14.16324
20260521_091018_L311;20260521_091018;21.05.2026;09:00:00;311;77;9583;10;U1601Z1;Řevnice,nádraží;49.92129;14.25158
20260521_091018_L337;20260521_091018;21.05.2026;08:45:00;337;15;9366;24;U50Z9;Benešov,Terminál;50.04437;14.44682
20260521_091018_L339;20260521_091018;21.05.2026;08:51:00;339;16;9170;17;U488Z7;Praha,Budějovická;50.0381;14.45786
20260521_091018_L369;20260521_091018;21.05.2026;08:58:00;369;31;8232;12;U2343Z1;Praha,Ládví;50.23541;14.49454
20260521_091018_L372;20260521_091018;21.05.2026;09:00:00;372;36;8051;10;U2235Z1;Kralupy n.Vlt.,žel.st.;50.2471;14.31614
20260521_091018_L381;20260521_091018;21.05.2026;08:55:00;381;21;1685;11;U967Z2;Praha,Háje;50.0335;14.53671
20260521_091018_L389;20260521_091018;21.05.2026;08:12:00;389;16;7754;56;U32406Z12;Chomutov,žel.st.;50.45672;13.40018
20260521_091018_L400;20260521_091018;21.05.2026;08:44:00;400;25;11695;17;U6078Z2;Praha,Střížkov;50.42672;14.46508
20260521_091018_L401;20260521_091018;21.05.2026;08:53:00;401;60;7772;13;U2139Z1;Praha,Roztyly;49.83362;14.68745
20260521_091018_L405;20260521_091018;21.05.2026;08:57:00;405;62;1417;10;U31000Z2;Praha,Černý Most;50.45932;15.15025
20260521_091018_L435;20260521_091018;21.05.2026;09:00:00;435;7;8664;10;U2270Z2;Klučov,Skramníky;50.07309;14.86327
20260521_091018_L540;20260521_091018;21.05.2026;08:39:00;540;15;7594;28;U6701Z1;Dymokury;50.24356;15.20829
20260521_091018_L585;20260521_091018;21.05.2026;07:32:00;585;18;7034;95;U4201Z1;Poděbrady,žel.st.;50.14867;15.12383
20260521_091018_L588;20260521_091018;21.05.2026;08:58:00;588;29;7703;10;U9229Z1;Slaný,aut.nádr.;50.26086;14.01371
20260521_091018_L637;20260521_091018;21.05.2026;09:00:00;637;54;9582;10;U2848Z3;Kublov,Slovanka;49.95757;14.07444
20260521_091018_L770;20260521_091018;21.05.2026;08:58:00;770;41;7810;10;U4073Z2;Benešov,Terminál;49.78741;14.68386
20260521_091419_L207;20260521_091419;21.05.2026;09:03:00;207;17;4109;10;U745Z2P;Staroměstská;50.0875;14.4534
20260521_091419_L136;20260521_091419;21.05.2026;09:00:00;136;1;6757;14;U763Z1P;Sídliště Čakovice;50.09777;14.48058
20260521_091419_L349;20260521_091419;21.05.2026;09:00:00;349;29;8209;12;U1791Z2;Praha,Ládví;50.32271;14.50508
20260521_091419_L136;20260521_091419;21.05.2026;09:04:00;136;4;5533;10;U751Z1P;Sídliště Čakovice;50.05266;14.47505
20260521_091419_L372;20260521_091419;21.05.2026;09:02:00;372;36;8051;11;U2286Z1;Kralupy n.Vlt.,žel.st.;50.24002;14.31378
20260521_091419_L389;20260521_091419;21.05.2026;08:12:00;389;16;7754;60;U32406Z12;Chomutov,žel.st.;50.45669;13.4002
20260521_091419_L228;20260521_091419;21.05.2026;09:03:00;228;13;9014;11;U404Z4P;Poliklinika Malešice;50.07678;14.5291
20260521_091419_L207;20260521_091419;21.05.2026;09:03:00;207;15;4159;11;U87Z2P;Staroměstská;50.08998;14.4279
20260521_091419_L585;20260521_091419;21.05.2026;07:32:00;585;18;7034;99;U4201Z1;Poděbrady,žel.st.;50.14867;15.12383
20260521_091419_L540;20260521_091419;21.05.2026;08:39:00;540;15;7594;33;U6701Z1;Dymokury;50.24356;15.20829
20260521_091419_L435;20260521_091419;21.05.2026;09:02:00;435;7;8664;10;U2269Z4;Klučov,Skramníky;50.07784;14.87407
20260521_091419_L637;20260521_091419;21.05.2026;09:01:00;637;54;9582;12;U4337Z2;Kublov,Slovanka;49.95781;14.0629
20260521_091419_L369;20260521_091419;21.05.2026;09:01:00;369;31;8232;13;U1958Z2;Praha,Ládví;50.20911;14.49888
20260521_091419_L311;20260521_091419;21.05.2026;09:00:00;311;77;9583;11;U1601Z1;Řevnice,nádraží;49.91708;14.24316
20260521_091419_L311;20260521_091419;21.05.2026;09:01:00;311;74;9597;13;U1660Z2;Praha,Zličín;49.97584;14.19244
20260521_091419_L166;20260521_091419;21.05.2026;09:00:00;166;7;1939;14;U55Z2P;Domov seniorů Ďáblice;50.13274;14.47164
20260521_091419_L387;20260521_091419;21.05.2026;09:03:00;387;1;9372;11;U2010Z1;Uhlířské Janovice,nám.;49.98822;14.76926
20260521_091419_L388;20260521_091419;21.05.2026;09:02:00;388;9;7758;10;U80Z4;Praha,Nádraží Veleslavín;50.09277;14.31877
20260521_091419_L400;20260521_091419;21.05.2026;09:01:00;400;56;1087;10;U31352Z1;Nový Bor,aut.nádr.;50.65407;14.53427
20260521_091419_L168;20260521_091419;21.05.2026;09:01:00;168;1;2083;13;U1369Z1P;Nové Butovice;50.05158;14.33713
20260521_091419_L183;20260521_091419;21.05.2026;09:00:00;183;11;6772;12;U474Z4P;Sídliště Ďáblice;50.11062;14.50227
20260521_091419_L139;20260521_091419;21.05.2026;09:00:00;139;16;5131;12;U269Z4P;Želivského;50.06753;14.46194
20260521_091419_L201;20260521_091419;21.05.2026;09:03:00;201;1;4097;11;U870Z4P;Nádraží Holešovice;50.11775;14.46436
20260521_091419_L136;20260521_091419;21.05.2026;09:01:00;136;13;6812;11;U1074Z4P;Jižní Město;50.09451;14.47427
20260521_091419_L177;20260521_091419;21.05.2026;09:04:00;177;23;6878;10;U511Z1P;Poliklinika Mazurská;50.13095;14.42458
20260521_091419_L461;20260521_091419;21.05.2026;09:01:00;461;25;1627;12;U1539Z1;Kamenice,Kult.dům;49.90475;14.58697
20260521_091419_L337;20260521_091419;21.05.2026;08:45:00;337;15;9366;28;U50Z9;Benešov,Terminál;50.04437;14.44682
20260521_091419_L170;20260521_091419;21.05.2026;09:04:00;170;2;3833;10;U960Z2P;Jižní Město;50.03838;14.50307
20260521_091419_L133;20260521_091419;21.05.2026;09:01:00;133;8;3957;12;U34Z2P;Florenc;50.08919;14.46848
20260521_091419_L170;20260521_091419;21.05.2026;09:02:00;170;3;3860;12;U127Z2P;Jižní Město;50.03886;14.44079
20260521_091419_L133;20260521_091419;21.05.2026;09:01:00;133;1;3002;13;U745Z1P;Sídliště Malešice;50.08742;14.45236
20260521_091419_L180;20260521_091419;21.05.2026;09:01:00;180;1;5048;13;U229Z2P;Dejvická;50.08672;14.37278
20260521_091419_L180;20260521_091419;21.05.2026;09:01:00;180;15;5121;12;U178Z2P;Obchodní centrum Zličín;50.05986;14.29399
20260521_091419_L207;20260521_091419;21.05.2026;09:03:00;207;16;4104;11;U689Z3P;Staroměstská;50.09167;14.44071
20260521_091419_L133;20260521_091419;21.05.2026;09:02:00;133;5;4164;11;U16Z1P;Sídliště Malešice;50.0857;14.46895
20260521_091419_L191;20260521_091419;21.05.2026;09:03:00;191;10;4006;10;U554Z5P;Obchodní centrum Ruzyně;50.09029;14.30106
20260521_091819_L389;20260521_091819;21.05.2026;08:12:00;389;16;7754;64;U32406Z12;Chomutov,žel.st.;50.45669;13.4002
20260521_091819_L180;20260521_091819;21.05.2026;09:05:00;180;15;5121;12;U1141Z14P;Obchodní centrum Zličín;50.05509;14.29038
20260521_091819_L136;20260521_091819;21.05.2026;09:08:00;136;4;5533;10;U37Z2P;Sídliště Čakovice;50.06015;14.46995
20260521_091819_L585;20260521_091819;21.05.2026;07:32:00;585;18;7034;103;U4201Z1;Poděbrady,žel.st.;50.14867;15.12383
20260521_091819_L540;20260521_091819;21.05.2026;08:39:00;540;15;7594;36;U6701Z1;Dymokury;50.24357;15.20829
20260521_091819_L461;20260521_091819;21.05.2026;09:01:00;461;25;1627;16;U1539Z1;Kamenice,Kult.dům;49.90486;14.58703
20260521_091819_L637;20260521_091819;21.05.2026;09:05:00;637;54;9582;12;U4965Z1;Kublov,Slovanka;49.95163;14.04578
20260521_091819_L300;20260521_091819;21.05.2026;09:04:00;300;10;8965;13;U80Z4;Praha,Nádraží Veleslavín;50.09292;14.31528
20260521_091819_L311;20260521_091819;21.05.2026;09:00:00;311;77;9583;15;U1601Z1;Řevnice,nádraží;49.91379;14.23244
20260521_091819_L311;20260521_091819;21.05.2026;09:03:00;311;74;9597;12;U1659Z2;Praha,Zličín;49.99124;14.2049
20260521_091819_L387;20260521_091819;21.05.2026;09:05:00;387;1;9372;11;U2011Z1;Uhlířské Janovice,nám.;49.99177;14.81282
20260521_091819_L388;20260521_091819;21.05.2026;09:04:00;388;9;7758;13;U85Z1;Praha,Nádraží Veleslavín;50.09272;14.32844
20260521_091819_L394;20260521_091819;21.05.2026;09:06:00;394;25;9887;12;U1745Z1;Králův Dvůr,Počaply;49.96555;14.07241
20260521_091819_L110;20260521_091819;21.05.2026;09:07:00;110;7;8102;11;U313Z1P;Dolní Počernice;50.09781;14.54884
20260521_091819_L146;20260521_091819;21.05.2026;09:08:00;146;4;9482;10;U266Z3P;Vinice Hrdlořezy;50.09208;14.49327
20260521_091819_L183;20260521_091819;21.05.2026;09:06:00;183;11;6772;12;U665Z2P;Sídliště Ďáblice;50.12255;14.49385
20260521_091819_L207;20260521_091819;21.05.2026;09:03:00;207;17;4109;14;U745Z2P;Staroměstská;50.08695;14.44758
20260521_091819_L201;20260521_091819;21.05.2026;09:06:00;201;1;4097;12;U196Z2P;Nádraží Holešovice;50.1088;14.4438
20260521_091819_L207;20260521_091819;21.05.2026;09:06:00;207;15;4159;12;U620Z2P;Staroměstská;50.09307;14.42262
20260521_091819_L168;20260521_091819;21.05.2026;09:05:00;168;1;2083;12;U3296Z2P;Nové Butovice;50.05218;14.35103
20260521_091819_L136;20260521_091819;21.05.2026;09:05:00;136;1;6757;13;U225Z2P;Sídliště Čakovice;50.09953;14.49696
20260521_091819_L139;20260521_091819;21.05.2026;09:05:00;139;16;5131;12;U29Z3P;Želivského;50.07194;14.47021
20260521_091819_L369;20260521_091819;21.05.2026;09:04:00;369;31;8232;12;U1308Z2;Praha,Ládví;50.19365;14.49317
20260521_091819_L337;20260521_091819;21.05.2026;08:45:00;337;15;9366;32;U50Z9;Benešov,Terminál;50.04437;14.44682
20260521_091819_L136;20260521_091819;21.05.2026;09:07:00;136;29;6711;11;U1074Z4P;Jižní Město;50.09632;14.47722
20260521_091819_L228;20260521_091819;21.05.2026;09:05:00;228;13;9014;11;U1071Z2P;Poliklinika Malešice;50.07733;14.51871
20260521_091819_L177;20260521_091819;21.05.2026;09:06:00;177;23;6878;10;U371Z1P;Poliklinika Mazurská;50.12783;14.41695
20260521_091819_L171;20260521_091819;21.05.2026;09:08:00;171;10;1489;10;U1129Z1P;Ve Žlíbku;50.10607;14.57476
20260521_091819_L170;20260521_091819;21.05.2026;09:05:00;170;3;3860;13;U296Z2P;Jižní Město;50.04364;14.44327
20260521_091819_L497;20260521_091819;21.05.2026;09:05:00;497;6;8567;12;U2970Z51;Nymburk,hl.nádr.;50.18756;15.03804
20260521_091819_L180;20260521_091819;21.05.2026;09:03:00;180;1;5048;13;U182Z2P;Dejvická;50.09359;14.38927
20260521_091819_L207;20260521_091819;21.05.2026;09:07:00;207;11;3878;11;U512Z8P;Ohrada;50.09031;14.46707
20260521_091819_L349;20260521_091819;21.05.2026;09:00:00;349;29;8209;15;U1791Z2;Praha,Ládví;50.31465;14.51445
20260521_091819_L133;20260521_091819;21.05.2026;09:05:00;133;8;3957;13;U2787Z2P;Florenc;50.08779;14.45663
20260521_091819_L183;20260521_091819;21.05.2026;09:03:00;183;9;6886;12;U574Z1P;Háje;50.09212;14.51199
20260521_091819_L136;20260521_091819;21.05.2026;09:06:00;136;2;5521;12;U1074Z3P;Sídliště Čakovice;50.09592;14.47688
20260521_091819_L136;20260521_091819;21.05.2026;09:01:00;136;13;6812;15;U1074Z4P;Jižní Město;50.09289;14.47164
20260521_091819_L207;20260521_091819;21.05.2026;09:05:00;207;16;4104;13;U32Z1P;Staroměstská;50.09036;14.43629
20260521_091819_L133;20260521_091819;21.05.2026;09:05:00;133;5;4164;13;U767Z1P;Sídliště Malešice;50.08434;14.48185
20260521_092219_L110;20260521_092219;21.05.2026;09:08:00;110;7;8102;14;U207Z3P;Dolní Počernice;50.09311;14.5469
20260521_092219_L117;20260521_092219;21.05.2026;09:11:00;117;7;1947;11;U17Z2P;Nové Komořany;50.00968;14.40489
20260521_092219_L133;20260521_092219;21.05.2026;09:09:00;133;5;4164;13;U548Z1P;Sídliště Malešice;50.08217;14.50195
20260521_092219_L133;20260521_092219;21.05.2026;09:09:00;133;6;3969;11;U69Z1P;Sídliště Malešice;50.08914;14.46296
20260521_092219_L136;20260521_092219;21.05.2026;09:09:00;136;1;6757;12;U474Z5P;Sídliště Čakovice;50.111;14.50256
20260521_092219_L136;20260521_092219;21.05.2026;09:10:00;136;4;5533;11;U680Z4P;Sídliště Čakovice;50.06941;14.46906
20260521_092219_L136;20260521_092219;21.05.2026;09:07:00;136;29;6711;14;U1074Z4P;Jižní Město;50.09505;14.47524
20260521_092219_L136;20260521_092219;21.05.2026;09:01:00;136;13;6812;17;U1074Z4P;Jižní Město;50.09277;14.47126
20260521_092219_L146;20260521_092219;21.05.2026;09:09:00;146;4;9482;12;U694Z3P;Vinice Hrdlořezy;50.09036;14.50451
20260521_092219_L154;20260521_092219;21.05.2026;09:12:00;154;4;3019;10;U599Z1P;Strašnická;50.07064;14.48865
20260521_092219_L155;20260521_092219;21.05.2026;09:09:00;155;2;9185;12;U921Z7P;Nemocnice Vinohrady;50.07904;14.47443
20260521_092219_L161;20260521_092219;21.05.2026;09:12:00;161;7;4539;10;U199Z3P;Bořislavka;50.10789;14.35362
20260521_092219_L163;20260521_092219;21.05.2026;09:10:00;163;56;9484;10;U741Z2P;Depo Hostivař;50.07138;14.53784
20260521_092219_L166;20260521_092219;21.05.2026;09:09:00;166;4;7987;11;U993Z2P;Domov seniorů Ďáblice;50.11589;14.46827
20260521_092219_L170;20260521_092219;21.05.2026;09:11:00;170;2;3833;11;U386Z1P;Jižní Město;50.03032;14.52459
20260521_092219_L170;20260521_092219;21.05.2026;09:09:00;170;3;3860;12;U265Z2P;Jižní Město;50.04784;14.45373
20260521_092219_L171;20260521_092219;21.05.2026;09:12:00;171;10;1489;10;U897Z5P;Ve Žlíbku;50.10872;14.57767
20260521_092219_L174;20260521_092219;21.05.2026;09:12:00;174;8;4172;10;U966Z1P;Vypich;50.05851;14.3393
20260521_092219_L180;20260521_092219;21.05.2026;09:08:00;180;1;5048;14;U321Z4P;Dejvická;50.10002;14.39556
20260521_092219_L180;20260521_092219;21.05.2026;09:10:00;180;2;5123;10;U229Z2P;Dejvická;50.08686;14.37472
20260521_092219_L183;20260521_092219;21.05.2026;09:03:00;183;9;6886;17;U574Z1P;Háje;50.09212;14.51198
20260521_092219_L183;20260521_092219;21.05.2026;09:08:00;183;11;6772;13;U467Z2P;Sídliště Ďáblice;50.12924;14.48233
20260521_092219_L195;20260521_092219;21.05.2026;09:12:00;195;13;5060;10;U359Z2P;Poliklinika Zahradní Město;50.08523;14.51125
20260521_092219_L201;20260521_092219;21.05.2026;09:08:00;201;3;3987;10;U993Z2P;Nádraží Holešovice;50.11722;14.47328
20260521_092219_L207;20260521_092219;21.05.2026;09:08:00;207;16;4104;14;U87Z2P;Staroměstská;50.09056;14.4278
20260521_092219_L228;20260521_092219;21.05.2026;09:08:00;228;13;9014;14;U70Z6P;Poliklinika Malešice;50.07791;14.50754
20260521_092219_L300;20260521_092219;21.05.2026;09:04:00;300;10;8965;16;U80Z4;Praha,Nádraží Veleslavín;50.09267;14.32277
20260521_092219_L311;20260521_092219;21.05.2026;09:09:00;311;74;9597;13;U1656Z2;Praha,Zličín;50.00421;14.21439
20260521_092219_L369;20260521_092219;21.05.2026;09:11:00;369;31;8232;11;U1976Z2;Praha,Ládví;50.16911;14.48386
20260521_092219_L383;20260521_092219;21.05.2026;09:12:00;383;32;9138;10;U967Z2;Praha,Háje;50.03428;14.56331
20260521_092219_L387;20260521_092219;21.05.2026;09:11:00;387;1;9372;11;U2014Z1;Uhlířské Janovice,nám.;49.99267;14.84654
20260521_092219_L389;20260521_092219;21.05.2026;08:12:00;389;16;7754;68;U32406Z12;Chomutov,žel.st.;50.45669;13.4002
20260521_092219_L394;20260521_092219;21.05.2026;09:10:00;394;25;9887;11;U1747Z1;Králův Dvůr,Počaply;49.95419;14.05158
20260521_092219_L493;20260521_092219;21.05.2026;09:10:00;493;32;8579;11;U2969Z1;Poděbrady,žel.st.;50.18537;15.04151
20260521_092219_L540;20260521_092219;21.05.2026;08:39:00;540;15;7594;40;U6701Z1;Dymokury;50.24357;15.20829
20260521_092219_L585;20260521_092219;21.05.2026;07:32:00;585;18;7034;107;U4201Z1;Poděbrady,žel.st.;50.14867;15.12383
20260521_092219_L631;20260521_092219;21.05.2026;09:12:00;631;48;9769;10;U4273Z1;Nižbor,Šnárová;49.96783;14.08079
20260521_092219_L637;20260521_092219;21.05.2026;09:09:00;637;54;9582;12;U4972Z4;Kublov,Slovanka;49.95036;14.02749
20260521_092620_L110;20260521_092620;21.05.2026;09:13:00;110;7;8102;13;U158Z1P;Dolní Počernice;50.08982;14.5634
20260521_092620_L133;20260521_092620;21.05.2026;09:09:00;133;6;3969;16;U69Z1P;Sídliště Malešice;50.08994;14.46595
20260521_092620_L133;20260521_092620;21.05.2026;09:15:00;133;7;3952;10;U69Z1P;Sídliště Malešice;50.08945;14.4639
20260521_092620_L133;20260521_092620;21.05.2026;09:13:00;133;11;3751;13;U34Z2P;Florenc;50.08874;14.46864
20260521_092620_L136;20260521_092620;21.05.2026;09:15:00;136;1;6757;11;U500Z1P;Sídliště Čakovice;50.12058;14.5033
20260521_092620_L136;20260521_092620;21.05.2026;09:15:00;136;3;6895;10;U69Z1P;Sídliště Čakovice;50.0896;14.46448
20260521_092620_L136;20260521_092620;21.05.2026;09:14:00;136;4;5533;12;U855Z2P;Sídliště Čakovice;50.07431;14.46616
20260521_092620_L136;20260521_092620;21.05.2026;09:07:00;136;29;6711;16;U1074Z4P;Jižní Město;50.09358;14.47303
20260521_092620_L136;20260521_092620;21.05.2026;09:13:00;136;14;5089;12;U1074Z4P;Jižní Město;50.09499;14.47503
20260521_092620_L146;20260521_092620;21.05.2026;09:11:00;146;4;9482;15;U4260Z1P;Vinice Hrdlořezy;50.09488;14.50836
20260521_092620_L149;20260521_092620;21.05.2026;09:13:00;149;11;3757;12;U563Z1P;Dejvická;50.08682;14.37864
20260521_092620_L155;20260521_092620;21.05.2026;09:09:00;155;2;9185;16;U921Z7P;Nemocnice Vinohrady;50.07904;14.47443
20260521_092620_L161;20260521_092620;21.05.2026;09:12:00;161;7;4539;12;U199Z3P;Bořislavka;50.10274;14.35556
20260521_092620_L166;20260521_092620;21.05.2026;09:15:00;166;4;7987;11;U3006Z1P;Domov seniorů Ďáblice;50.11614;14.46043
20260521_092620_L170;20260521_092620;21.05.2026;09:15:00;170;3;3860;11;U79Z1P;Jižní Město;50.04571;14.47037
20260521_092620_L171;20260521_092620;21.05.2026;09:16:00;171;10;1489;10;U188Z1P;Ve Žlíbku;50.11259;14.59703
20260521_092620_L174;20260521_092620;21.05.2026;09:15:00;174;8;4172;10;U394Z4P;Vypich;50.07122;14.33611
20260521_092620_L175;20260521_092620;21.05.2026;09:15:00;175;9;4040;11;U3018Z2P;Florenc;50.08836;14.44318
20260521_092620_L180;20260521_092620;21.05.2026;09:14:00;180;2;5123;11;U867Z1P;Dejvická;50.09453;14.39277
20260521_092620_L180;20260521_092620;21.05.2026;09:16:00;180;14;5001;10;U872Z1P;Dejvická;50.07968;14.34674
20260521_092620_L183;20260521_092620;21.05.2026;09:03:00;183;9;6886;23;U574Z1P;Háje;50.09215;14.51199
20260521_092620_L195;20260521_092620;21.05.2026;09:15:00;195;13;5060;11;U827Z1P;Poliklinika Zahradní Město;50.0795;14.50878
20260521_092620_L201;20260521_092620;21.05.2026;09:13:00;201;3;3987;13;U622Z2P;Nádraží Holešovice;50.11742;14.45771
20260521_092620_L207;20260521_092620;21.05.2026;09:12:00;207;16;4104;14;U593Z1P;Staroměstská;50.09208;14.41779
20260521_092620_L207;20260521_092620;21.05.2026;09:11:00;207;17;4109;15;U32Z1P;Staroměstská;50.09044;14.43625
20260521_092620_L207;20260521_092620;21.05.2026;09:15:00;207;21;3847;10;U689Z3P;Staroměstská;50.09076;14.4374
20260521_092620_L207;20260521_092620;21.05.2026;09:12:00;207;18;4158;10;U69Z1P;Ohrada;50.08964;14.46503
20260521_092620_L311;20260521_092620;21.05.2026;09:13:00;311;74;9597;12;U1653Z2;Praha,Zličín;50.01551;14.22539
20260521_092620_L369;20260521_092620;21.05.2026;09:16:00;369;31;8232;10;U1393Z2;Praha,Ládví;50.14419;14.48449
20260521_092620_L389;20260521_092620;21.05.2026;08:12:00;389;16;7754;72;U32406Z12;Chomutov,žel.st.;50.45669;13.4002
20260521_092620_L394;20260521_092620;21.05.2026;09:15:00;394;25;9887;11;U4976Z1;Králův Dvůr,Počaply;49.94264;14.02785
20260521_092620_L433;20260521_092620;21.05.2026;09:14:00;433;26;8593;12;U2969Z1;Nymburk,Zálabí PVT;50.18557;15.04168
20260521_092620_L493;20260521_092620;21.05.2026;09:12:00;493;32;8579;13;U2968Z2;Poděbrady,žel.st.;50.17695;15.04909
20260521_092620_L497;20260521_092620;21.05.2026;09:11:00;497;6;8567;14;U3146Z1;Nymburk,hl.nádr.;50.19237;15.04121
20260521_092620_L540;20260521_092620;21.05.2026;08:39:00;540;15;7594;45;U6701Z1;Dymokury;50.24357;15.20829
20260521_092620_L585;20260521_092620;21.05.2026;07:32:00;585;18;7034;111;U4201Z1;Poděbrady,žel.st.;50.14867;15.12383
20260521_092620_L631;20260521_092620;21.05.2026;09:16:00;631;48;9769;10;U4918Z1;Nižbor,Šnárová;49.97879;14.07519
20260521_092620_L637;20260521_092620;21.05.2026;09:14:00;637;54;9582;12;U9064Z2;Kublov,Slovanka;49.95898;14.00238
20260521_092620_L646;20260521_092620;21.05.2026;09:16:00;646;37;8088;10;U1794Z2;Mělník,aut.nádr.;50.35256;14.48352
20260521_092620_L646;20260521_092620;21.05.2026;09:16:00;646;28;8093;10;U2235Z1;Kralupy n.Vlt.,žel.st.;50.24585;14.31481
20260521_093021_L136;20260521_093021;21.05.2026;09:07:00;136;29;6711;20;U1074Z4P;Jižní Město;50.09277;14.47154
20260521_093021_L183;20260521_093021;21.05.2026;09:03:00;183;9;6886;26;U574Z1P;Háje;50.09215;14.51199
20260521_093021_L540;20260521_093021;21.05.2026;08:39:00;540;15;7594;49;U6701Z1;Dymokury;50.24357;15.20828
20260521_093021_L136;20260521_093021;21.05.2026;09:20:00;136;1;6757;10;U405Z1P;Sídliště Čakovice;50.12849;14.51263
20260521_093021_L585;20260521_093021;21.05.2026;07:32:00;585;18;7034;115;U4201Z1;Poděbrady,žel.st.;50.14867;15.12383
20260521_093021_L133;20260521_093021;21.05.2026;09:20:00;133;4;3963;10;U34Z2P;Florenc;50.08873;14.46869
20260521_093021_L207;20260521_093021;21.05.2026;09:20:00;207;21;3847;11;U87Z2P;Staroměstská;50.08994;14.42795
20260521_093021_L631;20260521_093021;21.05.2026;09:19:00;631;48;9769;10;U9883Z1;Nižbor,Šnárová;49.9879;14.05337
20260521_093021_L166;20260521_093021;21.05.2026;09:19:00;166;4;7987;10;U54Z3P;Domov seniorů Ďáblice;50.11606;14.46812
20260521_093021_L149;20260521_093021;21.05.2026;09:17:00;149;11;3757;12;U867Z1P;Dejvická;50.09468;14.39392
20260521_093021_L136;20260521_093021;21.05.2026;09:15:00;136;3;6895;13;U69Z1P;Sídliště Čakovice;50.09012;14.46666
20260521_093021_L136;20260521_093021;21.05.2026;09:16:00;136;4;5533;13;U518Z4P;Sídliště Čakovice;50.07557;14.46026
20260521_093021_L133;20260521_093021;21.05.2026;09:17:00;133;7;3952;13;U512Z8P;Sídliště Malešice;50.09023;14.46711
20260521_093021_L207;20260521_093021;21.05.2026;09:19:00;207;13;4113;11;U512Z8P;Ohrada;50.08996;14.46615
20260521_093021_L389;20260521_093021;21.05.2026;08:12:00;389;16;7754;76;U32406Z12;Chomutov,žel.st.;50.45668;13.40023
20260521_093021_L546;20260521_093021;21.05.2026;09:19:00;546;5;9572;10;U9787Z2;Rokycany,aut.nádr.;49.83014;13.87994
20260521_093021_L637;20260521_093021;21.05.2026;09:16:00;637;54;9582;14;U9065Z2;Kublov,Slovanka;49.96205;13.97654
20260521_093021_L733;20260521_093021;21.05.2026;09:18:00;733;37;8656;10;U3253Z2;Turnov,Na Lukách;50.52324;14.98403
20260521_093021_L493;20260521_093021;21.05.2026;09:17:00;493;32;8579;13;U3029Z2;Poděbrady,žel.st.;50.16126;15.08259
20260521_093021_L117;20260521_093021;21.05.2026;09:20:00;117;7;1947;10;U1006Z51P;Nové Komořany;50.00236;14.41019
20260521_093021_L155;20260521_093021;21.05.2026;09:09:00;155;2;9185;20;U921Z7P;Nemocnice Vinohrady;50.07904;14.47443
20260521_093021_L155;20260521_093021;21.05.2026;09:18:00;155;1;9120;11;U660Z1P;Nemocnice Vinohrady;50.08298;14.5074
20260521_093021_L171;20260521_093021;21.05.2026;09:20:00;171;10;1489;10;U1031Z1P;Ve Žlíbku;50.11608;14.61718
20260521_093021_L369;20260521_093021;21.05.2026;09:19:00;369;31;8232;10;U651Z6;Praha,Ládví;50.12914;14.48057
20260521_093021_L136;20260521_093021;21.05.2026;09:13:00;136;14;5089;14;U1074Z4P;Jižní Město;50.09454;14.47422
20260521_093021_L311;20260521_093021;21.05.2026;09:16:00;311;74;9597;12;U1651Z2;Praha,Zličín;50.02525;14.2288
20260521_093021_L617;20260521_093021;21.05.2026;09:20:00;617;17;7326;10;U4432Z2;Roudnice n.L.,žel.st.;50.3778;14.30604
20260521_093021_L110;20260521_093021;21.05.2026;09:15:00;110;7;8102;14;U801Z1P;Dolní Počernice;50.08567;14.576
20260521_093021_L133;20260521_093021;21.05.2026;09:13:00;133;11;3751;17;U34Z2P;Florenc;50.08928;14.46833
20260521_093021_L204;20260521_093021;21.05.2026;09:20:00;204;73;9048;10;U1069Z4P;Sídliště Petrovice;50.0485;14.56408
20260521_093021_L705;20260521_093021;21.05.2026;09:15:00;705;38;8688;10;U6647Z1;Čáslav,obchodní centrum;50.09387;15.22478
20260521_093021_L170;20260521_093021;21.05.2026;09:19:00;170;3;3860;11;U417Z1P;Jižní Město;50.04293;14.48775
20260521_093021_L195;20260521_093021;21.05.2026;09:19:00;195;13;5060;10;U953Z1P;Poliklinika Zahradní Město;50.06872;14.50809
20260521_093021_L174;20260521_093021;21.05.2026;09:18:00;174;8;4172;11;U444Z1P;Vypich;50.0759;14.34526
20260521_093422_L133;20260521_093422;21.05.2026;09:20:00;133;7;3952;14;U16Z1P;Sídliště Malešice;50.08716;14.47098
20260521_093422_L133;20260521_093422;21.05.2026;09:23:00;133;4;3963;11;U69Z2P;Florenc;50.08886;14.46086
20260521_093422_L136;20260521_093422;21.05.2026;09:24:00;136;1;6757;10;U125Z1P;Sídliště Čakovice;50.13961;14.50493
20260521_093422_L136;20260521_093422;21.05.2026;09:20:00;136;4;5533;14;U516Z4P;Sídliště Čakovice;50.08337;14.45844
20260521_093422_L136;20260521_093422;21.05.2026;09:07:00;136;29;6711;25;U1074Z4P;Jižní Město;50.09238;14.4704
20260521_093422_L136;20260521_093422;21.05.2026;09:13:00;136;14;5089;19;U1074Z4P;Jižní Město;50.0935;14.47292
20260521_093422_L136;20260521_093422;21.05.2026;09:21:00;136;33;6813;11;U1074Z4P;Jižní Město;50.09461;14.47436
20260521_093422_L149;20260521_093422;21.05.2026;09:20:00;149;11;3757;14;U321Z4P;Dejvická;50.10004;14.39553
20260521_093422_L155;20260521_093422;21.05.2026;09:24:00;155;1;9120;10;U1018Z1P;Nemocnice Vinohrady;50.08763;14.50681
20260521_093422_L155;20260521_093422;21.05.2026;09:09:00;155;2;9185;24;U921Z7P;Nemocnice Vinohrady;50.07904;14.47443
20260521_093422_L166;20260521_093422;21.05.2026;09:22:00;166;4;7987;11;U881Z1P;Domov seniorů Ďáblice;50.12304;14.47275
20260521_093422_L170;20260521_093422;21.05.2026;09:24:00;170;3;3860;10;U960Z2P;Jižní Město;50.03878;14.50407
20260521_093422_L174;20260521_093422;21.05.2026;09:18:00;174;8;4172;13;U444Z1P;Vypich;50.07777;14.34771
20260521_093422_L177;20260521_093422;21.05.2026;09:23:00;177;6;5542;11;U574Z1P;Chodov;50.09207;14.51142
20260521_093422_L180;20260521_093422;21.05.2026;09:19:00;180;14;5001;14;U44Z2P;Dejvická;50.08643;14.37097
20260521_093422_L183;20260521_093422;21.05.2026;09:24:00;183;6;6761;10;U747Z1P;Háje;50.0794;14.53782
20260521_093422_L183;20260521_093422;21.05.2026;09:03:00;183;9;6886;29;U574Z1P;Háje;50.09212;14.51201
20260521_093422_L195;20260521_093422;21.05.2026;09:22:00;195;13;5060;12;U889Z3P;Poliklinika Zahradní Město;50.06054;14.50588
20260521_093422_L204;20260521_093422;21.05.2026;09:24:00;204;73;9048;10;U732Z1P;Sídliště Petrovice;50.043;14.5553
20260521_093422_L207;20260521_093422;21.05.2026;09:24:00;207;21;3847;10;U593Z1P;Staroměstská;50.09209;14.41764
20260521_093422_L311;20260521_093422;21.05.2026;09:21:00;311;74;9597;13;U1649Z2;Praha,Zličín;50.02847;14.21664
20260521_093422_L324;20260521_093422;21.05.2026;09:24:00;324;20;8972;10;U4786Z2;Slaný,Rabasova;50.23003;14.08365
20260521_093422_L337;20260521_093422;21.05.2026;09:22:00;337;15;9938;11;U1539Z1;Benešov,Terminál;49.9048;14.59062
20260521_093422_L339;20260521_093422;21.05.2026;09:24:00;339;16;9170;10;U908Z1;Týnec n.Sáz.,žel.st.;50.02068;14.46345
20260521_093422_L389;20260521_093422;21.05.2026;08:12:00;389;16;7754;80;U32406Z12;Chomutov,žel.st.;50.45666;13.40021
20260521_093422_L398;20260521_093422;21.05.2026;09:23:00;398;26;1679;11;U2452Z2;Praha,Černý Most;50.12607;14.69688
20260521_093422_L493;20260521_093422;21.05.2026;09:21:00;493;32;8579;13;U3160Z2;Poděbrady,žel.st.;50.13666;15.09582
20260521_093422_L540;20260521_093422;21.05.2026;08:39:00;540;15;7594;53;U6701Z1;Dymokury;50.24357;15.20829
20260521_093422_L546;20260521_093422;21.05.2026;09:24:00;546;5;9572;10;U9829Z2;Rokycany,aut.nádr.;49.81115;13.85964
20260521_093422_L585;20260521_093422;21.05.2026;07:32:00;585;18;7034;119;U4201Z1;Poděbrady,žel.st.;50.14867;15.12383
20260521_093422_L617;20260521_093422;21.05.2026;09:23:00;617;17;7326;11;U7494Z1;Roudnice n.L.,žel.st.;50.40377;14.30344
20260521_093422_L631;20260521_093422;21.05.2026;09:21:00;631;48;9769;12;U9773Z1;Nižbor,Šnárová;49.99353;14.02832
20260521_093422_L637;20260521_093422;21.05.2026;09:21:00;637;54;9582;13;U9070Z2;Kublov,Slovanka;49.98291;13.95826
20260521_093422_L705;20260521_093422;21.05.2026;09:15:00;705;38;8688;14;U6647Z1;Čáslav,obchodní centrum;50.09494;15.2125
20260521_093822_L124;20260521_093822;21.05.2026;09:27:00;124;13;6910;10;U337Z13P;Smíchovské nádraží;50.05351;14.40897
20260521_093822_L133;20260521_093822;21.05.2026;09:23:00;133;7;3952;14;U767Z1P;Sídliště Malešice;50.08368;14.48201
20260521_093822_L133;20260521_093822;21.05.2026;09:25:00;133;4;3963;11;U745Z2P;Florenc;50.08743;14.45242
20260521_093822_L133;20260521_093822;21.05.2026;09:28:00;133;10;4157;10;U34Z2P;Florenc;50.08849;14.46889
20260521_093822_L136;20260521_093822;21.05.2026;09:23:00;136;24;6885;15;U474Z5P;Sídliště Čakovice;50.11096;14.50251
20260521_093822_L136;20260521_093822;21.05.2026;09:24:00;136;3;6895;14;U498Z1P;Sídliště Čakovice;50.1001;14.49177
20260521_093822_L136;20260521_093822;21.05.2026;09:23:00;136;4;5533;15;U69Z1P;Sídliště Čakovice;50.08897;14.46172
20260521_093822_L136;20260521_093822;21.05.2026;09:07:00;136;29;6711;28;U1074Z4P;Jižní Město;50.09186;14.46898
20260521_093822_L136;20260521_093822;21.05.2026;09:13:00;136;14;5089;21;U1074Z4P;Jižní Město;50.09314;14.47222
20260521_093822_L136;20260521_093822;21.05.2026;09:21:00;136;33;6813;16;U1074Z4P;Jižní Město;50.09395;14.47343
20260521_093822_L155;20260521_093822;21.05.2026;09:27:00;155;1;9120;11;U1160Z1P;Nemocnice Vinohrady;50.08547;14.50135
20260521_093822_L155;20260521_093822;21.05.2026;09:09:00;155;2;9185;28;U921Z7P;Nemocnice Vinohrady;50.07904;14.47443
20260521_093822_L166;20260521_093822;21.05.2026;09:25:00;166;4;7987;12;U78Z3P;Domov seniorů Ďáblice;50.12646;14.46872
20260521_093822_L174;20260521_093822;21.05.2026;09:18:00;174;8;4172;18;U444Z1P;Vypich;50.07794;14.3459
20260521_093822_L177;20260521_093822;21.05.2026;09:24:00;177;6;5542;13;U2703Z1P;Chodov;50.08873;14.51388
20260521_093822_L181;20260521_093822;21.05.2026;09:28:00;181;2;6832;10;U552Z1P;Opatov;50.07001;14.53712
20260521_093822_L183;20260521_093822;21.05.2026;09:25:00;183;6;6761;13;U708Z1P;Háje;50.07587;14.53765
20260521_093822_L183;20260521_093822;21.05.2026;09:03:00;183;9;6886;34;U574Z1P;Háje;50.09214;14.512
20260521_093822_L826;20260521_093822;21.05.2026;09:27:00;826;35;8545;11;U2270Z2;Český Brod,žel.st.;50.07311;14.86317
20260521_093822_L311;20260521_093822;21.05.2026;09:25:00;311;74;9597;12;U1647Z2;Praha,Zličín;50.03456;14.23328
20260521_093822_L324;20260521_093822;21.05.2026;09:26:00;324;20;8972;11;U4777Z17;Slaný,Rabasova;50.22887;14.09096
20260521_093822_L337;20260521_093822;21.05.2026;09:22:00;337;15;9938;15;U1539Z1;Benešov,Terminál;49.9048;14.59062
20260521_093822_L339;20260521_093822;21.05.2026;09:28:00;339;16;9170;10;U423Z1;Týnec n.Sáz.,žel.st.;50.00743;14.47963
20260521_093822_L389;20260521_093822;21.05.2026;08:12:00;389;16;7754;84;U32406Z12;Chomutov,žel.st.;50.45667;13.40022
20260521_093822_L398;20260521_093822;21.05.2026;09:25:00;398;26;1679;11;U2451Z2;Praha,Černý Most;50.122;14.66909
20260521_093822_L410;20260521_093822;21.05.2026;09:26:00;410;9;11646;12;U6070Z1;Mimoň,aut.st.;50.44558;14.47259
20260521_093822_L531;20260521_093822;21.05.2026;09:27:00;531;9;9458;10;U3285Z2;Příbram,aut.nádr. (ul. Čs.armády);49.78021;13.98954
20260521_093822_L540;20260521_093822;21.05.2026;08:39:00;540;15;7594;56;U6701Z1;Dymokury;50.24357;15.20828
20260521_093822_L585;20260521_093822;21.05.2026;07:32:00;585;18;7034;120;U4201Z1;Poděbrady,žel.st.;50.14867;15.12383
20260521_093822_L617;20260521_093822;21.05.2026;09:25:00;617;17;7326;11;U4714Z1;Roudnice n.L.,žel.st.;50.41597;14.27713
20260521_093822_L631;20260521_093822;21.05.2026;09:26:00;631;48;9769;12;U9776Z1;Nižbor,Šnárová;50.00083;14.00267
20260521_093822_L637;20260521_093822;21.05.2026;09:23:00;637;54;9582;14;U9072Z4;Kublov,Slovanka;49.98005;13.94172
20260521_093822_L705;20260521_093822;21.05.2026;09:25:00;705;38;8688;12;U2878Z2;Čáslav,obchodní centrum;50.10216;15.1925
20260521_094222_L207;20260521_094222;21.05.2026;09:32:00;207;18;4158;10;U3018Z2P;Staroměstská;50.08837;14.44314
20260521_094222_L166;20260521_094222;21.05.2026;09:29:00;166;4;7987;13;U39Z2P;Domov seniorů Ďáblice;50.13253;14.46424
20260521_094222_L136;20260521_094222;21.05.2026;09:30:00;136;3;6895;12;U474Z5P;Sídliště Čakovice;50.111;14.5025
20260521_094222_L337;20260521_094222;21.05.2026;09:22:00;337;15;9938;19;U1539Z1;Benešov,Terminál;49.90475;14.58725
20260521_094222_L177;20260521_094222;21.05.2026;09:29:00;177;6;5542;13;U827Z1P;Chodov;50.07878;14.50836
20260521_094222_L183;20260521_094222;21.05.2026;09:30:00;183;6;6761;12;U677Z1P;Háje;50.0579;14.53608
20260521_094222_L733;20260521_094222;21.05.2026;09:30:00;733;37;8656;11;U6392Z1;Turnov,Na Lukách;50.56356;15.03442
20260521_094222_L389;20260521_094222;21.05.2026;08:12:00;389;16;7754;88;U32406Z12;Chomutov,žel.st.;50.45665;13.40027
20260521_094222_L136;20260521_094222;21.05.2026;09:28:00;136;24;6885;14;U603Z1P;Sídliště Čakovice;50.1187;14.49972
20260521_094222_L136;20260521_094222;21.05.2026;09:07:00;136;29;6711;32;U1074Z4P;Jižní Město;50.09131;14.46846
20260521_094222_L384;20260521_094222;21.05.2026;09:27:00;384;24;9904;10;U4979Z2;Zdice,nám.;49.90859;13.97735
20260521_094222_L617;20260521_094222;21.05.2026;09:29:00;617;17;7326;11;U4716Z1;Roudnice n.L.,žel.st.;50.4231;14.26037
20260521_094222_L775;20260521_094222;21.05.2026;09:31:00;775;31;9800;10;U3058Z1;Luštěnice,Sluneční;50.317;14.91625
20260521_094222_L540;20260521_094222;21.05.2026;08:39:00;540;15;7594;61;U6701Z1;Dymokury;50.24358;15.20828
20260521_094222_L531;20260521_094222;21.05.2026;09:31:00;531;9;9458;10;U9794Z2;Příbram,aut.nádr. (ul. Čs.armády);49.77508;14.00643
20260521_094222_L631;20260521_094222;21.05.2026;09:30:00;631;48;9769;12;U9775Z2;Beroun,autobusové nádraží;50.01066;14.00101
20260521_094222_L365;20260521_094222;21.05.2026;09:30:00;365;18;8762;11;U444Z1;Unhošť,Nám.;50.07849;14.34464
20260521_094222_L307;20260521_094222;21.05.2026;09:29:00;307;10;8991;11;U1678Z2;Praha,Zličín;50.04543;14.18521
20260521_094222_L311;20260521_094222;21.05.2026;09:30:00;311;74;9597;12;U1190Z2;Praha,Zličín;50.04487;14.25925
20260521_094222_L311;20260521_094222;21.05.2026;09:32:00;311;77;9583;10;U2377Z1;Praha,Zličín;49.9242;14.22843
20260521_094222_L170;20260521_094222;21.05.2026;09:31:00;170;3;3860;10;U386Z1P;Jižní Město;50.0303;14.52459
20260521_094222_L398;20260521_094222;21.05.2026;09:31:00;398;26;1679;10;U155Z2;Praha,Černý Most;50.11765;14.62623
20260521_094222_L136;20260521_094222;21.05.2026;09:13:00;136;14;5089;27;U1074Z4P;Jižní Město;50.09247;14.47053
20260521_094222_L155;20260521_094222;21.05.2026;09:09:00;155;2;9185;32;U921Z7P;Nemocnice Vinohrady;50.07904;14.47443
20260521_094222_L155;20260521_094222;21.05.2026;09:30:00;155;1;9120;12;U128Z2P;Nemocnice Vinohrady;50.08789;14.49097
20260521_094222_L136;20260521_094222;21.05.2026;09:30:00;136;15;6846;10;U1074Z4P;Jižní Město;50.09566;14.47629
20260521_094222_L133;20260521_094222;21.05.2026;09:28:00;133;4;3963;13;U3018Z2P;Florenc;50.08915;14.44341
20260521_094222_L183;20260521_094222;21.05.2026;09:03:00;183;9;6886;36;U574Z1P;Háje;50.09219;14.51218
20260521_094222_L133;20260521_094222;21.05.2026;09:31:00;133;10;4157;11;U69Z2P;Florenc;50.08902;14.46162
20260521_094222_L410;20260521_094222;21.05.2026;09:29:00;410;9;11646;12;U6072Z1;Mimoň,aut.st.;50.47401;14.47542
20260521_094222_L394;20260521_094222;21.05.2026;09:28:00;394;29;9889;13;U9105Z1;Praha,Nové Butovice;49.9118;13.97913
20260521_094222_L181;20260521_094222;21.05.2026;09:32:00;181;2;6832;10;U453Z6P;Opatov;50.05348;14.53572
20260521_094222_L724;20260521_094222;21.05.2026;09:30:00;724;64;9066;11;U2987Z23;Libáň,aut.st.;50.41883;14.91673
20260521_094222_L324;20260521_094222;21.05.2026;09:30:00;324;20;8972;11;U4787Z1;Slaný,Rabasova;50.23412;14.07768
20260521_094222_L705;20260521_094222;21.05.2026;09:27:00;705;38;8688;13;U6649Z2;Čáslav,obchodní centrum;50.09422;15.18632
20260521_094623_L136;20260521_094623;21.05.2026;09:35:00;136;3;6895;11;U603Z1P;Sídliště Čakovice;50.11916;14.5005
20260521_094623_L133;20260521_094623;21.05.2026;09:36:00;133;8;3957;10;U767Z1P;Sídliště Malešice;50.0837;14.482
20260521_094623_L155;20260521_094623;21.05.2026;09:36:00;155;6;9124;10;U359Z2P;Poliklinika Malešice;50.08413;14.51061
20260521_094623_L724;20260521_094623;21.05.2026;09:36:00;724;64;9066;10;U3256Z1;Libáň,aut.st.;50.41114;14.91654
20260521_094623_L177;20260521_094623;21.05.2026;09:34:00;177;6;5542;12;U673Z3P;Chodov;50.06504;14.50549
20260521_094623_L443;20260521_094623;21.05.2026;09:33:00;443;22;8594;12;U2970Z51;Čelákovice,Toušeňská;50.18804;15.03756
20260521_094623_L384;20260521_094623;21.05.2026;09:27:00;384;24;9904;13;U4979Z2;Zdice,nám.;49.90283;13.9632
20260521_094623_L155;20260521_094623;21.05.2026;09:09:00;155;2;9185;36;U921Z7P;Nemocnice Vinohrady;50.07904;14.47443
20260521_094623_L641;20260521_094623;21.05.2026;09:33:00;641;14;9573;11;U9855Z55;Hořovice,nemocnice;49.8682;13.92679
20260521_094623_L133;20260521_094623;21.05.2026;09:33:00;133;10;4157;11;U745Z2P;Florenc;50.08738;14.45239
20260521_094623_L733;20260521_094623;21.05.2026;09:33:00;733;37;8656;12;U6390Z1;Turnov,Na Lukách;50.56543;15.01587
20260521_094623_L365;20260521_094623;21.05.2026;09:33:00;365;18;8762;13;U364Z3;Unhošť,Nám.;50.07634;14.33311
20260521_094623_L389;20260521_094623;21.05.2026;08:12:00;389;16;7754;92;U32406Z12;Chomutov,žel.st.;50.45665;13.40027
20260521_094623_L631;20260521_094623;21.05.2026;09:34:00;631;48;9769;12;U9776Z2;Beroun,autobusové nádraží;50.00073;14.00253
20260521_094623_L398;20260521_094623;21.05.2026;09:34:00;398;26;1679;10;U452Z2;Praha,Černý Most;50.113;14.59882
20260521_094623_L548;20260521_094623;21.05.2026;09:35:00;548;12;9511;10;U9858Z1;Praskolesy;49.86304;13.92622
20260521_094623_L324;20260521_094623;21.05.2026;09:33:00;324;20;8972;12;U4785Z2;Slaný,Rabasova;50.23198;14.07236
20260521_094623_L307;20260521_094623;21.05.2026;09:32:00;307;10;8991;11;U1676Z2;Praha,Zličín;50.03134;14.19534
20260521_094623_L311;20260521_094623;21.05.2026;09:33:00;311;74;9597;12;U1142Z2;Praha,Zličín;50.05632;14.28709
20260521_094623_L311;20260521_094623;21.05.2026;09:36:00;311;77;9583;10;U1665Z2;Praha,Zličín;49.93861;14.23553
20260521_094623_L180;20260521_094623;21.05.2026;09:36:00;180;3;5568;10;U872Z1P;Dejvická;50.07994;14.3478
20260521_094623_L540;20260521_094623;21.05.2026;08:39:00;540;15;7594;65;U6701Z1;Dymokury;50.24359;15.20829
20260521_094623_L136;20260521_094623;21.05.2026;09:13:00;136;14;5089;29;U1074Z4P;Jižní Město;50.09247;14.47053
20260521_094623_L136;20260521_094623;21.05.2026;09:30:00;136;15;6846;13;U1074Z4P;Jižní Město;50.09504;14.47513
20260521_094623_L155;20260521_094623;21.05.2026;09:31:00;155;1;9120;15;U834Z2P;Nemocnice Vinohrady;50.08697;14.48548
20260521_094623_L207;20260521_094623;21.05.2026;09:35:00;207;18;4158;10;U689Z3P;Staroměstská;50.09151;14.43975
20260521_094623_L780;20260521_094623;21.05.2026;09:35:00;780;10;7637;11;U7320Z11;Čáslav,žel.st.;49.91196;15.39692
20260521_094623_L337;20260521_094623;21.05.2026;09:22:00;337;15;9938;23;U1539Z1;Benešov,Terminál;49.90478;14.58722
20260521_094623_L410;20260521_094623;21.05.2026;09:29:00;410;9;11646;16;U6072Z1;Mimoň,aut.st.;50.47407;14.47545
20260521_094623_L183;20260521_094623;21.05.2026;09:34:00;183;6;6761;12;U654Z1P;Háje;50.04979;14.54362
20260521_095023_L733;20260521_095023;21.05.2026;09:38:00;733;37;8656;12;U6387Z1;Turnov,Na Lukách;50.57235;14.9936
20260521_095023_L825;20260521_095023;21.05.2026;09:40:00;825;44;9575;10;U2172Z3;Králův Dvůr,Popovice;49.96326;14.09231
20260521_095023_L471;20260521_095023;21.05.2026;09:39:00;471;37;8088;10;U1790Z2;Neratovice,Kojetická;50.32502;14.50327
20260521_095023_L155;20260521_095023;21.05.2026;09:09:00;155;2;9185;40;U921Z7P;Nemocnice Vinohrady;50.07904;14.47443
20260521_095023_L705;20260521_095023;21.05.2026;09:35:00;705;38;8688;10;U6651Z2;Čáslav,obchodní centrum;50.06286;15.18236
20260521_095023_L780;20260521_095023;21.05.2026;09:35:00;780;10;7637;15;U7320Z11;Čáslav,žel.st.;49.91196;15.39692
20260521_095023_L136;20260521_095023;21.05.2026;09:40:00;136;16;5537;10;U1074Z4P;Jižní Město;50.09566;14.47628
20260521_095023_L389;20260521_095023;21.05.2026;08:12:00;389;16;7754;96;U32406Z12;Chomutov,žel.st.;50.45665;13.40027
20260521_095023_L133;20260521_095023;21.05.2026;09:36:00;133;10;4157;13;U3018Z2P;Florenc;50.08903;14.44334
20260521_095023_L531;20260521_095023;21.05.2026;09:39:00;531;9;9458;10;U9672Z1;Příbram,aut.nádr. (ul. Čs.armády);49.74064;14.02595
20260521_095023_L207;20260521_095023;21.05.2026;09:40:00;207;18;4158;10;U87Z2P;Staroměstská;50.08997;14.42802
20260521_095023_L546;20260521_095023;21.05.2026;09:39:00;546;5;9572;10;U31501Z2;Rokycany,aut.nádr.;49.76984;13.78203
20260521_095023_L155;20260521_095023;21.05.2026;09:39:00;155;6;9124;11;U1387Z1P;Poliklinika Malešice;50.08022;14.50657
20260521_095023_L155;20260521_095023;21.05.2026;09:36:00;155;1;9120;14;U575Z2P;Nemocnice Vinohrady;50.08102;14.48588
20260521_095023_L394;20260521_095023;21.05.2026;09:35:00;394;29;9889;15;U9006Z1;Praha,Nové Butovice;49.93437;14.01071
20260521_095023_L398;20260521_095023;21.05.2026;09:37:00;398;26;1679;10;U188Z2;Praha,Černý Most;50.10846;14.57338
20260521_095023_L365;20260521_095023;21.05.2026;09:35:00;365;18;8762;13;U31Z7;Unhošť,Nám.;50.07572;14.31456
20260521_095023_L300;20260521_095023;21.05.2026;09:36:00;300;10;8965;10;U80Z3;Kladno,u kostela;50.12563;14.26765
20260521_095023_L307;20260521_095023;21.05.2026;09:38:00;307;10;8991;12;U1649Z2;Praha,Zličín;50.02698;14.21268
20260521_095023_L177;20260521_095023;21.05.2026;09:38:00;177;6;5542;12;U670Z3P;Chodov;50.05677;14.51318
20260521_095023_L548;20260521_095023;21.05.2026;09:35:00;548;12;9511;12;U9858Z1;Praskolesy;49.86705;13.92994
20260521_095023_L637;20260521_095023;21.05.2026;09:36:00;637;54;9582;13;U9078Z2;Kublov,Slovanka;49.95241;13.8544
20260521_095023_L641;20260521_095023;21.05.2026;09:35:00;641;14;9573;13;U9856Z2;Hořovice,nemocnice;49.86292;13.92609
20260521_095023_L133;20260521_095023;21.05.2026;09:39:00;133;11;3751;11;U789Z1P;Sídliště Malešice;50.08677;14.44715
20260521_095023_L443;20260521_095023;21.05.2026;09:33:00;443;22;8594;15;U2970Z51;Čelákovice,Toušeňská;50.18586;15.04107
20260521_095023_L540;20260521_095023;21.05.2026;08:39:00;540;15;7594;69;U6701Z1;Dymokury;50.24359;15.20829
20260521_095023_L724;20260521_095023;21.05.2026;09:38:00;724;64;9066;12;U3063Z2;Libáň,aut.st.;50.41033;14.92906
20260521_095023_L183;20260521_095023;21.05.2026;09:38:00;183;6;6761;12;U1069Z1P;Háje;50.04808;14.56471
20260521_095023_L136;20260521_095023;21.05.2026;09:36:00;136;24;6885;14;U771Z1P;Sídliště Čakovice;50.13484;14.50586
20260521_095023_L136;20260521_095023;21.05.2026;09:40:00;136;3;6895;10;U1000Z12P;Sídliště Čakovice;50.12578;14.51676
20260521_095023_L631;20260521_095023;21.05.2026;09:34:00;631;48;9769;16;U9776Z2;Beroun,autobusové nádraží;50.00158;14.00698
20260521_095424_L133;20260521_095424;21.05.2026;09:44:00;133;11;3751;10;U512Z8P;Sídliště Malešice;50.09009;14.46646
20260521_095424_L136;20260521_095424;21.05.2026;09:40:00;136;16;5537;12;U1074Z4P;Jižní Město;50.09517;14.47534
20260521_095424_L136;20260521_095424;21.05.2026;09:42:00;136;24;6885;12;U451Z1P;Sídliště Čakovice;50.15081;14.51433
20260521_095424_L155;20260521_095424;21.05.2026;09:39:00;155;1;9120;15;U921Z7P;Nemocnice Vinohrady;50.07829;14.47638
20260521_095424_L155;20260521_095424;21.05.2026;09:09:00;155;2;9185;44;U921Z7P;Nemocnice Vinohrady;50.07904;14.47443
20260521_095424_L177;20260521_095424;21.05.2026;09:42:00;177;6;5542;12;U160Z1P;Chodov;50.05048;14.52591
20260521_095424_L180;20260521_095424;21.05.2026;09:42:00;180;3;5568;12;U182Z2P;Dejvická;50.08781;14.38185
20260521_095424_L183;20260521_095424;21.05.2026;09:43:00;183;6;6761;11;U967Z2P;Háje;50.03441;14.56377
20260521_095424_L207;20260521_095424;21.05.2026;09:44:00;207;18;4158;10;U593Z1P;Staroměstská;50.09155;14.41785
20260521_095424_L825;20260521_095424;21.05.2026;09:42:00;825;44;9575;12;U2173Z1;Králův Dvůr,Popovice;49.96269;14.08553
20260521_095424_L300;20260521_095424;21.05.2026;09:44:00;300;10;8965;10;U4301Z1;Kladno,u kostela;50.14685;14.2092
20260521_095424_L307;20260521_095424;21.05.2026;09:41:00;307;10;8991;13;U2323Z2;Praha,Zličín;50.03183;14.22611
20260521_095424_L311;20260521_095424;21.05.2026;09:44:00;311;77;9583;10;U1664Z2;Praha,Zličín;49.95247;14.21394
20260521_095424_L365;20260521_095424;21.05.2026;09:41:00;365;18;8762;13;U1065Z1;Unhošť,Nám.;50.07798;14.2903
20260521_095424_L389;20260521_095424;21.05.2026;09:42:00;389;10;7752;10;U80Z4;Praha,Nádraží Veleslavín;50.09282;14.31767
20260521_095424_L389;20260521_095424;21.05.2026;08:12:00;389;16;7754;100;U32406Z12;Chomutov,žel.st.;50.45664;13.40027
20260521_095424_L471;20260521_095424;21.05.2026;09:40:00;471;37;8088;14;U1789Z2;Neratovice,Kojetická;50.32113;14.50637
20260521_095424_L540;20260521_095424;21.05.2026;08:39:00;540;15;7594;73;U6701Z1;Dymokury;50.24359;15.20829
20260521_095424_L548;20260521_095424;21.05.2026;09:35:00;548;12;9511;16;U9858Z1;Praskolesy;49.86661;13.93145
20260521_095424_L640;20260521_095424;21.05.2026;09:42:00;640;29;9553;11;U9810Z1;Hostomice,nám.;49.82583;14.04499
20260521_095424_L641;20260521_095424;21.05.2026;09:42:00;641;14;9573;11;U9779Z3;Hořovice,nemocnice;49.83928;13.90098
20260521_095424_L724;20260521_095424;21.05.2026;09:41:00;724;64;9066;12;U9359Z1;Libáň,aut.st.;50.40831;14.96107
20260521_095424_L733;20260521_095424;21.05.2026;09:41:00;733;37;8656;13;U6383Z1;Turnov,Na Lukách;50.5806;14.9836
20260521_095424_L780;20260521_095424;21.05.2026;09:35:00;780;10;7637;19;U7320Z11;Čáslav,žel.st.;49.91196;15.39692
20260521_095824_L133;20260521_095824;21.05.2026;09:47:00;133;11;3751;11;U16Z1P;Sídliště Malešice;50.08705;14.4703
20260521_095824_L133;20260521_095824;21.05.2026;09:47:00;133;3;4105;11;U69Z2P;Florenc;50.0889;14.4616
20260521_095824_L136;20260521_095824;21.05.2026;09:40:00;136;16;5537;16;U1074Z4P;Jižní Město;50.09472;14.47445
20260521_095824_L136;20260521_095824;21.05.2026;09:43:00;136;4;5533;16;U603Z1P;Sídliště Čakovice;50.11869;14.49965
20260521_095824_L146;20260521_095824;21.05.2026;09:46:00;146;4;9482;12;U834Z2P;Želivského;50.08704;14.48442
20260521_095824_L155;20260521_095824;21.05.2026;09:09:00;155;2;9185;48;U921Z7P;Nemocnice Vinohrady;50.07904;14.47443
20260521_095824_L177;20260521_095824;21.05.2026;09:45:00;177;6;5542;13;U166Z1P;Chodov;50.04777;14.51896
20260521_095824_L180;20260521_095824;21.05.2026;09:44:00;180;3;5568;13;U867Z1P;Dejvická;50.09396;14.39007
20260521_095824_L183;20260521_095824;21.05.2026;09:47:00;183;5;5015;11;U552Z1P;Háje;50.06927;14.53705
20260521_095824_L183;20260521_095824;21.05.2026;09:47:00;183;6;6761;11;U151Z2P;Háje;50.03177;14.53371
20260521_095824_L825;20260521_095824;21.05.2026;09:45:00;825;44;9575;12;U4272Z1;Králův Dvůr,Popovice;49.96842;14.07856
20260521_095824_L300;20260521_095824;21.05.2026;09:46:00;300;10;8965;10;U4302Z52;Kladno,u kostela;50.1504;14.18363
20260521_095824_L307;20260521_095824;21.05.2026;09:45:00;307;10;8991;13;U1645Z2;Praha,Zličín;50.03913;14.24551
20260521_095824_L311;20260521_095824;21.05.2026;09:45:00;311;77;9583;10;U1663Z2;Praha,Zličín;49.96961;14.21825
20260521_095824_L365;20260521_095824;21.05.2026;09:47:00;365;18;8762;11;U1144Z1;Unhošť,Nám.;50.08127;14.25526
20260521_095824_L369;20260521_095824;21.05.2026;09:45:00;369;37;8270;12;U1790Z2;Praha,Ládví;50.32641;14.50207
20260521_095824_L384;20260521_095824;21.05.2026;09:43:00;384;20;9888;10;U2370Z2;Praha,Zličín;50.01804;14.19692
20260521_095824_L389;20260521_095824;21.05.2026;09:44:00;389;10;7752;11;U85Z1;Praha,Nádraží Veleslavín;50.09548;14.34553
20260521_095824_L389;20260521_095824;21.05.2026;08:12:00;389;16;7754;102;U32406Z12;Chomutov,žel.st.;50.45663;13.40025
20260521_095824_L471;20260521_095824;21.05.2026;09:45:00;471;37;8088;12;U1786Z2;Neratovice,Kojetická;50.2982;14.50587
20260521_095824_L473;20260521_095824;21.05.2026;09:48:00;473;47;8086;10;U1971Z2;Neratovice,Kojetická;50.25341;14.51151
20260521_095824_L510;20260521_095824;21.05.2026;09:46:00;510;29;7221;12;U7960Z1;Smolotely;49.62939;14.13386
20260521_095824_L540;20260521_095824;21.05.2026;08:39:00;540;15;7594;77;U6701Z1;Dymokury;50.24359;15.20829
20260521_095824_L640;20260521_095824;21.05.2026;09:42:00;640;29;9553;13;U9810Z1;Hostomice,nám.;49.82583;14.04499
20260521_095824_L641;20260521_095824;21.05.2026;09:46:00;641;14;9573;12;U9618Z6;Hořovice,nemocnice;49.83322;13.90202
20260521_095824_L724;20260521_095824;21.05.2026;09:45:00;724;64;9066;12;U6261Z3;Libáň,aut.st.;50.40998;15.00038
20260521_095824_L733;20260521_095824;21.05.2026;09:44:00;733;37;8656;13;U6385Z1;Turnov,Na Lukách;50.58777;15.00777
20260521_095824_L780;20260521_095824;21.05.2026;09:35:00;780;10;7637;23;U7320Z11;Čáslav,žel.st.;49.91196;15.39692
20260521_100224_L133;20260521_100224;21.05.2026;09:50:00;133;11;3751;12;U767Z1P;Sídliště Malešice;50.08374;14.48199
20260521_100224_L133;20260521_100224;21.05.2026;09:51:00;133;3;4105;12;U789Z2P;Florenc;50.08672;14.446
20260521_100224_L136;20260521_100224;21.05.2026;09:50:00;136;17;6782;11;U1074Z4P;Jižní Město;50.09429;14.47381
20260521_100224_L146;20260521_100224;21.05.2026;09:51:00;146;4;9482;11;U575Z2P;Želivského;50.08082;14.48445
20260521_100224_L155;20260521_100224;21.05.2026;09:09:00;155;2;9185;52;U921Z7P;Nemocnice Vinohrady;50.07904;14.47443
20260521_100224_L176;20260521_100224;21.05.2026;09:51:00;176;3;4018;10;U208Z4P;Karlovo náměstí;50.07563;14.41598
20260521_100224_L177;20260521_100224;21.05.2026;09:50:00;177;6;5542;12;U99Z1P;Chodov;50.03783;14.50923
20260521_100224_L183;20260521_100224;21.05.2026;09:52:00;183;5;5015;10;U453Z10P;Háje;50.05302;14.53724
20260521_100224_L825;20260521_100224;21.05.2026;09:47:00;825;44;9575;14;U1745Z1;Králův Dvůr,Popovice;49.96546;14.07225
20260521_100224_L300;20260521_100224;21.05.2026;09:51:00;300;10;8965;10;U4304Z1;Kladno,u kostela;50.14908;14.16893
20260521_100224_L307;20260521_100224;21.05.2026;09:47:00;307;10;8991;15;U1190Z2;Praha,Zličín;50.04483;14.25926
20260521_100224_L311;20260521_100224;21.05.2026;09:48:00;311;77;9583;10;U1638Z4;Praha,Zličín;49.97259;14.18203
20260521_100224_L365;20260521_100224;21.05.2026;09:49:00;365;18;8762;11;U1145Z3;Unhošť,Nám.;50.08507;14.22412
20260521_100224_L369;20260521_100224;21.05.2026;09:45:00;369;37;8270;16;U1790Z2;Praha,Ládví;50.32539;14.50292
20260521_100224_L389;20260521_100224;21.05.2026;09:44:00;389;10;7752;14;U85Z1;Praha,Nádraží Veleslavín;50.09541;14.34599
20260521_100224_L389;20260521_100224;21.05.2026;08:12:00;389;16;7754;106;U32406Z12;Chomutov,žel.st.;50.45664;13.40027
20260521_100225_L471;20260521_100225;21.05.2026;09:49:00;471;37;8088;13;U1955Z2;Neratovice,Kojetická;50.27759;14.50026
20260521_100225_L508;20260521_100225;21.05.2026;09:48:00;508;9;9530;13;U9712Z4;Příbram,Svatá Hora;49.69036;14.01549
20260521_100225_L540;20260521_100225;21.05.2026;08:39:00;540;15;7594;81;U6701Z1;Dymokury;50.24359;15.20829
20260521_100225_L546;20260521_100225;21.05.2026;09:52:00;546;5;9572;10;U31496Z2;Rokycany,aut.nádr.;49.72896;13.75327
20260521_100225_L640;20260521_100225;21.05.2026;09:42:00;640;29;9553;19;U9810Z1;Hostomice,nám.;49.82583;14.04499
20260521_100225_L705;20260521_100225;21.05.2026;09:50:00;705;38;8688;10;U2816Z4;Čáslav,obchodní centrum;50.02301;15.21171
20260521_100225_L724;20260521_100225;21.05.2026;09:50:00;724;64;9066;11;U9456Z1;Libáň,aut.st.;50.42115;15.01418
20260521_100225_L733;20260521_100225;21.05.2026;09:49:00;733;37;8656;13;U31177Z1;Turnov,Na Lukách;50.60683;15.01082
20260521_100225_L780;20260521_100225;21.05.2026;09:35:00;780;10;7637;27;U7320Z11;Čáslav,žel.st.;49.91196;15.39692
20260521_100625_L133;20260521_100625;21.05.2026;09:53:00;133;11;3751;13;U161Z1P;Sídliště Malešice;50.08138;14.49701
20260521_100625_L136;20260521_100625;21.05.2026;09:51:00;136;4;5533;15;U771Z1P;Sídliště Čakovice;50.13483;14.50591
20260521_100625_L136;20260521_100625;21.05.2026;09:50:00;136;17;6782;14;U1074Z4P;Jižní Město;50.0929;14.47186
20260521_100625_L155;20260521_100625;21.05.2026;09:55:00;155;6;9124;10;U359Z2P;Nemocnice Vinohrady;50.08471;14.5094
20260521_100625_L155;20260521_100625;21.05.2026;09:09:00;155;2;9185;56;U921Z7P;Nemocnice Vinohrady;50.07904;14.47443
20260521_100625_L177;20260521_100625;21.05.2026;09:53:00;177;6;5542;13;U106Z2P;Chodov;50.02753;14.50776
20260521_100625_L825;20260521_100625;21.05.2026;09:52:00;825;44;9575;13;U4963Z1;Králův Dvůr,Popovice;49.95934;14.05611
20260521_100625_L311;20260521_100625;21.05.2026;09:52:00;311;75;9579;12;U1601Z1;Řevnice,nádraží;49.91701;14.24311
20260521_100625_L339;20260521_100625;21.05.2026;09:53:00;339;16;9170;10;U1564Z1;Týnec n.Sáz.,žel.st.;49.89802;14.60412
20260521_100625_L365;20260521_100625;21.05.2026;09:54:00;365;18;8762;11;U2117Z1;Unhošť,Nám.;50.08755;14.19228
20260521_100625_L369;20260521_100625;21.05.2026;09:45:00;369;37;8270;20;U1790Z2;Praha,Ládví;50.32258;14.50517
20260521_100625_L389;20260521_100625;21.05.2026;08:12:00;389;16;7754;110;U32406Z12;Chomutov,žel.st.;50.45668;13.40029
20260521_100625_L400;20260521_100625;21.05.2026;09:52:00;400;51;1085;11;U1792Z1;Praha,Střížkov;50.33211;14.49755
20260521_100625_L471;20260521_100625;21.05.2026;09:53:00;471;37;8088;13;U1306Z2;Neratovice,Kojetická;50.27065;14.51385
20260521_100625_L540;20260521_100625;21.05.2026;08:39:00;540;15;7594;84;U6701Z1;Dymokury;50.24359;15.20829
20260521_100625_L546;20260521_100625;21.05.2026;09:53:00;546;5;9572;11;U31495Z2;Rokycany,aut.nádr.;49.7312;13.73131
20260521_100625_L640;20260521_100625;21.05.2026;09:42:00;640;29;9553;21;U9810Z1;Hostomice,nám.;49.82583;14.04499
20260521_100625_L705;20260521_100625;21.05.2026;09:55:00;705;38;8688;11;U4998Z2;Čáslav,obchodní centrum;50.0258;15.20025
20260521_100625_L724;20260521_100625;21.05.2026;09:53:00;724;64;9066;10;U6282Z1;Libáň,aut.st.;50.42701;15.03195
20260521_100625_L733;20260521_100625;21.05.2026;09:53:00;733;37;8656;12;U32551Z2;Turnov,Na Lukách;50.62254;15.02957
20260521_100625_L780;20260521_100625;21.05.2026;09:35:00;780;10;7637;31;U7320Z11;Čáslav,žel.st.;49.91196;15.39692
20260521_101026_L136;20260521_101026;21.05.2026;09:57:00;136;4;5533;13;U451Z1P;Sídliště Čakovice;50.1508;14.51438
20260521_101026_L136;20260521_101026;21.05.2026;09:50:00;136;17;6782;18;U1074Z4P;Jižní Město;50.09232;14.47025
20260521_101026_L155;20260521_101026;21.05.2026;09:58:00;155;6;9124;11;U4572Z1P;Nemocnice Vinohrady;50.08738;14.49157
20260521_101026_L155;20260521_101026;21.05.2026;09:09:00;155;2;9185;60;U921Z7P;Nemocnice Vinohrady;50.07904;14.47443
20260521_101026_L167;20260521_101026;21.05.2026;09:59:00;167;1;5126;11;U1040Z14P;Na Knížecí;50.0717;14.40245
20260521_101026_L177;20260521_101026;21.05.2026;09:57:00;177;6;5542;13;U982Z2P;Chodov;50.02151;14.49395
20260521_101026_L825;20260521_101026;21.05.2026;09:56:00;825;44;9575;14;U4965Z1;Králův Dvůr,Popovice;49.95222;14.04733
20260521_101026_L300;20260521_101026;21.05.2026;09:59:00;300;10;8965;10;U4308Z3;Kladno,u kostela;50.13234;14.11231
20260521_101026_L311;20260521_101026;21.05.2026;09:52:00;311;75;9579;16;U1601Z1;Řevnice,nádraží;49.91701;14.24312
20260521_101026_L384;20260521_101026;21.05.2026;09:59:00;384;24;9904;11;U9106Z1;Praha,Zličín;49.91814;13.97999
20260521_101026_L389;20260521_101026;21.05.2026;08:12:00;389;16;7754;116;U32406Z12;Chomutov,žel.st.;50.45667;13.40027
20260521_101026_L400;20260521_101026;21.05.2026;09:52:00;400;51;1085;15;U1792Z1;Praha,Střížkov;50.32767;14.50121
20260521_101026_L471;20260521_101026;21.05.2026;09:58:00;471;37;8088;12;U3310Z1;Neratovice,Kojetická;50.25871;14.51521
20260521_101026_L540;20260521_101026;21.05.2026;08:39:00;540;15;7594;88;U6701Z1;Dymokury;50.24359;15.20829
20260521_101026_L589;20260521_101026;21.05.2026;09:55:00;589;8;7762;13;U4858Z1;Louny,ČSAD;50.35554;13.77896
20260521_101026_L640;20260521_101026;21.05.2026;09:42:00;640;29;9553;25;U9810Z1;Hostomice,nám.;49.82582;14.04499
20260521_101026_L705;20260521_101026;21.05.2026;09:58:00;705;38;8688;11;U9983Z2;Čáslav,obchodní centrum;50.01936;15.19693
20260521_101026_L724;20260521_101026;21.05.2026;10:00:00;724;64;9066;10;U6279Z1;Libáň,aut.st.;50.41199;15.07728
20260521_101026_L733;20260521_101026;21.05.2026;09:58:00;733;37;8656;12;U32554Z2;Turnov,Na Lukách;50.61861;15.05206
20260521_101026_L780;20260521_101026;21.05.2026;09:35:00;780;10;7637;35;U7320Z11;Čáslav,žel.st.;49.91196;15.39692
20260521_101426_L136;20260521_101426;21.05.2026;10:00:00;136;30;6825;11;U1074Z4P;Jižní Město;50.09315;14.47228
20260521_101426_L136;20260521_101426;21.05.2026;09:50:00;136;17;6782;21;U1074Z4P;Jižní Město;50.09111;14.46827
20260521_101426_L155;20260521_101426;21.05.2026;10:00:00;155;6;9124;14;U128Z2P;Nemocnice Vinohrady;50.08748;14.49056
20260521_101426_L155;20260521_101426;21.05.2026;09:09:00;155;2;9185;64;U921Z7P;Nemocnice Vinohrady;50.07854;14.47632
20260521_101426_L177;20260521_101426;21.05.2026;09:59:00;177;6;5542;15;U1116Z2P;Chodov;50.0305;14.48792
20260521_101426_L197;20260521_101426;21.05.2026;10:03:00;197;1;6926;11;U989Z2P;Roztyly;50.02171;14.50023
20260521_101426_L825;20260521_101426;21.05.2026;09:59:00;825;44;9575;15;U4972Z2;Králův Dvůr,Popovice;49.94535;14.03262
20260521_101426_L300;20260521_101426;21.05.2026;10:02:00;300;10;8965;11;U4310Z1;Kladno,u kostela;50.14035;14.0996
20260521_101426_L311;20260521_101426;21.05.2026;09:52:00;311;75;9579;18;U1601Z1;Řevnice,nádraží;49.91548;14.23389
20260521_101426_L339;20260521_101426;21.05.2026;10:02:00;339;25;9361;10;U488Z7;Praha,Budějovická;50.03768;14.45748
20260521_101426_L384;20260521_101426;21.05.2026;10:01:00;384;24;9904;12;U9107Z1;Praha,Zličín;49.93274;13.98863
20260521_101426_L389;20260521_101426;21.05.2026;08:12:00;389;16;7754;118;U32406Z12;Chomutov,žel.st.;50.45666;13.40029
20260521_101426_L400;20260521_101426;21.05.2026;09:52:00;400;51;1085;18;U1792Z1;Praha,Střížkov;50.32439;14.5038
20260521_101426_L471;20260521_101426;21.05.2026;10:00:00;471;37;8088;12;U9929Z2;Neratovice,Kojetická;50.25319;14.51168
20260521_101426_L540;20260521_101426;21.05.2026;08:39:00;540;15;7594;93;U6701Z1;Dymokury;50.24359;15.2083
20260521_101426_L589;20260521_101426;21.05.2026;09:55:00;589;8;7762;17;U4858Z1;Louny,ČSAD;50.35554;13.77904
20260521_101426_L640;20260521_101426;21.05.2026;09:42:00;640;29;9553;29;U9810Z1;Hostomice,nám.;49.82582;14.045
20260521_101426_L650;20260521_101426;21.05.2026;10:04:00;650;22;12536;10;U31417Z4;Kladno,autobusové nádraží;50.5103;14.14909
20260521_101426_L676;20260521_101426;21.05.2026;10:00:00;676;32;8579;12;U2973Z5;Loučeň;50.19306;15.04523
20260521_101426_L733;20260521_101426;21.05.2026;10:01:00;733;37;8656;13;U32556Z1;Turnov,Na Lukách;50.62983;15.06746
20260521_101426_L780;20260521_101426;21.05.2026;09:35:00;780;10;7637;38;U7320Z11;Čáslav,žel.st.;49.91304;15.39697
20260521_101826_L136;20260521_101826;21.05.2026;10:03:00;136;30;6825;15;U512Z5P;Jižní Město;50.09022;14.46664
20260521_101826_L197;20260521_101826;21.05.2026;10:03:00;197;1;6926;14;U989Z2P;Roztyly;50.02172;14.50023
20260521_101826_L825;20260521_101826;21.05.2026;10:03:00;825;44;9575;15;U9009Z1;Králův Dvůr,Popovice;49.93775;14.02894
20260521_101826_L300;20260521_101826;21.05.2026;10:06:00;300;10;8965;12;U4313Z3;Kladno,u kostela;50.14432;14.09199
20260521_101826_L311;20260521_101826;21.05.2026;10:08:00;311;75;9579;10;U1601Z2;Praha,Zličín;49.9219;14.25258
20260521_101826_L383;20260521_101826;21.05.2026;10:08:00;383;31;9174;10;U2035Z1;Chocerady;49.98129;14.72922
20260521_101826_L384;20260521_101826;21.05.2026;10:06:00;384;24;9904;12;U4979Z1;Praha,Zličín;49.93957;14.0223
20260521_101826_L400;20260521_101826;21.05.2026;09:52:00;400;51;1085;21;U1792Z1;Praha,Střížkov;50.31536;14.51376
20260521_101826_L502;20260521_101826;21.05.2026;10:04:00;502;12;9526;12;U9755Z1;Příbram,Zdaboř,Komerční zóna;49.66588;13.99833
20260521_101826_L540;20260521_101826;21.05.2026;08:39:00;540;15;7594;97;U6701Z1;Dymokury;50.24359;15.2083
20260521_101826_L589;20260521_101826;21.05.2026;09:55:00;589;8;7762;21;U4858Z1;Louny,ČSAD;50.35556;13.77902
20260521_101826_L640;20260521_101826;21.05.2026;09:42:00;640;29;9553;33;U9810Z1;Hostomice,nám.;49.82582;14.045
20260521_101826_L641;20260521_101826;21.05.2026;10:07:00;641;16;9449;10;U9856Z1;Beroun,autobusové nádraží;49.88651;13.95172
20260521_101826_L694;20260521_101826;21.05.2026;10:08:00;694;2;1358;10;U6057Z1;Kokořín;50.40982;14.45457
20260521_101826_L733;20260521_101826;21.05.2026;10:05:00;733;37;8656;12;U32559Z2;Turnov,Na Lukách;50.62515;15.09524
20260521_101826_L740;20260521_101826;21.05.2026;10:08:00;740;21;7620;10;U9479Z1;Čáslav,žel.st.;49.83677;15.46525
20260521_102227_L136;20260521_102227;21.05.2026;10:10:00;136;18;6965;10;U1074Z4P;Jižní Město;50.09279;14.47146
20260521_102227_L197;20260521_102227;21.05.2026;10:03:00;197;1;6926;19;U989Z2P;Roztyly;50.02172;14.50022
20260521_102227_L311;20260521_102227;21.05.2026;10:09:00;311;75;9579;10;U9217Z1;Praha,Zličín;49.92529;14.26463
20260521_102227_L383;20260521_102227;21.05.2026;10:11:00;383;31;9174;11;U2036Z1;Chocerady;49.96964;14.73985
20260521_102227_L384;20260521_102227;21.05.2026;10:12:00;384;24;9904;10;U1748Z2;Praha,Zličín;49.94908;14.03948
20260521_102227_L433;20260521_102227;21.05.2026;10:12:00;433;26;8593;10;U2970Z51;Pečky,žel.st.;50.18812;15.03746
20260521_102227_L502;20260521_102227;21.05.2026;10:04:00;502;12;9526;16;U9755Z1;Příbram,Zdaboř,Komerční zóna;49.66588;13.99834
20260521_102227_L540;20260521_102227;21.05.2026;08:39:00;540;15;7594;101;U6701Z1;Dymokury;50.24387;15.20812
20260521_102227_L589;20260521_102227;21.05.2026;09:55:00;589;8;7762;25;U4858Z1;Louny,ČSAD;50.35557;13.77901
20260521_102227_L640;20260521_102227;21.05.2026;09:42:00;640;29;9553;37;U9810Z1;Hostomice,nám.;49.82582;14.04501
20260521_102227_L641;20260521_102227;21.05.2026;10:09:00;641;16;9449;13;U9855Z55;Beroun,autobusové nádraží;49.86925;13.94732
20260521_102227_L641;20260521_102227;21.05.2026;10:07:00;641;17;9450;15;U2848Z2;Hořovice,nemocnice;49.95778;14.07416
20260521_102227_L655;20260521_102227;21.05.2026;10:12:00;655;46;8129;10;U2379Z2;Brandýs n.L.-St.Bol.,Nádr.;50.17731;14.69054
20260521_102227_L705;20260521_102227;21.05.2026;10:11:00;705;38;8688;11;U6673Z2;Čáslav,obchodní centrum;49.97893;15.21143
20260521_102227_L733;20260521_102227;21.05.2026;10:10:00;733;37;8656;11;U32561Z1;Turnov,Na Lukách;50.60299;15.1012
20260521_102628_L136;20260521_102628;21.05.2026;10:10:00;136;18;6965;13;U1074Z4P;Jižní Město;50.092;14.46921
20260521_102628_L311;20260521_102628;21.05.2026;10:09:00;311;75;9579;15;U9217Z1;Praha,Zličín;49.92723;14.27019
20260521_102628_L369;20260521_102628;21.05.2026;10:15:00;369;35;8272;10;U1790Z2;Praha,Ládví;50.32586;14.50253
20260521_102628_L383;20260521_102628;21.05.2026;10:16:00;383;31;9174;10;U2039Z1;Chocerady;49.95371;14.75276
20260521_102628_L384;20260521_102628;21.05.2026;10:15:00;384;24;9904;11;U1747Z2;Praha,Zličín;49.95472;14.05277
20260521_102628_L394;20260521_102628;21.05.2026;10:12:00;394;15;9903;10;U4979Z2;Zdice,nám.;49.91263;13.98808
20260521_102628_L400;20260521_102628;21.05.2026;10:14:00;400;5;11656;10;U6078Z2;Praha,Střížkov;50.48236;14.48578
20260521_102628_L433;20260521_102628;21.05.2026;10:12:00;433;26;8593;13;U2970Z51;Pečky,žel.st.;50.18659;15.03975
20260521_102628_L502;20260521_102628;21.05.2026;10:04:00;502;12;9526;20;U9755Z1;Příbram,Zdaboř,Komerční zóna;49.66588;13.99834
20260521_102628_L589;20260521_102628;21.05.2026;09:55:00;589;8;7762;29;U4858Z1;Louny,ČSAD;50.35557;13.77901
20260521_102628_L640;20260521_102628;21.05.2026;09:42:00;640;29;9553;43;U9810Z1;Hostomice,nám.;49.82582;14.04502
20260521_102628_L641;20260521_102628;21.05.2026;10:13:00;641;16;9449;11;U3268Z1;Beroun,autobusové nádraží;49.89092;13.95677
20260521_102628_L641;20260521_102628;21.05.2026;10:07:00;641;17;9450;18;U2848Z2;Hořovice,nemocnice;49.95769;14.07463
20260521_102628_L655;20260521_102628;21.05.2026;10:16:00;655;46;8129;10;U1973Z1;Brandýs n.L.-St.Bol.,Nádr.;50.1854;14.66384
20260521_102628_L676;20260521_102628;21.05.2026;10:11:00;676;32;8579;15;U9554Z2;Loučeň;50.21677;15.05672
20260521_102628_L705;20260521_102628;21.05.2026;10:14:00;705;38;8688;10;U6681Z1;Čáslav,obchodní centrum;49.97528;15.2333
20260521_102628_L733;20260521_102628;21.05.2026;10:14:00;733;37;8656;12;U32564Z2;Turnov,Na Lukách;50.60039;15.11196
20260521_103028_L400;20260521_103028;21.05.2026;10:20:00;400;57;1086;10;U31355Z1;Varnsdorf,aut.nádr.;50.69446;14.5415
20260521_103028_L369;20260521_103028;21.05.2026;10:16:00;369;35;8272;14;U1789Z2;Praha,Ládví;50.32091;14.50647
20260521_103028_L383;20260521_103028;21.05.2026;10:20:00;383;31;9174;10;U2041Z3;Chocerady;49.92903;14.76215
20260521_103028_L384;20260521_103028;21.05.2026;10:17:00;384;24;9904;12;U1746Z2;Praha,Zličín;49.96219;14.06897
20260521_103028_L638;20260521_103028;21.05.2026;10:15:00;638;48;9769;14;U9052Z3;Beroun,autobusové nádraží;49.91732;14.07451
20260521_103028_L641;20260521_103028;21.05.2026;10:18:00;641;16;9449;10;U1229Z1;Beroun,autobusové nádraží;49.90751;13.97001
20260521_103028_L740;20260521_103028;21.05.2026;10:19:00;740;21;7620;10;U6982Z1;Čáslav,žel.st.;49.85568;15.43451
20260521_103028_L502;20260521_103028;21.05.2026;10:04:00;502;12;9526;24;U9755Z1;Příbram,Zdaboř,Komerční zóna;49.66588;13.99834
20260521_103028_L640;20260521_103028;21.05.2026;09:42:00;640;29;9553;47;U9810Z1;Hostomice,nám.;49.82582;14.04502
20260521_103028_L705;20260521_103028;21.05.2026;10:20:00;705;38;8688;10;U5861Z1;Čáslav,obchodní centrum;49.95457;15.26028
20260521_103028_L133;20260521_103028;21.05.2026;10:20:00;133;7;3952;10;U34Z2P;Florenc;50.08921;14.46851
20260521_103028_L589;20260521_103028;21.05.2026;09:55:00;589;8;7762;33;U4858Z1;Louny,ČSAD;50.35557;13.77901
20260521_103028_L136;20260521_103028;21.05.2026;10:16:00;136;18;6965;14;U743Z2P;Jižní Město;50.08657;14.45533
20260521_103028_L400;20260521_103028;21.05.2026;10:14:00;400;5;11656;11;U6078Z2;Praha,Střížkov;50.45609;14.47511
20260521_103028_L394;20260521_103028;21.05.2026;10:12:00;394;15;9903;13;U4979Z2;Zdice,nám.;49.90861;13.97712
20260521_103028_L733;20260521_103028;21.05.2026;10:18:00;733;37;8656;12;U32128Z1;Turnov,Na Lukách;50.58974;15.13322
20260521_103429_L133;20260521_103429;21.05.2026;10:24:00;133;7;3952;10;U2787Z2P;Florenc;50.08794;14.45754
20260521_103429_L638;20260521_103429;21.05.2026;10:15:00;638;48;9769;17;U9052Z3;Beroun,autobusové nádraží;49.91886;14.07269
20260521_103429_L641;20260521_103429;21.05.2026;10:23:00;641;16;9449;11;U9106Z1;Beroun,autobusové nádraží;49.91577;13.98051
20260521_103429_L589;20260521_103429;21.05.2026;09:55:00;589;8;7762;37;U4858Z1;Louny,ČSAD;50.35559;13.77894
20260521_103429_L433;20260521_103429;21.05.2026;10:22:00;433;26;8593;12;U2966Z2;Pečky,žel.st.;50.16953;15.02668
20260521_103429_L676;20260521_103429;21.05.2026;10:21:00;676;32;8579;12;U9565Z2;Loučeň;50.26101;15.0565
20260521_103429_L350;20260521_103429;21.05.2026;10:24:00;350;52;7391;10;U1673Z1;Kladno,OAZA;50.16541;14.28021
20260521_103429_L369;20260521_103429;21.05.2026;10:20:00;369;35;8272;13;U1786Z2;Praha,Ládví;50.29636;14.5028
20260521_103429_L400;20260521_103429;21.05.2026;10:22:00;400;57;1086;11;U31356Z1;Varnsdorf,aut.nádr.;50.72833;14.54644
20260521_103429_L400;20260521_103429;21.05.2026;10:14:00;400;5;11656;13;U6078Z2;Praha,Střížkov;50.43891;14.47424
20260521_103429_L186;20260521_103429;21.05.2026;10:21:00;186;4;7990;11;U51Z1P;Nádraží Satalice;50.12374;14.56875
20260521_103429_L640;20260521_103429;21.05.2026;09:42:00;640;29;9553;49;U9810Z1;Hostomice,nám.;49.82582;14.04502
20260521_103429_L136;20260521_103429;21.05.2026;10:19:00;136;30;6825;15;U680Z3P;Jižní Město;50.06839;14.46918
20260521_103429_L502;20260521_103429;21.05.2026;10:04:00;502;12;9526;28;U9755Z1;Příbram,Zdaboř,Komerční zóna;49.66588;13.99835
20260521_103429_L345;20260521_103429;21.05.2026;10:23:00;345;16;1865;10;U3253Z1;Praha,Černý Most;50.51446;14.97221
20260521_103429_L175;20260521_103429;21.05.2026;10:23:00;175;8;3715;10;U3018Z2P;Florenc;50.08915;14.44344
20260521_103429_L136;20260521_103429;21.05.2026;10:23:00;136;19;6756;11;U512Z5P;Jižní Město;50.09023;14.46705
20260521_103429_L384;20260521_103429;21.05.2026;10:19:00;384;24;9904;15;U1745Z2;Praha,Zličín;49.96558;14.07263
20260521_103429_L394;20260521_103429;21.05.2026;10:12:00;394;15;9903;16;U4979Z2;Zdice,nám.;49.90367;13.9649
20260521_103429_L733;20260521_103429;21.05.2026;10:21:00;733;37;8656;12;U9443Z11;Turnov,Na Lukách;50.58755;15.14211
20260521_103829_L133;20260521_103829;21.05.2026;10:25:00;133;7;3952;11;U745Z2P;Florenc;50.08729;14.45245
20260521_103829_L136;20260521_103829;21.05.2026;10:23:00;136;30;6825;15;U183Z3P;Jižní Město;50.05609;14.47156
20260521_103829_L136;20260521_103829;21.05.2026;10:24:00;136;18;6965;14;U855Z1P;Jižní Město;50.07445;14.46392
20260521_103829_L136;20260521_103829;21.05.2026;10:26:00;136;19;6756;11;U743Z2P;Jižní Město;50.08604;14.45554
20260521_103829_L186;20260521_103829;21.05.2026;10:21:00;186;4;7990;15;U51Z1P;Nádraží Satalice;50.12374;14.56874
20260521_103829_L822;20260521_103829;21.05.2026;10:24:00;822;19;8614;11;U5896Z2;Kolín,nádraží;50.02413;15.21368
20260521_103829_L305;20260521_103829;21.05.2026;10:25:00;305;2;8388;10;U32167Z2;Praha,Zličín;50.23335;12.8729
20260521_103829_L311;20260521_103829;21.05.2026;10:28:00;311;77;9583;10;U1645Z2;Praha,Zličín;50.03897;14.24517
20260521_103829_L350;20260521_103829;21.05.2026;10:28:00;350;52;7391;10;U1320Z12;Kladno,OAZA;50.15386;14.2844
20260521_103829_L369;20260521_103829;21.05.2026;10:25:00;369;35;8272;13;U1963Z2;Praha,Ládví;50.26654;14.49587
20260521_103829_L394;20260521_103829;21.05.2026;10:28:00;394;15;9903;10;U9105Z1;Praha,Nové Butovice;49.91195;13.97924
20260521_103829_L401;20260521_103829;21.05.2026;10:25:00;401;65;7904;10;U31279Z1;Tábor,aut.nádr.;49.41218;14.67649
20260521_103829_L497;20260521_103829;21.05.2026;10:27:00;497;6;8567;10;U2970Z3;Milovice,žel.st.;50.18653;15.03965
20260521_103829_L502;20260521_103829;21.05.2026;10:04:00;502;12;9526;32;U9755Z1;Příbram,Zdaboř,Komerční zóna;49.66588;13.99835
20260521_103829_L589;20260521_103829;21.05.2026;09:55:00;589;8;7762;41;U4858Z1;Louny,ČSAD;50.35561;13.77888
20260521_103829_L640;20260521_103829;21.05.2026;09:42:00;640;29;9553;53;U9810Z1;Hostomice,nám.;49.82581;14.04502
20260521_103829_L641;20260521_103829;21.05.2026;10:26:00;641;16;9449;10;U9107Z1;Beroun,autobusové nádraží;49.93289;13.98911
20260521_103829_L676;20260521_103829;21.05.2026;10:23:00;676;32;8579;13;U9563Z2;Loučeň;50.28133;15.05058
20260521_103829_L740;20260521_103829;21.05.2026;10:28:00;740;21;7620;10;U7289Z4;Čáslav,žel.st.;49.86937;15.40304
20260521_104230_L502;20260521_104230;21.05.2026;10:04:00;502;12;9526;36;U9755Z1;Příbram,Zdaboř,Komerční zóna;49.66588;13.99834
20260521_104230_L676;20260521_104230;21.05.2026;10:27:00;676;32;8579;13;U3048Z2;Loučeň;50.29487;15.04306
20260521_104230_L136;20260521_104230;21.05.2026;10:30:00;136;32;5062;10;U1074Z4P;Jižní Město;50.09209;14.46948
20260521_104230_L108;20260521_104230;21.05.2026;10:31:00;108;4;2055;11;U867Z6P;Divoká Šárka;50.09378;14.38827
20260521_104230_L136;20260521_104230;21.05.2026;10:27:00;136;30;6825;15;U322Z3P;Jižní Město;50.0455;14.48475
20260521_104230_L133;20260521_104230;21.05.2026;10:27:00;133;7;3952;15;U789Z2P;Florenc;50.08678;14.44604
20260521_104230_L345;20260521_104230;21.05.2026;10:30:00;345;16;1865;11;U6213Z2;Praha,Černý Most;50.47099;14.94266
20260521_104230_L639;20260521_104230;21.05.2026;10:28:00;639;23;9549;12;U9812Z2;Hostomice,nám.;49.82565;14.04556
20260521_104230_L136;20260521_104230;21.05.2026;10:30:00;136;19;6756;12;U118Z4P;Jižní Město;50.07912;14.4604
20260521_104230_L443;20260521_104230;21.05.2026;10:30:00;443;22;8594;12;U4292Z1;Nymburk,hl.nádr.;50.16362;14.75813
20260521_104230_L497;20260521_104230;21.05.2026;10:29:00;497;6;8567;13;U2969Z1;Milovice,žel.st.;50.18613;15.04101
20260521_104230_L136;20260521_104230;21.05.2026;10:31:00;136;18;6965;11;U37Z1P;Jižní Město;50.06113;14.46945
20260521_104230_L640;20260521_104230;21.05.2026;09:42:00;640;29;9553;57;U9810Z1;Hostomice,nám.;49.82581;14.04502
20260521_104230_L186;20260521_104230;21.05.2026;10:21:00;186;4;7990;19;U51Z1P;Nádraží Satalice;50.12375;14.56874
20260521_104230_L369;20260521_104230;21.05.2026;10:28:00;369;35;8272;14;U2343Z1;Praha,Ládví;50.23519;14.49457
20260521_104230_L740;20260521_104230;21.05.2026;10:31:00;740;21;7620;11;U6979Z2;Čáslav,žel.st.;49.86844;15.42133
20260521_104230_L467;20260521_104230;21.05.2026;10:29:00;467;4;8011;12;U3326Z3;Mladá Boleslav,aut.st.;50.33414;14.52259
20260521_104230_L641;20260521_104230;21.05.2026;10:32:00;641;16;9449;10;U4979Z1;Beroun,autobusové nádraží;49.93934;14.02209
20260521_104230_L589;20260521_104230;21.05.2026;09:55:00;589;8;7762;45;U4858Z1;Louny,ČSAD;50.3556;13.77888
20260521_104230_L394;20260521_104230;21.05.2026;10:29:00;394;15;9903;11;U9106Z1;Praha,Nové Butovice;49.92602;13.97511
20260521_104630_L136;20260521_104630;21.05.2026;10:34:00;136;19;6756;11;U855Z1P;Jižní Město;50.07447;14.4639
20260521_104630_L136;20260521_104630;21.05.2026;10:34:00;136;18;6965;12;U751Z2P;Jižní Město;50.05257;14.47515
20260521_104630_L108;20260521_104630;21.05.2026;10:34:00;108;4;2055;12;U3042Z1P;Divoká Šárka;50.09062;14.37293
20260521_104630_L136;20260521_104630;21.05.2026;10:35:00;136;32;5062;11;U2787Z2P;Jižní Město;50.08807;14.45756
20260521_104630_L497;20260521_104630;21.05.2026;10:32:00;497;6;8567;14;U3089Z2;Milovice,žel.st.;50.18789;15.02904
20260521_104630_L136;20260521_104630;21.05.2026;10:32:00;136;30;6825;14;U424Z1P;Jižní Město;50.03302;14.50025
20260521_104630_L110;20260521_104630;21.05.2026;10:36:00;110;3;1477;10;U801Z1P;Dolní Počernice;50.08606;14.57531
20260521_104630_L186;20260521_104630;21.05.2026;10:21:00;186;4;7990;23;U51Z1P;Nádraží Satalice;50.12373;14.56878
20260521_104630_L345;20260521_104630;21.05.2026;10:35:00;345;16;1865;11;U3395Z2;Praha,Černý Most;50.44408;14.93029
20260521_104630_L350;20260521_104630;21.05.2026;10:35:00;350;52;7391;10;U4402Z2;Kladno,OAZA;50.15583;14.24335
20260521_104630_L369;20260521_104630;21.05.2026;10:31:00;369;35;8272;14;U1958Z2;Praha,Ládví;50.2036;14.49829
20260521_104630_L384;20260521_104630;21.05.2026;10:32:00;384;24;9904;14;U2370Z2;Praha,Zličín;49.99349;14.15622
20260521_104630_L394;20260521_104630;21.05.2026;10:33:00;394;15;9903;12;U9112Z1;Praha,Nové Butovice;49.93335;14.00589
20260521_104630_L412;20260521_104630;21.05.2026;10:35:00;412;42;9902;11;U31013Z12;Praha,Černý Most;50.43418;15.35515
20260521_104630_L639;20260521_104630;21.05.2026;10:28:00;639;23;9549;16;U9812Z2;Hostomice,nám.;49.82565;14.04555
20260521_104630_L640;20260521_104630;21.05.2026;09:42:00;640;29;9553;61;U9810Z1;Hostomice,nám.;49.82581;14.04501
20260521_104630_L589;20260521_104630;21.05.2026;09:55:00;589;8;7762;49;U4858Z1;Louny,ČSAD;50.35561;13.77887
20260521_104630_L740;20260521_104630;21.05.2026;10:33:00;740;21;7620;13;U5891Z1;Čáslav,žel.st.;49.87186;15.43477
20260521_104630_L431;20260521_104630;21.05.2026;10:32:00;431;1;1810;12;U6106Z1;Benátky n.Jiz.,aut.st.;50.28554;14.828
20260521_104630_L467;20260521_104630;21.05.2026;10:31:00;467;4;8011;13;U2910Z1;Mladá Boleslav,aut.st.;50.32641;14.54442
20260521_104630_L502;20260521_104630;21.05.2026;10:04:00;502;12;9526;40;U9755Z1;Příbram,Zdaboř,Komerční zóna;49.66588;13.99834
20260521_105031_L136;20260521_105031;21.05.2026;10:38:00;136;32;5062;11;U516Z3P;Jižní Město;50.08209;14.45941
20260521_105031_L108;20260521_105031;21.05.2026;10:38:00;108;4;2055;12;U858Z2P;Divoká Šárka;50.09175;14.35961
20260521_105031_L136;20260521_105031;21.05.2026;10:38:00;136;18;6965;11;U417Z1P;Jižní Město;50.04143;14.48705
20260521_105031_L412;20260521_105031;21.05.2026;10:35:00;412;42;9902;15;U31013Z12;Praha,Černý Most;50.43338;15.35512
20260521_105031_L394;20260521_105031;21.05.2026;10:38:00;394;15;9903;12;U4976Z2;Praha,Nové Butovice;49.94283;14.02844
20260521_105031_L186;20260521_105031;21.05.2026;10:21:00;186;4;7990;27;U51Z1P;Nádraží Satalice;50.12369;14.56874
20260521_105031_L345;20260521_105031;21.05.2026;10:37:00;345;16;1865;12;U3393Z2;Praha,Černý Most;50.43039;14.93061
20260521_105031_L350;20260521_105031;21.05.2026;10:37:00;350;52;7391;11;U4401Z1;Kladno,OAZA;50.1544;14.22064
20260521_105031_L369;20260521_105031;21.05.2026;10:37:00;369;35;8272;13;U1807Z2;Praha,Ládví;50.18969;14.4936
20260521_105031_L384;20260521_105031;21.05.2026;10:37:00;384;16;9867;10;U4979Z2;Hořovice,nám.B.Němcové;49.91828;14.00008
20260521_105031_L384;20260521_105031;21.05.2026;10:32:00;384;24;9904;17;U2370Z2;Praha,Zličín;49.99727;14.16537
20260521_105031_L640;20260521_105031;21.05.2026;09:42:00;640;29;9553;67;U9810Z1;Hostomice,nám.;49.8258;14.04501
20260521_105031_L641;20260521_105031;21.05.2026;10:40:00;641;16;9449;10;U1747Z2;Beroun,autobusové nádraží;49.95482;14.05299
20260521_105031_L589;20260521_105031;21.05.2026;09:55:00;589;8;7762;53;U4858Z1;Louny,ČSAD;50.35561;13.77886
20260521_105031_L639;20260521_105031;21.05.2026;10:28:00;639;23;9549;20;U9812Z2;Hostomice,nám.;49.82565;14.04555
20260521_105031_L467;20260521_105031;21.05.2026;10:38:00;467;4;8011;12;U9165Z1;Mladá Boleslav,aut.st.;50.31265;14.59216
20260521_105031_L740;20260521_105031;21.05.2026;10:36:00;740;21;7620;14;U7492Z1;Čáslav,žel.st.;49.89262;15.41424
20260521_105031_L497;20260521_105031;21.05.2026;10:35:00;497;6;8567;15;U3148Z2;Milovice,žel.st.;50.17981;15.02384
20260521_105031_L431;20260521_105031;21.05.2026;10:32:00;431;1;1810;16;U6106Z1;Benátky n.Jiz.,aut.st.;50.28554;14.828
20260521_105031_L136;20260521_105031;21.05.2026;10:39:00;136;19;6756;10;U680Z3P;Jižní Město;50.06835;14.46913
20260521_105431_L136;20260521_105431;21.05.2026;10:40:00;136;30;6825;14;U286Z5P;Jižní Město;50.03072;14.5299
20260521_105431_L640;20260521_105431;21.05.2026;09:42:00;640;29;9553;71;U9810Z1;Hostomice,nám.;49.82581;14.04501
20260521_105431_L412;20260521_105431;21.05.2026;10:35:00;412;42;9902;17;U31013Z12;Praha,Černý Most;50.43882;15.35126
20260521_105431_L384;20260521_105431;21.05.2026;10:37:00;384;16;9867;12;U4979Z2;Hořovice,nám.B.Němcové;49.91431;13.99215
20260521_105431_L511;20260521_105431;21.05.2026;10:42:00;511;3;9587;10;U9162Z1;Tochovice,ObÚ;49.60097;14.00059
20260521_105431_L650;20260521_105431;21.05.2026;10:44:00;650;22;12536;10;U31431Z1;Kladno,autobusové nádraží;50.36354;14.13379
20260521_105431_L394;20260521_105431;21.05.2026;10:42:00;394;15;9903;11;U1748Z2;Praha,Nové Butovice;49.95137;14.04521
20260521_105431_L395;20260521_105431;21.05.2026;10:44:00;395;12;9560;10;U9747Z1;Příbram,Březové Hory;49.67508;13.9836
20260521_105431_L350;20260521_105431;21.05.2026;10:42:00;350;52;7391;12;U4302Z2;Kladno,OAZA;50.14565;14.19741
20260521_105431_L369;20260521_105431;21.05.2026;10:41:00;369;35;8272;13;U1976Z2;Praha,Ládví;50.17012;14.48381
20260521_105431_L384;20260521_105431;21.05.2026;10:32:00;384;24;9904;18;U2370Z2;Praha,Zličín;50.01298;14.18855
20260521_105431_L641;20260521_105431;21.05.2026;10:41:00;641;16;9449;11;U4971Z2;Beroun,autobusové nádraží;49.96459;14.06374
20260521_105431_L628;20260521_105431;21.05.2026;10:44:00;628;25;8741;10;U9322Z1;Kladno,autobusové nádraží;50.20654;13.90025
20260521_105431_L589;20260521_105431;21.05.2026;09:55:00;589;8;7762;57;U4858Z1;Louny,ČSAD;50.35561;13.77887
20260521_105431_L639;20260521_105431;21.05.2026;10:28:00;639;23;9549;25;U9812Z2;Hostomice,nám.;49.82565;14.04554
20260521_105431_L740;20260521_105431;21.05.2026;10:40:00;740;21;7620;14;U5897Z2;Čáslav,žel.st.;49.90735;15.39541
20260521_105431_L471;20260521_105431;21.05.2026;10:40:00;471;6;8090;14;U1789Z2;Kostelec n.L.,Nám.;50.31941;14.50783
20260521_105431_L467;20260521_105431;21.05.2026;10:40:00;467;4;8011;11;U9166Z2;Mladá Boleslav,aut.st.;50.32644;14.62712
20260521_105431_L207;20260521_105431;21.05.2026;10:44:00;207;12;4095;10;U512Z8P;Ohrada;50.09019;14.46715
20260521_105431_L136;20260521_105431;21.05.2026;10:44:00;136;19;6756;10;U751Z2P;Jižní Město;50.05265;14.47509
20260521_105431_L136;20260521_105431;21.05.2026;10:42:00;136;32;5062;12;U518Z3P;Jižní Město;50.07591;14.45909
20260521_105431_L798;20260521_105431;21.05.2026;10:40:00;798;72;7885;12;U5898Z2;Benešov,Terminál;49.78797;14.69143
20260521_105431_L136;20260521_105431;21.05.2026;10:45:00;136;1;6757;10;U2787Z2P;Jižní Město;50.08811;14.45757
20260521_105431_L108;20260521_105431;21.05.2026;10:43:00;108;4;2055;11;U844Z3P;Divoká Šárka;50.08928;14.34831
20260521_105431_L136;20260521_105431;21.05.2026;10:43:00;136;18;6965;11;U344Z1P;Jižní Město;50.03149;14.50545
20260521_105831_L350;20260521_105831;21.05.2026;10:45:00;350;52;7391;13;U4303Z52;Kladno,OAZA;50.15367;14.18761
20260521_105831_L588;20260521_105831;21.05.2026;10:45:00;588;18;7695;12;U9239Z1;Slaný,aut.nádr.;50.2332;13.9242
20260521_105831_L467;20260521_105831;21.05.2026;10:48:00;467;4;8011;10;U9174Z1;Mladá Boleslav,aut.st.;50.34689;14.66877
20260521_105831_L380;20260521_105831;21.05.2026;10:46:00;380;7;9981;12;U1745Z2;Praha,Vypich;49.96567;14.07295
20260521_105831_L369;20260521_105831;21.05.2026;10:45:00;369;35;8272;13;U287Z6;Praha,Ládví;50.14769;14.48642
20260521_105831_L369;20260521_105831;21.05.2026;10:48:00;369;32;8269;10;U1787Z1;Praha,Ládví;50.309;14.51541
20260521_105831_L471;20260521_105831;21.05.2026;10:45:00;471;6;8090;13;U1786Z2;Kostelec n.L.,Nám.;50.30094;14.51051
20260521_105831_L545;20260521_105831;21.05.2026;10:45:00;545;27;9440;13;U9787Z2;Zaječov;49.83132;13.88307
20260521_105831_L628;20260521_105831;21.05.2026;10:48:00;628;25;8741;10;U9325Z2;Kladno,autobusové nádraží;50.19522;13.90957
20260521_105831_L640;20260521_105831;21.05.2026;09:42:00;640;29;9553;75;U9810Z1;Hostomice,nám.;49.82581;14.04501
20260521_105831_L641;20260521_105831;21.05.2026;10:46:00;641;16;9449;12;U1746Z1;Beroun,autobusové nádraží;49.96024;14.06465
20260521_105831_L384;20260521_105831;21.05.2026;10:37:00;384;16;9867;16;U4979Z2;Hořovice,nám.B.Němcové;49.90916;13.97886
20260521_105831_L897;20260521_105831;21.05.2026;10:45:00;897;3;8553;12;U1333Z2;Lysá n.L.,žel.st.;50.18404;14.96144
20260521_105831_L639;20260521_105831;21.05.2026;10:28:00;639;23;9549;29;U9812Z2;Hostomice,nám.;49.82565;14.04554
20260521_105831_L589;20260521_105831;21.05.2026;09:55:00;589;8;7762;61;U4858Z1;Louny,ČSAD;50.35561;13.77887
20260521_105831_L177;20260521_105831;21.05.2026;10:47:00;177;18;5059;11;U160Z1P;Chodov;50.04994;14.52652
20260521_105831_L394;20260521_105831;21.05.2026;10:45:00;394;15;9903;12;U1747Z2;Praha,Nové Butovice;49.95697;14.05702
20260521_105831_L136;20260521_105831;21.05.2026;10:48:00;136;19;6756;11;U417Z1P;Jižní Město;50.0436;14.48726
20260521_105831_L136;20260521_105831;21.05.2026;10:47:00;136;32;5062;11;U29Z1P;Jižní Město;50.07254;14.47046
20260521_105831_L177;20260521_105831;21.05.2026;10:47:00;177;6;5542;11;U596Z3P;Poliklinika Mazurská;50.05399;14.51914
20260521_105831_L798;20260521_105831;21.05.2026;10:40:00;798;72;7885;16;U5898Z2;Benešov,Terminál;49.78797;14.69142
20260521_105831_L136;20260521_105831;21.05.2026;10:46:00;136;1;6757;11;U743Z2P;Jižní Město;50.08317;14.45849
20260521_105831_L108;20260521_105831;21.05.2026;10:45:00;108;4;2055;12;U541Z6P;Divoká Šárka;50.08578;14.33876
20260521_105831_L136;20260521_105831;21.05.2026;10:44:00;136;18;6965;12;U106Z2P;Jižní Město;50.02417;14.50878
20260521_110232_L394;20260521_110232;21.05.2026;10:47:00;394;15;9903;14;U1746Z2;Praha,Nové Butovice;49.96439;14.07007
20260521_110232_L350;20260521_110232;21.05.2026;10:47:00;350;52;7391;13;U4304Z1;Kladno,OAZA;50.14676;14.15636
20260521_110232_L369;20260521_110232;21.05.2026;10:52:00;369;32;8269;10;U1785Z4;Praha,Ládví;50.28658;14.4957
20260521_110232_L380;20260521_110232;21.05.2026;10:48:00;380;7;9981;14;U4273Z1;Praha,Vypich;49.96992;14.08174
20260521_110232_L384;20260521_110232;21.05.2026;10:37:00;384;16;9867;20;U4979Z2;Hořovice,nám.B.Němcové;49.90607;13.97043
20260521_110232_L897;20260521_110232;21.05.2026;10:47:00;897;3;8553;14;U1325Z2;Lysá n.L.,žel.st.;50.18719;14.94714
20260521_110232_L471;20260521_110232;21.05.2026;10:49:00;471;6;8090;13;U1955Z2;Kostelec n.L.,Nám.;50.27625;14.50092
20260521_110232_L545;20260521_110232;21.05.2026;10:48:00;545;27;9440;13;U9827Z2;Zaječov;49.814;13.86266
20260521_110232_L588;20260521_110232;21.05.2026;10:49:00;588;18;7695;11;U9241Z1;Slaný,aut.nádr.;50.2495;13.96074
20260521_110232_L639;20260521_110232;21.05.2026;10:28:00;639;23;9549;33;U9812Z2;Hostomice,nám.;49.82566;14.04554
20260521_110232_L589;20260521_110232;21.05.2026;09:55:00;589;8;7762;65;U4858Z1;Louny,ČSAD;50.35562;13.77888
20260521_110232_L640;20260521_110232;21.05.2026;09:42:00;640;29;9553;79;U9810Z1;Hostomice,nám.;49.82581;14.04501
20260521_110232_L180;20260521_110232;21.05.2026;10:49:00;180;9;5120;12;U229Z2P;Dejvická;50.08684;14.37467
20260521_110232_L369;20260521_110232;21.05.2026;10:48:00;369;35;8272;13;U651Z6;Praha,Ládví;50.13019;14.48013
20260521_110232_L467;20260521_110232;21.05.2026;10:52:00;467;4;8011;10;U9176Z1;Mladá Boleslav,aut.st.;50.3524;14.69601
20260521_110232_L177;20260521_110232;21.05.2026;10:51:00;177;18;5059;11;U409Z1P;Chodov;50.04702;14.51478
20260521_110232_L136;20260521_110232;21.05.2026;10:50:00;136;1;6757;10;U118Z4P;Jižní Město;50.07812;14.46075
20260521_110232_L480;20260521_110232;21.05.2026;10:50:00;480;30;7504;11;U7730Z1;Solenice;49.63482;14.03551
20260521_110232_L207;20260521_110232;21.05.2026;10:51:00;207;17;4109;11;U87Z2P;Staroměstská;50.09068;14.42781
20260521_110232_L136;20260521_110232;21.05.2026;10:52:00;136;19;6756;10;U424Z1P;Jižní Město;50.03301;14.50025
20260521_110232_L136;20260521_110232;21.05.2026;10:51:00;136;32;5062;11;U37Z1P;Jižní Město;50.06041;14.46955
20260521_110232_L177;20260521_110232;21.05.2026;10:52:00;177;6;5542;10;U673Z4P;Poliklinika Mazurská;50.06421;14.50504
20260521_110232_L798;20260521_110232;21.05.2026;10:40:00;798;72;7885;20;U5898Z2;Benešov,Terminál;49.78798;14.69141
20260521_110232_L108;20260521_110232;21.05.2026;10:51:00;108;4;2055;12;U631Z2P;Divoká Šárka;50.08377;14.31877
20260521_110232_L136;20260521_110232;21.05.2026;10:48:00;136;18;6965;13;U353Z1P;Jižní Město;50.02622;14.5215
20260521_110632_L471;20260521_110632;21.05.2026;10:54:00;471;6;8090;12;U2336Z2;Kostelec n.L.,Nám.;50.26478;14.51126
20260521_110632_L350;20260521_110632;21.05.2026;10:51:00;350;52;7391;14;U4315Z1;Kladno,OAZA;50.13218;14.13813
20260521_110632_L345;20260521_110632;21.05.2026;10:52:00;345;16;1865;12;U3389Z2;Praha,Černý Most;50.41111;14.91699
20260521_110632_L369;20260521_110632;21.05.2026;10:56:00;369;32;8269;10;U2334Z1;Praha,Ládví;50.25402;14.49469
20260521_110632_L380;20260521_110632;21.05.2026;10:53:00;380;7;9981;13;U2373Z2;Praha,Vypich;49.98296;14.12564
20260521_110632_L588;20260521_110632;21.05.2026;10:54:00;588;18;7695;10;U9230Z1;Slaný,aut.nádr.;50.25812;14.00001
20260521_110632_L639;20260521_110632;21.05.2026;10:28:00;639;23;9549;37;U9812Z2;Hostomice,nám.;49.82566;14.04553
20260521_110632_L589;20260521_110632;21.05.2026;09:55:00;589;8;7762;69;U4858Z1;Louny,ČSAD;50.35562;13.77888
20260521_110632_L897;20260521_110632;21.05.2026;10:53:00;897;3;8553;13;U3172Z2;Lysá n.L.,žel.st.;50.19131;14.90725
20260521_110632_L480;20260521_110632;21.05.2026;10:54:00;480;30;7504;11;U7719Z1;Solenice;49.62904;14.04905
20260521_110632_L640;20260521_110632;21.05.2026;09:42:00;640;29;9553;83;U9810Z1;Hostomice,nám.;49.82581;14.04501
20260521_110632_L177;20260521_110632;21.05.2026;10:55:00;177;18;5059;11;U99Z1P;Chodov;50.03375;14.50793
20260521_110632_L180;20260521_110632;21.05.2026;10:51:00;180;9;5120;15;U182Z2P;Dejvická;50.08786;14.38189
20260521_110632_L545;20260521_110632;21.05.2026;10:52:00;545;27;9440;13;U9830Z2;Zaječov;49.80559;13.85736
20260521_110632_L133;20260521_110632;21.05.2026;10:56:00;133;7;3952;10;U767Z1P;Sídliště Malešice;50.0837;14.48194
20260521_110632_L136;20260521_110632;21.05.2026;10:54:00;136;1;6757;11;U855Z1P;Jižní Město;50.07447;14.46396
20260521_110632_L384;20260521_110632;21.05.2026;10:37:00;384;16;9867;23;U4979Z2;Hořovice,nám.B.Němcové;49.90439;13.96173
20260521_110632_L207;20260521_110632;21.05.2026;10:55:00;207;17;4109;11;U593Z1P;Staroměstská;50.09157;14.41765
20260521_110632_L136;20260521_110632;21.05.2026;10:57:00;136;32;5062;10;U322Z3P;Jižní Město;50.04608;14.48391
20260521_110632_L177;20260521_110632;21.05.2026;10:55:00;177;6;5542;11;U1222Z1P;Poliklinika Mazurská;50.07274;14.50819
20260521_110632_L798;20260521_110632;21.05.2026;10:40:00;798;72;7885;24;U5898Z2;Benešov,Terminál;49.788;14.69134
20260521_110632_L108;20260521_110632;21.05.2026;10:54:00;108;4;2055;12;U1169Z2P;Divoká Šárka;50.08607;14.31236
20260521_111033_L108;20260521_111033;21.05.2026;10:58:00;108;4;2055;12;U85Z6P;Divoká Šárka;50.09195;14.3244
20260521_111033_L133;20260521_111033;21.05.2026;11:00:00;133;7;3952;10;U548Z1P;Sídliště Malešice;50.08197;14.50093
20260521_111033_L136;20260521_111033;21.05.2026;10:59:00;136;1;6757;11;U680Z3P;Jižní Město;50.06836;14.46923
20260521_111033_L136;20260521_111033;21.05.2026;11:01:00;136;19;6756;10;U151Z1P;Jižní Město;50.03153;14.53366
20260521_111033_L177;20260521_111033;21.05.2026;10:58:00;177;18;5059;11;U106Z2P;Chodov;50.02753;14.50776
20260521_111033_L177;20260521_111033;21.05.2026;10:59:00;177;6;5542;11;U660Z5P;Poliklinika Mazurská;50.08317;14.50904
20260521_111033_L180;20260521_111033;21.05.2026;10:56:00;180;9;5120;14;U321Z4P;Dejvická;50.1;14.39548
20260521_111033_L897;20260521_111033;21.05.2026;10:59:00;897;3;8553;11;U3152Z2;Lysá n.L.,žel.st.;50.18276;14.88673
20260521_111033_L345;20260521_111033;21.05.2026;10:56:00;345;16;1865;13;U3063Z2;Praha,Černý Most;50.403;14.92651
20260521_111033_L369;20260521_111033;21.05.2026;11:00:00;369;32;8269;10;U1959Z2;Praha,Ládví;50.21748;14.49662
20260521_111033_L380;20260521_111033;21.05.2026;10:57:00;380;7;9981;13;U2371Z2;Praha,Vypich;49.99128;14.15115
20260521_111033_L471;20260521_111033;21.05.2026;10:58:00;471;6;8090;12;U3310Z1;Kostelec n.L.,Nám.;50.25837;14.51555
20260521_111033_L480;20260521_111033;21.05.2026;11:00:00;480;30;7504;10;U7805Z1;Solenice;49.61742;14.09399
20260521_111033_L545;20260521_111033;21.05.2026;10:52:00;545;27;9440;14;U9830Z2;Zaječov;49.78555;13.84386
20260521_111033_L589;20260521_111033;21.05.2026;09:55:00;589;8;7762;73;U4858Z1;Louny,ČSAD;50.35562;13.77888
20260521_111033_L640;20260521_111033;21.05.2026;10:58:00;640;15;9540;12;U9111Z2;Hostomice,nám.;49.8996;13.98223
20260521_111033_L640;20260521_111033;21.05.2026;09:42:00;640;29;9553;87;U9810Z1;Hostomice,nám.;49.82581;14.04501
20260521_111033_L775;20260521_111033;21.05.2026;11:00:00;775;31;9800;10;U4575Z1;Mladá Boleslav,aut.st.;50.35667;14.93837
20260521_111033_L798;20260521_111033;21.05.2026;10:40:00;798;72;7885;28;U5898Z2;Benešov,Terminál;49.788;14.69134
20260521_111433_L136;20260521_111433;21.05.2026;11:03:00;136;1;6757;11;U183Z3P;Jižní Město;50.05608;14.47157
20260521_111433_L136;20260521_111433;21.05.2026;11:04:00;136;2;5521;10;U855Z1P;Jižní Město;50.07445;14.46399
20260521_111433_L177;20260521_111433;21.05.2026;11:03:00;177;18;5059;11;U972Z2P;Chodov;50.02342;14.48846
20260521_111433_L177;20260521_111433;21.05.2026;11:02:00;177;6;5542;12;U2703Z2P;Poliklinika Mazurská;50.08886;14.51387
20260521_111433_L180;20260521_111433;21.05.2026;11:03:00;180;10;6935;11;U182Z2P;Dejvická;50.08782;14.38188
20260521_111433_L897;20260521_111433;21.05.2026;11:02:00;897;3;8553;11;U3060Z2;Lysá n.L.,žel.st.;50.18759;14.8573
20260521_111433_L369;20260521_111433;21.05.2026;11:04:00;369;32;8269;10;U1308Z2;Praha,Ládví;50.19429;14.49529
20260521_111433_L380;20260521_111433;21.05.2026;11:01:00;380;7;9981;13;U2369Z2;Praha,Vypich;50.00018;14.16519
20260521_111433_L467;20260521_111433;21.05.2026;11:02:00;467;4;8011;12;U9295Z1;Mladá Boleslav,aut.st.;50.36775;14.80051
20260521_111433_L471;20260521_111433;21.05.2026;11:02:00;471;6;8090;10;U1971Z3;Kostelec n.L.,Nám.;50.25058;14.51821
20260521_111433_L480;20260521_111433;21.05.2026;11:01:00;480;30;7504;11;U7804Z1;Solenice;49.60476;14.1037
20260521_111433_L535;20260521_111433;21.05.2026;11:02:00;535;28;7616;10;U6018Z1;Kolín,nádraží;50.02418;15.21337
20260521_111433_L545;20260521_111433;21.05.2026;11:00:00;545;27;9440;14;U9863Z2;Hořovice,nám.B.Němcové;49.76772;13.84121
20260521_111433_L589;20260521_111433;21.05.2026;09:55:00;589;8;7762;77;U4858Z1;Louny,ČSAD;50.35562;13.77888
20260521_111433_L640;20260521_111433;21.05.2026;10:58:00;640;15;9540;13;U9111Z2;Hostomice,nám.;49.88468;13.97414
20260521_111433_L640;20260521_111433;21.05.2026;09:42:00;640;29;9553;91;U9810Z1;Hostomice,nám.;49.82582;14.04501
20260521_111433_L775;20260521_111433;21.05.2026;11:03:00;775;31;9800;10;U4033Z1;Mladá Boleslav,aut.st.;50.36863;14.95208
20260521_111433_L798;20260521_111433;21.05.2026;10:40:00;798;72;7885;32;U5898Z2;Benešov,Terminál;49.78797;14.6913
20260521_111833_L136;20260521_111833;21.05.2026;11:07:00;136;1;6757;11;U322Z3P;Jižní Město;50.04553;14.48474
20260521_111833_L177;20260521_111833;21.05.2026;11:07:00;177;6;5542;12;U13Z1P;Poliklinika Mazurská;50.09477;14.49626
20260521_111833_L180;20260521_111833;21.05.2026;11:05:00;180;10;6935;12;U867Z1P;Dejvická;50.09483;14.39617
20260521_111833_L380;20260521_111833;21.05.2026;11:03:00;380;7;9981;15;U2368Z2;Praha,Vypich;50.0092;14.19779
20260521_111833_L401;20260521_111833;21.05.2026;11:06:00;401;61;7775;10;U6487Z2;Praha,Roztyly;49.62228;14.6557
20260521_111833_L467;20260521_111833;21.05.2026;11:07:00;467;4;8011;11;U9296Z1;Mladá Boleslav,aut.st.;50.36911;14.85176
20260521_111833_L471;20260521_111833;21.05.2026;11:08:00;471;6;8090;10;U1799Z1;Kostelec n.L.,Nám.;50.24948;14.53273
20260521_111833_L480;20260521_111833;21.05.2026;11:04:00;480;30;7504;12;U7802Z1;Solenice;49.60638;14.1211
20260521_111833_L535;20260521_111833;21.05.2026;11:02:00;535;28;7616;14;U6018Z1;Kolín,nádraží;50.02418;15.21337
20260521_111833_L589;20260521_111833;21.05.2026;09:55:00;589;8;7762;81;U4858Z1;Louny,ČSAD;50.35562;13.77889
20260521_111833_L640;20260521_111833;21.05.2026;11:06:00;640;15;9540;11;U9850Z1;Hostomice,nám.;49.86311;13.99196
20260521_111833_L640;20260521_111833;21.05.2026;09:42:00;640;29;9553;93;U9810Z1;Hostomice,nám.;49.82582;14.045
20260521_111833_L641;20260521_111833;21.05.2026;11:07:00;641;14;9573;10;U9856Z1;Beroun,autobusové nádraží;49.88282;13.94043
20260521_111833_L693;20260521_111833;21.05.2026;11:05:00;693;7;1366;10;U6133Z1;Nosálov,Libovice;50.47259;14.65327
20260521_111833_L693;20260521_111833;21.05.2026;11:08:00;693;7;1366;10;U6132Z2;Mšeno;50.47259;14.65327
20260521_111833_L775;20260521_111833;21.05.2026;11:07:00;775;31;9800;11;U1171Z1;Mladá Boleslav,aut.st.;50.36873;14.96371
20260521_111833_L798;20260521_111833;21.05.2026;10:40:00;798;72;7885;36;U5898Z2;Benešov,Terminál;49.78797;14.6913
20260521_112234_L136;20260521_112234;21.05.2026;11:10:00;136;1;6757;11;U181Z1P;Jižní Město;50.03947;14.49056
20260521_112234_L136;20260521_112234;21.05.2026;11:10:00;136;4;5533;10;U1074Z4P;Jižní Město;50.09169;14.46875
20260521_112234_L177;20260521_112234;21.05.2026;11:10:00;177;6;5542;12;U134Z5P;Poliklinika Mazurská;50.10172;14.50323
20260521_112234_L342;20260521_112234;21.05.2026;11:12:00;342;20;7701;10;U85Z1;Praha,Nádraží Veleslavín;50.09255;14.32589
20260521_112234_L380;20260521_112234;21.05.2026;11:07:00;380;7;9981;14;U2321Z2;Praha,Vypich;50.01946;14.20346
20260521_112234_L394;20260521_112234;21.05.2026;11:07:00;394;27;9924;12;U4979Z2;Zdice,nám.;49.91248;13.98792
20260521_112234_L467;20260521_112234;21.05.2026;11:12:00;467;4;8011;10;U9298Z1;Mladá Boleslav,aut.st.;50.37461;14.87369
20260521_112234_L480;20260521_112234;21.05.2026;11:09:00;480;30;7504;13;U7061Z1;Solenice;49.60056;14.12207
20260521_112234_L493;20260521_112234;21.05.2026;11:12:00;493;21;8590;10;U2968Z2;Poděbrady,žel.st.;50.18079;15.04442
20260521_112234_L535;20260521_112234;21.05.2026;11:02:00;535;28;7616;18;U6018Z1;Kolín,nádraží;50.02418;15.21337
20260521_112234_L589;20260521_112234;21.05.2026;09:55:00;589;8;7762;85;U4858Z1;Louny,ČSAD;50.35562;13.77889
20260521_112234_L640;20260521_112234;21.05.2026;11:12:00;640;15;9540;10;U9843Z2;Hostomice,nám.;49.84762;13.98603
20260521_112234_L640;20260521_112234;21.05.2026;09:42:00;640;29;9553;99;U9810Z1;Hostomice,nám.;49.82581;14.045
20260521_112234_L641;20260521_112234;21.05.2026;11:07:00;641;14;9573;13;U9856Z1;Beroun,autobusové nádraží;49.87479;13.94998
20260521_112234_L650;20260521_112234;21.05.2026;11:11:00;650;22;12536;10;U9269Z1;Kladno,autobusové nádraží;50.2311;14.09023
20260521_112234_L693;20260521_112234;21.05.2026;11:08:00;693;7;1366;11;U6132Z2;Mšeno;50.45493;14.64102
20260521_112234_L775;20260521_112234;21.05.2026;11:07:00;775;31;9800;14;U1171Z1;Mladá Boleslav,aut.st.;50.37071;14.96621
20260521_112234_L785;20260521_112234;21.05.2026;11:11:00;785;11;7610;10;U7146Z1;Kolín,nádraží;49.80797;15.10454
20260521_112234_L798;20260521_112234;21.05.2026;10:40:00;798;72;7885;40;U5898Z2;Benešov,Terminál;49.78797;14.69131
20260521_112634_L136;20260521_112634;21.05.2026;11:14:00;136;1;6757;11;U106Z2P;Jižní Město;50.02754;14.50776
20260521_112634_L136;20260521_112634;21.05.2026;11:13:00;136;4;5533;13;U512Z5P;Jižní Město;50.09012;14.46648
20260521_112634_L177;20260521_112634;21.05.2026;11:13:00;177;6;5542;12;U474Z4P;Poliklinika Mazurská;50.11066;14.50236
20260521_112634_L240;20260521_112634;21.05.2026;11:16:00;240;11;1764;10;U4117Z2P;Černý Most;50.06565;14.59746
20260521_112634_L354;20260521_112634;21.05.2026;11:16:00;354;23;8256;10;U9988Z2;Praha,Černý Most;50.13364;14.74435
20260521_112634_L356;20260521_112634;21.05.2026;11:13:00;356;31;8824;11;U5971Z2;Praha,Obchodní centrum Ruzyně;50.10997;14.27354
20260521_112634_L380;20260521_112634;21.05.2026;11:12:00;380;7;9981;14;U1649Z2;Praha,Vypich;50.02695;14.21266
20260521_112634_L389;20260521_112634;21.05.2026;11:15:00;389;12;7761;10;U462Z4;Chomutov,žel.st.;50.0944;14.33858
20260521_112634_L389;20260521_112634;21.05.2026;11:12:00;389;17;7755;12;U32406Z12;Chomutov,žel.st.;50.45662;13.40007
20260521_112634_L394;20260521_112634;21.05.2026;11:07:00;394;27;9924;15;U4979Z2;Zdice,nám.;49.91022;13.98193
20260521_112634_L401;20260521_112634;21.05.2026;11:12:00;401;61;7775;10;U6489Z2;Praha,Roztyly;49.63985;14.64128
20260521_112634_L467;20260521_112634;21.05.2026;11:14:00;467;4;8011;12;U6439Z2;Mladá Boleslav,aut.st.;50.40328;14.8821
20260521_112634_L480;20260521_112634;21.05.2026;11:12:00;480;30;7504;14;U7026Z1;Solenice;49.60257;14.14319
20260521_112634_L493;20260521_112634;21.05.2026;11:14:00;493;21;8590;11;U3100Z2;Poděbrady,žel.st.;50.17264;15.06517
20260521_112634_L535;20260521_112634;21.05.2026;11:02:00;535;28;7616;22;U6018Z1;Kolín,nádraží;50.02418;15.21337
20260521_112634_L562;20260521_112634;21.05.2026;11:11:00;562;64;8335;15;U4338Z2;Rakovník,hasičský záchr.sbor;50.10352;13.72601
20260521_112634_L589;20260521_112634;21.05.2026;09:55:00;589;8;7762;89;U4858Z1;Louny,ČSAD;50.35562;13.77889
20260521_112634_L617;20260521_112634;21.05.2026;11:16:00;617;15;7325;10;U4367Z2;Roudnice n.L.,žel.st.;50.36162;14.30678
20260521_112634_L622;20260521_112634;21.05.2026;11:16:00;622;73;8709;10;U5961Z2;Kladno,autobusové nádraží;50.16498;14.20149
20260521_112634_L639;20260521_112634;21.05.2026;11:14:00;639;8;9586;10;U9850Z1;Dobříš,nám.;49.85992;14.00644
20260521_112634_L640;20260521_112634;21.05.2026;09:42:00;640;29;9553;102;U9810Z1;Hostomice,nám.;49.82574;14.04285
20260521_112634_L641;20260521_112634;21.05.2026;11:13:00;641;14;9573;13;U3268Z1;Beroun,autobusové nádraží;49.88401;13.95694
20260521_112634_L650;20260521_112634;21.05.2026;11:14:00;650;22;12536;11;U4777Z15;Kladno,autobusové nádraží;50.22661;14.08527
20260521_112634_L689;20260521_112634;21.05.2026;11:16:00;689;7;1366;10;U9182Z1;Stránka,Ostrý;50.43844;14.63151
20260521_112634_L693;20260521_112634;21.05.2026;11:14:00;693;7;1366;12;U6101Z1;Mšeno;50.43844;14.63151
20260521_112634_L716;20260521_112634;21.05.2026;11:12:00;716;38;8611;11;U3253Z2;Mnichovo Hradiště,dopravní terminál;50.52028;14.98061
20260521_112634_L798;20260521_112634;21.05.2026;10:40:00;798;72;7885;44;U5898Z2;Benešov,Terminál;49.78797;14.69131
20260521_113034_L136;20260521_113034;21.05.2026;11:20:00;136;1;6757;10;U286Z5P;Jižní Město;50.0307;14.52992
20260521_113034_L136;20260521_113034;21.05.2026;11:16:00;136;4;5533;13;U743Z2P;Jižní Město;50.08605;14.45551
20260521_113034_L177;20260521_113034;21.05.2026;11:19:00;177;6;5542;11;U665Z2P;Poliklinika Mazurská;50.12308;14.49315
20260521_113034_L204;20260521_113034;21.05.2026;11:19:00;204;72;9016;10;U1014Z1P;Stavební zóna Horní Počernice;50.07062;14.54512
20260521_113034_L240;20260521_113034;21.05.2026;11:18:00;240;11;1764;11;U1342Z1P;Černý Most;50.08063;14.60432
20260521_113034_L356;20260521_113034;21.05.2026;11:20:00;356;31;8824;10;U218Z2;Praha,Obchodní centrum Ruzyně;50.09595;14.29293
20260521_113034_L380;20260521_113034;21.05.2026;11:16:00;380;7;9981;14;U1647Z2;Praha,Vypich;50.03407;14.23218
20260521_113034_L389;20260521_113034;21.05.2026;11:20:00;389;12;7761;10;U80Z3;Chomutov,žel.st.;50.09391;14.29945
20260521_113034_L389;20260521_113034;21.05.2026;11:12:00;389;17;7755;16;U32406Z12;Chomutov,žel.st.;50.45662;13.40006
20260521_113034_L394;20260521_113034;21.05.2026;11:07:00;394;27;9924;18;U4979Z2;Zdice,nám.;49.90531;13.96858
20260521_113034_L401;20260521_113034;21.05.2026;11:20:00;401;61;7775;10;U6511Z2;Praha,Roztyly;49.66151;14.63348
20260521_113034_L467;20260521_113034;21.05.2026;11:17:00;467;4;8011;12;U9300Z1;Mladá Boleslav,aut.st.;50.41069;14.90672
20260521_113034_L493;20260521_113034;21.05.2026;11:17:00;493;21;8590;12;U3029Z2;Poděbrady,žel.st.;50.15593;15.08647
20260521_113034_L535;20260521_113034;21.05.2026;11:02:00;535;28;7616;26;U6018Z1;Kolín,nádraží;50.02418;15.21337
20260521_113034_L589;20260521_113034;21.05.2026;09:55:00;589;8;7762;93;U4858Z1;Louny,ČSAD;50.35561;13.77889
20260521_113034_L617;20260521_113034;21.05.2026;11:20:00;617;15;7325;10;U4432Z2;Roudnice n.L.,žel.st.;50.37965;14.30595
20260521_113034_L639;20260521_113034;21.05.2026;11:20:00;639;8;9586;10;U9849Z1;Dobříš,nám.;49.85262;14.03598
20260521_113034_L640;20260521_113034;21.05.2026;11:20:00;640;15;9540;10;U9813Z2;Hostomice,nám.;49.83252;14.03108
20260521_113034_L641;20260521_113034;21.05.2026;11:18:00;641;14;9573;12;U1229Z1;Beroun,autobusové nádraží;49.90133;13.96147
20260521_113034_L650;20260521_113034;21.05.2026;11:19:00;650;22;12536;11;U4787Z1;Kladno,autobusové nádraží;50.23323;14.08018
20260521_113034_L689;20260521_113034;21.05.2026;11:17:00;689;7;1366;11;U4356Z2;Stránka,Ostrý;50.42906;14.66103
20260521_113034_L798;20260521_113034;21.05.2026;10:40:00;798;72;7885;48;U5898Z2;Benešov,Terminál;49.78797;14.69132
20260521_113435_L204;20260521_113435;21.05.2026;11:24:00;204;72;9016;10;U742Z3P;Stavební zóna Horní Počernice;50.07782;14.56745
20260521_113435_L389;20260521_113435;21.05.2026;11:20:00;389;12;7761;13;U80Z3;Chomutov,žel.st.;50.10663;14.29332
20260521_113435_L394;20260521_113435;21.05.2026;11:07:00;394;27;9924;21;U4979Z2;Zdice,nám.;49.9029;13.96118
20260521_113435_L689;20260521_113435;21.05.2026;11:20:00;689;7;1366;10;U6125Z1;Stránka,Ostrý;50.4242;14.69455
20260521_113435_L136;20260521_113435;21.05.2026;11:20:00;136;4;5533;14;U118Z4P;Jižní Město;50.07873;14.46055
20260521_113435_L493;20260521_113435;21.05.2026;11:21:00;493;21;8590;12;U3160Z2;Poděbrady,žel.st.;50.13913;15.09965
20260521_113435_L400;20260521_113435;21.05.2026;11:24:00;400;54;1089;10;U6073Z2;Praha,Střížkov;50.47484;14.47672
20260521_113435_L641;20260521_113435;21.05.2026;11:22:00;641;14;9573;12;U9105Z1;Beroun,autobusové nádraží;49.91365;13.97953
20260521_113435_L589;20260521_113435;21.05.2026;09:55:00;589;8;7762;97;U4858Z1;Louny,ČSAD;50.35561;13.77889
20260521_113435_L650;20260521_113435;21.05.2026;11:21:00;650;22;12536;13;U4836Z1;Kladno,autobusové nádraží;50.2365;14.07045
20260521_113435_L380;20260521_113435;21.05.2026;11:19:00;380;7;9981;15;U1645Z2;Praha,Vypich;50.0394;14.24651
20260521_113435_L240;20260521_113435;21.05.2026;11:20:00;240;11;1764;11;U448Z2P;Černý Most;50.09489;14.59425
20260521_113435_L389;20260521_113435;21.05.2026;11:12:00;389;17;7755;20;U32406Z12;Chomutov,žel.st.;50.45661;13.40005
20260521_113435_L467;20260521_113435;21.05.2026;11:19:00;467;4;8011;14;U3388Z1;Mladá Boleslav,aut.st.;50.41097;14.92048
20260521_113435_L617;20260521_113435;21.05.2026;11:24:00;617;15;7325;10;U4713Z1;Roudnice n.L.,žel.st.;50.40557;14.30127
20260521_113435_L410;20260521_113435;21.05.2026;11:23:00;410;9;11646;10;U31493Z12;Praha,Střížkov;50.64587;14.73914
20260521_113435_L639;20260521_113435;21.05.2026;11:20:00;639;8;9586;11;U9849Z1;Dobříš,nám.;49.84582;14.01332
20260521_113435_L401;20260521_113435;21.05.2026;11:22:00;401;61;7775;12;U6525Z1;Praha,Roztyly;49.67181;14.63817
20260521_113435_L337;20260521_113435;21.05.2026;11:23:00;337;25;9361;10;U1564Z1;Benešov,Terminál;49.90217;14.59211
20260521_113435_L535;20260521_113435;21.05.2026;11:02:00;535;28;7616;30;U6018Z1;Kolín,nádraží;50.02418;15.21337
20260521_113435_L841;20260521_113435;21.05.2026;11:20:00;841;27;7845;13;U9389Z2;Vlašim,Hrazená Lhota;49.71238;14.83809
20260521_113435_L177;20260521_113435;21.05.2026;11:23:00;177;6;5542;11;U740Z3P;Poliklinika Mazurská;50.12796;14.47691
20260521_113435_L798;20260521_113435;21.05.2026;10:40:00;798;72;7885;52;U5898Z2;Benešov,Terminál;49.78799;14.69142
20260521_113835_L177;20260521_113835;21.05.2026;11:28:00;177;6;5542;10;U675Z3P;Poliklinika Mazurská;50.12467;14.45515
20260521_113835_L204;20260521_113835;21.05.2026;11:28:00;204;72;9016;10;U1163Z1P;Stavební zóna Horní Počernice;50.0886;14.58221
20260521_113835_L240;20260521_113835;21.05.2026;11:26:00;240;11;1764;12;U1235Z2P;Černý Most;50.10908;14.58704
20260521_113835_L841;20260521_113835;21.05.2026;11:20:00;841;27;7845;17;U9389Z2;Vlašim,Hrazená Lhota;49.7124;14.83809
20260521_113835_L380;20260521_113835;21.05.2026;11:23:00;380;7;9981;15;U1643Z2;Praha,Vypich;50.05109;14.27344
20260521_113835_L389;20260521_113835;21.05.2026;11:20:00;389;12;7761;14;U80Z3;Chomutov,žel.st.;50.12878;14.26231
20260521_113835_L389;20260521_113835;21.05.2026;11:12:00;389;17;7755;24;U32406Z12;Chomutov,žel.st.;50.4566;13.40005
20260521_113835_L394;20260521_113835;21.05.2026;11:28:00;394;27;9924;10;U9105Z1;Praha,Nové Butovice;49.91244;13.97943
20260521_113835_L400;20260521_113835;21.05.2026;11:25:00;400;54;1089;10;U6072Z2;Praha,Střížkov;50.44595;14.47259
20260521_113835_L401;20260521_113835;21.05.2026;11:28:00;401;61;7775;10;U6559Z1;Praha,Roztyly;49.70957;14.6552
20260521_113835_L535;20260521_113835;21.05.2026;11:02:00;535;28;7616;34;U6018Z1;Kolín,nádraží;50.02418;15.21337
20260521_113835_L589;20260521_113835;21.05.2026;09:55:00;589;8;7762;101;U4858Z1;Louny,ČSAD;50.35561;13.7789
20260521_113835_L617;20260521_113835;21.05.2026;11:27:00;617;15;7325;11;U4715Z1;Roudnice n.L.,žel.st.;50.41951;14.26564
20260521_113835_L639;20260521_113835;21.05.2026;11:26:00;639;8;9586;12;U9813Z2;Dobříš,nám.;49.83297;14.02909
20260521_113835_L641;20260521_113835;21.05.2026;11:22:00;641;14;9573;13;U9105Z1;Beroun,autobusové nádraží;49.93103;13.9834
20260521_113835_L686;20260521_113835;21.05.2026;11:28:00;686;34;8142;10;U1870Z2;Říčany,Podhradí;49.99425;14.6595
20260521_113835_L798;20260521_113835;21.05.2026;10:40:00;798;72;7885;56;U5898Z2;Benešov,Terminál;49.78799;14.69141
20260521_114236_L136;20260521_114236;21.05.2026;11:27:00;136;4;5533;16;U29Z1P;Jižní Město;50.07328;14.47025
20260521_114236_L177;20260521_114236;21.05.2026;11:31:00;177;6;5542;11;U544Z1P;Poliklinika Mazurská;50.12751;14.43515
20260521_114236_L841;20260521_114236;21.05.2026;11:20:00;841;27;7845;21;U9389Z2;Vlašim,Hrazená Lhota;49.7124;14.83809
20260521_114236_L380;20260521_114236;21.05.2026;11:28:00;380;7;9981;14;U1141Z5;Praha,Vypich;50.05464;14.29087
20260521_114236_L389;20260521_114236;21.05.2026;11:12:00;389;17;7755;28;U32406Z12;Chomutov,žel.st.;50.4566;13.40004
20260521_114236_L394;20260521_114236;21.05.2026;11:31:00;394;27;9924;10;U9107Z1;Praha,Nové Butovice;49.93184;13.98598
20260521_114236_L400;20260521_114236;21.05.2026;11:28:00;400;54;1089;12;U6070Z2;Praha,Střížkov;50.42531;14.46422
20260521_114236_L410;20260521_114236;21.05.2026;11:31:00;410;9;11646;11;U31369Z51;Praha,Střížkov;50.6298;14.71396
20260521_114236_L535;20260521_114236;21.05.2026;11:02:00;535;28;7616;38;U6018Z1;Kolín,nádraží;50.02418;15.21337
20260521_114236_L589;20260521_114236;21.05.2026;09:55:00;589;8;7762;105;U4858Z1;Louny,ČSAD;50.35561;13.7789
20260521_114236_L617;20260521_114236;21.05.2026;11:29:00;617;15;7325;10;U4716Z1;Roudnice n.L.,žel.st.;50.4242;14.26169
20260521_114236_L641;20260521_114236;21.05.2026;11:27:00;641;14;9573;14;U9006Z1;Beroun,autobusové nádraží;49.93801;14.01938
20260521_114236_L798;20260521_114236;21.05.2026;10:40:00;798;72;7885;60;U5898Z2;Benešov,Terminál;49.788;14.69139
20260521_114636_L136;20260521_114636;21.05.2026;11:31:00;136;4;5533;15;U37Z1P;Jižní Město;50.06116;14.46948
20260521_114636_L177;20260521_114636;21.05.2026;11:35:00;177;6;5542;11;U511Z1P;Poliklinika Mazurská;50.13086;14.42456
20260521_114636_L204;20260521_114636;21.05.2026;11:36:00;204;72;9016;10;U845Z1P;Stavební zóna Horní Počernice;50.10909;14.60253
20260521_114636_L841;20260521_114636;21.05.2026;11:20:00;841;27;7845;25;U9389Z2;Vlašim,Hrazená Lhota;49.7124;14.83806
20260521_114636_L380;20260521_114636;21.05.2026;11:28:00;380;7;9981;16;U1141Z5;Praha,Vypich;50.05952;14.2943
20260521_114636_L389;20260521_114636;21.05.2026;11:12:00;389;17;7755;32;U32406Z12;Chomutov,žel.st.;50.4566;13.40004
20260521_114636_L394;20260521_114636;21.05.2026;11:35:00;394;27;9924;11;U9006Z1;Praha,Nové Butovice;49.93436;14.01066
20260521_114636_L400;20260521_114636;21.05.2026;11:31:00;400;54;1089;12;U6060Z2;Praha,Střížkov;50.40886;14.4502
20260521_114636_L401;20260521_114636;21.05.2026;11:35:00;401;61;7775;10;U4556Z2;Praha,Roztyly;49.74052;14.66512
20260521_114636_L535;20260521_114636;21.05.2026;11:02:00;535;28;7616;42;U6018Z1;Kolín,nádraží;50.02418;15.21337
20260521_114636_L589;20260521_114636;21.05.2026;09:55:00;589;8;7762;109;U4858Z1;Louny,ČSAD;50.35561;13.77891
20260521_114636_L641;20260521_114636;21.05.2026;11:33:00;641;14;9573;13;U1748Z2;Beroun,autobusové nádraží;49.9491;14.03947
20260521_114636_L650;20260521_114636;21.05.2026;11:34:00;650;22;12536;12;U1915Z1;Kladno,autobusové nádraží;50.18886;14.04273
20260521_114636_L725;20260521_114636;21.05.2026;11:34:00;725;67;9760;11;U31718Z1;Markvartice,pošta;50.43369;15.18031
20260521_114636_L798;20260521_114636;21.05.2026;10:40:00;798;72;7885;64;U5898Z2;Benešov,Terminál;49.788;14.69139
20260521_115036_L108;20260521_115036;21.05.2026;11:36:00;108;4;2055;12;U2757Z1P;Dejvická;50.09873;14.38799
20260521_115036_L204;20260521_115036;21.05.2026;11:39:00;204;72;9016;11;U30Z2P;Stavební zóna Horní Počernice;50.11209;14.61425
20260521_115036_L858;20260521_115036;21.05.2026;11:36:00;858;66;8712;11;U5036Z1;Libčice n.Vlt.,Žel.zast.Letky;50.18652;14.35497
20260521_115036_L384;20260521_115036;21.05.2026;11:37:00;384;19;9915;11;U4979Z2;Zdice,nám.;49.91893;14.00136
20260521_115036_L389;20260521_115036;21.05.2026;11:38:00;389;12;7761;12;U4775Z1;Chomutov,žel.st.;50.22576;14.11218
20260521_115036_L389;20260521_115036;21.05.2026;11:12:00;389;17;7755;36;U32406Z12;Chomutov,žel.st.;50.4566;13.40004
20260521_115036_L394;20260521_115036;21.05.2026;11:38:00;394;27;9924;12;U4976Z2;Praha,Nové Butovice;49.94359;14.02982
20260521_115036_L401;20260521_115036;21.05.2026;11:39:00;401;61;7775;11;U4554Z2;Praha,Roztyly;49.76097;14.67439
20260521_115036_L511;20260521_115036;21.05.2026;11:40:00;511;3;9587;10;U9755Z2;Příbram,aut.nádr.;49.66884;13.99497
20260521_115036_L535;20260521_115036;21.05.2026;11:02:00;535;28;7616;46;U6018Z1;Kolín,nádraží;50.02418;15.21337
20260521_115036_L589;20260521_115036;21.05.2026;09:55:00;589;8;7762;113;U4858Z1;Louny,ČSAD;50.35561;13.7789
20260521_115036_L641;20260521_115036;21.05.2026;11:37:00;641;14;9573;13;U4971Z2;Beroun,autobusové nádraží;49.95737;14.05777
20260521_115036_L650;20260521_115036;21.05.2026;11:38:00;650;22;12536;12;U4933Z2;Kladno,autobusové nádraží;50.16749;14.01831
20260521_115036_L725;20260521_115036;21.05.2026;11:34:00;725;67;9760;15;U31718Z1;Markvartice,pošta;50.43368;15.18036
20260521_115036_L798;20260521_115036;21.05.2026;10:40:00;798;72;7885;68;U5898Z2;Benešov,Terminál;49.78799;14.69143
20260521_115437_L108;20260521_115437;21.05.2026;11:36:00;108;4;2055;16;U2757Z1P;Dejvická;50.09938;14.38791
20260521_115437_L204;20260521_115437;21.05.2026;11:42:00;204;72;9016;11;U862Z1P;Stavební zóna Horní Počernice;50.11765;14.62559
20260521_115437_L360;20260521_115437;21.05.2026;11:42:00;360;6;7215;10;U1764Z2;Praha,Smíchovské nádraží;49.89044;14.39917
20260521_115437_L384;20260521_115437;21.05.2026;11:37:00;384;19;9915;14;U4979Z2;Zdice,nám.;49.91441;13.99249
20260521_115437_L389;20260521_115437;21.05.2026;11:42:00;389;12;7761;11;U4777Z2;Chomutov,žel.st.;50.22872;14.08839
20260521_115437_L389;20260521_115437;21.05.2026;11:12:00;389;17;7755;40;U32406Z12;Chomutov,žel.st.;50.4566;13.40004
20260521_115437_L394;20260521_115437;21.05.2026;11:43:00;394;27;9924;11;U4965Z2;Praha,Nové Butovice;49.95218;14.04735
20260521_115437_L400;20260521_115437;21.05.2026;11:41:00;400;54;1089;13;U1795Z2;Praha,Střížkov;50.35834;14.47314
20260521_115437_L401;20260521_115437;21.05.2026;11:42:00;401;61;7775;12;U4522Z2;Praha,Roztyly;49.77561;14.68105
20260521_115437_L535;20260521_115437;21.05.2026;11:02:00;535;28;7616;50;U6018Z1;Kolín,nádraží;50.02418;15.21337
20260521_115437_L589;20260521_115437;21.05.2026;09:55:00;589;8;7762;117;U4858Z1;Louny,ČSAD;50.3556;13.77889
20260521_115437_L650;20260521_115437;21.05.2026;11:43:00;650;22;12536;11;U1918Z2;Kladno,autobusové nádraží;50.14097;14.06339
20260521_115437_L725;20260521_115437;21.05.2026;11:34:00;725;67;9760;19;U31718Z1;Markvartice,pošta;50.43368;15.18036
20260521_115437_L732;20260521_115437;21.05.2026;11:40:00;732;5;9765;14;U6251Z1;Bělá p.Bezd.,Bezdědice;50.48252;14.70158
20260521_115437_L798;20260521_115437;21.05.2026;10:40:00;798;72;7885;72;U5898Z2;Benešov,Terminál;49.78798;14.69144
20260521_115837_L360;20260521_115837;21.05.2026;11:45:00;360;6;7215;13;U1753Z2;Praha,Smíchovské nádraží;49.90852;14.39218
20260521_115837_L400;20260521_115837;21.05.2026;11:43:00;400;54;1089;13;U1794Z2;Praha,Střížkov;50.34945;14.48855
20260521_115837_L389;20260521_115837;21.05.2026;11:12:00;389;17;7755;44;U32406Z12;Chomutov,žel.st.;50.45659;13.40004
20260521_115837_L384;20260521_115837;21.05.2026;11:37:00;384;19;9915;17;U4979Z2;Zdice,nám.;49.90998;13.9813
20260521_115837_L550;20260521_115837;21.05.2026;11:43:00;550;76;7803;14;U6757Z1;Vlašim,žel.st.;49.70317;14.89338
20260521_115837_L725;20260521_115837;21.05.2026;11:34:00;725;67;9760;24;U31718Z1;Markvartice,pošta;50.43368;15.18036
20260521_115837_L650;20260521_115837;21.05.2026;11:48:00;650;22;12536;10;U4325Z2;Kladno,autobusové nádraží;50.14252;14.08809
20260521_115837_L337;20260521_115837;21.05.2026;11:47:00;337;25;9361;11;U1391Z1;Benešov,Terminál;49.82829;14.68758
20260521_115837_L380;20260521_115837;21.05.2026;11:42:00;380;7;9981;16;U444Z1;Praha,Vypich;50.07697;14.34885
20260521_115837_L389;20260521_115837;21.05.2026;11:45:00;389;12;7761;13;U4786Z1;Chomutov,žel.st.;50.23161;14.08352
20260521_115837_L394;20260521_115837;21.05.2026;11:45:00;394;27;9924;12;U1747Z2;Praha,Nové Butovice;49.95882;14.06138
20260521_115837_L204;20260521_115837;21.05.2026;11:47:00;204;72;9016;11;U1351Z2P;Stavební zóna Horní Počernice;50.12175;14.60557
20260521_115837_L641;20260521_115837;21.05.2026;11:48:00;641;16;9449;10;U9856Z2;Hořovice,nemocnice;49.86575;13.93333
20260521_115837_L535;20260521_115837;21.05.2026;11:02:00;535;28;7616;54;U6018Z1;Kolín,nádraží;50.02418;15.21337
20260521_115837_L136;20260521_115837;21.05.2026;11:42:00;136;4;5533;16;U424Z1P;Jižní Město;50.03305;14.50025
20260521_115837_L732;20260521_115837;21.05.2026;11:40:00;732;5;9765;18;U6251Z1;Bělá p.Bezd.,Bezdědice;50.48252;14.70158
20260521_115837_L315;20260521_115837;21.05.2026;11:48:00;315;8;1863;10;U3063Z2;Praha,Černý Most;50.40796;14.93503
20260521_115837_L798;20260521_115837;21.05.2026;10:40:00;798;72;7885;76;U5898Z2;Benešov,Terminál;49.78798;14.69145
20260521_120238_L550;20260521_120238;21.05.2026;11:43:00;550;76;7803;16;U6757Z1;Vlašim,žel.st.;49.70317;14.89339
20260521_120238_L508;20260521_120238;21.05.2026;11:48:00;508;13;9535;13;U9712Z4;Příbram,Svatá Hora;49.69004;14.01627
20260521_120238_L136;20260521_120238;21.05.2026;11:52:00;136;7;6977;10;U518Z3P;Jižní Město;50.07591;14.45911
20260521_120238_L394;20260521_120238;21.05.2026;11:47:00;394;27;9924;14;U1746Z2;Praha,Nové Butovice;49.96439;14.07003
20260521_120238_L725;20260521_120238;21.05.2026;11:34:00;725;67;9760;27;U31718Z1;Markvartice,pošta;50.43368;15.18036
20260521_120238_L535;20260521_120238;21.05.2026;11:02:00;535;28;7616;58;U6018Z1;Kolín,nádraží;50.02418;15.21337
20260521_120238_L389;20260521_120238;21.05.2026;11:12:00;389;17;7755;48;U32406Z12;Chomutov,žel.st.;50.45656;13.4
20260521_120238_L410;20260521_120238;21.05.2026;11:49:00;410;9;11646;10;U31041Z2;Praha,Střížkov;50.56343;14.63981
20260521_120238_L650;20260521_120238;21.05.2026;11:50:00;650;22;12536;10;U4313Z6;Kladno,autobusové nádraží;50.14797;14.1056
20260521_120238_L389;20260521_120238;21.05.2026;11:48:00;389;12;7761;13;U4836Z1;Chomutov,žel.st.;50.23442;14.06101
20260521_120238_L384;20260521_120238;21.05.2026;11:37:00;384;19;9915;20;U4979Z2;Zdice,nám.;49.90566;13.96931
20260521_120238_L400;20260521_120238;21.05.2026;11:52:00;400;54;1089;10;U1792Z1;Praha,Střížkov;50.34459;14.48613
20260521_120238_L380;20260521_120238;21.05.2026;11:42:00;380;7;9981;17;U444Z1;Praha,Vypich;50.07865;14.34457
20260521_120238_L732;20260521_120238;21.05.2026;11:40:00;732;5;9765;22;U6251Z1;Bělá p.Bezd.,Bezdědice;50.48252;14.70158
20260521_120238_L798;20260521_120238;21.05.2026;10:40:00;798;72;7885;80;U5898Z2;Benešov,Terminál;49.78797;14.69145
20260521_120638_L360;20260521_120638;21.05.2026;11:54:00;360;6;7215;12;U232Z2;Praha,Smíchovské nádraží;49.95959;14.39413
20260521_120638_L410;20260521_120638;21.05.2026;11:56:00;410;9;11646;10;U31343Z1;Praha,Střížkov;50.5557;14.61732
20260521_120638_L389;20260521_120638;21.05.2026;11:12:00;389;17;7755;52;U32406Z12;Chomutov,žel.st.;50.4566;13.40006
20260521_120638_L394;20260521_120638;21.05.2026;11:51:00;394;27;9924;15;U4273Z1;Praha,Nové Butovice;49.96849;14.08073
20260521_120638_L400;20260521_120638;21.05.2026;11:52:00;400;54;1089;12;U1792Z1;Praha,Střížkov;50.32988;14.49993
20260521_120638_L401;20260521_120638;21.05.2026;11:53:00;401;61;7775;11;U2139Z1;Praha,Roztyly;49.81477;14.68266
20260521_120638_L384;20260521_120638;21.05.2026;11:37:00;384;19;9915;22;U4979Z2;Zdice,nám.;49.90678;13.96712
20260521_120638_L550;20260521_120638;21.05.2026;11:43:00;550;76;7803;22;U6757Z1;Vlašim,žel.st.;49.70314;14.8934
20260521_120638_L641;20260521_120638;21.05.2026;11:56:00;641;16;9449;10;U9616Z7;Hořovice,nemocnice;49.83782;13.89769
20260521_120638_L535;20260521_120638;21.05.2026;11:02:00;535;28;7616;62;U6018Z1;Kolín,nádraží;50.02418;15.21337
20260521_120638_L337;20260521_120638;21.05.2026;11:54:00;337;25;9361;11;U2139Z2;Benešov,Terminál;49.78564;14.68296
20260521_120638_L725;20260521_120638;21.05.2026;11:34:00;725;67;9760;32;U31718Z1;Markvartice,pošta;50.43373;15.18028
20260521_120638_L466;20260521_120638;21.05.2026;11:51:00;466;27;1058;11;U4376Z1;Kralupy n.Vlt.,obchodní centrum;50.31166;14.31733
20260521_120638_L732;20260521_120638;21.05.2026;11:40:00;732;5;9765;26;U6251Z1;Bělá p.Bezd.,Bezdědice;50.48252;14.70158
20260521_120638_L315;20260521_120638;21.05.2026;11:55:00;315;8;1863;10;U3384Z1;Praha,Černý Most;50.35574;14.87194
20260521_120638_L798;20260521_120638;21.05.2026;10:40:00;798;72;7885;84;U5898Z2;Benešov,Terminál;49.78797;14.69144
20260521_121039_L679;20260521_121039;21.05.2026;11:55:00;679;54;1645;12;U5896Z2;Kolín,nádraží;50.02399;15.21342
20260521_121039_L389;20260521_121039;21.05.2026;11:58:00;389;12;7761;12;U9227Z2;Chomutov,žel.st.;50.2615;14.01886
20260521_121039_L641;20260521_121039;21.05.2026;11:59:00;641;16;9449;11;U9618Z6;Hořovice,nemocnice;49.83353;13.90246
20260521_121039_L535;20260521_121039;21.05.2026;11:02:00;535;28;7616;66;U6018Z1;Kolín,nádraží;50.02418;15.21337
20260521_121039_L389;20260521_121039;21.05.2026;11:12:00;389;17;7755;56;U32406Z12;Chomutov,žel.st.;50.4566;13.40006
20260521_121039_L394;20260521_121039;21.05.2026;11:51:00;394;27;9924;16;U4273Z1;Praha,Nové Butovice;49.97647;14.11153
20260521_121039_L725;20260521_121039;21.05.2026;11:34:00;725;67;9760;35;U31718Z1;Markvartice,pošta;50.43373;15.18028
20260521_121039_L360;20260521_121039;21.05.2026;11:57:00;360;6;7215;13;U392Z1;Praha,Smíchovské nádraží;49.9723;14.39498
20260521_121039_L634;20260521_121039;21.05.2026;11:57:00;634;19;9406;12;U2895Z2;Hostomice,nám.;49.82605;14.04374
20260521_121039_L589;20260521_121039;21.05.2026;11:55:00;589;13;7751;13;U4858Z1;Louny,ČSAD;50.35558;13.77892
20260521_121039_L550;20260521_121039;21.05.2026;11:43:00;550;76;7803;24;U6757Z1;Vlašim,žel.st.;49.70314;14.89341
20260521_121039_L384;20260521_121039;21.05.2026;11:58:00;384;19;9915;11;U9105Z1;Praha,Zličín;49.91424;13.97948
20260521_121039_L732;20260521_121039;21.05.2026;11:40:00;732;5;9765;29;U6251Z1;Bělá p.Bezd.,Bezdědice;50.48252;14.70158
20260521_121039_L798;20260521_121039;21.05.2026;10:40:00;798;72;7885;88;U5898Z2;Benešov,Terminál;49.78797;14.69146
20260521_121439_L110;20260521_121439;21.05.2026;12:04:00;110;2;8100;10;U158Z1P;Dolní Počernice;50.09025;14.56371
20260521_121439_L126;20260521_121439;21.05.2026;12:04:00;126;3;3842;11;U336Z2P;Nádraží Uhříněves;50.03163;14.59863
20260521_121439_L136;20260521_121439;21.05.2026;12:04:00;136;9;6988;10;U69Z2P;Jižní Město;50.08895;14.46085
20260521_121439_L360;20260521_121439;21.05.2026;11:58:00;360;6;7215;15;U902Z4;Praha,Smíchovské nádraží;49.98172;14.39436
20260521_121439_L384;20260521_121439;21.05.2026;12:01:00;384;19;9915;13;U9107Z1;Praha,Zličín;49.92768;13.97479
20260521_121439_L389;20260521_121439;21.05.2026;12:03:00;389;12;7761;11;U9231Z2;Chomutov,žel.st.;50.27007;13.99394
20260521_121439_L389;20260521_121439;21.05.2026;11:12:00;389;17;7755;60;U32406Z12;Chomutov,žel.st.;50.4566;13.40006
20260521_121439_L401;20260521_121439;21.05.2026;12:04:00;401;59;7774;10;U6438Z5;Jindřichův Hradec,aut.nádr.;49.57296;14.65936
20260521_121439_L428;20260521_121439;21.05.2026;12:02:00;428;10;7232;11;U31871Z1;Strakonice,aut.nádr.;49.26005;13.91259
20260521_121439_L535;20260521_121439;21.05.2026;11:02:00;535;28;7616;70;U6018Z1;Kolín,nádraží;50.02418;15.21337
20260521_121439_L550;20260521_121439;21.05.2026;11:43:00;550;76;7803;28;U6757Z1;Vlašim,žel.st.;49.70316;14.8934
20260521_121439_L589;20260521_121439;21.05.2026;11:55:00;589;13;7751;17;U4858Z1;Louny,ČSAD;50.35558;13.77893
20260521_121439_L634;20260521_121439;21.05.2026;11:57:00;634;19;9406;16;U2895Z2;Hostomice,nám.;49.82606;14.04374
20260521_121439_L641;20260521_121439;21.05.2026;12:02:00;641;16;9449;12;U9780Z2;Hořovice,nemocnice;49.83943;13.91011
20260521_121439_L679;20260521_121439;21.05.2026;11:55:00;679;54;1645;17;U5896Z2;Kolín,nádraží;50.02398;15.21346
20260521_121439_L725;20260521_121439;21.05.2026;11:34:00;725;67;9760;39;U31718Z1;Markvartice,pošta;50.43373;15.18028
20260521_121439_L732;20260521_121439;21.05.2026;11:40:00;732;5;9765;33;U6251Z1;Bělá p.Bezd.,Bezdědice;50.48252;14.70158
20260521_121439_L798;20260521_121439;21.05.2026;10:40:00;798;72;7885;92;U5898Z2;Benešov,Terminál;49.78798;14.69144
20260521_121839_L108;20260521_121839;21.05.2026;12:08:00;108;2;2034;10;U1168Z1P;Dejvická;50.08693;14.31855
20260521_121839_L136;20260521_121839;21.05.2026;12:08:00;136;9;6988;10;U516Z3P;Jižní Město;50.0825;14.45905
20260521_121839_L389;20260521_121839;21.05.2026;11:12:00;389;17;7755;64;U32406Z12;Chomutov,žel.st.;50.4566;13.40005
20260521_121839_L389;20260521_121839;21.05.2026;12:07:00;389;12;7761;11;U9232Z2;Chomutov,žel.st.;50.27038;13.96487
20260521_121839_L641;20260521_121839;21.05.2026;12:07:00;641;17;9450;10;U9856Z1;Beroun,autobusové nádraží;49.88218;13.92863
20260521_121839_L589;20260521_121839;21.05.2026;11:55:00;589;13;7751;21;U4858Z1;Louny,ČSAD;50.35559;13.77893
20260521_121839_L535;20260521_121839;21.05.2026;11:02:00;535;28;7616;74;U6018Z1;Kolín,nádraží;50.02418;15.21337
20260521_121839_L110;20260521_121839;21.05.2026;12:06:00;110;2;8100;12;U801Z1P;Dolní Počernice;50.08672;14.57353
20260521_121839_L634;20260521_121839;21.05.2026;11:57:00;634;19;9406;20;U2895Z2;Hostomice,nám.;49.82615;14.04389
20260521_121839_L401;20260521_121839;21.05.2026;12:04:00;401;59;7774;12;U6438Z5;Jindřichův Hradec,aut.nádr.;49.54885;14.66488
20260521_121839_L641;20260521_121839;21.05.2026;12:05:00;641;10;9547;12;U9855Z55;Hořovice,nemocnice;49.87654;13.92009
20260521_121839_L725;20260521_121839;21.05.2026;11:34:00;725;67;9760;44;U31718Z1;Markvartice,pošta;50.43373;15.18028
20260521_121839_L732;20260521_121839;21.05.2026;11:40:00;732;5;9765;37;U6251Z1;Bělá p.Bezd.,Bezdědice;50.48252;14.70158
20260521_121839_L384;20260521_121839;21.05.2026;12:05:00;384;19;9915;13;U9006Z1;Praha,Zličín;49.93439;14.01066
20260521_121839_L679;20260521_121839;21.05.2026;11:55:00;679;54;1645;20;U5896Z2;Kolín,nádraží;50.02398;15.21345
20260521_121839_L798;20260521_121839;21.05.2026;10:40:00;798;72;7885;96;U5898Z2;Benešov,Terminál;49.78801;14.6913
20260521_122240_L108;20260521_122240;21.05.2026;12:11:00;108;2;2034;11;U700Z4P;Dejvická;50.08282;14.31051
20260521_122240_L136;20260521_122240;21.05.2026;12:10:00;136;9;6988;13;U118Z4P;Jižní Město;50.07817;14.46066
20260521_122240_L136;20260521_122240;21.05.2026;12:10:00;136;10;6796;10;U1074Z4P;Jižní Město;50.09102;14.46822
20260521_122240_L841;20260521_122240;21.05.2026;12:12:00;841;27;7845;10;U6043Z2;Vlašim,záv.;49.69866;14.90287
20260521_122240_L315;20260521_122240;21.05.2026;12:10:00;315;8;1863;10;U3379Z2;Praha,Černý Most;50.28509;14.82837
20260521_122240_L360;20260521_122240;21.05.2026;12:08:00;360;6;7215;14;U337Z4;Praha,Smíchovské nádraží;50.05036;14.41029
20260521_122240_L384;20260521_122240;21.05.2026;12:08:00;384;19;9915;14;U4976Z2;Praha,Zličín;49.94283;14.02833
20260521_122240_L389;20260521_122240;21.05.2026;12:09:00;389;12;7761;12;U9233Z2;Chomutov,žel.st.;50.28217;13.95348
20260521_122240_L389;20260521_122240;21.05.2026;11:12:00;389;17;7755;68;U32406Z12;Chomutov,žel.st.;50.4566;13.40005
20260521_122240_L401;20260521_122240;21.05.2026;12:08:00;401;59;7774;10;U6442Z1;Jindřichův Hradec,aut.nádr.;49.51393;14.65859
20260521_122240_L535;20260521_122240;21.05.2026;11:02:00;535;28;7616;78;U6018Z1;Kolín,nádraží;50.02418;15.21337
20260521_122240_L589;20260521_122240;21.05.2026;11:55:00;589;13;7751;25;U4858Z1;Louny,ČSAD;50.35559;13.77893
20260521_122240_L634;20260521_122240;21.05.2026;11:57:00;634;19;9406;24;U2895Z2;Hostomice,nám.;49.8261;14.04386
20260521_122240_L641;20260521_122240;21.05.2026;12:07:00;641;17;9450;13;U9856Z1;Beroun,autobusové nádraží;49.87992;13.95381
20260521_122240_L641;20260521_122240;21.05.2026;12:07:00;641;10;9547;15;U9856Z2;Hořovice,nemocnice;49.86571;13.93329
20260521_122240_L679;20260521_122240;21.05.2026;11:55:00;679;54;1645;24;U5896Z2;Kolín,nádraží;50.02398;15.21345
20260521_122240_L725;20260521_122240;21.05.2026;11:34:00;725;67;9760;48;U31718Z1;Markvartice,pošta;50.43373;15.18028
20260521_122240_L732;20260521_122240;21.05.2026;11:40:00;732;5;9765;41;U6251Z1;Bělá p.Bezd.,Bezdědice;50.48252;14.70158
20260521_122240_L798;20260521_122240;21.05.2026;10:40:00;798;72;7885;101;U5898Z2;Benešov,Terminál;49.78781;14.69271
20260521_122640_L679;20260521_122640;21.05.2026;11:55:00;679;54;1645;28;U5896Z2;Kolín,nádraží;50.02399;15.21345
20260521_122640_L389;20260521_122640;21.05.2026;12:15:00;389;12;7761;11;U4850Z1;Chomutov,žel.st.;50.29632;13.91172
20260521_122640_L634;20260521_122640;21.05.2026;11:57:00;634;19;9406;28;U2895Z2;Hostomice,nám.;49.82612;14.04387
20260521_122640_L641;20260521_122640;21.05.2026;12:11:00;641;10;9547;14;U9860Z2;Hořovice,nemocnice;49.84829;13.9135
20260521_122640_L625;20260521_122640;21.05.2026;12:16:00;625;27;8768;10;U4299Z1;Kladno,autobusové nádraží;50.13867;13.92293
20260521_122640_L589;20260521_122640;21.05.2026;11:55:00;589;13;7751;29;U4858Z1;Louny,ČSAD;50.35559;13.77902
20260521_122640_L732;20260521_122640;21.05.2026;11:40:00;732;5;9765;45;U6251Z1;Bělá p.Bezd.,Bezdědice;50.48252;14.70158
20260521_122640_L394;20260521_122640;21.05.2026;12:12:00;394;26;9918;11;U4979Z2;Zdice,nám.;49.91334;13.98995
20260521_122640_L384;20260521_122640;21.05.2026;12:12:00;384;19;9915;14;U1748Z2;Praha,Zličín;49.94963;14.04076
20260521_122640_L401;20260521_122640;21.05.2026;12:12:00;401;59;7774;10;U31269Z1;Jindřichův Hradec,aut.nádr.;49.48032;14.65575
20260521_122640_L389;20260521_122640;21.05.2026;11:12:00;389;17;7755;72;U32406Z12;Chomutov,žel.st.;50.4566;13.40005
20260521_122640_L136;20260521_122640;21.05.2026;12:14:00;136;9;6988;12;U855Z1P;Jižní Město;50.07449;14.46389
20260521_122640_L360;20260521_122640;21.05.2026;12:15:00;360;1;7207;11;U1764Z1;Sedlčany,aut.st.;49.88853;14.39578
20260521_122640_L535;20260521_122640;21.05.2026;11:02:00;535;28;7616;82;U6018Z1;Kolín,nádraží;50.02418;15.21337
20260521_122640_L108;20260521_122640;21.05.2026;12:14:00;108;2;2034;12;U630Z1P;Dejvická;50.08564;14.32496
20260521_122640_L400;20260521_122640;21.05.2026;12:14:00;400;53;1082;10;U6078Z2;Praha,Střížkov;50.4942;14.48686
20260521_122640_L136;20260521_122640;21.05.2026;12:16:00;136;10;6796;10;U743Z2P;Jižní Město;50.08612;14.45563
20260521_122640_L641;20260521_122640;21.05.2026;12:07:00;641;17;9450;14;U9856Z1;Beroun,autobusové nádraží;49.87817;13.95265
20260521_123040_L108;20260521_123040;21.05.2026;12:16:00;108;2;2034;13;U334Z2P;Dejvická;50.08514;14.33747
20260521_123040_L360;20260521_123040;21.05.2026;12:15:00;360;1;7207;12;U1764Z1;Sedlčany,aut.st.;49.88852;14.39581
20260521_123040_L641;20260521_123040;21.05.2026;12:15:00;641;10;9547;14;U9616Z7;Hořovice,nemocnice;49.83818;13.90331
20260521_123040_L136;20260521_123040;21.05.2026;12:20:00;136;10;6796;10;U118Z4P;Jižní Město;50.07878;14.46062
20260521_123040_L679;20260521_123040;21.05.2026;11:55:00;679;54;1645;32;U5896Z2;Kolín,nádraží;50.02401;15.21348
20260521_123040_L389;20260521_123040;21.05.2026;11:12:00;389;17;7755;76;U32406Z12;Chomutov,žel.st.;50.4566;13.40005
20260521_123040_L389;20260521_123040;21.05.2026;12:18:00;389;12;7761;11;U4851Z1;Chomutov,žel.st.;50.31755;13.8702
20260521_123040_L400;20260521_123040;21.05.2026;12:20:00;400;6;11628;10;U31355Z1;Varnsdorf,aut.nádr.;50.69835;14.54192
20260521_123040_L634;20260521_123040;21.05.2026;11:57:00;634;19;9406;32;U2895Z2;Hostomice,nám.;49.82597;14.0444
20260521_123040_L589;20260521_123040;21.05.2026;11:55:00;589;13;7751;33;U4858Z1;Louny,ČSAD;50.3556;13.77899
20260521_123040_L117;20260521_123040;21.05.2026;12:20:00;117;3;1950;10;U1006Z51P;Nové Komořany;50.00224;14.40792
20260521_123040_L136;20260521_123040;21.05.2026;12:19:00;136;9;6988;10;U680Z3P;Jižní Město;50.06838;14.46926
20260521_123040_L625;20260521_123040;21.05.2026;12:20:00;625;27;8768;10;U9306Z1;Kladno,autobusové nádraží;50.13355;13.94971
20260521_123040_L240;20260521_123040;21.05.2026;12:18:00;240;12;1752;11;U1342Z1P;Černý Most;50.08026;14.60443
20260521_123040_L394;20260521_123040;21.05.2026;12:12:00;394;26;9918;14;U4979Z2;Zdice,nám.;49.91035;13.98205
20260521_123040_L535;20260521_123040;21.05.2026;11:02:00;535;28;7616;86;U6018Z1;Kolín,nádraží;50.02418;15.21337
20260521_123040_L400;20260521_123040;21.05.2026;12:14:00;400;53;1082;14;U6078Z2;Praha,Střížkov;50.4942;14.48687
20260521_123040_L384;20260521_123040;21.05.2026;12:15:00;384;19;9915;14;U1747Z2;Praha,Zličín;49.95466;14.05271
20260521_123040_L641;20260521_123040;21.05.2026;12:16:00;641;17;9450;13;U9854Z1;Beroun,autobusové nádraží;49.89769;13.96082
20260521_123040_L589;20260521_123040;21.05.2026;12:17:00;589;8;7762;11;U32417Z2;Hořešovice;50.30365;13.84702
20260521_123440_L108;20260521_123440;21.05.2026;12:21:00;108;2;2034;13;U844Z4P;Dejvická;50.08943;14.34973
20260521_123440_L117;20260521_123440;21.05.2026;12:24:00;117;3;1950;10;U280Z1P;Nové Komořany;49.9903;14.40994
20260521_123440_L136;20260521_123440;21.05.2026;12:24:00;136;9;6988;11;U751Z2P;Jižní Město;50.05306;14.47421
20260521_123440_L136;20260521_123440;21.05.2026;12:22:00;136;10;6796;12;U518Z3P;Jižní Město;50.07584;14.45904
20260521_123440_L136;20260521_123440;21.05.2026;12:23:00;136;11;5545;11;U512Z5P;Jižní Město;50.09023;14.46643
20260521_123440_L240;20260521_123440;21.05.2026;12:20:00;240;12;1752;13;U448Z2P;Černý Most;50.08354;14.59413
20260521_123440_L315;20260521_123440;21.05.2026;12:23:00;315;7;8669;11;U3393Z2;Praha,Černý Most;50.43357;14.92608
20260521_123440_L315;20260521_123440;21.05.2026;12:21:00;315;8;1863;11;U3261Z51;Praha,Černý Most;50.23771;14.73743
20260521_123440_L360;20260521_123440;21.05.2026;12:15:00;360;1;7207;18;U1764Z1;Sedlčany,aut.st.;49.8886;14.39627
20260521_123440_L369;20260521_123440;21.05.2026;12:24:00;369;47;8270;10;U1797Z2;Praha,Ládví;50.36353;14.46723
20260521_123440_L389;20260521_123440;21.05.2026;12:22:00;389;12;7761;11;U4853Z1;Chomutov,žel.st.;50.34158;13.82643
20260521_123440_L389;20260521_123440;21.05.2026;11:12:00;389;17;7755;80;U32406Z12;Chomutov,žel.st.;50.45666;13.40007
20260521_123440_L394;20260521_123440;21.05.2026;12:12:00;394;26;9918;17;U4979Z2;Zdice,nám.;49.90674;13.97198
20260521_123440_L400;20260521_123440;21.05.2026;12:22:00;400;6;11628;10;U31356Z1;Varnsdorf,aut.nádr.;50.72661;14.54619
20260521_123440_L400;20260521_123440;21.05.2026;12:14:00;400;53;1082;18;U6078Z2;Praha,Střížkov;50.4942;14.48687
20260521_123440_L401;20260521_123440;21.05.2026;12:23:00;401;59;7774;10;U31276Z1;Jindřichův Hradec,aut.nádr.;49.41398;14.66241
20260521_123440_L410;20260521_123440;21.05.2026;12:19:00;410;9;11646;13;U31056Z2;Praha,Střížkov;50.49572;14.48685
20260521_123440_L535;20260521_123440;21.05.2026;11:02:00;535;28;7616;90;U6018Z1;Kolín,nádraží;50.02418;15.21337
20260521_123440_L589;20260521_123440;21.05.2026;11:55:00;589;13;7751;37;U4858Z1;Louny,ČSAD;50.35561;13.77895
20260521_123440_L641;20260521_123440;21.05.2026;12:22:00;641;17;9450;12;U9105Z1;Beroun,autobusové nádraží;49.91209;13.97924
20260521_123440_L679;20260521_123440;21.05.2026;11:55:00;679;54;1645;37;U5896Z2;Kolín,nádraží;50.02401;15.21341
20260521_123841_L108;20260521_123841;21.05.2026;12:27:00;108;2;2034;11;U3044Z2P;Dejvická;50.09072;14.36379
20260521_123841_L136;20260521_123841;21.05.2026;12:27:00;136;9;6988;11;U322Z3P;Jižní Město;50.04553;14.48474
20260521_123841_L136;20260521_123841;21.05.2026;12:27:00;136;10;6796;10;U29Z1P;Jižní Město;50.07255;14.47052
20260521_123841_L136;20260521_123841;21.05.2026;12:26:00;136;11;5545;12;U743Z2P;Jižní Město;50.08604;14.45546
20260521_123841_L240;20260521_123841;21.05.2026;12:26:00;240;12;1752;12;U1235Z2P;Černý Most;50.1079;14.5876
20260521_123841_L369;20260521_123841;21.05.2026;12:25:00;369;47;8270;12;U1796Z2;Praha,Ládví;50.35985;14.47095
20260521_123841_L389;20260521_123841;21.05.2026;12:28:00;389;12;7761;10;U32494Z1;Chomutov,žel.st.;50.35389;13.80548
20260521_123841_L394;20260521_123841;21.05.2026;12:12:00;394;26;9918;20;U4979Z2;Zdice,nám.;49.90435;13.96168
20260521_123841_L400;20260521_123841;21.05.2026;12:23:00;400;25;11695;13;U6060Z1;Nový Bor,aut.nádr.;50.43579;14.47127
20260521_123841_L400;20260521_123841;21.05.2026;12:14:00;400;53;1082;24;U6078Z2;Praha,Střížkov;50.49419;14.48688
20260521_123841_L401;20260521_123841;21.05.2026;12:25:00;401;59;7774;11;U31279Z1;Jindřichův Hradec,aut.nádr.;49.41097;14.67772
20260521_123841_L410;20260521_123841;21.05.2026;12:19:00;410;9;11646;17;U31056Z2;Praha,Střížkov;50.49571;14.48686
20260521_123841_L438;20260521_123841;21.05.2026;12:25:00;438;93;7878;12;U2490Z2;Benešov,Terminál;49.85189;14.40634
20260521_123841_L545;20260521_123841;21.05.2026;12:24:00;545;21;9061;14;U5767Z1;Zaječov;49.76605;13.83204
20260521_123841_L589;20260521_123841;21.05.2026;11:55:00;589;13;7751;41;U4858Z1;Louny,ČSAD;50.35561;13.77896
20260521_123841_L641;20260521_123841;21.05.2026;12:23:00;641;17;9450;15;U9106Z1;Beroun,autobusové nádraží;49.91613;13.98026
20260521_123841_L679;20260521_123841;21.05.2026;11:55:00;679;54;1645;41;U5896Z2;Kolín,nádraží;50.02401;15.21341
20260521_124241_L108;20260521_124241;21.05.2026;12:30:00;108;2;2034;13;U3042Z2P;Dejvická;50.09116;14.37528
20260521_124241_L401;20260521_124241;21.05.2026;12:29:00;401;59;7774;12;U4886Z7;Jindřichův Hradec,aut.nádr.;49.41419;14.67496
20260521_124241_L400;20260521_124241;21.05.2026;12:23:00;400;25;11695;17;U6060Z1;Nový Bor,aut.nádr.;50.43655;14.47145
20260521_124241_L438;20260521_124241;21.05.2026;12:29:00;438;93;7878;13;U2497Z1;Benešov,Terminál;49.86479;14.41142
20260521_124241_L589;20260521_124241;21.05.2026;11:55:00;589;13;7751;45;U4858Z1;Louny,ČSAD;50.35558;13.77897
20260521_124241_L410;20260521_124241;21.05.2026;12:19:00;410;9;11646;20;U31056Z2;Praha,Střížkov;50.49572;14.48686
20260521_124241_L136;20260521_124241;21.05.2026;12:30:00;136;11;5545;12;U118Z4P;Jižní Město;50.07876;14.46072
20260521_124241_L369;20260521_124241;21.05.2026;12:27:00;369;47;8270;15;U1795Z2;Praha,Ládví;50.35819;14.47339
20260521_124241_L400;20260521_124241;21.05.2026;12:14:00;400;53;1082;26;U6078Z2;Praha,Střížkov;50.49419;14.48688
20260521_124241_L136;20260521_124241;21.05.2026;12:32:00;136;9;6988;11;U424Z1P;Jižní Město;50.03345;14.49937
20260521_124241_L136;20260521_124241;21.05.2026;12:33:00;136;10;6796;10;U183Z3P;Jižní Město;50.05673;14.47129
20260521_124241_L394;20260521_124241;21.05.2026;12:28:00;394;26;9918;14;U9105Z1;Praha,Nové Butovice;49.91254;13.97944
20260521_124241_L240;20260521_124241;21.05.2026;12:28:00;240;12;1752;13;U897Z11P;Černý Most;50.10858;14.57332
20260521_124241_L679;20260521_124241;21.05.2026;11:55:00;679;54;1645;44;U5896Z2;Kolín,nádraží;50.02401;15.21341
20260521_124642_L443;20260521_124642;21.05.2026;12:34:00;443;22;8594;11;U2442Z1;Nymburk,hl.nádr.;50.16021;14.79982
20260521_124642_L389;20260521_124642;21.05.2026;12:36:00;389;12;7761;10;U4857Z1;Chomutov,žel.st.;50.35695;13.78983
20260521_124642_L400;20260521_124642;21.05.2026;12:14:00;400;53;1082;32;U6078Z2;Praha,Střížkov;50.49421;14.48693
20260521_124642_L438;20260521_124642;21.05.2026;12:32:00;438;93;7878;14;U2502Z1;Benešov,Terminál;49.85772;14.43993
20260521_124642_L400;20260521_124642;21.05.2026;12:23:00;400;25;11695;21;U6060Z1;Nový Bor,aut.nádr.;50.43684;14.47216
20260521_124642_L342;20260521_124642;21.05.2026;12:36:00;342;20;7701;10;U4786Z1;Slaný,žel.st.;50.23157;14.08355
20260521_124642_L401;20260521_124642;21.05.2026;12:33:00;401;59;7774;13;U32435Z2;Jindřichův Hradec,aut.nádr.;49.40431;14.68514
20260521_124642_L136;20260521_124642;21.05.2026;12:34:00;136;9;6988;12;U106Z2P;Jižní Město;50.0275;14.5078
20260521_124642_L381;20260521_124642;21.05.2026;12:35:00;381;2;9373;10;U2011Z1;Čáslav,obchodní centrum;49.99163;14.80934
20260521_124642_L467;20260521_124642;21.05.2026;12:35:00;467;53;9824;10;U1794Z1;Roudnice n.L.,ČSAD;50.35611;14.47822
20260521_124642_L300;20260521_124642;21.05.2026;12:36:00;300;7;8966;10;U4313Z3;Smečno;50.1442;14.09146
20260521_124642_L410;20260521_124642;21.05.2026;12:19:00;410;9;11646;24;U31056Z2;Praha,Střížkov;50.49572;14.48686
20260521_124642_L108;20260521_124642;21.05.2026;12:32:00;108;2;2034;13;U645Z4P;Dejvická;50.09293;14.38651
20260521_124642_L589;20260521_124642;21.05.2026;11:55:00;589;13;7751;49;U4858Z1;Louny,ČSAD;50.3556;13.77898
20260521_124642_L679;20260521_124642;21.05.2026;11:55:00;679;54;1645;48;U5896Z2;Kolín,nádraží;50.02395;15.21343
20260521_124642_L136;20260521_124642;21.05.2026;12:34:00;136;11;5545;13;U855Z1P;Jižní Město;50.0746;14.46275
