ID Záznamu;Timestamp;Den;Čas příjezdu;Linka;Oběh;Vozidlo;Zpoždění (min);Zastávka;Směr;Zeměpisná šířka (Lat);Zeměpisná délka (Lon)
20260604_155841_L136;20260604_155841;04.06.2026;15:46:00;136;11;6756;11;U1074Z4P;Jižní Město;50.09304;14.4722
20260604_155841_L136;20260604_155841;04.06.2026;15:48:00;136;8;6960;10;U353Z1P;Jižní Město;50.02601;14.52107
20260604_155841_L182;20260604_155841;04.06.2026;15:46:00;182;1;4103;10;U276Z1P;Opatov;50.08845;14.53615
20260604_155841_L301;20260604_155841;04.06.2026;15:46:00;301;1;4171;11;U3051Z1;Chýnice;50.02323;14.29763
20260604_155841_L306;20260604_155841;04.06.2026;15:37:00;306;4;8811;17;U4103Z2;Praha,Zličín;50.09397;14.21446
20260604_155841_L307;20260604_155841;04.06.2026;15:46:00;307;10;8991;11;U1686Z1;Praha,Zličín;50.08099;14.1399
20260604_155841_L324;20260604_155841;04.06.2026;15:46:00;324;23;8958;10;U4310Z1;Slaný,Rabasova;50.1414;14.09866
20260604_155841_L324;20260604_155841;04.06.2026;15:36:00;324;26;8971;13;U218Z2;Praha,Zličín;50.05517;14.28961
20260604_155841_L324;20260604_155841;04.06.2026;15:41:00;324;22;8998;12;U4315Z2;Praha,Zličín;50.15139;14.18526
20260604_155841_L332;20260604_155841;04.06.2026;15:35:00;332;26;9365;19;U1330Z1;Jílové u Prahy,Náměstí;49.9518;14.51804
20260604_155841_L332;20260604_155841;04.06.2026;15:46:00;332;19;9956;11;U1331Z1;Jílové u Prahy,Náměstí;49.9753;14.50122
20260604_155841_L337;20260604_155841;04.06.2026;15:45:00;337;13;9366;13;U2158Z2;Benešov,Terminál;49.83683;14.67513
20260604_155841_L348;20260604_155841;04.06.2026;15:41:00;348;8;8279;14;U651Z6;Praha,Ládví;50.12747;14.47501
20260604_155841_L375;20260604_155841;04.06.2026;15:46:00;375;7;8298;11;U1822Z1;Brandýs n.L.-St.Bol.,Žel.st.;50.17116;14.63747
20260604_155841_L383;20260604_155841;04.06.2026;15:41:00;383;32;9128;12;U2089Z1;Chocerady;49.87273;14.80241
20260604_155841_L384;20260604_155841;04.06.2026;15:41:00;384;15;9903;13;U4273Z1;Praha,Zličín;49.98082;14.12174
20260604_155841_L387;20260604_155841;04.06.2026;15:34:00;387;9;1686;24;U1886Z1;Uhlířské Janovice,nám.;49.99434;14.68374
20260604_155841_L398;20260604_155841;04.06.2026;15:46:00;398;22;8256;11;U2576Z3;Poděbrady,žel.st.;50.13536;15.08891
20260604_155841_L398;20260604_155841;04.06.2026;15:29:00;398;24;8271;26;U1433Z2;Praha,Černý Most;50.13609;14.91998
20260604_155841_L401;20260604_155841;04.06.2026;15:44:00;401;63;7773;14;U6525Z2;Jindřichův Hradec,aut.nádr.;49.67146;14.63971
20260604_155841_L300;20260604_155841;04.06.2026;15:48:00;300;4;8976;10;U4794Z1;Smečno;50.16689;14.05361
20260604_155841_L304;20260604_155841;04.06.2026;15:45:00;304;45;8408;13;U9902Z2;Praha,Zličín;50.14319;13.8739
20260604_155841_L166;20260604_155841;04.06.2026;15:45:00;166;3;1943;13;U3006Z1P;Domov seniorů Ďáblice;50.11612;14.46044
20260604_155841_L306;20260604_155841;04.06.2026;15:45:00;306;8;8774;13;U2115Z1;Jeneč,Lidická;50.08465;14.22674
20260604_155841_L345;20260604_155841;04.06.2026;15:37:00;345;39;10643;15;U3393Z2;Praha,Černý Most;50.41563;14.92756
20260604_155841_L425;20260604_155841;04.06.2026;15:10:00;425;49;1649;16;U897Z6;Trutnov,aut.st.;50.12107;15.08362
20260604_155841_L483;20260604_155841;04.06.2026;15:43:00;483;47;7876;14;U7601Z1;Ostředek;49.85802;14.833
20260604_155841_L758;20260604_155841;04.06.2026;15:33:00;758;7;7899;22;U7862Z2;Postupice,škola;49.72803;14.77709
20260604_155841_L531;20260604_155841;04.06.2026;15:43:00;531;4;9839;15;U9670Z1;Příbram,Archiv;49.72809;14.01485
20260604_155841_L805;20260604_155841;04.06.2026;15:47:00;805;18;7636;10;U9425Z1;Kolín,nádraží;49.9496;15.27497
20260604_155841_L765;20260604_155841;04.06.2026;15:45:00;765;20;1629;12;U1814Z1;Sibřina;50.01895;14.68866
20260604_155841_L624;20260604_155841;04.06.2026;15:46:00;624;32;8896;11;U3095Z1;Družec,náves;50.13529;14.06815
20260604_155841_L444;20260604_155841;04.06.2026;15:46:00;444;31;9136;10;U2109Z2;Davle,obec;49.89632;14.49336
20260604_155841_L487;20260604_155841;04.06.2026;15:47:00;487;60;1635;11;U6022Z2;Kolín,nádraží;49.77838;15.01961
20260604_155841_L783;20260604_155841;04.06.2026;15:36:00;783;7;7632;22;U31477Z1;Chvaletice,u městského úřadu;50.02163;15.43081
20260604_155841_L110;20260604_155841;04.06.2026;15:48:00;110;3;1477;10;U752Z1P;Třeboradický hřbitov;50.1631;14.5143
20260604_155841_L146;20260604_155841;04.06.2026;15:46:00;146;5;9189;11;U834Z2P;Želivského;50.08707;14.48405
20260604_155841_L316;20260604_155841;04.06.2026;15:46:00;316;3;8968;12;U1692Z1;Holubice;50.19655;14.29529
20260604_155841_L473;20260604_155841;04.06.2026;15:41:00;473;16;8033;17;U2286Z1;Kralupy n.Vlt.,žel.st.;50.24073;14.31284
20260604_155841_L322;20260604_155841;04.06.2026;15:44:00;322;13;8794;10;U4391Z1;Kladno,autobusové nádraží;50.13681;14.12988
20260604_155841_L112;20260604_155841;04.06.2026;15:48:00;112;24;6754;10;U241Z2P;Nádraží Holešovice;50.11732;14.42927
20260604_155841_L400;20260604_155841;04.06.2026;15:20:00;400;5;11656;33;U31355Z1;Nový Bor,aut.nádr.;50.72856;14.54644
20260604_155841_L381;20260604_155841;04.06.2026;15:35:00;381;13;1682;17;U967Z1;Zásmuky,nám.;50.03314;14.59651
20260604_155841_L183;20260604_155841;04.06.2026;15:46:00;183;14;6992;10;U1013Z1P;Háje;50.03595;14.56597
20260604_155841_L167;20260604_155841;04.06.2026;15:45:00;167;1;6943;12;U254Z6P;Na Knížecí;50.0704;14.38539
20260604_155841_L380;20260604_155841;04.06.2026;15:47:00;380;5;9983;10;U444Z1;Praha,Vypich;50.07783;14.34732
20260604_155841_L125;20260604_155841;04.06.2026;15:44:00;125;6;6981;14;U453Z12P;Skalka;50.05407;14.53794
20260604_155841_L201;20260604_155841;04.06.2026;15:48:00;201;7;3974;10;U683Z2P;Nádraží Holešovice;50.12538;14.486
20260604_155841_L182;20260604_155841;04.06.2026;15:43:00;182;11;3907;15;U453Z6P;Opatov;50.05297;14.53485
20260604_155841_L335;20260604_155841;04.06.2026;15:39:00;335;6;9131;17;U1578Z1;Kamenice,Kult.dům;49.91856;14.53633
20260604_155841_L352;20260604_155841;04.06.2026;15:46:00;352;7;4172;13;U1089Z2;Praha,Luka;50.03048;14.30503
20260604_155841_L170;20260604_155841;04.06.2026;15:47:00;170;8;3672;11;U386Z1P;Jižní Město;50.031;14.524
20260604_155841_L110;20260604_155841;04.06.2026;15:46:00;110;2;8103;11;U207Z3P;Dolní Počernice;50.09024;14.5471
20260604_155841_L480;20260604_155841;04.06.2026;15:32:00;480;29;7221;26;U7721Z1;Solenice;49.63411;14.04026
20260604_155841_L490;20260604_155841;04.06.2026;15:46:00;490;27;1619;12;U2057Z1;Stříbrná Skalice,Náměstí;49.91356;14.80785
20260604_155841_L450;20260604_155841;04.06.2026;15:46:00;450;4;7502;12;U7648Z1;Milevsko,aut.st.;49.73455;14.28572
20260604_155841_L668;20260604_155841;04.06.2026;15:48:00;668;38;8013;10;U4354Z1;Mělnické Vtelno;50.39349;14.61514
20260604_155841_L641;20260604_155841;04.06.2026;15:37:00;641;19;9406;19;U9855Z55;Hořovice,nemocnice;49.86663;13.93134
20260604_155841_L389;20260604_155841;04.06.2026;15:44:00;389;13;7751;10;U85Z1;Praha,Nádraží Veleslavín;50.09522;14.34499
20260604_155841_L400;20260604_155841;04.06.2026;15:29:00;400;6;11628;22;U31359Z2;Praha,Střížkov;50.71097;14.54476
20260604_155841_L240;20260604_155841;04.06.2026;15:37:00;240;11;1764;19;U897Z3P;Háje;50.10916;14.57945
20260604_155841_L381;20260604_155841;04.06.2026;15:30:00;381;14;9947;28;U2008Z1;Čáslav,obchodní centrum;49.98948;14.74166
20260604_155841_L101;20260604_155841;04.06.2026;15:46:00;101;6;2315;11;U851Z1P;Viktoria Žižkov;50.07686;14.44913
20260604_155841_L195;20260604_155841;04.06.2026;15:47:00;195;11;6825;11;U660Z4P;Jesenická;50.08318;14.50827
20260604_155841_L690;20260604_155841;04.06.2026;15:40:00;690;1;1815;14;U9477Z1;Chorušice;50.37878;14.71447
20260604_155841_L589;20260604_155841;04.06.2026;15:37:00;589;16;7765;20;U32419Z1;Louny,ČSAD;50.28735;13.85533
20260604_155841_L177;20260604_155841;04.06.2026;15:48:00;177;19;6824;10;U675Z3P;Poliklinika Mazurská;50.12502;14.45611
20260604_155841_L406;20260604_155841;04.06.2026;15:15:00;406;3;7933;14;U601Z2;Vlašim,žel.st.;49.79435;14.67952
20260604_155841_L398;20260604_155841;04.06.2026;15:34:00;398;27;1679;21;U2578Z2;Praha,Černý Most;50.13394;15.10473
20260604_155841_L136;20260604_155841;04.06.2026;15:41:00;136;25;5013;16;U680Z3P;Jižní Město;50.06838;14.4692
20260604_155841_L385;20260604_155841;04.06.2026;15:40:00;385;29;1582;17;U1886Z1;Zvánovice;49.9942;14.68423
20260604_155841_L840;20260604_155841;04.06.2026;15:23:00;840;31;7930;34;U6760Z1;Vlašim,žel.st.;49.70179;14.8958
20260604_155841_L488;20260604_155841;04.06.2026;15:37:00;488;8;9609;18;U5856Z1;Mirovice,nám.;49.51928;14.07278
20260604_155841_L548;20260604_155841;04.06.2026;15:48:00;548;12;9511;10;U3270Z3;Hořovice,nemocnice;49.84291;13.89939
20260604_155841_L856;20260604_155841;04.06.2026;15:41:00;856;3;7302;11;U4219Z2;Kralupy n.Vlt.,Zeměchy;50.23058;14.267
20260604_155841_L177;20260604_155841;04.06.2026;15:45:00;177;11;5557;12;U134Z5P;Poliklinika Mazurská;50.1057;14.50275
20260604_155841_L482;20260604_155841;04.06.2026;15:42:00;482;14;9616;15;U31884Z2;Březnice,aut.st.;49.49397;13.94932
20260604_155841_L202;20260604_155841;04.06.2026;15:48:00;202;6;3990;10;U451Z1P;Čakovice;50.15081;14.51438
20260604_155841_L181;20260604_155841;04.06.2026;15:44:00;181;3;6949;14;U708Z1P;Opatov;50.07657;14.53766
20260604_155841_L197;20260604_155841;04.06.2026;15:47:00;197;7;6916;11;U1009Z2P;Smíchovské nádraží;50.00598;14.45952
20260604_155841_L539;20260604_155841;04.06.2026;15:45:00;539;17;7659;11;U2578Z1;Poděbrady,žel.st.;50.14823;15.12511
20260604_155841_L136;20260604_155841;04.06.2026;15:44:00;136;9;6732;14;U417Z1P;Jižní Město;50.04359;14.48725
20260604_155841_L366;20260604_155841;04.06.2026;15:44:00;366;5;4528;13;U1908Z1;Mukařov;49.99212;14.74392
20260604_155841_L136;20260604_155841;04.06.2026;15:37:00;136;21;6790;21;U344Z1P;Jižní Město;50.03148;14.50544
20260604_155841_L183;20260604_155841;04.06.2026;15:44:00;183;2;6791;14;U747Z1P;Háje;50.07865;14.53784
20260604_155841_L177;20260604_155841;04.06.2026;15:25:00;177;5;5022;33;U544Z2P;Chodov;50.12721;14.43576
20260604_155841_L405;20260604_155841;04.06.2026;15:40:00;405;64;1414;17;U31000Z1;Vrchlabí,aut.st.;50.4663;15.19236
20260604_155841_L177;20260604_155841;04.06.2026;15:48:00;177;52;6890;10;U467Z2P;Poliklinika Mazurská;50.12918;14.48341
20260604_155841_L311;20260604_155841;04.06.2026;15:42:00;311;74;9597;14;U1663Z2;Praha,Zličín;49.96622;14.22085
20260604_155841_L706;20260604_155841;04.06.2026;15:47:00;706;62;1613;10;U2816Z5;Uhlířské Janovice,nám.;50.02267;15.2112
20260604_155841_L406;20260604_155841;04.06.2026;15:36:00;406;33;7919;10;U2139Z1;Praha,Roztyly;49.91261;14.71136
20260604_155841_L195;20260604_155841;04.06.2026;15:49:00;195;22;6761;10;U1Z1P;Sídliště Letňany;50.13222;14.51369
20260604_155841_L146;20260604_155841;04.06.2026;15:41:00;146;4;9122;17;U767Z1P;Želivského;50.0839;14.48196
20260604_155841_L171;20260604_155841;04.06.2026;15:47:00;171;11;1488;11;U1022Z1P;Depo Hostivař;50.09071;14.53414
20260604_155841_L203;20260604_155841;04.06.2026;15:43:00;203;7;1968;15;U378Z1P;Háje;50.01682;14.46839
20260604_155841_L307;20260604_155841;04.06.2026;15:46:00;307;14;8953;12;U1644Z2;Praha,Zličín;50.04251;14.25471
20260604_155841_L311;20260604_155841;04.06.2026;15:25:00;311;41;9614;33;U1645Z2;Praha,Zličín;50.03944;14.2467
20260604_155841_L201;20260604_155841;04.06.2026;15:49:00;201;3;3989;10;U323Z3P;Černý Most;50.13495;14.54443
20260604_155841_L641;20260604_155841;04.06.2026;15:48:00;641;14;9573;10;U1229Z1;Beroun,autobusové nádraží;49.90072;13.96155
20260604_155841_L616;20260604_155841;04.06.2026;15:46:00;616;3;8974;12;U4801Z1;Slaný,aut.nádr.;50.19937;14.07209
20260604_155841_L659;20260604_155841;04.06.2026;15:42:00;659;36;9107;15;U1991Z1;Stříbrná Skalice,Náměstí;49.92468;14.875
20260604_155841_L113;20260604_155841;04.06.2026;15:46:00;113;4;3918;11;U783Z1P;Točná;50.00468;14.46434
20260604_155841_L771;20260604_155841;04.06.2026;15:44:00;771;98;7607;13;U2157Z2;Soběšín;49.8792;15.06054
20260604_155841_L130;20260604_155841;04.06.2026;15:48:00;130;9;3819;10;U2797Z2P;Zličín;50.04247;14.309
20260604_155841_L466;20260604_155841;04.06.2026;15:47:00;466;30;8010;11;U2235Z1;Spomyšl;50.24603;14.31505
20260604_155841_L428;20260604_155841;04.06.2026;15:18:00;428;10;7232;10;U7719Z2;Praha,Smíchovské nádraží;49.93279;14.35295
20260604_155841_L405;20260604_155841;04.06.2026;15:37:00;405;61;1421;10;U2987Z20;Špindlerův Mlýn,aut.st.;50.41515;15.00184
20260604_155841_L401;20260604_155841;04.06.2026;15:44:00;401;60;7900;14;U31441Z1;Jindřichův Hradec,aut.nádr.;49.34499;14.7097
20260604_155841_L406;20260604_155841;04.06.2026;15:44:00;406;15;7938;14;U5797Z1;Vlašim,žel.st.;49.71454;14.85431
20260604_155841_L126;20260604_155841;04.06.2026;15:47:00;126;5;4107;12;U336Z2P;Nádraží Uhříněves;50.0316;14.5986
20260604_155841_L726;20260604_155841;04.06.2026;15:43:00;726;37;9608;12;U9359Z2;Mladá Boleslav,aut.st.;50.41036;14.92913
20260604_155841_L136;20260604_155841;04.06.2026;15:40:00;136;23;5023;16;U1074Z4P;Jižní Město;50.09176;14.46883
20260604_155841_L372;20260604_155841;04.06.2026;15:42:00;372;12;8068;14;U1779Z2;Kralupy n.Vlt.,žel.st.;50.29704;14.37835
20260604_155841_L372;20260604_155841;04.06.2026;15:48:00;372;52;8123;10;U2264Z2;Praha,Kobylisy;50.15758;14.45188
20260604_155841_L382;20260604_155841;04.06.2026;15:32:00;382;38;9495;25;U2018Z1;Sázava,aut.st.;49.97063;14.79634
20260604_155841_L382;20260604_155841;04.06.2026;15:40:00;382;19;9371;18;U1885Z1;Sázava,aut.st.;50.00388;14.65876
20260604_155841_L383;20260604_155841;04.06.2026;15:47:00;383;44;9182;11;U402Z1;Chocerady;50.03734;14.58428
20260604_155841_L650;20260604_155841;04.06.2026;15:41:00;650;25;12555;16;U3095Z2;Kladno,autobusové nádraží;50.14063;14.08131
20260604_155841_L234;20260604_155841;04.06.2026;15:46:00;234;4;3901;11;U7406Z3P;Nádraží Holešovice;50.1127;14.43573
20260604_155841_L364;20260604_155841;04.06.2026;15:44:00;364;7;4515;10;U2137Z1;Doubek;50.00724;14.65277
20260604_155841_L167;20260604_155841;04.06.2026;15:38:00;167;7;5055;17;U254Z6P;Na Knížecí;50.07153;14.39325
20260604_155841_L528;20260604_155841;04.06.2026;15:42:00;528;13;9546;14;U9819Z2;Broumy,radnice;49.9246;13.87233
20260604_155841_L330;20260604_155841;04.06.2026;15:32:00;330;5;1289;26;U4601Z1;Libušín,náměstí;50.17539;14.10756
20260604_155841_L335;20260604_155841;04.06.2026;15:46:00;335;30;9173;12;U4861Z1;Kamenice,Kult.dům;49.99395;14.48822
20260604_155841_L113;20260604_155841;04.06.2026;15:44:00;113;1;3912;14;U369Z2P;Kačerov;50.00327;14.46532
20260604_155841_L339;20260604_155841;04.06.2026;15:43:00;339;16;9936;14;U1330Z1;Týnec n.Sáz.,žel.st.;49.96426;14.51949
20260604_155841_L350;20260604_155841;04.06.2026;15:36:00;350;52;7391;21;U4315Z1;Kladno,OAZA;50.13141;14.13802
20260604_155841_L136;20260604_155841;04.06.2026;15:45:00;136;10;6789;13;U29Z1P;Jižní Město;50.07257;14.47052
20260604_155841_L333;20260604_155841;04.06.2026;15:42:00;333;14;7455;13;U799Z4;Zvole,Nová Zvole;49.99633;14.48651
20260604_155841_L821;20260604_155841;04.06.2026;15:30:00;821;70;1611;27;U9000Z2;Horní Kruty;50.00484;15.05146
20260604_155841_L149;20260604_155841;04.06.2026;15:47:00;149;3;3936;11;U968Z1P;Stodůlky-Bavorská;50.0549;14.34505
20260604_155841_L770;20260604_155841;04.06.2026;15:44:00;770;42;7918;11;U9945Z1;Uhlířské Janovice,nám.;49.87209;14.9717
20260604_155841_L216;20260604_155841;04.06.2026;15:39:00;216;3;2047;19;U2790Z2P;Poliklinika Petřiny;50.09682;14.3654
20260604_155841_L765;20260604_155841;04.06.2026;15:47:00;765;35;1898;10;U2142Z1;Jesenice;49.9956;14.65985
20260604_155841_L589;20260604_155841;04.06.2026;13:59:00;589;14;7760;117;U4858Z1;Louny,ČSAD;50.35562;13.7789
20260604_155841_L386;20260604_155841;04.06.2026;15:47:00;386;33;8792;11;U4899Z3;Kladno,autobusové nádraží;50.08103;14.095
20260604_155841_L149;20260604_155841;04.06.2026;15:42:00;149;4;4193;14;U563Z1P;Dejvická;50.08589;14.37846
20260604_155841_L753;20260604_155841;04.06.2026;15:41:00;753;2;7888;17;U4462Z2;Neveklov;49.75944;14.52739
20260604_155841_L181;20260604_155841;04.06.2026;15:43:00;181;2;6722;15;U219Z1P;Opatov;50.04314;14.5159
20260604_155841_L136;20260604_155841;04.06.2026;15:47:00;136;27;6686;11;U474Z5P;Sídliště Čakovice;50.11092;14.50253
20260604_155841_L136;20260604_155841;04.06.2026;15:44:00;136;26;5504;14;U118Z4P;Jižní Město;50.07874;14.4605
20260604_155841_L339;20260604_155841;04.06.2026;15:47:00;339;17;9932;11;U1588Z2;Praha,Budějovická;49.86996;14.59426
20260604_155841_L195;20260604_155841;04.06.2026;15:49:00;195;8;5097;10;U603Z1P;Sídliště Letňany;50.11866;14.49974
20260604_160243_L136;20260604_160243;04.06.2026;15:46:00;136;11;6756;14;U1074Z4P;Jižní Město;50.09191;14.46912
20260604_160243_L136;20260604_160243;04.06.2026;15:50:00;136;19;5019;10;U134Z5P;Sídliště Čakovice;50.10861;14.50193
20260604_160243_L120;20260604_160243;04.06.2026;15:52:00;120;6;4085;10;U147Z3P;Pod Lochkovem;50.04146;14.40431
20260604_160243_L177;20260604_160243;04.06.2026;15:48:00;177;11;5557;14;U474Z4P;Poliklinika Mazurská;50.11061;14.5024
20260604_160243_L167;20260604_160243;04.06.2026;15:45:00;167;1;6943;14;U254Z6P;Na Knížecí;50.07166;14.39479
20260604_160243_L197;20260604_160243;04.06.2026;15:52:00;197;10;6734;10;U307Z1P;Roztyly;50.01331;14.50276
20260604_160243_L400;20260604_160243;04.06.2026;15:29:00;400;6;11628;26;U31359Z2;Praha,Střížkov;50.70693;14.54408
20260604_160243_L166;20260604_160243;04.06.2026;15:49:00;166;3;1943;13;U54Z3P;Domov seniorů Ďáblice;50.11683;14.46708
20260604_160243_L136;20260604_160243;04.06.2026;15:48:00;136;9;6732;14;U424Z1P;Jižní Město;50.03306;14.50024
20260604_160243_L770;20260604_160243;04.06.2026;15:52:00;770;42;7918;10;U2175Z1;Uhlířské Janovice,nám.;49.87653;15.00072
20260604_160243_L139;20260604_160243;04.06.2026;15:52:00;139;9;5108;10;U802Z3P;Sídliště Zbraslav;49.97023;14.38551
20260604_160243_L352;20260604_160243;04.06.2026;15:49:00;352;7;4172;13;U634Z2;Praha,Luka;50.03248;14.31238
20260604_160243_L450;20260604_160243;04.06.2026;15:52:00;450;4;7502;10;U4747Z1;Milevsko,aut.st.;49.72549;14.33114
20260604_160243_L364;20260604_160243;04.06.2026;15:49:00;364;7;4515;13;U1885Z1;Doubek;50.00523;14.65638
20260604_160243_L136;20260604_160243;04.06.2026;15:51:00;136;8;6960;11;U151Z1P;Jižní Město;50.03169;14.53406
20260604_160243_L191;20260604_160243;04.06.2026;15:52:00;191;12;3707;10;U443Z1P;Letiště / Airport ✈;50.07296;14.37798
20260604_160243_L228;20260604_160243;04.06.2026;15:51:00;228;14;9012;10;U3053Z2P;Poliklinika Malešice;50.03147;14.59858
20260604_160243_L177;20260604_160243;04.06.2026;15:25:00;177;5;5022;37;U544Z2P;Chodov;50.12721;14.43576
20260604_160243_L110;20260604_160243;04.06.2026;15:48:00;110;2;8103;13;U318Z1P;Dolní Počernice;50.0877;14.5562
20260604_160243_L125;20260604_160243;04.06.2026;15:48:00;125;6;6981;14;U226Z2P;Skalka;50.06229;14.53443
20260604_160243_L783;20260604_160243;04.06.2026;15:36:00;783;7;7632;26;U31477Z1;Chvaletice,u městského úřadu;50.02163;15.43081
20260604_160243_L300;20260604_160243;04.06.2026;15:52:00;300;4;8976;10;U1400Z1;Smečno;50.17325;14.05609
20260604_160243_L372;20260604_160243;04.06.2026;15:48:00;372;12;8068;14;U1776Z1;Kralupy n.Vlt.,žel.st.;50.27788;14.36635
20260604_160243_L136;20260604_160243;04.06.2026;15:52:00;136;17;5089;10;U791Z1P;Sídliště Čakovice;50.15164;14.52192
20260604_160243_L771;20260604_160243;04.06.2026;15:51:00;771;98;7607;10;U9422Z2;Soběšín;49.85601;15.04032
20260604_160243_L466;20260604_160243;04.06.2026;15:49:00;466;30;8010;13;U2286Z1;Spomyšl;50.24101;14.31315
20260604_160243_L490;20260604_160243;04.06.2026;15:51:00;490;30;1626;11;U2055Z1;Ondřejov,Náměstí;49.9354;14.71019
20260604_160243_L401;20260604_160243;04.06.2026;15:48:00;401;60;7900;14;U31442Z1;Jindřichův Hradec,aut.nádr.;49.29978;14.71895
20260604_160243_L146;20260604_160243;04.06.2026;15:49:00;146;5;9189;11;U767Z1P;Želivského;50.08109;14.48734
20260604_160243_L428;20260604_160243;04.06.2026;15:18:00;428;10;7232;11;U7719Z2;Praha,Smíchovské nádraží;49.97207;14.37724
20260604_160243_L456;20260604_160243;04.06.2026;15:48:00;456;45;7071;12;U32516Z1;Pojbuky;49.49193;14.86567
20260604_160243_L195;20260604_160243;04.06.2026;15:52:00;195;6;5090;10;U474Z5P;Sídliště Letňany;50.11028;14.50223
20260604_160243_L227;20260604_160243;04.06.2026;15:52:00;227;10;1591;10;U1004Z1P;Nedvězí;50.0101;14.63438
20260604_160243_L425;20260604_160243;04.06.2026;15:10:00;425;49;1649;20;U897Z6;Trutnov,aut.st.;50.12112;15.08755
20260604_160243_L753;20260604_160243;04.06.2026;15:41:00;753;2;7888;20;U4462Z2;Neveklov;49.75667;14.52928
20260604_160243_L758;20260604_160243;04.06.2026;15:33:00;758;7;7899;26;U7862Z2;Postupice,škola;49.72803;14.77708
20260604_160243_L149;20260604_160243;04.06.2026;15:53:00;149;6;3708;10;U699Z3P;Dejvická;50.07845;14.38791
20260604_160243_L171;20260604_160243;04.06.2026;15:47:00;171;11;1488;13;U1022Z1P;Depo Hostivař;50.08714;14.53705
20260604_160243_L226;20260604_160243;04.06.2026;15:51:00;226;9;1589;10;U435Z3P;Benice;50.03847;14.58975
20260604_160243_L506;20260604_160243;04.06.2026;15:52:00;506;3;9530;10;U9758Z1;Příbram,Zdaboř,Červená;49.66744;13.98898
20260604_160243_L304;20260604_160243;04.06.2026;15:48:00;304;45;8408;13;U9312Z1;Praha,Zličín;50.1535;13.89788
20260604_160243_L531;20260604_160243;04.06.2026;15:49:00;531;4;9839;13;U9666Z1;Příbram,Archiv;49.69889;14.01653
20260604_160243_L548;20260604_160243;04.06.2026;15:50:00;548;12;9511;11;U9616Z7;Hořovice,nemocnice;49.83796;13.9034
20260604_160243_L528;20260604_160243;04.06.2026;15:48:00;528;13;9546;14;U9083Z2;Broumy,radnice;49.94136;13.87938
20260604_160243_L487;20260604_160243;04.06.2026;15:50:00;487;60;1635;12;U9404Z1;Kolín,nádraží;49.79007;15.01598
20260604_160243_L372;20260604_160243;04.06.2026;15:51:00;372;52;8123;10;U555Z2;Praha,Kobylisy;50.13628;14.4522
20260604_160243_L375;20260604_160243;04.06.2026;15:51:00;375;9;8264;10;U474Z7;Praha,Českomoravská;50.10571;14.5024
20260604_160243_L384;20260604_160243;04.06.2026;15:50:00;384;15;9903;12;U2371Z2;Praha,Zličín;49.99125;14.15059
20260604_160243_L387;20260604_160243;04.06.2026;15:34:00;387;9;1686;26;U1886Z1;Uhlířské Janovice,nám.;49.98801;14.70687
20260604_160243_L375;20260604_160243;04.06.2026;15:49:00;375;7;8298;11;U1824Z1;Brandýs n.L.-St.Bol.,Žel.st.;50.18172;14.65675
20260604_160243_L659;20260604_160243;04.06.2026;15:48:00;659;36;9107;14;U1994Z3;Stříbrná Skalice,Náměstí;49.92232;14.8979
20260604_160243_L706;20260604_160243;04.06.2026;15:50:00;706;62;1613;10;U5896Z1;Uhlířské Janovice,nám.;50.02607;15.2002
20260604_160243_L322;20260604_160243;04.06.2026;15:48:00;322;13;8794;13;U4306Z1;Kladno,autobusové nádraží;50.134;14.11782
20260604_160243_L324;20260604_160243;04.06.2026;15:49:00;324;22;8998;11;U4304Z1;Praha,Zličín;50.14696;14.1892
20260604_160243_L332;20260604_160243;04.06.2026;15:50:00;332;19;9956;11;U1330Z1;Jílové u Prahy,Náměstí;49.96578;14.51745
20260604_160243_L335;20260604_160243;04.06.2026;15:50:00;335;30;9173;12;U1331Z1;Kamenice,Kult.dům;49.97821;14.49918
20260604_160243_L337;20260604_160243;04.06.2026;15:45:00;337;13;9366;14;U2158Z2;Benešov,Terminál;49.82891;14.68647
20260604_160243_L339;20260604_160243;04.06.2026;15:43:00;339;16;9936;17;U1330Z1;Týnec n.Sáz.,žel.st.;49.95497;14.53316
20260604_160243_L346;20260604_160243;04.06.2026;15:52:00;346;7;8299;10;U1973Z2;Praha,Černý Most;50.18413;14.66545
20260604_160243_L350;20260604_160243;04.06.2026;15:36:00;350;52;7391;25;U4315Z1;Kladno,OAZA;50.1316;14.13811
20260604_160243_L307;20260604_160243;04.06.2026;15:48:00;307;14;8953;14;U1968Z2;Praha,Zličín;50.04923;14.26718
20260604_160243_L307;20260604_160243;04.06.2026;15:52:00;307;10;8991;10;U1683Z2;Praha,Zličín;50.06346;14.15424
20260604_160243_L726;20260604_160243;04.06.2026;15:49:00;726;37;9608;13;U3389Z1;Mladá Boleslav,aut.st.;50.41297;14.90979
20260604_160243_L301;20260604_160243;04.06.2026;15:50:00;301;1;4171;12;U1204Z1;Chýnice;50.01597;14.29244
20260604_160243_L170;20260604_160243;04.06.2026;15:50:00;170;8;3672;12;U151Z1P;Jižní Město;50.03207;14.53451
20260604_160243_L616;20260604_160243;04.06.2026;15:49:00;616;3;8974;12;U4803Z1;Slaný,aut.nádr.;50.21615;14.07503
20260604_160243_L113;20260604_160243;04.06.2026;15:49:00;113;1;3912;13;U194Z2P;Kačerov;50.0134;14.45771
20260604_160243_L195;20260604_160243;04.06.2026;15:52:00;195;22;6761;11;U899Z3P;Sídliště Letňany;50.14166;14.51666
20260604_160243_L389;20260604_160243;04.06.2026;15:44:00;389;13;7751;14;U85Z1;Praha,Nádraží Veleslavín;50.09521;14.34499
20260604_160243_L195;20260604_160243;04.06.2026;15:51:00;195;11;6825;11;U1222Z2P;Jesenická;50.07232;14.50812
20260604_160243_L201;20260604_160243;04.06.2026;15:51:00;201;7;3974;11;U993Z2P;Nádraží Holešovice;50.11727;14.47375
20260604_160243_L765;20260604_160243;04.06.2026;15:52:00;765;35;1898;10;U1889Z2;Jesenice;49.99008;14.64987
20260604_160243_L765;20260604_160243;04.06.2026;15:50:00;765;20;1629;12;U3295Z1;Sibřina;50.01414;14.69021
20260604_160243_L167;20260604_160243;04.06.2026;15:51:00;167;51;6896;10;U306Z1P;Nemocnice Na Homolce;50.07547;14.34264
20260604_160243_L202;20260604_160243;04.06.2026;15:52:00;202;6;3990;10;U934Z1P;Čakovice;50.1512;14.52683
20260604_160243_L149;20260604_160243;04.06.2026;15:51:00;149;3;3936;11;U786Z1P;Stodůlky-Bavorská;50.05592;14.32921
20260604_160243_L112;20260604_160243;04.06.2026;15:48:00;112;24;6754;13;U241Z2P;Nádraží Holešovice;50.11729;14.43101
20260604_160243_L101;20260604_160243;04.06.2026;15:51:00;101;6;2315;11;U2789Z2P;Viktoria Žižkov;50.08281;14.4439
20260604_160243_L176;20260604_160243;04.06.2026;15:51:00;176;1;3691;11;U168Z1P;Stadion Strahov;50.07513;14.39002
20260604_160243_L182;20260604_160243;04.06.2026;15:49:00;182;1;4103;12;U538Z2P;Opatov;50.0855;14.53769
20260604_160243_L183;20260604_160243;04.06.2026;15:49:00;183;14;6992;11;U338Z2P;Háje;50.03341;14.54215
20260604_160243_L805;20260604_160243;04.06.2026;15:51:00;805;18;7636;11;U2482Z1;Kolín,nádraží;49.95695;15.28039
20260604_160243_L539;20260604_160243;04.06.2026;15:45:00;539;17;7659;15;U2578Z1;Poděbrady,žel.st.;50.14823;15.12511
20260604_160243_L174;20260604_160243;04.06.2026;15:50:00;174;2;4116;12;U444Z1P;Vypich;50.0759;14.34525
20260604_160243_L337;20260604_160243;04.06.2026;15:48:00;337;14;9938;13;U423Z1;Benešov,Terminál;50.00001;14.48393
20260604_160243_L330;20260604_160243;04.06.2026;15:49:00;330;5;1289;12;U2832Z2;Praha,Nádraží Veleslavín;50.16289;14.08524
20260604_160243_L110;20260604_160243;04.06.2026;15:51:00;110;3;1477;11;U769Z3P;Třeboradický hřbitov;50.16274;14.5244
20260604_160243_L177;20260604_160243;04.06.2026;15:50:00;177;19;6824;12;U543Z1P;Poliklinika Mazurská;50.12586;14.44217
20260604_160243_L197;20260604_160243;04.06.2026;15:51:00;197;7;6916;11;U1336Z1P;Smíchovské nádraží;50.01642;14.45046
20260604_160243_L130;20260604_160243;04.06.2026;15:53:00;130;9;3819;10;U281Z7P;Zličín;50.05258;14.30972
20260604_160243_L333;20260604_160243;04.06.2026;15:48:00;333;14;7455;13;U1522Z1;Zvole,Nová Zvole;49.98384;14.49051
20260604_160243_L589;20260604_160243;04.06.2026;13:59:00;589;14;7760;120;U4858Z1;Louny,ČSAD;50.35629;13.77939
20260604_160243_L490;20260604_160243;04.06.2026;15:49:00;490;27;1619;12;U2056Z1;Stříbrná Skalice,Náměstí;49.90367;14.82117
20260604_160243_L240;20260604_160243;04.06.2026;15:37:00;240;11;1764;21;U897Z3P;Háje;50.10916;14.57945
20260604_160243_L383;20260604_160243;04.06.2026;15:47:00;383;44;9182;14;U402Z1;Chocerady;50.03739;14.58722
20260604_160243_L386;20260604_160243;04.06.2026;15:51:00;386;33;8792;11;U4439Z1;Kladno,autobusové nádraží;50.07962;14.06108
20260604_160243_L180;20260604_160243;04.06.2026;15:49:00;180;52;6907;12;U444Z1P;Dejvická;50.07788;14.34683
20260604_160243_L154;20260604_160243;04.06.2026;15:53:00;154;6;3026;10;U731Z2P;Strašnická;50.01288;14.51444
20260604_160243_L339;20260604_160243;04.06.2026;15:49:00;339;17;9932;11;U1597Z2;Praha,Budějovická;49.87985;14.62385
20260604_160243_L195;20260604_160243;04.06.2026;15:51:00;195;8;5097;10;U606Z1P;Sídliště Letňany;50.1239;14.51132
20260604_160644_L428;20260604_160644;04.06.2026;15:18:00;428;10;7232;12;U7719Z2;Praha,Smíchovské nádraží;50.00794;14.39479
20260604_160644_L180;20260604_160644;04.06.2026;15:54:00;180;52;6907;13;U44Z2P;Dejvická;50.08538;14.36495
20260604_160644_L113;20260604_160644;04.06.2026;15:53:00;113;1;3912;13;U893Z4P;Kačerov;50.02692;14.45145
20260604_160644_L195;20260604_160644;04.06.2026;15:56:00;195;8;5097;11;U1Z1P;Sídliště Letňany;50.13222;14.51369
20260604_160644_L381;20260604_160644;04.06.2026;15:55:00;381;3;1678;11;U967Z2;Praha,Háje;50.03434;14.56371
20260604_160644_L561;20260604_160644;04.06.2026;15:55:00;561;59;8365;10;U6855Z1;Petrovice;50.09544;13.63064
20260604_160644_L201;20260604_160644;04.06.2026;15:55:00;201;3;3989;11;U1276Z2P;Černý Most;50.12614;14.56562
20260604_160644_L177;20260604_160644;04.06.2026;15:52:00;177;53;6927;13;U134Z5P;Poliklinika Mazurská;50.10594;14.50268
20260604_160644_L136;20260604_160644;04.06.2026;15:54:00;136;58;6947;12;U512Z5P;Jižní Město;50.09014;14.46643
20260604_160644_L174;20260604_160644;04.06.2026;15:56:00;174;14;3941;10;U306Z1P;Vypich;50.07487;14.34075
20260604_160644_L771;20260604_160644;04.06.2026;15:56:00;771;98;7607;10;U9423Z2;Soběšín;49.86059;15.00582
20260604_160644_L624;20260604_160644;04.06.2026;15:56:00;624;32;8896;10;U6147Z2;Družec,náves;50.11887;14.04789
20260604_160644_L177;20260604_160644;04.06.2026;15:25:00;177;5;5022;39;U544Z2P;Chodov;50.12721;14.43576
20260604_160644_L180;20260604_160644;04.06.2026;15:55:00;180;4;6864;11;U306Z1P;Dejvická;50.07505;14.34122
20260604_160644_L177;20260604_160644;04.06.2026;15:57:00;177;56;5065;10;U673Z3P;Chodov;50.06509;14.50549
20260604_160644_L345;20260604_160644;04.06.2026;15:52:00;345;39;10643;14;U3389Z2;Praha,Černý Most;50.41272;14.91011
20260604_160644_L821;20260604_160644;04.06.2026;15:53:00;821;52;1604;12;U4998Z1;Kolín,nádraží;50.02365;15.20057
20260604_160644_L177;20260604_160644;04.06.2026;15:53:00;177;11;5557;14;U603Z3P;Poliklinika Mazurská;50.11899;14.49854
20260604_160644_L394;20260604_160644;04.06.2026;15:55:00;394;25;9869;11;U1747Z1;Zdice,nám.;49.95255;14.04815
20260604_160644_L346;20260604_160644;04.06.2026;15:54:00;346;7;8299;12;U1825Z2;Praha,Černý Most;50.178;14.67107
20260604_160644_L177;20260604_160644;04.06.2026;15:55:00;177;19;6824;12;U511Z1P;Poliklinika Mazurská;50.13085;14.42567
20260604_160644_L126;20260604_160644;04.06.2026;15:53:00;126;4;4023;12;U3053Z2P;Nádraží Uhříněves;50.03098;14.59763
20260604_160644_L167;20260604_160644;04.06.2026;15:52:00;167;51;6896;14;U1100Z1P;Nemocnice Na Homolce;50.07544;14.34778
20260604_160644_L136;20260604_160644;04.06.2026;15:53:00;136;9;6732;13;U916Z1P;Jižní Město;50.02517;14.51476
20260604_160644_L805;20260604_160644;04.06.2026;15:55:00;805;18;7636;11;U7343Z1;Kolín,nádraží;49.96169;15.27589
20260604_160644_L466;20260604_160644;04.06.2026;15:56:00;466;30;8010;10;U2286Z2;Spomyšl;50.24182;14.31042
20260604_160644_L332;20260604_160644;04.06.2026;15:55:00;332;25;9361;10;U423Z1;Jílové u Prahy,Náměstí;50.00273;14.48206
20260604_160644_L301;20260604_160644;04.06.2026;15:55:00;301;1;4171;12;U1199Z1;Chýnice;49.99627;14.26339
20260604_160644_L352;20260604_160644;04.06.2026;15:52:00;352;7;4172;15;U1211Z2;Praha,Luka;50.03917;14.32873
20260604_160644_L195;20260604_160644;04.06.2026;15:55:00;195;11;6825;11;U2781Z2P;Jesenická;50.062;14.50413
20260604_160644_L311;20260604_160644;04.06.2026;15:52:00;311;78;9771;12;U9217Z1;Řevnice,nádraží;49.92582;14.26683
20260604_160644_L311;20260604_160644;04.06.2026;15:54:00;311;74;9597;12;U1661Z2;Praha,Zličín;49.97053;14.16866
20260604_160644_L316;20260604_160644;04.06.2026;15:53:00;316;5;8978;11;U199Z3;Praha,Bořislavka;50.1006;14.36263
20260604_160644_L316;20260604_160644;04.06.2026;15:56:00;316;1;8980;10;U1137Z2;Praha,Bořislavka;50.13348;14.33635
20260604_160644_L181;20260604_160644;04.06.2026;15:56:00;181;6;6973;10;U538Z2P;Opatov;50.0855;14.53768
20260604_160644_L191;20260604_160644;04.06.2026;15:57:00;191;12;3707;10;U699Z1P;Letiště / Airport ✈;50.07796;14.38772
20260604_160644_L783;20260604_160644;04.06.2026;15:36:00;783;7;7632;30;U31477Z1;Chvaletice,u městského úřadu;50.02163;15.43081
20260604_160644_L539;20260604_160644;04.06.2026;15:45:00;539;17;7659;19;U2578Z1;Poděbrady,žel.st.;50.14823;15.12511
20260604_160644_L490;20260604_160644;04.06.2026;15:55:00;490;30;1626;10;U2063Z1;Ondřejov,Náměstí;49.92154;14.73712
20260604_160644_L765;20260604_160644;04.06.2026;15:53:00;765;20;1629;13;U1812Z2;Sibřina;50.03196;14.66843
20260604_160644_L117;20260604_160644;04.06.2026;15:55:00;117;8;1939;11;U893Z1P;Nové Komořany;50.02823;14.45151
20260604_160644_L226;20260604_160644;04.06.2026;15:54:00;226;9;1589;12;U461Z2P;Benice;50.03292;14.594
20260604_160644_L228;20260604_160644;04.06.2026;15:55:00;228;14;9012;11;U461Z2P;Poliklinika Malešice;50.03356;14.59255
20260604_160644_L616;20260604_160644;04.06.2026;15:53:00;616;3;8974;13;U4786Z1;Slaný,aut.nádr.;50.23095;14.08311
20260604_160644_L528;20260604_160644;04.06.2026;15:53:00;528;13;9546;14;U9079Z1;Broumy,radnice;49.95174;13.8552
20260604_160644_L624;20260604_160644;04.06.2026;15:56:00;624;15;8806;10;U5100Z1;Kladno,gymnasium;50.14794;14.15259
20260604_160644_L548;20260604_160644;04.06.2026;15:53:00;548;12;9511;11;U9618Z6;Hořovice,nemocnice;49.83316;13.90371
20260604_160644_L487;20260604_160644;04.06.2026;15:55:00;487;60;1635;11;U9933Z1;Kolín,nádraží;49.81452;15.02862
20260604_160644_L640;20260604_160644;04.06.2026;15:55:00;640;28;9585;10;U9813Z2;Jince,Sokolovna;49.82737;14.03917
20260604_160644_L400;20260604_160644;04.06.2026;15:29:00;400;6;11628;29;U31359Z2;Praha,Střížkov;50.70237;14.54291
20260604_160644_L425;20260604_160644;04.06.2026;15:10:00;425;49;1649;24;U897Z6;Trutnov,aut.st.;50.12057;15.0991
20260604_160644_L406;20260604_160644;04.06.2026;15:52:00;406;15;7938;14;U6043Z2;Vlašim,žel.st.;49.70021;14.90486
20260604_160644_L375;20260604_160644;04.06.2026;15:53:00;375;7;8298;13;U1827Z1;Brandýs n.L.-St.Bol.,Žel.st.;50.18564;14.66021
20260604_160644_L758;20260604_160644;04.06.2026;15:33:00;758;7;7899;30;U7862Z2;Postupice,škola;49.72804;14.77708
20260604_160644_L174;20260604_160644;04.06.2026;15:50:00;174;2;4116;14;U444Z1P;Vypich;50.07874;14.34451
20260604_160644_L394;20260604_160644;04.06.2026;15:56:00;394;24;9904;10;U4273Z1;Praha,Nové Butovice;49.96839;14.08092
20260604_160644_L112;20260604_160644;04.06.2026;15:52:00;112;22;5084;14;U66Z2P;Nádraží Holešovice;50.11746;14.42647
20260604_160644_L304;20260604_160644;04.06.2026;15:52:00;304;45;8408;12;U9316Z1;Praha,Zličín;50.14012;13.92787
20260604_160644_L154;20260604_160644;04.06.2026;15:57:00;154;6;3026;10;U106Z6P;Strašnická;50.02736;14.50838
20260604_160644_L149;20260604_160644;04.06.2026;15:56:00;149;6;3708;11;U362Z12P;Dejvická;50.08544;14.38057
20260604_160644_L201;20260604_160644;04.06.2026;15:53:00;201;7;3974;14;U54Z4P;Nádraží Holešovice;50.11764;14.46899
20260604_160644_L197;20260604_160644;04.06.2026;15:55:00;197;7;6916;12;U658Z6P;Smíchovské nádraží;50.01785;14.43526
20260604_160644_L136;20260604_160644;04.06.2026;15:52:00;136;10;6789;15;U751Z2P;Jižní Město;50.05255;14.47514
20260604_160644_L120;20260604_160644;04.06.2026;15:56:00;120;6;4085;10;U146Z1P;Pod Lochkovem;50.04146;14.39419
20260604_160644_L706;20260604_160644;04.06.2026;15:53:00;706;62;1613;13;U4997Z2;Uhlířské Janovice,nám.;50.0219;15.19847
20260604_160644_L372;20260604_160644;04.06.2026;15:52:00;372;12;8068;14;U2228Z1;Kralupy n.Vlt.,žel.st.;50.26854;14.33077
20260604_160644_L384;20260604_160644;04.06.2026;15:52:00;384;15;9903;14;U2370Z2;Praha,Zličín;49.99163;14.15935
20260604_160644_L386;20260604_160644;04.06.2026;15:53:00;386;33;8792;11;U4208Z2;Kladno,autobusové nádraží;50.07067;14.0272
20260604_160644_L322;20260604_160644;04.06.2026;15:53:00;322;13;8794;14;U4310Z1;Kladno,autobusové nádraží;50.13623;14.10409
20260604_160644_L334;20260604_160644;04.06.2026;15:53:00;334;41;7819;11;U1330Z1;Psáry;49.95616;14.51776
20260604_160644_L335;20260604_160644;04.06.2026;15:54:00;335;30;9173;12;U1330Z1;Kamenice,Kult.dům;49.96685;14.51609
20260604_160644_L195;20260604_160644;04.06.2026;15:57:00;195;6;5090;10;U603Z1P;Sídliště Letňany;50.1187;14.49971
20260604_160644_L307;20260604_160644;04.06.2026;15:55:00;307;10;8991;11;U1681Z2;Praha,Zličín;50.06274;14.16525
20260604_160644_L726;20260604_160644;04.06.2026;15:49:00;726;37;9608;14;U3389Z1;Mladá Boleslav,aut.st.;50.41883;14.91727
20260604_160644_L765;20260604_160644;04.06.2026;15:55:00;765;35;1898;11;U1892Z2;Jesenice;49.97562;14.6396
20260604_160644_L531;20260604_160644;04.06.2026;15:53:00;531;4;9839;13;U9712Z3;Příbram,Archiv;49.68908;14.01143
20260604_160644_L395;20260604_160644;04.06.2026;15:56:00;395;72;9877;10;U1851Z4;Praha,Smíchovské nádraží;49.78164;14.17101
20260604_160644_L240;20260604_160644;04.06.2026;15:37:00;240;11;1764;27;U897Z3P;Háje;50.10907;14.5795
20260604_160644_L332;20260604_160644;04.06.2026;15:50:00;332;19;9956;14;U1330Z1;Jílové u Prahy,Náměstí;49.96412;14.51972
20260604_160644_L364;20260604_160644;04.06.2026;15:52:00;364;7;4515;14;U1891Z2;Doubek;50.00201;14.66394
20260604_160644_L130;20260604_160644;04.06.2026;15:56:00;130;9;3819;10;U1265Z2P;Zličín;50.05376;14.29664
20260604_160644_L183;20260604_160644;04.06.2026;15:54:00;183;7;6976;12;U474Z4P;Vozovna Kobylisy;50.11062;14.50246
20260604_160644_L195;20260604_160644;04.06.2026;15:56:00;195;16;5105;10;U134Z5P;Sídliště Letňany;50.10383;14.50304
20260604_160644_L136;20260604_160644;04.06.2026;15:53:00;136;19;5019;12;U474Z5P;Sídliště Čakovice;50.11323;14.50228
20260604_160644_L339;20260604_160644;04.06.2026;15:55:00;339;17;9932;10;U1541Z2;Praha,Budějovická;49.89738;14.60633
20260604_161045_L181;20260604_161045;04.06.2026;15:58:00;181;6;6973;12;U747Z1P;Opatov;50.07865;14.53782
20260604_161045_L180;20260604_161045;04.06.2026;15:57:00;180;52;6907;14;U182Z2P;Dejvická;50.08756;14.38087
20260604_161045_L154;20260604_161045;04.06.2026;16:00:00;154;6;3026;11;U604Z1P;Strašnická;50.03223;14.51758
20260604_161045_L177;20260604_161045;04.06.2026;16:01:00;177;52;6890;10;U345Z1P;Poliklinika Mazurská;50.13261;14.42832
20260604_161045_L204;20260604_161045;04.06.2026;15:58:00;204;70;9033;11;U1163Z1P;Stavební zóna Horní Počernice;50.09276;14.58846
20260604_161045_L228;20260604_161045;04.06.2026;15:58:00;228;14;9012;11;U9691Z2P;Poliklinika Malešice;50.0478;14.58367
20260604_161045_L316;20260604_161045;04.06.2026;15:57:00;316;1;8980;10;U1136Z2;Praha,Bořislavka;50.11801;14.35972
20260604_161045_L154;20260604_161045;04.06.2026;15:59:00;154;10;3846;11;U335Z1P;Sídliště Libuš;50.00707;14.46335
20260604_161045_L195;20260604_161045;04.06.2026;15:59:00;195;1;6961;11;U2703Z1P;Jesenická;50.08875;14.51389
20260604_161045_L322;20260604_161045;04.06.2026;15:53:00;322;13;8794;16;U4310Z1;Kladno,autobusové nádraží;50.14058;14.09934
20260604_161045_L333;20260604_161045;04.06.2026;15:57:00;333;3;7411;10;U799Z4;Březová-Oleško,Oleško;49.99863;14.48477
20260604_161045_L334;20260604_161045;04.06.2026;15:59:00;334;41;7819;11;U2129Z1;Psáry;49.94043;14.51499
20260604_161045_L335;20260604_161045;04.06.2026;15:54:00;335;30;9173;16;U1330Z1;Kamenice,Kult.dům;49.96518;14.51822
20260604_161045_L346;20260604_161045;04.06.2026;15:54:00;346;7;8299;13;U1825Z2;Praha,Černý Most;50.15407;14.65951
20260604_161045_L133;20260604_161045;04.06.2026;16:00:00;133;9;4064;11;U1064Z1P;Sídliště Malešice;50.08743;14.47696
20260604_161045_L365;20260604_161045;04.06.2026;16:00:00;365;13;8769;10;U444Z1;Unhošť,Nám.;50.07655;14.34871
20260604_161045_L370;20260604_161045;04.06.2026;15:59:00;370;2;8110;10;U2229Z1;Kralupy n.Vlt.,žel.st.;50.17645;14.44684
20260604_161045_L375;20260604_161045;04.06.2026;15:56:00;375;7;8298;14;U1828Z1;Brandýs n.L.-St.Bol.,Žel.st.;50.19536;14.67443
20260604_161045_L375;20260604_161045;04.06.2026;16:00:00;375;3;8257;10;U606Z2;Praha,Českomoravská;50.12216;14.506
20260604_161045_L381;20260604_161045;04.06.2026;15:59:00;381;3;1678;11;U151Z2;Praha,Háje;50.03191;14.53395
20260604_161045_L385;20260604_161045;04.06.2026;15:59:00;385;10;1724;10;U1889Z1;Říčany,Olivovna;49.99104;14.65353
20260604_161045_L425;20260604_161045;04.06.2026;16:00:00;425;42;7590;10;U2588Z2;Praha,Černý Most;50.20477;15.29411
20260604_161045_L425;20260604_161045;04.06.2026;15:10:00;425;49;1649;27;U897Z6;Trutnov,aut.st.;50.1198;15.1068
20260604_161045_L752;20260604_161045;04.06.2026;15:59:00;752;44;7811;11;U1384Z6;Jílové u Prahy,Náměstí;49.77939;14.68366
20260604_161045_L758;20260604_161045;04.06.2026;15:33:00;758;7;7899;34;U7862Z2;Postupice,škola;49.72804;14.77708
20260604_161045_L531;20260604_161045;04.06.2026;15:56:00;531;4;9839;14;U3287Z12;Příbram,Archiv;49.68951;14.00457
20260604_161045_L548;20260604_161045;04.06.2026;15:57:00;548;12;9511;12;U4275Z2;Hořovice,nemocnice;49.83763;13.90807
20260604_161045_L624;20260604_161045;04.06.2026;15:57:00;624;32;8896;11;U4109Z2;Družec,náves;50.10429;14.04516
20260604_161045_L487;20260604_161045;04.06.2026;16:00:00;487;60;1635;10;U9947Z1;Kolín,nádraží;49.83546;15.02851
20260604_161045_L783;20260604_161045;04.06.2026;15:36:00;783;7;7632;34;U31477Z1;Chvaletice,u městského úřadu;50.02163;15.43081
20260604_161045_L805;20260604_161045;04.06.2026;15:58:00;805;18;7636;12;U5934Z2;Kolín,nádraží;49.96581;15.28226
20260604_161045_L467;20260604_161045;04.06.2026;16:00:00;467;15;8116;10;U4717Z4;Roudnice n.L.,ČSAD;50.42412;14.26053
20260604_161045_L539;20260604_161045;04.06.2026;15:45:00;539;17;7659;23;U2578Z1;Poděbrady,žel.st.;50.14823;15.12511
20260604_161045_L386;20260604_161045;04.06.2026;15:59:00;386;33;8792;11;U4211Z1;Kladno,autobusové nádraží;50.07029;14.02077
20260604_161045_L394;20260604_161045;04.06.2026;15:56:00;394;24;9904;11;U4273Z1;Praha,Nové Butovice;49.97931;14.12163
20260604_161045_L370;20260604_161045;04.06.2026;16:00:00;370;21;1248;10;U4231Z1;Praha,Kobylisy;50.2454;14.31767
20260604_161045_L428;20260604_161045;04.06.2026;15:18:00;428;10;7232;13;U7719Z2;Praha,Smíchovské nádraží;50.0463;14.40974
20260604_161045_L195;20260604_161045;04.06.2026;15:58:00;195;11;6825;12;U890Z1P;Jesenická;50.05637;14.50603
20260604_161045_L640;20260604_161045;04.06.2026;15:57:00;640;28;9585;13;U9812Z2;Jince,Sokolovna;49.82591;14.04438
20260604_161045_L226;20260604_161045;04.06.2026;15:57:00;226;9;1589;12;U336Z1P;Benice;50.02963;14.60174
20260604_161045_L183;20260604_161045;04.06.2026;15:59:00;183;6;6763;11;U747Z1P;Háje;50.07751;14.53778
20260604_161045_L191;20260604_161045;04.06.2026;16:01:00;191;12;3707;10;U626Z1P;Letiště / Airport ✈;50.08008;14.36794
20260604_161045_L201;20260604_161045;04.06.2026;15:56:00;201;5;3879;13;U54Z3P;Černý Most;50.11627;14.46781
20260604_161045_L113;20260604_161045;04.06.2026;15:59:00;113;5;3915;11;U369Z2P;Kačerov;50.00424;14.46471
20260604_161045_L168;20260604_161045;04.06.2026;16:00:00;168;4;2052;11;U541Z6P;Bílá Hora;50.08647;14.33927
20260604_161045_L345;20260604_161045;04.06.2026;15:52:00;345;39;10643;15;U3389Z2;Praha,Černý Most;50.41073;14.92334
20260604_161045_L126;20260604_161045;04.06.2026;16:00:00;126;12;3847;10;U220Z2P;Nádraží Uhříněves;50.02913;14.5943
20260604_161045_L174;20260604_161045;04.06.2026;15:56:00;174;7;4172;14;U1007Z71P;Vypich;50.04548;14.321
20260604_161045_L149;20260604_161045;04.06.2026;16:01:00;149;8;3804;10;U602Z4P;Stodůlky-Bavorská;50.05109;14.35171
20260604_161045_L311;20260604_161045;04.06.2026;15:56:00;311;78;9771;14;U1852Z51;Řevnice,nádraží;49.92717;14.27569
20260604_161045_L679;20260604_161045;04.06.2026;15:59:00;679;55;1648;11;U4998Z2;Kolín,nádraží;50.02409;15.2
20260604_161045_L167;20260604_161045;04.06.2026;16:01:00;167;51;6896;10;U1100Z2P;Na Knížecí;50.07557;14.34658
20260604_161045_L197;20260604_161045;04.06.2026;15:59:00;197;7;6916;11;U662Z2P;Smíchovské nádraží;50.02499;14.43511
20260604_161045_L180;20260604_161045;04.06.2026;15:56:00;180;4;6864;13;U444Z1P;Dejvická;50.07588;14.3453
20260604_161045_L395;20260604_161045;04.06.2026;15:59:00;395;72;9877;11;U2860Z2;Praha,Smíchovské nádraží;49.79004;14.17795
20260604_161045_L765;20260604_161045;04.06.2026;15:57:00;765;20;1629;13;U1254Z2;Sibřina;50.04139;14.68457
20260604_161045_L382;20260604_161045;04.06.2026;15:57:00;382;7;9931;12;U402Z1;Sázava,aut.st.;50.03735;14.58434
20260604_161045_L332;20260604_161045;04.06.2026;15:50:00;332;19;9956;17;U1330Z1;Jílové u Prahy,Náměstí;49.95221;14.51803
20260604_161045_L352;20260604_161045;04.06.2026;15:59:00;352;4;4119;10;U3051Z1;Jinočany,náměstí;50.02581;14.29817
20260604_161045_L244;20260604_161045;04.06.2026;15:59:00;244;1;3675;10;U456Z3P;Sídliště Radotín;49.9831;14.35889
20260604_161045_L234;20260604_161045;04.06.2026;15:57:00;234;1;3982;12;U66Z2P;Nádraží Holešovice;50.11743;14.4267
20260604_161045_L113;20260604_161045;04.06.2026;15:59:00;113;52;4081;10;U335Z1P;Písnice;50.0063;14.46358
20260604_161045_L177;20260604_161045;04.06.2026;16:00:00;177;12;6989;10;U134Z5P;Poliklinika Mazurská;50.10373;14.50308
20260604_161045_L765;20260604_161045;04.06.2026;15:58:00;765;35;1898;12;U1877Z2;Jesenice;49.96273;14.63233
20260604_161045_L120;20260604_161045;04.06.2026;15:56:00;120;6;4085;14;U146Z1P;Pod Lochkovem;50.041;14.39382
20260604_161045_L227;20260604_161045;04.06.2026;15:56:00;227;10;1591;10;U455Z1P;Nedvězí;50.00561;14.65568
20260604_161045_L117;20260604_161045;04.06.2026;15:56:00;117;8;1939;13;U722Z2P;Nové Komořany;50.02329;14.44042
20260604_161045_L177;20260604_161045;04.06.2026;15:52:00;177;53;6927;16;U134Z5P;Poliklinika Mazurská;50.10832;14.50193
20260604_161045_L304;20260604_161045;04.06.2026;15:57:00;304;45;8408;13;U9291Z6;Praha,Zličín;50.13887;13.96736
20260604_161045_L195;20260604_161045;04.06.2026;15:59:00;195;8;5097;11;U899Z3P;Sídliště Letňany;50.14168;14.51662
20260604_161045_L177;20260604_161045;04.06.2026;16:01:00;177;56;5065;10;U670Z3P;Chodov;50.05682;14.51311
20260604_161045_L136;20260604_161045;04.06.2026;15:56:00;136;10;6789;15;U417Z1P;Jižní Město;50.04358;14.48722
20260604_161045_L149;20260604_161045;04.06.2026;15:59:00;149;6;3708;11;U182Z2P;Dejvická;50.08783;14.3819
20260604_161045_L176;20260604_161045;04.06.2026;16:01:00;176;6;3808;10;U168Z1P;Stadion Strahov;50.07502;14.39104
20260604_161045_L136;20260604_161045;04.06.2026;15:56:00;136;9;6732;14;U286Z5P;Jižní Město;50.03071;14.52992
20260604_161045_L240;20260604_161045;04.06.2026;15:37:00;240;11;1764;29;U897Z3P;Háje;50.10907;14.5795
20260604_161045_L364;20260604_161045;04.06.2026;15:58:00;364;7;4515;12;U1814Z1;Doubek;50.01354;14.68941
20260604_161045_L182;20260604_161045;04.06.2026;15:59:00;182;7;3811;10;U134Z5P;Kbelský hřbitov;50.10653;14.50253
20260604_161045_L332;20260604_161045;04.06.2026;15:55:00;332;25;9361;13;U423Z1;Jílové u Prahy,Náměstí;49.99892;14.48471
20260604_161045_L354;20260604_161045;04.06.2026;15:59:00;354;14;8146;10;U897Z11;Praha,Černý Most;50.10855;14.57339
20260604_161045_L136;20260604_161045;04.06.2026;15:57:00;136;24;6887;11;U1074Z4P;Jižní Město;50.09238;14.47035
20260604_161045_L183;20260604_161045;04.06.2026;15:59:00;183;7;6976;11;U603Z3P;Vozovna Kobylisy;50.11957;14.49777
20260604_161045_L394;20260604_161045;04.06.2026;15:59:00;394;25;9869;11;U4972Z2;Zdice,nám.;49.946;14.03408
20260604_161045_L796;20260604_161045;04.06.2026;16:00:00;796;6;7825;10;U7881Z1;Pyšely,Nám.;49.85285;14.7416
20260604_161045_L195;20260604_161045;04.06.2026;15:56:00;195;16;5105;13;U134Z5P;Sídliště Letňany;50.10753;14.50217
20260604_161045_L311;20260604_161045;04.06.2026;15:58:00;311;74;9597;10;U1660Z2;Praha,Zličín;49.98305;14.19328
20260604_161045_L136;20260604_161045;04.06.2026;15:56:00;136;28;5043;12;U134Z5P;Sídliště Čakovice;50.10802;14.50199
20260604_161045_L201;20260604_161045;04.06.2026;16:00:00;201;3;3989;10;U51Z2P;Černý Most;50.12365;14.56686
20260604_161045_L136;20260604_161045;04.06.2026;16:00:00;136;19;5019;10;U606Z1P;Sídliště Čakovice;50.12267;14.5072
20260604_161045_L136;20260604_161045;04.06.2026;15:57:00;136;58;6947;12;U743Z2P;Jižní Město;50.08281;14.45883
20260604_161045_L307;20260604_161045;04.06.2026;15:59:00;307;10;8991;11;U1678Z2;Praha,Zličín;50.05132;14.17724
20260604_161445_L177;20260604_161445;04.06.2026;16:04:00;177;52;6890;11;U371Z1P;Poliklinika Mazurská;50.12845;14.41701
20260604_161445_L136;20260604_161445;04.06.2026;16:00:00;136;10;6789;15;U424Z1P;Jižní Město;50.03347;14.49931
20260604_161445_L425;20260604_161445;04.06.2026;15:10:00;425;49;1649;30;U897Z6;Trutnov,aut.st.;50.11754;15.13121
20260604_161445_L805;20260604_161445;04.06.2026;16:01:00;805;18;7636;12;U6688Z2;Kolín,nádraží;49.98036;15.27443
20260604_161445_L226;20260604_161445;04.06.2026;16:01:00;226;9;1589;12;U828Z1P;Benice;50.02057;14.61392
20260604_161445_L204;20260604_161445;04.06.2026;16:03:00;204;70;9033;11;U6004Z1P;Stavební zóna Horní Počernice;50.10274;14.61165
20260604_161445_L227;20260604_161445;04.06.2026;15:56:00;227;10;1591;13;U455Z1P;Nedvězí;50.00189;14.66378
20260604_161445_L228;20260604_161445;04.06.2026;16:03:00;228;14;9012;11;U1115Z1P;Poliklinika Malešice;50.06215;14.59009
20260604_161445_L240;20260604_161445;04.06.2026;15:37:00;240;11;1764;35;U897Z3P;Háje;50.10907;14.5795
20260604_161445_L209;20260604_161445;04.06.2026;16:04:00;209;44;9118;10;U542Z2P;Nádraží Uhříněves;50.03491;14.59412
20260604_161445_L117;20260604_161445;04.06.2026;16:02:00;117;8;1939;12;U60Z2P;Nové Komořany;50.01653;14.44318
20260604_161445_L398;20260604_161445;04.06.2026;16:04:00;398;22;8256;10;U2578Z2;Praha,Černý Most;50.14244;15.11847
20260604_161445_L394;20260604_161445;04.06.2026;16:02:00;394;25;9869;12;U4979Z2;Zdice,nám.;49.93817;14.01965
20260604_161445_L395;20260604_161445;04.06.2026;16:01:00;395;72;9877;13;U1843Z2;Praha,Smíchovské nádraží;49.79703;14.19326
20260604_161445_L796;20260604_161445;04.06.2026;16:04:00;796;6;7825;10;U7430Z1;Pyšely,Nám.;49.84787;14.70856
20260604_161445_L711;20260604_161445;04.06.2026;16:00:00;711;4;12940;10;U3366Z2;Louny,Aut.nádr.;50.24471;13.76263
20260604_161445_L168;20260604_161445;04.06.2026;16:04:00;168;4;2052;11;U1198Z1P;Bílá Hora;50.08861;14.32743
20260604_161445_L375;20260604_161445;04.06.2026;16:02:00;375;3;8257;12;U603Z2;Praha,Českomoravská;50.11863;14.49937
20260604_161445_L370;20260604_161445;04.06.2026;16:03:00;370;2;8110;11;U2218Z1;Kralupy n.Vlt.,žel.st.;50.20161;14.43457
20260604_161445_L385;20260604_161445;04.06.2026;16:01:00;385;10;1724;13;U1881Z1;Říčany,Olivovna;49.99162;14.65565
20260604_161445_L386;20260604_161445;04.06.2026;16:02:00;386;33;8792;12;U4198Z1;Kladno,autobusové nádraží;50.08748;14.03481
20260604_161445_L365;20260604_161445;04.06.2026;16:03:00;365;8;8874;11;U4894Z2;Stochov,nám.;50.08683;14.12473
20260604_161445_L365;20260604_161445;04.06.2026;16:03:00;365;13;8769;11;U364Z3;Unhošť,Nám.;50.07633;14.33332
20260604_161445_L311;20260604_161445;04.06.2026;16:04:00;311;74;9597;10;U1657Z2;Praha,Zličín;49.99519;14.20575
20260604_161445_L167;20260604_161445;04.06.2026;16:03:00;167;51;6896;10;U306Z2P;Na Knížecí;50.06946;14.33511
20260604_161445_L333;20260604_161445;04.06.2026;16:03:00;333;3;7411;11;U1522Z1;Březová-Oleško,Oleško;49.98499;14.49442
20260604_161445_L335;20260604_161445;04.06.2026;15:54:00;335;30;9173;19;U1330Z1;Kamenice,Kult.dům;49.96331;14.52052
20260604_161445_L324;20260604_161445;04.06.2026;16:03:00;324;20;8972;10;U4304Z1;Slaný,Rabasova;50.14696;14.15649
20260604_161445_L783;20260604_161445;04.06.2026;15:36:00;783;7;7632;38;U31477Z1;Chvaletice,u městského úřadu;50.02163;15.43081
20260604_161445_L631;20260604_161445;04.06.2026;16:04:00;631;46;9806;10;U1747Z1;Všeradice,žel.zast.;49.95411;14.05151
20260604_161445_L487;20260604_161445;04.06.2026;16:03:00;487;60;1635;10;U9422Z1;Kolín,nádraží;49.86266;15.05447
20260604_161445_L706;20260604_161445;04.06.2026;16:01:00;706;62;1613;12;U9982Z2;Uhlířské Janovice,nám.;49.99167;15.15941
20260604_161445_L136;20260604_161445;04.06.2026;16:02:00;136;1;6759;10;U134Z5P;Sídliště Čakovice;50.10918;14.5019
20260604_161445_L182;20260604_161445;04.06.2026;16:04:00;182;2;3988;10;U538Z2P;Opatov;50.08268;14.538
20260604_161445_L191;20260604_161445;04.06.2026;16:05:00;191;3;3946;10;U85Z2P;Dědina;50.09265;14.32367
20260604_161445_L133;20260604_161445;04.06.2026;16:02:00;133;9;4064;11;U767Z1P;Sídliště Malešice;50.08086;14.48742
20260604_161445_L316;20260604_161445;04.06.2026;16:01:00;316;1;8980;12;U1214Z2;Praha,Bořislavka;50.10915;14.35363
20260604_161445_L333;20260604_161445;04.06.2026;16:04:00;333;14;7455;10;U1504Z2;Zvole,Nová Zvole;49.95544;14.43187
20260604_161445_L364;20260604_161445;04.06.2026;16:01:00;364;7;4515;13;U1816Z3;Doubek;50.01531;14.6974
20260604_161445_L177;20260604_161445;04.06.2026;16:03:00;177;56;5065;10;U596Z4P;Chodov;50.05161;14.52313
20260604_161445_L124;20260604_161445;04.06.2026;16:04:00;124;14;5067;10;U813Z2P;Želivského;50.06556;14.45238
20260604_161445_L195;20260604_161445;04.06.2026;16:02:00;195;1;6961;13;U660Z4P;Jesenická;50.08331;14.5095
20260604_161445_L120;20260604_161445;04.06.2026;16:01:00;120;6;4085;14;U1050Z1P;Pod Lochkovem;50.03506;14.37841
20260604_161445_L180;20260604_161445;04.06.2026;16:01:00;180;4;6864;13;U44Z2P;Dejvická;50.08541;14.36499
20260604_161445_L300;20260604_161445;04.06.2026;16:02:00;300;7;8859;11;U4310Z1;Libušín,náměstí;50.14027;14.09965
20260604_161445_L307;20260604_161445;04.06.2026;16:01:00;307;10;8991;13;U1677Z2;Praha,Zličín;50.04406;14.18547
20260604_161445_L375;20260604_161445;04.06.2026;16:00:00;375;7;8298;14;U3001Z2;Brandýs n.L.-St.Bol.,Žel.st.;50.20494;14.69082
20260604_161445_L332;20260604_161445;04.06.2026;16:02:00;332;20;9934;11;U2109Z2;Praha,Budějovická;49.89502;14.49351
20260604_161445_L758;20260604_161445;04.06.2026;15:33:00;758;7;7899;41;U7862Z2;Postupice,škola;49.71959;14.77667
20260604_161445_L197;20260604_161445;04.06.2026;16:03:00;197;7;6916;11;U839Z2P;Smíchovské nádraží;50.03157;14.42214
20260604_161445_L136;20260604_161445;04.06.2026;16:01:00;136;58;6947;13;U118Z4P;Jižní Město;50.0781;14.46087
20260604_161445_L110;20260604_161445;04.06.2026;16:04:00;110;6;8136;10;U193Z1P;Dolní Počernice;50.08753;14.5582
20260604_161445_L752;20260604_161445;04.06.2026;15:59:00;752;44;7811;14;U1384Z6;Jílové u Prahy,Náměstí;49.77933;14.68366
20260604_161445_L177;20260604_161445;04.06.2026;16:02:00;177;21;6831;11;U2703Z1P;Chodov;50.08565;14.51205
20260604_161445_L181;20260604_161445;04.06.2026;16:02:00;181;6;6973;12;U975Z1P;Opatov;50.06532;14.53646
20260604_161445_L487;20260604_161445;04.06.2026;16:02:00;487;71;1640;10;U5896Z2;Kolín,nádraží;50.02422;15.21354
20260604_161445_L352;20260604_161445;04.06.2026;16:03:00;352;4;4119;11;U1186Z2;Jinočany,náměstí;50.02316;14.28638
20260604_161445_L177;20260604_161445;04.06.2026;16:00:00;177;12;6989;13;U134Z5P;Poliklinika Mazurská;50.10592;14.5027
20260604_161445_L765;20260604_161445;04.06.2026;16:02:00;765;35;1898;11;U1865Z2;Jesenice;49.97294;14.60878
20260604_161445_L112;20260604_161445;04.06.2026;16:02:00;112;21;5086;11;U66Z2P;Nádraží Holešovice;50.11746;14.4265
20260604_161445_L113;20260604_161445;04.06.2026;16:03:00;113;5;3915;12;U804Z2P;Kačerov;50.0101;14.46078
20260604_161445_L113;20260604_161445;04.06.2026;16:01:00;113;52;4081;14;U783Z1P;Písnice;50.00468;14.46434
20260604_161445_L126;20260604_161445;04.06.2026;16:01:00;126;12;3847;12;U3053Z2P;Nádraží Uhříněves;50.0304;14.59657
20260604_161445_L182;20260604_161445;04.06.2026;16:02:00;182;7;3811;12;U474Z5P;Kbelský hřbitov;50.11029;14.5023
20260604_161445_L167;20260604_161445;04.06.2026;16:00:00;167;3;5127;11;U254Z6P;Na Knížecí;50.07145;14.3931
20260604_161445_L149;20260604_161445;04.06.2026;16:01:00;149;6;3708;11;U867Z1P;Dejvická;50.09926;14.39564
20260604_161445_L136;20260604_161445;04.06.2026;15:57:00;136;24;6887;15;U1074Z4P;Jižní Město;50.09082;14.46812
20260604_161445_L149;20260604_161445;04.06.2026;16:04:00;149;8;3804;10;U1130Z1P;Stodůlky-Bavorská;50.05409;14.33909
20260604_161445_L311;20260604_161445;04.06.2026;15:56:00;311;78;9771;17;U1852Z51;Řevnice,nádraží;49.92691;14.26957
20260604_161445_L154;20260604_161445;04.06.2026;16:03:00;154;6;3026;11;U286Z5P;Strašnická;50.03059;14.52878
20260604_161445_L201;20260604_161445;04.06.2026;16:04:00;201;3;3989;10;U173Z2P;Černý Most;50.10883;14.55666
20260604_161445_L201;20260604_161445;04.06.2026;16:01:00;201;5;3879;13;U990Z1P;Černý Most;50.12215;14.48399
20260604_161445_L136;20260604_161445;04.06.2026;16:04:00;136;19;5019;10;U405Z1P;Sídliště Čakovice;50.12869;14.51159
20260604_161445_L183;20260604_161445;04.06.2026;16:02:00;183;7;6976;12;U467Z2P;Vozovna Kobylisy;50.12924;14.48231
20260604_161445_L183;20260604_161445;04.06.2026;16:03:00;183;6;6763;11;U975Z1P;Háje;50.06534;14.53648
20260604_161846_L706;20260604_161846;04.06.2026;16:08:00;706;62;1613;10;U9416Z2;Uhlířské Janovice,nám.;49.96815;15.12189
20260604_161846_L783;20260604_161846;04.06.2026;15:36:00;783;7;7632;41;U31477Z1;Chvaletice,u městského úřadu;50.02428;15.42707
20260604_161846_L805;20260604_161846;04.06.2026;16:01:00;805;18;7636;13;U6688Z2;Kolín,nádraží;49.9975;15.24493
20260604_161846_L669;20260604_161846;04.06.2026;16:08:00;669;24;8120;10;U2363Z1;Sudovo Hlavno;50.20688;14.66323
20260604_161846_L445;20260604_161846;04.06.2026;16:05:00;445;15;7414;13;U4266Z1;Vrané n.Vlt.,Žel.st.;49.91875;14.40229
20260604_161846_L480;20260604_161846;04.06.2026;16:07:00;480;29;7221;11;U7026Z2;Příbram,aut.nádr.;49.60156;14.14025
20260604_161846_L388;20260604_161846;04.06.2026;16:08:00;388;11;7764;10;U4780Z1;Slaný,Arbesova;50.22524;14.06557
20260604_161846_L167;20260604_161846;04.06.2026;16:05:00;167;3;5127;13;U1040Z14P;Na Knížecí;50.07177;14.40268
20260604_161846_L386;20260604_161846;04.06.2026;16:06:00;386;33;8792;12;U4110Z1;Kladno,autobusové nádraží;50.1026;14.047
20260604_161846_L400;20260604_161846;04.06.2026;16:05:00;400;53;1082;12;U6078Z1;Varnsdorf,aut.nádr.;50.50097;14.48647
20260604_161846_L406;20260604_161846;04.06.2026;16:06:00;406;40;7890;10;U2139Z1;Praha,Roztyly;49.80797;14.68094
20260604_161846_L401;20260604_161846;04.06.2026;16:07:00;401;60;7900;11;U32452Z2;Jindřichův Hradec,aut.nádr.;49.18573;14.70752
20260604_161846_L401;20260604_161846;04.06.2026;16:06:00;401;64;7873;10;U6487Z2;Praha,Roztyly;49.62338;14.6535
20260604_161846_L631;20260604_161846;04.06.2026;16:07:00;631;46;9806;11;U1748Z1;Všeradice,žel.zast.;49.94862;14.03841
20260604_161846_L356;20260604_161846;04.06.2026;16:08:00;356;31;8824;10;U1201Z2;Praha,Bořislavka;50.14637;14.3311
20260604_161846_L365;20260604_161846;04.06.2026;16:05:00;365;8;8874;12;U4893Z2;Stochov,nám.;50.09601;14.10221
20260604_161846_L365;20260604_161846;04.06.2026;16:07:00;365;13;8769;11;U558Z1;Unhošť,Nám.;50.07637;14.31088
20260604_161846_L375;20260604_161846;04.06.2026;16:02:00;375;3;8257;13;U603Z2;Praha,Českomoravská;50.1128;14.50248
20260604_161846_L381;20260604_161846;04.06.2026;16:05:00;381;20;9937;10;U967Z1;Čáslav,obchodní centrum;50.03711;14.58339
20260604_161846_L339;20260604_161846;04.06.2026;16:05:00;339;18;9939;13;U4861Z1;Týnec n.Sáz.,žel.st.;49.99413;14.48809
20260604_161846_L339;20260604_161846;04.06.2026;16:08:00;339;17;9932;10;U1560Z11;Praha,Budějovická;49.91559;14.60188
20260604_161846_L324;20260604_161846;04.06.2026;16:07:00;324;20;8972;11;U4315Z1;Slaný,Rabasova;50.13178;14.13797
20260604_161846_L332;20260604_161846;04.06.2026;16:05:00;332;20;9934;13;U2107Z2;Praha,Budějovická;49.90809;14.4926
20260604_161846_L324;20260604_161846;04.06.2026;16:06:00;324;22;8998;12;U218Z2;Praha,Zličín;50.09209;14.29574
20260604_161846_L333;20260604_161846;04.06.2026;16:08:00;333;14;7455;10;U6955Z1;Zvole,Nová Zvole;49.93907;14.42733
20260604_161846_L322;20260604_161846;04.06.2026;16:05:00;322;13;8794;13;U4314Z1;Praha,Nádraží Veleslavín;50.14744;14.10607
20260604_161846_L346;20260604_161846;04.06.2026;16:05:00;346;7;8299;13;U897Z31;Praha,Černý Most;50.10948;14.57695
20260604_161846_L226;20260604_161846;04.06.2026;16:06:00;226;9;1589;12;U277Z1P;Benice;50.01007;14.62939
20260604_161846_L204;20260604_161846;04.06.2026;16:07:00;204;70;9033;11;U200Z1P;Stavební zóna Horní Počernice;50.10811;14.61008
20260604_161846_L228;20260604_161846;04.06.2026;16:04:00;228;14;9012;11;U107Z1P;Poliklinika Malešice;50.07149;14.56978
20260604_161846_L300;20260604_161846;04.06.2026;16:04:00;300;7;8859;13;U3094Z1;Libušín,náměstí;50.14507;14.09552
20260604_161846_L300;20260604_161846;04.06.2026;16:06:00;300;2;8993;10;U80Z3;Smečno;50.1112;14.2898
20260604_161846_L168;20260604_161846;04.06.2026;16:06:00;168;4;2052;12;U631Z2P;Bílá Hora;50.08341;14.31768
20260604_161846_L110;20260604_161846;04.06.2026;16:07:00;110;6;8136;11;U349Z1P;Dolní Počernice;50.08747;14.56566
20260604_161846_L117;20260604_161846;04.06.2026;16:06:00;117;8;1939;12;U446Z1P;Nové Komořany;50.01507;14.42591
20260604_161846_L560;20260604_161846;04.06.2026;16:07:00;560;70;8386;10;U6833Z1;Rakovník,aut.st.;50.15086;13.50253
20260604_161846_L307;20260604_161846;04.06.2026;16:06:00;307;10;8991;12;U1675Z2;Praha,Zličín;50.03001;14.20664
20260604_161846_L370;20260604_161846;04.06.2026;16:07:00;370;3;8112;11;U2286Z1;Kralupy n.Vlt.,žel.st.;50.24144;14.31119
20260604_161846_L177;20260604_161846;04.06.2026;16:07:00;177;21;6831;11;U827Z1P;Chodov;50.07879;14.50832
20260604_161846_L136;20260604_161846;04.06.2026;16:06:00;136;58;6947;12;U855Z1P;Jižní Město;50.07447;14.46392
20260604_161846_L460;20260604_161846;04.06.2026;16:08:00;460;67;1634;10;U9418Z2;Bečváry,Poďousy;49.93727;15.06517
20260604_161846_L174;20260604_161846;04.06.2026;16:07:00;174;13;3934;11;U122Z1P;Třebonice;50.0348;14.31437
20260604_161846_L195;20260604_161846;04.06.2026;16:06:00;195;1;6961;13;U1222Z2P;Jesenická;50.07305;14.50797
20260604_161846_L307;20260604_161846;04.06.2026;16:08:00;307;14;8953;10;U1643Z1;Kladno,autobusové nádraží;50.04937;14.26687
20260604_161846_L151;20260604_161846;04.06.2026;16:08:00;151;2;2334;10;U474Z4P;Novoborská;50.1109;14.50246
20260604_161846_L182;20260604_161846;04.06.2026;16:04:00;182;7;3811;14;U442Z1P;Kbelský hřbitov;50.11533;14.49703
20260604_161846_L136;20260604_161846;04.06.2026;16:06:00;136;28;5043;12;U606Z1P;Sídliště Čakovice;50.12215;14.50626
20260604_161846_L686;20260604_161846;04.06.2026;16:08:00;686;33;8118;10;U1870Z1;Úvaly,žel.st.;49.99338;14.66068
20260604_161846_L227;20260604_161846;04.06.2026;16:08:00;227;10;1591;10;U487Z2P;Háje;50.01676;14.65596
20260604_161846_L365;20260604_161846;04.06.2026;16:08:00;365;15;8875;10;U306Z2;Praha,Motol;50.07427;14.33916
20260604_161846_L406;20260604_161846;04.06.2026;16:04:00;406;3;7933;14;U9384Z1;Vlašim,žel.st.;49.76195;14.75143
20260604_161846_L796;20260604_161846;04.06.2026;16:07:00;796;6;7825;11;U1383Z1;Pyšely,Nám.;49.85283;14.70451
20260604_161846_L761;20260604_161846;04.06.2026;16:05:00;761;42;1570;10;U1687Z2;Velké Popovice,Todice;49.91219;14.64057
20260604_161846_L124;20260604_161846;04.06.2026;16:07:00;124;14;5067;11;U269Z4P;Želivského;50.06757;14.46193
20260604_161846_L113;20260604_161846;04.06.2026;16:07:00;113;5;3915;11;U656Z2P;Kačerov;50.02355;14.45152
20260604_161846_L364;20260604_161846;04.06.2026;16:05:00;364;7;4515;13;U1815Z1;Doubek;50.0032;14.70244
20260604_161846_L191;20260604_161846;04.06.2026;16:07:00;191;3;3946;11;U661Z2P;Dědina;50.08971;14.30959
20260604_161846_L133;20260604_161846;04.06.2026;16:06:00;133;9;4064;12;U548Z1P;Sídliště Malešice;50.082;14.50096
20260604_161846_L126;20260604_161846;04.06.2026;16:01:00;126;12;3847;16;U3053Z2P;Nádraží Uhříněves;50.03147;14.59859
20260604_161846_L227;20260604_161846;04.06.2026;16:06:00;227;2;1590;12;U435Z3P;Nedvězí;50.03796;14.59046
20260604_161846_L229;20260604_161846;04.06.2026;16:07:00;229;8;4514;10;U310Z2P;Depo Hostivař;50.06399;14.55207
20260604_161846_L370;20260604_161846;04.06.2026;16:07:00;370;2;8110;11;U2215Z4;Kralupy n.Vlt.,žel.st.;50.21925;14.40886
20260604_161846_L201;20260604_161846;04.06.2026;16:08:00;201;8;3886;10;U54Z4P;Nádraží Holešovice;50.1176;14.46895
20260604_161846_L484;20260604_161846;04.06.2026;16:04:00;484;31;8142;13;U2315Z1;Úvaly,žel.st.;50.07419;14.72302
20260604_161846_L765;20260604_161846;04.06.2026;16:06:00;765;35;1898;11;U1172Z2;Jesenice;49.97577;14.59541
20260604_161846_L154;20260604_161846;04.06.2026;16:04:00;154;6;3026;12;U151Z1P;Strašnická;50.03209;14.53458
20260604_161846_L487;20260604_161846;04.06.2026;16:02:00;487;71;1640;13;U5896Z2;Kolín,nádraží;50.02422;15.21354
20260604_161846_L201;20260604_161846;04.06.2026;16:06:00;201;5;3879;13;U2704Z1P;Černý Most;50.12876;14.49667
20260604_161846_L136;20260604_161846;04.06.2026;16:08:00;136;27;6686;10;U791Z1P;Sídliště Čakovice;50.15166;14.52187
20260604_161846_L167;20260604_161846;04.06.2026;16:09:00;167;51;6896;10;U653Z2P;Na Knížecí;50.07367;14.35126
20260604_161846_L351;20260604_161846;04.06.2026;16:09:00;351;6;4559;10;U451Z2;Praha,Letňany;50.15098;14.51512
20260604_161846_L136;20260604_161846;04.06.2026;16:08:00;136;19;5019;10;U125Z1P;Sídliště Čakovice;50.13955;14.50495
20260604_161846_L183;20260604_161846;04.06.2026;16:07:00;183;7;6976;11;U39Z1P;Vozovna Kobylisy;50.13254;14.46315
20260604_161846_L177;20260604_161846;04.06.2026;16:05:00;177;56;5065;12;U160Z1P;Chodov;50.0458;14.52387
20260604_161846_L195;20260604_161846;04.06.2026;16:04:00;195;7;6757;12;U134Z5P;Sídliště Letňany;50.10848;14.50192
20260604_161846_L752;20260604_161846;04.06.2026;15:59:00;752;44;7811;19;U1384Z6;Jílové u Prahy,Náměstí;49.77942;14.68369
20260604_161846_L183;20260604_161846;04.06.2026;16:07:00;183;6;6763;12;U453Z10P;Háje;50.05304;14.53726
20260604_161846_L197;20260604_161846;04.06.2026;16:06:00;197;7;6916;12;U619Z2P;Smíchovské nádraží;50.0361;14.41177
20260604_161846_L113;20260604_161846;04.06.2026;16:01:00;113;52;4081;16;U783Z1P;Písnice;50.00192;14.46614
20260604_161846_L201;20260604_161846;04.06.2026;16:08:00;201;12;4128;10;U243Z6P;Nádraží Holešovice;50.13007;14.55096
20260604_161846_L182;20260604_161846;04.06.2026;16:06:00;182;2;3988;12;U747Z1P;Opatov;50.07751;14.53774
20260604_161846_L181;20260604_161846;04.06.2026;16:07:00;181;6;6973;12;U472Z4P;Opatov;50.05289;14.52871
20260604_162247_L112;20260604_162247;04.06.2026;16:08:00;112;25;5094;14;U241Z2P;Nádraží Holešovice;50.11732;14.42807
20260604_162247_L113;20260604_162247;04.06.2026;16:10:00;113;5;3915;12;U488Z3P;Kačerov;50.03118;14.45507
20260604_162247_L117;20260604_162247;04.06.2026;16:09:00;117;8;1939;13;U772Z2P;Nové Komořany;50.01322;14.4095
20260604_162247_L124;20260604_162247;04.06.2026;16:11:00;124;14;5067;11;U413Z2P;Želivského;50.07086;14.46227
20260604_162247_L125;20260604_162247;04.06.2026;16:12:00;125;13;5518;10;U337Z4P;Smíchovské nádraží;50.05114;14.40963
20260604_162247_L126;20260604_162247;04.06.2026;16:13:00;126;52;4026;10;U386Z2P;Koleje Jižní Město;50.03211;14.5231
20260604_162247_L126;20260604_162247;04.06.2026;16:10:00;126;53;3746;12;U336Z2P;Nádraží Uhříněves;50.03227;14.59791
20260604_162247_L136;20260604_162247;04.06.2026;16:08:00;136;11;6756;14;U37Z1P;Jižní Město;50.06036;14.46964
20260604_162247_L136;20260604_162247;04.06.2026;16:09:00;136;58;6947;12;U29Z1P;Jižní Město;50.07045;14.46941
20260604_162247_L136;20260604_162247;04.06.2026;16:13:00;136;19;5019;10;U451Z1P;Sídliště Čakovice;50.15062;14.51315
20260604_162247_L136;20260604_162247;04.06.2026;16:11:00;136;2;6920;10;U474Z5P;Sídliště Čakovice;50.11327;14.49909
20260604_162247_L136;20260604_162247;04.06.2026;16:12:00;136;1;6759;10;U606Z1P;Sídliště Čakovice;50.12263;14.50718
20260604_162247_L136;20260604_162247;04.06.2026;16:11:00;136;28;5043;12;U89Z1P;Sídliště Čakovice;50.12987;14.50917
20260604_162247_L136;20260604_162247;04.06.2026;16:09:00;136;13;6719;12;U1074Z4P;Jižní Město;50.09248;14.47086
20260604_162247_L136;20260604_162247;04.06.2026;16:11:00;136;12;6797;11;U516Z3P;Jižní Město;50.08105;14.45977
20260604_162247_L146;20260604_162247;04.06.2026;16:09:00;146;4;9122;12;U694Z3P;Vinice Hrdlořezy;50.09315;14.50923
20260604_162247_L149;20260604_162247;04.06.2026;16:12:00;149;1;3704;10;U563Z1P;Dejvická;50.08604;14.37884
20260604_162247_L154;20260604_162247;04.06.2026;16:12:00;154;1;3009;10;U2901Z1P;Sídliště Libuš;50.00942;14.46405
20260604_162247_L154;20260604_162247;04.06.2026;16:11:00;154;6;3026;11;U1012Z2P;Strašnická;50.03508;14.55919
20260604_162247_L164;20260604_162247;04.06.2026;16:08:00;164;1;1955;13;U229Z2P;Malovanka;50.08722;14.37789
20260604_162247_L167;20260604_162247;04.06.2026;16:08:00;167;4;5048;11;U254Z6P;Na Knížecí;50.07126;14.39241
20260604_162247_L168;20260604_162247;04.06.2026;16:10:00;168;4;2052;12;U104Z2P;Bílá Hora;50.07793;14.30512
20260604_162247_L170;20260604_162247;04.06.2026;16:13:00;170;17;4189;10;U417Z1P;Jižní Město;50.04294;14.48777
20260604_162247_L174;20260604_162247;04.06.2026;16:10:00;174;13;3934;12;U840Z1P;Třebonice;50.035;14.3065
20260604_162247_L177;20260604_162247;04.06.2026;16:11:00;177;21;6831;12;U953Z1P;Chodov;50.06815;14.50778
20260604_162247_L177;20260604_162247;04.06.2026;16:10:00;177;56;5065;12;U195Z1P;Chodov;50.04453;14.51235
20260604_162247_L177;20260604_162247;04.06.2026;16:08:00;177;12;6989;14;U603Z3P;Poliklinika Mazurská;50.1196;14.49777
20260604_162247_L177;20260604_162247;04.06.2026;16:10:00;177;13;5016;11;U474Z4P;Poliklinika Mazurská;50.11348;14.50054
20260604_162247_L180;20260604_162247;04.06.2026;16:10:00;180;6;5050;12;U229Z2P;Dejvická;50.08679;14.37441
20260604_162247_L181;20260604_162247;04.06.2026;16:08:00;181;6;6973;14;U403Z8P;Opatov;50.05175;14.52297
20260604_162247_L182;20260604_162247;04.06.2026;16:10:00;182;2;3988;13;U975Z1P;Opatov;50.06539;14.53643
20260604_162247_L182;20260604_162247;04.06.2026;16:09:00;182;7;3811;13;U606Z1P;Kbelský hřbitov;50.12261;14.50715
20260604_162247_L183;20260604_162247;04.06.2026;16:11:00;183;6;6763;11;U2707Z1P;Háje;50.04657;14.54977
20260604_162247_L183;20260604_162247;04.06.2026;16:12:00;183;5;5025;10;U442Z1P;Vozovna Kobylisy;50.11532;14.49691
20260604_162247_L191;20260604_162247;04.06.2026;16:12:00;191;12;3707;11;U541Z6P;Letiště / Airport ✈;50.08578;14.33877
20260604_162247_L195;20260604_162247;04.06.2026;16:09:00;195;7;6757;13;U442Z1P;Sídliště Letňany;50.11529;14.49693
20260604_162247_L195;20260604_162247;04.06.2026;16:08:00;195;1;6961;13;U953Z1P;Jesenická;50.06561;14.50587
20260604_162247_L195;20260604_162247;04.06.2026;16:13:00;195;2;6970;10;U1222Z2P;Jesenická;50.07228;14.50809
20260604_162247_L197;20260604_162247;04.06.2026;16:09:00;197;7;6916;13;U110Z12P;Smíchovské nádraží;50.0477;14.41448
20260604_162247_L201;20260604_162247;04.06.2026;16:10:00;201;8;3886;11;U870Z4P;Nádraží Holešovice;50.1176;14.45937
20260604_162247_L201;20260604_162247;04.06.2026;16:11:00;201;12;4128;11;U202Z3P;Nádraží Holešovice;50.13478;14.54933
20260604_162247_L201;20260604_162247;04.06.2026;16:08:00;201;5;3879;15;U606Z5P;Černý Most;50.123;14.50693
20260604_162247_L204;20260604_162247;04.06.2026;16:11:00;204;71;9011;11;U1014Z2P;Sídliště Petrovice;50.07227;14.54313
20260604_162247_L204;20260604_162247;04.06.2026;16:10:00;204;70;9033;12;U452Z1P;Stavební zóna Horní Počernice;50.11515;14.61307
20260604_162247_L226;20260604_162247;04.06.2026;16:12:00;226;8;1592;10;U402Z2P;Háje;50.03633;14.58161
20260604_162247_L226;20260604_162247;04.06.2026;16:10:00;226;9;1589;11;U340Z1P;Benice;50.00383;14.61396
20260604_162247_L227;20260604_162247;04.06.2026;16:11:00;227;2;1590;11;U336Z3P;Nedvězí;50.03294;14.59678
20260604_162247_L227;20260604_162247;04.06.2026;16:10:00;227;10;1591;11;U1054Z2P;Háje;50.01009;14.65114
20260604_162247_L228;20260604_162247;04.06.2026;16:11:00;228;14;9012;11;U794Z2P;Poliklinika Malešice;50.07167;14.54973
20260604_162247_L229;20260604_162247;04.06.2026;16:12:00;229;8;4514;10;U404Z4P;Depo Hostivař;50.07646;14.53022
20260604_162247_L246;20260604_162247;04.06.2026;16:12:00;246;8;4173;10;U3051Z1P;Poliklinika Modřany;50.02659;14.29912
20260604_162247_L805;20260604_162247;04.06.2026;16:10:00;805;18;7636;12;U6667Z2;Kolín,nádraží;50.01985;15.21496
20260604_162247_L300;20260604_162247;04.06.2026;16:10:00;300;7;8859;12;U2889Z1;Libušín,náměstí;50.14117;14.08329
20260604_162247_L307;20260604_162247;04.06.2026;16:11:00;307;14;8953;11;U1644Z1;Kladno,autobusové nádraží;50.04078;14.24986
20260604_162247_L307;20260604_162247;04.06.2026;16:11:00;307;10;8991;11;U2323Z2;Praha,Zličín;50.03181;14.22607
20260604_162247_L311;20260604_162247;04.06.2026;16:11:00;311;78;9771;10;U2280Z1;Praha,Zličín;49.91706;14.24322
20260604_162247_L322;20260604_162247;04.06.2026;16:08:00;322;13;8794;13;U4313Z9;Praha,Nádraží Veleslavín;50.14441;14.09605
20260604_162247_L324;20260604_162247;04.06.2026;16:11:00;324;20;8972;11;U4318Z1;Slaný,Rabasova;50.12695;14.12178
20260604_162247_L330;20260604_162247;04.06.2026;16:08:00;330;5;1289;14;U4314Z1;Praha,Nádraží Veleslavín;50.14605;14.10575
20260604_162247_L332;20260604_162247;04.06.2026;16:10:00;332;21;9954;10;U423Z1;Jílové u Prahy,Náměstí;49.99933;14.48444
20260604_162247_L333;20260604_162247;04.06.2026;16:11:00;333;14;7455;11;U1904Z1;Zvole,Nová Zvole;49.9295;14.42345
20260604_162247_L339;20260604_162247;04.06.2026;16:08:00;339;18;9939;14;U4176Z2;Týnec n.Sáz.,žel.st.;49.98292;14.4959
20260604_162247_L339;20260604_162247;04.06.2026;16:09:00;339;17;9932;11;U1561Z11;Praha,Budějovická;49.92295;14.61942
20260604_162247_L351;20260604_162247;04.06.2026;16:12:00;351;6;4559;11;U766Z2;Praha,Letňany;50.14674;14.50572
20260604_162247_L356;20260604_162247;04.06.2026;16:12:00;356;31;8824;10;U1136Z2;Praha,Bořislavka;50.13106;14.34038
20260604_162247_L364;20260604_162247;04.06.2026;16:09:00;364;7;4515;13;U2891Z1;Doubek;50.00978;14.71985
20260604_162247_L365;20260604_162247;04.06.2026;16:09:00;365;8;8874;13;U4892Z2;Stochov,nám.;50.09834;14.08722
20260604_162247_L370;20260604_162247;04.06.2026;16:11:00;370;2;8110;11;U2220Z1;Kralupy n.Vlt.,žel.st.;50.22869;14.41112
20260604_162247_L381;20260604_162247;04.06.2026;16:05:00;381;20;9937;12;U967Z1;Čáslav,obchodní centrum;50.03847;14.58945
20260604_162247_L386;20260604_162247;04.06.2026;16:08:00;386;33;8792;13;U4112Z1;Kladno,autobusové nádraží;50.11255;14.05987
20260604_162247_L387;20260604_162247;04.06.2026;16:10:00;387;15;9369;10;U967Z2;Praha,Háje;50.03321;14.5447
20260604_162247_L445;20260604_162247;04.06.2026;16:10:00;445;18;7403;12;U1904Z1;Jílové u Prahy,Náměstí;49.92805;14.42832
20260604_162247_L445;20260604_162247;04.06.2026;16:10:00;445;15;7414;11;U1904Z2;Vrané n.Vlt.,Žel.st.;49.93146;14.42395
20260604_162247_L460;20260604_162247;04.06.2026;16:11:00;460;67;1634;11;U9992Z52;Bečváry,Poďousy;49.92818;15.04966
20260604_162247_L484;20260604_162247;04.06.2026;16:04:00;484;31;8142;17;U2315Z1;Úvaly,žel.st.;50.07419;14.72302
20260604_162247_L492;20260604_162247;04.06.2026;16:09:00;492;40;9178;13;U2020Z1;Černé Voděrady;49.95806;14.82104
20260604_162247_L531;20260604_162247;04.06.2026;16:12:00;531;1;9536;10;U9806Z2;Příbram,aut.nádr. (ul. Čs.armády);49.83173;13.93681
20260604_162247_L595;20260604_162247;04.06.2026;16:12:00;595;4;7306;10;U9123Z1;Vraný;50.31385;14.10944
20260604_162247_L630;20260604_162247;04.06.2026;16:11:00;630;35;8793;10;U3094Z1;Kladno,autobusové nádraží;50.14399;14.09638
20260604_162247_L630;20260604_162247;04.06.2026;16:12:00;630;38;8803;10;U4915Z2;Beroun,Jarov,náves;50.00977;14.09203
20260604_162247_L631;20260604_162247;04.06.2026;16:09:00;631;46;9806;13;U9010Z1;Všeradice,žel.zast.;49.93941;14.03084
20260604_162247_L669;20260604_162247;04.06.2026;16:10:00;669;24;8120;10;U1459Z1;Sudovo Hlavno;50.23168;14.65113
20260604_162247_L702;20260604_162247;04.06.2026;16:12:00;702;53;1614;10;U6672Z1;Suchdol;49.97896;15.21157
20260604_162247_L706;20260604_162247;04.06.2026;16:12:00;706;59;1643;10;U2157Z2;Žiželice,nám.;49.88069;15.06412
20260604_162247_L752;20260604_162247;04.06.2026;15:59:00;752;44;7811;23;U1384Z6;Jílové u Prahy,Náměstí;49.77938;14.68367
20260604_162247_L765;20260604_162247;04.06.2026;16:11:00;765;35;1898;11;U4250Z1;Jesenice;49.98051;14.57274
20260604_162247_L770;20260604_162247;04.06.2026;16:12:00;770;50;7813;10;U7666Z51;Benešov,Terminál;49.82345;14.79809
20260604_162247_L796;20260604_162247;04.06.2026;16:09:00;796;6;7825;11;U7431Z1;Pyšely,Nám.;49.86979;14.70737
20260604_162647_L112;20260604_162647;04.06.2026;16:08:00;112;25;5094;18;U241Z2P;Nádraží Holešovice;50.11732;14.43144
20260604_162647_L113;20260604_162647;04.06.2026;16:14:00;113;7;3680;12;U335Z1P;Točná;50.00712;14.46333
20260604_162647_L117;20260604_162647;04.06.2026;16:13:00;117;8;1939;12;U76Z3P;Nové Komořany;50.00458;14.40349
20260604_162647_L124;20260604_162647;04.06.2026;16:12:00;124;14;5067;13;U29Z3P;Želivského;50.0753;14.46851
20260604_162647_L126;20260604_162647;04.06.2026;16:17:00;126;52;4026;10;U99Z2P;Koleje Jižní Město;50.03589;14.50837
20260604_162647_L126;20260604_162647;04.06.2026;16:16:00;126;8;3832;10;U3053Z2P;Nádraží Uhříněves;50.03073;14.59713
20260604_162647_L136;20260604_162647;04.06.2026;16:13:00;136;11;6756;13;U697Z3P;Jižní Město;50.04825;14.48134
20260604_162647_L136;20260604_162647;04.06.2026;16:14:00;136;58;6947;12;U37Z1P;Jižní Město;50.0604;14.46958
20260604_162647_L136;20260604_162647;04.06.2026;16:17:00;136;2;6920;10;U500Z1P;Sídliště Čakovice;50.1211;14.50409
20260604_162647_L136;20260604_162647;04.06.2026;16:16:00;136;1;6759;11;U405Z1P;Sídliště Čakovice;50.1285;14.51266
20260604_162647_L136;20260604_162647;04.06.2026;16:14:00;136;28;5043;12;U125Z1P;Sídliště Čakovice;50.1396;14.50494
20260604_162647_L136;20260604_162647;04.06.2026;16:12:00;136;13;6719;14;U512Z5P;Jižní Město;50.09029;14.46744
20260604_162647_L136;20260604_162647;04.06.2026;16:15:00;136;14;5020;11;U1074Z4P;Jižní Město;50.09342;14.47281
20260604_162647_L136;20260604_162647;04.06.2026;16:17:00;136;12;6797;10;U518Z3P;Jižní Město;50.07626;14.45897
20260604_162647_L149;20260604_162647;04.06.2026;16:16:00;149;1;3704;10;U867Z1P;Dejvická;50.09398;14.39007
20260604_162647_L149;20260604_162647;04.06.2026;16:16:00;149;7;3820;10;U254Z4P;Dejvická;50.07197;14.37998
20260604_162647_L154;20260604_162647;04.06.2026;16:12:00;154;1;3009;13;U2901Z1P;Sídliště Libuš;50.00882;14.46228
20260604_162647_L154;20260604_162647;04.06.2026;16:16:00;154;6;3026;11;U1001Z2P;Strašnická;50.0438;14.56726
20260604_162647_L167;20260604_162647;04.06.2026;16:13:00;167;4;5048;14;U1040Z14P;Na Knížecí;50.07111;14.40281
20260604_162647_L167;20260604_162647;04.06.2026;16:15:00;167;51;6896;11;U254Z6P;Na Knížecí;50.06994;14.38351
20260604_162647_L168;20260604_162647;04.06.2026;16:10:00;168;4;2052;15;U104Z2P;Bílá Hora;50.0764;14.30994
20260604_162647_L170;20260604_162647;04.06.2026;16:17:00;170;17;4189;10;U23Z2P;Jižní Město;50.03786;14.49874
20260604_162647_L177;20260604_162647;04.06.2026;16:17:00;177;6;5080;10;U1222Z2P;Chodov;50.07229;14.50809
20260604_162647_L177;20260604_162647;04.06.2026;16:13:00;177;21;6831;13;U2781Z2P;Chodov;50.06201;14.50413
20260604_162647_L177;20260604_162647;04.06.2026;16:14:00;177;56;5065;12;U344Z4P;Chodov;50.03197;14.50733
20260604_162647_L177;20260604_162647;04.06.2026;16:16:00;177;13;5016;11;U665Z2P;Poliklinika Mazurská;50.12308;14.49325
20260604_162647_L180;20260604_162647;04.06.2026;16:12:00;180;6;5050;14;U182Z2P;Dejvická;50.08784;14.3819
20260604_162647_L182;20260604_162647;04.06.2026;16:13:00;182;2;3988;13;U453Z6P;Opatov;50.05299;14.5349
20260604_162647_L182;20260604_162647;04.06.2026;16:13:00;182;7;3811;13;U1000Z2P;Kbelský hřbitov;50.12432;14.51648
20260604_162647_L183;20260604_162647;04.06.2026;16:15:00;183;13;6912;10;U708Z1P;Háje;50.07167;14.53727
20260604_162647_L183;20260604_162647;04.06.2026;16:16:00;183;6;6763;10;U1013Z1P;Háje;50.04107;14.56697
20260604_162647_L184;20260604_162647;04.06.2026;16:17:00;184;8;5007;10;U356Z1P;Velká Ohrada;50.04343;14.33683
20260604_162647_L191;20260604_162647;04.06.2026;16:16:00;191;12;3707;10;U1198Z1P;Letiště / Airport ✈;50.0887;14.32634
20260604_162647_L195;20260604_162647;04.06.2026;16:14:00;195;7;6757;12;U606Z1P;Sídliště Letňany;50.12216;14.50626
20260604_162647_L195;20260604_162647;04.06.2026;16:12:00;195;1;6961;14;U889Z3P;Jesenická;50.06028;14.50678
20260604_162647_L195;20260604_162647;04.06.2026;16:13:00;195;9;6952;13;U603Z2P;Jesenická;50.11729;14.50047
20260604_162647_L195;20260604_162647;04.06.2026;16:16:00;195;20;6775;10;U359Z2P;Jesenická;50.08458;14.51091
20260604_162647_L195;20260604_162647;04.06.2026;16:16:00;195;2;6970;10;U673Z3P;Jesenická;50.0644;14.50498
20260604_162647_L197;20260604_162647;04.06.2026;16:16:00;197;4;6724;10;U783Z1P;Roztyly;50.00261;14.46568
20260604_162647_L201;20260604_162647;04.06.2026;16:12:00;201;8;3886;14;U305Z2P;Nádraží Holešovice;50.10983;14.4444
20260604_162647_L201;20260604_162647;04.06.2026;16:15:00;201;12;4128;11;U327Z1P;Nádraží Holešovice;50.13636;14.52226
20260604_162647_L201;20260604_162647;04.06.2026;16:13:00;201;5;3879;14;U1000Z12P;Černý Most;50.12579;14.51677
20260604_162647_L204;20260604_162647;04.06.2026;16:14:00;204;71;9011;12;U741Z1P;Sídliště Petrovice;50.06816;14.54514
20260604_162647_L204;20260604_162647;04.06.2026;16:12:00;204;70;9033;12;U862Z1P;Stavební zóna Horní Počernice;50.12305;14.62426
20260604_162647_L216;20260604_162647;04.06.2026;16:17:00;216;1;2080;10;U3041Z1P;Poliklinika Petřiny;50.09114;14.37855
20260604_162647_L226;20260604_162647;04.06.2026;16:13:00;226;8;1592;13;U26Z2P;Háje;50.0367;14.57378
20260604_162647_L227;20260604_162647;04.06.2026;16:14:00;227;2;1590;11;U808Z1P;Nedvězí;50.03025;14.60842
20260604_162647_L227;20260604_162647;04.06.2026;16:16:00;227;10;1591;10;U445Z2P;Háje;50.01272;14.63148
20260604_162647_L228;20260604_162647;04.06.2026;16:13:00;228;14;9012;13;U1014Z2P;Poliklinika Malešice;50.07135;14.54064
20260604_162647_L228;20260604_162647;04.06.2026;16:14:00;228;13;9014;11;U9690Z1P;Benice;50.03413;14.59173
20260604_162647_L234;20260604_162647;04.06.2026;16:13:00;234;2;3871;13;U241Z2P;Nádraží Holešovice;50.11732;14.42982
20260604_162647_L246;20260604_162647;04.06.2026;16:12:00;246;8;4173;11;U3051Z1P;Poliklinika Modřany;50.02083;14.31675
20260604_162647_L246;20260604_162647;04.06.2026;16:16:00;246;1;4086;10;U896Z2P;Poliklinika Modřany;49.97656;14.40306
20260604_162647_L823;20260604_162647;04.06.2026;16:13:00;823;38;8053;11;U2315Z1;Úvaly,žel.st.;50.0741;14.72316
20260604_162647_L300;20260604_162647;04.06.2026;16:16:00;300;2;8993;10;U4302Z52;Smečno;50.14593;14.19942
20260604_162647_L300;20260604_162647;04.06.2026;16:12:00;300;7;8859;14;U3095Z1;Libušín,náměstí;50.14083;14.06985
20260604_162647_L307;20260604_162647;04.06.2026;16:15:00;307;14;8953;12;U1647Z1;Kladno,autobusové nádraží;50.03432;14.23259
20260604_162647_L307;20260604_162647;04.06.2026;16:14:00;307;10;8991;12;U1646Z2;Praha,Zličín;50.03771;14.24168
20260604_162647_L322;20260604_162647;04.06.2026;16:13:00;322;13;8794;11;U4310Z2;Praha,Nádraží Veleslavín;50.13205;14.11121
20260604_162647_L324;20260604_162647;04.06.2026;16:13:00;324;20;8972;11;U4320Z1;Slaný,Rabasova;50.13438;14.10732
20260604_162647_L332;20260604_162647;04.06.2026;16:15:00;332;20;9934;10;U2129Z2;Praha,Budějovická;49.94517;14.51703
20260604_162647_L332;20260604_162647;04.06.2026;16:14:00;332;21;9954;13;U1522Z1;Jílové u Prahy,Náměstí;49.98542;14.4941
20260604_162647_L333;20260604_162647;04.06.2026;16:12:00;333;12;7452;10;U799Z4;Zvole,Nová Zvole;49.99088;14.48996
20260604_162647_L339;20260604_162647;04.06.2026;16:13:00;339;18;9939;13;U1330Z1;Týnec n.Sáz.,žel.st.;49.9675;14.51484
20260604_162647_L339;20260604_162647;04.06.2026;16:15:00;339;17;9932;11;U1579Z2;Praha,Budějovická;49.93176;14.58486
20260604_162647_L345;20260604_162647;04.06.2026;16:13:00;345;36;10654;13;U31063Z1;Liberec,aut.nádr.;50.73802;15.05713
20260604_162647_L351;20260604_162647;04.06.2026;16:16:00;351;6;4559;11;U89Z2;Praha,Letňany;50.13083;14.50798
20260604_162647_L356;20260604_162647;04.06.2026;16:16:00;356;31;8824;10;U1214Z2;Praha,Bořislavka;50.11238;14.35813
20260604_162647_L365;20260604_162647;04.06.2026;16:13:00;365;8;8874;14;U9926Z2;Stochov,nám.;50.10953;14.06889
20260604_162647_L370;20260604_162647;04.06.2026;16:14:00;370;2;8110;12;U2222Z1;Kralupy n.Vlt.,žel.st.;50.2329;14.41151
20260604_162647_L381;20260604_162647;04.06.2026;16:05:00;381;20;9937;16;U967Z1;Čáslav,obchodní centrum;50.03295;14.59684
20260604_162647_L386;20260604_162647;04.06.2026;16:12:00;386;33;8792;14;U9927Z1;Kladno,autobusové nádraží;50.11461;14.07923
20260604_162647_L389;20260604_162647;04.06.2026;16:12:00;389;12;7761;13;U32406Z12;Chomutov,žel.st.;50.45663;13.40024
20260604_162647_L401;20260604_162647;04.06.2026;16:15:00;401;61;7774;11;U2139Z2;Jindřichův Hradec,aut.nádr.;49.78991;14.68291
20260604_162647_L445;20260604_162647;04.06.2026;16:13:00;445;18;7403;11;U1520Z1;Jílové u Prahy,Náměstí;49.91534;14.45945
20260604_162647_L445;20260604_162647;04.06.2026;16:13:00;445;15;7414;10;U1513Z2;Vrané n.Vlt.,Žel.st.;49.9352;14.40135
20260604_162647_L450;20260604_162647;04.06.2026;16:13:00;450;4;7502;10;U4764Z2;Milevsko,aut.st.;49.65784;14.42547
20260604_162647_L484;20260604_162647;04.06.2026;16:04:00;484;31;8142;21;U2315Z1;Úvaly,žel.st.;50.07419;14.72302
20260604_162647_L492;20260604_162647;04.06.2026;16:09:00;492;40;9178;17;U2020Z1;Černé Voděrady;49.95806;14.82104
20260604_162647_L531;20260604_162647;04.06.2026;16:15:00;531;1;9536;10;U9804Z2;Příbram,aut.nádr. (ul. Čs.armády);49.81883;13.94108
20260604_162647_L545;20260604_162647;04.06.2026;16:15:00;545;17;9450;10;U9787Z1;Hořovice,nám.B.Němcové;49.83159;13.88403
20260604_162647_L560;20260604_162647;04.06.2026;16:15:00;560;70;8386;12;U6831Z1;Rakovník,aut.st.;50.15654;13.56185
20260604_162647_L595;20260604_162647;04.06.2026;16:15:00;595;4;7306;10;U9121Z2;Vraný;50.31945;14.07159
20260604_162647_L620;20260604_162647;04.06.2026;16:15:00;620;12;8432;10;U2918Z1;Kralupy n.Vlt.,žel.st.;50.2323;14.25602
20260604_162647_L669;20260604_162647;04.06.2026;16:15:00;669;24;8120;10;U1460Z1;Sudovo Hlavno;50.24804;14.6507
20260604_162647_L686;20260604_162647;04.06.2026;16:15:00;686;33;8118;10;U1891Z2;Úvaly,žel.st.;50.00696;14.66818
20260604_162647_L702;20260604_162647;04.06.2026;16:15:00;702;53;1614;11;U6675Z1;Suchdol;49.97028;15.2001
20260604_162647_L706;20260604_162647;04.06.2026;16:12:00;706;59;1643;13;U2157Z2;Žiželice,nám.;49.88517;15.06392
20260604_162647_L706;20260604_162647;04.06.2026;16:13:00;706;63;1637;11;U2816Z6;Žiželice,nám.;50.02641;15.20835
20260604_162647_L752;20260604_162647;04.06.2026;15:59:00;752;44;7811;26;U1384Z6;Jílové u Prahy,Náměstí;49.77942;14.68371
20260604_162647_L765;20260604_162647;04.06.2026;16:14:00;765;35;1898;11;U1896Z1;Jesenice;49.96405;14.57277
20260604_162647_L796;20260604_162647;04.06.2026;16:15:00;796;6;7825;11;U1548Z1;Pyšely,Nám.;49.87494;14.67864
20260604_163048_L227;20260604_163048;04.06.2026;16:19:00;227;2;1590;11;U838Z1P;Nedvězí;50.01523;14.62177
20260604_163048_L300;20260604_163048;04.06.2026;16:19:00;300;2;8993;11;U4303Z52;Smečno;50.15293;14.18788
20260604_163048_L332;20260604_163048;04.06.2026;16:17:00;332;20;9934;13;U2130Z2;Praha,Budějovická;49.95137;14.51825
20260604_163048_L180;20260604_163048;04.06.2026;16:20:00;180;7;6859;10;U182Z2P;Dejvická;50.08783;14.38188
20260604_163048_L136;20260604_163048;04.06.2026;16:18:00;136;11;6756;12;U181Z1P;Jižní Město;50.03945;14.4906
20260604_163048_L702;20260604_163048;04.06.2026;16:19:00;702;53;1614;10;U6949Z1;Suchdol;49.971;15.17546
20260604_163048_L227;20260604_163048;04.06.2026;16:20:00;227;10;1591;10;U725Z2P;Háje;50.01249;14.62376
20260604_163048_L194;20260604_163048;04.06.2026;16:18:00;194;5;1911;11;U361Z6P;Nemocnice pod Petřínem;50.08731;14.40187
20260604_163048_L228;20260604_163048;04.06.2026;16:18:00;228;13;9014;12;U336Z3P;Benice;50.03188;14.59829
20260604_163048_L228;20260604_163048;04.06.2026;16:19:00;228;14;9012;10;U358Z4P;Poliklinika Malešice;50.07747;14.52166
20260604_163048_L203;20260604_163048;04.06.2026;16:19:00;203;4;1915;10;U2794Z1P;Háje;50.00629;14.49648
20260604_163048_L386;20260604_163048;04.06.2026;16:17:00;386;33;8792;13;U4323Z3;Kladno,autobusové nádraží;50.13671;14.09633
20260604_163048_L389;20260604_163048;04.06.2026;16:12:00;389;12;7761;16;U32406Z12;Chomutov,žel.st.;50.45662;13.40024
20260604_163048_L117;20260604_163048;04.06.2026;16:18:00;117;8;1939;12;U929Z4P;Nové Komořany;50.00561;14.41639
20260604_163048_L149;20260604_163048;04.06.2026;16:20:00;149;7;3820;11;U992Z1P;Dejvická;50.07707;14.36739
20260604_163048_L136;20260604_163048;04.06.2026;16:20:00;136;1;6759;11;U125Z1P;Sídliště Čakovice;50.13876;14.50482
20260604_163048_L669;20260604_163048;04.06.2026;16:19:00;669;24;8120;10;U1464Z1;Sudovo Hlavno;50.26482;14.6469
20260604_163048_L685;20260604_163048;04.06.2026;16:19:00;685;37;1594;11;U2360Z1;Černé Voděrady;49.9414;14.70212
20260604_163048_L484;20260604_163048;04.06.2026;16:04:00;484;31;8142;25;U2315Z1;Úvaly,žel.st.;50.07419;14.72302
20260604_163048_L765;20260604_163048;04.06.2026;16:19:00;765;35;1898;10;U1582Z2;Jesenice;49.94305;14.55652
20260604_163048_L560;20260604_163048;04.06.2026;16:17:00;560;70;8386;11;U6820Z1;Rakovník,aut.st.;50.14206;13.60043
20260604_163048_L445;20260604_163048;04.06.2026;16:18:00;445;18;7403;12;U1586Z1;Jílové u Prahy,Náměstí;49.89739;14.46945
20260604_163048_L445;20260604_163048;04.06.2026;16:20:00;445;15;7414;10;U1518Z1;Vrané n.Vlt.,Žel.st.;49.93653;14.37796
20260604_163048_L450;20260604_163048;04.06.2026;16:19:00;450;4;7502;11;U7930Z1;Milevsko,aut.st.;49.63927;14.43389
20260604_163048_L356;20260604_163048;04.06.2026;16:18:00;356;31;8824;11;U199Z3;Praha,Bořislavka;50.1026;14.35513
20260604_163048_L370;20260604_163048;04.06.2026;16:14:00;370;2;8110;13;U2222Z1;Kralupy n.Vlt.,žel.st.;50.24603;14.39366
20260604_163048_L195;20260604_163048;04.06.2026;16:16:00;195;1;6961;14;U192Z1P;Jesenická;50.05656;14.49734
20260604_163048_L383;20260604_163048;04.06.2026;16:17:00;383;31;9174;10;U967Z2;Praha,Háje;50.03286;14.5353
20260604_163048_L180;20260604_163048;04.06.2026;16:17:00;180;6;5050;14;U321Z4P;Dejvická;50.09932;14.39562
20260604_163048_L345;20260604_163048;04.06.2026;16:16:00;345;36;10654;13;U31065Z1;Liberec,aut.nádr.;50.75246;15.05621
20260604_163048_L429;20260604_163048;04.06.2026;16:16:00;429;19;8877;11;U2835Z1;Unhošť,Nám.;50.08582;14.14164
20260604_163048_L324;20260604_163048;04.06.2026;16:16:00;324;20;8972;13;U4310Z1;Slaný,Rabasova;50.14176;14.09831
20260604_163048_L322;20260604_163048;04.06.2026;16:18:00;322;13;8794;12;U4306Z2;Praha,Nádraží Veleslavín;50.13723;14.13209
20260604_163048_L339;20260604_163048;04.06.2026;16:13:00;339;18;9939;16;U1330Z1;Týnec n.Sáz.,žel.st.;49.96432;14.5194
20260604_163048_L786;20260604_163048;04.06.2026;16:20:00;786;11;7604;10;U2482Z1;Paběnice,ObÚ;49.95936;15.28324
20260604_163048_L749;20260604_163048;04.06.2026;16:17:00;749;14;7624;13;U7331Z1;Petrovice I;49.90366;15.39309
20260604_163048_L548;20260604_163048;04.06.2026;16:20:00;548;12;9511;10;U3270Z2;Zbiroh,nám.;49.84286;13.89923
20260604_163048_L595;20260604_163048;04.06.2026;16:17:00;595;4;7306;10;U9115Z2;Vraný;50.32377;14.02414
20260604_163048_L620;20260604_163048;04.06.2026;16:17:00;620;12;8432;12;U2942Z1;Kralupy n.Vlt.,žel.st.;50.23243;14.27632
20260604_163048_L112;20260604_163048;04.06.2026;16:18:00;112;23;5011;12;U241Z2P;Nádraží Holešovice;50.11733;14.43151
20260604_163048_L177;20260604_163048;04.06.2026;16:20:00;177;13;5016;11;U740Z3P;Poliklinika Mazurská;50.12771;14.47596
20260604_163048_L316;20260604_163048;04.06.2026;16:18:00;316;4;8970;12;U1690Z1;Holubice;50.16072;14.31165
20260604_163048_L307;20260604_163048;04.06.2026;16:19:00;307;14;8953;11;U1649Z1;Kladno,autobusové nádraží;50.0269;14.21233
20260604_163048_L177;20260604_163048;04.06.2026;16:19:00;177;21;6831;12;U596Z4P;Chodov;50.05389;14.51882
20260604_163048_L195;20260604_163048;04.06.2026;16:21:00;195;2;6970;10;U890Z1P;Jesenická;50.05636;14.50605
20260604_163048_L805;20260604_163048;04.06.2026;16:20:00;805;15;7602;10;U6690Z1;Kutná Hora,Karlov,celní úřad;49.97036;15.27339
20260604_163048_L136;20260604_163048;04.06.2026;16:19:00;136;12;6797;11;U855Z1P;Jižní Město;50.0745;14.46384
20260604_163048_L170;20260604_163048;04.06.2026;16:20:00;170;17;4189;10;U99Z1P;Jižní Město;50.03727;14.50887
20260604_163048_L136;20260604_163048;04.06.2026;16:19:00;136;28;5043;11;U451Z1P;Sídliště Čakovice;50.1508;14.51438
20260604_163048_L113;20260604_163048;04.06.2026;16:14:00;113;7;3680;15;U335Z1P;Točná;50.00558;14.46388
20260604_163048_L706;20260604_163048;04.06.2026;16:13:00;706;63;1637;15;U2816Z6;Žiželice,nám.;50.02653;15.20778
20260604_163048_L456;20260604_163048;04.06.2026;16:20:00;456;45;7071;10;U31254Z3;Miličín;49.53121;14.80858
20260604_163048_L154;20260604_163048;04.06.2026;16:19:00;154;6;3026;11;U2707Z2P;Strašnická;50.04694;14.55152
20260604_163048_L136;20260604_163048;04.06.2026;16:16:00;136;24;6887;15;U29Z1P;Jižní Město;50.07327;14.47017
20260604_163048_L332;20260604_163048;04.06.2026;16:18:00;332;21;9954;12;U1332Z1;Jílové u Prahy,Náměstí;49.96987;14.50895
20260604_163048_L136;20260604_163048;04.06.2026;16:17:00;136;58;6947;13;U751Z2P;Jižní Město;50.05259;14.47515
20260604_163048_L204;20260604_163048;04.06.2026;16:19:00;204;70;9033;11;U1378Z1P;Stavební zóna Horní Počernice;50.12072;14.60074
20260604_163048_L126;20260604_163048;04.06.2026;16:19:00;126;8;3832;11;U542Z2P;Nádraží Uhříněves;50.03467;14.59452
20260604_163048_L352;20260604_163048;04.06.2026;16:21:00;352;8;4117;10;U1086Z2;Jinočany,náměstí;50.02164;14.29695
20260604_163048_L195;20260604_163048;04.06.2026;16:19:00;195;20;6775;11;U827Z1P;Jesenická;50.07796;14.50753
20260604_163048_L490;20260604_163048;04.06.2026;16:20:00;490;41;1630;10;U2563Z1;Stříbrná Skalice,Náměstí;49.93767;14.70608
20260604_163048_L398;20260604_163048;04.06.2026;16:18:00;398;25;8266;12;U3160Z3;Poděbrady,žel.st.;50.1365;15.09654
20260604_163048_L234;20260604_163048;04.06.2026;16:16:00;234;2;3871;14;U7406Z3P;Nádraží Holešovice;50.11554;14.43822
20260604_163048_L183;20260604_163048;04.06.2026;16:18:00;183;6;6763;12;U967Z2P;Háje;50.03479;14.56448
20260604_163048_L201;20260604_163048;04.06.2026;16:17:00;201;12;4128;13;U899Z3P;Nádraží Holešovice;50.14181;14.51557
20260604_163048_L191;20260604_163048;04.06.2026;16:19:00;191;12;3707;12;U1046Z2P;Letiště / Airport ✈;50.09117;14.31626
20260604_163048_L133;20260604_163048;04.06.2026;16:21:00;133;11;4106;10;U34Z1P;Sídliště Malešice;50.08846;14.46895
20260604_163048_L307;20260604_163048;04.06.2026;16:16:00;307;10;8991;14;U1644Z2;Praha,Zličín;50.04219;14.25365
20260604_163048_L531;20260604_163048;04.06.2026;16:20:00;531;1;9536;10;U9803Z1;Příbram,aut.nádr. (ul. Čs.armády);49.79993;13.94593
20260604_163048_L625;20260604_163048;04.06.2026;16:18:00;625;17;8763;12;U9919Z2;Kladno,autobusové nádraží;50.14119;13.75647
20260604_163048_L113;20260604_163048;04.06.2026;16:20:00;113;1;3912;10;U804Z1P;Sídliště Písnice;50.0099;14.46092
20260604_163048_L246;20260604_163048;04.06.2026;16:20:00;246;1;4086;10;U280Z3P;Poliklinika Modřany;49.99465;14.40639
20260604_163048_L182;20260604_163048;04.06.2026;16:17:00;182;7;3811;13;U526Z1P;Kbelský hřbitov;50.12964;14.54507
20260604_163048_L401;20260604_163048;04.06.2026;16:20:00;401;64;7873;10;U6511Z2;Praha,Roztyly;49.66121;14.6333
20260604_163048_L182;20260604_163048;04.06.2026;16:16:00;182;2;3988;13;U403Z8P;Opatov;50.05148;14.5233
20260604_163048_L401;20260604_163048;04.06.2026;16:20:00;401;61;7774;10;U1384Z16;Jindřichův Hradec,aut.nádr.;49.77994;14.68403
20260604_163048_L226;20260604_163048;04.06.2026;16:13:00;226;8;1592;16;U26Z2P;Háje;50.03619;14.5684
20260604_163048_L177;20260604_163048;04.06.2026;16:18:00;177;56;5065;12;U774Z2P;Chodov;50.02039;14.507
20260604_163048_L823;20260604_163048;04.06.2026;16:13:00;823;38;8053;15;U2315Z1;Úvaly,žel.st.;50.0741;14.72316
20260604_163048_L686;20260604_163048;04.06.2026;16:20:00;686;33;8118;10;U1814Z1;Úvaly,žel.st.;50.01354;14.68932
20260604_163048_L339;20260604_163048;04.06.2026;16:18:00;339;17;9932;12;U1581Z2;Praha,Budějovická;49.94982;14.56885
20260604_163048_L136;20260604_163048;04.06.2026;16:15:00;136;14;5020;13;U1074Z4P;Jižní Město;50.0923;14.47013
20260604_163048_L335;20260604_163048;04.06.2026;16:17:00;335;5;9181;12;U423Z1;Kamenice,Kult.dům;49.99706;14.48605
20260604_163048_L545;20260604_163048;04.06.2026;16:15:00;545;17;9450;14;U9787Z1;Hořovice,nám.B.Němcové;49.8315;13.88389
20260604_163048_L183;20260604_163048;04.06.2026;16:20:00;183;13;6912;10;U677Z1P;Háje;50.05727;14.53634
20260604_163048_L204;20260604_163048;04.06.2026;16:18:00;204;71;9011;12;U1099Z1P;Sídliště Petrovice;50.05659;14.56202
20260604_163048_L126;20260604_163048;04.06.2026;16:21:00;126;52;4026;10;U23Z1P;Koleje Jižní Město;50.03788;14.49869
20260604_163048_L201;20260604_163048;04.06.2026;16:16:00;201;5;3879;14;U771Z1P;Černý Most;50.13404;14.50625
20260604_163048_L167;20260604_163048;04.06.2026;16:15:00;167;51;6896;13;U254Z6P;Na Knížecí;50.07107;14.39146
20260604_163048_L246;20260604_163048;04.06.2026;16:19:00;246;8;4173;11;U888Z1P;Poliklinika Modřany;50.00658;14.31298
20260604_163048_L492;20260604_163048;04.06.2026;16:09:00;492;40;9178;21;U2020Z1;Černé Voděrady;49.95806;14.82104
20260604_163048_L197;20260604_163048;04.06.2026;16:19:00;197;4;6724;11;U894Z1P;Roztyly;49.99895;14.48656
20260604_163048_L195;20260604_163048;04.06.2026;16:18:00;195;7;6757;13;U405Z1P;Sídliště Letňany;50.12867;14.51156
20260604_163048_L752;20260604_163048;04.06.2026;15:59:00;752;44;7811;31;U1384Z6;Jílové u Prahy,Náměstí;49.77942;14.6837
20260604_163448_L136;20260604_163448;04.06.2026;16:21:00;136;24;6887;13;U37Z1P;Jižní Město;50.06112;14.46948
20260604_163448_L136;20260604_163448;04.06.2026;16:24:00;136;12;6797;11;U680Z3P;Jižní Město;50.06885;14.46907
20260604_163448_L117;20260604_163448;04.06.2026;16:20:00;117;8;1939;14;U1006Z51P;Nové Komořany;50.00213;14.40598
20260604_163448_L227;20260604_163448;04.06.2026;16:24:00;227;10;1591;10;U828Z2P;Háje;50.02772;14.60835
20260604_163448_L332;20260604_163448;04.06.2026;16:20:00;332;21;9954;14;U1330Z1;Jílové u Prahy,Náměstí;49.965;14.51849
20260604_163448_L702;20260604_163448;04.06.2026;16:22:00;702;53;1614;10;U6951Z1;Suchdol;49.95419;15.16461
20260604_163448_L126;20260604_163448;04.06.2026;16:23:00;126;12;3847;10;U169Z2P;Koleje Jižní Město;50.02303;14.57082
20260604_163448_L224;20260604_163448;04.06.2026;16:23:00;224;78;9043;10;U1163Z1P;Dolnopočernický hřbitov;50.09216;14.58171
20260604_163448_L228;20260604_163448;04.06.2026;16:23:00;228;14;9012;11;U1071Z7P;Poliklinika Malešice;50.07775;14.51647
20260604_163448_L456;20260604_163448;04.06.2026;16:23:00;456;45;7071;11;U31268Z2;Miličín;49.55141;14.81593
20260604_163448_L316;20260604_163448;04.06.2026;16:20:00;316;4;8970;12;U11013Z1;Holubice;50.18989;14.32124
20260604_163448_L201;20260604_163448;04.06.2026;16:20:00;201;5;3879;15;U2601Z1P;Černý Most;50.14237;14.511
20260604_163448_L177;20260604_163448;04.06.2026;16:21:00;177;21;6831;14;U160Z1P;Chodov;50.05091;14.52431
20260604_163448_L177;20260604_163448;04.06.2026;16:22:00;177;13;5016;10;U78Z3P;Poliklinika Mazurská;50.12619;14.4616
20260604_163448_L401;20260604_163448;04.06.2026;16:23:00;401;64;7873;11;U6525Z4;Praha,Roztyly;49.67321;14.63866
20260604_163448_L167;20260604_163448;04.06.2026;16:15:00;167;51;6896;16;U254Z6P;Na Knížecí;50.07169;14.3954
20260604_163448_L620;20260604_163448;04.06.2026;16:21:00;620;12;8432;13;U4216Z1;Kralupy n.Vlt.,žel.st.;50.23713;14.29165
20260604_163448_L749;20260604_163448;04.06.2026;16:20:00;749;14;7624;14;U7320Z1;Petrovice I;49.91172;15.39646
20260604_163448_L149;20260604_163448;04.06.2026;16:24:00;149;7;3820;11;U981Z1P;Dejvická;50.08015;14.39014
20260604_163448_L490;20260604_163448;04.06.2026;16:22:00;490;41;1630;11;U2064Z1;Stříbrná Skalice,Náměstí;49.93172;14.71454
20260604_163448_L112;20260604_163448;04.06.2026;16:23:00;112;24;6754;10;U241Z2P;Nádraží Holešovice;50.11735;14.43074
20260604_163448_L669;20260604_163448;04.06.2026;16:23:00;669;24;8120;11;U2378Z1;Sudovo Hlavno;50.26784;14.66963
20260604_163448_L197;20260604_163448;04.06.2026;16:25:00;197;4;6724;10;U989Z2P;Roztyly;50.02179;14.50023
20260604_163448_L352;20260604_163448;04.06.2026;16:25:00;352;8;4117;10;U1187Z2;Jinočany,náměstí;50.02588;14.28192
20260604_163448_L227;20260604_163448;04.06.2026;16:24:00;227;2;1590;10;U445Z1P;Nedvězí;50.01262;14.63156
20260604_163448_L228;20260604_163448;04.06.2026;16:21:00;228;13;9014;13;U1385Z1P;Benice;50.02532;14.60177
20260604_163448_L203;20260604_163448;04.06.2026;16:24:00;203;4;1915;10;U271Z2P;Háje;50.01748;14.50115
20260604_163448_L204;20260604_163448;04.06.2026;16:20:00;204;71;9011;14;U1069Z4P;Sídliště Petrovice;50.04819;14.56327
20260604_163448_L300;20260604_163448;04.06.2026;16:21:00;300;2;8993;11;U4304Z1;Smečno;50.1477;14.16032
20260604_163448_L401;20260604_163448;04.06.2026;16:22:00;401;60;7900;11;U31454Z1;Jindřichův Hradec,aut.nádr.;49.1784;14.86385
20260604_163448_L686;20260604_163448;04.06.2026;16:22:00;686;33;8118;10;U1930Z2;Úvaly,žel.st.;50.03091;14.67182
20260604_163448_L450;20260604_163448;04.06.2026;16:23:00;450;4;7502;11;U5879Z1;Milevsko,aut.st.;49.61838;14.40822
20260604_163448_L560;20260604_163448;04.06.2026;16:20:00;560;70;8386;13;U6818Z1;Rakovník,aut.st.;50.12651;13.60617
20260604_163448_L406;20260604_163448;04.06.2026;16:20:00;406;3;7933;14;U6042Z4;Vlašim,žel.st.;49.70554;14.90148
20260604_163448_L781;20260604_163448;04.06.2026;16:23:00;781;17;7606;11;U7320Z11;Čáslav,žel.st.;49.91213;15.39691
20260604_163448_L786;20260604_163448;04.06.2026;16:23:00;786;11;7604;10;U7334Z2;Paběnice,ObÚ;49.944;15.28117
20260604_163448_L805;20260604_163448;04.06.2026;16:23:00;805;15;7602;10;U7338Z2;Kutná Hora,Karlov,celní úřad;49.96221;15.27677
20260604_163448_L365;20260604_163448;04.06.2026;16:24:00;365;13;8769;10;U2117Z1;Unhošť,Nám.;50.08804;14.19666
20260604_163448_L369;20260604_163448;04.06.2026;16:24:00;369;29;8274;10;U3335Z1;Mělník,Podolí;50.34827;14.4822
20260604_163448_L381;20260604_163448;04.06.2026;16:20:00;381;11;9944;10;U336Z2;Praha,Háje;50.03634;14.5694
20260604_163448_L322;20260604_163448;04.06.2026;16:22:00;322;13;8794;11;U4391Z2;Praha,Nádraží Veleslavín;50.14267;14.17104
20260604_163448_L334;20260604_163448;04.06.2026;16:23:00;334;43;7818;11;U1330Z1;Psáry;49.96418;14.51959
20260604_163448_L182;20260604_163448;04.06.2026;16:25:00;182;3;3815;10;U975Z1P;Opatov;50.06535;14.53645
20260604_163448_L307;20260604_163448;04.06.2026;16:21:00;307;14;8953;12;U1675Z1;Kladno,autobusové nádraží;50.03114;14.19546
20260604_163448_L548;20260604_163448;04.06.2026;16:23:00;548;12;9511;11;U9616Z2;Zbiroh,nám.;49.83856;13.89669
20260604_163448_L706;20260604_163448;04.06.2026;16:20:00;706;59;1643;14;U9974Z1;Žiželice,nám.;49.90112;15.00216
20260604_163448_L112;20260604_163448;04.06.2026;16:25:00;112;25;5094;10;U115Z11P;Zoo Praha - Troja;50.1094;14.43776
20260604_163448_L130;20260604_163448;04.06.2026;16:22:00;130;5;2060;11;U4258Z1P;Řeporyjské náměstí;50.03391;14.31259
20260604_163448_L197;20260604_163448;04.06.2026;16:21:00;197;8;5121;12;U1009Z1P;Sídliště Písnice;50.00627;14.46319
20260604_163448_L300;20260604_163448;04.06.2026;16:20:00;300;7;8859;14;U4794Z1;Libušín,náměstí;50.1679;14.05407
20260604_163448_L389;20260604_163448;04.06.2026;16:12:00;389;12;7761;20;U32406Z12;Chomutov,žel.st.;50.4566;13.40021
20260604_163448_L182;20260604_163448;04.06.2026;16:20:00;182;7;3811;14;U202Z3P;Kbelský hřbitov;50.13477;14.54935
20260604_163448_L126;20260604_163448;04.06.2026;16:23:00;126;6;3954;10;U3053Z2P;Nádraží Uhříněves;50.03142;14.5985
20260604_163448_L136;20260604_163448;04.06.2026;16:22:00;136;11;6756;12;U106Z2P;Jižní Město;50.02748;14.50781
20260604_163448_L177;20260604_163448;04.06.2026;16:21:00;177;56;5065;13;U972Z2P;Chodov;50.02343;14.48849
20260604_163448_L335;20260604_163448;04.06.2026;16:22:00;335;5;9181;12;U4176Z2;Kamenice,Kult.dům;49.98348;14.49549
20260604_163448_L191;20260604_163448;04.06.2026;16:23:00;191;12;3707;11;U554Z5P;Letiště / Airport ✈;50.09025;14.3011
20260604_163448_L394;20260604_163448;04.06.2026;16:24:00;394;17;9866;10;U1745Z2;Praha,Nové Butovice;49.96528;14.07203
20260604_163448_L136;20260604_163448;04.06.2026;16:23:00;136;29;6829;11;U474Z5P;Sídliště Čakovice;50.11096;14.50245
20260604_163448_L401;20260604_163448;04.06.2026;16:22:00;401;61;7774;12;U4442Z1;Jindřichův Hradec,aut.nádr.;49.77973;14.67864
20260604_163448_L445;20260604_163448;04.06.2026;16:21:00;445;15;7414;10;U4263Z1;Vrané n.Vlt.,Žel.st.;49.93855;14.38356
20260604_163448_L484;20260604_163448;04.06.2026;16:04:00;484;31;8142;29;U2315Z1;Úvaly,žel.st.;50.07419;14.72302
20260604_163448_L339;20260604_163448;04.06.2026;16:22:00;339;17;9932;11;U1533Z2;Praha,Budějovická;49.94252;14.54739
20260604_163448_L168;20260604_163448;04.06.2026;16:21:00;168;4;2052;12;U31Z5P;Nové Butovice;50.07608;14.32391
20260604_163448_L133;20260604_163448;04.06.2026;16:24:00;133;11;4106;11;U1064Z1P;Sídliště Malešice;50.08742;14.4767
20260604_163448_L545;20260604_163448;04.06.2026;16:15:00;545;17;9450;18;U9787Z1;Hořovice,nám.B.Němcové;49.83158;13.88395
20260604_163448_L136;20260604_163448;04.06.2026;16:21:00;136;51;6886;13;U1074Z4P;Jižní Město;50.09331;14.47264
20260604_163448_L246;20260604_163448;04.06.2026;16:23:00;246;8;4173;11;U59Z1P;Poliklinika Modřany;49.99745;14.32251
20260604_163448_L136;20260604_163448;04.06.2026;16:15:00;136;14;5020;16;U1074Z4P;Jižní Město;50.09173;14.46876
20260604_163448_L136;20260604_163448;04.06.2026;16:25:00;136;1;6759;10;U451Z1P;Sídliště Čakovice;50.15061;14.51316
20260604_163448_L136;20260604_163448;04.06.2026;16:21:00;136;58;6947;13;U417Z1P;Jižní Město;50.04293;14.48774
20260604_163448_L180;20260604_163448;04.06.2026;16:22:00;180;7;6859;11;U867Z1P;Dejvická;50.09453;14.39251
20260604_163448_L195;20260604_163448;04.06.2026;16:21:00;195;7;6757;13;U326Z1P;Sídliště Letňany;50.13884;14.51724
20260604_163448_L685;20260604_163448;04.06.2026;16:19:00;685;37;1594;14;U2360Z1;Černé Voděrady;49.9385;14.70474
20260604_163448_L445;20260604_163448;04.06.2026;16:23:00;445;18;7403;11;U5931Z1;Jílové u Prahy,Náměstí;49.89901;14.49384
20260604_163448_L154;20260604_163448;04.06.2026;16:23:00;154;6;3026;11;U453Z12P;Strašnická;50.05407;14.53796
20260604_163448_L823;20260604_163448;04.06.2026;16:23:00;823;39;8127;10;U2315Z1;Úvaly,žel.st.;50.07409;14.72316
20260604_163448_L183;20260604_163448;04.06.2026;16:24:00;183;13;6912;10;U654Z1P;Háje;50.05038;14.54335
20260604_163448_L113;20260604_163448;04.06.2026;16:22:00;113;1;3912;12;U335Z1P;Sídliště Písnice;50.00826;14.46268
20260604_163448_L752;20260604_163448;04.06.2026;15:59:00;752;44;7811;35;U1384Z6;Jílové u Prahy,Náměstí;49.77943;14.68367
20260604_163448_L706;20260604_163448;04.06.2026;16:13:00;706;63;1637;18;U2816Z6;Žiželice,nám.;50.03089;15.20768
20260604_163448_L101;20260604_163448;04.06.2026;16:25:00;101;2;2322;10;U540Z3P;Viktoria Žižkov;50.07509;14.45441
20260604_163849_L181;20260604_163849;04.06.2026;16:28:00;181;8;6689;10;U219Z1P;Opatov;50.04286;14.515
20260604_163849_L761;20260604_163849;04.06.2026;16:26:00;761;42;1570;12;U1598Z1;Velké Popovice,Todice;49.92194;14.6361
20260604_163849_L307;20260604_163849;04.06.2026;16:25:00;307;14;8953;13;U1677Z1;Kladno,autobusové nádraží;50.04568;14.1853
20260604_163849_L177;20260604_163849;04.06.2026;16:24:00;177;12;6989;15;U345Z1P;Poliklinika Mazurská;50.13263;14.42834
20260604_163849_L381;20260604_163849;04.06.2026;16:20:00;381;11;9944;13;U336Z2;Praha,Háje;50.03505;14.56469
20260604_163849_L177;20260604_163849;04.06.2026;16:29:00;177;6;5080;10;U160Z1P;Chodov;50.05086;14.52431
20260604_163849_L246;20260604_163849;04.06.2026;16:28:00;246;8;4173;11;U830Z1P;Poliklinika Modřany;49.99242;14.34557
20260604_163849_L174;20260604_163849;04.06.2026;16:28:00;174;14;3941;10;U634Z1P;Třebonice;50.0332;14.31192
20260604_163849_L133;20260604_163849;04.06.2026;16:26:00;133;11;4106;11;U767Z1P;Sídliště Malešice;50.08068;14.4875
20260604_163849_L400;20260604_163849;04.06.2026;16:27:00;400;5;11656;11;U31360Z2;Praha,Střížkov;50.75942;14.55621
20260604_163849_L113;20260604_163849;04.06.2026;16:22:00;113;1;3912;17;U335Z1P;Sídliště Písnice;50.00721;14.46329
20260604_163849_L149;20260604_163849;04.06.2026;16:27:00;149;7;3820;11;U563Z1P;Dejvická;50.08527;14.37912
20260604_163849_L117;20260604_163849;04.06.2026;16:24:00;117;8;1939;14;U280Z1P;Nové Komořany;49.992;14.41058
20260604_163849_L548;20260604_163849;04.06.2026;16:26:00;548;12;9511;12;U9615Z3;Zbiroh,nám.;49.84348;13.88863
20260604_163849_L620;20260604_163849;04.06.2026;16:24:00;620;12;8432;14;U4190Z1;Kralupy n.Vlt.,žel.st.;50.2401;14.29887
20260604_163849_L197;20260604_163849;04.06.2026;16:28:00;197;4;6724;10;U52Z5P;Roztyly;50.03113;14.49131
20260604_163849_L406;20260604_163849;04.06.2026;16:27:00;406;13;7943;11;U5898Z1;Čechtice;49.7879;14.69881
20260604_163849_L484;20260604_163849;04.06.2026;16:04:00;484;31;8142;33;U2315Z1;Úvaly,žel.st.;50.07419;14.72302
20260604_163849_L490;20260604_163849;04.06.2026;16:26:00;490;41;1630;11;U2062Z1;Stříbrná Skalice,Náměstí;49.916;14.73884
20260604_163849_L686;20260604_163849;04.06.2026;16:28:00;686;33;8118;10;U5928Z2;Úvaly,žel.st.;50.03714;14.68581
20260604_163849_L394;20260604_163849;04.06.2026;16:26:00;394;17;9866;12;U4273Z1;Praha,Nové Butovice;49.96993;14.08178
20260604_163849_L401;20260604_163849;04.06.2026;16:25:00;401;64;7873;12;U6531Z1;Praha,Roztyly;49.69477;14.65072
20260604_163849_L456;20260604_163849;04.06.2026;16:25:00;456;45;7071;12;U31260Z3;Miličín;49.56987;14.81211
20260604_163849_L749;20260604_163849;04.06.2026;16:25:00;749;14;7624;13;U7319Z2;Petrovice I;49.91188;15.38715
20260604_163849_L450;20260604_163849;04.06.2026;16:27:00;450;4;7502;10;U5841Z1;Milevsko,aut.st.;49.60376;14.384
20260604_163849_L370;20260604_163849;04.06.2026;16:26:00;370;2;8110;12;U2228Z1;Kralupy n.Vlt.,žel.st.;50.26685;14.33423
20260604_163849_L752;20260604_163849;04.06.2026;15:59:00;752;44;7811;39;U1384Z6;Jílové u Prahy,Náměstí;49.77882;14.68394
20260604_163849_L227;20260604_163849;04.06.2026;16:26:00;227;2;1590;10;U455Z1P;Nedvězí;50.00926;14.64914
20260604_163849_L228;20260604_163849;04.06.2026;16:28:00;228;12;9013;10;U9691Z2P;Poliklinika Malešice;50.04361;14.58653
20260604_163849_L332;20260604_163849;04.06.2026;16:27:00;332;24;9945;10;U4861Z1;Jílové u Prahy,Náměstí;49.99187;14.48966
20260604_163849_L334;20260604_163849;04.06.2026;16:23:00;334;43;7818;12;U1330Z1;Psáry;49.9536;14.51795
20260604_163849_L322;20260604_163849;04.06.2026;16:26:00;322;13;8794;12;U4303Z51;Praha,Nádraží Veleslavín;50.15412;14.18655
20260604_163849_L335;20260604_163849;04.06.2026;16:25:00;335;5;9181;13;U1332Z1;Kamenice,Kult.dům;49.96987;14.50896
20260604_163849_L177;20260604_163849;04.06.2026;16:27:00;177;13;5016;12;U543Z1P;Poliklinika Mazurská;50.12582;14.44345
20260604_163849_L168;20260604_163849;04.06.2026;16:25:00;168;4;2052;14;U700Z1P;Nové Butovice;50.08245;14.31052
20260604_163849_L177;20260604_163849;04.06.2026;16:24:00;177;21;6831;15;U166Z1P;Chodov;50.04785;14.51999
20260604_163849_L136;20260604_163849;04.06.2026;16:26:00;136;24;6887;13;U697Z3P;Jižní Město;50.04868;14.48084
20260604_163849_L135;20260604_163849;04.06.2026;16:28:00;135;3;5103;10;U601Z1P;Chodov;50.0381;14.47905
20260604_163849_L191;20260604_163849;04.06.2026;16:27:00;191;12;3707;11;U218Z1P;Letiště / Airport ✈;50.09546;14.29331
20260604_163849_L339;20260604_163849;04.06.2026;16:27:00;339;17;9932;10;U1531Z2;Praha,Budějovická;49.95707;14.53004
20260604_163849_L332;20260604_163849;04.06.2026;16:20:00;332;21;9954;17;U1330Z1;Jílové u Prahy,Náměstí;49.9621;14.52348
20260604_163849_L136;20260604_163849;04.06.2026;16:28:00;136;29;6829;11;U603Z1P;Sídliště Čakovice;50.11914;14.50063
20260604_163849_L133;20260604_163849;04.06.2026;16:27:00;133;5;3971;10;U34Z1P;Sídliště Malešice;50.08697;14.46966
20260604_163849_L228;20260604_163849;04.06.2026;16:24:00;228;14;9012;14;U70Z6P;Poliklinika Malešice;50.07782;14.50782
20260604_163849_L177;20260604_163849;04.06.2026;16:25:00;177;17;6879;10;U474Z4P;Poliklinika Mazurská;50.11531;14.49695
20260604_163849_L332;20260604_163849;04.06.2026;16:24:00;332;20;9934;14;U1332Z2;Praha,Budějovická;49.97569;14.5011
20260604_163849_L136;20260604_163849;04.06.2026;16:26:00;136;11;6756;11;U353Z1P;Jižní Město;50.02967;14.52642
20260604_163849_L170;20260604_163849;04.06.2026;16:28:00;170;17;4189;10;U151Z1P;Jižní Město;50.03201;14.53439
20260604_163849_L112;20260604_163849;04.06.2026;16:27:00;112;25;5094;11;U588Z1P;Zoo Praha - Troja;50.11622;14.43352
20260604_163849_L781;20260604_163849;04.06.2026;16:23:00;781;17;7606;15;U7320Z11;Čáslav,žel.st.;49.91213;15.39691
20260604_163849_L300;20260604_163849;04.06.2026;16:27:00;300;2;8993;11;U4306Z1;Smečno;50.13588;14.12521
20260604_163849_L401;20260604_163849;04.06.2026;16:26:00;401;61;7774;12;U5882Z1;Jindřichův Hradec,aut.nádr.;49.76613;14.67922
20260604_163849_L382;20260604_163849;04.06.2026;16:27:00;382;5;9953;11;U402Z1;Sázava,aut.st.;50.03756;14.58532
20260604_163849_L389;20260604_163849;04.06.2026;16:12:00;389;12;7761;24;U32406Z12;Chomutov,žel.st.;50.45666;13.40021
20260604_163849_L136;20260604_163849;04.06.2026;16:27:00;136;58;6947;12;U344Z1P;Jižní Město;50.03179;14.50435
20260604_163849_L560;20260604_163849;04.06.2026;16:20:00;560;70;8386;14;U6818Z1;Rakovník,aut.st.;50.10678;13.60262
20260604_163849_L126;20260604_163849;04.06.2026;16:28:00;126;52;4026;10;U989Z1P;Koleje Jižní Město;50.02183;14.5
20260604_163849_L545;20260604_163849;04.06.2026;16:15:00;545;17;9450;21;U9787Z1;Hořovice,nám.B.Němcové;49.83163;13.88402
20260604_163849_L136;20260604_163849;04.06.2026;16:21:00;136;51;6886;16;U1074Z4P;Jižní Město;50.09212;14.4696
20260604_163849_L154;20260604_163849;04.06.2026;16:29:00;154;2;3823;10;U335Z1P;Sídliště Libuš;50.00773;14.46308
20260604_163849_L154;20260604_163849;04.06.2026;16:27:00;154;6;3026;11;U596Z3P;Strašnická;50.05398;14.5192
20260604_163849_L180;20260604_163849;04.06.2026;16:28:00;180;8;5001;10;U182Z2P;Dejvická;50.08783;14.38186
20260604_163849_L823;20260604_163849;04.06.2026;16:23:00;823;39;8127;14;U2315Z1;Úvaly,žel.st.;50.07409;14.72316
20260604_163849_L183;20260604_163849;04.06.2026;16:26:00;183;13;6912;11;U2707Z1P;Háje;50.04713;14.5557
20260604_163849_L101;20260604_163849;04.06.2026;16:26:00;101;2;2322;11;U851Z1P;Viktoria Žižkov;50.077;14.44895
20260604_164250_L181;20260604_164250;04.06.2026;16:32:00;181;8;6689;10;U344Z4P;Opatov;50.03197;14.50739
20260604_164250_L136;20260604_164250;04.06.2026;16:28:00;136;58;6947;12;U106Z2P;Jižní Město;50.02506;14.51431
20260604_164250_L177;20260604_164250;04.06.2026;16:33:00;177;6;5080;10;U409Z1P;Chodov;50.04702;14.51474
20260604_164250_L548;20260604_164250;04.06.2026;16:29:00;548;12;9511;13;U9824Z2;Zbiroh,nám.;49.84245;13.86113
20260604_164250_L668;20260604_164250;04.06.2026;16:30:00;668;17;8012;11;U1793Z8;Mšeno;50.34806;14.49067
20260604_164250_L136;20260604_164250;04.06.2026;16:28:00;136;24;6887;13;U417Z1P;Jižní Město;50.04114;14.48744
20260604_164250_L191;20260604_164250;04.06.2026;16:31:00;191;12;3707;11;U776Z1P;Letiště / Airport ✈;50.10834;14.27756
20260604_164250_L484;20260604_164250;04.06.2026;16:04:00;484;31;8142;37;U2315Z1;Úvaly,žel.st.;50.07419;14.72302
20260604_164250_L324;20260604_164250;04.06.2026;16:30:00;324;20;8972;10;U1918Z1;Slaný,Rabasova;50.14755;14.04731
20260604_164250_L109;20260604_164250;04.06.2026;16:31:00;109;3;3803;10;U97Z2P;VÚ Běchovice;50.08203;14.58873
20260604_164250_L149;20260604_164250;04.06.2026;16:27:00;149;7;3820;15;U563Z1P;Dejvická;50.08576;14.37897
20260604_164250_L101;20260604_164250;04.06.2026;16:31:00;101;2;2322;12;U2789Z2P;Viktoria Žižkov;50.0828;14.44385
20260604_164250_L201;20260604_164250;04.06.2026;16:29:00;201;12;4128;13;U1170Z2P;Nádraží Holešovice;50.1265;14.5018
20260604_164250_L126;20260604_164250;04.06.2026;16:32:00;126;12;3847;10;U151Z2P;Koleje Jižní Město;50.03167;14.53362
20260604_164250_L154;20260604_164250;04.06.2026;16:32:00;154;6;3026;11;U784Z2P;Strašnická;50.05314;14.49426
20260604_164250_L686;20260604_164250;04.06.2026;16:31:00;686;33;8118;11;U1255Z1;Úvaly,žel.st.;50.04119;14.71269
20260604_164250_L330;20260604_164250;04.06.2026;16:33:00;330;15;1259;10;U2881Z3;Libušín,náměstí;50.16235;14.11384
20260604_164250_L177;20260604_164250;04.06.2026;16:32:00;177;17;6879;10;U332Z2P;Poliklinika Mazurská;50.12593;14.48942
20260604_164250_L182;20260604_164250;04.06.2026;16:30:00;182;9;3958;10;U134Z5P;Kbelský hřbitov;50.1085;14.50202
20260604_164250_L180;20260604_164250;04.06.2026;16:30:00;180;8;5001;11;U867Z1P;Dejvická;50.09465;14.39391
20260604_164250_L120;20260604_164250;04.06.2026;16:32:00;120;5;4042;10;U501Z2P;Na Knížecí;50.02795;14.37715
20260604_164250_L133;20260604_164250;04.06.2026;16:32:00;133;5;3971;10;U767Z1P;Sídliště Malešice;50.0837;14.48196
20260604_164250_L112;20260604_164250;04.06.2026;16:30:00;112;25;5094;12;U290Z1P;Zoo Praha - Troja;50.11753;14.41691
20260604_164250_L177;20260604_164250;04.06.2026;16:31:00;177;13;5016;11;U345Z1P;Poliklinika Mazurská;50.13263;14.4284
20260604_164250_L112;20260604_164250;04.06.2026;16:33:00;112;22;5084;10;U241Z2P;Nádraží Holešovice;50.11732;14.42825
20260604_164250_L164;20260604_164250;04.06.2026;16:28:00;164;3;1952;13;U229Z2P;Malovanka;50.08721;14.3777
20260604_164250_L406;20260604_164250;04.06.2026;16:32:00;406;13;7943;11;U7983Z1;Čechtice;49.76928;14.73828
20260604_164250_L246;20260604_164250;04.06.2026;16:30:00;246;8;4173;12;U608Z1P;Poliklinika Modřany;49.98498;14.35718
20260604_164250_L467;20260604_164250;04.06.2026;16:31:00;467;58;8069;10;U2910Z1;Mladá Boleslav,aut.st.;50.32939;14.53711
20260604_164250_L749;20260604_164250;04.06.2026;16:29:00;749;14;7624;13;U7067Z2;Petrovice I;49.88873;15.35026
20260604_164250_L400;20260604_164250;04.06.2026;16:31:00;400;55;1088;10;U31360Z1;Nový Bor,aut.nádr.;50.7617;14.55333
20260604_164250_L400;20260604_164250;04.06.2026;16:30:00;400;56;1087;11;U6073Z1;Nový Bor,aut.nádr.;50.48291;14.48576
20260604_164250_L401;20260604_164250;04.06.2026;16:30:00;401;61;7774;12;U4525Z1;Jindřichův Hradec,aut.nádr.;49.74135;14.67484
20260604_164250_L401;20260604_164250;04.06.2026;16:29:00;401;64;7873;11;U6549Z1;Praha,Roztyly;49.73514;14.66002
20260604_164250_L490;20260604_164250;04.06.2026;16:30:00;490;41;1630;11;U2060Z1;Stříbrná Skalice,Náměstí;49.90235;14.74602
20260604_164250_L761;20260604_164250;04.06.2026;16:26:00;761;42;1570;16;U1598Z1;Velké Popovice,Todice;49.92311;14.63655
20260604_164250_L450;20260604_164250;04.06.2026;16:32:00;450;4;7502;10;U7842Z1;Milevsko,aut.st.;49.58203;14.38019
20260604_164250_L406;20260604_164250;04.06.2026;16:30:00;406;34;7854;13;U2139Z2;Vlašim,žel.st.;49.78963;14.68302
20260604_164250_L400;20260604_164250;04.06.2026;16:29:00;400;5;11656;13;U31359Z2;Praha,Střížkov;50.75383;14.55261
20260604_164250_L227;20260604_164250;04.06.2026;16:32:00;227;10;1591;10;U402Z2P;Háje;50.03654;14.58198
20260604_164250_L228;20260604_164250;04.06.2026;16:32:00;228;12;9013;10;U1059Z1P;Poliklinika Malešice;50.0604;14.58765
20260604_164250_L203;20260604_164250;04.06.2026;16:31:00;203;4;1915;10;U1032Z2P;Háje;50.03825;14.47915
20260604_164250_L240;20260604_164250;04.06.2026;16:33:00;240;9;1770;10;U1344Z1P;Háje;50.07821;14.60376
20260604_164250_L204;20260604_164250;04.06.2026;16:28:00;204;71;9011;14;U963Z1P;Sídliště Petrovice;50.03556;14.56255
20260604_164250_L300;20260604_164250;04.06.2026;16:29:00;300;2;8993;11;U4308Z3;Smečno;50.13515;14.10601
20260604_164250_L166;20260604_164250;04.06.2026;16:32:00;166;1;1941;10;U332Z1P;Domov seniorů Ďáblice;50.12492;14.4906
20260604_164250_L234;20260604_164250;04.06.2026;16:29:00;234;3;3892;14;U765Z1P;Nádraží Holešovice;50.11701;14.4331
20260604_164250_L370;20260604_164250;04.06.2026;16:29:00;370;2;8110;13;U2346Z1;Kralupy n.Vlt.,žel.st.;50.27275;14.3193
20260604_164250_L382;20260604_164250;04.06.2026;16:28:00;382;5;9953;14;U435Z3;Sázava,aut.st.;50.03849;14.58947
20260604_164250_L384;20260604_164250;04.06.2026;16:32:00;384;16;9867;10;U1748Z2;Praha,Zličín;49.95142;14.04541
20260604_164250_L163;20260604_164250;04.06.2026;16:32:00;163;54;9123;11;U448Z1P;Sídliště Rohožník;50.08098;14.60001
20260604_164250_L191;20260604_164250;04.06.2026;16:31:00;191;3;3946;10;U1077Z2P;Klamovka;50.07974;14.34558
20260604_164250_L149;20260604_164250;04.06.2026;16:29:00;149;3;3936;14;U254Z6P;Dejvická;50.0697;14.37933
20260604_164250_L113;20260604_164250;04.06.2026;16:29:00;113;3;3916;12;U335Z1P;Písnice;50.00588;14.46376
20260604_164250_L177;20260604_164250;04.06.2026;16:30:00;177;14;5128;10;U134Z5P;Poliklinika Mazurská;50.10793;14.50201
20260604_164250_L339;20260604_164250;04.06.2026;16:31:00;339;17;9932;11;U1330Z2;Praha,Budějovická;49.96883;14.51181
20260604_164250_L332;20260604_164250;04.06.2026;16:31:00;332;24;9945;12;U1331Z1;Jílové u Prahy,Náměstí;49.97817;14.49919
20260604_164250_L332;20260604_164250;04.06.2026;16:29:00;332;20;9934;14;U4861Z2;Praha,Budějovická;49.99493;14.4877
20260604_164250_L334;20260604_164250;04.06.2026;16:29:00;334;43;7818;12;U2129Z1;Psáry;49.93934;14.51497
20260604_164250_L322;20260604_164250;04.06.2026;16:31:00;322;13;8794;11;U4392Z1;Praha,Nádraží Veleslavín;50.1468;14.18979
20260604_164250_L338;20260604_164250;04.06.2026;16:30:00;338;41;1142;10;U4279Z1;Hradištko,Pikovice,most;49.85197;14.40568
20260604_164250_L174;20260604_164250;04.06.2026;16:31:00;174;14;3941;11;U505Z1P;Třebonice;50.03735;14.29208
20260604_164250_L177;20260604_164250;04.06.2026;16:33:00;177;9;6977;10;U225Z1P;Chodov;50.09959;14.49625
20260604_164250_L177;20260604_164250;04.06.2026;16:29:00;177;21;6831;14;U99Z1P;Chodov;50.03782;14.50922
20260604_164250_L133;20260604_164250;04.06.2026;16:30:00;133;11;4106;12;U548Z1P;Sídliště Malešice;50.08201;14.50091
20260604_164250_L168;20260604_164250;04.06.2026;16:29:00;168;4;2052;13;U630Z1P;Nové Butovice;50.08565;14.32504
20260604_164250_L456;20260604_164250;04.06.2026;16:30:00;456;45;7071;12;U32142Z2;Miličín;49.57292;14.80333
20260604_164250_L227;20260604_164250;04.06.2026;16:26:00;227;2;1590;13;U455Z1P;Nedvězí;50.00489;14.65699
20260604_164250_L182;20260604_164250;04.06.2026;16:31:00;182;3;3815;10;U403Z8P;Opatov;50.05107;14.52384
20260604_164250_L375;20260604_164250;04.06.2026;16:33:00;375;2;8297;10;U2365Z1;Brandýs n.L.-St.Bol.,Žel.st.;50.17462;14.64942
20260604_164250_L154;20260604_164250;04.06.2026;16:29:00;154;2;3823;12;U335Z1P;Sídliště Libuš;50.00616;14.46196
20260604_164250_L149;20260604_164250;04.06.2026;16:31:00;149;4;4193;11;U563Z2P;Stodůlky-Bavorská;50.08562;14.37886
20260604_164250_L112;20260604_164250;04.06.2026;16:33:00;112;23;5011;10;U241Z1P;Zoo Praha - Troja;50.11743;14.42706
20260604_164250_L126;20260604_164250;04.06.2026;16:31:00;126;9;3840;10;U3053Z2P;Nádraží Uhříněves;50.03091;14.59747
20260604_164250_L183;20260604_164250;04.06.2026;16:26:00;183;13;6912;15;U2707Z1P;Háje;50.04684;14.55615
20260604_164650_L177;20260604_164650;04.06.2026;16:37:00;177;9;6977;10;U694Z3P;Chodov;50.0916;14.49862
20260604_164650_L332;20260604_164650;04.06.2026;16:35:00;332;24;9945;11;U1330Z1;Jílové u Prahy,Náměstí;49.96575;14.51749
20260604_164650_L136;20260604_164650;04.06.2026;16:32:00;136;22;5095;14;U2787Z2P;Jižní Město;50.08772;14.45673
20260604_164650_L154;20260604_164650;04.06.2026;16:35:00;154;6;3026;11;U920Z2P;Strašnická;50.06105;14.49457
20260604_164650_L686;20260604_164650;04.06.2026;16:34:00;686;33;8118;10;U1256Z1;Úvaly,žel.st.;50.04605;14.72259
20260604_164650_L384;20260604_164650;04.06.2026;16:35:00;384;16;9867;10;U1747Z2;Praha,Zličín;49.95784;14.05861
20260604_164650_L197;20260604_164650;04.06.2026;16:32:00;197;8;5121;14;U1009Z2P;Smíchovské nádraží;50.00599;14.45847
20260604_164650_L706;20260604_164650;04.06.2026;16:34:00;706;59;1643;11;U9978Z1;Žiželice,nám.;49.93962;15.01783
20260604_164650_L126;20260604_164650;04.06.2026;16:36:00;126;12;3847;10;U43Z1P;Koleje Jižní Město;50.03561;14.51794
20260604_164650_L824;20260604_164650;04.06.2026;16:33:00;824;51;1607;12;U1984Z1;Kolín,nádraží;49.96663;14.96407
20260604_164650_L136;20260604_164650;04.06.2026;16:33:00;136;33;6840;12;U1074Z4P;Jižní Město;50.0944;14.47395
20260604_164650_L163;20260604_164650;04.06.2026;16:35:00;163;54;9123;11;U28Z1P;Sídliště Rohožník;50.0809;14.61749
20260604_164650_L120;20260604_164650;04.06.2026;16:35:00;120;5;4042;12;U1030Z4P;Na Knížecí;50.03333;14.3738
20260604_164650_L490;20260604_164650;04.06.2026;16:35:00;490;41;1630;10;U2059Z1;Stříbrná Skalice,Náměstí;49.90496;14.7684
20260604_164650_L109;20260604_164650;04.06.2026;16:31:00;109;3;3803;13;U97Z2P;VÚ Běchovice;50.08178;14.59009
20260604_164650_L338;20260604_164650;04.06.2026;16:36:00;338;41;1142;10;U2495Z1;Hradištko,Pikovice,most;49.85606;14.40274
20260604_164650_L182;20260604_164650;04.06.2026;16:35:00;182;9;3958;11;U442Z1P;Kbelský hřbitov;50.11521;14.49561
20260604_164650_L149;20260604_164650;04.06.2026;16:27:00;149;7;3820;19;U563Z1P;Dejvická;50.08601;14.37887
20260604_164650_L136;20260604_164650;04.06.2026;16:36:00;136;29;6829;11;U771Z1P;Sídliště Čakovice;50.13411;14.50622
20260604_164650_L182;20260604_164650;04.06.2026;16:35:00;182;3;3815;11;U823Z1P;Opatov;50.04506;14.51917
20260604_164650_L133;20260604_164650;04.06.2026;16:36:00;133;5;3971;10;U548Z1P;Sídliště Malešice;50.08213;14.50194
20260604_164650_L177;20260604_164650;04.06.2026;16:36:00;177;18;5553;10;U544Z1P;Poliklinika Mazurská;50.12749;14.43513
20260604_164650_L191;20260604_164650;04.06.2026;16:36:00;191;3;3946;10;U781Z2P;Klamovka;50.07988;14.36261
20260604_164650_L136;20260604_164650;04.06.2026;16:35:00;136;30;5058;12;U474Z5P;Sídliště Čakovice;50.1108;14.50254
20260604_164650_L625;20260604_164650;04.06.2026;16:36:00;625;17;8763;10;U4298Z2;Kladno,autobusové nádraží;50.15268;13.89883
20260604_164650_L858;20260604_164650;04.06.2026;16:36:00;858;66;8712;10;U4408Z1;Koleč,zámek;50.19791;14.2301
20260604_164650_L541;20260604_164650;04.06.2026;16:33:00;541;7;9822;12;U6722Z2;Městec Králové,nám.;50.20996;15.30731
20260604_164650_L489;20260604_164650;04.06.2026;16:35:00;489;26;1647;11;U2008Z3;Strančice,žel.st.;49.98938;14.74068
20260604_164650_L484;20260604_164650;04.06.2026;16:34:00;484;21;8026;11;U2315Z1;Úvaly,žel.st.;50.07418;14.72309
20260604_164650_L696;20260604_164650;04.06.2026;16:33:00;696;1;1815;12;U2910Z1;Mělník,aut.nádr.;50.33415;14.52222
20260604_164650_L467;20260604_164650;04.06.2026;16:34:00;467;58;8069;10;U9164Z1;Mladá Boleslav,aut.st.;50.31856;14.57268
20260604_164650_L182;20260604_164650;04.06.2026;16:34:00;182;4;3993;11;U538Z2P;Opatov;50.08074;14.53793
20260604_164650_L180;20260604_164650;04.06.2026;16:33:00;180;8;5001;13;U321Z4P;Dejvická;50.10003;14.39554
20260604_164650_L201;20260604_164650;04.06.2026;16:32:00;201;12;4128;15;U332Z4P;Nádraží Holešovice;50.12688;14.4887
20260604_164650_L668;20260604_164650;04.06.2026;16:35:00;668;17;8012;11;U3350Z1;Mšeno;50.36991;14.51044
20260604_164650_L749;20260604_164650;04.06.2026;16:34:00;749;14;7624;12;U7104Z3;Petrovice I;49.87039;15.32313
20260604_164650_L400;20260604_164650;04.06.2026;16:36:00;400;56;1087;10;U31056Z1;Nový Bor,aut.nádr.;50.50857;14.49172
20260604_164650_L401;20260604_164650;04.06.2026;16:34:00;401;61;7774;12;U4557Z1;Jindřichův Hradec,aut.nádr.;49.73283;14.66114
20260604_164650_L143;20260604_164650;04.06.2026;16:36:00;143;2;5123;10;U867Z2P;Stadion Strahov;50.09158;14.38592
20260604_164650_L191;20260604_164650;04.06.2026;16:34:00;191;12;3707;12;U629Z3P;Letiště / Airport ✈;50.1046;14.26962
20260604_164650_L406;20260604_164650;04.06.2026;16:35:00;406;13;7943;10;U7855Z1;Čechtice;49.74988;14.77657
20260604_164650_L414;20260604_164650;04.06.2026;16:33:00;414;20;1521;11;U4259Z12;Praha,Terminál 1;50.11332;14.28285
20260604_164650_L330;20260604_164650;04.06.2026;16:35:00;330;5;1289;10;U80Z4;Praha,Nádraží Veleslavín;50.09284;14.31661
20260604_164650_L400;20260604_164650;04.06.2026;16:33:00;400;5;11656;12;U31357Z2;Praha,Střížkov;50.72152;14.54571
20260604_164650_L401;20260604_164650;04.06.2026;16:35:00;401;64;7873;11;U4556Z2;Praha,Roztyly;49.73778;14.66649
20260604_164650_L149;20260604_164650;04.06.2026;16:33:00;149;3;3936;14;U565Z1P;Dejvická;50.07246;14.37388
20260604_164650_L365;20260604_164650;04.06.2026;16:35:00;365;8;8874;11;U9291Z2;Stochov,nám.;50.13872;13.96867
20260604_164650_L365;20260604_164650;04.06.2026;16:35:00;365;12;8832;11;U610Z4;Praha,Motol;50.07872;14.34356
20260604_164650_L370;20260604_164650;04.06.2026;16:33:00;370;2;8110;12;U2231Z1;Kralupy n.Vlt.,žel.st.;50.25087;14.32041
20260604_164650_L227;20260604_164650;04.06.2026;16:26:00;227;2;1590;15;U455Z1P;Nedvězí;50.00424;14.66673
20260604_164650_L203;20260604_164650;04.06.2026;16:36:00;203;4;1915;10;U181Z1P;Háje;50.03955;14.49043
20260604_164650_L227;20260604_164650;04.06.2026;16:33:00;227;10;1591;12;U26Z2P;Háje;50.03597;14.56631
20260604_164650_L228;20260604_164650;04.06.2026;16:34:00;228;12;9013;10;U107Z1P;Poliklinika Malešice;50.06965;14.57688
20260604_164650_L240;20260604_164650;04.06.2026;16:35:00;240;9;1770;11;U4117Z1P;Háje;50.06364;14.59495
20260604_164650_L300;20260604_164650;04.06.2026;16:34:00;300;2;8993;12;U3094Z1;Smečno;50.1422;14.09795
20260604_164650_L450;20260604_164650;04.06.2026;16:36:00;450;4;7502;10;U7815Z1;Milevsko,aut.st.;49.56268;14.35825
20260604_164650_L511;20260604_164650;04.06.2026;16:36:00;511;14;9616;10;U3290Z2;Příbram,aut.nádr.;49.59373;13.98587
20260604_164650_L456;20260604_164650;04.06.2026;16:34:00;456;45;7071;12;U32139Z2;Miličín;49.5909;14.79423
20260604_164650_L322;20260604_164650;04.06.2026;16:35:00;322;13;8794;11;U4302Z2;Praha,Nádraží Veleslavín;50.14591;14.1998
20260604_164650_L332;20260604_164650;04.06.2026;16:33:00;332;20;9934;13;U799Z3;Praha,Budějovická;50.01174;14.47661
20260604_164650_L339;20260604_164650;04.06.2026;16:35:00;339;17;9932;11;U4176Z1;Praha,Budějovická;49.98407;14.49526
20260604_164650_L154;20260604_164650;04.06.2026;16:36:00;154;1;3009;10;U1009Z1P;Strašnická;50.0061;14.46182
20260604_164650_L406;20260604_164650;04.06.2026;16:33:00;406;34;7854;10;U1384Z16;Vlašim,žel.st.;49.77992;14.684
20260604_164650_L177;20260604_164650;04.06.2026;16:32:00;177;21;6831;15;U106Z2P;Chodov;50.02791;14.50763
20260604_164650_L112;20260604_164650;04.06.2026;16:33:00;112;22;5084;13;U241Z2P;Nádraží Holešovice;50.11734;14.43158
20260604_164650_L180;20260604_164650;04.06.2026;16:36:00;180;12;6939;11;U182Z2P;Dejvická;50.08781;14.38185
20260604_164650_L112;20260604_164650;04.06.2026;16:36:00;112;25;5094;10;U290Z2P;Nádraží Holešovice;50.11733;14.4162
20260604_164650_L136;20260604_164650;04.06.2026;16:32:00;136;58;6947;13;U353Z1P;Jižní Město;50.02621;14.52149
20260604_164650_L177;20260604_164650;04.06.2026;16:33:00;177;14;5128;12;U474Z4P;Poliklinika Mazurská;50.11243;14.50247
20260604_164650_L180;20260604_164650;04.06.2026;16:34:00;180;4;6864;11;U867Z2P;Obchodní centrum Zličín;50.09146;14.38569
20260604_164650_L246;20260604_164650;04.06.2026;16:34:00;246;8;4173;12;U1042Z2P;Poliklinika Modřany;49.99041;14.37052
20260604_164650_L168;20260604_164650;04.06.2026;16:33:00;168;4;2052;13;U541Z7P;Nové Butovice;50.08596;14.33916
20260604_164650_L136;20260604_164650;04.06.2026;16:34:00;136;24;6887;12;U344Z1P;Jižní Město;50.0315;14.50539
20260604_164650_L149;20260604_164650;04.06.2026;16:33:00;149;4;4193;12;U362Z10P;Stodůlky-Bavorská;50.08271;14.38967
20260604_165051_L110;20260604_165051;04.06.2026;16:40:00;110;3;1477;10;U657Z1P;Dolní Počernice;50.10348;14.54976
20260604_165051_L112;20260604_165051;04.06.2026;16:38:00;112;25;5094;12;U241Z2P;Nádraží Holešovice;50.11733;14.42873
20260604_165051_L113;20260604_165051;04.06.2026;16:40:00;113;6;4154;11;U228Z1P;Sídliště Písnice;50.04201;14.46098
20260604_165051_L113;20260604_165051;04.06.2026;16:37:00;113;2;4048;12;U335Z1P;Sídliště Písnice;50.00622;14.46359
20260604_165051_L120;20260604_165051;04.06.2026;16:39:00;120;5;4042;12;U682Z3P;Na Knížecí;50.03792;14.391
20260604_165051_L126;20260604_165051;04.06.2026;16:39:00;126;12;3847;11;U99Z2P;Koleje Jižní Město;50.03668;14.50868
20260604_165051_L126;20260604_165051;04.06.2026;16:38:00;126;10;3829;11;U3053Z2P;Nádraží Uhříněves;50.03149;14.59854
20260604_165051_L133;20260604_165051;04.06.2026;16:39:00;133;1;3006;11;U34Z1P;Sídliště Malešice;50.08847;14.46893
20260604_165051_L136;20260604_165051;04.06.2026;16:38:00;136;5;6959;10;U69Z1P;Sídliště Čakovice;50.09011;14.4667
20260604_165051_L136;20260604_165051;04.06.2026;16:38:00;136;29;6829;11;U125Z1P;Sídliště Čakovice;50.14207;14.50522
20260604_165051_L136;20260604_165051;04.06.2026;16:40:00;136;30;5058;11;U603Z1P;Sídliště Čakovice;50.11872;14.49973
20260604_165051_L136;20260604_165051;04.06.2026;16:33:00;136;33;6840;16;U1074Z4P;Jižní Město;50.09239;14.47043
20260604_165051_L136;20260604_165051;04.06.2026;16:39:00;136;15;5026;10;U1074Z4P;Jižní Město;50.09361;14.47307
20260604_165051_L136;20260604_165051;04.06.2026;16:38:00;136;22;5095;12;U118Z4P;Jižní Město;50.07877;14.46058
20260604_165051_L143;20260604_165051;04.06.2026;16:36:00;143;2;5123;14;U867Z2P;Stadion Strahov;50.09109;14.38537
20260604_165051_L149;20260604_165051;04.06.2026;16:37:00;149;4;4193;13;U1407Z1P;Stodůlky-Bavorská;50.07911;14.38257
20260604_165051_L154;20260604_165051;04.06.2026;16:41:00;154;1;3009;10;U91Z2P;Strašnická;50.01115;14.4727
20260604_165051_L154;20260604_165051;04.06.2026;16:40:00;154;6;3026;11;U599Z1P;Strašnická;50.07061;14.48856
20260604_165051_L163;20260604_165051;04.06.2026;16:38:00;163;54;9123;12;U36Z1P;Sídliště Rohožník;50.07757;14.65298
20260604_165051_L167;20260604_165051;04.06.2026;16:38:00;167;54;6924;11;U254Z6P;Na Knížecí;50.07055;14.38609
20260604_165051_L168;20260604_165051;04.06.2026;16:36:00;168;4;2052;13;U844Z4P;Nové Butovice;50.08568;14.34854
20260604_165051_L170;20260604_165051;04.06.2026;16:41:00;170;3;3860;10;U1402Z2P;Jižní Město;50.04837;14.4588
20260604_165051_L177;20260604_165051;04.06.2026;16:40:00;177;9;6977;10;U2703Z1P;Chodov;50.08932;14.51338
20260604_165051_L177;20260604_165051;04.06.2026;16:36:00;177;21;6831;14;U982Z2P;Chodov;50.0215;14.49389
20260604_165051_L177;20260604_165051;04.06.2026;16:39:00;177;14;5128;11;U665Z2P;Poliklinika Mazurská;50.12253;14.49387
20260604_165051_L177;20260604_165051;04.06.2026;16:40:00;177;17;6879;10;U675Z3P;Poliklinika Mazurská;50.1247;14.45518
20260604_165051_L177;20260604_165051;04.06.2026;16:40:00;177;18;5553;10;U511Z1P;Poliklinika Mazurská;50.13091;14.42455
20260604_165051_L180;20260604_165051;04.06.2026;16:36:00;180;4;6864;15;U182Z1P;Obchodní centrum Zličín;50.08905;14.38173
20260604_165051_L180;20260604_165051;04.06.2026;16:38:00;180;12;6939;11;U867Z1P;Dejvická;50.09481;14.39603
20260604_165051_L181;20260604_165051;04.06.2026;16:38:00;181;4;6781;11;U403Z8P;Opatov;50.05134;14.5235
20260604_165051_L182;20260604_165051;04.06.2026;16:39:00;182;3;3815;11;U99Z1P;Opatov;50.035;14.50811
20260604_165051_L182;20260604_165051;04.06.2026;16:36:00;182;4;3993;14;U747Z1P;Opatov;50.07866;14.53784
20260604_165051_L182;20260604_165051;04.06.2026;16:39:00;182;9;3958;12;U500Z1P;Kbelský hřbitov;50.12056;14.50322
20260604_165051_L183;20260604_165051;04.06.2026;16:39:00;183;15;5511;10;U276Z1P;Háje;50.09062;14.5342
20260604_165051_L191;20260604_165051;04.06.2026;16:34:00;191;12;3707;15;U629Z3P;Letiště / Airport ✈;50.10566;14.27142
20260604_165051_L197;20260604_165051;04.06.2026;16:37:00;197;8;5121;14;U494Z3P;Smíchovské nádraží;50.01759;14.4474
20260604_165051_L207;20260604_165051;04.06.2026;16:39:00;207;15;3714;10;U32Z1P;Staroměstská;50.09004;14.4352
20260604_165051_L227;20260604_165051;04.06.2026;16:39:00;227;2;1590;11;U132Z2P;Háje;50.01727;14.65257
20260604_165051_L227;20260604_165051;04.06.2026;16:39:00;227;3;1598;10;U461Z2P;Nedvězí;50.03352;14.5953
20260604_165051_L227;20260604_165051;04.06.2026;16:36:00;227;10;1591;13;U338Z2P;Háje;50.03333;14.54431
20260604_165051_L232;20260604_165051;04.06.2026;16:39:00;232;12;4184;12;U337Z9P;Na Knížecí;50.05135;14.40947
20260604_165051_L240;20260604_165051;04.06.2026;16:40:00;240;9;1770;10;U108Z2P;Háje;50.05587;14.57983
20260604_165051_L246;20260604_165051;04.06.2026;16:40:00;246;8;4173;11;U315Z1P;Poliklinika Modřany;49.98977;14.39881
20260604_165051_L246;20260604_165051;04.06.2026;16:37:00;246;9;3819;13;U4258Z1P;Poliklinika Modřany;50.03601;14.31383
20260604_165051_L824;20260604_165051;04.06.2026;16:33:00;824;51;1607;17;U1984Z1;Kolín,nádraží;49.96662;14.96407
20260604_165051_L858;20260604_165051;04.06.2026;16:36:00;858;66;8712;14;U4408Z1;Koleč,zámek;50.19791;14.2301
20260604_165051_L300;20260604_165051;04.06.2026;16:36:00;300;2;8993;14;U4313Z3;Smečno;50.14434;14.09196
20260604_165051_L325;20260604_165051;04.06.2026;16:40:00;325;16;1636;10;U136Z2;Praha,Nádraží Uhříněves;50.02825;14.5933
20260604_165051_L330;20260604_165051;04.06.2026;16:37:00;330;5;1289;10;U85Z1;Praha,Nádraží Veleslavín;50.09546;14.34553
20260604_165051_L330;20260604_165051;04.06.2026;16:40:00;330;15;1259;10;U2876Z2;Libušín,náměstí;50.17117;14.08887
20260604_165051_L332;20260604_165051;04.06.2026;16:36:00;332;20;9934;13;U908Z2;Praha,Budějovická;50.02874;14.45618
20260604_165051_L332;20260604_165051;04.06.2026;16:36:00;332;21;9954;14;U2107Z1;Jílové u Prahy,Náměstí;49.90736;14.49199
20260604_165051_L332;20260604_165051;04.06.2026;16:35:00;332;24;9945;15;U1330Z1;Jílové u Prahy,Náměstí;49.96422;14.51955
20260604_165051_L335;20260604_165051;04.06.2026;16:39:00;335;6;9131;10;U1561Z11;Praha,Budějovická;49.92145;14.62082
20260604_165051_L338;20260604_165051;04.06.2026;16:40:00;338;41;1142;10;U2498Z1;Hradištko,Pikovice,most;49.86766;14.40892
20260604_165051_L339;20260604_165051;04.06.2026;16:38:00;339;17;9932;12;U4861Z2;Praha,Budějovická;49.99507;14.48758
20260604_165051_L365;20260604_165051;04.06.2026;16:38:00;365;8;8874;12;U9292Z1;Stochov,nám.;50.14842;13.96169
20260604_165051_L365;20260604_165051;04.06.2026;16:38:00;365;12;8832;12;U306Z2;Praha,Motol;50.07385;14.33871
20260604_165051_L370;20260604_165051;04.06.2026;16:40:00;370;21;1248;10;U2219Z1;Praha,Kobylisy;50.17667;14.44649
20260604_165051_L384;20260604_165051;04.06.2026;16:37:00;384;16;9867;13;U1746Z2;Praha,Zličín;49.96122;14.06641
20260604_165051_L401;20260604_165051;04.06.2026;16:39:00;401;61;7774;11;U6559Z2;Jindřichův Hradec,aut.nádr.;49.70262;14.65462
20260604_165051_L401;20260604_165051;04.06.2026;16:37:00;401;64;7873;12;U4525Z2;Praha,Roztyly;49.74997;14.67278
20260604_165051_L406;20260604_165051;04.06.2026;16:40:00;406;13;7943;10;U7609Z1;Čechtice;49.7357;14.8206
20260604_165051_L412;20260604_165051;04.06.2026;16:39:00;412;42;9909;10;U31011Z2;Praha,Černý Most;50.44504;15.33036
20260604_165051_L450;20260604_165051;04.06.2026;16:40:00;450;4;7502;10;U7811Z1;Milevsko,aut.st.;49.55384;14.33722
20260604_165051_L456;20260604_165051;04.06.2026;16:39:00;456;45;7071;11;U32147Z2;Miličín;49.6031;14.76765
20260604_165051_L467;20260604_165051;04.06.2026;16:40:00;467;58;8069;10;U9166Z2;Mladá Boleslav,aut.st.;50.31182;14.60819
20260604_165051_L484;20260604_165051;04.06.2026;16:34:00;484;21;8026;15;U2315Z1;Úvaly,žel.st.;50.07418;14.72309
20260604_165051_L489;20260604_165051;04.06.2026;16:35:00;489;26;1647;15;U2008Z3;Strančice,žel.st.;49.98938;14.74069
20260604_165051_L490;20260604_165051;04.06.2026;16:40:00;490;41;1630;10;U9619Z1;Stříbrná Skalice,Náměstí;49.90965;14.78592
20260604_165051_L511;20260604_165051;04.06.2026;16:38:00;511;14;9616;10;U5737Z1;Příbram,aut.nádr.;49.59866;13.99445
20260604_165051_L541;20260604_165051;04.06.2026;16:33:00;541;7;9822;17;U6722Z2;Městec Králové,nám.;50.20996;15.30731
20260604_165051_L560;20260604_165051;04.06.2026;16:36:00;560;70;8386;14;U6813Z1;Rakovník,aut.st.;50.14454;13.64797
20260604_165051_L641;20260604_165051;04.06.2026;16:37:00;641;19;9406;12;U9856Z1;Beroun,autobusové nádraží;49.88479;13.95002
20260604_165051_L668;20260604_165051;04.06.2026;16:39:00;668;17;8012;10;U4352Z1;Mšeno;50.38418;14.54342
20260604_165051_L686;20260604_165051;04.06.2026;16:38:00;686;33;8118;11;U1611Z2;Úvaly,žel.st.;50.0629;14.73596
20260604_165051_L696;20260604_165051;04.06.2026;16:36:00;696;1;1815;13;U3328Z2;Mělník,aut.nádr.;50.34639;14.49354
20260604_165051_L706;20260604_165051;04.06.2026;16:39:00;706;59;1643;10;U2151Z1;Žiželice,nám.;49.95311;15.0314
20260604_165051_L749;20260604_165051;04.06.2026;16:37:00;749;14;7624;12;U7302Z2;Petrovice I;49.88093;15.32291
20260604_165451_L113;20260604_165451;04.06.2026;16:40:00;113;6;4154;12;U228Z1P;Sídliště Písnice;50.03427;14.45552
20260604_165451_L120;20260604_165451;04.06.2026;16:41:00;120;5;4042;13;U146Z2P;Na Knížecí;50.0416;14.39468
20260604_165451_L125;20260604_165451;04.06.2026;16:44:00;125;13;5518;10;U151Z1P;Skalka;50.03211;14.53452
20260604_165451_L133;20260604_165451;04.06.2026;16:43:00;133;1;3006;12;U357Z1P;Sídliště Malešice;50.0862;14.48204
20260604_165451_L136;20260604_165451;04.06.2026;16:43:00;136;5;6959;12;U1074Z3P;Sídliště Čakovice;50.0954;14.47603
20260604_165451_L136;20260604_165451;04.06.2026;16:43:00;136;29;6829;11;U451Z1P;Sídliště Čakovice;50.15081;14.51438
20260604_165451_L136;20260604_165451;04.06.2026;16:42:00;136;30;5058;10;U606Z1P;Sídliště Čakovice;50.12506;14.51551
20260604_165451_L136;20260604_165451;04.06.2026;16:33:00;136;33;6840;18;U1074Z4P;Jižní Město;50.09183;14.46893
20260604_165451_L136;20260604_165451;04.06.2026;16:39:00;136;15;5026;14;U1074Z4P;Jižní Město;50.09246;14.47057
20260604_165451_L136;20260604_165451;04.06.2026;16:43:00;136;22;5095;12;U855Z1P;Jižní Město;50.07446;14.46391
20260604_165451_L137;20260604_165451;04.06.2026;16:45:00;137;8;3931;10;U815Z2P;Na Knížecí;50.06181;14.383
20260604_165451_L149;20260604_165451;04.06.2026;16:40:00;149;4;4193;15;U579Z4P;Stodůlky-Bavorská;50.07495;14.37246
20260604_165451_L149;20260604_165451;04.06.2026;16:44:00;149;8;3804;10;U254Z6P;Dejvická;50.06975;14.37921
20260604_165451_L154;20260604_165451;04.06.2026;16:42:00;154;3;3839;11;U2901Z1P;Sídliště Libuš;50.00947;14.46428
20260604_165451_L163;20260604_165451;04.06.2026;16:41:00;163;54;9123;13;U719Z1P;Sídliště Rohožník;50.0751;14.66626
20260604_165451_L167;20260604_165451;04.06.2026;16:38:00;167;54;6924;13;U254Z6P;Na Knížecí;50.0716;14.39384
20260604_165451_L168;20260604_165451;04.06.2026;16:42:00;168;4;2052;13;U1100Z1P;Nové Butovice;50.07554;14.34689
20260604_165451_L177;20260604_165451;04.06.2026;16:43:00;177;9;6977;12;U660Z4P;Chodov;50.08329;14.50947
20260604_165451_L177;20260604_165451;04.06.2026;16:41:00;177;14;5128;13;U467Z2P;Poliklinika Mazurská;50.12922;14.48237
20260604_165451_L177;20260604_165451;04.06.2026;16:43:00;177;17;6879;11;U544Z1P;Poliklinika Mazurská;50.12752;14.43514
20260604_165451_L180;20260604_165451;04.06.2026;16:40:00;180;4;6864;14;U44Z1P;Obchodní centrum Zličín;50.08554;14.36468
20260604_165451_L180;20260604_165451;04.06.2026;16:41:00;180;13;6899;12;U229Z2P;Dejvická;50.08715;14.37735
20260604_165451_L181;20260604_165451;04.06.2026;16:43:00;181;1;6830;11;U747Z1P;Opatov;50.07939;14.53787
20260604_165451_L181;20260604_165451;04.06.2026;16:43:00;181;4;6781;12;U219Z1P;Opatov;50.04313;14.51594
20260604_165451_L182;20260604_165451;04.06.2026;16:40:00;182;4;3993;15;U975Z1P;Opatov;50.06539;14.53646
20260604_165451_L182;20260604_165451;04.06.2026;16:43:00;182;9;3958;11;U1000Z10P;Kbelský hřbitov;50.12586;14.51528
20260604_165451_L183;20260604_165451;04.06.2026;16:42:00;183;15;5511;13;U538Z2P;Háje;50.08598;14.53751
20260604_165451_L191;20260604_165451;04.06.2026;16:45:00;191;3;3946;10;U443Z2P;Klamovka;50.07259;14.37685
20260604_165451_L191;20260604_165451;04.06.2026;16:34:00;191;12;3707;19;U629Z3P;Letiště / Airport ✈;50.10564;14.27132
20260604_165451_L197;20260604_165451;04.06.2026;16:40:00;197;8;5121;14;U658Z6P;Smíchovské nádraží;50.01838;14.43611
20260604_165451_L207;20260604_165451;04.06.2026;16:42:00;207;15;3714;12;U87Z2P;Staroměstská;50.09021;14.4279
20260604_165451_L227;20260604_165451;04.06.2026;16:42:00;227;3;1598;11;U336Z1P;Nedvězí;50.02957;14.60224
20260604_165451_L228;20260604_165451;04.06.2026;16:43:00;228;12;9013;11;U1014Z2P;Poliklinika Malešice;50.07229;14.54316
20260604_165451_L232;20260604_165451;04.06.2026;16:42:00;232;12;4184;12;U468Z2P;Na Knížecí;50.05625;14.40563
20260604_165451_L240;20260604_165451;04.06.2026;16:43:00;240;9;1770;10;U215Z2P;Háje;50.05223;14.56649
20260604_165451_L244;20260604_165451;04.06.2026;16:44:00;244;4;3817;10;U456Z3P;Sídliště Radotín;49.98337;14.3612
20260604_165451_L246;20260604_165451;04.06.2026;16:43:00;246;8;4173;11;U902Z1P;Poliklinika Modřany;49.97586;14.39414
20260604_165451_L246;20260604_165451;04.06.2026;16:37:00;246;9;3819;16;U4258Z1P;Poliklinika Modřany;50.03494;14.31389
20260604_165451_L250;20260604_165451;04.06.2026;16:45:00;250;52;6889;10;U3008Z1P;Sídliště Rohožník;50.07735;14.65417
20260604_165451_L824;20260604_165451;04.06.2026;16:33:00;824;51;1607;21;U1984Z1;Kolín,nádraží;49.96659;14.96413
20260604_165451_L858;20260604_165451;04.06.2026;16:36:00;858;66;8712;18;U4408Z1;Koleč,zámek;50.19791;14.2301
20260604_165451_L300;20260604_165451;04.06.2026;16:42:00;300;2;8993;12;U3095Z1;Smečno;50.14084;14.07198
20260604_165451_L325;20260604_165451;04.06.2026;16:41:00;325;16;1636;13;U3053Z2;Praha,Nádraží Uhříněves;50.03012;14.59571
20260604_165451_L330;20260604_165451;04.06.2026;16:44:00;330;15;1259;10;U2871Z1;Libušín,náměstí;50.16676;14.06731
20260604_165451_L335;20260604_165451;04.06.2026;16:41:00;335;6;9131;10;U1563Z3;Praha,Budějovická;49.93026;14.58826
20260604_165451_L338;20260604_165451;04.06.2026;16:42:00;338;41;1142;11;U2499Z1;Hradištko,Pikovice,most;49.86891;14.4279
20260604_165451_L339;20260604_165451;04.06.2026;16:42:00;339;17;9932;12;U799Z3;Praha,Budějovická;50.01175;14.47655
20260604_165451_L339;20260604_165451;04.06.2026;16:43:00;339;11;9942;10;U1330Z1;Týnec n.Sáz.,žel.st.;49.96394;14.52004
20260604_165451_L356;20260604_165451;04.06.2026;16:43:00;356;35;8753;10;U5971Z2;Praha,Obchodní centrum Ruzyně;50.11548;14.28527
20260604_165451_L370;20260604_165451;04.06.2026;16:43:00;370;21;1248;11;U2216Z2;Praha,Kobylisy;50.16744;14.45254
20260604_165451_L375;20260604_165451;04.06.2026;16:44:00;375;2;8297;10;U1830Z1;Brandýs n.L.-St.Bol.,Žel.st.;50.20361;14.68867
20260604_165451_L385;20260604_165451;04.06.2026;16:43:00;385;19;1623;11;U2006Z1;Zvánovice;49.98916;14.71525
20260604_165451_L401;20260604_165451;04.06.2026;16:44:00;401;61;7774;10;U6525Z2;Jindřichův Hradec,aut.nádr.;49.67118;14.6419
20260604_165451_L401;20260604_165451;04.06.2026;16:42:00;401;64;7873;12;U4522Z2;Praha,Roztyly;49.77314;14.68038
20260604_165451_L406;20260604_165451;04.06.2026;16:44:00;406;34;7854;10;U5937Z1;Vlašim,žel.st.;49.78018;14.70533
20260604_165451_L412;20260604_165451;04.06.2026;16:44:00;412;42;9909;10;U31007Z2;Praha,Černý Most;50.45593;15.28533
20260604_165451_L450;20260604_165451;04.06.2026;16:44:00;450;4;7502;10;U7820Z1;Milevsko,aut.st.;49.53119;14.35304
20260604_165451_L456;20260604_165451;04.06.2026;16:41:00;456;45;7071;11;U32146Z2;Miličín;49.59948;14.73342
20260604_165451_L484;20260604_165451;04.06.2026;16:34:00;484;21;8026;19;U2315Z1;Úvaly,žel.st.;50.07418;14.72309
20260604_165451_L489;20260604_165451;04.06.2026;16:35:00;489;26;1647;19;U2008Z3;Strančice,žel.st.;49.98938;14.74069
20260604_165451_L541;20260604_165451;04.06.2026;16:33:00;541;7;9822;21;U6722Z2;Městec Králové,nám.;50.20996;15.30731
20260604_165451_L560;20260604_165451;04.06.2026;16:40:00;560;70;8386;12;U6810Z1;Rakovník,aut.st.;50.13551;13.68773
20260604_165451_L640;20260604_165451;04.06.2026;16:42:00;640;28;9585;10;U9810Z1;Hostomice,nám.;49.82576;14.04523
20260604_165451_L662;20260604_165451;04.06.2026;16:41:00;662;11;1688;10;U2422Z2;Kounice;50.11043;14.84942
20260604_165451_L686;20260604_165451;04.06.2026;16:43:00;686;33;8118;11;U2315Z1;Úvaly,žel.st.;50.07327;14.72547
20260604_165451_L749;20260604_165451;04.06.2026;16:42:00;749;14;7624;12;U7303Z1;Petrovice I;49.86894;15.31441
20260604_165451_L773;20260604_165451;04.06.2026;16:40:00;773;3;7546;12;U2033Z2;Sázava,aut.st.;49.86658;14.90191
20260604_165852_L182;20260604_165852;04.06.2026;16:46:00;182;9;3958;13;U109Z1P;Kbelský hřbitov;50.1244;14.53203
20260604_165852_L136;20260604_165852;04.06.2026;16:48:00;136;3;5534;10;U606Z1P;Sídliště Čakovice;50.12264;14.50722
20260604_165852_L151;20260604_165852;04.06.2026;16:47:00;151;2;2334;11;U591Z2P;Českomoravská;50.11292;14.50671
20260604_165852_L136;20260604_165852;04.06.2026;16:45:00;136;16;6969;11;U1074Z4P;Jižní Město;50.09227;14.47004
20260604_165852_L113;20260604_165852;04.06.2026;16:44:00;113;2;4048;14;U369Z2P;Kačerov;50.00148;14.46649
20260604_165852_L773;20260604_165852;04.06.2026;16:45:00;773;3;7546;12;U7915Z2;Sázava,aut.st.;49.84375;14.90367
20260604_165852_L385;20260604_165852;04.06.2026;16:45:00;385;19;1623;13;U2007Z1;Zvánovice;49.98999;14.72598
20260604_165852_L125;20260604_165852;04.06.2026;16:48:00;125;6;6981;10;U286Z3P;Smíchovské nádraží;50.03023;14.52544
20260604_165852_L164;20260604_165852;04.06.2026;16:48:00;164;5;1951;10;U229Z2P;Malovanka;50.08674;14.37372
20260604_165852_L136;20260604_165852;04.06.2026;16:39:00;136;15;5026;17;U1074Z4P;Jižní Město;50.0904;14.46778
20260604_165852_L177;20260604_165852;04.06.2026;16:45:00;177;14;5128;12;U78Z3P;Poliklinika Mazurská;50.12653;14.47009
20260604_165852_L227;20260604_165852;04.06.2026;16:46:00;227;3;1598;12;U828Z1P;Nedvězí;50.02492;14.60937
20260604_165852_L183;20260604_165852;04.06.2026;16:42:00;183;15;5511;15;U538Z2P;Háje;50.08152;14.53793
20260604_165852_L445;20260604_165852;04.06.2026;16:48:00;445;15;7414;10;U1586Z1;Jílové u Prahy,Náměstí;49.89757;14.46937
20260604_165852_L201;20260604_165852;04.06.2026;16:48:00;201;17;4130;10;U870Z4P;Nádraží Holešovice;50.11774;14.4656
20260604_165852_L149;20260604_165852;04.06.2026;16:46:00;149;8;3804;12;U254Z4P;Dejvická;50.07195;14.37994
20260604_165852_L182;20260604_165852;04.06.2026;16:45:00;182;4;3993;14;U472Z4P;Opatov;50.05288;14.5288
20260604_165852_L484;20260604_165852;04.06.2026;16:34:00;484;21;8026;22;U2315Z1;Úvaly,žel.st.;50.07418;14.72309
20260604_165852_L207;20260604_165852;04.06.2026;16:45:00;207;15;3714;13;U620Z2P;Staroměstská;50.09228;14.41801
20260604_165852_L640;20260604_165852;04.06.2026;16:42:00;640;28;9585;14;U9810Z1;Hostomice,nám.;49.82576;14.04523
20260604_165852_L228;20260604_165852;04.06.2026;16:46:00;228;12;9013;11;U741Z2P;Poliklinika Malešice;50.07129;14.53923
20260604_165852_L240;20260604_165852;04.06.2026;16:48:00;240;9;1770;10;U154Z1P;Háje;50.04707;14.55573
20260604_165852_L166;20260604_165852;04.06.2026;16:46:00;166;1;1941;12;U3007Z1P;Domov seniorů Ďáblice;50.11674;14.46111
20260604_165852_L300;20260604_165852;04.06.2026;16:44:00;300;2;8993;13;U1918Z1;Smečno;50.15035;14.0531
20260604_165852_L300;20260604_165852;04.06.2026;16:44:00;300;9;8883;11;U80Z3;Hřebeč;50.11985;14.27734
20260604_165852_L696;20260604_165852;04.06.2026;16:47:00;696;1;1815;11;U3328Z1;Chorušice;50.34298;14.50159
20260604_165852_L406;20260604_165852;04.06.2026;16:45:00;406;1;7934;13;U2139Z2;Pelhřimov,aut.nádr.;49.7873;14.6839
20260604_165852_L412;20260604_165852;04.06.2026;16:48:00;412;42;9909;10;U31004Z2;Praha,Černý Most;50.455;15.22814
20260604_165852_L401;20260604_165852;04.06.2026;16:46:00;401;61;7774;11;U6511Z1;Jindřichův Hradec,aut.nádr.;49.65095;14.63192
20260604_165852_L579;20260604_165852;04.06.2026;16:46:00;579;1;1207;10;U4025Z2;Branov;50.00027;13.86153
20260604_165852_L456;20260604_165852;04.06.2026;16:44:00;456;45;7071;12;U6581Z3;Miličín;49.58699;14.70663
20260604_165852_L339;20260604_165852;04.06.2026;16:46:00;339;11;9942;12;U1531Z1;Týnec n.Sáz.,žel.st.;49.95194;14.53782
20260604_165852_L356;20260604_165852;04.06.2026;16:46:00;356;35;8753;12;U776Z2;Praha,Obchodní centrum Ruzyně;50.10834;14.27831
20260604_165852_L163;20260604_165852;04.06.2026;16:47:00;163;56;9483;10;U448Z1P;Sídliště Rohožník;50.08059;14.60404
20260604_165852_L110;20260604_165852;04.06.2026;16:46:00;110;3;1477;11;U207Z3P;Dolní Počernice;50.08995;14.5472
20260604_165852_L370;20260604_165852;04.06.2026;16:46:00;370;21;1248;12;U92Z2;Praha,Kobylisy;50.14423;14.45078
20260604_165852_L749;20260604_165852;04.06.2026;16:47:00;749;14;7624;11;U7304Z1;Petrovice I;49.85248;15.33156
20260604_165852_L177;20260604_165852;04.06.2026;16:48:00;177;17;6879;11;U912Z4P;Poliklinika Mazurská;50.13102;14.41732
20260604_165852_L405;20260604_165852;04.06.2026;16:44:00;405;64;1414;11;U31022Z1;Vrchlabí,aut.st.;50.60882;15.60363
20260604_165852_L250;20260604_165852;04.06.2026;16:47:00;250;52;6889;11;U811Z1P;Sídliště Rohožník;50.07547;14.66438
20260604_165852_L181;20260604_165852;04.06.2026;16:44:00;181;1;6830;15;U708Z1P;Opatov;50.07587;14.53769
20260604_165852_L154;20260604_165852;04.06.2026;16:44:00;154;3;3839;14;U335Z1P;Sídliště Libuš;50.00678;14.46339
20260604_165852_L168;20260604_165852;04.06.2026;16:48:00;168;4;2052;11;U306Z2P;Nové Butovice;50.07455;14.33988
20260604_165852_L113;20260604_165852;04.06.2026;16:46:00;113;51;4077;13;U783Z1P;Točná;50.00414;14.46467
20260604_165852_L180;20260604_165852;04.06.2026;16:41:00;180;13;6899;16;U229Z2P;Dejvická;50.08729;14.37877
20260604_165852_L736;20260604_165852;04.06.2026;16:47:00;736;11;1816;11;U6301Z1;Dobšín;50.49002;15.11162
20260604_165852_L167;20260604_165852;04.06.2026;16:45:00;167;2;6940;10;U254Z6P;Na Knížecí;50.07145;14.39307
20260604_165852_L136;20260604_165852;04.06.2026;16:47:00;136;30;5058;11;U89Z1P;Sídliště Čakovice;50.13053;14.50842
20260604_165852_L560;20260604_165852;04.06.2026;16:46:00;560;70;8386;10;U6811Z1;Rakovník,aut.st.;50.11223;13.72481
20260604_165852_L120;20260604_165852;04.06.2026;16:45:00;120;5;4042;13;U914Z1P;Na Knížecí;50.04673;14.40819
20260604_165852_L325;20260604_165852;04.06.2026;16:41:00;325;16;1636;16;U3053Z2;Praha,Nádraží Uhříněves;50.031;14.59757
20260604_165852_L149;20260604_165852;04.06.2026;16:44:00;149;4;4193;14;U254Z5P;Stodůlky-Bavorská;50.07146;14.37968
20260604_165852_L246;20260604_165852;04.06.2026;16:48:00;246;8;4173;10;U882Z2P;Poliklinika Modřany;49.9891;14.40895
20260604_165852_L197;20260604_165852;04.06.2026;16:44:00;197;8;5121;15;U662Z2P;Smíchovské nádraží;50.02495;14.43506
20260604_165852_L356;20260604_165852;04.06.2026;16:48:00;356;33;8885;10;U1201Z2;Praha,Bořislavka;50.14515;14.33374
20260604_165852_L170;20260604_165852;04.06.2026;16:49:00;170;3;3860;10;U322Z3P;Jižní Město;50.04609;14.48393
20260604_165852_L858;20260604_165852;04.06.2026;16:36:00;858;66;8712;22;U4408Z1;Koleč,zámek;50.19791;14.2301
20260604_165852_L511;20260604_165852;04.06.2026;16:46:00;511;14;9616;10;U7697Z2;Příbram,aut.nádr.;49.62866;14.01419
20260604_165852_L450;20260604_165852;04.06.2026;16:48:00;450;4;7502;10;U31902Z1;Milevsko,aut.st.;49.50056;14.36288
20260604_165852_L126;20260604_165852;04.06.2026;16:46:00;126;7;3857;11;U3053Z2P;Nádraží Uhříněves;50.03122;14.59803
20260604_165852_L136;20260604_165852;04.06.2026;16:49:00;136;17;5089;10;U678Z2P;Jižní Město;50.10045;14.48801
20260604_165852_L824;20260604_165852;04.06.2026;16:33:00;824;51;1607;25;U1984Z1;Kolín,nádraží;49.96661;14.96409
20260604_165852_L126;20260604_165852;04.06.2026;16:48:00;126;12;3847;10;U969Z1P;Koleje Jižní Město;50.02646;14.4944
20260604_165852_L177;20260604_165852;04.06.2026;16:45:00;177;9;6977;13;U827Z1P;Chodov;50.07789;14.5075
20260604_165852_L136;20260604_165852;04.06.2026;16:46:00;136;22;5095;11;U29Z1P;Jižní Město;50.0699;14.46884
20260604_165852_L191;20260604_165852;04.06.2026;16:34:00;191;12;3707;23;U629Z3P;Letiště / Airport ✈;50.1056;14.27135
20260604_165852_L113;20260604_165852;04.06.2026;16:45:00;113;6;4154;13;U893Z3P;Sídliště Písnice;50.02703;14.45132
20260604_165852_L194;20260604_165852;04.06.2026;16:47:00;194;2;1904;11;U3249Z1P;Nemocnice pod Petřínem;50.09036;14.40558
20260604_165852_L335;20260604_165852;04.06.2026;16:47:00;335;6;9131;10;U1580Z2;Praha,Budějovická;49.94878;14.57258
20260604_165852_L136;20260604_165852;04.06.2026;16:44:00;136;14;5020;15;U697Z3P;Jižní Město;50.04872;14.48079
20260604_165852_L339;20260604_165852;04.06.2026;16:45:00;339;17;9932;12;U908Z2;Praha,Budějovická;50.02518;14.45961
20260604_165852_L365;20260604_165852;04.06.2026;16:47:00;365;8;8874;11;U9292Z2;Praha,Motol;50.14785;13.96291
20260604_165852_L383;20260604_165852;04.06.2026;16:47:00;383;31;9174;10;U402Z1;Chocerady;50.03748;14.58481
20260604_165852_L136;20260604_165852;04.06.2026;16:47:00;136;5;6959;12;U498Z1P;Sídliště Čakovice;50.10013;14.49171
20260604_165852_L489;20260604_165852;04.06.2026;16:35:00;489;26;1647;23;U2008Z3;Strančice,žel.st.;49.98943;14.7407
20260604_165852_L196;20260604_165852;04.06.2026;16:44:00;196;12;6933;14;U458Z10P;Kačerov;50.06033;14.40906
20260604_165852_L125;20260604_165852;04.06.2026;16:49:00;125;13;5518;10;U338Z1P;Skalka;50.03318;14.55953
20260604_165852_L133;20260604_165852;04.06.2026;16:47:00;133;1;3006;11;U161Z1P;Sídliště Malešice;50.08129;14.49601
20260604_165852_L197;20260604_165852;04.06.2026;16:47:00;197;51;6900;11;U369Z1P;Roztyly;50.00046;14.46671
20260604_165852_L541;20260604_165852;04.06.2026;16:33:00;541;7;9822;25;U6722Z2;Městec Králové,nám.;50.20996;15.30731
20260604_165852_L301;20260604_165852;04.06.2026;16:48:00;301;2;4116;11;U1086Z2;Chýnice;50.0223;14.29739
20260604_165852_L181;20260604_165852;04.06.2026;16:47:00;181;4;6781;11;U344Z4P;Opatov;50.03196;14.50735
20260604_165852_L137;20260604_165852;04.06.2026;16:48:00;137;8;3931;11;U638Z2P;Na Knížecí;50.06581;14.39904
20260604_170252_L332;20260604_170252;04.06.2026;16:50:00;332;23;9950;10;U1330Z1;Jílové u Prahy,Náměstí;49.958;14.5185
20260604_170252_L136;20260604_170252;04.06.2026;16:53:00;136;22;5095;10;U183Z3P;Jižní Město;50.0561;14.47155
20260604_170252_L136;20260604_170252;04.06.2026;16:50:00;136;5;6959;11;U134Z5P;Sídliště Čakovice;50.10524;14.5028
20260604_170252_L365;20260604_170252;04.06.2026;16:50:00;365;8;8874;11;U9291Z1;Praha,Motol;50.13855;13.97333
20260604_170252_L180;20260604_170252;04.06.2026;16:51:00;180;10;6898;10;U182Z2P;Dejvická;50.09048;14.38486
20260604_170252_L176;20260604_170252;04.06.2026;16:51:00;176;4;4053;11;U208Z4P;Karlovo náměstí;50.07569;14.41496
20260604_170252_L125;20260604_170252;04.06.2026;16:52:00;125;6;6981;11;U1345Z2P;Smíchovské nádraží;50.03145;14.50951
20260604_170252_L858;20260604_170252;04.06.2026;16:36:00;858;66;8712;26;U4408Z1;Koleč,zámek;50.19791;14.2301
20260604_170252_L182;20260604_170252;04.06.2026;16:51:00;182;9;3958;12;U202Z3P;Kbelský hřbitov;50.13416;14.54943
20260604_170252_L136;20260604_170252;04.06.2026;16:48:00;136;16;6969;14;U512Z5P;Jižní Město;50.09018;14.46647
20260604_170252_L696;20260604_170252;04.06.2026;16:51:00;696;1;1815;11;U2910Z1;Chorušice;50.3313;14.53356
20260604_170252_L180;20260604_170252;04.06.2026;16:50:00;180;4;6864;12;U394Z3P;Obchodní centrum Zličín;50.06913;14.33515
20260604_170252_L197;20260604_170252;04.06.2026;16:48:00;197;8;5121;14;U839Z2P;Smíchovské nádraží;50.03157;14.42223
20260604_170252_L113;20260604_170252;04.06.2026;16:48:00;113;51;4077;15;U871Z1P;Točná;49.99734;14.46762
20260604_170252_L151;20260604_170252;04.06.2026;16:48:00;151;2;2334;14;U790Z2P;Českomoravská;50.11282;14.5057
20260604_170252_L113;20260604_170252;04.06.2026;16:49:00;113;6;4154;14;U194Z1P;Sídliště Písnice;50.01343;14.45761
20260604_170252_L197;20260604_170252;04.06.2026;16:51:00;197;52;6901;10;U1009Z1P;Sídliště Písnice;50.00506;14.46413
20260604_170252_L136;20260604_170252;04.06.2026;16:52:00;136;30;5058;11;U766Z1P;Sídliště Čakovice;50.14573;14.50575
20260604_170252_L125;20260604_170252;04.06.2026;16:53:00;125;13;5518;10;U770Z2P;Skalka;50.04015;14.55553
20260604_170252_L195;20260604_170252;04.06.2026;16:52:00;195;13;5117;11;U899Z3P;Sídliště Letňany;50.14164;14.5166
20260604_170252_L354;20260604_170252;04.06.2026;16:52:00;354;15;8189;10;U862Z2;Praha,Černý Most;50.11698;14.62201
20260604_170252_L445;20260604_170252;04.06.2026;16:51:00;445;15;7414;10;U2606Z2;Jílové u Prahy,Náměstí;49.90231;14.49532
20260604_170252_L641;20260604_170252;04.06.2026;16:48:00;641;19;9406;14;U1229Z1;Beroun,autobusové nádraží;49.90061;13.96117
20260604_170252_L749;20260604_170252;04.06.2026;16:51:00;749;14;7624;10;U7305Z1;Petrovice I;49.82735;15.34666
20260604_170252_L383;20260604_170252;04.06.2026;16:48:00;383;31;9174;14;U435Z3;Chocerady;50.03794;14.58841
20260604_170252_L400;20260604_170252;04.06.2026;16:50:00;400;53;1082;12;U31355Z1;Varnsdorf,aut.nádr.;50.69988;14.54232
20260604_170252_L401;20260604_170252;04.06.2026;16:49:00;401;61;7774;12;U6492Z1;Jindřichův Hradec,aut.nádr.;49.63825;14.64311
20260604_170252_L406;20260604_170252;04.06.2026;16:48:00;406;1;7934;11;U1384Z16;Pelhřimov,aut.nádr.;49.77894;14.68376
20260604_170252_L339;20260604_170252;04.06.2026;16:50:00;339;11;9942;12;U1534Z1;Týnec n.Sáz.,žel.st.;49.93152;14.5625
20260604_170252_L560;20260604_170252;04.06.2026;16:51:00;560;70;8386;11;U4340Z1;Rakovník,aut.st.;50.10348;13.7261
20260604_170252_L456;20260604_170252;04.06.2026;16:51:00;456;45;7071;11;U6252Z2;Miličín;49.57108;14.66869
20260604_170252_L511;20260604_170252;04.06.2026;16:51:00;511;14;9616;10;U7721Z1;Příbram,aut.nádr.;49.63318;14.04586
20260604_170252_L226;20260604_170252;04.06.2026;16:51:00;226;13;1650;10;U435Z3P;Benice;50.03645;14.59188
20260604_170252_L227;20260604_170252;04.06.2026;16:51:00;227;3;1598;11;U277Z1P;Nedvězí;50.01115;14.62737
20260604_170252_L228;20260604_170252;04.06.2026;16:51:00;228;12;9013;11;U1071Z2P;Poliklinika Malešice;50.07665;14.51623
20260604_170252_L164;20260604_170252;04.06.2026;16:48:00;164;5;1951;13;U229Z2P;Malovanka;50.0868;14.37849
20260604_170252_L166;20260604_170252;04.06.2026;16:51:00;166;1;1941;11;U54Z4P;Domov seniorů Ďáblice;50.11749;14.4689
20260604_170252_L375;20260604_170252;04.06.2026;16:51:00;375;4;8252;10;U474Z7;Praha,Českomoravská;50.10671;14.50234
20260604_170252_L356;20260604_170252;04.06.2026;16:52:00;356;33;8885;10;U1136Z2;Praha,Bořislavka;50.13109;14.34037
20260604_170252_L381;20260604_170252;04.06.2026;16:48:00;381;14;9947;14;U6692Z1;Čáslav,obchodní centrum;49.96287;15.29623
20260604_170252_L370;20260604_170252;04.06.2026;16:48:00;370;21;1248;13;U864Z9;Praha,Kobylisy;50.12725;14.45212
20260604_170252_L110;20260604_170252;04.06.2026;16:51:00;110;3;1477;11;U158Z1P;Dolní Počernice;50.08815;14.56315
20260604_170252_L163;20260604_170252;04.06.2026;16:51:00;163;56;9483;11;U432Z1P;Sídliště Rohožník;50.08011;14.62589
20260604_170252_L736;20260604_170252;04.06.2026;16:47:00;736;11;1816;15;U6301Z1;Dobšín;50.49002;15.11161
20260604_170252_L484;20260604_170252;04.06.2026;16:34:00;484;21;8026;26;U2315Z1;Úvaly,žel.st.;50.07418;14.72309
20260604_170252_L737;20260604_170252;04.06.2026;16:52:00;737;1;9901;10;U6199Z1;Bělá p.Bezd.,Atmos;50.48963;14.83959
20260604_170252_L765;20260604_170252;04.06.2026;16:52:00;765;36;1485;10;U1930Z2;Sibřina;50.03088;14.67178
20260604_170252_L177;20260604_170252;04.06.2026;16:49:00;177;9;6977;13;U953Z1P;Chodov;50.06529;14.50562
20260604_170252_L773;20260604_170252;04.06.2026;16:48:00;773;3;7546;14;U7917Z1;Sázava,aut.st.;49.83552;14.91719
20260604_170252_L640;20260604_170252;04.06.2026;16:42:00;640;28;9585;18;U9810Z1;Hostomice,nám.;49.82576;14.04523
20260604_170252_L301;20260604_170252;04.06.2026;16:50:00;301;2;4116;12;U1204Z1;Chýnice;50.01601;14.2924
20260604_170252_L168;20260604_170252;04.06.2026;16:53:00;168;4;2052;10;U966Z3P;Nové Butovice;50.05875;14.33832
20260604_170252_L194;20260604_170252;04.06.2026;16:48:00;194;2;1904;14;U361Z6P;Nemocnice pod Petřínem;50.08709;14.40376
20260604_170252_L130;20260604_170252;04.06.2026;16:52:00;130;4;2041;10;U4258Z1P;Řeporyjské náměstí;50.03477;14.31394
20260604_170252_L149;20260604_170252;04.06.2026;16:49:00;149;8;3804;13;U579Z3P;Dejvická;50.07585;14.37174
20260604_170252_L335;20260604_170252;04.06.2026;16:52:00;335;6;9131;10;U1533Z2;Praha,Budějovická;49.93925;14.55216
20260604_170252_L300;20260604_170252;04.06.2026;16:48:00;300;2;8993;14;U4794Z1;Smečno;50.16787;14.05402
20260604_170252_L113;20260604_170252;04.06.2026;16:49:00;113;2;4048;13;U194Z2P;Kačerov;50.01695;14.45433
20260604_170252_L181;20260604_170252;04.06.2026;16:48:00;181;1;6830;14;U227Z3P;Opatov;50.06123;14.53624
20260604_170252_L177;20260604_170252;04.06.2026;16:50:00;177;14;5128;12;U543Z1P;Poliklinika Mazurská;50.12579;14.44344
20260604_170252_L136;20260604_170252;04.06.2026;16:51:00;136;17;5089;11;U1074Z4P;Jižní Město;50.09528;14.47554
20260604_170252_L824;20260604_170252;04.06.2026;16:33:00;824;51;1607;29;U1984Z1;Kolín,nádraží;49.96662;14.96408
20260604_170252_L170;20260604_170252;04.06.2026;16:52:00;170;3;3860;10;U181Z1P;Jižní Město;50.03948;14.4905
20260604_170252_L120;20260604_170252;04.06.2026;16:48:00;120;5;4042;14;U817Z2P;Na Knížecí;50.05954;14.40591
20260604_170252_L191;20260604_170252;04.06.2026;16:34:00;191;12;3707;27;U629Z3P;Letiště / Airport ✈;50.10559;14.27136
20260604_170252_L385;20260604_170252;04.06.2026;16:45:00;385;19;1623;16;U2007Z1;Zvánovice;49.98964;14.73489
20260604_170252_L201;20260604_170252;04.06.2026;16:49:00;201;17;4130;14;U622Z2P;Nádraží Holešovice;50.1176;14.45677
20260604_170252_L246;20260604_170252;04.06.2026;16:52:00;246;8;4173;11;U62Z2P;Poliklinika Modřany;49.99958;14.40623
20260604_170252_L197;20260604_170252;04.06.2026;16:52:00;197;51;6900;11;U307Z1P;Roztyly;50.01267;14.5033
20260604_170252_L541;20260604_170252;04.06.2026;16:33:00;541;7;9822;29;U6722Z2;Městec Králové,nám.;50.20996;15.30731
20260604_170652_L151;20260604_170652;04.06.2026;16:48:00;151;2;2334;17;U790Z2P;Českomoravská;50.11271;14.50311
20260604_170652_L197;20260604_170652;04.06.2026;16:56:00;197;4;6712;11;U52Z2P;Smíchovské nádraží;50.03053;14.49177
20260604_170652_L180;20260604_170652;04.06.2026;16:55:00;180;4;6864;12;U236Z3P;Obchodní centrum Zličín;50.0646;14.30961
20260604_170652_L136;20260604_170652;04.06.2026;16:56:00;136;3;5534;10;U125Z1P;Sídliště Čakovice;50.1395;14.50484
20260604_170652_L136;20260604_170652;04.06.2026;16:53:00;136;5;6959;14;U474Z5P;Sídliště Čakovice;50.11098;14.50255
20260604_170652_L339;20260604_170652;04.06.2026;16:54:00;339;11;9942;13;U1536Z1;Týnec n.Sáz.,žel.st.;49.91565;14.58193
20260604_170652_L197;20260604_170652;04.06.2026;16:56:00;197;51;6900;10;U969Z2P;Roztyly;50.02685;14.49392
20260604_170652_L149;20260604_170652;04.06.2026;16:53:00;149;8;3804;13;U699Z3P;Dejvická;50.07846;14.38835
20260604_170652_L136;20260604_170652;04.06.2026;16:55:00;136;30;5058;11;U451Z1P;Sídliště Čakovice;50.15061;14.51313
20260604_170652_L858;20260604_170652;04.06.2026;16:36:00;858;66;8712;30;U4408Z1;Koleč,zámek;50.19791;14.2301
20260604_170652_L640;20260604_170652;04.06.2026;16:42:00;640;28;9585;22;U9810Z1;Hostomice,nám.;49.82576;14.04523
20260604_170652_L332;20260604_170652;04.06.2026;16:53:00;332;24;9945;13;U2108Z1;Jílové u Prahy,Náměstí;49.89763;14.4937
20260604_170652_L136;20260604_170652;04.06.2026;16:57:00;136;22;5095;10;U322Z3P;Jižní Město;50.04553;14.48474
20260604_170652_L226;20260604_170652;04.06.2026;16:56:00;226;13;1650;10;U336Z3P;Benice;50.03249;14.59737
20260604_170652_L765;20260604_170652;04.06.2026;16:53:00;765;36;1485;10;U1812Z2;Sibřina;50.03668;14.68374
20260604_170652_L354;20260604_170652;04.06.2026;16:56:00;354;15;8189;10;U859Z2;Praha,Černý Most;50.11402;14.60436
20260604_170652_L625;20260604_170652;04.06.2026;16:54:00;625;17;8763;11;U9920Z1;Kladno,autobusové nádraží;50.13503;13.99933
20260604_170652_L773;20260604_170652;04.06.2026;16:48:00;773;3;7546;17;U7917Z1;Sázava,aut.st.;49.83863;14.90966
20260604_170652_L696;20260604_170652;04.06.2026;16:53:00;696;1;1815;11;U9163Z1;Chorušice;50.33099;14.53289
20260604_170652_L166;20260604_170652;04.06.2026;16:55:00;166;1;1941;11;U78Z3P;Domov seniorů Ďáblice;50.12659;14.47022
20260604_170652_L227;20260604_170652;04.06.2026;16:55:00;227;3;1598;11;U1294Z2P;Nedvězí;50.0159;14.63273
20260604_170652_L228;20260604_170652;04.06.2026;16:55:00;228;12;9013;12;U827Z2P;Poliklinika Malešice;50.07849;14.50807
20260604_170652_L228;20260604_170652;04.06.2026;16:56:00;228;13;9014;10;U542Z12P;Poliklinika Malešice;50.03528;14.59361
20260604_170652_L300;20260604_170652;04.06.2026;16:52:00;300;2;8993;13;U1400Z1;Smečno;50.17673;14.05465
20260604_170652_L307;20260604_170652;04.06.2026;16:55:00;307;10;8991;10;U1677Z1;Unhošť,Nám.;50.05068;14.18033
20260604_170652_L316;20260604_170652;04.06.2026;16:56:00;316;4;8970;10;U1137Z2;Praha,Bořislavka;50.13345;14.33634
20260604_170652_L394;20260604_170652;04.06.2026;16:56:00;394;25;9869;10;U4273Z1;Praha,Nové Butovice;49.97093;14.08422
20260604_170652_L400;20260604_170652;04.06.2026;16:54:00;400;53;1082;12;U31357Z1;Varnsdorf,aut.nádr.;50.73496;14.54847
20260604_170652_L401;20260604_170652;04.06.2026;16:53:00;401;64;7873;12;U2139Z1;Praha,Roztyly;49.79903;14.6799
20260604_170652_L332;20260604_170652;04.06.2026;16:56:00;332;23;9950;10;U2129Z1;Jílové u Prahy,Náměstí;49.94106;14.51595
20260604_170652_L342;20260604_170652;04.06.2026;16:56:00;342;3;7686;10;U4768Z2;Praha,Nádraží Veleslavín;50.18524;14.1343
20260604_170652_L365;20260604_170652;04.06.2026;16:56:00;365;8;8874;10;U9922Z1;Praha,Motol;50.1316;14.00638
20260604_170652_L381;20260604_170652;04.06.2026;16:53:00;381;14;9947;13;U6659Z1;Čáslav,obchodní centrum;49.96748;15.30975
20260604_170652_L383;20260604_170652;04.06.2026;16:48:00;383;31;9174;17;U435Z3;Chocerady;50.03664;14.59174
20260604_170652_L384;20260604_170652;04.06.2026;16:52:00;384;16;9867;14;U2370Z2;Praha,Zličín;49.99423;14.15754
20260604_170652_L125;20260604_170652;04.06.2026;16:56:00;125;6;6981;11;U181Z2P;Smíchovské nádraží;50.03961;14.49073
20260604_170652_L177;20260604_170652;04.06.2026;16:53:00;177;9;6977;13;U889Z3P;Chodov;50.06026;14.50676
20260604_170652_L170;20260604_170652;04.06.2026;16:55:00;170;3;3860;10;U960Z2P;Jižní Město;50.0391;14.51008
20260604_170652_L511;20260604_170652;04.06.2026;16:56:00;511;14;9616;10;U7698Z2;Příbram,aut.nádr.;49.65438;14.02227
20260604_170652_L457;20260604_170652;04.06.2026;16:53:00;457;45;7071;12;U6438Z5;Sudoměřice u Tábora,žel.st.;49.56455;14.66154
20260604_170652_L177;20260604_170652;04.06.2026;16:57:00;177;10;6846;10;U673Z3P;Chodov;50.0644;14.50499
20260604_170652_L484;20260604_170652;04.06.2026;16:34:00;484;21;8026;30;U2315Z1;Úvaly,žel.st.;50.07418;14.72309
20260604_170652_L195;20260604_170652;04.06.2026;16:56:00;195;21;5096;11;U694Z3P;Jesenická;50.09121;14.4997
20260604_170652_L113;20260604_170652;04.06.2026;16:55:00;113;2;4048;12;U488Z3P;Kačerov;50.03032;14.45513
20260604_170652_L168;20260604_170652;04.06.2026;16:56:00;168;4;2052;10;U786Z2P;Nové Butovice;50.0555;14.32974
20260604_170652_L126;20260604_170652;04.06.2026;16:53:00;126;11;3015;12;U3053Z2P;Nádraží Uhříněves;50.03123;14.59811
20260604_170652_L356;20260604_170652;04.06.2026;16:54:00;356;35;8753;13;U1295Z2;Praha,Bořislavka;50.09305;14.29228
20260604_170652_L181;20260604_170652;04.06.2026;16:52:00;181;1;6830;14;U472Z4P;Opatov;50.05291;14.52771
20260604_170652_L197;20260604_170652;04.06.2026;16:54:00;197;4;6724;12;U1032Z1P;Smíchovské nádraží;50.03373;14.48374
20260604_170652_L246;20260604_170652;04.06.2026;16:56:00;246;8;4173;10;U939Z2P;Poliklinika Modřany;50.00651;14.41018
20260604_170652_L736;20260604_170652;04.06.2026;16:47:00;736;11;1816;19;U6301Z1;Dobšín;50.49002;15.11161
20260604_170652_L177;20260604_170652;04.06.2026;16:54:00;177;14;5128;13;U345Z1P;Poliklinika Mazurská;50.13211;14.42792
20260604_170652_L449;20260604_170652;04.06.2026;16:55:00;449;60;1135;10;U1730Z2;Mníšek p.Brdy,náměstí;49.86985;14.2677
20260604_170652_L170;20260604_170652;04.06.2026;16:56:00;170;4;3864;11;U1402Z2P;Jižní Město;50.04838;14.45876
20260604_170652_L136;20260604_170652;04.06.2026;16:51:00;136;17;5089;14;U1074Z4P;Jižní Město;50.09346;14.47285
20260604_170652_L207;20260604_170652;04.06.2026;16:57:00;207;20;3848;10;U69Z1P;Ohrada;50.08926;14.46295
20260604_170652_L180;20260604_170652;04.06.2026;16:53:00;180;10;6898;12;U867Z1P;Dejvická;50.09483;14.39615
20260604_170652_L191;20260604_170652;04.06.2026;16:34:00;191;12;3707;31;U629Z3P;Letiště / Airport ✈;50.1056;14.27134
20260604_170652_L641;20260604_170652;04.06.2026;16:52:00;641;19;9406;14;U9105Z1;Beroun,autobusové nádraží;49.91209;13.97922
20260604_170652_L213;20260604_170652;04.06.2026;16:54:00;213;11;3741;13;U286Z1P;Želivského;50.03051;14.52736
20260604_170652_L406;20260604_170652;04.06.2026;16:56:00;406;1;7934;10;U4073Z1;Pelhřimov,aut.nádr.;49.78572;14.68983
20260604_170652_L311;20260604_170652;04.06.2026;16:56:00;311;77;9583;10;U1852Z51;Řevnice,nádraží;49.92724;14.27599
20260604_170652_L163;20260604_170652;04.06.2026;16:54:00;163;56;9483;12;U3008Z1P;Sídliště Rohožník;50.07718;14.65498
20260604_170652_L541;20260604_170652;04.06.2026;16:33:00;541;7;9822;33;U6722Z2;Městec Králové,nám.;50.20996;15.30731
20260604_171053_L125;20260604_171053;04.06.2026;17:00:00;125;13;5518;10;U654Z2P;Skalka;50.05052;14.54341
20260604_171053_L207;20260604_171053;04.06.2026;16:58:00;207;20;3848;12;U512Z8P;Ohrada;50.09021;14.46715
20260604_171053_L195;20260604_171053;04.06.2026;16:59:00;195;21;5096;11;U2703Z1P;Jesenická;50.08876;14.51392
20260604_171053_L352;20260604_171053;04.06.2026;16:59:00;352;6;4121;10;U3051Z1;Jinočany,náměstí;50.02584;14.29817
20260604_171053_L136;20260604_171053;04.06.2026;16:58:00;136;5;6959;12;U603Z1P;Sídliště Čakovice;50.11866;14.49966
20260604_171053_L480;20260604_171053;04.06.2026;16:56:00;480;29;7221;14;U3287Z12;Solenice;49.68983;14.00309
20260604_171053_L227;20260604_171053;04.06.2026;16:56:00;227;3;1598;10;U455Z1P;Nedvězí;50.00138;14.66327
20260604_171053_L858;20260604_171053;04.06.2026;16:36:00;858;66;8712;34;U4408Z1;Koleč,zámek;50.19791;14.2301
20260604_171053_L110;20260604_171053;04.06.2026;16:58:00;110;5;8094;11;U1197Z1P;Dolní Počernice;50.10006;14.55375
20260604_171053_L149;20260604_171053;04.06.2026;16:56:00;149;8;3804;14;U362Z12P;Dejvická;50.08545;14.38058
20260604_171053_L177;20260604_171053;04.06.2026;17:00:00;177;19;6824;10;U827Z1P;Chodov;50.07771;14.50733
20260604_171053_L149;20260604_171053;04.06.2026;17:01:00;149;2;4200;10;U254Z4P;Dejvická;50.07129;14.37983
20260604_171053_L640;20260604_171053;04.06.2026;16:42:00;640;28;9585;26;U9810Z1;Hostomice,nám.;49.82576;14.04523
20260604_171053_L737;20260604_171053;04.06.2026;17:00:00;737;1;9901;10;U6164Z1;Bělá p.Bezd.,Atmos;50.50547;14.79479
20260604_171053_L339;20260604_171053;04.06.2026;16:58:00;339;11;9942;12;U1564Z1;Týnec n.Sáz.,žel.st.;49.90403;14.58676
20260604_171053_L765;20260604_171053;04.06.2026;17:00:00;765;36;1485;10;U1912Z4;Sibřina;50.05663;14.67987
20260604_171053_L177;20260604_171053;04.06.2026;16:57:00;177;9;6977;13;U596Z4P;Chodov;50.0534;14.51983
20260604_171053_L406;20260604_171053;04.06.2026;16:59:00;406;1;7934;11;U5937Z1;Pelhřimov,aut.nádr.;49.77996;14.70751
20260604_171053_L449;20260604_171053;04.06.2026;16:55:00;449;60;1135;13;U1730Z2;Mníšek p.Brdy,náměstí;49.87005;14.26793
20260604_171053_L483;20260604_171053;04.06.2026;17:00:00;483;35;7847;10;U7318Z1;Divišov,nám.;49.83453;14.83022
20260604_171053_L641;20260604_171053;04.06.2026;16:52:00;641;19;9406;16;U9105Z1;Beroun,autobusové nádraží;49.93001;13.98064
20260604_171053_L706;20260604_171053;04.06.2026;16:56:00;706;63;1637;13;U6603Z1;Žiželice,nám.;50.13324;15.39045
20260604_171053_L316;20260604_171053;04.06.2026;16:57:00;316;4;8970;11;U1136Z2;Praha,Bořislavka;50.11949;14.35773
20260604_171053_L511;20260604_171053;04.06.2026;16:58:00;511;14;9616;12;U7887Z2;Příbram,aut.nádr.;49.66282;14.01226
20260604_171053_L560;20260604_171053;04.06.2026;17:00:00;560;70;8386;10;U2926Z1;Hořovičky;50.10114;13.73104
20260604_171053_L457;20260604_171053;04.06.2026;16:57:00;457;45;7071;11;U6442Z1;Sudoměřice u Tábora,žel.st.;49.5197;14.65514
20260604_171053_L400;20260604_171053;04.06.2026;16:59:00;400;53;1082;10;U31359Z1;Varnsdorf,aut.nádr.;50.75731;14.55534
20260604_171053_L402;20260604_171053;04.06.2026;17:00:00;402;4;7672;10;U7318Z2;Praha,Roztyly;49.83558;14.82295
20260604_171053_L170;20260604_171053;04.06.2026;17:00:00;170;3;3860;10;U43Z2P;Jižní Město;50.03527;14.51641
20260604_171053_L412;20260604_171053;04.06.2026;16:57:00;412;42;9909;10;U9461Z2;Praha,Černý Most;50.46082;15.10218
20260604_171053_L227;20260604_171053;04.06.2026;16:57:00;227;2;1590;13;U808Z2P;Háje;50.02965;14.60244
20260604_171053_L228;20260604_171053;04.06.2026;17:00:00;228;13;9014;10;U7040Z2P;Poliklinika Malešice;50.05209;14.58053
20260604_171053_L300;20260604_171053;04.06.2026;16:56:00;300;2;8993;13;U3208Z1;Smečno;50.18138;14.04138
20260604_171053_L300;20260604_171053;04.06.2026;16:59:00;300;9;8883;10;U4304Z1;Hřebeč;50.14782;14.17916
20260604_171053_L232;20260604_171053;04.06.2026;17:01:00;232;12;4184;10;U562Z2P;Smíchovské nádraží;50.05665;14.40577
20260604_171053_L381;20260604_171053;04.06.2026;16:57:00;381;14;9947;12;U9368Z3;Čáslav,obchodní centrum;49.93768;15.33464
20260604_171053_L382;20260604_171053;04.06.2026;16:58:00;382;39;9179;12;U435Z3;Sázava,aut.st.;50.03796;14.5885
20260604_171053_L384;20260604_171053;04.06.2026;16:52:00;384;16;9867;15;U2370Z2;Praha,Zličín;50.0087;14.17964
20260604_171053_L354;20260604_171053;04.06.2026;16:59:00;354;15;8189;11;U897Z11;Praha,Černý Most;50.10972;14.57851
20260604_171053_L356;20260604_171053;04.06.2026;16:54:00;356;35;8753;16;U1295Z2;Praha,Bořislavka;50.09513;14.29377
20260604_171053_L163;20260604_171053;04.06.2026;16:56:00;163;56;9483;14;U719Z1P;Sídliště Rohožník;50.07493;14.66729
20260604_171053_L467;20260604_171053;04.06.2026;16:58:00;467;52;9593;11;U4715Z1;Roudnice n.L.,ČSAD;50.42306;14.25991
20260604_171053_L311;20260604_171053;04.06.2026;16:56:00;311;77;9583;12;U1852Z51;Řevnice,nádraží;49.92562;14.26573
20260604_171053_L197;20260604_171053;04.06.2026;16:59:00;197;4;6712;11;U989Z1P;Smíchovské nádraží;50.02179;14.50006
20260604_171053_L197;20260604_171053;04.06.2026;17:00:00;197;51;6900;10;U1032Z2P;Roztyly;50.0341;14.48314
20260604_171053_L168;20260604_171053;04.06.2026;17:00:00;168;4;2052;10;U1369Z1P;Nové Butovice;50.05115;14.33721
20260604_171053_L181;20260604_171053;04.06.2026;16:59:00;181;7;6835;10;U708Z1P;Opatov;50.07168;14.5373
20260604_171053_L136;20260604_171053;04.06.2026;16:51:00;136;17;5089;17;U1074Z4P;Jižní Město;50.09188;14.469
20260604_171053_L484;20260604_171053;04.06.2026;16:34:00;484;21;8026;34;U2315Z1;Úvaly,žel.st.;50.07418;14.72309
20260604_171053_L136;20260604_171053;04.06.2026;16:57:00;136;18;6974;11;U1074Z4P;Jižní Město;50.09242;14.47043
20260604_171053_L213;20260604_171053;04.06.2026;16:54:00;213;11;3741;17;U286Z1P;Želivského;50.03051;14.52736
20260604_171053_L180;20260604_171053;04.06.2026;16:56:00;180;4;6864;13;U47Z3P;Obchodní centrum Zličín;50.06919;14.29767
20260604_171053_L191;20260604_171053;04.06.2026;16:34:00;191;12;3707;35;U629Z3P;Letiště / Airport ✈;50.1056;14.27135
20260604_171053_L177;20260604_171053;04.06.2026;17:00:00;177;10;6846;10;U889Z3P;Chodov;50.06028;14.50674
20260604_171053_L444;20260604_171053;04.06.2026;16:56:00;444;30;9173;14;U1360Z1;Davle,obec;49.89127;14.45472
20260604_171053_L640;20260604_171053;04.06.2026;16:57:00;640;20;9600;13;U9812Z2;Jince,Sokolovna;49.82613;14.04311
20260604_171053_L541;20260604_171053;04.06.2026;16:33:00;541;7;9822;37;U6722Z2;Městec Králové,nám.;50.20996;15.30731
20260604_171053_L444;20260604_171053;04.06.2026;16:59:00;444;8;9175;10;U1564Z1;Kamenice,Těptín;49.90473;14.58713
20260604_171453_L182;20260604_171453;04.06.2026;17:03:00;182;5;3978;11;U160Z1P;Opatov;50.05088;14.52429
20260604_171453_L195;20260604_171453;04.06.2026;17:01:00;195;21;5096;13;U359Z2P;Jesenická;50.08458;14.51088
20260604_171453_L170;20260604_171453;04.06.2026;17:05:00;170;4;3864;10;U417Z1P;Jižní Město;50.04354;14.48729
20260604_171453_L406;20260604_171453;04.06.2026;17:04:00;406;1;7934;10;U9384Z1;Pelhřimov,aut.nádr.;49.76141;14.7525
20260604_171453_L136;20260604_171453;04.06.2026;17:03:00;136;5;6959;11;U1000Z12P;Sídliště Čakovice;50.1251;14.51671
20260604_171453_L467;20260604_171453;04.06.2026;17:04:00;467;52;9593;10;U9878Z1;Roudnice n.L.,ČSAD;50.42354;14.24823
20260604_171453_L136;20260604_171453;04.06.2026;17:00:00;136;15;5026;15;U680Z3P;Jižní Město;50.06836;14.46929
20260604_171453_L168;20260604_171453;04.06.2026;17:04:00;168;4;2052;10;U3296Z2P;Nové Butovice;50.0513;14.34707
20260604_171453_L151;20260604_171453;04.06.2026;17:03:00;151;5;3899;11;U790Z2P;Českomoravská;50.11249;14.50253
20260604_171453_L480;20260604_171453;04.06.2026;16:56:00;480;29;7221;18;U3287Z12;Solenice;49.68991;14.00352
20260604_171453_L136;20260604_171453;04.06.2026;17:02:00;136;21;6790;11;U69Z1P;Sídliště Čakovice;50.09017;14.4667
20260604_171453_L213;20260604_171453;04.06.2026;16:54:00;213;11;3741;21;U286Z1P;Želivského;50.03051;14.52734
20260604_171453_L136;20260604_171453;04.06.2026;17:00:00;136;18;6974;15;U512Z5P;Jižní Město;50.09035;14.46746
20260604_171453_L640;20260604_171453;04.06.2026;16:42:00;640;28;9585;30;U9810Z1;Hostomice,nám.;49.82576;14.04523
20260604_171453_L197;20260604_171453;04.06.2026;17:01:00;197;4;6712;11;U307Z2P;Smíchovské nádraží;49.99938;14.48866
20260604_171453_L381;20260604_171453;04.06.2026;17:03:00;381;14;9947;11;U7326Z1;Čáslav,obchodní centrum;49.91879;15.38579
20260604_171453_L339;20260604_171453;04.06.2026;17:01:00;339;11;9942;12;U1540Z1;Týnec n.Sáz.,žel.st.;49.89621;14.60986
20260604_171453_L400;20260604_171453;04.06.2026;17:01:00;400;53;1082;10;U31360Z1;Varnsdorf,aut.nádr.;50.76315;14.54908
20260604_171453_L402;20260604_171453;04.06.2026;17:00:00;402;1;7674;13;U7318Z1;Čáslav,aut.st.;49.84015;14.82735
20260604_171453_L483;20260604_171453;04.06.2026;17:00:00;483;51;7820;13;U7318Z2;Chocerady;49.83656;14.82169
20260604_171453_L483;20260604_171453;04.06.2026;17:00:00;483;35;7847;12;U7318Z1;Divišov,nám.;49.8334;14.85201
20260604_171453_L113;20260604_171453;04.06.2026;17:03:00;113;52;4081;11;U871Z1P;Písnice;49.99733;14.46763
20260604_171453_L633;20260604_171453;04.06.2026;17:03:00;633;56;9563;10;U4958Z2;Tetín,křižovatka;49.97876;14.04542
20260604_171453_L858;20260604_171453;04.06.2026;16:36:00;858;66;8712;38;U4408Z1;Koleč,zámek;50.19791;14.2301
20260604_171453_L770;20260604_171453;04.06.2026;17:01:00;770;42;7918;13;U7795Z52;Benešov,Terminál;49.83312;14.82464
20260604_171453_L444;20260604_171453;04.06.2026;17:00:00;444;30;9173;13;U1357Z1;Davle,obec;49.8869;14.40716
20260604_171453_L444;20260604_171453;04.06.2026;17:01:00;444;8;9175;13;U1565Z1;Kamenice,Těptín;49.89917;14.58031
20260604_171453_L511;20260604_171453;04.06.2026;17:01:00;511;14;9616;12;U9753Z4;Příbram,aut.nádr.;49.67329;13.9979
20260604_171453_L560;20260604_171453;04.06.2026;17:02:00;560;70;8386;12;U4340Z2;Hořovičky;50.10637;13.72623
20260604_171453_L579;20260604_171453;04.06.2026;17:00:00;579;1;1207;10;U4025Z1;Roztoky,škola;50.01613;13.86406
20260604_171453_L170;20260604_171453;04.06.2026;17:02:00;170;3;3860;11;U386Z1P;Jižní Město;50.0299;14.52678
20260604_171453_L203;20260604_171453;04.06.2026;17:05:00;203;7;1968;10;U611Z2P;Poliklinika Budějovická;50.01326;14.48052
20260604_171453_L228;20260604_171453;04.06.2026;17:04:00;228;13;9014;11;U107Z1P;Poliklinika Malešice;50.06336;14.59144
20260604_171453_L166;20260604_171453;04.06.2026;17:00:00;166;1;1941;13;U55Z2P;Domov seniorů Ďáblice;50.13329;14.47596
20260604_171453_L110;20260604_171453;04.06.2026;17:01:00;110;5;8094;14;U207Z3P;Dolní Počernice;50.09361;14.54688
20260604_171453_L209;20260604_171453;04.06.2026;17:04:00;209;43;9124;10;U542Z2P;Nádraží Uhříněves;50.03505;14.59241
20260604_171453_L449;20260604_171453;04.06.2026;16:55:00;449;60;1135;18;U1730Z2;Mníšek p.Brdy,náměstí;49.87022;14.26837
20260604_171453_L354;20260604_171453;04.06.2026;16:59:00;354;15;8189;15;U897Z11;Praha,Černý Most;50.10991;14.57536
20260604_171453_L154;20260604_171453;04.06.2026;17:03:00;154;4;3023;10;U165Z3P;Sídliště Libuš;50.00533;14.50443
20260604_171453_L232;20260604_171453;04.06.2026;17:02:00;232;12;4184;12;U468Z1P;Smíchovské nádraží;50.05267;14.40634
20260604_171453_L180;20260604_171453;04.06.2026;17:03:00;180;16;5008;11;U321Z4P;Dejvická;50.09932;14.39555
20260604_171453_L181;20260604_171453;04.06.2026;17:04:00;181;7;6835;10;U677Z1P;Opatov;50.05722;14.53638
20260604_171453_L311;20260604_171453;04.06.2026;17:00:00;311;77;9583;13;U1601Z1;Řevnice,nádraží;49.91707;14.24314
20260604_171453_L136;20260604_171453;04.06.2026;17:03:00;136;3;5534;11;U114Z1P;Sídliště Čakovice;50.15623;14.52254
20260604_171453_L316;20260604_171453;04.06.2026;17:03:00;316;4;8970;12;U199Z3;Praha,Bořislavka;50.10674;14.35324
20260604_171453_L149;20260604_171453;04.06.2026;17:04:00;149;2;4200;11;U579Z3P;Dejvická;50.07584;14.37171
20260604_171453_L382;20260604_171453;04.06.2026;17:00:00;382;39;9179;14;U542Z1;Sázava,aut.st.;50.03565;14.5931
20260604_171453_L101;20260604_171453;04.06.2026;17:02:00;101;2;2322;12;U680Z3P;Zentiva;50.06837;14.46926
20260604_171453_L126;20260604_171453;04.06.2026;17:01:00;126;1;3859;13;U3053Z2P;Nádraží Uhříněves;50.03061;14.59683
20260604_171453_L352;20260604_171453;04.06.2026;17:03:00;352;6;4121;12;U1186Z2;Jinočany,náměstí;50.02314;14.28641
20260604_171453_L180;20260604_171453;04.06.2026;17:02:00;180;4;6864;13;U913Z2P;Obchodní centrum Zličín;50.0628;14.28687
20260604_171453_L191;20260604_171453;04.06.2026;16:34:00;191;12;3707;39;U629Z3P;Letiště / Airport ✈;50.10559;14.27134
20260604_171453_L154;20260604_171453;04.06.2026;17:05:00;154;1;3009;10;U2729Z3P;Strašnická;50.0326;14.53796
20260604_171453_L136;20260604_171453;04.06.2026;17:03:00;136;27;6686;10;U1074Z4P;Jižní Město;50.09374;14.47316
20260604_171453_L445;20260604_171453;04.06.2026;17:03:00;445;16;7404;11;U2518Z2;Jílové u Prahy,Náměstí;49.93892;14.38119
20260604_171853_L197;20260604_171853;04.06.2026;17:07:00;197;4;6712;11;U369Z2P;Smíchovské nádraží;50.00421;14.46468
20260604_171853_L154;20260604_171853;04.06.2026;17:08:00;154;4;3023;10;U309Z2P;Sídliště Libuš;50.01345;14.48653
20260604_171853_L180;20260604_171853;04.06.2026;17:08:00;180;13;6899;11;U321Z3P;Obchodní centrum Zličín;50.09936;14.39554
20260604_171853_L633;20260604_171853;04.06.2026;17:07:00;633;56;9563;10;U4956Z2;Tetín,křižovatka;49.97284;14.0637
20260604_171853_L197;20260604_171853;04.06.2026;17:09:00;197;52;6901;10;U328Z2P;Smíchovské nádraží;50.01585;14.43717
20260604_171853_L449;20260604_171853;04.06.2026;16:55:00;449;60;1135;22;U1730Z2;Mníšek p.Brdy,náměstí;49.87028;14.26835
20260604_171853_L197;20260604_171853;04.06.2026;17:08:00;197;5;5533;11;U783Z1P;Sídliště Písnice;50.00417;14.46468
20260604_171853_L195;20260604_171853;04.06.2026;17:04:00;195;21;5096;14;U827Z1P;Jesenická;50.07886;14.50833
20260604_171853_L182;20260604_171853;04.06.2026;17:06:00;182;5;3978;12;U219Z1P;Opatov;50.04283;14.51488
20260604_171853_L340;20260604_171853;04.06.2026;17:09:00;340;41;8823;10;U2110Z2;Praha,Dejvická;50.1668;14.37207
20260604_171853_L337;20260604_171853;04.06.2026;17:09:00;337;12;9933;10;U1535Z1;Benešov,Terminál;49.92607;14.56998
20260604_171853_L201;20260604_171853;04.06.2026;17:08:00;201;5;3879;10;U818Z2P;Nádraží Holešovice;50.10643;14.56007
20260604_171853_L151;20260604_171853;04.06.2026;17:05:00;151;5;3899;11;U474Z7P;Českomoravská;50.10939;14.49684
20260604_171853_L382;20260604_171853;04.06.2026;17:00:00;382;39;9179;17;U542Z1;Sázava,aut.st.;50.0319;14.59829
20260604_171853_L136;20260604_171853;04.06.2026;17:06:00;136;15;5026;13;U751Z2P;Jižní Město;50.05262;14.47512
20260604_171853_L352;20260604_171853;04.06.2026;17:07:00;352;6;4121;11;U1188Z2;Jinočany,náměstí;50.03147;14.27246
20260604_171853_L182;20260604_171853;04.06.2026;17:07:00;182;6;4063;11;U708Z1P;Opatov;50.07656;14.53769
20260604_171853_L125;20260604_171853;04.06.2026;17:06:00;125;6;6981;10;U337Z4P;Smíchovské nádraží;50.0587;14.40974
20260604_171853_L177;20260604_171853;04.06.2026;17:06:00;177;10;6846;12;U160Z1P;Chodov;50.05068;14.52538
20260604_171853_L381;20260604_171853;04.06.2026;17:05:00;381;15;9369;10;U967Z1;Čáslav,obchodní centrum;50.0374;14.58723
20260604_171853_L126;20260604_171853;04.06.2026;17:08:00;126;2;4033;10;U3053Z2P;Nádraží Uhříněves;50.02969;14.595
20260604_171853_L180;20260604_171853;04.06.2026;17:04:00;180;9;5057;13;U229Z2P;Dejvická;50.08722;14.37775
20260604_171853_L232;20260604_171853;04.06.2026;17:04:00;232;12;4184;14;U337Z10P;Smíchovské nádraží;50.05663;14.4093
20260604_171853_L640;20260604_171853;04.06.2026;16:42:00;640;28;9585;34;U9810Z1;Hostomice,nám.;49.82576;14.04523
20260604_171853_L146;20260604_171853;04.06.2026;17:08:00;146;3;9190;10;U834Z2P;Želivského;50.08704;14.48442
20260604_171853_L858;20260604_171853;04.06.2026;16:36:00;858;66;8712;42;U4408Z1;Koleč,zámek;50.19791;14.2301
20260604_171853_L180;20260604_171853;04.06.2026;17:07:00;180;4;6864;12;U1141Z14P;Obchodní centrum Zličín;50.0546;14.29087
20260604_171853_L181;20260604_171853;04.06.2026;17:08:00;181;7;6835;10;U403Z8P;Opatov;50.053;14.52407
20260604_171853_L136;20260604_171853;04.06.2026;17:03:00;136;27;6686;13;U1074Z4P;Jižní Město;50.09212;14.46952
20260604_171853_L101;20260604_171853;04.06.2026;17:07:00;101;2;2322;12;U1092Z1P;Zentiva;50.0568;14.47304
20260604_171853_L112;20260604_171853;04.06.2026;17:08:00;112;25;5094;10;U241Z2P;Nádraží Holešovice;50.11736;14.4308
20260604_171853_L195;20260604_171853;04.06.2026;17:09:00;195;4;5098;10;U660Z4P;Jesenická;50.08329;14.5095
20260604_171853_L110;20260604_171853;04.06.2026;17:01:00;110;5;8094;16;U207Z3P;Dolní Počernice;50.08886;14.55031
20260604_171853_L560;20260604_171853;04.06.2026;17:04:00;560;70;8386;12;U2454Z2;Hořovičky;50.11764;13.71891
20260604_171853_L770;20260604_171853;04.06.2026;17:01:00;770;42;7918;14;U7795Z52;Benešov,Terminál;49.81972;14.8359
20260604_171853_L579;20260604_171853;04.06.2026;17:08:00;579;1;1207;10;U4028Z4;Roztoky,škola;50.02817;13.86612
20260604_171853_L483;20260604_171853;04.06.2026;17:05:00;483;51;7820;13;U5808Z2;Chocerady;49.8583;14.83306
20260604_171853_L483;20260604_171853;04.06.2026;17:06:00;483;35;7847;11;U7796Z1;Divišov,nám.;49.81082;14.86295
20260604_171853_L511;20260604_171853;04.06.2026;17:08:00;511;14;9616;10;U9731Z2;Příbram,aut.nádr.;49.68309;14.00686
20260604_171853_L406;20260604_171853;04.06.2026;17:08:00;406;1;7934;11;U7608Z1;Pelhřimov,aut.nádr.;49.74578;14.79525
20260604_171853_L401;20260604_171853;04.06.2026;17:04:00;401;61;7774;14;U6438Z5;Jindřichův Hradec,aut.nádr.;49.57311;14.65966
20260604_171853_L227;20260604_171853;04.06.2026;17:06:00;227;10;1591;12;U435Z3P;Nedvězí;50.03823;14.59008
20260604_171853_L365;20260604_171853;04.06.2026;17:07:00;365;13;8769;11;U444Z2;Praha,Motol;50.0756;14.34277
20260604_171853_L339;20260604_171853;04.06.2026;17:07:00;339;11;9942;11;U1543Z1;Týnec n.Sáz.,žel.st.;49.88075;14.62336
20260604_171853_L342;20260604_171853;04.06.2026;17:06:00;342;1;7702;10;U4413Z2;Slaný,žel.st.;50.18008;14.10682
20260604_171853_L136;20260604_171853;04.06.2026;17:05:00;136;21;6790;14;U512Z4P;Sídliště Čakovice;50.09078;14.46819
20260604_171853_L213;20260604_171853;04.06.2026;16:54:00;213;11;3741;25;U286Z1P;Želivského;50.03051;14.52734
20260604_171853_L136;20260604_171853;04.06.2026;17:06:00;136;5;6959;13;U771Z1P;Sídliště Čakovice;50.13406;14.50625
20260604_171853_L149;20260604_171853;04.06.2026;17:07:00;149;2;4200;11;U1407Z2P;Dejvická;50.07932;14.38093
20260604_171853_L126;20260604_171853;04.06.2026;17:01:00;126;1;3859;15;U3053Z2P;Nádraží Uhříněves;50.03126;14.59806
20260604_171853_L445;20260604_171853;04.06.2026;17:03:00;445;16;7404;15;U2518Z2;Jílové u Prahy,Náměstí;49.93892;14.38119
20260604_172254_L101;20260604_172254;04.06.2026;17:10:00;101;2;2322;12;U825Z2P;Zentiva;50.05443;14.48873
20260604_172254_L110;20260604_172254;04.06.2026;17:11:00;110;8;8101;11;U125Z1P;Obchodní centrum Čakovice;50.14224;14.50528
20260604_172254_L112;20260604_172254;04.06.2026;17:08:00;112;25;5094;14;U241Z2P;Nádraží Holešovice;50.11736;14.43124
20260604_172254_L126;20260604_172254;04.06.2026;17:08:00;126;2;4033;13;U3053Z2P;Nádraží Uhříněves;50.03062;14.59692
20260604_172254_L136;20260604_172254;04.06.2026;17:09:00;136;21;6790;13;U678Z1P;Sídliště Čakovice;50.10019;14.48605
20260604_172254_L136;20260604_172254;04.06.2026;17:10:00;136;5;6959;12;U766Z1P;Sídliště Čakovice;50.14648;14.50585
20260604_172254_L136;20260604_172254;04.06.2026;17:08:00;136;18;6974;14;U118Z4P;Jižní Město;50.07878;14.46062
20260604_172254_L136;20260604_172254;04.06.2026;17:09:00;136;19;5019;11;U1074Z4P;Jižní Město;50.09209;14.46942
20260604_172254_L136;20260604_172254;04.06.2026;17:10:00;136;15;5026;12;U417Z1P;Jižní Město;50.0429;14.48777
20260604_172254_L149;20260604_172254;04.06.2026;17:09:00;149;2;4200;12;U981Z1P;Dejvická;50.08414;14.38728
20260604_172254_L154;20260604_172254;04.06.2026;17:12:00;154;4;3023;10;U2901Z1P;Sídliště Libuš;50.01;14.46644
20260604_172254_L164;20260604_172254;04.06.2026;17:08:00;164;2;1953;13;U229Z2P;Malovanka;50.08726;14.37807
20260604_172254_L177;20260604_172254;04.06.2026;17:10:00;177;10;6846;12;U409Z1P;Chodov;50.04706;14.51477
20260604_172254_L177;20260604_172254;04.06.2026;17:10:00;177;55;6925;11;U474Z4P;Poliklinika Mazurská;50.11329;14.49836
20260604_172254_L180;20260604_172254;04.06.2026;17:12:00;180;2;6999;10;U229Z2P;Dejvická;50.0872;14.37751
20260604_172254_L180;20260604_172254;04.06.2026;17:04:00;180;9;5057;17;U229Z2P;Dejvická;50.08726;14.37859
20260604_172254_L180;20260604_172254;04.06.2026;17:11:00;180;13;6899;11;U867Z2P;Obchodní centrum Zličín;50.09352;14.38897
20260604_172254_L181;20260604_172254;04.06.2026;17:11:00;181;5;6786;10;U538Z2P;Opatov;50.0811;14.53791
20260604_172254_L181;20260604_172254;04.06.2026;17:08:00;181;7;6835;13;U403Z8P;Opatov;50.05107;14.5239
20260604_172254_L182;20260604_172254;04.06.2026;17:10:00;182;6;4063;13;U975Z1P;Opatov;50.06536;14.53637
20260604_172254_L183;20260604_172254;04.06.2026;17:12:00;183;7;6976;10;U538Z2P;Háje;50.08234;14.53799
20260604_172254_L195;20260604_172254;04.06.2026;17:09:00;195;21;5096;14;U673Z3P;Jesenická;50.06507;14.50542
20260604_172254_L195;20260604_172254;04.06.2026;17:13:00;195;22;6761;10;U574Z1P;Jesenická;50.09198;14.51097
20260604_172254_L195;20260604_172254;04.06.2026;17:11:00;195;4;5098;11;U827Z1P;Jesenická;50.07867;14.50824
20260604_172254_L197;20260604_172254;04.06.2026;17:09:00;197;4;6712;13;U1009Z2P;Smíchovské nádraží;50.00602;14.45845
20260604_172254_L201;20260604_172254;04.06.2026;17:13:00;201;5;3879;10;U342Z1P;Nádraží Holešovice;50.11325;14.55996
20260604_172254_L213;20260604_172254;04.06.2026;16:54:00;213;11;3741;29;U286Z1P;Želivského;50.03051;14.52734
20260604_172254_L227;20260604_172254;04.06.2026;17:09:00;227;10;1591;13;U461Z2P;Nedvězí;50.03333;14.59301
20260604_172254_L228;20260604_172254;04.06.2026;17:11:00;228;13;9014;11;U794Z2P;Poliklinika Malešice;50.07189;14.55064
20260604_172254_L246;20260604_172254;04.06.2026;17:12:00;246;10;4005;10;U3051Z1P;Poliklinika Modřany;50.02559;14.29804
20260604_172254_L858;20260604_172254;04.06.2026;16:36:00;858;66;8712;46;U4408Z1;Koleč,zámek;50.19791;14.2301
20260604_172254_L311;20260604_172254;04.06.2026;17:11:00;311;77;9583;10;U2280Z1;Praha,Zličín;49.91626;14.24275
20260604_172254_L316;20260604_172254;04.06.2026;17:12:00;316;1;8980;10;U4190Z1;Kralupy n.Vlt.,žel.st.;50.23996;14.30175
20260604_172254_L335;20260604_172254;04.06.2026;17:11:00;335;5;9181;10;U1565Z1;Praha,Budějovická;49.90122;14.57221
20260604_172254_L337;20260604_172254;04.06.2026;17:12:00;337;12;9933;10;U1538Z1;Benešov,Terminál;49.91047;14.58401
20260604_172254_L339;20260604_172254;04.06.2026;17:11:00;339;11;9942;11;U1588Z1;Týnec n.Sáz.,žel.st.;49.86988;14.59302
20260604_172254_L342;20260604_172254;04.06.2026;17:11:00;342;1;7702;11;U4770Z1;Slaný,žel.st.;50.19509;14.11996
20260604_172254_L347;20260604_172254;04.06.2026;17:12:00;347;18;8858;10;U11006Z2;Chýně,Nádraží;50.05509;14.22944
20260604_172254_L381;20260604_172254;04.06.2026;17:05:00;381;15;9369;12;U967Z1;Čáslav,obchodní centrum;50.03825;14.5901
20260604_172254_L383;20260604_172254;04.06.2026;17:10:00;383;44;9182;11;U2047Z1;Praha,Háje;49.87784;14.79826
20260604_172254_L389;20260604_172254;04.06.2026;17:10:00;389;32;7757;11;U32408Z1;Chomutov,žel.st.;50.46149;13.40904
20260604_172254_L401;20260604_172254;04.06.2026;17:04:00;401;61;7774;15;U6438Z5;Jindřichův Hradec,aut.nádr.;49.54694;14.66436
20260604_172254_L406;20260604_172254;04.06.2026;17:11:00;406;1;7934;11;U7610Z1;Pelhřimov,aut.nádr.;49.72839;14.83132
20260604_172254_L412;20260604_172254;04.06.2026;17:10:00;412;42;9909;12;U9359Z2;Praha,Černý Most;50.40893;14.952
20260604_172254_L445;20260604_172254;04.06.2026;17:03:00;445;16;7404;19;U2518Z2;Jílové u Prahy,Náměstí;49.93892;14.38119
20260604_172254_L483;20260604_172254;04.06.2026;17:11:00;483;35;7847;11;U7443Z1;Divišov,nám.;49.78996;14.87273
20260604_172254_L483;20260604_172254;04.06.2026;17:08:00;483;51;7820;14;U7602Z2;Chocerady;49.86489;14.81718
20260604_172254_L531;20260604_172254;04.06.2026;17:10:00;531;13;9546;11;U5989Z2;Příbram,aut.nádr. (ul. Čs.armády);49.83606;13.93476
20260604_172254_L560;20260604_172254;04.06.2026;17:10:00;560;70;8386;11;U6789Z2;Hořovičky;50.1363;13.68544
20260604_172254_L640;20260604_172254;04.06.2026;16:42:00;640;28;9585;38;U9810Z1;Hostomice,nám.;49.82576;14.04523
20260604_172254_L770;20260604_172254;04.06.2026;17:01:00;770;42;7918;15;U7795Z52;Benešov,Terminál;49.80619;14.8181
20260604_172654_L136;20260604_172654;04.06.2026;17:13:00;136;5;6959;13;U451Z1P;Sídliště Čakovice;50.15081;14.51441
20260604_172654_L352;20260604_172654;04.06.2026;17:16:00;352;7;4172;10;U634Z1;Jinočany,náměstí;50.0327;14.31205
20260604_172654_L332;20260604_172654;04.06.2026;17:15:00;332;21;9954;11;U2129Z2;Praha,Budějovická;49.94154;14.51615
20260604_172654_L181;20260604_172654;04.06.2026;17:13:00;181;5;6786;13;U747Z1P;Opatov;50.07789;14.53778
20260604_172654_L194;20260604_172654;04.06.2026;17:15:00;194;4;1905;10;U360Z10P;Nemocnice pod Petřínem;50.09084;14.40774
20260604_172654_L667;20260604_172654;04.06.2026;17:13:00;667;21;8008;13;U3263Z1;Brandýs n.L.-St.Bol.,Nádr.;50.26606;14.8093
20260604_172654_L197;20260604_172654;04.06.2026;17:15:00;197;4;6712;12;U60Z2P;Smíchovské nádraží;50.01683;14.4441
20260604_172654_L195;20260604_172654;04.06.2026;17:14:00;195;21;5096;12;U890Z1P;Jesenická;50.05637;14.50683
20260604_172654_L213;20260604_172654;04.06.2026;16:54:00;213;11;3741;33;U286Z1P;Želivského;50.03051;14.52734
20260604_172654_L180;20260604_172654;04.06.2026;17:12:00;180;2;6999;13;U229Z2P;Dejvická;50.08727;14.37873
20260604_172654_L149;20260604_172654;04.06.2026;17:12:00;149;2;4200;15;U563Z1P;Dejvická;50.08518;14.3791
20260604_172654_L177;20260604_172654;04.06.2026;17:15:00;177;10;6846;12;U344Z4P;Chodov;50.0327;14.50764
20260604_172654_L389;20260604_172654;04.06.2026;17:10:00;389;32;7757;15;U32408Z1;Chomutov,žel.st.;50.46149;13.4091
20260604_172654_L560;20260604_172654;04.06.2026;17:15:00;560;70;8386;10;U6812Z2;Hořovičky;50.1444;13.65274
20260604_172654_L101;20260604_172654;04.06.2026;17:15:00;101;2;2322;12;U760Z2P;Zentiva;50.05462;14.50733
20260604_172654_L110;20260604_172654;04.06.2026;17:16:00;110;1;1490;10;U207Z3P;Dolní Počernice;50.09333;14.54684
20260604_172654_L227;20260604_172654;04.06.2026;17:12:00;227;10;1591;13;U336Z1P;Nedvězí;50.02953;14.60305
20260604_172654_L246;20260604_172654;04.06.2026;17:17:00;246;10;4005;10;U915Z1P;Poliklinika Modřany;50.01074;14.31257
20260604_172654_L339;20260604_172654;04.06.2026;17:15:00;339;11;9942;11;U1590Z1;Týnec n.Sáz.,žel.st.;49.85112;14.58882
20260604_172654_L342;20260604_172654;04.06.2026;17:15:00;342;1;7702;10;U4772Z1;Slaný,žel.st.;50.21386;14.1233
20260604_172654_L356;20260604_172654;04.06.2026;17:13:00;356;31;8824;11;U5971Z2;Praha,Obchodní centrum Ruzyně;50.11116;14.28043
20260604_172654_L381;20260604_172654;04.06.2026;17:05:00;381;15;9369;16;U967Z1;Čáslav,obchodní centrum;50.03366;14.59582
20260604_172654_L197;20260604_172654;04.06.2026;17:15:00;197;52;6901;10;U879Z2P;Smíchovské nádraží;50.02717;14.42911
20260604_172654_L531;20260604_172654;04.06.2026;17:15:00;531;13;9546;11;U9804Z2;Příbram,aut.nádr. (ul. Čs.armády);49.82418;13.94049
20260604_172654_L136;20260604_172654;04.06.2026;17:14:00;136;21;6790;13;U134Z5P;Sídliště Čakovice;50.10104;14.50248
20260604_172654_L640;20260604_172654;04.06.2026;16:42:00;640;28;9585;43;U9810Z1;Hostomice,nám.;49.8258;14.045
20260604_172654_L719;20260604_172654;04.06.2026;17:12:00;719;22;9086;13;U6210Z2;Bítouchov;50.48249;14.93172
20260604_172654_L182;20260604_172654;04.06.2026;17:15:00;182;6;4063;12;U472Z4P;Opatov;50.05289;14.52876
20260604_172654_L136;20260604_172654;04.06.2026;17:12:00;136;16;6969;15;U751Z2P;Jižní Město;50.05257;14.47515
20260604_172654_L183;20260604_172654;04.06.2026;17:14:00;183;7;6976;12;U747Z1P;Háje;50.07865;14.53778
20260604_172654_L136;20260604_172654;04.06.2026;17:16:00;136;15;5026;10;U344Z1P;Jižní Město;50.03149;14.50543
20260604_172654_L154;20260604_172654;04.06.2026;17:16:00;154;4;3023;10;U1009Z2P;Sídliště Libuš;50.00604;14.45845
20260604_172654_L177;20260604_172654;04.06.2026;17:16:00;177;53;6927;11;U574Z1P;Chodov;50.09218;14.51215
20260604_172654_L137;20260604_172654;04.06.2026;17:16:00;137;5;4196;11;U116Z2P;Na Knížecí;50.06075;14.38109
20260604_172654_L136;20260604_172654;04.06.2026;17:15:00;136;28;5043;10;U1074Z4P;Jižní Město;50.09332;14.47265
20260604_172654_L228;20260604_172654;04.06.2026;17:11:00;228;13;9014;14;U794Z2P;Poliklinika Malešice;50.07052;14.54564
20260604_172654_L234;20260604_172654;04.06.2026;17:13:00;234;3;3892;13;U241Z2P;Nádraží Holešovice;50.11735;14.43069
20260604_172654_L406;20260604_172654;04.06.2026;17:15:00;406;1;7934;11;U5799Z1;Pelhřimov,aut.nádr.;49.71313;14.87518
20260604_172654_L337;20260604_172654;04.06.2026;17:15:00;337;12;9933;11;U1564Z1;Benešov,Terminál;49.90372;14.58766
20260604_172654_L195;20260604_172654;04.06.2026;17:17:00;195;22;6761;10;U660Z4P;Jesenická;50.08325;14.50952
20260604_172654_L195;20260604_172654;04.06.2026;17:16:00;195;4;5098;11;U673Z3P;Jesenická;50.06439;14.50495
20260604_172654_L858;20260604_172654;04.06.2026;16:36:00;858;66;8712;50;U4408Z1;Koleč,zámek;50.19791;14.2301
20260604_172654_L181;20260604_172654;04.06.2026;17:13:00;181;7;6835;14;U219Z1P;Opatov;50.04287;14.51484
20260604_172654_L112;20260604_172654;04.06.2026;17:08:00;112;25;5094;18;U241Z2P;Nádraží Holešovice;50.11732;14.43281
20260604_172654_L180;20260604_172654;04.06.2026;17:11:00;180;13;6899;14;U867Z2P;Obchodní centrum Zličín;50.0918;14.38609
20260604_172654_L177;20260604_172654;04.06.2026;17:17:00;177;55;6925;10;U332Z2P;Poliklinika Mazurská;50.12541;14.49015
20260604_172654_L149;20260604_172654;04.06.2026;17:13:00;149;7;3820;12;U867Z2P;Stodůlky-Bavorská;50.09002;14.38392
20260604_172654_L136;20260604_172654;04.06.2026;17:13:00;136;19;5019;14;U69Z2P;Jižní Město;50.08885;14.46092
20260604_172654_L136;20260604_172654;04.06.2026;17:13:00;136;18;6974;12;U855Z1P;Jižní Město;50.07423;14.46694
20260604_172654_L445;20260604_172654;04.06.2026;17:03:00;445;16;7404;23;U2518Z2;Jílové u Prahy,Náměstí;49.93892;14.38119
20260604_172654_L177;20260604_172654;04.06.2026;17:14:00;177;19;6824;12;U160Z1P;Chodov;50.05067;14.52535
20260604_172654_L180;20260604_172654;04.06.2026;17:04:00;180;9;5057;21;U229Z2P;Dejvická;50.08744;14.38006
20260604_173055_L640;20260604_173055;04.06.2026;16:42:00;640;28;9585;45;U9810Z1;Hostomice,nám.;49.82524;14.04553
20260604_173055_L352;20260604_173055;04.06.2026;17:16:00;352;7;4172;13;U634Z1;Jinočany,náměstí;50.03219;14.31147
20260604_173055_L183;20260604_173055;04.06.2026;17:18:00;183;7;6976;13;U975Z1P;Háje;50.06614;14.53646
20260604_173055_L332;20260604_173055;04.06.2026;17:15:00;332;21;9954;14;U2129Z2;Praha,Budějovická;49.94154;14.51615
20260604_173055_L181;20260604_173055;04.06.2026;17:17:00;181;7;6835;13;U344Z4P;Opatov;50.03194;14.50731
20260604_173055_L181;20260604_173055;04.06.2026;17:17:00;181;5;6786;14;U975Z1P;Opatov;50.06538;14.53644
20260604_173055_L203;20260604_173055;04.06.2026;17:20:00;203;7;1968;10;U938Z2P;Poliklinika Budějovická;50.03924;14.45781
20260604_173055_L213;20260604_173055;04.06.2026;16:54:00;213;11;3741;37;U286Z1P;Želivského;50.03052;14.52734
20260604_173055_L101;20260604_173055;04.06.2026;17:19:00;101;2;2322;11;U2781Z1P;Zentiva;50.06223;14.50424
20260604_173055_L137;20260604_173055;04.06.2026;17:18:00;137;5;4196;12;U363Z2P;Na Knížecí;50.06516;14.38888
20260604_173055_L196;20260604_173055;04.06.2026;17:17:00;196;12;6933;13;U228Z3P;Smíchovské nádraží;50.03733;14.45686
20260604_173055_L197;20260604_173055;04.06.2026;17:20:00;197;52;6901;10;U245Z2P;Smíchovské nádraží;50.03432;14.41526
20260604_173055_L467;20260604_173055;04.06.2026;17:18:00;467;15;8116;11;U1795Z2;Mladá Boleslav,aut.st.;50.35385;14.4817
20260604_173055_L136;20260604_173055;04.06.2026;17:17:00;136;21;6790;13;U474Z5P;Sídliště Čakovice;50.11099;14.50254
20260604_173055_L149;20260604_173055;04.06.2026;17:12:00;149;2;4200;18;U563Z1P;Dejvická;50.08551;14.37903
20260604_173055_L136;20260604_173055;04.06.2026;17:16:00;136;16;6969;14;U417Z1P;Jižní Město;50.04292;14.48778
20260604_173055_L136;20260604_173055;04.06.2026;17:17:00;136;15;5026;12;U106Z2P;Jižní Město;50.02423;14.50876
20260604_173055_L227;20260604_173055;04.06.2026;17:16:00;227;10;1591;14;U828Z1P;Nedvězí;50.02549;14.60905
20260604_173055_L182;20260604_173055;04.06.2026;17:16:00;182;6;4063;14;U403Z8P;Opatov;50.05108;14.52378
20260604_173055_L197;20260604_173055;04.06.2026;17:20:00;197;4;6712;11;U497Z2P;Smíchovské nádraží;50.0231;14.44002
20260604_173055_L136;20260604_173055;04.06.2026;17:15:00;136;28;5043;13;U1074Z4P;Jižní Město;50.09228;14.4701
20260604_173055_L180;20260604_173055;04.06.2026;17:19:00;180;8;5001;10;U867Z2P;Obchodní centrum Zličín;50.0906;14.38464
20260604_173055_L174;20260604_173055;04.06.2026;17:20:00;174;5;4124;10;U709Z2P;Vypich;50.05342;14.33044
20260604_173055_L311;20260604_173055;04.06.2026;17:18:00;311;77;9583;12;U1626Z52;Praha,Zličín;49.92729;14.27154
20260604_173055_L560;20260604_173055;04.06.2026;17:19:00;560;70;8386;10;U6816Z2;Hořovičky;50.13878;13.63433
20260604_173055_L400;20260604_173055;04.06.2026;17:19:00;400;53;1082;10;U32674Z2;Varnsdorf,aut.nádr.;50.78375;14.45986
20260604_173055_L389;20260604_173055;04.06.2026;17:10:00;389;32;7757;19;U32408Z1;Chomutov,žel.st.;50.46149;13.40907
20260604_173055_L228;20260604_173055;04.06.2026;17:16:00;228;13;9014;14;U741Z2P;Poliklinika Malešice;50.07025;14.54146
20260604_173055_L194;20260604_173055;04.06.2026;17:17:00;194;4;1905;13;U3249Z1P;Nemocnice pod Petřínem;50.09001;14.40502
20260604_173055_L305;20260604_173055;04.06.2026;17:18:00;305;4;8391;12;U32110Z2;Praha,Zličín;50.13213;13.31673
20260604_173055_L791;20260604_173055;04.06.2026;17:19:00;791;48;7829;10;U7453Z1;Český Šternberk,Čejkovice;49.80088;14.91942
20260604_173055_L531;20260604_173055;04.06.2026;17:17:00;531;13;9546;11;U9802Z2;Příbram,aut.nádr. (ul. Čs.armády);49.80976;13.96824
20260604_173055_L110;20260604_173055;04.06.2026;17:18:00;110;1;1490;12;U318Z1P;Dolní Počernice;50.08843;14.55266
20260604_173055_L332;20260604_173055;04.06.2026;17:16:00;332;1;9162;14;U4462Z2;Neveklov;49.75925;14.52754
20260604_173055_L335;20260604_173055;04.06.2026;17:20:00;335;5;9181;10;U1560Z11;Praha,Budějovická;49.91626;14.60084
20260604_173055_L342;20260604_173055;04.06.2026;17:20:00;342;1;7702;10;U4774Z1;Slaný,žel.st.;50.2174;14.12381
20260604_173055_L356;20260604_173055;04.06.2026;17:18:00;356;31;8824;12;U416Z2;Praha,Obchodní centrum Ruzyně;50.10091;14.28908
20260604_173055_L177;20260604_173055;04.06.2026;17:16:00;177;9;6977;15;U1116Z2P;Chodov;50.02995;14.48785
20260604_173055_L177;20260604_173055;04.06.2026;17:19:00;177;10;6846;11;U774Z2P;Chodov;50.02067;14.50796
20260604_173055_L201;20260604_173055;04.06.2026;17:19:00;201;3;3989;12;U622Z2P;Nádraží Holešovice;50.11765;14.45671
20260604_173055_L112;20260604_173055;04.06.2026;17:18:00;112;23;5011;12;U241Z2P;Nádraží Holešovice;50.11732;14.42939
20260604_173055_L234;20260604_173055;04.06.2026;17:16:00;234;3;3892;13;U7406Z3P;Nádraží Holešovice;50.11425;14.43508
20260604_173055_L195;20260604_173055;04.06.2026;17:21:00;195;4;5098;10;U890Z1P;Jesenická;50.05635;14.50685
20260604_173055_L858;20260604_173055;04.06.2026;16:36:00;858;66;8712;54;U4408Z1;Koleč,zámek;50.19791;14.2301
20260604_173055_L406;20260604_173055;04.06.2026;17:20:00;406;1;7934;10;U6042Z4;Pelhřimov,aut.nádr.;49.7073;14.90144
20260604_173055_L126;20260604_173055;04.06.2026;17:18:00;126;3;3856;12;U336Z2P;Nádraží Uhříněves;50.03225;14.59788
20260604_173055_L180;20260604_173055;04.06.2026;17:11:00;180;13;6899;18;U867Z2P;Obchodní centrum Zličín;50.09091;14.38498
20260604_173055_L180;20260604_173055;04.06.2026;17:12:00;180;2;6999;17;U229Z2P;Dejvická;50.08739;14.37981
20260604_173055_L177;20260604_173055;04.06.2026;17:20:00;177;53;6927;11;U660Z4P;Chodov;50.0833;14.50948
20260604_173055_L136;20260604_173055;04.06.2026;17:21:00;136;18;6974;10;U37Z1P;Jižní Město;50.0611;14.46944
20260604_173055_L445;20260604_173055;04.06.2026;17:03:00;445;16;7404;27;U2518Z2;Jílové u Prahy,Náměstí;49.93732;14.38753
20260604_173055_L177;20260604_173055;04.06.2026;17:18:00;177;19;6824;13;U409Z1P;Chodov;50.0472;14.51601
20260604_173055_L541;20260604_173055;04.06.2026;17:18:00;541;1;7587;12;U6729Z1;Dlouhopolsko;50.17003;15.33153
20260604_173455_L177;20260604_173455;04.06.2026;17:22:00;177;10;6846;12;U972Z2P;Chodov;50.02345;14.4884
20260604_173455_L227;20260604_173455;04.06.2026;17:20:00;227;10;1591;14;U725Z1P;Nedvězí;50.01133;14.62672
20260604_173455_L174;20260604_173455;04.06.2026;17:24:00;174;5;4124;10;U966Z1P;Vypich;50.05851;14.33932
20260604_173455_L136;20260604_173455;04.06.2026;17:20:00;136;19;5019;15;U118Z4P;Jižní Město;50.07822;14.46049
20260604_173455_L180;20260604_173455;04.06.2026;17:19:00;180;8;5001;14;U867Z2P;Obchodní centrum Zličín;50.09004;14.38398
20260604_173455_L332;20260604_173455;04.06.2026;17:15:00;332;21;9954;19;U2129Z2;Praha,Budějovická;49.94155;14.51615
20260604_173455_L181;20260604_173455;04.06.2026;17:22:00;181;5;6786;13;U472Z4P;Opatov;50.05288;14.52868
20260604_173455_L246;20260604_173455;04.06.2026;17:25:00;246;10;4005;10;U785Z1P;Poliklinika Modřany;49.99674;14.33924
20260604_173455_L387;20260604_173455;04.06.2026;17:22:00;387;8;9370;12;U808Z5;Uhlířské Janovice,nám.;50.03054;14.60613
20260604_173455_L213;20260604_173455;04.06.2026;16:54:00;213;11;3741;41;U286Z1P;Želivského;50.03051;14.52735
20260604_173455_L149;20260604_173455;04.06.2026;17:12:00;149;2;4200;22;U563Z1P;Dejvická;50.08582;14.37893
20260604_173455_L182;20260604_173455;04.06.2026;17:20:00;182;6;4063;15;U823Z1P;Opatov;50.04501;14.51914
20260604_173455_L112;20260604_173455;04.06.2026;17:18:00;112;23;5011;16;U241Z2P;Nádraží Holešovice;50.11733;14.42959
20260604_173455_L791;20260604_173455;04.06.2026;17:24:00;791;48;7829;10;U7434Z1;Český Šternberk,Čejkovice;49.81012;14.92782
20260604_173455_L112;20260604_173455;04.06.2026;17:22:00;112;24;6754;12;U66Z2P;Nádraží Holešovice;50.11758;14.42544
20260604_173455_L197;20260604_173455;04.06.2026;17:22:00;197;52;6901;12;U614Z4P;Smíchovské nádraží;50.03939;14.41071
20260604_173455_L402;20260604_173455;04.06.2026;17:22:00;402;1;7674;10;U7317Z1;Čáslav,aut.st.;49.73362;15.06749
20260604_173455_L136;20260604_173455;04.06.2026;17:22:00;136;21;6790;12;U603Z1P;Sídliště Čakovice;50.11908;14.50036
20260604_173455_L305;20260604_173455;04.06.2026;17:22:00;305;4;8391;12;U32108Z2;Praha,Zličín;50.12046;13.36358
20260604_173455_L126;20260604_173455;04.06.2026;17:23:00;126;5;4107;11;U3053Z2P;Nádraží Uhříněves;50.03052;14.59654
20260604_173455_L389;20260604_173455;04.06.2026;17:10:00;389;32;7757;23;U32408Z1;Chomutov,žel.st.;50.46149;13.40909
20260604_173455_L177;20260604_173455;04.06.2026;17:22:00;177;19;6824;12;U99Z1P;Chodov;50.03731;14.50886
20260604_173455_L197;20260604_173455;04.06.2026;17:24:00;197;4;6712;11;U971Z1P;Smíchovské nádraží;50.03191;14.42647
20260604_173455_L195;20260604_173455;04.06.2026;17:25:00;195;22;6761;10;U2781Z2P;Jesenická;50.062;14.50412
20260604_173455_L143;20260604_173455;04.06.2026;17:24:00;143;3;5003;10;U362Z10P;Stadion Strahov;50.0853;14.38349
20260604_173455_L170;20260604_173455;04.06.2026;17:25:00;170;53;3843;10;U643Z1P;Jižní Město;50.04666;14.47576
20260604_173455_L335;20260604_173455;04.06.2026;17:23:00;335;5;9181;11;U1563Z3;Praha,Budějovická;49.92422;14.61663
20260604_173455_L101;20260604_173455;04.06.2026;17:23:00;101;2;2322;11;U1076Z1P;Zentiva;50.07018;14.50972
20260604_173455_L349;20260604_173455;04.06.2026;17:23:00;349;29;8274;10;U467Z2;Praha,Ládví;50.12708;14.47344
20260604_173455_L858;20260604_173455;04.06.2026;16:36:00;858;66;8712;58;U4408Z1;Koleč,zámek;50.19791;14.2301
20260604_173455_L467;20260604_173455;04.06.2026;17:22:00;467;58;8069;10;U3389Z1;Mladá Boleslav,aut.st.;50.42018;14.91763
20260604_173455_L149;20260604_173455;04.06.2026;17:24:00;149;9;4194;10;U981Z1P;Dejvická;50.08205;14.38993
20260604_173455_L110;20260604_173455;04.06.2026;17:21:00;110;1;1490;12;U158Z1P;Dolní Počernice;50.08778;14.56308
20260604_173455_L177;20260604_173455;04.06.2026;17:24:00;177;53;6927;11;U1222Z2P;Chodov;50.07301;14.50799
20260604_173455_L183;20260604_173455;04.06.2026;17:20:00;183;7;6976;13;U677Z1P;Háje;50.05441;14.53644
20260604_173455_L228;20260604_173455;04.06.2026;17:25:00;228;11;9044;10;U461Z2P;Poliklinika Malešice;50.03361;14.59257
20260604_173455_L560;20260604_173455;04.06.2026;17:23:00;560;70;8386;10;U6817Z1;Hořovičky;50.11491;13.62645
20260604_173455_L180;20260604_173455;04.06.2026;17:20:00;180;3;6936;13;U229Z2P;Dejvická;50.08722;14.37803
20260604_173455_L356;20260604_173455;04.06.2026;17:24:00;356;31;8824;10;U1295Z2;Praha,Bořislavka;50.09286;14.29256
20260604_173455_L136;20260604_173455;04.06.2026;17:22:00;136;16;6969;13;U344Z1P;Jižní Město;50.03176;14.50446
20260604_173455_L180;20260604_173455;04.06.2026;17:11:00;180;13;6899;22;U867Z2P;Obchodní centrum Zličín;50.09032;14.38433
20260604_173455_L136;20260604_173455;04.06.2026;17:21:00;136;1;6759;12;U1074Z4P;Jižní Město;50.09304;14.47213
20260604_173455_L401;20260604_173455;04.06.2026;17:20:00;401;62;7771;14;U1384Z16;Jindřichův Hradec,aut.nádr.;49.7795;14.68412
20260604_173455_L334;20260604_173455;04.06.2026;17:23:00;334;42;7915;11;U1330Z2;Praha,Smíchovské nádraží;49.96816;14.51317
20260604_173455_L137;20260604_173455;04.06.2026;17:21:00;137;5;4196;12;U922Z3P;Na Knížecí;50.06864;14.40077
20260604_173455_L652;20260604_173455;04.06.2026;17:23:00;652;12;1595;11;U1978Z1;Oleška,Krymlov;49.98962;14.86394
20260604_173455_L136;20260604_173455;04.06.2026;17:24:00;136;18;6974;10;U751Z2P;Jižní Město;50.0526;14.47514
20260604_173455_L177;20260604_173455;04.06.2026;17:25:00;177;52;6890;10;U409Z1P;Chodov;50.04704;14.51479
20260604_173455_L136;20260604_173455;04.06.2026;17:23:00;136;15;5026;12;U286Z5P;Jižní Město;50.03057;14.52873
20260604_173455_L201;20260604_173455;04.06.2026;17:25:00;201;5;3879;10;U243Z3P;Nádraží Holešovice;50.13233;14.55101
20260604_173455_L541;20260604_173455;04.06.2026;17:18:00;541;1;7587;16;U6729Z1;Dlouhopolsko;50.17003;15.33153
20260604_173855_L180;20260604_173855;04.06.2026;17:19:00;180;8;5001;17;U867Z2P;Obchodní centrum Zličín;50.0894;14.38309
20260604_173855_L201;20260604_173855;04.06.2026;17:28:00;201;5;3879;10;U2769Z1P;Nádraží Holešovice;50.13533;14.53544
20260604_173855_L197;20260604_173855;04.06.2026;17:26:00;197;52;6901;12;U337Z13P;Smíchovské nádraží;50.0503;14.41076
20260604_173855_L180;20260604_173855;04.06.2026;17:26:00;180;10;6898;11;U867Z2P;Obchodní centrum Zličín;50.09073;14.38478
20260604_173855_L207;20260604_173855;04.06.2026;17:27:00;207;20;3848;10;U620Z2P;Staroměstská;50.09233;14.41806
20260604_173855_L136;20260604_173855;04.06.2026;17:27:00;136;21;6790;11;U1000Z12P;Sídliště Čakovice;50.12512;14.51665
20260604_173855_L180;20260604_173855;04.06.2026;17:27:00;180;1;5568;10;U229Z2P;Dejvická;50.08703;14.3763
20260604_173855_L182;20260604_173855;04.06.2026;17:24:00;182;6;4063;14;U99Z1P;Opatov;50.03731;14.50887
20260604_173855_L136;20260604_173855;04.06.2026;17:28:00;136;18;6974;10;U417Z1P;Jižní Město;50.0429;14.48781
20260604_173855_L149;20260604_173855;04.06.2026;17:27:00;149;9;4194;11;U563Z1P;Dejvická;50.08599;14.37881
20260604_173855_L180;20260604_173855;04.06.2026;17:20:00;180;3;6936;17;U229Z2P;Dejvická;50.08722;14.37803
20260604_173855_L180;20260604_173855;04.06.2026;17:11:00;180;13;6899;26;U867Z2P;Obchodní centrum Zličín;50.08971;14.38359
20260604_173855_L126;20260604_173855;04.06.2026;17:25:00;126;5;4107;13;U336Z2P;Nádraží Uhříněves;50.0322;14.59794
20260604_173855_L366;20260604_173855;04.06.2026;17:27:00;366;8;4514;11;U1812Z1;Doubek;50.0311;14.66876
20260604_173855_L170;20260604_173855;04.06.2026;17:28:00;170;53;3843;11;U417Z1P;Jižní Město;50.04358;14.48729
20260604_173855_L197;20260604_173855;04.06.2026;17:28:00;197;4;6712;10;U619Z2P;Smíchovské nádraží;50.03606;14.41175
20260604_173855_L101;20260604_173855;04.06.2026;17:27:00;101;2;2322;11;U226Z1P;Zentiva;50.0622;14.53479
20260604_173855_L136;20260604_173855;04.06.2026;17:25:00;136;19;5019;12;U855Z1P;Jižní Město;50.07405;14.46785
20260604_173855_L174;20260604_173855;04.06.2026;17:29:00;174;5;4124;10;U306Z1P;Vypich;50.07462;14.34022
20260604_173855_L174;20260604_173855;04.06.2026;17:28:00;174;16;4013;11;U634Z1P;Třebonice;50.03321;14.31193
20260604_173855_L136;20260604_173855;04.06.2026;17:21:00;136;1;6759;15;U1074Z4P;Jižní Město;50.09184;14.46901
20260604_173855_L136;20260604_173855;04.06.2026;17:26:00;136;16;6969;13;U916Z1P;Jižní Město;50.02514;14.51473
20260604_173855_L177;20260604_173855;04.06.2026;17:28:00;177;55;6925;11;U544Z1P;Poliklinika Mazurská;50.1275;14.43515
20260604_173855_L334;20260604_173855;04.06.2026;17:23:00;334;42;7915;12;U1330Z2;Praha,Smíchovské nádraží;49.96932;14.49375
20260604_173855_L335;20260604_173855;04.06.2026;17:27:00;335;5;9181;11;U1579Z2;Praha,Budějovická;49.9318;14.58483
20260604_173855_L332;20260604_173855;04.06.2026;17:15:00;332;21;9954;23;U2129Z2;Praha,Budějovická;49.94155;14.51615
20260604_173855_L340;20260604_173855;04.06.2026;17:28:00;340;41;8823;10;U350Z4;Praha,Dejvická;50.10231;14.39511
20260604_173855_L356;20260604_173855;04.06.2026;17:27:00;356;31;8824;11;U416Z1;Praha,Bořislavka;50.1053;14.28766
20260604_173855_L136;20260604_173855;04.06.2026;17:27:00;136;2;6920;11;U1074Z4P;Jižní Město;50.09448;14.47406
20260604_173855_L157;20260604_173855;04.06.2026;17:24:00;157;12;3922;13;U228Z3P;Násirovo náměstí;50.03502;14.45571
20260604_173855_L531;20260604_173855;04.06.2026;17:27:00;531;13;9546;11;U3285Z2;Příbram,aut.nádr. (ul. Čs.armády);49.78026;13.98934
20260604_173855_L858;20260604_173855;04.06.2026;16:36:00;858;66;8712;62;U4408Z1;Koleč,zámek;50.19791;14.2301
20260604_173855_L234;20260604_173855;04.06.2026;17:27:00;234;2;3871;11;U66Z2P;Nádraží Holešovice;50.11731;14.42377
20260604_173855_L213;20260604_173855;04.06.2026;16:54:00;213;11;3741;45;U286Z1P;Želivského;50.03051;14.52735
20260604_173855_L467;20260604_173855;04.06.2026;17:28:00;467;15;8116;11;U3327Z1;Mladá Boleslav,aut.st.;50.34114;14.50665
20260604_173855_L541;20260604_173855;04.06.2026;17:18:00;541;1;7587;20;U6729Z1;Dlouhopolsko;50.17003;15.33153
20260604_173855_L311;20260604_173855;04.06.2026;17:24:00;311;77;9583;14;U2570Z2;Praha,Zličín;49.92284;14.251
20260604_173855_L112;20260604_173855;04.06.2026;17:22:00;112;24;6754;16;U66Z2P;Nádraží Holešovice;50.11745;14.42679
20260604_173855_L177;20260604_173855;04.06.2026;17:27:00;177;53;6927;12;U673Z3P;Chodov;50.06438;14.50496
20260604_173855_L149;20260604_173855;04.06.2026;17:12:00;149;2;4200;27;U563Z1P;Dejvická;50.086;14.37887
20260604_173855_L136;20260604_173855;04.06.2026;17:27:00;136;27;6686;12;U37Z1P;Jižní Město;50.06114;14.46947
20260604_173855_L164;20260604_173855;04.06.2026;17:25:00;164;2;1953;14;U229Z3P;Sídliště Řepy;50.0869;14.37143
20260604_173855_L401;20260604_173855;04.06.2026;17:24:00;401;62;7771;14;U4521Z1;Jindřichův Hradec,aut.nádr.;49.77505;14.68243
20260604_173855_L204;20260604_173855;04.06.2026;17:26:00;204;72;9045;10;U6004Z2P;Sídliště Petrovice;50.09646;14.59848
20260604_173855_L227;20260604_173855;04.06.2026;17:25:00;227;10;1591;13;U1294Z2P;Nedvězí;50.0153;14.63224
20260604_173855_L228;20260604_173855;04.06.2026;17:28:00;228;11;9044;10;U9691Z2P;Poliklinika Malešice;50.0447;14.58563
20260604_173855_L300;20260604_173855;04.06.2026;17:28:00;300;9;8883;10;U462Z12;Hřebeč;50.09596;14.34693
20260604_173855_L389;20260604_173855;04.06.2026;17:10:00;389;32;7757;27;U32408Z1;Chomutov,žel.st.;50.46146;13.40908
20260604_173855_L183;20260604_173855;04.06.2026;17:25:00;183;7;6976;14;U633Z2P;Háje;50.04763;14.54551
20260604_173855_L177;20260604_173855;04.06.2026;17:27:00;177;19;6824;12;U774Z2P;Chodov;50.02066;14.50798
20260604_173855_L652;20260604_173855;04.06.2026;17:23:00;652;12;1595;15;U1978Z1;Oleška,Krymlov;49.98961;14.86395
20260604_173855_L765;20260604_173855;04.06.2026;17:26:00;765;20;1629;10;U1531Z2;Jesenice;49.9636;14.52116
20260604_173855_L560;20260604_173855;04.06.2026;17:23:00;560;70;8386;11;U6817Z1;Hořovičky;50.10062;13.61509
20260604_174256_L112;20260604_174256;04.06.2026;17:32:00;112;21;5086;10;U66Z2P;Nádraží Holešovice;50.11715;14.42284
20260604_174256_L112;20260604_174256;04.06.2026;17:29:00;112;23;5011;14;U115Z8P;Zoo Praha - Troja;50.1089;14.43997
20260604_174256_L126;20260604_174256;04.06.2026;17:33:00;126;4;4023;10;U336Z2P;Nádraží Uhříněves;50.03227;14.59789
20260604_174256_L126;20260604_174256;04.06.2026;17:32:00;126;11;3015;10;U99Z2P;Koleje Jižní Město;50.0367;14.50865
20260604_174256_L136;20260604_174256;04.06.2026;17:29:00;136;21;6790;13;U89Z1P;Sídliště Čakovice;50.13053;14.50842
20260604_174256_L136;20260604_174256;04.06.2026;17:29:00;136;16;6969;13;U286Z5P;Jižní Město;50.03075;14.52989
20260604_174256_L136;20260604_174256;04.06.2026;17:30:00;136;19;5019;12;U680Z3P;Jižní Město;50.06834;14.46921
20260604_174256_L136;20260604_174256;04.06.2026;17:27:00;136;2;6920;14;U1074Z4P;Jižní Město;50.0925;14.4707
20260604_174256_L136;20260604_174256;04.06.2026;17:30:00;136;27;6686;12;U751Z2P;Jižní Město;50.05269;14.47491
20260604_174256_L149;20260604_174256;04.06.2026;17:28:00;149;3;3936;13;U867Z2P;Stodůlky-Bavorská;50.09012;14.38414
20260604_174256_L149;20260604_174256;04.06.2026;17:12:00;149;2;4200;30;U563Z1P;Dejvická;50.08666;14.37864
20260604_174256_L149;20260604_174256;04.06.2026;17:27:00;149;9;4194;14;U563Z1P;Dejvická;50.08731;14.37875
20260604_174256_L157;20260604_174256;04.06.2026;17:24:00;157;12;3922;17;U228Z3P;Násirovo náměstí;50.03502;14.45571
20260604_174256_L164;20260604_174256;04.06.2026;17:29:00;164;2;1953;13;U3045Z3P;Sídliště Řepy;50.09154;14.35779
20260604_174256_L170;20260604_174256;04.06.2026;17:32:00;170;53;3843;11;U23Z2P;Jižní Město;50.03785;14.49879
20260604_174256_L174;20260604_174256;04.06.2026;17:31:00;174;16;4013;11;U505Z1P;Třebonice;50.03727;14.2982
20260604_174256_L174;20260604_174256;04.06.2026;17:30:00;174;5;4124;10;U444Z1P;Vypich;50.07849;14.34465
20260604_174256_L177;20260604_174256;04.06.2026;17:33:00;177;11;5557;10;U409Z1P;Chodov;50.04722;14.51602
20260604_174256_L177;20260604_174256;04.06.2026;17:31:00;177;19;6824;12;U1116Z2P;Chodov;50.02994;14.48782
20260604_174256_L177;20260604_174256;04.06.2026;17:32:00;177;53;6927;10;U670Z3P;Chodov;50.05631;14.51389
20260604_174256_L177;20260604_174256;04.06.2026;17:32:00;177;55;6925;10;U511Z1P;Poliklinika Mazurská;50.13094;14.42456
20260604_174256_L180;20260604_174256;04.06.2026;17:27:00;180;1;5568;14;U229Z2P;Dejvická;50.08714;14.37724
20260604_174256_L180;20260604_174256;04.06.2026;17:19:00;180;8;5001;21;U867Z2P;Obchodní centrum Zličín;50.08917;14.38278
20260604_174256_L180;20260604_174256;04.06.2026;17:26:00;180;10;6898;15;U867Z2P;Obchodní centrum Zličín;50.08999;14.38395
20260604_174256_L180;20260604_174256;04.06.2026;17:11:00;180;13;6899;30;U867Z2P;Obchodní centrum Zličín;50.08946;14.38327
20260604_174256_L181;20260604_174256;04.06.2026;17:33:00;181;2;6722;10;U227Z3P;Opatov;50.06125;14.53624
20260604_174256_L183;20260604_174256;04.06.2026;17:28:00;183;7;6976;15;U1069Z1P;Háje;50.04769;14.56527
20260604_174256_L194;20260604_174256;04.06.2026;17:30:00;194;5;1911;11;U360Z10P;Nemocnice pod Petřínem;50.09122;14.40841
20260604_174256_L197;20260604_174256;04.06.2026;17:31:00;197;4;6712;10;U110Z12P;Smíchovské nádraží;50.0503;14.41181
20260604_174256_L201;20260604_174256;04.06.2026;17:32:00;201;5;3879;11;U899Z3P;Nádraží Holešovice;50.14174;14.51658
20260604_174256_L209;20260604_174256;04.06.2026;17:32:00;209;41;9191;10;U808Z2P;Nádraží Uhříněves;50.02984;14.60118
20260604_174256_L213;20260604_174256;04.06.2026;16:54:00;213;11;3741;49;U286Z1P;Želivského;50.03051;14.52735
20260604_174256_L228;20260604_174256;04.06.2026;17:33:00;228;11;9044;10;U1115Z1P;Poliklinika Malešice;50.06094;14.58851
20260604_174256_L234;20260604_174256;04.06.2026;17:27:00;234;2;3871;15;U66Z2P;Nádraží Holešovice;50.11737;14.4272
20260604_174256_L246;20260604_174256;04.06.2026;17:33:00;246;10;4005;10;U456Z4P;Poliklinika Modřany;49.98513;14.36393
20260604_174256_L858;20260604_174256;04.06.2026;16:36:00;858;66;8712;66;U4408Z1;Koleč,zámek;50.19791;14.2301
20260604_174256_L335;20260604_174256;04.06.2026;17:30:00;335;5;9181;11;U1581Z2;Praha,Budějovická;49.94867;14.56658
20260604_174256_L356;20260604_174256;04.06.2026;17:29:00;356;31;8824;13;U776Z3;Praha,Bořislavka;50.1104;14.27914
20260604_174256_L365;20260604_174256;04.06.2026;17:33:00;365;8;8874;10;U1144Z4;Praha,Motol;50.08132;14.25443
20260604_174256_L366;20260604_174256;04.06.2026;17:29:00;366;8;4514;11;U1930Z1;Doubek;50.01752;14.69349
20260604_174256_L387;20260604_174256;04.06.2026;17:31:00;387;8;9370;12;U1878Z1;Uhlířské Janovice,nám.;49.999;14.66831
20260604_174256_L389;20260604_174256;04.06.2026;17:10:00;389;32;7757;31;U32408Z1;Chomutov,žel.st.;50.46149;13.40909
20260604_174256_L467;20260604_174256;04.06.2026;17:31:00;467;15;8116;11;U2910Z1;Mladá Boleslav,aut.st.;50.3312;14.53316
20260604_174256_L531;20260604_174256;04.06.2026;17:31:00;531;13;9546;11;U9794Z2;Příbram,aut.nádr. (ul. Čs.armády);49.77578;14.00734
20260604_174256_L541;20260604_174256;04.06.2026;17:18:00;541;1;7587;24;U6729Z1;Dlouhopolsko;50.17003;15.33153
20260604_174256_L560;20260604_174256;04.06.2026;17:23:00;560;70;8386;12;U6817Z1;Hořovičky;50.12334;13.6056
20260604_174256_L652;20260604_174256;04.06.2026;17:23:00;652;12;1595;19;U1978Z1;Oleška,Krymlov;49.98961;14.86395
20260604_174256_L750;20260604_174256;04.06.2026;17:31:00;750;16;7882;11;U6591Z2;Načeradec;49.66736;14.82452
20260604_174656_L112;20260604_174656;04.06.2026;17:32:00;112;21;5086;14;U66Z2P;Nádraží Holešovice;50.11745;14.42465
20260604_174656_L112;20260604_174656;04.06.2026;17:29:00;112;23;5011;16;U115Z8P;Zoo Praha - Troja;50.10904;14.43757
20260604_174656_L125;20260604_174656;04.06.2026;17:36:00;125;4;6983;10;U654Z2P;Skalka;50.05049;14.5435
20260604_174656_L126;20260604_174656;04.06.2026;17:37:00;126;1;3859;10;U735Z1P;Koleje Jižní Město;50.03422;14.51072
20260604_174656_L136;20260604_174656;04.06.2026;17:32:00;136;21;6790;13;U125Z1P;Sídliště Čakovice;50.14446;14.5056
20260604_174656_L136;20260604_174656;04.06.2026;17:36:00;136;19;5019;11;U751Z2P;Jižní Město;50.05304;14.47423
20260604_174656_L136;20260604_174656;04.06.2026;17:27:00;136;2;6920;17;U1074Z4P;Jižní Město;50.09128;14.46842
20260604_174656_L136;20260604_174656;04.06.2026;17:34:00;136;27;6686;12;U417Z1P;Jižní Město;50.04296;14.48775
20260604_174656_L136;20260604_174656;04.06.2026;17:32:00;136;17;5089;14;U916Z1P;Jižní Město;50.02515;14.51477
20260604_174656_L136;20260604_174656;04.06.2026;17:33:00;136;20;6888;12;U1074Z4P;Jižní Město;50.09304;14.47192
20260604_174656_L149;20260604_174656;04.06.2026;17:28:00;149;3;3936;17;U867Z2P;Stodůlky-Bavorská;50.08989;14.3838
20260604_174656_L149;20260604_174656;04.06.2026;17:12:00;149;2;4200;33;U563Z1P;Dejvická;50.08741;14.38004
20260604_174656_L157;20260604_174656;04.06.2026;17:24:00;157;12;3922;20;U228Z3P;Násirovo náměstí;50.03502;14.45571
20260604_174656_L164;20260604_174656;04.06.2026;17:33:00;164;2;1953;13;U541Z6P;Sídliště Řepy;50.08629;14.33916
20260604_174656_L170;20260604_174656;04.06.2026;17:35:00;170;53;3843;11;U99Z1P;Jižní Město;50.03728;14.50888
20260604_174656_L177;20260604_174656;04.06.2026;17:37:00;177;11;5557;10;U99Z1P;Chodov;50.03729;14.50887
20260604_174656_L177;20260604_174656;04.06.2026;17:37:00;177;52;6890;10;U972Z2P;Chodov;50.02347;14.48849
20260604_174656_L177;20260604_174656;04.06.2026;17:34:00;177;53;6927;11;U596Z4P;Chodov;50.05097;14.52409
20260604_174656_L180;20260604_174656;04.06.2026;17:34:00;180;9;5057;11;U867Z2P;Obchodní centrum Zličín;50.091;14.38512
20260604_174656_L180;20260604_174656;04.06.2026;17:26:00;180;10;6898;19;U867Z2P;Obchodní centrum Zličín;50.08962;14.38363
20260604_174656_L181;20260604_174656;04.06.2026;17:37:00;181;2;6722;10;U472Z4P;Opatov;50.05293;14.52773
20260604_174656_L182;20260604_174656;04.06.2026;17:35:00;182;7;3811;11;U823Z1P;Opatov;50.04505;14.51919
20260604_174656_L182;20260604_174656;04.06.2026;17:37:00;182;8;4102;10;U708Z1P;Opatov;50.07658;14.53768
20260604_174656_L183;20260604_174656;04.06.2026;17:33:00;183;7;6976;14;U967Z2P;Háje;50.03482;14.56449
20260604_174656_L194;20260604_174656;04.06.2026;17:32:00;194;5;1911;14;U3249Z1P;Nemocnice pod Petřínem;50.09026;14.40541
20260604_174656_L201;20260604_174656;04.06.2026;17:34:00;201;5;3879;13;U125Z2P;Nádraží Holešovice;50.13888;14.5047
20260604_174656_L213;20260604_174656;04.06.2026;16:54:00;213;11;3741;53;U286Z1P;Želivského;50.03051;14.52735
20260604_174656_L856;20260604_174656;04.06.2026;17:33:00;856;9;1274;12;U2285Z2;Kralupy n.Vlt.,Zeměchy;50.23606;14.30837
20260604_174656_L858;20260604_174656;04.06.2026;16:36:00;858;66;8712;70;U4408Z1;Koleč,zámek;50.19791;14.2301
20260604_174656_L300;20260604_174656;04.06.2026;17:34:00;300;9;8883;10;U80Z3;Hřebeč;50.11575;14.28401
20260604_174656_L335;20260604_174656;04.06.2026;17:36:00;335;5;9181;10;U1532Z2;Praha,Budějovická;49.94595;14.54347
20260604_174656_L339;20260604_174656;04.06.2026;17:33:00;339;16;9936;13;U1332Z2;Praha,Budějovická;49.97065;14.5073
20260604_174656_L356;20260604_174656;04.06.2026;17:34:00;356;31;8824;12;U4259Z1;Praha,Bořislavka;50.12504;14.27946
20260604_174656_L366;20260604_174656;04.06.2026;17:36:00;366;8;4514;11;U1817Z1;Doubek;50.0079;14.71417
20260604_174656_L385;20260604_174656;04.06.2026;17:35:00;385;29;1582;11;U1744Z2;Praha,Opatov;49.99986;14.58621
20260604_174656_L387;20260604_174656;04.06.2026;17:34:00;387;8;9370;12;U1886Z1;Uhlířské Janovice,nám.;49.99315;14.68766
20260604_174656_L389;20260604_174656;04.06.2026;17:10:00;389;32;7757;35;U32408Z1;Chomutov,žel.st.;50.46151;13.40911
20260604_174656_L406;20260604_174656;04.06.2026;17:32:00;406;33;7919;14;U7983Z1;Vlašim,žel.st.;49.7693;14.73826
20260604_174656_L467;20260604_174656;04.06.2026;17:34:00;467;15;8116;11;U9164Z1;Mladá Boleslav,aut.st.;50.32118;14.5646
20260604_174656_L484;20260604_174656;04.06.2026;17:34:00;484;21;8026;11;U2315Z1;Úvaly,žel.st.;50.07413;14.72315
20260604_174656_L489;20260604_174656;04.06.2026;17:35:00;489;39;1608;11;U2008Z3;Strančice,žel.st.;49.9894;14.74069
20260604_174656_L531;20260604_174656;04.06.2026;17:36:00;531;13;9546;10;U9673Z1;Příbram,aut.nádr. (ul. Čs.armády);49.75495;14.01331
20260604_174656_L541;20260604_174656;04.06.2026;17:18:00;541;1;7587;27;U6729Z1;Dlouhopolsko;50.17394;15.3153
20260604_174656_L560;20260604_174656;04.06.2026;17:33:00;560;70;8386;13;U6818Z2;Hořovičky;50.14231;13.60992
20260604_174656_L750;20260604_174656;04.06.2026;17:35:00;750;16;7882;10;U4087Z3;Načeradec;49.64593;14.83233
20260604_174656_L765;20260604_174656;04.06.2026;17:36:00;765;35;1898;10;U6794Z1;Sibřina;49.99654;14.67559
20260604_175056_L227;20260604_175056;04.06.2026;17:40:00;227;10;1591;10;U1054Z2P;Háje;50.01602;14.6505
20260604_175056_L194;20260604_175056;04.06.2026;17:32:00;194;5;1911;18;U3249Z1P;Nemocnice pod Petřínem;50.08927;14.40458
20260604_175056_L204;20260604_175056;04.06.2026;17:39:00;204;72;9045;11;U794Z2P;Sídliště Petrovice;50.07137;14.54888
20260604_175056_L164;20260604_175056;04.06.2026;17:38:00;164;2;1953;12;U610Z3P;Sídliště Řepy;50.07687;14.33566
20260604_175056_L387;20260604_175056;04.06.2026;17:37:00;387;8;9370;12;U2006Z1;Uhlířské Janovice,nám.;49.99006;14.72484
20260604_175056_L560;20260604_175056;04.06.2026;17:38:00;560;70;8386;11;U6821Z2;Hořovičky;50.16144;13.58126
20260604_175056_L332;20260604_175056;04.06.2026;17:40:00;332;24;9945;10;U1331Z2;Praha,Budějovická;49.98094;14.49734
20260604_175056_L356;20260604_175056;04.06.2026;17:39:00;356;31;8824;12;U4205Z1;Praha,Bořislavka;50.13246;14.28553
20260604_175056_L207;20260604_175056;04.06.2026;17:40:00;207;14;3873;10;U512Z8P;Ohrada;50.09024;14.46706
20260604_175056_L114;20260604_175056;04.06.2026;17:41:00;114;2;5525;10;U377Z1P;Šeberák;50.03619;14.45608
20260604_175056_L177;20260604_175056;04.06.2026;17:40:00;177;11;5557;11;U106Z2P;Chodov;50.02753;14.5078
20260604_175056_L136;20260604_175056;04.06.2026;17:37:00;136;21;6790;13;U451Z1P;Sídliště Čakovice;50.15111;14.51616
20260604_175056_L157;20260604_175056;04.06.2026;17:24:00;157;12;3922;24;U228Z3P;Násirovo náměstí;50.03502;14.45571
20260604_175056_L181;20260604_175056;04.06.2026;17:38:00;181;2;6722;11;U403Z8P;Opatov;50.05158;14.52316
20260604_175056_L228;20260604_175056;04.06.2026;17:41:00;228;11;9044;10;U794Z2P;Poliklinika Malešice;50.07193;14.5509
20260604_175056_L104;20260604_175056;04.06.2026;17:40:00;104;1;2042;10;U1030Z3P;Na Hvězdárně;50.03323;14.37345
20260604_175056_L207;20260604_175056;04.06.2026;17:40:00;207;13;4162;10;U593Z1P;Staroměstská;50.09156;14.41781
20260604_175056_L126;20260604_175056;04.06.2026;17:39:00;126;1;3859;10;U99Z2P;Koleje Jižní Město;50.04022;14.50763
20260604_175056_L136;20260604_175056;04.06.2026;17:36:00;136;28;5043;15;U680Z3P;Jižní Město;50.06889;14.469
20260604_175056_L112;20260604_175056;04.06.2026;17:37:00;112;22;5084;14;U66Z2P;Nádraží Holešovice;50.11706;14.42241
20260604_175056_L136;20260604_175056;04.06.2026;17:39:00;136;29;6829;10;U1074Z4P;Jižní Město;50.09353;14.47283
20260604_175056_L180;20260604_175056;04.06.2026;17:34:00;180;9;5057;15;U867Z2P;Obchodní centrum Zličín;50.08971;14.38369
20260604_175056_L201;20260604_175056;04.06.2026;17:37:00;201;5;3879;13;U89Z2P;Nádraží Holešovice;50.13008;14.50869
20260604_175056_L136;20260604_175056;04.06.2026;17:36:00;136;17;5089;15;U151Z1P;Jižní Město;50.03149;14.5337
20260604_175056_L182;20260604_175056;04.06.2026;17:40:00;182;7;3811;11;U344Z4P;Opatov;50.03268;14.50763
20260604_175056_L136;20260604_175056;04.06.2026;17:40:00;136;27;6686;10;U344Z1P;Jižní Město;50.03157;14.50502
20260604_175056_L170;20260604_175056;04.06.2026;17:39:00;170;53;3843;11;U590Z1P;Jižní Město;50.03489;14.52107
20260604_175056_L177;20260604_175056;04.06.2026;17:38:00;177;53;6927;13;U641Z1P;Chodov;50.04678;14.52357
20260604_175056_L366;20260604_175056;04.06.2026;17:38:00;366;8;4514;11;U1818Z1;Doubek;50.00952;14.73594
20260604_175056_L229;20260604_175056;04.06.2026;17:41:00;229;2;4521;10;U389Z2P;Depo Hostivař;50.07217;14.53577
20260604_175056_L182;20260604_175056;04.06.2026;17:40:00;182;8;4102;11;U975Z1P;Opatov;50.06542;14.53644
20260604_175056_L139;20260604_175056;04.06.2026;17:37:00;139;8;5041;12;U802Z3P;Sídliště Zbraslav;49.96897;14.38397
20260604_175056_L146;20260604_175056;04.06.2026;17:40:00;146;4;9122;11;U357Z1P;Želivského;50.08638;14.48195
20260604_175056_L765;20260604_175056;04.06.2026;17:39:00;765;35;1898;11;U1878Z2;Sibřina;50.00078;14.66459
20260604_175056_L484;20260604_175056;04.06.2026;17:34:00;484;21;8026;15;U2315Z1;Úvaly,žel.st.;50.07413;14.72315
20260604_175056_L136;20260604_175056;04.06.2026;17:39:00;136;19;5019;11;U322Z3P;Jižní Město;50.04552;14.48477
20260604_175056_L126;20260604_175056;04.06.2026;17:38:00;126;52;4026;12;U3053Z2P;Nádraží Uhříněves;50.02992;14.59546
20260604_175056_L858;20260604_175056;04.06.2026;16:36:00;858;66;8712;75;U4408Z1;Koleč,zámek;50.19791;14.2301
20260604_175056_L472;20260604_175056;04.06.2026;17:40:00;472;35;8067;10;U2187Z2;Mělník,aut.nádr.;50.28749;14.57537
20260604_175056_L467;20260604_175056;04.06.2026;17:40:00;467;15;8116;10;U9166Z2;Mladá Boleslav,aut.st.;50.31105;14.60667
20260604_175056_L389;20260604_175056;04.06.2026;17:10:00;389;32;7757;37;U32408Z1;Chomutov,žel.st.;50.46151;13.40905
20260604_175056_L750;20260604_175056;04.06.2026;17:38:00;750;16;7882;12;U4082Z2;Načeradec;49.63817;14.85175
20260604_175056_L856;20260604_175056;04.06.2026;17:39:00;856;9;1274;12;U9620Z2;Kralupy n.Vlt.,Zeměchy;50.23196;14.30056
20260604_175056_L489;20260604_175056;04.06.2026;17:35:00;489;39;1608;15;U2008Z3;Strančice,žel.st.;49.9894;14.74069
20260604_175056_L213;20260604_175056;04.06.2026;16:54:00;213;11;3741;55;U286Z1P;Želivského;50.03051;14.52735
20260604_175056_L226;20260604_175056;04.06.2026;17:37:00;226;9;1589;11;U286Z3P;Benice;50.03049;14.52705
20260604_175056_L136;20260604_175056;04.06.2026;17:33:00;136;20;6888;15;U1074Z4P;Jižní Město;50.09172;14.46875
20260604_175056_L180;20260604_175056;04.06.2026;17:39:00;180;15;5126;10;U867Z1P;Dejvická;50.0949;14.3964
20260604_175056_L143;20260604_175056;04.06.2026;17:39:00;143;2;5123;11;U362Z10P;Stadion Strahov;50.08288;14.38801
20260604_175056_L112;20260604_175056;04.06.2026;17:32:00;112;21;5086;18;U66Z2P;Nádraží Holešovice;50.11751;14.42611
20260604_175457_L104;20260604_175457;04.06.2026;17:40:00;104;1;2042;11;U1030Z3P;Na Hvězdárně;50.03324;14.37343
20260604_175457_L112;20260604_175457;04.06.2026;17:37:00;112;22;5084;17;U66Z2P;Nádraží Holešovice;50.11706;14.42241
20260604_175457_L114;20260604_175457;04.06.2026;17:45:00;114;2;5525;10;U257Z1P;Šeberák;50.02759;14.45755
20260604_175457_L126;20260604_175457;04.06.2026;17:45:00;126;1;3859;10;U1131Z1P;Koleje Jižní Město;50.03535;14.49337
20260604_175457_L126;20260604_175457;04.06.2026;17:38:00;126;52;4026;15;U3053Z2P;Nádraží Uhříněves;50.03121;14.59815
20260604_175457_L133;20260604_175457;04.06.2026;17:44:00;133;1;3006;11;U512Z8P;Sídliště Malešice;50.09022;14.46755
20260604_175457_L136;20260604_175457;04.06.2026;17:44:00;136;26;5504;11;U134Z5P;Sídliště Čakovice;50.10158;14.50326
20260604_175457_L136;20260604_175457;04.06.2026;17:45:00;136;19;5019;10;U424Z1P;Jižní Město;50.03347;14.49925
20260604_175457_L136;20260604_175457;04.06.2026;17:40:00;136;1;6759;14;U29Z1P;Jižní Město;50.07255;14.47047
20260604_175457_L136;20260604_175457;04.06.2026;17:45:00;136;27;6686;10;U353Z1P;Jižní Město;50.02622;14.52149
20260604_175457_L136;20260604_175457;04.06.2026;17:41:00;136;28;5043;13;U183Z3P;Jižní Město;50.05606;14.47162
20260604_175457_L136;20260604_175457;04.06.2026;17:39:00;136;29;6829;14;U1074Z4P;Jižní Město;50.09196;14.46913
20260604_175457_L138;20260604_175457;04.06.2026;17:45:00;138;7;2328;10;U377Z1P;Ústavy Akademie věd;50.03601;14.45607
20260604_175457_L146;20260604_175457;04.06.2026;17:43:00;146;4;9122;10;U575Z2P;Želivského;50.07969;14.47786
20260604_175457_L149;20260604_175457;04.06.2026;17:43:00;149;8;3804;10;U867Z2P;Stodůlky-Bavorská;50.0899;14.38394
20260604_175457_L149;20260604_175457;04.06.2026;17:44:00;149;4;4193;11;U254Z6P;Dejvická;50.06975;14.37939
20260604_175457_L157;20260604_175457;04.06.2026;17:24:00;157;12;3922;28;U228Z3P;Násirovo náměstí;50.03502;14.45571
20260604_175457_L164;20260604_175457;04.06.2026;17:43:00;164;2;1953;11;U3021Z2P;Sídliště Řepy;50.073;14.31585
20260604_175457_L170;20260604_175457;04.06.2026;17:44:00;170;17;4189;10;U49Z1P;Pražská čtvrť;50.03606;14.38508
20260604_175457_L170;20260604_175457;04.06.2026;17:43:00;170;53;3843;12;U151Z1P;Jižní Město;50.0315;14.53371
20260604_175457_L177;20260604_175457;04.06.2026;17:44:00;177;11;5557;10;U982Z2P;Chodov;50.02151;14.49395
20260604_175457_L177;20260604_175457;04.06.2026;17:41:00;177;53;6927;13;U195Z1P;Chodov;50.04192;14.51255
20260604_175457_L180;20260604_175457;04.06.2026;17:41:00;180;2;6999;12;U867Z2P;Obchodní centrum Zličín;50.09008;14.38414
20260604_175457_L180;20260604_175457;04.06.2026;17:42:00;180;53;6856;11;U229Z2P;Dejvická;50.0872;14.37781
20260604_175457_L181;20260604_175457;04.06.2026;17:41:00;181;2;6722;13;U641Z4P;Opatov;50.04559;14.52516
20260604_175457_L182;20260604_175457;04.06.2026;17:45:00;182;8;4102;10;U472Z4P;Opatov;50.05286;14.52876
20260604_175457_L194;20260604_175457;04.06.2026;17:43:00;194;1;1913;11;U703Z5P;Nemocnice pod Petřínem;50.08844;14.41628
20260604_175457_L201;20260604_175457;04.06.2026;17:42:00;201;5;3879;12;U606Z2P;Nádraží Holešovice;50.12347;14.50842
20260604_175457_L204;20260604_175457;04.06.2026;17:41:00;204;72;9045;11;U1014Z2P;Sídliště Petrovice;50.07037;14.54515
20260604_175457_L226;20260604_175457;04.06.2026;17:37:00;226;9;1589;16;U286Z3P;Benice;50.03049;14.52705
20260604_175457_L228;20260604_175457;04.06.2026;17:43:00;228;11;9044;12;U1014Z2P;Poliklinika Malešice;50.07221;14.54293
20260604_175457_L234;20260604_175457;04.06.2026;17:42:00;234;4;3901;13;U66Z2P;Nádraží Holešovice;50.11702;14.42211
20260604_175457_L856;20260604_175457;04.06.2026;17:41:00;856;9;1274;11;U4219Z2;Kralupy n.Vlt.,Zeměchy;50.23264;14.27786
20260604_175457_L858;20260604_175457;04.06.2026;16:36:00;858;66;8712;78;U4408Z1;Koleč,zámek;50.19791;14.2301
20260604_175457_L316;20260604_175457;04.06.2026;17:43:00;316;4;8970;10;U1691Z1;Holubice;50.19354;14.30324
20260604_175457_L332;20260604_175457;04.06.2026;17:44:00;332;24;9945;10;U4861Z2;Praha,Budějovická;49.99588;14.48691
20260604_175457_L337;20260604_175457;04.06.2026;17:44:00;337;15;9364;10;U908Z1;Benešov,Terminál;50.01862;14.46664
20260604_175457_L339;20260604_175457;04.06.2026;17:43:00;339;17;9932;10;U1330Z1;Týnec n.Sáz.,žel.st.;49.96466;14.51887
20260604_175457_L352;20260604_175457;04.06.2026;17:42:00;352;7;4172;11;U1185Z1;Praha,Luka;50.02042;14.29601
20260604_175457_L356;20260604_175457;04.06.2026;17:43:00;356;31;8824;10;U5091Z2;Praha,Bořislavka;50.1407;14.31514
20260604_175457_L385;20260604_175457;04.06.2026;17:44:00;385;29;1582;10;U1371Z3;Praha,Opatov;50.00198;14.56126
20260604_175457_L387;20260604_175457;04.06.2026;17:40:00;387;8;9370;14;U2008Z1;Uhlířské Janovice,nám.;49.98949;14.74176
20260604_175457_L472;20260604_175457;04.06.2026;17:44:00;472;35;8067;10;U2183Z2;Mělník,aut.nádr.;50.28729;14.54038
20260604_175457_L484;20260604_175457;04.06.2026;17:34:00;484;21;8026;19;U2315Z1;Úvaly,žel.st.;50.07413;14.72315
20260604_175457_L560;20260604_175457;04.06.2026;17:43:00;560;70;8386;11;U6825Z2;Hořovičky;50.17484;13.55627
20260604_175457_L750;20260604_175457;04.06.2026;17:42:00;750;16;7882;13;U7711Z1;Načeradec;49.62131;14.86636
20260604_175457_L765;20260604_175457;04.06.2026;17:43:00;765;35;1898;11;U1813Z1;Sibřina;50.01289;14.67566
20260604_175857_L110;20260604_175857;04.06.2026;17:46:00;110;6;8136;10;U499Z5P;Dolní Počernice;50.10725;14.53146
20260604_175857_L112;20260604_175857;04.06.2026;17:37:00;112;22;5084;21;U66Z2P;Nádraží Holešovice;50.11741;14.42445
20260604_175857_L126;20260604_175857;04.06.2026;17:48:00;126;1;3859;10;U969Z1P;Koleje Jižní Město;50.02646;14.4944
20260604_175857_L126;20260604_175857;04.06.2026;17:48:00;126;8;3832;11;U336Z2P;Nádraží Uhříněves;50.03226;14.5979
20260604_175857_L133;20260604_175857;04.06.2026;17:47:00;133;1;3006;11;U16Z1P;Sídliště Malešice;50.08717;14.47103
20260604_175857_L136;20260604_175857;04.06.2026;17:45:00;136;54;6957;11;U1074Z4P;Jižní Město;50.09178;14.46887
20260604_175857_L136;20260604_175857;04.06.2026;17:47:00;136;26;5504;10;U474Z5P;Sídliště Čakovice;50.11368;14.49479
20260604_175857_L136;20260604_175857;04.06.2026;17:47:00;136;1;6759;12;U183Z3P;Jižní Město;50.0567;14.47128
20260604_175857_L136;20260604_175857;04.06.2026;17:48:00;136;27;6686;10;U151Z1P;Jižní Město;50.03196;14.53443
20260604_175857_L136;20260604_175857;04.06.2026;17:46:00;136;28;5043;13;U417Z1P;Jižní Město;50.04359;14.48724
20260604_175857_L138;20260604_175857;04.06.2026;17:48:00;138;7;2328;11;U257Z1P;Ústavy Akademie věd;50.02757;14.45753
20260604_175857_L149;20260604_175857;04.06.2026;17:46:00;149;8;3804;13;U563Z2P;Stodůlky-Bavorská;50.08623;14.37866
20260604_175857_L149;20260604_175857;04.06.2026;17:46:00;149;4;4193;12;U254Z4P;Dejvická;50.07194;14.38001
20260604_175857_L157;20260604_175857;04.06.2026;17:24:00;157;12;3922;32;U228Z3P;Násirovo náměstí;50.03502;14.45571
20260604_175857_L170;20260604_175857;04.06.2026;17:48:00;170;17;4189;11;U1030Z3P;Pražská čtvrť;50.03316;14.3733
20260604_175857_L177;20260604_175857;04.06.2026;17:45:00;177;53;6927;13;U344Z4P;Chodov;50.03197;14.50733
20260604_175857_L180;20260604_175857;04.06.2026;17:41:00;180;2;6999;16;U867Z2P;Obchodní centrum Zličín;50.08964;14.38356
20260604_175857_L180;20260604_175857;04.06.2026;17:44:00;180;53;6856;13;U182Z2P;Dejvická;50.092;14.38668
20260604_175857_L181;20260604_175857;04.06.2026;17:46:00;181;2;6722;12;U99Z1P;Opatov;50.03786;14.50924
20260604_175857_L182;20260604_175857;04.06.2026;17:46:00;182;8;4102;10;U403Z8P;Opatov;50.05304;14.52403
20260604_175857_L189;20260604_175857;04.06.2026;17:48:00;189;5;5129;10;U749Z1P;Sídliště Lhotka;50.01979;14.45212
20260604_175857_L194;20260604_175857;04.06.2026;17:45:00;194;1;1913;13;U360Z10P;Nemocnice pod Petřínem;50.09133;14.4088
20260604_175857_L201;20260604_175857;04.06.2026;17:46:00;201;5;3879;13;U351Z2P;Nádraží Holešovice;50.1283;14.49243
20260604_175857_L204;20260604_175857;04.06.2026;17:46:00;204;72;9045;13;U96Z1P;Sídliště Petrovice;50.06064;14.55681
20260604_175857_L207;20260604_175857;04.06.2026;17:45:00;207;12;3812;12;U620Z2P;Staroměstská;50.09253;14.41879
20260604_175857_L215;20260604_175857;04.06.2026;17:49:00;215;11;6718;10;U893Z3P;Sídliště Libuš;50.02706;14.45132
20260604_175857_L226;20260604_175857;04.06.2026;17:37:00;226;9;1589;20;U286Z3P;Benice;50.03036;14.52652
20260604_175857_L228;20260604_175857;04.06.2026;17:48:00;228;11;9044;11;U389Z2P;Poliklinika Malešice;50.07246;14.53572
20260604_175857_L234;20260604_175857;04.06.2026;17:42:00;234;4;3901;17;U66Z2P;Nádraží Holešovice;50.11738;14.42417
20260604_175857_L858;20260604_175857;04.06.2026;16:36:00;858;66;8712;82;U4408Z1;Koleč,zámek;50.19791;14.2301
20260604_175857_L307;20260604_175857;04.06.2026;17:49:00;307;10;8991;10;U1643Z2;Praha,Zličín;50.05107;14.27338
20260604_175857_L332;20260604_175857;04.06.2026;17:48:00;332;24;9945;10;U799Z3;Praha,Budějovická;50.01175;14.4765
20260604_175857_L335;20260604_175857;04.06.2026;17:47:00;335;7;9172;10;U1330Z1;Kamenice,Kult.dům;49.9608;14.52503
20260604_175857_L339;20260604_175857;04.06.2026;17:43:00;339;17;9932;13;U1330Z1;Týnec n.Sáz.,žel.st.;49.95585;14.53168
20260604_175857_L352;20260604_175857;04.06.2026;17:46:00;352;7;4172;12;U1089Z2;Praha,Luka;50.03046;14.30503
20260604_175857_L356;20260604_175857;04.06.2026;17:46:00;356;31;8824;11;U1212Z2;Praha,Bořislavka;50.14682;14.3338
20260604_175857_L365;20260604_175857;04.06.2026;17:47:00;365;8;8874;11;U558Z2;Praha,Motol;50.07557;14.32022
20260604_175857_L385;20260604_175857;04.06.2026;17:44:00;385;29;1582;14;U1371Z3;Praha,Opatov;50.00643;14.56681
20260604_175857_L484;20260604_175857;04.06.2026;17:34:00;484;21;8026;23;U2315Z1;Úvaly,žel.st.;50.07413;14.72315
20260604_175857_L740;20260604_175857;04.06.2026;17:45:00;740;20;7627;13;U7320Z11;Čáslav,žel.st.;49.91198;15.39678
20260604_175857_L765;20260604_175857;04.06.2026;17:45:00;765;35;1898;11;U1814Z1;Sibřina;50.0191;14.68878
20260604_175857_L796;20260604_175857;04.06.2026;17:48:00;796;34;7854;11;U4483Z4;Pyšely,Nám.;49.78749;14.68268
20260604_180258_L106;20260604_180258;04.06.2026;17:53:00;106;2;3917;10;U488Z2P;Nádraží Braník;50.03066;14.45495
20260604_180258_L106;20260604_180258;04.06.2026;17:53:00;106;11;4074;10;U895Z1P;Nádraží Braník;50.02573;14.42659
20260604_180258_L110;20260604_180258;04.06.2026;17:52:00;110;6;8136;10;U135Z4P;Dolní Počernice;50.1062;14.53857
20260604_180258_L112;20260604_180258;04.06.2026;17:37:00;112;22;5084;25;U66Z2P;Nádraží Holešovice;50.11749;14.42597
20260604_180258_L113;20260604_180258;04.06.2026;17:53:00;113;5;3915;10;U656Z1P;Písnice;50.02299;14.45137
20260604_180258_L133;20260604_180258;04.06.2026;17:50:00;133;1;3006;11;U767Z1P;Sídliště Malešice;50.08112;14.48742
20260604_180258_L136;20260604_180258;04.06.2026;17:49:00;136;54;6957;13;U69Z2P;Jižní Město;50.08891;14.46092
20260604_180258_L136;20260604_180258;04.06.2026;17:53:00;136;26;5504;10;U500Z1P;Sídliště Čakovice;50.12061;14.50322
20260604_180258_L136;20260604_180258;04.06.2026;17:53:00;136;19;5019;10;U286Z5P;Jižní Město;50.0307;14.52989
20260604_180258_L136;20260604_180258;04.06.2026;17:51:00;136;1;6759;12;U322Z3P;Jižní Město;50.04604;14.48397
20260604_180258_L136;20260604_180258;04.06.2026;17:52:00;136;28;5043;11;U344Z1P;Jižní Město;50.03174;14.50447
20260604_180258_L136;20260604_180258;04.06.2026;17:49:00;136;20;6888;14;U855Z1P;Jižní Město;50.07443;14.46397
20260604_180258_L138;20260604_180258;04.06.2026;17:52:00;138;8;2311;10;U377Z1P;Ústavy Akademie věd;50.0352;14.45586
20260604_180258_L149;20260604_180258;04.06.2026;17:48:00;149;8;3804;14;U362Z10P;Stodůlky-Bavorská;50.08521;14.38336
20260604_180258_L149;20260604_180258;04.06.2026;17:49:00;149;4;4193;13;U579Z3P;Dejvická;50.07582;14.37169
20260604_180258_L150;20260604_180258;04.06.2026;17:53:00;150;13;5060;10;U893Z1P;Na Beránku;50.02826;14.45152
20260604_180258_L157;20260604_180258;04.06.2026;17:24:00;157;12;3922;36;U228Z3P;Násirovo náměstí;50.03502;14.45571
20260604_180258_L170;20260604_180258;04.06.2026;17:52:00;170;1;4058;10;U49Z1P;Pražská čtvrť;50.03615;14.38518
20260604_180258_L177;20260604_180258;04.06.2026;17:49:00;177;53;6927;12;U774Z2P;Chodov;50.02062;14.49909
20260604_180258_L180;20260604_180258;04.06.2026;17:50:00;180;9;5057;13;U394Z3P;Obchodní centrum Zličín;50.0684;14.3353
20260604_180258_L180;20260604_180258;04.06.2026;17:50:00;180;14;6998;12;U229Z2P;Dejvická;50.08717;14.37738
20260604_180258_L180;20260604_180258;04.06.2026;17:53:00;180;16;5008;10;U229Z1P;Obchodní centrum Zličín;50.08667;14.37155
20260604_180258_L182;20260604_180258;04.06.2026;17:50:00;182;8;4102;13;U823Z1P;Opatov;50.04551;14.51965
20260604_180258_L194;20260604_180258;04.06.2026;17:45:00;194;1;1913;16;U360Z10P;Nemocnice pod Petřínem;50.09049;14.40695
20260604_180258_L201;20260604_180258;04.06.2026;17:48:00;201;5;3879;13;U683Z2P;Nádraží Holešovice;50.12105;14.48465
20260604_180258_L204;20260604_180258;04.06.2026;17:50:00;204;72;9045;12;U1069Z4P;Sídliště Petrovice;50.04857;14.5632
20260604_180258_L215;20260604_180258;04.06.2026;17:53:00;215;11;6718;10;U494Z1P;Sídliště Libuš;50.01773;14.44904
20260604_180258_L215;20260604_180258;04.06.2026;17:53:00;215;17;6847;10;U488Z1P;Sídliště Libuš;50.03024;14.45492
20260604_180258_L226;20260604_180258;04.06.2026;17:37:00;226;9;1589;24;U286Z3P;Benice;50.03037;14.52651
20260604_180258_L228;20260604_180258;04.06.2026;17:51:00;228;11;9044;10;U1071Z2P;Poliklinika Malešice;50.07731;14.51872
20260604_180258_L234;20260604_180258;04.06.2026;17:42:00;234;4;3901;20;U66Z2P;Nádraží Holešovice;50.11751;14.42567
20260604_180258_L858;20260604_180258;04.06.2026;16:36:00;858;66;8712;86;U4408Z1;Koleč,zámek;50.19791;14.2301
20260604_180258_L332;20260604_180258;04.06.2026;17:50:00;332;19;9956;11;U1330Z1;Jílové u Prahy,Náměstí;49.9633;14.52082
20260604_180258_L332;20260604_180258;04.06.2026;17:51:00;332;24;9945;10;U908Z2;Praha,Budějovická;50.02875;14.45607
20260604_180258_L332;20260604_180258;04.06.2026;17:48:00;332;25;9361;12;U488Z6;Jílové u Prahy,Náměstí;50.02222;14.46161
20260604_180258_L333;20260604_180258;04.06.2026;17:52:00;333;3;7411;10;U488Z1;Březová-Oleško,Oleško;50.02941;14.4551
20260604_180258_L335;20260604_180258;04.06.2026;17:48:00;335;6;9131;10;U50Z9;Kamenice,Kult.dům;50.03766;14.45746
20260604_180258_L335;20260604_180258;04.06.2026;17:52:00;335;7;9172;10;U1532Z1;Kamenice,Kult.dům;49.94367;14.54569
20260604_180258_L339;20260604_180258;04.06.2026;17:48:00;339;17;9932;14;U1532Z1;Týnec n.Sáz.,žel.st.;49.94262;14.54713
20260604_180258_L348;20260604_180258;04.06.2026;17:52:00;348;10;8288;10;U1303Z1;Neratovice,U Vojtěcha;50.25405;14.52037
20260604_180258_L352;20260604_180258;04.06.2026;17:50:00;352;7;4172;13;U122Z2;Praha,Luka;50.03498;14.31496
20260604_180258_L356;20260604_180258;04.06.2026;17:51:00;356;31;8824;11;U1137Z2;Praha,Bořislavka;50.13552;14.33645
20260604_180258_L365;20260604_180258;04.06.2026;17:50:00;365;8;8874;12;U610Z4;Praha,Motol;50.07847;14.34265
20260604_180258_L381;20260604_180258;04.06.2026;17:53:00;381;2;9372;10;U1882Z1;Zásmuky,nám.;49.99617;14.67781
20260604_180258_L472;20260604_180258;04.06.2026;17:52:00;472;35;8067;10;U1789Z1;Mělník,aut.nádr.;50.32743;14.50138
20260604_180258_L480;20260604_180258;04.06.2026;17:52:00;480;25;7526;10;U7966Z51;Klučenice;49.61071;14.18893
20260604_180258_L484;20260604_180258;04.06.2026;17:34:00;484;21;8026;27;U2315Z1;Úvaly,žel.st.;50.07413;14.72315
20260604_180258_L632;20260604_180258;04.06.2026;17:49:00;632;73;9598;12;U9814Z1;Hostomice,nám.;49.82423;14.05194
20260604_180258_L641;20260604_180258;04.06.2026;17:50:00;641;14;9573;10;U9618Z6;Hořovice,nemocnice;49.83832;13.90767
20260604_180258_L740;20260604_180258;04.06.2026;17:45:00;740;20;7627;17;U7320Z11;Čáslav,žel.st.;49.91198;15.39678
20260604_180258_L765;20260604_180258;04.06.2026;17:45:00;765;35;1898;16;U1814Z1;Sibřina;50.0194;14.68768
20260604_180258_L796;20260604_180258;04.06.2026;17:51:00;796;34;7854;10;U5898Z1;Pyšely,Nám.;49.79278;14.70754
20260604_180658_L106;20260604_180658;04.06.2026;17:57:00;106;2;3917;10;U497Z2P;Nádraží Braník;50.0232;14.44007
20260604_180658_L110;20260604_180658;04.06.2026;17:56:00;110;6;8136;10;U970Z2P;Dolní Počernice;50.10565;14.55312
20260604_180658_L112;20260604_180658;04.06.2026;17:37:00;112;22;5084;29;U66Z2P;Nádraží Holešovice;50.11741;14.42677
20260604_180658_L114;20260604_180658;04.06.2026;17:56:00;114;11;5523;10;U377Z1P;Šeberák;50.03499;14.45577
20260604_180658_L136;20260604_180658;04.06.2026;17:53:00;136;54;6957;14;U516Z3P;Jižní Město;50.08207;14.45939
20260604_180658_L136;20260604_180658;04.06.2026;17:55:00;136;30;5058;11;U512Z5P;Jižní Město;50.09027;14.46639
20260604_180658_L136;20260604_180658;04.06.2026;17:55:00;136;1;6759;12;U181Z1P;Jižní Město;50.03944;14.49052
20260604_180658_L136;20260604_180658;04.06.2026;17:56:00;136;28;5043;11;U916Z1P;Jižní Město;50.02515;14.51479
20260604_180658_L136;20260604_180658;04.06.2026;17:54:00;136;20;6888;13;U680Z3P;Jižní Město;50.06889;14.46905
20260604_180658_L139;20260604_180658;04.06.2026;17:56:00;139;17;6730;11;U893Z1P;Sídliště Zbraslav;50.02855;14.45261
20260604_180658_L143;20260604_180658;04.06.2026;17:56:00;143;1;6937;10;U981Z2P;Stadion Strahov;50.07968;14.39001
20260604_180658_L149;20260604_180658;04.06.2026;17:52:00;149;4;4193;14;U1407Z2P;Dejvická;50.07931;14.3809
20260604_180658_L157;20260604_180658;04.06.2026;17:24:00;157;12;3922;40;U228Z3P;Násirovo náměstí;50.03502;14.45571
20260604_180658_L170;20260604_180658;04.06.2026;17:55:00;170;1;4058;11;U1050Z1P;Pražská čtvrť;50.03535;14.37728
20260604_180658_L176;20260604_180658;04.06.2026;17:56:00;176;6;3808;10;U930Z2P;Karlovo náměstí;50.07633;14.39917
20260604_180658_L177;20260604_180658;04.06.2026;17:53:00;177;53;6927;14;U1116Z2P;Chodov;50.02998;14.48783
20260604_180658_L180;20260604_180658;04.06.2026;17:52:00;180;2;6999;15;U872Z7P;Obchodní centrum Zličín;50.07876;14.34432
20260604_180658_L180;20260604_180658;04.06.2026;17:55:00;180;9;5057;12;U236Z3P;Obchodní centrum Zličín;50.06461;14.30955
20260604_180658_L180;20260604_180658;04.06.2026;17:54:00;180;14;6998;12;U867Z1P;Dejvická;50.09357;14.38925
20260604_180658_L182;20260604_180658;04.06.2026;17:54:00;182;8;4102;12;U99Z1P;Opatov;50.03726;14.5089
20260604_180658_L182;20260604_180658;04.06.2026;17:57:00;182;9;3958;10;U677Z1P;Opatov;50.05725;14.53638
20260604_180658_L194;20260604_180658;04.06.2026;17:56:00;194;5;1911;10;U360Z9P;Florenc;50.08878;14.4152
20260604_180658_L201;20260604_180658;04.06.2026;17:53:00;201;5;3879;14;U54Z4P;Nádraží Holešovice;50.11689;14.46858
20260604_180658_L204;20260604_180658;04.06.2026;17:54:00;204;72;9045;12;U732Z1P;Sídliště Petrovice;50.04295;14.55511
20260604_180658_L215;20260604_180658;04.06.2026;17:57:00;215;17;6847;10;U749Z1P;Sídliště Libuš;50.01981;14.4521
20260604_180658_L228;20260604_180658;04.06.2026;17:56:00;228;14;9012;10;U542Z12P;Poliklinika Malešice;50.03597;14.59263
20260604_180658_L228;20260604_180658;04.06.2026;17:56:00;228;11;9044;10;U1387Z1P;Poliklinika Malešice;50.08021;14.50655
20260604_180658_L234;20260604_180658;04.06.2026;17:42:00;234;4;3901;24;U66Z2P;Nádraží Holešovice;50.11744;14.42646
20260604_180658_L858;20260604_180658;04.06.2026;16:36:00;858;66;8712;90;U4408Z1;Koleč,zámek;50.19791;14.2301
20260604_180658_L311;20260604_180658;04.06.2026;17:53:00;311;77;9583;13;U4168Z1;Praha,Zličín;49.97452;14.16326
20260604_180658_L332;20260604_180658;04.06.2026;17:54:00;332;19;9956;12;U2130Z1;Jílové u Prahy,Náměstí;49.94795;14.51871
20260604_180658_L332;20260604_180658;04.06.2026;17:53:00;332;24;9945;11;U488Z7;Praha,Budějovická;50.03779;14.45755
20260604_180658_L332;20260604_180658;04.06.2026;17:54:00;332;25;9361;12;U799Z4;Jílové u Prahy,Náměstí;50.01063;14.47736
20260604_180658_L333;20260604_180658;04.06.2026;17:54:00;333;3;7411;10;U908Z1;Březová-Oleško,Oleško;50.01348;14.4736
20260604_180658_L335;20260604_180658;04.06.2026;17:54:00;335;6;9131;12;U488Z6;Kamenice,Kult.dům;50.03037;14.45489
20260604_180658_L335;20260604_180658;04.06.2026;17:56:00;335;7;9172;10;U1535Z3;Kamenice,Kult.dům;49.92474;14.56494
20260604_180658_L348;20260604_180658;04.06.2026;17:55:00;348;10;8288;11;U3310Z2;Neratovice,U Vojtěcha;50.25957;14.51238
20260604_180658_L352;20260604_180658;04.06.2026;17:54:00;352;7;4172;13;U1029Z1;Praha,Luka;50.04194;14.32707
20260604_180658_L356;20260604_180658;04.06.2026;17:52:00;356;31;8824;12;U1136Z2;Praha,Bořislavka;50.11931;14.35804
20260604_180658_L365;20260604_180658;04.06.2026;17:53:00;365;8;8874;13;U306Z2;Praha,Motol;50.07432;14.3391
20260604_180658_L387;20260604_180658;04.06.2026;17:52:00;387;8;9370;14;U2015Z1;Uhlířské Janovice,nám.;49.99178;14.85407
20260604_180658_L472;20260604_180658;04.06.2026;17:56:00;472;35;8067;10;U1792Z2;Mělník,aut.nádr.;50.34465;14.48627
20260604_180658_L480;20260604_180658;04.06.2026;17:52:00;480;25;7526;13;U7966Z51;Klučenice;49.60952;14.19039
20260604_180658_L484;20260604_180658;04.06.2026;17:34:00;484;21;8026;31;U2315Z1;Úvaly,žel.st.;50.07413;14.72315
20260604_180658_L632;20260604_180658;04.06.2026;17:49:00;632;73;9598;16;U9814Z1;Hostomice,nám.;49.82423;14.05193
20260604_180658_L740;20260604_180658;04.06.2026;17:45:00;740;20;7627;21;U7320Z11;Čáslav,žel.st.;49.91198;15.39678
20260604_180658_L765;20260604_180658;04.06.2026;17:53:00;765;35;1898;13;U1812Z2;Sibřina;50.03099;14.66878
20260604_181058_L106;20260604_181058;04.06.2026;18:00:00;106;2;3917;11;U895Z1P;Nádraží Braník;50.02576;14.4266
20260604_181058_L110;20260604_181058;04.06.2026;17:58:00;110;6;8136;11;U1197Z1P;Dolní Počernice;50.09903;14.55162
20260604_181058_L114;20260604_181058;04.06.2026;18:01:00;114;11;5523;10;U819Z1P;Šeberák;50.02499;14.45966
20260604_181058_L136;20260604_181058;04.06.2026;17:56:00;136;54;6957;14;U118Z4P;Jižní Město;50.07811;14.46088
20260604_181058_L136;20260604_181058;04.06.2026;17:58:00;136;30;5058;11;U743Z2P;Jižní Město;50.08279;14.4588
20260604_181058_L136;20260604_181058;04.06.2026;18:00:00;136;26;5504;10;U771Z1P;Sídliště Čakovice;50.13486;14.50587
20260604_181058_L136;20260604_181058;04.06.2026;17:59:00;136;1;6759;11;U106Z2P;Jižní Město;50.02752;14.50773
20260604_181058_L136;20260604_181058;04.06.2026;17:59:00;136;28;5043;11;U286Z5P;Jižní Město;50.03071;14.52988
20260604_181058_L136;20260604_181058;04.06.2026;17:59:00;136;20;6888;12;U183Z3P;Jižní Město;50.05607;14.47159
20260604_181058_L139;20260604_181058;04.06.2026;17:59:00;139;17;6730;12;U329Z1P;Sídliště Zbraslav;50.0217;14.43894
20260604_181058_L149;20260604_181058;04.06.2026;18:00:00;149;2;4200;10;U182Z1P;Stodůlky-Bavorská;50.08734;14.37833
20260604_181058_L157;20260604_181058;04.06.2026;17:24:00;157;12;3922;44;U228Z3P;Násirovo náměstí;50.03502;14.45571
20260604_181058_L174;20260604_181058;04.06.2026;17:58:00;174;7;4172;13;U475Z2P;Vypich;50.05005;14.32235
20260604_181058_L176;20260604_181058;04.06.2026;17:59:00;176;6;3808;11;U2713Z2P;Karlovo náměstí;50.07452;14.40785
20260604_181058_L180;20260604_181058;04.06.2026;17:57:00;180;2;6999;14;U394Z3P;Obchodní centrum Zličín;50.06838;14.33533
20260604_181058_L180;20260604_181058;04.06.2026;17:59:00;180;4;6864;12;U182Z2P;Dejvická;50.08773;14.38159
20260604_181058_L180;20260604_181058;04.06.2026;17:58:00;180;9;5057;13;U635Z3P;Obchodní centrum Zličín;50.0691;14.29669
20260604_181058_L194;20260604_181058;04.06.2026;17:59:00;194;5;1911;10;U1408Z2P;Florenc;50.08844;14.41884
20260604_181058_L196;20260604_181058;04.06.2026;18:00:00;196;12;6933;10;U619Z1P;Kačerov;50.03596;14.41176
20260604_181058_L215;20260604_181058;04.06.2026;18:00:00;215;17;6847;10;U613Z1P;Sídliště Libuš;50.01293;14.45305
20260604_181058_L232;20260604_181058;04.06.2026;17:56:00;232;12;4184;13;U1040Z21P;Smíchovské nádraží;50.06505;14.40359
20260604_181058_L234;20260604_181058;04.06.2026;17:57:00;234;1;3982;13;U66Z2P;Nádraží Holešovice;50.11714;14.42284
20260604_181058_L240;20260604_181058;04.06.2026;18:00:00;240;10;1754;10;U151Z2P;Háje;50.03072;14.5288
20260604_181058_L858;20260604_181058;04.06.2026;16:36:00;858;66;8712;94;U4408Z1;Koleč,zámek;50.19791;14.2301
20260604_181058_L311;20260604_181058;04.06.2026;17:58:00;311;77;9583;12;U1660Z2;Praha,Zličín;49.97751;14.19205
20260604_181058_L311;20260604_181058;04.06.2026;17:59:00;311;89;9596;12;U9217Z2;Řevnice,nádraží;49.92398;14.26038
20260604_181058_L332;20260604_181058;04.06.2026;18:00:00;332;19;9956;11;U2127Z1;Jílové u Prahy,Náměstí;49.93246;14.50847
20260604_181058_L332;20260604_181058;04.06.2026;17:57:00;332;25;9361;13;U4861Z1;Jílové u Prahy,Náměstí;49.99406;14.48812
20260604_181058_L332;20260604_181058;04.06.2026;17:57:00;332;32;9141;10;U50Z4;Jílové u Prahy,Náměstí;50.03804;14.4577
20260604_181058_L333;20260604_181058;04.06.2026;17:57:00;333;3;7411;10;U799Z4;Březová-Oleško,Oleško;49.99529;14.48722
20260604_181058_L335;20260604_181058;04.06.2026;17:56:00;335;6;9131;15;U819Z1;Kamenice,Kult.dům;50.02439;14.46003
20260604_181058_L335;20260604_181058;04.06.2026;18:01:00;335;7;9172;10;U4120Z1;Kamenice,Kult.dům;49.91542;14.53895
20260604_181058_L337;20260604_181058;04.06.2026;17:58:00;337;15;9364;12;U1330Z1;Benešov,Terminál;49.96382;14.52013
20260604_181058_L356;20260604_181058;04.06.2026;17:58:00;356;31;8824;12;U199Z3;Praha,Bořislavka;50.10358;14.35465
20260604_181058_L381;20260604_181058;04.06.2026;18:00:00;381;2;9372;10;U2008Z1;Zásmuky,nám.;49.98949;14.74187
20260604_181058_L387;20260604_181058;04.06.2026;17:58:00;387;8;9370;12;U1978Z1;Uhlířské Janovice,nám.;49.98716;14.86653
20260604_181058_L406;20260604_181058;04.06.2026;18:01:00;406;40;7890;10;U7982Z1;Čechtice;49.77276;14.72718
20260604_181058_L480;20260604_181058;04.06.2026;17:57:00;480;25;7526;12;U7716Z1;Klučenice;49.59337;14.20986
20260604_181058_L484;20260604_181058;04.06.2026;17:34:00;484;21;8026;35;U2315Z1;Úvaly,žel.st.;50.07406;14.72306
20260604_181058_L560;20260604_181058;04.06.2026;17:56:00;560;70;8386;12;U6829Z1;Rakovník,aut.st.;50.15661;13.55741
20260604_181058_L632;20260604_181058;04.06.2026;17:49:00;632;73;9598;19;U9814Z1;Hostomice,nám.;49.82423;14.05193
20260604_181058_L634;20260604_181058;04.06.2026;17:57:00;634;28;9585;12;U2895Z2;Hostomice,nám.;49.82565;14.04551
20260604_181058_L740;20260604_181058;04.06.2026;17:45:00;740;20;7627;25;U7320Z11;Čáslav,žel.st.;49.91278;15.39725
20260604_181058_L765;20260604_181058;04.06.2026;17:57:00;765;35;1898;12;U1254Z2;Sibřina;50.04507;14.68046
20260604_181058_L775;20260604_181058;04.06.2026;17:58:00;775;37;9608;10;U6255Z1;Dobrovice,aut.st.;50.31925;14.89302
20260604_181459_L174;20260604_181459;04.06.2026;18:00:00;174;7;4172;13;U709Z2P;Vypich;50.05338;14.33043
20260604_181459_L136;20260604_181459;04.06.2026;18:04:00;136;26;5504;10;U766Z1P;Sídliště Čakovice;50.14948;14.50638
20260604_181459_L480;20260604_181459;04.06.2026;18:01:00;480;25;7526;13;U7715Z1;Klučenice;49.58878;14.22671
20260604_181459_L215;20260604_181459;04.06.2026;18:05:00;215;12;6811;10;U613Z1P;Sídliště Libuš;50.0136;14.45252
20260604_181459_L114;20260604_181459;04.06.2026;18:04:00;114;11;5523;10;U909Z1P;Šeberák;50.01552;14.47029
20260604_181459_L232;20260604_181459;04.06.2026;18:01:00;232;12;4184;13;U562Z2P;Smíchovské nádraží;50.05667;14.40576
20260604_181459_L139;20260604_181459;04.06.2026;18:03:00;139;17;6730;12;U625Z1P;Sídliště Zbraslav;50.01387;14.42178
20260604_181459_L136;20260604_181459;04.06.2026;18:04:00;136;20;6888;11;U417Z1P;Jižní Město;50.04287;14.48779
20260604_181459_L194;20260604_181459;04.06.2026;18:02:00;194;2;1904;12;U3249Z1P;Nemocnice pod Petřínem;50.08955;14.40495
20260604_181459_L136;20260604_181459;04.06.2026;18:01:00;136;54;6957;13;U855Z1P;Jižní Město;50.07443;14.46391
20260604_181459_L136;20260604_181459;04.06.2026;18:02:00;136;30;5058;13;U118Z4P;Jižní Město;50.07876;14.46052
20260604_181459_L180;20260604_181459;04.06.2026;18:03:00;180;9;5057;12;U178Z2P;Obchodní centrum Zličín;50.06038;14.293
20260604_181459_L234;20260604_181459;04.06.2026;17:57:00;234;1;3982;17;U66Z2P;Nádraží Holešovice;50.11747;14.42494
20260604_181459_L136;20260604_181459;04.06.2026;18:00:00;136;28;5043;11;U151Z1P;Jižní Město;50.03207;14.53454
20260604_181459_L150;20260604_181459;04.06.2026;18:05:00;150;13;5060;10;U1157Z1P;Na Beránku;50.00283;14.41767
20260604_181459_L196;20260604_181459;04.06.2026;18:03:00;196;12;6933;11;U839Z1P;Kačerov;50.03164;14.42418
20260604_181459_L406;20260604_181459;04.06.2026;18:04:00;406;40;7890;10;U9384Z1;Čechtice;49.76201;14.75132
20260604_181459_L337;20260604_181459;04.06.2026;18:03:00;337;15;9364;12;U1532Z1;Benešov,Terminál;49.94628;14.5431
20260604_181459_L194;20260604_181459;04.06.2026;18:03:00;194;5;1911;11;U2963Z1P;Florenc;50.0893;14.42406
20260604_181459_L180;20260604_181459;04.06.2026;18:01:00;180;4;6864;12;U867Z1P;Dejvická;50.09475;14.39553
20260604_181459_L795;20260604_181459;04.06.2026;18:01:00;795;38;7872;11;U9391Z3;Zruč n.Sáz.,Sázavan;49.70135;14.90457
20260604_181459_L203;20260604_181459;04.06.2026;18:04:00;203;8;1939;10;U1048Z1P;Háje;50.03402;14.44384
20260604_181459_L189;20260604_181459;04.06.2026;18:05:00;189;2;5027;10;U656Z1P;Sídliště Lhotka;50.02255;14.45139
20260604_181459_L136;20260604_181459;04.06.2026;18:04:00;136;3;5534;11;U2787Z2P;Jižní Město;50.08768;14.45678
20260604_181459_L157;20260604_181459;04.06.2026;17:24:00;157;12;3922;49;U228Z3P;Násirovo náměstí;50.03502;14.45571
20260604_181459_L182;20260604_181459;04.06.2026;18:04:00;182;9;3958;11;U641Z4P;Opatov;50.04589;14.52651
20260604_181459_L136;20260604_181459;04.06.2026;18:05:00;136;1;6759;10;U286Z5P;Jižní Město;50.03059;14.52876
20260604_181459_L110;20260604_181459;04.06.2026;18:01:00;110;8;8101;11;U499Z5P;Dolní Počernice;50.10589;14.53135
20260604_181459_L180;20260604_181459;04.06.2026;18:02:00;180;2;6999;12;U236Z3P;Obchodní centrum Zličín;50.06465;14.30852
20260604_181459_L311;20260604_181459;04.06.2026;18:00:00;311;77;9583;12;U1659Z2;Praha,Zličín;49.99118;14.20482
20260604_181459_L632;20260604_181459;04.06.2026;17:49:00;632;73;9598;24;U9814Z1;Hostomice,nám.;49.82436;14.04904
20260604_181459_L332;20260604_181459;04.06.2026;18:01:00;332;25;9361;13;U1331Z1;Jílové u Prahy,Náměstí;49.97375;14.50224
20260604_181459_L332;20260604_181459;04.06.2026;17:57:00;332;32;9141;13;U50Z4;Jílové u Prahy,Náměstí;50.03571;14.45597
20260604_181459_L560;20260604_181459;04.06.2026;18:01:00;560;70;8386;11;U6820Z1;Rakovník,aut.st.;50.14129;13.60418
20260604_181459_L416;20260604_181459;04.06.2026;18:03:00;416;41;7229;10;U31649Z1;Sušice,nábřeží;49.40261;13.79437
20260604_181459_L387;20260604_181459;04.06.2026;18:02:00;387;8;9370;11;U2165Z1;Uhlířské Janovice,nám.;49.96271;14.88364
20260604_181459_L381;20260604_181459;04.06.2026;18:03:00;381;2;9372;10;U2010Z1;Zásmuky,nám.;49.98741;14.78115
20260604_181459_L149;20260604_181459;04.06.2026;18:03:00;149;2;4200;12;U362Z10P;Stodůlky-Bavorská;50.08527;14.38345
20260604_181459_L110;20260604_181459;04.06.2026;18:01:00;110;6;8136;12;U207Z3P;Dolní Počernice;50.08983;14.54715
20260604_181459_L176;20260604_181459;04.06.2026;18:05:00;176;2;3690;10;U148Z2P;Karlovo náměstí;50.07443;14.39605
20260604_181459_L311;20260604_181459;04.06.2026;18:00:00;311;89;9596;12;U1601Z1;Řevnice,nádraží;49.91422;14.23909
20260604_181459_L207;20260604_181459;04.06.2026;18:03:00;207;16;3696;11;U620Z2P;Staroměstská;50.09244;14.41852
20260604_181459_L858;20260604_181459;04.06.2026;16:36:00;858;66;8712;98;U4408Z1;Koleč,zámek;50.19791;14.2301
20260604_181459_L106;20260604_181459;04.06.2026;18:04:00;106;2;3917;11;U412Z1P;Nádraží Braník;50.02223;14.41217
